:020000040800F2
:108800000BB0FEC035000000008C000853657020DE
:10881000203920323032360032333A35353A35316C
:10882000000000020101000200284102002933AECD
:05883000EA34AD204216
:108C00000008002039640108BD100108950801081A
:108C1000BF100108C1100108C310010800000000C6
:108C2000000000000000000000000000C16F02080A
:108C3000C51001080000000021700208DD4602088E
:108C40003564010835640108C9100108356401085C
:108C50003564010835640108D5100108E9100108E0
:108C600035640108251101083564010835640108DF
:108C7000511101085D110108356401084511010811
:108C8000356401083564010835640108356401085C
:108C900000000000356401083564010835640108EE
:108CA000356401083564010835640108356401083C
:108CB000356401083564010835640108356401082C
:108CC0003564010835640108B92C010835640108D0
:108CD000356401086911010835640108356401082B
:108CE0003564010835110108751101083564010862
:108CF0003564010800000000000000003564010830
:108D00003564010835640108B51C010835640108A3
:108D100035640108356401083564010835640108CB
:108D200035640108356401083564010835640108BB
:088D30003564010835640108F7
:108D400010B5054C237833B9044B13B10448AFF385
:108D500000800123237010BD300A002000000000B5
:108D6000F8B5020808B5034B1BB103490348AFF33C
:108D7000008008BD00000000340A0020F8B5020899
:108D80004FF4AD60704700BF08B500F075F90020E2
:108D900008BD00BF08B500F07BF9002008BD00BF8A
:108DA00000F078B910B584B00DF10F04CDE900439F
:108DB000069B00F021FB9DF90F0004B010BD00BF21
:108DC00010B584B00DF10F04CDE90043069B00F00F
:108DD0003FF89DF90F0004B010BD00BF00F066BA67
:108DE00000F0BABA30B587B0DDE90A5400950194B5
:108DF00005AD0DF11304CDE902450C9C00F086F899
:108E0000059B9DF91300236007B030BD30B587B0D6
:108E1000DDE90A540095019405AD0DF11304CDE987
:108E200002450C9C00F0DAF8059B9DF913002360C5
:108E300007B030BD00B585B0069901910DF10F0165
:108E4000009100F02DF99DF90F0005B05DF804FBCD
:108E50002DE9F04784B093F800A0DDF830909846F3
:108E6000002705460C46164627490D9A88F80070DB
:108E70005346002001F0D0FE89F800703B46CDF843
:108E8000009022463146284601F0FAFB99F900701D
:108E900017B104B0BDE8F0870DF10F03224631464B
:108EA00028468DF80F7000F0C3FB89F800006EB102
:108EB00004EB0616617B0197A3680093D4E90023B5
:108EC0002846103402F0F4FBB442F3D195F81015A3
:108ED000284602F077F8BAF1000F0BD1022389F887
:108EE00000300023C5F83033284600F09BFB04B067
:108EF000BDE8F0870D9BCDF80090524641462846CC
:108F000000F03CFFEDE700BF000008402DE9F04F06
:108F100085B0DDE9108A1D46DF2388F80030002483
:108F20001023172DCAF8004003932AD917460029A9
:108F300034D106460C4688F800108B4640F21739AB
:108F400001E00B2C20D049FA04F3DB0704F1010403
:108F5000F7D5DDE90E23CDF800B0E1B2304602F0DE
:108F600049FA0028EDD00F9B01930E9B009303AAB2
:108F700003462946384601F04FFD88F800000028D6
:108F8000DFD005B0BDE8F08F98F90030002BF8D1A4
:108F9000DDE90E12304600F041FE78B998F9004044
:108FA000002CEED1039BCAF800303846514600F041
:108FB000DFFD88F8004005B0BDE8F08F0F9B0193FE
:108FC0000E9B00932946034603AA384601F024FD70
:108FD000044688F80000002CD3D1E3E72DE9F04FD8
:108FE00085B0DDE9108A1D46DF2388F800300024B3
:108FF0001023182DCAF80040039329D9174651BBF6
:1090000006460C4688F800108B4640F2173901E0FE
:109010000B2C20D049FA04F3DB0704F10104F7D547
:10902000DDE90E23CDF800B0E1B2304602F00EFAD1
:109030000028EDD00F9B01930E9B009303AA0346DB
:109040002946384601F0E8FC88F800000028DFD007
:1090500005B0BDE8F08F98F90040002CF8D1039BD3
:10906000CAF800303846514600F082FD88F80040CA
:1090700005B0BDE8F08F00BF10B402200324012228
:1090800000230C70487010BC8A70CB70704700BF12
:1090900000F02EBA08B501F007F8002008BD00BFA7
:1090A0002DE9F04F8BB0DDE91464CDE906234FF0D4
:1090B000000800234FF000090546C4E9023300F51B
:1090C000A56184F839306387A38784F83E30142281
:1090D000C4E9008904F110001EF04AFD05F21451A4
:1090E00004F1240014221EF043FD95F83C3584F869
:1090F000383095F85235012B02D0284600F092FA0C
:10910000DDE90623CDE9002300210DF1250009AF9B
:10911000B5F80EA5039022463170284631460297D5
:1091200000F008FC9DF8243013B10BB0BDE8F08FBF
:109130009DF825202146284600F0CEFF0DF1260996
:10914000034680460097CDF8049022460121284628
:1091500000F094FA9DF82430BDF826603BB195F8F4
:10916000223484F83A3095F8203484F83B30434672
:10917000CDE9007922460221284600F07FFA9DF8C9
:109180002430BDF826B0002B6ED143462246CDE9EF
:1091900000790321284600F071FA9DF82430BDF8CB
:1091A00026200592002B73D1CDE900794346224653
:1091B0000421284600F062FA9DF82430BDF826709C
:1091C00006AA2146284600F03FFEDDE9062305F504
:1091D000AC61C1E9002395F85235012B4DD0059BB8
:1091E0005E4528BF5E469E42B04628BF9846B845B9
:1091F00028BFB846C245B5F8163428BFC246B3FBEF
:10920000FAF80AFB1838AAEB080A1FFA8AFAB5F826
:10921000D063A5F81AA453449BB2B3FBF6F206FB45
:109220001233A5F8163400221E4B1F49ADF82660F4
:1092300000201FF031F805F045FA06F06DFFDDE97A
:1092400006230E46A0FB0A01821806FB0A1141EB19
:1092500003030021C4E90023284685F81D1400F00B
:10926000CFFE0BB0BDE8F08F95F8213484F83C3088
:1092700095F8203484F83B3087E7B5F81634B3FB13
:10928000F8F008FB1030A8EB00081FFA88FABEE7D8
:1092900095F8203484F83B302146284600F0E2FB64
:1092A00082E700BF00001C40000024402DE9F04F81
:1092B0008BB08846DDF850901646002100F5AC6270
:1092C00005460DF11E0B00200DF1200AC2E9000138
:1092D0001C4631465B4640464A46CDF800A001F0A8
:1092E00021FA9DF91E3013BB0DF11F03083E0593B3
:1092F000089FB7424B4622465146404625D209AF09
:109300000297059FCDE900B701F046FC9DF91E309C
:10931000224628465BB99DF81F10FE290BD0099BF9
:1093200001F024FE03468DF81E00002BE0D0184605
:109330000BB0BDE8F08F099A214601F075FA03469B
:109340008DF81E00002BD3D0F1E79DF91E30184692
:109350000BB0BDE8F08F00BF2DE9F04F8BB00F468A
:10936000DDF850900DF11E0B0DF1200A1146154647
:1093700080461C4638465B464A46CDF800A001F0C0
:10938000D1F99DF91E3013BB0DF11F03083D059364
:10939000089EAE424B4622465146384625D209AE7B
:1093A0000296059ECDE900B601F0F6FB9DF91E3050
:1093B000224640465BB99DF81F10FE290BD0099B41
:1093C00002F04AF903468DF81E00002BE0D0184643
:1093D0000BB0BDE8F08F0999204601F001FB034670
:1093E0008DF81E00002BD3D0F1E79DF91E301846F2
:1093F0000BB0BDE8F08F00BF2DE9F04F8DB0002716
:1094000093F800A0DDF858901F7006460D461446EC
:1094100000F57A711E2204A898461EF0A9FB0DF1F2
:109420000F0189F800702B460091CDF80490224678
:10943000304604A98DF80F7000F05AF99DF80F30EE
:10944000002B42D186F81F3464BB0C2389F800300E
:1094500004A9304600F07EF9002839D199F90000BE
:1094600000282CDB204FDFF884B0002403E0651CCB
:109470001F2D2C4623D047FA04F3DB07F7D514F849
:109480000B200CAB03EB420102F2F31331F8222C58
:1094900036F81330651C9342E9B23046E8D000F04C
:1094A000E9FDE5E704AA0092CDF804902A4621469A
:1094B000304601F00DF899F90030002BC8DABAF106
:1094C000070F08D8F12389F800300DB0BDE8F08F00
:1094D00089F80000C4E7179A4146304600F0D4FAF4
:1094E0000DB0BDE8F08F00BFEF791240D8BF020881
:1094F00010B5044601F0CEFC204600F0C1FF204626
:1095000000F060FE204610BD2DE9F0470646414DB3
:10951000414F02F075F8002303E05C1C1F2C23462A
:1095200010D045FA03F2D107F7D5DA5D02F2F31253
:109530005C1C36F81220E1B2304602F00FF91F2C05
:109540002346EED1304601F0DFFFDFF8C890324FFE
:10955000DFF8CC80002502E001351F2D35D049FA17
:1095600005F3DA07F8D5EB5D334493F80534002BA7
:10957000F2D038F915A0002402E001340B2CEBD016
:109580004AFA04F3DB07F8D5631E092B3FD8DFE85E
:1095900003F0051A18161412100E0C0A0221304698
:1095A00002F0B2F8E9E70B21F9E70A21F7E7092110
:1095B000F5E70821F3E70721F1E70621EFE70521A9
:1095C000EDE70421EBE70321E9E70024214686F8D3
:1095D0001C440F2206F206401EF028FA0F4B86F8B4
:1095E0001844DB7806EB43032146B3F8420306F246
:1095F000244333F8022B904201F1010103D00429E6
:10960000F7D1BDE8F08786F81814BDE8F08701218E
:10961000C5E700BFEF791240D8BF0208C0BF0208FB
:10962000F8BF020890F81C3403B970476CE700BF1C
:10963000F9B12DE9F041DFF84080864602EB011CCC
:109640000020517B4144D2E9006711F8011C0EEB68
:10965000C101D1E98045AF4208BFA64202F1100224
:1096600003D11978002908BF04209445E9D1BDE849
:10967000F0810846704700BFC0BF0208F0B401394E
:109680001A4C049D645C059E00EB44040027B4F86A
:1096900042432F70348090F85275012F1ED04FF640
:1096A000FF739C4213D0B0F81664B6FBF4F304FBCE
:1096B0001364A4B26CB9012390682B70C9B203FA89
:1096C00001F1014382F83D3082F83E309160F0BCF8
:1096D000704790F81D34002BF9D0ECE74FF6FF7778
:1096E000BC42F4D033801C46D9E700BFC0BF02089B
:1096F00032B370B50C46049900220A701A79013A07
:10970000012A00D970BD1E6800210546304606F0CA
:109710005DFC049B003818BF012018700021304602
:1097200006F054FC0028EDD0228847F230539A42CC
:1097300007D062889A4204D00B23059A137070BD3B
:10974000704795F91E34002BF7D1012385F81D349D
:1097500070BD00BF2DE9F04F002306460D46704C4A
:10976000DFF8C0C183B019466FF000474FF0010E1B
:109770004FF6FF7005E0824218BF012101331F2B15
:1097800010D044FA03F2D207F8D513F80C203A446B
:1097900035F81220B2F5E16FEDD101331F2B86F8B9
:1097A0001FE4EED196F81F34ABBBB6F80E755C48DB
:1097B0005C4C394640FA03F2D20706D51A5D013AED
:1097C00035F81220914228BF114601331F2BF1D1E9
:1097D0004FF6FF74A14229D0B7FBF1F301FB1373DD
:1097E0009BB29BB94E4FDFF83CC147FA03F2D20758
:1097F00019D513F80C20013A35F81200A04212D006
:10980000B0FBF1F201FB120292B262B16FF00F00F5
:1098100003B0BDE8F08F00290CBF00206FF00F00EF
:1098200003B0BDE8F08F01331F2BDED14FF6FF717F
:109830003D4A3B4CDFF8ECE08C46002352F8040B29
:10984000000744FA03F710D5F8070ED513F80E00F9
:10985000013835F81000604507D0614504D08842D2
:1098600003D06FF01000D3E7014601331F2BE5D181
:109870004FF6FF73994251D006F22443002402E0D0
:109880000134042C09D033F8022B8A42F8D106EBBC
:109890004404B4F82C440434A4B2DFF884B0DFF8F4
:1098A0008CA0DFF88C90019400274BFA07F3DB07BC
:1098B0002FD51C4BFB5C013B35F81380404606F06E
:1098C0009DF996F8201496F82134019A044696F8EA
:1098D000220449004000C0B2C9B25B000144DBB2BF
:1098E0000B44134498B206F085F9514606F0DAF9B4
:1098F000494606F08BFA0146204606F071FB40B15E
:109900004FF6FF73984504D06FF0110003B0BDE827
:10991000F08F01371F2FC8D1002079E70424BCE75E
:10992000EF791240D8BF020838C002080000C842D0
:1099300000007A442DE9F04F87B000F5AC6B9246F9
:10994000129ADBE900894FF0000C82F800C0139AEC
:1099500082F800C058EA090204460F46DDE91030DB
:1099600011D104F5A961C4F84035C4F84405C1E932
:109970000089D4F85035384A23F07F43934257D0BA
:1099800007B0BDE8F08F94F8D223002AF1D194F803
:109990005225B3EB080660EB0901022A03910AD0B5
:1099A000D4F84025D4F844159B1A60EB0100C4F8A4
:1099B0004C05C4F84835294B2949B4F81A840022CB
:1099C00000201EF069FC04F07DFE06F0A5FB0B46AE
:1099D000A0FB0801851B0095039D03FB081161EBAB
:1099E00005050195DDE90089020942EA01720B11C2
:1099F000424573EB090522DB351A0495039D65EB9F
:109A000001010591DDE9040182428B41B1DA642351
:109A10003B70D4F85035104A23F07F439342AFD1C6
:109A20001399012200230A703B7007B0BDE8F08F44
:109A300097F90030642BF3D007B0BDE8F08FDBE975
:109A400000321B1841EB0202CAE90032129B64206B
:109A50000121387019708CE73075010000001C403E
:109A600000002440074B5B7B00EB43004FF6FF7385
:109A7000B0F842239A4203D08B6843F400538B60C2
:109A8000704700BFC0BF02082DE9F04F85B0002726
:109A9000CDE90212DFF8D0A02F4DDFF8D0B0009052
:109AA0003E4604E0731C0193019E182E50D0012302
:109AB00003FA06F8294B18EA030FF3D0029903982A
:109AC0000B780133DBB25A1E00EBC209741C0B7019
:109AD000019489F8044040F832A000240EE04FF6CB
:109AE000FF739E4207D006F085F801461C4806F039
:109AF0008DF9C9F8000001341F2CD5D045FA04F3C4
:109B0000DB07F8D55BF8243018EA030F5146F2D092
:109B1000144BD9F80070E35C009A03F2F313384653
:109B200032F8136006F052FA02463046002AD6D1C7
:109B300006F060F801460A4806F068F90646314624
:109B4000384606F04DFA0028D5D0C9F80060D2E7B3
:109B500005B0BDE8F08F00BFEF7912400F20E000A4
:109B60000000C842D8BF020800FF7F4738C0020883
:109B7000F0B589B004460D46274B029302A903A80D
:109B800004221DF0F5FF9DF80F309DF80C009DF8A4
:109B90000D109DF80E20E37020706170A27004A972
:109BA00006A83D2600270822CDE904671DF0E0FF46
:109BB00006A9201D08221DF0DBFF2B6802A9103B1F
:109BC00003A8042202931DF0D3FF9DF80C009DF81A
:109BD0000D109DF80E209DF80F302073A273E373D3
:109BE00061732968204601AA04F01AFE2B689DF8CB
:109BF00004009DF805102344002218712B682344AB
:109C000059712B6823449A7128680444E2712B68C7
:109C100008332B6009B0F0BD000102032DE9F047C5
:109C200084B0064617460E240DF10702FE200D46AD
:109C30008DF8074004F018FD9DF807800390B8F1F7
:109C4000000F2AD0012406F5A56A06F21459E3B2E2
:109C5000013B0D2B0FD8DFE803F03A324A42521491
:109C60007169615A8179880796F83E0503AB3A46D7
:109C7000294601F01FFFA04504F101030CD01C464A
:109C8000E5E703AB3A46294606F59E6002F058F92F
:109C9000A04504F10103F2D10398ADF80A000222B5
:109CA0000DF10A0102A81DF063FF9DF808209DF840
:109CB000093003982A706B7004B0BDE8F08796F8FD
:109CC000210403AB3A46294601F0F4FED3E796F8A7
:109CD000200403AB3A46294601F0ECFECBE703AB88
:109CE0003A46294606F2244002F0BCF8C3E796F84B
:109CF000220403AB3A46294601F0DCFEBBE703AB86
:109D00003A46294606F23C4002F0EEF8B3E703ABD0
:109D10003A462946484602F05FF9ACE703AB3A46BB
:109D2000294606F2115002F031F9A4E796F8100521
:109D300003AB3A46294601F0BDFE9CE7B6F80E0596
:109D400003AB3A46294601F0EBFD94E796F83C0553
:109D500003AB3A46294601F0ADFE8CE703AB3A4629
:109D60002946504602F038F985E796F83D0503ABE1
:109D70003A46294601F09EFE7DE700BF2DE9F04FEF
:109D8000D0F850452E4D24F07F44AC4289B040D0ED
:109D900005F1804505F58815DFF8A8B00F46904617
:109DA000994605F2BF4500244FF6FF7A02E00134E0
:109DB0001F2C2ED045FA04F3DB07F8D514F80B302E
:109DC00000EB43030126B3F85233534506FA04F27D
:109DD00022D0D0F830331A4204F10104E8D00DF15A
:109DE0001303E1B2009305AA06AB0391029001F0C0
:109DF00069FB3B7803F1010E5FFA8EFE0EF1FF3C2A
:109E00004345DDE9020109EB0C1C07D3129A032339
:109E1000137009B0BDE8F08F3444C9E7DDE90623CB
:109E200087F800E0CCE90023059A9DF813308CF800
:109E30000D108CF80C60CCF808208CF80E30B7E7C9
:109E400030750100D8BF0208002B00F0B8802DE962
:109E5000F043012381F8393090F85235012B87B057
:109E600004460D46164606D090F8183400EB43031E
:109E7000B3F832348B8194F8213485F83C3094F86F
:109E8000203485F83B3003A920460DF10B0304AACA
:109E900001F008FB0398002106F098F8E0B194F86F
:109EA0001D34CBB994F85235012B08D094F81824FE
:109EB00004EB4202022BB2F82A24EA8105D004F511
:109EC000A963D3E90023134376D1D6E90023C4E97B
:109ED000F62307B0BDE8F083D4E9F623D4E9F8010E
:109EE000824273EB0107CDE9042303DACDE90401D3
:109EF00002460B46D6E90001801A61EB030105F02A
:109F000093FE374905F082FF4FF0814103901EF028
:109F1000B1FA3449074603981EF0ACFA3249DDF82D
:109F20000C808146384605F0BDFE3049074648465C
:109F300005F0B8FE0146384605F0ACFD414607463F
:109F4000404605F0AFFE2A4905F0ACFE0146384612
:109F500005F0A0FD27490746404605F0A3FE01464F
:109F6000384605F097FD244905F094FD234905F096
:109F700099FE1EF057FE06F097F894F81D34E8811C
:109F80000022EBB901930092D6E900231621204666
:109F900001F08EFB94F85235022B05D004F5A9632D
:109FA000D3E90023134307D194F81D34002B8CD040
:109FB000D6E90023C4E9F82307B0BDE8F083704771
:109FC0004FF07E5301920093D6E9002316212046DC
:109FD00001F06EFBAB6843F40013AB60DAE700BF3F
:109FE000286B6E4E00004040598207B0DFE0C2345B
:109FF0003767D9B85A8E863C6A92E43E00007A44AC
:10A00000F8B50446D0F8D803D4F8DC13101A63EB83
:10A01000010115461E4605F007FE134905F0F6FE40
:10A020001249074605F0DCFF20B91149384605F012
:10A03000F5FF18B1652384F81E34F8BDD4E9F801A2
:10A04000281A66EB010105F0EFFD074905F0DEFE79
:10A05000064905F0C5FF18B1662384F81E34F8BD23
:10A0600084F81E04F8BD00BF286B6E4E00007042DD
:10A07000000070430B4B0B4410B413F8013C00EB91
:10A080004301B1F8E643944204D0013B0344012468
:10A0900083F806440123A1F8E62310BC80F81C34A1
:10A0A000704700BFD8BF02080139032900D97047A3
:10A0B00010B504465C3002F08BFF0121204601F010
:10A0C00023FB04F12C0003F015FD20460221BDE81E
:10A0D000104001F019BB00BFF0B590F85235012BCC
:10A0E00083B004460D4609D0022B39D00BB30023B0
:10A0F00084F852354FF6FF7003B0F0BD00F5AB6346
:10A1000000F5A961D1E90001D3E90067B04271EB24
:10A1100007032FDBB4F80E25B4F8500547F230538F
:10A1200002219A4284F85215E6D10023A4F816348D
:10A13000E2E7012380F81C34FFF7E6F9B4F84A138C
:10A14000A4F8501547F23053994220D0B1F5967FCC
:10A150001DD002234FF6FF7084F8523503B0F0BDD6
:10A1600000F5A963D3E900231343C0D04FF6FF7075
:10A1700003B0F0BD002ACDD194F83D350093B4F87A
:10A1800050352A4600F062FD4FF49670B4E7012383
:10A1900084F8523594F83D0500F0D6FC04F5AB6325
:10A1A000C3E9000194F83D35009304F5A961D1E9B4
:10A1B0000001B4F850352A4600F048FD4FF496707F
:10A1C00003B0F0BDF0B505460022002300F5AB64F6
:10A1D00000214FF6FF7785F85215A5F8507500F568
:10A1E000A860C4E9002305F5A964C0E90023C4E917
:10A1F0000023022005234FF4817285F83E1585F86F
:10A200003D05A5F8202485F8223418228B498BB00F
:10A2100005F2244005F23A441DF0AAFC05F2EE4690
:10A220003A46234623F8022FB342FBD1844B854F95
:10A230008549C5F83C34C5F84034C5F84C34C5F8F8
:10A240005434C5F86434814BC5F8DC14C5F848743F
:10A250004FF06411C5F86074C5F86C74C5F87834B3
:10A260007B4FC5F87C34C5F88034C5F88434C5F814
:10A270008834C5F88C34C5F89034764B764ADFF8CC
:10A28000F8E1C5F844144FF0640C40F2DC50C5F816
:10A290005014C5F85C14C5F86814C5F89C7441F2F4
:10A2A00070716E4FC5F8A0344FF49673A5F85AC478
:10A2B000A5F874C4C5F870E4A5F8DA04A5F8C804D4
:10A2C000C5F8BC24C5F8C024C5F89824A5F8961490
:10A2D000C5F8A474C5F8A824A5F8CA04C5F8AC2428
:10A2E000A5F8B014A5F858345D49402205F564700E
:10A2F0001DF03EFC08AB009395F83D0506AB04AAA3
:10A3000002A904F01BFB049A069F08980299C5F85D
:10A3100098230023059ADDF81CC0C5F89473C5F88E
:10A320009003099F0398C5F89C13C5F8A4334FF018
:10A330008041C5F8A833C5F8AC33C5F8B823494BFC
:10A34000494AC5F8C413C5F8C823C5F8CC33C5F8C5
:10A35000B4C3C5F8B073C5F8BC03334605F20C515D
:10A360004FF6FF7223F8022F8B42FBD14FF0000C07
:10A3700047F230514FF4A0620A2385F8D2C3A5F802
:10A380000E15A5F8102585F81235384F384805F216
:10A39000125305F2265C4FF4A071052203E017F971
:10A3A000012F30F8021F23F8022F63459982F6D15E
:10A3B0000A22002385F83C25A5F8D0334FF6FF711B
:10A3C00034F8023F8B4205D0B5F8D0239A4238BF0B
:10A3D000A5F8D033B442F3D1264CDFF8A0C0002357
:10A3E000012744FA03F2D20711D513F80C2005EB2C
:10A3F0004201013AB1F8EE04B1F8E66386421CBFAF
:10A40000521982F80674A1F8E60385F81C7401332A
:10A410001F2BE6D105F2054305F21441012203F892
:10A42000012F8B42FBD195F81C340BB90BB0F0BD5A
:10A430002846FFF769F80BB0F0BD00BF04BF020863
:10A440003075307564003075DC05DC052C012C019D
:10A4500070170807080708077017701708077017A4
:10A4600028BF020800001041000040401CBF020845
:10A47000F0BE0208EF79124030756400D8BF0208C0
:10A480000022002330B4002100F5AC6480F81814D9
:10A49000A0F81614C4E90023C0E9F623C0E9F823A4
:10A4A00047F23053A0F81A3400F2054200F2E633C6
:10A4B00000F204454FF6FF7423F8024FAB4202F856
:10A4C000011FF9D14FF4CC0330BCC0F81C347047E5
:10A4D0002DE9F04F87B0DDF84480029369B3DFF8CF
:10A4E0009C9182460F46154601264FF0000B2979B4
:10A4F0004C1EE4B249FA04F3DB0721D51E2C1FD809
:10A50000CDF800809AF83D359AF83E25286800F08D
:10A51000A5FA98F9003023330FD0012303FA04F48D
:10A5200014EA0B0F19D0F32388F800303346BB42EE
:10A5300005F1080506F10106D9DB07B0BDE8F08F8B
:10A540000A2388F800303346BB4205F1080506F1BE
:10A550000106CCDB07B0BDE8F08F2A7929684248B4
:10A56000BAF80E45013AD2B293404BEA030B05F01C
:10A570004DFC1EF057FB05F097FD80B2ADF81600BC
:10A5800004F0E8FE36A3D3E9002304F05DFF04F0F5
:10A5900099F805F009FABDF8163080B21A1A92B28D
:10A5A000944230D91A1892B294422CD22C680021CD
:10A5B000204605F00BFD002839D0F62388F800303E
:10A5C0002C680021204605F001FD0346204673B3A8
:10A5D0002979CDF800800AF23C430DF1160200F013
:10A5E0005BFA98F90030002BADDB29791F4BBDF8E1
:10A5F00016200B44109913F8013C03F10043013B72
:10A6000021F813209FE72C6819490393204605F091
:10A61000DDFC08B12046DBE7029B002BC7D1039B82
:10A62000B3F5E16FC3D00E2388F80030BEE71049C0
:10A63000204605F0CBFC0028ECD10E49204605F061
:10A64000EDFC28B90C49204605F0CAFC0028E1D0F1
:10A65000F22388F800302868BAE700BFAFF3008023
:10A660007B14AE47E17A843F0000C842D8BF02089D
:10A6700000FF7F47000020410E74DA3AEF79124064
:10A680002DE9F04F83B0DDF830900190E9B1234F10
:10A69000DFF88CB002F1080498460D4600264FF012
:10A6A000010A4A4661794B1EDBB2172B47FA03F0C9
:10A6B0000ED8C0070AFA03F30AD513EA080F594463
:10A6C00048EA030809D0FA23137003B0BDE8F08FFD
:10A6D000FF23137003B0BDE8F08F11F8019C0C92BA
:10A6E000019A2368009302EB89091846D9F88C1364
:10A6F00005F076FC009B0C9A0146184639B9D9F84A
:10A70000AC1305F08BFC01360C9A103410B1FE230B
:10A710001370DAE7AE42C5D1D7E700BF0F20E000E3
:10A72000C0BF0208F0B589B00C460E9D0021172C61
:10A730001E46296003D8DB23337009B0F0BD944274
:10A7400003D9DA23337009B0F0BD074602A93A787D
:10A750007B788DF80820BA788DF809308DF80A20BA
:10A76000FB788DF80B30042203A81DF001FA039B3F
:10A770002C4A934204D0013302D0DE233370DCE74D
:10A780000822391D06A81DF0F3F9082206A904A81D
:10A790001DF0EEF9DDE90423002B08BF3D2A07D0A8
:10A7A000002B08BFB2F1FF3F02D0DD233370C4E7B6
:10A7B0003A7B7B7B8DF80820BA7B8DF8093002A9A3
:10A7C000FB7B8DF80A2003A804228DF80B301DF0C6
:10A7D000CFF9039901F11803A34202D0D8233370B3
:10A7E000ABE701AA3846103104F01AF838199DF881
:10A7F000042010F8043C9A4202D0DC2333709CE71A
:10A800009DF8052010F8033C9A42F6D110F8023C5E
:10A81000002BF2D110F8013C002BEED110222A605F
:10A8200033708AE7000102032DE9F04786B005ABDB
:10A8300004AECDE9003604460DF10F03FE200D46AF
:10A8400003F0E4FE9DF90F00002869D14FF0010AE2
:10A8500004F5A56904F2145804F211575FFA8AF35B
:10A86000013B0C2B00F2B080DFE803F0A7A0999227
:10A870008B847D76706A645D07003146284601F05E
:10A88000BDF884F83D050AF1010ABAF10F0FE5D1D0
:10A890009DF90F00002843D1A4F8D00304F23A43F5
:10A8A00004F2EE464FF6FF7533F8022FAA4205D0A8
:10A8B000B4F8D013914238BFA4F8D0239E42F3D10C
:10A8C000454EDFF818E100234FF0010C46FA03F281
:10A8D000D20711D513F80E2004EB4201013AB1F86A
:10A8E000EE54B1F8E673AF421CBF121982F806C4E9
:10A8F000A1F8E65384F81CC401331F2BE6D104F2FF
:10A90000054304F21441012203F8012F8B42FBD1CD
:10A9100094F81C3423B12046FEF7F6FD9DF90F0094
:10A9200006B0BDE8F0873146284601F067F884F8A4
:10A930003C05A8E74A463146284601F007FAA2E757
:10A9400042463146284601F001FA9CE73A46314634
:10A95000284601F0B9F996E73146284601F04EF84D
:10A9600084F810058FE73146284600F081FFA4F8EF
:10A970000E0588E704F59E623146284601F05AF933
:10A9800081E704F23C423146284601F02DF97AE78E
:10A9900004F224423146284601F0E8F873E73146D4
:10A9A000284601F02BF884F822046CE7314628464B
:10A9B00001F024F884F8210465E73146284601F0C7
:10A9C0001DF884F820045EE73146284601F016F8A9
:10A9D00084F83E0557E700BFEF791240D8BF020860
:10A9E000032916D910B582B0027843788DF8042077
:10A9F0000446022201A90DF106008DF805301DF074
:10AA0000B7F8A378FE2B0CBF00206FF0630002B0F4
:10AA100010BD6FF067007047F0B41468049EE7182B
:10AA20008F4215D805998B4215D8002B0CDD711E6D
:10AA3000CD18C6F1010600E014687318234411F81C
:10AA4000014FC454A942F7D117600020F0BC7047F1
:10AA50006FF02800FAE76FF02500F7E7012A08B544
:10AA60000BD0A1F11B02032A0BD80A4905F0AEFA5C
:10AA700010B9029ADD23137008BDA1F11602032A52
:10AA8000F3D9022BF8D01F29F6D1029ADD231370D7
:10AA9000F2E700BF00FF7F472DE9F8430F46002192
:10AAA00090461D46064605F0B9FA002838D02449DC
:10AAB000304605F095FA68B3224B3B441EA7D7E910
:10AAC000006713F8013C05F1B40909EB430905EBF4
:10AAD000430535F8024C204604F03CFC32463B4628
:10AAE00004F0B2FC03F0EEFD04F05EFF80B2231A26
:10AAF000B8F800209BB204449A4205F11E05A4B2A6
:10AB000001D3A2420AD9A945E3D1089AF4231370CC
:10AB1000BDE8F8834FF6FF73A8F80030BDE8F8836E
:10AB200004460021304605F051FA0028F2D0A8F87A
:10AB30000040BDE8F88300BF7B14AE47E17A843F54
:10AB400000FF7F47D8BF0208B1F5967F0CD047F2CF
:10AB50003053994205D1012808D909A1D1E9000152
:10AB60007047002000217047012803D806A1D1E9D1
:10AB70000001704706A1D1E900017047AFF30080E2
:10AB8000009435770000000000C817A804000000FA
:10AB900000BA1DD2050000002DE9F04F83B0DDE9B9
:10ABA0000CA900248AF8004089F800400D46096885
:10ABB000064608449046427816F801C08DF80520F4
:10ABC00001A902220DF106009B468DF804C01CF07D
:10ABD000CFFFBDF806700E9B5F451F6005D9E023CF
:10ABE0008AF8003003B0BDE8F08F57B1234608F172
:10ABF000FF312A68F0180133825C01F8012F9F426F
:10AC0000F7D198F8023089F800302B683B442B606C
:10AC100003B0BDE8F08F00BF38B514461D460022D2
:10AC2000002304F0A1FE78B175B104EB05132246B0
:10AC3000002000210024002551739060117391734E
:10AC4000E2E804459A42F7D138BD00BF70B49DF8E0
:10AC50000C60022E04460D4614D0012E01D970BCA2
:10AC6000704755A1D1E90001A04271EB05031BDA41
:10AC700053A1D1E90001A04271EB050330DB444B45
:10AC8000D360ECE7B3F5967F12D047F230518B4298
:10AC9000E5D12FA1D1E90001A04271EB0503DEDB74
:10ACA0003C4BD36070BC70473B4BD36070BC70476B
:10ACB00027A1D1E90001A04271EB0503F0DA26A13A
:10ACC000D1E90001A04271EB050313DA24A1D1E917
:10ACD0000001A04271EB05030FDB304BD360BEE7F0
:10ACE00021A1D1E90001A04271EB0503A4BF2C4BC7
:10ACF000D360B4E72B4BD360B1E71DA1D1E90001CC
:10AD0000A04271EB050302DB274BD360A7E71AA132
:10AD1000D1E90001A04271EB050302DB234BD360B4
:10AD20009DE717A1D1E90001A04271EB050302DB09
:10AD30001F4BD36093E714A1D1E90001A04271EB4E
:10AD400005038CDB1B4BD36089E700BFAFF30080AA
:10AD5000FF93357700000000FFF1052A0100000095
:10AD6000FF0B774203000000FFC717A80400000094
:10AD7000FF9FACB903000000FFFD7C6C04000000E5
:10AD8000FF5B4D1F05000000FFB91DD2050000004C
:10AD90009600E0034001C4097C01E0034001E003A8
:10ADA000C800E0034001DC05400120034001260209
:10ADB00040015E014001C800FFE30B5402000000A7
:10ADC000FFD5117E03000000194B013970B45B5CA4
:10ADD00000EB43034FF6FF72B3F83643944206D0BC
:10ADE000144CD0F8342334F91140944302D000209D
:10ADF00070BC7047104CD0F81C5354F82140AC4341
:10AE0000F5D1B3F87C53B3F870636C1CA5B2B5FBF5
:10AE1000F6F406FB1454A4B2A3F87C43002CE6D14C
:10AE2000012303FA01F11143C0F834131846DFE798
:10AE3000ACBF020894BF020868BF0208F8B54E1EF6
:10AE400013498D5D00EB45010446B1F852734FF68E
:10AE5000FF70874200D1F8BD05F1B700691E069F5B
:10AE600044F8207004EBC505C5E9902307986518E0
:10AE70001DF0D8FE05F018F985F82003D4F830331A
:10AE8000012101FA06F63343C4F83033F8BD00BFA0
:10AE9000D8BF0208F8B5044602F0DAF904F5BC7030
:10AEA00003F026F904F12C0002F03AFC04F15C00F6
:10AEB00001F0BAFA04F5887002F08EFE0A2104F55A
:10AEC000F87002F005FB002604F5307304F50272F9
:10AED00004F538750020002143F8046BAB42E2E82A
:10AEE0000201F9D100204FF0000CC4F81C0304F556
:10AEF000377304F5107104F21F3204F5467500260D
:10AF0000002743F804CFAB42E1E9026702F8010FE2
:10AF1000F7D1C4E9CC0004F54E7304F55175012056
:10AF200000214FF6FF725887A3F8461023F8022B32
:10AF30009D42F8D1A4F84423A4F84623A4F848235A
:10AF4000A4F84A23A4F84C23A4F84E23A4F85023D1
:10AF5000A4F8522304F2523304F55C714FF6FF72E9
:10AF600023F8022F8B42FBD12046F8BD10B44C1EB3
:10AF700011461A46092C06D8DFE804F0090D110520
:10AF800014050505191E6FF0630010BC704710BC56
:10AF90005C3001F0D1BA10BC2C3002F0DDBB10BC2B
:10AFA00002F062B910BC00F5BC7003F007BB10BC26
:10AFB00000F5887002F058BE10BC00F5F87002F081
:10AFC00093BA00BF2DE9F04FA5B000220D460A92BA
:10AFD00004460B920C921AAB23A943F8042F994212
:10AFE000FBD10023C4F83433052120460D920E9284
:10AFF0008DF825308DF826308DF82730FFF7E4FEE8
:10B0000050B1284604F0FAFD0146D4F8DC0204F001
:10B01000DDFF002840F0CE804FF0FF366FF0004794
:10B0200003212046FFF7D0FE50B1284604F0E6FD8C
:10B030000146D4F8DC0204F0C9FF002840F0298161
:10B0400001212046FFF7C0FE50B1284604F0D6FD8E
:10B050000146D4F8DC0204F0B9FF002840F0298151
:10B0600002212046FFF7B0FE50B1284604F0C6FD8D
:10B070000146D4F8DC0204F0A9FF002840F0498121
:10B0800009212046FFF7A0FE50B1284604F0B6FD86
:10B090000146D4F8DC0204F099FF002840F08A81D0
:10B0A00000260A212046FFF78FFE48B1284604F00B
:10B0B000A5FD0146D4F8DC0204F088FF002862D127
:10B0C000B4F85C234FF6FF739A4203D0D4F81C33D4
:10B0D00058074CD4B4F85E234FF6FF739A4203D05E
:10B0E000D4F81C33D90736D4B4F860234FF6FF7375
:10B0F0009A4203D0D4F81C339A0720D4B4F86223C0
:10B100004FF6FF739A4203D0D4F81C331B0705D4C3
:10B110000023C4F81C3325B0BDE8F08FD4F8CC323E
:10B12000009300220192D4E9882309212046FFF7E9
:10B1300085FE0023C4F81C3325B0BDE8F08FD4F899
:10B14000C432009300220192D4E9842308212046CE
:10B15000FFF774FED2E7D4F8C032009300220192C8
:10B16000D4E9822307212046FFF768FEBCE7D4F824
:10B17000C832009300220192D4E98623062120469A
:10B18000FFF75CFEA6E7D4F8C432D4F8C812324602
:10B1900004F5F870D4E9866702F0C2F9002105468B
:10B1A0000090019132463B460F2120460A95FFF759
:10B1B00045FE85E70DF126020DF125030DF1270768
:10B1C0000EAED4F8D402DFF82892CDE90232CDE9F0
:10B1D0000467002104F0FAFED4E98867B0FA80F32E
:10B1E000D4F8CC1200915B09019332463B4604F53A
:10B1F000BC7002F0ABFF99F80B8004EB48024FF6ED
:10B20000FF73B2F852239A4208F1FF3A19D09DF821
:10B21000250004F0EFFC08F1B70B04EBC80844F874
:10B220002B00C8E9906700201DF0FCFC04F03CFFF7
:10B23000A2448AF82003D4F8303343F40063C4F8FE
:10B24000303399F80C8004EB48024FF6FF73B2F8E4
:10B2500052239A4208F1FF393FF4E2AE9DF82600EE
:10B2600004F0C8FC08F1B70A04EBC80844F82A0047
:10B27000C8E9906700201DF0D5FC04F015FFA1443B
:10B2800089F82003D4F8303343F48053C4F83033C2
:10B29000C6E60CA90BAACDE901210AAB0093D4F8AC
:10B2A000C432D4F8C822D4F8CC12204601F0F8FFFA
:10B2B000C6E6D4F8D832D4F8D40204930DF1340C95
:10B2C0001BAA0021CDE9052C04F080FE9DF827C0C3
:10B2D0009DF826809DF825E0CDF808C0B0FA80F0F2
:10B2E00004F15C0C40090C9B0B9A0A990390CDF871
:10B2F00004806046CDF800E001F078F90D9B0093E2
:10B30000002201923B46324612212046FFF796FD6D
:10B31000A6E619AB0DF15C0C15A813A911AA0593AB
:10B320000FABCDE9030CCDE9012100930D990E9BE4
:10B330001BAA04F12C0002F031FA109A0F9B019223
:10B34000009332463B4620460121FFF777FD129AD3
:10B35000119B0192009332463B4620460221FFF7A3
:10B360006DFD149A139B0192009332463B46204692
:10B370000321FFF763FD169A159B01920093324655
:10B380003B4620460421FFF759FD189A179B01926E
:10B39000009332463B4620461521FFF74FFD1A9A8F
:10B3A000199B0192009332463B461F212046FFF72E
:10B3B00045FD65E6D4E98689D4F8D032B4F85E104C
:10B3C0000291CDE900890393D4F8C81232463B4676
:10B3D00004F5887002F092FC00210646009001916D
:10B3E00042464B460E212046FFF728FD59E600BF96
:10B3F000D8BF020810B44C1E11461A469DF80430FE
:10B40000092C06D8DFE804F0080C10051305050523
:10B41000181D002010BC704710BC5C3001F0B2BC9D
:10B4200010BC2C3002F0C8BA10BC01F08FBF10BCA9
:10B4300000F5BC7002F060BF10BC00F5887002F02F
:10B44000E3BC10BC00F5F87002F0AAB810B44C1EB2
:10B4500011461A469DF80430092C06D8DFE804F09E
:10B46000080C100513050505181D002010BC7047B9
:10B4700010BC5C3001F0F8BC10BC2C3002F0E0BA1B
:10B4800010BC01F095BF10BC00F5BC7002F080BF8D
:10B4900010BC00F5887002F017BD10BC00F5F87004
:10B4A00002F0B0B830B4D0F8D452D0F81C430D60DC
:10B4B000D0E98C01C4F34054C2E900011C7030BCD7
:10B4C000704700BFF0B401390E4C049D645C04F178
:10B4D000B70C00EBC40750F82C601660D7E99067F2
:10B4E000C3E900670444012294F81F332B70D0F89D
:10B4F000303302FA01F123EA0103F0BCC0F8303323
:10B50000704700BFD8BF02082DE9F04F8446374E80
:10B51000374CDFF8E8A083B0002140F217374FF630
:10B52000FF7E04E001310B2906F104065AD047FAE8
:10B5300001F3DB07F6D52F4B13F801800CEB48081D
:10B54000B8F83693F145EDD000231D460120019651
:10B5500000FA03F23A4210D0274E36F911B01BEA36
:10B56000020F0AD0234AD25C02F29B123CF812204E
:10B57000724502D0954238BF154601330B2BE7D1F7
:10B58000019E00234FF0010B0BFA03F222420DD073
:10B59000306802420AD013F80A200CEB4202B2F8DB
:10B5A0004223724502D0954238BF15460133182B0D
:10B5B000EAD1002DB6D0B9FBF5F205FB12991FFABE
:10B5C00089F392B23BB105F0010000EB5505AB42A7
:10B5D000A4BF013292B201310B29A8F8702306F101
:10B5E0000406A4D103B0BDE8F08F00BF68BF020815
:10B5F0000F20E000ACBF020894BF0208C0BF0208E1
:10B6000030B400F54E7300F55175012400214FF65A
:10B61000FF725C87A3F8461023F8022B9D42F8D1F5
:10B62000A0F84423A0F84623A0F84823A0F84A2312
:10B63000A0F84C23A0F84E23A0F85023A0F85223E2
:10B6400000F2523300F55C724FF6FF7123F8021FCF
:10B650009342FBD130BC704710B44C1E11461A46C1
:10B66000092C06D8DFE804F0090D110514050505BD
:10B67000191E6FF0630010BC704710BC5C3001F005
:10B6800055BD10BC2C3002F071BA10BC01F0C2BE26
:10B6900010BC00F5BC7002F0E9BE10BC00F588706B
:10B6A00002F046BC10BC00F5F87001F0DDBF00BF31
:10B6B0002DE9700F0139134C9DF82060645C00EB9C
:10B6C000C405D5E980AB9B4508BF92459046994695
:10B6D00004F1FF3410D0B034079B40F82430C5E9A2
:10B6E00080890122D0F81C3302FA01F10B43BDE836
:10B6F000700FC0F81C337047002EECD1BDE8700FFE
:10B70000704700BFC0BF02084B1E0A2B10D8124A58
:10B71000114411F8012C02F29B1230F81210092B7F
:10B7200009D8DFE803F0090C0F081108080808150C
:10B730004FF6FF71F3E770475C3001F081BC2C30AD
:10B7400002F0E2B901F082BE00F5BC7002F0E8BE82
:10B7500000F5F87001F0A4BFACBF0208204B01391E
:10B76000F0B55B5C1F4FDFF888E000EB43038446D5
:10B77000A3F852230126002340F2173506FA03F4FA
:10B780002C420DD037F91100204209D01EF80300D9
:10B790000CEB4000B0F83643944288BFA0F8362343
:10B7A00001330B2BEAD1104E1048DFF848E000239C
:10B7B000012505FA03F434420DD050F821703C42C3
:10B7C00009D01EF803400CEB4404B4F842739742CE
:10B7D00088BFA4F842230133182BEAD1F0BD00BF83
:10B7E000D8BF0208F8BF02080F20E00038C00208E6
:10B7F000ACBF0208C0BF0208F0B50F460968034697
:10B800004C1E00F10B0685B0234410460E4401ACDB
:10B8100013F8015F04F8015BB342F9D101A90C22CE
:10B820001CF0A6F93B680C333B6005B0F0BD00BFCF
:10B83000F0B51C461B680C33934285B003D9013226
:10B84000226005B0F0BD0C220F46014601A81CF095
:10B850008FF901AB0022BD18206813F8016B2E543C
:10B8600001320C2AF7D123680C33236005B0F0BDF8
:10B8700010B50B68C21882B00C465278C35C8DF8C4
:10B88000052001A902220DF106008DF804301CF0FC
:10B890006FF92368BDF806000233236002B010BDC3
:10B8A000F0B51C461B680C33934287B003D90132B4
:10B8B000226007B0F0BD0C220F46014668461CF01E
:10B8C00057F90C22694603A81CF052F903AB002279
:10B8D000BD18206813F8016B2E5401320C2AF7D1E1
:10B8E00023680C33236007B0F0BD00BF30B50D688E
:10B8F000034683B00C46411910465A5D8DF804206A
:10B900004D788B788DF80630032201A98DF805500B
:10B910001CF02EF923680333236003B030BD00BF51
:10B9200030B51C461B6885B002339342ADF8060063
:10B9300003D90132226005B030BD0D4602220DF15F
:10B94000060103A81CF014F923689DF80C20EA54A2
:10B9500021689DF80D3029444B7023680233236021
:10B9600005B030BD30B50A6883B08318825C8DF8AD
:10B97000042058789D788DF805000C460422DB7869
:10B980008DF807300DEB020168468DF806501CF06B
:10B99000EFF8236800980433236003B030BD00BF84
:10B9A00070B51C461B680333934282B003D9013241
:10B9B000226002B070BD0278467883788DF800204E
:10B9C0000D460322694601A88DF802308DF801600A
:10B9D0001CF0CEF823689DF80420EA5423689DF8F3
:10B9E00005109DF806202B445970216829448A705F
:10B9F00023680333236002B070BD00BF10B50B682D
:10BA000082B00C46C35C8DF8073001220DF10701AE
:10BA10000DF106001CF0ACF823689DF80600013318
:10BA2000236002B010BD00BF30B51C461B6885B056
:10BA300004339342019003D90132226005B030BD36
:10BA400004220D4603A80DEB02011CF091F82368B7
:10BA50009DF80C20EA5423689DF80D009DF80E1007
:10BA60009DF80F202B44587023682B44997021684F
:10BA70000D44EA7023680433236005B030BD00BF75
:10BA8000F0B50B6883B004461C440F4610460DF118
:10BA9000FF330DF1070614F8015B03F8015FB342B1
:10BAA000F9D1082269461CF063F83B6808333B6013
:10BAB00003B0F0BD30B51C461B6883B05D1C9542D9
:10BAC0008DF8070003D90132226003B030BDC818D9
:10BAD00001220DF107011CF04BF8236801332360AC
:10BAE00003B030BD30B50A6885B00D460DF10703CF
:10BAF00010440DF10F0410F8012B03F8012FA3429D
:10BB0000F9D108220DEB020168461CF031F82B68D0
:10BB1000DDE9000108332B6005B030BD70B51C466F
:10BB20001B680833934284B003D90132226004B009
:10BB300070BD08220D46014668461CF019F808221F
:10BB40000DEB020069461CF013F80DF1070300220B
:10BB5000A818216813F8016F46540132082AF7D15A
:10BB600023680833236004B070BD00BFF0B50B68D4
:10BB700087B00446013B1C440F4610466B4606AE98
:10BB800014F8015F03F8015BB342F9D1694618224A
:10BB90001BF0EEFF3B6818333B6007B0F0BD00BF01
:10BBA00070B584B0CDE90001089C266808369E4235
:10BBB00003D90133236004B070BD154608220DEB94
:10BBC000020069461BF0D4FF0DF107020023E818BC
:10BBD000216812F8016F46540133082BF7D123680E
:10BBE0000833236004B070BDF0B50B68AFB00446F5
:10BBF000013B1C440F46104601AB2EAE14F8015F0A
:10BC000003F8015BB342F9D101A9B4221BF0B0FFE4
:10BC10003B68B4333B602FB0F0BD00BF30B41C684C
:10BC2000651C95429CBF08551A68013230BC1A60E9
:10BC3000704700BFF0B50B6889B00446013B1C4457
:10BC40000F4610466B460DF11E0614F8015F03F80F
:10BC5000015BB342F9D169461E221BF089FF3B68A4
:10BC60001E333B6009B0F0BD30B51C461B68043381
:10BC7000934283B003D90132226003B030BD028801
:10BC8000ADF8002004220D464388ADF80230694625
:10BC90000DEB02001BF06CFF23689DF80420EA54B2
:10BCA00023689DF805009DF806109DF807202B4499
:10BCB000587023682B44997021680D44EA702368FA
:10BCC0000433236003B030BD30B50C460968451815
:10BCD00083B0034610466A785B5C8DF8052001A9A5
:10BCE00002228DF804301BF043FF236802332360E7
:10BCF00003B030BD70B51D461B68143393428AB043
:10BD000003D901322A600AB070BD14220DEB02047F
:10BD10000E46014668461BF02BFF6946142220465A
:10BD20001BF026FFC4F101030DF113020DF12701F1
:10BD30002C689818204412F8014F34548A42F7D1E5
:10BD40002B6814332B600AB070BD00BFF0B50B68D0
:10BD500087B00446013B1C440F46104601AB06AEBB
:10BD600014F8015F03F8015BB342F9D101A9142271
:10BD70001BF0FEFE3B6814333B6007B0F0BD00BF14
:10BD800030B51C461B6883B05D1C95428DF80700DA
:10BD900003D90132226003B030BDC81801220DF171
:10BDA00007011BF0E5FE23680133236003B030BDBB
:10BDB00070B503460D6882B00C46411910465A5DB5
:10BDC0008DF8042004224E788D78CB788DF80730DA
:10BDD0000DEB02018DF805608DF806501BF0C8FED2
:10BDE00023680433236002B070BD00BF70B51C46E9
:10BDF0001B680833934282B003D90132226002B03B
:10BE000070BD08220D46014668461BF0B1FE0DF1DB
:10BE1000FF330022A818216813F8016F465401323D
:10BE2000082AF7D123680833236002B070BD00BF31
:10BE3000F0B50B6887B00446013B1C440F46104622
:10BE400001AB06AE14F8015F03F8015BB342F9D110
:10BE500001A914221BF08CFE3B6814333B6007B031
:10BE6000F0BD00BF70B51D461B68183393428CB0FF
:10BE700003D901322A600CB070BD18220DEB020408
:10BE80000E46014668461BF073FE6946182220469E
:10BE90001BF06EFEC4F101030DF117020DF12F012D
:10BEA0002C689818204412F8014F34548A42F7D174
:10BEB0002B6818332B600CB070BD00BF10B50B6839
:10BEC00082B00C46C35C8DF8073001220DF10701EA
:10BED0000DF106001BF04CFE23689DF906000133AE
:10BEE000236002B010BD00BF70B51D461B68B4339F
:10BEF0009342DAB003D901322A605AB070BDB4223D
:10BF00000DEB02040E46014668461BF031FE694601
:10BF1000B42220461BF02CFEC4F101030DF1B30244
:10BF20000DF267112C689818204412F8014F345410
:10BF30008A42F7D12B68B4332B605AB070BD00BF72
:10BF400070B51D461B681E33934288B003D9013279
:10BF50002A6008B070BD6C461E220E46014620467F
:10BF60001BF006FEC4F101030DF1FF320DF11D01BE
:10BF70002C689818204412F8014F34548A42F7D1A3
:10BF80002B681E332B6008B070BD00BF30B51C4657
:10BF90001B680233934283B003D90132226003B09D
:10BFA00030BD027843788DF800200D4602226946A4
:10BFB00001A88DF801301BF0DBFD23689DF80420FB
:10BFC000EA5421689DF8053029444B7023680233F8
:10BFD000236003B030BD00BF70B51D461B6814332D
:10BFE00093428AB003D901322A600AB070BD14228C
:10BFF0000DEB02040E46014668461BF0B9FD69468A
:10C00000142220461BF0B4FDC4F101030DF113020C
:10C010000DF127012C689818204412F8014F345470
:10C020008A42F7D12B6814332B600AB070BD00BF71
:10C030002DE9F04F85B004469DF838909DF83C50AE
:10C040000395B9F1030F9DF840504068029588466A
:10C050001646009300F09680624903F023FE824664
:10C06000009B002B67D104EB89035046196903F04C
:10C0700011FD356807462946404603F009FD05468F
:10C08000608803F0B7FD584903F0C0FE04EB890B4C
:10C0900003465649DBF82000019303F097FF002880
:10C0A00073D15349504603F0FDFD514603F0F2FCB5
:10C0B00000218046284603F0B1FF00284CD009F04B
:10C0C000FD09B9F1010F09BF039BDFF838910D336A
:10C0D00054F82390029B63B94146284603F09EFF23
:10C0E00038B1039B434A013B32F9130003F086FD4C
:10C0F00081466068404903F0D5FD494603F086FE5D
:10C10000019903F0CFFD04460146284603F086FF5F
:10C1100000BB3168284603F0BDFC3946044603F0F5
:10C120005FFF00B92746009B0BB107F1004737605E
:10C1300005B0BDE8F08F356809F1010305F1004550
:10C14000356054F82310504603F0A2FC08F1004873
:10C15000074690E72546DCE7029B93B3DBF86810BF
:10C16000019B03F1004003F051FE1CF007F901466A
:10C170004FF07E5003F08CFC0146284603F092FD00
:10C180000546C6E7D4F8B0A06AE7DBF804004146EC
:10C1900003F07EFC00211CF047FB01464FF07E506F
:10C1A00003F076FC014603F07DFD4FF07D5103F076
:10C1B00079FD124903F076FD114903F06BFC01464D
:10C1C00070E728461CF0DCFA414603F027FF002800
:10C1D000C4D0B9F1010FC1D10449E06E03F016FEDD
:10C1E0000146BDE7C178C63D0000C842000040409E
:10C1F0009A99993EB8BF0208CBBECB3ECDCC4C3EFF
:10C20000CDCCCC3D0000E1442DE9F04100EB8207AC
:10C2100084B004460E46786800211546984603F01F
:10C22000D5FE00B17E6002236A1C20460193314690
:10C23000CDF80880009504EB82020023FFF7F8FE9A
:10C240007868314603F0CCFE70B1386A4FF07E5109
:10C2500003F0BCFE40B13869002103F0B7FE18B10D
:10C26000B8F1000F00D17E6004B0BDE8F08100BFDE
:10C270002DE9F04300EB820885B004460E46D8F85D
:10C2800010009DF83090002115461F4603F09EFED9
:10C2900070B92A1D0123CDF80890009504EB8202A5
:10C2A000314620460193FFF7C3FE05B0BDE8F08399
:10C2B0003946D8F8040003F0EBFB0146304603F0A2
:10C2C000E7FB084903F08CFE0028EED0C8F81060A8
:10C2D0000021304603F07AFE0028DAD005B0BDE830
:10C2E000F08300BFBD378635F8B500EB83040D46FB
:10C2F000276900213846164603F068FEF8B16068E9
:10C30000314603F0C5FB00211CF08EFA216903467B
:10C3100030461C4603F0BCFB00211CF085FA0146A8
:10C3200020461CF097FA014603F0B4FB294603F0BF
:10C330006DFDBDE8F8404FF07E511CF08BBA60688F
:10C34000394603F0A5FB29461CF06EFA0546D6E7F0
:10C350002DE9F0479DF820C000EB8C0705460E46FE
:10C36000386A2D49904699460CF1FF3403F02EFEB1
:10C37000002834D049464FF07E5003F089FB014637
:10C3800003F090FC4FF07D5103F08CFC234903F047
:10C3900089FC234903F07EFB8146D7F810A078681A
:10C3A000514603F075FB49460746304603F07AFCD8
:10C3B000314603F06FFB0146384603F011FE2C4472
:10C3C00028B95046002103F001FE034650B195F80C
:10C3D000783084F820304FF07E50BDE8F087DFF8E9
:10C3E0004490DAE7B8F1000F0ED194F82030FF2B1B
:10C3F00010D00133DBB284F8203095F878209A42CF
:10C4000008D94FF08040E8E784F820304FF08040B2
:10C41000BDE8F0870048E0E700004040CDCC4C3E4E
:10C42000CDCCCC3D9A99993EF0B4334E334D344A3D
:10C43000344F3549354CC6640565354E354D476535
:10C440008165354F3549C46586660A240326C5666D
:10C45000334DDFF8E0C007674167324F1168A0F83D
:10C460007A40A0F87C6054681669C0F88050D5689E
:10C47000C0F848C0C0F88470D2F808C0C0F89C105A
:10C48000002201210027C0F8A040C0F8A850264C87
:10C49000C0F8AC600225254E878604664FF6FF770C
:10C4A000446680F87850C0F8A4C00170026342620C
:10C4B0008663C66380F8225040F202261C4D046455
:10C4C00047800684C0F8B0508262F0BC426082604F
:10C4D000C260026142618261C261C26280F844103E
:10C4E00080F88810C0F88C20C0F89420C0F8902004
:10C4F000C0F89820704700BF10E9AFBFD881F3BEE5
:10C50000B4C00208C7BA38BDD3BC63BC2B18953C75
:10C510000000E14500C0A8474031774C004EED498E
:10C520000000604017B7D138000061450000E144C9
:10C530004260653CDE02C9BE2DE9F04786B004AB1F
:10C5400005AE04460078CDE900360DF10F030D4627
:10C5500002F05CF89DF90F00E8B94FF0010A04F110
:10C560009C0904F1480804F154075FFA8AF3013B7F
:10C57000052B35D8DFE803F02D261F18120342469D
:10C5800031462846FFF738F90AF1010ABAF1080FD7
:10C59000EBD19DF90F0006B0BDE8F0873A46314671
:10C5A0002846FFF729F9EFE704F1800231462846D3
:10C5B000FFF766FAE8E704F17A0231462846FFF70A
:10C5C000F7FBE1E704F1600231462846FFF714F972
:10C5D000DAE704F16C0231462846FFF70DF9D3E79C
:10C5E0004A4631462846FFF723FCCDE72DE9F04FB8
:10C5F0008FB0DDE91D569DF8604009949DF864A058
:10C600009DF8684004949DF86C400394059104469D
:10C6100017469846BAF1000F33D0039B002B40F029
:10C620008E817449104603F0E5FC002800F09281E9
:10C630007149384603F0E8FC002800F08B816F490F
:10C64000404603F0D7FC002800F0848100214046DA
:10C6500003F0DAFC002800F07D811C98002103F033
:10C66000B5FC002800F04383D4F830900021484600
:10C6700003F0ACFC002800F06A83039BCDE907A31C
:10C6800001E0CDE907AA6388642B00F05F81B3F570
:10C69000967F19BFA36CD4F854B0E36CD4F858B0AB
:10C6A00057490693404603F0FDFA544903F0AEFBA8
:10C6B00054498046384603F0F5FA534981463846D6
:10C6C00003F0E8F90146484603F0A0FB81461BF061
:10C6D00055FE4E4902463846174603F0DBF9394607
:10C6E0000746404603F0DEFA394603F08FFB48491F
:10C6F00003F0D8FA1BF094FE464903F0C9F9069BF3
:10C70000194603F0CFFA594603F0C4F901460598DB
:10C7100003F0BEF9079B3060002B40F03881039B8B
:10C72000002B40F0AB803C49606803F0BBFAD6F8C0
:10C730000090A1680746484603F066FC002840F0D8
:10C74000FB806169484603F055FC089B00280CBF3C
:10C7500098464FF0010801234A4639462046FFF724
:10C76000C3FD099B002B00F0BF81BAF1000F59D027
:10C770004FF0010C034642463946CDF800C0204632
:10C78000FFF7E6FD24496062606803F08BFA3768C2
:10C79000E1688046384603F037FC30B9A069394675
:10C7A00003F032FC002800F08C8202233A46414616
:10C7B0002046FFF799FD034602205246414600906D
:10C7C0002046FFF7C5FDD4F8B070A062032332689D
:10C7D00039462046FFF788FD089B002B40F0618218
:10C7E0000E49384603F0F2FB002840F067820C4FF8
:10C7F00043E000BF0000AA42000020C20000C8427F
:10C800008195C340C3F58C41B81E7343339388436D
:10C8100033B3584307767C3FC178C63D4260653CE0
:10C820000000404094F87820AA4984F82020002392
:10C830006362606803F036FA3768E168814638461B
:10C8400003F0E2FBC846002800F062813A46494600
:10C8500002232046FFF748FD94F8783084F8213011
:10C860000027A76203233268D4F8B0102046FFF7F0
:10C870003BFD94F8783084F82230E762954960688F
:10C8800003F010FAD4F8089082460021484603F0DD
:10C890009DFB08B1D6F8009067690021384603F087
:10C8A00095FB20B15146484603F0F2F80746D4F80C
:10C8B0000C80636A03930021404603F087FB08B1B4
:10C8C000D6F80080D4F818B00021584603F07EFB5B
:10C8D00020B15146404603F0DBF88346D4F810A05F
:10C8E000D4F8B03005930021504603F06FFB08B137
:10C8F000D6F800A0039BC5F80090EF60AB61C5F8C7
:10C900000480C5F810B0A26AEA61C5F808A0E6691B
:10C910000021304603F05AFB20B10599504603F040
:10C92000B7F806466E61E36A2B6294F84430012B37
:10C9300014D00FB0BDE8F08F4FF001080BE70023D3
:10C94000CDE907336388642B7FF4A1AE236DD4F85F
:10C950005CB0A5E6039BCDE9073394E603985E49F6
:10C9600003F034FB58B1049B4BB1236E616EA26E91
:10C97000A3630023E163226484F84430D9E7574B72
:10C98000574AA363E36322640FB0BDE8F08F4846C3
:10C990001BF0F4FC0146404603F084F9394603F0ED
:10C9A00035FA504903F07EF91BF03AFD6388642B99
:10C9B000834600F07181B3F5967F00F06881A36C27
:10C9C000D4F85490069394F88830002B00F0B98086
:10C9D000059AC4F894B00023C4F898B0C4F88C2029
:10C9E000C4F8902084F888303A496068D6F800800E
:10C9F00003F058F907466069002103F0E7FA58B1DF
:10CA00003946A06803F044F8414603F007FB18B12B
:10CA1000C4F81480D6F800804146DDF81080012269
:10CA200043462046FFF7F0FBCDF800803B4601224D
:10CA300031682046FFF71CFC2649606803F032F994
:10CA400000210746A06903F0C1FAD6F8008060B162
:10CA50003946E06803F01CF80146404603F0C0FA8E
:10CA600018B1C4F81880D6F800804146DDF810806F
:10CA7000022243462046FFF7C7FBCDF800803B4625
:10CA80003168CDF8108002222046FFF7F1FB049BAD
:10CA90003168D4F8B07003222046FFF7B5FB089B3D
:10CAA000002B3FF43CAE049B009331683B4620468C
:10CAB0000322FFF7DDFBE7690021384603F086FA21
:10CAC00000287FF42CAE2069394602F0E1FFC4F85B
:10CAD000B00024E6C178C63D000040400000E144BB
:10CAE0000000614533B3584394F87820A04984F896
:10CAF000202000236362606803F0D4F83768814621
:10CB00003946E06803F076FAC84600287FF49EAE06
:10CB1000A169384603F06EFA00287FF497AE3A46D2
:10CB2000022341462046FFF7DFFB099A0346002A0D
:10CB30003FF492AEBAF1000F3FF48EAEDDF820A0C4
:10CB40003AE68B496068D6F8008003F0ABF84146BE
:10CB50000746A06802F09CFF4FF07F5107903846CF
:10CB600003F0A0F8079B0146184603F043FA00289B
:10CB70003FF441AF636A7F490793184603F026FAF2
:10CB8000002800F09180D4F89870D4F894800C9725
:10CB90003846414603F024FA002840F09C804FF0CC
:10CBA000FF374146584603F01BFA002840F09B80AF
:10CBB0007B1C07932146082241F8948F0BA81AF09A
:10CBC000D7FFDDF82C800C9F4046394603F008FA69
:10CBD000002800F08580B8460027D4F88C300B93ED
:10CBE0004146584603F01AFA002877D17B1CC34609
:10CBF000079AD4F89400C4F898B00EA901EB820704
:10CC000001EB8303D4F8902005990D910C9257F80D
:10CC10000C2C53F80C3CC4F88C205946C4F89030C6
:10CC200002F036FF1BF0ACFD534903F0EDF900288C
:10CC30003FF4DAAED4F88C10D4F8900002F028FF5C
:10CC4000494602F025FFD4F894100746D4F898001E
:10CC500002F01EFF0146384603F0D8F8474903F0BA
:10CC600021F847490746069803F01CF80146384664
:10CC700002F010FF6388B3F5967F66D047F230521A
:10CC8000934260D0642B7FF4AFAE2065ACE6E36CDA
:10CC9000D4F85890069396E6236DD4F85C900693EA
:10CCA00091E64FF08047E8E5079B4FF0804118463A
:10CCB00003F08CF900283FF49EAE64E74FF07E57F6
:10CCC000DBE502233A4641462046FFF70DFBDDF83F
:10CCD00020A0034670E5B846002762E7022387E7F5
:10CCE0004FF0FF3779E70223D846079362E72149DF
:10CCF0001C9803F06BF900287FF4C3AC1C9803F078
:10CD0000ADF904EB40038346B3F87800D4F83090D3
:10CD100002F070FF0146484602F0BAFE0BF11F0B0D
:10CD2000069054F82B001BF029FB069B0146184681
:10CD300003F06CF80146484602F0AAFE039B20630C
:10CD4000CDE907339FE4A0644EE6E0644CE6A08E94
:10CD500002F050FF0146484602F09AFE01460020CC
:10CD60001BF062FD039B2063CDE907338BE400BF1A
:10CD7000C178C63D00004040CDCC4C3E00D7A33C1E
:10CD800048E17A3F2DE9F047072484B006469046F3
:10CD900000788DF807400DEB04020D4601F064FCAD
:10CDA0009DF8077003902FB3012406F19C0A06F149
:10CDB0004809E3B2013B062B0BD8DFE803F0352D21
:10CDC000453D4D10040003AB424629465046FEF750
:10CDD00091FFA74204F101030BD01C46E9E703AB26
:10CDE000424629464846FEF75BFDA74204F101038F
:10CDF000F3D10398ADF80A0002220DF10A0102A84E
:10CE00001AF0B6FE9DF808209DF8093003982A70A4
:10CE10006B7004B0BDE8F08703AB4246294606F1CB
:10CE20006000FEF73DFDD4E703AB4246294606F11C
:10CE30006C00FEF735FDCCE703AB4246294606F110
:10CE40008000FEF76BFEC4E703AB4246294606F1BD
:10CE50007A00FEF709FFBCE703AB4246294606F11C
:10CE60005400FEF71DFDB4E72DE9F04784B00646F7
:10CE7000174600780F240DF107020D468DF8074084
:10CE800001F0F2FB9DF807800390B8F1000F2AD063
:10CE9000012406F1940A06F18C09E3B2013B0E2B42
:10CEA00010D8DFE803F04941595139327770686092
:10CEB000867E8E150800D6F8B00003AB3A462946A8
:10CEC000FEF7B2FDA04504F101030BD01C46E4E7D8
:10CED00003AB3A4629465046FEF720FEA04504F132
:10CEE0000103F3D10398ADF80A0002220DF10A0103
:10CEF00002A81AF03DFE9DF808209DF8093003981D
:10CF00002A706B7004B0BDE8F087306B03AB3A4613
:10CF10002946FEF789FDD5E703AB3A46294606F1D7
:10CF20002400FEF7BDFCCDE703AB3A46294606F1E7
:10CF30001400FEF7B5FCC5E703AB3A46294606F1F7
:10CF40000800FEF7ADFCBDE703AB3A46294606F103
:10CF50002000FEF725FDB5E7708803AB3A46294669
:10CF6000FEF7DEFCAEE703AB3A46294606F1380091
:10CF7000FEF796FCA6E796F8780003AB3A462946FA
:10CF8000FEF798FD9EE7706803AB3A462946FEF728
:10CF90004BFD97E7B08E03AB3A462946FEF7C0FC3F
:10CFA00090E796F8880003AB3A462946FEF782FDE3
:10CFB00088E796F8440003AB3A462946FEF77AFD27
:10CFC00080E703AB3A4629464846FEF7A7FD79E7D6
:10CFD00030B4184A184D026400234FF6FF7440F233
:10CFE0000221012283864480002302240184134904
:10CFF000C0F8B05080F8784080F82240036330BC1D
:10D000004362836243608360C36003614361836101
:10D01000C361C362C0F88C30C0F89430C0F890305F
:10D02000C0F898308163C16380F8442080F888207C
:10D03000704700BF000061454260653C0000E1446C
:10D04000F8B54FF6FF7399423DD043888B420C46AA
:10D05000054638D0B1F5E16FD0F8A87041805BD0BB
:10D0600032D8642955D0B1F5967F3AD1D0F8A000D6
:10D070002C4BA3FB04235B09AB861BF0D1F91BF0FF
:10D080007FFB064638461BF0CBF91BF079FB0146C7
:10D09000304602F0BBFE68600CB347F23053B3FB7E
:10D0A000F4F004FB10339BB280B253BB02F0A2FD3C
:10D0B0001BF034FA014602F0EDFC1BF06DFD02F0AE
:10D0C000F3FF85F87800F8BD41F27073994226D0DD
:10D0D00047F23053994204D1D0F89C00C8E7124877
:10D0E000E6E7104BD5F89C00A3FB04235A09642102
:10D0F00001FB124292B2312A4FEA5313BCD90133D9
:10D10000BAE704F0010101EB5404A342A8BF0130C7
:10D11000CCE738460123AFE7D0F8A400A8E7D0F861
:10D12000AC00A5E71F85EB5100FF7F472DE9F047D5
:10D1300086B004AB05AE04460078CDE900360DF1AB
:10D140000F030D4601F062FA9DF90F0008BB4FF086
:10D15000010A04F1940904F18C0804F138075FFA1C
:10D160008AF3013B0D2B6CD8DFE803F0645D575068
:10D1700049433D37302A231C16074A463146284684
:10D18000FEF77EFC0AF1010ABAF1100FE7D19DF912
:10D190000F0006B0BDE8F087424631462846FEF74C
:10D1A0006FFCEFE731462846FEF728FC84F888003C
:10D1B000E8E731462846FEF721FC84F84400E1E721
:10D1C0003A4631462846FEF717FBDBE7314628464C
:10D1D000FEF714FC84F87800D4E731462846FEF7C1
:10D1E000C1FB6060CEE731462846FEF741FBA086D2
:10D1F000C8E731462846FEF7B5FB2063C2E704F1D5
:10D20000240231462846FEF7F7FABBE704F1200274
:10D2100031462846FEF76AFBB4E731462846FEF75A
:10D2200027FB6080AEE704F1140231462846FEF782
:10D23000E3FAA7E704F1080231462846FEF7DCFAD4
:10D24000A0E731462846FEF78DFBC4F8B00099E709
:10D2500010B50323044600F8043B01F0C9FE204644
:10D2600001F040FE204610BD70B586B004AB05AE9F
:10D2700004460078CDE900360DF10F030D4601F0AC
:10D28000C5F99DF90F0008B106B070BD284604F13C
:10D2900020023146FEF7B0FA9DF90F0006B070BDCE
:10D2A0002DE9F84F0D46044608462749DDF8309031
:10D2B000DDE90ABA17461E4602F09CFE00B1224D77
:10D2C000D4F810800021404602F080FE002833D1BF
:10D2D000284665681BF0A4F8216902F0D9FB2946AD
:10D2E00002F0E0FC414602F0D5FBCBF80000656996
:10D2F0003846294602F0CCFBA16802F0D3FC29464F
:10D3000002F0C8FBCAF80000A5693046294602F0C1
:10D31000BFFBE16802F0C6FC294602F0BBFBC9F87E
:10D320000000DBF800302361DAF800306361D9F8DF
:10D330000030A361BDE8F88F28461BF071F86761E3
:10D3400080462061A661C3E7000020412DE9F0413D
:10D3500084B001250646904600788DF807500DF1FF
:10D3600007020F4601F080F99DF80750039035B190
:10D3700020360024ACB10134A542FBD10398ADF8AE
:10D380000A0002220DF10A0102A81AF0F1FB9DF831
:10D3900008209DF8093003983A707B7004B0BDE80E
:10D3A000F08103AB424639463046FEF741FAE2E7E8
:10D3B0002DE9F04184B001250646904600788DF8AD
:10D3C00007500DF107020F4601F04EF99DF8075086
:10D3D000039035B110360024ACB10134A542FBD125
:10D3E0000398ADF80A0002220DF10A0102A81AF012
:10D3F000BFFB9DF808209DF8093003983A707B70B8
:10D4000004B0BDE8F08103AB424639463046FEF732
:10D410000FFAE2E770B586B004AB05AE04460078BB
:10D42000CDE900360DF10F030D4601F0EFF89DF93F
:10D430000F0008B106B070BD284604F11002314655
:10D44000FEF7DAF99DF90F0006B070BDF0B504469D
:10D4500085B0084602F0CEFB01461C4802F0D6FC1F
:10D460004FF07C5102F01EFC01460546206A02F096
:10D47000CDFC4FF07E573946064602F0CFFDF0B1A5
:10D4800001972946606A02F0C1FC4FF07E57394689
:10D49000064602F0C3FDB0B102972946A06A02F029
:10D4A000B5FC4FF07E563146054602F0B7FD40B15F
:10D4B0000396201D01A901F031FD05B0F0BD0196D4
:10D4C000DFE70395F5E70296E7E700BF0000C842F3
:10D4D00010B5044600F8041B01F098FD204601F049
:10D4E00015FD204610BD00BF70B586B004AB05AE7B
:10D4F00004460078CDE900360DF10F030D4601F02A
:10D5000085F89DF90F0008B106B070BD284604F1FA
:10D5100010023146FEF7B4FA9DF90F0006B070BD57
:10D520002DE9F04104460F46184600211D4690465D
:10D5300002F060FD00282DD11749284602F06EFD4B
:10D5400030BBA6680021304602F040FD00B13E46E7
:10D550003146384602F09CFA616802F0A3FB31467E
:10D5600002F098FA2169A0600646284602F09AFB6C
:10D57000616902F08FFA294602F08CFA41460246B0
:10D58000304601F0E5F8BDE8F04103491BF062B90F
:10D59000014DD6E7014DD4E70000C84217B7D13896
:10D5A0002DE9F04184B001250646904600788DF8BB
:10D5B00007500DF107020F4601F056F89DF807508D
:10D5C000039035B110360024ACB10134A542FBD133
:10D5D0000398ADF80A0002220DF10A0102A81AF020
:10D5E000C7FA9DF808209DF8093003983A707B70BF
:10D5F00004B0BDE8F08103AB424639463046FEF741
:10D60000F5FBE2E72DE9F04184B00746904600784B
:10D6100001240DF107020E468DF8074001F024F8B1
:10D620009DF8075003902DB10024ACB10134A54200
:10D63000FBD10398ADF80A0002220DF10A0102A8FD
:10D640001AF096FA9DF808209DF809300398327078
:10D65000737004B0BDE8F081B86803AB4246314650
:10D66000FEF7E2F9E2E700BF70B586B004AB05AEA5
:10D6700004460078CDE900360DF10F030D4600F0A9
:10D68000C5FF9DF90F0008B106B070BD31462846B0
:10D69000FEF768F903469DF90F00A36006B070BD60
:10D6A000F8B50546084602F0A5FA0146194802F009
:10D6B000ADFB4FF07C5102F0F5FA4FF07E5701467A
:10D6C000154802F0A3FB39461BF0C4F8134906467F
:10D6D00002F0E8FA1BF058F8014602F0E3FA0446BB
:10D6E000014602F0DFFA214602F0D4F91AF016FFE3
:10D6F0003946034630461E4602F068FC40B92146D2
:10D70000304602F0C5F9014602F0C4F96860F8BD80
:10D710006F60F8BD0000C84299D4503CDB0FC93F90
:10D7200070B40B4A0B4915689668C56102240470F1
:10D730005468D56804621469466200228562C46236
:10D74000416070BC416181618260C260026170476A
:10D75000B4C002080000484270B586B004AB05AE04
:10D7600004460078CDE900360DF10F030D4600F0B8
:10D770004DFF9DF90F0008B106B070BD3146284637
:10D78000FEF7F0F804F11C02606031462846FEF70F
:10D790004FFB9DF90F0006B070BD00BF2DE9F04FA3
:10D7A000166883B00546304614469946884602F00E
:10D7B0006FF9E1680746304602F06AF901463846DB
:10D7C00002F024FB714902F06DFA714902F062F92E
:10D7D00001460020DDE90CBA1BF026F801466D4831
:10D7E0001BF038F8A968034638461F4602F05AFA7B
:10D7F000674902F04FF9014600201BF015F84FF081
:10D800007E510646484602F0EBFB00287CD16F6152
:10D81000AE61CBF80070A369CBF80430CAF80060A1
:10D82000A369CAF80430D4F808904146484602F08B
:10D830002FF961690746484602F02AF90146384641
:10D8400002F0E4FA544902F02DFA514902F022F9AB
:10D8500000211AF0E9FF119B119A1860236A5360A6
:10D860006868314602F0D0FB002847D04B4930466B
:10D8700002F018FA4A4902F00DF9014649481AF037
:10D88000D3FF0E9B0E9A1860A3695360E968304677
:10D8900002F008FA296902F0FDF8014642481AF040
:10D8A000E9FD014641481AF0BFFF014640481AF021
:10D8B000D1FF0F9B0F9A1860A369536066684146B9
:10D8C000304602F0E5F821690546304602F0E0F8FE
:10D8D0000146284602F09AFA364902F0E3F9354942
:10D8E0001AF0B8FF014600201AF09EFF109B109A14
:10D8F0001860E369536003B0BDE8F08F2A493046F1
:10D9000002F0D0F90146B9E7A069002102F05EFB00
:10D9100000283FF47CAF4946484602F0C3F96B69E2
:10D92000019381463946184602F05AFB88B13846C1
:10D93000494602F0B7F9494607464FF07E5002F0DB
:10D94000A7F8019B194602F0ADF9394602F0A2F89A
:10D950000746AB6901933146184602F041FB0028A7
:10D960003FF457AF3046494602F09CF94946064617
:10D970004FF07E5002F08CF8019B194602F092F9AC
:10D98000314602F087F8064643E700BF0000164321
:10D99000000048420000FA43000066430000A04037
:10D9A00000007A430000C84300002041CDCCCC3DAC
:10D9B00000007A440000C8422DE9F04385B081465A
:10D9C0001646007802240DF107020D468DF8074037
:10D9D00000F04AFE9DF807700390FFB1012409F1A1
:10D9E0001C080CE0022B324603AB2946404601D10D
:10D9F000FEF780F9A74204F101030ED01C46E3B202
:10DA0000012BEFD103ABD9F8040032462946FEF7CB
:10DA10000BF8A74204F10103F0D10398ADF80A0016
:10DA200002220DF10A0102A81AF0A2F89DF80820BE
:10DA30009DF8093003982A706B7005B0BDE8F0833B
:10DA40002DE9F04184B006469046007805240DF19A
:10DA500007020D468DF8074000F006FE9DF807709E
:10DA6000039007B30124E3B2013B042B0AD8DFE89B
:10DA700003F03A0F332C0300306903AB42462946CA
:10DA8000FDF7D2FFA74204F101030BD01C46EAE7E1
:10DA900003ABB06942462946FDF7C6FFA74204F131
:10DAA0000103F3D10398ADF80A0002220DF10A0137
:10DAB00002A81AF05DF89DF808209DF80930039837
:10DAC0002A706B7004B0BDE8F081F06803AB424689
:10DAD0002946FDF7A9FFD5E7B06803AB42462946C2
:10DAE000FDF7A2FFCEE7706903AB42462946FDF77A
:10DAF0009BFFC7E70023034A426182618360C360E2
:10DB000003617047000048424FF6FF7399421FD0EF
:10DB1000B1F5E16F10B504461FD013D864291AD0AF
:10DB2000B1F5967F12D1006A1AF07AFC1AF028FE3D
:10DB300001460B4802F06AF90A4A0B4BA060E2600A
:10DB4000236110BD41F27073994202D0E069EBE7A6
:10DB50007047C06AE8E7806AE6E7406AE4E700BF2A
:10DB6000000016434F57213C841C4BBFF0B587B0D3
:10DB700004AB05AF05460078CDE900370DF10F0382
:10DB80000E4600F043FD9DF90F0090B90124E3B269
:10DB9000013B39463046032B19D8DFE803F0141057
:10DBA0000C02FDF7DFFEE8600134062CEFD19DF991
:10DBB0000F0007B0F0BDFDF7D5FEA860F4E7FDF754
:10DBC000D1FEA861F0E7FDF7CDFE6861ECE7FDF757
:10DBD000C9FE2861E8E700BF30B409241549164A98
:10DBE000164D0470164C416002611649164A456193
:10DBF0008461164D164C416282621649164AC5620E
:10DC00008463164D164CC16302641649C564002234
:10DC10006FF0004504654FF0FF34C0E9164501661A
:10DC200030BC8260C260C2610262026342634264CD
:10DC30008264704707F0963D1C7CE13D3480D73FFD
:10DC40000000A040CDCC0C3E67D5273EE63F4CC03F
:10DC500091ED3CBFFB3A403FB15083405DFEE33E57
:10DC6000363C85BF000040402DE9F04786B004AB4C
:10DC700005AE04460078CDE900360DF10F030D46E0
:10DC800000F0C4FC9DF90F00E0B94FF0010A04F167
:10DC9000400904F12C0804F118075FFA8AF3013BEC
:10DCA000032B24D8DFE803F01D1711024A46314642
:10DCB0002846FEF7BDF80AF1010ABAF1060FECD1C9
:10DCC0009DF90F0006B0BDE8F08742463146284670
:10DCD000FEF7AEF8EFE73A4631462846FEF7A8F8D9
:10DCE000E9E7221D31462846FEF7A2F8E3E7314670
:10DCF0002846FDF737FE2066DDE700BF2DE9F04737
:10DD000082B0DDE90A9ABDF83040B4F5E16F05460E
:10DD1000884617461E466FD028D941F270739C4240
:10DD20002ED047F230539C4208BF012408D1D5E9D8
:10DD300016014FF0FF326FF0004300F029FE08B3E8
:10DD400000244FF0FF326FF000433846314600F0B8
:10DD50001FFE08B9C5E916762146404601F098FE37
:10DD60000D9901F095FE02B0BDE8F087642C05D056
:10DD7000B4F5967F08BF0424D9D0E1E70524D6E79F
:10DD80000224D4E7D5E91601B9EB00006AEB0101E2
:10DD900001F02CFB1AA3D3E9002301F07FFC0B4612
:10DDA0000246CDE900230FFA84F901F01DFE05EBD0
:10DDB000840455F82910824601F074FF616901F06E
:10DDC00069FEA16A8146504601F06CFFDDE900233F
:10DDD00082461946104601F037FB01F005FE014668
:10DDE000504601F057FEE16B01F054FE01464846F3
:10DDF00002F00CF80446A4E7046EA2E7AFF300803B
:10DE00000000000065CDCD412DE9F04784B0074604
:10DE10009046007805240DF107020D468DF8074065
:10DE200000F022FC9DF8076003902EB3012407F157
:10DE3000400A07F12C09E3B2013B042B0AD8DFE8C2
:10DE400003F03B0F342D0300386E03AB42462946E6
:10DE5000FDF7EAFDA64204F101030CD01C46EAE7F7
:10DE600003AB4246294607F11800FDF743FFA642DF
:10DE700004F10103F2D10398ADF80A0002220DF17A
:10DE80000A0102A819F074FE9DF808209DF80930D7
:10DE900003982A706B7004B0BDE8F08703AB42466C
:10DEA00029465046FDF726FFD4E703AB42462946F4
:10DEB0004846FDF71FFFCDE703AB42462946381D14
:10DEC000FDF718FFC6E700BF2DE9F04387B0804695
:10DED0009146007801240DF10F020E468DF80F4097
:10DEE00000F0C2FB9DF80F50059035B1002405AF3E
:10DEF000ACB10134A542FBD10598ADF81200022265
:10DF00000DF1120104A819F033FE9DF810209DF8C0
:10DF1000113005983270737007B0BDE8F083009738
:10DF2000D8E916014B463246FDF73AFEE1E700BF5D
:10DF300070B586B004AB05AE04460078CDE9003676
:10DF40000DF10F030D4600F061FB9DF90F0008B1C4
:10DF500006B070BD31462846FDF7C4FDC4E9160180
:10DF60009DF90F0006B070BD2DE9F04300F150059A
:10DF70009DB00C460646284600F0DCFB20461AF011
:10DF80004FFAB066284600F08BFB002800F09C801A
:10DF90000EAF534B0E933846294615AA06F13404AA
:10DFA0000F931093119312931393149300F098FC12
:10DFB000204600F075FB002800F08B80204600F022
:10DFC000B9FB1B9BF364464B0E93204602A908AC99
:10DFD0000F931093119312931393149300F040FC3A
:10DFE00002A92246384600F04DFC02A9204600F066
:10DFF00049FBDFF8F88002AD28681AF0ABFA414619
:10E0000001F050FE45F8040BAC42F5D102A800F037
:10E01000C5FC6D464FF00009A84654F8040B49466C
:10E0200001F0DEFF031E18BF0123A74208F8013BE1
:10E03000F3D19DF800309DF801209DF802009DF875
:10E0400003101A4410449DF8042001449DF8050073
:10E050000A448118AA1D00E02B7883F0010305F81B
:10E06000013B9542F8D19DF800309DF801209DF8C4
:10E0700002409DF803001A4414449DF804209DF8C2
:10E0800005302044024413448B42ACBF154C164C5F
:10E090000599049801F0FEFC4FF07C5101F002FE5E
:10E0A000214601F0A7FF68B196F86C300133DBB26E
:10E0B000042B86F86C3009D9012386F82A301DB06C
:10E0C000BDE8F08386F86C0086F82A001DB0BDE834
:10E0D000F08315A91C22204619F04AFD73E700BF02
:10E0E0002549123E0AD7A33C0AD7A33BE12E65423D
:10E0F0001449C16100220023C0E908236421124BA6
:10E1000080F8281030B400220524C36204708261B4
:10E1100000F1340300F1500143F8042B8B429A6163
:10E12000FAD1002300240025C0E90245026730BC73
:10E13000426102610263A0F86C3080F829304385A7
:10E14000704700BFC9B28B5323291D562DE9F047F4
:10E150000446D0E9020116461F46D4E90823B6EB6F
:10E16000000867EB0109424573EB09039DF8245051
:10E17000DDF82CA003DB864277EB010354DA0023A1
:10E180004FF00008236184F82A80C4E9026794F8FC
:10E1900029307BB9D4E90201301A67EB010101F0A3
:10E1A00043FD616901F076FCA169606101F02CFF1B
:10E1B000002872D194F82B307BB9D4E90201301ACF
:10E1C00067EB010101F030FD216B01F063FCE16AB6
:10E1D000206301F019FF00285BD1B8F1000F00D1D6
:10E1E00085B3012E77F100030A9A94F82930BCBF59
:10E1F00001260027C4E90267137094F82A308AF8D0
:10E2000000300D9A94F82B3013709AF800302BB927
:10E21000E5690021284601F0D9FE58B10C9A4FF06B
:10E220007E531360BDE8F08750EA010394F82A801A
:10E23000ADD1AAE72069294601F0E8FD0C9B1860E2
:10E24000BDE8F08794F86D30022B2AD8002B3FD11F
:10E2500008981AF0E5F8216F054601F019FC2567CA
:10E260001AF08EFA1AF076F9204901F01BFD4FF0F2
:10E270007E5101F0BFFE98B394F86C300133DBB2ED
:10E28000012B84F86C3029D90123194D84F82A30E8
:10E290000AE0012384F82B309FE7012384F829301A
:10E2A00088E7032B1AD1134DD4E90201301A67EB2A
:10E2B000010101F0B9FC216901F0ECFB2946206164
:10E2C00001F0A2FE00288CD0012384F82A3088E7D0
:10E2D0000899074D2046FFF747FEE5E7044DE3E7C1
:10E2E000034D84F86C8084F82A80DDE7E12E6542D6
:10E2F0002E8CD15376845F512DE9F04184B00746CE
:10E300009046007803240DF107020D468DF8074072
:10E3100000F0AAF99DF807600390C6B1012406E059
:10E32000012B2ED0A64204F101030FD01C46E3B20C
:10E33000022B1ED0032BF3D103ABF86A42462946C9
:10E34000FDF772FBA64204F10103EFD10398ADF88B
:10E350000A0002220DF10A0102A819F009FC9DF839
:10E3600008209DF8093003982A706B7004B0BDE84E
:10E37000F08197F9280003AB42462946FDF700FDDE
:10E38000D0E7B86903AB42462946FDF74DFBC9E724
:10E390002DE9F04186B006469046007807240DF13D
:10E3A0000F020D468DF80F4000F05EF99DF80F70DA
:10E3B000059017B30124E3B2013B062B0BD8DFE82D
:10E3C00003F0352E463E4D100400306B05AB42463F
:10E3D0002946FDF729FBA74204F101030CD01C4696
:10E3E000E9E705AB96F82B0042462946FDF716FCF7
:10E3F000A74204F10103F2D10598ADF81200022200
:10E400000DF1120104A819F0B3FB9DF810209DF83E
:10E41000113005982A706B7006B0BDE8F081706904
:10E4200005AB42462946FDF7FFFAD4E705AB00935A
:10E43000D6E9020143462A46FDF7B2FBCBE796F840
:10E44000290005AB42462946FDF7E8FBC3E73069E2
:10E4500005AB42462946FDF7E7FABCE796F82A00E5
:10E4600005AB42462946FDF7D9FBB4E7F0B587B0C6
:10E4700004AB05AF05460078CDE900370DF10F0379
:10E480000E4600F0C3F89DF90F00C0B90124E3B2B5
:10E49000013B052B3ED8DFE803F036302A1F14037A
:10E4A000059BF25C003A03F1010318BF012285F8D5
:10E4B0002B2005930134082CE9D19DF90F0007B0FA
:10E4C000F0BD059BF25C003A03F1010318BF012285
:10E4D00085F82A200593EDE7059BF25C003A03F1ED
:10E4E000010318BF012285F829200593E2E7394688
:10E4F0003046FDF737FA2861DCE739463046FDF74C
:10E5000031FA6861D6E739463046FDF7EBFAC5E9DE
:10E510000201CFE739463046FDF724FA2863C9E700
:10E520004FF6FF73994229D090F928201F4B01FB29
:10E5300002F210B402EB52021D4CC461A2FB032391
:10E540000024B1F5E16FC0E9082380F86D4026D0C2
:10E550000BD864291CD0B1F5967F04D1154BC3614B
:10E56000012380F86D3010BC704741F270739942FE
:10E57000F9D1042310BC80F86D307047002303618B
:10E58000002100220023C0E9022380F82A107047EE
:10E59000084BC361022310BC80F86D307047064BF6
:10E5A000C361032310BC80F86D30704780969800DB
:10E5B000C9B28B53C9B28B5276845F5170B586B0A5
:10E5C00004AB05AE04460078CDE900360DF10F032B
:10E5D0000D4600F01BF89DF90F0008B106B070BDA4
:10E5E00031462846FDF7BEF93146A0612846FDF7C1
:10E5F00065FC314684F828002846FDF7B3F9034648
:10E600009DF90F00E36206B070BD00BF2DE9F04137
:10E6100082B0DDE908751C46032A4FF000032B6029
:10E6200023703B6004D89823237002B0BDE8F081CA
:10E6300004232B600A784B788DF8042080460E4620
:10E64000022201A90DF106008DF8053019F090FAAB
:10E65000BDF806303B60B37843451CBF9C23237054
:10E6600002B0BDE8F08100BF10B414780CB19C4238
:10E6700003D2002010BC10707047887010BC0420BA
:10E68000704700BF70B50D1F041F00F1140654F849
:10E69000040F1AF075F8B44245F8040FF7D170BDB5
:10E6A00070B50026041F00F1180554F8040F314618
:10E6B00001F08CFC18B9AC42F7D1012070BD0020EC
:10E6C00070BD00BF38B504460D4619F053FE164B19
:10E6D000002201F02BF978B1144B00222046294684
:10E6E00001F038F958B9124B00222046294601F0B2
:10E6F0003BF970B1002400252046294638BD0B4B5C
:10E7000020462946002200F0E9FCBDE838401AF016
:10E71000BFB9064B20462946002200F0DDFCBDE8CB
:10E7200038401AF039B900BF000030430000E03F24
:10E730000000E0BF10B40468034600F118015A68F5
:10E7400043F8042B8B42FAD1846110BC704700BFA0
:10E75000F8B505460C4610460021164601F040FC6F
:10E76000002855D12B49304601F058FC00284CD1E7
:10E770002849304601F04AFB19F028FE2649064692
:10E78000284601F08FFA25490746284601F082F90C
:10E790000146384601F03AFB314601F07BF91F494A
:10E7A000054601F07FFA294605461B4801F070F93D
:10E7B0000146284601F02AFB1749064601F072FA85
:10E7C00016490546304601F065F90146284601F034
:10E7D0001DFB11490546204601F064FA0F49064623
:10E7E000204601F057F90146304601F00FFB014683
:10E7F000284601F04DF919F0C1FD064901F052FA21
:10E80000BDE8F84003491AF025B84FF07E50B3E751
:10E810000020B1E70000C842C3F58C41B81E734325
:10E82000002917DD30B401380C4D44184FF6FF7342
:10E8300010F8011F4B40D9B2844235F8111081EA1B
:10E840001323F5D1DB43D9B2C3F3072330BC1170D6
:10E85000537070470023137053707047C8C002088C
:10E86000F8B5056804460E1F00F11807294654F84C
:10E87000045F284601F00CF9BC4246F8040FF5D1BC
:10E88000F8BD00BF2DE9F84F9246131F0024143243
:10E8900043F8044F9342FBD10E4600F11407A0F158
:10E8A00004094FF000080AEB88054C46D5F800B083
:10E8B00054F8041F306801F0F5F9594601F0EAF800
:10E8C000BC4245F8040BF1D108F10108B8F1060F7C
:10E8D00006F10406A4F10407E5D1BDE8F88F00BFF6
:10E8E0002DE9F84F9246131F0024183243F8044FC5
:10E8F0009342FBD10E4600F11807A0F104094FF036
:10E9000000080AEB88054C46D5F800B054F8041FFF
:10E91000306801F0C7F9594601F0BCF8BC4245F82F
:10E92000040BF1D108F10108B8F1070F06F1040654
:10E93000A4F10407E5D1BDE8F88F00BF70B4039CD3
:10E9400080B10C480C4D0D4E086000201560186019
:10E950000B4D20604E600B480B495560586061605C
:10E9600070BC70470348044D0860084E15600020D5
:10E97000EDE700BF00002A43000082C2F874C44CD7
:10E980000000FA420000C8420024F449806A494B62
:10E99000994206BF90420120002070472DE9F04FB8
:10E9A000A7B001680C9005469DF93E000890002331
:10E9B0009DF93F0009900022012410911046AB46BA
:10E9C00014921193129313930E940DF150084FF07B
:10E9D000020A26AB1D1903EB8402DBF8041005F8CC
:10E9E00060AC0023032CC8F8043042F8581C04F132
:10E9F00001054FD02C460AF1010A5FFA8AFABAF1F2
:10EA0000070F08F104080BF1040BE2D128B1089BB1
:10EA10008DF83E30099B8DF83F30002C00F0E780E8
:10EA20000023012C8DF83D30ADF83E3000F03C81E4
:10EA3000022C40F01D81109E119D3046294601F0A8
:10EA4000D9FA002800F033818DF83D403546012386
:10EA50000C98C4EB847214A9C4F1804401EB8202C7
:10EA60000534183200EB84040DF13D0100F1140669
:10EA700026A844F8045F0344A64213F9613C42F817
:10EA8000043B00F0B48011F9013B00EB830050F827
:10EA90005C5CEDE7119E109C04962046314601F027
:10EAA000A9FA00286FD10123099305930A93002343
:10EAB000224606930223344604920893DDF84890D8
:10EAC000139F4846394601F095FA002840F08880A7
:10EAD000494603250423B94607950B950F460226A0
:10EAE0000D934946204601F085FA002854D00A9B30
:10EAF00026AA02EB8303494653F85C3C0893184668
:10EB000001F078FA002840F08C8026AB03EB8505F5
:10EB1000089B55F85C0C194601F076FA002800F0C5
:10EB20009280059B07980793069B0593099B089382
:10EB300049460B9B0696A1460646049C09930497FA
:10EB40000F46079BCBF8004026AA13441946059BA5
:10EB500011F9600C4BF8089C13441D46069B15F9EF
:10EB6000605C4BF8047C1344164413F9601C16F9DE
:10EB7000606C049BCBF8043048E90206C8E90051F8
:10EB80000120002437E701230222CDE90832069351
:10EB900000230A92059391E726AB03EB85052146F6
:10EBA00055F85C5C284601F02FFA0028C9D00A9B72
:10EBB00026AA02EB8303294653F85C0C01F01AFAEB
:10EBC00000284CD0069B3046059E0593099B089370
:10EBD00039460B9B069027460993049C0491B0E7A5
:10EBE00002230326079304230D960B9379E720AAAB
:10EBF0001AAD00242B4616461046002143F8041B8C
:10EC0000984242F8044BF9D102230093CDE9015612
:10EC10000C9914A80623002200F004F927B0BDE8DF
:10EC2000F08FB446DDE90536079D0595CDE906C3AD
:10EC30000B9B0993384649460D9B049F0893A146B8
:10EC400004900C467DE7059B0798079349460B9B6C
:10EC50000596A14606463C4608930F4671E73046A6
:10EC600039460B9B059E0893274605900C4668E79E
:10EC7000109E119D3046294601F0BCF9129FD8B173
:10EC80002846394601F0B6F980BB3946304601F0D6
:10EC9000B1F900283CD0022303228DF83E303546DE
:10ECA0008DF83D200123D3E6109D2346D0E60123B5
:10ECB0008DF83D302346CBE63046394601F09AF9CF
:10ECC00060B93946284601F095F9C0B10123032205
:10ECD0008DF83E308DF83D200223B9E60323012252
:10ECE0008DF83E308DF83D200223B1E60323022249
:10ECF0008DF83E3035468DF83D200123A8E60123EE
:10ED000002228DF83E303D468DF83D2003239FE6DC
:10ED1000022301228DF83E303D468DF83D2003232D
:10ED200096E600BF2DE9F04F87B0DDE91145109E52
:10ED300004933344002BCDE90201059317DD0298BB
:10ED400002F18041013900EB810C039800EB810155
:10ED50000598231F03EB8008281F5CF8046F43F815
:10ED6000046F51F8046F40F8046F4345F5D1049BDC
:10ED70004FF0000902F1FF384F469B469E0055F8C0
:10ED800007A0A9590191504601F034F9019908F101
:10ED9000010C78B1029AE35942F82C30039B43F8F6
:10EDA0002CA0049B09F101094B4537DD4FEA890787
:10EDB000E046E4E7029BA05943F82C00039B43F88C
:10EDC0002C10059B0BF1010B5B4503DD4FEA8B0615
:10EDD000E046D4E7049A09F101039A421EDB029946
:10EDE00008F1804808F1010809F1004901EB8807A2
:10EDF000039909F1FF39231F05EB890504EB890409
:10EE000001EB880603EB820354F8041F55F8042F26
:10EE100047F8041FA34246F8042FF5D107B0BDE818
:10EE2000F08F00BF2DE9F04F89B0DDE9124543FABC
:10EE300004F70126012FDDF850B0059507938146B0
:10EE40008A46069206FA04F633DDFB0714D5079BC3
:10EE5000013F06FB07F29B1AB3420DDD66B19B1B17
:10EE60000093059B0193069BCDF808B01A445146C8
:10EE700033464846FFF756FF7F104FEA460819D041
:10EE8000069D049700242A460134454433465146E2
:10EE9000484636B1059FCDF808B0CDE90067FFF7C9
:10EEA00041FF049BA342EED1012B1F4602DD4646E3
:10EEB000CBE7B046079B434511DDB8F1000F0ED0FC
:10EEC000A3EB08031293069A059B139351464346FE
:10EED0004846CDF850B009B0BDE8F04F22E709B080
:10EEE000BDE8F08F037F074A0749016242628262F0
:10EEF0003BB10022012B026103D0022B426118BFFB
:10EF0000826170470AD7233B0AD7A33C027B0023C8
:10EF10000361436102B18360704700BFF8B50C46DE
:10EF200005463249206800F0BDFE19F02DFC01466F
:10EF300000F0B8FE0646014600F0B4FE314600F08F
:10EF4000A9FD19F0EBFA314600F0A2FD014600F0F0
:10EF5000A1FD4FF07E5728602068394601F036F851
:10EF600000B12F602149606800F09CFE19F00CFC94
:10EF7000014600F097FE0646014600F093FE31463A
:10EF800000F088FD19F0CAFA314600F081FD014613
:10EF900000F080FD4FF07E5768606068394601F0F0
:10EFA00015F800B16F601149A06800F07BFE19F000
:10EFB000EBFB014600F076FE0646014600F072FECD
:10EFC000314600F067FD19F0A9FA314600F060FD06
:10EFD000014600F05FFD4FF07E57A860A0683946FB
:10EFE00000F0F4FF00B1AF60F8BD00BFDB0FC93F18
:10EFF0004FF07C51002210B403240476016010BC51
:10F0000041608160C26002614261704710B40124B6
:10F010004FF07C5100220472016010BC42607047C6
:10F02000034613F8012B002AFBD1181A0138704748
:10F0300001F0FF01102A2BDB10F0070F08D010F8A9
:10F04000013B013A8B422DD010F0070F42B3F6D1AD
:10F05000F0B441EA012141EA014122F007047FF0C6
:10F0600000070023F0E80256083C85EA010586EA1D
:10F07000010685FA47F5A3FA87F586FA47F6A5FA59
:10F0800087F68EB9EED1F0BC01F0FF0102F0070265
:10F0900032B110F8013B013A83EA010313B1F8D110
:10F0A0000020704701387047002D06BF35460338F1
:10F0B000073815F0010F07D1013015F4807F02BF2A
:10F0C000013015F4C03F0130F0BC0138704700BF7B
:10F0D00081F0004102E000BF83F0004330B54FEA09
:10F0E00041044FEA430594EA050F08BF90EA020F76
:10F0F0001FBF54EA000C55EA020C7FEA645C7FEA09
:10F10000655C00F0E2804FEA5454D4EB5555B8BF2B
:10F110006D420CDD2C4480EA020281EA030382EA9C
:10F12000000083EA010180EA020281EA0303362D2E
:10F1300088BF30BD11F0004F4FEA01314FF4801C01
:10F140004CEA113102D0404261EB410113F0004F13
:10F150004FEA03334CEA133302D0524263EB4303CA
:10F1600094EA050F00F0A780A4F10104D5F1200E68
:10F170000DDB02FA0EFC22FA05F2801841F10001C3
:10F1800003FA0EF2801843FA05F359410EE0A5F197
:10F1900020050EF1200E012A03FA0EFC28BF4CF0C8
:10F1A000020C43FA05F3C01851EBE37101F000457E
:10F1B00007D54FF0000EDCF1000C7EEB00006EEB8B
:10F1C0000101B1F5801F1BD3B1F5001F0CD3490815
:10F1D0005FEA30004FEA3C0C04F101044FEA44526C
:10F1E00012F5800F80F09A80BCF1004F08BF5FEAF3
:10F1F000500C50F1000041EB045141EA050130BDD3
:10F200005FEA4C0C404141EB0101013C28BFB1F5E4
:10F21000801FE9D291F0000F04BF01460020B1FA2F
:10F2200081F308BF2033A3F10B03B3F120020CDA02
:10F230000C3208DD02F1140CC2F10C0201FA0CF0E0
:10F2400021FA02F10CE002F11402D8BFC2F1200C45
:10F2500001FA02F120FA0CFCDCBF41EA0C019040FB
:10F26000E41AA2BF01EB0451294330BD6FEA040444
:10F270001F3C1CDA0C340EDC04F11404C4F120022F
:10F2800020FA04F001FA02F340EA030021FA04F341
:10F2900045EA030130BDC4F10C04C4F1200220FA98
:10F2A00002F001FA04F340EA0300294630BD21FAD6
:10F2B00004F0294630BD94F0000F83F4801306BF9C
:10F2C00081F480110134013D4EE77FEA645C18BF90
:10F2D0007FEA655C29D094EA050F08BF90EA020F27
:10F2E00005D054EA000C04BF1946104630BD91EA1F
:10F2F000030F1EBF0021002030BD5FEA545C05D122
:10F300004000494128BF41F0004130BD14F5800460
:10F310003CBF01F5801130BD01F0004545F0FE41D4
:10F3200041F470014FF0000030BD7FEA645C1ABF09
:10F33000194610467FEA655C1CBF0B46024650EA40
:10F34000013406BF52EA033591EA030F41F400216C
:10F3500030BD00BF90F0000F04BF0021704730B5F2
:10F360004FF4806404F132044FF000054FF00001C7
:10F3700050E700BF90F0000F04BF0021704730B588
:10F380004FF4806404F1320410F0004548BF40425D
:10F390004FF000013EE700BF42004FEAE2014FEAB2
:10F3A00031014FEA02701FBF12F07F4393F07F4F8D
:10F3B00081F06051704732F07F4208BF704793F090
:10F3C0007F4F04BF41F40021704730B54FF46074A3
:10F3D00001F0004521F000411CE700BF50EA0102A6
:10F3E00008BF704730B54FF000050AE050EA01024F
:10F3F00008BF704730B511F0004502D5404261EBBF
:10F4000041014FF4806404F132045FEA915C3FF4FF
:10F41000D8AE4FF003025FEADC0C18BF03325FEA9C
:10F42000DC0C18BF033202EBDC02C2F1200300FA4D
:10F4300003FC20FA02F001FA03FE40EA0E0021FA72
:10F4400002F11444BDE600BF70B54FF0FF0C4CF460
:10F45000E06C1CEA11541DBF1CEA135594EA0C0F12
:10F4600095EA0C0F00F0DEF82C4481EA030621EA4D
:10F470004C5123EA4C5350EA013518BF52EA033588
:10F4800041F4801143F4801338D0A0FB02CE4FF03A
:10F490000005E1FB02E506F00042E0FB03E54FF06A
:10F4A0000006E1FB03569CF0000F18BF4EF0010E62
:10F4B000A4F1FF04B6F5007F64F5407404D25FEA5E
:10F4C0004E0E6D4146EB060642EAC62141EA555111
:10F4D0004FEAC52040EA5E504FEACE2EB4F1FD0C53
:10F4E00088BFBCF5E06F1ED8BEF1004F08BF5FEAD1
:10F4F000500E50F1000041EB045170BD06F0004683
:10F5000046EA010140EA020081EA0301B4EB5C042F
:10F51000C2BFD4EB0C0541EA045170BD41F4801127
:10F520004FF0000E013C00F3AB8014F1360FDEBF4C
:10F53000002001F0004170BDC4F10004203C35DA28
:10F540000C341BDC04F11404C4F1200500FA05F3AB
:10F5500020FA04F001FA05F240EA020001F000424C
:10F5600021F0004110EBD37021FA04F642EB0601C2
:10F570005EEA430E08BF20EAD37070BDC4F10C04EC
:10F58000C4F1200500FA04F320FA05F001FA04F2B0
:10F5900040EA020001F0004110EBD37041F100019C
:10F5A0005EEA430E08BF20EAD37070BDC4F12005A7
:10F5B00000FA05F24EEA020E20FA04F301FA05F20F
:10F5C00043EA020321FA04F001F0004121FA04F2B7
:10F5D00020EA020000EBD3705EEA430E08BF20EA87
:10F5E000D37070BD94F0000F0FD101F000464000C1
:10F5F00041EB010111F4801F08BF013CF7D041EA43
:10F60000060195F0000F18BF704703F00046520046
:10F6100043EB030313F4801F08BF013DF7D043EA17
:10F620000603704794EA0C0F0CEA135518BF95EACD
:10F630000C0F0CD050EA410618BF52EA4306D1D154
:10F6400081EA030101F000414FF0000070BD50EA73
:10F65000410606BF1046194652EA430619D094EAFD
:10F660000C0F02D150EA013613D195EA0C0F05D1E7
:10F6700052EA03361CBF104619460AD181EA03013B
:10F6800001F0004141F0FE4141F470014FF00000F3
:10F6900070BD41F0FE4141F4780170BD70B54FF08E
:10F6A000FF0C4CF4E06C1CEA11541DBF1CEA13550E
:10F6B00094EA0C0F95EA0C0F00F0A7F8A4EB0504F0
:10F6C00081EA030E52EA03354FEA013100F08880E7
:10F6D0004FEA03334FF0805545EA131343EA1263B0
:10F6E0004FEA022245EA111545EA10654FEA002665
:10F6F0000EF000419D4208BF964244F1FD0404F51E
:10F70000407402D25B084FEA3202B61A65EB030579
:10F710005B084FEA32024FF480104FF4002CB6EB36
:10F72000020E75EB030E22BFB61A754640EA0C00B6
:10F730005B084FEA3202B6EB020E75EB030E22BFF6
:10F74000B61A754640EA5C005B084FEA3202B6EB37
:10F75000020E75EB030E22BFB61A754640EA9C00F6
:10F760005B084FEA3202B6EB020E75EB030E22BFC6
:10F77000B61A754640EADC0055EA060E18D04FEA84
:10F78000051545EA16754FEA06164FEAC30343EA24
:10F7900052734FEAC2025FEA1C1CC0D111F4801FF1
:10F7A0000BD141EA00014FF000004FF0004CB6E7EA
:10F7B00011F4801F04BF01430020B4F1FD0C88BF89
:10F7C000BCF5E06F3FF6AFAEB5EB030C04BFB6EB94
:10F7D000020C5FEA500C50F1000041EB045170BD87
:10F7E0000EF0004E4EEA113114EB5C04C2BFD4EBB4
:10F7F0000C0541EA045170BD41F480114FF0000E38
:10F80000013C90E645EA060E8DE60CEA135594EAB3
:10F810000C0F08BF95EA0C0F3FF43BAF94EA0C0FB6
:10F820000AD150EA01347FF434AF95EA0C0F7FF42B
:10F8300025AF104619462CE795EA0C0F06D152EA7F
:10F8400003353FF4FDAE1046194622E750EA410663
:10F8500018BF52EA43067FF4C5AE50EA41047FF474
:10F860000DAF52EA43057FF4EBAE12E74FF0FF3CD9
:10F8700006E000BF4FF0010C02E000BF4FF0010CAA
:10F880004DF804CD4FEA410C7FEA6C5C4FEA430C23
:10F8900018BF7FEA6C5C1BD001B050EA410C0CBF72
:10F8A00052EA430C91EA030F02BF90EA020F0020D4
:10F8B000704710F1000F91EA030F58BF994208BF3B
:10F8C00090422CBFD8176FEAE37040F001007047F8
:10F8D0004FEA410C7FEA6C5C02D150EA013C07D14F
:10F8E0004FEA430C7FEA6C5CD6D152EA033CD3D09A
:10F8F0005DF8040B704700BF8446104662468C4694
:10F900001946634600E000BF01B5FFF7B7FF0028C6
:10F9100048BF10F1000F01BD4DF808EDFFF7F4FFEF
:10F920000CBF012000205DF808FB00BF4DF808ED7A
:10F93000FFF7EAFF34BF012000205DF808FB00BF9D
:10F940004DF808EDFFF7E0FF94BF012000205DF8BF
:10F9500008FB00BF4DF808EDFFF7CEFF94BF012074
:10F9600000205DF808FB00BF4DF808EDFFF7C4FF6D
:10F9700034BF012000205DF808FB00BF4FEA410CB6
:10F980007FEA6C5C02D150EA013C0AD14FEA430C99
:10F990007FEA6C5C02D152EA033C02D14FF00000D6
:10F9A00070474FF0010070474A0011D212F5001263
:10F9B00011D20DD56FF47873B3EB62520ED44FEAC7
:10F9C000C12343F0004343EA505323FA02F0704747
:10F9D0004FF00000704750EA013002D14FF0FF3085
:10F9E00070474FF0000070474FEA4102B2F1E04328
:10F9F00024BFB3F5001CDCF1FE5C0DD901F0004C16
:10FA00004FEAC0024CEA5070B2F1004F40EB830065
:10FA100008BF20F00100704711F0804F21D113F191
:10FA20003872BCBF01F00040704741F480114FEACA
:10FA30005252C2F11802C2F1200C10FA0CF320FA53
:10FA400002F018BF40F001004FEAC1234FEAD32370
:10FA500003FA0CFC40EA0C0023FA02F34FEA4303DA
:10FA6000CCE77FEA625307D150EA01331EBF4FF063
:10FA7000FE4040F44000704701F0004040F0FE407E
:10FA800040F40000704700BF80F0004002E000BF7B
:10FA900081F0004142001FBF5FEA410392EA030F79
:10FAA0007FEA226C7FEA236C6AD04FEA1262D2EBC3
:10FAB0001363C1BFD218414048404140B8BF5B42C8
:10FAC000192B88BF704710F0004F40F4000020F061
:10FAD0007F4018BF404211F0004F41F4000121F077
:10FAE0007F4118BF494292EA030F3FD0A2F10102C1
:10FAF00041FA03FC10EB0C00C3F1200301FA03F1FF
:10FB000000F0004302D5494260EB4000B0F5000F21
:10FB100013D3B0F1807F06D340084FEA310102F1E0
:10FB20000102FE2A51D2B1F1004F40EBC25008BF92
:10FB300020F0010040EA03007047490040EB00005C
:10FB4000013A28BFB0F5000FEDD2B0FA80FCACF15D
:10FB5000080CB2EB0C0200FA0CF0AABF00EBC2508A
:10FB600052421843BCBFD0401843704792F0000F78
:10FB700081F4000106BF80F400000132013BB5E7CB
:10FB80004FEA41037FEA226C18BF7FEA236C21D041
:10FB900092EA030F04D092F0000F08BF08467047A6
:10FBA00090EA010F1CBF0020704712F07F4F04D174
:10FBB000400028BF40F00040704712F100723CBF87
:10FBC00000F50000704700F0004343F0FE4040F4B1
:10FBD000000070477FEA226216BF08467FEA23636F
:10FBE0000146420206BF5FEA412390EA010F40F45A
:10FBF000800070474FF0000304E000BF10F00043A6
:10FC000048BF40425FEA000C08BF704743F096438C
:10FC100001464FF000001CE050EA010208BF7047A7
:10FC20004FF000030AE000BF50EA010208BF70472E
:10FC300011F0004302D5404261EB41015FEA010C43
:10FC400002BF84460146002043F0B64308BFA3F13B
:10FC50008053A3F50003BCFA8CF2083AA3EBC2531D
:10FC600010DB01FA02FC634400FA02FCC2F120023C
:10FC7000BCF1004F20FA02F243EB020008BF20F073
:10FC80000100704702F1200201FA02FCC2F12002D9
:10FC900050EA4C0021FA02F243EB020008BF20EACE
:10FCA000DC7070474FF0FF0C1CEAD0521EBF1CEAFC
:10FCB000D15392EA0C0F93EA0C0F6FD01A4480EAEA
:10FCC000010C400218BF5FEA41211ED04FF00063D3
:10FCD00043EA501043EA5111A0FB01310CF00040FF
:10FCE000B1F5000F3EBF490041EAD3715B0040EA25
:10FCF000010062F17F02FD2A1DD8B3F1004F40EBF5
:10FD0000C25008BF20F00100704790F0000F0CF0C7
:10FD1000004C08BF49024CEA502040EA51207F3A8B
:10FD2000C2BFD2F1FF0340EAC250704740F4000066
:10FD30004FF00003013A5DDC12F1190FDCBF00F057
:10FD400000407047C2F10002410021FA02F1C2F105
:10FD5000200200FA02FC5FEA310040F1000053EAA1
:10FD60004C0308BF20EADC70704792F0000F00F0EF
:10FD7000004C02BF400010F4000F013AF9D040EAF5
:10FD80000C0093F0000F01F0004C02BF490011F489
:10FD9000000F013BF9D041EA0C018FE70CEAD15387
:10FDA00092EA0C0F18BF93EA0C0F0AD030F0004C07
:10FDB00018BF31F0004CD8D180EA010000F00040BB
:10FDC000704790F0000F17BF90F0004F084691F079
:10FDD000000F91F0004F14D092EA0C0F01D14202B3
:10FDE0000FD193EA0C0F03D14B0218BF084608D17C
:10FDF00080EA010000F0004040F0FE4040F40000C6
:10FE0000704740F0FE4040F4400070474FF0FF0C58
:10FE10001CEAD0521EBF1CEAD15392EA0C0F93EA9F
:10FE20000C0F69D0A2EB030280EA010C49024FEAF1
:10FE3000402037D04FF0805343EA111143EA1013AA
:10FE40000CF000408B4238BF5B0042F17D024FF462
:10FE5000000C8B4224BF5B1A40EA0C00B3EB510F3D
:10FE600024BFA3EB510340EA5C00B3EB910F24BF26
:10FE7000A3EB910340EA9C00B3EBD10F24BFA3EBAB
:10FE8000D10340EADC001B0118BF5FEA1C1CE0D173
:10FE9000FD2A3FF650AF8B4240EBC25008BF20F026
:10FEA000010070470CF0004C4CEA50207F32C2BF7A
:10FEB000D2F1FF0340EAC250704740F400004FF017
:10FEC0000003013A37E792F0000F00F0004C02BF48
:10FED000400010F4000F013AF9D040EA0C0093F012
:10FEE000000F01F0004C02BF490011F4000F013B6C
:10FEF000F9D041EA0C0195E70CEAD15392EA0C0FD4
:10FF000008D142027FF47DAF93EA0C0F7FF470AF0B
:10FF1000084676E793EA0C0F04D14B023FF44CAF4E
:10FF200008466EE730F0004C18BF31F0004CCAD1E3
:10FF300030F000427FF45CAF31F000437FF43CAF1F
:10FF40005FE700BF4FF0FF3C06E000BF4FF0010C41
:10FF500002E000BF4FF0010C4DF804CD4FEA400223
:10FF60004FEA41037FEA226C18BF7FEA236C11D06D
:10FF700001B052EA530C18BF90EA010F58BFB2EB20
:10FF8000030088BFC81738BF6FEAE17018BF40F0A0
:10FF9000010070477FEA226C02D15FEA402C05D154
:10FFA0007FEA236CE4D15FEA412CE1D05DF8040BD9
:10FFB000704700BF844608466146FFE70FB5FFF76C
:10FFC000C9FF002848BF10F1000F0FBD4DF808ED24
:10FFD000FFF7F4FF0CBF012000205DF808FB00BF15
:10FFE0004DF808EDFFF7EAFF34BF012000205DF86F
:10FFF00008FB00BF4DF808EDFFF7E0FF94BF0120BC
:020000040801F1
:1000000000205DF808FB00BF4DF808EDFFF7D2FFB8
:1000100094BF012000205DF808FB00BF4DF808EDFB
:10002000FFF7C8FF34BF012000205DF808FB00BFC8
:100030004FEA40024FEA41037FEA226C02D15FEAB5
:10004000402C08D17FEA236C02D15FEA412C02D117
:100050004FF0000070474FF0010070474FEA400238
:10006000B2F1FE4F0FD34FF09E03B3EB12620DD9E6
:100070004FEA002343F0004310F0004F23FA02F050
:1000800018BF404270474FF00000704712F1610FF7
:1000900001D1420205D110F0004008BF6FF00040CE
:1000A00070474FF00000704742000ED2B2F1FE4F91
:1000B0000BD34FF09E03B3EB126209D44FEA002337
:1000C00043F0004323FA02F070474FF000007047FE
:1000D00012F1610F01D1420202D14FF0FF3070479F
:1000E0004FF00000704700BF53B94AB9002908BF5C
:1000F00000281CBF4FF0FF314FF0FF3000F0BEB9B9
:10010000ADF1080C6DE904CE00F03CF8DDF804E038
:10011000DDE9022304B0704738B50022002304460D
:100120000D46FFF703FC28B920462946BDE83840B4
:1001300000F00AB8204605F1004100F005F8404201
:1001400061EB410138BD00BFD0B50C4B0022064623
:100150000F46FFF779F9FFF727FC0446FFF7FAF897
:10016000074B0022FFF770F902460B46304639462E
:10017000FEF7B2FFFFF718FC2146D0BD0000F03DAE
:100180000000F0412DE9F047089D0F4604468C46DB
:10019000002B48D18A42164661D9B2FA82F34BB19C
:1001A000C3F1200201FA03FC20FA02F29E4042EA67
:1001B0000C0C9C404FEA164EB7B2BCFBFEF1220C71
:1001C0000EFB11CC42EA0C4201FB07F0904209D928
:1001D000B21801F1FF3C80F0EE80904240F2EB80DB
:1001E00002393244121AA4B2B2FBFEF00EFB102206
:1001F00044EA024400FB07F7A74209D9341900F189
:10020000FF3280F0DA80A74240F2D78034440238CF
:1002100040EA0140E41B00211DB1DC400023C5E998
:100220000043BDE8F0878B4206D90DB1C5E9000156
:1002300000210846BDE8F087B3FA83F1002948D1D0
:10024000BB4202D3824200F20781841A67EB0302A9
:1002500001209446002DE4D0C5E9004CE1E7002AD6
:1002600000F09280B2FA82F3002B40F0A8808A1A44
:100270004FEA164E1FFA86FC0121200CB2FBFEF756
:100280000EFB172240EA02420CFB07F0904207D90E
:10029000B21807F1FF3802D2904200F2E2804746DE
:1002A000121AA4B2B2FBFEF00EFB102244EA024482
:1002B0000CFB00FCA44507D9341900F1FF3202D22F
:1002C000A44500F2CB801046A4EB0C0440EA0740A2
:1002D000A2E7C1F120068B4022FA06FC4CEA030C8F
:1002E00007FA01F420FA06F3F7404FEA1C492343CA
:1002F00000FA01F81FFA8CFEB7FBF9F01C0C09FBA1
:10030000107744EA074400FB0EF7A74202FA01F215
:100310000AD91CEB040400F1FF3A80F09B80A7424D
:1003200040F2988002386444E41B9FB2B4FBF9F3B6
:1003300009FB134447EA044403FB0EFEA64509D912
:100340001CEB040403F1FF3780F08280A6457FD9BF
:10035000023B644443EA0040A4EB0E04A0FB02E726
:10036000BC427346B94663D360D05DB1B8EB0302BB
:1003700064EB090404FA06F622FA01F31E43CC40AA
:10038000C5E9006400214CE76208480842EAC171EF
:100390000B0C43EA00438AB242EA0342B3FBF6F194
:1003A000E407B4463746B6461F23B0FBF6F0D21B2F
:1003B00041EA004161E7614614E7104628E7C3F1CE
:1003C000200120FA01F29E4027FA01F19F403A43B2
:1003D0004FEA164E1FFA86FCB1FBFEF70EFB171014
:1003E000110C41EA004107FB0CF8884504FA03F4BC
:1003F0003AD9711807F1FF3001D288451FD8A1EB17
:100400000801B1FBFEF808FB0CF70EFB181192B2C5
:1004100042EA0142BA422FD2B21808F1FF31C6D2E5
:10042000BA42C4D2A8F102013244C0E7F0459CD2DE
:10043000BEEB020367EB0C070138B94695E7A6EB64
:1004400008084144B81EB1FBFEF808FB0CF7DCE7D6
:100450003B467FE7504667E70846FBE634440238F0
:1004600032E7023F32441BE7A1EB08013846B1FBFB
:10047000FEF808FB0CF7C8E7414698E7704700BF55
:10048000144908B5144B0B604FF000420023C1E93A
:10049000012304224A6101224FF48050CA610722DD
:1004A000C1E90C020846C1E90333C1E909330B83F2
:1004B0008B7681F8203081F82C308A6381F83C30CB
:1004C000CB6410F0A5FE18B1BDE8084000F010BAEA
:1004D00008BD00BF4C0A0020002401400268084B00
:1004E0009A4282B00AD14FF0B0431A6E42F40072C1
:1004F0001A661B6E03F400730193019B02B07047F0
:10050000002401400268054B9A4201BF4FF0B042FF
:10051000136E23F400731366704700BF002401407C
:1005200030B585B000240546CDE901440394FFF7BA
:10053000A7FF144811F004FA08B100F0D9F91148E6
:10054000039401A9CDE9015410F0C0FF08B100F0F7
:10055000CFF90C4811F01AF908B100F0C9F94FF0C1
:10056000FF31084810F054FF064811F0C7F905485C
:1005700010F0A8FF0446034811F06AF9204605B0C0
:1005800030BD00BF4C0A0020014B024A1A60704780
:100590004C0A00200024014010B51048FFF7C0FFAE
:1005A000C8B10F4BB3F8AA304FF6FF72934216BF93
:1005B00040F6E4420B4B5343B3FBF0F39CB20A48C2
:1005C000FFF7AEFF40F6FF736043B0FBF3F000EBC4
:1005D000400080B210BD0446F1E700BF002000B427
:1005E0000075FF1FD8084C00004000B8704700009D
:1005F00010B5044617F03AF800F05CFE02288CBFF4
:100600002046002010BD00BF2DE9F041064672B61D
:10061000BFF34F8FBFF36F8F4FF0E024236923F0B8
:100620000103236115F0BCFF80B9A36963612369ED
:100630003F4A43F00103236113683E4AA2FB0323B0
:100640009B09013B636162B6BDE8F081054600F09D
:1006500073FF022D044606F1FF364DD14FF0904353
:100660001B69990751D5344A126841F20103B3EB73
:10067000124F3FBF314A536843F00203536016F0F4
:10068000ABFD2D4A126841F20103B3EB124F28D3A0
:1006900000F052FF001B00F00DFE4FF0E023074674
:1006A0009D692C2D36D9DFF888804FF0E024B742C1
:1006B0003846656128BF304615F02EFC23691D4A77
:1006C00043F001032361D8F80030A2FB03239B0908
:1006D000013B636162B6BFF34F8FBFF36F8FBDE81D
:1006E000F081164B5A689207D2D55A68022122F03F
:1006F00002025A60D960CBE73146114816F040FF3C
:100700004FF090431B699907ADD40121042016F0E6
:1007100037FDB4E7DFF81880012015F0FDFBD8F8AD
:100720000030044A2E3DA2FB032305EB9315BCE7E2
:10073000A0090020D34D6210002004E000080058FA
:10074000B00A00207FB50022204B009211462048BD
:1007500016F016FE00F03CFD10F03AFD02A816F06F
:1007600075FD1C4B1A681C4B9A4201D000F0C0F872
:1007700007F09CFE0DF0B2F928B14FF4D8720121B8
:10078000062007F00BFF10F0A7FA28B140F2B712CD
:100790000121072007F002FF0CF0E0FA0CF092FABA
:1007A0000CF032FB0DF012FE0EF058FD01F0AEF928
:1007B00008B100F09DF805F011FC20B107B05DF81C
:1007C00004EB00F095B807B000BD00BFED050108CF
:1007D000B00A0020F00C00200030014008B502F003
:1007E000E9F818B1BDE8084000F0CABF08BD4FF0F5
:1007F000B04307B59A6C42F004029A649A6C02F016
:1008000004020192019A9A6C42F001029A649B6C74
:100810000F2103F00103084600930022009B11F012
:100820002DF90F2011F05CF9002211460C2011F077
:1008300025F90C2011F054F9002205210D2011F0AA
:100840001DF90D2011F04CF9002205210B2011F0AB
:1008500015F90B2011F044F9002205210E2011F0AA
:100860000DF90E2003B05DF804EB11F039B900006A
:10087000BFF34F8F0549064BCA6802F4E062134389
:10088000CB60BFF34F8F00BFFDE700BF00ED00E07E
:100890000400FA05DFF840C01EF0040F0CBFEFF3B0
:1008A0000888EFF30988B8E8FF00ACE8FF000B4CBC
:1008B0000B4D022620462946324651F8043B1B6860
:1008C00044F8043B013AF8D1064B0749074AC3E90B
:1008D0000012FFF7CDFF00BF100A0020080A002019
:1008E0002CB60208000A0020EFBEADDE17A0DF82A2
:1008F00008B572B6FFF7BCFF4FF0B04382B0DA6CB8
:100900000243DA64DB6C03400193019B02B0704741
:1009100008B50220FFF7F0FF0420FFF7EDFF0120EC
:10092000FFF7EAFF0A212920002211F0A7F8BDE80D
:100930000840292011F0D4B810B59AB048220021FF
:1009400008A817F073F81822002102A817F06EF813
:1009500012F05EF94FF0B0424FF40410D2F890302C
:1009600023F01803C2F89030D2F8003423F4C063A7
:1009700043F40073C2F80034D2F8003403F4C063C7
:100980000193019B0523089381230B930023CDE959
:10099000090303240223CDE913344FF0100C06237E
:1009A000CDE915C34FF4003317934FF000524FF0C9
:1009B000007308A8CDE9183212F0A2FA08B1FFF7C7
:1009C00097FF4F23CDE902340221002302A8CDE98D
:1009D0000433CDE9063312F02DFD08B1FFF788FF8F
:1009E0001AB010BD114908B5114B0B604FF4E0620D
:1009F0000023C1E903234FF400724FF400508A61D1
:100A000041F22102C1E90A0202220846C1E901338A
:100A1000C1E90833C1E90C234B6113F022F918B185
:100A2000BDE80840FFF764BF08BD00BFF00C002020
:100A30000030014008B510F0A1FBFFF77DFFFFF784
:100A400067FFFFF7D4FEFFF7CDFF13F051FEFFF76E
:100A500079FE13F073FEFEE71249134A08B5134BF3
:100A60000B600023C1E9012308460122C1E90323E9
:100A7000C1E90533C1E9073311F0EAFD08B1FFF719
:100A800037FF0848002112F077F808B1FFF730FF70
:100A90000448002112F096F818B1BDE80840FFF7AD
:100AA00027BF08BDC80A0020885D8010005800409C
:100AB0001249134A08B5134B0B600023C1E9012307
:100AC00008460122C1E90323C1E90533C1E907331F
:100AD00011F0BEFD08B1FFF70BFF0848002112F02E
:100AE0004BF808B1FFF704FF0448002112F06AF840
:100AF00018B1BDE80840FFF7FBBE08BD1C0B002085
:100B0000885D80100054004010F062BA10F0A0BA66
:100B100010F0DABA10F0DABA10F0DABA00B58DB027
:100B20002C22002101A816F081FF174A174B1360F1
:100B30001146002393601361536193610B624FF080
:100B400080424FF480730846CA614B6212F0F8FE8F
:100B500008B1FFF7CDFE0C4813F03EF808B1FFF7DF
:100B6000C7FE4FF0005300220793074808924FF446
:100B7000807301A9029206920B9312F043FF08B111
:100B8000FFF7B6FE0DB000BD540D00200028004058
:100B900010B5044690B03822002102A816F046FF96
:100BA0002268194B9A422CD14FF48033029302A849
:100BB0004FF480730F9312F041FD08B1FFF798FED8
:100BC0004FF0B0430621D3F8902042F40042C3F81E
:100BD00090209A6D42F480629A659B6D03F4806365
:100BE000002201930220019B10F048FF022010F028
:100BF00077FF2A200022072110F040FF2A2010F062
:100C00006FFF10B010BD00BF002800404FF0B04291
:100C1000936823F003030343936070477047000019
:100C200008B50F4B1A6841F20103B3EB124F05D11F
:100C30000C4B5A69D20601D400BFFAE74FF0B0431B
:100C4000094A9B6803F00C03136010F0B3FA054BDC
:100C50000120C3F88800BDE8084012F031B800BF99
:100C6000002004E0000400581008002010F0A9BA89
:100C700008B510F09FFABDE808400121002011F0EE
:100C8000CFBF0000064B1A6841F20103B3EB124FCD
:100C900005D1044B5A69D20601D400BFFAE7704768
:100CA000002004E00004005808B53B4B1B68082BEB
:100CB00059D006D823B3042B38D0BDE80840FFF73D
:100CC00017BE0C2BF9D14FF0B0431A6842F48032B2
:100CD0001A601A689203FCD51A6842F080721A6092
:100CE0004FF0B04213689B01FCD50320FFF78EFF45
:100CF0004FF0B0439A6802F00C020C2AFAD145E09A
:100D00004FF0B0431A6842F001021A601A68920765
:100D1000FCD50020FFF77AFF4FF0B0439A6812F03D
:100D20000C0FFBD11A6822F4807215E04FF0B0432B
:100D30001A6842F480721A601A685005FCD50120C6
:100D4000FFF764FF4FF0B0439A6802F00C02042AE8
:100D5000FAD11A6822F001021A6010F0BDF9BDE85C
:100D6000084010F02EBA4FF0B0431A6842F48032B7
:100D70001A601A689103FCD50220FFF747FF4FF075
:100D8000B0439A6802F00C02082AFAD11A6822F0DD
:100D900001021A60C6E700BF1008002000220F21E0
:100DA0006FF0010010F06ABE2DE9F04F14228BB0F5
:100DB000064600250DEB0200002116F037FECDE9B6
:100DC0000255774B04951B6832684FEA1348754B00
:100DD0009A4240F08F804FF0B04302241A6E72485E
:100DE00042F480521A661A6E02F480520192019AFD
:100DF000DA6C42F00102DA64DB6C079403F0010361
:100E000003274FF0050900934FF0200B05A9009B25
:100E10004FF0100ACDE905B4CDE9087911F06AF96F
:100E20006148CDF8249005A9CDE905A4CDE907577F
:100E300011F060F905A94FF09040CDE905B4CDF867
:100E40002490CDE9075711F055F9012305A94FF07A
:100E50009040CDE90737CDE9054511F04BF92A4619
:100E600006212220514CDFF8489110F007FE222085
:100E700010F036FE0823C4E90093C4E902A54FF43C
:100E800080734FF0800AC4E904A34FF48063C4E97F
:100E9000063520464FF44053236210F0C5FE08B1DA
:100EA000FFF726FD434F7465A662434C0723C4E950
:100EB00000730023C4E902334FF0800C4FF48073B9
:100EC000C4E904C34FF4806E2023C4E906E320463E
:100ED0004FF40053236210F0A7FE08B1FFF708FD9E
:100EE0000720B46500220521A66210F0C7FD072087
:100EF00010F0F6FD314A324B13600124102300201C
:100F0000C2E901438023C2E903034FF480754FF423
:100F10008063C2E9055320264FF440531046C2E9CE
:100F2000076310F081FE08B1FFF7E2FC029441F282
:100F30000104A04594BF4FF400344FF4C0240123B2
:100F40001E48039402A9049310F09EFF08B1FFF716
:100F5000CFFC1C491C4B0B6002221023C1E901236A
:100F600000238022C1E903320A464B618B6110469F
:100F700020214FF44053C2E9071310F055FE08B189
:100F8000FFF7B6FC01230F48049302A9CDE9023410
:100F900010F07AFF08B1FFF7ABFC0BB0BDE8F08FA3
:100FA000002004E00030014000040048900C0020C4
:100FB0001C00024030000240300C0020D00B00200A
:100FC00044000240700B00200800024010B50446A7
:100FD00096B03822002108A816F028FD2368254A7B
:100FE00093422DD14023089308A84FF440330D932A
:100FF00012F024FB08B1FFF77BFC4FF0B044C02196
:10100000E36C1D4843F00203E364E36C03F0020366
:101010000293029B1223CDE903130023CDE905338C
:1010200003A90423079311F065F8A36D43F400139B
:10103000A365A36D03F400130193019B16B010BDCB
:101040000E4A9342FAD18023089308A84FF4402314
:101050000E9312F0F3FA08B1FFF74AFC4FF0B043D9
:101060009A6D42F480029A659B6D03F480030393AA
:10107000039BE3E700540040000400480058004090
:1010800003680B4A934209D14FF0B0420948936D6F
:1010900023F400139365C02111F0D8B8064A934297
:1010A00001BF4FF0B042936D23F480039365704706
:1010B000005400400004004800580040FEE7FEE7EE
:1010C000FEE7FEE770470000014812F0ABBD00BF2D
:1010D000540D0020034BDB68DB0701D500F0EABCB0
:1010E000704700BF0008005808B50C4B0222DA60B8
:1010F0004FF090431B699A070FD5094B1B689B68FB
:10110000DB0607D501F0D8FDBDE80840002104202A
:1011100016F036B801F0C8FDF6E708BD0008005823
:10112000F00C0020024B0822DA600AF055B800BF2C
:1011300000080058024B4FF40052DA600CF054BC27
:1011400000080058014810F049BE00BFA40D00205F
:10115000014810F043BE00BF900C0020014810F081
:101160003DBE00BF300C0020014813F023B900BF82
:10117000040E0020014812F069BB00BF540D00208E
:10118000064A08B510460823136012F02DFE18B168
:10119000BDE80840FFF7ACBB08BD00BF8C0D0020C8
:1011A0004FF0B04307B55A6E42F001025A665B6ECB
:1011B000002203F00103019311463220019B10F03D
:1011C0005DFC322003B05DF804EB10F089BC000038
:1011D0004FF0B04208B5936823F40043936016F0D3
:1011E000B3F800F029F8074B4FF400421A61FFF7FB
:1011F000CBF915F0BBFF0121BDE80840084615F00A
:10120000D5BF00BF0040005808B500220F214FF0A5
:10121000FF3010F033FC002008BD07B501A800F036
:1012200017FA4FF47A72019BB3FBF2F302FB003022
:1012300003B000BD00F0E0B908B50FF0CDFF0FF02E
:10124000D3FFBDE808400FF0D7BF0000094A08B53A
:101250000346106808B908481060084903448B42E7
:1012600006D916F059FC0C2303604FF0FF3008BD7F
:101270001360FCE7980D002050A5002000FC002022
:10128000EFF3108372B6044A1068BFF34F8FBFF3B9
:101290006F8F83F3108870479C0D002003207047E8
:1012A00008B501464FF47A720023C003490CFEF7DB
:1012B0001BFF08BD4FF47A73A0FB0303C00B40EA89
:1012C0004340704708B58446C903044A002341EAF5
:1012D0005C41C003FEF708FF08BD00BF40420F009D
:1012E0004B014201121A43EAD06363EB01034FEA58
:1012F000422C5B021CEB000C43EAD25341EB03038C
:1013000000B54FEA8C124FEA831EB2EB0C024EEA94
:101310009C6E6EEB030E101841EB0E01C00B40EA01
:101320004140C90B00BD00BF10B50246EFF3108469
:1013300072B60348002112F086FC84F3108810BDB9
:10134000540D002010B50246EFF3108472B6034826
:10135000012112F078FC84F3108810BD540D002098
:1013600010B5EFF3108472B64FF48071084812F094
:1013700033FABFF34F8FBFF36F8F064A0121D16558
:10138000034A4FF0FF33136384F31088002010BD2D
:10139000540D002000280040034B186800B9704726
:1013A0000248002112F056BCA00D0020540D002070
:1013B000034B186800B970470248012112F04ABC7B
:1013C000A00D0020540D002002480022022112F03E
:1013D0003ABC00BF540D002070B50546EFF31086EF
:1013E00072B6114B1868D0B1104B9C689A6801E036
:1013F0009A689C68A242FBD102210D4812F02AFC97
:10140000E443C4F30E034FF47A72E40BA3FB0232FD
:1014100044EA4040DB0B86F310882B8070BD034606
:1014200086F310882B8070BDA00D0020002800409E
:10143000540D0020064B186840B1064B98689A6816
:1014400001E09A6898688242FBD1C043704700BFB0
:10145000A00D002000280040EFF3108172B60A4B67
:10146000186840B1094B98689A6801E09A689868D2
:101470008242FBD1C043064B1860BFF34F8FBFF3CE
:101480006F8F81F310887047A00D00200028004066
:101490009C0D002070B50C4C236893B90B4B4FF09A
:1014A000FF351E461D63FFF739FBFFF759FF304636
:1014B000356312F055FBFFF787FFFFF7CDFF0123E0
:1014C0002360002070BD00BFA00D0020540D00203F
:1014D00010B5074C236843B1FFF742FF054812F0EF
:1014E0005DFBFFF7B9FF00232360002010BD00BFA4
:1014F000A00D0020540D0020EFF3108C72B60B4BA2
:101500000B4A1B68106843B10A4A9368916801E06E
:10151000916893689942FBD1DB43BFF34F8FBFF3D0
:101520006F8F8CF31088181A704700BFA00D002031
:101530009C0D002000280040EFF3108172B6094B8B
:10154000186810B981F310887047074B98689A683B
:1015500001E09A6898688242FBD1C04381F3108809
:10156000704700BFA00D00200028004070B5044661
:101570008CB0EFF3108572B62C220021684616F06D
:1015800055FAEFF3108672B64FF48071174812F0D7
:1015900023F9BFF34F8FBFF36F8F154B1349012210
:1015A000DA654FF0FF330B6386F31088114B0F4859
:1015B0001B682344DB4301934FF0005306934FF421
:1015C00080730A93694600230793059312F01AFA71
:1015D00020B985F3108800200CB070BDFFF788F9A2
:1015E00085F3108800200CB070BD00BF540D0020A2
:1015F000002800409C0D002010B5FFF751FE014669
:10160000FFF718FF0446FFF715FF031B8B4200D3BB
:1016100010BD00BFF7E7000016F052B808B50A4B3E
:101620001B6833B9BDE8084008480122022112F0C6
:101630000ABB0221054812F00DFBBDE80840421C20
:101640000221024812F0FFBAA00D0020540D002024
:1016500070B50546EFF3108672B6124B1B68DBB10E
:10166000114B9C689A6801E09A689C68A242FBD181
:1016700002210E4812F0EEFAE4430D4AC4F30E03C1
:10168000A3FB0232E40BDB0B44EA404043EA424353
:1016900086F310882B6070BD184686F310882B6087
:1016A00070BD00BFA00D002000280040540D002098
:1016B00040420F000268044B9A4203D1034B0020C2
:1016C0001B681847704700BF00440040980E002078
:1016D000F8B54FF0E0260746B469756913F05AF87B
:1016E00001350F4B05FB00F101F5FA71A3FB012158
:1016F000890907FB01F101F5FA71A3FB01318909A1
:10170000002300E01446B269A81A944203EB040CCB
:10171000034434BF1B19ACEB02039942F2D8F8BD65
:10172000D34D621010B5044613F034F84FF47A72BA
:10173000A4FB00010023FEF7D7FCBDE810400130F8
:1017400013F048B9024B0221186813F094B800BF97
:10175000A40E002008B5322010F0D0F9064B5A68CC
:10176000012122F001025A60D960044B102118684F
:10177000BDE8084013F07FB800080058A40E002010
:1017800008B50121102015F0FBFC034B012118685E
:10179000BDE8084013F06FB8A40E00202DE9F04F0B
:1017A000B44BB54DDFF8D4A2B54E012283B005216C
:1017B000DA600620002210F061F9062010F090F99E
:1017C0004FF0FF3200211F2013F0B3F8B0F10008F2
:1017D000C0F2068118F0020F40F0A28018F0180F36
:1017E00040F0AA8018F0040F40F02A8118F0010F91
:1017F000E6D01DE0032B01D0002B68D0322010F082
:101800007DF99C4B5A68012122F001025A60D9608F
:101810009C4B1021186813F02EF813F071F810B1DA
:10182000804540F0418101F0C5F8002800F03C817E
:101830002B78022B04BF00232B7001F0BBF800288B
:10184000EBD02B78012BD5D101F0B4F8DAF80030C9
:1018500003F10E043368E41A8B4BA3FB0434E40851
:10186000844228BF0446082CA14628BF4FF008092F
:101870004FEA0917854801AA394601F0E9F818BB73
:10188000019B9F4220D1002C00F0AD80DFF800B218
:10189000044614E037687F4BD819DAF80030DF1BB4
:1018A0000F2F28BF0F273A4604F0E9FC31680134B6
:1018B0007A18A14532600BF1100B40F295801BF8AD
:1018C000012C022A5946E5D003232B7096E76F4876
:1018D00001AA102101F0BCF80028F5D1019C102CC0
:1018E000F2D16A4B93F80090B9F1010F00F08D80AE
:1018F000B9F1020FE8D067486449224604F0BFFC02
:10190000CAF80040022334602B7022466148214609
:1019100002F036FA002880D00A283FF47EAF6DE747
:10192000322010F0EBF8534B5A68012122F00102EB
:101930005A6048F01008D9604FF0904301229A6134
:101940000520FFF7C5FE02F0C7F900BB18F0080F2D
:101950002FD1514A92F85D30052B20D092F85D309E
:10196000062B26D00021102015F00AFC4A4B93F8D4
:101970005D30012B24D1052400F04AFE03460B2BD9
:101980004FF00A001AD1FFF7CDFE013CF4D1394BDC
:101990000122DA605A6842F001025A6010E70A2018
:1019A00000F034FF3C4B93F85D30062B01D000284B
:1019B000D8D000F0E9FE0028D4D0E8E7002BE6D12B
:1019C00000232B70CAF80030336002F02DF8002895
:1019D000DDD14FF0904301229A6204F0A1F8EFE6C6
:1019E000FEF786FFF6E63268DAF80040A24289D2B6
:1019F00000F0E0FF013803307FF61FAF34680F2C92
:101A00007FF60BAFDAF8002080E7B3F80130B3F5CA
:101A1000907F3FF659AF21491E480D2204F02FFC5C
:101A20001A4B85F80090B3F80130CAF800300D2346
:101A3000336000F0BFFF013803307FF6FEAEDDE714
:101A4000174B1968174B186803F098FB00283FF4F0
:101A5000CDAE322010F052F8064B5A68012122F028
:101A600001025A60D960074B1021186812F003FF79
:101A7000BCE600BF00080058B00E0020AC0E0020ED
:101A8000A80E0020A40E002089888888310F00202D
:101A9000320F0020B10F0020F00C0020340F002086
:101AA0009C0E0020A00E00200021102015F068FBE5
:101AB00086E600BF70B5052400254FF09046022051
:101AC000FFF706FE3369DB0705F1010548BF002576
:101AD000013CF4D1022D03D80A4B0122DA6070BD1B
:101AE000322010F00BF8074B5A68012122F0010256
:101AF0005A60D960044BBDE870401868082112F0A4
:101B0000BABE00BF00080058A40E002030B5062061
:101B100087B00FF0F3FF11220023CDE90223022347
:101B200004934FF09043012401949C610520FFF73A
:101B3000CFFD01A94FF0904010F0DCFA94FAA4F424
:101B4000B4FA84F404F07C0303F1804303F580339A
:101B500004F003049A681C48A4000721A14022EA6B
:101B600001029A60194B1A491A6822F001021A60A0
:101B70005A6822F001025A60D3F8802042F0010234
:101B8000C3F88020D3F8842022F00102C3F8842017
:101B900000F028FD18B10524204607B030BD03F041
:101BA000D1FF04460028F6D10A4D2B6813B1FFF788
:101BB000D1FDF1E70146084A084812F0EEFD286021
:101BC0000028F4D10624E7E781170108000800582F
:101BD00045170108A40E002094B702089D170108BC
:101BE00000285BD02DE9F0470C46002948D0B1F51C
:101BF000907F02D90320BDE8F087074600F0AEFED3
:101C0000102C40D9294A631CA2FB0323DB080133B3
:101C1000984245D3DFF898A0012339460D220AF1F6
:101C20000300AAF801408AF8003004F028FB4FF0C6
:101C300010080D370D3C0AEB08064FF0020901367B
:101C400001E010363CB30F2C254628BF0F2539463E
:101C50002A46304606F8019C04F011FB6B1C9844A0
:101C6000B8F17F0FA4EB05042F44EAD94146504652
:101C700000F062FF8046B0B95646002CDFD108E084
:101C80000220BDE8F08758B12146384600F054FFE5
:101C900048B90020AFE706484146F7E70220704701
:101CA0000420BDE8F0870520A5E700BF8988888863
:101CB000B10E002030B585B0EFF3108572B601A8E3
:101CC000FFF7C6FC0446134815F00AFC85F310889C
:101CD000114AD16803AB02AAC1F3022132200FF0EE
:101CE00031FF029B052B0BD00C4B0D480199046072
:101CF00019600022052132200FF0C0FE05B030BD72
:101D000032200FF0FBFE074B0421186812F0B3FDE0
:101D100005B030BD7415002000ED00E09C0E0020E1
:101D2000A00E0020A40E00202DE9F041EFF3108159
:101D300072B61F4C2268536823F002035360026896
:101D4000136823F0010313601A4B02681A4ED76818
:101D5000D3F80080194BDFF868E03568D3F800C08D
:101D600007F11003984598BF7346ADB9634518D085
:101D7000D360E38F9BB25360136843F00A03136090
:101D800002681368022443F00103136080F82540C1
:101D900081F31088BDE8F08167451CBF00233360E4
:101DA000E7E71D605D609D60DD6001253560DFE770
:101DB000F00C0020F0100020E0100020F8100020AF
:101DC000FC10002038B51B4C204611F0D0FF1A4AF9
:101DD000236893421FD002F57842934216D14FF008
:101DE000B0450A202B6C43F480532B64FFF770FC42
:101DF0002B6C23F480532B6400230E4884F85D3051
:101E000011F02FFF0D4B00221A6038BD0B4B002242
:101E100001201A6038BD4FF0B0450A20AB6B43F487
:101E20008043AB63FFF754FCAB6B23F48043AB639D
:101E3000E2E700BFF00C002000380040D410002082
:101E4000844690F82400012858D030B59CF82540ED
:101E5000012084428CF8240006D0002380228CF8D4
:101E60002430CCF83C2030BD02208CF82500DCF872
:101E70000040DCF84C500020CCF83C00206820F0FA
:101E800001002060DCE914E0C5F804E018B1DCE9E9
:101E9000165EC5F804E0DCF8445005F01C0E012580
:101EA00005FA0EF5DCF840E0CEF804506360DCF88B
:101EB0000830102B0BBFA260A160E160E2602368D4
:101EC000DCF82C2023F00E0323601AB1236843F0C2
:101ED00002032360DCF848301A68D20342BF1A6854
:101EE00042F480721A6018B1036843F4807303608F
:101EF000236843F001030020236030BD02207047B7
:101F00002DE9F0419B489C4C82B00FF0EEFF9B48BE
:101F10000FF0EBFF23685A6822F020025A605A68DB
:101F200090071FD45A68D20700F1E8800020A4F877
:101F30004600E087226E402A4FF0000218BF20665C
:101F40000092D968009199680091009901929B686C
:101F50000193019A08BF0120062384F85D3002B086
:101F6000BDE8F0815A68606D22F0020200215A60DB
:101F700081630FF0C9FE002840F03381FFF74DF96F
:101F800006467F4F23683D689B6805EB8505C5EBDA
:101F9000C5052D0D05EB85056D0009E0FFF73DF941
:101FA000801B0928236843D8002D41D09B68013D40
:101FB00013F4C05FF2D1FFF730F906463D6823689D
:101FC000C5F3CB3505EB85059B686D0008E0FFF791
:101FD00024F9801B092823682AD84DB39B68013D4A
:101FE0001906F4D4FFF719F906463D68D4F80080C5
:101FF00005EB8505D8F80830C5EBC5052D0D05EBBB
:10200000850513F4C06F4FEA450508BF434607D165
:102010002EE06DB19A6812F4C06F05F1FF3527D03C
:1020200098F80C30FFF7F9F8801B09282368F0D9DD
:102030005A68A16A22F0E0025A601A68B1F5005F9E
:1020400022F040021A6007D11A6822F400521A6086
:102050001A6842F400521A60012284F85D20226E50
:1020600042F0200222660021402284F85C102266A1
:102070001A6822F040021A60FFF7CFF806463D6862
:10208000276805EB8505BB68C5EBC5052D0D05EB80
:10209000850513F4C06F4FEA450508D1C3E06DB163
:1020A0009A6812F4C06F05F1FF353FF43BAF3B7BFC
:1020B000FFF7B3F8801B09282368F0D95A68A16A92
:1020C00022F0E0025A601A68B1F5005F22F0400287
:1020D0001A6007D11A6822F400521A601A6842F492
:1020E00000521A6040220120002184F85D0084F82B
:1020F0005C1022665A68D2077FF518AF5A68A06D47
:1021000022F0010200215A6081630FF0FDFD0028DA
:1021100064D12268136823F040031360FFF77DF851
:102120000646174F23683D689B68C5F3CB3505EB22
:1021300085056D0009E0FFF770F8801B092823680A
:1021400052D8002D50D09B68013D1B06F3D4FFF7F9
:1021500064F806463D68276805EB8505BB68C5EB56
:10216000C5052D0D05EB850513F4C06F4FEA450538
:1021700010D156E0D00B0020F00C0020700B002096
:10218000A00900206DB19A6812F4C06F05F1FF3507
:102190003FF4CCAE3B7BFFF740F8801B0928236857
:1021A000F0D95A68A16A22F0E0025A601A68B1F5C3
:1021B000005F22F040021A6007D11A6822F4005230
:1021C0001A601A6842F400521A600120002140226D
:1021D00084F85D0084F85C102266A7E6402323663D
:1021E00097E740232366C9E65A68A16A22F0E00215
:1021F0005A601A68B1F5005F22F040021A6007D1F8
:102200001A6822F400521A601A6842F400521A60E6
:1022100001210022402384F85D1084F85C202366AD
:1022200095E73B4682E63B467CE600BF2DE9F0435E
:10223000022385B093FAA3F3B3FA83F303F07C028D
:1022400002F1804202F5803203F003039168744E7C
:10225000744F9B00072000FA03F321EA0303936005
:10226000714B1A6822F002021A605A6822F00202C8
:102270005A600222DA606D4A116841F20102B2EB43
:10228000114F1A6842F002021A6022BF5A6842F0E7
:1022900002025A60D3F8802042F00202C3F8802084
:1022A000D3F8842022F00202C3F88420604A614BF4
:1022B00006F5D8711160604A1E6017601B685F4A9E
:1022C00007F5C0711160043B9E422FD85C4A5D4CFB
:1022D0001A6094F85C30012B00F03D81012384F8F2
:1022E0005C3094F85D30012BDDB240F03281FFF7B5
:1022F00007FEF0B1FFF766FD0546E0B152480FF06A
:10230000F4FD52480FF0F1FD22684F48536823F066
:10231000030353600FF0F8FC4C480FF0F5FC606DC0
:102320000FF0F2FCA06D0FF0EFFC0BE103F5D8739A
:10233000CAE784F85D5000232366C4E91333A36A17
:102340002568A7631022E287A287B3F5005F4FF4E8
:10235000D8722664A4F84420A4F8462007D12B683C
:1023600023F400532B602B6843F400532B606B68FD
:10237000666DA06D364F2A4A23F4C0436B606B68CC
:1023800023F480436B606B6823F400536B60B36984
:10239000B3F5806F02BFE38FC3F34E03E387836916
:1023A000B3F5806F6B6803BF23F480536B60B4F8A0
:1023B000463043F4805306BFC3F34E03A4F84630BF
:1023C0006B600023C0E90B338363B4F84630476386
:1023D00005F10C019BB2FFF733FD38B1236E43F0DA
:1023E00010032366012384F85D3017E0194BB063B6
:1023F000C6E90B30184B77634FF00108C3F8008033
:10240000E38F0A469BB207493046FFF719FD28B310
:10241000236E43F01003236684F85D8001256DE789
:102420007C120020FC10002000080058002004E06E
:10243000EC100020F4100020F8100020F010002014
:10244000EFBEADDEF00C0020D00B0020700B0020A2
:1024500071250108291D0108E01000206B683F4A22
:1024600023F0C0036B606B6843F020036B60019046
:10247000AB680193019B0290AB6802932B6823F039
:1024800040032B60029B0390EB680393AB680393BC
:10249000039B2B6843F400732B602B6823F4807339
:1024A0002B606B689BB2538043F00303138020269C
:1024B00096FAA6F30BB1B3FA83F64FF0904076008C
:1024C0000268DFF89C8026F00701CA400323711AD6
:1024D00003FA01FCD2B25FFA8CFC4FF0020922EA47
:1024E0000C0E09FA01F14EEA010142EA0C0288F8E9
:1024F000001088F8012002681A49B34013431A4AB1
:1025000003600023C2E90B33C1E90B3393638B6390
:1025100057634F63144811494B462A1DFFF790FC3F
:1025200000287FF45BAFF2080E484B4602F1904260
:102530004146FFF785FC054600287FF44FAF0B4B63
:1025400001221A60002384F85C30284605B0BDE8FB
:10255000F0830225D2E60225F7E700BFE81000204D
:10256000E4100020700B0020D00B0020D4100020BD
:1025700070B5164C164D236E2A6843F010030121E6
:1025800086B0236684F85D10A2B11249124B134A3B
:10259000206809681B681268266E806809681B68D5
:1025A000126803930E4B00961B6801901B68029102
:1025B00004920593FFF7A4FC2A682AB1009B216EC0
:1025C0000B4368460093904706B070BDF00C0020A6
:1025D000D8100020900C0020300C0020D00B0020E0
:1025E000700B002008B5074B1B684BB9064B1860F1
:1025F000064B1960FFF71AFE002818BF0A2008BD15
:102600000820FCE7D4100020DC100020D8100020A7
:10261000F8B5564B1B68002B5BD0554C23681B68E4
:102620005B0602D509252846F8BDFEF7F6FD0746EC
:1026300094F85C304F4A012B156847D094F85D3010
:102640000122934284F85C20DEB245D002264A4F34
:102650004A4D38460FF049FC28460FF046FC2A68E0
:1026600039680D6810680B6823F001030B6013686C
:1026700023F001031360202393FAA3F32BB1B3FAE1
:1026800083F35B00032707FA03F34FF0904C022714
:10269000DCF800E043EA0E03CCF80030D4F800C0C8
:1026A000DFF8DCE0DCF8043023F00303CCF804307E
:1026B000344BC1F80CE0032E4F60D3604FF00003A1
:1026C00057600D60106084F85C3027D00A252846DA
:1026D000F8BD07252846F8BD02214FF090400FF0C5
:1026E00029FEF0B9C5F3CB35642303FB05F507E0FC
:1026F00000BFFEF792FDC31B632B34D89DB3013D91
:1027000002214FF090400FF015FE50B9EFF3058312
:10271000002BEDD1012012F05DF9EAE70B252846E8
:10272000F8BD15480FF0D4FB20B1236E43F0100321
:1027300023668CE711480FF0CBFB05460028F4D147
:102740002268136843F04003136002214FF0904069
:102750000FF0F0FD00283FF47AAF052384F85D30D8
:1027600084F85C505FE7032671E700BFD4100020B7
:10277000F00C0020A0090020D00B0020700B0020DE
:10278000E8100020E410002038B51D4CFFF7B8FB1E
:10279000204611F0ECFA1B4A2368934222D002F53E
:1027A0007842934219D14FF0B0450A202B6C43F484
:1027B00080532B64FEF78CFF2B6C23F480532B6427
:1027C00000250F4884F85D5011F04BFA0E4B1D6048
:1027D00030B9FFF72BFD18B938BD0B4B00221A603A
:1027E0000A2038BD4FF0B0450A20AB6B43F480435C
:1027F000AB63FEF76DFFAB6B23F48043AB63DFE7A6
:10280000F00C002000380040D4100020F8B5044639
:10281000FEF703FD0646651C03D00EF0C5FCB4FBB5
:10282000F0F4434B43491A68096841F20103B3EBE2
:10283000124F58D2404A136823F0020313603E4BF4
:102840003E4D0222DA602A685368980704D0631C60
:1028500059D153689907FCD1EFF3108C72B6D5E9C2
:1028600015139A6909681B68C8685B683449354C58
:10287000354DB2F5806F08BF5B00344A1133A2FBBF
:1028800003239B080A68324903EBC303A2EB43030B
:102890009A4298BF0B4623602E4C043B20600024D4
:1028A000046044608460C4608B424FF00100286083
:1028B00003D2521A13448B42FCD327491C4A196095
:1028C000126841F20103B3EB124F16D31A4B1A6888
:1028D00042F002021A605A6842F002025A608CF317
:1028E00010880020F8BD144B1A6822F002021A600A
:1028F0005A6822F002025A60A1E70F4A136843F0B7
:1029000002031360EBE71A2701FB07F73F0D04FBF7
:1029100007F7FEF782FC801BA04207D237B12B6875
:102920005B689A0707F1FF37F3D195E70320F8BDFD
:10293000002004E0A009002000080058F00C00204E
:10294000EC100020F4100020E0100020398EE33855
:102950007C120020F8100020EFBEADDE10B4EFF3C3
:10296000108272B6104B1149586D1B680068C06820
:102970005C680B6882F31088984209D037BFC3F5B2
:10298000C073C01A1B18180928BF000910BC704773
:10299000A30706D5064B10BC1868002818BF1820DE
:1029A0007047182010BC7047F00C0020F810002071
:1029B000E010002030B4EFF3108272B61E4B9B6D16
:1029C00099691B6858681D4BB1F5806F1C6808BF7A
:1029D000400082F310881A4A231F934205D21949F6
:1029E0000968891A0B449342FCD31968164B994223
:1029F0001DD11649134D00F11103A1FB03039B08E0
:102A0000286803EBC303A0EB4303984288BF1A4630
:102A1000A24209D096BFC4F5D870101B8018A1FB44
:102A20000010800830BC7047002030BC70474FF069
:102A3000FF3030BC704700BFF00C0020F4100020C5
:102A40007C120020EC100020EFBEADDE398EE338A2
:102A5000002866D02DE9F04F904683B0002A55D06B
:102A60000F2953D9002307464FEA11191360EFF3DA
:102A70001083019372B6FFF79DFF431C4CD02A4D83
:102A80002A4E2C684845A4F1040428BF4846B442A5
:102A900005D2274B1B689B1B1C44B442FCD370B36C
:102AA000DFF890B0DFF888A007EB00192968102242
:102AB000384603F0E4FB22685A452BD12A68DAF83D
:102AC000001012322A602A68103704E02A68324463
:102AD000521A2A602A688A42F8D212348C4228BFDD
:102AE000721A02D314448C42FCD2D8F80020B945A3
:102AF00002F11002C8F80020C4F800B0D6D10020BE
:102B0000019B83F3108803B0BDE8F08F022003B06F
:102B1000BDE8F08F0620F3E7019B83F310880620C1
:102B2000F1E70220704700BFF41000207C12002063
:102B3000EC100020EFBEADDE2DE9F04F0C4614F096
:102B40000F0585B0014624D0C5F11005621930B3D8
:102B5000B2F5C07F23D8EFF3108972B6484BDFF887
:102B60002481586D1E680368D8F80000DB68766819
:102B7000984206F0020616D086BFC0F5C077DB1972
:102B80001B1A934214D2052089F3108805B0BDE8C2
:102B9000F08F20B11CB12246B2F5C07FDBD90220F4
:102BA00005B0BDE8F08F1EB1374B1B68002BE8D095
:102BB000DFF8D8B0DBF8003027189F4219D91A1A6D
:102BC0004BD19A460746C01A041907D0114438461B
:102BD000224603F054FBDBF800A027447C1954453F
:102BE00011D8E5B9C8F800700EB9274B1E60002057
:102BF000CAE7224603F043FBDBF800A0574526D086
:102C0000ECD90420C0E7BAEB070214D1A4EB0A0404
:102C100038462246002103F084FB2744E2E72A4697
:102C20003846002103F07DFBDBF800309C4210D0D9
:102C3000E7D82746D6E73846002103F072FBDBF8D9
:102C40000030534507D028BF5746DAD3DEE7104F90
:102C5000C4E70F4FC6E70E4FD8E7CDE90223CDE911
:102C6000000103F00CFBDBF800A0039B029A534524
:102C7000DDE9000102D0C4D81F46A4E7044FA2E753
:102C8000F00C0020F8100020E0100020F0100020D0
:102C9000FC100020EFF3108372B6024A106883F331
:102CA00010887047F8100020024B1B6803B11847CA
:102CB000704700BFDC10002030B52F4C23685968E6
:102CC0009A6889068BB031D555060AD5216E002049
:102CD00041F0040121660190D96801919968019140
:102CE000019990060CD5216E002041F0010121666A
:102CF000029099680291196821F0400119600299C7
:102D0000D10508D5216E002041F00801216603900D
:102D1000996803910399D20606D5226E4FF6EF719A
:102D200042F0020222669960226E0AB90BB030BDF1
:102D3000124D2A689AB11249124A08681168226E27
:102D400004929A6803680968CDE905230E4A0F4B7F
:102D500012681B6812681B680993CDE90712FFF718
:102D6000CFF82A68002AE1D0049B216E0B4304A807
:102D7000049390470BB030BDF00C0020D810002019
:102D8000900C0020300C0020D00B0020700B002095
:102D9000014B00229A6070473015002010B582B0B8
:102DA000044601230E480DF10702152111F08DF99B
:102DB00098B90C4A9DF8073012685B425B103AB92B
:102DC0006FF07F029342B8BF1346237002B010BD6C
:102DD000054A92F95E209B1AF2E7042002B010BD6A
:102DE0008C0D0020A4160020A816002000B583B08A
:102DF00001230DF10702802105488DF8073011F0FD
:102E00002DFA003818BF0120800003B000BD00BFBC
:102E10008C0D002070B5424B1B68012B82B003D093
:102E20000B24204602B070BD84780546FDF770FE85
:102E3000012810D0022867D078B9296801910423AD
:102E400038480DEB0302952111F008FA48B104242B
:102E5000204602B070BD002CEFD10A24204602B0FB
:102E600070BDAA782F48002A14BF182138218DF888
:102E7000031001230DF1030240F6E70111F0AEF853
:102E80000028E4D12748012301AA40F6E60111F009
:102E9000DDF80028DBD19DF80410224821F006015E
:102EA0008DF80410012301AA40F6E60111F096F80E
:102EB0000028CCD1AB786C7995F904103BBB6FF04E
:102EC00008039942B8BF19461629A8BF16218DF8E4
:102ED000041014488DF80540022301AA8E2111F038
:102EE000BDF904460028B2D10F4E072231462846CC
:102EF00003F04AFAB54294D0002892D0072229461E
:102F0000304603F0BCF98CE7002CA6D195E76FF0B2
:102F100010039942B8BF19460E29A8BF0E21D6E763
:102F2000A01600208C0D00200717002070B54FF070
:102F3000B0446420D4F8943043F40043C4F894308F
:102F4000FEF7C6FBD4F8943023F40043C4F8943061
:102F5000FEF763F905460EF027F9D4F894305C04C7
:102F600019D52D4B1B681A2202FB03F31B0D0526F6
:102F7000B6FBF0F606FB03F4FEF74FF9401B864262
:102F80004FF0B0433BD9002C39D0D3F894305904DA
:102F900004F1FF34F0D4214CD4F8903023F40043F2
:102FA000C4F89030FEF739F905460EF0FDF8636974
:102FB0009A0726D5184B1B681A2202FB03F31B0D38
:102FC0000A26B6FBF0F606FB03F4FEF726F9431BD0
:102FD0009E42124A0CD95CB153699B0704F1FF343D
:102FE000F3D4D2F8903043F40043C2F890300EE0AE
:102FF0000A4AD2F8903043F40043C2F890300820D7
:1030000070BDD4F8903043F40043C4F89030044BC2
:103010000020187170BD00BFA009002000040058F6
:103020008C0D002030B5012883B020D0A0F102041F
:10303000B4FA84F464090225FDF76EFD40B9204618
:10304000FDF764FD003818BF0120800003B030BDDB
:1030500000228DF80720144801230DF1070240F6E5
:10306000231110F0F3FF48B1042003B030BD0F4B23
:1030700093F86130A3B902250324DDE79DF80730FA
:10308000094823F006031D430DF10702012340F612
:1030900023118DF8075010F0A1FF0028CFD0E3E7EF
:1030A00004250224C8E700BF8C0D0020A8160020CC
:1030B00010B50F4BB3F85520082322FA03F0002176
:1030C000D2B260F3070162F30F2182B060F31741BF
:1030D00062F31F61002400916A4619460548019475
:1030E00011F0BCF8001B18BF0120800002B010BD19
:1030F000A81600208C0D00202DE9F0433A4C3B4EE1
:103100003B4F89B005AD60684FF0FF33002201A945
:1031100011F0C7FE0028F6D101990029F3D0029AD8
:10312000002AF0D0C5E9000040F60403A860314849
:10313000ADF8103002F1010C192300F8013CADF894
:1031400012C003F09CF8039B43BBEFF3108372B6ED
:10315000316883F31088C9B1EFF3108372B6A168A8
:1031600083F3108831B94FF0FF32022011F0E1FBF8
:103170000028C8DBEFF3108872B610210DEB0100B8
:10318000FEF72EFD70B188F31088BCE74FF0FF32D8
:10319000012011F0CEFB0028DEDAB4E7019813F02D
:1031A000AFFED2E7BDF812101348FEF719FD002854
:1031B000E9D17B684FF0010923F001037B60C7F878
:1031C0000C904FF090434FF47A71C3F828900B485D
:1031D00014F0D6F94946082013F0D2FF49460820DA
:1031E00013F0E4FFCFE700BF30150020A416002045
:1031F000000800582D1400202C1400205C1500201D
:10320000F0B52A4B93F8613083B00746002B3ED1CE
:1032100002250324FDF780FCF0B100238DF8043073
:103220002348012301AA40F6231110F00FFF18B123
:103230000425284603B0F0BD9DF804301C4823F057
:1032400006031D4301AA012340F623118DF8045003
:1032500010F0C4FE0028EBD12046FDF757FC0446D1
:103260000028E5D1134E042333600323ADF8040096
:103270008DF8060001AA0E48832110F0EFFF0546E5
:1032800040B97B1E033307D9284603B0F0BD04259F
:103290000224BFE73460CBE7074807F110022B4652
:1032A00014F088FA0028C3D1EEE700BFA81600206A
:1032B0008C0D0020A0160020741500202DE9F0418F
:1032C0000C464FF4827182B0218034496073D1F88A
:1032D0005A101746984649B1B1F5807F59D04ED85B
:1032E000012903D0102914BFFF2102212C4BA17307
:1032F0001B68E373FFF7CEFC102106462046FEF75D
:103300006FFC0546002835D1618871BBEFF310844E
:1033100072B601A8FEF79CF90199224AA1EB0803B5
:10332000C01B02FB00334FF47A7101FB03F303F57A
:10333000436373601C4B5A68012622F001025A60F5
:10334000DE604FF0904319489E6214F019F931463F
:10335000082013F015FF3146082013F027FF84F3EF
:103360001088284602B0BDE8F0811148FEF738FC0D
:103370000028CBD00425284602B0BDE8F08140F2F9
:103380000113994207D0B1F5887F14BFFF210621B0
:10339000ACE70421AAE70521A8E700BFA816002092
:1033A000A016002040420F00000800585C150020C5
:1033B00098150020F0B5394D87B000238DF8033003
:1033C0002B68033B012B0DD8EFF3108772B601A8D1
:1033D000FEF73EF9064632200EF0E0FB044618B137
:1033E00087F3108807B0F0BD32200EF087FB87F31B
:1033F0001088ADF80A402A4CD4F85A30B3F5803F13
:1034000003D00DF10300FFF7C9FCFFF7EFFC28B173
:1034100000232B6032200EF063FBE3E7FFF702FE90
:1034200001222B682A60032B36D1D4F85A30B3F529
:10343000803F20D1D4F85A30102B28D1194B1B785B
:10344000012BE7D184F85C309DF90330002013F1A3
:10345000500F84F85A0084F85B0084F85D0013DB99
:10346000114A8DF81130D3700820019B324602A911
:10347000FFF724FFCEE70B4B1B78012BDAD1FFF7C8
:1034800017FE0028D6D0C5E7FFF7BAFEC2E7B3F5AE
:10349000803FBFD10720E8E70620E6E7A01600201E
:1034A000A81600209C160020901500202DE9F0435E
:1034B000074683B0B14814F013F80026B04C2368D7
:1034C000022B00F09B80AD4814F00AF8AD4814F0D0
:1034D00007F80121082013F053FE0121082013F002
:1034E00065FE2368A84D012BAE603ED033F0020389
:1034F00000F0A080FDF710FBE0B100238DF8043050
:10350000A248012301AA40F6231110F09FFD0028D4
:1035100070D19DF804309D4823F0060343F0020368
:103520008DF8043001AA012340F6231110F056FD56
:1035300000285FD10020FDF7E9FA0646002859D19E
:103540004FF001090DF1040890488DF804904B46A6
:103550004246802110F082FE002840F0B7800A2009
:10356000FEF7B6F8C4F8009001E00DF1040804235A
:103570008DF80430854842460123842110F06EFE08
:103580000646002834D102232360EFF3108472B67C
:10359000DFF8FC81404614F057F8002840F0D68050
:1035A00084F310887B1E033300F2DA8041F64C531B
:1035B0009F4240F2A880774B774AA7F5EA500C3833
:1035C000A3FB0030136A840998478442C0F09B80B3
:1035D00021466F4814F002F80446002840F093801A
:1035E0006B4813F007FF002800F0C580AC601DE0B9
:1035F00000232360042003B0BDE8F083EFF31084C0
:1036000072B6DFF88C81404614F01EF8002840F0B6
:103610008A8084F310887B1E033300F28F8041F68A
:103620004C539F4254D8584B00229A60002003B05C
:10363000BDE8F083594ED6F8903023F40043C6F825
:103640009030FDF7EAFD80460DF0AEFD73699A07F4
:1036500020D5534B1B681A2202FB03F31B0D4FF0BE
:103660000509B9FBF0F909FB03F6FDF7D6FDA0EB60
:1036700008039945494A49D9002E47D053699B0709
:1036800006F1FF36F1D4D2F8903043F40043C2F88B
:10369000903005E0D6F8903043F40043C6F89030FF
:1036A0003A4B00261E7118463E4B93F85730B342F2
:1036B0000CBF942396238DF8043001AA012340F611
:1036C000AC0110F08BFC00283FF414AF266091E7AA
:1036D000304B314AA7F5EA500C38A3FB0037136A88
:1036E0009847BF0987429ED32948394613F076FF91
:1036F0000446002897D1264813F07CFE224B002870
:1037000033D09C6092E70023AB608FE7234AD2F866
:1037100090300021082043F40043C2F8903021602B
:1037200003B0BDE8F083404613F0DAFE84F310885E
:1037300000283FF470AF48F80C6C77E7124B012279
:103740009A601868022111F096F86FE7404613F06E
:10375000C7FE84F3108800283FF424AFAE6065E70D
:103760000123AB6002212868EDE701229A60022163
:1037700058F8140CE7E70123AB60F8E77415002054
:10378000A01600205C150020301500208C0D0020B4
:1037900044150020D34D621068B60208000400589A
:1037A000A0090020A81600202DE9F04383B0EFF314
:1037B000108572B6924B1C684CB1924B1B68022B61
:1037C00000F0928085F3108803B0BDE8F0838E4846
:1037D00013F086FE8B4E3368022B00F08E808A48F1
:1037E00013F07EFE894813F07BFE0121082013F0C0
:1037F000C7FC0121082013F0D9FC3368844F012B4A
:10380000BC603ED033F0020300F09580FDF784F9F0
:10381000E0B100238DF804307E48012301AA40F670
:10382000231110F013FC002855D19DF8043079487D
:1038300023F0060343F002038DF8043001AA0123AC
:1038400040F6231110F0CAFB002844D10020FDF7F8
:103850005DF9044600283ED14FF001090DF104083E
:103860006C488DF804904B464246802110F0F6FCDF
:10387000002840F0AC800A20FDF72AFFC6F800902F
:1038800001E00DF1040804238DF80430614842463C
:103890000123842110F0E2FC0446002840F09980C6
:1038A00002233360EFF3108672B65B4813F0CCFE50
:1038B000002840F09B8086F310880123BB60022122
:1038C000386829E0554AD2F89030002143F400438B
:1038D000C2F89030316019214C4813F051FE85F345
:1038E000108803B0BDE8F0830021082013F048FCE5
:1038F00085F3108803B0BDE8F083EFF3108672B64D
:10390000454813F0A1FE002866D186F31088404B8D
:1039100001229A601868022110F0ADFF00210820F2
:1039200013F02EFC0021082013F040FC85F31088D2
:1039300003B0BDE8F083394CD4F8903023F4004351
:10394000C4F89030FDF769FC80460DF02DFC6369EA
:103950009A0720D5324B1B681A2202FB03F31B0D7A
:103960004FF00509B9FBF0F909FB03F4FDF755FC2D
:10397000A0EB08039945294AA4D9002CA2D0536989
:103980009B0704F1FF34F1D4D2F8903043F40043A4
:10399000C2F8903005E0D4F8903043F40043C4F806
:1039A00090301C4B00241C7118461E4B93F8573066
:1039B000A3420CBF942396238DF8043001AA01235F
:1039C00040F6AC0110F00AFB00283FF41FAF346052
:1039D00081E7002333607EE70F4813F081FD86F313
:1039E0001088002893D00A4B9C6097E70A4813F090
:1039F00077FD86F3108800283FF45FAFBC608DE749
:103A0000A4160020A0160020741500205C150020CC
:103A1000301500208C0D00204415002000040058B3
:103A2000A0090020A816002000B585B040F204418E
:103A3000002340F2011C40F20122ADF8001068465C
:103A40001021CDF80230CDF80630CDF80A30ADF8AF
:103A50000E30ADF804C0ADF80820FEF7C1F800380C
:103A600018BF0120800005B000BD00BFF0B5934E27
:103A7000336885B0002B4ED0FDF782FB02AC0021ED
:103A80008DF808108E4801232246802110F0E6FBB5
:103A9000054600284AD10A20FDF71AFEFDF73CF83A
:103AA000002840F0BC80874AD36923F40043D361E7
:103AB00083488DF8085001232246962110F0CEFB52
:103AC000A0BBFDF727F8002800F09D804FF0B04321
:103AD0001B689B0240F197807B4902917848042340
:103AE0002246972110F0BAFB00BB7F218DF8081009
:103AF000734801232246892110F0B0FB0546A8B97E
:103B00000E218DF808106E480123224640F61F1141
:103B100010F064FA3560302469488DF807400123BD
:103B20000DF10702932110F099FB18B104252846E6
:103B300005B0F0BD012602AC61488DF8086033463F
:103B40002246802110F08AFB05460028EED10A208B
:103B5000FDF7BEFD5A48ADF80850022322468F21DA
:103B600010F07CFB0028E1D1584F3B68C3B1584DA1
:103B7000534895F85720002A0CBF942296228DF8BE
:103B800008203346224640F6AC0110F027FA002800
:103B9000CCD105F15F00FFF73DF905460028C6D1FD
:103BA000474802232246172110F08FFA0028BDD182
:103BB000ADF80800022342482246072110F04EFBD0
:103BC00005460028B2D13B68BBB1414BB3F8550064
:103BD0000395030A2946C0B263F3070160F30F217E
:103BE00063F3174160F31F610823029134482246B2
:103BF000194610F033FB002898D1FCF785FF354BB0
:103C000001221A6093E742F22001ADF80810022366
:103C1000224640F611112A4810F0E0F964E72848DE
:103C200001230DF1070240F6161110F00FFA70B9DA
:103C30009DF80710224841F040018DF8071001233C
:103C40000DF1070240F6161110F0C8F930B3FCF779
:103C50004FFE00218DF8081019480123224640F636
:103C6000231110F0F3F900287FF460AF9DF80810DD
:103C7000134821F0060141F002018DF808100123DC
:103C8000224640F6231110F0A9F900287FF44EAF28
:103C90000C4AD369012543F4004308E7084801238F
:103CA000224640F6161110F0D1F90028CFD19DF828
:103CB00007209DF808309A42C9D1CAE714080020AD
:103CC0008C0D00200004005806000001A4160020FE
:103CD000A8160020A01600201F4B70B5002232202D
:103CE0009A600DF00BFF0524FFF720F90828054620
:103CF00006D10A20FDF716FD013CF5D1284670BD1E
:103D0000EFF3108672B600211448662202F009FB18
:103D1000134B01221A60134B00241C60124B1C70C1
:103D2000124B1C60124B1C60124B1C60124B1C602F
:103D3000124B1C60FFF79AFE054686F3108832206E
:103D40000DF03EFF2246214632200DF097FE322034
:103D50000DF0C6FED2E700BF30150020A8160020E7
:103D600014080020A01600209C16002098160020A1
:103D7000901500208C150020A4160020941500201A
:103D80002DE9F04186B000285ED0002A5CD005788D
:103D90000446212D00F23584DFE815F02F004400A1
:103DA000440033042F004203B9036E038F03DC0287
:103DB0006D023400C50328042A0322004402EB01EB
:103DC000B7012F01F0009C01E10070005B007C0353
:103DD0006E006E006E006E006E006E006E006E0073
:103DE000AD4B1B68002B00F05083AC4B427893F82E
:103DF0003E10914201D083F83E200025284606B0AF
:103E0000BDE8F081A64E44783378A342F5D0A24BAA
:103E10001B68002BF2D0012C00F03687022C00F03A
:103E200045868CB10525E9E79E4B994201F29180C8
:103E30009D4B994201F218819C4B994201F2888175
:103E40009B4B994200F2A0830225284606B0BDE8AC
:103E5000F081934B1D78012D40F017838E4B1B682A
:103E6000002B00F012834378002B40F08D858B4AA5
:103E7000A2F85A30A2F85C300A25BFE786490B68E1
:103E8000002B79D0864B854A1B78D4F8014000205E
:103E9000A2F85A00022B4FF00100A2F85C0000F0DB
:103EA000FF84012B0BD1FF218DF80810814802AA55
:103EB00040F2BB6110F092F8002840F04984FCF712
:103EC0002BFEF0B100218DF808107A48012302AAD8
:103ED00040F6231110F0BAF8002840F039849DF81C
:103EE0000810744821F0060141F002018DF8081015
:103EF000012302AA40F6231110F070F8002840F0C8
:103F000027840120FCF702FE002840F021846A4E3D
:103F100003233360621C00F00B84ADF808008DF8B9
:103F20000A0002AA6348822110F098F9034600288B
:103F300040F00C84621E033200F277855F4804F182
:103F4000100213F037FC051E18BF0125AD005C4BB5
:103F50001A68002A3FF452AF00221A604EE74E4B17
:103F60001B68002B00F091824D4B1C78012C00F057
:103F70001885022C00F046870B25E8E7464B1B68A6
:103F8000002B00F08282451C09224E48294602F08F
:103F9000FBF900283FF431AFB4F80130012B89BFA1
:103FA00003F1FF330020D800C3F3471298BF024645
:103FB0004FF0000188BF00F0F80062F30701E278DB
:103FC000D4F80530039360F30F2162F3174122798F
:103FD0003848647A8DF81040D20062F31F61029174
:103FE000092302AA8C2110F039F9002852D1354852
:103FF0000922294602F043F9FFE6274B1B68002BF4
:1040000000F04382451C0A222F48294602F0BCF9E1
:1040100000283FF4F2AED4F80130002B3FF414AF87
:10402000D4F8052029492A4EB6FBF3F6A1FB02037A
:104030001B0B43F6095000FB1322920302F6427257
:10404000A1FB02129B0303EB1232A37A002163F35C
:1040500007010020637A340C64F30700140C64F346
:104060000F21340A64F30F2066F3174063F31F60D7
:104070000823029022FA03F060F3174162F31F61F4
:1040800003910C480DEB03028B2110F0E7F8002898
:1040900001F011800425B1E6A4160020A816002026
:1040A0009C1600207FF8A9327F44E52DFF0A6B1B88
:1040B0007F47A1198C0D0020A01600207415002048
:1040C0008C150020CA160020C016002083DE1B437A
:1040D0000000093DB94E3368C91ACD1E3FF48DAEBC
:1040E000DA1C0244D9B2B648ABB210F025F8002869
:1040F000D0D13268B4F801302A449A4232607FF459
:104100007CAEB04B30601A6077E6AF4B1B78022B69
:1041100040F0BB81AD4B1B68002B00F0B68163788B
:10412000067A85786268C078002B40F01F84A84921
:10413000A1F85A30A1F85C300023002166F3070192
:1041400065F30F2160F3174163F31F61100C8DF8C5
:104150000E20140A02918DF80C00072398488DF860
:104160000D4002AA882110F079F8051E18BF042519
:1041700044E6964B1B68002B00F08781451C062205
:104180009448294602F000F900283FF436AEB4F80E
:104190000110E0780A0A002362F30703627961F3F1
:1041A0000F232179003A60F3174318BF012261F30E
:1041B0001F634FF0000162F30701A2790293131EFF
:1041C00018BF012363F30F21ADF80C107C480623C0
:1041D00002AA8C2110F042F800287FF45BAF0DF1A9
:1041E000070677480123324640F236710FF02EFF62
:1041F00000287FF44FAFA3799DF80710002B00F043
:104200004B8701F0FB018DF807106D480123324602
:1042100040F236710FF0E2FE00287FF43BAF6D48AC
:104220000622E6E6694B1B68002B00F02E81451C38
:1042300003226948294602F0A7F800283FF4DDADC3
:10424000A7786178E378042F00F0AC86052F03BFD0
:10425000A1F10C04B4FA84F4640900245A1E062A5D
:1042600000F28787DFE812F00C02D001D1010E02C4
:104270000C02D0010E02594813F032F9584813F0DD
:104280002FF901210820574E12F07AFF0121082052
:1042900012F08CFF3368544A0021012B916000F02A
:1042A000B58233F0020300F056820DF10808FCF7E6
:1042B00033FCF0B100218DF808104148012342463B
:1042C00040F623110FF0C2FE002840F08D829DF8C9
:1042D00008103B4821F0060141F002018DF808105A
:1042E0000123424640F623110FF078FE002840F0EB
:1042F0007B820020FCF70AFC0446002840F0748210
:1043000001252F488DF808502B46424680210FF09A
:10431000A5FF002840F067820A20FDF7D9F9356033
:10432000002215460023CDF80A30CDF80E30CDF826
:104330001230ADF816304FF401710A23ADF80810B1
:10434000ADF80C30ADF80E20EFF3108772B61021E7
:10435000404625E0437BD0F80100002B00F0658249
:1043600028B9D4F80520214B9A4200F08583022217
:1043700015460023CDF80A30CDF80E304FF4017108
:10438000CDF81230ADF816300923ADF80810ADF8AD
:104390000C30ADF80E20EFF3108772B6102102A892
:1043A000FDF71EFC0446002800F06E81042487F30C
:1043B0001088002D08BF254620E500BF9415002079
:1043C0008C0D0020901500209C160020A4160020C3
:1043D000A8160020EF160020EC160020741500200F
:1043E0005C150020A0160020301500203A259AE424
:1043F000BD4B1B68002B48D04378012B00F03C825A
:10440000022B7FF40FADB94D4188AB8F8B423FF447
:10441000F4ACB74B1B78022B00F02D86A987ECE497
:10442000B44E3368022B12D0EFF3108472B6B24848
:1044300013F00AF9002840F07D8284F310880121EE
:10444000082012F09DFE0121082012F0AFFE4FF06F
:10445000904301249C610520FDF73AF9A74BDC60ED
:104460005A6822435A603368022B7FF4C6AC00219D
:10447000082012F085FEC0E49B4B1B68002B40F027
:10448000C8814378002B40F0D5810B25284606B023
:10449000BDE8F0818A427FF4B0ACEFF3108172B6D0
:1044A000974BD3E9035281F31088002D3FF4A5AC5C
:1044B000B0F801100330A8479FE4D0F80120914BD9
:1044C0009A4200F093810722154600234FF40171B0
:1044D0000826CDF80A30CDF80E30CDF81230ADF800
:1044E0001630ADF80810ADF80E20ADF80C60EFF303
:1044F000108872B610210DEB0600FDF771FB044623
:10450000002800F0D980042488F3108851E78A42FB
:104510007FF473AC682A00F071854378002B40F07B
:104520001C8506256AE4784DD0F801102B68994265
:104530000A463FF462AC6F4800680128A5D1734871
:10454000834200F2FB81724A934200F26584714E0D
:10455000B34200F27D85704FBB4200F2A1856F4FE0
:10456000BB4200F2C885814200F25984914200F2B8
:10457000F084B14200F27885674B994200F2E885F9
:10458000664B994240F26C856B226F230DF108084F
:104590008DF808208DF809306148022342469821A1
:1045A0000FF05CFE00287FF475ADD4F801105D4E6D
:1045B000A6FB01031B0B43F6095000FB13108003FD
:1045C00000F64270A6FB0060990301EB103109BAB6
:1045D000029153484246042386210FF03FFE0028F3
:1045E0007FF458ADD4F801302B6006E43E4B1B68D5
:1045F000002B3FF44AAF013006B0BDE8F041FEF7B2
:1046000009BC0325FFF7FABB0223002061F3070072
:1046100067F30F2063F3174064F31F6002900423D5
:104620003F4802AA8B210FF019FE00287FF432AD1B
:104630000DF107063A480123324640F689010FF092
:1046400005FD00287FF426AD9DF807103448062F9D
:104650000CBF01F0FB0141F004018DF807100123AC
:10466000324640F689010FF0B9FC00287FF412AD04
:104670002D480322294601F002FE2C4B012242E57F
:104680000123C2E70423C0E71C4B5A68012622F02D
:1046900001025A60DE604FF090434FF47A719E62DF
:1046A000154812F06DFF3146082012F069FD3146C1
:1046B000082012F07BFD7AE6104B5A68012722F0A1
:1046C00001025A60DF604FF090434FF47A719F62AD
:1046D000094812F055FF3946304612F051FD39466F
:1046E000304612F063FD0FE7A4160020A816002044
:1046F0009C160020A01600205C1500200008005821
:1047000030150020ABD5D62798160020FFE8A43539
:104710007FF8A9327F44E52DFF0A6B1B7F47A11963
:104720008C0D002083DE1B43EC1600208C1500202E
:104730004FF6FF718DF80A10C348ADF8084002AA81
:1047400082210FF08BFD002800F06F810023336081
:104750000425FFF7FCBBBD4CD4F8903023F4004394
:10476000C4F89030FCF759FD05460CF01DFD636957
:10477000990740F1D880B64B1B681A2202FB03F35D
:104780001B0D0527B7FBF0F707FB03F4FCF745FD0E
:10479000421B9742AD4B40F2B880002C00F0B58030
:1047A0005A69920704F1FF34F0D4D3F8902042F410
:1047B0000042C3F89020A74BA34A93F85730002B30
:1047C0000CBF942396230DF10808002414711046A1
:1047D0008DF808304246012340F6AC010FF0FEFB95
:1047E00000283FF464AD346004229AE503F11953C4
:1047F000D0F8052003F5621303F605039A427FF40F
:1048000062AEFFF769FA054602465EE60DF108085A
:1048100086E5FFF72BF965780646002D40F04481C8
:10482000002E18BF3546FFF7E9BAFEF73FFE0546F2
:104830002A469EE50B2216460023CDF80A30CDF815
:104840000E304FF40171CDF81230ADF81630072359
:10485000ADF80810ADF80C30ADF80E20EFF310876E
:1048600072B6102102A8FDF7BBF90546002834D026
:10487000042587F31088D3E7764D827A6B7B9A42C2
:1048800000F09B83744B1B78012B00F04A83661C5D
:104890007248711C01F0F3FCA37A6B73FFF7ADBA99
:1048A00092F83E30002B3FF40AAB0968002900F073
:1048B000818392F8450092F844206949C2EBC00216
:1048C000143A51F8222002FB03F39C4200F2D083F9
:1048D000002C08BF1C46FFF7F2BA624B5A6801244D
:1048E00022F001025A60DC604FF090434FF47A717D
:1048F0009C625D4812F044FE2146082012F040FC04
:104900002146082012F052FCB3E75049D1F890300C
:104910000822002043F40043C1F89030154630606F
:104920000DEB0208FEE4D4F8903043F40043C4F8E1
:10493000903040E74C4812F0D3FD7EE581427FF68F
:1049400073AA0DF10808494B3F489A428CBF1822C0
:104950001F228DF808200123424640F245710FF0D6
:104960003DFB00283FF421AEFFF794BB013BDBB2D7
:10497000052B40F2C582374B00210122A3F85A10C3
:10498000A3F85C20FFF74EBA013BDBB2052B40F2E7
:104990005882304B0022A3F85A20A3F85C50FFF74E
:1049A0006BBA2C4B93F861201E69002A48D004256D
:1049B0000224FCF7B1F8E8B100238DF80830224852
:1049C000012302AA40F623110FF040FB00287FF4D8
:1049D000BFAE9DF808301C4823F006031D4302AA11
:1049E000012340F623118DF808500FF0F7FA002844
:1049F0007FF4AEAE2046FCF789F8044600287FF429
:104A0000A7AE1B4D04232B600323ADF808008DF8DF
:104A10000A0002AA0C4883210FF020FC034600285C
:104A200040F01383721E033202D90025FFF78FBABC
:104A3000104806F1100212F0BDFE0028F5D087E6FE
:104A400002250324B5E700BF8C0D002000040058A8
:104A5000A0090020A81600209C160020AD160020FA
:104A6000D0B70208000800585C150020C0AFD2354E
:104A7000A01600207415002003F12F43D4F809205C
:104A8000A3F5DE036FF47B7423449A427FF46FAC8A
:104A9000FEF70CFD054600287FF4CAAE014608204B
:104AA00012F084FB2A4664E40246C5E60DF10808CC
:104AB0000123D1488DF8083042468A210FF0CEFB01
:104AC00000287FF4E7AACD4D03906721082385F8DD
:104AD00055104FF0672185F856000291C648347092
:104AE000424619460FF0BAFB00287FF4D3AAAA8FDA
:104AF000C14852BA2346ADF808204FF4E861424657
:104B00000FF06CFA034600287FF4C4AA95F84570AC
:104B100095F84410042F00F02283052F03D1A1F152
:104B20000C004342434195F84620501E062800F2EF
:104B30002383DFE800F0A705A504A70504000424EB
:104B4000002261F3070267F30F2264F3174263F355
:104B50001F620292A848042342468B210FF07EFB7D
:104B600000287FF497AA0DF10706A34801233246D7
:104B700040F689010FF06AFA00287FF48BAA9DF8AD
:104B800007209D48062F0CBF02F0FB0242F00402F2
:104B90008DF807200123324640F689010FF01EFAF6
:104BA000024600287FF476AA95F84B10B5F8470026
:104BB000003918BF0121134661F30703010A61F3AD
:104BC000070295F8491060F30F2261F3174295F838
:104BD0004C108948003918BF012161F30F2395F863
:104BE0004A10ADF80C3061F31F6202920623424670
:104BF0008C210FF033FB00287FF44CAA7E48012360
:104C0000324640F236710FF021FA00287FF442AAB2
:104C100095F84C309DF80720002B00F0A78202F099
:104C2000FB028DF8072074480123324640F23671AA
:104C30000FF0D4F900287FF42DAA95F83E108DF8D6
:104C400007106D4801233246A0210FF007FB002812
:104C50007FF420AA9DF807303F2B7FF6CEA803F003
:104C6000F8035C1C64488DF808400123424640F27A
:104C700006710FF0B3F900283FF4BFA8FFF70ABA96
:104C800014465DE701245BE700220DF108088DF86A
:104C900008205948234642468A210FF0DFFA0028AF
:104CA0007FF4F8A9554D03900F21082385F855107E
:104CB0004FF00F2185F8560002914F48347042465C
:104CC00019460FF0CBFA00287FF4E4A96A7B029022
:104CD000082AC8F804003FF624AC691D404601F0DC
:104CE000CEFA4246444808234FF4D8610FF076F9D3
:104CF000024600287FF4CEA9AE69002E3FF4A4A896
:104D0000EB6995F8217043F60951B3FBF1F001FB13
:104D100010339B0303F64273B3FBF1F3114603EB2D
:104D200080333748B0FBF6F0060C66F3070267F3F2
:104D300007011E0C66F30F21060A66F30F2260F3CB
:104D4000174295F8200060F31F6202921A0A62F37C
:104D5000174163F31F6103912748082342468B21C3
:104D60000FF07CFA00287FF495A90DF10706224880
:104D70002346324640F689010FF068F900287FF497
:104D800089A99DF807101C4841F004018DF807100F
:104D90000123324640F689010FF020F900287FF404
:104DA00079A96B8CD5F826200392012B85BF03F1DE
:104DB000FF33DB0003469BB295F82A208DF81020C4
:104DC00000241A0A95F824100B4862F3070495F89A
:104DD000252063F30F2461F31744D30063F31F64AA
:104DE000424609238C2102940FF038FA00283FF440
:104DF00004A8FFF74FB900BF8C0D0020A8160020B3
:104E00000000093DC44B93F86120D3F83F60002AAD
:104E10003FF416AE0425CCE5814240F207814EF600
:104E2000E1120DF10808ADF80820BC480223424603
:104E300098210FF013FA00287FF42CA9D4F8012050
:104E400081E5B749B44A51F82330C2F85A30102BE3
:104E50007FF412A8FBF760FEF0B100228DF8082065
:104E6000AE482B4602AA40F623110FF0EFF80028B7
:104E70007FF410A99DF80860A84826F0060646F0C1
:104E800002062B4602AA40F623118DF808600FF0A7
:104E9000A5F800287FF4FEA80120FBF737FE0028C4
:104EA0007FF4F8A808234FF00422029203900DEB40
:104EB00003029A4819460FF0D1F9054600287FF4FD
:104EC000E9A8984E032333608221ADF808008DF8DD
:104ED0000A0002AA91480FF0C1F90346002840F0E9
:104EE0003B81E268511E03313EF687AF8E48103297
:104EF00012F060FC051E18BF0125AD00FEF77EBF55
:104F00008A4951F823308449012BC1F85A303FF4C3
:104F100014A9102B3FF411A9002B7EF483AFFFF7E7
:104F20000BB90023082ACDE902333FF6FAAAA11CE7
:104F300002A801F0A4F9082378480DEB03024FF40E
:104F4000D861661C0FF04AF800287FF4A3A8A27A63
:104F50009EE4D722DB23FFF719BB2E46062200234F
:104F6000CDF80A30CDF80E304FF40171CDF8123083
:104F7000ADF816300623ADF80810ADF80C30ADF8DA
:104F80000E20EFF3108772B6102102A8FCF728FE5E
:104F90000546D8B1042587F31088002E3EF42EAFC5
:104FA000FFF7BFBAA1F10B04012C8CBF0024012430
:104FB000FFF754B90C46FEF782BF811C681D01F053
:104FC000E3F900283EF419AFA27A5BE4584B5A6823
:104FD000012422F001025A60DC604FF090434FF44C
:104FE0007A719C62534812F0CBFA2146082012F0E5
:104FF000C7F82146082012F0D9F8CCE7EFF3108566
:1050000072B64548A11C662201F039F94A4A4B4B59
:105010001068012119600FF02EFC85F31088637869
:10502000002B3EF4EAAE0022164698E7914217D8CC
:10503000434B994218D8434B994200F28980424B26
:1050400099423FF6A1AAFEF7FFBE2C60FFF780BB96
:1050500081423FF6E4AE91423FF67BAFB142EAD9DE
:105060000DF10808FFF7A3BAC122C523FFF78EBAD6
:105070001C46FEF724BF0A0A8DF808208DF8091097
:10508000264802AA4FF4E8610EF0A8FF00287FF43A
:1050900001A86188FFF7C2B941F00401FFF7B3B876
:1050A00081423FF6BCAE91423FF653AFB142DBD8EE
:1050B000B942D5D8C3E7194801230DF1070240F6DC
:1050C00089010EF0C3FF00287EF4E4AF9DF80710BD
:1050D000124841F004018DF8071001230DF1070279
:1050E00040F689010EF07AFF00287EF4D3AF17480E
:1050F0000A22FFF7BFBA81423FF691AE91423FF6D6
:1051000028AFB142B0D80F4B994221D80E4B9942EB
:105110007EF69AAEA4E700BFA81600208C0D0020F2
:10512000B8B70208A016002074150020B8B702080E
:10513000000800585C15002030150020A41600203F
:105140007F44E52DFF0A6B1B7F47A119C016002085
:1051500075228123FFF71ABA3560FEF79BBFA1F1D4
:105160000B03012B8CBF00230123DCE442F004027B
:1051700057E50023FFF749BA0024E1E42DE9F04F99
:105180008FB005460E46AE48022306AA12210EF045
:105190009CFF30B1022810D0042420460FB0BDE897
:1051A000F08F0223A648BDF8187006AA19460FF022
:1051B00055F8044630B10228EED10C2420460FB039
:1051C000BDE8F08FDFF87C8232200CF0F9FCD8F8D3
:1051D0000030ADF82A40013B012B20D97BBAD8071B
:1051E0009FB225D43907B94609D5DFF85CA29AF8F1
:1051F0000030012B00F08E8037F008090FD07B07BC
:105200003BD4380649D4002301937B0648D50520BA
:1052100033462A460AA9FEF751F80028BCD10022DD
:10522000114632200CF02AFC32200CF059FCB4E775
:105230000127C8F80070FBF76FFCC8B180488DF8F3
:1052400020403B4608AA40F623110EF0FFFE90B91D
:105250009DF820107A4821F0060141F002018DF8F6
:1052600020103B4608AA40F623110EF0B7FE10B9F5
:105270000020FBF74BFC0120CAE7DFF8CCA19AF82D
:105280000030012B34D029F00402002AC7D039069F
:10529000B9D5022BC3D00B247FE76B4B1B78F8E703
:1052A00017F0200940F09E80B80700F16E81019B45
:1052B000002BB4D00820ABE7644A614802232146A2
:1052C0000EF06CFF002840F08480614A937802332E
:1052D0008DF820305F4BC2F80330019B83F31088B8
:1052E0007B078ED59AF80030012BD0D127F0080922
:1052F000DFF864B1DBF85A30102B00F0B180B3F561
:10530000803F71D129F00403002B88D03A067FF545
:105310007AAFC0E7EFF31083019372B6BA07CBD42C
:10532000DFF834B19BF82520BBF822309BF826101B
:1053300013449BF82720A2F10102B2FA82F252092B
:1053400003EBC2029BF82830002918BF01339BF8F9
:105350002910062944D8DFE801F0414304434143C2
:10536000040002210B4402EBC303DBF818204FF4C6
:105370007A7102F1FF3901FB039907A84FF4FA6330
:10538000B9FBF2F903FB09F9FCF762F908AB8246B5
:10539000009307E09DF81720012A00F24781994504
:1053A000C0F0428101230DF1170240F603012448A9
:1053B0000EF04CFE83460098FCF74AF9DDE907231E
:1053C0009B1A264AA0EB0A0002FB0033BBF1000F38
:1053D000E0D00424019B83F31088DEE60121C1E7BD
:1053E0000021BFE70A2013E70023019308AB0093D5
:1053F0001A46BBF855100023080A60F30703C9B228
:1054000061F30F2360F3174361F31F6308930021D7
:10541000082309910A4819460EF020FF00287FF45E
:10542000BBAE29F00403002B3FF441AF3A067FF5F1
:10543000ECAE9AF80030022B3FF439AF2BE700BFF7
:105440008C0D0020A01600209C160020991500202D
:1054500098150020FECABAABA816002040420F00E3
:1054600008AA1146009200220123ABF85A20AB484B
:10547000ABF85C300A4615210EF027FE00287FF4B9
:105480008BAEA74B1A689DF820305B425B1012B1BF
:105490009BF95E209B1A6FF07F029342B8BF1346C0
:1054A000A04AA1485BB28DF83130D37012F018F8E1
:1054B0009E4812F015F80121082011F061FE01212B
:1054C000082011F073FE9A4B00229A60D8F8003041
:1054D000012B3DD033F0020300F06E81FBF71CFB83
:1054E000F0B100238DF820308C48009A012340F65B
:1054F00023110EF0ABFD00287FF44EAE9DF8203056
:105500008648009A23F0060343F002038DF820300A
:1055100040F6231101230EF061FD00287FF43CAE1C
:105520000020FBF7F3FA019000287FF435AE012349
:105530007A48009A8DF8203080210EF08FFE0028E6
:1055400040F07F810A20FCF7C3F80123C8F800303F
:10555000BBF855207148110A0023D2B261F307034A
:1055600062F30F2361F3174362F31F630893002272
:10557000082309921946009A0EF070FE00287FF465
:105580000BAE0823009A019333E70127C8F8007097
:10559000FBF7C2FAC8B161488DF820903B4608AAD3
:1055A00040F623110EF052FD90B99DF820105B4893
:1055B00021F0060141F002018DF820103B4608AAB7
:1055C00040F623110EF00AFD10B90020FBF79EFAF9
:1055D000584B1F78012F00F0B780022F7FF45BAE8D
:1055E00008AB1A4600934D483B4613210EF06DFD63
:1055F000002840F08F809DF820809DF821004FF01A
:105600000309009A02231321B8F1000F31D1B9F137
:1056100001097FD041480EF058FD00287AD19DF84D
:1056200020809DF82100ECE70824D3E69945FBD3C0
:10563000414A3A48594602230EF0B0FD00287FF453
:10564000C8AEDFF8F890009A99F802303348023378
:105650008DF8203040F2BB6101230EF0BFFC002822
:105660007FF4B7AE364BC9F80330019B83F3108843
:10567000C2E51FFA88F901462F4A28484B460EF02A
:105680008DFD002846D12548009A032314210EF0F1
:105690001CFD00283ED19DF921209DF92030204895
:1056A0009DF92210023292105B42002A4FEA6303F6
:1056B0008DF83220B8BF9B180268C1F100014FEA93
:1056C0006101A8BF1BB21AB11E4A92F95E209B1A53
:1056D00002686FF07F008342B8BF03465BB2ADF84B
:1056E00030301AB1174B93F95E30C91A6FF07F034F
:1056F0009942B8BF19468DF83310009A0748012324
:1057000040F26B710EF0A2FC002800F035810023FE
:105710008DF83430034B00221A6078E58C0D0020A0
:10572000A416002090150020741500205C150020A0
:10573000301500209C160020991500209815002097
:10574000FECABAABA8160020DFF8E082B84BD8F842
:1057500003209A42DED198F8012098F80270019255
:1057600000235FEA121BC8F8033040F0FF80042FCB
:10577000D0D908AB1A460093AE48022313210EF08D
:10578000A4FC0028C6D19DF820C09DF821004FF050
:10579000030A009A02231321BCF1000F61D1BAF170
:1057A000010AB7D0A3480EF090FC0028B2D19DF8B2
:1057B00020C09DF82100ECE79F4AD2F8903023F4F6
:1057C0000043C2F89030FBF728FD02900BF0ECFC90
:1057D0009A4B1B681A2101FB03F31B0D0521B1FB3A
:1057E000F0F101FB03F3944A506910F002000190BC
:1057F0000CD003930191FBF710FD029B0199C01A95
:10580000814222D9039B03B3013BECE78949019B09
:105810000B71D2F8903043F40043C2F890309BF8FB
:105820005730009A002B14BF962394238DF8203014
:105830000846012340F6AC010EF0D0FB00283FF4EF
:105840004DAE019BC8F80030A6E47B4AD2F89030F8
:10585000002143F40043C2F890300824C8F8001037
:105860009BE4BB1C63457FF455AF811C744A7148AF
:10587000C9B23B460EF092FC024600287FF44AAFC4
:10588000019B190700F18C80BBF1000F00F0E08054
:10589000BBF1010F7FF43EAFB81E18D0634900235F
:1058A00041F2210C11F8012F89EA0229082219F48A
:1058B000004F4FEA490E16BF8CEA49091FFA8EF9CC
:1058C0001FFA89F9013AF2D101339842EAD802224B
:1058D000BB1A013A9FB2D20018FA83F329FA02F1F7
:1058E00013F8010FC9B28842A2F108027FF412AF87
:1058F00012F1080FF2D1009A4E48032314210EF042
:10590000E4FB00287FF406AF4E489DF821209DF867
:105910002230016852425B4252105B1019B14A4971
:1059200091F95E10521A01686FF07F008242B8BF91
:1059300002468DF8312019B1434A92F95E209B1A34
:10594000424A17606FF07F029342B8BF13468DF84A
:10595000303000238DF83230032388F800307B1C70
:10596000ADF82A30D7B9ADF82A7050E4BBF1010F79
:105970007FF4FFAE022FFBE69DF8203013F0100FEE
:10598000324BC3F80080294B09F1010908BF0127F8
:105990000322ADF82A908DF834701A70022037E493
:1059A000DFF888C040F2FF1031E043EA11105B08D5
:1059B00043EA511359B24FEA410E0EF0100A4FEA72
:1059C000C10E0EF0200E4AEA0E0E4EEAC11E49012B
:1059D00001F040014EEA0101C3F3C01E41EA0E018D
:1059E000C3F3421E0EF0020E41EA0E01C3F3C40ED1
:1059F0000EF0040EC3F3460341EA0E0103F0080360
:105A00000B431CF8011F4B4001328CF8003080EA38
:105A10005011490101F4F07141EA101181EA51136A
:105A20005B01974203F4F073BFD82DE7981500206F
:105A3000FECABAAB8C0D002000040058A00900205B
:105A400099150020A4160020A8160020901500200B
:105A5000B7F104091FD0B9F1030FCDF820B01CD95C
:105A6000DFF84CE0CC46134A4FF0FF31002081456F
:105A70008ABF1EF8003000231B0659400823002966
:105A80004FEA4101B8BF5140013BF8D101306045B8
:105A9000EDD16FEA010904221AE7DDF800A00449FC
:105AA0004A46504600F0EBFB4FF0040CD646DAE7CE
:105AB00099150020B71DC104EFF3108272B6034B95
:105AC000C3E9030182F310880020704730150020DD
:105AD00000B109B90220704730B5154685B0EFF323
:105AE000108272B60C4B1B6882F3108813B9092020
:105AF00005B030BD094B044658680028F7D0002394
:105B0000CDE900411A46694602950FF092F9002846
:105B10000CBF00200620EBE7A41600203015002063
:105B200008B54FF47A71064811F02AFD01210820CA
:105B300011F026FBBDE808400121082011F036BB1A
:105B40005C15002030B583B000241D4B1D48009427
:105B50002246214611F014FC1B4B1C48009422469F
:105B6000214611F00DFC18B10424204603B030BDCD
:105B7000FDF77CFF02460028F6D1154B1548009230
:105B8000114611F0FDFB04460028EDD1124D6B6863
:105B900063B129680029E8D1104A11480EF0FDFDD3
:105BA000B0FA80F464092860A400DEE702460C2104
:105BB0000A200FF0FFF868600028EAD1D4E700BFA0
:105BC000B533010874150020A93701085C150020C1
:105BD000912D0108441500203015002030B802082E
:105BE000F93001084068401A7047000038B330B5FA
:105BF0000B2983B00D4620D94368B3F5807F044656
:105C00001BD80C33994218D1037A092B1CD0284693
:105C100011F0FEF8019080B12A46214600F02FFBDA
:105C20000C4A0023106801A91A460FF002F938B98E
:105C3000094B022118680EF0F1FE03B030BD704729
:105C4000019811F05DF9F8E7034B042118680EF094
:105C5000E5FEDCE72C170020281700202DE9F3478C
:105C6000524C00231A46206801A90FF01AF9C31CF0
:105C700000F09680002840F0958020680FF047F9EA
:105C800005460198077A7A1E0A2A1BD8DFE802F037
:105C900006621A1A1A1A7E1A6A3B3B00444F90F9A0
:105CA00009903B78012B0BD1DFF80881D8F8000070
:105CB00007F01CFB044664B93F4B9B6803B198474F
:105CC00087F80090019811F01BF9284602B0BDE852
:105CD000F087204607F091FB21460646D8F80000E1
:105CE00007F00AFB044656B1D6F800A0BAF1000F3F
:105CF00005D0002370681A464FF0FF31D047304678
:105D000011F0FEF8D7E7DFF8AC8001682B4AD8F82D
:105D1000000007F041FB06460028D3D007F06DFBDA
:105D200031460446D8F8000007F0E6FA002CC9D046
:105D300026684EB1019A536853B10C32B7F10A018B
:105D4000606818BF0121B047204611F0D9F8B9E7C3
:105D50001A46F3E7184A1268002AB3D041680C309B
:105D60009047AFE7134F0168144A386807F014FBF7
:105D700006460028A6D007F040FB03680446002B27
:105D8000A0D13868314607F0B7FADDE70A4A526811
:105D9000002A97D04168002994D0007B904791E772
:105DA000002093E74FF0FF3090E700BF2C17002052
:105DB000180800202017002010170020E55B0108BC
:105DC00070B58668B6F5807F04461BD80F4D042158
:105DD00028680EF054FE201D002206F10C01FFF78A
:105DE00077FE044680B9024642F210732868042107
:105DF0000EF070FE002803DA023014BF0C241924C0
:105E0000204670BD0124FBE70B24F9E7281700208A
:105E10002DE9F04F87B01022002102A811F006FEF4
:105E20003F4F404D4FF4FA64386823460022022168
:105E30000EF050FE00281CDA023001D00EF0FCFCFF
:105E40002B7802A8FF2B42F2107408BF4FF4FA64BB
:105E5000FFF7B6FF2B78012BE6D138684FF0FF3300
:105E6000002203210EF036FE051E0ADA0235E5D1C6
:105E7000F3E78107EED5FFF7F1FE0028FBDCE9D060
:105E8000DCE70024DFF8A080DFF8A090264605F0CC
:105E9000020ABAF1000F02D0FFF7E0FE0646EA0759
:105EA00032D500231A46D8F8000001A90EF0F9FFF8
:105EB000C31C30D088BBD8F800000FF028F8044687
:105EC0000198FFF77DFF014678B901990B68C3B1CE
:105ED000D9F8000007F043FA8346D9F8000007F02C
:105EE00058FABBF1000F0FD102210198D0F800B091
:105EF000BBF1000F03D0002340681A46D847019831
:105F000000E0084610F0FCFF002EC2DC002CC0DCD4
:105F10003443A2D092E70024F6E74FF0FF34F3E7D2
:105F20002817002018080020301700202017002014
:105F30002DE9F043DFF8948085B01F46D8F8003093
:105F400001900E461546002B34D0DFF88490D9F826
:105F5000000078B3B2F5807F2CD84FF0FF310EF0FF
:105F600024FE1C4AD9F80000146801340ABF01233A
:105F700023461C4613600EF03DFE05F1100010F0A4
:105F800047FF0390B0B1019B0760C0E90145C360C2
:105F90002EB125B12A463146103011F0E9FD00231B
:105FA000D8F800001A4603A90EF043FF38B1039851
:105FB00010F0A6FF0024204605B0BDE8F083064B94
:105FC000012118680EF02AFDF5E700BF3017002008
:105FD000241700201C1700202817002010B50020CF
:105FE0008AB00EF005FD1C4B1860002832D000224C
:105FF000042105200EF0DEFE184B186050B300227D
:10600000042105200EF0D6FE154B186010B307F0E2
:1060100096F9144B1860E8B100200EF08FFD124B7A
:106020001860B8B120242246002102A811F0FEFC1D
:106030000E4B01930E484FF4006301AA0021CDE9F5
:1060400006340EF0AAFB28B10A480021FFF734FD00
:106050000AB010BD0620FBE72817002030170020EB
:106060002C1700202017002024170020AAB60208B1
:10607000115E0108ED5B010838B5084D04464FF08C
:10608000FF3128680EF091FD94E80700044B83E887
:1060900007002868BDE838400EF0ACBD241700208A
:1060A0001017002033B40C461D460146049B88B1EE
:1060B00084B17BB18DF80520032000228DF80720E4
:1060C0008DF804008DF806500198224602B030BCCD
:1060D000FFF72EBF002002B030BC70471FB508226A
:1060E000CDE9020100230DEB02010620FFF720FF9E
:1060F00005B000BD07B500230090042269460820C2
:10610000FFF716FF03B000BD002282B00346114620
:10611000042002B0FFF70CBF002282B003461146F4
:106120000C2002B0FFF704BF07B50B460090042215
:1061300069460D20FFF7FCFE03B000BD82B0134698
:106140000A4601460E2002B0FFF7F2BE07B50B4625
:106150000090042269460F20FFF7EAFE03B000BD5D
:1061600017B413460C46014630B12CB1224610201C
:1061700003B010BCFFF7DCBE002003B010BC7047BA
:1061800007B50B460090042269461120FFF7D0FEA8
:1061900003B000BD82B0014600230522132002B0E7
:1061A000FFF7C6BE07B500220346ADF800206946DA
:1061B00002221420FFF7BCFE03B000BD07B5034662
:1061C000022269461420ADF80020FFF7B1FE03B0AB
:1061D00000BD07B501238DF800308DF801000023C4
:1061E000022269461420FFF7A3FE03B000BD07B5E5
:1061F00003220346ADF80020694602221420FFF76F
:1062000097FE03B000BD82B000220B4612218DF82C
:106210000410ADF806208DF805000198114602B073
:10622000FFF786BE002382B01A461946162002B038
:10623000FFF77EBE002282B003461146172002B04F
:10624000FFF776BE1FB501238DF80830CDF80900A1
:106250000023052202A91820FFF76AFE05B000BD41
:1062600082B0002319228DF80420ADF806308DF895
:10627000050001981A46194602B0FFF759BE032AD5
:106280003DD90B6870B5036000F00303C3F104044B
:106290002144043A1A448B0720440CD122F0030312
:1062A0000C1FC518A84204D054F8046F40F8046BC2
:1062B000F8E719440FE0044613468E18032BA6EBAB
:1062C000030504D92D6844F8045B043BF6E722F08B
:1062D00003031944184402F00302022A08D0032AD7
:1062E00002D0012A08D009E011F8013B00F8013B77
:1062F00011F8013B00F8013B0B78037070BD022AD6
:1063000008D0032A02D0012A08D0704711F8013BB7
:1063100000F8013B11F8013B00F8013B0B780370DA
:106320007047032A22D930B54FF0013300F003043F
:10633000043AC4F104054B432244036022F00304F1
:1063400028440444A04202D040F8043BFAE702F09B
:106350000302022A06D0032A02D0012A04D004E054
:1063600000F8011B00F8011B017030BD022A06D0A5
:10637000032A02D0012A04D0704700F8011B00F85C
:10638000011B017070470000032A10B4034614D9A2
:106390000C68D0F800C0A44518D010BC7047D1F8E4
:1063A00000C01C6864451846A2F1040203F104030E
:1063B00001F10401F1D1032AF1D8022A27D0032ADE
:1063C0001FD0012A29D0002010BC704700F0030024
:1063D000C0F104042144043A0244880723448C4653
:1063E000E9D1032A02D8E8E7032A21D91C685CF81E
:1063F000041B8C421846A2F1040203F10403F3D0FB
:10640000CBE718780A7890420FD101330131187820
:106410000A78904209D1013301311C780A789442FC
:1064200014BF1846002010BC7047184610BC7047B7
:106430006146C2E7FEE700001E491F4A4AF655239F
:10644000CAF65523914202DA41F8043BFAE71B49A8
:106450001B4A4BF6EF63CDF6AD63914202DA41F889
:10646000043BFAE71749184A45F2AA53C5F2AA5362
:10647000914202DA41F8043BFAE7144885460AF0F3
:1064800029FE13481349144A002302E0D458C4508B
:106490000433C4188C42F9D3104A114C002301E094
:1064A00013600432A242FBD311F03CFBFAF7C2FAAC
:1064B000FEE7000000000020000800200008002087
:1064C0001008002050A5002000FC0020000800203B
:1064D00010080020000A002008C70208300A002027
:1064E00050A5002008B500200EF028FB014B1860D5
:1064F00008BD00BF341700202DE9F041012007F04E
:10650000E3FF4B4D4B4E044660B128684FF0FF311E
:106510000EF04BFB0124286834700EF06BFB204614
:10652000BDE8F08104F09CFE012873D0032004F044
:10653000A9FE4FF400614FF090400BF0FBFE4FF4CA
:10654000805104464FF090400BF0F4FE012C4AD0ED
:106550000220394C04F096FE0121084607F082FF24
:106560000121206806F0D0FC206804F0E9FA5621E9
:106570008046206802F0BAF900210746012007F0A2
:1065800071FF2068002106F0BFFCB8F1000F4AD06F
:10659000002F48D0042004F075FE4FF400614FF046
:1065A00090400BF0C7FE4FF4805104464FF09040EE
:1065B0000BF0C0FE012C14D1012812D1052004F0EB
:1065C00061FE4FF400614FF090400BF0B3FE4FF4CA
:1065D000805104464FF090400BF0ACFE0443E4B20F
:1065E0001CB3012416E00128B2D1052004F04AFEB4
:1065F0004FF400614FF090400BF09CFE4FF480513F
:1066000004464FF090400BF095FE012CA0D10128DC
:106610009ED10424002004F035FE28684FF0FF319D
:106620000EF0C3FA77E70224F4E70324F2E700BF91
:1066300034170020381700207C08002038B5064C9D
:106640004FF0FF3120680EF0B0FA044B20681D783F
:106650000EF0D0FA284638BD341700203817002035
:106660002DE9F04FB34C87B04FF000084FF0FF37E3
:106670003A4600210F200EF05CF906460EF07EF837
:10668000002E054607DA023640F052810026B8F1A6
:10669000000F37D1ECE73307F9D5B8F1000F31D14E
:1066A0004FF0FF3120680EF080FA04A810F038FE99
:1066B000DDF8108006F0A4FE074601F07FF99E4B3E
:1066C00011209A8ABAB1D3F800C05A68A7EB0C011E
:1066D000A8EB020291421EBF891A61441960D3F8E7
:1066E00008C0D968A7EB0C02A8EB01018A421EBFC3
:1066F000521A62449A60013803F11C03E1D1206808
:106700000EF078FA20684FF0FF310EF04EFAB00725
:1067100001D501F053F9894A710713787BD52BB95C
:10672000874B1B68002B78D0012313702068854F9E
:106730000EF060FA20684FF0FF310EF036FA3B6839
:106740000020012202FA00F913EA090600F0AF80E6
:10675000DFF8E4A17A4B1C26464319680AEB060BC6
:1067600009EA0101BBF8143000930039DBF8083066
:106770005AF8062018BF012104F03BFE804600288D
:1067800040F09D8020680EF035FA0C2620684FF00E
:10679000FF310EF00AFA002E40F0C4803B68002B57
:1067A0004EF6602608BF4FF0FF36644B1F78002F6F
:1067B00040F0BB8001F04CF9614B5F4AD3F800C058
:1067C0004FF0FF383B464FF47A7E012707FA03F17A
:1067D00011EA0C0F0ED0017889070BD0B0F80490A5
:1067E00011690EFB09118D422CBF0021491B884500
:1067F00028BF88460133112B00F1060002F11C026C
:10680000E4D120680EF0F6F9464528BF46463746E3
:106810004FF001082CE7002B88D101F019F9484B03
:10682000454ED3F800B00146AE46112300224FF08A
:1068300001094FF47A7A09FA02F717EA0B0F13D01D
:106840000F78BF0710D03769B1F80480A5EB070CAB
:10685000BCFBFAFCC44507D3B8F1000F04D0BE4519
:1068600084BFD3B2BE4635610132112A06F11C063F
:1068700001F10601DFD1112B3FF458AF062253433B
:10688000C218C35CC3F3400103F001038DF8093063
:1068900093788DF80A3002238DF80B3053788DF8F9
:1068A000081002A88DF80C30FFF774FC3EE70130A9
:1068B00011287FF447AF20680EF09CF966E79BF83B
:1068C0001B2022B106F11601514404F0C7FD1E49F8
:1068D00040460AF0D1FA064618B1404604F03EFDA3
:1068E000E9E73B68206823EA09033B600EF082F980
:1068F000164B4FF0FF3118680EF0EDF90646404692
:1069000004F02CFD20684FF0FF310EF04EF91EB957
:106910000F4B1E78002ECED03B6843EA09033B6044
:106920000C26C8E74EF660263FE74FF0FF3868E7D1
:106930000DF082FF4417002048170020391700206F
:106940002819002024190020556901083C1700204F
:106950003A170020024B1870024B18680EF0EDB980
:106960003A1700203C1700202DE9F04F102806466A
:1069700089B0884691469A464FF001000CD8814272
:106980000AD83A4F3B6800FA06F42340003B18BF90
:1069900001238B4203D1002009B0BDE8F08F344DB4
:1069A0001C2101FB0651002A41D0BAF1000F3ED054
:1069B0000522163104A800F009FA4FF0000B09F186
:1069C000040313F83B2059F83B10019304A800F08E
:1069D00009FA20B90BF1010BDA45019BF1D104A8AA
:1069E00000F00BFA1C2303FB0653D876B8F1010F15
:1069F00020D13B6823433B601C277743EE19B38AC1
:106A00000133B38206F0FCFCE85102A810F088FCC8
:106A1000029BEA597360C6E90223164A13682343AE
:106A20001360154B012118680DF025FFB3E7002313
:106A3000CB76DBE706F0E4FC1C2303FB0655A860DD
:106A400004A810F06DFC049BEB603D6825EA04058A
:106A50003D60002DE1D1094B029302A88DF80C5046
:106A6000FFF798FB064B1D70D7E700BF28190020E1
:106A700048170020241900204017002001010002BF
:106A80003917002010B5174B174800248AB01C6036
:106A9000164B1C60164B21464FF4EE721C7010F022
:106AA000C5FF20460EF04AF8124B224618602146D8
:106AB00001200EF0C1F8104B21461860202202A8D8
:106AC00010F0B4FF0D4B01934FF4C0621823CDE9D1
:106AD0000623214601AA0A480DF05FFE094B186003
:106AE0000AB010BD281900204817002024190020E2
:106AF0003A170020441700203C170020B3B60208C4
:106B00006166010840170020024B082118680DF04B
:106B1000B2BE00BF401700202DE9F041DFF8308001
:106B200004460D4616461F46D8F800004FF0FF31C8
:106B30000EF03BF83B46324629462046FFF714FF4D
:106B40000446D8F800000EF055F82046BDE8F08164
:106B50004417002070B50A4E04460D4630684FF0C9
:106B6000FF310EF022F800231A4629462046FFF78F
:106B7000FBFE044630680EF03DF8204670BD00BFB5
:106B800044170020102870B5054612D80A4E4FF061
:106B9000FF3130680EF009F8084B30681B6801249B
:106BA000AC401C40003C18BF01240EF023F82046E6
:106BB00070BD0024FBE700BF441700202819002007
:106BC00038B5084D4FF0FF3128680DF0EEFF064B49
:106BD00028681C68003C18BF01240EF00BF8204602
:106BE00038BD00BF4417002028190020024B0421A3
:106BF00018680DF040BE00BF401700202DE9F0439B
:106C0000002833D003688BB381B37AB343688468B8
:106C1000D518A5422CD8DF08002503F007034FF054
:106C2000010EEE0804688E5D05F0070904EB070805
:106C300046FA09F6E45DF6070EFA03FC48BF44EA9B
:106C40000C0403F101034CBFE4B224EA0C04013547
:106C5000082B04BF01370023AA4288F80040E0D186
:106C60004368134443600020BDE8F0830120FBE744
:106C70000320F9E738B5054668B1102010F0E6FDAD
:106C8000044640B10121284610F0C4FD206028B917
:106C9000204610F0E3FD0024204638BD0023ED001F
:106CA000C4E902536360F7E770B50C46054668B166
:106CB00071B10846FFF7DEFF064630B12246006894
:106CC0002946E40010F054FF74603546284670BD34
:106CD0000D46FBE710B5044638B1006810F0BEFD64
:106CE0002046BDE8104010F0B9BD10BD00B14068AD
:106CF000704710B140680730C008704700B1806825
:106D0000704710B180680730C008704708B1FFF7BE
:106D100075BF0120704707B5CDE90023049A402ACA
:106D200004D86946FFF7F2FF03B000BD0120FBE77E
:106D300000B10068704708B558B100214160C160DA
:106D40000368FFF7DEFF02461846BDE8084010F072
:106D50006DBE08BD28B143688B4202D3C1600020DC
:106D600070470120704700B1C0687047F0B548B364
:106D700041B33AB3C36844689D18A54224D8DE08DD
:106D8000002503F0070315F0070708BF0F7004681C
:106D9000A45D1C4104F00104BC400F780133082BB2
:106DA00044EA070405F101050C7004BF0136002315
:106DB0006C0708BF01319542E5D1C3682B44C3601D
:106DC0000020F0BD0120FCE70320FAE7034610B4E1
:106DD0000846D40019600021C3E90241596010BC83
:106DE00010F024BE07B5202A019104D801A9FFF7AD
:106DF00005FF03B000BD0120FBE700B1406870470C
:106E00007047000070B50F4A002401460325204654
:106E1000537C53B1136899420CD35668334499425A
:106E20000DD9002340B1A34206D3013D02F1140263
:106E3000EED170BD5B1AF5E71C461046F5E710462B
:106E4000F7E700BF2C190020F8B5224B1A7832B1B1
:106E500000201870204B1860204B1B68984701F0E9
:106E600049F801F069F8044606F0CAFA3C23B0FB81
:106E7000F3F54FF4B4632046194CB5FBF3F600F17B
:106E80001E075E434FF0000C8379237482880389C8
:106E9000C4F80CC06260A3600378003B18BF0123F4
:106EA000637443883344B3F5B46F0CD3A2F5B46173
:106EB00019448D4207D8A3F5B4630A30B84244F8A8
:106EC000143BE1D1F8BD1A44954288BF03F5B46381
:106ED000F3E700BF74190020701900206C1900201E
:106EE0002C1900202DE9F843FFF7AEFF3D4D3E4F32
:106EF000002606F085FA3C23B0FBF3F84046FFF786
:106F000081FF044658B30368984528D3426803EBD1
:106F10000209C8458CBF4FF000094FF001092B78DA
:106F2000994548464AD03B6885F8009098472F48D5
:106F3000B9F1000F16D00460002C35D14FF0FF32AC
:106F4000002101200DF0F5FC002842DA0330012871
:106F5000CFD9254B00201B6898470DF06DFC4FF0F2
:106F60000009DCE70368002B38D0DA689968013241
:106F7000DA601A680A4402F5B4621A601A7C2AB10F
:106F8000013AD2B21A740AB983F8119006604046E9
:106F9000FFF738FF04460028D0D00368984511D386
:106FA0004268134498450DD82368C8F101021A4479
:106FB00063681A444EF660235A43C1E7002CBDD0E3
:106FC0000028F1D12268904534BFA2EB08020022CC
:106FD000F0E7C3078DD5FFF737FF89E7002CF1D124
:106FE000ACE700BF741900206C1900207019002054
:106FF00000B50E4B002814BF02461A460C4B8BB04E
:1070000000211A6002A8202210F010FD094B019304
:107010004FF440721823CDE90623002101AA064847
:107020000DF0BBFB054B18600BB000BD016E0108F5
:107030006C190020E3B60208E56E0108681900200B
:10704000024B012118680DF016BC00BF6819002022
:10705000014B1878704700BF74190020024B0221C1
:1070600018680DF008BC00BF681A0020F0B504468F
:107070003B4D3C4885B0F1F78DFE012C3A4B2C700E
:1070800063D0002C67D1394A39491A6040F22A226C
:107090003848394C10F06CFD4FF48053354900935B
:1070A00040F22A22354B2F48F1F798FE08228DF83E
:1070B0000F20227509222277012284F824200F2232
:1070C00084F8342002222B7884F83C20032284F8B0
:1070D00044200422012B4FF0070184F84C204FF08C
:1070E0000C0214BF264D274D21710E27062184F86E
:1070F00054200D261522012B25602173A5602561E2
:10710000A561256284F82C70A5622563A5632564BA
:10711000A564256584F85C60A56584F8642025660F
:107120001BD117492846F8F779FFB0B11F2384F81F
:107130006C30A5663A460DF10F0300930E49124BD1
:107140000848F1F72FFE05B0F0BD104A1A6010494B
:1071500040F22A229CE70022F8E73246EBE700BF24
:10716000190800204C2E0020482E00208D97EE3E5E
:1071700054B802086C2A0020F81900206C1A00206C
:107180007E735A3B3BAAAA3EB81900208716193EC7
:107190007EBA02082DE9F04F604B1B688FB00BB927
:1071A0000DF04AFB00F0CAFC037A044693B1C368B1
:1071B0005B484FF47A71594310F010FA584810F0B8
:1071C00043FA10B9564810F015F9564B02211868C9
:1071D0000DF051FB204600F0C7FC4FF0FF320021BC
:1071E00007200DF0A6FB002802DA0230D8D1F4E720
:1071F00046071AD500F07EFC00F0A0FC0446484883
:1072000010F06EF9237A002BE4D0464B0221186867
:107210000DF031FBE36842484FF47A71594310F0A6
:10722000DDF93F4810F0E6F8D4E7850761D56368DB
:10723000089325786378099328463B4DFFF716FF9E
:107240004FF0FF3128680DF0B0FC182200213748BC
:1072500010F0ECFB00214022354810F0E7FB354BE5
:10726000286801221A600DF0C5FC0DF087FA0B901A
:107270002E4B099A1B7C93421CD20DF07FFA0B9B7C
:10728000C01A089B4FF47A79B0FBF9F0834211D908
:10729000274E294A96F83E3013700DF06FFA274DAD
:1072A0000096A0FB05B55A4625482B46F1F7C2FDCE
:1072B00000284DDA1C4D4FF0FF3128680DF075FCA9
:1072C0000DF05CFA4FF47A73B0FBF3F0174B586192
:1072D00028680DF08FFC154805F007F800210546D9
:1072E00009F0CAFD002800F09A82284604F036F81A
:1072F00095E2C0077FF571AF0B4E4FF0FF3130685C
:107300000DF053FC0F4B30681B6808930E4B1B7835
:1073100009930E4B1D780DF06DFC8DE7783B002036
:107320007C190020681A0020B4190020941900204C
:10733000082E002078190020163B002040420F0044
:107340004C2E0020B0190020AD190020AC190020EF
:1073500096F83E30002B00F0FC810121002007F060
:1073600081F8A94B0121186805F0CEFD96F83E7012
:10737000012F00F00881022F00F06A8196F83D305D
:10738000002B00F0DD81A14FA1493A6896F83E003C
:10739000A04E02F071FAA04A9388127853434FF43A
:1073A0007A7202FB0300B0FBF2F00DF013FB9B4A74
:1073B0009B489C49007800231370337032463B6829
:1073C00002F09AFA002840F0BB813378002B00F0DD
:1073D000B7810023039306930593049302900790CB
:1073E0008F4B1B78012B40F080818E4B1A780792CF
:1073F0005A7802929A680492DA6805921A695B696F
:10740000069203930027079B990640F19681864BCD
:107410009B6813F4005608D0844A0E2151738449A6
:10742000C2E900B50968916001265A0710D57F4965
:10743000DDF810C001EB06123001C2F808C00136B9
:107440004FF0030C41F800B082F80DC05560F6B261
:10745000980710D57549DDF818C001EB0612300108
:10746000C2F808C001364FF0020C41F800B082F8B3
:107470000DC05560F6B2D90710D56C4901EB061264
:1074800030014FF0010C82F80DC00136DDF814C058
:1074900041F800B0C2F808C05560F6B21A0710D51E
:1074A000624901EB061230014FF0040C82F80DC066
:1074B0000136DDF80CC041F800B0C2F808C05560D4
:1074C000F6B21B0216D5DFF8648108EB061318220A
:1074D0005A73584B1B78012B00F02A810298F8F759
:1074E0008DFB08EB06133201013648F802B09860B4
:1074F0005D60F6B2504B1B78012B40F01B81DFF82A
:107500002C9109EB0618172388F80D304B4B18788F
:10751000F8F770FB4FEA061A013649F80AB0C8F8C6
:107520000800C8F80450F6B20F238DF837300DF17B
:10753000370300933D49424B42483246F1F740FC45
:107540009DF837300A93002B00F0F7803C4EDFF8AF
:10755000F880DFF8F8904FF0000A737B042B00F0FE
:107560004B8100F21581012B00F02481032B00F0E8
:1075700034810A9A0AF1010A5FFA8AF39A4206F103
:107580001006EAD8D9E0DFF88480DFF88490D8F8D4
:107590000010002002F09EF8D8F80010484602F0D3
:1075A00072F800287FF4EAAE96F83C3089F8003093
:1075B00096F83B3089F80130D8F8001096F83A3048
:1075C00089F80230484602F0D7F800287FF4D6AE9A
:1075D0001149B3894B80D8F80020F3890F703846E1
:1075E0008B8002F05BFB00287FF4C8AED8F8001057
:1075F000384602F06FF800287FF4C0AE084B1F70C9
:107600000C4B1F70BAE600BF80080020783B0020BA
:107610007C3B0020153B0020643B0020143B0020F5
:10762000173B00201C3B0020082E0020882D002046
:10763000482E0020163B002019080020183B00208F
:10764000982C00204C2E0020B41900209419002002
:10765000DFF8E481DFF8E4A1D8F80010504602F02A
:1076600012F800287FF48AAE96F83C308AF8003091
:1076700096F83B308AF80130D8F8001096F83A3086
:107680008AF80230504602F077F800287FF476AE90
:10769000D8F800205146384602F0EEF86849B0FBB1
:1076A000F9F001230B7006F11003C0F18C008B6020
:1076B00006F12403CB60488296F83830D8F80020D1
:1076C0000B74384602F0EAFA00287FF457AED8F877
:1076D0000010384601F0FEFF00287FF44FAE594AF3
:1076E00002231370584A137048E6584B1F78002F36
:1076F0003FF489AE564E5748337818215943421803
:10770000415C079151780291013391680491DBB299
:10771000D16805919F42116952690691039202D87E
:10772000013F37706EE64A4A1370FB1ADFB26AE611
:107730000020D6E6002E7FF4F7AE002F7FF450AE87
:107740000021084606F08EFE434B0021186805F024
:10775000DBFB0DF013F8414A4149A0FB0131D2E9AE
:107760000005834271EB0502BFF482ADC01A65EBE0
:1077700001013B4A0023F8F7B7FC0021024606202E
:107780000DF0D7F8011E46DA02313FF471AD91E5F4
:107790001F2B7FF4EEAE4FF0FF31D8F800000DF054
:1077A00004FAB068F8F780FCB37BC9F80C0089F8DC
:1077B00013300DE04FF0FF31D8F800000DF0F5F96F
:1077C000B068F8F771FCB37BC9F8000089F8103095
:1077D000D8F800000DF00EFACBE64FF0FF31D8F8E4
:1077E00000000DF0E2F9B068F8F75EFCB37BC9F871
:1077F000040089F81130EBE74FF0FF31D8F80000B2
:107800000DF0D3F9B068F8F74FFCB37BC9F8080066
:1078100089F81230DCE7134B18680DF02CF8124D84
:107820004FF0FF3128680DF0C0F9104B2868002296
:107830001A600DF0DFF9D0E4783B00207C3B00209B
:10784000643B0020173B0020163B0020153B002026
:10785000143B00201C3B002080080020082E002044
:1078600040420F00681A0020B41900207819002047
:1078700037B51A4D044600F03DF92C60FCB1184CA8
:107880000121002006F0EEFD0121206805F03CFBFF
:10789000286801F060FE0021084606F0E3FD0021A3
:1078A000206805F031FB00F049F90078FFF7DEFBB6
:1078B00000210C4B0C48009101220FF061FD0020CB
:1078C0000DF03CF9094B0A4A1860002109480CF0F8
:1078D00064FF094B186003B030BD00BF783B002047
:1078E000800800205D7001087C190020B419002078
:1078F0001C08002095710108681A0020F8B5104B8B
:10790000984206460D46144619D8032917D8012A6D
:1079100015D80C4F4FF0FF3138680DF046F90A4B7F
:1079200038681E60094B1D70094B1C700DF062F920
:10793000084B01211868BDE8F8400CF09CBFF8BD69
:1079400080510100B4190020B0190020AD190020A9
:10795000AC190020681A0020024B042118680CF0B2
:107960008ABF00BF681A002070B5094E094D044651
:107970004FF0FF3130680DF018F90FCD0FC495E8C6
:10798000030084E803003068BDE870400DF032B9B0
:10799000B41900209419002038B5064C4FF0FF317F
:1079A00020680DF002F9044B20681D680DF022F9E3
:1079B000284638BDB41900207819002010B5204998
:1079C0002048662210F0D4F81F492048222206F0F1
:1079D00039F9E0B91C4B13F8012B032A17D81A7C8C
:1079E0003F2A14D801301128F5D11748154A002133
:1079F00010F8013B1370037C0133C3EB0313013117
:107A00005B001129938002F10602F1D110BD0C4AEE
:107A10000D4800211E24137800F8013B01319388A2
:107A2000B3FBF4F3112903F1FF33037402F10602EF
:107A3000F1D105490548222206F026F9D5E700BF15
:107A4000A8BC0208A43B0020813B0020C2B602086B
:107A500000487047A43B002000487047813B00204D
:107A600030B418B3431E00F1100213F8014F032C79
:107A70001CD85C7C3F2C19D89342F6D10D4A0023C8
:107A8000012404FA03F50D421FBF05781570457CEB
:107A900055740133112B00F1010002F10102F0D104
:107AA00030BC04490448222206F0EEB8012030BC64
:107AB000704700BF813B0020C2B602080378012B4B
:107AC00012D84378032B0FD84368B3F5967F0BD3B6
:107AD000C2680649A2F596728A4205D804488342D4
:107AE0008CBF0920002070470920704754500100C6
:107AF0008051010008B50E490E48102206F0A2F888
:107B000018B90B48FFF7DAFF88B1094A0849094854
:107B10004FF4007313804FF46163536000231372BA
:107B2000054BD360BDE80840102206F0ADB808BD93
:107B30000C3C0020C7B60208805101000048704785
:107B40000C3C002010B5044648B1FFF7B7FF30B930
:107B500021460448BDE81040102206F095B80920DF
:107B600010BD00BFC7B6020870470000004870474C
:107B700010BD02088288B2F5006F10B512D2811DC7
:107B80000023123022FA03F4E40706D5CC5CFA2C69
:107B90000AD810F813401C2C08D801330B2BF1D154
:107BA000002010BD2220FCE72320FAE72420F8E77C
:107BB0002DE9F74F704C71482822214606F042F813
:107BC00050B92378012B07D8A3780F2B04D820466F
:107BD000FFF7D0FF00283ED028226748684DDFF825
:107BE000A49100210FF022FF0223A380664B1A68A4
:107BF000C4F806205A686A601A899B7A2A81AB7297
:107C00004FF00008063D00264FF080475FFA88F0ED
:107C100009F041F8022812D819F830306B7409EBDA
:107C2000C000406810F0E4FDF7F7B6FB10F0B4FEBA
:107C300032463B46F7F750FAF7F7B6FEA87408F15C
:107C40000108B8F10B0F05F10205DFD14A494B4895
:107C5000282206F019F84D4EA378337023787370FC
:107C6000A3887380FFF782FFDFF824B18146ABF170
:107C70000508354600271BF8013FA92B16D80A3303
:107C8000A18846F8043FF94011F001011ED11822E5
:107C900005F130000FF0CAFE01370B2F05F1180572
:107CA00008F10208E7D103B0BDE8F08FE22B95BFE1
:107CB0003C224FF461625343534395BFA3F51C53D9
:107CC000A3F54623243BA3F52263D9E7FBB218466C
:107CD000009308F0E0FF009B8246184608F0E8FF9A
:107CE000BAF1020FD8D801280090D5D898F8110021
:107CF0000130F7F783FF2749F7F7D4FF009B28638C
:107D000003EB43039A440146009059F83A00F8F710
:107D10007DF809EBCA0AE86300990190DAF80400DB
:107D2000F8F774F898F812102864023100900120D6
:107D30008840F7F75FFF019A009B6864114682460E
:107D40001846F7F7A5FE4FF07E51F7F7A3FE10F0A7
:107D50004FFDF7F721FB10F01FFEF7F725FE6863D4
:107D6000504610F045FDF7F717FB10F015FEF7F73A
:107D70001BFEA86390E700BF1C3D0020CCB60208A4
:107D8000223D002040BD0208D1B60208443D00203B
:107D9000213D0020CDCCCC3D00487047443D002023
:107DA000004870471E3D002000B58BB020B3002373
:107DB0008DF80130124B5B78B3FA83F35B098DF8D1
:107DC000003000F124020DF1020350F8041B43F8C7
:107DD000041B9042F9D102881A809DF802300F2BC3
:107DE0000CD86846FFF7C6FE20B906482822694627
:107DF00005F04AFF0BB000BD0120FBE71F20F9E7AB
:107E0000443D0020CCB6020810B5C8B1C388B3F514
:107E1000805F17D20289B2F5805F13D24488B4F52F
:107E2000805F0FD28188B1F5805F0BD20088072870
:107E300008D88C4208D293422CBF0920002010BDE4
:107E40000120FCE71D20FAE70920F8E710B50D49ED
:107E50000D480C4C0C2205F0F5FE18B92046FFF732
:107E6000D3FF68B1094A0749136823605368636008
:107E70009368A3600448BDE810400C2205F004BFDD
:107E800010BD00BF7C3E0020DDB6020858BD0208D0
:107E9000004870477C3E002010B5044648B1FFF70B
:107EA000B3FF38B921460448BDE810400C2205F064
:107EB000EBBE012010BD00BFDDB6020800F11E02BE
:107EC00040F282514388B3F5B46F10D283881E3BD1
:107ED0009BB28B420BD80389B3F5B46F07D80378F4
:107EE000012B04D80A309042ECD1002070471D20AD
:107EF0007047000010B50E490E481E2205F0A2FE84
:107F000018B90B48FFF7DAFF80B11E242246002182
:107F100007480FF08BFD064B06489C80DC811C83D4
:107F200022461946BDE8104005F0AEBE10BD00BFA8
:107F3000883E0020E2B6020800487047883E0020D4
:107F400010B5044648B1FFF7B9FF40B921460548CE
:107F5000BDE810401E2205F097BE012010BD1D2077
:107F6000FCE700BFE2B602082DE9F0470446FFF740
:107F7000FDFD0026074623883341DB073ED401364A
:107F80000B2EF8D1A37E0F2B6FD8E37E072B6CD876
:107F900063887F2B69D8A3887F2B66D8E3897F2BE2
:107FA00063D8238A7F2B60D8237F0F2B5DD8637F14
:107FB000072B5AD8E3887F2B57D823897F2B54D897
:107FC000638A7F2B51D8A38A7F2B4ED8A37F0F2B98
:107FD0004BD8E37F0F2B48D86389B3F5804F44D249
:107FE000A389B3F5804F40D2E38AB3F5804F3CD2EA
:107FF000238BB3F5804F38D2002037E0F5B2284606
:1080000008F049FE8046284608F052FE00EB400585
:10801000454404EB850857F835A0B8F80200F7F797
:10802000EDFD5146F7F736FDF8F718F88146B8F838
:108030000400F7F7E3FD5146F7F72CFDF8F70EF8CB
:108040008145804611DC4846F7F7D8FD0146504689
:10805000F7F7E4FF48B907EBC5054046F7F7CEFD53
:108060006968F7F7DBFF002889D00920BDE8F087B1
:108070002DE9F74F46494748454D202205F0E2FDDE
:1080800048B3FFF773FD424E00272F80044600F1EE
:108090001809B046216860687780F7F7F9FCF8F7AF
:1080A00003F8A169B080F781E069F7F7F1FCF7F711
:1080B000FBFF0834A145308208F1020888F81870E7
:1080C00088F8197006F10406E4D1314931482022BC
:1080D00005F0DAFD04E02846FFF746FF0028D0D17E
:1080E000FFF744FDDFF8B0B02A88ABF8002000901D
:1080F00000224FF00C094FF0240A29881141CB07C8
:1081000030D5D4B22046019208F0C5FD074620467E
:1081100008F0CEFD00EB4006009B3E440AFB00F455
:1081200053F8368005EB860609FB07447088F7F79D
:1081300065FD4146F7F7AEFC5C446060B088F7F738
:108140005DFD4146F7F7A6FC05EB4701A060C87E40
:108150000130F7F753FD114B53F82710F7F7A2FD45
:10816000019AE06001320B2AC7D1A97E3C2201FBB3
:108170000221CBF84C10297F01FB0221CBF85010D3
:10818000A97F01FB0222CBF8542003B0BDE8F08F99
:10819000003F0020E7B60208A83E002064BD0208A8
:1081A00000487047A83E002038B5054608F073FD2A
:1081B0000446284608F07CFD022C0AD8012808D87D
:1081C00040420C2300F0240003FB0400024B18443F
:1081D00038BD0020FCE700BFAC3E002000487047DF
:1081E000003F002010B5044648B1FFF7BDFE40B97E
:1081F00021460548BDE81040202205F045BD01207C
:1082000010BD0920FCE700BFE7B6020838B52A49CF
:108210002A48294C1E2205F015FD002832D123469C
:108220001A780F2A2ED85A78072A2BD801300F280F
:1082300003F10203F4D122491F4800250A460378BE
:1082400003EB83035B001E3301350B710F2D437865
:108250004B7100F1020001F10201F0D14FF48F6384
:108260001849D380138393889160138221796379AD
:1082700043EAC1037F2B1AD0DBB14FF416714B4395
:10828000136038BD0C4B00220920042101320F2A53
:108290001870597003F10203F8D1002323710649C5
:1082A000064806231E22637105F0EEFCC3E7064B69
:1082B000E6E73C23E4E700BF203F0020ECB60208DD
:1082C000403F002078047804805101000048704746
:1082D000403F002000487047203F0020F0B50B468B
:1082E00089B0064610B9012009B0F0BD264A6D4696
:1082F00002F1180C6C46106851682F4603C708320B
:1083000062453D46F7D1106838609288BA80B3F56F
:10831000004FE8D223F4816121F002010023012201
:1083200002FA03F008421CBF36F8130024F81300C9
:1083300001330F2BF4D1BDF80030ADF80C30002222
:10834000234619780F29CED859780729CBD801327E
:108350000F2A03F10203F4D11E220C48214605F036
:1083600093FC094A234606AD1C4603CCAC42106080
:108370005160234602F10802F6D120681060A388FC
:1083800093800020B0E700BF203F0020ECB6020839
:108390002DE9F8430E4691469846074600287BD0C3
:1083A000002979D00CF0BAF9022805D13B4B4FF0E7
:1083B000FF3118680CF0F9FB394D00242B462A4692
:1083C0001978B94241D15978B1423ED11C2303FBFF
:1083D0000424637E6BBB05F013F8A06005F02EF853
:1083E0002278E0600023C4E90433BA424FF001036D
:1083F000637606D16278B24203D1237EFF2B01D08F
:108400000133237627706670A4F80290B8F1000F4C
:108410003FD0D8F800306360224C236833B9224B38
:108420001B781BB101211020FEF794FB2368013358
:10843000236000240CF072F9022803D1174B18684E
:108440000CF0D8FB2046BDE8F8830134202C03F162
:108450001C03B5D100231C2000FB03F15418515C10
:108460000029B8D00133202BF6D100244FF0FF3281
:108470002346697E21B9296991423CBF2C460A46B0
:108480000133202B05F11C05F3D1002CA3D10324CB
:10849000D0E7C4F80480BFE70124D3E7643F00209D
:1084A000703F00206C3F0020683F002010B5074B54
:1084B000074800244FF4607221461C600FF0B6FAA2
:1084C00020460CF03BFB034B186010BD6C3F0020B6
:1084D000703F0020643F002008B50CF01FF902280F
:1084E00005D10D4B4FF0FF3118680CF05EFB0B4BC4
:1084F000012119700A4B1B6813B11020FEF72AFBEB
:108500000CF00CF9022805D1034B1868BDE80840AF
:108510000CF070BB08BD00BF643F0020683F002026
:108520006C3F002070B50CF0F9F8022805D1194B0A
:108530004FF0FF3118680CF038FB04F07FFF044661
:1085400004F05EFF144B00251A789AB19E68D96832
:10855000821B611A8A421EBF521A92199A605A7E71
:1085600042B91E695969821B611A8A421EBF521A9A
:1085700092191A610135202D03F11C03E4D10CF08E
:10858000CDF8022805D1034BBDE8704018680CF007
:1085900031BB70BD643F0020703F00200023FFF717
:1085A000F7BE000070B505460E460CF0B7F802287D
:1085B00005D11E4B4FF0FF3118680CF0F6FA1C4B3A
:1085C00000221C461978A94212D15978B1420FD124
:1085D0001C2303FB0244637E83B906240CF09EF83F
:1085E000022803D1114B18680CF004FB204670BD23
:1085F0000132202A03F11C03E4D1EEE70023637665
:1086000004F0FEFE206104F019FF0A4B6061196856
:108610000139196009B10024E0E7074B1B78002BF2
:10862000F9D01020FEF796FAF5E700BF643F00206E
:10863000703F00206C3F0020683F002070B504466A
:1086400038B30CF06BF8022805D1134B4FF0FF3113
:1086500018680CF0AAFA0023104823600125427E16
:108660003AB1D90803F00702665C05FA02F2324318
:1086700062540133202B00F11C00F0D10CF04EF8B5
:10868000022801D0002070BD034B18680CF0B2FA2C
:10869000F8E70120F7E700BF643F0020703F0020AB
:1086A00070B506460C460CF039F8022805D1104B7F
:1086B0004FF0FF3118680CF078FA1F2E15D8A4B1CE
:1086C0000C4D1C2303FB06550FCD0FC495E8070086
:1086D00084E8070000240CF021F8022803D1044BA1
:1086E00018680CF087FA204670BD0124F3E700BF3C
:1086F000643F0020703F00202DE9F043044687B01E
:1087000088461746002A00F0C580F72306258DF815
:108710000F3023684FF0FF3118680CF046FA0195CE
:1087200004AD0095012394F8341020680DF10F0278
:1087300004F086FB2368064618680CF05BFA002EEE
:1087400040F0B680002F00F0A8809DF813300DF1A6
:108750001305B5F8010040BA80B240EA0340A0F525
:108760000000F7F74BFA0546A068F7F747FAE16A09
:1087700006462846F7F796FA01463046F7F78AF993
:10878000216B06462846F7F78DFA2946F7F78AFA4D
:1087900001463046F7F77EF90646002F73D0BDF844
:1087A00011009DF8103040BA80B240EA0340A0F5B5
:1087B0000000F7F723FA05466068F7F71FFAE1684B
:1087C00081463046F7F76EFA01464846F7F762F9F8
:1087D000216981462846F7F765FA01464846F7F7CA
:1087E00059F9A16981462846F7F75CFA3146F7F74F
:1087F00059FA01464846F7F74DF961698146304616
:10880000F7F750FA3146F7F74DFA01464846F7F7C1
:1088100041F9E16981462846F7F744FA2946F7F716
:1088200041FA01464846F7F735F9216A814628465C
:10883000F7F738FA3146F7F735FA3146F7F732FAF3
:1088400001464846F7F726F9616A81462846F7F758
:1088500029FA2946F7F726FA3146F7F723FA0146AF
:108860004846F7F717F9A16A81462846F7F71AFA3A
:108870002946F7F717FA2946F7F714FA014648464A
:10888000F7F708F93860B8F1000F09D1002007B0F8
:10889000BDE8F083FA23032539E79DF8103058E747
:1088A0004FF06E513046F7F7FDF9C8F80000EDE7DC
:1088B0000120ECE71FB5D1238DF80E3000230124F1
:1088C0008DF80F300DF10F030093019423460DF145
:1088D0000E0204F0B5FA38B99DF80F305C2B14BFC6
:1088E0000320002004B010BD2046FBE738B50D463C
:1088F000044670B14FF0FF3100680CF056F929467C
:108900002046FFF7D7FF054620680CF073F928468C
:1089100038BD0525FBE70023106082F8341082F88B
:10892000353082F83630704730B504468BB00028B9
:1089300000F04C810368002B00F0488118684FF06C
:10894000FF310CF032F994F834102068FFF7B2FFD1
:108950002368054618680CF04DF9002D40F0318170
:1089600023684FF0FF3118680CF01FF9A0238DF831
:108970000B301923019303AB009394F83410206853
:1089800001230DF10B0204F05BFA002840F01C817A
:108990009DF824309DF80D10BDF80E001A0942EA2A
:1089A00001129DF90C1042EA0132121162609DF829
:1089B0001F2003F00F0343EA02139DF91E2053EA20
:1089C000023348BF0F331B11A360C0BAF7F716F983
:1089D000F6F7E2FC7EA3D3E90023F6F735FD7EA38C
:1089E000D3E90023F6F75AFE7DA3D3E90023F6F777
:1089F00075FBF6F7F9FFE060BDF81200C0BAF7F7B3
:108A0000FDF8F6F7C9FC78A3D3E90023F6F71CFDBF
:108A100071A3D3E90023F6F741FE75A3D3E9002340
:108A2000F6F75CFBF6F7E0FF2061BDF81000C0BA76
:108A3000F7F7E4F8F6F7B0FC6FA3D3E90023F6F7F5
:108A400003FD65A3D3E90023F6F728FE6CA3D3E961
:108A50000023F6F743FBF6F7C7FF6061BDF814008B
:108A6000C0BAF7F7CBF8F6F797FC67A3D3E9002372
:108A7000F6F7EAFC58A3D3E90023F6F70FFE64A348
:108A8000D3E90023F6F72AFBF6F7AEFFA061BDF8A5
:108A90001600C0BAF7F7B2F8F6F77EFC5EA3D3E98A
:108AA0000023F6F7D1FC4CA3D3E90023F6F7F6FD3B
:108AB0005BA3D3E90023F6F70FFBF6F795FFE06120
:108AC000BDF81800C0BAF7F799F8F6F765FC56A399
:108AD000D3E90023F6F7B8FC3FA3D3E90023F6F768
:108AE000DDFD53A3D3E90023F6F7F8FAF6F77CFF90
:108AF0002062BDF81A00C0BAF7F780F8F6F74CFC10
:108B00004DA3D3E90023F6F79FFC33A3D3E9002359
:108B1000F6F7C4FD4AA3D3E90023F6F7DFFAF6F728
:108B200063FF6062BDF81C00C0BAF7F767F8F6F79C
:108B300033FC45A3D3E90023F6F786FC26A3D3E94B
:108B40000023F6F7ABFD42A3D3E90023F6F7C6FAFC
:108B5000F6F74AFFA062BDF82000C0BAF7F74EF85A
:108B6000F6F71AFC3CA3D3E90023F6F76DFC1AA331
:108B7000D3E90023F6F792FD39A3D3E90023F6F7F2
:108B8000ABFAF6F731FFE062BDF82200C0BAF7F7A2
:108B900035F8F6F701FC34A3D3E90023F6F754FCCB
:108BA0000DA3D3E90023F6F779FD31A3D3E9002320
:108BB000F6F792FAF6F718FF2063236818680CF0AE
:108BC00019F828460BB030BD0125F6E70525F8E772
:108BD000B29DEFA7C64BB73F00000000C0FFDF40CB
:108BE0009A9999999999B93FDBF97E6ABC74933F38
:108BF0004C37894160E5A03F76830DF4F521B43E02
:108C0000DF413ADC11C5493EB37AEA055DCA823ECE
:108C10000CB8DF888B2F8C3E03C69CDE430DF83DDD
:108C2000037FF3E189A5053EC863DFAF78BD6A3DE8
:108C3000840F02F22C68543D20015B6E87050B3DCA
:108C4000631AA63345EAE23C888BFFCE2BC5963CDF
:108C5000BA8C194927BCA23C0395F1EF332E3C3F57
:108C600020D26F5F07CE793F700B1BE91F7EE03D7E
:108C7000F485664906E4B43D30B5044685B040B39A
:108C8000006840B3F4238DF80C30930084F835105D
:108C900084F8362043EA411343F001034FF0FF31DB
:108CA00000688DF80D300BF080FF0023CDE9003314
:108CB00003AA94F834102068022304F0C1F8236852
:108CC000054618680BF096FF281E18BF012005B056
:108CD00030BD0520FBE70620F9E77FB5054610B358
:108CE000036813B3F32218688DF80F204FF0FF319B
:108CF0000BF05BFF01240DF10E030093019423465A
:108D000095F8341028680DF10F0204F099F82B68DB
:108D1000064618680BF06EFF4EB99DF80E0000F085
:108D2000080004B070BD0520FBE70620F9E72046E7
:108D3000F7E740B139B102683AB190F8353033B154
:108D40000022FFF7D9BC052070470620704703209A
:108D500070470A4640B139B1016839B190F83630F0
:108D600033B10021FFF7C8BC0520704706207047CB
:108D70000320704730B460B159B152B104685CB19E
:108D800090F8354054B190F836303BB130BCFFF725
:108D9000B3BC052030BC70470620FBE70320F9E791
:108DA00078B190F835301BB1013B012202FA03F390
:108DB00090F8360018B10138012202FA00F00333AE
:108DC000184470472DE970430E46F6F7C3FA04467F
:108DD000F08B00020D46F6F7CDFA02460B46204610
:108DE0002946F6F779F9044696F922000D46F6F77A
:108DF000C1FA144B0022F6F727FB2246804689462B
:108E00002B4620462946F6F71FFB02460B464046F6
:108E10004946F6F719FB8046308C8946F6F79AFAF0
:108E2000094B0022F6F710FB22462B46F6F70CFB07
:108E300002460B4640464946F6F750F9F6F7D4FD90
:108E4000BDE870830000F03C0000103E2DE9F04FBB
:108E5000074685B008461646F6F79EFA0446384699
:108E60000D46F6F777FA02460B4682468B46F6F732
:108E7000EBFACDE90001B6F92600F6F77BFA7B4B59
:108E80000022F6F729F97A4B0022F6F7DDFA22469E
:108E90002B46F6F7D9FA8046B6F924008946F6F74C
:108EA00069FA724B0022F6F717F9724B0022F6F7B7
:108EB000CBFA02460B4640464946F6F70FF9804684
:108EC00096F928008946F6F755FA6B4B0022F6F71B
:108ED000BBFA22462B46F6F7B7FA22462B46F6F7A0
:108EE000B3FA02460B4640464946F6F7F7F8804685
:108EF00096F929008946F6F73DFA604B0022F6F70D
:108F0000A3FA22462B46F6F79FFA22462B46F6F79F
:108F10009BFA22462B46F6F797FA02460B46404646
:108F20004946F6F7DBF852465B46F6F78DFACDE98F
:108F30000201B08DF6F70EFA514B0022F6F784FAD3
:108F400022462B46F6F780FA8046708DC00089468F
:108F5000F6F700FA02460B4640464946F6F7BEF8D9
:108F6000804696F92E008946F6F704FA454B002212
:108F7000F6F76AFA22462B46F6F766FA22462B46A1
:108F8000F6F762FA02460B4640464946F6F7A6F85F
:108F9000804696F92F008946F6F7ECF900224FF04B
:108FA0007C53F6F751FA22462B46F6F74DFA224645
:108FB0002B46F6F749FA22462B46F6F745FA0246C3
:108FC0000B4640464946F6F789F802460B46DDE96E
:108FD0000201F6F783F8804696F932008946F6F7E3
:108FE000C9F9294B0022F6F72FFA22462B46F6F74D
:108FF0002BFA0446B6F930000D46F6F7BBF9224BC2
:109000000022F6F721FA02460B4620462946F6F7DB
:1090100065F8DDE90023F6F717FA02460B464046ED
:109020004946F6F75BF8044696F933000D46F6F725
:10903000A1F9164B0022F6F707FADDE900230646F0
:109040000F4650465946F6F7FFF902460B463046A2
:109050003946F6F7F9F902460B4620462946F6F757
:109060003DF8F6F7C1FC05B0BDE8F08F0000D04038
:109070000000203E0000B03E0000F03D0000A03D9A
:109080000000903F0000703F0000F03C0000E03B1B
:109090002DE9F3470646084656499246F6F702FE82
:1090A0005549F6F7F5FCF6F777F904469AF91400F6
:1090B0000D46F6F75FF9514B0022F6F7C5F9CDE9F9
:1090C00000013046F6F746F980469AF912008946C3
:1090D000F6F750F94A4B0022F6F7B6F922462B462E
:1090E000F6F7B2F90646BAF910000F46F6F742F95C
:1090F000444B0022F6F7A8F902460B4630463946A3
:10910000F5F7ECFF02460B4640464946F5F7E4FF0B
:109110000646BAF916000F46F6F72CF93A4B00222C
:10912000F6F792F902460B4630463946F6F78CF9C7
:1091300006469AF813000F46F6F70CF92F4B00225B
:10914000F6F782F9DDE90023F6F77EF922462B4691
:10915000F6F77AF922462B46F6F776F9DDE9002391
:109160008046894620462946F6F76EF9274B0022AD
:10917000F5F7B4FF02460B4640464946F5F7AEFF09
:1091800002460B4630463946F6F75EF904469AF831
:1091900018000D46F6F7DEF800224FF07B53F6F785
:1091A00053F922462B46F6F74FF902460B460020AC
:1091B0001649F5F791FF22462B46F6F745F90022AE
:1091C000002304460D46F6F7B1FB80B9104B002290
:1091D00020462946F6F7BEFB30B10D490020F6F7D0
:1091E00003FC02B0BDE8F08720462946F7E70020DF
:1091F0000021F4E70000A045000096470000503E23
:109200000000103F000050400000F03E0000F03F22
:109210000000594070B50646B1F91A000C46F6F741
:10922000EDFC4FF06051F6F73DFD3749F6F73AFD9A
:109230003649F6F72FFCB6F5C87F0546304628BFFD
:109240004FF4C870F6F7D6FC01462846F6F72AFD1B
:109250004FF07E51F6F71EFC054694F91900F6F71B
:10926000CDFC4FF07651F6F71DFD2949F6F712FCBB
:1092700001462846F6F716FD054694F91C00F6F758
:10928000BDFC4FF06A51F6F70DFD064694F90E004D
:10929000F6F7B4FC01463046F6F704FD01462846D1
:1092A000F6F7F8FB054694F83800F6F7A3FC4FF004
:1092B0008141F6F7EFFB01464FF08140F6F7A6FD3E
:1092C00001462846F6F7EEFC054694F93900F6F714
:1092D00095FC1049F6F7E6FC4FF07E51F6F7DAFB05
:1092E00001464FF07E50F6F791FD01462846F6F70D
:1092F000D9FC0949F6F7CCFB0849F6F7D3FCF6F799
:10930000D3FEC0B270BD00BF6F12033A75021A3BA4
:10931000000044426F12033B0000C8419A99594033
:1093200048B1C36B3BB1036C2BB1406CB0FA80F019
:109330004009404270474FF0FF30704773B5024616
:109340000846FFF7EDFF0C46054670BBD343497B4B
:10935000C3F3C013B1EB031F4FEA03120CD06273C7
:10936000E66B636801220DF10701F320B04784F832
:10937000480020B16FF00105284602B070BD9DF88D
:109380000730627B266C02F0100223F010031343B7
:109390008DF80730012263680DF107017320B04793
:1093A00084F848000028E7D0E4E74FF0FF35E3E712
:1093B00037B50446FFF7B4FF80B9E56B6368012257
:1093C0000DF10701F320A84784F8480048B99DF83B
:1093D000073003F01003637303B030BD4FF0FF306C
:1093E000FAE76FF00100F7E710B504461046FFF703
:1093F00097FF50B923788B4206D9217092F84930F3
:1094000043F0010382F8493010BD4FF0FF30FBE715
:109410002DE9F04387B01D460446884616460021D4
:10942000142201A80EF002FB2846FFF779FF90BB3B
:109430008CB3B8F1000F2ED0731E092B2ED801AFBC
:1094400008F1FF3804EB06092A7B14F8013B3AB90E
:1094500018462946FFF772FF14F8013C03F07F031A
:109460003B704C4518F8013F7B7007F10207EBD1C8
:1094700070B972002C6C6B689DF80400013A0DF114
:109480000501A047002885F8480018BF6FF00100CB
:1094900007B0BDE8F0834FF0FF30F9E76FF003004D
:1094A000F6E72DE9F042064618461D46FFF738FF5D
:1094B0000F4691460446C8B9C1B12B7B3BB929463A
:1094C0003046FFF73BFF044608B946F080063046B9
:1094D0006B68EE6B4A463946B047002885F848006D
:1094E00018BF6FF001042046BDE8F0824FF0FF3452
:1094F000F9E737B5E0238DF80630B62305468DF839
:109500000730FFF70DFF18BB2B7B63B12B46012201
:109510000DF107010DF10600FFF77AFF044648B18F
:10952000204603B030BD2846FFF742FF044600281E
:10953000F6D1EBE76B6C696842F2107098472B7BB1
:10954000002BEDD1284603B0BDE83040FFF730BF17
:109550004FF0FF34E4E710B504468CB0FFF7C9FFC5
:10956000234601222146D020FFF79BFF0346002817
:1095700040F083802278612A40F082808DF80400D8
:109580002346012201A9F020FFF78BFF03460028A4
:1095900073D19DF80430A3601722234601A98A20C5
:1095A000FFF77FFF0346002867D123460E220DF107
:1095B0001B01E120FFF775FF034600285DD123461C
:1095C00005220DF12901FFF76CFF0346002854D155
:1095D000BDF82320E283BDF8042022849DF80620F4
:1095E00084F82220029A6262039AA262049AE262DA
:1095F000BDF816202286BDF8182062869DF81C2032
:109600009DF81B00110941EA0011B1F5006FA4BFDC
:10961000A1F5805109B2E1829DF81D1002F00F0200
:1096200042EA0112B2F5006FA4BFA2F5805212B255
:1096300022829DF81E20A2749DF81F2022759DF89D
:109640002020E2749DF8212022769DF82720627662
:10965000BDF8252062839DF8282022779DF82B20D5
:10966000C2F3011284F838209DF8292084F83920AB
:109670009DF92D20121184F83A2018460CB010BD27
:109680006FF00203F9E713B50B460446052269465D
:109690007120FFF706FFD4B1B8B99DF8013003F08F
:1096A000070323709DF80430C3F38202E2709DF833
:1096B00003205109C2F38202A2709DF9002061705B
:1096C000002AB4BF08235B09237102B010BD4FF01C
:1096D000FF30FAE773B5742306460D468DF8073060
:1096E0002B4601220DF106017420FFF7DAFE044635
:1096F000B8B99DF80620930716D022F003028DF822
:1097000006202B460DF1060101220DF10700FFF79F
:109710007FFE6B6C6968044642F210709847002C1B
:10972000DED0204602B070BD002EFAD022F0030237
:1097300006F0030632438DF806202B4601220DF178
:1097400006010DF10700FFF763FE0446E9E713B5D4
:109750000B46044660B101220DF107017420FFF7AA
:10976000A0FE9DF8073003F00303237002B010BD84
:109770004FF0FF30FAE70000F0B53E4B87B002AF84
:10978000054618681B7902903B710DF10700002314
:109790000E4604938DF81430FFF7D9FF044618B92C
:1097A0003146FFF797FF044665B94FF0FF349DF847
:1097B000070020B11CB93146FFF78CFF0446204654
:1097C00007B0F0BD002CF2D13346052204A9712068
:1097D000FFF767FE002386F8493004460028E6D1EB
:1097E00032460721E81CFFF7FFFD0028DDD10521E7
:1097F000681CFFF7F9FD0028D7D1A81CFFF7F4FD7E
:109800000028D2D12846FFF7EFFD0028CDD108214E
:10981000281DFFF7E9FD0028C7D1EB789DF814203B
:109820009DF813009B0022F01C0203F01C0313435D
:109830008DF814306B782A7800F01F0040EA43104E
:10984000AB789B0003F01C0320F01C0018439DF82C
:1098500011308DF8130002F0070223F007031343C1
:109860008DF811300522334604A93846FFF7D0FDA4
:1098700004469CE7F1B6020837B51E4B054618684A
:109880009B880090ADF804300C4611B9002003B05D
:1098900030BD0521601CFFF7A7FD0028F6D1A01CF4
:1098A000FFF7A2FD0028F1D12046FFF79DFD00281B
:1098B000ECD1637808336B44022D13F8082CA3789D
:1098C00003F108036B4413F8083C1344227802F1B7
:1098D00008026A4412F8080C184440F2AB7303FB08
:1098E00000F00BBF00F5865000F5A55040180D3074
:1098F000CDE700BF10B602082DE9F04FB1B01E460B
:109900001EAB019207460D461846482200210EF074
:109910008DF824AB0690079330462AAB0893FFF7E7
:10992000FFFC044628B14FF0FF34204631B0BDE8BB
:10993000F08F002DF7D0012F40F0B68001461122A4
:1099400011A80EF073F84FF005093346112211A942
:109950001D20FFF7A6FD9DF84510A9709DF8461043
:1099600000919DF8471002919DF8481003919DF8D1
:10997000491004919DF84A100591BDF84C109DF8CE
:1099800044209DF854809DF84BB09DF853A049BAEF
:109990000346ADF8241002F00F0022F07F0108F01A
:1099A00030020A432A701206687062D5002B68D113
:1099B00033460122E91C5A30FFF773FD03460028A5
:1099C0005FD16878503033460122291DC0B2FFF7BD
:1099D00068FD0346002854D168786430334601227C
:1099E000691DC0B2FFF75DFD0346002849D1059B04
:1099F0001802049B40EA0340314640EA0B00FFF79F
:109A0000E1F9029BA86081461802009B40EA0340EE
:109A1000039B324618434946FFF718FAE860BDF841
:109A200024003246494680B2FFF732FB08F00F03AC
:109A300028614FF48020D840F6F7DCF89649F6F715
:109A400031F94FEA98184FF42063064648EA8A082D
:109A5000032008FB0030F6F7D1F801463046F6F750
:109A6000D5F9686195F90030002B14DB002702243A
:109A700011E033B9726C7168009342F21070904734
:109A8000009B09F1FF3919F0FF090AD0002B3FF4C0
:109A90005CAF1C460027019B002B3FF444AF1F70B6
:109AA00043E7002BDED0F4E7023F012F00F2F08005
:109AB0000146332211A80DF0B9FF1E22214609A844
:109AC0000DF0B4FF3346332211A91D20FFF7E9FC46
:109AD0000028CBD133461E2209A95020FFF7E1FC14
:109AE0000028C3D10DF1180A11ACCDF800A08046B2
:109AF000009B94F8039053F8047B00936378BB7049
:109B0000A378A079227894F809B094F80FE094F83B
:109B100007C04FEA092949EA0349237949EA0303BF
:109B20000293637994F81090000240EA0340237A8C
:109B30004FEA99114BEA032341EA8E0B22F07F0191
:109B400002F00F02092A28BF0922039302F1C00381
:109B500009F0300E7A700DEB030241EA0E01397004
:109B600012F89C1C397112F8921C12F8882CF970AA
:109B700040EA0C007A713146FFF724F9324601467B
:109B8000B86004900298FFF761F93246F860DDE9A9
:109B90000301FFF77DFA4FF48023386109F00F00CD
:109BA00023FA00F0F6F726F83B49F6F77BF84FF476
:109BB0002063032281460BFB0230F6F71FF80146B3
:109BC0004846F6F723F908F10108B8F1030F786168
:109BD00004F111048CD1002752463B4652F8041B75
:109BE00091F9001001330029B8BF0137DBB2B8BFCB
:109BF000FFB2032BF2D15246002303F1010C1646AB
:109C000004321146E646306851F8044B90F9008062
:109C100094F90030B8F1000F15DA002B15DA90F83E
:109C20000280A378A3EB08039BB203F102081FFA9A
:109C300088F8B8F1010F02D91BB2022B05DD3460A0
:109C400041F8040C01E0002BF9DB0EF10103DBB25B
:109C5000032B4FF0020ED6D1F4454FF00103CCD1C7
:109C60004FF0000C4FF0180E5AF8046B0FCE0EFB9D
:109C70000C540FC496E803000CF1010CBCF1030F67
:109C800084E80300F0D1B7FA87F46409640002E7BE
:109C900007460124FFE600BF002474492DE9F04F78
:109CA00093B047F2701306461746ADF814300D46D0
:109CB00029B94FF0FF34204613B0BDE8F08F1146AC
:109CC0000020FFF707FD04460028F4D16E23022E82
:109CD0000DF118090DF1240A0DF13008CDE90F003E
:109CE0008DF81330069009900C90ADF84400C9F837
:109CF0000400A9F80800CAF80400AAF80800C8F887
:109D00000400A8F8080000F09B80032E60D0012E0C
:109D100001D00124CFE75A2368888DF818303946DE
:109D2000FFF778FA64238DF83030AB888DF8240083
:109D3000B3F57C6F4AD23F2B04F1010243D803EB09
:109D40008413DBB28DF83C304FF0000B3B463246BB
:109D500051464846FFF75CFB04460028ABD13B4622
:109D600032460FA94046FFF753FB04460028A2D114
:109D70003B4602220FA97020FFF793FB0446002800
:109D800099D12A789DF83C30012A18BF012423F08C
:109D9000080343EAC4049DF83D308DF83C4023F0AD
:109DA0000F034BEA030B18BF02462BF0300B4BEAB4
:109DB000421B3B4602220FA905A88DF83DB0FFF7D4
:109DC00027FB044677E79B081446B4E7FF23B9E76F
:109DD000EB68002B3FF46DAFAA68002A3FF469AF2F
:109DE0002E7C5FFA84FB5E4501D8B346AEE70BF1EB
:109DF0005A0109F8041032F8140001933946009210
:109E0000FFF708FA019B0AF8040033F81410009ACF
:109E10000BF1640BB1F57C6F08F804B00ED2002092
:109E20003F2900F1010C06D801EB8011C9B20FA83F
:109E300001550134D5E789086046F1E7FF21F6E7CF
:109E4000EB68002B3FF435AFAA680192002A3FF47B
:109E500030AF6A8A2E7C0092002A08BF0324834612
:109E60005FFA8BF2B2421AD3009A40F282739A429E
:109E700033D84FF47A735A43134640F2DD12B3FBE2
:109E8000F2F300229BB23F2B02F1010122D803EB37
:109E90008213DBB28DF812300CB303240BE703936B
:109EA000019B029202F15A0133F81B0009F80B10D2
:109EB0003946FFF7AFF9029A039B0AF80B006432A8
:109EC0000FA908F80B2033F81B2001F80B200BF129
:109ED000010BC5E79B080A46D5E7FF23DAE73B46B7
:109EE00001220DF112010DF11300FFF791FA044662
:109EF00000287FF4E0AE78E770B58378DA071AD5EA
:109F0000028842F480325C08D30143F07F031120C1
:109F10004FF409054FF40006334218BF6B40013877
:109F20004FEA56064FEA5505F6D103F07F039C42EF
:109F300003D10A6070BD0220FCE70920FAE70000A7
:109F40002DE9F04FDFF8E08087B0044600264FF09F
:109F5000100B4FF0FF312068ADF814B00AF025FE69
:109F600018F8015B0023CDE9003305AA0223294636
:109F7000204602F065FF074620680AF03BFE2FBB33
:109F800003274FF0110A0120F7F754F94FF0FF3182
:109F900020688DF816A00AF008FE012301930DF148
:109FA00016090DF1120300934A4601232946204663
:109FB00002F046FF039020680AF01CFE039B2BB9B9
:109FC0009DF81220D20706D4013FDCD10136052EC0
:109FD000BFD1002524E04FF0FF3120688DF8133009
:109FE0000AF0E3FD0223CDE900930DF113020123F2
:109FF0002946204602F024FF074620680AF0FAFDB1
:10A00000002FE3D1BDF81630A3F50472022A07D958
:10A0100040F61322934203D040F215229342D5D149
:10A02000284607B0BDE8F08F7ABD020808B5FFF7F3
:10A0300087FFB0FA80F04009800008BD28B121B147
:10A04000002308600B71CB800B7270477FB504460C
:10A05000002846D00068002843D0FFF771FF207128
:10A06000002840D000238DF80D3023684FF0FF31D9
:10A0700018680AF09AFD02250DF10E030093019570
:10A080000123217920680DF10D0202F0D9FE236829
:10A09000064618680AF0AEFD3EBBBDF80E30E38000
:10A0A000B3F5047F12D040F21122934211D040F256
:10A0B000122293420FD040F6132293420DD040F269
:10A0C000152293420BD0002004B070BD30462072A0
:10A0D000F9E70120FBE72846F9E70320F7E704202A
:10A0E000F5E70520F0E70420EEE70120ECE730B5C6
:10A0F000054685B0F0B10368F3B1222218688DF8E7
:10A100000D104FF0FF318DF80C200AF04EFD0023AA
:10A11000CDE9003303AA29792868022302F090FED2
:10A120002B68044618680AF065FD201E18BF012040
:10A1300005B030BD0520FBE70620F9E7F0B50D4678
:10A1400085B0064620B3036823B3242218688DF82F
:10A150000E204FF0FF310AF028FD01240DF10F030E
:10A16000009301942346317930680DF10E0202F01C
:10A1700067FE3368074618680AF03CFD67B99DF82A
:10A180000F301D40003D18BF0125E80005B0F0BDAF
:10A190000520FBE70620F9E72046F7E7000000006E
:10A1A000F0B50D4687B00446002838D0002936D0D7
:10A1B0000368002B35D0302218688DF80F204FF03F
:10A1C000FF310AF0F2FC04AF03230193009701234F
:10A1D000217920680DF10F0202F032FE2368064655
:10A1E00018680AF007FDF6B905A93846FFF784FE9E
:10A1F000044688B9BDF81400F5F7FCFC4FF0725125
:10A20000F5F750FDF5F7C8F809A3D3E90023F4F7F3
:10A2100063FFF5F7E9FB2860204607B0F0BD052491
:10A22000FAE70624F8E70124F6E700BFAFF3008061
:10A230006666666666127140F0B50D4687B00446E4
:10A2400068B361B3036863B3332218688DF80F20D5
:10A250004FF0FF310AF0A9FC04AF032301930097EC
:10A260000123217920680DF10F0202F0E9FD236836
:10A27000064618680AF0BEFCAEB905A93846FFF7D5
:10A280003BFE044640B9BDF81400F5F7B3FC4FF0AF
:10A290006C51F5F707FD2860204607B0F0BD052496
:10A2A000FAE70624F8E70124F6E7000000000000C2
:10A2B0002DE9F0410E4688B01546044600284FD0DF
:10A2C00000294DD0002A4BD00368002B4AD0302201
:10A2D00018688DF80F204FF0FF310AF066FC0DF181
:10A2E000180806230193CDF8008001232179206806
:10A2F0000DF10F0202F0A4FD2368074618680AF06A
:10A3000079FC8FBB04A94046FFF7F6FD05A904467A
:10A310000DF11B00FFF7F0FD07460CB920B13C46DC
:10A32000204608B0BDE8F081BDF81000F5F762FCEA
:10A330004FF07251F5F7B6FCF5F72EF80CA3D3E900
:10A340000023F4F7C9FEF5F74FFB3060BDF81400A9
:10A35000F5F750FC4FF06C51F5F7A4FC2860DEE7F0
:10A360000524DDE70624DBE70124D9E7AFF300800D
:10A37000666666666612714038B1037A042B03D8AC
:10A38000024A32F8130070470020704770BD02087F
:10A39000F0B5044685B028B90023184643EA0020EA
:10A3A00005B0F0BD0F234FF0FF31012500688DF897
:10A3B0000A300DF10B070AF0F8FB019500972B46C8
:10A3C0000DF10A025C21204602F03AFD06462068A3
:10A3D0000AF010FCBEB14FF0FF3120680AF0E5FB37
:10A3E000CDE900752B460DF10A025D21204602F0F1
:10A3F00027FD054620680AF0FDFB002DCCD15D202D
:10A400009DF80B30CAE75C20FAE70860704700004F
:10A4100037B50D46044610B9052003B030BD0068BD
:10A420000028F9D0FFF7B4FFC3B2B32BADF8040096
:10A4300013D0B42B03D0B12B0FD00420EDE7072DA0
:10A44000EAD8062DE8D0064AA571525D63719DF8E1
:10A450000530A26023710020DFE72222F6E700BF6B
:10A460007FBD02087FB50446002857D00268002A45
:10A4700056D04379B32B03AE2BD0B42B1CD0B12BC9
:10A4800049D0354623684FF0FF3118680AF08DFB3C
:10A490000022CDE90022AB1B217920689BB2324615
:10A4A00002F0CEFC2368054618680AF0A3FB281EBC
:10A4B00018BF012004B070BD837963B310228DF8FA
:10A4C0000D3001238DF80C208DF80E300DF10F05A5
:10A4D000D8E749F211031068ADF80C304FF0FF31A6
:10A4E0000AF063FB0023CDE90033324602232179D1
:10A4F000206802F0A5FC2368054618680AF07AFB7C
:10A5000085B90520F6F796FE41F21133ADF80C300F
:10A510000DF10E05B6E740F21113F7E70520C9E784
:10A520000620C7E70120C5E77FB5054628B30368C5
:10A530002BB3272218688DF80E204FF0FF310AF058
:10A5400034FB01240DF10F03009301942346297974
:10A5500028680DF10E0202F073FC2B68064618689D
:10A560000AF048FB6EB99DF80F0000F00300B0FA46
:10A5700080F04009C00004B070BD0520FBE7062054
:10A58000F9E72046F7E700007FB50E46054658B3C9
:10A5900051B3036853B32B2218688DF80B204FF08A
:10A5A000FF310AF002FB0223019303AB00932979E8
:10A5B000286801230DF10B0202F042FC2B680446CF
:10A5C00018680AF017FB9CB99DF80D309DF80C0037
:10A5D00000EB032000B2F5F711FB0649F5F716FC76
:10A5E0003060204604B070BD0520FBE70620F9E787
:10A5F0000120F7E70000C8427FB50E46054688B344
:10A6000081B3036883B3282218688DF80B204FF0BC
:10A61000FF310AF0CAFA0323019303AB00932979AF
:10A62000286801230DF10B0202F00AFC2B68044696
:10A6300018680AF0DFFACCB99DF80E309DF80D20AD
:10A6400002EB03229DF80C30642003EB02235843F5
:10A65000F5F7D0FA4FF06651F5F724FB306020464D
:10A6600004B070BD0520FBE70620F9E70120F7E7FD
:10A67000F0B50E4687B017460546002842D000299F
:10A6800040D0002A3ED00368002B3DD02822186815
:10A690008DF80F204FF0FF310AF087FA0523019360
:10A6A00004AB00932979286801230DF10F0202F011
:10A6B000C7FB2B68044618680AF09CFA34BB9DF867
:10A6C00012309DF8112002EB03229DF81030642017
:10A6D00003EB02235843F5F78DFA4FF06651F5F777
:10A6E000E1FA9DF8143038609DF8130000EB032068
:10A6F00000B2F5F783FA0649F5F788FB306020468B
:10A7000007B0F0BD0520FBE70620F9E70120F7E7D9
:10A710000000C84200B18068704700002DE9F04792
:10A7200086B089230026DFF8A8808DF80F30044614
:10A73000B1464FF0FF3120680AF037FA18F8015B94
:10A740000123CDE900990DF10F022946204602F0C0
:10A7500077FB074620680AF04DFA3FB10136032E19
:10A76000E7D10025284606B0BDE8F0870A20F6F7B5
:10A7700061FD4FF0FF3120680AF017FA0DF1100A61
:10A78000062301933A463B46CDF800A029462046D1
:10A7900002F056FB074620680AF02CFA002FDDD1A4
:10A7A0000C4F38680028DDD00222514602F0B5FC7B
:10A7B0009DF812308342D1D1386802220DF1130185
:10A7C00002F0ABFC9DF815308342CBD0C6E700BF4A
:10A7D0008ABD0208F042002037B5044698B10B4DFF
:10A7E0002B683BB9CDE900331A46FF21312002F036
:10A7F00020FC28602046FFF791FFB0FA80F0400966
:10A80000800003B030BD0520FBE700BFF042002010
:10A8100013B561B158B1074C086023683BB9CDE965
:10A8200000331A46FF21312002F003FC206002B001
:10A8300010BD00BFF042002038B50D46044680B17F
:10A84000006870B1FFF76AFF68B120713DB1012D5A
:10A8500014BFE023F6236371A571002038BDFD23EA
:10A86000F9E70520FAE70420F8E730B5044685B09B
:10A87000E8B10368EBB1427918688DF80F204FF00A
:10A88000FF310AF092F90023CDE900330DF10F02F8
:10A8900021792068012302F0D3FA2368054618685D
:10A8A0000AF0A8F9281E18BF012005B030BD052008
:10A8B000FBE70620F9E7002070470000F0B50D46E1
:10A8C00085B00446002838D0002936D00368002B14
:10A8D00035D018684FF0FF310AF067F903AF032352
:10A8E0000193009700231A462179206802F0A8FA04
:10A8F0002368064618680AF07DF916BB124B1868E3
:10A9000088B9BDF80C305BBA9BB2AF205843F5F75D
:10A9100075F90E49F5F77AFA0D49F5F7B9F8286097
:10A92000002005B0F0BD0222394602F0F6FB9DF88A
:10A930000E308342E5D00920F3E70520F1E7062039
:10A94000EFE70120EDE700BFF042002000FF7F4766
:10A95000000034427FB50D460446002839D0002956
:10A9600037D00368002B36D018684FF0FF310AF05B
:10A970001CF90623019302AB009300231A462179A8
:10A98000206802F05DFA2368064618680AF032F97A
:10A990001EBB134B186888B9BDF80B305BBA9BB26D
:10A9A0007D205843F5F72AF90E49F5F72FFA0E499D
:10A9B000F5F76EF82860002004B070BD02220DF19A
:10A9C0000B0102F0AAFB9DF80D308342E4D0092070
:10A9D000F2E70520F0E70620EEE70120ECE700BFF4
:10A9E000F042002000FF7F470000C0402DE9FF41FA
:10A9F0000D4616460446002858D0002956D0002A95
:10AA000054D00368002B53D018684FF0FF310AF080
:10AA1000CCF80DF1080806230193CDF8008000233F
:10AA20001A462179206802F00BFA23680746186855
:10AA30000AF0E0F8002F3DD11F4C206808BBBDF89C
:10AA40000830BDF80B405BBA9BB2AF205843F5F716
:10AA5000D5F81A49F5F7DAF91949F5F719F864BA8A
:10AA60002860A4B27D206043F5F7C8F81349F5F7D4
:10AA7000CDF91449F5F70CF83060002004B0BDE8BA
:10AA8000F0810222414602F048FB9DF80A308342E1
:10AA900001D00920F2E7206802220DF10B0102F03B
:10AAA0003CFB9DF80D308342C9D0F2E70520E5E775
:10AAB0000620E3E70120E1E7F042002000FF7F47A6
:10AAC000000034420000C04030B18379022B02D82C
:10AAD000024AD05C70470020704700BF87BD020863
:10AAE0001FB54CF6EF03ADF80A3003AC0323019316
:10AAF000009402230DF10A02702102F0A1F9D8B9E5
:10AB00000E4B186870B9BDF80C0040BA20F4F8601C
:10AB10000005000D40F60703984214BF03200020F3
:10AB200004B010BD0222214602F0F7FA9DF80E3063
:10AB30008342E8D00920F3E70120F1E7F442002046
:10AB400037B50446C8B10E4D2B683BB9CDE900338B
:10AB50001A46FF21312002F06CFA28604FF0FF31D5
:10AB600020680AF022F82046FFF7BAFF0546206861
:10AB70000AF040F8284603B030BD0525FAE700BFCB
:10AB8000F442002073B50C46054660B159B1074E3A
:10AB900033683BB9CDE900331A46FF21312002F07A
:10ABA00048FA3060256002B070BD00BFF44200205A
:10ABB00038B5044690B1036883B100220271186869
:10ABC0004FF0FF3109F0F1FF2068FFF789FF23689C
:10ABD000054618680AF00EF8284638BD0525FBE73B
:10ABE00030B5054685B028B302682AB30171F1B9C2
:10ABF00078214FF4CC430B431068ADF80E304FF082
:10AC0000FF3109F0D2FF0023CDE900330DF10E0230
:10AC100002237021286802F013F92B680446186893
:10AC200009F0E8FF201E18BF012005B030BD034B1E
:10AC30005821E0E70520F8E70620F6E700E0FFFFEF
:10AC4000002070472DE9FF410E460446002842D0FF
:10AC5000002940D00368002B3FD0027902AF62BBCD
:10AC60003D464FF0030818684FF0FF3109F09DFF93
:10AC7000CDE9007800231A462068702102F0E0F840
:10AC800023680746186809F0B5FF47BB154B1868DD
:10AC9000C0B9288840BA80B2F4F7B0FF1249F5F77E
:10ACA00001F84FF05E51F4F7FDFF1049F4F7F0FEA4
:10ACB0003060002004B0BDE8F0810DF10B054FF0CD
:10ACC0000608D0E70222294602F027FAAB78834231
:10ACD000DFD00920EEE70520ECE70620EAE70120B7
:10ACE000E8E700BFF442002000002F430000344298
:10ACF0002DE9FF410E46044600283FD000293DD0F3
:10AD00000368002B3CD002791868012A0CBF4FF071
:10AD100003084FF0060802AF4FF0FF310CBF3D466D
:10AD20000DF10B0509F041FFCDE9007800231A462B
:10AD30002068702102F084F823680746186809F03B
:10AD400059FFFFB9104B186878B92B885BBA9BB2D2
:10AD500064205843F4F752FF4FF05E51F4F7A2FF1E
:10AD60003060002004B0BDE8F0810222294602F0E4
:10AD7000D4F9AB788342E8D00920F3E70520F1E766
:10AD80000620EFE70120EDE7F44200202DE9F04333
:10AD90000F4685B016460546002860D000295ED0D3
:10ADA000002A5CD003680624002B5AD018684FF0A4
:10ADB000FF310DF1080909F0F8FE01940023CDF8E8
:10ADC00000901A462868702102F03AF82B68044671
:10ADD000186809F00FFF002C45D1DFF89080D8F8F3
:10ADE000000030BBBDF80800BDF80B402B7940BA1D
:10ADF00064BA80B2A4B213B1034620461C46F4F7ED
:10AE0000FDFE1B49F4F74EFF4FF05E51F4F74AFF89
:10AE10001849F4F73DFE386064206043F4F7EEFE15
:10AE20004FF05E51F4F73EFF3060002005B0BDE802
:10AE3000F0830222494602F070F9022204460DF125
:10AE40000B01D8F8000002F068F99DF80A30A3421F
:10AE500003D19DF80D308342C4D00920E6E70520D8
:10AE6000E4E72046E2E70120E0E700BFF4420020EB
:10AE700000002F43000034420D2070472DE9F84FA9
:10AE80004FF0FF320021012009F053FD002807DABE
:10AE90000230F5D0394B1868BDE8F84F09F0D1BC45
:10AEA000374E384C384F30684FF0FF3109F07DFE97
:10AEB000002223683D68114691464FF0010C0CFAC0
:10AEC00001F0184205D0284202BF834349EA000935
:10AED000012201310429F2D102B12360306809F066
:10AEE00089FEB9F1000FCBD0DFF8A08000254FF02C
:10AEF000010B0BFA05FA19EA0A0F2FD0022D36D0F2
:10AF0000032D37D0012D2FD001F077F9044600280A
:10AF1000B6D04FF0FF31306809F047FE3B6830682B
:10AF2000C8F8004043EA0A033B6009F063FE184991
:10AF3000204605F0A1FF88B14FF0FF31306809F0DD
:10AF400034FE0023C8F800303B68306823EA0A0367
:10AF50003B6009F04FFE204600F000FA0135042D59
:10AF600008F10408C5D18BE701F04CF9CEE701F0F8
:10AF700056F9CBE701F058F9C8E700BF14430020A9
:10AF8000104300200C43002008430020F84200201A
:10AF900095AF010838B5144D0C4628684FF0FF31C5
:10AFA00009F003FE114A0023114652F8040BA04297
:10AFB00016D1002241F823200D4901229A400B6846
:10AFC00023EA02030B60204600F0C8F9286809F064
:10AFD00011FE084B01211868BDE8384009F04BBC50
:10AFE0000133042BE1D1EEE710430020F8420020AA
:10AFF000084300201443002000B500208BB009F066
:10B000009DFD0B4B20221860002102A80CF00EFDC4
:10B01000084B01934FF440721023CDE90623002121
:10B0200001AA054809F0B9FB044B18600BB000BD3C
:10B0300010430020F7B602087DAE0108144300203B
:10B0400070B50C4E4FF0FF310446306809F0ADFD8D
:10B05000094B30681A68012505FA04F414431C6092
:10B0600009F0C8FD054B29461868BDE8704009F095
:10B0700002BC00BF104300200C43002014430020FA
:10B08000F8B500220A21092006F0F8FC092006F094
:10B0900027FD174E174F4FF0FF352A46002101209C
:10B0A00009F047FC00281EDA02304FF0FF35F4D1DA
:10B0B0001148082107F03EF933780128044618BFEB
:10B0C0000224A342E9D04FF0FF31386809F06DFD4A
:10B0D0003868347009F08EFD084B1B68002BDCD0FB
:10B0E00020469847D9E7C307E2D54FF4FA75D4E76D
:10B0F0002043002028430020000400481C43002077
:10B1000070B5344D2B78834286B004461BD0142290
:10B11000002101A80CF08AFC052C14D8DFE804F00B
:10B120000315304747474FF400614FF0904007F058
:10B130008DF84FF480514FF0904007F087F864206D
:10B14000F6F778F82C7006B070BD4FF4006301A9D3
:10B1500003264FF09040CDE9013606F0CBFF4FF4C7
:10B160008056012301A94FF09040CDE9016306F01C
:10B17000C1FF002231464FF0904007F0E1F8DEE7D2
:10B18000122302930423059301A94FF400634FF0A7
:10B190009040019306F0AEFF4FF4805301930023DB
:10B1A000039301A94FF0904006F0A4FFC7E7032CDA
:10B1B00004D0042C0CBF0123022303934FF400633B
:10B1C00001A94FF09040019306F094FF4FF4805393
:10B1D0000193E6E718430020034B186810B10121E2
:10B1E00009F049BB704700BF2443002070B586B00A
:10B1F0000024054608264FF4441301A9114805947C
:10B20000CDE90163CDE9034406F074FF0E4B0D4810
:10B210001D60314607F08EF80C4B012818BF022044
:10B2200018702046FFF76CFF204609F087FC084B9A
:10B23000084A18602146084809F0AFFA074B186021
:10B2400006B070BD000400481C43002020430020CD
:10B250002843002090BD020881B00108244300204B
:10B2600038B5064C4FF0FF31206809F09EFC044BC6
:10B2700020681D7809F0BEFC284638BD2843002010
:10B280002043002038B5074D04464FF0FF312868B1
:10B2900009F08BFC2046FFF733FF2868BDE83840F3
:10B2A00009F0A8BC28430020012830B511D814BFEC
:10B2B000094B0A4B181F411E013BC41C13F8012FF8
:10B2C00011F8015FD243D2B2954202D1A142F5D129
:10B2D00030BD0020FCE700BF04F803080CF80308A9
:10B2E00008B50020FFF7E0FF38B10120FFF7DCFFD1
:10B2F00000280CBF2620002008BD2520FCE7FF28E1
:10B3000073B54FEAC0030D46164603D90024204604
:10B3100002B070BD022BF9D90729F7D801D1072A4D
:10B32000F4D8FBF7A7FC04460028EFD003230093D2
:10B330002A460023FBF7EFFC072DE8D104230093F6
:10B34000324600232046FBF7E6FCE0E720B14B1E27
:10B35000FE2B01D8FBF7A8BC00207047FBF7BABC56
:10B3600008B1FBF7E5BC704708B510B1FBF7C1FCAD
:10B37000C0B208BDF7B50E460546C0B3B9B3002448
:10B380008DF806408DF80740FBF7EDFC2146074697
:10B390002846FBF7DFFC044690B903220DF10601B5
:10B3A0002846FBF7E3FC044650B99DF80630062B0F
:10B3B00006D904220DF107012846FBF7D7FC044605
:10B3C00039462846FBF7C6FC74B99DF807309DF84E
:10B3D0000620DB0002F0070203F078031343327803
:10B3E00022F07F0213433370204603B0F0BD0124E6
:10B3F000FAE72DE9F34180460D4617460521002264
:10B4000013201E46FFF77BFF044618B30523424670
:10B4100000934FF020080023FBF77DFC3A46002301
:10B42000CDF800802046FBF776FC32460023CDF8AD
:10B4300000802046FBF76FFC012300932A4600237F
:10B440002046FBF768FC10230093089A002320464F
:10B45000FBF761FC204602B0BDE8F081F8B50E466E
:10B460001546044680B179B172B1FBF73FFC47192C
:10B470002046FBF743FC874208D82A46314620463F
:10B48000BDE8F840FBF742BC0120F8BD0320FCE713
:10B4900038B560200CF0DAF90446054638B11320BF
:10B4A000FBF7E8FB206018B920460CF0D7F900251F
:10B4B000284638BD13B50446C0B10068FBF73BFC15
:10B4C000FCF76AFC42780323002A009318BF062287
:10B4D00000232068FBF71FFC234604F158010022DB
:10B4E0001A7143F8082F8B42FAD1E26502B010BD01
:10B4F0002DE9F74F0E461D46044600287DD00A2947
:10B500007BD8FCF749FCE76D804687B91923009387
:10B510000C9A20680A23B2FBF3F23B46FBF7FBFBD5
:10B5200004230093206832463B46FBF7F4FB1827C0
:10B5300007FB06872846396BF4F768FCD7F83C9080
:10B5400049460546F4F74CFD10BB3F6C284639468A
:10B55000F4F764FD00B13D4628464946F4F798FAF1
:10B560004FF07C51F4F796FAF4F79EFD04EBC60514
:10B57000182303FB068607462B79AA68706CAF6018
:10B58000D4F8009033B9726B00923A46484624E0F2
:10B590004846E2E74FF07C51A7EB0208F4F782FB44
:10B5A000F4F75CFD88EAE87BABEBE87B8345D6F8F3
:10B5B00038A01DDB02232B714FF0FF320AF1FF335D
:10B5C0009A40CDF800A0D3174846FBF7A4FB50B92A
:10B5D000736B0093034620683A46FBF79CFB10B957
:10B5E000E36D0133E36501232B7103B0BDE8F08FF8
:10B5F0004246CDF800A0D317C8E70120F5E710B107
:10B600000068FBF795BB704708B518B10068FBF7F9
:10B6100070FBC0B208BD08B190F85C00704773B50C
:10B62000144605460E46FBF761FB0C34A0421DD3C1
:10B6300001A92846FFF79EFE0446C0B99DF80430D4
:10B6400003F07F03172B11D10C2E10D08DF80300BF
:10B6500007212846FBF77EFB05220DF10301284652
:10B66000FBF784FB9DF80330B34200D00924204649
:10B6700002B070BD73B50E460546D0B1C9B1002207
:10B680000C21FFF7CCFF044680B98DF80700072195
:10B690002846FBF75FFB05220DF107012846FBF763
:10B6A00065FB9DF807300B2B05D83370204602B0A0
:10B6B00070BD0124FAE70924F8E7F7B50D46064600
:10B6C000A8B3A1B302220521FFF7A9FF044658BB86
:10B6D0008DF8070002220DF107013046FBF746FB0B
:10B6E0009DF80730C5F8014003F00102C3F34003A1
:10B6F0006F1C2A70EB7042B9EC78ACB10422A91827
:10B700003046FBF733FB04460EE00222A918304610
:10B71000FBF72CFB044638B9042239463046FBF7C8
:10B7200025FB04460028E7D0204603B0F0BD0124E5
:10B73000FAE773B50E46054610B309B30322072195
:10B74000FFF76DFF0446C0B90C212846FBF702FB4A
:10B7500003220DF1070128468DF80740FBF706FB91
:10B760009DF80730032B0DD8012B337005D1032230
:10B77000711C2846FBF7FAFA0446204602B070BD59
:10B780000124FAE71D24F8E773B50D460646A0B17B
:10B7900099B103220821FFF742FF044650B98DF802
:10B7A000070003220DF107013046FBF7DFFA9DF891
:10B7B00007302B70204602B070BD0124FAE770B547
:10B7C0000E46054690B189B120220421FFF727FFDC
:10B7D000044648B930600C212846FBF7BBFA20220A
:10B7E00031462846FBF7C2FA204670BD0124FBE72C
:10B7F00070B50E46054690B189B120220921FFF7A8
:10B800000EFF044648B930600C212846FBF7A2FA27
:10B81000202231462846FBF7A9FA204670BD0124B4
:10B82000FBE770B50D460646B8B1B1B10822032159
:10B83000FFF7F5FE044670B907232B700C21304644
:10B84000FBF788FA082229463046FBF78FFA2B7857
:10B85000072B28BF0924204670BD0124FBE737B51C
:10B860000D460446F0B1E9B10DF10601FFF7D9FF2D
:10B87000B0B99DF80630012B16D18DF807001421C0
:10B880002046FBF767FA03220DF107012046FBF77C
:10B890006DFA28B99DF807302B70032B28BF1D20A7
:10B8A00003B030BD0120FBE71C20F9E773B50C465F
:10B8B0000546D8B1D1B10DF10701FFF7B2FFB8B914
:10B8C0009DF80760042E13D114212846FBF742FA95
:10B8D00002232370324621462846FBF747FA18B95F
:10B8E0002378022B28BF0C2002B070BD0120FBE79B
:10B8F0000920F9E737B50D460446F8B1F1B1032246
:10B900000021FFF78CFEB8B98DF807000C21204606
:10B91000FBF720FA03220DF107012046FBF726FA78
:10B9200050B99DF807302B70012B09D804D108229B
:10B93000691C2046FBF71AFA03B030BD0120FBE773
:10B940001D20F9E72DE9F7430D460446002845D0B0
:10B95000B1F5003F42D200221346012101FA02F064
:10B96000284202F1010218BF0133112AF6D1DB008F
:10B970002733982B32D8042207211320FFF7BFFC6E
:10B98000064658B3202300932A460023FBF7C3F949
:10B9900000274FF001084FF0020908FA07F32B4285
:10B9A00008D10137112F04F10104F6D1304603B05C
:10B9B000BDE8F083CDF80090002322783046FBF7F5
:10B9C000AAF9034638B906220092627C3046FBF79A
:10B9D000A2F90028E5D03046FFF7C0FC0026E5E7D5
:10B9E0002DE9F7430D4617460646002868D0002982
:10B9F00066D0002A64D06946FFF7BCFC044630B923
:10BA00009DF8003003F07F03272B04D00924204643
:10BA100003B0BDE8F08307213046FBF79BF92022F5
:10BA200001A93046FBF7A2F904460028EFD1019A9C
:10BA3000B2F5003FEAD20346012101FA03F01042B9
:10BA400003F1010318BF0134112BF6D13046FBF787
:10BA50004DF9E40027348442D8D807213046FBF75B
:10BA600079F92222002128460BF0E0FF00233B60F9
:10BA7000202239463046FBF779F904460028C6D122
:10BA800081464FF001083A6808FA09F3134207D1DA
:10BA900009F10109B9F1110F05F10105F3D1B6E77B
:10BAA000022229463046FBF761F938B9062205F132
:10BAB00011013046FBF75AF90028E9D00446A6E701
:10BAC0000124A4E72DE9F34707460E46154622B99F
:10BAD0000024204602B0BDE8F087831E012BF7D872
:10BAE0000129F5D813780F2BF2D800220121132059
:10BAF000FFF705FC04460028EAD002233A460093EB
:10BB00004FF004080023FBF706F9CDF800802A78EF
:10BB100000232046FBF7FFF801233246009320461E
:10BB20000023FBF7F8F80B2300936A8800232046D4
:10BB3000FBF7F1F805F10B092E462F464FF0080AE6
:10BB40006B88721B1341DB0705D401364E4507F1A4
:10BB50000207F5D1BDE7CDF800A0002332792046D9
:10BB6000FBF7D9F8034678B9CDF80080FA7B204678
:10BB7000FBF7D1F8034638B9CDF800803A7C20466F
:10BB8000FBF7C9F80028E0D02046FFF7E7FB9FE766
:10BB90002DE9F7430E460446002800F09C8000295A
:10BBA00000F0998001A9FFF7E5FB054630B99DF843
:10BBB000043003F00703012B04D00925284603B005
:10BBC000BDE8F0832046FBF791F8042801D804254E
:10BBD000F4E703212046FBF7BDF802220DEB02013A
:10BBE00020468DF80250FBF7C1F89DF80230D3BB18
:10BBF0002822002130460BF019FF03212046FBF7D5
:10BC0000A9F8022231462046FBF7B0F83378002B22
:10BC1000D4D00422B11C2046FBF7A8F80B22311D1A
:10BC20002046FBF7A3F806F1110806F10B09374689
:10BC3000B388BA1B1341DB070FD50822B91D204674
:10BC4000FBF794F8042241462046FBF78FF80422C4
:10BC500008F101012046FBF789F801374F4508F14B
:10BC60000208E5D1AAE7012B01D00825A6E7204666
:10BC7000FBF73CF80828AAD904220DF1030120465D
:10BC80008DF80350FBF772F89DF80330002B94D029
:10BC90000B220DF106012046ADF80650FBF766F8C1
:10BCA00008B105468AE70027BDF806103B4641FA71
:10BCB00003F2013302F001020B2B1744F7D1082FD6
:10BCC00001D91D257AE72046FBF710F83F0114370C
:10BCD00087428DD97BE7012570E773B50D46044691
:10BCE000002841D000293FD001A9FFF743FB0646B9
:10BCF00030B99DF8043003F07F030F2B03D00926E1
:10BD0000304602B070BD07212046FBF723F82046DD
:10BD1000FAF7ECFF3A28F2D92E606E60AE60072188
:10BD20002046FBF717F8294603222046FBF71EF8AA
:10BD3000A91C0C222046FBF719F8291D0C222046CD
:10BD4000FBF714F8A91D0C222046FBF70FF805F1AC
:10BD500008010C222046FBF709F8012205F10A012F
:10BD60002046FBF703F8CBE70126C9E773B5054684
:10BD700088B1012207211320FFF7C1FA044650B110
:10BD8000032300932A880023FAF7C5FF034630B146
:10BD90002046FFF7E3FA0024204602B070BD0C26CF
:10BDA00000966A882046FAF7B6FF03460028EFD1CE
:10BDB0000096AA882046FAF7AEFF03460028E7D18E
:10BDC0000096EA882046FAF7A6FF03460028DFD14E
:10BDD00000962A892046FAF79EFF03460028D7D10D
:10BDE000012200926A892046FAF795FF0028D3D0F5
:10BDF000CEE7F7B5044638B1002207211320FFF73C
:10BE00007EFA054618B92C46204603B0F0BD0B2338
:10BE10000726228800930023FAF77DFF62880096A8
:10BE200000232846FAF777FFA288009600232846C9
:10BE3000FAF771FFE288009600232846FAF76BFFB5
:10BE40000E272289009600232846FAF764FF6289AC
:10BE5000009700232846FAF75EFFA2890097002387
:10BE60002846FAF758FFE289009600232846FAF799
:10BE700052FF228A009600232846FAF74CFF628A76
:10BE8000009600232846FAF746FFA28A0096002370
:10BE90002846FAF740FFE28A009700232846FAF77F
:10BEA0003AFF228B0097002303272846FAF733FF37
:10BEB0000426E27E009700232846FAF72CFFA27E94
:10BEC000009600232846FAF726FF627F009700239A
:10BED0002846FAF720FF227F009600232846FAF72B
:10BEE0001AFFE27F009600232846FAF714FFA27F8C
:10BEF000009600232846FAF70EFF84E7F7B50D46B3
:10BF00000446002800F09380002900F0908001A9E9
:10BF1000FFF730FA074630B99DF8046006F07F0657
:10BF2000072E03D00927384603B0F0BD314620461E
:10BF3000FAF710FF2046FAF7D9FE9728F2D9202207
:10BF4000394628460BF072FD31462046FAF702FFCB
:10BF500029460B222046FAF709FF3246A91C204643
:10BF6000FAF704FF3246291D2046FAF7FFFE324653
:10BF7000A91D2046FAF7FAFE324605F108012046CF
:10BF8000FAF7F4FE05F10A010E222046FAF7EEFE5A
:10BF900005F10C010E222046FAF7E8FE324605F1C3
:10BFA0000E012046FAF7E2FE324605F11001204666
:10BFB000FAF7DCFE324605F112012046FAF7D6FE0A
:10BFC000324605F114012046FAF7D0FE05F11601BC
:10BFD0000E222046FAF7CAFE05F118010E2220466D
:10BFE000FAF7C4FE05F11B0103222046FAF7BEFE54
:10BFF00005F11A0104222046FAF7B8FE05F11D01E9
:10C0000003222046FAF7B2FE05F11C010422204665
:10C01000FAF7ACFE05F11F0104222046FAF7A6FE4E
:10C02000042205F11E012046FAF7A0FE7BE7012756
:10C0300079E72DE9F7430F46054640B34A1E47F618
:10C04000FE739A4223D8032207211320FFF757F9E2
:10C050000446E0B1202300933A460023FAF75BFE42
:10C06000013500264FF001084FF0040908FA06F3E5
:10C070003B4219D0CDF80090002315F8012C204642
:10C08000FAF749FE034638B12046FFF767F9002466
:10C09000204603B0BDE8F083032200922A782046B0
:10C0A000FAF739FE0028EFD101360F2E05F102050F
:10C0B000DCD1EDE72DE9F743884617460546002811
:10C0C00060D000295ED0002A5CD06946FFF752F9A3
:10C0D000044630B99DF8003003F07F031F2B04D0D5
:10C0E0000924204603B0BDE8F08307212846FAF76B
:10C0F00031FE202201A928460194FAF737FE0446B2
:10C100000028EED1019AB2F5004FE9D20646034667
:10C11000012101FA03F0104203F1010318BF0136B7
:10C120000F2BF6D12846FAF7E1FDC6EBC6062736F7
:10C130008642D5D8072100262846FAF70BFE1E2294
:10C1400031463E6040460BF071FC202239462846BD
:10C15000FAF70CFE4FF001093A6809FA06F31342A8
:10C160000AD0042241462846FAF700FE032208F1CD
:10C1700001012846FAF7FAFD01360F2E08F10208F0
:10C18000EAD1AEE70124ACE737B505460622072120
:10C190001320FFF7B4F8044628B1082300932A4679
:10C1A0000023FAF7B8FD204603B030BDFAF7AEBD64
:10C1B000F7B507460D461646022100221320FFF769
:10C1C0009EF80446B0B101F01BF92023024600930B
:10C1D00020460023FAF79FFD0A2300933A460023E6
:10C1E0002046FAF798FD2DB126B132462946204661
:10C1F000FAF78CFD204603B0F0BD00221146104630
:10C20000FFF7D6BF07B5FAF719FA03228DF8070032
:10C210000DF107010120FFF7CBFF03B000BD0022A5
:10C2200011460220FFF7C4BF07B5FAF711FF01223C
:10C230008DF807000DF107010320FFF7B9FF03B0E8
:10C2400000BD37B50C460546FAF750FD0D34A04247
:10C2500002D2002003B030BD01A92846FFF78AF8BA
:10C260000028F6D19DF8040000F07F00A0F12F0314
:10C2700058425841EEE7F7B505460522072113203D
:10C28000FFF73DF8044668B302230093022200231F
:10C29000FAF741FD042300930022002308272046DB
:10C2A000FAF739FD00972A7800232046FAF733FD84
:10C2B000032300936A78002320262046FAF72BFDFB
:10C2C00000966A6800232046FAF725FD00972A7A2F
:10C2D00000232046FAF71FFD0096EA680023204657
:10C2E000FAF719FD204603B0F0BDF7B50546052263
:10C2F00007211320FFF703F80446002846D0022345
:10C30000009302220023FAF706FD0423032600937C
:10C31000012200232046FAF7FEFC00962A7C002327
:10C320002046FAF7F8FC092300932A6800232046E8
:10C33000FAF7F1FC009610276A7C00232046FAF7F2
:10C34000EAFC00976A6800232046FAF7E4FC0096AE
:10C35000AA7C00232046FAF7DEFC0097AA68002397
:10C360002046FAF7D8FC0096EA7C00232046FAF72C
:10C37000D2FC0097EA6800232046FAF7CCFC202381
:10C3800000936A6900232046FAF7C5FC204603B0F3
:10C39000F0BD70B50E460546B0B1A9B10021FFF75A
:10C3A00050FF98B10024072134802846FAF7D2FCC8
:10C3B000022231462846FAF7D9FC0422711C28468D
:10C3C000FAF7D4FC204670BD0120FCE70920FAE70B
:10C3D00073B50D460446002846D0002944D05321A9
:10C3E000FFF72FFF18B90926304602B070BD1022A2
:10C3F000002128460BF01AFB07212046FAF7AAFC79
:10C40000002302220DF1060120468DF806308DF83A
:10C410000730FAF7ABFC04220DF107012046FAF7CA
:10C42000A5FC9DF80630012BDDD19DF80760002E9C
:10C43000D9D1294608222046FAF798FC691C032224
:10C440002046FAF793FC291D20222046FAF78EFC9D
:10C450000822A9182046FAF789FC202205F10C01D0
:10C460002046FAF783FCBFE70126BDE72DE9F3413B
:10C47000884617461E460546E0B3D9B3D2B3CBB3C0
:10C480002B21FFF7DEFE18B9092002B0BDE8F081CC
:10C4900007212846FAF75EFC002402220DF106016E
:10C4A00028468DF806408DF80740FAF75FFC042215
:10C4B0000DF107012846FAF759FC9DF80630012BCB
:10C4C000E2D19DF80730022BDED1C8F800402022CF
:10C4D0003C70414634702846FAF748FC032239463E
:10C4E0002846FAF743FC082231462846FAF73EFC74
:10C4F0002046CAE70120C8E70628F7B507460E46DA
:10C50000154603D90024204603B0F0BDF1B1002A3E
:10C51000F8D0002203211320FEF7F1FE0446002884
:10C52000F0D0082300933A460023FAF7F4FB002EDC
:10C53000E9D0002DE7D02A4631462046FAF7E6FB3F
:10C540000028E0D02046FEF709FFDBE7002AE0D014
:10C55000D8E7000010B5204B88B00020D3F8804504
:10C56000FEF7A2FE40F20123ADF80C301B4B8DF814
:10C5700018401A68120C8DF80F201A681B688DF885
:10C5800011300223ADF8123001238DF81430230E40
:10C590008DF81530230C0021120A8DF81630230A6D
:10C5A0008DF80E108DF810208DF81730CDF8191079
:10C5B00010B10368CDF81930882203A90020FFF7D5
:10C5C0009BFF044628B10123009300220023FAF7C1
:10C5D000A2FB204608B010BD0070FF1FF8430020EA
:10C5E000FFF78ABFF7B5044638B100221146042090
:10C5F000FFF782FF054618B92C46204603B0F0BD70
:10C600000423009300220023214EFAF784FB2268C2
:10C610001327B24228BF3246009700232846FAF774
:10C620007AFB62680097B24228BF32460023284650
:10C63000FAF771FBA2680097B24228BF3246002386
:10C640002846FAF768FBE2680097B24228BF3246F4
:10C6500000232846FAF75FFB22690097B24228BF01
:10C66000324600232846FAF756FB62690097B24229
:10C6700028BF324600232846FAF74DFBA2690097EF
:10C68000B24228BF324600232846FAF744FBB3E7FC
:10C69000FFFF07002DE9F043002285B0114604207A
:10C6A000FFF72AFF0446002848D04FF00409012272
:10C6B0000023CDF80090FAF72EFB02A80AF030FE16
:10C6C0002023029A009320460023FAF724FB04F06B
:10C6D0004DFB054604F056FB06467DB370B36B6810
:10C6E0004FF6FF77BB4228BF3B464FF010081A4673
:10C6F000CDF8008000232046FAF70DFB2A7BCDF809
:10C7000000900F2A28BF0F2200232046FAF703FBD0
:10C710002B69CDF80080BB4228BF3B461A46204615
:10C720000023FAF7F8FA3369CDF80080BB4228BF3E
:10C730003B461A4620460023FAF7EDFA204605B09C
:10C74000BDE8F08337B5002211460520FFF7D4FE7F
:10C75000044600284AD0F9F771FF032302460093EC
:10C7600020460023FAF7D7FAFAF72AFA0125431BE5
:10C770005A425A41009500232046FAF7CCFAFBF7BB
:10C780000BF9021E18BF0122002300952046FAF77C
:10C79000C2FAFBF7D3F9027A0095003A18BF0122DA
:10C7A00000232046FAF7B7FAFBF7C6FB837A027834
:10C7B0001A43037D00951A43003A18BF0122002353
:10C7C0002046FAF7A8FAFAF743FC00230246009540
:10C7D0002046FAF7A0FAFBF7E3FC02880095003A3E
:10C7E00018BF012200232046FAF795FA204603B02D
:10C7F00030BD73B5044618B90025284602B070BD97
:10C800000378022BF8D8014603220120FFF774FEBB
:10C8100005460028F0D02378012B09D0022B0CD03C
:10C82000002BEAD1032200926278FAF774FAE4E767
:10C830000323009362780023F7E7082600966278C6
:10C840000023FAF768FA0096A27800232846ECE75E
:10C85000F7B5044618B90025284603B0F0BD0378A3
:10C86000012BF8D8014603220620FFF745FE0546B6
:10C870000028F0D0267826B1012E14D0FEF76EFDE8
:10C88000E9E7012704EBD60328461A79009706F05A
:10C8900007031A4102F0010200230136FAF73BFABE
:10C8A000202EEFD1D8E70826009622790023FAF748
:10C8B00032FA0096627900232846FAF72CFA102300
:10C8C0000093E28800232846FAF725FA0096227A98
:10C8D00000232846FAF71FFA0096627A00232846BA
:10C8E000FAF719FA0096A27A00232846FAF713FA03
:10C8F0000096E27A202700232846FAF70CFA0097E0
:10C90000E26800232846FAF706FA009762690023D6
:10C910002846FAF700FA0096227F00232846FAF705
:10C92000FAF999E707222DE9F3410446114613204D
:10C93000FEF7E5FC054698B304F11E070B264FF001
:10C9400008080096002362882846FAF7E4F90346AF
:10C9500018BB0096A2882846FAF7DDF90346E0B92D
:10C96000CDF80080A2792846FAF7D5F90346A0B998
:10C97000009622892846FAF7CEF9034668B90122C3
:10C98000009222782846FAF7C6F930B90A34BC4238
:10C99000D7D1284602B0BDE8F0812846FEF7DEFC7C
:10C9A0000025F6E7F7B504460E4600293ED0FAF713
:10C9B0009DF9842803D80425284603B0F0BD01A9B9
:10C9C0002046FEF7D7FC05460028F5D19DF8043037
:10C9D00003F07F033F2B01D01C25EDE70721204604
:10C9E000FAF7B8F930461E2229460BF01FF8B71C9B
:10C9F000203639460B222046FAF7B8F9B91C0B222B
:10CA00002046FAF7B3F9391D08222046FAF7AEF9A5
:10CA1000B91D0B222046FAF7A9F9B91E01222046BA
:10CA20000A37FAF7A3F9B742E3D1C5E70125C3E70F
:10CA3000F7B5144605460E46FAF758F90734A042F2
:10CA40001ED301A92846FEF795FC0446C8B99DF8F7
:10CA5000047007F00707042F12D1052E11D005230B
:10CA6000032128468DF80330FAF774F93A460DF1A0
:10CA700003012846FAF77AF99DF80330B34200D053
:10CA80000924204603B0F0BD37B5044638B1002272
:10CA900004211320FEF733FC054618B92C46204626
:10CAA00003B030BD0423009300220023FAF733F9CA
:10CAB000214618222846FAF729F9211D182228466E
:10CAC000FAF724F904F1080118222846FAF71EF9AA
:10CAD000202204F10C012846FAF718F9DEE737B5F1
:10CAE000044638B1002204211320FEF708FC054655
:10CAF00018B92C46204603B030BD0423009302220F
:10CB00000023FAF708F9214620222846FAF7FEF812
:10CB10002022211D2846FAF7F9F8EAE7F7B506467C
:10CB20000D46002204211320FEF7E9FB044690B1D4
:10CB30000427042200230097FAF7EDF83246002379
:10CB400000972046FAF7E7F8082300932A460023C7
:10CB50002046FAF7E0F8204603B0F0BD73B50E4664
:10CB60000546E8B1E1B100220521FFF761FF044667
:10CB700018B10924204602B070BD052303212846C0
:10CB80008DF80730FAF7E6F804220DF10701284680
:10CB9000FAF7ECF89DF80730042BEAD83370E9E790
:10CBA0000124E7E770B50E46054638B331B3682275
:10CBB0000121FFF73DFF044610BB1022014630461D
:10CBC0000AF034FF07212846FAF7C4F81822314644
:10CBD0002846FAF7CBF81822311D2846FAF7C6F88E
:10CBE000182206F108012846FAF7C0F8202206F1BB
:10CBF0000C012846FAF7BAF8204670BD0124FBE77D
:10CC00000924F9E72DE9F3478846064600283AD07B
:10CC1000C9B311220321FFF70BFF044620B10924F9
:10CC2000204602B0BDE8F087019007213046FAF7B0
:10CC300091F8112201A93046FAF798F8019B304685
:10CC40001B010193FAF752F8A0F11807072FE6D954
:10CC50004FEAD70909F1080A50460AF0D9F8054603
:10CC600098B1524621460AF0E1FE019B2B60C5F8BF
:10CC7000049027F0070205F108013046FAF776F82C
:10CC8000C8F80050CCE70124CAE70224C8E770B511
:10CC90000E46054688B181B120220221FFF7C8FE69
:10CCA000044660B907212846FAF754F82022314695
:10CCB0002846FAF75BF8204670BD0124FBE70924FB
:10CCC000F9E7000008B5002007F038FF034B1860B3
:10CCD000034B1860034B186008BD00BF6C080020B0
:10CCE0005C0800204C0800207FB50E46054608B3BE
:10CCF00001B30023CDE9023301A9C3688068019321
:10CD000004F0E4FBB0B9A86804F040FD60B9A8687D
:10CD1000642104F07DFB044648B9A86804F0D2FB06
:10CD20003080204604B070BD6FF00100FAE76FF06C
:10CD30000200F7E74FF0FF30F4E7F3F7A1BB80689C
:10CD400004F086BD4FF0B04382B0DA6C0243DA647F
:10CD5000DB6C03400193019B02B0704708B50120D2
:10CD6000FFF7F0FF0220FFF7EDFF0420FFF7EAFFD7
:10CD7000BDE808408020FFF7E5BF08B5818800685E
:10CD800005F0D8FA431E5842584108BD4B1E5A427E
:10CD9000818800685A4105F0D3BA30B5054687B09E
:10CDA0000C461022002102A80AF040FEAB88019335
:10CDB00063781BB1012B14BF022301230393237853
:10CDC000DBB9E378032B09D8DFE803F0020E111476
:10CDD000A378022B14BF002303230293286801A920
:10CDE00005F088F907B030BD4FF48813F5E74FF42C
:10CDF0000413F2E74FF44413EFE7A378012B14BFB9
:10CE000001231123E9E7000038B5F3F751FEF3F7EA
:10CE100023FE002007F092FE074D084C28600020FA
:10CE200007F08CFE2060A86805F067FCA068BDE8EC
:10CE3000384005F062BC00BF900800208408002044
:10CE40002DE9FF470C9FBDF834800C4615469946E6
:10CE50000646002855D00AB9002F52D059EA0803D7
:10CE60004FD0B06890F8413003F0FF0A4BB905F09D
:10CE7000EFFB5146B06805F07FFEB068514605F003
:10CE8000A1FEB06803689A69120407D51A6822F0F7
:10CE900001021A601A6842F001021A60610089B248
:10CEA0008DB9B8F1000F0ED04FF47A7300933A4663
:10CEB000434605F0EBFC002814BF6FF00100002092
:10CEC00004B0BDE8F08757B9B9F1000F0AD04FF4AC
:10CED0007A7300932A464B4605F028FCEBE7B9F13C
:10CEE000010F09D82A7801234FF47A74CDE901841F
:10CEF000009705F063FDDEE72C8864BAA2B2022336
:10CF0000F2E74FF0FF30DBE72DE9F3410F4605462E
:10CF100000286BD08368002B6BD01B68364A934285
:10CF200003D002F58062934263D128684FF0FF314D
:10CF300007F03BFE6E6807B3EEB9A86805F088FB02
:10CF400031460446A86805F017FE31460443A86838
:10CF500005F038FEE4B20443E4B26B6801336B6061
:10CF6000286807F047FE002C14BF6FF00200002075
:10CF700002B0BDE8F0810024EFE70EB90024EFE72E
:10CF8000013E6E60002EF9D1A86805F0B6FBAB68D3
:10CF90001A68194B9A420446E2D1184B1868184B8C
:10CFA0000190D3F8008001A94046FFF7F6FE154B2B
:10CFB0001E6801A93046FFF7F0FE39464046FFF7EC
:10CFC000E5FE39463046FFF7E1FE0A20F4F732F974
:10CFD000022301A940468DF804708DF80630FFF752
:10CFE000DCFE01A93046FFF7D8FEB9E74FF0FF306D
:10CFF000BEE76FF00100BBE70054004016B6020820
:10D00000B8BD0208B4BD0208002310B501460124D2
:10D01000184621FA03F2D20742BFC3F1070204FA0D
:10D0200002F2024303F1010348BFD0B2082BF0D152
:10D0300010BD2DE9F84305460C209DF82490884644
:10D0400017461E460AF002FC044698B19DF82030AF
:10D05000057180F80580C77106728371B9F1000F00
:10D060001DD04FF480700AF0F1FB206030B92046EB
:10D070000AF0F4FB00242046BDE8F8830022D3B276
:10D0800008215EB25B00002EDBB2B8BF6B400139F5
:10D09000F7D183540132B2F5807FF0D1EBE7C0F8CD
:10D0A0000090E8E72DE9F84305460C209DF8249010
:10D0B000884617461E460AF0C9FB044698B1BDF8DB
:10D0C00020308580A0F806808772C6720381B9F18E
:10D0D000000F1FD04FF400700AF0B8FB206030B989
:10D0E00020460AF0BBFB00242046BDE8F88300225E
:10D0F00013029BB208211EB25B00002E9BB2B8BF88
:10D100006B400139F7D120F812300132B2F5807F3F
:10D11000EED1E9E7C0F80090E6E72DE9F041D0F85C
:10D120000080447906460D468F18B8F1000F2CD0C8
:10D13000AF420BD1337A1BB12046FFF765FF04469F
:10D14000B37984EA0300C0B2BDE8F081F37915F841
:10D15000010B0BB1FFF758FF6040C0B218F8004058
:10D16000E6E7F37915F8010B0BB1FFF74DFF6040CF
:10D17000C4B2082362B2002AB8BF32794FEA44042D
:10D18000E4B2B8BF5440013BF4D1BD42E9D1D1E78C
:10D190002DE9F041D0F80080C48806460D468F186E
:10D1A000B8F1000F40D0AF421AD1F37A002B3ED035
:10D1B00000231A46012024FA02F1C90742BFC2F136
:10D1C0000F0100FA01F10B4302F1010248BF9BB2CB
:10D1D000102AF0D1328983EA020080B2BDE8F081E2
:10D1E000B37A15F8010B0BB1FFF70EFF80EA14209C
:10D1F000C0B2240238F81030A4B25C40D3E7B37A4E
:10D2000015F8010B0BB1FFF7FFFE84EA002084B292
:10D21000082322B2002AB8BFB2884FEA4404A4B25D
:10D22000B8BF5440013BF4D1AF42E8D1BDE723463B
:10D23000D0E70023C0E900128360704783684BB1D8
:10D2400043688B4201DD002383608068B0FA80F080
:10D250004009704703688B42F7DA0123F4E730B5E1
:10D260000346D0E901041A68DD68A04216BF013008
:10D2700055F82200586045F8221002F10102B2FB75
:10D28000F4F104FB112218BF00201A6030BD42687F
:10D2900010B58AB1816803680B44013B013A4260D2
:10D2A000B3FBF1F4C26801FB14330021036052F8B0
:10D2B000230042F8231010BD1046FCE74068B0FA86
:10D2C00080F040097047F8B50E46054620B1046865
:10D2D0001CB9C5E90044AC60F8BD27680EB16068B0
:10D2E000B04720460AF0BAFA3C46F1E700B10068C0
:10D2F000704700B10068704738B5034688B181B106
:10D30000826872B10068002558B1884202D0054693
:10D310000068F9E7013A9A602AB9C3E900220AF0E5
:10D320009DFA002405E004682CB95D602C600AF0C9
:10D3300095FA204638BD002DF8D11C60F7E70C2186
:10D3400001200AF067BA10B5044638B10021FFF792
:10D35000BAFF2046BDE810400AF080BA10BD38B5CB
:10D360000D46044608B9002038BD082101200AF006
:10D3700051FA0028F7D0002303606368456003B1C9
:10D3800018602368606003B92060A3680133A3605C
:10D39000EAE700B18068704770B50E46154610B9CF
:10D3A0000024204670BD002AFAD00468002CF7D073
:10D3B00060683146A8470028F3D02468F6E770B5C6
:10D3C0000E46B8B1B1B18368012B01DC002070BDFD
:10D3D00005682C68002CF9D061686868B04700289F
:10D3E000C1BF62686B686A6063602468002CF3D117
:10D3F0002D68EEE74FF0FF30E9E700B14068704775
:10D4000073B5EFF3108672B6684609F063FF009CAF
:10D41000074A944205D8074C0094DDE9000109F061
:10D4200033FF86F310880448204402B070BD00BF6B
:10D43000917B8056927B80566E847FA907B56846A3
:10D4400009F06EFF009803B000BD0000104B428849
:10D450001B68D98803888B423BBF0E4B1B68002397
:10D4600003F001038A423BBF0A4A12780022C2F34A
:10D470004002134382888A4203D2064A1268520746
:10D4800004D4002B14BF14200020704714207047D0
:10D49000544300205C4300202B4BF7B50646186828
:10D4A0002A4D2B4FFFF74BFCFAF7F2FC02212860C4
:10D4B0000120FBF777F803210120FBF773F8254BD8
:10D4C000254800241C60254B1C60254B1C60254B07
:10D4D0001C70254B1E702B681A88998832403A6060
:10D4E0004FF4003201925A88FFF7A3FE2B681F48C1
:10D4F0005A889988FFF79DFE2B681D485A8899889D
:10D50000FFF797FE2146032000F0ACFF21460220E2
:10D5100000F0A8FF3B68DA070CD50121032000F0DA
:10D52000A1FF0121022000F09DFF4FF44073ADF8F0
:10D53000063002E013F0060FF3D10E4B01A9186874
:10D54000FFF72BFC03B0F0BD480800205443002037
:10D550005C4300206C4300204843002068430020C7
:10D560006443002070430020584300203C430020C7
:10D5700030430020CCBD020873B52A4C2A4E054624
:10D580002068FFF7DAFB3368D90703D520682946FE
:10D59000FFF7AAFB33689A0704D5244BA91C186827
:10D5A000FFF7A2FB33685B0704D5214B291D1868E0
:10D5B000FFF79AFB2068FFF7C2FB1E4B1B685B89D5
:10D5C00073B31D4E07F0DAF83368C01A1B4B98424C
:10D5D00026D30020FEF7D8FD0446F0B1FFF710FF78
:10D5E0002022019001A92046FEF7E0FD0C222946E9
:10D5F0002046FEF7DBFD0C22A91C2046FEF7D6FDD7
:10D60000291D0C222046FEF7D1FD0021204603F003
:10D6100033FC10B12046FDF7A1FE07F0AFF83060F3
:10D6200002B070BD480800205C4300204408002080
:10D6300040080020544300202C43002080EE360098
:10D640002DE9F347A24EA34DDFF88C824FF0FF3354
:10D650003360326800211F2007F06BF9041E09DADD
:10D66000023440F09A8100242B689BB94FF0FF33BD
:10D670003360EEE7610702D50320FFF70DFF2207B5
:10D6800002D50720FFF708FFE306EDD50020FFF7DE
:10D6900003FFE9E7A70703D5904B1878FFF7FCFED7
:10D6A000E00701D56423E3E78D4FD8F80000FFF7CA
:10D6B00064FB97F80090B9F1040F00F26C81DFE889
:10D6C00019F005002F007C007C002E0128B30023F8
:10D6D00068460093ADF80430FFF74EFF6846FFF749
:10D6E000B5FE804A136868B1022B09D80133032BB9
:10D6F000136005D14FF4917202210120FAF74EFF19
:10D700004C46BCE0002BFBD0013B1360002BF7D153
:10D7100002210120FAF746FFF2E74FF00109EFE797
:10D72000012847D0002368460093ADF80430FFF786
:10D7300023FF6D4BBDF802001B682A681989BDF8EC
:10D7400004306A4C884294BF002001208B4294BF71
:10D75000002301239B0043EA4003BDF800008842F8
:10D7600088BF43F0010332EA030306D15D4A136820
:10D77000092B09D900232360C2E72368092B0ED99E
:10D78000584B00221A60BBE701330A2B1360F1D11A
:10D790004FF4A87203210120FAF700FFEAE70133F2
:10D7A0000A2B2360ECD103210120FAF7FBFE4FF096
:10D7B0000209A5E74FF00409A2E7012800F0AD80B7
:10D7C000002368460093ADF80430FFF7D5FE2868C3
:10D7D00010F0010405D0BDF800104548FFF72EFDFC
:10D7E0000446286810F0020004D0BDF80210414839
:10D7F000FFF724FD44EA400044B2286810F004001A
:10D8000004D0BDF804103C48FFF718FD3B4B44EA38
:10D8100080001A6844B2C0B290424BD01860002811
:10D8200048D0E10703D501210020F9F793F9A207B9
:10D8300036D4630739D403242B4BBDF804E01B68AE
:10D84000BDF80220B3F808C029682648E64594BF11
:10D850004FF0000E4FF0010E624594BF00220122EE
:10D86000520042EA8E02BDF800E00368E64588BF38
:10D8700042F0010231EA02021ED1092B42D9204BAB
:10D8800053F8243033603B78A3423FF4E2AE174AAA
:10D890003C7000231360134A1360184A1360D8E6E3
:10D8A00001210846F9F756F9C3E701210220F9F7EB
:10D8B00051F9C0E70224BFE7002BE0D0013B036031
:10D8C000002BDCD103210120FAF76CFED7E700BF63
:10D8D000604300205C430020CCBD02085843002078
:10D8E0007043002068430020544300206C43002014
:10D8F000484300203C430020304300206443002084
:10D900002CBE020801330A2B0360B8D140F29912F1
:10D9100003210120FAF742FEB1E70424AFE7C0B3C8
:10D92000002368460093ADF80430FFF725FE6846F3
:10D93000FFF78CFDDFF868A0044688B1194A136828
:10D94000022B09D80133032B136005D14FF4E37286
:10D9500002210120FAF722FE0023CAF80030CFE6A8
:10D96000DAF80030092B3FF60BAF01330A2BCAF867
:10D9700000307FF405AF01460120F9F7EBF82146AE
:10D980002046F9F7E7F821460220F9F7E3F80221EB
:10D9900099E7012473E7002471E702B0BDE8F0873E
:10D9A0006C4300206843002008B5044A0448002165
:10D9B00006F0F3FE034B186008BD00BF08BE020866
:10D9C00041D60108744300200346064A032B106821
:10D9D00002D1042106F04FBF072B0CBF08211021F4
:10D9E000F8E700BF74430020034B186810B1012111
:10D9F00006F041BF704700BF74430020134B2DE970
:10DA0000F0411B68124F804607EBC32710257C1995
:10DA100010490422204609F0F9FF064690B96389AF
:10DA200010351D44B5F5006F0AD804224146A018F0
:10DA300009F0ECFF38B105F11003B3F5006FE6D93A
:10DA4000344600E000242046BDE8F0819C08002018
:10DA500000E8030840BE0208F8B51C4607464368C4
:10DA60000D46164621460268012004F0AFFA40B97F
:10DA7000BA68FB6804F10801012004F0A7FA074620
:10DA800010B10B273846F8BD26F0070610342E4497
:10DA9000B542F7D02A686B682146012004F096FA57
:10DAA0000028EED108340835F2E700001FB5002247
:10DAB0000223CDE90023084B03EBC023DB0A0293CA
:10DAC0006946012301A8039304F0C6FA002818BF91
:10DAD0000B2005B000BD00BF00E803002DE9F74FA3
:10DAE0000023CDE900331A46194641F23420FFF7EE
:10DAF000D9FA4B4E3060002800F08E80494BC3F3BA
:10DB00000A05002D40F08A804FEAD329C3F3CF23C2
:10DB1000012B40F28380444CDFF810B12F46AA4617
:10DB20001FFA89F847453ED3404F3C68631C36D105
:10DB300004F000FA00286DD13D4B4FF400421A6109
:10DB40003C60A8455ED83B4D3B4B30681B6845F8B0
:10DB5000043C2C1F0022022321462A606A60AB701D
:10DB6000AA60EA70FFF714FB0E2228812146306874
:10DB7000FFF70EFB55F8042C688163682A490120E1
:10DB800004F024FA002843D16A68AB682B490120CD
:10DB900004F01CFA00283BD1386004F0DDF90020C5
:10DBA00003B0BDE8F08F26490422204609F02EFF7D
:10DBB00020BBE388022B21D16389B3F5FE6F1DD80A
:10DBC00030680E222146FFF7E3FAE389834215D13C
:10DBD0006289306804F11001FFF7DAFAA389834201
:10DBE0000CD1DBF800302289013304D0A2EB0A0308
:10DBF0001BB2002B02DDCBF800709246013704F512
:10DC000000648DE7A8B2FFF751FF08B9013598E726
:10DC100004F0A2F90B20C3E70220C1E70720BFE709
:10DC2000884300200010000000E803089C08002042
:10DC3000004000587C4300200BB7020808E80308A6
:10DC400044BE020838B50C46154690B189B182B180
:10DC50000C4B1B6801330ED0FFF7D0FE68B1028970
:10DC6000AA420CD100F11001204609F081FF0020EA
:10DC700038BD0120FCE70520FAE70620F8E71C2064
:10DC8000F6E700BF9C0800202DE9F04F89B014464C
:10DC900002910090002800F0D680002900F0D38087
:10DCA000002A00F0D080DFF8B0B1DBF800506B1C28
:10DCB00000F0CB80FFF7A2FEDFF8A08108EBC525BE
:10DCC00058B342896B899B1AE21D22F00702134464
:10DCD000B3F5FE6F00F2BB8004F02CF9002840F091
:10DCE000B8805F4B4FF400421A615E4BDBF8006076
:10DCF000C3F30A0201360AB9C3F3CF2096FBF0F34F
:10DD000000FB1366B0B2FFF7D1FE48B10B2404F05C
:10DD100023F9204609B0BDE8F08F6FF00F02D1E77C
:10DD2000DBF80030504D08EBC32303F1100C2F46F5
:10DD30001A4603CA624528606960134605F1080562
:10DD4000F6D13B8901333B810023BB72FB72F302A6
:10DD50000393464B03EBC62301939A464FF01009F9
:10DD6000DBF80050424908EBC5254D440422284603
:10DD700009F04CFE28BB6F8909F1100907EB090374
:10DD8000B3F5006F1DD804220099A81809F03EFED3
:10DD900088B153463A4605F110012846FFF75CFE6C
:10DDA0000028B3D1304A6F89538910333B440AF1BC
:10DDB000100A5381BA44B94409F11003B3F5006F56
:10DDC000CED92C4B0493A4B2009B274D1B6805931E
:10DDD000E21D22F0070292B20023ADF81840ADF820
:10DDE0001A2007936B890299103313446B8104A89E
:10DDF0005346FFF731FE002888D11F4C6A890199EC
:10DE00002068FFF7C5F90E22A88129462068FFF790
:10DE1000BFF9039BE88198442A686B68414601205A
:10DE200004F0D4F800287FF471AFAA68EB6808F119
:10DE30000801012004F0CAF8044600287FF466AF08
:10DE4000CBF8006063E7012463E7052461E702245F
:10DE50005FE70B245DE700BF9C08002000E8030893
:10DE600000400058001000007843002010E803082C
:10DE700040BE0208544C5631884300202DE9F84337
:10DE8000DFF85090144D80460C46D9F800004FF052
:10DE9000FF311F46164606F088FE2B6843450FD11A
:10DEA00044B93EB137B1EA68BA420FD1A8683146E9
:10DEB00009F05EFE094B6C601868012106F0DBFC7E
:10DEC000D9F80000BDE8F84306F094BE4FF0FF34E7
:10DED000F0E700BFB44300209C430020AC43002087
:10DEE00008B50846FDF73AFA034B02211868BDE869
:10DEF000084006F0C0BC00BFAC43002010B50E487F
:10DF0000FEF7C2FD0446B0B100221146022006F021
:10DF100010FD0A49204602F0AFFF014620B120461D
:10DF2000BDE81040FDF71ABABDE810404FF0FF32CF
:10DF3000022006F0FEBC10BD8C430020E1DE01088B
:10DF400070B5104C23680246D3B10021012006F0C1
:10DF5000F0FC0D4E05464FF0FF31306806F025FE0F
:10DF600000239D42236009DB6368002B14BF0C244F
:10DF70000024306806F03EFE204670BD1924F8E704
:10DF80001824F9E79C430020B443002038B50E4D17
:10DF90000E4C28684FF0FF3106F007FE00221146B4
:10DFA000012006F0C6FC0A4B0A49A3601020E0607D
:10DFB000F8F7BAF82060286806F01CFEBDE8384083
:10DFC00041F28830FFF7BCBFB44300209C430020DF
:10DFD0008C4300207DDE010870B50F4E0F4C0546C6
:10DFE0004FF0FF31306806F0E0FD002211460120BD
:10DFF00006F09FFC00230A4A10212846C4E9023398
:10E00000F8F79CF82060306806F0F4FDBDE8704039
:10E0100041F28830FFF794BFB44300209C430020B6
:10E020007DDE0108F8B50F4F0F4C05460E463868E7
:10E030004FF0FF3106F0B9FD00221146012006F035
:10E0400078FC04230949E3602846A660F8F77EF8C7
:10E050002060386806F0CEFDBDE8F84041F2883017
:10E06000FFF76EBFB44300209C4300207DDE010813
:10E070002DE9F04788B0FFF789FF50B9964C04A905
:10E08000A068FFF7CFFF20B9049BE2689A4218BF4F
:10E09000E360924FDFF8488238684FF0FF33002288
:10E0A00002A906F0FEFE0028F6D1029C002CF3D057
:10E0B0000DF107012046FEF751FD18B10298FDF75A
:10E0C0004DF9E9E79DF80760032E00F2FD80DFE8D7
:10E0D00006F00217D54CFFF759FF0446002858D127
:10E0E0007D4D04A9A868FFF79DFF0446002850D184
:10E0F000049BEA689A4200D0EB60FFF7FFFEDDE781
:10E1000004AE20463146FEF74DFD05460446002884
:10E110003FD1DFF8D091DDF818A0D9F80000724C9B
:10E120004FF0FF3106F041FD2A462946012006F056
:10E1300000FC6E495046C4E90255F8F721F820600A
:10E14000D9F8000006F056FD43F69820FFF7F8FED8
:10E150000446F0B93046FFF73FFF0446C8B996E8D9
:10E160000F005D4C84E80F00C7E70023204603A999
:10E170000393FEF747FD044658B9039E002E9DD039
:10E18000554D3368AA689A421AD0304608F0B8FE56
:10E19000072421469DF80700FEF7C0FC044600282E
:10E1A0008CD000221146022006F0C3FB50492046C5
:10E1B00002F062FE0146002800F0888020467EE0E2
:10E1C000DFF820A1DFF82091DAF800004FF0FF31EE
:10E1D00006F0EBFC22462146012006F0AAFB7168FE
:10E1E000424A08313046C9E90244F7F7B9FFC9F895
:10E1F0000000DAF8000006F0FDFC41F28830FFF77D
:10E200009FFEDDF80CC0044618B1604608F078FEA9
:10E21000BFE795E80F0004AE86E80F00DCF80420A5
:10E22000069B13440693DCF80030BBB1079BDB432D
:10E2300062440CF107010732914212D1DB43604680
:10E24000079308F05DFE3046FFF7C6FE044600283F
:10E250009FD196E80F0085E80F004EE74FF0FF339F
:10E26000E6E711F8010F4340082013F0010418BF3E
:10E270004446013884EA5303F7D1DDE7204603A979
:10E28000FEF705FD0446002883D10398049005A9F4
:10E29000FFF7C8FE044600287FF47BAF04A8FEF712
:10E2A0001EFC054670B122462146022006F041FBC5
:10E2B0000F49284602F0E0FD014638B12846FDF737
:10E2C0004DF8FBE6344664E7012462E74FF0FF3285
:10E2D000022006F02EFBF1E68C430020B043002024
:10E2E0002083B8EDB44300209C4300207DDE01086C
:10E2F000E1DE010800B500208BB006F01FFC0F4BDB
:10E300000022186004210A2006F054FD0C4B202244
:10E310001860002102A809F089FB0A4B01934FF411
:10E3200020621823CDE90623002101AA064806F041
:10E3300034FA064B18600BB000BD00BFB443002098
:10E34000B043002010B7020871E00108AC43002080
:10E3500007B501900648002300681A4601A906F097
:10E3600068FD10B10198FCF7F9FF03B000BD00BFD4
:10E37000B043002073B5144D0C46064690B10C23F3
:10E3800003FB00538DF80410620000218DF8051086
:10E3900082F002028DF8071058688DF8062001A956
:10E3A000FEF7FBFC0C2303FB065521466868FEF7CD
:10E3B000EDFC012C05D1A86802B0BDE8704006F064
:10E3C00009BB02B070BD00BFB84300201F4B2DE950
:10E3D000F3411F681E4B1F4C1B6823611E4B676077
:10E3E0001B68E3611D4B1B68A3624FF4003301936C
:10E3F000042526464FF000086068C4F8008001A993
:10E40000FEF7CBFC60680021FEF7C0FC013D04F183
:10E410000C04F1D1012301A938468DF804308DF8A0
:10E420000650FEF7BAFC29463846FEF7AFFC142327
:10E43000B3607361284602233362F36206F07EFB09
:10E44000074B186002B0BDE8F08100BFC0BD0208F4
:10E45000BCBD0208B8430020C8BD0208C4BD020804
:10E46000E84300200328F8B504460D4626D80129C4
:10E4700024D8134E134F30684FF0FF3106F095FB50
:10E480000C226243012DB9580ED119B929462046F4
:10E49000FFF770FF0C235C433B5901333B5130685D
:10E4A000BDE8F84006F0A6BB0029F8D00139B95004
:10E4B0000029F4D12046FFF75DFFF0E7F8BD00BF6B
:10E4C000E8430020B8430020032838B5044611D89B
:10E4D000094D4FF0FF31286806F067FB0C235C43C1
:10E4E000064B28681C59003C18BF012406F082FB2B
:10E4F000204638BD0024FBE7E8430020B843002055
:10E50000024B0221186806F0B6B900BF184400207B
:10E510000B4861B9032B01700A480FD15378117869
:10E5200092781B0243EA01431343036001E00C238A
:10E530000370054B0421186806F09DB90160F8E7E7
:10E54000F6430020F843002018440020034B1870C5
:10E55000034B0421186806F08EB900BFF643002073
:10E5600018440020024B0121186806F084B900BF4E
:10E5700018440020024B8021186806F07CB900BFC7
:10E580001844002008B5054B4FF48071186806F058
:10E5900072F9BDE808400320FCF752BD1844002082
:10E5A00037B504460846FCF7D9FE0F4B18680090B3
:10E5B0001B798DF804306846F7F7ECFD6D460122B3
:10E5C00074B9032328468DF802208DF804308DF8A5
:10E5D0000340F7F7DFFD054B00221A7003B030BD92
:10E5E00007231446EEE700BF1AB60208EC430020EA
:10E5F00010B5044C19B923780BB903F091FA022332
:10E60000237010BDA008002010B5FEF7F2F80446F4
:10E6100040B1002102F030FC20B12046BDE810409E
:10E62000FCF79CBE10BD000070B5B94E90B004461A
:10E630000D4630684FF0FF3106F0B7FAB54B306841
:10E640001B7823B910B0BDE8704006F0D3BA06F0CD
:10E65000D1FA29462046FCF779FE054600285CD011
:10E6600001A9FCF787FE18B12846FCF777FE54E0B5
:10E670009DF8043003F00702042A4BD0072A4ED03D
:10E68000012A0AD106A92846FDF782FA014620B9D7
:10E690009DF818301BB1012B17D000240AE0F9F7C0
:10E6A0007FFB0446F9F778FB224641780220FDF70C
:10E6B00009FA04462846FCF751FE74B300212046AF
:10E6C00002F0DAFB48B32046CFE70E20F8F742FA13
:10E6D0000DF11A00F9F768FB8F4B00280CBF0122DF
:10E6E00000221A7010D0002302930B238DF80C30F7
:10E6F0009DF81A30049304238DF8143002AA0223E3
:10E7000001210E20F8F708FA1021844B186806F052
:10E71000B2F8C2E72846FFF71BFE10B070BDC3F386
:10E72000C303072BB9D801A252F823F04DE7010823
:10E730006FE7010891E701081DEA010851EA0108A5
:10E7400075EA01089BE6010821EB010806A92846A5
:10E75000FDF7D4FB48B906A8F9F744FD014620B9F6
:10E760000F20F8F7F7F92021CFE70121F8E706A9F4
:10E770002846FDF7B2FA18B10020FFF725F98CE71B
:10E7800006A8F9F789FB0028F6D1F9F75FFB84E7C3
:10E790000DF102012846FCF76DFF00287FF47DAFE4
:10E7A0009DF802300B2B3FF678AF01A252F823F010
:10E7B000CBE90108E1E70108EBE70108F5E701080B
:10E7C000A5E80108C7E801089BE6010829E9010856
:10E7D00073E901089DE90108BBE90108C1E90108E5
:10E7E000F9F7FCFCFDF705FB63E7F9F751FBFDF7D3
:10E7F000BDFA5EE707230DF1030128468DF80330CB
:10E80000FDF70FF800287FF448AF9DF80330052B83
:10E810003FF643AFDFE803F00306303A1C43FDF751
:10E8200099FE46E706A92846FDF719F800287FF467
:10E8300034AF9DF81830012B00F09380022B00F0CC
:10E840009480002B7FF429AF3548F7F7ABFC24E721
:10E8500006A92846FDF72AF800287FF41EAF9DF888
:10E8600018302BB1012B7FF418AFFDF713FF20E711
:10E870002C48F7F7DFFC10E7F1F78EFE0D22ADF81C
:10E88000180006A90220FDF7ABFE12E706A902A8B0
:10E8900001F0BEF9069A0299D2000320F3E7FDF7D2
:10E8A00051FF06E7F9F716FD0023044606A928469E
:10E8B0000693FCF784FF00287FF4EFAE069920460C
:10E8C000FDF7B7FBF5E602A92846FCF7F6FE00289F
:10E8D0007FF4E3AE9DF80830003B18BF01238DF8AC
:10E8E00018309DF80B30003B18BF01238DF819300C
:10E8F0009DF809308DF81A309DF80A308DF81B30DC
:10E9000006A89DF80C308DF81C30F7F743FCC4E6E0
:10E910001C440020F4430020ED4300201844002054
:10E920003FF20108D5F1010806A92846FCF701FFCE
:10E9300000287FF4B2AE9DF81830032B3FF6ADAE41
:10E9400001A252F823F000BF49E8010859E9010883
:10E9500063E901086BE901089DF81900F7F739FC34
:10E960009BE67748F7F72AFC97E67648F7F73FFCEF
:10E9700093E6754C28462146FCF706FF00287FF4F5
:10E980008CAE207801283FF688AE7049F7F73BFC43
:10E9900000287FF482AE022323707EE6002306A9BE
:10E9A00028460693FCF724FF00287FF476AEF9F79B
:10E9B00053F80699FCF7C6FF7BE6F7F733FC6CE6E5
:10E9C000F9F7BAFAFDF7AEFF73E602A92846FCF79D
:10E9D00091FF014600287FF460AE9DF8084074B1B5
:10E9E000012C7FF45AAE202206A809F01FF89DF8EA
:10E9F00009008DF8184007A9F9F752FE07E0202218
:10EA0000214606A809F012F807A8F9F717FE002812
:10EA10007FF443AE06A8FDF71BFF4AE602AA06A94B
:10EA20002846FDF747FB00287FF437AE029906A879
:10EA3000F9F754FC00287FF430AEF9F7E7FB02F059
:10EA4000A1FAF9F743FC00680530F7F7FBFB24E671
:10EA500002AA06A92846FCF7C3FF00287FF41DAED2
:10EA6000029906A8F8F7FCFF00287FF416AEF8F725
:10EA7000A5FF12E602A92846FDF78BFC00287FF4CB
:10EA80000CAE9DF80830012B28D19DF809307BB9D8
:10EA900006A92846FDF79CFC00287FF4FEAD06A8D9
:10EAA000F9F750F800287FF4F8ADF8F755FFF4E5D2
:10EAB000022B7FF4F2AD0DF103030DF1020206A962
:10EAC0002846FDF7D3FC00287FF4E7AD9DF803202E
:10EAD0009DF802100698F8F711FFDEE5002B7FF491
:10EAE000DCAD9DF809308BB9F9F728F8FDF7C3FBC9
:10EAF000044600283FF4D1AD002102F0BDF9002802
:10EB00003FF4CBAD2046FCF729FCC6E5012B7FF492
:10EB1000C4AD06A8F8F728FF06A8FDF7E6FBE7E76F
:10EB200006A92846FDF73EFF00287FF4B6AD06A8EB
:10EB3000F9F706FA00287FF4B0ADF8F781FAACE5F2
:10EB40001FF20108FDF10108A0080020F1E501080D
:10EB500070B500220F4D06460C23114604202B7081
:10EB600005F0E7FE0C49304602F086F9044670B91C
:10EB700001464FF0FF32042005F0DBFE2B7833B165
:10EB80004FF47A7005F026FF2B78002BEAD120464F
:10EB900070BD00BFF64300204DE5010838B50446BE
:10EBA000F9F7FEF80546F9F7F7F82A4641782046C6
:10EBB000FCF788FF054638B1FFF7CAFF0446284630
:10EBC000FCF7CCFB204638BD0C24FBE77FB5124B8D
:10EBD00015460C46E9B91970EFF3108672B668460F
:10EBE00008F078FB2B680293ADF80C4004AB13E9F6
:10EBF000030008F049FB86F31088FEF701FC074B81
:10EC00001860074B1868042104B0BDE8704005F097
:10EC100032BE0C221A70F4E7F6430020F0430020C5
:10EC20001844002010B50446032810D8DFE800F08F
:10EC3000021209120020FCF725FB0320FEF7C4FE98
:10EC400005E00020FEF7C0FE0220FCF71BFB044B92
:10EC50001C7010BD0120FCF715FB0720EEE700BF7C
:10EC6000FC43002070B5FCF7FBFA0646F7F744FCBE
:10EC70000546F9F791F8012E044613D10220F7F763
:10EC800039FA0A4B1B78022B08D000242846FFF7DC
:10EC9000C9FF0120FCF7D4F9204670BD648804F454
:10ECA0009364F3E70120F7F725FAEEE7FC43002031
:10ECB0002DE9F04F85B0FCF713FB014620B140F27F
:10ECC000F5720920F9F76AFCAD48AE4CF7F7D4F9B4
:10ECD0000025AD48009504226946FEF7B3FF0028E1
:10ECE0004FD1012323702078A84C40B2F7F7B8FA2F
:10ECF00000F024FE2060002841D0A548A54DFCF777
:10ED000075FAF7F7EFFBF7F7BDFEFCF775F9F9F7C2
:10ED1000E3FBF8F74DFFF9F799F8F9F777FAF8F709
:10ED20004DFEFEF741FE00F0A7FF00220C23114626
:10ED300004202B7005F0FDFD9748F7F7EDF9F0B1D1
:10ED40004FF0FF320021042005F0F3FD2B7853BB78
:10ED500000220C23114604202B7005F0EAFD8F4899
:10ED6000F7F7D2F958B14FF0FF320021042005F037
:10ED7000E0FD2B78FBB9FDF7EDFB054618BB05F070
:10ED80005BFD2846F7F75EFA29464FF0FF32402038
:10ED900005F0CFFD0123042269467B4823700093D0
:10EDA000FEF772FF9FE74FF47A7005F013FE2B78A1
:10EDB000002BC1D1CCE74FF47A7005F00BFE2B7815
:10EDC000002BCCD1D7E7FFF7C3FE06462846FCF759
:10EDD000C5FA002ED3D10320FFF7E0FE0028CED1E4
:10EDE000F9F774FA00686E4DDFF8B881DFF8B8A162
:10EDF0000530F7F727FAF9F795FBF7F785FEFFF7E8
:10EE000079FA6A48F8F7F4F84FF0FF31286805F00E
:10EE1000CCFE0123286888F8003005F0EBFE98F856
:10EE20000060022E00F0C880032E00F08280012EC8
:10EE3000A5D1F7F761FBFFF7F5FE00F027FF0E20E5
:10EE4000F7F7A0FE012822D1206800F09FFE0146BE
:10EE5000002856D10F20F7F77DFE00F031FB544B10
:10EE60001B7813B10120FCF7EBF80021206800F0BB
:10EE7000E7FE0121206800F0E3FE2068FEF789FA32
:10EE800000280CBF0323022388F80030C7E7F8F7F7
:10EE90008FFE2068002100F0C7FEF8F7D9F807467A
:10EEA0000028D1D1206800F03DFE054678B9014622
:10EEB0000E20F7F74FFE3F4B1A78002AC4D00220ED
:10EEC0001D70FFF76BFE0028BED00423DCE7384638
:10EED00000F090FE0746F8F75FFF0B2300978DF8D0
:10EEE00004300378029304238DF80C306A46022321
:10EEF00031460E20F7F710FE022DE6D01B2DA3D1D0
:10EF0000E3E70228E1D0012000F074FE0546F8F79F
:10EF100043FF0B2300958DF80430037802930423FC
:10EF20008DF80C306A46022301210F20F7F7F4FD1B
:10EF300093E70E20F7F726FEF8F78AF84FF0FF3236
:10EF4000002140F2B31005F0F4FC051E02DA023590
:10EF5000BBD1F3E7A80701D5FFF784FE290602D548
:10EF60000220FCF76DF815F0300F01D001238BE77C
:10EF7000EA05E3D50E20F7F705FE0028DED1F5E718
:10EF8000A4080020F543002014B702082044002004
:10EF900001E50108F643002011E50108CDEB010869
:10EFA0001C440020F44300203689410085E5010817
:10EFB000FC430020ED430020574B1B7813B1012088
:10EFC000FCF73EF8FEF71CFA054606462168304677
:10EFD00000F0A8FAB8B100F0C1FB0746F8F7DCFE74
:10EFE0000B2300978DF804300378029304238DF8E7
:10EFF0000C30012102236A460E20F7F78DFD2068B0
:10F00000002100F011FE2068FEF770F94FF0FF3983
:10F01000074617BBD14531D8751B4D4425EAE57528
:10F020004FF47A7705FB07773C48A7F57A7108F02B
:10F03000D5FA3A4808F0DEF93A46002140F2B3101A
:10F0400005F077FC051E1CDA02355DD00423334839
:10F0500088F8003008F044FAE1E63846FEF7CDF9CA
:10F060008368B6FBF3F203FB12629B1A994538469C
:10F0700028BF9946FEF73DF90746CAE74FF0FF372C
:10F08000DAE72B0602D50220FBF7DAFF15F0100BAA
:10F090003AD1E80508D5F7F7DBFF58B300F036FAA8
:10F0A0002068594600F0C0FDA9072FD4AA060DD547
:10F0B00000F0ECFD206800F069FD014618B1012068
:10F0C00000F098FD01210F20F7F744FDEB07B3D5C1
:10F0D000FEF796F9124A134913680546C01A88428A
:10F0E0004E447FF673AF03F516730F481360F7F7BE
:10F0F0000BF86BE70E20F7F745FD0028D4D1206808
:10F1000000F010FD0028CFD00123A0E7FFF7AAFDF3
:10F110000028CBD0F8E700BFFC43002000440020CB
:10F12000F043002080510100CDEB010810B501F043
:10F1300029FE20B103690133036101F0FFFD094C91
:10F14000207840B2F7F78CF82378012B04D0002008
:10F15000BDE81040F7F776B8F9F7B8F80068053061
:10F16000F6E700BFF543002070B5164B1B78012B66
:10F17000044608D0022823D1134BBDE8704018681C
:10F18000402105F078BB114E3078C8B9012C14D15C
:10F19000FDF733F8054698B10D4901F06DFE30B129
:10F1A0002846FCF7DBF8BDE87040F7F71FBD0221E9
:10F1B00008463470F6F792FFF5E7FBF741FFF2E7F8
:10F1C00070BD00BFF543002018440020EC43002030
:10F1D000A1E5010838B510460D4671B91C2B0CD1BC
:10F1E000FDF700FA044640B1294601F045FE20B182
:10F1F0002046BDE83840FCF7B1B838BD07B561B965
:10F20000022B0AD18DF8043013788DF8053001A84F
:10F2100053788DF80630FFF7F7F903B000BD07B556
:10F2200059B9012B09D18DF8043001A813788DF854
:10F2300006108DF80530FFF7E7F903B000BD07B5FC
:10F2400051B9012B08D11378ADF8041001A88DF83D
:10F2500005308170FFF7D8F903B000BD10B5144830
:10F260008CB001F0E9FD00F00DF9002005F066FC1E
:10F27000104B0024186022460F4B00944FF0FF31D2
:10F280000E4808F07DF82146202204A808F0CEFBA5
:10F290000B4B03934FF400621823CDE9082321465A
:10F2A00003AA084805F079FA074B18600CB010BDA6
:10F2B00075E501081C44002065E5010800440020B4
:10F2C00018B70208B1EC010818440020F8B51E4D2B
:10F2D0001E4E4FF0FF3422460021032005F029FB8B
:10F2E000041E02DA02342DD1002428684FF0FF31C9
:10F2F00005F05BFCE30748BF0023154848BF3370A7
:10F30000FDF7DCFF08B937782FB1286805F072FCEB
:10F310004FF0FF34DFE70E48FDF7B9FF0D49044613
:10F3200001F0AAFD50B121460948FDF798FF42F2CD
:10F3300010742868377005F05DFCCCE701274FF0AA
:10F34000FF34F6E705F078FA3C440020344400200E
:10F35000B008002059F3010808B50846FBF7FEFF86
:10F36000034B01211868BDE8084005F084BA00BFCE
:10F37000384400202DE9F74F804610460191914610
:10F38000FDF7B4FF264F002604463E604FF0010B08
:10F3900024B9002E0CBF00200C2010E02046FEF700
:10F3A0002CF80546006848B1AB685BB901F05CF920
:10F3B000012303FA00F03B6803433B60092003B0DC
:10F3C000BDE8F08FB8FBF3FA03FB1A8ABAF1000F1D
:10F3D00003D02046FDF78DFF20E0019901F010F9E0
:10F3E0000028F6D0286801F03FF92B79286843B946
:10F3F00001F03AF93B680BFA00F003433B60012649
:10F40000E7E7514601F0FCF8286801F0F2F82846D9
:10F4100007F076FD21464846FDF76EFF0446B7E744
:10F420002444002038B50446FCF7F5F818B320460C
:10F43000FCF7E5F805462046FCF7E6F801462846C5
:10F44000FBF784FF0446B0B10B4D4FF0FF31286845
:10F4500005F0ABFB09482146FDF701FF08B1FBF7BA
:10F460007DFF074B0221186805F005FA2868BDE802
:10F47000384005F0BFBB38BD3C440020B008002038
:10F480003844002008B5002005F058FB074B1860F1
:10F49000FBF7FEFF064B1860FCF70CF8054A064820
:10F4A000002105F07AF9054B186008BD3C440020A6
:10F4B0004444002048BE0208CDF201083844002030
:10F4C0000E4B10B50E4C1868FBF7F4FF20684FF098
:10F4D000FF3105F06AFB0B48FDF7F0FE38B10A4B2F
:10F4E00020680022BDE810401A7005F083BB054873
:10F4F000FDF7CDFEFBF732FFEDE700BF44440020EF
:10F500003C440020B00800203444002010B5044CD6
:10F510002068FFF787FF2068BDE81040FBF7CABFEF
:10F52000444400202DE9F04FDFF82492DFF82482D4
:10F53000D9F8003089B001330A460F46012106464A
:10F54000C9F80030FFF716FF0546002840F0CD80CF
:10F5500005F014F905903846D9F800A0FDF7C6FE6D
:10F560005FFA8AF30446C8F80050029503934FF0FF
:10F57000010B94B9029B73B93846D9F80090FDF796
:10F58000B5FE5FFA89F304460393002C3CD1029B3D
:10F59000002B00F0AA800C25A7E02046FDF72DFFE8
:10F5A0008168B6FBF1F201FB126282461AB1204675
:10F5B000FDF79FFE26E003990068049201F02AF807
:10F5C0000028F4D09AF80410DAF80000049A59B927
:10F5D00001F04AF8D8F800300BFA00F01843012384
:10F5E000C8F800000293E2E7114601F009F8DAF8E2
:10F5F000000000F0FEFF504607F082FC214638462E
:10F60000FDF77AFE0446B4E72046FDF7F6FE826871
:10F61000B6FBF2F302FB136381461BB12046FDF7F4
:10F6200068FE93E005F0AAF88346D9F8000000F0E0
:10F63000FBFF059B03EB000AD9F8000001F014F86A
:10F64000AAEB0B0A8346D9F8000001F012F8BAF1D0
:10F65000000F049002DD504605F0BCF90399D9F87B
:10F66000000000F0F7FF80B9039AD9F8000007A95D
:10F6700000F0E2FFC0B999F80420079B012A26D1C7
:10F680001946584600F020FBC8E71A280CD1D9F8D3
:10F69000000000F0C9FF05F09DF90399D9F80000BA
:10F6A00000F0D8FF0028DFD099F80430D9F8000026
:10F6B000002B3DD100F0D8FF012303FA00F0D8F869
:10F6C000003018430123C8F800000293A6E7DFF8D2
:10F6D00088A00096049ADAF800005946FBF708FF64
:10F6E00000289BD003280FD005463A46002130461B
:10F6F000D8F80040FFF73EFE002D18BF2846C8F896
:10F70000004009B0BDE8F08FDAF80000FFF78AFE8C
:10F71000DAF80000FBF7CEFE0096079B049ADAF8B1
:10F7200000005946FBF7E4FE00283FF477AFBBE743
:10F73000002100F065FFD9F8000000F05AFF4846AC
:10F7400007F0DEFB21463846FDF7D6FD04461CE7F0
:10F75000404400202444002044440020014B186809
:10F76000704700BF24440020431E10B55C425C413A
:10F7700021460120FEF776FE034B21461868BDE8BE
:10F780001040FDF7C1BB00BF7C080020431E10B530
:10F790005C425C4121460020FEF764FE034B21469B
:10F7A0001868BDE81040FDF7AFBB00BF800800201F
:10F7B00038B500680D4600F057FF0446286800F091
:10F7C00053FF84428CBF0120002060F1000038BD4F
:10F7D00038B50121054600F013FF044650B928460C
:10F7E00000F0FDFE044628B90146284600F008FF57
:10F7F000044630B10021284600F002FF284600F000
:10F80000F8FE204638BD00002DE9F74F80468946B6
:10F810001746002A00F08A80D0F800A01046FDF7B5
:10F8200065FD002604464FF0010B14BBDFF804B160
:10F830002AEA0605012303FA04FA1AEA050F07D09B
:10F84000DBF80000FFF7C4FF002850D046EA0A06A4
:10F8500001340B2C0BF1040BECD1354336493846FF
:10F86000FDF7ADFD002DC8F8005014BF0D2000209D
:10F8700054E02046FDF7C1FD0546002858D0037925
:10F880004B4503D02046FDF734FD15E0006800F03D
:10F89000EBFE01460BFA01F111EA0A0128680DD1CD
:10F8A00000F0AEFE286800F0A4FE284607F028FB12
:10F8B00021463846FDF720FD0446B6E700F0D4FEA9
:10F8C0000BFA00F006432868FFF782FF0028ECD10E
:10F8D000286800F0C9FE0BFA00F02AEA000A28683E
:10F8E00000F0C2FE0BFA00F026EA0006CAE70C2080
:10F8F00007F08EFA014680B1DBF8002002604FF07D
:10F90000FF3380F80490836001903846FDF727FDAF
:10F91000019930B9084607F0F3FA022003B0BDE8B8
:10F92000F08F26EA0A0625EA0A0591E70120F5E7A5
:10F930000920F3E760440020B1F701082DE9F74FF3
:10F94000102200216F4808F071F8FDF7F8FC064618
:10F95000002800F082806C4D6C4B28686C4C0022B3
:10F96000114600F069FF012120600020FEF77AFDBA
:10F9700001212868FDF7C8FA2868FAF72DFF01462B
:10F98000286800296DD1614B012201F03BF8052167
:10F99000606001F06BF85D4B606102220021286815
:10F9A0005C4F00F087FC5C4BA060032238680021AC
:10F9B00000F0E6FA584BE06004223868544F00210A
:10F9C00001F01CF906212061A06800F0B3FC0721BA
:10F9D000A061206901F046F90821E061206800F08B
:10F9E0005FFF09212062A06800F0A4FC0A21606288
:10F9F000E06800F0FBFA4FF0000AA062D0464FF03A
:10FA0000010957F804BBBBF1000F42D13046FDF7A6
:10FA10009AFC5E460120FBF747FC40B10368434572
:10FA200005D040F26D1204210A20F8F7B7FDA06856
:10FA30003A4F00F098FCF7F71BFF00210846FEF74D
:10FA400011FD28682F4D00210024FDF75DFAA8461E
:10FA50003C70D8F80C30A34248D8304603B0BDE81B
:10FA6000F08FFAF7E3FA014648B9284B28680122DB
:10FA700000F068FD0521606000F098FD8BE7012132
:10FA8000002000F081FC05216060012000F07CFC7A
:10FA900081E75FFA8AF001F00BF9D8B957F8040C46
:10FAA00000F09DFDB0B909FA0AF357F8040C0DF106
:10FAB000070148EA030800F0E1FD034650B9114A86
:10FAC0009DF807C0D1681046994209D14B1C00F837
:10FAD00001C0C3600AF1010ABAF10B0F91D199E795
:10FAE00012F801EBE645F5D00133EDE73846EFF7C4
:10FAF00097FA15F8012B0A49384407F065FF0134DD
:10FB0000A7E700BF50440020800800208DF70108BF
:10FB1000604400207C08002069F701081C3C00209C
:10FB200029B70208F7B50446F8F736F922464388A4
:10FB300001930746002101A8FFF766FE124B019AC8
:10FB40001A60064640B10021224601A80191FFF744
:10FB50005BFE304603B0F0BD2046FDF7C7FB044610
:10FB60000028F6D02046FDF748FC0379054633B956
:10FB7000006800F079FD07EB80004368AB60204629
:10FB8000FDF7B7FBEBE700BF4C4400202DE9F04147
:10FB90000646F8F705FB164A038813600746324607
:10FBA00013480121FFF730FE80463046FDF79EFBEB
:10FBB000044610B94046BDE8F0812046FDF71DFC23
:10FBC000054620B921463046FDF796FBF0E703795C
:10FBD000012B08D1006800F047FD01F05CF807EB4D
:10FBE0008000C36CAB602046FDF783FBE0E700BFFD
:10FBF0004844002010B9044B18687047012801D10F
:10FC0000024BF9E7002070474C4400204844002094
:10FC100030B129B1034B0360DB680B6000207047F3
:10FC2000012070475044002007B5024630B1012939
:10FC300004D8002301A80193FFF7E6FD03B000BD3F
:10FC400070B504460E4630B1012913D8FDF74EFBBE
:10FC5000002405460DB9204670BD2846FDF7CDFBB2
:10FC600018B10379B34208BF01342846FDF741FBC0
:10FC70000546EFE70024EEE708B5002004F05EFF3C
:10FC8000014B186008BD00BF8C440020F8B5F8F7A0
:10FC9000EFF9F8F785FA0B4E05460024012729886D
:10FCA00007FA04F39BB2194007D13288E01C22EA1C
:10FCB0000303C0B23380F6F74DFF01340B2CEED1B5
:10FCC000F8BD00BF924400202DE9F04F0A2887B00C
:10FCD00004460D463BD8F8F763FADFF81891DFF8D1
:10FCE00018A1DFF8188106464FF0FF31D9F800005F
:10FCF00004F05BFF3288BAF80070E24012F0010FA6
:10FD000028D127FA04F2D30705D50122A24027EA19
:10FD10000202AAF80020BAF80050D9F80000B8F89A
:10FD2000006004F067FFBD4211D0E540E01C15F013
:10FD30000101C0B259D00323E6408DF814300123ED
:10FD400006F0010604AA19460496F6F7E5FE07B088
:10FD5000BDE8F08F2046F8F727FA43688668D0F8A8
:10FD600000B0019319463046EFF794FE2946029001
:10FD7000F0F736F9031E18BF0123314658460393A6
:10FD8000EFF786FE2946F0F749F920B9029829468F
:10FD9000F0F726F980B10122BAF80010A24092B221
:10FDA0001143AAF80010B8F8001021EA02020399E2
:10FDB000A1400A43A8F8002031465846EFF76AFEF2
:10FDC0002946F0F70DF90028A5D031460198EFF744
:10FDD0005FFE2946F0F722F900289CD0BAF80020EF
:10FDE0000121A14022EA010293E707B0BDE8F04FEC
:10FDF000F6F7B0BE8C4400209244002090440020CE
:10FE000038B14379C16801229A400B7823EA020392
:10FE10000B70704738B50D4604460123F8B1C06831
:10FE2000227990F83C1093400B4005FA02F293427D
:10FE300002D0C36C28469847E268207992F83C309B
:10FE400001218140854023EA01032B4382F83C30A5
:10FE50004FF6FF73A2F84A300020238138BD1846C0
:10FE6000FCE770B50E460546D8B1C468B4F84A3010
:10FE70008B420FD094F83C2012F0040204F10400ED
:10FE800018BF07220721F8F7F7FE84F84800EC684E
:10FE9000A4F84A602E8194F84800002818BF0F206B
:10FEA00070BD0120FCE710B50446A8B1C0686279B6
:10FEB00003781341DB070DD40430F8F735FD68B93A
:10FEC0006179E26801238B4011780B4313704FF680
:10FED000FF732381002010BD0120FCE70D20FAE70D
:10FEE00008B548B1C0680430F8F7F7FE18B1082823
:10FEF00014BF0B201A2008BD0120FCE738B50D46C1
:10FF0000044698B391B30389934231D1C268B2F8E1
:10FF10004A10994211D192F83C3013F0010F02F1CE
:10FF200004001CD013F0040F02F1400114D044323D
:10FF3000F8F720FFE26882F849002379A3B9136C2F
:10FF40002B6092F8490000384FF6FF7318BF01206C
:10FF5000A2F84A30000138BDF8F7EBFEEAE702F1FB
:10FF60004401F8F7F6FEE5E7536CE9E70120F2E714
:10FF70001120F0E718B1C0680430F8F711BF7047DE
:10FF80002DE9F843884617469946064660B1102089
:10FF900007F05CFC044638B1502007F057FC0546DA
:10FFA00030B9204607F05AFC00242046BDE8F8830B
:10FFB000021D56213046F8F7AEFC00232B7085F861
:10FFC0003C3000232B646B64064B84F80480C5E945
:10FFD00012394FF6FF732381034B6771E56023608D
:10FFE000E3E700BF0000FFFFC008002070B50E4629
:10FFF000044648B10379B3FA83F35B0910205D002E
:020000040802F0
:1000000007F024FC10B90446204670BDE368C360C5
:100010004FF6FF7303812368057146710360F2E7B1
:1000200008B1C368586E704700207047024638B563
:1000300008460123B2B1D168157991F85440AB401C
:1000400024EA030300FA05F52B4381F854304FF6F8
:10005000FF73A1F86A301381CB6E0BB9002038BD55
:100060009847FBE71846FAE730B50D4689B00446D5
:10007000002849D0C368B3F86A208A423FD0234A97
:1000800001920822991801A88DF80820F9F774FB4D
:10009000E26818B1022382F8683012E04FF49673D8
:1000A0008DF80C00ADF80E3003A96423083201204E
:1000B000ADF81030F9F7F2FDE16828B1022381F8BC
:1000C00068300F2009B030BD08310120F9F702FB7C
:1000D000E2680028DED1083201A90120F9F7CCFB43
:1000E0009DF80C10BDF81020E3684A434FF47A7174
:1000F00001FB0200A3F86A50B0FBF1F05866002043
:10010000258183F86800DDE70120DBE705050500B0
:1001100010B5044658B1C068037933B90830F9F70F
:100120001AFA30B9E36801221A71002010BD0120CB
:10013000FCE70D20FAE74FF47A73B0FBF3F0F1F728
:1001400079B80000F7B507460E4615461C463BB386
:10015000DB682BB31B681BB318684FF0FF3104F04A
:1001600024FD11482A46314600F8017B07F000FDC6
:100170000022E068CDE900226B1C0B4A00689BB2AC
:100180007621FCF75DFEE3681B680546186804F0FD
:1001900031FD002D14BF6FF00100002003B0F0BD51
:1001A0004FF0FF30FAE700BF944400207FB50E46C1
:1001B00015468DF80F001C4603B3DB68F3B11B68CE
:1001C000E3B118684FF0FF31ADB204F0EEFCE06827
:1001D000CDE9006501230DF10F0276210068FCF7DF
:1001E0002FFEE3681B680546186804F003FD002D28
:1001F00014BF6FF00100002004B070BD4FF0FF305D
:10020000FAE750B149B1C3681A7942B11B7A612B40
:1002100007D10A230B70002070470120704713207C
:1002200070470620704730B50D4689B00446002857
:100230003DD000293BD00189914202D0112009B064
:1002400030BDC368B3F86A208A4213D108330DF178
:10025000070202A90120F9F74FFBE368049A9A65A7
:100260000038069ADA6518BF0120059A1A66400020
:1002700083F869004FF6FF72A3F86A20217993F89A
:10028000542051B9D007D9D59A6D2A6093F86900E6
:10029000003818BF01200001D1E7012903D19107DF
:1002A000CCD5DA6DF1E75207C8D51A6EEDE701201B
:1002B000C5E700002DE9F041884617461C46064672
:1002C00058B1102007F0C2FA054630B1702007F08F
:1002D000BDFA30B9284607F0C1FA00252846BDE826
:1002E000F0810F4B43640F4B83640F4BC36419239E
:1002F00083750023037180F8543000238365C36540
:1003000003660A4BC560C0E91A344FF6FF732B81B0
:10031000074B066085F804806F71E8602B60DDE7AD
:10032000AD01020845010208370102080000FFFF85
:10033000E008002070B50D46044640B1084600F0C4
:10034000AAFC0646102007F081FA10B904462046A0
:1003500070BDE268C2604FF6FF72028122680671CA
:1003600045710260F2E708B1C068083070470D209F
:1003700070470F20704700207047102070470C20F6
:1003800070470C207047000038B5054608200C4621
:1003900007F05CFA18B1024B03600571447138BD77
:1003A00000090020024638B5084601239AB1D168F9
:1003B00015790C7CAB4024EA030300FA05F52B43C6
:1003C0000B744FF6FF73CB8313810B6A0BB90020BC
:1003D00038BD9847FBE71846FAE708B588B1C0680A
:1003E000017C03291EBF01F00101C1F10201C9B264
:1003F0000430F9F7A3FE18B1082814BF0B201A2007
:1004000008BD0120FCE770B50E460546C8B1C468BA
:10041000E38B8B420FD0217C03291CBF01F001012B
:10042000C1F1020304F1040018BFD9B2F9F75FFE6D
:100430002077EC68E6832E81207F002818BF0F20EC
:1004400070BD0120FCE710B5044658B1C0680378C0
:1004500033B90430F9F7FAFD30B9E36801221A70B4
:10046000002010BD0120FCE70D20FAE720B319B3EE
:10047000C3685B8940F2152293420BD8B3F5047F21
:100480000CD3A3F50473052B08D8DFE803F0090D9E
:100490000F07071340F61322934209D00620704736
:1004A00004230B70002070470523FAE70623F8E7C2
:1004B0000723F6E70823F4E70120704738B50D4617
:1004C0000446002836D0002934D00389934201D055
:1004D000112038BDC268D18B99420FD1137C13F023
:1004E000010F02F104001CD013F0020F02F11401FD
:1004F00014D01832F9F7DCFEE26850774FF6FF733C
:10050000D3832179137C89B9D907E1D553692B604D
:10051000507F003818BF01200001DAE7F9F740FEEC
:10052000EAE702F11801F9F787FEE5E79B07CFD567
:100530009369ECE70120CCE718B1C0680430F9F703
:100540001BBF70472DE9F843884617469946064673
:1005500060B1102007F07AF9044638B1242007F082
:1005600075F9054630B9204607F078F90024204691
:10057000BDE8F883011D3046F9F760FD00232B70BC
:100580002B7400236B61AB61064B84F80480C5E9D2
:1005900007394FF6FF732381034B6771E5602360D2
:1005A000E5E700BF0000FFFF2009002070B50E4600
:1005B000044640B105791020B5FA85F56D0907F0BC
:1005C00045F910B90446204670BDE368C3604FF694
:1005D000FF7303812368057146710360F2E720B160
:1005E000036823B11B6813B11847012070470E2020
:1005F000704720B1036813B15B6803B118477047B7
:1006000020B1036823B19B6913B1184701207047DB
:100610000E20704720B1036823B19B6813B11847BF
:10062000012070470E20704720B1036813B1DB68CA
:1006300003B118470020704710B430B129B10368E6
:1006400033B11B6923B110BC1847012010BC70479F
:100650000E20FBE720B1036823B15B6913B1184793
:10066000012070470E20704708B1407970470B2079
:10067000704708B1007970470320704728B121B155
:10068000036823B1DB6913B11847012070470E20BE
:10069000704738B518B3C4680279237C012905D1A5
:1006A00043FA02F5ED0706D5002038BD19B943FA23
:1006B00002F5ED07F8D50125954023EA050301FA77
:1006C00002F21343DBB24FF6FF722374028103B9C7
:1006D000E283236A002BE7D008469847E4E701202D
:1006E000E3E710B50446B0B1C068437F23B1238966
:1006F0008B4201D1002010BD0430F9F715FFE368EB
:1007000000280CBF012200225A77F3D008280CBF22
:100710001A200B20EFE70120EDE710B5044660B189
:10072000C06803783BB907210430F9F771FE30B98E
:10073000E36801221A70002010BD0120FCE70D20A3
:10074000FAE790B189B1C3685B7AB32B09D0B42BB7
:1007500003D0B12B07D00620704701230B70002077
:1007600070470223FAE70323F8E70120704738B502
:100770000D460446002834D0002932D0008990422A
:1007800031D1E2682179137C43FA01F1C9072CD5F4
:10079000D18B814211D113F0010F02F1040019D065
:1007A00013F0040F02F1140111D01832F9F760FFB1
:1007B000E2684FF6FF731077D38323797BB95369CF
:1007C0002B60107F003818BF0120000138BDF9F7F9
:1007D000DBFEEDE702F11801F9F70EFFE8E7936998
:1007E000EEE70120F2E71120F0E71320EEE718B161
:1007F000C0680430F9F78EBF704770B50D460446E7
:10080000B8B1C668F38B4FF6FF7293420DD1002347
:10081000F1837377301DF9F725FE3077E368258182
:10082000187F002818BF0F2070BD8B42F6D0122011
:10083000FAE70120F8E700002DE9F843884617465B
:100840009946064660B1102007F000F8044638B11A
:10085000242006F0FBFF054630B9204606F0FEFFD7
:1008600000242046BDE8F883011D3046F9F7CDFD90
:1008700000232B702B7400236B61AB61064BEB6183
:100880004FF6FF732381054BC5F82090E56084F88F
:10089000048067712360E4E70000FFFF4009002047
:1008A00070B50E46044648B10379B3FA83F35B0989
:1008B00010205D0006F0CAFF10B90446204670BD46
:1008C000E368C3604FF6FF730381236805714671C7
:1008D0000360F2E7024638B5084601239AB1D168B1
:1008E00015790C7BAB4024EA030300FA05F52B4392
:1008F0000B734FF6FF734B831381CB690BB9002049
:1009000038BD9847FBE71846FAE720B119B109232B
:100910000B70002070470120704770B50E460546E9
:1009200078B1C468638B8B4205D0201DF9F79DFF19
:100930002076EC6866832E81207E002818BF0F2069
:1009400070BD0120FCE710B5044658B1C0680178BD
:1009500031B90430F9F770FF30B9E36801221A7039
:10096000002010BD0120FCE70E20FAE708B548B1D1
:10097000C0680430F9F79FFF18B1082814BF102091
:100980001A2008BD0120FCE738B50D46044670B3B7
:1009900069B3038993422CD1C268518B99420FD11C
:1009A000137B13F0010F02F1040019D013F0020FB2
:1009B00002F1100111D01432FAF718F8E2685076FB
:1009C000237993B913692B60507E00384FF6FF737B
:1009D00018BF01205383000138BDF9F76FFFEDE721
:1009E00002F11401F9F7B6FFE8E75369EBE70120DC
:1009F000F2E71120F0E718B1C0680430FAF764B8E4
:100A0000704700002DE9F843884617469946064688
:100A100060B1102006F01AFF044638B1202006F01D
:100A200015FF054630B9204606F018FF0024204681
:100A3000BDE8F883011D3046F9F7EAFE00232B706C
:100A40002B7300232B616B61064B84F80480C5E98E
:100A500006394FF6FF732381034B6771E56023600E
:100A6000E5E700BF0000FFFF6009002070B50E46FB
:100A7000044640B105791020B5FA85F56D0906F0F8
:100A8000E5FE10B90446204670BDE368C3604FF62A
:100A9000FF7303812368057146710360F2E738B183
:100AA0004379C16801229A400B7823EA02030B7054
:100AB000704738B50D4604460123D8B1C068227985
:100AC000017B93400B4005FA02F2934202D0C369C6
:100AD00028469847E2682079137B012181408540B0
:100AE00023EA01032B4313734FF6FF735383002054
:100AF000238138BD1846FCE770B50E46054698B10F
:100B0000C468638B8B4209D0217BC943201D01F04F
:100B10000101FAF765F82076EC6866832E81207E65
:100B2000002818BF0F2070BD0120FCE710B5044657
:100B3000A8B1C068627903781341DB070DD4043093
:100B4000FAF736F868B96179E26801238B401178C9
:100B50000B4313704FF6FF732381002010BD01205B
:100B6000FCE70D20FAE708B548B1C0680430FAF791
:100B700067F818B1082814BF10201A2008BD0120FA
:100B8000FCE738B50D46044670B369B30389934258
:100B90002CD1C268518B99420FD1137B13F0010FF6
:100BA00002F1040019D013F0020F02F1100111D06C
:100BB0001432FAF7EBF8E2685076237993B91369A7
:100BC0002B60507E00384FF6FF7318BF012053830F
:100BD000000138BDFAF736F8EDE702F11401FAF733
:100BE00087F8E8E75369EBE70120F2E71120F0E727
:100BF00018B1C0680430FAF73FB970472DE9F843DF
:100C0000884617469946064660B1102006F01EFE3B
:100C1000044638B1202006F019FE054630B92046BA
:100C200006F01CFE00242046BDE8F883011D304676
:100C3000F9F7A8FF00232B702B7300232B616B6146
:100C4000064B84F80480C5E906394FF6FF7323810B
:100C5000034B6771E5602360E5E700BF0000FFFF1D
:100C60008009002070B50E46044640B10579102079
:100C7000B5FA85F56D0906F0E9FD10B90446204680
:100C800070BDE368C3604FF6FF730381236805718D
:100C900046710360F2E7072804D8042894BF0020B7
:100CA00001207047083802288CBF032002207047BB
:100CB0000A280CD8012303FA00F040F267331842E7
:100CC00007D110F4936F0CBF02200120704702205F
:100CD000704700207047000037B500242246CDE958
:100CE00000442346214641F22100FCF7DBF90E4A7D
:100CF0001060B0B10D4D0E4A2946FCF749FA0D4B74
:100D00002A689A420C4B08D1094A525B824204D1AC
:100D100001221A70204603B030BD00221A701E2036
:100D2000F9E70220F7E700BFD844002000FC0020CC
:100D3000FE030000BEBAFE5AD4440020074B1868D8
:100D400010B548B1064B1B7833B1064C064A214614
:100D5000FCF71EFA044B185310BD00BFD844002006
:100D6000D444002000FC0020FE030000034B044894
:100D70001B78002B08BF0020704700BFD444002020
:100D800004FC0020034B04481B78002B08BF002004
:100D9000704700BFD4440020A8FC0020024B1B6811
:100DA00003B11847704700BFF444002082680B6805
:100DB0009A428CBF0120002060F1000070470000C3
:100DC0002DE9F341DFF86480194E01900D46D8F803
:100DD00000004FF0FF3103F0E8FE164A306801A929
:100DE000FCF7DAFA044638B1FCF707FB2146074660
:100DF0003068FCF781FA3C463068FCF7CAFAD8F84C
:100E0000000003F0F7FE54B1D4E9001353B1002DF4
:100E100014BF0C2000209847204606F071F802B05D
:100E2000BDE8F0810846FAF799FAF5E7FC4400209E
:100E3000F8440020AD0D020813B50446FCF77FFA14
:100E4000084B1860002003F079FE074B1860074B31
:100E500007481C600021074B0091012206F090FA20
:100E600002B010BDF8440020FC440020F4440020EF
:100E7000DC4400209D0D02082DE9F04F87B00646A6
:100E80000391002872D005A9FAF774FA04460028E5
:100E900063D10C2005F0BCFF0546002868D0DFF8C0
:100EA000D4904FF0FF31D9F8000003F07EFEF7F741
:100EB0000DFA9DF8142007684FF47A735F4302F02F
:100EC0000703062B15D0072B04D1C2F3C302D31D91
:100ED0000E2B10DC00EB430090F804B090F8058076
:100EE000254806F0B1FB58B93946234806F048FBBF
:100EF00009E02346EEE74FF004084FF0780BEFE7E8
:100F0000B8F1000FF0D1DFF874A02946DAF800003C
:100F1000FCF725FA074620B33046FAF721FA02908B
:100F20003046FAF721FA039B6B60154B2E600146A1
:100F30000093029843465A46F5F7B4F8A86040B9C2
:100F4000284605F0DDFFDAF800003946FCF7D4F951
:100F50000C24D9F8000003F04DFE204607B0BDE890
:100F6000F08F284605F0CCFF0224F2E70124F4E7D5
:100F70000224F2E7FC440020DC440020F844002076
:100F8000C10D020810B50A4C4FF0FF31206803F084
:100F90000CFEF7F79BF9036806484FF47A71594342
:100FA00006F01CFB2068BDE8104003F023BE00BF24
:100FB000FC440020DC4400204FF0B04382B0DA6CE7
:100FC0000243DA64DB6C03400193019B02B070477B
:100FD000F0B587B0002401200594FFF7EDFF022053
:100FE000FFF7EAFF0120FFF7E7FF0220FFF7E4FF2A
:100FF0004FF480760123CDE9016301A9032313484F
:1010000004934027039401F075F801A94FF0904034
:101010008025019701F06EF801A94FF090400195ED
:1010200001F068F8224639464FF0904001F088F907
:1010300022463146054801F083F9224629464FF001
:10104000904001F07DF9204607B0F0BD0004004853
:1010500008B5032815D8DFE800F002161E2C002280
:1010600080214FF0904001F06BF9002215484FF4B9
:10107000807101F065F9002240214FF0904001F0AD
:101080005FF9002008BD012280214FF0904001F05F
:1010900057F90122EAE7012280214FF0904001F048
:1010A0004FF9012207484FF4807101F049F90122FC
:1010B000E2E7012280214FF0904001F041F9002247
:1010C000F0E700BF0004004800207047012070478F
:1010D00001207047704700004FF0B04213681B07B3
:1010E00054BFD2F894301368916801F00C0154BFDA
:1010F000C3F30323C3F30313082933D01A480C297D
:1011000050F8233010D0194A042908BF13464FF075
:10111000B04217499268C2F3031251F82220B3FB80
:10112000F2F3144A13607047D168D26801F00301EA
:10113000C2F30212022902F101020FD003290FD0DB
:10114000B3FBF2F24FF0B041CB68C968C3F306239A
:1011500053434A0F0132B3FBF2F3D8E7034BEFE7F7
:10116000054BEDE7044BD2E76CBE02080024F40007
:10117000ACBE0208A00900200048E80110B5032019
:1011800000F06AFC01F0ACFE064B18600F20F0F78F
:101190003BF8044618B9EFF701FE204610BD0124C4
:1011A000FBE700BFA0090020014B1878704700BF83
:1011B000A40900204FF0E022136923F00203136119
:1011C00070474FF0E022136943F002031361704748
:1011D0000048704700010301024A536823F00103ED
:1011E00053607047002004E0024A536823F0020372
:1011F00053607047002004E0024A536823F0040360
:1012000053607047002004E08068C0F3800070479E
:10121000F7B5002301930446002800F0E980856DAE
:1012200025B9EFF75BF9E56584F8545023689A68AF
:10123000D00040F1A1809A68D10000F1B480A26D85
:1012400042F01002A265E26D42F00102E265012562
:101250001846FFF7D9FFA26D02F01002024340F0DA
:10126000C980A26D206922F4817242F00202A26557
:101270009A68D2075DD4226BA67E94F82CC0003AFF
:1012800018BF01221703D4E902120A43217E42EA61
:101290008132617E42EAC13242EA4632002842EAA5
:1012A0004C02B4BF20F000414FF400113A430A430E
:1012B00094F82010012903D1002E76D142F4803217
:1012C000616A21B1A66A01F4E07131430A43D96829
:1012D000E66C21F4FE3121F4FF711143D96094F8DA
:1012E0003C206168012A01F0404C4CEA060609D115
:1012F000D4E910273A433243A66C324342EA0C0247
:1013000042F001061F693E4A3A4032431A6121F019
:101310000042B2F1804F0CD0B1F1004F09D0394EEC
:10132000D6F8082701F4701122F470120A43C6F8A7
:1013300008275A69666BA16B22F0070232435A6193
:101340005A6922F0700242EA01125A61002835D12E
:101350009A6A62F00F029A625B6903F007039E4289
:101360003CD10023E365A36D23F0030343F00103A5
:10137000A365284603B0F0BD9A68234922F01042C5
:1013800022F0170242F080529A60204A1268B2FBA3
:10139000F1F2013252000192019A002A3FF44BAF60
:1013A000019A013AF7E7002552E7A16D41F02001CB
:1013B000A165E16D41F00101E16581E7B0F5001F34
:1013C000CAD19A6AE269013A92006FF00F0102F005
:1013D0001C0201FA02F2216E0A43BCE7A36D23F05E
:1013E000120343F01003A365E36D43F00103E365CB
:1013F0000125BEE7A36D43F01003A365F8E700BF26
:1014000002FCFF1F00200140400D0300A009002046
:10141000F8B54569082D04460E460AD00368DB6816
:10142000D80705D5A36D43F02003A3650120F8BDBF
:101430000425EFF7F2FE074623681A682A4220D0F7
:10144000A26D42F40072A265DA6812F4406F14D102
:10145000A27E92B91A6812070FD51846FFF7D4FE7C
:1014600020BB5A6822F00C025A60A26D22F48072EE
:1014700022F0010242F00102A265227EFAB10020B0
:10148000D5E7711CD9D0EFF7C8FEC01BB04201D818
:10149000002ED1D123681B682B40CDD1A26D84F8DA
:1014A000543042F00402A2650320C0E7A26D42F06E
:1014B0002002A265E26D42F00102E265DDE70C2246
:1014C0001A60DCE70368186C70470000F7B500236A
:1014D000019390F85430012B044600F0C080056859
:1014E0000269012380F854302846FFF78DFE00285A
:1014F00040F0AF8048680B68022822F004027ED0DA
:10150000B2F1004FC3F3110E35D1AA6A42EA0E02BE
:10151000AA628A68686902EA032222F07C4222F009
:10152000FF0220EA03210A43002B6A611DDA4D4ABB
:101530004D4DD2F80817AB4201F0E07043D10D02D7
:1015400013D4D2F8083723F0E073034343F40003C5
:10155000C2F80837454B1A68454BB2FBF3F20C232F
:1015600002FB03330193019B53BB0020002384F84B
:10157000543003B0F0BD226E00F01F074FF00F0C87
:101580000CFA07FC6FEA0C0622EA0C0CBEF1000F05
:1015900011D1C3F38462BA4042EA0C022266800889
:1015A000E26901309042B4D8A86AC3F38362BA40BA
:1015B00006403243ACE793FAA3F2B2FA82F2EAE7CA
:1015C000019B013BCEE72B4DAB420BD1C901CCD4E3
:1015D000D2F8083723F0E073034343F08073C2F876
:1015E0000837C2E7244DAB42BFD14B02BDD4D2F87D
:1015F000083723F0E073034343F48003EFE7B2F1CD
:10160000004F01BFAA6AC3F311018A43AA62002BEB
:10161000ABDA154813498342D1F8082709D1D1F82C
:10162000083702F0A07223F0E0731A43C1F80827CC
:101630009BE71048834204D1D1F8083702F44002F6
:10164000F1E70D48834290D1D1F8083702F0C0721B
:10165000E9E7A26D42F02002A265184686E7022063
:1016600087E700BF00200140001000B0A009002063
:10167000400D0300004000B8002000B4026838B5F7
:1016800004461046FFF7C0FD08B9002038BD936836
:10169000990707D4936823F0004323F0170343F01E
:1016A00010039360EFF7B9FD054623689B685B075D
:1016B000EBD5EFF7B2FD401B0228F6D923689B68F3
:1016C0005A07F2D5A36D43F01003A365E36D43F011
:1016D0000103E3650120D9E773B500230268019394
:1016E0009368DD07044602D5002002B070BD916802
:1016F000214B194209D0A36D43F01003A365E36D9C
:1017000043F00103E3650120EFE7936823F0004312
:1017100023F0170343F001039360184BD3F8083705
:1017200018021CD4637E012BDED0EFF776FD144E39
:10173000054622681368DB07D6D49368D9075FBFD4
:101740009368334043F001039360EFF766FD401B5D
:101750000228EED923681B68DA07EAD4CBE7094BE5
:10176000094A1B68B3FBF2F301330193019B002B81
:10177000D8D0019B013BF8E7170000800020014012
:10178000E8FFFF7FA0090020400D030038B50446A4
:101790000068FFF739FD054620BB94F85430012B53
:1017A00020D0012384F854302046FFF795FFB0B9CC
:1017B000A36D226823F4706323F0010343F4807364
:1017C000A3651C23E065136084F85400936823F03C
:1017D000004323F0170343F00403936038BD84F8FB
:1017E0005450FBE70220F9E7026838B59368916826
:1017F0000446C80701D4002038BD9907FBD493687C
:1018000003F00503012B19D1936823F0004323F063
:10181000170343F00203936003231360EFF7FDFC0B
:10182000054623689B68DB07E5D5EFF7F6FC401B10
:101830000228F6D923689B68DA07F2D5A36D43F036
:101840001003A365E36D43F00103E3650120D3E7D3
:1018500070B5044600284BD0836D43F002038365C6
:10186000FFF70CFF054668B92046FFF7BDFF0546A8
:1018700008B90123A3652268936823F0104323F07D
:101880001703936023685A6822F4677222F00302F8
:101890005A6040F29F321A60D968164A0A40DA60EC
:1018A0005A6922F007025A6100269A6A9E621A6AF1
:1018B00002F0F0221A625A6A02F0F0225A62DA6AE0
:1018C00002F0F022DA621A6922F040421A610A4AF2
:1018D000D2F8083723F0FE73C2F808372046EEF737
:1018E00011FEE6652666A66584F85460284670BD3C
:1018F0000125FBE700023E830020014010B590F86F
:101900005430012B044618D0012380F85430FFF7DF
:10191000B5FE20B10120002384F8543010BD2046CC
:10192000FFF762FF0028F5D1A36D23F4807323F045
:10193000010343F00103A365EDE70220EEE7000099
:10194000F7B50023019390F85430012B04467FD063
:10195000012380F85430FFF747FF23689A6812F09C
:101960000102054607D0A36D43F01003A3650023D1
:1019700084F854302DE0A16D364821F4817141F096
:101980000201A165DE68D96826F4FF4626F07C06D0
:1019900021F40041360421F00301360CD9600827F8
:1019A0009968014041F0004199609968002913DA73
:1019B0000199013101910199B1F52E3FF5D3A36D44
:1019C00023F0120343F01003A365002384F854307E
:1019D0000125284603B0F0BDD3F8B410013F01F053
:1019E0007F010A44DCD198681A49084040F00100A0
:1019F0009860D3F8B40020F07F0040EAD202C3F828
:101A0000B4209A680A4042F002029A60EFF705FC9F
:101A1000074623689A68D20708D4DA683243DA6046
:101A2000A36D23F0030343F001039FE7EFF7F5FBFA
:101A3000C01B0228EDD923689B68D907E9D5A36D9F
:101A400043F01003A365E36D43F00103E365BFE7D3
:101A50000225BEE7E8FFFF7F0749CA6822F4E0627B
:101A60000302120403F4E063120C134343F0BF6358
:101A700043F40033CB60704700ED00E0164B30B507
:101A8000DC68C4F30224C4F10703251D042B28BF1E
:101A90000423062D4FF0FF358CBF033C002405FACC
:101AA00003F321EA0303A54022EA0502A34000282C
:101AB00043EA0203ACBF00F16040084A4FEA031357
:101AC000B8BF00F00F00DBB2AABF00F561401354AD
:101AD00080F8003330BD00BF00ED00E014ED00E001
:101AE000002807DB044A4109012300F01F0083405E
:101AF00042F82130704700BF00E100E000280CDB15
:101B00004309064900F01F0020330122824041F8BA
:101B10002320BFF34F8FBFF36F8F704700E100E0CA
:101B2000BFF34F8F0549064BCA6802F4E0621343C6
:101B3000CB60BFF34F8F00BFFDE700BF00ED00E0BB
:101B40000400FA0570B50028AEBF00F16040124CE9
:101B500000F00F0001F00701AABF00F56140205C12
:101B600090F80003C1F107040D1D042C28BF0424C4
:101B7000062D4FEA10108CBF033900214FF0FF35BE
:101B800005FA04F420FA01F68D4026EA040420EA5E
:101B900005001460186070BD14ED00E00028A1BFBE
:101BA00043098033054A52F82330A3BF00F01F00D9
:101BB00023FA00F000F001000020704700E100E08F
:101BC000002808DB4309044900F01F0001226033AC
:101BD000824041F82320704700E100E00268416C38
:101BE000D3B210B5083B1424B3FBF4F30B4CA24260
:101BF00088BF0B4A21F0030199BF01F1804202F531
:101C00000232521807338264064AC26403F01F038B
:101C1000012202FA03F3036510BD00BF070402406E
:101C20001C0802408008024038B500285AD00268DB
:101C30002D4B9A424FF0140148D82C4B1344B3FB60
:101C4000F1F32B499B00C0E91013022380F82530E3
:101C5000136805696FF30E131360D0E90243234341
:101C60002B43456911682B4385692B43C5692B4379
:101C7000056A2B430B431360FFF7B0FFB4F5804FA9
:101C800004BF002343604368816C03F07F020A6055
:101C9000D0E91314013B032B4C601ED8154B164999
:101CA000816513449B000121013A01FA02F20021EF
:101CB0004365C2651960114B5A6400230122C36356
:101CC00080F8243080F82520184638BD0C4B13448A
:101CD000B3FBF1F30B499B00B5E70023C0E91533D3
:101CE000C365EAE70120F0E707040240F8FFFDBF03
:101CF000000002403F8200104009024000090240FB
:101D0000F8FBFDBF00040240034640B190F82520D7
:101D1000022A06D00422C263002280F82420012077
:101D200070470268806C116821F00E011160016833
:101D300021F480710160116821F001011160D3E983
:101D4000100202F01C0101228A404260D3E91321F3
:101D500051605A6D32B1116821F480711160D3E97C
:101D6000162151600122002083F8252083F82400E9
:101D7000704708B590F82530022B03D00423C363C5
:101D8000012008BD03681A6822F00E021A601A6862
:101D900022F001021A60826C136823F480731360CE
:101DA000D0E9101303F01C02012393404B60D0E9EB
:101DB00013325A60436D33B11A6822F480721A608C
:101DC000D0E916325A60012380F82530002380F8CC
:101DD0002430836B03B198470020D2E770B4426C83
:101DE000046C036826681D6802F01C0204219140FF
:101DF00031420FD015F0040F0CD01A6892065EBF66
:101E00001A6822F004021A60036B6160002B33D061
:101E100070BC184702219140314217D015F0020FD3
:101E200014D01A68940606D41A6822F00A021A60BE
:101E3000012280F82520114A93428CBF104B114B90
:101E40005960002380F82430C36ADFE708219140FD
:101E5000314211D029070FD5196821F00E01196000
:101E6000012303FA02F26260C36380F82530002385
:101E700080F82430436BC9E770BC70478000024093
:101E8000000402400000024030B5446D90F8252067
:101E90000346D2B21CB94022DA63012030BD20686B
:101EA00010F4803010D1012A0ED193F82420012A99
:101EB0000CD08A68551ED1E900210A4342EAC54286
:101EC000226083F82400E9E78022E5E70220E5E7C5
:101ED00090F825303BB1436D2BB11A6842F4803243
:101EE0001A60002070470120704790F825303BB100
:101EF000436D2BB11A6822F480321A6000207047BB
:101F0000012070470A4A536943F4802330B5536176
:101F1000EFF3108472B60023CD58C5500433B3F5E7
:101F2000807FF9D11369DB03FCD484F3108830BDC2
:101F300000400058064B5A69002ABFBF054A9A6004
:101F400002F188329A60BABF5869C00F002070470A
:101F50000040005823016745044B5A6942F0004293
:101F60005A615869C043C00F704700BF0040005815
:101F700070B50546EFF751F9124E04463369D9039F
:101F800013D43369DA0744BF012232614CF2FA32CA
:101F9000134011D10B4E306910F480200BD0EFF7B5
:101FA0003CF9001BA842F6D304E0EFF736F9001B1A
:101FB000A842E3D3032070BD024A1361024A012004
:101FC0005360F8E700400058004500202DE9F0413B
:101FD000184D98462B78012B06460C46174626D0FE
:101FE00001232B704FF47A7000236B60FFF7C0FF62
:101FF000A0B9012E16D1104A536943F00103536171
:102000002760BFF36F8FC4F804804FF47A70FFF736
:10201000AFFF094A536923EA0603536100232B707B
:10202000BDE8F08139462046FFF76CFFEDE702205E
:10203000F6E700BF0045002000400058054A5369FC
:1020400023F47E7343EAC00040F4803040F0020085
:1020500050617047004000582DE9F041234F3B7814
:10206000012B054688463FD001233B704FF47A7020
:1020700000237B60FFF77CFF044688B92B68042BA4
:1020800013D11B4A536943F4803343F00403536173
:102090004FF47A70FFF76CFF0446154B1A681B6803
:1020A00000233B702046BDE8F0814FF0FF33C8F8B5
:1020B00000306E68D5E901321344B3420AD9304684
:1020C000FFF7BCFF4FF47A70FFF752FF50B1C8F82A
:1020D00000600446064A536923F47E7323F002032A
:1020E0005361DAE70136E5E70224DBE7004500202B
:1020F000004000582DE9F04F524C00234FF00F09DB
:102100000A6832FA03F501D1BDE8F08F012505FA1E
:1021100003F818EA020200F08E804E68032706F0EA
:1021200003054FEA430E07FA0EFC6F1E012F6FEAFC
:102130000C0C32D8876807EA0C0ACF6807FA0EF74A
:1021400047EA0A078760476827EA0808C6F30017C6
:102150009F4047EA08074760C76807EA0C088F688E
:1021600007FA0EF747EA0807022DC76017D14FEAB2
:10217000D30800EB880803F0070AD8F820704FEA6C
:102180008A0A09FA0AFB27EA0B0B0F6907FA0AF712
:1021900047EA0B07C8F8207001E0032DDCD107687F
:1021A00005FA0EF507EA0C073D4316F4403F0560BB
:1021B00041D023F0030707F1804707F5803703F08C
:1021C000030CBD684FEA8C0C4FF0070E0EFA0CFEA4
:1021D000B0F1904F25EA0E0E2FD01B4DA8422ED005
:1021E00005F58065A84214BF0725022505FA0CF500
:1021F00045EA0E05BD602568D74316F4801F0CBF65
:102200003D4015432560656816F4001F0CBF3D4036
:1022100015436560D4F8805016F4803F0CBF3D40F4
:102220001543C4F88050D4F88450B60354BF3D40E1
:102230001543C4F88450013362E70025D6E7012531
:10224000D4E700BF0008005800040048374A2DE9D1
:10225000F04F00234FF0010A4FF0070B4FF00F092A
:1022600031FA03F401D1BDE8F08F0AFA03FC1CEA4D
:10227000010654D023F0030404F1804404F58034B3
:1022800003F00307A568BF000BFA07F8B0F1904F01
:1022900008EA050E45D0264DA84244D005F58065D4
:1022A000A84214BF07250225BD40754517D1D2F8B5
:1022B000805025EA0605C2F88050D2F8845025EAFD
:1022C0000605C2F88450156825EA060515605568AC
:1022D00025EA06055560A56825EA0805A560056894
:1022E00003265C0006FA04F423FA06F6254300EB05
:1022F0008606056003F00705376AAD0009FA05F5A3
:1023000027EA05073762856825EA04058560456880
:1023100025EA0C054560C56825EA0404C46001335C
:102320009EE70025C0E70125BEE700BF0008005872
:102330000004004800690840003818BF01207047B9
:102340000AB1816170478162704703689A69910799
:1023500044BF00229A629A69D2075EBF9A6942F02E
:1023600001029A617047000030B5039D04682B4359
:1023700043EA0243064A6068C1F309010B4342EA9B
:10238000555223F0004320EA02000343636030BD4E
:10239000FF63FF032DE9F8430568AC6914F01004EE
:1023A00006468846174670D010230024EB61A146EC
:1023B0003568AB69980662D4B9F1000F34D044F0A7
:1023C00004040120AB69D90541BF4FF48072EA6172
:1023D00044F0010401205A0541BF4FF4806244F0EB
:1023E0000804EA6101209B0551D54FF4007344F0C5
:1023F0000204EB613046FFF7A8FF6B6823F0FF7320
:1024000023F48B3323F4FF7323F001036B60736CAD
:1024100023437364202386F84130002386F842303A
:1024200086F84030012034E0B8F1FF3FC1D0EEF72C
:10243000F4FEC01B404502D8B8F1000FB8D1336894
:10244000596896F8422098690004D2B20AD5490426
:1024500008D4202A06D05A6842F480425A60EEF727
:10246000DCFE074633689B699D06A1D4EEF7D5FED6
:10247000C01B1928F6D920244FF0010998E7B9F1BB
:10248000000F9CD12023EB6199E720469AE70028B2
:10249000B0D1BDE8F88370B504460D4616462368F2
:1024A0009B699B0701D500201FE032462946204644
:1024B000FFF770FFC0B96A1CF1D0EEF7AEFE801BCB
:1024C000A84201D8002DEAD123689B6913F00203CA
:1024D000E5D1626C84F8403042F020026264202230
:1024E00084F8412084F84230012070BD2DE9F0418C
:1024F000DDF8188004460F4616461D4623689B6982
:1025000037EA03030CBF01230023B34201D00020AC
:1025100025E0424629462046FFF73CFFF0B96B1CF8
:10252000ECD0EEF77AFEA0EB0800A84201D8002D0F
:10253000E4D123689B6937EA03030CBF012300231E
:10254000B342DBD1636C43F020036364202384F83F
:102550004130002384F8423084F840300120BDE847
:10256000F08170B504460D46164623689B699B06AC
:1025700001D500201DE0324629462046FFF70AFF1C
:10258000B0B9EEF74AFE801BA84201D8002DECD16D
:1025900023689B6913F02003E7D1626C84F8403014
:1025A00042F020026264202284F8412084F8423004
:1025B000012070BD2DE9F843244E04460F46904695
:1025C00000254FF0100923689B695B0700D415B103
:1025D0002846BDE8F883424639462046FFF7DAFE32
:1025E00023689A690546900614D595B99A699A693F
:1025F000D1061AD504222021C3F81C906264D96147
:102600005A6832405A6084F8411084F8405084F887
:1026100042500125EEF701FEA0EB0800B84201D8B8
:10262000002FD0D11DB10125CDE76564F2E7236805
:102630009B695A07C7D4636C84F8405043F0200369
:102640006364202384F84130EDE700BF00E800FE1A
:1026500010B5044600284ED090F8413003F0FF0238
:102660001BB980F84020EEF7B1FC242384F84130F8
:1026700023681A6822F001021A60626822F0706210
:102680001A619A6822F400429A60D4E90221012971
:1026900006D142F400429A605A6822F4006207E0D0
:1026A00042F4044202299A60F6D15A6842F4006268
:1026B0005A605A6842F0007242F400425A60DA6886
:1026C00022F40042DA60D4E904210A43A16942EA13
:1026D0000122DA60D4E907210A431A601A6842F03D
:1026E00001021A6000202023606484F841302063D6
:1026F00084F8420010BD0120FCE710B5044698B1F3
:102700000268242380F84130136823F0010313602A
:10271000EEF7B6FC0020606484F8400084F84100C5
:10272000206384F8420010BD0120FCE72DE9F34747
:10273000994690F841300A9F202B04460E46904659
:1027400040F09F8090F84030012B00F09A804FF0CD
:10275000010A80F840A0EEF760FD192305460090BD
:1027600052464FF400412046FFF7C0FE18B1012049
:1027700002B0BDE8F087212384F84130102384F8AB
:1027800042306064A4F82A90638DC4F824809BB220
:10279000FF2B606317D9FF2222854FF080734146DB
:1027A000D4F800C011F8010BCCF828006162618DEB
:1027B000013989B2013A618592B2334922850132E9
:1027C0000091D2B20AE0628D92B2228512B14FF02E
:1027D0000073E4E72C4B00934FF000733146204622
:1027E000FFF7C2FD638D9BB22A4639462046BBB92E
:1027F000FFF7B7FE0028BAD123682021D9615A68B3
:1028000022F0FF7222F48B3222F4FF7222F00102D6
:102810005A6084F8411084F8400084F84200A7E729
:10282000FFF739FE0028A2D1636A226813F8011B62
:1028300091626362638D228D013B9BB26385638DE0
:10284000013A92B29BB22285002BCBD0002AC9D18B
:1028500000953B4680212046FFF748FE002886D1A0
:10286000638D9BB2FF2B05D9FF2222854FF0807329
:102870000090B3E7628D92B222854FF00073009012
:102880009FE7022074E700BF002000802DE9F34796
:10289000984690F841300A9F202B04460E469146F8
:1028A00040F0878090F84030012B00F082804FF09C
:1028B000010A80F840A0EEF7B0FC1923054600900D
:1028C00052464FF400412046FFF710FE18B1012098
:1028D00002B0BDE8F087222384F84130102384F849
:1028E00042306064A4F82A80638DC4F824909BB2BF
:1028F000FF2B6063304B26D9FF22228500934FF0D7
:10290000807331462046FFF72FFD638D9BB22A4628
:1029100039462046FBB9FFF724FE0028D7D12368AB
:102920002021D9615A6822F0FF7222F48B3222F4FE
:10293000FF7222F001025A6084F8411084F84000CE
:1029400084F84200C4E7628D92B2228500934FF072
:102950000073D2B2D5E7FFF72DFE0028B7D1236868
:102960005A6A636A1A70636A228D01336362638DE7
:10297000013B9BB26385638D013A92B29BB2228583
:10298000002BC2D0002AC0D100953B4680212046B2
:10299000FFF7ACFD00289AD1638D9BB2FF2B03D9C2
:1029A000FF2222850090AAE7628D92B222850090D4
:1029B000CDE702208CE700BF002400802DE9F74F0F
:1029C000994690F84130BDF834A0DDF83880202BCE
:1029D00004460F46164640F0C9800C9B13B1BAF16D
:1029E000000F06D14FF400736364012003B0BDE80B
:1029F000F08F90F84030012B00F0B8804FF0010BC1
:102A000080F840B0EEF709FC1923009005465A46BD
:102A10004FF400412046FFF769FD03460028E4D14A
:102A2000222284F84120402284F842200C9A6262DB
:102A30004F4A60646063A4F82AA039460092204699
:102A40005FFA89F2FFF790FC2A4641462046FFF7DD
:102A500022FD20BBB9F1010F236816D1F6B29E62A8
:102A600000220095434640212046FFF73FFDB0B9C4
:102A7000638D9BB2FF2B3F4B15D8628D92B222859E
:102A80000093D2B24FF0007312E0320A9A624146CC
:102A90002A462046FFF7FFFC08B92368DEE700233B
:102AA00084F84030A1E7FF22228500934FF0807325
:102AB00039462046FFF758FC009543460022042182
:102AC0002046FFF713FD00288FD123685A6A636AF6
:102AD0001A70636A228D01336362638D013B9BB27E
:102AE0006385638D013A92B29BB22285B3B1AAB9D4
:102AF0000095434680212046FFF7F8FC00287FF42C
:102B000074AF638D9BB2FF2B28D9FF2222854FF033
:102B10008073009039462046FFF726FC638D9BB2F8
:102B2000002BC9D12A4641462046FFF71AFD00284E
:102B30007FF45BAF23682021D9615A6822F0FF72CD
:102B400022F48B3222F4FF7222F001025A6084F8E0
:102B5000411084F8400084F8420047E7628D92B249
:102B600022854FF000730090D2B2D3E702203DE7F8
:102B7000002000800024008010B590F84120202A19
:102B80000346D4B21CD190F84020012A18D0242248
:102B900080F841200268106820F001001060106881
:102BA00020F480501060106801431160116800200B
:102BB00041F00101116083F8414083F8400010BDED
:102BC0000220FCE710B590F84120202A0346D4B239
:102BD0001BD190F84020012A17D0242280F84120F0
:102BE0000268106820F001001060106820F4706026
:102BF00040EA012111601168002041F001011160DB
:102C000083F8414083F8400010BD0220FCE700003B
:102C1000024A136843F4807313607047000400583D
:102C20000D4B10B55B690C4628B99A0507D500F025
:102C300027F820B110BD9B0501D400F019F8074A10
:102C40001369012C23F00403136101D130BFF1E7B4
:102C500040BF20BF20BFEDE70004005800ED00E0BA
:102C6000024B186800F4C060704700BF00040058B1
:102C7000024A136843F4804313607047000400580D
:102C80000C4A136823F4804313600B4B1B683221FA
:102C90004B430A49B3FBF1F35169890500D533B9B8
:102CA000536913F4007F14BF032000207047013BD9
:102CB000F2E700BF00040058A009002040420F00C6
:102CC0000B4A136823F0070343F001031360094B19
:102CD0001A69012842F004021A6105D130BF1A694D
:102CE00022F004021A61704740BF20BF20BFF6E700
:102CF0000004005800ED00E04FF0B0431868C0F346
:102D0000404070474FF0B0431868C0F34000704730
:102D10004FF0B042536823F47F4343EA00235360EB
:102D200070474FF0B0431868C0F340607047000030
:102D30007FB54FF0B0432C4AD3F80831C0F30310ED
:102D400003F00F0352F82040284A52F82330B4FB16
:102D5000F3F4FFF785FF264B054693E80700B5F52A
:102D6000007F04AB03E9070010D0224B9C4218D32C
:102D700003F5B70303F67F539C4229D903F5741377
:102D800003F510639C4225D802230BE01A4B9C42AA
:102D900007D91A4B9C421BD903F5370303F5D853C7
:102DA000F0E7002304AA02EB830353F80C4C144D04
:102DB0002B6823F0070323432B60EEF72EFA064619
:102DC0002B6803F007039C4206D1002004B070BDBD
:102DD0000123E7E70024EAE7EEF71FFA801B022849
:102DE000EED90320F2E700BF6CBE0208ACBE0208B9
:102DF00020B60208C0CF6A00BFEA21013F93340227
:102E0000004000584FF0B04310B59A68D96812F0EE
:102E10000C0205D00C2A4AD101F00303012B50D13A
:102E20004FF0B0412B480B6813F0080306D00B6835
:102E300013F0080337D1D1F8941007E00C68240789
:102E400056BFD1F894300968C3F3032350F82330F8
:102E5000002A0CBF184600204FF0B0418A6802F0EB
:102E60000C020C2A1ED1CA6802F00302022A2ED0DC
:102E7000032A06D10B68184A13F4801F174B08BFAA
:102E800013464FF0B042D068D168D268C0F3062034
:102E90005843C1F302130133B0FBF3F0530F013376
:102EA000B0FBF3F010BD0B68C3F30313CEE7042AA5
:102EB0000AD0082A05D11B6813F4801304D10648F0
:102EC000CAE700231846C7E704480023C4E7034BBA
:102ED000D7E700BF6CBE02080048E8010024F400F8
:102EE00008B5FFF78FFF4FF0B043044A9B68C3F368
:102EF000031352F82330B0FBF3F008BDACBE020858
:102F00002DE9F0410446002853D04FF0B0439D68AE
:102F1000DE6803689B0605F00C0506F0030668D51D
:102F2000026A1DB10C2D46D1012E44D1002A40D099
:102F30004FF0B043A16A1A68170756BFD3F8943010
:102F40001B681B0903F0F00399421FD90846FFF7DD
:102F5000EFFE00282DD14FF0B042136843F0080374
:102F600013601368A16A23F0F0030B431360606AD7
:102F7000FFF7CEFEFFF7B4FFAB4B1860AB4B186802
:102F8000EEF742F9002834D0BDE8F0814FF0B042AE
:102F9000136843F008031360136823F0F0030B4336
:102FA0001360606AFFF7B4FE0846FFF7C1FE002811
:102FB000E0D00120E8E74FF0B043002A54D01A686F
:102FC00042F001021A60EEF728F90746FFF79AFE71
:102FD000002842D04FF0B042136843F0080313605A
:102FE0001368A16A23F0F0030B431360606AFFF7D4
:102FF0008FFE2368D80748D42368990700F18C8096
:1030000023681E0740F1FA80A3694FF0B046002BF9
:1030100000F0E180D6F89430E16903F010029142AB
:1030200000F0C48003F00302022AC2D0D80740F1A6
:10303000B380D6F8943023F00103C6F89430EEF74D
:10304000ECF80746D6F89430990740F1A580EEF7E2
:10305000E4F8C31B112BF5D904E0EEF7DEF8C01B32
:103060000228B3D903208FE71A6822F001021A6000
:10307000EEF7D3F80746FFF745FE0028B9D0EEF784
:10308000CCF8C01B0228F6D9ECE7082D03D00C2D94
:1030900005D1032E03D16368002BADD189E74FF032
:1030A000B043A1681A6822F480120A431A60626869
:1030B000B2F5803F10D11A6842F480321A60EEF700
:1030C000ACF80746FFF718FE002895D1EEF7A5F8F3
:1030D000C01B6428F6D9C5E7B2F5041F04D11A68ED
:1030E00042F400121A60E6E7196821F48031196091
:1030F000196821F400111960002AE0D1EEF78DF86B
:103100000746FFF7F9FD00283FF476AFEEF785F8A4
:10311000C01B6428F5D9A5E7042D236903D00C2D25
:103120000ED1022E0CD1002B3FF443AF4FF0B04232
:103130006169536823F0FE4343EA016353605FE72C
:103140004FF0B046BBB1336843F480733360EEF7A1
:1031500064F8074633685A0505D4EEF75EF8C31BDA
:10316000022BF7D97EE77368626923F0FE4343EAD6
:103170000263736044E7336823F480733360EEF7CF
:103180004CF8074633685B057FF53AAFEEF745F834
:10319000C31B022BF6D965E74FF0B042E169D2F8C4
:1031A000943023F010030B43C2F894304FF0B04733
:1031B000D7F8943043F00103C7F89430EEF72DF8B8
:1031C0000646D7F894309A0718D4EEF726F8831BF2
:1031D000112BF6D946E7D6F8943023F00103C6F850
:1031E0009430EEF71AF80746D6F894309B0705D5C9
:1031F000EEF713F8C31B112BF6D933E723685807F2
:1032000054D50B4F3B68D90514D4FFF701FDEEF7F9
:1032100004F806463B68DA050CD4EDF7FEFF831B85
:10322000022BF7D91EE700BFA0090020A809002043
:1032300000040058E3684FF0B046002B58D023F04C
:103240008003052B02BFD6F8903043F00403C6F884
:1032500090304FF0B046EDF7E0FFD6F8903043F0F5
:1032600001030746C6F8903041F28838D6F890300E
:103270009B0705D4EDF7D1FFC31B4345F6D9F1E613
:10328000E36823F00403812B1BD1EDF7C6FFD6F8CA
:10329000903043F08003C6F8903007464FF0B046B8
:1032A00041F28838D6F89030180504D5E36A002B2F
:1032B0004AD1002068E6EDF7B0FFC01B4045F1D9C8
:1032C000D0E6EDF7AAFFD6F8903023F08003C6F8D9
:1032D000903007464FF0B04641F28838D6F890302B
:1032E0001905E3D5EDF799FFC01B4045F6D9B9E6BE
:1032F000EDF793FFD6F8903023F080030746C6F829
:10330000903041F28838D6F890301A0516D4EDF78F
:1033100084FFD6F8903023F00103C6F890300746BA
:103320004FF0B04841F28836D8F890309B07BDD5B1
:10333000EDF773FFC31BB342F6D993E6EDF76DFFCC
:10334000C01B4045DFD98DE60C2D4ED0022B4FF02F
:10335000B0431A6822F080721A6033D1EDF75DFF36
:103360000546FFF7DEFC38BBD4E90C314FF0B04224
:103370000B43D0682D4901400B43E16B0B43216C9B
:103380000B43616C0B43A16B43EA0123D3601368C9
:1033900043F080731360D36843F08053D360EDF73C
:1033A0003CFF0446FFF7BDFC002882D1EDF735FF56
:1033B000001B0A28F6D955E6EDF72FFF401B0A2817
:1033C000CFD94FE6EDF729FF0446FFF7AAFC30B945
:1033D0004FF0B042164BD1680B40D36069E7EDF770
:1033E0001CFF001B0A28F0D93CE6012B3FF4E1AD9D
:1033F0004FF0B043D868236B00F003029A427FF489
:10340000D8AD626B00F0700393427FF4D2ADA26B33
:1034100000F4FE43B3EB022F7FF4CBAD636C00F0FE
:103420006040C01A18BF0120AEE500BF8C80C111FA
:10343000FCFFFEEE2DE9F0410D46044610B90120D7
:10344000BDE8F081684E336803F007038B4216D362
:1034500023689A0727D54FF0B047A268BB6823F0CE
:10346000F0031343BB60EDF7D8FE0646BB68DB03F1
:1034700019D4EDF7D2FE831B022BF7D911E0336884
:1034800023F007030B433360EDF7C7FE07463368AD
:1034900003F00703AB42DBD0EDF7BFFEC01B0228F1
:1034A000F5D90320CCE72368580617D54FF0B0476D
:1034B0006269D7F8083123F00F0343EA1213C7F803
:1034C0000831EDF7AAFE0646D7F80831D90305D42E
:1034D000EDF7A3FE831B022BF6D9E2E723685A0718
:1034E00013D54FF0B047E268BB6823F4E0631343A1
:1034F000BB60EDF792FE0646BB689B0305D4EDF773
:103500008CFE831B022BF7D9CBE72368180714D551
:103510004FF0B0472269BB6823F4605343EAC2030B
:10352000BB60EDF77AFE0646BB68590305D4EDF79C
:1035300074FE831B022BF7D9B3E72368DA070FD495
:10354000294C236803F00703AB4239D8FFF7C8FCC6
:10355000264B1860264BBDE8F0411868EDF754BEC5
:103560006268022A1DD1FFF7C7FB00283FF467AF4E
:103570004FF0B04641F28838B36823F00303134399
:10358000B360EDF74AFE0746B368626803F00C03C8
:10359000B3EB820FD4D0EDF740FEC01B4045F3D90A
:1035A0007FE7032A02D1FFF7BCFBDEE712B9FFF782
:1035B000A9FBDAE74FF0B0431B685B05D8D43EE7C0
:1035C000236823F007032B432360EDF726FE06460E
:1035D000236803F00703AB42B8D0EDF71EFE801B53
:1035E0000228F5D95DE700BF00400058A00900207F
:1035F000A80900204FF0B043D3F89000C0F340007A
:1036000070474FF0B0410209D1F8883002F47F22B0
:10361000000123EA020300F47F200343C1F888304D
:1036200070474FF0B042010CD2F88830090423EA09
:10363000010343EA0040C2F8880070470368DA03D8
:1036400070B5044639D5FFF7E3FAEDF7E6FD614EB4
:1036500005463368DB0532D54FF0B043616BD3F8D4
:10366000902002F4407291421DD0D3F89010D3F80C
:10367000902042F48032C3F89020D3F8902021F4B7
:10368000407022F480328D07C3F89020C3F8900078
:1036900009D5EDF7C2FD41F288360546FFF7AAFFCE
:1036A000012840F090804FF0B042616BD2F890302A
:1036B00023F440730B43C2F89030002605E0EDF789
:1036C000ACFD401B0228C4D903262568E8070AD5AB
:1036D0004FF0B0416268D1F8883023EA124392B2C9
:1036E0001343C1F88830A9070AD54FF0B041A2684A
:1036F000D1F8883023EA124392B21343C1F88830DC
:10370000AA0609D54FF0B0422169D2F8883023F4D7
:1037100040630B43C2F88830AB0502D5206AFFF73F
:1037200080FF680502D5606AFFF77BFF290502D597
:10373000A06AFFF776FF6A0602D56069FFF761FFAE
:103740002B0602D5A069FFF75CFFE80502D5E0690A
:10375000FFF757FFE90610D54FF0B042E168D2F805
:10376000883023F440730B43C2F88830B1F5807F72
:1037700002BFD36843F08073D3602A040ED54FF0A4
:10378000B042216BD2F8883023F040430B43C2F89B
:10379000883019B9D36843F08073D3606B0410D5B7
:1037A0004FF0B042E16AD2F8883023F040530B4327
:1037B000B1F1005FC2F8883003D1D36843F480339D
:1037C000D360304670BDEDF728FD401BB0427FF658
:1037D00065AF79E70004005830B590F82C30012B24
:1037E00002464FF0020022D0174B82F82D00CA2467
:1037F000012582F82C505C6253245C62B1F5807F15
:10380000146B996914D121F488519961596C24F091
:10381000010421F0004159641463DD650A4BFF2166
:1038200059620020012382F82D3082F82C0030BD2F
:1038300021F408519961D96C24F0020421F000416F
:10384000D9641463D865E9E70028004070B50B4ED1
:10385000036B756D1D40EA07044603D50123F3652C
:10386000EDF7DAFEAB0704D50223F365204600F03E
:10387000E9F9012384F82D3070BD00BF0028004015
:1038800038B50A4CE36823F02003E360EDF7C5FC8C
:103890000546E3689B0601D5002038BDEDF7BDFC69
:1038A000401BB0F57A7FF4D90320F6E700280040EA
:1038B000F8B5114DEC6814F0400406461AD1EB68D7
:1038C00043F08003EB60EDF7A8FC23460746EC6865
:1038D00014F0400401D1032B01D11846F8BDEDF7D7
:1038E0009CFCC01BB0F57A7F234684BF032386F877
:1038F0002D30ECE70023F0E70028004038B50F4CEE
:10390000E36823F08003E360A3699B06054606D4C1
:10391000FFF7B6FF10B1032085F82D0038BDA3696D
:1039200023F02003A361FFF7ABFF10B1032085F85C
:103930002D00A36943F02003A361EFE700280040B6
:1039400038B5044600284CD090F82D3003F0FF0223
:103950001BB980F82C20EDF71BF90223224D84F8C7
:103960002D30EB68DB0637D4CA236B6253236B62BE
:103970002046FFF79DFF18B1FF236B62032038BD7F
:10398000AB6923F08E6323F04003AB612169636868
:10399000AA690B431343A2691343AB61D4E9022321
:1039A00043EA02432B61D4E90931EA680B4322F46C
:1039B000F8521343EB602046FFF7A0FF0028DBD14D
:1039C000D4E90713AA690B4322F0604213436269EA
:1039D0001343AB61FF236B62012384F82D30002079
:1039E000CDE70120CBE700BF0028004000230928D5
:1039F00003D840EA0310C0B270470A380133C0B29E
:103A0000F5E700002DE9F04790F82C30012B054632
:103A10004FF0020069D0012385F82C304E4B85F819
:103A20002D00DE6806F44076B6F5807F78D04C69CC
:103A3000087891F8019091F802A091F82470002A7A
:103A400055D19B6913F0400308BFCB70FFF7CEFF41
:103A500080464846FFF7CAFF02465046FFF7C6FFBA
:103A600081463846FFF7C2FF0B6ACF78234343EA0B
:103A7000875343EA090343EA084343EA022343EA3C
:103A80000063354ACA205062532050628C6A8869AC
:103A9000B4F5807F946945D124F48854946101245D
:103AA000D465B6F5807F09BFCB69136403435364C3
:103AB00018BF5064284B4A681A672A6B42F001020B
:103AC0002A639A6942F488529A61244AD2F8803073
:103AD00043F40033C2F880301F4BFF225A620020AB
:103AE000012385F82D3085F82C00BDE8F087B4F16E
:103AF000803F07D0B4F5000F04D09B6913F040035A
:103B000008BFCB700B6ACA781C4344EA0A0444EA33
:103B1000004343EA092343EA825343EA0763B0E7D9
:103B20000023AEE724F4085494610224D465B6F56A
:103B3000807F09BFCB6993640343D36418BFD0640B
:103B4000054B4A685A672A6B42F002022A639A6957
:103B500042F40852B8E700BF0028004000080058AF
:103B600090F82C20012A03464FF0020012D00A4A96
:103B700083F82D00CA21516253215162916941F0AD
:103B800020019161FF2151620020012283F82D2044
:103B900083F82C00704700BF0028004090F82C20CC
:103BA000012A03464FF0020012D00A4A83F82D0082
:103BB000CA21516253215162916921F02001916122
:103BC000FF2151620020012283F82D2083F82C0070
:103BD000704700BF0028004090F82C20012A0346BF
:103BE0004FF0020019D00D4A83F82D00CA2151620E
:103BF0005321516291690A4841F080019161D0F8E6
:103C0000801041F48021C0F88010FF215162002013
:103C1000012283F82D2083F82C00704700280040F3
:103C200000080058064B5A6D520610B5044603D5DD
:103C30004022DA65EDF7F2FC012384F82D3010BD47
:103C4000002800407047890001F1804101F53141B1
:103C50000A607047890001F1804101F5314108682F
:103C60007047F8B5044600287ED0436A002B50D137
:103C70004268B2F5827F00D0C36194F85D3003F0F2
:103C8000FF0223B984F85C202046EDF78DF8226806
:103C9000E068022384F85D301368B0F5E06F23F02C
:103CA000400313604FF0000337D91D46B0F5706F25
:103CB00018BFA362A7686368A169A66A07F40447EE
:103CC00003F482733B43276907F002073B436769AC
:103CD00007F001073B4301F400773B43E76907F036
:103CE00038073B43276A07F080073B4306F4005739
:103CF0003B43B6F5005F136014D1236B8BBBB0F56B
:103D0000E06F0DD902232363136843F4006313604B
:103D100008E00023C0E90433AFE74FF48055C7E75C
:103D200001232363636A676B03F0100307F008073E
:103D300000F470603B43090C034301F004010B43A2
:103D40002B43B6F5005F536004BFA38D1361D369A5
:103D500023F40063D36100200123206684F85D30E2
:103D6000F8BD022BDED1CFE70120F9E7704710B58F
:103D7000044680B10268022380F85D30136823F0A6
:103D800040031360FFF7F2FF0020206684F85C0018
:103D900084F85D0010BD0120FCE70000034AD2F862
:103DA000903043F40043C2F890307047000400584C
:103DB000034AD2F8903023F40043C2F890307047A1
:103DC00000040058074B1A6822F040021A6040F4C1
:103DD00041704FF4B85218605A601A6842F04002BD
:103DE0001A6070470000015837B50546002852D0C8
:103DF000837903F0FF046BB1032C0BD0274B4FF4F6
:103E000000629A612868FFF7DDFF002401232B710F
:103E1000AC6033E000236B712846EDF7C1F9204B0D
:103E2000D3F8902042F48052C3F890205A6A42F4AA
:103E300000525A62002CE1D102234FF0B042AB7124
:103E4000D2F8943023F40043C2F89430154B1B6829
:103E50001C214B43DB0C64214B430193019B93B921
:103E60000124AC60FFF79AFF0C4B9A6842F40062A1
:103E70009A604FF400629A61002CC3D00123AB71A9
:103E8000204603B030BD019B013B0193D2F8943032
:103E90005B04E3D4E6E70124F2E700BF0004005826
:103EA00000080058A009002037B5174D2B680246BE
:103EB0001C204343DB0C6420434314480193019BC3
:103EC00093B901209060114C21732B681C214B4346
:103ED000DB0C64214B430193019B6BB90120906083
:103EE0000A4BDB6803B030BD019B013B0193836843
:103EF0009C07E4D50020E6E7019B013B0193A36802
:103F0000DB07E9D5ECE700BFA0090020000001585D
:103F100037B5184D2B6802461C204343DB0C642048
:103F2000434315480193019BA3B901209060124CB3
:103F3000FF2323732B681C256B43DB0C64256B4329
:103F40000193019B73B9012090600B4BDB680B70F0
:103F500003B030BD019B013B019383689C07E2D510
:103F60000020E4E7019B013B0193A368DB07E8D550
:103F7000EBE700BFA00900200000015807B5037956
:103F8000012B014613480ED10368182253431B0C22
:103F90000193FFF70DFF019B013B0193019B002B58
:103FA000F9D1FFF7FBFE0368182253431B0C642270
:103FB0005343094A0193506910F0020004D0019B59
:103FC00023B902238B60012003B000BD019B013B9C
:103FD0000193F0E7A009002000040058F8B51E4640
:103FE0008379012B154604460F46DAB22CD143796A
:103FF000012B29D0022383714271FFF7BFFFA36811
:1040000093B90D212046FFF7D3FEFFF74DFF390A84
:104010002046FFF749FFF9B22046FFF745FF2E443F
:10402000B5420BD1FFF7BAFEA06801230038A37197
:104030004FF0000318BF01206371F8BD15F8011B94
:104040002046FFF731FFEBE70220F6E72DE9F041CC
:104050001E468379012B154604460F46DAB232D14B
:104060004379012B2FD04271FFF788FFD4F80880E5
:10407000B8F1000F16D11D212046FFF799FEFFF77A
:1040800013FF390A2046FFF70FFFF9B22046FFF76A
:104090000BFF41462046FFF707FF2E44AE420CD1EE
:1040A000FFF77CFEA06801230038A3714FF00003E6
:1040B00018BF01206371BDE8F08129462046FFF753
:1040C00027FF0135EAE70220F5E72DE9F0411E461A
:1040D0008379012B154604460F46DAB22AD143797B
:1040E000012B27D04271FFF749FFD4F80880B8F1BF
:1040F000000F0ED139462046FFF75AFEFFF7D4FED7
:1041000041462046FFF7D0FE2E44AE420CD1FFF7C9
:1041100045FEA06801230038A3714FF0000318BFCB
:1041200001206371BDE8F08129462046FFF7F0FECB
:104130000135EAE70220F5E7F8B51E468379012B41
:10414000154604460F46DAB226D14379012B23D017
:104150004271FFF713FFA36873B90E212046FFF7E2
:1041600027FEFFF7A1FE39462046FFF79DFE2E44AD
:10417000B5420BD1FFF712FEA06801230038A371EE
:104180004FF0000318BF01206371F8BD15F8011B43
:104190002046FFF789FEEBE70220F6E72DE9F04124
:1041A0001E468379012B154604460F46DAB22ED1FE
:1041B0004379012B2BD04271FFF7E0FED4F8088041
:1041C000B8F1000F12D11E212046FFF7F1FDFFF7D5
:1041D0006BFE39462046FFF767FE41462046FFF753
:1041E00063FE2E44B5420CD1FFF7D8FDA068012331
:1041F0000038A3714FF0000318BF01206371BDE8C0
:10420000F08129462046FFF783FE0135EAE70220C8
:10421000F5E700000E4B13B51B680E4C18214B43FD
:104220001B0C64214B430C4901930246E36A9B0437
:1042300003D5486910F0020004D0019B23B9022382
:104240009360012002B010BD019B013B0193EDE79B
:10425000A009002000080058000400582DE9F84388
:1042600099468379012B05460C461646DFB263D189
:104270004379012B60D04771FFF780FED5F80880A5
:10428000B8F1000F3DD1082C4CD8062C12D8022CC6
:1042900010D02A4B5B683220C3F38048FDF72EFC18
:1042A000274B4FF40052DA62D3F8902042F40052C8
:1042B000C3F8902021462846FFF77AFDFFF7F4FD6A
:1042C000B1444E4530D1FFF769FD082C32D8062C99
:1042D00017D8022C15D02846FFF79CFF184BD3F8AF
:1042E000902022F40052C3F890204FF40052DA627A
:1042F0003220FDF765FCB8F1000F02D03220FDF747
:10430000EFFBAB683BB904F0EF04A4F18402544224
:1043100054412C711F460123AB7100236B71384649
:10432000BDE8F883842CB3E716F8011B2846FFF795
:10433000BBFDC6E7842CCDE70227F0E700E100E0F3
:104340000008005810B5026852E8003F23F490734B
:1043500042E8003102680029F5D10F4C02F1080350
:1043600053E8003F234002F1080C4CE800310029DB
:10437000F4D1C36E012B07D152E8003F23F01003A4
:1043800042E800310029F7D12023C0F88C30002307
:10439000C366436710BD00BFFEFFFFEF704708B55F
:1043A000806A0023A0F85E30A0F85630FFF7F6FFD1
:1043B00008BD70470368D9691A682DE9F04140F6D5
:1043C0000F0631429D68044610D18E0640F1978059
:1043D00002F0200605F080573E4300F09080436FC6
:1043E000002B00F08580BDE8F0411847AB4EAC488B
:1043F0002E401040304300F08280CF0709D5D00511
:1044000007D501201862D4F8900040F00100C4F8EC
:1044100090008F0709D5E80707D502201862D4F865
:10442000900040F00400C4F890004F0709D5E80759
:1044300007D504201862D4F8900040F00200C4F8B8
:1044400090000F070BD502F02000304307D0082062
:104450001862D4F8900040F00800C4F890000E05EF
:104460000AD5500108D54FF400601862D4F8903096
:1044700043F02003C4F89030D4F89030002B37D0AC
:104480008B0609D502F0200205F080552A4303D09F
:10449000636F0BB1204698472668D4F89020B36824
:1044A00002F0280203F0400353EA0205204621D01F
:1044B000FFF748FFB3685F0617D5226802F10803CB
:1044C00053E8003F23F04003083242E8003100295E
:1044D000F3D1D4F8800040B1724B8363FDF749FCFF
:1044E00030B1D4F88000836B7DE72046FFF756FF9C
:1044F000BDE8F081FFF752FFC4F89050F8E7E06E96
:10450000012840F08980CE0640F18680D00640F137
:10451000838010221A629A6851064BD5D4F8802005
:1045200011684A6892B2002AE2D0B4F85C00904266
:10453000DED9A4F85E200A6892062FD453E8002F33
:1045400022F4807243E800210029F7D103F1080228
:1045500052E8002F22F0010203F1080040E8002198
:104560000029F3D103F1080252E8002F22F04002A3
:1045700003F1080040E800210029F3D12022C4F80B
:104580008C20E16653E8002F22F0100243E800215E
:104590000029F7D1D4F88000FDF7B6FB022323678A
:1045A000B4F85E30B4F85C10C91A89B22046FFF73F
:1045B00000FF9DE7B4F85E20B4F85E1089B292B2B5
:1045C000002995D0B4F85C10891A89B200298FD0DF
:1045D00053E8002F22F4907243E800200028F7D11E
:1045E000314D03F1080252E8002F2A4003F108067A
:1045F00046E800200028F4D12022C4F88C2060670F
:10460000E06653E8002F22F0100243E80020002863
:10461000F7D102232367C9E7CF0209D56E0207D578
:104620004FF4801220461A62BDE8F04100F03EB817
:1046300008060BD502F0800005F40005284305D0DC
:10464000A36F002B3FF454AF2046CCE64F0611D5A4
:1046500056060FD553E8002F22F0400243E8002110
:104660000029F7D12023C4F88830A1672046EDF750
:1046700021F83DE70D0206D5500004D52046BDE8DF
:10468000F04100F015B8CB017FF532AF002ABFF63C
:104690002FAF2046BDE8F04100F009B8010000103E
:1046A000200100049F430208FEFFFFEF70477047A0
:1046B000704710B5EFF3058414B10124204610BDF6
:1046C00001F096FF0128F9D0EFF31083002BF4D10D
:1046D000EFF31184003C18BF0124EFE708B501F0A7
:1046E00087FF012803D0BDE8084002F0BBBC08BD2D
:1046F00008B5FFF7DEFF48B901F07AFF012803464D
:1047000007D1054A106820B9136008BD6FF0050095
:10471000FBE74FF0FF30F8E76849002008B501F0EB
:1047200067FF38B1022804D0034B1868431E584273
:10473000584108BD0320FCE76849002010B5FFF789
:10474000B8FF044678B901F053FF01280ED1094B98
:104750001A68012A0AD1084AD47702221A6001F0A5
:1047600079FB204610BD6FF00500FBE74FF0FF30EE
:10477000F8E700BF6849002000ED00E008B5FFF74A
:1047800098FF18B1BDE8084001F0B8BBBDE808408B
:1047900001F0AEBB4FF47A707047F0B587B00023DC
:1047A00006460F4614460593FFF783FF18BB16B362
:1047B0006CB3A56925B16B1E372B02D907B0F0BDCC
:1047C00018256368DB0735D46369B3B14FEA930CEE
:1047D000D4E9022021689AB1A7280CD9206950B1E8
:1047E0004BB1013DCDE9010200953B4662463046A2
:1047F00001F048FA05900598E0E74FF0800CE7E7F4
:104800000028F8D12369002BF5D10C4602E01825C9
:104810004FF0800C05AB013D019300953B461FFA1C
:104820008CF22146304601F058FA01281CBF0023C3
:104830000593E0E70020C1E708B5002001F07CFA0D
:10484000FEE738B50546FFF734FF044650B965B1B9
:10485000284601F0BDFA04280AD0284601F06CFA77
:10486000204638BD6FF00500FBE76FF00300F8E766
:104870006FF00200F5E7F0B50E4685B0044608B1CA
:10488000002905DA6FF003030293029805B0F0BD2A
:104890004FF0FF330293FFF70CFF02AF054600B362
:1048A000002503ABCDE900533246012329462046BB
:1048B000039502F051F82B46CDE900752A462946AA
:1048C000204602F049F8039B002BDED04FF0E02396
:1048D0004FF08052C3F8042DBFF34F8FBFF36F8F9B
:1048E000D3E70090324601460123204601F0B6FF8F
:1048F00000972B462A462946204601F0AFFFC4E721
:104900001FB5FFF7D6FE044628B16FF005030393E9
:10491000039804B010BD01F065FE03AB009322467E
:104920002346214601F09AFF0128F1D04FF0FF33D2
:10493000EDE72DE9FF4705460F461646FFF7B9FE9E
:10494000044600283DD1002D3EDB17F0020F0CBFBE
:10495000AA464FF0000A01F0CBFAB046814607F0B4
:1049600001070021CDF8008003AB5246084601F054
:104970001BFF01281CD1039B2C401C4305EA0403A8
:104980002FB19D4205D046B96FF0020401E0002B23
:10499000F9D0204604B0BDE8F08701F0A9FAA0EBF9
:1049A00009039E4213D306EB0908A8EB0008D8E7D9
:1049B000002E14BF6FF001046FF002040028D0D164
:1049C000E7E76FF00504E4E76FF00304E1E74FF079
:1049D0000008C6E710B50446FFF76BFE28B914B10E
:1049E000204601F007FC002010BD6FF00500FBE73A
:1049F00010B50446FFF75DFE50B95CB1D4E902037F
:104A000028B11F2B04D9BDE8104000F09BBA0BB1B0
:104A1000002010BDBDE8104000F0A3BA37B50C4629
:104A2000054630B3B1F1807F23D2FFF742FEC8B113
:104A3000002301AA21462846019300F051FBD8B17A
:104A4000284600F00DFB019B20434BB14FF0E023C3
:104A50004FF08052C3F8042DBFF34F8FBFF36F8F19
:104A600003B030BD2146284603B0BDE8304000F019
:104A700005BB6FF00300F3E76FF00200F0E770B5DD
:104A80000E46054600B3B1F1807F1DD2FFF711FE3F
:104A9000A0B1284600F0E4FA31460446284600F06A
:104AA000D7FAA0B14FF0E0234FF08052C3F8042DA5
:104AB000BFF34F8FBFF36F8F204670BD314628463E
:104AC000BDE8704000F0B4BA6FF00304F4E76FF093
:104AD0000204F1E72DE9F3410C4615461E46074650
:104AE00020B96FF0030002B0BDE8F081B1F1807F22
:104AF000F7D2FFF7DEFD20B1002EF2D16FF00500F6
:104B0000F1E705F00108C5F3400282F001020096CA
:104B100043462146384600F032FA04EA0002B8F172
:104B2000000F08D0A242DED0002E14BF6FF00100AB
:104B30006FF00200D7E7002AF6D0D4E770B505463B
:104B4000FFF7B7FD10B10024204670BD1DB36E689D
:104B50003307F8D4D5E9021306F0010691B14F2BC3
:104B6000F1D9B6B1042000F0B7FC04460028EAD021
:104B7000296811B1204600F0BBFE002EE4D044F0BD
:104B80000104E1E7002BDED12EB1042000F0CEFCC1
:104B9000EBE70120E7E7012000F0C8FC044600280D
:104BA000D1D0002DD0D00026E2E7F8B505460C465E
:104BB00020F0010600F00107FFF77BFDA0B9012DF1
:104BC00015D92146304667B100F037FE012801D1E2
:104BD0000020F8BD002C14BF6FF001006FF0020040
:104BE000F7E700F09CFDF1E76FF00500F1E76FF0EB
:104BF0000300EEE770B5044620F0010500F0010661
:104C0000FFF757FD90B9012C13D946B1284600F0A3
:104C100078FC01280CBF00206FF0020070BD334605
:104C200032463146284600F0DAFBF2E76FF0050025
:104C3000F4E76FF00300F1E773B504460E4615463E
:104C4000FFF737FD40B93CB1B44205D355B1D5E9C2
:104C500002322BB14F2A25D80024204602B070BD65
:104C6000002AF9D1012C08D02046314600F0A9FBDA
:104C700004460028F0D075B9EFE703220021012097
:104C800000F063FB17E020461A46314600F087FB30
:104C900004460028E0D029680029DED0204600F034
:104CA00027FEDAE7012CEED10322009201460246EC
:104CB000204600F026FB04460028CDD0002EDAD096
:104CC00000231A46194600F08AFB0128D3D020465B
:104CD00000F044FEC0E737B50C46054618B96FF042
:104CE000030003B030BDFFF7E4FCD8B1002CF6D1CF
:104CF00001AA21462846019400F0B3FD012802D004
:104D00006FF00200EDE7019B0BB90020E9E74FF0DF
:104D1000E0234FF08052C3F8042DBFF34F8FBFF351
:104D20006F8FF2E72146284600F0F9FC0128ECD00D
:104D3000002CE5D06FF00100D3E713B5044628B38B
:104D4000FFF7B7FC0346C8B1002301A92046019331
:104D500000F03BFC012803D06FF0020002B010BD50
:104D6000019B4BB14FF0E0234FF08052C3F8042D6C
:104D7000BFF34F8FBFF36F8F0020EFE7024601466E
:104D8000204600F02CFB0128F6D0E5E76FF0030089
:104D9000E4E710B5044660B1FFF78BFC20B1204674
:104DA000BDE8104000F0A1BD2046BDE8104000F075
:104DB00093BD10BDF7B505460E461446FFF779FCC6
:104DC00018B10025284603B0F0BD002DF9D0002E03
:104DD000F7D01CB3D4E90232C3B14F2AF1D922690A
:104DE000002AEED0676906FB05F18F42E9D30090F7
:104DF0003146284600F085FA05460028E1D02168B2
:104E00000029DFD0284600F073FDDBE7002AD8D167
:104E10002369002BD5D16369002BD2D1284600220B
:104E2000314600F092FA05460028CAD0002CE6D19F
:104E3000C8E773B51C4605460E46FFF73AFC034625
:104E4000F0B15DB356B34CBB234601AA31462846A8
:104E5000019400F07DFB012803D06FF0020002B046
:104E600070BD019B0BB90020F9E74FF0E0234FF034
:104E70008052C3F8042DBFF34F8FBFF36F8FF2E75B
:104E800065B15EB122463146284600F0A8FA0128F5
:104E9000E9D0002CE1D06FF00100E0E76FF00300F3
:104EA000DDE773B505460E461C46FFF702FCE8B188
:104EB00055B34EB344BB01AA31462846019400F0D5
:104EC000D0FC012803D06FF0020002B070BD019B3E
:104ED0000BB90020F9E74FF0E0234FF08052C3F800
:104EE000042DBFF34F8FBFF36F8FF2E765B15EB153
:104EF00022463146284600F09BFB0128E9D0002CD1
:104F0000E1D06FF00100E0E76FF00300DDE7FFF7AD
:104F100040BF0000034B0360034B0B608023136012
:104F2000704700BFC0480020C0460020034B03600C
:104F3000034B0B6040231360704700BF18460020EE
:104F40001845002013B520230193044630B10023F7
:104F500040F8043B00F0CCF801232377204602B050
:104F600010BD38B5202001F053FF044628B10025BC
:104F700040F8045B00F0BCF82577204638BD2DE9E9
:104F8000F84306460D469846DDF82090174600F097
:104F9000A7FF346804EA0503B8F1000F13D1A3B9E1
:104FA000B9F1000F15D0391E18BF01210906B8F15B
:104FB000000F01D041F080614A462943301D01F0C5
:104FC000BDF9002407E0AB42EAD117B124EA05039A
:104FD00033604FF0000901F071F8B9F1000F1CD0F7
:104FE00048B94FF0E0234FF08052C3F8042DBFF3CF
:104FF0004F8FBFF36F8F01F0BFFB830104460AD4CC
:1050000001F0F0FF346805EA0403B8F1000F07D19E
:1050100043B901F0F7FF24F07F442046BDE8F88350
:105020009D42F6D1002FF4D024EA05053560F0E763
:1050300070B505460C4601F0D5FF2E6826EA04043B
:105040002C6001F0DFFF304670BDFFF7F1BF0000BC
:105050000A4600230146014801F0A0BE4B50020859
:10506000EFF311834FF0500282F31188BFF36F8F7B
:10507000BFF34F8F006883F3118870472DE9F0412B
:1050800004460D4600F10C0600F02AFF2368206953
:105090002B4323600025B042216807D121EA050196
:1050A000216001F00BF82068BDE8F081D0F80480A1
:1050B000026822F07F4312F0806F03EA010702D1F9
:1050C0001FB94046E7E7BB42FBD1D20141F0007176
:1050D00048BF1D4301F0DAF9F3E7FFF7CFBF000047
:1050E00013460A460146014801F058BEDB5002084B
:1050F00000F108034FF0FF3243608260C360036138
:1051000000230360704700230361704743684B60CE
:105110009A688A609A6851609960086103680133EF
:10512000036070470A68531C10B50BD103695A68B5
:105130004A604A6891608B60596008610368013376
:10514000036010BD00F108035C6824689442EED847
:105150005B68F9E703694268816891608268416829
:1051600051605A68824204BF82685A60002202611C
:105170001A68013A1A601868704710B5044601F0C1
:1051800031FFA46B01F03EFFB4FA84F0400910BD7A
:1051900070B51646026C856B044642B906689EB926
:1051A000806801F07DFAA6600135A56370BD6EB917
:1051B000406802F0DDFC6368226C1344A2686360FF
:1051C000934224BF236863600020EDE7C06802F0CB
:1051D000CFFC226CE36851429B1A2268E360934241
:1051E0003EBFA3685B18E360022EEDD10DB1013D17
:1051F000EAE72846D8E7034610B41A6C08465AB1C5
:10520000DC68A1189C68D960A14228BF196810BC4D
:1052100028BFD96002F0ACBC10BC704770B5044622
:1052200001F0E0FE94F8455004F124066DB2002D23
:1052300001DD636AB3B9FF2384F8453001F0E2FE73
:1052400001F0D0FE94F8445004F110066DB2002D28
:1052500001DD23697BB9FF2384F84430BDE8704049
:1052600001F0D0BE304601F0A9F808B101F092F982
:10527000013D6DB2DBE7304601F0A0F808B101F066
:1052800089F9013D6DB2E2E770B50E46044610B3F0
:10529000C06B00B3236CA3FB0035DDB901F0A2FEA7
:1052A000D4E90F31226862604B43D0185B1A1A446C
:1052B000FF23A563A06084F84430E26084F84530A1
:1052C00056B104F11000FFF713FF04F12400FFF7BB
:1052D0000FFF12E0002070BD236973B104F11000CC
:1052E00001F06CF848B14FF0E0234FF08052C3F862
:1052F000042DBFF34F8FBFF36F8F01F083FE0120AA
:10530000E9E737B50D461C46D8B113B122B121B932
:105310000C46204603B030BDA9B950230121002D11
:1053200008BF2246C4E90F05019384F846102260A5
:105330002046019BFFF7A8FF9DF8183084F84C30F9
:10534000E7E70446E5E71446E3E72DE9F0410D46BB
:105350001746064618B900242046BDE8F081A1FB97
:105360000038B8F1000FF6D1484310F1510FF2D8D0
:10537000503001F04DFD04460028ECD080F8468006
:105380005DB100F15003C4E90F652360012120469F
:10539000FFF77AFF84F84C70DEE70346F3E737B592
:1053A00013460D4658B1884209D3022200920022CA
:1053B0001146FFF7A6FF00B1856303B030BD0020A2
:1053C000FBE710B50C4640B1884206D3022200210B
:1053D000FFF7BBFF00B1846310BD0020FCE72DE99F
:1053E000FF41002704460E4601921D46B84601F0D3
:1053F000F9FDA26BE36B9A421BD22A463146204646
:10540000FFF7C6FE636A1BB104F1240000F0D6FF6B
:1054100048B14FF0E0234FF08052C3F8042DBFF3A2
:105420004F8FBFF36F8F01F0EDFD012004B0BDE899
:10543000F081022DE1D0019B1BB901F0E3FD0020BA
:10544000F4E717B902A801F071F801F0DBFD00F0F4
:1054500047FD01F0C7FD94F84430FF2B08BF84F8E6
:10546000448094F84530FF2B08BF84F8458001F054
:10547000C9FD01A902A801F065F838BB01F0B2FD31
:10548000A26BE36B9A420ED101F0BCFD019904F1CD
:10549000100000F043FF2046FFF7C0FE00F00EFEB4
:1054A00048B10127A3E701F0ADFD2046FFF7B6FEA6
:1054B00000F004FEF5E74FF0E0234FF08052C3F810
:1054C000042DBFF34F8FBFF36F8FEAE72046FFF73E
:1054D000A5FE00F0F3FDB2E713B500220B460090E5
:1054E00011460120FFF70DFF044638B10023836009
:1054F0000360C3601A461946FFF771FF204602B0E9
:1055000010BD38B58568044601F06CF885420BD1B2
:10551000E368013BE3600BB1012038BD1A46194630
:105520002046FFF75CFFF7E70020F6E710B50246DC
:1055300000210120FFF709FF044638B100238360F2
:105540000360C3601A461946FFF749FF204610BDA5
:105550002DE9F8430446894616461F4601F0FCFD36
:10556000EFF311884FF0500383F31188BFF36F8F6F
:10557000BFF34F8FA26BE36B9A4201D3022F22D16C
:1055800094F84550A36B6DB23A4649462046FFF762
:10559000FFFD6B1C0ED1636A3BB104F1240000F0E7
:1055A0000DFF10B10EB101233360012088F3118883
:1055B000BDE8F88300F0AAFC8542F6D201356DB251
:1055C00084F84550F1E70020F0E7F8B504460E46B0
:1055D00001F0C2FDEFF311874FF0500383F3118800
:1055E000BFF36F8FBFF34F8FA36BE26B9A421DD94E
:1055F00094F845200133FF2A55B2A3630DD1636AA5
:105600003BB104F1240000F0D9FE10B10EB101232A
:105610003360012087F31188F8BD00F077FC8542E4
:10562000F7D201356DB284F84550F2E70020F1E77A
:105630002DE9FF41002704460E460192B84601F0CD
:10564000D1FCA56BE5B131462046013DFFF7D3FD06
:10565000A563236973B104F1100000F0AFFE48B1F7
:105660004FF0E0234FF08052C3F8042DBFF34F8F6B
:10567000BFF36F8F01F0C6FC012004B0BDE8F081DC
:10568000019B1BB901F0BEFC0020F6E717B902A888
:1056900000F04CFF01F0B6FC00F022FC01F0A2FC8F
:1056A00094F84430FF2B08BF84F8448094F84530C8
:1056B000FF2B08BF84F8458001F0A4FC01A902A8D3
:1056C00000F040FF00BB2046FFF757FDB0B1019945
:1056D00004F1240000F022FE2046FFF79FFD00F0B9
:1056E000EDFC48B94FF0E0234FF08052C3F8042D91
:1056F000BFF34F8FBFF36F8F0127A0E72046FFF75F
:105700008DFD00F0DBFCF7E72046FFF787FD00F09A
:10571000D5FC2046FFF731FD0028EDD0B4E7F0B509
:1057200085B00025044601912F462E4601F05AFC13
:10573000A36BE3B1013BA363236813B901F028F81D
:10574000A060236973B104F1100000F037FE48B186
:105750004FF0E0234FF08052C3F8042DBFF34F8F7A
:10576000BFF36F8F01F04EFC012005B0F0BD019B2F
:105770001BB901F047FC0020F7E717B902A800F0B9
:10578000D5FE01F03FFC00F0ABFB01F02BFC94F8E0
:105790004430FF2B08BF84F8446094F84530FF2B59
:1057A00008BF84F8456001F02DFC01A902A800F0B3
:1057B000C9FE50BB2046FFF7E0FC00B323683BB9AD
:1057C00001F010FCA06800F023FF054601F01AFC70
:1057D000019904F1240000F0A1FD2046FFF71EFD11
:1057E00000F06CFC48B94FF0E0234FF08052C3F852
:1057F000042DBFF34F8FBFF36F8F012796E720462D
:10580000FFF70CFD00F05AFCF7E72046FFF706FD16
:1058100000F054FC2046FFF7B0FC0028EDD0002D2E
:10582000A9D001F0DFFB616A19B1236B1968C1F1DE
:105830003801A06800F066FF9BE770B586680446F3
:105840000D4600F0CFFE864204D1E3680133E360E9
:10585000012005E029462046FFF761FF0028F4D12A
:1058600070BD2DE9F84304468946904601F074FC6A
:10587000EFF311874FF0500383F31188BFF36F8F5D
:10588000BFF34F8FA66B2EB394F8445049466DB2C8
:105890002046FFF7B0FC013E6B1CA66311D12369C3
:1058A00053B104F1100000F089FD28B1B8F1000FE8
:1058B00002D00123C8F80030012087F31188BDE829
:1058C000F88300F023FB8542F6D201356DB284F8EF
:1058D0004450F1E73046F0E710B5044601F082FB92
:1058E000A46B01F08FFB204610BD806B7047000059
:1058F00070B5B9B10C4A00231C461546566886425D
:1059000004D105EBC403C3E900100BE01BB9166812
:10591000002E08BF13460134082C02F10802EDD115
:10592000002BF0D170BD00BF6C49002010B5094AB2
:10593000002352F8331081424FEAC30406D1064ACD
:10594000002142F833102244516010BD0133082B6E
:10595000EFD1FAE7704900206C49002010B5FFF73D
:10596000E5FF90F846301BB9BDE8104001F0C8BA19
:1059700010BD70B504460D46164601F033FB94F891
:105980004430FF2B04BF002384F8443094F84530A2
:10599000FF2B04BF002384F8453001F033FBA36BD9
:1059A0002BB93246294604F1240000F0E7FC2046DA
:1059B000BDE87040FFF732BC2DE9F041044601F02C
:1059C00011FB344B344E1A68344F01321A6035687B
:1059D000002D53D134601B68012B1FD1B8464046BF
:1059E0000135FFF785FB382D08F11408F7D1DFF8F2
:1059F000B0802C4D4046FFF77BFB2846FFF778FB35
:105A00002948FFF775FB2948FFF772FB2848FFF785
:105A10006FFB284BC3F80080274B1D60274A136893
:105A200001331360264A63641168E36A8B4288BFBE
:105A3000136014225343F9184A68A2609068E0602A
:105A40009568201D686090606161FA580132FA50D3
:105A500001F0D8FA1B4B1B6873B13368DA6AE36A4A
:105A60009A4209D24FF0E0234FF08052C3F8042D40
:105A7000BFF34F8FBFF36F8FBDE8F081114B1B68F1
:105A8000002BCBD13368DA6AE36A9A4298BF34605C
:105A9000C4E700BFD0490020A44E0020444A0020A3
:105AA000304A00201C4A0020004A0020EC49002017
:105AB000D4490020184A0020144A0020B44900208C
:105AC000C8490020C4490020F8B51C4B1C4C1D6877
:105AD0000646206804300F46FFF73CFB731C14D1C8
:105AE0009FB1184B5A6821688A6021689068C86025
:105AF0002168906804314160216804319160226816
:105B000053611A6801321A60F8BD2368AD195D60EF
:105B100007D30D4B18682168BDE8F8400431FFF742
:105B200001BB0A4B186821680431FFF7FBFA084BE8
:105B30001A68AA4288BF1D60E6E700BFCC49002072
:105B4000A44E0020D4490020144A0020184A002006
:105B5000B0490020094B0A4A1B681268D06A50B944
:105B6000084A1268012A07D833B9074B1868074B4F
:105B70001B68C01A70470020704700BFC84900204A
:105B8000A44E0020444A0020B0490020CC49002007
:105B9000064A13681968064B19B94FF0FF321A60AC
:105BA00070471268D2681268F9E700BF184A0020EF
:105BB000B04900200A4B10B504461868543001F073
:105BC0003DFF94F8A5303BB9206B01F099F92046D0
:105BD000BDE8104001F094B9012BF8D010BD00BF12
:105BE000A44E00202DE9F843DDE9099496003246E1
:105BF00007460D46206BA521984601F017FF236B41
:105C0000043E1E4426F007066DB16B1E04F13302FC
:105C10000F3513F8011F02F8011F09B1AB42F8D18B
:105C2000002384F84330089D372D28BF3725E562CF
:105C3000E564201DFFF767FAC5F1380504F1180087
:105C4000FFF761FA4C2200212461A561646204F12E
:105C5000540001F0EBFE0A4BA36503F16802D03358
:105C6000E265236642463946304601F091F92060EC
:105C7000B9F1000F01D0C9F80040BDE8F88300BFBA
:105C80000CA400202DE9F04387B0DDE90F549046C5
:105C9000A822049299460646049B0F46BCB1D5B192
:105CA0000021204601F0C2FE022384F8A53005AB96
:105CB000256301930E9B0294009342464B4639465E
:105CC0003046FFF78FFF2046FFF776FE059C204603
:105CD00007B0BDE8F0832C46F9E72DE9F04307460D
:105CE00085B0900088461646994601F091F8054621
:105CF00020B94FF0FF3005B0BDE8F083A82001F0D7
:105D000087F80446A0B1A822002101F08FFE0D9B68
:105D1000256301930C9B009332464B46414638461F
:105D20000294FFF75FFF2046FFF746FE0120E2E7FF
:105D3000284601F0E5F8DCE770B504461E4D01F099
:105D400051F904B92C68261D3046FFF703FAA36AFF
:105D50001BB104F11800FFF7FDF9184A136801336D
:105D600013602B68A34220D115483146FFF7CEF9C6
:105D7000144A13680133136001F044F92B68A342FD
:105D800002D02046FFF716FF0F4B1B6863B12B684C
:105D9000A34209D14FF0E0234FF08052C3F8042D05
:105DA000BFF34F8FBFF36F8F70BD084A1368013B7D
:105DB0001360FFF7EDFEDFE7A44E0020B44900209A
:105DC000EC490020E8490020C4490020D0490020C7
:105DD0001A4B1B6883422DE9F041044626D001F09E
:105DE00001F9174B6569D4F828801F68154B1E68A8
:105DF00001F008F9144B98451AD0BD421AD0B542AB
:105E000018D0124B9D4209D1A36A9BB994F8A430D3
:105E1000012B0CBF02200320BDE8F0810C4B9D42FA
:105E20000AD0002D0CBF04200120F5E70020F3E785
:105E30000120F1E70220EFE70420EDE7A44E002067
:105E4000184A0020144A0020004A0020D4490020AB
:105E5000EC49002010B588B0002407AA06A905A8BF
:105E6000CDE90544FFF756F8059B0293069B079A78
:105E700013491448CDE900432346FFF703FFD0B18F
:105E800000F062FF012816D14FF0500383F3118810
:105E9000BFF36F8FBFF34F8F0B4B0C4A1B6854330C
:105EA00013600B4B4FF0FF321A600A4B18600A4B1D
:105EB0001C6001F0FFF8094B1B6808B010BD00BF63
:105EC0002EB7020825620208A44E0020B009002067
:105ED000B0490020C4490020CC490020ECBE020893
:105EE000024A136801331360704700BFAC490020B9
:105EF000014B1868704700BFCC49002008B501F07D
:105F00002BF9014B186808BDCC490020014B1868DB
:105F1000704700BFD049002038B50A4D0A4A2B68A7
:105F2000126803449342044608D101F05BF8074A23
:105F300013680133136001F065F8013C2B682344BA
:105F40002B6038BDCC490020B0490020C04900205A
:105F50002DE9F84F4E4B1B68002B40F092804D4BC3
:105F60001C6801341C605CB94B4A4C4B11681868C2
:105F700010604B4A1960136801331360FFF708FE85
:105F8000484F49483B68DFF824C19C424FF000016C
:105F90000BD3DFF80481DFF818A18946D8F8003068
:105FA0001B689BB94FF0FF333B60DCF80030DB6AC5
:105FB00014225343C0583F4B1B68012898BF002B45
:105FC00014BF012000200843BDE8F88FD8F8003046
:105FD000DB68DB685A68944201D23A60E5E75A69A7
:105FE0009D68DE68AE60DD689E686E6055681E1D47
:105FF000B54204BFDD685560C3F814901568013DD3
:1060000015609A6ABAB19A6ADD69D3F820E0C5F8DA
:1060100008E01D6AD3F81CE0C5F804E0D2F804E0FB
:1060200003F11805AE4504BF1D6A5560C3F82890FA
:106030001568013D1560DAF80050DA6AAA424FF09F
:10604000140588BFCAF800206A4300EB020EDEF890
:1060500004509D60D5F808B0C3F80CB0D5F808B06E
:10606000CBF80460AE60C3F814E085580135855064
:10607000DCF80050DA6AEB6A9A4288BF41F001010D
:106080008CE70D4A13680133136000209CE700BFC2
:10609000AC490020CC490020184A0020144A0020B6
:1060A000B8490020B0490020444A0020A44E0020F6
:1060B000C8490020BC490020C04900202DE9F84F04
:1060C00000F090FF434B1A68013A1A601B682BB12D
:1060D000002400F097FF2046BDE8F88F3E4A126882
:1060E000002AF5D03D4D3E4E3E48DFF8FC903F4F34
:1060F0009E464FF014084FF0010A48E0EB68DB6859
:106100009A6AD9691C6A8C60196ADC694C605468A7
:1061100003F118018C4204BF196A51600021996291
:106120001168013911605A699968DC688C60D96816
:106130009C684C6051681C1DA14204BFD968516025
:10614000C3F814E01168013911603168DA6A8A42D3
:1061500088BF326008FB02F200EB020CDCF804108E
:106160009960D1F808B0C3F80CB0D1F808B0CBF8FA
:1061700004408C60C3F814C0815801318150D9F8B3
:106180000010DA6AC96A8A4201D9C7F800A02A68F1
:10619000002AB3D10BB1FFF7FBFC154D2C6844B1BD
:1061A000124E0127FFF7D4FE00B13760013CF9D150
:1061B0002C600E4B1B68002B8AD04FF0E0234FF071
:1061C0008052C3F8042DBFF34F8FBFF36F8F0124AC
:1061D0007FE700BFAC490020D0490020004A0020E2
:1061E000C8490020444A0020A44E0020BC49002099
:1061F000C049002008B550B94FF0E0234FF080525D
:10620000C3F8042DBFF34F8FBFF36F8F08BD00217C
:10621000FFF766FEFFF758FCFFF750FF0028EBD0B2
:10622000F4E70000F8B51D4D1D4E1E4C2B6813BB46
:106230001D4B1B68012B09D94FF0E0234FF0805212
:10624000C3F8042DBFF34F8FBFF36F8FEAF7C6FA81
:10625000FFF780FC0228E8D9FFF742FEFFF77AFC3F
:106260000446EAF7C5F9022C02D92046EAF7CCF930
:10627000FFF724FFD9E700F0B5FEF368DF68381DAB
:10628000FEF768FF2368013B23602B68013B2B600E
:1062900000F0B8FE3846FFF78DFCC7E7E84900205C
:1062A000EC490020D0490020444A0020154B1A68D0
:1062B000154B70B512B101221A6070BD134C1A60F3
:1062C0002168134A142606FB01F3D018D558B5B13E
:1062D00045686D6845604568083313449D4204BFB6
:1062E000C3684360142303FB01225368DA68094B37
:1062F0001A6021601B68084A54331360DDE70139D6
:10630000E1E700BFAC490020BC490020C84900209B
:10631000444A0020A44E0020B009002010B5064BCE
:106320000C4619681831FEF7FDFE20460121BDE834
:106330001040FFF7C9BB00BFA44E002030B40E4C84
:106340000346206841F00041816159682068C161BD
:1063500020688D680562256888681835456025685D
:1063600018358D6021688B6219680131196030BC65
:1063700001211046FFF7A8BBA44E00200E4B70B4BD
:1063800044681D68EC611D68A6682E621D68A668D9
:10639000183575601D681835A5601B68986203681C
:1063A000002A03F10103036070BC0CBF08464FF0E4
:1063B000FF301146FFF788BBA44E0020C368D868A1
:1063C000836AC269016A70B59160026AC1695160ED
:1063D0005A6800F118018A4204BF026A5A6000221A
:1063E00082621A68013A1A60224B1B68002B33D173
:1063F00043698268C1689160C268816851605A6867
:10640000041DA24204BFC2685A60002242611A6899
:10641000013A1A60184AC36A11688B4288BF136038
:10642000164914225343CD186A6882609668C66084
:106430009668746094604561CA580132CA50FFF78B
:10644000A7FB0F4BC26A1B68DB6A9A4283BF0D4BE6
:1064500001201860002070BD0B4B5A68C26194681F
:10646000046294686160916083621A6801321A6004
:10647000E7E700BFAC490020C8490020444A00209B
:10648000A44E0020BC490020004A002041F00041F9
:1064900070B50160036942688168C4689160826870
:1064A000416851605A68824204BF82685A60002580
:1064B00005611A68013A1A60FFF76AFB6369A2680E
:1064C000E1689160E268A16851605A68201D8242CB
:1064D00004BFE2685A6065611A68013A1A600F4A9F
:1064E000E36A11688B4288BF13600D49142253433D
:1064F000CD186A68A2609668E660966870609060E1
:106500006561CA580132CA50064BE26A1B68DB6AF1
:106510009A4282BF044B01221A6070BDC849002014
:10652000444A0020A44E0020BC490020034B1B68B5
:106530000360034B1B684360704700BFB8490020ED
:10654000CC49002070B50D46044600F04BFD0F4BC2
:1065500019682B685A1C17D00D48266800686268B5
:10656000864208D08A4206D800232B60012400F01E
:1065700049FD204670BD881A8342F5D95B1A134441
:106580002B602046FFF7D2FF0024F0E7CC49002023
:10659000B8490020014B01221A607047BC49002015
:1065A0000B4B1B687BB90B4A106870B90A4B1B6810
:1065B00063B90A4B18680A4B1B68013B98420CBF31
:1065C000022001207047002070471846704700BF26
:1065D000004A0020BC490020C0490020D4490020C6
:1065E000D0490020014B1868704700BFA44E00201E
:1065F000054B1B6833B1054B1868B0FA80F04009B1
:106600004000704701207047C4490020AC49002079
:10661000F8B5044600282FD01E4DC36A2A68D26AF6
:1066200093422ED282691C4E002AA1BF2A68D26AE8
:10663000C2F1380282614269142101FB03639A426C
:106640001BD1071D3846FEF785FD2B68134ADB6A10
:106650001168E3628B4288BF136014225343F11820
:106660004A68A2609068E0609068476097606161E6
:10667000F2580132F2500120F8BD2B68DB6AC36288
:10668000F9E72B68C06CDB6A98422CBF0020012020
:10669000F2E700BFA44E0020444A0020C849002071
:1066A00070B5044608B9002070BD036DC16AC26CA4
:1066B000013B91420365F6D0002BF4D1051D28461D
:1066C000FEF748FDE36CE362C3F13802A2610B4AB6
:1066D00011688B4288BF1360094914225343C818BC
:1066E0004268A2609668E660966875609560606131
:1066F000CA580132CA500120D6E700BFC84900205D
:10670000444A002070B5044600282FD0C36C99423B
:1067100038BF1946C36A8B4228D0026D012A25D1A1
:106720008269C162002AA4BFC1F138018161104DA4
:106730004269142101FB03539A4217D1061D3046CA
:10674000FEF708FD0B4AE36A11688B4288BF1360AD
:1067500014225343E9184A68A2609068E060906888
:10676000466096606161EA580132EA5070BD00BF30
:10677000444A0020C8490020044B1A6890691968EF
:106780001A68CB6AC3F1380393617047A44E0020A6
:10679000044B1A681AB119680A6D01320A65186843
:1067A000704700BFA44E00202DE9F8432A4DDDF8C4
:1067B000208004461E468946174600F013FC2B68CD
:1067C000234493F8A430022B1DD02B6803EB8403E1
:1067D0000121D3F8A02022EA0902C3F8A0202B68E7
:1067E000234483F8A410B8F1000F0CD04046FFF703
:1067F0006BF94FF0E0234FF08052C3F8042DBFF344
:106800004F8FBFF36F8F00F0FDFB00F0EBFB2EB15D
:106810002B6804F1280253F8223033602B6823449C
:1068200093F8A430022B01BF2B6803EB84030126ED
:10683000D3F8A02004BFBA43C3F8A0202B68234498
:106840004FF0000218BF002683F8A42000F0DAFB06
:106850003046BDE8F88300BFA44E00202DE9F0418A
:10686000DDF8188004460D4617461E4600F0BAFBB8
:10687000B8F1000F05D005F1280354F82330C8F80B
:1068800000306319022293F8A41083F8A420731E29
:10689000C9B2032B0AD8DFE803F0024A525004EBD6
:1068A0008505D5F8A0303B43C5F8A030012938D183
:1068B0006369A268E1689160E268A16851605A6802
:1068C000251DAA4204BFE2685A60002262611A686C
:1068D000013A1A601D4AE36A11688B4288BF13604F
:1068E0001B4914225343C8184268A2609668E660A8
:1068F0009668756095606061CA580132CA50FFF7AA
:1069000047F9144BE26A1B68DB6A9A4209D94FF0D7
:10691000E0234FF08052C3F8042DBFF34F8FBFF335
:106920006F8F012400F06EFB2046BDE8F08104EB80
:106930008505D5F8A0300133B6E7022903D0283504
:1069400044F82570B2E70024ECE700BFC8490020F6
:10695000444A0020A44E00202DE9F8430446DDE916
:1069600008960D4690461F4600F0F6FBEFF31181A6
:106970004FF0500383F31188BFF36F8FBFF34F8F36
:10698000B9F1000F05D005F1280354F82330C9F8F8
:1069900000306319022293F8A40083F8A4207B1E20
:1069A000C0B2032B0BD8DFE803F0024B535104EBCA
:1069B0008505D5F8A03043EA0803C5F8A0300128C2
:1069C00039D12E4B1B68002B46D16369A268E06861
:1069D0009060E268A06850605A68271DBA4204BF00
:1069E000E2685A60002262611A68013A1A60244A19
:1069F000E36A1068834288BF13602248142253431D
:106A0000C5186A68A260D2F808C0C4F80CC0D2F8F1
:106A100008C0CCF8047097606561C2580132C2505A
:106A2000194BE26A1B68DB6A9A4204D9012306B15A
:106A30003360164A1360012081F31188BDE8F883A2
:106A400004EB8505D5F8A0300133B6E7022812D053
:106A5000283544F82580B2E70D4B5A68E26190680A
:106A60002062956804F1180068609060A3621A685B
:106A700001321A60D4E70020DEE700BFAC490020F5
:106A8000C8490020444A0020A44E0020BC490020F0
:106A9000004A0020914208B5416000610AD8D21A2C
:106AA00083699A420DD2084B011D1868FEF73AFB24
:106AB000002008BD9A4201D2994202D2034B011D27
:106AC000F3E70120F5E700BFA44F0020A84F002006
:106AD00070B504460D461646A1692B463246294438
:106AE0002046FFF7D7FF00B970BDA36920461D44BB
:106AF000236A9847F0E700000E4B1B68DB6870B50F
:106B0000DC680546201D0E46FEF724FB94F828306D
:106B10005A0709D5324629462046FFF7D9FF236A8E
:106B20002046BDE87040184723F0010384F8283060
:106B3000F5E700BFA84F002010B5084C23681A687D
:106B400022B9074A11682160136010BDDB684FF05D
:106B5000FF311868FFF7D0FFF0E700BFA84F002013
:106B6000A44F0020F7B5114C00F03CFA2568BDB9E0
:106B70000F4F104E3846FEF7BBFA3046FEF7B8FA14
:106B80000D4B0E4A1F600E4B10211E600A200D4B4C
:106B90000095FEF7B6FB206010B10B49FEF7A8FE8A
:106BA00003B0BDE8F04000F02DBA00BFA04F0020B8
:106BB000C04F0020AC4F0020A84F0020F84E00200E
:106BC000A44F0020A84E002033B702082DE9F0435F
:106BD000594F5A4E85B03B68D3F80090B9F1000F79
:106BE0002BD0DB68D3F800900025FFF779F9FFF789
:106BF0007FF93368DFF84881984204461FD330603C
:106C0000002D44D04F4B1B681D68B5FA85F56D0902
:106C1000D8F800002A46A9EB0401FEF7AAFEFFF708
:106C20004DFA88B94FF0E0234FF08052C3F8042D9D
:106C3000BFF34F8FBFF36F8F06E00125D5E7FFF756
:106C40007BFF3460FFF73AFAD8F80000002269466B
:106C5000FEF7EEFC0028BED0009B0298002B1FDB45
:106C6000029C63691BBBFFF743F9336898420546F2
:106C700001D2FFF761FF009B3560013B082BE3D891
:106C8000DFE803F019193C435219193C43008145D0
:106C9000BED8FFF713FA21464846FFF72DFFD3E78A
:106CA000019B03999847009B002BCDDBD8E7201D63
:106CB000FEF750FAD7E794F82830A16943F00103B2
:106CC00084F82830019B2A4619442046FFF7E2FE4B
:106CD0000028B9D094F8283059070AD5A36901993A
:106CE0002A4619442046FFF7F3FE236A20469847B8
:106CF000AAE723F0010384F82830F6E794F8283057
:106D000023F0010384F828309EE794F82830019995
:106D1000A16143F0010384F828302A462B46294418
:106D20002046FFF7B7FE8FE794F828309A07E7D49C
:106D3000204600F0E5F887E7A84F0020984F002094
:106D4000A04F0020A44F002010B588B0FFF70AFF25
:106D50000E4B18680024B8B107AA06A905A8CDE90A
:106D60000544FEF7E3F8059B0293069B019302237B
:106D70000093079A064907482346FEF783FF064B10
:106D80001860001B18BF012008B010BDA04F0020E4
:106D900038B70208CD6B02089C4F00201FB514467F
:106DA0001A466FF00103CDE900300548CDE9021421
:106DB000002369460068FEF7CBFB04B010BD00BF9E
:106DC000A04F002010B5104B1A461B688342FBD31E
:106DD00054681119884201BF416810460919516071
:106DE000446801198B420CD1084909688B4203D0D1
:106DF00059682144416019680160904218BF1060D1
:106E000010BD1946F8E700BFE84F0020E44F00200E
:106E1000F8B50446FFF764F833490B68F3B9334A11
:106E2000334D53071FBFD01D20F0070002F5A842C5
:106E3000131A0CBF4FF4A84302461344083B23F037
:106E40000703002068602A60C3E90000981AC2E9BD
:106E500000300B60274B1860274B1860631E0A3305
:106E600040D814F0070204F1080305D0A2F109008C
:106E7000984237D31034A31A002B33DD1E4F3E68DF
:106E80009E422FD31A4A14686068984201D225683E
:106E90002DBB0968A14225D0216815681160C21A6E
:106EA000102A05F1080504D9E01842606360FFF775
:106EB00089FF62680F49B61A42F0004262600F4AC9
:106EC00008683E60002323601368864203F10103D3
:106ED00038BF0E601360FFF7F1F82846F8BD224670
:106EE0002C46D1E70025F6E7E44F0020F04F0020C4
:106EF000E84F0020DC4F0020E04F0020D84F00205A
:106F000010B50446F0B150F8043C002B1ADA50F8E2
:106F1000082CBAB923F0004340F8043CFEF7E0FF28
:106F2000094A54F8043C1168A4F108000B441360AA
:106F3000FFF748FF054A1368BDE8104001331360AE
:106F4000FFF7BCB810BD00BFE04F0020D44F0020B9
:106F500082B0002301934FF0500383F31188BFF3F5
:106F60006F8FBFF34F8F019B002BFCD002B0704797
:106F700006480068006880F3088862B661B6BFF30F
:106F80004F8FBFF36F8F00DF00BF000008ED00E000
:106F90004FF0807340F8043C21F00101044B40F8AD
:106FA000081C40F80C3C40F8202C4038704700BFCB
:106FB000516F020800000000000000000000000007
:106FC000074B19680868B0E8F00F80F30988BFF331
:106FD0006F8F4FF0000080F311884EF00D0E704758
:106FE000A44E00204FF0500383F31188BFF36F8F3E
:106FF000BFF34F8F024A136801331360704700BF1D
:10700000AC090020034A1368013B13600BB983F3FA
:1070100011887047AC09002000000000000000004B
:10702000EFF30980BFF36F8F0D4B1A6820E9F00F63
:10703000106008B54FF0500080F31188FFF736F963
:107040004FF0000080F31188BDE808401968086817
:10705000B0E8F00F80F30988BFF36F8F704700BF6F
:10706000A44E002008B54FF0500383F31188BFF3FE
:107070006F8FBFF34F8FFEF76BFF28B14FF0E02308
:107080004FF08052C3F8042D002383F3118808BD0C
:107090004FF0E022002313619361054B4FF47A71A6
:1070A0001B68B3FBF1F3013B536107231361704786
:1070B000A009002013B500230193244B1A78D2B203
:1070C0008DF80220FF221A701B78DBB28DF8033096
:1070D0009DF803309DF8033013F0800F019B2CD1F5
:1070E000082B18BF019B1A4A14BFC3F107030023E2
:1070F0001B0203F4E06313609DF80230134ADBB215
:1071000013704FF0E0230024D3F8202D42F47F02C7
:10711000C3F8202DD3F8202D42F07F42C3F8202D54
:10712000FFF7B6FF0B4B1C60FFF722FFFFF7BEF81F
:10713000FFF70EFF204602B010BD013301939DF80A
:1071400003305B00DBB28DF80330C3E700E400E0FE
:10715000F0A30020AC090020EFF305830F2B84BFC0
:10716000014A9B5C704700BFF0E300E0024A002345
:107170001360024A13607047F8A30020F4A30020B4
:1071800010B5EFF3108472B641B1012903D1064A5C
:1071900013680343136084F3108810BD024A136818
:1071A00023EA0003F6E700BFF8A3002010B5EFF3D1
:1071B000108472B641B1012903D1064A1368034312
:1071C000136084F3108810BD024A136823EA000399
:1071D000F6E700BFF4A3002038B5EFF3108572B6D0
:1071E0000A4B0B4C1B6833B1236898476368984778
:1071F00085F3108838BD074B1B681BB1A3689847FF
:10720000E368F4E7236998476369F0E7F8A300208F
:1072100034B60208F4A3002040F2974398420BD101
:1072200041F20103994209D0054B064841F203029D
:10723000914208BF1846704702487047024870479D
:1072400040B7020847B702084FB702080B4A0C4B79
:1072500070B515680B4E11680446C5F30B0540F276
:107260009740854218BF1E46090C2846FFF7D4FFF9
:10727000C4E90056C4E90210204670BD002004E0B5
:1072800047B7020856B7020830B5114D85B0002344
:10729000CDE900010293ADF80C3003A82B699847A3
:1072A000009BBDF804400290181ABDF80C30E41A97
:1072B000A3B224B2002CBEBF03F57A731CB200F156
:1072C000FF302B689847AB682046984705B030BD23
:1072D00054B6020873B5114E002305460093ADF86D
:1072E000043001A833699847F368009098477368A1
:1072F00004469847009B1844BDF8043023449AB2D2
:107300001BB2B3F57A7FA2BF0130A2F57A731BB22C
:1073100028602846AB8002B070BD00BF54B602089A
:1073200037B500230093ADF80430064B04461B69C3
:1073300001A898470090DDE9000184E80300204699
:1073400003B030BD54B6020870B5EFF3108672B6C4
:10735000084C23683BB9084A084D13602B689847CE
:1073600028B92B699847236801332360002086F3EE
:10737000108870BDFCA3002000A4002068B602089D
:107380002DE9F041EFF3108872B630B31E4623B3F7
:1073900005461746EFF3108272B6144B1C6814B9F9
:1073A00020E0646914B1A542FBD1012482F3108866
:1073B0009CB90F4B00245B6A2C6008469847069BDB
:1073C0002B6101236860EE602C81EF726C612046B6
:1073D000AB7288F31088BDE8F081012088F3108833
:1073E000BDE8F08182F31088E3E700BF00A400202D
:1073F00068B602082DE9F047EFF3108572B678B150
:107400000446EFF3108272B6334E336813B90CE0C2
:107410005B6913B19C42FBD1012382F3108833B125
:10742000012085F31088BDE8F08782F31088EFF320
:10743000108372B6E27A002A33D0A77AB7FA87F7B8
:107440007F0983F31088002FEAD1DFF890A0D4F8E9
:107450000480DAF82090C847E37AB3FA83F3404512
:107460004FEA531338BF4046A3724FF48073238111
:10747000DAF818802060C04723683168184420601B
:1074800091B10B6898420ED34B6923B91FE05A693A
:107490001946EAB113461A689042F8D84C61636104
:1074A00013E0677ACDE70F7261613460C847064622
:1074B000C04706442068DAF80830B0424FF00102B5
:1074C00022723CBF2660304698470020A9E70B4651
:1074D00000225C616261F8E700A4002068B602083F
:1074E000F8B5EFF3108472B618B34FF48073A0F8B8
:1074F0000930EFF3108272B61F4D2B6813B938E0D4
:107500005B6913B19842FBD1012382F3108863B108
:107510002B68984211D0194613B906E0114623B1E1
:107520001A4690425B69F9D14B61002084F31088C0
:10753000F8BD012084F31088F8BD4669002303726A
:1075400096B10E4F2E603B6A9847BB690546984737
:1075500005443068BB68A8424FF0010232723CBF5C
:10756000356028469847E0E7044BDB6898472E6073
:10757000DBE782F31088D8E700A4002068B6020891
:1075800070B5EFF3108672B608B304460D46EFF3FC
:10759000108272B6C37A8BB1837AB3FA83F35B0934
:1075A00082F310887BB90C4B28465B6A9847606071
:1075B0002046FFF71FFF86F3108870BD437A82F3E1
:1075C0001088002BEFD02046FFF78AFFEBE7012061
:1075D00086F3108870BD00BF68B60208F0B583B0AE
:1075E000EFF3108772B6D0B104460E46EFF3108366
:1075F00072B6C27A8AB1857AB5FA85F56D0983F3D8
:107600001088104B5B6A019375B9304698476060EB
:10761000284687F3108803B0F0BD457AEFE70120D4
:1076200087F3108803B0F0BD2046FFF759FF019B98
:107630003046984760602046FFF7DCFE87F31088ED
:1076400003B0F0BD68B60208EFF3108372B610B154
:10765000C27A1AB9407A83F310887047807AB0FAF8
:1076600080F0400983F31088704700BF38B5EFF30E
:10767000108572B6104B1C68D4B1EFF3108272B64D
:107680001B6813B912E05B6913B19C42FBD1012363
:1076900082F3108863B1094B9B699847236898422D
:1076A00094BF181A002085F3108838BD82F3108823
:1076B0004FF0FF30F7E700BF00A4002068B60208D3
:1076C0002DE9F84FEFF3108972B6384E7369984779
:1076D0003369834698478246354FD6F82080C047A5
:1076E0003C68AAEB0B03002C3FD0226803EB500050
:1076F0009042636953D30025256065612581002B85
:1077000051D01A6819465B69A44682423CD90D469D
:10771000ABEB0A0002E01A6819465B6902440A6092
:10772000002BF8D13D607CB14FF0010A2546646919
:10773000EB680BB128699847AB6803F0FF23B3F1FE
:10774000807F16D0002CF1D13D6875B1C047B36978
:107750000446984704442868B368A0424FF00102E9
:107760002A723CBF2C602046984789F31088BDE8F8
:10777000F88FAB7A002BE5D185F80AA02846FFF7F1
:1077800039FE002CD2D1DFE70D810D604D61CCF8C0
:10779000141043B11A688C4619465B69B5E7254653
:1077A00021460024B4E700233B60BDE768B6020829
:1077B00000A40020F8B5EFF3108772B6B8B1044604
:1077C00016461D46FFF740FFC0B9B5F1FF3F08BFA1
:1077D000B6F1FF3F0FD00E4B30461B682946984745
:1077E00060602046FFF706FE87F31088F8BD012091
:1077F00087F31088F8BD4FF0FF30F1E72046FFF720
:107800006FFEB5F1FF3F08BFB6F1FF3FE3D1F2E7EE
:107810004CB60208024B0A460146186800F002B84E
:10782000B009002070B5A1FB025434B9294600F01C
:107830003FF8064628B9304670BD0C22026000268B
:10784000F9E72A46214600F0F1F8F4E7024B014639
:10785000186800F02DB800BFB0090020024B0146A7
:10786000186800F093B900BFB009002070B50F4E42
:107870000C463168054611B900F03EF930602146EA
:10788000284600F039F9431C03D14FF0FF3420465D
:1078900070BDC41C24F00304A042F8D0211A28466D
:1078A00000F02AF90130F2D1EFE700BF04A4002074
:1078B0002DE9F843CD1C25F0030508350C2D38BF04
:1078C0000C25002D064601DBA94204D90C233360A8
:1078D0000020BDE8F883DFF8D48000F069F8D8F81C
:1078E00000301C4644BB29463046FFF7BFFF431C0F
:1078F000044658D1D8F800402746002F43D1002C29
:107900004BD023683946304604EB030900F0F4F805
:10791000814542D121686D1A29463046FFF7A6FFFE
:1079200001303AD023682B442360D8F800305A68DD
:1079300062BBC8F800700FE02268521B20D40B2AEB
:1079400017D96119A342256018BF5960636808BF41
:10795000C8F8001062514B60304600F02FF804F177
:107960000B00231D20F00700C21A1CBF1B1AA350D6
:10797000AFE76268A3420CBFC8F800205A60EBE78B
:1079800023466468AEE73C467F68B6E71A465B6804
:10799000A342FBD100235360DEE70C233360304663
:1079A00000F00CF894E70560D6E700BF08A40020BB
:1079B000014800F0DBB800BF48A50020014800F0F6
:1079C000D6B800BF48A500200EB410B59DB01FABBF
:1079D000029006906FF000410A48079104910A490D
:1079E00053F8042B0591002402A9006801931B940D
:1079F00000F076F9029B1C701DB0BDE8104003B08A
:107A0000704700BFB00900200802FFFF10B5013920
:107A10000244904201D1002005E0037811F8014FA3
:107A2000A34201D0181B10BD0130F2E70244034607
:107A3000934200D1704703F8011BF9E72D4B1B68F7
:107A4000834270B5044653D0C3691BB3DB6863B18E
:107A50000025E369DB685959B1B90435802DF8D1A7
:107A6000E3692046D96800F091F8E369196811B11B
:107A7000204600F08BF8E3699D685DB129462046F9
:107A80002D6800F083F8F8E70E68204600F07EF8D5
:107A90003146E1E7616911B1204600F077F8E1690C
:107AA00011B1204600F072F8216B11B1204600F0B0
:107AB0006DF8616B11B1204600F068F8A16B11B14F
:107AC000204600F063F8A16C11B1204600F05EF88A
:107AD000616C11B1204600F059F8E16A11B12046FD
:107AE00000F054F8236A1BB12046BDE870401847E7
:107AF00070BD00BFB009002038B5064D0023044614
:107B000008462B60E9F7A2FB431C02D12B6803B1A6
:107B1000236038BD44A50020014B1868704700BFA2
:107B2000B009002070B50D4B0D4D5B1B9C1000265D
:107B3000A64209D103F060FD0A4D0B4B5B1B9C1064
:107B40000026A64205D170BD55F8043B9847013682
:107B5000EEE755F8043B98470136F2E7F8C602080D
:107B6000F8C60208F8C60208FCC60208704770474B
:107B70000A44914200F1FF3300D1704710B511F86B
:107B8000014B03F8014F9142F9D110BD38B50546BC
:107B9000002941D051F8043C0C1F002BB8BFE41859
:107BA000FFF706FF1D4A136833B963601460284667
:107BB000BDE83840FFF702BFA34208D9206821186A
:107BC0008B4201BF19685B6809182160EDE71A460E
:107BD0005B680BB1A342FAD911685018A0420BD1CF
:107BE00020680144501883421160E0D118685B6836
:107BF000536008441060DAE702D90C232B60D6E703
:107C0000206821188B4204BF19685B68636004BF59
:107C1000091821605460CAE738BD00BF08A40020DD
:107C20002DE9F0478E681F46BE4282460C469046BC
:107C3000334653D8B1F90C0010F4906F2BD065691E
:107C40002368096905EB4505A3EB010905EBD5752B
:107C50007B1C6D104B44AB422A4684BF1D462A460E
:107C6000430527D511465046FFF722FE064658B376
:107C700021694A46FFF77CFFA38923F4906343F010
:107C80008003A381266165614E44A5EB090526604A
:107C9000A5603E463B461F4620683A46414600F0F6
:107CA000ABFAA3689B1BA36023683B4423600020BE
:107CB000BDE8F087504600F0B8FA06460028E1D14A
:107CC00021695046FFF762FF0C23CAF80030A389F0
:107CD00043F04003A3814FF0FF30E9E73E46DBE786
:107CE0002DE9F0471F468B891B069CB006460D46C2
:107CF000144610D50B6973B94021FFF7D9FD2860F0
:107D0000286130B90C2333604FF0FF301CB0BDE860
:107D1000F08740236B610023099320238DF82930DD
:107D200003973023654F8DF82A304FF00108234622
:107D3000994613F8012B0AB1252AF9D1B9EB040AA7
:107D40000BD05346224629463046FFF769FF0130E3
:107D500000F0A480099A5244099299F80030002B4F
:107D600000F09C8000234FF0FF32CDE9052309F19C
:107D70000109049307938DF853301A934C464F48EA
:107D800014F8011B0522E7F753F9049BD0B9D80674
:107D900044BF20228DF85320190744BF2B228DF8B1
:107DA000532099F800202A2A13D0079A4C46002025
:107DB0004FF00A0C214611F8013B303B092B49D901
:107DC00068B913E0C01B08FA00F018430490A146FC
:107DD000D4E7039A111D12680391002A01DB079270
:107DE00004E0524243F002030792049323782E2BBF
:107DF0000AD163782A2B32D1039B1A1D1B68039288
:107E000043EAE37302340593DFF8B4902178032248
:107E10004846E7F70DF938B1049BA0EB0900402272
:107E2000824013430134049314F8011B25488DF854
:107E300028100622E7F7FCF8002835D0224818BBA6
:107E4000039B073323F0070308330393099B034481
:107E500009936CE70CFB02320C460120AAE70023D1
:107E60000134059319464FF00A0C204610F8012BF7
:107E7000303A092A03D9002BC6D00591C4E70CFB80
:107E8000012104460123F0E703AB00932A460F4B80
:107E900004A93046AFF30080421CD7D1AB895B0602
:107EA0003FF532AF099831E703AB00932A46074B01
:107EB00004A9304600F07AF8EEE700BF60B7020888
:107EC00066B702086AB7020800000000217C0208B9
:107ED0002DE9F047164698468A680B69DDF8209030
:107EE0009342B8BF1346336091F8432007460C46CF
:107EF0000AB1013333602368990642BF3368023305
:107F00003360256815F0060506D104F1190AE36807
:107F100032689B1AAB4226DC94F843302268003B5F
:107F200018BF012392062BD404F143024146384680
:107F3000C84701301ED02368226903F00603042BD2
:107F400002BFE5683368ED1AA3680CBF25EAE57542
:107F500000259342C4BF9B1AED1800261A34B5427F
:107F60001AD1002008E00123524641463846C8474E
:107F7000013003D14FF0FF30BDE8F0870135C6E78F
:107F8000E1185A1C302081F84300224494F845102F
:107F900082F843100233C7E70123224641463846A0
:107FA000C8470130E6D00136D9E700002DE9F0439B
:107FB0000D7E85B0782D90460C9E07460C4699465E
:107FC00001F1430207D8622D0AD8002D00F0D780B6
:107FD000582D00F0BC8004F1420684F842503BE08A
:107FE000A5F16303152BF6D801A151F823F000BFCA
:107FF000498002085D800208D77F0208D77F020807
:10800000D77F0208D77F02085D800208D77F020869
:10801000D77F0208D77F0208D77F02086581020850
:108020008780020817810208D77F0208D77F0208DD
:1080300087810208D77F020887800208D77F02085D
:10804000D77F02081F81020833681A1D1B6832603F
:1080500004F1420684F842300123A1E0336820682D
:10806000191D3160060601D51D6803E04506FBD5E4
:10807000B3F90050002D03DA2D236D4284F843300C
:108080005B480A2311E021683368080653F8045B53
:1080900002D4490648BFADB23360237E54486F2BEB
:1080A0005CD10823002184F843106668A660002E86
:1080B00005DB21682E4321F00401216050D01646D3
:1080C000B5FBF3F103FB115C10F80CC006F801CD11
:1080D000AC4663450D46F3D9082B0BD12368DB076B
:1080E00008D5236961689942DEBF302306F8013C58
:1080F00006F1FF36921B2261CDF80090434603AA99
:1081000021463846FFF7E4FE01304ED14FF0FF30F4
:1081100005B0BDE8F083236843F0200323603548B1
:10812000782584F845502368316813F0800F51F8A2
:10813000045B03D113F0400F18BFADB23160D90713
:1081400044BF43F0200323601DB11023AAE7284851
:10815000E7E7236823F020032360F6E70A23A1E77B
:108160001646B9E7336825686169181D30602E0628
:108170001B6801D5196002E06806FBD51980002351
:1081800023611646B8E733681A1D32601E686268BC
:1081900000213046E6F74CFF08B1801B6060636841
:1081A0002361002384F84330A6E723693246414621
:1081B0003846C8470130A9D023689B0713D4E0682C
:1081C000039B9842B8BF1846A2E7012332464146B6
:1081D0003846C847013099D00135E36803995B1AE6
:1081E000AB42F2DCEBE7002504F11906F5E700BF2E
:1081F00071B7020882B70208884210B501EB020489
:1082000002D98442234607D8431EA14207D011F861
:10821000012B03F8012FF8E70244824200D110BD80
:1082200013F8011D02F8011DF7E72DE9F04107469B
:1082300014460D4621B9BDE8F0411146FFF738BBA1
:108240002AB9FFF7A3FC25462846BDE8F08100F0D7
:108250001AF88442064602D8B4EB500FF4D82146EF
:108260003846FFF725FB804608B94546ECE7B4429F
:108270002246294628BF3246FFF77AFC294638466F
:10828000FFF784FCF1E751F8043C181F002BBCBF3A
:108290000B58C018704700002DE9F84314461D46DE
:1082A0008046894600F0E4FC224606460F462B46EF
:1082B00020462946E7F762FB78B9002200234046B2
:1082C0004946E7F729FBD8B100220023204629467A
:1082D000E7F722FB28B1264F002630463946BDE895
:1082E000F8832046294600F08DFA0028F5D0204674
:1082F000294600220023E7F719FB0028EDD02CE0E7
:108300003046394600F07EFAA0B100220023304604
:108310003946E7F701FB0028DFD04046494600F028
:1083200071FA0028D9D02046294600F06BFA0028BF
:10833000D3D012E04046494600F064FA0028E4D069
:108340002046294600F05EFA0028DED032463B4641
:1083500030463946E7F712FB20B9FFF7DDFB222351
:108360000360BAE7FFF7D8FB21230360B5E700BF3E
:108370000000F03F21F000431946704738B504462D
:1083800001F090FB0546204600F042FA48B10D4945
:108390002046E7F743FE30B90B492046E7F720FEB9
:1083A00048B9284638BDFFF7B7FB4FF0FF452223F9
:1083B0000360284638BDFFF7AFFB2223002503608A
:1083C000EFE700BF1772B142B5F1CFC238B504462E
:1083D00001F08AFC214605462046E7F729FE70B9E0
:1083E00000212046E7F71AFE48B900212046E7F7AA
:1083F000EDFD30B1FFF790FB074D222303602846C7
:1084000038BDFFF789FB034621221A600348BDE807
:10841000384000F005BA00BF000080FFC8C2020863
:1084200038B5044601F08EFD214605462046E7F7A3
:10843000FFFD70B900212046E7F7DCFD48B10021BF
:108440002046E7F7C3FD30B1FFF766FB074D222357
:108450000360284638BDFFF75FFB034621221A6000
:108460000348BDE8384000F0DBB900BF000080FFE2
:10847000C8C2020870B50C46064601F0B1FD21469F
:1084800005462046E7F7D4FD58B900213046E7F706
:108490009DFDA0B100212046E7F798FD18B14FF0EF
:1084A0007E55284670BD204600F0B2F90028F8D06D
:1084B00000212046E7F794FD0028F2D023E028466B
:1084C00000F0A6F980B100212846E7F77FFD0028DB
:1084D000E7D0304600F09CF90028E2D0204600F0BA
:1084E00097F90028DDD00EE0304600F091F9002821
:1084F000E9D0204600F08CF90028E4D0294628462F
:10850000E7F796FD20B9FFF707FB22230360C8E7D2
:10851000FFF702FB21230360C3E700BF38B5044621
:1085200000F0C8F9214605462046E7F781FD20B94D
:1085300000212046E7F754FD08B9284638BDFFF76B
:10854000EBFA0021212303600846E7F75FFC0546AC
:10855000284638BD2DE9F04120F00045B5F1A14F86
:108560000446074608D3B5F1FF4F73D8002840F3FF
:10857000A1806F48BDE8F0816E4B9D427AD8B5F17D
:10858000445F6CD34FF0FF3821462046E7F78AFB63
:1085900001460646E7F786FB67490546E7F782FB93
:1085A0006649E7F777FA2946E7F77CFB6449E7F77E
:1085B00071FA2946E7F776FB6249E7F76BFA294635
:1085C000E7F770FB6049E7F765FA2946E7F76AFBCA
:1085D0005E49E7F75FFA3146E7F764FB5C49064618
:1085E0002846E7F75FFB5B49E7F752FA2946E7F7CA
:1085F00059FB5949E7F74CFA2946E7F753FB574926
:10860000E7F746FA2946E7F74DFB5549E7F740FA01
:108610002946E7F747FB01463046E7F73BFA214694
:10862000E7F740FBB8F1FF3F014646D04D4B4E4DBA
:1086300053F82810E7F72CFA2146E7F729FA014604
:1086400055F82800E7F724FA002F93DA00F10040EC
:10865000BDE8F0810146E7F71DFABDE8F081434926
:10866000E7F718FA4FF07E51E7F7D8FC002889D0D9
:1086700020467FE700F084F83D4B9D42044621D818
:10868000A3F5D0039D423FD80146E7F703FA4FF028
:108690007E51E7F7FDF94FF08041034620461C4626
:1086A000E7F7F8F901462046E7F7B0FB4FF000087E
:1086B000044669E72F48BDE8F0812046E7F7E8F96E
:1086C000BDE8F0812C4B9D4216D84FF07F51E7F763
:1086D000DFF94FF07F51034620461C46E7F7E2FAE8
:1086E0004FF07E51E7F7D6F901462046E7F78EFBBB
:1086F0004FF00208044647E721462048E7F786FB8B
:108700004FF0030804463FE74FF07E51E7F7C0F90A
:108710004FF07E51034620461C46E7F7BBF9014661
:108720002046E7F773FB4FF0010804462CE700BF33
:10873000DB0FC93FFFFFDF3ED769853C59DA4B3D70
:10874000356B883D6E2EBA3D2549123EABAAAA3E36
:1087500021A215BD6BF16E3D95879D3D388EE33DA1
:10876000CDCC4C3ECCC20208DCC20208CAF2497130
:10877000FFFF973FDB0FC9BFFFFF1B40000080BF1B
:1087800020F00040704700BF184A20F00043934299
:1087900019D900B5B3F1FF4F83B004D30146E7F711
:1087A00077F903B000BD694601F0FCFF00F0030358
:1087B000012B0098019910D0022B08D083B9012217
:1087C00001F0FAF8EDE70021002201F0F5B80122EE
:1087D00001F0F2F800F10040E3E701F029F8E0E7EA
:1087E00001F026F800F10040DBE700BFD80F493F59
:1087F00008B5FFF7EBFD0249E7F708FB08BD00BF2E
:108800001872313F41F0004000F58010C00F7047F2
:1088100020F00040B0F1FF4F2CBF00200120704736
:10882000004870470000C07F38B505460C4600F090
:1088300027F808B9204638BD204600F021F828B1B5
:1088400021462846E7F7EAFB0028F3D02C462046CD
:1088500038BD00BF38B505460C4600F011F808B920
:10886000204638BD204600F00BF828B121462846A6
:10887000E7F7B6FB0028F3D02C46204638BD00BFF2
:1088800030F000400ED0A0F50003B3F1FE4F0DD341
:10889000074B421E9A4207D9A0F1FF40B0FA80F080
:1088A000400970470220704703207047042070473A
:1088B000FEFF7F0020F00042B2F1FF4F2DE9F041B2
:1088C00004464FD2002A4BD00028034654DB10F058
:1088D000FF424FD15B001802114602F10102F9D5A7
:1088E0004942C3F3160242F40002CB07A1F17F050F
:1088F00058BF520000246D1052004FF0190E21464F
:108900004FF0807C01EB0C039342DDBF03EB0C01C5
:108910006444D31A1346BEF1010E4FEA43024FEAF4
:108920005C0CEFD1BBB11A4E1A4F30683968D6F8DB
:108930000080E7F7ADF801464046E7F75BFB50B132
:10894000306839683668E7F7A5F801463046E7F73A
:1089500047FBC8B10234601000F17C5000EBC550F9
:10896000BDE8F0810146E7F79DF92146E7F792F867
:10897000BDE8F081C115B4E70146E7F789F8014683
:10898000E7F744FABDE8F081013424F00104E2E79E
:10899000F0C20208ECC20208C1F30A5C2DE9F04102
:1089A000ACF2FF35132D02460B460C46064622DC80
:1089B000002D4CDBDFF8D08048FA05F801EA080CFE
:1089C0005CEA000C0F461BD02DA3D3E90023E6F789
:1089D00085FB00220023E6F7C7FF40B1002C03DD32
:1089E0004FF480132B411F4427EA08040026214638
:1089F0003046BDE8F081332D06DDB5F5806F38D007
:108A000010461946BDE8F081ACF2134C4FF0FF3729
:108A100027FA0CF73842F3D019A3D3E90023E6F77D
:108A20005DFB00220023E6F79FFF0028DFD0002C2B
:108A3000334609DD142D06D0C5F134050122AA40C4
:108A400013449E4200D9013423EA0706CFE70CA362
:108A5000D3E90023E6F742FB00220023E6F784FF78
:108A60000028C4D0002C07DB344300D0074C00267C
:108A7000BDE7E6F733FBC5E700264FF00044B6E755
:108A80009C7500883CE4377EFFFF0F000000F03F3C
:108A9000C1F30A5C2DE9F041ACF2FF35132D02461B
:108AA0000B460C46064622DC002D42DBDFF8E08058
:108AB00048FA05F801EA080C5CEA000C0F461BD0E6
:108AC00031A3D3E90023E6F709FB00220023E6F7F0
:108AD0004BFF40B1002C03DA4FF480132B411F44AD
:108AE00027EA0804002621463046BDE8F081332DF0
:108AF00006DDB5F5806F2CD010461946BDE8F08133
:108B0000ACF2134C4FF0FF3727FA0CF73842F3D092
:108B10001DA3D3E90023E6F7E1FA00220023E6F7DC
:108B200023FF0028DFD0002C33461CDB23EA070696
:108B3000D9E715A3D3E90023E6F7D0FA00220023F2
:108B4000E6F712FF0028CED0002C05DB00263446C5
:108B5000C9E7E6F7C3FAD1E724F0004426430DD174
:108B60004FF00044BFE7142D06D0C5F134050122B3
:108B7000AA4013449E42D9D90134D7E7054C0026B8
:108B8000B1E700BFAFF300809C7500883CE4377EFE
:108B9000FFFF0F000000F0BF2DE9F041C0F3C75503
:108BA0007F3D162D044620F0004717DC002D80463F
:108BB0001FDB194F2F41384213D01849E6F76AFFDF
:108BC0000021E7F72BFA60B1002C03DA4FF4000321
:108BD0002B41984428EA0700BDE8F081B7F1FF4F28
:108BE00002D22046BDE8F0810146E6F753FFBDE81A
:108BF000F0810A49E6F74EFF0021E7F70FFA002857
:108C0000EFD0002C01DB0020ECE717B94FF000405B
:108C1000E8E70348E6E700BFFFFF7F00CAF24971BB
:108C2000000080BF08B5C0F3C7537F3B162B014639
:108C30000EDC002B024610DB0B481841014205D028
:108C40004FF480011941114421EA0001084608BD92
:108C5000802BFBD1E6F71EFF08BD013300F0004179
:108C6000F4D141F07E51F1E7FFFF7F0000000000EA
:108C70002DE9F04F23F0004B044652EA0B0093B06D
:108C800091469A460D4610D12319684985F4002271
:108C900052419842914122D24A46534620462946A3
:108CA000E6F71CFA13B0BDE8F08F9846604B0094CD
:108CB000174621F000429A420E46029214D9009BB8
:108CC00006F1404606F580161E43E5D14B46DB18FB
:108CD00056498AF4002252419E429141DCD35549C3
:108CE000002013B0BDE8F08F13D09B45E7D8029B5E
:108CF00052D0002E15DB002F40F087804D4A93455F
:108D000040F0FC83B8F1000FC0F2D8842046294619
:108D1000C8E7002CC0D19345BED800F0FF83029B6A
:108D2000E7E7454A934500F28683444A934500F2BB
:108D30008783002F40F0AF83B8F1804F00F0C984E3
:108D4000204629460493FFF715FB009A049B002A4E
:108D500038D0F20F013A52EA070C63D0013F1743B3
:108D600014BF344D364D0024BBF1844FCDE9084586
:108D70006AD9344B029A9B45304B40F203849A42A5
:108D800000F2B784B8F1000FC0F2B784002013B02E
:108D9000BDE8F04F01F006BF002F90D1029B009A72
:108DA00003F1404303F58013134398D0234B029AF9
:108DB0009A4240F25D84B8F1000FC0F2D584484673
:108DC00051466FE71B4A26F0404C944502D0029A68
:108DD000002ABED1B8F1000FC0F24284002EBFF6C7
:108DE00061AF029B03F1404A0AF5801A5AEA070A6A
:108DF00040F0778402460B4610461946E6F76CF9B8
:108E000002460B46E6F74AFC4CE700272046294677
:108E10000493FFF7AFFA009A049B002AD2D0F20F16
:108E2000013A9BE722462B46E6E700BF0000F0FF31
:108E30000000F07F0000F03FFFFF3F43FFFFEF3FE8
:108E40000000F0BF0000F043CD4A3240002A40F05D
:108E50000084CC4B0022E6F7F7FA6FF034040B469F
:108E60001A15A2F2FF3202EB0408C74AC3F3130338
:108E700043F07F54934244F4401407DDC34A9342C5
:108E800040F3418408F10108A4F580140022002376
:108E9000CDE90C23CDE91023BD4B0022CDE90623FB
:108EA0000025DDE906232146CDE90401E6F714F9A2
:108EB000DDE9062306460F46DDE90401E6F70EF973
:108EC00002460B460020B249E6F7E8FB0A46014697
:108ED000CDE90A121346394602463046E6F7B4FA9F
:108EE00063100A460146CDE9021243F00053DDE962
:108EF00002BC03F500235919002004460D464FF02B
:108F0000000B6146584622462B46CDE90EBCCDE902
:108F10000001E6F799FA02460B4630463946E6F775
:108F2000DBF8DDE9062306460F4620462946E6F72C
:108F3000D3F802460B46DDE90401E6F7CDF8DDE99A
:108F40000023E6F781FA02460B4630463946E6F73B
:108F5000C3F8DDE90A23E6F777FADDE90245CDE952
:108F6000040122462B4620462946E6F76DFA72A3F5
:108F7000D3E9002304460D46E6F766FA70A3D3E969
:108F80000023E6F7ABF822462B46E6F75DFA6EA320
:108F9000D3E90023E6F7A2F822462B46E6F754FA77
:108FA0006BA3D3E90023E6F799F822462B46E6F7B0
:108FB0004BFA69A3D3E90023E6F790F822462B4643
:108FC000E6F742FA66A3D3E90023E6F787F82246DC
:108FD00006460F462B4620462946E6F735FA024656
:108FE0000B4630463946E6F72FFADDE900670446BE
:108FF0000D463246DDE902013B46E6F76FF8DDE952
:109000000423E6F721FA22462B46E6F767F83246B4
:1090100004460D463B4630463946E6F715FA5D4BA9
:10902000002206460F46E6F759F822462B46CDE9C0
:109030000645E6F753F8DDE90EBC0D465A46DDE974
:1090400000012B46CDE90ABCE6F7FEF95C46CDE906
:109050000001504B002220462946E6F73DF83246F3
:109060003B46E6F739F802460B46DDE90601E6F72E
:1090700033F8DDE90223E6F7E7F9224606460F4614
:109080002B46DDE90401E6F7DFF902460B463046E0
:109090003946E6F723F806460F4602460B46DDE959
:1090A0000001E6F71BF8DDE90ABC2FA3D3E9002392
:1090B0005846CDE902BC0D46E6F7C6F95C46DDE947
:1090C0000023CDE9040120462946E6F705F80246CB
:1090D0000B4630463946E5F7FFFF25A3D3E90023C9
:1090E000E6F7B2F924A3D3E9002306460F4620464B
:1090F0002946E6F7A9F902460B4630463946E5F718
:10910000EDFFDDE91023E5F7E9FF064640460F468F
:10911000E6F730F9324604460D463B46DDE90401E8
:10912000E5F7DCFFDDE90C23E5F7D8FF22462B4607
:10913000E5F7D4FF30E000BFEF4E454A287ECA3F36
:1091400065DBC9934A86CD3F01411DA96074D13FBB
:109150004D268F515555D53FFFAB6FDBB66DDB3FCD
:10916000033333333333E33F000000E009C7EE3FFE
:10917000FD033ADC09C7EE3FF5015B14E02F3EBE6C
:109180000000F07F000040438E98030079B60B008A
:109190000000F03F00000840DDE902BC22465846CE
:1091A0002B46CDE90201E5F797FFDDE90C23E5F752
:1091B00093FFDDE90423E5F78FFF02460B463046B7
:1091C0003946E5F789FFCDE904010023CDE9009A8E
:1091D0000093DDE90067484632463B465146E5F7D5
:1091E0007BFFDDE90223E6F72FF94A4604460D46E8
:1091F0005346DDE90401E6F727F902460B4620460F
:109200002946E5F76BFF324604460D463B46DDE94D
:109210000201CDE90445E6F717F90B460246804600
:10922000894620462946E5F759FFD14B9942044625
:109230000D468B4640F3438101F13F4303F5E003C4
:10924000034340F07682B8A3D3E90023DDE90401AB
:10925000E5F744FF424606460F464B462046294660
:10926000E5F73AFF02460B4630463946E6F77CFB07
:10927000002840F05E824FF400735B44C3F30A524F
:10928000BC4CA2F2FF32C3F31301144141F480112C
:10929000C2F1140241FA02FA002004EA0301BBF110
:1092A000000F02460B4640464946B8BFCAF1000AC5
:1092B000E5F712FF02460B4680468946DDE90401C8
:1092C000E5F70CFF4FEA0A5B0D46002498A3D3E9AB
:1092D000002320462946E6F7B7F8424606460F46E1
:1092E0004B4620462946E5F7F7FE02460B46DDE9E8
:1092F0000401E5F7F1FE90A3D3E90023E6F7A4F813
:109300008FA3D3E900238046894620462946E6F705
:109310009BF802460B4640464946E5F7DFFE80468D
:10932000894602460B4630463946E5F7D7FE3246B7
:109330003B4604460D46E5F7CFFE02460B46404647
:109340004946E5F7C9FE2246804689462B46204617
:109350002946E6F779F87CA3D3E9002306460F46B1
:10936000E6F772F87AA3D3E90023E5F7B5FE3246B3
:109370003B46E6F769F878A3D3E90023E5F7AEFEAC
:1093800032463B46E6F760F875A3D3E90023E5F7DC
:10939000A3FE32463B46E6F757F873A3D3E9002312
:1093A000E5F79CFE32463B46E6F74EF802460B4692
:1093B00020462946E5F790FE06460F4602460B4634
:1093C00020462946E6F740F80022CDE900014FF09B
:1093D000804330463946E5F77FFE02460B46DDE91D
:1093E0000001E6F75BF9424606460F464B4620462B
:1093F0002946E6F729F842464B46E5F76FFE024656
:109400000B4630463946E5F767FE22462B46E5F720
:1094100063FE02460B4600205749E5F75DFE0C4609
:109420005C44B4F5801FC0F280812146DDE9082349
:10943000E6F70AF836E4002F00F093810227E5E40E
:109440004FEA2B52A2F2FF32142A40F31E81C2F1DE
:10945000340227FA02F101FA02F2BA4200F09581D1
:10946000CFB9B8F1804F049300F0338120462946EC
:10947000FEF780FF009B002B7FF4D4AC3E4A26F021
:109480004047974200F0A681029A049B002A00F010
:10949000E28000275DE4204629460493FEF76AFF38
:1094A000009B002B7FF4BEAC334A26F04047974226
:1094B000EAD1B8F1000FC0F28481002791E42F4E69
:1094C00021F00043B34240F2F1802D4B0B440343A3
:1094D0000AD142464B46E5F7FFFDDDE90423E6F7F6
:1094E00039FA00283FF4C7AEDDE908010022002365
:1094F000E6F71CFA003818BF012048E4B8F1804FA5
:1095000000F0E780A2F5801290457FF419AC204668
:10951000294613B0BDE8F04F01F0CEBB002F7FF419
:10952000BBAB43E4AFF30080FE822B654715973C4D
:1095300000000000432EE63FEF39FAFE422EE63FE0
:10954000396CA80C615C20BED0A4BE726937663E3F
:10955000F16BD2C541BDBB3E2CDE25AF6A56113F33
:1095600093BDBE166CC1663F3E5555555555C53F1A
:10957000FFFF8F400000F0FF0000F03FFFCB904066
:1095800000346F3F9A42C0F0DE80029AA44B9A42A8
:109590004FF0000200F2EC80A14BE5F79DFD94A393
:1095A000D3E9002304460D46E5F74EFF92A3D3E925
:1095B000002306460F4620462946E5F745FF994B0E
:1095C000CDE90001002220462946E5F73DFF02468D
:1095D0000B468BA1D1E90001E5F77EFD22462B4623
:1095E000E5F732FF02460B4600208F49E5F774FD90
:1095F0002246CDE902012B4620462946E5F724FF05
:1096000002460B46DDE90201E5F71EFF7EA3D3E922
:109610000023E5F719FF02460B46DDE90001E5F7F7
:109620005BFD02460B4604460D4630463946E5F7DB
:1096300055FD002032463B46CDE90201E5F74CFDE1
:1096400002460B4620462946E5F746FDCDE90401D2
:10965000BBE5002404E4B8F1000FBFF62EAF0027ED
:1096600002460B4600206E49E6F718F8FFF7B6BB36
:10967000B8F1000F4FF000004FF00001BFF612AB41
:1096800048460AF10041FFF70DBB002F7FF403AFFE
:10969000C2F114024BFA02F101FA02F25A45604A91
:1096A0007BD093453FF42EABFFF746BB5E4A934217
:1096B0007FD8DDE900239346924606E622462B46F4
:1096C00057490020E5F7EAFFFFF7ECBAB8F1804F01
:1096D00047D122462B4620462946E5F7B5FEFFF73F
:1096E000E1BA012F7FF4DEAA01F100431946FFF72A
:1096F000D9BAB8F1000F7FF749AB002013B0BDE82D
:10970000F04F01F055BA42A3D3E90023CDE90C2371
:1097100041A3D3E90023CDE91023444B0022CDE936
:1097200006234FF48025FFF7BCBB524601F0A8F991
:109730007CE6DDE9080100220023E6F7F7F80038AF
:1097400018BF0120DAE7DDE9080100220023E6F76F
:10975000EDF8003818BF0120B8F1000FBFF617ABC5
:10976000CCE70227FFF7ECBA00200021FFF79ABAF6
:10977000DDE908010023E6F7D9F8003818BF012019
:10978000B8F1000FBADCFFF702BB002F9ED001F04A
:109790000101C1F10207FFF739BB93453FF4B2AABB
:1097A000B8F1804F95D001F00101C1F10207FFF738
:1097B000C7BA1B15A3F2FE334FF4801242FA03F32B
:1097C0005BE502460B4600201549E5F767FF009F61
:1097D000FFF707BBB8F1000FBFF66FAE02460B46AE
:1097E00000200F49E5F75AFF0027FFF7FABA00BF3C
:1097F000000000604715F73F44DF5DF80BAE543EB4
:10980000555555555555D53FFE822B654715F73FA4
:109810000000004003B8E23F06D0CF43EBFD4C3ED2
:109820000000F03F0000D03F0000E03F0000F83FA4
:109830002DE9F84320F00046B6F1485F054688461A
:1098400049D2E6F70BFC002800F09D802946284607
:10985000E6F728FA4E490446E6F724FA4D49E6F7BA
:1098600019F92146E6F71EFA4B49E6F711F92146A8
:10987000E6F718FA4949E6F70DF92146E6F712FA34
:109880004749E6F705F92146E6F70CFA4549E6F7B8
:1098900001F92146E6F706FA07464FF07C512046CB
:1098A000E6F700FA394606462046E6F7FBF9414658
:1098B00004462846E6F7F6F901462046E6F7E8F8BA
:1098C00001463046E6F7E4F801464FF07E50E6F7F1
:1098D000DFF8BDE8F8830146E6F7E4F92C490446D1
:1098E000E6F7E0F92B49E6F7D5F82146E6F7DAF98D
:1098F0002949E6F7CDF82146E6F7D4F92749E6F7F6
:10990000C9F82146E6F7CEF92549E6F7C1F8214620
:10991000E6F7C8F92349E6F7BDF82146E6F7C2F9AC
:10992000214B9E420746B8D9204B9E4227D806F1CC
:109930007F464FF07E503146E6F7AAF881464FF059
:109940007C512046E6F7AEF93146E6F7A1F83946F4
:1099500006462046E6F7A6F9414604462846E6F7BD
:10996000A1F901462046E6F793F801463046E6F7AE
:109970008FF801464846E6F78BF8BDE8F883DFF834
:1099800030900C4EDBE74FF07E50BDE8F88300BF0F
:109990004ED747ADF6740F317CF29334010DD037BA
:1099A000610BB63AABAA2A3D9999993E0000483F0F
:1099B0000000383F0000903E2DE9F84320F00043BE
:1099C000B3F1485F04460E46904603D2E6F746FBE5
:1099D000002858D021462046E6F764F9054601469E
:1099E0002046E6F75FF9294981462846E6F75AF905
:1099F0002749E6F74DF82946E6F754F92549E6F7F1
:109A000049F82946E6F74EF92349E6F741F8294691
:109A1000E6F748F92149E6F73DF80746B8F1000FA7
:109A200022D04FF07C513046E6F73CF9394680466B
:109A30004846E6F737F901464046E6F729F8294651
:109A4000E6F730F93146E6F723F81549054648466A
:109A5000E6F728F901462846E6F71CF801462046B5
:109A6000E6F716F8BDE8F88301462846E6F71AF946
:109A70000B49E6F70DF84946E6F714F92146E6F7F3
:109A800009F8BDE8F8832046BDE8F883D3C92E2F36
:109A9000342FD7321BEF3836010D50398988083CF6
:109AA000ABAA2A3E20F00042B2F1FF4F2DE9F04769
:109AB00004466BD84FEAD07500F0C5807A498842D9
:109AC00000F3B3800028C0F2B580784B9A4262D987
:109AD000774B9A4200F2C480764B204653F825100B
:109AE000E5F7D6FF744B85F0010653F8258007464D
:109AF000761B41463846E5F7CBFF01460446E6F7BC
:109B0000D1F86E490546E6F7CDF86D49E5F7C0FF97
:109B10002946E6F7C7F86B49E5F7BCFF2946E6F7A3
:109B2000C1F86949E5F7B4FF2946E6F7BBF867498C
:109B3000E5F7B0FF2946E6F7B5F801462046E5F718
:109B4000A7FF054601462046E6F7ACF8AA4681463F
:109B5000002E52D029464FF08040E5F799FF01468C
:109B60004846E6F753F901464046E5F791FF394686
:109B7000E5F78EFF01464FF07E50E5F789FF16F1BD
:109B80007D0F64DB00EBC650BDE8F0870146E5F7CA
:109B900081FFBDE8F087B2F1505F09D24C49204601
:109BA000E5F778FF4FF07E51E6F738FA002874D1D8
:109BB00021462046E6F776F840490546E6F772F872
:109BC0003F49E5F765FF2946E6F76CF83D49E5F7BB
:109BD00061FF2946E6F766F83B49E5F759FF294654
:109BE000E6F760F83949E5F755FF2946E6F75AF8F0
:109BF00001462046E5F74CFF824651462046E6F7EF
:109C000051F84FF0804105465046E5F741FF0146C7
:109C10002846E6F7FBF82146E5F73AFF01464FF004
:109C20007E50E5F735FFBDE8F087BDE8F04700203E
:109C300001F03EB8274B9A427FF647AFBDE8F047A8
:109C4000002001F031B8002DA3D00020A1E7643638
:109C50004FF0586100EBC650E6F724F8BDE8F087F6
:109C60001D492046E6F71EF81C4B53F82510E5F772
:109C700011FFE6F7F3F90646E5F7C0FF1849054678
:109C8000E6F710F801462046E5F702FF15490746BA
:109C90002846E6F707F880462BE74FF07E5120462E
:109CA000E5F7F8FE75E700BF1772B1421872B13ED2
:109CB0009115853FFCC20208F4C202084CBB313347
:109CC0000EEADD3555B38A38610B363BABAA2A3E26
:109CD000CAF24971B5F1CF423BAAB83F04C30208AA
:109CE0008071313FD1F717372DE9F84F30F000433D
:109CF0002BD000280146034640DBB0F1FF4F39DA94
:109D0000B0F5000F41DB0021814AC3F316052A4458
:109D1000DC1502F400007F3C80F07E500C442843A8
:109D20004FF07E5104EBD254E5F7B2FE794B05F1CA
:109D30000F021340064683BB0021E6F747F90028CF
:109D400000F0A38044B9002004E000214FF04C4013
:109D5000E6F75CF8BDE8F88F2046E5F74FFF6E495F
:109D60000546E5F79FFF6D4904462846E5F79AFF4B
:109D700001462046E5F78EFEBDE8F88FE5F788FE40
:109D80000021E6F743F8BDE8F88F4FF09841E5F77A
:109D900089FF6FF018010346B6E74FF08041E5F701
:109DA00079FE01463046E6F731F880462046E5F771
:109DB00025FF414681464046E5F774FF014682464D
:109DC000E5F770FF5649DFF85CB10746E5F76AFF33
:109DD0005549E5F75FFE3946E5F764FF5349E5F776
:109DE00059FE3946E5F75EFF5149E5F753FE514606
:109DF000E5F758FF4F4982463846E5F753FF4E498D
:109E0000E5F748FE3946E5F74DFF4C49E5F742FED8
:109E10003946E5F747FFAB440146C5F557155046AF
:109E2000E5F738FE05F5227545EA0B05002D0746D6
:109E30004EDD4FF07C513046E5F734FF3146E5F713
:109E400031FF824651463846E5F724FE4146E5F7A4
:109E500029FF0546002C49D02F494846E5F722FF47
:109E60002E4904464846E5F71DFF2946E5F712FE50
:109E700001465046E5F70CFE3146E5F709FE01467E
:109E80002046E5F705FEBDE8F88F2D493046E5F799
:109E900009FF01464FF07C50E5F7FAFD31460546D3
:109EA0003046E5F7FFFE01462846E5F7FBFE05468E
:109EB000BCB12046E5F7A2FE17490746E5F7F2FEDA
:109EC000164904463846E5F7EDFE01462846D1E737
:109ED00001463046E5F7DCFD4146E5F7E3FE054681
:109EE0006CB929463046E5F7D3FD33E701465046C5
:109EF000E5F7CEFD01463046E5F7CAFD2AE70649FB
:109F00004846E5F7CFFE054904464846DBE700BF73
:109F100020FB4A00F0FF7F008071313FD1F71737F7
:109F20009788173E305CCFFF25333A3E2549923E55
:109F3000ABAA2A3F4FD01C3E298E633ECDCCCC3EEF
:109F4000ABAAAA3E30F00042F8B52FD00028014657
:109F5000024631DBB0F1FF4F25DAB0F5000F31DBFF
:109F60000021D3157F3B0B4403EBD370DC0FC2F30E
:109F70001605E5F743FE17490646E5F793FE074643
:109F8000C4F17F0045EAC050FFF7AEFE1249E5F785
:109F900089FE3946E5F77EFD104904463046E5F76F
:109FA00081FE01462046E5F775FDF8BD00214FF022
:109FB0004C40E5F72BFFF8BDE5F76AFD0021E5F71A
:109FC00025FFF8BD4FF09841E5F76CFE6FF01801E2
:109FD0000246C6E7DB275435D95BDE3E80209A3E39
:109FE0002DE9F04F31F0004989B00C460746804614
:109FF0000FD180F480084FEA480818F5000F17D9F0
:10A0000021463846E5F746FD0146084609B0BDE859
:10A01000F08F20F0004ABAF1FF4F0D460ED9B8F18B
:10A020007E5FEDD185F480056D0015F5000FE7D852
:10A030004FF07E51084609B0BDE8F08FB9F1FF4FEF
:10A04000EDD80028D34614DBB9F1FF4F00F03A8178
:10A05000B9F17E5F00F06181B1F1804F00F08D8138
:10A06000B1F17C5F40F0758109B0BDE8F04FFEF7BB
:10A0700021BCB9F1974F80F02E81B9F17E5F80F05D
:10A080005781B1F1804F00F07881B1F17C5F00F031
:10A09000BB82FEF775FBBAF1FF4F01464FF0000699
:10A0A00000F02581BAF1000F00F05D81BAF17E5F0A
:10A0B00000F059814FEAD873013B0293334300F01B
:10A0C0008181B9F19A4F40F28681AF4B9A4540F2B7
:10A0D000DB82AE4B9A4500F2E38208464FF07E5198
:10A0E000E5F7D6FCAA490746E5F7DCFDA949814614
:10A0F0003846E5F7D7FD4FF07A5180463846E5F708
:10A10000D1FD0146A448E5F7C3FC3946E5F7CAFD91
:10A1100001464FF07C50E5F7BBFC39468246384695
:10A12000E5F7C0FD01465046E5F7BCFD9B49E5F764
:10A13000B9FD01464046E5F7ABFC0146804648467E
:10A14000E5F7A8FC20F47F6727F00F07494638465B
:10A15000E5F79EFC01464046E5F79AFC029B013E6E
:10A160006FF30B051E432946804620460CBF8C4EDC
:10A170004FF07E56E5F78CFC3946E5F793FD214616
:10A1800081464046E5F78EFD01464846E5F782FCEC
:10A19000294604463846E5F785FD01460746204630
:10A1A000E5F778FC00280546824620F0004240F39F
:10A1B0003C82B2F1864F00F2E08200F0C082B2F140
:10A1C0007C5F00F2A3824FF0000845466FF30E0A51
:10A1D00074495046E5F766FD394681465046E5F735
:10A1E00057FC01462046E5F753FC6F49E5F75AFD59
:10A1F0006E4904465046E5F755FD01462046E5F711
:10A2000049FC044601464846E5F744FC49460746F2
:10A21000E5F73EFC01462046E5F73AFC3946814623
:10A220003846E5F73FFD62490446E5F73BFD6149E5
:10A23000E5F72EFC2146E5F735FD5F49E5F72AFCF9
:10A240002146E5F72FFD5D49E5F722FC2146E5F7BC
:10A2500029FD5B49E5F71EFC2146E5F723FD014694
:10A260003846E5F715FC044601463846E5F71AFD81
:10A270004FF0804182462046E5F70AFC01465046F1
:10A28000E5F7C4FD494604463846E5F70BFD494667
:10A29000E5F700FC01462046E5F7FAFB3946E5F70D
:10A2A000F7FB01464FF07E50E5F7F2FB03464344CF
:10A2B000B3F5000FC0F2F08118463146E5F7F2FC25
:10A2C0000146A2E6BAF17E5F3FF4B2AE2BD9002D73
:10A2D00027DB214699E6B9F1FF4FF3D0FEF750FA9C
:10A2E000BAF1FF4F01464FF002067FF4DBAE002DBE
:10A2F00008DA4FF07E50E5F789FD0146B8F1000F0E
:10A30000BFF683AEAAF17E5A5AEA060A5BD0012E46
:10A310007FF47BAE01F1004177E6002D26DB394664
:10A3200073E6002171E6002DFBDA04F100416CE6D2
:10A330004FEAE953C3F1960349FA03F202FA03F331
:10A340004B4500F04D81B9F17E5FE6D0B1F1804F11
:10A3500013D03846FEF714FABAF1FF4F01464FF01A
:10A3600000067FF49FAE002DC3DBC7E739464FF0F0
:10A370007E50E5F74BFD014647E639463846E5F79E
:10A3800091FC014641E600BFF3FF7F3F0700803F9D
:10A3900000AAB83F70A5EC36ABAAAA3E3BAAB83FCC
:10A3A000000080BF0072313F1872313F8CBEBF3554
:10A3B0004CBB31330EEADD3555B38A38610B363B81
:10A3C000ABAA2A3E39460846E5F762FB0146E5F7A7
:10A3D0001DFD014619E618F0FF4F40F05381084675
:10A3E0004FF09741E5F75EFC6FF0170283464FEAA6
:10A3F000EB537F3B9A18B34B0392CBF3160B9B4561
:10A400004BF07E5807DDB04B9B4540F35181013244
:10A410000392A8F50008002307934FF07E5B069394
:10A42000002759464046E5F733FB594681464046EA
:10A43000E5F730FB01464FF07E50E5F7E7FC0146BB
:10A4400005904846E5F72EFCA04B019003EA68030F
:10A4500043F0005303F580033B4419469C4F04939B
:10A46000019BC24607EA03084046E5F71BFC01468C
:10A470004846E5F70DFB049B814659461846E5F72B
:10A4800007FB01465046E5F703FB4146E5F70AFCAA
:10A4900001464846E5F7FCFA059A1146E5F702FC45
:10A4A000019983460846E5F7FDFB8A498146E5F7B1
:10A4B000F9FB8949E5F7EEFA4946E5F7F3FB8749E9
:10A4C000E5F7E8FA4946E5F7EDFB8549E5F7E2FAF5
:10A4D0004946E5F7E7FB8349E5F7DCFA4946E5F746
:10A4E000E1FB8149E5F7D6FA494682464846E5F759
:10A4F000D9FB01465046E5F7D5FB41468146019818
:10A50000E5F7C8FA5946E5F7CDFB4946E5F7C2FA43
:10A51000414682464046E5F7C5FB74490490E5F79D
:10A52000B9FA5146E5F7B6FA07EA00094946404646
:10A53000E5F7B8FB6D4980464846E5F7A9FA049966
:10A54000E5F7A6FA01465046E5F7A2FA0199E5F7C4
:10A55000A9FB494682465846E5F7A4FB014650460A
:10A56000E5F798FA834601464046E5F793FA07EA8D
:10A57000000A5F495046E5F795FB41468146504643
:10A58000E5F786FA01465846E5F782FA5949E5F7B4
:10A5900089FB594980465046E5F784FB0146404611
:10A5A000E5F778FA0699E5F775FA80460398E5F736
:10A5B00025FB414682464846E5F76CFADDF81CB0BB
:10A5C0005946E5F767FA5146E5F764FA0740514600
:10A5D0003846E5F75DFA5946E5F75AFA4946B7E5D0
:10A5E000B9F17E5F3FF499AEB1F1804F3FF4C5AE53
:10A5F00002F00102C2F10206FEF7C2F8BAF1FF4F03
:10A6000001467FF44FAD72E6FEF7BAF8BAF1FF4F9C
:10A6100001463FF4FAACBAF1000F3FF4F6ACBAF1E0
:10A620007E5F7FF4CFAE00266CE6344B9A4200F298
:10A63000AC807FF4C4AD3946E5F72AFA2146E5F748
:10A64000E3FC002840F0A18005F5004ACAF3C75397
:10A650002B497F3B194101EA0A01CAF3160AC3F1EB
:10A6600017054AF4000343FA05F56D423846E5F74D
:10A670000FFA014607462046E5F70CFA4FEAC5589F
:10A680008246A3E50022B2E6002D0BDB002009B0D4
:10A69000BDE8F04F00F008BB294600F08FFA0CE649
:10A6A000002DF3DD002009B0BDE8F04F00F000BB45
:10A6B000144B0793144B06934FF07F5B4FF4001736
:10A6C000AFE600BF71C41C00D6B35D0000F0FFDF31
:10A6D00000F0FFFF42F1533E55326C3E05A38B3E26
:10A6E000ABAAAA3EB76DDB3E9A99193F00004040E5
:10A6F0000040763F4F38763FC623F6B80000164339
:10A70000000080FF00C0153FDCCFD135D2157E3A66
:10A710004FF40003134153442049C3F3C7527F3A17
:10A72000C3F31605114145F40005C2F11702BAF151
:10A73000000F01EA030145FA02F597DA95E7184997
:10A740002046E5F7A7F9394680462846E5F7A0F9FF
:10A7500001464046E5F762FC78B905F50043DA1595
:10A760000E497F3A11411940C3F31603C2F1170293
:10A7700043F4000343FA02F578E700213046E5F799
:10A780002FFC003818BF01208DE700213046E5F787
:10A7900027FC003818BF012079E700BF000080FFC8
:10A7A0003CAA38332DE9F04FA84A20F000459542E5
:10A7B00089B00C466FD9A64A954206461FD820F0AC
:10A7C00000450028A34925F00F0540F31981E5F75E
:10A7D0005FF9A14B9D4206466BD0A049E5F758F9B9
:10A7E000014605463046E5F753F99C49E5F750F92F
:10A7F000256060600127384609B0BDE8F08F984AAF
:10A80000954266D9B5F1FF4F4DD2EF15863FA5EBC6
:10A81000C7552846E5F722FCE5F7F0F9014628463A
:10A820000591E5F735F94FF08741E5F73BFA8046AA
:10A83000E5F714FCE5F7E2F905462946404606959A
:10A84000E5F726F94FF08741E5F72CFA002107904C
:10A85000E5F7BCFB002800F0B18000212846E5F7B1
:10A86000B5FB002814BF012302237E4A0192022275
:10A87000009221463A4605A800F00CFB002E074640
:10A88000B9DAD4E9002302F1004203F10043226067
:10A8900063604742AFE7002220604A6000273846E5
:10A8A00009B0BDE8F08F0146E5F7F2F8606020607E
:10A8B000F4E76D49E5F7ECF86C490646E5F7E8F88A
:10A8C000014605463046E5F7E3F86849E5F7E0F864
:10A8D0008EE7FDF755FF66498046E5F7E3F94FF04F
:10A8E0007C51E5F7D7F8E5F7B9FB0746E5F786F9B8
:10A8F00058498346E5F7D6F901464046E5F7C8F8DA
:10A90000564982465846E5F7CDF9014681465046FC
:10A91000E5F7BEF81F2F80461FDC564B7A1E53F812
:10A92000222026F0004323F0FF03934215D0C4F801
:10A93000008041465046E5F7ABF84946E5F7A8F8F0
:10A94000002E6060BFF657AF08F1004800F10040EC
:10A95000C4F8008060607F424DE7C8F3C753C3EB83
:10A96000D553082B4FEAE552E1DD3F4903925846A3
:10A97000E5F798F9804601465046E5F789F805461F
:10A9800029465046E5F784F84146E5F781F837490E
:10A9900080465846E5F786F94146E5F779F80146DD
:10A9A00081462846E5F774F8039AC0F3C753D21AD4
:10A9B000192A804604DC2060AA46BAE7032354E73C
:10A9C0002D495846E5F76EF9804601462846E5F7D9
:10A9D0005FF8824651462846E5F75AF84146E5F7C2
:10A9E00057F8264905465846E5F75CF92946E5F744
:10A9F0004FF8014681465046E5F74AF8804696E70B
:10AA0000E5F748F8144B9D4206460FD01349E5F789
:10AA100041F8014605463046E5F73AF80F49E5F7B3
:10AA200039F8256060604FF0FF37E4E60E49E5F73E
:10AA300031F80E490646E5F72DF801460546304641
:10AA4000E5F726F80949E5F725F8EAE7D80F493F81
:10AA5000E3CB1640800FC93FD00FC93F4344353781
:10AA6000800F49438CC302080044353708A3852E64
:10AA700084F9223F0CC3020800A3852E32318D24B5
:10AA80002DE9F0411646C1F30A52074688460B46A7
:10AA900052BB21F00043034324D02D4B0022E4F7A6
:10AAA000D3FC2C4B9E420746884642DBC1F30A5238
:10AAB0000B46363A4CF250318E421EDC164440F2C0
:10AAC000FE72964219DC002E23DC16F1350F27DBCF
:10AAD0006FF31E53363643EA065138461E4B0022AA
:10AAE000E4F7B2FCBDE8F08140F2FF7C6245E1D1C1
:10AAF0000246E4F7F3FABDE8F08111A3D3E900239D
:10AB0000454663F31E0529461448E4F79DFCBDE85D
:10AB1000F0816FF31E53384643EA0651BDE8F081D9
:10AB200008F0004343F0D27141F4B7310C4841F0D2
:10AB30001F0105A3D3E90023E4F786FCBDE8F081FB
:10AB40009C7500883CE4377E59F3F8C21F6EA5015E
:10AB500000005043B03CFFFF0000903C9C75008813
:10AB600059F3F8C2D0B506460F461446FCF7D4FF99
:10AB70000346394630461C60D0BD00BF10B50446C0
:10AB800082B0104619460CB103F10043CDE9002311
:10AB9000DDE90023E4F758FC222202B0BDE81040B2
:10ABA000FFF7E0BF00224FF08053FFF7E7BF00BF81
:10ABB00000224FF0E043FFF7E1BF00BF10B50C46A5
:10ABC00030F0004103461DD0B1F1FF4F1BD210F011
:10ABD000FF4F02461BD14FF09841E5F763F8204A3A
:10ABE000944203462CDBC0F3C75102464CF250306E
:10ABF0008442A1F1190110DD1A49184661F31E00C3
:10AC0000E5F750F810BD0146E4F744FF10BD4CF2E3
:10AC1000503084424FEAD151EEDC2144FE29EBDC76
:10AC2000002911DC11F1160F13DB01F1190022F0DC
:10AC3000FF424FF04C5142EAC050E5F733F810BDE7
:10AC40000949E5F72FF810BD22F0FF4242EAC15052
:10AC500010BD0549184661F31E00E5F723F810BD45
:10AC6000B03CFFFFCAF249716042A20D38B50546FB
:10AC70000C46FCF751FF034628461C6038BD00BF58
:10AC800008B540B101F10040E5F70CF8BDE8084017
:10AC90002221FFF7EBBF0846E5F704F8BDE80840BE
:10ACA0002221FFF7E3BF00BF4FF08051FFF7E8BF5D
:10ACB0004FF0E041FFF7E4BF734A8A432DE9F84FB4
:10ACC00006460F4600F0AC8000290C46034655DDD1
:10ACD000081562D0C4F31302C107A0F2FF3742F493
:10ACE000801203D4520002EBD3725B0052000026A4
:10ACF00002EBD3727F105B001624B4464FF40011B0
:10AD00000CEB010090424FEAD3754FEA430303DC9A
:10AD100000EB010C121A0E44013C05EB42024FEA13
:10AD20005101EDD1A04620254FF000400AE043D06C
:10AD3000510001EBD371013D0A464FEA43034FEA4C
:10AD4000500045D0624500EB080EF0DDBEF1000F6B
:10AD50000EEB00080CDBE146A2EB0C019E4588BF20
:10AD600001F1FF314900CC46A3EB0E030444E0E7B8
:10AD7000B8F1000FEFDB0CF10109EDE721F0004223
:10AD8000024344D000296ED1DA0A153C5B05002A43
:10AD9000FAD0D602204673D4144600226400E5029D
:10ADA000114602F10102F9D5C2F1200523FA05F599
:10ADB0002C439340401A8DE79E4502D94FEA4C013F
:10ADC000B7E7BEF1000F0EEB000822DB0021CBE756
:10ADD000194312D0DFF8B4A0DFF8B4B0DAE900010B
:10ADE000DBE90023E4F778F9DAE9008902460B464B
:10ADF00040464946E4F7A4FDE0B96508731003F145
:10AE00007F5303F5001303EB075145EAC670BDE815
:10AE1000F88FB8F1000FD9DB0CF1010C0021A3E78A
:10AE200002460B46E4F710FB32463B46E4F756F980
:10AE3000BDE8F88FB4F1FF3FDAE90001DBE9002358
:10AE40001AD0E4F74BF9DAE9008902460B4640468E
:10AE50004946E4F76BFD88B1A31C04F1020508BF65
:10AE600001366D08CAE702460B46E4F735F902469B
:10AE70000B46E4F713FCCAE70136BFE70134BCE731
:10AE80004FF0FF31144695E70000F07FB0C602088E
:10AE9000A8C602082DE9F04FDDB09C460991B14BE0
:10AEA0006699804653F821A0101D0CF1FF330193E1
:10AEB000C0F2C182D31E48BF131DDB1006930133BD
:10AEC000DB000A930A9B0699D31A04930CF1FF3313
:10AED0001AEB0307A1EB030520D401372F4420AE62
:10AEE0003B46DDF89C91CDF800C0374600249346E0
:10AEF0001E4608E059F82500E4F780FE0135B5420A
:10AF000047F8040B07D0002DF4DA01352046B5428E
:10AF100047F8040BF7D1DDF800C05A46BAF1000F2C
:10AF2000C0F23C830198A8F104040DF18009029459
:10AF300009EB8C09002148AF4FEA8C0583460AEBE8
:10AF40000C0304EB8C06002880F2A9810BF1010BA5
:10AF50009B4547F8041B09F10409F4D1029BCDF885
:10AF60000CA01D440CAB03EB8A03043B07930CAB12
:10AF700003EB8A0354460B929A46CDF820C00DEBA2
:10AF80008403002CD3F820B14FEA84092EDD0DF59F
:10AF9000907808EB09060CAF4B460094A9463C4656
:10AFA0005D4637469B464FF06E512846E4F77AFEE1
:10AFB000E5F754F8E4F722FE4FF087410646E4F740
:10AFC00071FE01462846E4F763FDE5F747F857F8B8
:10AFD000041D44F8040B3046E4F75CFD4745054684
:10AFE000E1D15B46009C4D46834699465846DDF8C4
:10AFF00010B05946FFF7E2FD4FF078510646E4F7EE
:10B0000051FEFDF7C9FD4FF08241E4F74BFE0146CA
:10B010003046E4F73DFD0646E5F720F80746E4F73D
:10B02000EDFD01463046E4F733FD594600298046E0
:10B030007DDD621E0CA8CBF1080350F8220040FA17
:10B0400003F101FA03F3C31ACBF107060F4443FAE5
:10B0500006F60CA9002E41F8223000F30D810021E4
:10B060004046E4F7B3FF002800F0B780039B9C4202
:10B070000CDD09F130036B44002253F8041D5345E5
:10B0800042EA0102F9D1002A40F03081039B0CAA68
:10B09000013B661C52F82330002B40F0FE80079ADB
:10B0A000012352F8041D01330029FAD0E218089B4D
:10B0B00000921C44069BCDF814A003EB060808F18F
:10B0C0008048679B08F1FF3803EB880820AF48AB46
:10B0D00007EB8407994458F8040FE4F78FFD019BB0
:10B0E00047F8040B002B1ADBDDF808B0BA46002441
:10B0F0005AF8041D5BF8040FE4F7D4FD014620461E
:10B10000E4F7C8FCAB450446F2D1009B49F8044F74
:10B1100001369E42DFDDDDF814A01C462FE7009BC0
:10B12000013600249E4249F8044FD4DDF3E700F0D5
:10B130008C804FF07C51E4F767FF064600288ED0E4
:10B14000002C07F10107C8BF022640F31F820CAA9A
:10B15000002152F8043B002B73D0C3F5807342F8F2
:10B16000043C06E0E4C602081368C3F1FF0342F89A
:10B17000043B01318C42F7DC0123049A002A0DDDE7
:10B18000012A00F04E81022A08D1611E0CAA0CA8E7
:10B1900052F8212002F03F0240F82120022E7FF4D5
:10B1A0005EAF41464FF07E500093E4F771FC009B88
:10B1B0008046002B3FF453AF04994FF07E50FFF7C9
:10B1C000FDFC01464046E4F763FC80460021404612
:10B1D000E4F7FCFE00287FF449AFDDE90A3240467F
:10B1E000991ADDF80CA0FFF7E9FC4FF08741A14662
:10B1F0000446E4F709FF002800F0A7814FF06E51E4
:10B200002046E4F74FFDE4F729FFE4F7F7FC4FF0A1
:10B2100087410546E4F746FD01462046E4F738FC41
:10B22000E4F71CFF0CAB09F1010843F82900049B6B
:10B23000284608330493E4F711FF0CAB43F82800C9
:10B240006DE001318C4284DC97E7631E0CAA52F852
:10B250002360F611002E7FF702AF002C07F10107E3
:10B260003FF775AF022E7FF4FAAE41464FF07E50A5
:10B27000E4F70EFC8046F2E6002C07F101073FF7E9
:10B2800066AF0499012900F09B810229EAD10CA93B
:10B2900003F03F0341F82230E4E7324607E7CDF8F8
:10B2A00000A09846DA460392CDF814C00795029D97
:10B2B000CB4600245BF8041D55F8040FE4F7F2FCBC
:10B2C00001462046E4F7E6FBB5420446F2D10AF116
:10B2D000010AC24547F8040B09F10409E7D1DDF87A
:10B2E00000A0039ADDF814C0079D37E6DDE903A34B
:10B2F00004F1FF38A3F108020CAB049253F8283094
:10B300006BB904F18043013B0CA901EB830353F8B3
:10B31000041D08F1FF38083A0029F8D00492049976
:10B320004FF07E50FFF74AFCB8F1000F0546C0F21F
:10B330003B8108F101040CAB03EB840BA10048AB8B
:10B3400000964FF06E595E4603EB84048B4656F828
:10B35000040DE4F753FC2946E4F7A4FC494644F8FD
:10B36000040D2846E4F79EFC0CAB9E420546EED148
:10B37000ABF1080248AB009E019759460DF1D00988
:10B380001A444FF0000BBAF1000F029617464E46D2
:10B39000CDF80080D946039122DBDFF85882BB4606
:10B3A000002400250DE05BF8041F58F8040BE4F7B7
:10B3B00079FC01462046E4F76DFB0135AA450446B9
:10B3C00001DB4D45EFDD009A46F8044B914509F14C
:10B3D0000103A7F1040705D0BAF1000F9946DCDAA2
:10B3E0000024F0E7669BDDF800800399022BDDE97D
:10B3F000017650DC002B23DC0ED134AB5C1800202E
:10B4000054F8041DE4F746FB34ABA342F8D1002EF8
:10B4100040F0AE80099B186007F007005DB0BDE802
:10B42000F08F611E0CAA0CA852F8212002F07F02B6
:10B4300040F82120B2E608230A930023069341E551
:10B4400034AB0025DDF8D0A05C18284654F8041D64
:10B45000E4F720FB34ABA342F8D105465046002E5A
:10B460007BD12946E4F714FB099B1D60B8F1000F5E
:10B470000AD0012554F8041F0135E4F70BFBA84559
:10B48000F8DA0EB100F10040099B586007F00700A0
:10B490005DB0BDE8F08F669B032BBDD1B8F1000F06
:10B4A00000F09B8034AB03EB880B4FEA880553F820
:10B4B00028400095DA465AF8045C20462946E4F70D
:10B4C000E9FAA146044621462846E4F7E1FA49464E
:10B4D000E4F7E0FACAF800004AF8044D34AB5345EB
:10B4E000E9D1B8F1010F009D77D05C5903F1040850
:10B4F0005BF804AC20465146E4F7CCFAA14604467A
:10B5000021465046E4F7C4FA4946E4F7C3FACBF8BB
:10B5100000004BF8044DD845EAD134AB2C1D1C4437
:10B5200003F10809002054F8041DE4F7B3FAA1451B
:10B53000F9D1349A359BF6B909990A604B60886055
:10B5400007F007005DB0BDE8F08F2046E4F786FD08
:10B550000CABC84643F82900E1E6099A05F100431F
:10B5600013602946E4F794FAB8F1000F81D189E716
:10B5700000F100404EE7099902F1004203F1004357
:10B5800000F100400A604B608860D9E741464FF007
:10B590007E50E4F77DFA0226804660E5A8F10403B8
:10B5A00002934FEA8C05D9E4669B022B11DC002B39
:10B5B00015DC7FF431AF0020002E3FF42BAFD7E72E
:10B5C0000CA903F07F03022E41F822307FF447AD2F
:10B5D0004BE6669B032B7FF41FAF0020A9E734984E
:10B5E00026B1099A4FF0004313604BE7099A0023F4
:10B5F000136049E7B8C60208F8B500BFF8BC08BC3C
:10B600009E467047F8B500BFF8BC08BC9E46704720
:10B610000001020408100100010001010002000005
:10B620000000000001000000020000002CED00E01E
:10B6300028ED00E0710C01086D0C0108210C0108D7
:10B64000A90C0108850C01081D0C0108C512010890
:10B65000E112010829130108991301084513010893
:10B66000B1130108D913010895140108D114010878
:10B670006D150108611301085914010881120108B0
:10B68000F9140108391501089D120108A1120108D9
:10B69000B512010853494420486F7374436F6D6DB0
:10B6A00000574C78785F554454005544545F5052CD
:10B6B0004F4300414D00627365635F74687265615A
:10B6C00064004341495400434253450043435452AC
:10B6D00000323232323232323232323200434C4471
:10B6E0005400434D54420043544852004355504C7B
:10B6F00000717273747500454E00455854505F4D8B
:10B700004F4E004C45414B444554004E564D310080
:10B710004F5441004F4F420053414D504C45520051
:10B72000504950454C494E450025752C2000494450
:10B730004C4500546D725100546D72205376630075
:10B740005265762E205900556E6B6E6F776E0052E3
:10B7500065762E205A0053544D3332574C7878007A
:10B76000232D302B2000686C4C00656667454647EA
:10B77000003031323334353637383941424344456D
:10B7800046003031323334353637383961626364DC
:10B790006566000094B6020800000000000000008A
:10B7A000000000000000000033030000380000002B
:10B7B0000000000000000000010000001000000078
:10B7C0000000010000010000010100001001000064
:10B7D0000080000000400000002000000010000079
:10B7E000000800000004000000020000000100004A
:10B7F00000400000002000000010000000080000D1
:10B8000000040000000200000001000080000000B1
:10B8100000200000001000000008000000040000EC
:10B820000002000000010000800000004000000055
:10B83000A1B60208000000000000000000000000A7
:10B8400000000000000300003700000000000000BE
:10B8500000000000000102033D00000000000000A5
:10B86000120200005400010000C0A8474031774C8C
:10B87000004EED4900006145000061450000E145D2
:10B880000A0003000000604017B7D138C7BA38BDBE
:10B89000D3BC63BC2B18953CDE02C9BE10E9AFBF18
:10B8A000D881F3BE295C2F3FA8C64B3F9A99193F18
:10B8B0009A99193F304C463F1C0002000000484254
:10B8C000295C2F3FA8C64B3F9A99193F9A99193F77
:10B8D000304C463F100003000AD7A33C0AD7233B55
:10B8E0000AD7233B0D000500000000006423291D3A
:10B8F0005658000900E5D0223E000000000000007C
:10B9000000DA1B9C3EE10B43400000A04000000019
:10B9100000000000005E4B48BD5DFE9F40423EA01F
:10B92000BF0000000000000000211FB4BE8AB0610B
:10B930004041F163BE0000000000000000A779470D
:10B940003DA5BD29C0B81EBD400C000A0000000086
:10B9500000000000002101FE0002010530756400B6
:10B960002C0170170004840364005C044001400152
:10B970004001900130753075307530756400640099
:10B980006400307530753075640064003075307552
:10B990002C016400640064006400307530753075FB
:10B9A0006400640064003075307564006400FFFF5B
:10B9B0002C012C012C012C012C012C012C012C011F
:10B9C0002C012C012C012C012C012C01FFFF7017E4
:10B9D000701770177017080708070807080770170F
:10B9E00070177017701770177017FFFFFFFFFFFFBA
:10B9F000FFFFFFFF7017701770177017FFFFFFFF33
:10BA0000DC05DC05FFFFFFFFFFFFFFFFFFFFFFFF80
:10BA1000FFFFDC05DC05DC05FFFFFFFFFFFFFFFF8D
:10BA2000FFFFFFFFFFFFFFFFFFFFFFFFFFFFFFFF26
:10BA3000FFFFFFFFFFFFFFFFFFFFFFFFFFFFFFFF16
:10BA4000FFFFFFFFFFFF307500050A050002000A37
:10BA5000001E00050005000500050005000500406A
:10BA600001640064006400C800C800C800400140D0
:10BA70000140010A0200000000001B130000000149
:10BA800002033D000000000000001202000054000C
:10BA9000010000C0A8474031774C004EED4900003E
:10BAA0006145000061450000E1450A000300000017
:10BAB000604017B7D138C7BA38BDD3BC63BC2B18A8
:10BAC000953CDE02C9BE10E9AFBFD881F3BE295C48
:10BAD0002F3FA8C64B3F9A99193F9A99193F304C6E
:10BAE000463F1C00020000004842295C2F3FA8C6C8
:10BAF0004B3F9A99193F9A99193F304C463F100095
:10BB000003000AD7A33C0AD7233B0AD7233B0D00E7
:10BB10000500000000006423291D5658000900E5B7
:10BB2000D0223E0000000000000000DA1B9C3EE135
:10BB30000B43400000A04000000000000000005E39
:10BB40004B48BD5DFE9F40423EA0BF00000000008C
:10BB5000000000211FB4BE8AB0614041F163BE0005
:10BB600000000000000000A779473DA5BD29C0B82E
:10BB70001EBD400C000A0000000000000000002173
:10BB800001FE00020105307564002C0170170004ED
:10BB9000840364005C044001400140019001307561
:10BBA0003075307530756400640064003075307530
:10BBB000307564006400307530752C0164006400D9
:10BBC0006400640030753075307564006400640092
:10BBD0003075307564006400FFFF2C012C012C01CE
:10BBE0002C012C012C012C012C012C012C012C01ED
:10BBF0002C012C012C01FFFF7017701770177017A4
:10BC000008070807080708077017701770177017DC
:10BC100070177017FFFFFFFFFFFFFFFFFFFF701799
:10BC2000701770177017FFFFFFFFDC05DC05FFFFC3
:10BC3000FFFFFFFFFFFFFFFFFFFFFFFFDC05DC054E
:10BC4000DC05FFFFFFFFFFFFFFFFFFFFFFFFFFFF21
:10BC5000FFFFFFFFFFFFFFFFFFFFFFFFFFFFFFFFF4
:10BC6000FFFFFFFFFFFFFFFFFFFFFFFFFFFFFFFFE4
:10BC70002C0100050A050002000A001E000500054F
:10BC80000005000500050005004001640064006433
:10BC900000C800C800C8004001400140010A02007D
:10BCA00000000000C9A300000101010078000101AB
:10BCB0000100780001010100780000010100580234
:10BCC00000010100580200010100580200010100BA
:10BCD0005802000101005802000101005802000151
:10BCE0000100580200010100580200010100580241
:10BCF000000101005802000101005802000101008A
:10BD00005802000101005802000101005802000021
:10BD10000000D0C10000C842000000000000C8427E
:10BD20000098B74700F0D2470000D0C10000C842D9
:10BD3000000000000000C8420098B74700F0D2475A
:10BD400009000000000000410900000000008041DF
:10BD500009000000000000420300C409AC0D4006C9
:10BD6000B80B00000000803F0000803F0000204131
:10BD700082002000200082008200434445464702A2
:10BD8000020304060A222209050244454600000077
:10BD9000FAB60208000000000000000000000000E9
:10BDA0000000000000020000180000000000000079
:10BDB00000000000D0BD0208D8BD0208E0BD0208A6
:10BDC000E8BD0208F0BD0208F8BD020800BE020886
:10BDD000000400488000000000040048400000000B
:10BDE000001C00480800000000000048100000008F
:10BDF000000400480010000000000048000100009E
:10BE0000000800480020000003B7020800000000FE
:10BE1000000000000000000000000000000400001E
:10BE200008000000000000000000000080EE360066
:10BE3000F4010000F401000060EA0000F4010000D9
:10BE4000544C56314E564D3120B7020800000000C8
:10BE500000000000000000000000000000080000DA
:10BE6000180000000000000000000000A086010093
:10BE7000400D0300801A060000350C0040420F0000
:10BE800080841E0000093D0000127A000024F400A6
:10BE900000366E010048E801006CDC020000000082
:10BEA0000000000000000000000000000100000091
:10BEB0000300000005000000010000000100000078
:10BEC000060000000A000000200000000200000040
:10BED0000400000008000000100000004000000006
:10BEE0008000000000010000000200003700000098
:10BEF0004001640064006400C800C800C80040013C
:10BF000040014001307564002C0170170004840367
:10BF100064005C04400140014001900105020A1EDA
:10BF20000505050505050000FFFF7FFFFFFF7FFFFB
:10BF3000FFFF7FFFFFFF7FFFFFFF7FFFFFFF7FFF11
:10BF4000FFFF7FFFFFFF7FFFFFFF7F7FFFFF7F7F01
:10BF5000FFFF7F7FFFFF7F7FFFFF7F7FFFFF7F7FF1
:10BF6000FFFF7F7FFFFF7F7F0000000000000000D9
:10BF70000E000000000000000800000004000000A7
:10BF8000040000000600000004000000060000009D
:10BF90000F008000140011001000050000000001D7
:10BFA000200040000000000100000000010203002A
:10BFB000040000000506000008070807100E000036
:10BFC0000102030400000000000000000005000062
:10BFD0000000000000060708010203040005060730
:10BFE000080000090A0B0C00000D00000E00000004
:10BFF0000000000000000F001700170017001700D6
:10C000001D0000000000000000006001E0011000C1
:10C0100010000001000315001500150015001500A3
:10C0200017000004000400040004000000040004E1
:10C0300000040004170000000E00E0000E00E00005
:10C040000E00E0000E00E0000E00E0000400000022
:10C05000010000000200000008000000F4FF9F0043
:10C06000F6FF9F000800A0000800A0000420800048
:10C07000062080000E00E0000E00E0000E00E00050
:10C080000E00E0000E00E0000E00E0000F00800057
:10C090000F0080000F0080000F0080000000800073
:10C0A0000F0080000F0080000F0080000F00800054
:10C0B0000E00E000295C2F3FA8C64B3F9A99193F1C
:10C0C0009A99193F304C463F0000891112239B3248
:10C0D0002446AD573665BF74488CC19D5AAFD3BE58
:10C0E0006CCAE5DB7EE9F7F88110080193331A2268
:10C0F000A5562C47B7753E64C99C408DDBBF52AE38
:10C10000EDDA64CBFFF976E802218B301002991347
:10C110002667AF763444BD554AADC3BC588ED19F17
:10C120006EEBE7FA7CC8F5D983310A209112180327
:10C13000A7772E66B5543C45CBBD42ACD99E508FF7
:10C14000EFFB66EAFDD874C904428D5316619F70F7
:10C150002004A9153227BB364CCEC5DF5EEDD7FCD7
:10C160006888E1997AABF3BA85520C4397711E60E7
:10C17000A1142805B3373A26CDDE44CFDFFD56ECB7
:10C18000E9986089FBBB72AA06638F7214409D51C7
:10C190002225AB343006B9174EEFC7FE5CCCD5DD97
:10C1A0006AA9E3B8788AF19B87730E6295501C41A7
:10C1B000A3352A24B1163807CFFF46EEDDDC54CD77
:10C1C000EBB962A8F99A708B088481951AA793B687
:10C1D0002CC2A5D33EE1B7F04008C919522BDB3A77
:10C1E000644EED5F766DFF7C899400859BB712A647
:10C1F000ADD224C3BFF136E0C1184809D33B5A2A57
:10C20000E55E6C4FF77D7E6C0AA583B41886919726
:10C210002EE3A7F23CC0B5D14229CB38500AD91B36
:10C22000666FEF7E744CFD5D8BB502A49996108706
:10C23000AFF326E2BDD034C1C3394A28D11A580B16
:10C24000E77F6E6EF55C7C4D0CC685D71EE597F4D6
:10C250002880A1913AA3B3B2444ACD5B5669DF78F6
:10C26000600CE91D722FFB3E8DD604C79FF516E4C6
:10C27000A9902081BBB332A2C55A4C4BD7795E68D6
:10C28000E11C680DF33F7A2E0EE787F61CC495D5A6
:10C290002AA1A3B03882B193466BCF7A5448DD59B6
:10C2A000622DEB3C700EF91F8FF706E69DD414C586
:10C2B000ABB122A0B9923083C77B4E6AD5585C4996
:10C2C000E33D6A2CF11E780F000000006937AC31A5
:10C2D00068212233B40F14336821A2333863ED3E52
:10C2E000DA0F493F5E987B3FDA0FC93F6042A20DEB
:10C2F0000000803FD1F71737D1F717B78071313F72
:10C30000807131BF0000003F000000BF000FC93F37
:10C31000000F494000CB9640000FC9400053FB403E
:10C3200000CB164100ED2F41000F49410031624121
:10C3300000537B41003A8A4100CB9641005CA34107
:10C3400000EDAF41007EBC41000FC94100A0D541C6
:10C350000031E24100C2EE410053FB4100F20342D2
:10C36000003A0A420083104200CB164200141D42DC
:10C37000005C234200A5294200ED2F4200363642E0
:10C38000007E3C4200C74242000F4942A20000002A
:10C39000F9000000830000006E0000004E00000065
:10C3A000440000001500000029000000FC0000000F
:10C3B0002700000057000000D1000000F500000039
:10C3C00034000000DD000000C0000000DB000000C1
:10C3D0006200000095000000990000003C00000091
:10C3E000430000009000000041000000FE0000003B
:10C3F0005100000063000000AB000000DE00000000
:10C40000BB000000C500000061000000B700000094
:10C41000240000006E0000003A000000420000000E
:10C420004D000000D2000000E00000000600000007
:10C43000490000002E000000EA0000000900000092
:10C44000D1000000920000001C000000FE0000006F
:10C450001D000000EB0000001C000000B100000007
:10C4600029000000A70000003E000000E8000000D6
:10C470008200000035000000F50000002E000000E2
:10C48000BB0000004400000084000000E900000040
:10C490009C0000007000000026000000B4000000B6
:10C4A0005F0000007E000000410000003900000035
:10C4B00091000000D6000000390000008300000059
:10C4C0005300000039000000F40000009C00000050
:10C4D000840000005F0000008B000000BD00000031
:10C4E000F9000000280000003B0000001F000000D1
:10C4F000F800000097000000FF000000DE000000D0
:10C5000005000000980000000F000000EF00000090
:10C510002F000000110000008B0000005A000000F6
:10C520000A0000006D0000001F0000006D00000008
:10C53000360000007E000000CF0000002700000051
:10C54000CB00000009000000B70000004F00000011
:10C55000460000003F000000660000009E00000052
:10C560005F000000EA0000002D00000075000000E0
:10C5700027000000BA000000C7000000EB00000028
:10C58000E5000000F10000007B0000003D0000001D
:10C590000700000039000000F70000008A000000DA
:10C5A0005200000092000000EA0000006B00000052
:10C5B000FB0000005F000000B10000001F00000051
:10C5C0008D0000005D000000080000005600000023
:10C5D000030000003000000046000000FC000000E6
:10C5E0007B0000006B000000AB000000F0000000CA
:10C5F000CF000000BC000000200000009A000000F6
:10C60000F4000000360000001D000000A90000003A
:10C61000E300000091000000610000005E000000E7
:10C62000E60000001B00000008000000650000009C
:10C6300099000000850000005F0000001400000069
:10C64000A000000068000000400000008D00000015
:10C65000FF000000D8000000800000004D00000036
:10C6600073000000270000003100000006000000F9
:10C67000060000001500000056000000CA0000007F
:10C6800073000000A8000000C90000006000000066
:10C69000E20000007B000000C00000008C000000F1
:10C6A0006B0000000000000059F3F8C21F6EA501E6
:10C6B000000000000000F03F0000C93F0000F0391A
:10C6C0000000DA370000A2330000842E0000502B57
:10C6D0000000C2270000D0220000C41F0000C61BBB
:10C6E00000004417040000000700000009000000DB
:08C6F0003029FE7F010000006B
:08C6F800658D00080000000040
:08C70000418D0008000000005B
:10C70800FFFFFFFF01000000FF020000B6B60208AD
:10C718000000000000000000000000000000000011
:10C7280000040000180000000000000000000000E5
:10C738004C0800205C0800206C0800200000000065
:10C74800000000004C0A00208000001C00000000CF
:10C75800000000004C0A0020400000180000000003
:10C76800000000004C0A002010000010840800207F
:10C77800900800200000000000000000C80A002007
:10C7880000000000000000001C0B0020FFFFFFFF5E
:10C798000200000029E6010869F101082DF10108ED
:10C7A80000000000000000000300000028440020F2
:10C7B800A7FE010801FE010863FE010875FF0108D4
:10C7C800FDFE0108E1FE010815FE01080000000059
:10C7D8001101020800000000690002082100020897
:10C7E80027020208290002082D0002080302020895
:10C7F8006F030208000000007303020877030208B1
:10C808007B0302087F03020883030208000000007C
:10C81800470402080000000007040208390502085E
:10C82800BD040208DB030208A50302086D04020820
:10C838001B07020800000000FB070208EF070208B8
:10C848006F070208E3060208930602084307020876
:10C8580047090208000000001B090208F70902083E
:10C86800890902086D090208D50802080B0902089F
:10C878002D0B02089F0A0208F90A0208F10B0208A8
:10C88800830B0208670B0208B30A020800000000C5
:10C8980000093D000100000010000000AAAAAAAA91
:10C8A800B4090020000000000CA4002074A400209B
:10C8B800DCA40020000000000000000000000000D0
:10C8C8000000000000000000000000000000000060
:10C8D8000000000000000000000000000000000050
:10C8E8000000000000000000000000000000000040
:10C8F8000000000000000000000000000000000030
:10C90800000000000000000000000000000000001F
:10C91800000000000000000000000000000000000F
:040000050801643951
:020000040800F2
:1000000000FC0020A11200080F12000811120008C5
:10001000151200081712000819120008000000004D
:10002000000000000000000000000000C1460008C1
:100030001B12000800000000614700081D120008A4
:10004000F1120008F1120008F1120008F112000884
:10005000F1120008F1120008F1120008F112000874
:10006000F1120008F1120008F1120008F112000864
:10007000F1120008F1120008F1120008F112000854
:10008000F1120008F1120008F1120008F112000844
:1000900000000000F1120008F1120008F11200083F
:1000A000F1120008F1120008F1120008F112000824
:1000B000F1120008F1120008F1120008F112000814
:1000C000F1120008F1120008F1120008F112000804
:1000D000C9640008D9640008E9640008F112000846
:1000E000F1120008F1120008F1120008F1120008E4
:1000F000F11200080000000000000000F1120008EA
:10010000F1120008F1120008F1120008F1120008C3
:10011000F1120008F1120008F1120008F1120008B3
:10012000F1120008F1120008F1120008F1120008A3
:08013000F1120008F1120008B1
:1001400010B5054C237833B9044B13B10448AFF311
:1001500000800123237010BDD801002000000000A2
:100160006874000808B5034B1BB103490348AFF39B
:10017000008008BD00000000DC0100206874000859
:1001800001F0FF01102A2BDB10F0070F08D010F848
:10019000013B013A8B422DD010F0070F42B3F6D14C
:1001A000F0B441EA012141EA014122F007047FF065
:1001B00000070023F0E80256083C85EA010586EABC
:1001C000010685FA47F5A3FA87F586FA47F6A5FAF8
:1001D00087F68EB9EED1F0BC01F0FF0102F0070204
:1001E00032B110F8013B013A83EA010313B1F8D1AF
:1001F0000020704701387047002D06BF3546033890
:10020000073815F0010F07D1013015F4807F02BFC8
:10021000013015F4C03F0130F0BC0138704700BF19
:1002200053B94AB9002908BF00281CBF4FF0FF315D
:100230004FF0FF3000F088B9ADF1080C6DE904CE45
:1002400000F006F8DDF804E0DDE9022304B07047B1
:100250002DE9F047089D0F4604468C46002B48D1F7
:100260008A42164661D9B2FA82F34BB1C3F1200239
:1002700001FA03FC20FA02F29E4042EA0C0C9C4078
:100280004FEA164EB7B2BCFBFEF1220C0EFB11CCAE
:1002900042EA0C4201FB07F0904209D9B21801F181
:1002A000FF3C80F0EE80904240F2EB800239324415
:1002B000121AA4B2B2FBFEF00EFB102244EA024472
:1002C00000FB07F7A74209D9341900F1FF3280F08B
:1002D000DA80A74240F2D7803444023840EA014035
:1002E000E41B00211DB1DC400023C5E90043BDE84B
:1002F000F0878B4206D90DB1C5E9000100210846FF
:10030000BDE8F087B3FA83F1002948D1BB4202D39C
:10031000824200F20781841A67EB030201209446AF
:10032000002DE4D0C5E9004CE1E7002A00F09280FE
:10033000B2FA82F3002B40F0A8808A1A4FEA164ED8
:100340001FFA86FC0121200CB2FBFEF70EFB1722E0
:1003500040EA02420CFB07F0904207D9B21807F1BD
:10036000FF3802D2904200F2E2804746121AA4B24D
:10037000B2FBFEF00EFB102244EA02440CFB00FC30
:10038000A44507D9341900F1FF3202D2A44500F286
:10039000CB801046A4EB0C0440EA0740A2E7C1F171
:1003A00020068B4022FA06FC4CEA030C07FA01F403
:1003B00020FA06F3F7404FEA1C49234300FA01F8FC
:1003C0001FFA8CFEB7FBF9F01C0C09FB107744EA0E
:1003D000074400FB0EF7A74202FA01F20AD91CEB10
:1003E000040400F1FF3A80F09B80A74240F298801D
:1003F00002386444E41B9FB2B4FBF9F309FB1344D5
:1004000047EA044403FB0EFEA64509D91CEB04048D
:1004100003F1FF3780F08280A6457FD9023B644418
:1004200043EA0040A4EB0E04A0FB02E7BC42734683
:10043000B94663D360D05DB1B8EB030264EB090445
:1004400004FA06F622FA01F31E43CC40C5E9006423
:1004500000214CE76208480842EAC1710B0C43EAEC
:1004600000438AB242EA0342B3FBF6F1E407B44622
:100470003746B6461F23B0FBF6F0D21B41EA0041D7
:1004800061E7614614E7104628E7C3F1200120FA2E
:1004900001F29E4027FA01F19F403A434FEA164E7F
:1004A0001FFA86FCB1FBFEF70EFB1710110C41EA98
:1004B000004107FB0CF8884504FA03F43AD9711897
:1004C00007F1FF3001D288451FD8A1EB0801B1FB2D
:1004D000FEF808FB0CF70EFB181192B242EA01423B
:1004E000BA422FD2B21808F1FF31C6D2BA42C4D2F2
:1004F000A8F102013244C0E7F0459CD2BEEB0203F2
:1005000067EB0C070138B94695E7A6EB08084144AC
:10051000B81EB1FBFEF808FB0CF7DCE73B467FE7B3
:10052000504667E70846FBE63444023832E7023FAC
:1005300032441BE7A1EB08013846B1FBFEF808FB8B
:100540000CF7C8E7414698E7704700BF08B5406818
:100550000368DB68984708BD08B5406803689B6876
:10056000984708BD08B5406803681B69984708BDEF
:1005700008B5406803685B69984708BD012A05D043
:10058000032A04D01AB90023036000E001600020B0
:100590007047704710B50446082106F081F92046DF
:1005A00010BD08B5084611461A78096800F0B8FB76
:1005B00008BD000010B588B00F4C01220692002340
:1005C00005930221049103930292019300930B4A35
:1005D0002146052005F0A8FB094BD3F88035094AD0
:1005E0002146052005F0A0FB074A2146042005F01E
:1005F0009BFB08B010BD00BFC8740008A0740008C1
:100600000070FF1FD0740008DC74000870B584B05F
:10061000012006F0BFF8044606F03EF990F82000ED
:1006200005F064FB294B186805F0BCFC05F008FBDD
:1006300006F032F9C56806F02FF9466806F02CF985
:10064000036A0293019600952346214A2149052019
:1006500005F06AFBFFF7AEFF00F0B6FB1E4804F0A2
:1006600039FE4FF47A7000F0D3FB10BB1A4804F047
:1006700063FE04F06FF900F031F90546E0B1154C66
:100680002B46164A2146012005F04EFB04F062F984
:10069000134A2146012005F047FB0F4804F01AFEDB
:1006A000002000F0B5FB00F0CFFB04F04FF904B0E0
:1006B00070BD00F0C9FBD9E70A4A0649052005F0DC
:1006C00033FB04F047F900F089FAD8E7440400202E
:1006D000F4740008C8740008F40100202C750008A8
:1006E000507500081475000800B583B00B4B0093DB
:1006F00003234FF420520021094805F0A6FC08B15D
:1007000003B000BD074B01937A230093064B074AC1
:100710000749022005F03AFAABBEFDE788750008EC
:100720000D060008B07500088C7500089C7500085F
:10073000A875000800B585B080220E490E4805F066
:1007400017FF0E4B18600E490E4B0B6048606A464F
:100750000023009301930C4B03930C4B02930C4822
:1007600004F0A8FC029B1BB1684603226946984727
:1007700005B000BD8805002000440040440400206E
:100780003C040020447C0008A30500087D05000807
:10079000F401002008B5024804F0E1FD08BD00BFE7
:1007A000F401002070B582B004463B4B3B4A3C4903
:1007B000072005F0B9FA22683A4B9A4233D16368B0
:1007C000352B37D1002101914FF0FF3300930B46B9
:1007D0000A46354804F060FF064698B331222146A8
:1007E00005F0B4F80546304604F092FFD4F83130F5
:1007F000AB4233D1D4F829202C4B9A4235D8352A34
:1008000033D9A26804322A4901F13500904233D825
:100810000B44353B93422FD3D4F82530254A9342DD
:1008200031D100200CE0244A1D49072005F07CFA54
:10083000052005E0214A1A49072005F075FA052030
:1008400002B070BD1E4B01933C230093124B1D4A16
:100850001D49022005F09AF9ABBEFDE71B4A10497D
:10086000072005F061FA0520EAE7194A0C4907203C
:1008700005F05AFA0B20E3E7164A0949072005F06C
:1008800053FA0B20DCE70092134A0549072005F0D4
:100890004BFA0520D4E700BF5876000868760008B8
:1008A000D47500080BB0FEC0B71DC1040060030082
:1008B00000880008010002006C7600087C760008C1
:1008C000907600089C750008A8750008A4760008BA
:1008D000B0760008C0760008E0760008F0B583B076
:1008E000324B334A3349072005F01EFA3248FFF7EE
:1008F00059FF0446002835D12F4B9A68136803F13D
:100900006043B3F5803F34D852682B4D05F1350371
:10091000934235D8294B2B44934231D30123019381
:100920004FF0FF33009300231A461946244804F081
:10093000B3FE074668B3204EB168D6F829202A4492
:10094000521A05F003F80546384604F0E1FED6F8E1
:100950002D30AB421AD01B4A1649032005F0E4F9AA
:10096000052413E00346184A1249032005F0DCF978
:100970000CE0164A0F49032005F0D6F9072405E0DC
:10098000134A0C49032005F0CFF90724204603B091
:10099000F0BD104B019385230093044B0E4A0F4981
:1009A000022005F0F3F8ABBEFDE700BF04770008B6
:1009B00068760008D475000800880008CB5F030043
:1009C000B71DC10450770008147700082877000885
:1009D0003C770008907600089C750008A875000810
:1009E00030B587B0274B284A2849072005F09CF9E5
:1009F000274CC4F30A0323BB264DC5F30A033BBBB4
:100A0000254A2249062005F08FF900F09BFD30BBF6
:100A1000224B4FF400421A610023029302230393F6
:100A200004F17844E40A0494ED0A059502A903A8A8
:100A300000F022FE0446C8B900F098FD204607B039
:100A400030BD174A1149012005F06EF90D24F5E774
:100A5000144A0E49012005F067F90D24EEE7124A09
:100A60000A49032005F060F90124E7E7029B00939F
:100A700003460E4A0549032005F056F900F076FDBD
:100A80000C24DBE77477000868760008D47500084A
:100A90000088000800600300E47700080040005868
:100AA00080770008B4770008F47700080C78000815
:100AB0002DE9F04782B007460E4614462C4B2D4ACE
:100AC0002D49072005F030F92C4B1F442C4A1344C4
:100AD000BB4243D93A19934244D3002E44D0002C50
:100AE00044D000F02FFD78B9264B4FF400421A6134
:100AF000013CE408A6F108054FF00008C6F108061D
:100B00003E444FF0010907E01F4A1B49032005F04E
:100B10000BF9012023E098467719F5E902233946BD
:100B2000484600F065FD824668B908F10103444576
:100B3000F1D100F01BFD90B1144A0F49042005F0DB
:100B4000F3F850460BE000903B46114A0A49032057
:100B500005F0EAF800F00AFD0C2000E00B2002B0DE
:100B6000BDE8F0870B20FAE70720F8E70720F6E753
:100B70003478000868760008D475000800880008FA
:100B80000060030000400058F47700086478000813
:100B90004078000838B505460C46084B084A094914
:100BA000072005F0C1F8FFF799FE30B9064BD3F8DE
:100BB00021202A60D3F82530236038BD7C780008D6
:100BC00068760008D47500080088000801230360D7
:100BD00003F500330B6000207047000030B585B08E
:100BE000234D244B244A2946072005F09DF8234C29
:100BF00004F11803029304F10C030193D4F8253097
:100C00000093D4F821301E4A2946062005F08CF8BE
:100C100072B61C4801F098FD00F06BFB00F0E0FBA1
:100C20004FF0E0231A6922F002021A614FF0FF32FE
:100C30001549C1F88020C3F88421C3F88821C3F87E
:100C40008C21C3F89021C3F89421C3F89821C3F8EC
:100C50009C21A3685A6801F540618B60002383F3EF
:100C60001488BFF36F8F62B6904705B030BD00BFE8
:100C7000D4750008887800086876000800880008A5
:100C80009C7800088805002000E100E008207047FB
:100C900000207047012A05D0032A04D01AB9002386
:100CA000036000E00160002070470000014B022259
:100CB0001A7070477C050020012A05D0032A04D051
:100CC0001AB90023036000E00160002070477047FC
:100CD000704710B50446042105F0E2FD204610BD22
:100CE00010B50446042105F0DBFD204610BD0000D0
:100CF00008B50A78034B1A70034B186805F006FA1A
:100D000008BD00BF7C0500208005002010B504460A
:100D1000836813B1032201469847204610BD0000A6
:100D2000032A46D930B583B00446043A8DF807202B
:100D3000CA78204BDA70012058701870022A12D03D
:100D40001D4B1B7883B3082A15D81C4B53F822007F
:100D500003689D680DF10703194A0431A847154B34
:100D6000987098B10DE00DF10703154A043115484C
:100D700003F024FEF3E700238DF807300D4B082223
:100D80009A700C4A537843F0020353709DF8072081
:100D90000432D2B28DF807200649204604F064FAE6
:100DA000054B1B78022B01D003B030BD03F0CEFD04
:100DB000FAE770477C0400207C050020847C000852
:100DC00080040020680400200C4B1B6803B17047AE
:100DD00000B583B005F08FF9084B186008B103B077
:100DE00000BD074B01937C230093064B064A07493D
:100DF000022004F0CBFEABBEFDE700BF8005002063
:100E0000EC780008E47800089C750008A8750008D4
:100E100008B501460A4B186868B111B9094B01229F
:100E20001A70084B1B78012B07D005F077F90038B2
:100E300018BF012008BD0020FCE70120FAE700BF31
:100E4000800500207C0500200A4B1B6883B10A4BFB
:100E50001B78012B0CD170B5064E4FF0FF35064CB8
:100E60002946306805F05AF92378012BF8D070BD77
:100E7000704700BF800500207C05002010B588B0B9
:100E800004AB002404940594164A174911601749CD
:100E9000116102F1040C93E803008CE8030014498B
:100EA000D160069407941846FFF730FF0094019430
:100EB000104A114911601149116102F1040CDDE978
:100EC00000018CE803000E49D16002940394684647
:100ED000FFF71CFF0B4B0C4A1A605C609C6008B06B
:100EE00010BD00BF68040020787D0008F10C0008E8
:100EF000950C000854040020C87D0008AD0C0008C3
:100F0000B90C000848040020DC7D000808B506483C
:100F1000064B40F8043BFFF7F9FE0548054B40F847
:100F2000043BFFF7F3FE08BD54040020C87D000811
:100F300068040020787D000808B5FFF7D5FB002085
:100F400002F0A6FE08BD0000084BD3F8F03013F005
:100F5000010F0AD0064AD36B43F0004343F4A05379
:100F6000D363536843F007035360704700ED00E01C
:100F7000002004E030B59BB008AD4822002128468F
:100F800005F015FE0024029403940494059406943D
:100F9000079400F009FD4FF0B042D2F8903023F0F2
:100FA0001803C2F8903002F58062136823F4C0631E
:100FB00043F400731360136803F4C0630193019B4F
:100FC0002C23089381230B930123109311948022E7
:100FD00012920F940E931394284600F00BFE70B9F2
:100FE0004F230293002303930493059306930793DF
:100FF000022102A801F038F918B91BB030BD72B651
:10100000FEE772B6FEE7000000B58FB0FFF79CFF69
:1010100000F0BEF9FFF7AEFF002406940794089491
:101020004FF0B043DA6C42F00202DA64DA6C02F09C
:1010300002020092009ADA6C42F00102DA64DA6C81
:1010400002F001020192019ADA6C42F08002DA6445
:10105000DA6C02F080020292029ADA6C42F0040228
:10106000DA64DB6C03F004030393039B41F2FC138B
:1010700004930326059604AD29462B4800F04EFB49
:1010800049F6FA7304930596069429464FF090406A
:1010900000F044FB08230493059606942946234850
:1010A00000F03CFB4FF40053049305960694294648
:1010B0001F4800F033FB1F481F4B03604FF4E13320
:1010C00043608460C46004610C2343618461C46133
:1010D00004624462846201F016FEE0B90021154802
:1010E00001F08FFEC8B90021124801F0AFFEB0B97F
:1010F000104801F067FEA0B909AC104D0FCD0FC428
:101100002B682360002109A801F0CAFE0C4B18606F
:1011100001F0C1FEFEE772B6FEE772B6FEE772B6F8
:10112000FEE772B6FEE700BF00040048001C00485E
:101130000008004888050020004400408074000832
:101140008405002072B6FEE708B500220F216FF07B
:10115000010000F05FF908BD10B596B0044600210B
:1011600011911291139114911591382203A805F051
:101170001EFD22681A4B9A4201D016B010BD022300
:1011800003934FF44023059303A801F0A1F918BB82
:101190004FF0B0439A6D42F400329A659A6D02F4B2
:1011A00000320292029ADA6C42F00102DA64DB6CDD
:1011B00003F001030193019B042311931223129363
:1011C00001231393002314930723159311A94FF0C0
:1011D000904000F0A3FAD0E7FFF7B4FFD8E700BFD4
:1011E0000044004008B50268074B9A4200D008BD91
:1011F0004FF0B042936D23F40033936504214FF018
:10120000904000F053FBF2E7004400407047FEE7D7
:1012100055BEFEE7FEE7FEE7FEE7704708B500F0C3
:10122000CDF803F0C7F8012800D108BD03F0BAFAE1
:10123000FBE70120704708B505F016FD1623036093
:101240004FF0FF3008BD08B505F00EFD1623036012
:10125000FEE7000008B503460C4A126852B10B4A7B
:10126000106803440A4A0B49521A934206D8074AA7
:10127000136008BD054A08491160F0E705F0F4FC69
:101280000C2303604FF0FF30F3E700BF1C06002083
:1012900000FC0020000400006809002070470000E6
:1012A0000D488546FFF7FAFF0C480D490D4A00230B
:1012B00002E0D458C4500433C4188C42F9D30A4A0B
:1012C0000A4C002301E013600432A242FBD305F074
:1012D000D1FCFFF799FEFEE700FC00200000002093
:1012E000D80100202C7F0008D801002068090020C8
:1012F000FEE710B54FF0B0439A6B4FF0FF329A63A0
:10130000D96BDA63996B00249C63D96BDC63196C2D
:101310001A64196C1C64596C5A64596C5C64996A3F
:101320009A62996A9C62D96ADA62D96ADC62196B3C
:101330001A631A6B1C63FFF769FF204610BD00009B
:10134000114B1B780BB90120704710B5044600F013
:1013500041FC0D4B1A784FF47A73B3FBF2F3B0FBF8
:10136000F3F000F0BFF868B90F2C01D901200AE0B2
:10137000002221464FF0FF3000F04CF8034B1C6078
:10138000002000E0012010BD180000201C000020FB
:1013900010B5032000F02CF800F01CFC064B186080
:1013A0000F20FFF7CDFF10B10124204610BD0446E9
:1013B000FFF7CAFEF9E700BF14000020034A1168D6
:1013C000034B1B780B441360704700BF20060020BE
:1013D00018000020014B1868704700BF200600204D
:1013E0004FF0E022136923F00203136170470000FD
:1013F0000749CA68030203F4E06322F4E0621204BE
:10140000120C134343F0BF6343F40033CB607047C7
:1014100000ED00E000B5184BDB68C3F30223C3F115
:10142000070CBCF1040F28BF4FF0040C03F1040EAD
:10143000BEF1060F8CBF033B00234FF0FF3E0EFAB8
:101440000CFC21EA0C0199400EFA03FE22EA0E027E
:101450001143002808DB0901C9B200F1604000F522
:10146000614080F8001300BD00F00F000901C9B20F
:10147000024B1954F7E700BF00ED00E014ED00E067
:10148000002807DB410900F01F0001238340024AC6
:1014900042F82130704700BF00E100E000280CDB7B
:1014A000430900F01F00012282402033034941F824
:1014B0002320BFF34F8FBFF36F8F704700E100E031
:1014C000BFF34F8F0549CA6802F4E062044B13432F
:1014D000CB60BFF34F8F00BFFDE700BF00ED00E022
:1014E0000400FA050138B0F1807F0BD24FF0E02301
:1014F0005861054AF02182F82310002098610722E4
:101500001A6170470120704700ED00E010B50B46EE
:101510000B4C626942F480226261EFF3108E72B666
:1015200001F5807C411A1A685A5004336345FAD198
:10153000034A136913F4803FFBD18EF3108810BD6A
:1015400000400058074B5B69002B01DB002070470F
:10155000044B054A9A6002F188329A605869C00FBC
:10156000704700BF0040005823016745044B5A698B
:1015700042F000425A615869C043C00F704700BF33
:101580000040005870B50546FFF724FF0446164E8C
:10159000336913F4803F06D0FFF71CFF001BA842FD
:1015A000F6D3032070BD104B1B6913F0010F02D05E
:1015B0000D4A012111614CF2FA3213400BD10A4E4F
:1015C000336913F4802F0CD0FFF704FF001BA842EF
:1015D000F6D30320E6E7044A1361044A536001206E
:1015E000E0E70020DEE700BF0040005824060020AE
:1015F000F8B51F46174B1B78012B29D004460D4622
:101600001646144B01221A7000225A604FF47A7069
:10161000FFF7B8FF70B9012C10D031462846FFF70C
:1016200075FF4FF47A70FFF7ADFF0B4A536923EA59
:1016300004035361074B00221A70F8BD064A536930
:1016400043F0010353612E60BFF36F8F6F60E8E7D3
:101650000220F2E72406002000400058054A5369A2
:1016600023F47E7343EAC00040F4803040F002006F
:101670005061704700400058F8B5264B1B78012B8D
:1016800046D005460E46234B01221A7000225A60AE
:101690004FF47A70FFF776FF0146002833D12B68AC
:1016A000042B18D04FF0FF3333606C68AB682344D1
:1016B0009C421ED24FF47A772046FFF7CFFF384680
:1016C000FFF760FF014698B901346B68AA681344BC
:1016D000A342F1D80DE0104A536943F4803343F03C
:1016E000040353614FF47A70FFF74CFF014607E0A3
:1016F0003460094A536923F47E7323F00203536173
:10170000054B1A681B68034B00221A700846F8BD87
:101710000221FBE724060020004000580B68002B44
:1017200000F0BF802DE9F04F4FF0000C624601251C
:101730004FF0030E07265B4C4FF00F084FE0836815
:101740000EFA0CFA23EA0A0ACB6803FA0CF343EA0E
:101750000A038360436823EA07074B68C3F3001357
:1017600093403B43436045E0002707FA0BF747EA05
:101770000A079F6023686FEA0907D1F804A01AF4EA
:10178000801F0CBF3B4049EA030323606368D1F824
:1017900004A01AF4001F0CBF3B4049EA0303636036
:1017A000D4F88030D1F804A01AF4803F0CBF3B403D
:1017B00049EA0303C4F88030D4F88430D1F804A097
:1017C0001AF4003F0CBF1F4049EA0307C4F88470B5
:1017D00001320B680CF1020C33FA02F75FD005FA04
:1017E00002F717EA0309F3D04B6803F00303013B48
:1017F000012BA4D94B6803F00303032B20D0C76847
:101800000EFA0CF327EA03078B6803FA0CF33B4349
:10181000C3604B6803F00303022B11D1D70800EB20
:1018200087073B6A02F0070B4FEA8B0B08FA0BFAAB
:1018300023EA0A0A0B6903FA0BF343EA0A033B6241
:1018400007680EFA0CF327EA03074B6803F003035B
:1018500003FA0CF33B4303604B6813F4403FB7D0EB
:1018600022F0030303F1804303F580339F6802F005
:10187000030B4FEA8B0B06FA0BFA27EA0A0AB0F1C0
:10188000904F3FF471AF084FB84206D007F580671C
:10189000B84214BF0727022767E7012765E7BDE8BD
:1018A000F08F70470008005800040048002976D0E7
:1018B0002DE9F04F8C4600234FF001094FF0070B44
:1018C0004FF0030A364F29E04FF0000808FA04F4FD
:1018D000AC4249D0046859000AFA01F10C43046093
:1018E000DD0800EB85052E6A03F00704A4004FF025
:1018F0000F0E0EFA04F426EA04042C62846824EA2B
:1019000001048460446824EA02024260C26822EA58
:101910000102C26001333CFA03F23ED009FA03F23D
:1019200012EA0C06F6D023F0030101F1804101F523
:1019300080318D6803F00304A4000BFA04FE0EEA64
:101940000505B0F1904FBFD0DFF85880404508D072
:1019500008F58068404514BF4FF007084FF00208B3
:10196000B4E74FF00108B1E7D7F8804024EA060455
:10197000C7F88040D7F8844024EA0604C7F88440BA
:101980003C6824EA06043C607C6824EA06047C6027
:101990008C6824EA0E048C609CE7BDE8F08F7047E9
:1019A0000008005800040048024A136843F480739A
:1019B0001360704700040058024B186800F4C060C0
:1019C000704700BF0004005870B584B04FF0B043BA
:1019D000D3F80831C0F3031003F00F03304A52F874
:1019E0002040304A52F82330B4FBF3F4FFF7E4FF11
:1019F00005462D4B93E8070004AB03E90700B5F556
:101A0000007F27D0294B9C423DD303F5B70303F653
:101A10007F539C423ED903F5741303F510639C4237
:101A200098BF022330D90025214A136823F0070309
:101A30002B431360FFF7CEFC04461D4E336803F0C2
:101A400007039D4228D0FFF7C5FC001B0228F5D9EB
:101A5000032022E0174B9C420CD9174B9C4210D913
:101A600003F5370303F5D8539C4298BF022302D9EC
:101A70000025D9E7002304AA02EB830353F80C5C8A
:101A8000D2E70123F7E7002304AA02EB830353F80C
:101A90000C5CC9E70123F7E7002004B070BD00BF6C
:101AA000A87C0008087D000894740008C0CF6A0074
:101AB00000400058BFEA21013F9334024FF0B0428A
:101AC0009368D26813F00C0314D00C2B0BD0042BAA
:101AD00049D0082B4AD14FF0B0431A6812F4801253
:101AE00047D139482DE002F00302012A02D000223A
:101AF000104626E04FF0B042126812F008020DD0F6
:101B00004FF0B042126812F0080226D14FF0B041F7
:101B1000D1F894102D4951F822200EE04FF0B04139
:101B2000096811F0080F14D14FF0B042D2F8942098
:101B3000C2F30322254951F82220002B0CBF104686
:101B400000204FF0B0439B6803F00C030C2B13D024
:101B500070474FF0B0410968ECE74FF0B0421268AF
:101B6000C2F30312D6E700221948EAE70022104622
:101B7000E7E700221648E4E74FF0B043DB6803F0E4
:101B80000303022B09D0032B08D14FF0B0431B688D
:101B900013F4801F15D10C4A00E00D4A4FF0B043FA
:101BA000D868D968DB68C0F3062002FB00F0C1F3F7
:101BB00002120132B0FBF2F05B0F0133B0FBF3F025
:101BC000C6E7034AEAE700BF0048E801A87C00082E
:101BD0000024F40008B5FFF771FF4FF0B0439B6895
:101BE000C3F30313024A52F82330B0FBF3F008BDED
:101BF000087D0008002800F01A832DE9F041044612
:101C00004FF0B0439D6805F00C05DE6806F0030652
:101C1000036813F0200F2BD0002D67D00C2D63D05C
:101C2000236A002B00F0C5804FF0B042136843F0E8
:101C300001031360FFF7CEFB07464FF0B048D8F81A
:101C4000003013F0020F00F0AC804FF0B0431A6880
:101C500042F008021A601A6822F0F002A16A0A43F0
:101C60001A605A68616A22F47F4242EA01225A608D
:101C7000236813F0010F00F0E180082D00F0B4801C
:101C80000C2D00F0AE804FF0B042136823F48013A7
:101C9000A1680B4313606368B3F5803F00F0AD802B
:101CA000B3F5041F00F0AE804FF0B0431A6822F481
:101CB00080321A601A6822F400121A606368002BDE
:101CC00000F0AB80FFF786FB07464FF0B048D8F82E
:101CD000003013F4003F40F0B180FFF77BFBC01BE6
:101CE0006428F4D90320AFE2012E99D1236A002B96
:101CF00000F09F82A06A4FF0B0431B6813F0080FFA
:101D00004FF0B04312BF1B68D3F894301B0903F0A7
:101D1000F00398422BD9FFF757FE002840F08B8242
:101D20004FF0B0431A6842F008021A601A6822F0B5
:101D3000F002A16A0A431A605A68616A22F47F427B
:101D400042EA01225A60FFF745FFB94B1860B94BD0
:101D50001868FFF7F5FA002840F07682236813F040
:101D6000010F8DD113F0020F00F0A2806CE04FF054
:101D7000B0431A6842F008021A601A6822F0F002B2
:101D8000A16A0A431A605A68616A22F47F4242EAF1
:101D900001225A60A06AFFF717FE0028D3D0012065
:101DA00052E2FFF717FBC01B02287FF648AF032063
:101DB0004AE24FF0B042136823F001031360FFF7CB
:101DC00009FB07464FF0B048D8F8003013F0020F77
:101DD0003FF44EAFFFF7FEFAC01B0228F4D90320F0
:101DE00032E2032E7FF44FAF6368002B00F02582B0
:101DF000236813F0020F27D15AE0136843F48033AD
:101E000013605BE74FF0B0431A6842F400121A60A7
:101E10001A6842F480321A6050E7FFF7DBFA07468F
:101E20004FF0B048D8F8003013F4003F06D0FFF769
:101E3000D1FAC01B6428F5D9032005E2236813F00A
:101E4000020F35D0042D1CD00C2D18D02369002B87
:101E500069D04FF0B042136843F480731360FFF70A
:101E6000B9FA06464FF0B0473B6813F4806F16D1BD
:101E7000FFF7B0FA801B0228F6D90320E4E1022E16
:101E8000E4D12369002B00F0DA814FF0B0425368AF
:101E9000616923F0FE4343EA0163536008E04FF0B9
:101EA000B0425368616923F0FE4343EA0163536023
:101EB000236813F0080F7ED0A369002B62D04FF087
:101EC000B043D3F8943003F01002E169914211D08D
:101ED00003F00302022A00F0B48113F0010F38D19D
:101EE0004FF0B042D2F8943023F01003E1690B4375
:101EF000C2F894304FF0B042D2F8943043F001036E
:101F0000C2F89430FFF766FA06464FF0B047D7F8AC
:101F1000943013F0020F4ED1FFF75CFA801B1128AA
:101F2000F5D9032090E14FF0B042136823F4807399
:101F30001360FFF74FFA06464FF0B0473B6813F4C3
:101F4000806FB5D0FFF746FA801B0228F6D9032030
:101F50007AE14FF0B042D2F8943023F00103C2F896
:101F60009430FFF737FA06464FF0B047D7F8943071
:101F700013F0020FB4D0FFF72DFA801B1128F5D90A
:101F8000032061E14FF0B042D2F8943023F0010316
:101F9000C2F89430FFF71EFA06464FF0B047D7F864
:101FA000943013F0020F06D0FFF714FA801B1128AB
:101FB000F5D9032048E1236813F0040F00F0B48042
:101FC0001D4B1B6813F4807F10D1FFF7EDFCFFF76A
:101FD00001FA0646184F3B6813F4807F06D1FFF7DD
:101FE000F9F9801B0228F6D903202DE1E368002BC4
:101FF00066D023F08003052B20D0FFF7EBF90646CF
:102000004FF0B042D2F8903043F00103C2F8903064
:102010001746D7F8903013F0020F18D1FFF7DAF90E
:10202000801B41F288339842F3D903200CE100BFB2
:10203000140000201C000020000400584FF0B042A3
:10204000D2F8903043F00403C2F89030D5E7E3684B
:1020500023F00403812B19D0FFF7BCF906464FF09B
:10206000B042D2F8903023F08003C2F89030174687
:1020700041F28838D7F8903013F4006F54D0FFF74E
:10208000A9F9801B4045F5D90320DDE0FFF7A2F94F
:1020900006464FF0B042D2F8903043F08003C2F8C9
:1020A0009030174641F28838D7F8903013F4006F1B
:1020B0003AD1FFF78FF9801B4045F5D90320C3E0E3
:1020C000FFF788F906464FF0B042D2F8903023F07F
:1020D0008003C2F89030174641F28838D7F8903024
:1020E00013F4006F06D0FFF775F9801B4045F5D952
:1020F0000320A9E0FFF76EF906464FF0B042D2F890
:10210000903023F00103C2F890301746D7F8903092
:1021100013F0020F08D0FFF75DF9801B41F28833FE
:102120009842F3D903208FE0E36A002B00F08B8004
:102130000C2D60D0022B16D04FF0B042136823F064
:1021400080731360FFF746F904464FF0B0452B68E3
:1021500013F0007F48D14FF0B042D168404B0B40A4
:10216000D360002070E04FF0B042136823F080731A
:102170001360FFF72FF905464FF0B046336813F0B0
:10218000007F2AD14FF0B042D068236B616B0B43C4
:10219000344901400B43E16B0B43216C0B43616CF1
:1021A0000B43A16B43EA0123D360136843F08073B0
:1021B0001360D36843F08053D360FFF70BF90446F4
:1021C0004FF0B0452B6813F0007F3FD1FFF702F9C5
:1021D000001B0A28F6D9032036E0FFF7FBF8401B66
:1021E0000A28CBD903202FE0FFF7F4F8001B0A28B8
:1021F000ADD9032028E0012B2AD04FF0B043DB6893
:1022000003F00301226B914224D103F07002616B51
:102210008A4221D103F4FE42A16BB2EB012F1DD102
:1022200003F06043606C181A18BF01200CE0012015
:102230007047012008E0012006E0012004E00120B1
:1022400002E0012000E00020BDE8F0810020FBE773
:102250000120F9E70120F7E70120F5E70120F3E786
:10226000FCFFFEEE8C80C111002800F006812DE9F4
:10227000F0410C460546834B1B6803F007038B4275
:1022800027D32B6813F0020F39D12B6813F0400FBE
:102290004DD12B6813F0040F65D12B6813F0080F94
:1022A00079D12B6813F0010F00F0C1806B68022B0D
:1022B00000F08B80032B00F09080002B40F0958085
:1022C0004FF0B042126812F0020F40F094800120EB
:1022D000D1E06C4A136823F007030B431360FFF748
:1022E00079F80646674F3B6803F00703A342C8D05E
:1022F000FFF770F8801B0228F5D90320BBE04FF0F0
:10230000B042936823F0F003A9680B439360FFF792
:1023100061F806464FF0B047BB6813F4803FB4D174
:10232000FFF758F8801B0228F6D90320A3E04FF0EE
:10233000B042D2F80831696923F00F0343EA111360
:10234000C2F80831FFF746F806464FF0B047D7F815
:10235000083113F4803F9CD1FFF73CF8801B022822
:10236000F5D9032087E04FF0B042936823F4E0638F
:10237000E9680B439360FFF72DF806464FF0B0472E
:10238000BB6813F4003F88D1FFF724F8801B0228B4
:10239000F6D903206FE04FF0B0429368296923F427
:1023A000605343EAC1039360FFF714F806464FF009
:1023B000B047BB6813F4802F7FF473AFFFF70AF8C0
:1023C000801B0228F5D9032055E04FF0B042126877
:1023D00012F4003F0FD101204DE04FF0B0421268DF
:1023E00012F0007F07D1012045E04FF0B0421268A3
:1023F00012F4806F43D04FF0B0418A6822F003029C
:1024000013438B60FEF7E6FF06464FF0B04741F2FC
:102410008838BB686A6803F00C03B3EB820F06D000
:10242000FEF7D8FF801B4045F3D9032023E0154B6E
:102430001B6803F00703A34215D9124A136823F05F
:10244000070323431360FEF7C5FF05460D4E3368AF
:1024500003F00703A34206D0FEF7BCFF401B02288F
:10246000F5D9032007E0FFF7B5FB074B1860074BD2
:102470001868FEF765FFBDE8F08101207047012074
:10248000F9E700BF00400058140000201C000020A5
:1024900008B5FFF79FFB4FF0B0439B68C3F30223DF
:1024A000024A52F82330D84008BD00BFE87C00083B
:1024B00008B5FFF78FFB4FF0B0439B68C3F3C2230F
:1024C000024A52F82330D84008BD00BFE87C00081B
:1024D00070B50446036813F4803F40F0A5800020E7
:1024E000236813F0010F0AD062684FF0B041D1F8B1
:1024F000883023EA124392B21343C1F8883023682C
:1025000013F0020F0AD0A2684FF0B041D1F8883022
:1025100023EA124392B21343C1F88830236813F0C0
:10252000200F09D04FF0B042D2F8883023F4406336
:1025300021690B43C2F88830236813F4007F0CD064
:10254000216A4FF0B042D2F888300D0C2D0423EAF6
:10255000050343EA0143C2F88830236813F4806F0F
:102560000CD0616A4FF0B042D2F888300D0C2D04C7
:1025700023EA050343EA0143C2F88830236813F4D1
:10258000006F0CD0A16A4FF0B042D2F888300D0C29
:102590002D0423EA050343EA0143C2F88830236887
:1025A00013F0400F64D1236813F0800F71D12368BA
:1025B00013F4807F7ED1236813F0100F0DD04FF0FD
:1025C000B042D2F8883023F44073E1680B43C2F87C
:1025D0008830E368B3F5807F7DD0236813F4004F23
:1025E0000FD04FF0B042D2F8883023F04043216B37
:1025F0000B43C2F88830236B1BB9D36843F0807358
:10260000D360236813F4804F0DD04FF0B042D2F85E
:10261000883023F04053E16A0B43C2F88830E36A04
:10262000B3F1005F5CD070BDFFF7BEF9FEF7D2FEDC
:102630000546444E336813F4807F56D1FEF7CAFE38
:10264000401B0228F6D903204AE7FEF7C3FE0546E1
:102650004FF0B046D6F8903013F0020F65D1FEF778
:10266000B9FE431B41F288329342F3D9032037E786
:1026700063694FF0B045D5F88820190901F47F212E
:1026800022EA01021B0103F47F231343C5F88830BB
:1026900089E7A3694FF0B045D5F88820190901F4FE
:1026A0007F2122EA01021B0103F47F231343C5F8B3
:1026B00088307CE7E3694FF0B045D5F888201909E8
:1026C00001F47F2122EA01021B0103F47F2313435B
:1026D000C5F888306FE7D36843F08073D3607CE738
:1026E000D36843F48033D3609DE74FF0B043D3F811
:1026F000903003F44073626B9A4216D04FF0B043AF
:10270000D3F8901021F44070D3F8902042F4803236
:10271000C3F89020D3F8902022F48032C3F89020A0
:10272000C3F8900011F0020F8FD14FF0B042D2F8F1
:10273000903023F44073616B0B43C2F8903000205B
:10274000CEE600BF00040058F0B138B5054624239A
:10275000C0F888300268136823F00103136003682F
:1027600000241C6003685C6003689C60FEF73AFD0F
:10277000C5F89040C5F88840C5F88C40EC662C67D9
:1027800085F88440204638BD0120704770B5044666
:1027900001680868A3682269134362691343E26908
:1027A0001343A84A024013430B602268536823F482
:1027B0004053E1680B435360A1692268A24B9A42DF
:1027C0001CBF236A1943936823F06E4323F43063DC
:1027D0000B4393602268D36A23F00F03616A0B43B3
:1027E000D3622368994A934219D0994A93422CD0D4
:1027F000954A93424AD01022E069B0F5004F00F0AC
:10280000AF80082A00F21A81DFE812F0DD00FF0035
:10281000DB001801020118011801180105014FF031
:10282000B042D2F8882002F0030242F44032A2F50E
:102830004032032A07D8DFE812F03F0017011501E4
:1028400004000822D8E71022D6E74FF0B042D2F8B1
:10285000882002F00C0242F44022A2F540220C2A09
:1028600012D8DFE812F04500110011001100030139
:102870001100110011000D001100110011000F00D6
:102880000222B9E70822B7E71022B5E74FF0B043BC
:10289000D3F8883003F44063B3F5006F5CD003D8FD
:1028A0005BB3FFF70BF92AE0B3F5406F02D14FF4A9
:1028B000004027E001209FE0012263498B429BD129
:1028C000082A00F2AB8001A353F822F0FB2800088D
:1028D0001D2A00085D2900081D2A0008A3280008F9
:1028E0001D2A00081D2A00081D2A0008F5280008D6
:1028F0000022E2E74FF4004004E0FFF7C9FD0028A2
:1029000000F08E80626A534B33F81220B0FBF2F372
:10291000656805EB4501994200F28480B3EB053F01
:1029200000F28280002633463146FDF779FC090229
:1029300041EA106100026B08C0182A46334641F193
:102940000001FDF76DFCA0F54072434B9A426DD833
:102950002368D86030464FE04048D3E73F48D1E78E
:10296000082A65D8DFE802F0072705642A64646452
:102970000B003A4803E0FFF78BFD00285AD062684D
:10298000616A344B33F81130B0FBF3F0530803EBBA
:102990004003B3FBF2F3A3F110014FF6EF72914243
:1029A0004AD823F00F0292B22168C3F342031343C3
:1029B000CB60002020E0FFF77BFDDEE7FFF77EF82D
:1029C000DBE7264803E0FFF763FD002838D06368A3
:1029D000616A204A32F81120B0FBF2F000EB53009C
:1029E000B0FBF3F0A0F110024FF6EF739A4237D824
:1029F000236880B2D86000200123A4F86A30A4F8CC
:102A0000683000236367A36770BDFFF751FDDCE703
:102A1000FFF754F8D9E74FF40040D8E70120EBE77F
:102A20000020E9E70120E7E70120E5E70120E3E7EF
:102A30000120E1E70020DFE70120DDE70120DBE7FF
:102A40000020D9E7F369FFCF008000400038014043
:102A500000440040487D0008FFFC0F000024F40003
:102A60000120C9E70222C7E60422C5E60422C3E624
:102A7000836A13F0080F06D00268536823F40043FA
:102A8000816B0B435360836A13F0010F06D0026819
:102A9000536823F40033C16A0B435360836A13F015
:102AA000020F06D00268536823F48033016B0B4396
:102AB0005360836A13F0040F06D00268536823F44E
:102AC0008023416B0B435360836A13F0100F06D0D1
:102AD0000268936823F48053C16B0B439360836A4D
:102AE00013F0200F06D00268936823F40053016CA2
:102AF0000B439360836A13F0400F0AD00268536857
:102B000023F48013416C0B435360436CB3F5801F77
:102B10000BD0836A13F0800F06D00268536823F449
:102B20000023C16C0B43536070470268536823F461
:102B3000C003816C0B435360EBE72DE9F04106467F
:102B40000C4615469846069F3268D16934EA010161
:102B50000CBF01230023AB4265D1B7F1FF3F38D052
:102B6000FEF738FCA0EB0800B8423DD8002F3BD060
:102B700033681A6812F0040FE6D0802CE4D0402CA1
:102B8000E2D0DA6912F4006FDED04FF400621A620C
:102B9000326852E8003F23F4D07342E80031002944
:102BA000F6D1326802F1080353E8003F23F0010335
:102BB000083242E800310029F3D12023C6F88830DA
:102BC000C6F88C30C6F89030002386F88430032095
:102BD00008E0D36934EA03030CBF01230023AB42AE
:102BE000F7D00020BDE8F081326852E8003F23F4BE
:102BF000D07342E800310029F6D1326802F10803AF
:102C000053E8003F23F00103083242E80031002975
:102C1000F3D12023C6F88830C6F88C30002386F81C
:102C200084300320DEE70020DCE730B583B00446C3
:102C30000023C0F89030FEF7CDFB054622681268ED
:102C400012F0080F10D123681B6813F0040F19D17C
:102C50002023C4F88830C4F88C300020E066206758
:102C600084F8840003B030BD6FF07E4300930346C8
:102C700000224FF400112046FFF75FFF0028E2D04A
:102C80000320EFE76FF07E4300932B4600224FF4C2
:102C900080012046FFF751FF0028D9D00320E1E74B
:102CA00078B310B50446D0F888300BB32423C4F8A9
:102CB00088302268136823F001031360A36AE3B924
:102CC0002046FFF763FD012811D02268536823F4E2
:102CD000904353602268936823F02A03936022682C
:102CE000136843F0010313602046FFF79EFF10BDF9
:102CF00080F88430FEF730FAD8E72046FFF7B8FEB8
:102D0000DEE701207047002834D010B50446D0F823
:102D1000883033B32423C4F888302268136823F042
:102D200001031360A36A0BBB2046FFF72FFD0128A8
:102D300016D02268536823F4904353602268936846
:102D400023F0220393602268936843F008039360A2
:102D50002268136843F0010313602046FFF765FF04
:102D600010BD80F88430FEF7F7F9D3E72046FFF76F
:102D70007FFED9E701207047436E2BB90123A0F8ED
:102D80006A30A0F86830704730B403689A68996870
:102D9000490F0A4D6B5CDB00094C615C93FBF1F35E
:102DA000A0F86A30C2F34262AB5CDB00A25C93FB2A
:102DB000F2F3A0F8683030BC704700BF687D0008AF
:102DC000607D000890F88430012B18D0012380F832
:102DD00084302423C0F8883003681A68196821F009
:102DE0000101196022F000520023436601680A6065
:102DF0002022C0F8882080F88430184670470220CE
:102E0000704738B590F88430012B1DD0044601235B
:102E100080F884302423C0F8883003681D681A685D
:102E200022F001021A600268936823F0604319439C
:102E30009160FFF7A1FF23681D602023C4F888304C
:102E4000002084F8840038BD0220FCE738B590F8F3
:102E50008430012B1DD00446012380F884302423C4
:102E6000C0F8883003681D681A6822F001021A60F1
:102E70000268936823F0606319439160FFF77CFF59
:102E800023681D602023C4F88830002084F8840063
:102E900038BD0220FCE708B500F06EFF002008BD39
:102EA00030B585B084460B464068DCF80010BCF8AD
:102EB0001020BCF908C0BCF1840F14BF0CF103044E
:102EC000002403AD0195009400F002FE01280CBF20
:102ED0000398002005B030BD10B5182001F01EFD8C
:102EE000044620B1002340F8043B00F003F92046DB
:102EF00010BD90B12DE9F0410C4616461D4607461F
:102F0000B1F1807F13D34FF0500383F31188BFF3E7
:102F10006F8FBFF34F8FABBEFEE74FF0500383F3CD
:102F20001188BFF36F8FBFF34F8FABBEFEE749B978
:102F30004FF0500383F31188BFF36F8FBFF34F8FB0
:102F4000ABBEFEE701F036FA58B9069B4BB14FF025
:102F5000500383F31188BFF36F8FBFF34F8FABBE66
:102F6000FEE700F047FFD7F8008065B904EA0803E0
:102F7000003B18BF012363B116B128EA04043C608A
:102F800000F0FCFF29E034EA08030CBF0123002312
:102F9000F1E7069B002BF3D0311E18BF0121090673
:102FA0000DB141F08061069A2143381D01F0F2F81D
:102FB00000F0E4FF48B94FF0E0234FF08052C3F82F
:102FC000042DBFF34F8FBFF36F8F01F01BFB8046C3
:102FD00010F0007F04D028F07F484046BDE8F08123
:102FE00001F080FBD7F8008045B904EA0803003BF4
:102FF00018BF012343B901F097FBECE734EA08035B
:103000000CBF01230023F5E7002EF4D028EA0404C6
:103010003C60F0E778B170B50C460546B1F1807FB1
:1030200013D34FF0500383F31188BFF36F8FBFF3B7
:103030004F8FABBEFEE74FF0500383F31188BFF311
:103040006F8FBFF34F8FABBEFEE701F04BFB2E68D7
:1030500026EA04042C6001F067FB304670BDF8B529
:1030600070B10E460546B1F1807F13D34FF0500387
:1030700083F31188BFF36F8FBFF34F8FABBEFEE7B3
:103080004FF0500383F31188BFF36F8FBFF34F8F5F
:10309000ABBEFEE700F10C0700F0ACFE2C692B681C
:1030A00033432B60A7421CD000260EE0296832EA89
:1030B000010108D113F0807F18BF1643296841F041
:1030C000007101F0DBF8A7420CD020466468036869
:1030D00023F07F4213F0806FE8D129680A42E9D1DA
:1030E000F1E700262B6823EA06032B6000F046FF79
:1030F0002868F8BD00F1080343604FF0FF3282609A
:10310000C3600361002303607047002303617047BD
:1031100043684B609A688A605160996008610368EF
:1031200001330360704730B40D68B5F1FF3F11D033
:1031300000F108031C465B681A68AA42FAD9636862
:103140004B6099608C6061600861036801330360C3
:1031500030BC70470469F2E70369416882688A609D
:10316000416851605A68824204BF82685A600022F6
:1031700002611A68013A1A601868704710B504466F
:1031800001F0B0FAA46B01F0CFFAB4FA84F0400970
:1031900010BD70B504461546866B026C5AB90368BB
:1031A0001BB100200136A66370BD806801F06EF986
:1031B0000023A360F6E76DB9406803F081FD636802
:1031C000226C13446360A268934219D3236863603E
:1031D0002846E7E7C06803F073FD226C5142E368BC
:1031E0009B1AE3602268934202D2A3680B44E36017
:1031F000022D01D00020D5E726B1013E0020D1E705
:103200002846CFE70020CDE708B50346026C62B13F
:103210000846D9681144D960D3F808C0614524BF75
:103220001968D960D96803F04BFD08BD70B5054633
:1032300001F058FA95F8454064B2002C0FDD05F115
:10324000240602E0013C64B24CB16B6A3BB13046EB
:1032500000F0CEFF0028F5D001F0A6F8F2E7FF233A
:1032600085F8453001F060FA01F03CFA95F84440E9
:1032700064B2002C0FDD05F1100602E0013C64B2DF
:103280004CB12B693BB1304600F0B2FF0028F5D0BD
:1032900001F08AF8F2E7FF2385F8443001F044FAA0
:1032A00070BD38B5E0B10D46044601F01BFA226846
:1032B000216CE36B01FB03F3D018A0600020A06336
:1032C00062605B1A1A44E260FF2384F8443084F899
:1032D000453005BB23696BB901F026FA012038BDE2
:1032E0004FF0500383F31188BFF36F8FBFF34F8FFD
:1032F000ABBEFEE704F1100000F07AFF0028EBD02F
:103300004FF0E0234FF08052C3F8042DBFF34F8FEE
:10331000BFF36F8FE0E704F11000FFF7EBFE04F15D
:103320002400FFF7E7FED7E748B94FF0500383F3D7
:103330001188BFF36F8FBFF34F8FABBEFEE770B541
:103340000C46064601FB00F0483001F0E7FA05465E
:1033500048B154B100F148032B60EE632C640121A5
:103360002846FFF79EFF284670BD0346F4E72DE987
:10337000F04F85B0019290B10E461D460446C1B192
:10338000022D23D1E36B012B20D04FF0500383F3A8
:103390001188BFF36F8FBFF34F8FABBEFEE74FF0C7
:1033A000500383F31188BFF36F8FBFF34F8FABBE12
:1033B000FEE7036C002BE3D04FF0500383F311883A
:1033C000BFF36F8FBFF34F8FABBEFEE700F0F2FF8E
:1033D000824658B9019B5BB14FF0500383F31188CB
:1033E000BFF36F8FBFF34F8FABBEFEE74FF0000A06
:1033F00002AF4FF000090DF1040837E02A463146CC
:103400002046FFF7C6FE636A83B948B14FF0E02358
:103410004FF08052C3F8042DBFF34F8FBFF36F8F6F
:1034200001F082F9012005B0BDE8F08F04F124001D
:1034300000F0DEFE0028F3D04FF0E0234FF0805282
:10344000C3F8042DBFF34F8FBFF36F8FE8E701F090
:103450006BF90020E7E7384600F056FF14E02046FD
:10346000FFF7E4FE00F08AFD4FF0010A01F03AF99F
:10347000A26BE36B9A42C1D3022DBFD0019B002BFC
:10348000E5D0BAF1000FE6D001F04EF900F0B2FC41
:1034900001F028F994F844305BB2B3F1FF3F08BF64
:1034A00084F8449094F8452052B2B2F1FF3F08BF2F
:1034B00084F8459001F038F94146384600F030FF75
:1034C00000BB01F00FF9D4F838B0D4F83CA001F0FB
:1034D0002BF9D345C3D1019904F1100000F040FE4F
:1034E0002046FFF7A3FE00F049FD0028BCD14FF0B5
:1034F000E0234FF08052C3F8042DBFF34F8FBFF38A
:103500006F8FB1E72046FFF791FE00F037FD0020F6
:1035100089E710B5024600210120FFF705FF0446A8
:1035200038B1002181600160C1600B460A46FFF797
:103530001EFF204610BD2DE9F84398B10F461646F0
:103540001C460546C1B1022C23D1EB6B012B20D0C8
:103550004FF0500383F31188BFF36F8FBFF34F8F8A
:10356000ABBEFEE74FF0500383F31188BFF36F8FBC
:10357000BFF34F8FABBEFEE7036C002BE3D04FF0E1
:10358000500383F31188BFF36F8FBFF34F8FABBE30
:10359000FEE701F093F9EFF311884FF0500383F346
:1035A0001188BFF36F8FBFF34F8FAA6BEB6B9A42FB
:1035B00006D3022C04D0002088F31188BDE8F883DC
:1035C00095F845904FFA89F9224639462846FFF783
:1035D000E0FDB9F1FF3F06D009F101035BB285F8C8
:1035E00045300120E8E76B6A0BB90120E4E705F1FB
:1035F000240000F0FDFD18B126B101203060DBE7AA
:103600000120D9E70120D7E72DE9F04784B00192E6
:1036100090B189460446C9B100F0CCFE824610BB89
:10362000019B13B34FF0500383F31188BFF36F8FE7
:10363000BFF34F8FABBEFEE74FF0500383F311880B
:10364000BFF36F8FBFF34F8FABBEFEE7036C002B52
:10365000E2D04FF0500383F31188BFF36F8FBFF3B5
:103660004F8FABBEFEE74FF0000A02AD4FF00008EF
:1036700001AE38E049462046FFF7C6FD7B1EA36336
:1036800023692BB901F050F8012004B0BDE8F087A0
:1036900004F1100000F0ACFD0028F3D04FF0E0235F
:1036A0004FF08052C3F8042DBFF34F8FBFF36F8FDD
:1036B000E8E701F039F80020E7E7284600F024FEAB
:1036C0001CE02046FFF7B2FD00F058FC09E0204660
:1036D000FFF7ACFD00F052FC2046FFF74FFD00283D
:1036E00046D14FF0010A00F0FDFFA76B002FC1D1BA
:1036F000019B002BDDD0BAF1000FDED001F014F8F1
:1037000000F078FB00F0EEFF94F844305BB2B3F1C8
:10371000FF3F08BF84F8448094F845305BB2B3F1B2
:10372000FF3F08BF84F8458000F0FEFF3146284681
:1037300000F0F6FD0028CAD12046FFF71FFD002843
:10374000BFD0019904F1240000F00AFD2046FFF7E4
:103750006DFD00F013FC0028C3D14FF0E0234FF0C3
:103760008052C3F8042DBFF34F8FBFF36F8FB8E7BC
:1037700000208AE72DE9F04385B0019160B104464D
:10378000036C9BB14FF0500383F31188BFF36F8F2D
:10379000BFF34F8FABBEFEE74FF0500383F31188AA
:1037A000BFF36F8FBFF34F8FABBEFEE700F002FE9B
:1037B000814658B9019B83B14FF0500383F31188C0
:1037C000BFF36F8FBFF34F8FABBEFEE74FF0000824
:1037D000C14602AD002701AE53E08046F9E7013B48
:1037E000A36323684BB123695BB900F09DFF4FF0E1
:1037F0000108404605B0BDE8F08300F00FFFA0606F
:10380000F1E704F1100000F0F3FC0028EDD04FF0D8
:10381000E0234FF08052C3F8042DBFF34F8FBFF366
:103820006F8FE2E7B8F1000F09D04FF0500383F338
:103830001188BFF36F8FBFF34F8FABBEFEE700F071
:1038400073FFD6E7284600F05FFD25E000F04AFF51
:10385000A06800F0BFFD804600F066FF42E0204611
:10386000FFF7E4FC00F08AFB09E02046FFF7DEFCEE
:1038700000F084FB2046FFF781FC002849D14FF07F
:10388000010900F02FFFA36B002BA8D1019B002B97
:10389000C8D0B9F1000FD5D000F046FF00F0AAFA69
:1038A00000F020FF94F844305BB2B3F1FF3F08BF53
:1038B00084F8447094F845305BB2B3F1FF3F08BF21
:1038C00084F8457000F030FF3146284600F028FDAE
:1038D0000028CAD12046FFF751FC0028BFD023683A
:1038E000002BB3D0019904F1240000F039FC2046EC
:1038F000FFF79CFC00F042FB0028C0D14FF0E02312
:103900004FF08052C3F8042DBFF34F8FBFF36F8F7A
:10391000B5E7B8F1000F3FF46CAF00F0E3FE616A69
:1039200019B1236B1968C1F10701A06800F008FE06
:1039300000F0FAFE4FF000085BE740B110B5044616
:1039400000F0D0FEA46B00F0EFFE204610BD4FF05B
:10395000500383F31188BFF36F8FBFF34F8FABBE5C
:10396000FEE708B510B100F0E5FF08BD4FF05003C9
:1039700083F31188BFF36F8FBFF34F8FABBEFEE7AA
:10398000084B1B681B6823B9074B4FF0FF321A60C6
:103990007047044B1B68DB68DB685A68024B1A608F
:1039A000704700BFAC0600204406002080B5174DCC
:1039B000174F184EDFF860802B68BBB100F092FE05
:1039C000FB68DC68201DFFF7C7FB3368013B3360F1
:1039D0002B68013B2B6000F0A7FE206B00F0AAFFD4
:1039E000204600F0A7FF2B68002BE7D1D8F8003065
:1039F000012BE1D94FF0E0234FF08052C3F8042DA2
:103A0000BFF34F8FBFF36F8FD6E700BF7C06002058
:103A10008006002064060020D806002070B5044609
:103A20000D46244B1E68244B18680430FFF794FBA6
:103A300048B9214B1A6821490B68D06A012282409B
:103A400023EA02030B60B4F1FF3F0DD034441A4B5C
:103A50001B685C60A6421FD9194B1868164B196881
:103A60000431FFF760FB70BD7DB9731E124A126806
:103A700053609E42F0D8134B18680F4B19680431FD
:103A8000FFF751FB104B1B68EDE70B4B1968043136
:103A90000E48FFF73DFBE6E70A4B1868064B19682E
:103AA0000431FFF740FB084B1B68A342DBD9064BF0
:103AB0001C60D8E760060020640700205C06002038
:103AC000A8060020AC06002044060020680600205E
:103AD0002DE9F04707460E4698469500284600F027
:103AE0001DFF002800F0B1808146502000F016FF35
:103AF0000446002800F0A380C0F83090043D4D44F7
:103B000025F00705002E72D0731E00F133010B362D
:103B100013F8012F01F8012F0AB1B342F8D10023A5
:103B200084F83F30089E062E28BF0626E6622664EB
:103B30004FF0000AC4F844A004F104094846FFF716
:103B4000E4FA04F11800FFF7E0FA2461C6F1070671
:103B5000A6616462C4F848A084F84CA04246394685
:103B6000284600F09BFD2060099B03B11C6000F01B
:103B7000B9FD3A4A136801331360394B1B68002BB7
:103B800039D0384B1B683BB9354B1B68DA6AE36A9E
:103B90009A429CBF324B1C60334A13680133136056
:103BA000E06A324A1168012383400B43136000EB43
:103BB000800049462E4B03EB8000FFF7A9FA00F086
:103BC000B3FD284B1B68002B43D0254B1B68DA6ADA
:103BD000E36A9A423FD24FF0E0234FF08052C3F89D
:103BE000042DBFF34F8FBFF36F8F01202FE0002311
:103BF00080F8343096E71A4B1C601368012BCBD148
:103C00001B4D05F18C062846FFF774FA1435B542B2
:103C1000F9D1184E3046FFF76DFA174D2846FFF7D9
:103C200069FA1648FFF766FA1548FFF763FA154870
:103C3000FFF760FA144B1E60144B1D60ACE748465A
:103C400000F078FE4FF0FF3001E04FF0FF30BDE8AC
:103C5000F0870120FBE70120F9E700BF64060020A0
:103C60006407002058060020480600205C0600205B
:103C7000D8060020C4060020B006002094060020CC
:103C80008006002068060020AC060020A806002060
:103C900038B5044600F026FD002C37D0251D2846F7
:103CA000FFF75AFA70B9E26A02EB82039B002949D6
:103CB000CB583BB928480368012101FA02F223EAF4
:103CC00002030360A36A1BB104F11800FFF744FA72
:103CD000224A136801331360214B1B68A34218D09A
:103CE000204A1368013B1360206B00F023FE20463E
:103CF00000F020FEFFF744FE00F016FD1A4B1B6893
:103D00001BB1174B1B68A3420CD038BD144B1C6869
:103D1000C4E729461548FFF7FBF9154A1368013334
:103D20001360E9E7134B1B684BB14FF0500383F36B
:103D30001188BFF36F8FBFF34F8FABBEFEE74FF01D
:103D4000E0234FF08052C3F8042DBFF34F8FBFF331
:103D50006F8FDAE7D80600205C06002048060020B6
:103D6000640700206406002058060020800600201A
:103D70007C0600203C06002000B583B0174B019361
:103D800000230093802216491648FFF7A1FE012860
:103D900004D0B0F1FF3F16D003B000BD4FF0500388
:103DA00083F31188BFF36F8FBFF34F8F0E4B4FF02C
:103DB000FF321A600D4B01221A600D4B00221A606F
:103DC00000F01AFDE8E74FF0500383F31188BFF3CA
:103DD0006F8FBFF34F8FABBEFEE700BF40060020E2
:103DE00014790008AD390008440600205806002068
:103DF00060060020024A136801331360704700BF59
:103E00003C060020014B1868704700BF6006002088
:103E1000034610B103F134007047074B1B68002BB9
:103E2000F8D14FF0500383F31188BFF36F8FBFF3C6
:103E30004F8FABBEFEE700BF640700202DE9F047BF
:103E4000434B1B68002B75D1424B1E6801361E6028
:103E5000CEB9414B1B681B684BB14FF0500383F345
:103E60001188BFF36F8FBFF34F8FABBEFEE73A4AA7
:103E700011683A4B186810601960394A13680133A9
:103E80001360FFF77DFD374B1B68B34243D8324BBD
:103E90001B681B683BB10025DFF8BC80DFF8C890C9
:103EA000DFF8C8A024E000252E4B4FF0FF321A6047
:103EB00032E02C4A13602FE0E06AD9F80020012399
:103EC00083401343C9F8003000EB800039460AEB09
:103ED0008000FFF71DF9264B1B68E26ADB6A9A42F5
:103EE00028BF45F00105D8F800301B68002BDBD057
:103EF000D8F80030DB68DC6863689E42D9D3271DA0
:103F00003846FFF729F9A36A002BD5D004F1180031
:103F1000FFF722F9D0E70025154B1B68DB6A03EB9E
:103F200083039B00114AD358012B94BF284645F0C8
:103F3000010004E00F4A13680133136000200E4BA8
:103F40001B68002B18BF40F00100BDE8F08700BFE0
:103F50003C06002060060020AC060020A8060020D9
:103F60004C060020440600205C060020D8060020F5
:103F7000640700205406002050060020384B1B68C0
:103F80004BB94FF0500383F31188BFF36F8FBFF32A
:103F90004F8FABBEFEE72DE9F04100F0A3FB304BA5
:103FA0001A68013A1A601B68002B50D12D4B1B6810
:103FB000002B52D02C4B1B684BB32B4F2B4EDFF8F2
:103FC000B08001E03B6803B3FB68DC6804F11800D3
:103FD000FFF7C2F8251D2846FFF7BEF8E06A3268F1
:103FE000012383401343336000EB8000294608EB34
:103FF0008000FFF78DF81F4B1B68E26ADB6A9A426C
:10400000E0D31D4B01221A60DCE7FFF7B9FC1B4B24
:104010001C686CB1184E012501E0013C05D0FFF78A
:104020000DFF0028F9D03560F7E7144B00221A6025
:10403000114B1C6864B14FF0E0234FF08052C3F87D
:10404000042DBFF34F8FBFF36F8F012400E00024D6
:1040500000F06AFB2046BDE8F0810024F8E700BFCD
:104060003C06002064060020940600205C06002028
:10407000D8060020640700205006002054060020C7
:1040800010B5B0B10446104B1B684BB14FF0500354
:1040900083F31188BFF36F8FBFF34F8FABBEFEE783
:1040A000FFF7A8FE00212046FFF7B8FCFFF766FFE8
:1040B00048B94FF0E0234FF08052C3F8042DBFF30E
:1040C0004F8FBFF36F8F10BD3C0600201F4B1B6846
:1040D0001BB11F4B01221A6070471D4B00221A6052
:1040E0001C4B1B68B3FA83F3DBB2C3F11F0303EB72
:1040F0008302920018498A584AB94FF0500383F35B
:104100001188BFF36F8FBFF34F8FABBEFEE7124A2C
:1041100003EB830102EB810148684068486003EBD0
:10412000830102EB81020832904209D003EB830342
:10413000094A02EB83035B68DA68084B1A60704730
:104140004068054A02EB81025060EFE73C06002020
:10415000500600205C060020D806002064070020DE
:1041600058B110B50C460A4A11681831FEF7DBFF4A
:1041700001212046FFF752FC10BD4FF0500383F39E
:104180001188BFF36F8FBFF34F8FABBEFEE700BF49
:104190006407002078B110B514460246124B1B6824
:1041A0009BB94FF0500383F31188BFF36F8FBFF3B8
:1041B0004F8FABBEFEE74FF0500383F31188BFF380
:1041C0006F8FBFF34F8FABBEFEE7084B186841F00F
:1041D00000418161196818311046FEF799FF0121ED
:1041E0002046FFF71BFC10BD3C06002064070020A2
:1041F00038B5C368DC682CB304F118052846FEF70F
:10420000ABFF184B1B683BBB251D2846FEF7A4FFE0
:10421000E06A154A1168012383400B43136000EBE9
:1042200080002946114B03EB8000FEF771FF104B15
:104230001B68E26ADB6A9A4283BF01200D4B18605B
:10424000002038BD4FF0500383F31188BFF36F8F08
:10425000BFF34F8FABBEFEE729460748FEF758FF76
:10426000E5E700BF3C0600205C060020D8060020E1
:1042700064070020500600209406002038B51D4B2E
:104280001B684BB94FF0500383F31188BFF36F8F56
:10429000BFF34F8FABBEFEE741F000410160C46841
:1042A000F4B1FEF759FF251D2846FEF755FFE06AD9
:1042B000114A1168012383400B43136000EB800017
:1042C00029460E4B03EB8000FEF722FF0C4B1B68C8
:1042D000E26ADB6A9A4202D90A4B01221A6038BDAF
:1042E0004FF0500383F31188BFF36F8FBFF34F8FED
:1042F000ABBEFEE73C0600205C060020D80600208E
:104300006407002050060020034B1B680360034B2A
:104310001B684360704700BF4C0600206006002009
:1043200038B5D0B10C46054609B300F0DBF91C4B9B
:104330001A682368B3F1FF3F2BD0696819480068F9
:10434000D5F800C0844501D0914227D9501A834244
:1043500017D80023236001241CE04FF0500383F39F
:104360001188BFF36F8FBFF34F8FABBEFEE74FF0E7
:10437000500383F31188BFF36F8FBFF34F8FABBE32
:10438000FEE79B1A0B4423602846FFF7BDFF00247D
:1043900000E0002400F0C8F9204638BD0124F9E708
:1043A000600600204C060020014B01221A60704775
:1043B00050060020054B1B6833B1054B1868B0FA56
:1043C00080F04009400070470120704758060020E7
:1043D0003C060020002850D038B50446C36A284A5D
:1043E0001268D26A93423FD28269002A05DB244ACE
:1043F0001268D26AC2F10702826103EB8303214A89
:1044000002EB830362699A4205D01D4B1B68DB6A8D
:10441000E362012030E0251D2846FEF79DFE70B9BD
:10442000E26A02EB82039B001649CB583BB916485F
:104430000368012101FA02F223EA02030360104B30
:104440001B68D86AE062104A1168012404FA00F37C
:104450000B43136000EB800029460A4B03EB8000FE
:10446000FEF756FE204607E0054B1B68006CDB6A32
:1044700098422CBF0020012038BD0020704700BFAB
:1044800064070020D80600205C06002000284DD0DC
:1044900038B50446274B1B68834209D04FF05003C0
:1044A00083F31188BFF36F8FBFF34F8FABBEFEE76F
:1044B000436C4BB94FF0500383F31188BFF36F8FF8
:1044C000BFF34F8FABBEFEE7013B4364C16A026C92
:1044D00091422DD00BB1002038BD051D2846FEF7B6
:1044E0003BFE68B9E16A01EB81039B00124AD35895
:1044F00033B91248036801228A4023EA02030360A9
:10450000206CE062C0F10703A3610C4A116801242A
:1045100004FA00F30B43136000EB80002946064BBE
:1045200003EB8000FEF7F4FD2046D5E7002070473E
:104530000020D1E764070020D80600205C06002098
:10454000002857D038B50446436C4BB94FF05003A0
:1045500083F31188BFF36F8FBFF34F8FABBEFEE7BE
:10456000026C914238BF1146C26A8A4201D0012BC7
:1045700000D038BD204B1B68834231D0C1628369B3
:10458000002BA4BFC1F10701816102EB82021B4B2A
:1045900003EB820342699A42EBD1051D2846FEF7E0
:1045A000DBFD68B9E16A01EB81039B00134AD35834
:1045B00033B91348036801228A4023EA02030360E7
:1045C000E06A0F4A1168012383400B43136000EB3C
:1045D00080002946094B03EB8000FEF799FDC8E7F0
:1045E0004FF0500383F31188BFF36F8FBFF34F8FEA
:1045F000ABBEFEE7704700BF64070020D80600206E
:104600005C060020044B1A68906919681A68CB6A26
:10461000C3F107039361704764070020054B1B68D3
:1046200023B1044B1A68536C01335364014B18686F
:10463000704700BF6407002082B0002301930E4B37
:104640001B68B3F1FF3F09D04FF0500383F311888B
:10465000BFF36F8FBFF34F8FABBEFEE74FF050033A
:1046600083F31188BFF36F8FBFF34F8F019B002B34
:10467000FCD002B0704700BF200000200648006850
:10468000006880F3088862B661B6BFF34F8FBFF34E
:104690006F8F00DF00BF000008ED00E04FF0807377
:1046A00040F8043C21F0010140F8081C034B40F89D
:1046B0000C3C40F8202C4038704700BF39460008B9
:1046C000074B19680868B0E8F00F80F30988BFF35A
:1046D0006F8F4FF0000080F311884EF00D0E704781
:1046E000640700204FF0500383F31188BFF36F8FEE
:1046F000BFF34F8F0B4A136801331360012B00D0B7
:1047000070474FF0E023D3F8043D13F0FF0FF7D0CC
:104710004FF0500383F31188BFF36F8FBFF34F8FB8
:10472000ABBEFEE720000020094B1B684BB94FF0E1
:10473000500383F31188BFF36F8FBFF34F8FABBE6E
:10474000FEE7013B024A13600BB983F311887047FF
:104750002000002000000000000000000000000019
:10476000EFF30980BFF36F8F0D4B1A6820E9F00F4C
:10477000106008B54FF0500080F31188FFF7A6FCD9
:104780004FF0000080F31188BDE808401968086800
:10479000B0E8F00F80F30988BFF36F8F704700BF58
:1047A0006407002008B54FF0500383F31188BFF36E
:1047B0006F8FBFF34F8FFFF741FB28B14FF0E0231E
:1047C0004FF08052C3F8042D002383F3118808BDF5
:1047D0004FF0E022002313619361054B1B680549EC
:1047E000A1FB03139B09013B53610723136170472E
:1047F00014000020D34D621010B582B02B4B1A78F4
:10480000D2B20192FF221A701B78DBB28DF803300E
:104810009DF8033003F05003254A1370254B0722FF
:104820001A609DF8033013F0800F11D006229DF816
:1048300003305B00DBB28DF803309DF80330114686
:10484000013A13F0800FF2D103290BD0194B1960F4
:104850004FF0500383F31188BFF36F8FBFF34F8F77
:10486000ABBEFEE7134B4FF440721A60019BDBB204
:104870000E4A13704FF0E023D3F8202D42F470025B
:10488000C3F8202DD3F8202D42F07042C3F8202D1C
:10489000FFF79EFF0024084B1C60FFF7EFFEFFF7B9
:1048A00015FCFFF7C9FE204602B010BD00E400E091
:1048B0006C0700206807002020000020EFF305832C
:1048C0000F2B0FD9124A9A5C124B1B789A4209D2CD
:1048D0004FF0500383F31188BFF36F8FBFF34F8FF7
:1048E000ABBEFEE74FF0E023D3F80C3D03F4E063EA
:1048F000094A1268934209D94FF0500383F3118893
:10490000BFF36F8FBFF34F8FABBEFEE7704700BFA3
:10491000F0E300E06C0700206807002010B50446B3
:10492000FFF768FA204601F0F9FF0446FFF726FB7F
:10493000204610BD48B110B50446FFF75BFA20468B
:1049400001F0F4FFFFF71AFB10BD704708B5FCF744
:10495000B7FD08BD024B4AF6AA221A60704700BF95
:10496000003000404FF0B043D3F89420D3F89410B7
:10497000D3F89400D3F8943012F0005F08D111F00E
:10498000805F16D113F0006F14BF0321002100E0F7
:1049900001214FF0B042D2F8943043F40003C2F842
:1049A0009430054B1B780BB9034B1970024B1878E8
:1049B00070470221EDE700BF6D07002000B585B00C
:1049C0001B78012B0FD10B78003B18BF01238DF80A
:1049D0000F30C36883B103690DF10F0104309847AC
:1049E000002005B000BD01220092044A04490320C2
:1049F00001F09AF90B20F4E701F074FF1C7900082C
:104A00003C79000810B50446064B0360C3681BB12F
:104A100004300322014698471421204601F040FF4C
:104A2000204610BD787D000810B50446044B036095
:104A3000C3681BB10430032201469847204610BDCD
:104A4000787D0008704700001878012809D109789E
:104A50001170013905294AD8DFE801F00B1C2949FA
:104A6000323D08B5244A2549032001F05DF90B20A9
:104A700008BD2349D1F89005C2F80100D1F894058A
:104A8000C2F80500D1F89815C2F809100D221A7065
:104A9000002070471A49D1F88005C2F80100D1F80A
:104AA0008415C2F8051009221A70002070471449B5
:104AB000D1F8E015A2F8011003221A700020704707
:104AC0000F49D1F8001501F01F01A2F801100322CF
:104AD0001A70002070470B490968C2F801100A4992
:104AE0000968A2F8051003221A70002070470022FE
:104AF0001A700820704700BF4879000858790008EC
:104B00000070FF1F00ED00E0002004E010B5044637
:104B1000042101F0C5FE204610BD704770B582B07B
:104B20001C461B78012B0FD10D4616464FF0FF3364
:104B3000019300930B78012B0DD0022B1CD0082081
:104B40000023237002B070BD0E4A0F49032001F00C
:104B5000EBF80B20F6E7694601A8FCF71BF80028E4
:104B6000EED12B783370019BC6F80130009BC6F85C
:104B7000053009232370E5E7694601A8FCF726F80C
:104B8000EDE700BF487900086479000810B50446D5
:104B9000042101F085FE204610BD704738B51C4643
:104BA0001B78022B16D115460B78012B03D0022B54
:104BB00008D007200FE000F04FFF68700223237039
:104BC000002008E04C7801F067FE046201F0AEFDC1
:104BD000002000E00B2038BD10B50446042101F090
:104BE0005FFE204610BD000010B51C7834B9C368C4
:104BF0005BB1036904309847204610BD044A05495B
:104C0000032001F091F80B24F6E701F06BFE00BFE2
:104C1000487900086C79000810B50446064B03601B
:104C2000C3681BB104300322014698471421204673
:104C300001F036FE204610BDC87D000810B50446C0
:104C4000044B0360C3681BB104300322014698473C
:104C5000204610BDC87D0008704710B504460C21E1
:104C600001F01EFE204610BD30B583B012F01F0FBC
:104C70000BD00C4B0193732300930B4B0B4A0C4945
:104C8000022000F083FFABBEFDE7044615468068B6
:104C9000FBF70EFF636801336360A3682B44A360D6
:104CA00003B030BD84790008787900089C7500084D
:104CB000A8750008F0B583B01D7800221A70072D82
:104CC00018D906460C460B7813F0010F49D04A68F4
:104CD000CAB913F0020F22D1082D2CD8444B0193EE
:104CE00034230093434B444A4449022000F04EFFD2
:104CF000ABBEFDE7424A4349032001F015F8072700
:104D0000384603B0F0BD404B019332230093394B3A
:104D1000394A3A49022000F039FFABBEFDE73B4B70
:104D2000019333230093334B334A3449022000F07C
:104D30002DFFABBEFDE7002343608360FBF750FE11
:104D4000074638B9A5F1080204F108013046FFF71B
:104D50008BFFD5E703462E4A2A49032000F0E4FFE3
:104D6000CEE713F0020F27D04B686BB9082D17D090
:104D7000284B01934D2300931E4B1F4A1F490220CD
:104D800000F004FFABBEFDE71F4B01934B230093E4
:104D9000184B194A1949022000F0F8FEABBEFDE796
:104DA000FBF79CFD07460028AAD003461A4A15497E
:104DB000032000F0B9FFA3E74B68426893420ED18D
:104DC000A5F108020831FFF74FFF0746002897D0EA
:104DD0000346124A0B49032000F0A6FF90E7009219
:104DE0000F4A0849032000F09FFF072788E700BF0C
:104DF000CC790008A07900089C750008A875000807
:104E00004879000858790008A8790008BC7900089A
:104E1000F0790008FC790008207A0008407A000840
:104E20002C7A0008012A02D1016000207047032A71
:104E3000FBD801A353F822F0494E00084F4E00085A
:104E4000534E00082B4E000800230360EDE701607D
:104E5000EBE70B680360E8E770B588B00446061D11
:104E6000304601F085F9FEF737F8204B186028B37B
:104E7000012323600023059304941D4B07931D4BCE
:104E8000069303AD1C4B00930523A82204A92846D2
:104E900001F084F92946304601F07BF9284601F0FB
:104EA00001FA069B1BB104A803220146984701F0B2
:104EB000ABF8A06070B1204608B070BD0F4B0193F5
:104EC000192300930E4B0F4A0F49022000F05EFE9B
:104ED000ABBEFDE70D4B019320230093084B094A1D
:104EE0000949022000F052FEABBEFDE7700700202A
:104EF00069500008254E00086C7A0008647A0008A2
:104F00004C7A00089C750008A8750008707A0008A3
:104F100000B583B04B1E1E2B0BD90A4B01932523E2
:104F20000093094B094A0A49022000F02FFEABBE4C
:104F3000FDE7012303FA01F1064B1868FEF78FF82D
:104F400003B000BD807A0008747A00089C750008E0
:104F5000A87500087007002070B504464FF0FF31B7
:104F6000806801F05DF8236801252A4602FA05F6FB
:104F700033420BD133432360A06801F05FF8314620
:104F8000064B1868FEF76BF8284670BD0135202DDA
:104F9000ECD1A06801F052F8F6E700BF70070020DE
:104FA00030B583B04B1E1E2B0BD9164B01935423E7
:104FB0000093154B154A1649022000F0E7FDABBEE1
:104FC000FDE704460D464FF0FF31806801F028F8F8
:104FD0002268012303FA05F52A420DD022EA0502D0
:104FE0002260A06801F02AF829460A4B1868FEF7EB
:104FF00036F8012003B030BDA06801F01FF8002092
:10500000F8E700BF807A0008987A00089C750008CD
:10501000A8750008700700202DE9F04182B006460F
:105020000168104D4FF47A78002701E021EA04016D
:10503000CDF800803B463A462868FDF75AFF40F01D
:10504000010421462868FDF7E5FF316831EA0403D1
:10505000ECD1FFF77FFC21462868FDF7DBFF3168C4
:10506000E6E700BF7007002008B50068FFF7D4FF2F
:10507000012A02D1016000207047032AFBD801A356
:1050800053F822F0955000089B5000089F500008EC
:105090007750000800230360EDE70160EBE70B6841
:1050A0000360E8E708B5024801F0FCF808BD00BF5E
:1050B0007C07002030B583B00446034643F8041B48
:1050C0000021416059609960D3680361956845B1DA
:1050D000031D92E8030083E80300E560002393606A
:1050E000D36004F5107001F043F8002184F84412F5
:1050F000019100910B460A4641F2210000F06AFA44
:10510000C4F82C01A0B10021019100910B460A4680
:10511000072000F000FAC4F83001A8B1002323767C
:105120000423636104F12003E361204603B030BD32
:105130000B4B0193152300930A4B0B4A0B4902209A
:1051400000F024FDABBEFDE7094B0193182300934B
:10515000044B054A0549022000F018FDABBEFDE7EF
:10516000B07A0008A87A00089C750008A8750008A5
:10517000BC7A0008C3695A1CC26119704369013BBB
:105180004361002B6CD130B583B00446037E032B02
:1051900039D8DFE803F00217343A026A314B9A42F9
:1051A00004D101230376042343612CE0032200F1A0
:1051B0002101203001F0E2FC01236361E369013B3E
:1051C000E36120E0032200F12401D0F8300100F077
:1051D000C1FA94F82730834203D194F82430012B8C
:1051E00007D9002323760423636104F12003E361DC
:1051F00009E00223237694F82530636103E003235A
:1052000003760223436103B030BD00F1280590F816
:1052100025202946D0F82C0100F010FB94F8252019
:10522000A31893F8291093F8283043EA01239842F1
:1052300007D0002323760423636104F12003E36194
:10524000E1E701958DF80320E3683BB125690DF195
:10525000030301AA2146201DA847EAE701F042FB0B
:10526000704700BF55AAAA55F8B504460E46154624
:10527000174BC0F83431012380F8383180F83921D8
:10528000002380F83A31032200F59C71D0F83001F8
:1052900000F060FA84F83B0104F59E772A46314617
:1052A000384601F00DFD2A463946D4F82C0100F0AD
:1052B000C5FA631983F83C01000A83F83D012068B0
:1052C0000368DB6805F10A0204F59A719847F8BD96
:1052D00055AAAA5590F8443203B1704730B589B049
:1052E0000446012380F844320023059304900F4BB9
:1052F00007930F4B069303AD0E4B009305234FF41A
:10530000207204A9284600F049FF294604F51070D0
:1053100000F03FFF284600F0C5FF069B1BB104A824
:1053200003220146984709B030BD00BFE154000890
:1053300071500008C87A000890F8443203B97047E9
:1053400010B5002380F8443200F51074204600F0B8
:10535000C5FF00B910BD204600F0C9FFFAE710B53F
:105360000446D0F8300100F013F9D4F82C0100F015
:1053700071F92046FFF7E0FF04F5107000F092FF8E
:10538000E3681BB1201D032201469847204610BD4B
:105390002DE9F04385B00446006803681B6998470F
:1053A000484B1B68BFF35B8F13F0010F10D04648CA
:1053B000FFF7D2FD0746D0B9444B0193A6230093D3
:1053C000434B444A4449022000F0E0FBABBEFDE7FA
:1053D0003C4801F067FA0028E9D03B48FFF73CFD64
:1053E0003E4801F094FA374801F068FADFE700F030
:1053F00007FE054694F84432002B42D00DF10F060B
:10540000DFF8C090DFF8C0800FE00023237604238C
:10541000636104F12003E36100F0F2FD431BB3F587
:105420007A7F10D894F844325BB3206803689B6895
:105430006422314698470028E7D09DF80F10204697
:10544000FFF798FEE8E7D9F80030BFF35B8F13F061
:10545000010F07D039464046FFF75AFD00F0D0FD56
:105460000546DFE7174801F01DFA0028F2D016487C
:10547000FFF7F2FC194801F04AFA124801F01EFA4F
:10548000E8E7206803685B6998470E4B1B68BFF329
:105490005B8F13F0010F06D039460B48FFF780FDF4
:1054A00005B0BDE8F083074801F0FCF90028F3D00F
:1054B0000548FFF7D1FC094801F029FA014801F03D
:1054C000FDF9E9E77407002078070020D47A000886
:1054D000CC7A00089C750008A8750008A550000843
:1054E00008B50068FFF754FF08BD014600231846C1
:1054F0004FF0010C02E00133082B0BD041FA03F20C
:1055000012F0010FF7D0C3F107020CFA02F21043B8
:10551000C0B2F0E770472DE9F843044688461746C5
:105520001E469DF824900C2001F0F8F9054660B164
:10553000047180F80580C77106729DF82030837170
:10554000B9F1000F04D1002303602846BDE8F883B9
:105550004FF4807001F0E2F90646286098B10138F6
:105560000021CBB2082213F0800F4FEA4303DBB2D5
:1055700018BF6340013AF6D100F8013F0131B1F59F
:10558000807FEED1E1E7284601F0D0F93546DCE72F
:1055900010B582B048B10446006808B101F0C6F900
:1055A000204601F0C3F902B010BD064B0193C7239A
:1055B0000093054B054A0649022000F0E7FAABBE0E
:1055C000FDE700BFE07A0008347E00089C75000803
:1055D000A87500082DE9F8430446884617461E467C
:1055E0009DF824900C2001F099F9054660B1848063
:1055F000A0F806808772C672BDF820300381B9F129
:10560000000F04D1002303602846BDE8F8834FF45F
:10561000007001F083F906462860B0B1023806F543
:10562000FF7C00210B46082213F4004F4FEA43038E
:105630009BB218BF6340013AF6D120F8023F01F552
:10564000807189B26045EDD1DEE7284601F06EF940
:105650003546D9E710B582B048B10446006808B1B4
:1056600001F064F9204601F061F902B010BD064B6B
:1056700001934FF487730093044B054A05490220B8
:1056800000F084FAABBEFDE7E07A0008207E000857
:105690009C750008A87500082DE9F8430446884663
:1056A00017461D469DF82490142001F037F9064650
:1056B00058B14460C0F8088007744574089BC36003
:1056C000B9F1000F04D1002303603046BDE8F88330
:1056D0004FF4806001F022F90546306098B104383B
:1056E00005F57F7C00210B460822002BB4BF84EA1D
:1056F00043035B00013AF8D140F8043F01F18071A7
:105700006045F0D1E1E7304601F010F92E46DCE7C4
:1057100010B582B048B10446006808B101F006F93E
:10572000204601F003F902B010BD064B019340F290
:1057300055130093044B054A0549022000F026FA50
:10574000ABBEFDE7E07A00080C7E00089C750008FF
:10575000A87500082DE9F04383B070B10746C9B1C0
:105760004479D0F80080B8F1000F20D0002A4DD045
:1057700090F807900D468E1826E02B4B019340F2CF
:1057800083130093294B2A4A2A49022000F0FEF98C
:10579000ABBEFDE7284B01934FF4C2730093234B3C
:1057A000234A2449022000F0F1F9ABBEFDE76AB3B9
:1057B000C67988468D1822E02B786340DBB218F852
:1057C00003400135B54221D0B9F1000FF4D028785B
:1057D000FFF78BFE0346F0E798F800006040C4B284
:1057E000082314F0800F4FEA4404E4B21CBF3A7956
:1057F0005440013BF5D108F10108A84506D0002E20
:10580000EAD098F80000FFF770FEE7E73B7A1BB19B
:105810002046FFF76AFE0446BB7984EA0300C0B263
:1058200003B0BDE8F08300BFE07A0008007E000806
:105830009C750008A8750008E87A00082DE9F04377
:1058400083B070B10746C9B1C488D0F80080B8F100
:10585000000F20D0002A52D090F80A900D468E18E2
:105860002AE0354B019340F2B1130093334B344A95
:105870003449022000F08AF9ABBEFDE7324B0193B8
:105880004FF4D97300932D4B2D4A2E49022000F07E
:105890007DF9ABBEFDE792B3867A88468D1827E086
:1058A0002B7883EA1423DBB238F813302402A4B235
:1058B0005C400135AE4222D0B9F1000FF0D028781B
:1058C000FFF713FE0346ECE798F8000084EA002097
:1058D00084B2082314F4004F4FEA4404A4B21CBF5E
:1058E000BA885440013BF5D108F10108A84506D01B
:1058F000002EE9D098F80000FFF7F7FDE6E7FB7A05
:105900009BB100221346012002E00133102B0BD083
:1059100044FA03F111F0010FF7D0C3F10F0100FABF
:1059200001F10A4392B2F0E714463B8984EA03008E
:1059300080B203B0BDE8F083E07A0008F47D00088F
:105940009C750008A8750008E87A00082DE9F04366
:1059500083B070B10746C9B18468D0F80080B8F14F
:10596000000F20D0002A4DD090F810900D468E18D0
:105970002AE0304B019340F2DF1300932E4B2F4A65
:105980002F49022000F002F9ABBEFDE72D4B019339
:105990004FF4F0730093284B284A2949022000F065
:1059A000F5F8ABBEFDE76AB390F810800D468E188F
:1059B00021E02B7883EA1463DBB258F8233083EAC2
:1059C00004240135AE421DD0B9F1000FF1D0287882
:1059D000FFF78BFD0346EDE7287884EA006408238F
:1059E000002CBABF7A6882EA44046400013BF7D114
:1059F0000135B54206D0B8F1000FEDD02878FFF799
:105A000074FDEAE77B7C7BB100210B4601204FF05F
:105A1000004500FA03F222421CBF25FA03F21143AB
:105A20000133202BF5D10C46F868604003B0BDE887
:105A3000F08300BFE07A0008E87D00089C7500084C
:105A4000A8750008E87A0008002070470020704719
:105A500008B5FEF7D7F908BD014B1879704700BFAC
:105A6000240000202DE9F04F87B082468B46049237
:105A70000593DFF8048108F105064FF48079D8F822
:105A8000080100F02FFAA0B14A463146D6F80301CA
:105A900000F0EEF9054656F8053C1B680146304615
:105AA000984704460146D6F8030100F00AFAA542D9
:105AB000E5D0FFF7CDFF0346304A11680391304926
:105AC00011F80A100291CDF804B052F82A20009281
:105AD0002C4A4FF480712C4800F0DEFF041E1CDBC2
:105AE000FF2CA8BFFF24C4F58075059B049A2946A6
:105AF0002548204401F034F8002813DB854214DDEA
:105B00000444FE2C13DC621C1B4B19190D20487138
:105B1000023413440A225A7110E0174BD3F81001D3
:105B200000F08CFA07B0BDE8F08F4FF48074124B90
:105B30000D2283F803210A2283F804210E4BD3F8A7
:105B4000080100F0CFF980B90F4850F8053C1B68F8
:105B500021469847A042E5D0411D074B221A19441F
:105B6000D3F8080100F03CF9DCE707492246D1F8F8
:105B7000030100F035F9D5E72400002038010020AA
:105B8000987E0008EC7A0008290000200CB430B59B
:105B900083B004460D46094BD3F80C315BB107AB1B
:105BA0000193069A29462046FFF75CFF03B0BDE843
:105BB000304002B0704700F003F8F0E72400002006
:105BC000194BD3F80C3103B1704700B583B000F026
:105BD0001BFA154BC3F8100168B14FF4007000F0C8
:105BE000E3F8114BC3F8080188B10F4B0122C3F849
:105BF0000C2103B000BD0D4B0193532300930C4BBC
:105C00000C4A0D490220FFF7C1FFABBEFDE70B4B6D
:105C1000019356230093064B064A07490220FFF7DB
:105C2000B5FFABBEFDE700BF24000020007B0008ED
:105C3000807E00089C750008A87500080C7B000891
:105C40002DE9F04383B0002832D00446224BD3F82C
:105C50000C31002B38D02368002B38D06368002B20
:105C600037D01D4D2B685B6898472C60A8466E1D89
:105C70004FF48079D8F8080100F034F9A8B14A4609
:105C80003146D6F8030100F0F3F8054656F8053C16
:105C90001B6801463046984704460146D6F8030182
:105CA00000F00FF9A542E5D0002003B0BDE8F08375
:105CB0000A4B01935C230093094B0A4A0A490220CC
:105CC000FFF764FFABBEFDE7FFF77AFFC3E70720EE
:105CD000EBE70720E9E700BF24000020187B00085D
:105CE0006C7E00089C750008A8750008072802D87B
:105CF000084B1871704700B583B0074B01937F23A1
:105D00000093064B064A07490220FFF73FFFABBE50
:105D1000FDE700BF24000020207B0008587E00081B
:105D20009C750008A87500080CB470B584B00728ED
:105D300020D804460D46174B1B79834215D3154BCB
:105D4000D3F80C3113B3134E4FF0FF31D6F81001D6
:105D500000F066F909AB0393089A29462046FFF73D
:105D600081FED6F8100100F069F904B0BDE870407A
:105D700002B07047084B0193E1230093074B084A98
:105D800008490220FFF702FFABBEFDE7FFF718FF4F
:105D9000D9E700BF24000020207B0008487E0008CF
:105DA0009C750008A875000870B5B8B106461420A7
:105DB00000F0B4FD044650B1304600F0AFFD05469A
:105DC000206030B126610023E360A3606360204659
:105DD00070BD204600F0AAFD2C46F8E70024F6E747
:105DE000002A44D02DE9F84304460F4615460669BB
:105DF000964218D9D0F80880A6EB08094A451FD862
:105E00000068404400F05CFF2369E268991A8D4203
:105E100023D8A1682944B1FBF3F003FB1011A16062
:105E20002A44E2600AE0911B32463944006800F0DF
:105E300047FF00236360A3602369E360BDE8F88344
:105E400000684A46404400F03BFFAA1B424407EB6F
:105E50000901206800F034FFD6E7A2681544B5FBBD
:105E6000F3F203FB1255A5606560E360E6E7704757
:105E70002DE9F843C56815B92846BDE8F8830446FE
:105E80000E46954228BF1546D0F810804768A8EB0B
:105E900007094D4506D801682A463944304600F0C6
:105EA0000FFFE9E701684A463944304600F008FF31
:105EB000A5EB08023A44216806EB090000F000FF58
:105EC000DAE7C36863B1994228BF19465B1AC36019
:105ED000436819440369B1FBF3F203FB12114160FB
:105EE0007047000008B1C068704700B583B0064B2A
:105EF0000193AD230093054B054A06490220FFF7A5
:105F000045FEABBEFDE700BF607B0008A07E000839
:105F10009C750008A87500080020704730B583B054
:105F20000346194A106850B10C46A3B1F9B1026892
:105F300095680A461946A847204603B030BD134B62
:105F400001930A230093124B124A13490220FFF7D0
:105F50001DFEABBEFDE7114B01930B2300930C4BD1
:105F60000C4A0D490220FFF711FEABBEFDE70C4BBA
:105F700001930C230093064B064A07490220FFF7C2
:105F800005FEABBEFDE700BF84070020707B000864
:105F9000647B00089C750008A87500087C7B0008DD
:105FA000807B000818B1094A10600948704700B5A5
:105FB00083B0084B019320230093074B074A0849FD
:105FC0000220FFF7E3FDABBEFDE700BF8407002022
:105FD00058010020A07B0008887B00089C75000801
:105FE000A875000808B54FF47A7303FB00F0034B63
:105FF000A3FB00308009FEF743F808BDD34D6210C3
:1060000008B5FDF7FFFE08BD08B50120FDF781FAD0
:1060100008BD18B108B5FDF7A4FC08BD7047000025
:1060200008B54FF47A7303FB01F1034BA3FB013175
:106030008909FDF79FFB08BDD34D621008B5002309
:106040001A461946FDF793F908BD10B584B003ACA4
:10605000019400930B4692B20699FDF739FD012891
:1060600009D04FF0500383F31188BFF36F8FBFF354
:106070004F8FABBEFEE7039808B104B010BD4FF0E0
:10608000500383F31188BFF36F8FBFF34F8FABBE05
:10609000FEE708B5FDF7FCFD08BD08B50022FDF7D9
:1060A00043F908BD18B108B5FDF75BFC08BD7047A2
:1060B00008B54FF47A7303FB02F2034BA3FB0232E1
:1060C0009209FDF7A1FA08BDD34D621000B583B067
:1060D0000023019301AAFDF72EFA019B4BB14FF06B
:1060E000E0234FF08052C3F8042DBFF34F8FBFF36E
:1060F0006F8F03B000BD08B5032200210120FDF71A
:1061000013F908BD08B5FDF72CFC08BD08B5002340
:106110001A461946FDF72BF908BD000008B54FF4E3
:106120007A7303FB01F1034BA3FB01318909FDF7EE
:1061300021FB08BDD34D621008B5FDF7FEFB08BD7D
:1061400008B5FDF765FE08BD10B504464068FFF7C9
:10615000F7FF636953B1A36904F10C009847A06885
:10616000FFF7D4FF6068FFF794FF10BD00F0BAFBA3
:1061700038B50546002404601C2000F0A2FB046032
:1061800044608460C460046144618461286028467E
:1061900038BD0B68036000230B6070472DE9F047A2
:1061A00088B00646884691469A46002505601C2020
:1061B00000F087FB0446056045608560C5600561A9
:1061C000456185613060FFF796FFA0603468A36881
:1061D000002B42D004AA0023049305930693D8F819
:1061E0000C700797D8F808304BB198E8030082E8A4
:1061F000030006930023C8F80830C8F80C3002AA40
:1062000004AD95E8030082E8030004F10C0393E871
:10621000030085E8030092E8030083E80300069A80
:10622000636906936261A2690792A7611BB1284660
:106230000322294698473468109B236000935346F5
:106240004A4621461148FFF700FF606033685B68EB
:106250007BB1304608B0BDE8F0870D4B01932B238E
:1062600000930C4B0C4A0D490220FFF78FFCABBE8C
:10627000FDE70B4B019331230093064B064A074978
:106280000220FFF783FCABBEFDE700BF49610008B9
:10629000B47B0008A87B00089C750008A87500085E
:1062A000C07B000838B504460368ABB14FF0FF313E
:1062B0009868FFF733FF23689868FFF723FF256886
:1062C00055B16B6923B105F10C00032201469847D3
:1062D0001C21284600F0E4FA204638BD08B50368C2
:1062E0009868FFF729FFB0FA80F0400908BD38B57B
:1062F0000446012502E02846FFF774FE23689868EB
:10630000FFF71AFF0028F6D038BD08B54068FFF740
:10631000CFFE08BD38B50446C5682A6852E8003F7C
:1063200043F0200342E800310029F7D1296851E801
:10633000003F43F0100341E800321046002AF6D136
:1063400095F904201E4BDB68C3F30223C3F1070158
:10635000042928BF042103F1040CBCF1060F88BFF7
:10636000D81E4FF0FF338B40DB4303F0050383401F
:10637000002A1DDB1B01DBB202F1604202F5614223
:1063800082F8003395F90400FBF77AF82A689368DD
:1063900013F0080F09D052E8003F23F00C0343F03C
:1063A000040342E800310029F5D10123237738BDE9
:1063B00002F00F021B01DBB202498B54E2E700BF7F
:1063C00000ED00E014ED00E038B50446C56895F92D
:1063D0000400FBF763F82A6852E8003F23F020032B
:1063E00042E800310029F7D12A6852E8003F23F043
:1063F000100342E800310029F7D10023237738BD8C
:1064000030B583B004460F4B0360FFF7DDFFE5684E
:106410005DB1A068FFF7FDFD6068FFF743FE002354
:106420006B71AB60204603B030BD074B01939823DE
:106430000093064B064A07490220FFF7A7FBABBEB5
:10644000FDE700BFC07E0008D47B0008CC7B0008BD
:106450009C750008A875000810B50446FFF7D0FF2A
:106460002021204600F01CFA204610BD70B582B0F5
:10647000044685680368DA6912F0100F1CBF102209
:106480001A620368DA6912F0080F04D008221A624F
:106490002B6901332B612368DA6912F0200F11D0C8
:1064A0000DF107065B6A8DF8073031466868FFF723
:1064B0000DFE10B96B6901336B612368DA6912F064
:1064C000200FEFD102B070BD08B50248FFF7CEFF34
:1064D00008BD00BF6001002008B50248FFF7C6FFF5
:1064E00008BD00BF6C01002008B50248FFF7BEFFE1
:1064F00008BD00BF7801002010B582B00446164BDD
:106500000360002303614361816103770121104629
:10651000FFF7C3FD606030B1FFF776FDA06070B19A
:10652000204602B010BD0D4B01938D2300930C4B00
:106530000C4A0D490220FFF729FBABBEFDE70B4BD0
:10654000019390230093064B064A07490220FFF768
:106550001DFBABBEFDE700BFC07E0008DC7B000872
:10656000747B00089C750008A8750008E87B00088B
:10657000F0B583B078B10E4617460546274B002488
:106580001968A94213D001340C33032CF8D100252B
:10659000284603B0F0BD224B019355230093214BB5
:1065A000214A22490220FFF7F1FAABBEFDE75A79F2
:1065B000002AE8D1202000F084F905463A46314609
:1065C000FFF79AFF04EB4402144B03EB8203EB60EA
:1065D000AB685BB16B68ABB1104B04EB440203EBEF
:1065E00082029560134601225A71D1E7104B019344
:1065F000762300930B4B0C4A0C490220FFF7C6FA96
:10660000ABBEFDE70B4B019377230093054B064A86
:1066100006490220FFF7BAFAABBEFDE76001002091
:10662000A07B0008F07B00089C750008A875000896
:10663000F87B0008047C000810B504468069FCF76C
:106640002FFBA3691A68936813F0080F09D052E86A
:10665000003F23F00C0343F0040342E8003100291B
:10666000F5D110BDF8B504460D461746C668EFF3E0
:10667000058333B9EFF310831BB9EFF31183002BBC
:106680003DD0A369D3F88830002B42D031688B68A5
:1066900013F0080F09D051E8003F23F00C0343F03A
:1066A000080341E80032002AF5D1E81957B13368F0
:1066B00015F8011B99623268D36913F0800FFBD083
:1066C0008542F4D13268D36913F0400FFBD0936850
:1066D00013F0080F09D052E8003F23F00C0343F0F9
:1066E000040342E800310029F5D1EFF305832BB90B
:1066F000EFF3108313B9EFF3118373B1F8BDFDF716
:1067000059FE0028BDD04FF0FF31A068FFF788FC8C
:10671000B7E72046FFF790FFB8E7FDF74BFE0028EC
:10672000ECD0A068FFF78AFCE8E7000030B583B042
:106730000B4B186840B10B4D0B4C2A462146FFF716
:106740007DF8285303B030BD084B019374230093A8
:10675000074B084A08490220FFF718FAABBEFDE7CD
:1067600088070020FE03000000FC00201C7C0008BD
:10677000147C00089C750008A875000808B5034A39
:106780000021034800F013FA08BD00BF0004000018
:1067900000FC0020F0B583B00446354B1B68A3B164
:1067A000FEF7E0F80646324B186838B3314F324DE9
:1067B0003A462946FFF742F82A68304B9A4229D0D8
:1067C000012C2FD0FFF7B2FF27E0002101910091AB
:1067D0000B460A4641F22100FEF7FCFE244B1860EE
:1067E0000028DDD1264B01934A230093254B264AEE
:1067F00026490220FFF7CAF9ABBEFDE7204B019303
:1068000023230093224B204A20490220FFF7BEF9A0
:10681000ABBEFDE77B5B8342D2D1012C11D00020BF
:1068200003B0F0BDFFF7AAFF134D144B2B600723F5
:106830006B62184BAB610123EB61FEF793F82861A3
:10684000C0E7012E07D00C4B9A6801329A601E6196
:10685000FFF76CFFE3E7084B1B7C012B03D0064BD3
:1068600000225A61EFE7044A536901335361EAE7B2
:1068700088070020FE03000000FC0020BEBAFE5A7C
:106880001C7C0008247C00089C750008A875000882
:106890002C7C0008010002000048704704FC002026
:1068A00000F023B80268D207034605D4427802B14B
:1068B000FFDE0120587070470020704701230360FD
:1068C0007047012838BF012010B50446204600F06B
:1068D00025F800B110BD00F00BF808B900F010F871
:1068E0008047F3E708B500F00BF800F01FB8000090
:1068F000024B1868BFF35B8F704700BF8C07002006
:1069000008B5062000F084F90120FAF79CFC00236A
:1069100001461A46184600F0E1B90000024B014654
:10692000186800F02DB800BF84010020024B01461A
:10693000186800F02DBA00BF8401002070B50F4E1A
:106940000C463168054611B900F07EF930602146E9
:10695000284600F079F9431C03D14FF0FF3420465C
:1069600070BDC41C24F00304A042F8D0211A2846AC
:1069700000F06AF90130F2D1EFE700BF9007002084
:106980002DE9F843CD1C25F0030508350C2D38BF43
:106990000C25002D064601DBA94204D90C233360E7
:1069A0000020BDE8F883DFF8D48000F069F8D8F85B
:1069B00000301C4644BB29463046FFF7BFFF431C4E
:1069C000044658D1D8F800402746002F43D1002C68
:1069D0004BD023683946304604EB030900F034F904
:1069E000814542D121686D1A29463046FFF7A6FF3E
:1069F00001303AD023682B442360D8F800305A681D
:106A000062BBC8F800700FE02268521B20D40B2A2A
:106A100017D96119A342256018BF5960636808BF80
:106A2000C8F8001062514B60304600F02FF804F1B6
:106A30000B00231D20F00700C21A1CBF1B1AA35015
:106A4000AFE76268A3420CBFC8F800205A60EBE7CA
:106A500023466468AEE73C467F68B6E71A465B6843
:106A6000A342FBD100235360DEE70C2333603046A2
:106A700000F00CF894E70560D6E700BF940700200B
:106A8000014800F01BB900BFD4080020014800F005
:106A900016B900BFD40800200CB430B5184B0C1E3A
:106AA0001D689DB008DA8B232B604FF0FF301DB0BE
:106AB000BDE8304002B070474FF40273ADF81430B7
:106AC0004FF000031B9314BF04F1FF3323460493DC
:106AD00007934FF6FF7302900690ADF81630209A98
:106AE00021AB02A92846019300F0FCF9431CBCBF6E
:106AF0008B232B60002CDAD0029B00221A70D6E781
:106B00008401002030B51446002C9BB005461A467F
:106B100005DA8B2303604FF0FF301BB030BD4FF41C
:106B20000273ADF80C304FF00003199314BF04F159
:106B3000FF332346029305934FF6FF7300910491B0
:106B4000ADF80E3069461E9B00F0CCF9431CBCBF6B
:106B50008B232B60002CE0D0009B00221A70DCE716
:106B600007B5009313460A46014603480068FFF73D
:106B7000C9FF03B000BD00BF84010020884210B5EA
:106B800001EB020402D98442234607D8431EA142E6
:106B900007D011F8012B03F8012FF8E702448242D5
:106BA00000D110BD13F8011D02F8011DF7E70244E2
:106BB0000346934200D1704703F8011BF9E71F29F0
:106BC00038B505460C4604D9162303604FF0FF3054
:106BD00038BDC26B12B152F821304BB9284600F0D3
:106BE00031F8224601462846BDE8384000F018B882
:106BF000012B0AD0591C03D1162303600120E7E7BB
:106C0000002142F82410204698470020E0E70000C9
:106C1000024B01461868FFF7D2BF00BF8401002075
:106C200038B5074D00230446084611462B60FAF795
:106C300002FB431C02D12B6803B1236038BD00BFA7
:106C4000D0080020FAF7F5BA38B5064D00230446FF
:106C500008462B60FAF7FEFA431C02D12B6803B1F9
:106C6000236038BDD0080020014B1868704700BF72
:106C70008401002070B50D4B0D4D5B1B9C10002650
:106C8000A64209D100F0F0FB0A4D0B4B5B1B9C1098
:106C90000026A64205D170BD55F8043B9847013641
:106CA000EEE755F8043B98470136F2E7147F0008F9
:106CB000147F0008147F0008207F00087047704789
:106CC0000A44914200F1FF3300D1704710B511F82A
:106CD000014B03F8014F9142F9D110BD2DE9F04766
:106CE000264E07463068924688469946FFF7E6FFEB
:106CF000234A15683DB9234B1360234A12B1126829
:106D0000C3F888201F4D6C681F2C06DD3068FFF724
:106D1000D6FF4FF0FF30BDE8F0872FB3D5F88800DD
:106D200068B91A4B002BF1D04FF48470FFF7F6FDD1
:106D30000028EBD00023C0E94033C5F888006C6818
:106D400040F824A00122D0F80031A24000EB8401D9
:106D50001343C0F80031022FC1F8809002BFD0F871
:106D600004311343C0F80431631C023430686B6093
:106D700045F82480FFF7A3FF0020CCE7D4010020D2
:106D800064090020D8080020000000001D690008E8
:106D900038B50546002941D051F8043C0C1F002BA2
:106DA000B8BFE418FFF76CFE1D4A136833B963607F
:106DB00014602846BDE83840FFF768BEA34208D9F2
:106DC000206821188B4201BF19685B68091821608F
:106DD000EDE71A465B680BB1A342FAD91168501867
:106DE000A0420BD120680144501883421160E0D1C9
:106DF00018685B68536008441060DAE702D90C2316
:106E00002B60D6E7206821188B4204BF19685B68A5
:106E1000636004BF091821605460CAE738BD00BF31
:106E2000940700202DE9F0478E681F46BE42824637
:106E30000C469046334653D8B1F90C0010F4906FCD
:106E40002BD065692368096905EB4505A3EB0109AA
:106E500005EBD5757B1C6D104B44AB422A4684BFB5
:106E60001D462A46430527D511465046FFF788FDA3
:106E7000064658B321694A46FFF722FFA38923F447
:106E8000906343F08003A381266165614E44A5EBC6
:106E900009052660A5603E463B461F4620683A46E7
:106EA0004146FFF76BFEA3689B1BA36023683B442E
:106EB00023600020BDE8F087504600F09FFA0646A8
:106EC0000028E1D121695046FFF762FF0C23CAF880
:106ED0000030A38943F04003A3814FF0FF30E9E77E
:106EE0003E46DBE72DE9F0471F468B891B069CB029
:106EF00006460D46144610D50B6973B94021FFF7BD
:106F00003FFD2860286130B90C2333604FF0FF301B
:106F10001CB0BDE8F08740236B6100230993202358
:106F20008DF8293003973023654F8DF82A304FF0C4
:106F300001082346994613F8012B0AB1252AF9D1F5
:106F4000B9EB040A0BD05346224629463046FFF7D8
:106F500069FF013000F0A480099A5244099299F81F
:106F60000030002B00F09C8000234FF0FF32CDE971
:106F7000052309F10109049307938DF853301A93FF
:106F80004C464F4814F8011B0522F9F7F9F8049B09
:106F9000D0B9D80644BF20228DF85320190744BF2A
:106FA0002B228DF8532099F800202A2A13D0079A13
:106FB0004C4600204FF00A0C214611F8013B303BB3
:106FC000092B49D968B913E0C01B08FA00F018432F
:106FD0000490A146D4E7039A111D12680391002A78
:106FE00001DB079204E0524243F00203079204934C
:106FF00023782E2B0AD163782A2B32D1039B1A1DBA
:107000001B68039243EAE37302340593DFF8B490FC
:10701000217803224846F9F7B3F838B1049BA0EB76
:1070200009004022824013430134049314F8011BE9
:1070300025488DF828100622F9F7A2F8002835D047
:10704000224818BB039B073323F00703083303933D
:10705000099B034409936CE70CFB02320C460120A8
:10706000AAE700230134059319464FF00A0C204685
:1070700010F8012B303A092A03D9002BC6D005910C
:10708000C4E70CFB012104460123F0E703AB0093A6
:107090002A460F4B04A93046AFF30080421CD7D1DB
:1070A000AB895B063FF532AF099831E703AB00933C
:1070B0002A46074B04A9304600F07AF8EEE700BFF5
:1070C000D87E0008DE7E0008E27E00080000000096
:1070D000256E00082DE9F047164698468A680B6928
:1070E000DDF820909342B8BF1346336091F84320F7
:1070F00007460C460AB1013333602368990642BF44
:10710000336802333360256815F0060506D104F1B3
:10711000190AE36832689B1AAB4226DC94F84330C4
:107120002268003B18BF012392062BD404F14302CE
:1071300041463846C84701301ED02368226903F013
:107140000603042B02BFE5683368ED1AA3680CBF81
:1071500025EAE57500259342C4BF9B1AED18002669
:107160001A34B5421AD1002008E0012352464146A4
:107170003846C847013003D14FF0FF30BDE8F087F3
:107180000135C6E7E1185A1C302081F8430022443B
:1071900094F8451082F843100233C7E701232246D2
:1071A00041463846C8470130E6D00136D9E70000ED
:1071B0002DE9F0430D7E85B0782D90460C9E074654
:1071C0000C46994601F1430207D8622D0AD8002DDA
:1071D00000F0D780582D00F0BC8004F1420684F8FE
:1071E00042503BE0A5F16303152BF6D801A151F8FD
:1071F00023F000BF4D72000861720008DB710008C7
:10720000DB710008DB710008DB71000861720008A7
:10721000DB710008DB710008DB710008DB7100081E
:10722000697300088B7200081B730008DB7100088B
:10723000DB7100088B730008DB7100088B7200089B
:10724000DB710008DB7100082373000833681A1D26
:107250001B68326004F1420684F842300123A1E049
:1072600033682068191D3160060601D51D6803E0EA
:107270004506FBD5B3F90050002D03DA2D236D42EE
:1072800084F843305B480A2311E02168336808061C
:1072900053F8045B02D4490648BFADB23360237E85
:1072A00054486F2B5CD10823002184F84310666892
:1072B000A660002E05DB21682E4321F00401216029
:1072C00050D01646B5FBF3F103FB115C10F80CC06F
:1072D00006F801CDAC4663450D46F3D9082B0BD11A
:1072E0002368DB0708D5236961689942DEBF302334
:1072F00006F8013C06F1FF36921B2261CDF80090A2
:10730000434603AA21463846FFF7E4FE01304ED13A
:107310004FF0FF3005B0BDE8F083236843F0200351
:1073200023603548782584F845502368316813F088
:10733000800F51F8045B03D113F0400F18BFADB2BA
:107340003160D90744BF43F0200323601DB11023EF
:10735000AAE72848E7E7236823F020032360F6E73D
:107360000A23A1E71646B9E7336825686169181D45
:1073700030602E061B6801D5196002E06806FBD557
:107380001980002323611646B8E733681A1D32605E
:107390001E68626800213046F8F7F2FE08B1801BD3
:1073A000606063682361002384F84330A6E72369A3
:1073B000324641463846C8470130A9D023689B076A
:1073C00013D4E068039B9842B8BF1846A2E7012394
:1073D000324641463846C847013099D00135E36806
:1073E00003995B1AAB42F2DCEBE7002504F11906C6
:1073F000F5E700BFE97E0008FA7E00082DE9F041BC
:10740000074614460D4621B9BDE8F0411146FFF785
:10741000B7BA2AB9FFF7BCFC25462846BDE8F0817B
:1074200000F01AF88442064602D8B4EB500FF4D8A4
:1074300021463846FFF7A4FA804608B94546ECE7EE
:10744000B4422246294628BF3246FFF739FC294676
:107450003846FFF79DFCF1E751F8043C181F002B5C
:10746000BCBF0B58C0187047F8B500BFF8BC08BCCB
:107470009E467047F8B500BFF8BC08BC9E467047F2
:1074800008790008390F0008000000000000000023
:107490008000000000000000010000000200000069
:1074A0004657207625642E25642E25642E256420DB
:1074B0006F6E204857207625642E25642E25642E75
:1074C000256400000000000042544C4452000000BB
:1074D0004D41432025303858000000004E4F5420C5
:1074E000412052454C45415345204255494C442189
:1074F00000000000565344282564293A2072723D4A
:1075000025642C2062633D25642C206C6C3D256431
:10751000000000007374617274696E67206170709E
:107520006C69636174696F6E000000006661696C6C
:10753000656420746F207374617274206170706C64
:1075400069636174696F6E2C206572723D256400F9
:107550006465766963652068617320612073657274
:10756000696F757320696E7465726E616C207072DC
:107570006F626C656D2C20636F6E74616374205351
:107580006D61727441430000415050006170705F42
:107590006370705F72756E74696D65002573202568
:1075A000642027257327000041535345525400009F
:1075B000626F6F745461736B000000004669726DF6
:1075C0007761726520696E666F20626C6F636B3ADB
:1075D000000000004657544F4F4C5300096D61673F
:1075E00069633A20307825303858000009686472A1
:1075F00073697A653A2025640000000009656E749D
:1076000072793A2030782530385800000976657252
:1076100066773A2030782530385800000976657250
:1076200068773A203078253038580000096677733B
:10763000697A653A202564000966776372633A20A7
:107640003078253038580000096372633A2030786A
:10765000253038580000000076616C6964617465FB
:10766000486561646572000025730000696E636F90
:107670007272656374206D6167696300696E76611B
:107680006C6964206865616465722073697A65005D
:10769000637263416C676F20213D206E756C6C7066
:1076A00074720000435243206661696C6564000097
:1076B000696E76616C69642066772073697A65000B
:1076C000696E76616C696420656E74727920706F82
:1076D000696E74206C6F636174696F6E00000000E6
:1076E0004857206D69736D617463682063757272A9
:1076F0003D3078253038582C207265713D30782522
:1077000030385800736C6F7456616C6964617465CD
:1077100000000000696E76616C69642068656164D0
:107720006572202825642900696E76616C69642081
:107730004D5350206164647265737300696E7661A5
:107740006C696420656E74727920706F696E740064
:107750004170706C69636174696F6E20696E7465E5
:10776000677269747920636865636B206661696C10
:1077700065640000736C6F7445726173650000008E
:10778000736C6F74206261736520616464726573E9
:10779000732069736E277420616C69676E6564205D
:1077A0006F6E2074686520706167652073697A6503
:1077B00000000000736C6F742073697A6520697330
:1077C000206E6F742061206D756C7469706C6965D2
:1077D00072206F6620746865207061676520736928
:1077E0007A65000065726173696E6720736C6F74EF
:1077F0002E2E2E006661696C656420746F20756E94
:107800006C6F636B20464C41534800006661696CA5
:10781000656420746F20657261736520464C415326
:10782000482C206572723D25642C20706167653D8F
:1078300025640000736C6F745772697465000000F2
:10784000464C415348207772697465206661696CC3
:1078500065642061742030782530385820282564EC
:10786000290000006661696C656420746F206C6F8C
:10787000636B20464C41534800000000736C6F74EA
:1078800056657273696F6E007374617274417070C3
:107890006C69636174696F6E000000004170706C08
:1078A00069636174696F6E3A0D0A096669726D7772
:1078B00061726520763078253038580D0A09686184
:1078C00072647761726520763078253038580D0AF9
:1078D000096275696C64202725313273202539735C
:1078E0002700000068635F696E69740072656164F7
:1078F0007953656D6170686F726520213D206E75EA
:107900006C6C70747200000064656661756C745410
:1079100061736B0049444C450000000062616420C3
:107920007265712073697A653A206163743D2564DC
:107930002C206578703D256400000000434D445FB5
:10794000424F4F5400000000626164207265712054
:1079500073697A6500000000434D445F494E464F0D
:1079600000000000434D445F56455200434D445FC4
:107970005245424F4F5400007772697465436875F1
:107980006E6B00002873697A652025206343687553
:107990006E6B53697A6529203D3D20300000000060
:1079A00070726F6365737300726571436D642E73DB
:1079B00065716E203D3D203000000000726571430E
:1079C0006D642E766679203D3D20300070647553DD
:1079D000697A65203E2073697A656F6628436D6415
:1079E000536C6F745570646174655F742900000096
:1079F0006572617365202564000000007064755332
:107A0000697A65203D3D2073697A656F6628436D0C
:107A100064536C6F745570646174655F7429000001
:107A200076657269667920256400000062616420D1
:107A30007365713A20612025642C2065202564003F
:107A40007772697465202564000000005461736BCF
:107A500073416C69766553757065727669736F7280
:107A6000000000006567416C697665005441530071
:107A70005F6D78007265706F7274416C6976650035
:107A800028696420213D2030292026262028696489
:107A9000203C20333229000072656D6F7665436C9F
:107AA00069656E7400000000496D706C0000000094
:107AB0005F637263416C676F534455005F63726329
:107AC000416C676F48647200444C4C0072756E6E76
:107AD00065720000746173436C69656E744964007B
:107AE000616C676F0000000073726300256C752085
:107AF00025735B25735D205B25635D25733A20004C
:107B00006C6F676765722E6D780000006C6F676739
:107B100065722E72620000006261636B656E6400C4
:107B20006C6C203C204C4F475F4C4153540000008C
:107B30001B5B33396D0000001B5B33316D000000AF
:107B40001B5B33336D0000001B5B33326D000000A4
:107B50001B5B33346D0000001B5B33366D0000008F
:107B600072620000756172745F77726974650000FB
:107B7000704C6F675561727400000000627566009A
:107B800073697A65000000006C6F675F6261636B08
:107B9000656E645F756172745F67657400000000F4
:107BA00075617274000000004F73546872656164FF
:107BB000000000005F74692D3E5F73656D0000007A
:107BC0005F74692D3E5F7461736B00007E55617256
:107BD0007400000070647276000000005F717565CB
:107BE00075655278000000005F6D785478000000E1
:107BF0006372656174650000696D706C2D3E5F6D28
:107C000078547800696D706C2D3E5F71756575658F
:107C100052780000636F6D6D697400006372634198
:107C20006C676F00696E6974000000007673645FB2
:107C300069735F76616C69640000000000000000F9
:107C40000000000093050008950500084D05000898
:107C500059050008650500087105000800000000CE
:107C600000000000D10C0008E10C00088D0C000899
:107C70000000000000000000CF0C0008D30C00083A
:107C8000910C0008100000200C0000206804002067
:107C900008000020040000204804002010000020FC
:107CA0005404002000000020A0860100400D0300C5
:107CB000801A060000350C0040420F0080841E0030
:107CC00000093D0000127A000024F40000366E0125
:107CD0000048E801006CDC02000000000000000029
:107CE0000000000000000000000000000000000094
:107CF0000000000000000000010000000200000081
:107D00000300000004000000010000000300000068
:107D10000500000001000000010000000600000056
:107D20000A00000020000000020000000400000023
:107D3000080000001000000040000000800000006B
:107D40000001000000020000010002000400060023
:107D500008000A000C001000200040008000000114
:107D600008040204080101010101010307010000E8
:107D70000000000000000000294A0008054A000831
:107D8000BD4900080000000000000000454A00084E
:107D90000D4B0008494A00080000000000000000E8
:107DA0001B4B00088D4B00081D4B00080000000015
:107DB000000000009B4B0008D94B00089D4B0008B9
:107DC00000000000000000003D4C0008194C0008B5
:107DD000E94B00080000000000000000594C0008BA
:107DE0005B4C0008B54C00086F66665F63726333D6
:107DF000320000006F66665F637263313600000018
:107E00006F66665F63726338000000006F66665FCE
:107E100063726333325F616C676F5F6672656500C2
:107E20006F66665F63726331365F616C676F5F6652
:107E3000726565006F66665F637263385F616C6769
:107E40006F5F6672656500006F66665F6C6F675F87
:107E50006D657373616765006F66665F6C6F675F02
:107E60007365745F6C6576656C0000006F66665FB5
:107E70006C6F675F7365745F6261636B656E6400EE
:107E80006F66665F6C6F675F696E69740000000003
:107E9000495A00084D5A0008004643455749445482
:107EA0006F66665F72696E675F6275666665725F50
:107EB00073697A6500000000000000000000000007
:107EC0000164000859640008656600080B63000837
:107ED00015630008C9630008232D302B2000686C4F
:107EE0004C006566674546470030313233343536DD
:107EF0003738394142434445460030313233343516
:0C7F000036373839616263646566000042
:087F0C007482FF7F01000000F8
:0C7F140065010008350700087D0E00081C
:0C7F200041010008950700080D0F000843
:107F2C00B47D00088C7D0008A07D0008787C0008DA
:107F3C00647C000800093D000100000010000000F6
:107F4C00AAAAAAAA907E0008050000000000000062
:107F5C000000000000000000000000000000000015
:107F6C000000000000000000000000000000000005
:107F7C0000000000000000000000000000000000F5
:107F8C0000000000000000000000000000000000E5
:107F9C0000000000000000000000000000000000D5
:107FAC0000000000000000000000000000000000C5
:107FBC0000000000000000000000000000000000B5
:107FCC0000000000000000000000000000000000A5
:107FDC000000000000000000000000000000000095
:107FEC000000000000000000000000000000000085
:107FFC000000000000000000000000000000000075
:10800C000000000000000000000000000000000064
:10801C000000000000000000000000000000000054
:10802C000000000000000000000000000000000044
:10803C000000000000000000000000000000000034
:10804C000000000000000000000000000000000024
:10805C000000000000000000307B0008387B0008A6
:10806C00387B0008387B0008407B0008487B000800
:10807C00507B0008587B00081D5F0008195F000842
:10808C0000380140240000000000000000440040C3
:10809C0025000000000000000080004026000000C9
:1080AC00000000008801002000000000980700205C
:1080BC0000080020680800200000000000000000FC
:1080CC0000000000000000000000000000000000A4
:1080DC000000000000000000000000000000000094
:1080EC000000000000000000000000000000000084
:0880FC0000000000D50800207F
:04000005080012A13C
:00000001FF
