:020000040800F2
:1000000010070020DD790008F572000891730008E0
:100010009373000895730008977300080177000830
:1000200000000000000000000000000099730008BC
:100030009B730008000000009D7300089F73000878
:1000400001770008017700080177000801770008B0
:1000500001770008017700080177000801770008A0
:100060000177000801770008017700080177000890
:100070000177000801770008017700080177000880
:100080000177000801770008017700080177000870
:100090000177000801770008017700080177000860
:1000A0000177000801770008017700080177000850
:1000B0000177000801770008017700080177000840
:1000C00001770008A973000801770008017700088C
:1000D0000177000801770008017700080177000820
:1000E0000177000801770008017700080177000810
:1000F0000177000801770008B9730008017700084C
:1001000001770008017700080177000801770008EF
:1001100001770008017700080177000801770008DF
:1001200001770008017700080177000801770008CF
:1001300001770008017700080177000801770008BF
:1001400001770008017700080177000801770008AF
:10015000017700080177000801770008017700089F
:1001600010B5054C237833B9044B13B10448AFF3F1
:1001700000800123237010BD300800200000000023
:100180006CBF000808B5034B1BB103490348AFF32C
:10019000008008BD00000000340800206CBF00088B
:1001A00010B5040010461A4618BF00290AD00028CE
:1001B00018BF002A06D021610146204602F06BFDDF
:1001C000014B636110BD00BFFEAF1C5E10B50400A3
:1001D00007D002F0A4FD20461821BDE810400BF026
:1001E0006BBE10BD002810B518BF002901D1012039
:1001F00010BD002444618161C2610362002010BD12
:1002000002469069D36900684168006802F07EBCCC
:10021000C16902F002BD70B50546E8690E461422B8
:1002200002F049FD040049D1316800200861AA6943
:1002300010680368E8691A6803F0E4FF040038D125
:10024000A869016830680A6800F10801E869126865
:1002500003F0D8FF040028D1A86931684268D36947
:10026000032B30D00068091D0268E869126803F0AA
:10027000C9FF040013D1A86931684268D369022B11
:100280001ED100680C310268E869126803F0BAFFF9
:10029000040013D03068011DE86903F0BEFF306828
:1002A00000F10801E86903F0B8FF3168E86903F07C
:1002B000B4FFE8691422314602F01CFD204670BDEF
:1002C0000020C860FAE700224A60CA60F6E770B50D
:1002D0000C460025002C06461ABF20680028012580
:1002E00023D0B1694A68D369022B04D100F10C0113
:1002F000F06903F092FFB0694168C869032804D02F
:100300002168F069091D03F088FF206800F10801E9
:10031000F06903F082FF2168F06903F07EFFF06965
:100320001422214602F0E6FC2560284670BD00003C
:10033000F8B50F4600251646002F044618BF002EBC
:100340000BD0396800291CBFB868002805D0326876
:10035000002A1CBFB068002801D1012519E03B69C3
:100360002046336103F094FF796800291FBF72684B
:10037000002A204603F08CFFB268B968204603F0DB
:1003800087FFF96800291FBFF268002A204603F0A2
:100390007FFF2846F2BD70B50E46B169154604468A
:1003A0000A680120D3693BB1022B01D007D370BD8D
:1003B0004968CB69032B14D0126869680CE0126895
:1003C0002968204602F074FBB1694A68D369022BA0
:1003D00007D10868E96802682046BDE8704002F06D
:1003E00067BB70BD70B506460D462869002440F015
:1003F00001002861B1690868C2691AB1022A08D0EF
:1004000018D32DE02868002103F033FF686801212C
:100410000BE049682868CA69032A08BF012104D093
:10042000002103F026FF0121686803F022FF00216C
:10043000A86812E02868002103F01BFF686801210A
:1004400003F017FFA868012103F013FFB0694168AA
:10045000C869022805D10021E86803F00AFF00E01E
:100460000124204670BD2DE9FC4B16460025002EC8
:1004700080468B461C461CBF0B9F002F05D0396859
:1004800000291CBFB868002803D101252846BDE813
:10049000F68B0A9838614A683168404602F0D5FB0D
:1004A0003A685060786838B156F82B104268404678
:1004B00002F0CBFB79684860B868002C426840467F
:1004C0000CBF0121216802F0C0FBB9684860F868E0
:1004D00038B156F83B104268404602F0B6FBF96866
:1004E00048604FF00209361F15E0404602F0ADFBB0
:1004F000B96841F82900F86858B150F8292009EB8B
:100500004B0056F82010404602F09FFBF96841F876
:10051000290009F10109CB45B8D3386856F82910EC
:1005200050F82920404602F090FB396841F8290034
:10053000786858B150F829200BEB090056F82010C4
:10054000404602F082FB796841F82900B868002C27
:1005500050F829200EBF0021201F50F82910C4E7B1
:1005600070B50446A0690D4600264168C869032895
:1005700018D8DFE800F00707020C226AE868214675
:1005800002F0DDFA226A6868214602F0D8FA226A8F
:100590002868214602F0D3FA226AA868214602F0B0
:1005A000CEFA00E00126286940F0040028613046B8
:1005B00070BD000038B50446A0690D464168C869A1
:1005C00003281FD8DFE800F009090210236AE26956
:1005D000E868214602F0BBFAA8B9236AE2696868B4
:1005E000214602F0B4FA70B9236AE269286821460C
:1005F00002F0ADFA38B9236AE269A868214602F030
:10060000A6FA00E00120296921F00401296132BD28
:10061000F8B5044600260D46002C18BF002D5ED00C
:10062000287C002100F0010002F017FB012856D0C1
:10063000A868002103F0AAFE012850D0A069016833
:100640002868096803F061FE002848D5A069416860
:10065000CA69032A06D000680168686803F055FE7D
:1006600000283CD5A1690968086900281CBF4869B1
:10067000002835D0C86918B1022831D032D32EE015
:100680006069236A22460168286802F0A5FAA06919
:10069000616900680B6802680169184601F092FE02
:1006A0006069216A2346026800912968104602F0B9
:1006B00070FAA0696269016810680A6849690346AE
:1006C00001F080FE6069236A22464168686802F092
:1006D00083FA60694168006803F017FE00B10426E0
:1006E0003046F2BD6069236A22460168286802F03C
:1006F00073FA6069236A22464168686802F06CFAFE
:100700006069226A234601680092A0690A46076868
:10071000386902F03EFAA269616917680868496899
:100720003A68034601F04EFE6069216A234640683C
:1007300000912968024602F02CFA6069216A23467A
:10074000406800912968024602F023FA6069216A34
:10075000234640680091A76902463F68796902F024
:1007600018FAA16960690A68A968406812680346B6
:1007700001F028FEADE70000F0B50F4685B000217E
:10078000064603910491B06903A901250368F06945
:100790001C68226803F036FD040040F0C680B06992
:1007A0000168F0690A6804A9126803F02BFD0400CF
:1007B00040F0B780387C002100F0040002F04DFAD0
:1007C00020B9394630460025FFF7CAFEDFF8782108
:1007D000D2E900345649CDE900340878554B002859
:1007E0000EBF0021042004211A585DF8010052496F
:1007F000821811601068012191605A680099504078
:100800001A6841404D4880EA010C01994C484A4021
:100810004240B06994444B4A036892EA0C0F049A30
:10082000186814BF6FF002016FF0010101F00EFFB4
:10083000B0693246C469306A0290F1690398019147
:10084000049900906368B8682468A0470446B069BA
:100850004168C86903284AD8DFE800F0021F294030
:10086000336A04990398324602F0B6F9306A3A685E
:10087000049900903346104602F08BF9306A049ACE
:10088000334600900398114602F083F9316A786884
:10089000334600910246049926E0316A38683346AF
:1008A00000910399024602F074F9786817E0316A02
:1008B0003868334600910399024602F06AF9316ABA
:1008C0007868334600910399024602F062F9306A73
:1008D00033460090FA687968386805E03868316A0C
:1008E000334602460091039902F053F900E00124D7
:1008F000316AB868334600910399024602F049F91B
:10090000002D08BF002C04D139463046FFF752FEB7
:100910000446386904A940F002003861F06903F028
:100920007CFCF06903A903F078FC204605B0F0BD1B
:100930004C08002030C300082C7E82AD04850012D4
:10094000FC68017AA8E29B8ED01E00082DE9F047D2
:1009500088B00646B0691D4689469246016A00681D
:1009600009EB0A0212F8017C0368F069D1F80880EB
:100970001A6806A9FF0903F045FC040040F0418114
:10098000B0690168F0690A6807A9126803F03AFCC7
:10099000040040F03281B0690168F0690A6803A977
:1009A000126803F02FFC040040F02381B069016855
:1009B000F0690A6805A9126803F024FC040040F0FD
:1009C0001481B0690168F0690A6804A9126803F02B
:1009D00019FC04001AD1039A5146484603F029FD38
:1009E00003980399006851F8202022F0004241F852
:1009F0002020B06901680398096803F086FC00288C
:100A000005D4F06904A9042403F007FCE9E0686850
:100A1000002103F02EFC6A680399012003F038FCE2
:100A2000326A0398314602F08AF8336A05990398CE
:100A3000324602F0D1F8B0690168C0680A68011D49
:100A40000498126803F0F4FBB069079B01680598ED
:100A50000A68049901F047FD306A069A334600900F
:100A6000B06901680598496902F093F8B069069B7E
:100A700001680A680499184601F0A4FC336A0399D6
:100A80000698324602F0A8F8306A039A0699009058
:100A90003346104602F07DF8306A059A03990090BB
:100AA0000798334602F075F80399336A32460846D0
:100AB00002F092F8306A039A069900903346104685
:100AC00002F067F8306A039A07990090334610469F
:100AD00002F05FF8B069049A6FF0040103681868C7
:100AE00001F0B4FD049A0321104601F040FCB06906
:100AF000C469306A0290F169039801912A680499E7
:100B00000092636824683246A0470446F06904A94D
:100B100003F083FB002C64D1316A286833460091CE
:100B20000599024602F035F8336A0399286832467F
:100B300002F052F8306A039A334600900698114644
:100B400002F027F80799039803F0DFFB98B1B0692A
:100B5000059A07990368186801F044FD0599039800
:100B600003F0D3FBB8B9316A2868334600910246D6
:100B7000414602F00EF8336AF2692868314601F006
:100B8000E6FF04002DD1012F07D12868002103F0D2
:100B9000FDFB012801D1042423E0B0692968026823
:100BA0000879126800F00100784001F081FF28699F
:100BB000012140F002002861A86803F05AFBB069E7
:100BC0004168C86902280CD1306A33460090EA684F
:100BD0006968286801F0DDFF326AE868314601F093
:100BE000AEFFF06905A903F018FBF06903A903F053
:100BF00014FBF06907A903F010FBF06906A903F0E4
:100C00000CFB204608B0BDE8F0872DE9F0431F46F5
:100C100005468846914687B008EB090010F8016C3C
:100C2000A86905A9F6090368E8691C68226803F049
:100C3000E9FA040040F01381A8690168E8690A68CC
:100C400006A9126803F0DEFA040040F00481A869E6
:100C50000168E8690A6803A9126803F0D3FA04007E
:100C600040F0F580A8690168E8690A6804A912687B
:100C700003F0C8FA040040F0E6807A68A9F10101A7
:100C8000404603F0D6FBA86901687868096803F05C
:100C90003CFB002840F1BF800398002103F0E9FAF3
:100CA000039A7968012003F0F3FA2A6A0398294627
:100CB00001F045FF2B6A049903982A4601F08CFF46
:100CC000A8690168C0680A68011D3868126803F0E5
:100CD000AFFAA869069B016804980A68396801F0B0
:100CE00002FC286A059A2B460090A86901680498BE
:100CF000496901F04EFFA869059B01680A683968D7
:100D0000184601F0F0FB2B6A039906982A4601F079
:100D100063FF03992B6A2A46084601F05DFF286AA3
:100D2000039A069900902B46104601F032FF2B6A79
:100D3000049905982A4601F04FFF286A049A2B4629
:100D400000900598114601F024FF286A039A04993F
:100D500000902B46104601F01CFFA869049A6FF022
:100D600002010368186801F071FC049A0221104620
:100D700001F0FDFAA869C469286A0290E96903983C
:100D800001913A6804990092636824682A46A04752
:100D9000040054D1286A039A0599009006982B46BE
:100DA00001F0F7FE2B6A049906982A4601F014FF19
:100DB000286A039A049900902B46104601F0E9FE38
:100DC000296A38682B4600910399024601F0E1FE3A
:100DD0002B6A039938682A4601F0FEFE286A039AB6
:100DE0002B4600900598114601F0D3FE0699039812
:100DF00003F08BFA78B92B6AEA693868294601F062
:100E0000A6FE04001BD1012E07D13868002103F093
:100E1000BDFA012801D1042411E0A86939680268EB
:100E20000879126800F00100704001F041FEB868D6
:100E3000012103F01EFA386940F002003861E869C8
:100E400004A903F0EAF9E86903A903F0E6F9E869FF
:100E500006A903F0E2F9E86905A903F0DEF92046E6
:100E600007B0BDE8F08370B50646B0690C4615467C
:100E700001680868026850F8220001F0FAFEB169C2
:100E800062680B684FF0FF319E69761E4E4032401B
:100E90006260C0F12002D14022680126401E54F851
:100EA000223086400B4044F82230226854F8223029
:100EB000334344F822302868026850F82230194041
:100EC00040F8221070BD2DE9F44F05460E461F462E
:100ED00084B06869D0F80080D0F80490D0F808A0F9
:100EE000C0680E9C2A4601907968D7F800B003913B
:100EF000B868414602902B6AB06801F06DFE286A1E
:100F00002B464A460090B068414601F042FE286AEE
:100F100004992B46009009684246404601F039FE8C
:100F2000286A04992B46009049684A46484601F0D1
:100F300030FEA8694346016840460A68316801F0FE
:100F4000D2FAA8694B46016848460A68716801F000
:100F5000CAFAECB10021404603F018FA20603A6862
:100F6000494603F0CDF983467A682068494603F084
:100F7000C7F90390BA682068494603F0C1F90290A6
:100F80000021484603F002FA216841EA400121604D
:100F9000286A029A2B460090B068414601F0F9FD9C
:100FA0002B6A2A465146404601F016FE286A019AED
:100FB0002B4600905146404601F0EBFD286A2B4637
:100FC000524600903068514601F0E3FDA86943465F
:100FD000016850460A68514601F0F4F92B6A2A4626
:100FE0005946484601F0F8FDA8695B460168584635
:100FF0000A68414601F077FAA8695B4601685846DD
:101000000A68019901F06FFAA869534601685046D1
:101010000A68594601F067FA286A2B465246009042
:101020005146484601F0B5FD286A019A2B460090CA
:101030007168104601F0ADFDA869039B0168504638
:101040000A68019905B0BDE8F04F01F04CBA2DE9EE
:10105000F84F044660691E46D0F80090D0F804A00E
:10106000D0F80880D0F80CB0236A0D46A86817465F
:101070002246494601F0B0FD206A234652460090C0
:101080003868494601F085FD206A23464A460090AB
:10109000A868494601F07DFD206A23464A46009033
:1010A0007868494601F075FD236AB86822464146D2
:1010B00001F092FD206A23465A4600902868414676
:1010C00001F067FD206A234642460090B868414619
:1010D00001F05FFD206A2346424600906868414661
:1010E00001F057FDA0695346016850460A68594609
:1010F00001F0F9F9A0694B46016848460A68414683
:1011000001F0F1F9206A2346514600903268B86830
:1011100001F03FFD206A23460090B2683168A8685C
:1011200001F037FD236A31682246504601F054FD34
:10113000206A2346009072683168504601F029FD0C
:10114000206A2346524600903168584601F021FD3E
:10115000236A31682246484601F03EFDA1693068A5
:101160000A6871680346126801F0BDF9206A716867
:10117000234600900A46404601F00BFDA069424616
:1011800001685046096801F034FCA16930680A68BA
:1011900041460346126801F0A6F9A069534601686A
:1011A00050460A68316801F09EF9206A23464A4693
:1011B00000905146484601F0ECFCA0697168026855
:1011C00048460B46126801B0BDE8F04F01F08BB9FC
:1011D0002DE9FE4F04460D46606916469846816823
:1011E0000768D0F8049001913168D0F80CA03A4615
:1011F000404603F085F8716883463A46404603F05E
:101200007FF80290B1683A46404603F079F8064606
:10121000236AA8682246394601F0DEFCA0694B46E5
:10122000016828680A68394601F0CCF8A0693B4695
:10123000016828680A68394601F055F9206A234692
:101240003A4600904946384601F0A3FCA0694A4658
:1012500001683846096801F07AFBA0693B460168DD
:1012600038460A68494601F0ADF8236A68682246A4
:10127000494601F0B1FC206A019A23460090286893
:10128000494601F086FC236A22465146384601F061
:10129000A3FCA0695346016850460A68019901F011
:1012A00022F9A0695B46016850460A68019901F07D
:1012B0001AF9206A234632460090A968686801F04E
:1012C00068FC236A22464946484601F085FCA0692D
:1012D0005346016801980A68594601F004F9206AEA
:1012E00023463A4600905146384601F052FCA06928
:1012F000029B016838460A68494603B0BDE8F04FD2
:1013000001F0F1B82DE9FE4F044660690768D0F896
:101310000480D0F80890C0680D46164601903168E8
:1013200002983A4602F0ECFF8246716802983A460B
:1013300002F0E6FF8346B16802983A4602F0E0FF09
:101340000646A0693B46016868680A68A96801F01A
:1013500039F8236A28682246414601F03DFC236A99
:1013600068682246494601F037FCA0695346016887
:1013700028680A68494601F025F8236A0199A86897
:10138000224601F029FC236A22465146504601F0CC
:1013900023FCA0695346016850460A68414601F0A3
:1013A000A2F8A0695A4601684046096801F021FB8D
:1013B000A0694346016840460A68594601F002F8B0
:1013C000236A22465946484601F006FC236A224613
:1013D0003946384601F000FCA0693B4601683846B2
:1013E0000A68494601F07FF8A0693346016838462B
:1013F0000A68019901F077F80199236A22460846A4
:1014000001F0EAFB206A019A23460090A069114688
:101410000568286901F0BDFBA0693B4601684046AC
:101420000A68019900F0CEFFA069434601680A6886
:101430005946504601F057F8A069424601684046B7
:10144000096801F0D6FA236A22464946384601F077
:10145000C3FBA069019A01684046096801F0C9FA16
:10146000A0695346016848460A68019901F03BF8B3
:10147000A0694346016840460A68514601F033F8C6
:10148000A0694A4601685846096801F0B2FAA069A5
:101490004A4601684846096801F0ABFAA0694A4625
:1014A00001684846096801F0A4FA206A23463A46D2
:1014B00000904146384601F06CFBA0695B4601682C
:1014C00038460A68494603B0BDE8F04F01F00BB852
:1014D0002DE9FC47044665690A98D5F80080D5F8DF
:1014E0000490D5F808A008B1002505601646226AC8
:1014F0000F461D460092316838682346424601F087
:1015000048FBA0694B46016838680A68796800F0B2
:1015100059FFA0692B68016830680A68716800F09B
:1015200051FF206A234600906A687168786801F06C
:1015300030FB206A2346524600906968404601F01D
:1015400028FB206A234652460090A069514606684F
:10155000706901F01EFB206A23464A460090296804
:10156000484601F016FBA0694B46016848460A68E8
:10157000414600F0B8FFA0694B46016848460A683A
:10158000696800F0B0FF206A234642460090A069D7
:1015900041460668306901F0FCFAA16968680A688A
:1015A00041460346126800F09EFF236A2968B86826
:1015B000224601F011FBA0694346016828680A68C9
:1015C000514600F090FFA0695346016828680A68F8
:1015D000514600F0F7FE206A23464A4600904946ED
:1015E000404601F0D6FA206A2346494600902A6810
:1015F000B86801F0CEFA206A23464A46009069682E
:10160000504601F0C6FA206A2346494600906A68AF
:10161000B86801F0BEFA206A234651460090AA68D5
:10162000404601F0B6FABDE8F3872DE9FC470446D1
:101630006069D0F800A0D0F80480D0F80890206A43
:101640000D4617460090B968A8681E4623465246C4
:1016500001F09FFA206A23460090B2683968286832
:1016600001F097FAA0694346016828680A6869682A
:1016700000F0A8FEA0693368016838680A687968D4
:1016800000F0A0FE206A23460090726879686868BE
:1016900001F07FFA206A23464A4600907168B068DC
:1016A00001F077FA206A23464A460090A06949462D
:1016B0000568686901F06DFA206A23464246009089
:1016C0003168404601F065FAA0694346016840462A
:1016D0000A68B16800F007FFA06943460168404608
:1016E0000A68716800F0FFFE206AB1682346009026
:1016F000A0690A460568286901F04BFAA16970687B
:101700000A68B1680346126800F0EDFE236A31688A
:101710002246504601F060FAA069B368016830685B
:101720000A68494600F0DFFEA0694B460168306850
:101730000A68494600F046FE206A23464246009069
:10174000B068414601F025FA206A234641460090E0
:101750003268504601F01DFA206A23464246009046
:101760007168484601F015FA206A23464146009008
:101770007268504601F00DFA216AB0682346009164
:101780000246494601F005FABDE8F3872DE9F84F16
:10179000044660690D461746066839689B46D0F8CE
:1017A00004A03246584602F0ABFD796880463246C6
:1017B000584602F0A5FDB96881463246584602F007
:1017C0009FFD0746A0693346016828680A68696872
:1017D00000F0F8FD236A28682246514601F0FCF922
:1017E000206A234642460090A0695146D0F800E0A6
:1017F000DEF8100001F0CDF9236A2246314630466A
:1018000001F0EAF9A0693346016830460A6851469A
:1018100000F069FE236A68682246494601F0DCF957
:10182000A0695346016840460A68494600F0CAFD6F
:10183000A0694346016840460A68494600F053FEE5
:10184000A0693346016830460A68494600F04BFEFD
:10185000236AA8682246394601F0BEF9A0693A46D3
:1018600001683846096801F0C4F8206A23464A46F0
:1018700000904146504601F08CF9A0693B46016852
:1018800050460A68394600F02EFE206A234642463A
:1018900000903946304601F07CF9206A23463A46EA
:1018A00000903946504601F074F9BDE8F18F2DE9FA
:1018B000F8430D4604466169089817461E46D1F85C
:1018C0000080D1F8049008B100210160A069296866
:1018D000434600680268686800F005FEA0694B4650
:1018E000016878680A68396800F06CFD206A234650
:1018F000424600904946404601F04BF9A0694B46EC
:10190000016868680A68296800F05CFDA0693368AE
:10191000016878680A68396800F0E5FD206A2346A6
:101920004A4600903168484601F033F9A0693368AF
:10193000016848460A68414600F0D5FDA0694B465B
:10194000016848460A68414600F03CFDA06972689B
:101950000168F868096801F04CF8206A716823464C
:101960000090A8680A4601F014F9A069F2680168BD
:10197000E868096801F03DF8A06943460168F0682D
:101980000A68716800F01EFDA169F0680A68716854
:101990000346126800F0A7FD206A234649460090DE
:1019A000B268306801F0F5F8206A3168234600908B
:1019B0000A46404601F0EDF8206A2346009072681E
:1019C000F168484601F0E5F8206AF1682346009086
:1019D0000A46404601F0DDF8BDE8F1832DE9F84301
:1019E0000446606917460D46D0F80490D0F8008090
:1019F000A06929681E46006843460268686800F0CE
:101A000072FDA0694B46016878680A68396800F081
:101A1000D9FC206A2346424600904946404601F0E0
:101A2000B8F8A0694B46016868680A68296800F040
:101A3000C9FCA0693368016878680A68396800F0F1
:101A400052FD206A23464A4600903168484601F01C
:101A5000A0F8A0693368016848460A68414600F06A
:101A600042FDA0694B46016848460A68414600F0BD
:101A7000A9FCA06972680168F868096800F0B9FFFC
:101A8000206A716823460090A8680A4601F081F830
:101A9000A069B2680168B868096800F0AAFF206A06
:101AA00023460090F268B168E86801F072F8A06916
:101AB00043460168F0680A68716800F083FCA16918
:101AC000F0680A6871680346126800F00CFD206A2D
:101AD000234649460090B268306801F05AF8206AFF
:101AE0003168234600900A46404601F052F8206AC9
:101AF000234600907268F168484601F04AF8206A6F
:101B0000F168234600900A46404601F042F8BDE8DD
:101B1000F1832DE9FE4F0446984660690D4616464E
:101B2000436807684046019331683A4602F0E8FB93
:101B3000716881463A46404602F0E2FBB16882464F
:101B40003A46404602F0DCFBF16883463A4640469E
:101B500002F0D6FB0646236A28682246394601F081
:101B60003BF8236A68682246314601F035F8236A5B
:101B7000A8682246594601F02FF8A0695A46016824
:101B80005846096800F035FFA0694B46016828688F
:101B90000A68696800F016FC236A224649464846EE
:101BA00001F01AF8A0694B46016848460A683946B0
:101BB00000F099FCA069524639460368186800F0A5
:101BC00011FDA0693B46016848460A68314600F0AD
:101BD0008AFCA069019B016850460A68314600F002
:101BE000F1FBA0693346016850460A68314600F0AF
:101BF0007AFCA0695346016801980A68594600F0CA
:101C000072FC206A0199234600905A46504600F023
:101C1000C0FF206A23464A4600905146384600F0ED
:101C2000B8FF206A2346524600900198314600F0E2
:101C3000B0FF206A2346324600903146384600F015
:101C4000A8FFBDE8F78F2DE9F84304466069164602
:101C50000D46D0F80490D0F80080A0691F46B968FE
:101C6000006843460268386800F0ACFBA0694B4648
:101C7000016838680A68B96800F035FCA0693B68FB
:101C8000016830680A68B16800F09CFBA069BB6815
:101C9000016830680A68B16800F025FC216AB868FC
:101CA000234600910246414600F073FF236A224614
:101CB0004146404600F090FF216A38682346009173
:101CC0000246494600F065FF236A224649464846D7
:101CD00000F082FFA06933680168B8680A68396853
:101CE00000F070FBA169B8680A6839680346126899
:101CF00000F0F9FB3068236A2246014600F06CFFD1
:101D0000B868236A2246014600F066FF206A23462F
:101D10000090B268B968286800F03BFF206A23464B
:101D2000494600903A68404600F033FFA0694B46B0
:101D3000016840460A68494600F0D5FB206A234600
:101D40000090A069BA6801684846096900F021FF5F
:101D5000A0694346016840460A68B96800F032FB52
:101D6000206A234649460090BA68404600F011FFB9
:101D7000BDE8F183FEB5064600200C4617460190EB
:101D800022691D4600212A61207C00F0010000F03C
:101D900064FF012807D1387C002100F0010000F029
:101DA0005CFF012836D0207C002100F0010000F00B
:101DB00054FF012802D12A46394609E0387C002127
:101DC00000F0010000F049FF012804D12A46214615
:101DD000FEF7AEFAF7BD3A4601A80090B7692B4668
:101DE0002146D7F804C03046DCF80470B8470198A3
:101DF000C10713D5C0F3400060B13046B669012376
:101E00002A4677682146D7F800C0E0472069400895
:101E1000400002E0286940F001002861F7BDF8B5F4
:101E200006460F4638691D4614462861387C002155
:101E300000F0010000F011FF012807D1207C0021F3
:101E400000F0010000F009FF01283BD0387C0021A0
:101E500000F0010000F001FF012802D12A462146CE
:101E600009E0207C002100F0010000F0F6FE0128CE
:101E700005D12A463946BDE8F840FEF759BA394639
:101E8000B7692B462246D7F804C03046DCF8087004
:101E9000B847A868002102F079FA012816D128680D
:101EA000002102F073FA01280CD13046B6690123F3
:101EB0002A4677682146D7F800C0E04720694008E5
:101EC000400002E0286940F001002861F1BD0000F7
:101ED00004B00101001701452DE9F84F94B0002529
:101EE0000C460A950995089506950795059504955C
:101EF0006CB3110002921FBF1E9F002FDDF880B04F
:101F0000BBF1000F23D0050021D06869A2498842A7
:101F10001DD12869C169606A014208BF9F4C17D072
:101F200094F82800810758BF9D4C11D50393216870
:101F3000086802F041FA08304FEAD0090398484592
:101F400002BFDDF884A04FEA4908C24501D0954C94
:101F50001EE12B692A4621460BA8FEF743F94246AB
:101F600005A9284600F0A7FE8F4C0028F0D1119853
:101F70001F9E016A2846CA6804A94244B21800F0AC
:101F80009AFE00284ED11198006AC268016904982F
:101F900009F090FF119B04984A46D3F820C0594697
:101FA000DCF80C30184409F085FF119B0498029965
:101FB000D3F820C04A46DCF80C304B44184409F0F2
:101FC00079FF119B394604981F6A3246FB684344E7
:101FD000184409F06FFF11980021059B006A0191D8
:101FE000CDF80080C2680068049942440068B218C5
:101FF00000F03EF907461198016AC86804A94044F8
:102000003218284600F076FEB7F5003F18BF674C3F
:1020100008D11198016828468A680AA9126802F056
:10202000F1F8002840F0AF8009F10307BF087A00FB
:1020300009A9284602F0E6F8002816D1099A059861
:10204000414602F0F6F911980A9A2B460168099860
:10205000896800F01AFB09A9284602F0DEF83A4622
:1020600008A9284602F0CEF8002840F088800BEB43
:102070000800801E4178077811984FF6FF7647EAEE
:1020800001270168886802F097F9C0EBC900C640D3
:10209000F64337420DD1089A49460BEB090002F08E
:1020A000C8F9119801680898896802F02EF900288B
:1020B00001D43F4C5FE006A90BA8FEF7ACF800285E
:1020C00059D107A90BA8FEF7A6F800284FD10BA8F5
:1020D000FEF796F8002846D1119F079B039A3E6AA7
:1020E00002990BA87768B84718B1042838D1314C49
:1020F00036E0079A0BA90120FEF74DF9119F0698CB
:10210000089B079A0A9900907F690BA83E68B04720
:1021100030BB06990BA8FEF72FFB08BB0698059964
:102120004A46406802F0D1F9069A05981368224A97
:10213000401E10F809105C68204B41EAC41100F8F9
:102140000910229801921E4903901868059A02917D
:1021500000904B464FEA5A01584601F0DBFF044617
:102160000BA8FEF755F807A90BA8FEF7B0F806A9CB
:102170000BA8FEF7ACF808A9284602F04EF80AA909
:10218000284602F04AF8424605A9284600F0B2FD6A
:10219000204615B0BDE8F08FFEAF1C5E0E000600B5
:1021A0000F000600030006000C00060001000600F8
:1021B000090006000800060026C7060048C60008F9
:1021C000936E0600002880B505491CBF0268002AEE
:1021D00003D012680AB190470146084602BD00BF0D
:1021E00003000200002880B505491CBF0268002AD0
:1021F00003D052680AB190470146084602BD00BFAD
:1022000003000200002880B5064A1CBF0368002BAB
:1022100006D09B68002B18BF002901D098470246C2
:10222000104602BD0300020000281CBF0368002BFB
:1022300003D0DB680BB111B912B1034870471847DE
:102240004FF40030704700BF03000200002810B5B3
:10225000064B1CBF0468002C06D02469002C18BF54
:10226000002901D0A0470346184610BD0300020014
:1022700038B50C46002811461A46094B1CBF0568A4
:10228000002D0AD04AB104B939B9049828B1059B88
:10229000009303462046A8470346184632BD00BFB8
:1022A000030002002DE9F04104460E46216817465E
:1022B0001D464A6890478046B8F5003F19D122680C
:1022C00006992046936898478046B8F5003F10D19C
:1022D000236831463A46DE682046B0478046B8F566
:1022E000003F06D123682946079A1D692046A84762
:1022F0008046216820460A6890474046BDE8F08144
:1023000040B1016829B1044A914202D10121034B35
:102310001970406803F042BD000037484C080020A7
:1023200010B5002204E050F8224043F82240521C2D
:102330008A42F8D310BDF0B503460E4601274FF090
:10234000030C02241F22002507FB03F000210CEAE6
:102350000000001BA94124EA0101CF1964004FEAE3
:102360004C0080F0010C521EEED13760F0BD00230E
:102370002029F0B528BF012322D214680568AC4299
:1023800038BF03231CD301240AE000EB84077F68D5
:10239000C1F1200E07FA0EF73E4342F824602C46A6
:1023A00050F824600768651CCE40BC42EDD342F86B
:1023B000246002E042F825306D1C1068A842F9D272
:1023C0001846F0BD2DE9FF4E8246002017469C4678
:1023D000CDE902003A68DCF800300E460021934255
:1023E00021BFDAF800B093453568954201D2032049
:1023F00076E0AB4503D3CDF804A0009503E0CDF81B
:1024000000B00196AB465B454FF0010E38BF9B46CE
:10241000002515E05AF82E2056F82E40801841EB82
:102420000509021957F82E0049EB05030021101A7F
:1024300063EB01014CF82E000846C9170EF1010E9E
:102440003A687245E6D2009C74451CD35AF82E2097
:1024500056F82E400023002514195D4100196941EA
:102460004CF82E000846C9170EF1010EEBE7019C4F
:10247000002354F82E20801859414CF82E000846AD
:10248000C9170EF1010EF345F1D2664686464FF0AC
:10249000010CDDE90201002510E057F82C2056F868
:1024A0002C40002302EA0E02A2186B418018594109
:1024B00046F82C00084600210CF1010C3A686245F0
:1024C000EBD2346864450AD356F82C208018694151
:1024D00046F82C00084600210CF1010CF1E7002021
:1024E00004B0BDE8F08E2DE9F44F8E4684B0049A16
:1024F0000021CDE902111C6815688346AC4238BF43
:1025000003206CD3DEF80050DBF80090A94506D319
:10251000CDF80090CDF804B0A9468C4604E0CDF883
:1025200004E000954FF0FF3C009D98464FF0010AF3
:10253000AC4238BF00940022002300250FE05BF876
:102540002A005EF82A40161843EB0107321B67EB9E
:10255000050348F82A201A46DB170AF1010AD1457B
:10256000EDD20098504511D3019E56F82A0020EA7A
:102570000C0412196B4100EA0C00121A8B4148F846
:102580002A201A46DB170AF1010AEAE71646012754
:10259000DDF810C0DDE902010EE05CF8272058F8F4
:1025A000274000233240A2186B418018594148F857
:1025B0002700084600217F1CDCF80020BA42ECD23C
:1025C000D8F80040BC4209D358F827208018694148
:1025D00048F82700084600217F1CF1E7002005B0DD
:1025E000BDE8F08FF0B51368066800240025B342FB
:1025F00001D20320F0BD8E464FF0010C064617466F
:1026000000210FE056F82C2000235EF82C00A218C1
:102610006B41141A63EB010547F82C402C46ED176B
:102620000CF1010CDEF800006045EBD23268624527
:102630000AD356F82C0024184D4147F82C402C465C
:10264000ED170CF1010CF1E70020F0BDF0B50446E8
:10265000666815460027721847EBE1736A60022628
:102660001A46DB1708E054F8260012187B4145F89B
:1026700026201A46DB17761C2068B042F3D210469B
:10268000524222EA0000C00FF0BD2DE9FE4F8AB091
:102690000C462168054654F8210000F0EAFA0021B2
:1026A0000690099122680C98694601F0ABFD10B1C3
:1026B0000220099047E10121049502940AE0049A5E
:1026C0001468201A081802EB80004268009840F84D
:1026D0002120491C029800688142F0D30098002212
:1026E00040F821200499029B0A681868121A06987B
:1026F000521C0592C0F120008DF804001AE058F831
:102700002620002382185AF826004B4179420840BF
:102710000021101A63EB010148F826000846C9178A
:10272000761CDAF80020B242E9D20598CDF808A06C
:10273000401E05900598002800F0F7800498059940
:10274000009C236850F821209DF8040054F8235081
:10275000211F51F8236085400698C64035430795F0
:10276000029D2E6854F826000890039405E051F865
:102770002300039C44F823005B1E012BF7D8039829
:1027800000271F244260029A9DF804509DF80460BF
:102790001068134653F820201B1F53F8200002FA3C
:1027A00005F5069AD04005430398039A006852F84D
:1027B000203051F82000069903FA06F6C840064377
:1027C0000798294600F049FA00F044FA079A0021D8
:1027D00000F03BFA8046C4F1200908FA09F126FA14
:1027E00004F040EA010A5146284600F03BFA00F0A6
:1027F00031FA014628FA04F040EA010BAAEB050081
:1028000020FA09F14246584600F01FFA804605FAC0
:1028100004F0311A3246584600F017FA06460BFA11
:1028200004F00743641ED6D13146284600F01AFA58
:1028300000F010FA074348EA07070021384600F085
:102840000CFA00F007FA7A1E002100F0FEF90446A7
:1028500007982946012700F000FA00F0FBF922460C
:102860004FF0FF3100F0F1F9039E00240025B84637
:10287000DDF808A0039024E05AF82800039A02909B
:1028800056F82810E2FB0045A1EB04092C46484607
:10289000002500F0E7F946F82890029924186D41C8
:1028A000484600F0DFF902998346484600F0D5F922
:1028B00000F0D0F95A46394600F0C7F9074608F14A
:1028C0000108DAF800004045D6D2B04608992646FD
:1028D000304600F0C7F940EA05040898314626461C
:1028E00000F0C0F920EA05052F43A743002000218E
:1028F0004FF0010C002510E05AF82C2058F82C401D
:1029000073421A400023A2186B418018594148F8BD
:102910002C000846C9170CF1010CDAF800206245BA
:10292000EAD2002000210126FBE60B9C0021204674
:1029300001F09FFC00992246012001F0A9FC0C98AF
:10294000694601F06AFC09980DB0BDE8F08F2DE9E9
:10295000F045154642688E460168DEF8003002F008
:1029600001067642994202D12C688C4201D20120A4
:102970003DE0DEF80470002300243740D2196341A3
:1029800004466A6000214FF00208184618E0074626
:102990005EF8280054F828200023304010185CF816
:1029A000042C59413818594145F8280055F8283069
:1029B00008460021DB0743EA5203D0464CF8043CAA
:1029C000226805EB880C08F1010A4245DFD25CF869
:1029D000043CC00740EA53004CF8040C03E045F8FF
:1029E0002A100AF1010A28685045F8D20020BDE8F3
:1029F000F0852DE9F047904602680B689A4203D1B2
:102A0000D8F80040944201D201204FE044684A685F
:102A1000002364004FF00009A21A69EB0303154676
:102A20001A46DB17022784468E4618E00CEB870413
:102A300054F8040C5CF827105EF82740C00F40EAF9
:102A40004100161843EB090A08EB8700321B40F8D7
:102A5000045C6AEB090315461A46DB177F1CDCF899
:102A60000000B842E2D2644654F82010464646F8C8
:102A7000205002EBD173C84600254FF0010C11E045
:102A80005EF82C0056F82C2000211840101849EB55
:102A9000010118EB00004D4146F82C00A846ED1747
:102AA0000CF1010C20686045EAD20020BDE8F087F7
:102AB0002DE9F84300240025002918BF002A03D07F
:102AC0000B681668B34201D201201DE00127814640
:102AD0000E46904613E058F82700002156F82720AC
:102AE000201869410023841A61EB030521464846FA
:102AF00000F0ABF846F827002C46ED177F1CD8F8FD
:102B00000000B842E7D20020BDE8F283F8B51746CE
:102B100005462A680E461846520007F1080101F0E2
:102B200071FB040009D17E603D60686807F10C010B
:102B3000FFF701FCF8684042F8602046F2BD0B4602
:102B400080B500925968024600F023F802BD2DE9D5
:102B5000FC411F4600230546904601932A680E4615
:102B600001A9404601F04EFB04000FD1019801215C
:102B700001F07FFB0097019933462A46284600F072
:102B800008F8044601A9404601F047FB2046BDE88D
:102B9000F681FEB514461D462A6823681668B342BE
:102BA00001D20320FEBDEB68089F121D0193009225
:102BB000AA68D7F800C0091D131D3246001DE04762
:102BC000E868231D00902968A8687C680A1D3146C2
:102BD000001DA0470020FEBDF8B50C46154629682B
:102BE00022681F460E68B24201D20320F2BDEA6895
:102BF0000B1D001D0092A968D7F808C00A1D3146B8
:102C0000E047E868231D00902968A868FC680A1D51
:102C10003146001DA0470020F2BD0A460021016098
:102C2000C160816821B100F10801104601F0F5BAD8
:102C3000704710B582B0049C009313460A46019475
:102C4000014601F073FC02B010BD40425140084003
:102C50005040704780F001007047484041420843AF
:102C6000C00F70470A1A4140504008405040C00F02
:102C70007047014610B5202001221F2321FA03F4DA
:102C800004F0010484F001042240801A5B1E13F159
:102C9000010FF3D110BD0023002918BF002A04D072
:102CA0000160002142608360C1607047014648684E
:102CB0008968401A704720B511B11AB90020086020
:102CC000012020BD8368D21C4568920803EB820274
:102CD000954203D200200860022020BD05682B44E5
:102CE0000B6082601146C268914238BF1146C160D4
:102CF000002020BD10B50446002000291CBF0B6831
:102D0000002B03D012B1A368934201D2012010BD61
:102D1000D21C92080860A3EB8202A26010BD10B51D
:102D200004466168206809F0C7F8002000210022ED
:102D3000002384E80F0010BD2DE9F8430D469146AD
:102D4000089FD9F80010804638680A68904238BF5A
:102D5000012022D30A9C0121384601F08AFA22463A
:102D600049463846FFF7EBFE2E6800E0761E002E3F
:102D700003DD55F826000028F8D0760108E0281D6C
:102D8000710950F8212006F01F00C240D10706D477
:102D9000761EF4D5002E02D50020BDE8F28323462E
:102DA0004A4639463846FFF717FF281D710950F883
:102DB000212006F01F00C240D10706D500944B46E3
:102DC0003A4641463846FFF7E4FE761EE2E72DE933
:102DD000F64F8BB006468946B16900270A689068AD
:102DE00001F0EAFAB1698A681368B0FBF3F81D468E
:102DF0005A1E05FB18058DF810209DF81000009351
:102E0000012383405B1E09930A6813681C68022330
:102E10000297059407938A6806924868C169022957
:102E200004BF032007900021484601F0AFFA50B9D3
:102E3000B0690068C169012907D08168484601F07E
:102E400064FA002801D4012493E1B0694168F06973
:102E50008A6906F114019200FFF72DFF0400F3D1F7
:102E6000BA460DE00068016870690A6800EB8A01E3
:102E7000F06901F0C7F9040040F06F810AF1010A1E
:102E8000B06941688A699245ECDBCDF828A002A9B7
:102E90003046FDF7C0F9040040F0548102993046F5
:102EA0004446FDF79FFA99F80400B84600F0010087
:102EB0000890B1690868494682680898C0F1010025
:102EC000FFF7F6FDDDF800A00BE008F1010B04FBB5
:102ED0000B520121484601F088FA00FA08F0074336
:102EE000D846AAF101008045EFD30C9930467F1CEB
:102EF000FDF778FA0C98069A062101900798009140
:102F0000131D111D4743059A01207F1C574301EBF8
:102F100087020599A71EFDF7A6FA52E07A1904FB6D
:102F20000B2201214846521C01F05FFA00FA0BF017
:102F300040EA08080BF1010BD345EFD3D6F818E0AF
:102F40009DF810000C9ADEF804C028FA00F000F09A
:102F5000010BDCF800C0012311463046E04702981F
:102F60000621009101900698ABF10101DDF81CE00B
:102F7000021D099881EA0801DDF814C00840401CD0
:102F800000FB0EF000236146401C00FB0CF0CBF16F
:102F9000010B7F1E02EB80020120FDF764FA029A0A
:102FA00031465846FDF7F7F90C9B0020029A009035
:102FB000D6F818C019463046DCF804E0DEF804C044
:102FC000E047681E8041B7EBD07F03DB4FF000087D
:102FD000C346B1E79DBB002709E004FB07F20121CE
:102FE0004846521C01F001FAB84005437F1C574582
:102FF000F3D3B4690C9A0123646811469DF810005C
:10300000D4F800C025FA00F73046E04702980621C0
:1030100007F00107019006980091791E021D09989A
:10302000DDF81CA04D4005406D1C05FB0AF5059C14
:1030300000236D1C6543214602EB85024BE0069898
:10304000059A6F1E011D01EB82040C9D924629E03A
:1030500001232A4629463046E0477A1C012148468A
:1030600001F0C3F9804602980621009101900023E7
:10307000224651460120FDF7F6F9029AC8F10108EF
:1030800031464046FDF787F90020029A0090D6F8B5
:1030900018C02B462946DCF804E030467F1EDEF8D7
:1030A00004C0E047B069002F4168D1F800C0CFDC10
:1030B0002A460C95012311463046E04701220121A2
:1030C000484601F092F907460298062100910190C6
:1030D0000023224651460120FDF7C5F9029AC7F1A7
:1030E000010731463846FDF756F90C9B03A8029AB2
:1030F0000090B4691946304665686C68A047B469A9
:10310000039B0C9A656803F001031146D5F800A0F3
:103110003046D047B069089C0168C4F101042046DC
:103120008A684946FFF7C4FC0C9A31462046FDF7F1
:1031300032F90C993046FDF73DFA044602A93046B3
:10314000FDF7C5F8DDF828A007E0716901EB8A02F8
:10315000111F01F062F8AAF1010AF069BAF1000F3B
:10316000F3DCB1694A6806F1140192699200FFF735
:10317000C1FD20460DB0BDE8F08F00002DE9F04FF5
:103180000E4699B04FF0FF311746129111911091F0
:103190000191012100220546179107920692A96923
:1031A0001C464FF002090868026813680A93CA684F
:1031B00013680992DFF83C2604930498401E4008E7
:1031C00002EB80031A1F0C92DFF82C2602EB800022
:1031D000031F0B934868DDF88880C16928460229DF
:1031E000414608BF4FF00309FDF7FCF84146284669
:1031F000FDF7B6F9A86900680894C169012910D0E3
:103200008168304601F081F8002807D5A869016877
:103210000898896801F079F8002802D40120059007
:10322000E3E2A8694168E8698A6905F1140192003E
:10323000FFF741FD05900028F2D100240CE0096859
:103240000A686969126801EB840100F0DBFF0590F0
:10325000002840F0BF82641CA969E8694A68936944
:103260009C42ECD3049B0122A346991E8A40920003
:10327000159202A9FFF71FFD0590002840F0A182DA
:10328000049901200024891E00FA01FA10E0029836
:1032900000EB84012846FCF7BEFF0590002840F0B3
:1032A0008982029850F824102846641CFDF79AF889
:1032B0005445ECD3039518943C46207C002100F043
:1032C0000400FFF7CAFC20B9179003982146FDF7C8
:1032D00047F903982146FDF79BF90590002840F037
:1032E0005E820398029F012385693A6821466D68D2
:1032F000EF68B84702990020009003984B6809686E
:10330000856922466D682F690225B847039F10E042
:10331000D7F818C00298DCF804E050F825300268AD
:1033200000EB8500DEF814C050F8041C38466D1C14
:10333000E04701200E905545EAD3089801F03CF88B
:103340000546304601F038F885422CBF08983046D3
:1033500001F032F80D960F94019DCDF85890129C13
:10336000119EDDF840A0814675E0DDF830C0039A7B
:1033700006980191169E101AA0F1010E4FEADE0E7A
:10338000401E8000099A00F01C00062100915CF8A4
:103390002EC0131D111D2CFA00F000F00F00464343
:1033A0000A9A0120761C724301EB82020A99FDF70A
:1033B0005AF80298394602680120FCF7ECFF3AE01F
:1033C0000399081A0B99421ED20851F82250401E48
:1033D000800000F01C00C5409DF8026005F00F055C
:1033E000761B76B2AEBB0298069A016801988242BB
:1033F000BBDADDF818C00C9E169A4FEADC0C01917E
:103400000621009156F82C60DDF818C00A99099839
:103410004FEA8C0E0EF01C0E26FA0EF606F00F0682
:103420007243031D001D521C514300EB81020A9997
:103430000120FDF718F8029900200090BE690A6883
:103440004346D6F804C041463846DCF81060B04721
:10345000109EA9F10109B9F1000FD8BF002C06DCBC
:10346000BAF1000FDCBF002E002D40F33C81B9F112
:10347000000F0AD4D7F818C001234246DCF804E054
:1034800041463846DEF80CC0E047002C02DD641EE1
:1034900064B206E0BAF1000FC4BFAAF101004FFA0E
:1034A00080FA002E02DD761E76B203E0002DC4BF46
:1034B0006D1E6DB204990E98491C8840401E8DF80F
:1034C000030004980E99421E049891400191411EF8
:1034D0008DF802100E980499049A8840049903907C
:1034E000A2EB0902A9EB0101149104998DF80120C6
:1034F0000498A9EB0101C9F1010212918DF8002095
:10350000401C002CA9F101014FF0FF321390C8BFFD
:10351000BAF1000F1191109256DCB9F1000F06DDDF
:10352000119A0D98022100F060FFC0B207E00D98DB
:1035300041689DF8000001FA00F000F00300002C43
:1035400041D5BAF1000F3FDC00F0010191EA600FB4
:1035500000F082801498002805D4129A13990D98CF
:1035600000F043FF08E00D9841689DF8010001FA62
:1035700000F09DF803100840019A0199801AC0B22A
:10358000079088420BDA07990B98C90850F8212058
:103590000798810001F01C0122FA01F00CE0039968
:1035A000081A0B99421ED20851F82210401E8000C2
:1035B00000F01C0021FA00F09DF8024000F00F0A14
:1035C000A4EB0A0464B2002C46D107980199884202
:1035D00018DA07990C984346C90850F82100079952
:1035E0008A00B96902F01C02D0404A6810F00F004E
:1035F000546901D10F9A02E0029951F82020414606
:10360000384627E003980799411A0C984A1ED208B9
:1036100050F82200491E890001F01C01C84002999F
:1036200010F00F000A680CBF0F9951F8201001200C
:10363000FCF77EFE0298394602680120FCF7ABFEDB
:10364000BC6902984346D4F804C002684146384633
:10365000DCF81440A047109C002EC8BF002D15DCDC
:10366000B9F1000F06DD119A0898022100F0BDFEA5
:10367000C0B207E0089841689DF8000001FA00F028
:1036800000F00300002E7FF5ADAE002D3FF7E1AE58
:1036900000F0010191EA600F3FF4DBAE14980028BE
:1036A00005D4129A1399089800F09FFE08E0089834
:1036B00041689DF8010001FA00F09DF803100840F0
:1036C000019A0199801AC0B206908842BFF678AE7E
:1036D00006990B98C90850F821500698810001F00E
:1036E0001C01CD4078E603970D9C0F9E089FDDF8E6
:1036F00028A0099DB9F1000F46D103980123424645
:10370000D0F818E04146DEF80490D9F80CC0E04744
:103710002079C10717D50298314602680120FCF7CD
:1037200007FE0298039902680120FCF734FE039813
:10373000029A4346D0F818C012684146DCF80440AB
:10374000D4F814C0E0473879C1071DD50298062285
:103750002B1D01680092281D019100EB8A02514641
:103760000120FCF780FE0298039902680120FCF713
:1037700012FE02990020009003980A684346876968
:1037800041467C682769B847179840B90398314685
:10379000FCF710FF059003984146FCF70BFF039DD3
:1037A000189C07E0029800EB8401091F2846FCF7EB
:1037B0008EFD641E002CF5D1159AE86902A9FFF769
:1037C00099FA5C4606E0696901EB8402111F00F07A
:1037D00024FD641EE869002CF5D1A9694A6805F149
:1037E000140192699200FFF785FA059819B0BDE8B7
:1037F000F08F00BFFC3700080838000810010000F7
:103800004024521561367307012000000310012087
:10381000021001402DE9FC47814600200F469246E8
:1038200000903A681E4669464846002500F0EAFCCA
:103830005FEA000838D100980021012400F019FD4A
:10384000009A39460120AAF1010700F021FD04FA8F
:1038500007F71CE00021715513E000984168C80784
:10386000F8D504FA0AF0421E11404AB27BB29A42DD
:10387000A8BFC91B7155009A49B249421046FEF7CC
:10388000E5FE009A01216D1C1046FEF770FD0098C0
:10389000002100F07BFD0028DFD00A9800B1056010
:1038A0006946484600F0B9FC4046BDE8F68700008E
:1038B00000B581B00168074A914200D110B90648AD
:1038C00001B000BD7C2108F0F7FA4FF4003001B0E0
:1038D00000BD00BFA8390008030002000F4A2DE90F
:1038E000F04790B0B2E8F8516946DFF834A0A1E89B
:1038F000F851B2E8F851A1E8F851D0F80090D1455C
:1039000000D118B9074810B0BDE8F08740226946D9
:10391000083000F06EFF10B0BDE8F08770C30008FB
:10392000A839000803000200412904D20268044BB0
:103930009A4200D108B903487047083000F068BFC8
:10394000A83900080300020010B481B013460268D1
:10395000074CA24200D118B901B0064810BC70470C
:1039600000F1240201B0083010BC00F055BF00BFC8
:10397000A83900080300020010B481B013460268A1
:10398000074CA24200D118B901B0064810BC7047DC
:103990000A4600F1240101B0083010BC00F090BFCD
:1039A000A839000803000200B1380008DD3800081B
:1039B000293900084939000879390008F0B504466A
:1039C000BDB00B480D4616461F460290094B10220B
:1039D000802104A800F009FF429800973346019027
:1039E0002A46214602A8FEF75DFC3DB0F0BD00BFAF
:1039F000A839000838C6000810B5040008BF002424
:103A000008D005482060054B1022802104F10800F1
:103A100000F0EBFE204610BDA839000838C60008AB
:103A20002DE9F14FADF5327D0A6812A80DF1C80CF1
:103A300013BA4A684FF0100E12BACDE912238A6801
:103A400013BACA6812BAC0E902230A6913BA4A69EA
:103A500012BAC0E904238A6913BACA6912BAC0E962
:103A600006230A6A13BA4A6A12BAC0E908238A6AA4
:103A700013BACA6A12BAC0E90A230A6B13BA4A6BAC
:103A800012BAC0E90C238A6B13BACA6B12BAC0E926
:103A90000E230A6C13BA4A6C12BAC0E910238A6C5E
:103AA00013BACA6C12BAC0E912230A6D13BA4A6D6E
:103AB00012BAC0E914238A6D13BACA6D12BAC0E9EA
:103AC00016230A6E13BA4A6E12BAC0E918238A6E18
:103AD00013BACA6E12BAC0E91A230A6F13BA4A6F30
:103AE00012BAC0E91C238A6FC96F13BA91FA81F226
:103AF000C0E91E235CE90401C70C43034FEAC10A75
:103B0000C60047EA413743EAD1434AEA507A46EAD7
:103B10005176800940EA81607E4083EA0A0A86EA9B
:103B200000078AEA911B5CE90E015CE91E4838181F
:103B30004BEB010122465FEA58034FEA3202250AA5
:103B400045EA08654FEA046A43EAC4734AEA182A58
:103B500082EA0506E20942EA486283EA0A0A8AEA38
:103B6000D81372405CE9207B80185941C01941EBA1
:103B70000B01CCE900015CE9026AF70C47EA4A371D
:103B80004FEA463949EADA495CE91C23F500CDE9F8
:103B900000794FEACA0949EA567945EA5A75DDE9DA
:103BA000007BB60946EA8A667D408BEA09097540C2
:103BB00089EA9A195CE90C6AAE19154649EB0A0ABA
:103BC0005FEA53094FEA3505CDE9006A2F46150A29
:103BD0004FEA026A49EAC27B45EA03654AEA132AC8
:103BE000D60946EA43667D408BEA0A096E4089EAB7
:103BF000D31ADDE90059AE1949EB0A0A34194FEA24
:103C000040394AEB0808C70C47EA413749EAD1492D
:103C1000CCE902485CE91A6ACDE900794FEAC109AA
:103C2000C50049EA507945EA5175DDE9007B800914
:103C300040EA81607D408BEA0909454089EA911993
:103C40005CE90A012818354649EB01015FEA5A0987
:103C50004FEA3505CDE900012F46350A310649EA1C
:103C6000C67B45EA0A6541EA1A21F00940EA4A6042
:103C70007D408BEA0109684089EADA11DDE90059E3
:103C8000281849EB010182184B41CCE90423E50CCB
:103C90005CE9180145EA4837630343EAD84B4FEA29
:103CA000C803E20043EA547342EA5872A40944EAA2
:103CB00088647A408BEA0303544083EA98185CE9ED
:103CC0000823A71848EB030B04465FEA510848EAAB
:103CD000C0734FEA34044FEA0068050A48EA112825
:103CE00045EA0165C00940EA416083EA0809654088
:103CF00089EAD111684038184BEB0101801941EB7A
:103D00000A01CCE906010CF1200CBEF1010E7FF492
:103D1000F1AEB298B29EDDF8C8C2D0E92848D0E929
:103D20002A23DCE93259DDF8C8E2D0E92C01D6E9D2
:103D30002E6ADCE9307BCDE90859DEE93459DDF83B
:103D4000C8E2DFF858C3CDE90659DEE93659CDE9B6
:103D50000401CDE90A6ACDE910592825CDF838C00B
:103D60000DF1480E38465946DDE9106AAC460E9D05
:103D700008350E95083DD5E90059CDE90C59FEE806
:103D8000027BCDE9006A850BCDE9027B4FEA804AD0
:103D9000870C4FEA803945EA81464AEA913A47EA78
:103DA000813749EA914986EA0705C6058AEA090981
:103DB0004FEAC15A4AEA502A46EA51266E4089EA39
:103DC0000A0ADDE90059AE1949EB0A0ADDE908598A
:103DD00000EA050701EA090BDDE9065985437D4044
:103DE00029EA01098BEA090975194AEB0909DDE994
:103DF0000C6ACDE90C48AD1949EB0A09DDE9026A04
:103E0000AE1949EB0A0A270F4FEA041947EA0817C7
:103E100049EA1879A50745EA9805CDE900794FEAFE
:103E2000887949EA9409DDE9007B7D408BEA09093C
:103E3000CDE900594FEA4869650649EAD41945EACF
:103E4000D815DDE9007B7D408BEA0909CDE90059F1
:103E5000DDE90459554004EA050783EA090908EA3F
:103E6000090BDDE9045915407D4003EA09098BEA95
:103E70000909DDE9007B0E9C7D194BEB0909DDE9A1
:103E8000067BCDE9107BDDE9087BCDE90801DDE9A2
:103E90000A01CDE9067BDDE9047B801941EB0A01CB
:103EA000CDE9042372194AEB090308340E94DDE9C5
:103EB0001059CDE90A7B083CD4E90048FEE8026AC3
:103EC000CDE90259870B4FEA804947EA814749EA21
:103ED0009139CDE90079870C47EA81354FEA80397D
:103EE00049EA9149DDE9007B7D408BEA0909CDE98A
:103EF00000594FEAC159C50549EA502945EA5125FB
:103F0000DDE9007B7D408BEA0909DDE9027B7D1953
:103F10004BEB0909CDE90059DDE9085900EA05072D
:103F200001EA090BDDE90659854329EA01097D40CB
:103F30008BEA0909DDE9007B7D194BEB09092C1996
:103F400049EB0808A41948EB0A08150F45EA0316BF
:103F50004FEA021A4FEA837995074AEA137A49EA47
:103F6000920945EA930575408AEA09094FEA436ACE
:103F700056064AEAD21A46EAD3166E4089EA0A0A77
:103F8000CDE9006ADDE90C59DDE9046ADDE90C7B65
:103F90006E4089EA0A0ADDE90459164003EA0A0A72
:103FA0003D400BEA09096E408AEA090ADDE9005939
:103FB000DDE9087BCDE90801AD1949EB0A09DDE926
:103FC000066ACDE9067BDDE90A01DDE9047B00191B
:103FD00041EB0801CDE90A7BDDE90C7B641948EB74
:103FE0000908CDE9047BBCF1010C7FF4C0AEDDF81B
:103FF000C8C2CDE90C23DDE90823DCE9287BDDE933
:1040000006593C194BEB0808CCE92848B29CDDF86E
:10401000C8C2D4E92A7BDDE90C483C194BEB0808FF
:10402000CCE92A48B29CDDF8C8C2D4E92C7BDDE992
:1040300004483C194BEB0808CCE92C48B29CDDF84D
:10404000C8C2D4E92E7BDDE90A483C194BEB0808CD
:10405000CCE92E48B29CD4E9307B38184BEB0101F7
:10406000C4E93001B298D0E93248A21848EB030302
:10407000C0E93223B299D1E93423521943EB090341
:10408000C1E93423B299D1E93623921943EB0A03EB
:10409000C1E936230DF5337DBDE8F08FB8C30008C4
:1040A000F8B501240094002300240DE0009D065D76
:1040B0000F5D641C7E40F643761CF60F86F0010609
:1040C00035400095009DEB189442EFD31846F2BDA1
:1040D000F8B5002301240094002A11E0009C851803
:1040E00015F8016C8F1817F8015C6E40F643761CCA
:1040F000F60F86F0010634400094009CE318521E2F
:10410000ECD11846F2BD0000A1400008D1400008E3
:10411000010000002DE9F84F1D46DDF828900B9FA7
:104120000D9C4FF0FF330093D9F800B00E46924635
:10413000804632465146D847834664B3D9F80430A6
:1041400032465146404698476FEA0B02521C00998E
:1041500042EA0B026FEAD2735B1C1940C243009122
:10416000521C009902436FEAD2735B1C1940009104
:1041700086F05531484087EA000181F055312160D1
:1041800080F05531C943491C009A08436FEAD0704A
:10419000401C82430092D9F80800012809D17540DB
:1041A000E943491C00980D436FEAD572521C9043B5
:1041B0000AE0F11C85EA91020098D243521C154393
:1041C0006FEAD5735B1C984386F0AA3686EA0B0625
:1041D00086F0AA33F243DB43C2F3C0725B1C00904B
:1041E00042EAD3720C980099D243521C9143009139
:1041F0000099774087F0AA37884300990F403843E9
:10420000BDE8F28F38B51546AA000C46121DFEF720
:1042100052FD08B921680D6032BD10B50C46236807
:104220001A689200121DFEF765FD0023236010BD81
:1042300003460020002B70B518BF002900D00AB932
:10424000012070BD1C68A24228BF2246012406E05E
:1042500001EB840555F8046C43F82460641CA24209
:10426000F6D21968A14224BF43F82400641CF8D296
:1042700070BD024600200AB901207047516002213A
:1042800002E042F82100491C13688B42F9D27047C2
:104290002DE9F84307461646306888460025401C3D
:1042A0007A42D8F8004004E058F82010401C114031
:1042B0000D438442F8D23068A04238BF04465FEA1A
:1042C00004090AE056F8292058F829103846FEF764
:1042D000BCFC46F82900B9F10109F3D1641C791E30
:1042E00005E056F82400084046F82400641C3068B5
:1042F000A042F6D2002D14BF03200020BDE8F283B7
:10430000404251400840504070472DE9F0478446F4
:104310008E46DEF80050DCF8001000270126BA4671
:10432000A9420FD3084664460121854224D254F89D
:1043300020200023524263EB430303F001031F4399
:10434000401EF2E728460D4674464FF0FF31EEE777
:104350005CF820205EF8204000250023B4EB020822
:1043600065EB03096240521E06EA090563F100038A
:1043700045EA0A0A1E40401E0028E9D106EB4A021F
:104380003846521EBDE8F047FEF75FBC10B50A463E
:104390000023016803E050F82140491E234302290D
:1043A000F9D240680021424042EA0300FEF755FC82
:1043B000BDE81040FEF74EBCF8B505462E68002259
:1043C00034000BE05742174355F82410FF43F80F11
:1043D000FEF73BFC0246A6EBD776641EF2D11046F0
:1043E000FEF747FC00EB4610F2BDF8B50646306814
:1043F0000C46570902F01F05791CFEF733FCBB1C65
:1044000041420B4056F82310002204F01F04FEF72F
:104410001CFC06EB87014A68EA40C5F1200500FA5A
:1044200005F5012000FA04F41543641E04EA0500B2
:10443000F2BDF8B500230AB110B909B10120F2BDEF
:104440001468CD1CB4EB950F01D20320F2BDB9B3B3
:10445000002410E0061996F802C0F77802EB8505F3
:104460004FEA0C4C4CEA076C77783678241D4CEAFE
:1044700007273E436E60A508CE1EB442EAD311F072
:10448000030F11D06D1C42F825300BE0075D52F888
:1044900025604FEAC30C07FA0CF73E4342F825604B
:1044A0005B1C641C8C42F1D3E41CA408641C002136
:1044B0001068A04224BF42F82410641CF8D202E025
:1044C0001046FFF7D6FE0020F2BDF0B5034618688F
:1044D0004C1E0025800001E0A554521E9042FBD3E3
:1044E00012F003001FD0950803EB85067568461E81
:1044F000F60025FA06F7A754521E401EF7D112E027
:10450000940853F824508818001F2D0EC57053F8D6
:104510002450121F2D0C857053F824502D0A45701D
:1045200053F824400470002AEAD1F0BD2DE9F04F81
:104530000AB4DDF82C404FEA82024FF0000C5FEA2B
:10454000020EBEF1040E43F80EC07FF4FAAF5FEA2C
:10455000020E50F804AB51F804BB1F684FF0000680
:10456000EAFB6B670C9D06FB05FB20CC4FF00008B7
:10457000B146EBFB6589B2F104055E6851F8048B26
:10458000EAFB6867B04640CCEBFB668943F8048BD6
:104590002D1FF2D100990B9C17EB0C064FF0000772
:1045A00047EB070716EB09084FF0000949EB09092B
:1045B000C3F8008007EB090C019BBEF1040EC8D1C3
:1045C0009A46A346151E35B140CB80CCBE41A5F11D
:1045D0000405FFF7F8BF66EB0606B4446FEA0C0C5F
:1045E00053465C46151E4DB1D3F8006080CC07EAF7
:1045F0000C07BE4140C3A5F10405F4E702B0BDE8D5
:10460000F08F2DE9F04FDDF8244009924FEA810147
:104610004FF0000BABFB0BA58C46BCF1040C50F823
:104620000CE043F80CE000D0F7E70844D3F8009022
:10463000ABFB0B7809FB04F90E469E46DEF80070D2
:1046400052F804CBA6F10406E9FB6C7856B1DEF80B
:10465000047052F804CBA6F10406E9FB6C784EF81E
:10466000047BF3E7099A80C84FF0010CEAFB6C78F1
:10467000CEF80070C24605F104058D42D6DB9C469B
:1046800093460D1E35B15CF8046B80CABE41A5F19E
:104690000405F7E766EB06060AEB060C6FEA0C0C5E
:1046A0009A465A460D1E4DB180CA5AF8046B07EA65
:1046B0000C07BE4140C3A5F10405F4E7BDE8F08F47
:1046C0002DE9704F92005FF000095FEA420BABF1F9
:1046D000040B04D0BBF1040B43F80B90FAD15FEA52
:1046E000020B17D0002450F804CB9E4692460E468B
:1046F000DEF8005056F8048BECFB68544EF8045B6F
:10470000BAF1040AF4D1CEF8004003F10403BBF17E
:10471000040BE7D1BDE8708F4022A03007F0CABB80
:104720002DE9F84F826800258346970802F00302BE
:1047300000927A0102F02008C8F120080E4629E014
:10474000A900680801F0040101EBC00174186901B7
:104750000BEBC00A01F02009DAE92801C9F12009B0
:104760004A4600F0D7F9E070DAE928014A466D1CA4
:1047700000F0D0F9000AA070DAE928014A4600F0FA
:10478000C9F9000C6070DAE928014A4600F0C2F964
:10479000000E2070BD42D3D30024009D11E00BF128
:1047A000A0017A0801EBC203D3E90001424600F000
:1047B000B1F9E100C1F11801C84004EB8702B0541F
:1047C000641CAC42EBD3BDE8F18F70B5C4680369DB
:1047D00000220025E31AD418044404F81C5F8E5C00
:1047E000521C082A2672F6D370BD0360C1600261B4
:1047F000704738B5154604460022626023685A683F
:10480000904700206061A061A5604FF4003032BD88
:1048100081604FF4003070472DE9F8430446207959
:10482000D4F80C80450748BF244844D466691D4627
:10483000A8F1010000EAD60306EBC5066661B6EBF7
:10484000C50F02D2A669761CA661A669174606EBBB
:104850005576A6610E46E918884224D2A8EB0309D2
:104860004A463146F81807F025FB226839460EE023
:104870004246384607F01EFB2368394620461A6830
:10488000904707E0311811F00300F1D1226820466B
:1048900013689847484600EB0809A9F10101A942AD
:1048A000F0D3002300E000202A1A3118F81807F08E
:1048B00001FB4FF40030BDE8F28300BF04000200AA
:1048C0002DE9FC4F85B00246D06813690027DFF858
:1048D0006CC1A0EB030A50680DF10C0EDFF860818B
:1048E00040F00400506003A80290D8E9003403A807
:1048F000544DC0E900342878534D00280CBF0023E4
:10490000042399465CF803305EF8094001262344ED
:104910001D601C689E60DCF80430039DDCF800908C
:10492000DEF804605D406540484C654089EA060653
:10493000474C66407519474CD8E9006B6540002824
:1049400003ACC4E9006B029E0EBF002404200424C3
:104950005CF800003459012620183F4C04600468BC
:1049600086600398029E434063407068374C634002
:1049700089EA0000364C6040034438484340280030
:1049800018BF01205B1E9B41042F2CBFC0B2D80F63
:1049900002F1140353F8200007F00303C3F10303EB
:1049A000DB00D8400DF807007F1C082F9DD315466B
:1049B0006A69AB69E868D20842EA4372401E002384
:1049C00000EA020702400C469B420AD8524508D230
:1049D0008020E0557F1C574516D2AAEB0701E0194D
:1049E00010E08020E05500E0E355E8687F1C874236
:1049F000FAD32A68284613689847BAF1000F03D003
:104A00005146204607F058FA2A68069E059F93688B
:104A10006946284698472A6821462846D2F80090D9
:104A2000C8472B6839462846DA6890470EB1A8680F
:104A300030604FF4003007B0BDE8F08F30C300089D
:104A4000604A00084C0800205FC5109304850012DE
:104A5000FC68017AC0F524FF24AF33D426AF698BFC
:104A600004B0010100170145034613F8012B002A89
:104A7000FBD1181A0138704770B4840746D04C1E19
:104A8000002941D0D5B2034602E0611EE4B30C46D2
:104A900003F8015B9907F8D1032C2ED9D5B245EA6A
:104AA00005250F2C45EA054519D9264603F11001C5
:104AB000103E0F2E41F8105C41F80C5C41F8085C88
:104AC00041F8045C01F11001F2D8A4F1100121F0C9
:104AD0000F0104F00F041031032C0B440DD91E46B6
:104AE00021460439032946F8045BFAD8211F21F036
:104AF000030104310B4404F003042CB1D2B21C4472
:104B000003F8012BA342FBD170BC70470C4603464F
:104B1000C2E70000D0400B00D1409C46203AD34071
:104B200018435242634693401843704753B94AB9F9
:104B3000002908BF00281CBF4FF0FF314FF0FF30A5
:104B400000F0B2B9ADF1080C6DE904CE00F006F842
:104B5000DDF804E0DDE9022304B070472DE9F04FF1
:104B60008C46099E04460F46002B48D18A421546C2
:104B70005ED9B2FA82F33BB1C3F120029F409D405F
:104B80009C4020FA02F217434FEA154E1FFA85FCAB
:104B9000220CB7FBFEF10EFB117701FB0CF042EA91
:104BA0000742904207D9AA1801F1FF3702D290427A
:104BB00000F258813946121AA4B2B2FBFEF00EFB85
:104BC000102200FB0CFC44EA0244A4450BD92C192A
:104BD00000F1FF322CBF01270027A44502D9002F86
:104BE00000F04381104640EA0140A4EB0C04002190
:104BF0001EB1DC400023C6E90043BDE8F08F8B42C4
:104C000006D90EB1C6E9000100210846BDE8F08FC3
:104C1000B3FA83F1002951D16345C0F01681824275
:104C200040F213810846002EE7D0C6E90047E4E7CA
:104C3000002A00F0AF80B2FA82F3002B40F0C2806D
:104C40008A1A4FEA154EAFB20121200CB2FBFEFCCE
:104C50000EFB1C2240EA024207FB0CF090420ED9E8
:104C6000AA180CF1FF382CBF4FF001094FF00009D2
:104C7000904203D9B9F1000F00F0F080C446121A37
:104C8000A4B2B2FBFEF00EFB102200FB07F744EAD1
:104C90000244A7420ED92C1900F1FF322CBF4FF06D
:104CA000010E4FF0000EA74203D9BEF1000F00F035
:104CB000D2801046E41B40EA0C4099E7C1F1200580
:104CC0008B400CFA01F400FA01F922FA05F72CFAEC
:104CD00005FC8A401F4320FA05F3380C23431FFAD2
:104CE00087FE1C0CBCFBF0F800FB18CC44EA0C441B
:104CF00008FB0EFCA4450ED93C1908F1FF3A2CBF65
:104D00004FF0010B4FF0000BA44503D9BBF1000F8E
:104D100000F0B880D046A4EB0C041FFA83FCB4FB6F
:104D2000F0F300FB134403FB0EFE4CEA0444A645DB
:104D30000ED93C1903F1FF302CBF4FF0010C4FF09E
:104D4000000CA64503D9BCF1000F00F09F8003467C
:104D500043EA0840A4EB0E04A0FB02EC6445734652
:104D6000E04602D307D1F14505D2BEEB02036CEB5E
:104D7000070C0138E0465EB1B9EB030264EB0804AE
:104D800004FA05F522FA01F3CC401D43C6E90054AC
:104D9000002132E742082F464B08AC4642EAC17276
:104DA000AE46C407110C92B241EA034142EA014205
:104DB000B1FBF5F1B3FBF5F01F23A2EB0C0241EAC6
:104DC000004142E79D40C3F1200299409C402CFAEB
:104DD00002FC4FEA154E20FA02F2AFB2BCFBFEF81D
:104DE0000A430EFB18CC110C41EA0C4108FB07FCEE
:104DF0008C4550D9691808F1FF302CBF4FF00109DC
:104E00004FF000098C4502D9B9F1000F30D0A1EB69
:104E10000C01B1FBFEF808FB07FC0EFB181192B267
:104E200042EA0142624534D2AA1808F1FF312CBF90
:104E30004FF001094FF000096245BED2B9F1000FF1
:104E4000BBD1A8F102012A44B7E7841A6CEB030234
:104E500001201746E7E62C4402382BE7ACF1020CA0
:104E60002A440CE702392A44A5E62C440238BAE663
:104E7000A5EB0C0CA8F102006144B1FBFEF808FBA5
:104E800007FCCAE7A8F102083C4444E7023B3C4463
:104E90005EE7414691E7A1EB0C014046B1FBFEF80D
:104EA00008FB07FCB9E700BF704700BF084B9842FA
:104EB00009D003F1E25303F5852303F22E43984210
:104EC00003D101207047002070470220704700BFC7
:104ED000DEC0DE5170B596B00446502302AA002110
:104EE000006802F045FB002842D105461398FFF701
:104EF000DDFF022840D0159B33F07F433ED022686F
:104F0000926893423CD813F0030F3BD19DF8573081
:104F10003F2B39D913F0400F0BD150269DF9573054
:104F2000002B15DB159BC3F31703B34221D00925D2
:104F30001FE00023019304230DEB0302502120689E
:104F400002F016FB10B9019E5436E7E7032510E086
:104F50000023019304230DEB03023146206802F085
:104F600007FB18B90436019B1E44DBE7032500E06C
:104F70000325284616B070BD0725FAE70925F8E78E
:104F80000925F6E70925F4E70925F2E700B583B01E
:104F900004230DEB03024421006802F0E9FA20B972
:104FA0000198FFF783FF03B000BD0220FBE700007C
:104FB000F8B504460E4601F027FB054624B1012C46
:104FC00007D008242046F8BD88B1012811D10B4F25
:104FD00000E00B4F3846FFF77DFF04460028F1D173
:104FE0003846FFF7D3FF854205D13760EAE7054F22
:104FF000F0E70724E6E70D24E4E700BF14070020EC
:10500000100700201807002008B50A46042348218D
:10501000006802F0ADFA00B908BD0320FCE710B546
:10502000A8B0044650230DEB03020021006802F0F3
:105030009FFAE8B9279AC2F31702149B043A042195
:10504000206801F06FFCA0B90390279AC2F3170201
:1050500003AB009304AB443A4421206801F092FC76
:1050600038B9402315AA039904A801F007FD00E010
:10507000032028B010BD2DE9F04184B004460D4650
:105080001646042303AA4C21006802F071FA002896
:1050900040D10021029101919DF80F3013F0400F93
:1050A0000BD14FF050089DF90F30002B0FDB502132
:1050B000D5B1012D27D0012022E0042302AA5021DE
:1050C000206802F055FA38BB4FF05408EBE702991C
:1050D00001EB080704230DEB03023946206802F0B8
:1050E00047FAD8B9391DE3E79DF80F3013F0400FA8
:1050F00016D0029A33464146206802F097FA98B9D2
:1051000004B0BDE8F0819DF90F30002B0ADA019A56
:105110008846EFE70320F3E70320F1E70320EFE7FA
:105120000220EDE70220EBE70620E9E730B58BB07F
:10513000054609A9FFF73CFF002838D10998FFF779
:105140006EFF044600283DD1012001F06BFB0446B0
:1051500000283FD104AA00210998FFF78CFF0446DC
:1051600000283ED0022848D104AA01210998FFF75F
:1051700082FF0446002847D0022852D103A909988B
:10518000FFF742FF0446002852D1039801F0A4FB28
:105190000446002853D1002001F044FB044670B1BE
:1051A00003462A4A2A49002001F0B0FC07E00446E1
:1051B00000902B46254A2749002001F0A7FC2046F5
:1051C0000BB030BD00902B46204A2349002001F04F
:1051D0009DFCF4E703461D4A2049002001F096FC9F
:1051E000EDE7069A1E49022001F090FC04A800F0A9
:1051F000E7FA04460028B7D0E1E70346134A194905
:10520000002001F083FCDAE7069A1749022001F03A
:105210007DFC164904A800F013F904460028ADD01F
:10522000CDE70346094A1249002001F06FFCC6E7AA
:105230000346064A0F49002001F068FCBFE7034619
:10524000024A0D49002001F061FCB8E788D300084C
:10525000A4C700084CC6000870C6000894C6000821
:10526000BCC60008E0C6000804C70008BC07002050
:1052700028C700084CC7000870C7000808B501F02F
:1052800095FA18B9024800F01DF808BD0B20FCE79C
:10529000BC07002008B50A4800F07CF8022809D0B5
:1052A000032808D0012807D101F0E8F9022805D920
:1052B000032000E0012008BD0020FCE70220FAE7FF
:1052C000BC07002070B598B00446294E0C2315AADF
:1052D0002849891B02F04CF950BB482303AA1599B1
:1052E000891B204602F044F9034648BB139B224A1F
:1052F00093422CD1159A4432149B921B00212046D4
:1053000001F010FB054658BB0021029102AB00934F
:105310001A4B159A921B204601F034FB0546E0B962
:10532000402303AA0299154801F0A8FB054614E0A2
:105330000346134A1349002001F0E8FB03250CE063
:105340000F4A1149002001F0E1FB032505E00C4A5A
:105350000E49002001F0DAFB0E25284618B070BD7A
:105360000346074A0A49002001F0D0FBF5E700BFD9
:105370000020010888210108298A4494500800204F
:10538000D0D30008CCC70008ECC700080CC8000840
:1053900038C8000830B589B00446204D0C2305AA52
:1053A0001F49491B02F0E4F8E0B9102301AA06994D
:1053B000491B204602F0DCF80446E8B910221949DE
:1053C00001A806F009FD28B31022174901A806F02C
:1053D00003FD08B31022154901A806F0FDFC98B999
:1053E000032406E00346124A1249002001F08EFB16
:1053F0000324204609B030BD03460D4A0E49002063
:1054000001F084FB0324F4E7094A0C49002001F071
:105410007DFBEEE70224ECE70124EAE70020010827
:105420008821010808D40008F8D30008E8D3000850
:10543000B4D30008CCC700085CC8000880C80008C6
:105440002DE9F04383B007460E468A6800213046B6
:1054500002F0D0F8002844D18046002513E0224A0B
:105460002249002001F052FB4FF00308404603B0F0
:10547000BDE8F08323461E4A2946304602F099F8DB
:10548000034618BB2544BC68AC42EFD9641BB4F595
:10549000807F28BF4FF480742346154A294638463A
:1054A00002F066F803460028D9D1F268B4FBF2F3A3
:1054B00002FB1343002BDDD0A2EB03094A46FF2178
:1054C0000B48204406F0B1FC4C44D3E7BA68019283
:1054D0000095054A0749002001F018FB4FF0040829
:1054E000C4E74FF00508C1E7A4D30008A0C800082E
:1054F00050080020B4C8000810B51446044806F04F
:10550000DEFC044B1C60044B01221A7010BD00BF6E
:10551000E0090020DC090020D809002070B505460C
:105520000E46074C204605F0E3FA4FF0FF33B2B2C7
:105530002946204605F078FD204605F0FFFA70BDAB
:105540002C0D002008B50B4601220146034805F04A
:10555000D4FD08B1002008BD0120FCE72C0D00207F
:105560002DE9F0411D46DDF818802D4B1B68002BFE
:1055700052D0074616462B4B01221A7000225A7051
:10558000D87001B196B9284B1B78002B46D1002D5D
:1055900040D0013D321DD2B22249214B186802F0A1
:1055A0003BFD01F091FE00EB080408E03246181DB7
:1055B00006F085FCE7E71A4B186802F069FD01F078
:1055C00083FEA04203D2184909780029F3D0164B74
:1055D0001B78002BD7D0144B00221A70134B1B687A
:1055E000032BD0D9124BDA78BA4206D1104B587837
:1055F00010F0020006D1BDE8F0810E49002001F054
:1056000085FAC0E73B460A4A92780B49002001F030
:105610007DFAB8E71720EEE71620ECE71720EAE757
:10562000E00B0020E00A0020D8090020DC0900205F
:10563000E0090020E0C8000814C9000830B585B0B2
:10564000154B1B68DBB101248DF80C40134D002174
:10565000286801F09DFA642001F048FE2146286880
:1056600001F096FA642300930A23224603A902203C
:10567000FFF776FF044648B9204605B030BD08491B
:10568000084802F079FC044B1860DCE70246064942
:10569000002001F03BFAEFE7E00B00202407002098
:1056A000F95400081C07002040C9000800B585B067
:1056B00000238DF80C306423009301231A4603A9BC
:1056C0000220FFF74DFF48B9074B186820B102F0E0
:1056D0009FFC054B00221A6005B000BD024603493D
:1056E000002001F013FAEFE7E00B002074C9000876
:1056F00030B585B004460D4601228DF80C204FF4DC
:10570000FA630093134603A90320FFF729FF40BB68
:10571000254B1B680C2B2AD9244B1A79012A2BD133
:10572000224BD3F805302B6002238DF80C304FF458
:10573000FA63009301231A4603A90320FFF710FF21
:105740000546F0B9184B1B680C2B20D9174B1A795A
:10575000022A22D1154BD3F805302360284605B024
:1057600030BD02461249002001F0D0F9DCE71149B2
:10577000002001F0CBF9CFE70F49002001F0C6F976
:10578000D2E702460D49002001F0C0F9E6E70949D9
:10579000002001F0BBF91825E0E70749002001F0DF
:1057A000B5F91825DAE700BFDC090020E009002080
:1057B0009CC90008CCC90008F8C9000834CA000810
:1057C000F0B585B00646FFF739FF044610B1204614
:1057D00005B0F0BD00230393029303A902A8FFF7CD
:1057E00087FF044670B10346264A2749002001F08E
:1057F0008DF9264B00251D601A7842F001021A70BF
:105800005D601AE0039B029A2149022001F07EF9B3
:10581000EFE741F288330093012388221B490520DA
:10582000FFF79EFE044608BB3D44184B5A68013200
:105830005A601A7822F001021A70B368AB421DD97F
:105840005C1B2746802C28BF80273B46114A2946EF
:10585000304601F08DFE80B97F2CDAD8C7F1800286
:10586000FF210C48384406F0E0FAD2E702460A4924
:10587000002001F04BF9182400E00324FFF716FF85
:10588000A5E700BF18D4000860CA0008500900202E
:105890007CCA000858090020A0CA000808B5364A8A
:1058A000936A23F4E06323F0030343F4007343F0AB
:1058B00002039362516B314B0B4043F0807343F012
:1058C00023035363136843F0807313602A4B1B68F0
:1058D00013F0007F0CD0284A936A43F4802393622C
:1058E000274A136823F00F0343F00303136002E019
:1058F00000BFEBE700BF224B1B6803F00F03032B35
:10590000F8D11D4B1A6A22F007021A62D3F800225E
:1059100022F01002C3F80022D3F8002222F007027E
:1059200042F00502C3F800221A6A22F070021A62DD
:105930001A6A22F4E0621A625A6A22F070025A620B
:10594000DA6942F00302DA6100E000BF0A4BDB696A
:1059500003F00C030C2BF8D10A4B00221A601A64D6
:10596000094805F0D9FD094BD3F8883003B908BDC3
:10597000064805F041F9FAE7000C024600FEFF80F8
:10598000002002400060024000D8B805EC0B002067
:1059900008B52B4B4FF480321A601A64294AD36938
:1059A00023F00303D36100E000BF264BDB6913F053
:1059B0000C0FF9D1234B9A6A22F480229A621A685A
:1059C00022F080721A601F4B1B6813F0007F01D019
:1059D00000BFF8E71C4A136823F00F03136000E0D0
:1059E00000BF194B1B6813F00F0FF9D1154B1A6A42
:1059F00022F007021A62D3F8002222F01002C3F844
:105A00000022D3F8002222F00702C3F800221A6A0B
:105A100022F070021A621A6A22F4E0621A625A6A6A
:105A200022F070025A62094805F076FD084BD3F85F
:105A3000883003B908BD064805F0DEF8FAE700BF74
:105A400000600240000C0246002002400024F400E6
:105A5000EC0B002008B5164A1649022001F056F852
:105A6000154802F033FF154804F0EEF9144804F02D
:105A7000F9FD00BF05F048FE0028FAD005F03CFE15
:105A8000104AD2F8883023F00103C2F88830FFF7BB
:105A90007FFF0D4B0222DA601A6822F001021A60C1
:105AA000094B1B6813F0010F01D000BFF8E708BDD8
:105AB00000200108CCCA0008840E0020F40D00204C
:105AC0002C0D0020000C024600040340074A084B3E
:105AD0009A60084B1B6883F30888074B1A68074BCA
:105AE000104619460968D1F800E00847002001086F
:105AF00000ED00E000200108E40B00200420010874
:105B000000B58BB0444B1A6822F004021A601A6880
:105B100042F001021A60FFF7C1FE01F0EFFE05F04E
:105B2000D1FD3E4805F070FE3D4A3E49022000F09E
:105B3000EDFF3D4A3D49022000F0E8FF3C4A3D4967
:105B4000022000F0E3FF3C4A3C49022000F0DEFF67
:105B500002F052FD0990C0F307230093C0F30743FE
:105B6000020E3749022000F0D1FF05A805F0FAFE29
:105B7000079B0193089B0093059B069A31490220DD
:105B800000F0C4FF304BB3F8A0104FF6FF739942FA
:105B900003D021B94FF4806101E04FF480612B4BB9
:105BA0009A0AB1EB932F22D0B3F5801F00D31A0DC0
:105BB000B3F5801F17D3264BB1F5806F15D3890A33
:105BC0002348019000912349002000F09FFF00F03E
:105BD0006BFB214B03930023049303A8FCF790FB7A
:105BE00090B90BB000BD1D4BE6E71C48E9E7B1F5E5
:105BF000806F07D3890A164B0A461949022000F024
:105C000085FFE6E7154BF7E71649002000F07EFF19
:105C100000F04AFBE5E700BF0004034028D200087B
:105C2000FCCA000804CB000814CB00081CCB0008F9
:105C300030CB000864CB000878CB00087CCB000890
:105C400098CB0008B0CB00080007F90B000010004B
:105C5000F4CA0008DCCB000800414257F8CA00082B
:105C600034CC000850CC000808B5FFF7F3FE08BD9F
:105C700010B53C4BD3F8F4203B490A60D3F8F4103C
:105C800041F40001C3F8F41012F0806F1FD022F02D
:105C90008060B0F1006F26D0B2F1806F26D0B0F1F5
:105CA000805F3BD0B0F1007F3BD0B0F1905F3BD044
:105CB000B0F1005F3BD0B0F1804F3BD0B0F1C04FAE
:105CC0003BD0B0F1004F08D10024284A10E0284909
:105CD000012000F01BFF00240EE02549012000F008
:105CE00015FF002408E00024224A01E00024224A93
:105CF0002249022000F00AFF34B14FF000531A6825
:105D00001F4B9A421CD00024204600F0F9F91D498F
:105D1000002000F0FBFE00F0C7FA10BD01241A4A73
:105D2000E6E70024194AE3E70024184AE0E70024E4
:105D3000174ADDE70024164ADAE70024144AD7E7B9
:105D40004FF000535A68134B9A4201D00024DBE70E
:105D50001149022000F0DAFE4FF0005300221A60D1
:105D60005A60D1E7000C0246E40B0020A0CC0008EA
:105D7000C8CC00086CCC0008B8CC00080CCD0008DA
:105D80004CF9A36D4CCD0008ACCC00088CCC0008BD
:105D900080CC0008B3065C9224CD00080020704738
:105DA00038B5EFF3108572B6084B1C6854B1202249
:105DB0000021204606F039F8204605F057FF034B36
:105DC00000221A6085F3108838BD00BFE80B002060
:105DD00070B5EFF3108672B60D4B1B680BB1FFF771
:105DE000DFFF202005F03AFF0446094B186050B150
:105DF000084D0FCD20606160A260E3600FCD20618F
:105E00006161A261E36186F31088014B186870BD7F
:105E1000E80B002070CD0008F8B501F055FA0446F3
:105E2000334B186800F0C3FE28BB0121314B1868C2
:105E300000F0AEFE0A2001F059FA01F045FA001B0D
:105E400042F20F739842EBD900212A4B186800F0F8
:105E50009FFE0121284B186800F09AFE244B186819
:105E600000F0A5FE044601F02FFA064601F02CFAD8
:105E7000054601271CE000211E4B186800F088FE33
:105E800000242046F8BD1A4B186800F090FE60B35D
:105E900001F01AFA831BB3F5FA7F14D20A2001F03D
:105EA00025FA01F011FA431B41F28732934215D8CB
:105EB000002CE8D10E4B186800F079FE044601F082
:105EC00003FA0546E4E701F0FFF9064687F001070B
:105ED0003946094B186800F05BFEDFE7002400211B
:105EE000054B186800F054FECBE70124F7E700BF2C
:105EF000300700202C0700202807002008B500F0FC
:105F000083FB013000F0010048BF4042C0B200F006
:105F100041FB0020FFF70AF900B908BD0346034A18
:105F20000349002000F0F2FDF7E700BF58D4000855
:105F300094CD000810B584B00446FFF76DFF18B982
:105F40002CB9002004B010BDFFF7D8FFF8E70023FC
:105F5000039303A90120FFF72BF8044608B10020A2
:105F6000F0E700F023FC0128ECD002A90398FFF72A
:105F70004BF808B12046E5E701A800F07DFC28B900
:105F8000029A019B9A42DDD90120DBE70120D9E783
:105F9000BFF34F8F0549CA6802F4E062044B134314
:105FA000CB60BFF34F8F00BFFDE700BF00ED00E007
:105FB0000400FA0508B501F05DFB18B901F0CEFA4E
:105FC00058B908BD0A49002000F0A0FD00BF05F047
:105FD0009BFB0028FAD0FFF7DBFF0649002000F00A
:105FE00095FD00BF05F090FB0028FAD0FFF7D0FF29
:105FF000B8CD0008E4CD000808B50849022000F03B
:1060000085FD0120FFF792F800B908BD0346044A58
:106010000449002000F07AFDF7E700BF10CE000829
:106020009CD4000894CD000808B50849022000F06F
:106030006DFD0020FFF77AF800B908BD0346044A59
:106040000449002000F062FDF7E700BF2CCE0008F5
:1060500068D4000894CD000808B5FFF70FF908BB15
:10606000FFF718F9012829D0022805D11F4900F0AF
:106070004DFD00F04BFB21E01D49022000F046FDE4
:10608000FFF7D2FFFFF7FAF80346B8B1194A1A49E9
:10609000002000F03BFD00BF05F036FB0028FAD0E1
:1060A000FFF776FF0346134A1449012000F02EFD46
:1060B000FFF7BAFFFFF7E2F8034650B900BF05F05B
:1060C00023FB0028FAD0FFF7CFFDFFF7FFFCFFF717
:1060D0005FFF084A0849002000F018FD00BF05F0E6
:1060E00013FB0028FAD0FFF753FF00BF4CCE000887
:1060F0006CCE000884D4000890CE0008CCCE0008F6
:1061000010B50446FFF756FF02F05AF900F07CFA8A
:1061100002461049022000F0F9FC2046FFF70AFF72
:10612000044602460C49022000F0F0FC1CB1012C90
:1061300003D1FFF761FFFFF78FFF2346074A0849A6
:10614000002000F0E3FC00BF05F0DEFA0028FAD0E2
:10615000FFF71EFFF8CE00080CCF0008B8D40008E7
:106160001CCF000800B583B00B4BD3F8882042F059
:106170000102C3F88820D3F8883003F001030193AB
:10618000019B00220821212002F09EFA212002F02A
:10619000ABFA03B000BD00BF000C02462DE9F0438E
:1061A00089B003AD002403940494059406940794E5
:1061B0003A4BD3F88C2042F00102C3F88C20D3F87C
:1061C0008C2002F001020192019AD3F88C2042F057
:1061D0000202C3F88C20D3F88C3003F00203029340
:1061E000029B2F4E01222021304603F070F9DFF888
:1061F000B48001220221404603F069F922464FF49F
:106200008061304603F063F922464FF480414046F6
:1062100003F05DF920230393012704970594069466
:106220002946304603F01EF84FF00209CDF80C90D5
:106230000497059406942946404603F013F84FF45A
:10624000806303930497059406942946304603F02F
:1062500009F84FF480430393049705940694294664
:10626000404602F0FFFF80230393049405940694B4
:106270002946404602F0F6FF3A464946304603F0CA
:1062800026F9CDF80C901123049305940694294621
:10629000304602F0E7FF09B0BDE8F083000C02468B
:1062A000000002420004024208B500BF05F02CFACB
:1062B0000028FAD072B6FEE708B51448144B036004
:1062C0004FF480034360002383600722C2600361B0
:1062D00043614FF0806181614FF00051C161036201
:1062E00043628362C2624FF0804242638363C3634E
:1062F0008364C364036543658365C365036603F014
:1063000003FD00B908BDFFF7CFFF00BFF40D00206B
:106310000020004608B50948094B036000230371BB
:106320004371C3606023436180238361032303625D
:1063300002F08CFA00B908BDFFF7B6FF840E00200A
:106340000030024008B51248124B03604FF4E133AD
:10635000436000238360C36003610C224261836158
:10636000C36103624362836204F0B8FF50B94FF027
:106370008041074805F086F830B9054805F05EF819
:1063800020B908BDFFF790FFFFF78EFFFFF78CFFE6
:10639000EC0B00200038014008B51548154B036090
:1063A0004FF4E133436000238360C36003610C2238
:1063B00042618361C36103624362836204F0D0FF80
:1063C00070B900210A4805F05DF858B90021084865
:1063D00005F07DF840B9064805F030F830B908BD41
:1063E000FFF762FFFFF760FFFFF75EFFFFF75CFF5D
:1063F0002C0D00200044004008B5354A136823F0F6
:106400000F031360324B1B6813F00F0FFAD1314AA0
:10641000D36843F48033D36002F58062136843F499
:10642000807313602C4B1B6813F4806F0BD02A4AC7
:10643000136923F4F81343F480131361D36923F031
:106440000303D36102E000BFECE700BF224BDB692E
:1064500013F00C0FF9D1204B1A6A22F007021A62CE
:10646000D3F8002222F01002C3F800221A6A22F0A8
:1064700070021A621A6A22F4E0621A625A6A22F000
:1064800070025A62154805F047F8124A936A43F0C1
:10649000010393620F4B9B6A13F0010F01D100BF00
:1064A000F8E70D4AD2F8F03043F00103C2F8F030BB
:1064B000094BD3F8F03013F0020F01D100BFF7E71A
:1064C0000E2000F0FFFE00B908BDFFF7EDFE00BF93
:1064D0000020024000080246000C02460024F4009E
:1064E00000B589B0002301930293039304930593AD
:1064F000069307931048114A026083600361436169
:1065000083614FF08042C26103624FF48073436243
:1065100003F0CCFA58B90023019304930593069332
:1065200001A9054803F046FB18B909B000BDFFF703
:10653000BBFEFFF7B9FE00BFA80E002000780046A2
:1065400000B583B002F030F8114BD3F8942042F03C
:106550000402C3F89420D3F8943003F004030193A9
:10656000019BFFF749FFFFF719FEFFF7A5FEFFF7B5
:10657000F9FDFFF7B5FFFFF7CDFEFFF7E3FEFFF7ED
:106580000BFF01F0BBF9FFF7BBFAFFF771FBFEE76A
:10659000000C024610B584B0044601281AD81448ED
:1065A0008268002101F026F80346D8B9114B93E820
:1065B00007008DE80700039410236A4600210C4869
:1065C00000F0F7FF034658B10B4A0C49002000F0D9
:1065D0009DFA05E00346084A0949002000F096FAB2
:1065E00004B010BD044A0749002000F08FFADDE72F
:1065F000A80700205CD60008C0D500087CCF0008A2
:106600003CCF000858CF000800B585B010236A467B
:106610000021144800F0ACFF88B90C2212496846EA
:1066200005F0DAFBB8B9039BD8B213F0FE0F10D017
:1066300003460E4A0E49002000F068FA05E00346C2
:106640000A4A0C49002000F061FA0020FFF7A2FF7F
:10665000002005B000BD054A0749002000F056FAA9
:10666000F3E700BFA80700205CD60008E8D50008C3
:106670003CCF0008A0CF0008C4CF000870B588B098
:1066800020236A4600211A4800F072FF10B9002446
:10669000264611E00346174A1749002000F036FA53
:1066A0000326304608B070BD10221449284605F074
:1066B00093FBA8B901360134012CF2D80DEB041577
:1066C00010220F49284605F087FB0028E9D0102248
:1066D0000C49284605F080FB0028E5D10236EAE7A0
:1066E0002346044A0849002000F010FA0326D8E7A0
:1066F00094070020A0D50008A0CF000830D60008DD
:1067000020D6000810D60008ECCF000870B588B07D
:1067100020236A4600211F4800F02AFFA8BB064636
:106720000025012D29D80DEB051410221A49204609
:1067300005F052FB68B110221849204605F04CFBC9
:1067400088B110221649204605F046FBF8B90135FC
:10675000E7E71023114A29010E4800F02AFF0646F8
:1067600080B104260EE010230D4A2901094800F0EB
:1067700020FF064630B1042604E00A4A0A490120F7
:1067800000F0C4F9304608B070BD0326FAE70F26C2
:10679000F8E700BF9407002020D6000830D6000894
:1067A00010D6000878D500080CD0000810B584B0C9
:1067B00010236A463021144800F0DAFE0446B8B9C6
:1067C00010221249684605F007FBC8B11022104993
:1067D000684605F001FBA0B110220E49684605F09D
:1067E000FBFA70B10C4A0D49002000F08FF908E067
:1067F0000346094A0A49002000F088F9002400E015
:106800000124204604B010BD9407002040D60008A3
:1068100010D6000820D6000850D500082CD000085B
:10682000A0CF000808B588B10346012807D10D485C
:106830008268002100F0DEFE80B90B4A07E00B4AB7
:106840000B49002000F062F9012006E0094A1023FC
:106850003021044800F0ADFE10B908BD0520FCE76A
:106860000420FAE79407002040D6000828D5000845
:1068700048D0000810D6000830B585B00446102373
:106880006A4620210F4800F073FE054650B90C22DD
:106890000D49684605F0A0FA60B9039B23602846BD
:1068A00005B030BD0346094A0949002000F02EF921
:1068B0000325F4E7054A0749012000F027F90F25D1
:1068C000EDE700BF9407002050D60008F8D4000878
:1068D000A0CF000860D0000800B587B001900D4B34
:1068E0000DF1080C93E807008CE80700019B059365
:1068F000102362462021084800F05BFE08B907B06B
:1069000000BD0346054A0649002000F0FFF80420B8
:10691000F5E700BF50D6000894070020C8D400084F
:106920007CCF00082DE9F0478246884617469946F5
:1069300000F082F900254FF0FF3606E022461049AC
:10694000304600F081F906462544BD4211D27C1B39
:10695000B4F5806F28BF4FF480642346084A05EBE6
:106960000801504600F004FE0028E7D00320BDE8EF
:10697000F087F6434E4501D10020F8E70A20F6E7FC
:10698000F00E00202DE9F043BBB007460E46154639
:1069900099466846FDF730F8F8B18046FBF722FCCF
:1069A000B0F5003F1ED15DB32C46B5F5806F28BF12
:1069B0004FF4806423462A4A3146384600F0D8FD19
:1069C00000283CD1224626494046FBF72DFCB0F575
:1069D000003F0ED126442D1BE5E7224900F096F832
:1069E000102433E002462049002000F08FF81024E4
:1069F0002CE002461D49002000F088F811241FE019
:106A000040214046FBF7FEFB0246B0F5003F05D0B3
:106A10001749002000F07AF8132411E0429A494601
:106A20004046FBF713FCB0F5003F01D1002407E01E
:106A300002461049002000F069F8122400E0032407
:106A40004046FBF7BFFBB0F5003F03D120463BB00B
:106A5000BDE8F08302460849002000F057F8F5E74A
:106A6000F00E002098D00008BCD00008D0D000085C
:106A7000E8D0000804D1000820D100082DE9F04337
:106A800089B00446884616461D46FFF7A1F938B37B
:106A90008146184F4FF48063174A184909683846F1
:106AA000F9F77EFB07AB049303950296CDF80480BB
:106AB000009420234A46124909683846FBF70CFA2D
:106AC00004463846F9F782FBFFF76AF90D4B9C4202
:106AD0000BD1079A9A420AD1002009B0BDE8F08391
:106AE000094900F013F81420F7E71520F5E7152001
:106AF000F3E700BFD80E0020F00E002058C30008B6
:106B00000CC3000826C7060034D100080EB410B527
:106B1000A1B004460DF17A0000F016FFBDF87A30FE
:106B20004FF47A7202FB0031032C14D8DFE804F032
:106B300002181C20104804F067FE24AB1F93239A10
:106B40007821684604F0C2FF69460C4804F05CFEF8
:106B50000B4804F059FE21B0BDE8104003B0704767
:106B6000084804F051FEE8E7074804F04DFEE4E76A
:106B7000064804F049FEE0E754D100082CCB000899
:106B800028D2000870D100088CD10008A4D10008D8
:106B900008B5012914BF00220122836813B14A1EDF
:106BA00018BF01228188006802F091FC08BD10B571
:106BB00004468188006802F083FCA36813B10138A1
:106BC00018BF0120012814BF0020012010BD10B5FE
:106BD00004464FF0FF3392B203F04EF9204603F023
:106BE00057FC10BD2DE9F04182B006460C46904698
:106BF000970900250AE04FF0FF3300934023224617
:106C00000C49304603F0A4FA40340135BD42F2D3BA
:106C100018F03F0F02D102B0BDE8F0814FF0FF3312
:106C2000009308F03F0322460249304603F090FAF1
:106C3000F1E700BF68D6000808B5024801F006FE7B
:106C400008BD00BF840E002008B59208014801F07D
:106C500057FE08BD840E002010B582B006238DF8C3
:106C60000730094C00212068FFF792FF01220DF147
:106C70000701064B1868FFF7AAFF01212068FFF7FC
:106C800087FF02B010BD00BFF4120020F8120020F0
:106C900030B583B0054605238DF8073000F014FBAE
:106CA00004460021134B1868FFF772FF01220DF113
:106CB0000701114B1868FFF78AFF01220DF1070148
:106CC0000D4B1868FFF78EFF9DF8073013F0010F8A
:106CD00004D000F0F9FA001BA842EED30121054BC5
:106CE0001868FFF755FF9DF8070000F0010003B09A
:106CF00030BD00BFF4120020F8120020F0B585B0BE
:106D000003460846304C2360304D2960902303939E
:106D10000021FFF73DFF03AE042231462068FFF754
:106D200056FF022231462068FFF75CFF01212868E8
:106D3000FFF72EFF9DF80D30254F7B709F238DF8B8
:106D40000C3000212868FFF723FF0122314620681C
:106D5000FFF73DFF032231462068FFF743FF012183
:106D60002868FFF715FF9DF80C203A709DF80D304C
:106D70009DF80E1041EA03217980002300E00133E1
:106D8000012B14D8134810F823008242F7D1114880
:106D900000EB830040888142F1D10E4800EB830074
:106DA00044780B4840788442E9D1012300E0002375
:106DB00013B1002005B0F0BD0091054B5B7806498A
:106DC0000120FFF7A3FEF4E7F8120020F4120020E0
:106DD000F0120020A8D60008C0D10008F0B583B09A
:106DE00004460F4616464FF47A70FFF751FF20BB5A
:106DF00003238DF80430C4F307438DF80530C4F342
:106E000007238DF806308DF807400D4C00212068CF
:106E1000FFF7BEFE0B4D04220DEB02012868FFF7C1
:106E2000D6FE324639462868FFF7DCFE012120688D
:106E3000FFF7AEFE002003B0F0BD4FF0FF30FAE7E1
:106E4000F4120020F8120020F0B583B004460F467B
:106E500016464FF47A70FFF71BFF30BBFFF7FCFEBE
:106E600002238DF80430C4F307438DF80530C4F3D2
:106E700007238DF806308DF807400D4C002120685F
:106E8000FFF786FE0B4D04220DEB02012868FFF789
:106E90009EFE324639462868FFF799FE0121206898
:106EA000FFF776FE002003B0F0BD4FF0FF30FAE7A9
:106EB000F4120020F812002010B582B004464FF4FE
:106EC0007A70FFF7E5FE28BBFFF7C6FE20238DF89A
:106ED0000430C4F307438DF80530C4F307238DF85D
:106EE00006308DF807400E4C00212068FFF750FE59
:106EF00004220DEB02010B4B1868FFF768FE01211D
:106F00002068FFF745FE41F28830FFF7C1FE20B947
:106F100002B010BD4FF0FF30FAE74FF0FF30F7E757
:106F2000F4120020F812002070470000F0B59BB06A
:106F30000446002115911691179118911991482234
:106F400003A804F072FF2268274B9A4201D01BB0BD
:106F5000F0BD4FF48063039303A802F075FB002893
:106F60003ED1224BD3F8A82042F02002C3F8A8203B
:106F7000D3F8A82002F020020092009AD3F88C20C7
:106F800042F00102C3F88C20D3F88C2002F00102F9
:106F90000192019AD3F88C2042F00202C3F88C20AF
:106FA000D3F88C3003F002030293029B0123159364
:106FB000022716970024179418940626199615ADE3
:106FC00029460B4802F04EF94FF44073159316977B
:106FD0001794189419962946064802F043F9B6E723
:106FE000FFF762F9BDE700BF00200046000C024633
:106FF000000002420004024208B502680A4B9A42AD
:1070000000D008BD094AD2F8A83023F02003C2F806
:10701000A8300121064802F0E5F94FF44071054817
:1070200002F0E0F9EDE700BF00200046000C024648
:10703000000002420004024202680A4B9A4200D059
:10704000704782B0084BD3F8882042F48052C3F8CE
:107050008820D3F8883003F480530193019B02B059
:10706000704700BF00300240000C02460268064B29
:107070009A4200D07047054AD2F8883023F48053F2
:10708000C2F88830F6E700BF00300240000C02462C
:1070900002680E4B9A4200D0704782B003F5CA33A3
:1070A000D3F8F02022F4407242F48072C3F8F0204A
:1070B000D3F8A82042F40012C3F8A820D3F8A830CF
:1070C00003F400130193019B02B07047007800465F
:1070D0002DE9F0419CB004460021179118911991B7
:1070E0001A911B91482205A804F09FFE2368524A7A
:1070F000934205D0514A93426CD01CB0BDE8F08158
:107100004F4BD3F8E02022F00302C3F8E020D3F87D
:10711000A42042F48042C3F8A420D3F8A42002F4AF
:1071200080420492049AD3F88C2042F00302C3F800
:107130008C20D3F88C3003F003030393039B4FF4AC
:10714000805317934FF00208CDF860800125199500
:107150001A9507271B9717AE31463A4802F082F876
:107160004FF480731793CDF8608019951A951B978B
:107170003146354802F076F83448354B03600C232D
:107180004360002383604FF48062C2600822026182
:1071900043618361C361036245628562C3620363C5
:1071A000436301F09BFC78B92848E067C46510216F
:1071B00001F0A0FE58B900220E212E2001F084FA21
:1071C0002E2001F091FA98E7FFF76EF8ECE7FFF751
:1071D0006BF8F0E7022305930823079305A802F054
:1071E00033FA30BB164BD3F89C2042F40032C3F87C
:1071F0009C20D3F89C2002F400320192019AD3F82B
:107200008C2042F00202C3F88C20D3F88C3003F0BB
:1072100002030293029B01231793122218921993DF
:1072200000231A9303231B9317A9064802F01AF8A8
:1072300063E7FFF739F8D5E7003801400044004024
:10724000000C02460004024200000242B40C00207E
:107250005002024010B50368154A934203D0154A04
:10726000934219D010BD0446134AD2F8A43023F437
:107270008043C2F8A4304FF48051104802F0B2F8B5
:107280004FF480710E4802F0ADF8E06F01F05DFC44
:107290002E2001F02DFAE5E7074AD2F89C3023F4BE
:1072A0000033C2F89C300121044802F09BF8D9E772
:1072B0000038014000440040000C02460004024235
:1072C000000002420020704700B583B001A800F022
:1072D00061FB019B044AA2FB03239B094FF47A72D2
:1072E00002FB003003B000BDD34D621008B500F0C2
:1072F00041FB08BD08B51D4B1B6B002B00DBFEE7F7
:107300001A4B1B6B13F4800F19D14FF00063174A0F
:10731000126BC2F313021A44154B934202D8154B59
:1073200093420ED8144B934202D8144B934212D876
:1073300013490020FFF7EAFBFEF7B6FFDFE7114B2A
:10734000E5E7114B1A60BFF34F8F084A136B43F008
:107350000043136308E00D4B1A60BFF34F8F034ADD
:10736000136B43F00043136308BD00BF00200240CD
:107370000020010800A00E0800E00008002001081D
:10738000E8D100080080F80B00130020FC12002058
:10739000FEE7FEE7FEE7FEE770477047704708B577
:1073A00001F01EF908BD000008B5024801F0CAFC52
:1073B00008BD00BFB40C002008B5024803F0F4F982
:1073C00008BD00BFEC0B00200C4B5B6813F0010FF5
:1073D00004D10A4A136843F002031360074B5B6849
:1073E00013F0010F06D0054B5B6813F0020F01D1BB
:1073F00000BFF8E7014B0222DA6070470004034047
:1074000010B584B000F17840400B01F5FF511F31F9
:10741000490B02230193174BB3F8A0304FF6FF72CC
:10742000934203D0F3B1DB08013B00E07F2303402C
:1074300002930391104B1A6B42F040421A6342F2DE
:10744000FA021A6201F018FE694601A801F0BAFEBC
:10745000044601F029FE3CB9009BB3F1FF3F04D084
:10746000012402E07F23E2E70124FFF7ADFF20467D
:1074700004B010BD0007F90B002002402DE9F041D7
:1074800051B306461746884611F0030F26D13AB38A
:1074900012F00F0526D1154B1A6B42F040421A63C9
:1074A00042F2FA021A6201F0E7FD002408E008EB5C
:1074B00005023146012001F037FE04461036103532
:1074C000BD4201D2002CF2D001F0EEFDFFF77CFFAF
:1074D00054B92046BDE8F0810424FAE70424F8E713
:1074E0000424F6E70424F4E70324F2E70020024032
:1074F00010B503460846074C00212160BFF34F8FAB
:10750000194604F0DCFC23680BB9002010BD0220F2
:10751000FCE700BF0013002070B5064601F6FF75BA
:107520002D0B002400E00134AC4207D206EB0430FE
:10753000FFF7C2FC0028F6D0012000E0002070BD5B
:1075400008B5FFF781FC00B908BD0320FCE708B5CA
:10755000FFF744FC00B908BD0220FCE708B502496A
:107560000248FFF7CBFB08BD88070020F40D002080
:1075700098B138B58C4611461A460346006870B17A
:10758000046874B179B11CEB02000ED29D68A84268
:107590000DD858686044A04738BD062070470620C3
:1075A000FAE70620F8E70420F6E70520F4E70520CF
:1075B000F2E798B138B58C4611461A460346006882
:1075C00070B1446874B179B11CEB02000ED29D68B1
:1075D000A8420DD858686044A04738BD06207047BF
:1075E0000620FAE70620F8E70420F6E70520F4E78E
:1075F0000520F2E780B138B50B4611460246006817
:1076000060B1846864B158180CD29568A8420BD850
:1076100050681844A04738BD062070470620FAE796
:107620000620F8E70520F6E70520F4E7D0B1844608
:10763000D3B188181AD210B4DCF80840A04217D889
:10764000DCF800001860DCF80400084458609A6018
:10765000DCF80C20DA60DCF810201A6100205DF8FC
:10766000044B704704207047042070470520704782
:107670000520F4E709490A4A51600A4B5B1A9360F6
:1076800009490A4A51600A4B5B1A936009490A4A40
:1076900051600A4B5B1A936000207047002001087C
:1076A000BC07002000A00E0800000108A807002069
:1076B0000020010800E000089407002000000108F5
:1076C00008B503460B4A126842B10A4A10680344DF
:1076D000094A934206D8074A136008BD054A07497C
:1076E0001160F2E704F0BAFB0C2303604FF0FF30A7
:1076F000F3E700BF0413002000000220A81B0020B5
:10770000FEE76FF00100704708B5024B1B680020D0
:10771000984708BD081300200368154A934216D005
:107720008032934215D08032934214D080329342FB
:1077300013D08032934212D08032934211D08032E3
:10774000934210D0803293420FD0662070471D20A4
:1077500070471E2070471F2070472020704721204F
:10776000704722207047232070472420704700BFB5
:107770005000024008B5054B1860054B054AC3F898
:107780009820054804F040F8002008BD08130020A8
:10779000EC0B00200977000824D2000808B5064841
:1077A00002F060FF08B9002008BD034B0022C3F8B7
:1077B00098206FF00300F7E7EC0B002038B5044683
:1077C0000D460B4BD86FFFF7A7FFA0F11D03DBB2EF
:1077D000072B06D82A462146054802F071FF18B942
:1077E00038BD6FF00100FBE76FF00100F8E700BF64
:1077F000EC0B002080687047014608B54FF47A72A0
:107800000023C003490CFDF791F908BD4FF47A73CA
:10781000A0FB0303C00B40EA4340704742014B0109
:10782000121A43EAD06363EB01034FEA422C5B0276
:107830001CEB000C43EAD25341EB030300B54FEAC3
:107840008C124FEA831EB2EB0C024EEA9C6E6EEB7A
:10785000030E101841EB0E01C00B40EA4140C90B6A
:1078600000BD00BF02460221014802F095B900BFE9
:10787000A80E002010B5EFF3108472B64FF480719B
:10788000064802F071F8BFF34F8FBFF36F8F0122EC
:10789000034BDA6584F31088002010BDA80E002089
:1078A000007800460A4B186800B9704710B50948BF
:1078B000FFF7A0FF044603E00648FFF79BFF0446DE
:1078C0000448FFF797FFA042F6D1E04310BD00BF88
:1078D000101300200078004610B5EFF3108472B644
:1078E000FFF7E0FF044A1060BFF34F8FBFF36F8FC5
:1078F00084F3108810BD00BF0C13002008B50A4B9C
:107900001B680BB1002008BDFEF7EAFDFFF7B2FFD0
:10791000064802F027F90020FFF7A4FFFFF7DCFF7D
:10792000014B01221A60EDE710130020A80E002081
:10793000034B186800B970470221024802F033B9BE
:1079400010130020A80E002070B50546EFF3108636
:1079500072B6FFF7A7FF0446FFF7EAFF014686F37A
:107960001088C4F30E00FFF751FFE20B288042EAB3
:10797000414070BD38B5FFF73FFF0546FFF792FF66
:10798000044600E000BFFFF78DFF001BA842F9D3BB
:1079900038BD00BFF8B50646EFF3108772B6FFF7A3
:1079A00081FF0446FFF7C4FF054687F310880021D6
:1079B0000C19C4F30E00FFF731FFE40B306044EA0A
:1079C0004540F8BDD458C4500433C4188C42F9D390
:1079D0007047036004308842FBD3704714484FF06F
:1079E0000401026842EA01020260016811484FF096
:1079F000040102680A4206D00F480168002902D13A
:107A0000FEF764F812E00D48854600F041FD0C4891
:107A10000C490D4A0023FFF7D8FF0C480C490023FE
:107A2000FFF7D9FF04F020FAFEF78AFDFEE7000019
:107A3000940C024608080246F40C02461007002087
:107A400010070020300800201CD700083008002054
:107A5000A81B002001460023184600E00133072B35
:107A60000CDC41FA03F212F0010FF7D0C3F1070C5E
:107A7000012202FA0CF21043C0B2EFE77047014650
:107A80000023184600E001330F2B0CDC41FA03F20F
:107A900012F0010FF7D0C3F10F0C012202FA0CF221
:107AA00092B21043EFE7704701460023184600E00A
:107AB00001331F2B08DC01229A400A42F8D04FF014
:107AC0000042DA401043F3E770472DE9F84380465F
:107AD0000F4616461D469DF824900C2004F0BEF873
:107AE000044660B180F804804771C67105729DF844
:107AF00020308371B9F1000F04D1002303602046C8
:107B0000BDE8F8834FF4807004F0A8F805462060C3
:107B100008B1002014E0204604F0A8F82C46EEE757
:107B20005B00DBB221794B400132072A05D813F004
:107B3000800FF5D15B00DBB2F6E722681354013009
:107B4000FF28DCD8C3B20022EFE72DE9F8438046D6
:107B50000F4616461D469DF824900C2004F07EF832
:107B6000044660B1A0F80480C7808672C572BDF873
:107B700020300381B9F1000F04D1002303602046B7
:107B8000BDE8F8834FF4007004F068F80546206003
:107B900008B1002015E0204604F068F82C46EEE716
:107BA0005B009BB2A1884B400132072A05D813F431
:107BB000004FF5D15B009BB2F6E7226822F8103047
:107BC0000130FF28DBD883B21B029BB20022ECE716
:107BD0002DE9F84380460F4616461D469DF8249031
:107BE000142004F03BF8044658B1C0F804808760C4
:107BF00006744574089BC360B9F1000F04D10023DB
:107C000003602046BDE8F8834FF4806004F026F856
:107C10000546206008B1002012E0204604F026F856
:107C20002C46EEE7616881EA42020133072B03D854
:107C3000002AF7DB5200F8E7236843F820200130E0
:107C4000FF28DED802060023F0E72DE9F8430646B8
:107C5000884617464479D0F80090B9F1000F01D05A
:107C6000002508E0002522E018F805306340DBB26B
:107C700019F803400135BD4226D2F379002BF3D029
:107C800018F80500FFF7E6FE0346EFE718F80500D1
:107C900016E06400E4B2327954400133072B05DC6E
:107CA00014F0800FF5D16400E4B2F6E70135BD426F
:107CB0000AD2F379002BE9D018F80500FFF7CAFEC5
:107CC0006040C4B20023E9E7337A1BB12046FFF7D6
:107CD000C1FE0446B0796040C0B2BDE8F8832DE92A
:107CE000F843064688461746C488D0F80090B9F194
:107CF000000F01D000250CE0002526E018F8053023
:107D000083EA1423DBB239F813302402A4B25C40B6
:107D10000135BD4227D2B37A002BEFD018F8050009
:107D2000FFF798FE0346EBE718F8050016E0B28867
:107D30006400A4B254400133072B05DC14F4004F57
:107D4000F5D16400A4B2F6E70135BD420BD2B37A97
:107D5000002BE9D018F80500FFF77CFE84EA00202C
:107D600084B20023E8E7F37A1BB12046FFF787FED1
:107D700004463089604080B2BDE8F8832DE9F843BD
:107D80000646884617468468D0F80090B9F1000F7F
:107D900001D000250BE0002522E018F8053083EA29
:107DA0001463DBB259F8233083EA04240135BD4261
:107DB00023D2337C002BF0D018F80500FFF74AFEE1
:107DC0000346ECE718F8050013E0726882EA440401
:107DD0000133072B03DC002CF7DB6400F8E70135E7
:107DE000BD420AD2337C002BECD018F80500FFF717
:107DF00031FE84EA00640023EBE72046BDE8F88307
:107E00002DE9F84306460C4690461F46D0F80090F0
:107E1000B9F1000F01D000250BE0002522E018F891
:107E2000051081EA1461C9B259F8213083EA0424AB
:107E30000135BD4223D2337C002BF0D018F8050069
:107E4000FFF708FE0146ECE718F8050013E0736839
:107E500083EA44040131072903DC002CF7DB6400CA
:107E6000F8E70135BD420AD2337C002BECD018F87C
:107E70000500FFF7EFFD84EA00640021EBE72046F0
:107E8000BDE8F88310B504460846637C0BB1FFF7E4
:107E90000BFEE368584010BD002303710423836088
:107EA00000F11403C360704738B5C3685A1CC26040
:107EB000197085686B1E8360002B38D104460379E6
:107EC000032B50D8DFE803F002192F344269274B07
:107ED0009A4207D1012303710423836000F1180340
:107EE000C36024E0032200F11501143003F084FF85
:107EF000A560E368013BE36019E0032200F118018B
:107F00001B4B1868FFF7A1FEE37E834202D1237E5C
:107F1000012B03D92046FFF7BFFF08E0022323719E
:107F2000637EA36003E0032303710223836038BDF3
:107F3000427E00F11C010F4B1868FFF7D0FE627EF5
:107F4000A3181B7F511C2144097F43EA0123984257
:107F500003D02046FFF7A0FFE9E7236904F11C01E5
:107F600020469847F5E7FFF797FFE0E755AAAA559F
:107F7000181300201413002070B582B006460028A4
:107F80003ED00D4600293DD01F4B1B680BB31F4B45
:107F90001B6853B31C4B1C68C4B11C4B1C68ACB1B0
:107FA0004FF40B7003F05AFE044678B106600023CC
:107FB00003710423836000F11403C3600561FFF7BC
:107FC00083F9C4F828022046FFF766FF204602B076
:107FD00070BD0021019100910B460A4641F221003B
:107FE000FFF7B3FD084B1860D1E700210191009124
:107FF0000B460A460720FFF768FD044B1860C9E7E7
:108000000446E3E70024E1E71413002018130020DE
:1080100008B503F02BFE08BD70B504460E461546A4
:1080200000F5937003F04BFF2A463146164B186853
:10803000FFF755FE06464AF65523A4F81E3145F2D1
:10804000AA53A4F82031012384F8223184F8235163
:10805000002384F82431032204F591710B4B186836
:10806000FFF7F3FD84F825016B1C621982F8266185
:108070002344360A83F8266123685B6805F10A0108
:1080800004F58F70984770BD14130020181300205A
:1080900010B582B0044603681B6800210DF107008B
:1080A000984748B9FFF710F9D4F82832C01AB0F54C
:1080B0007A7F0BD802B010BDFFF706F9C4F828028A
:1080C0009DF807102046FFF7EFFEEBE72046FFF78D
:1080D000E3FEEFE7014B1860704700BF1C13002060
:1080E00008B51378012B0DD1084B1B6863B10278DA
:1080F000012A03D000209847002004E0012098477F
:10810000002000E00B2008BD0020FCE71C1300202D
:1081100008B54378022B05D0032B05D0012B0AD1DB
:10812000074802E0074800E0074882680021FFF79F
:1081300061FA10B908BD0720FCE70C20FAE700BF80
:108140006807002054070020400700201278062A04
:1081500019D908B501468379073A934215D1427877
:10816000022A05D0032A05D0012A10D1094802E0CD
:10817000094800E00948CA1DD1F80210FFF719FAB2
:1081800020B10C2002E007207047072008BD07201F
:10819000FCE700BF680700205407002040070020CC
:1081A00013780D2B54D92DE9F0438BB081464378D9
:1081B000022B2AD0032B2BD0012B4BD1DFF8A88028
:1081C000274B1B683BB300221146254B1868FFF76D
:1081D000D5FD0546D9F80660D9F802705EB334467D
:1081E000202E28BF2024234602AA39464046FFF706
:1081F000BFF988BB234602AA294619480068FFF741
:10820000FFFD05462744361BE8E7DFF86080D7E727
:10821000DFF85C80D4E7002101914FF0FF33009339
:108220000B460A460F48FFF7D3FC0D4B1860002899
:10823000C9D1022011E02946094B1868FFF722FE38
:10824000D9F80A30834201D0052006E0002004E07E
:1082500007207047072000E00C200BB0BDE8F0833A
:1082600020130020B71DC104680700205407002018
:10827000400700201378012B13D910B5144603785A
:10828000022B08D0032B09D0012B0CD1FFF740FFA4
:108290000023237010BDFFF759FFF9E7FFF780FFB8
:1082A000F6E7072070470820F4E70000BFF34F8F80
:1082B0000549CA6802F4E062044B1343CB60BFF384
:1082C0004F8F00BFFDE700BF00ED00E00400FA059E
:1082D000014B1870704700BF2814002010B582B001
:1082E0008DF80720D2B2032A34D904460B46043A4B
:1082F0008DF80720214A0868106001215170DA7852
:10830000022A0FD01E49097821B3052A24D0062A53
:1083100029D0012A2ED000238DF80730174B0822D0
:108320009A7008E00DF107021649181DFFF7D8FEF4
:10833000124B987020B1114A537843F002035370E6
:108340009DF807200432D2B28DF807200B49204651
:10835000FFF762FE02B010BD0DF107020949181DBA
:10836000FFF788FFE4E7084B01221A70034B002255
:108370009A70E5E7014B00229A70E1E7281300208C
:10838000281400202C1300202413002008B54FF0DF
:10839000FF338AB20146024802F046FE08BD00BF24
:1083A000EC0B002008B50B4601220146034802F001
:1083B000A4FE08B1002008BD0120FCE7EC0B002062
:1083C00038B5274B1868FEF7F2FB01282CD0254959
:1083D0000220FEF79BFB2448FFF77CFE234924483C
:1083E000FFF7CAFD044618B1FEF76EFF054607E029
:1083F000204A2149FEF78AFB16E02046FFF748FE97
:108400001E4B1B782BB9FEF75FFF401BB0F57A7F40
:10841000F3D31A4B1B78012B07D019490220FEF722
:1084200075FB2046FFF7F4FD38BD16490220FEF724
:108430006DFB124B1B78012BF3D12046FFF728FE72
:10844000114B1B78002BF4D010490220FEF75EFB85
:1084500000BF03F059F90028FAD0FFF727FF00BF4B
:10846000300700202CD20008D1820008DD820008ED
:10847000D0070020C0D600085CD2000828140020D5
:10848000DCD2000880D2000824130020B4D20008F7
:10849000044BD3F8882042F47002C3F88820024AC3
:1084A0009A60704700ED00E000000008364BDB6981
:1084B00003F00C03082B05D00C2B0CD0334B344AA3
:1084C0001A604CE0304B1A68C2F30052314BD34073
:1084D0002E4A136043E02C4B996A5B6BC1F3022276
:1084E000013207EE102AC3F30802013207EE902A88
:1084F000C3F30663013311F0100F3BD0224A926B95
:10850000C2F3CC0206EE902AF8EE666A01F003018F
:10851000022932D0032933D11B4A1168C1F300511B
:108520001C4ACA4006EE102AB8EE466AB8EE477AF0
:10853000C6EE075AF8EE677A9FED177A26EE877A2D
:1085400077EE877A65EEA76A07EE903AF8EE677ADB
:1085500086EEA77ABCEEC77A0C4B83ED007A0A4B05
:108560001B6A03F007030D4AD15C084A1368CB402D
:1085700013607047DFED0A6AC8E79FED056AD3E72D
:108580009FED086AD0E700BF000C0246D807002024
:108590000024F4000048E80100000039DCD600089F
:1085A000000000000000000010B50C4A136843F4FE
:1085B00080731360032000F075F8FFF777FF042045
:1085C00000F09AF80E20FEF77DFE10B1012420463F
:1085D00010BD0446FEF7A8FCF9E700BF00200240EA
:1085E000034B1B78034A11680B441360704700BFAC
:1085F000DC0700202C140020004870470000070111
:10860000002807DB00F01F02400901239340024AC3
:1086100042F82030704700BF00E100E000280CDB8A
:1086200000F01F024009012393402030034A42F822
:108630002030BFF34F8FBFF36F8F704700E100E032
:10864000002808DB0901C9B200F1604000F5614073
:1086500080F80013704700F00F000901C9B2014B08
:108660001954704714ED00E000B500F00700C0F1A8
:10867000070CBCF1040F28BF4FF0040C031D062BA0
:108680000ED9C31E4FF0FF3E0EFA0CF021EA000196
:1086900099400EFA03FE22EA0E0241EA020000BDF2
:1086A0000023EFE7074AD36823F4E0631B041B0CA5
:1086B000000200F4E060034343F0BF6343F400337F
:1086C000D360704700ED00E010B50446054BD86854
:1086D000C0F30220FFF7C8FF01462046FFF7B0FFB6
:1086E00010BD00BF00ED00E008B5FFF789FF08BD31
:1086F00008B5FFF793FF08BD042838D8DFE800F07D
:108700000A18283703004FF0E022136943F00403EE
:10871000136170474FF0E022136923F004031361E3
:10872000134AD2F8E03023F44003C2F8E030704737
:108730004FF0E022136923F0040313610C4AD2F8CE
:10874000E03023F4400343F48003C2F8E030704784
:108750004FF0E022136923F004031361044AD2F8B6
:10876000E03023F4400343F40003C2F8E0307047E4
:10877000000C024610B54FF0000C14E011F82C402C
:1087800001EB8C0E9EF801301B0443EA04639EF853
:10879000024043EA04239EF803E043EA0E03046820
:1087A00023600CF1010CBCEB920FE7D312F0030233
:1087B00005D0012A06D0022A09D0032A11D0036865
:1087C000186810BD036811F82C401C70F3E711F80D
:1087D0002C4001EB8C035B7843EA0423046823807C
:1087E000EBE711F82C2001EB8C014B7843EA0223D4
:1087F0000268138003688A781A70E0E70023B3EBFD
:10880000520F18D230B431F823C001EB83046488CE
:1088100044EA0C4405682C600133B3EB520FF2D3E9
:1088200012F0010F03D0026831F82330138003687F
:10883000186830BC704712F0010F03D0026831F89D
:10884000233013800368186870470000002838D070
:1088500010B50446437F1BB30223637723791BBB08
:108860002368194A5A612268936823F018039360B9
:10887000637913BB23684FF0FF321A612268936853
:1088800023F0600361690B4393602268936823F0CF
:108890008003A1690B43936001236377002010BD1F
:1088A0000377FEF7C9FBD7E7E268A168204600F02E
:1088B00048F80028DCD00120F1E7236822691A611A
:1088C000DCE70120704700BFB71DC104B0B138B567
:1088D0000546437FD8B2022B0FD002236B772A685C
:1088E000936843F0010393602B6800245C60284682
:1088F000FEF7BCFB6C772C77204638BD0120704713
:1089000038B5044602234377036A022B16D0032BA3
:108910000FD0012B0FD000200123637738BD2068D2
:1089200051F82350056001339342F8D32368186847
:10893000F2E70023F8E7FFF71DFFEDE7FFF75EFF23
:10894000EAE711F0010F30D010B41F231C46013BA1
:1089500034B103F01F0C21FA0CFC1CF0010FF5D010
:10896000182A24D8DFE802F00F232323232323230C
:108970001D232323232323231923232323232323D7
:108980000D00062B17D80368596101688B6823F026
:10899000180313438B6000200AE0072BF3D9012052
:1089A00006E00F2BEFD9012002E0012070470120E3
:1089B0005DF8044B70470120FAE730B40568AC6CF1
:1089C0004FEA144C4FEA0C4C9BB24CEA0303AB64E5
:1089D00003684FF4FE44DC600368D96403681A65D9
:1089E00030BC704710B4016A0268536923F4430332
:1089F0000B4353614369C26913430269134382699C
:108A000013430168334A914214D08032914211D00D
:108A1000803291420ED0803291420BD0803291420E
:108A200008D08032914205D08032914202D080320B
:108A300091420FD1826A013A120502F07C72C46A37
:108A400044EA020C426A013A120102F47C724CEAD6
:108A5000020213430A6C02F0802213430B64836802
:108A6000426802F03F021343026B1343C268B2F53F
:108A7000806F10D0B2F5007F29D001684C6C164A87
:108A800022401A434A640268002393640268D36751
:108A90005DF8044B704702680E498A4214D0803159
:108AA0008A4211D080318A420ED080318A420BD066
:108AB00080318A4208D080318A4205D080318A4292
:108AC00002D080318A42D8D143F48063D5E743F4A1
:108AD0000073D2E750000240C031E03C38B5044694
:108AE000FEF7F2FB7CB305462268002384F84C3085
:108AF00094F8543023B923666366A366E36623675C
:108B0000022384F85430536943F006035361236809
:108B10005B6913F0010F0BD0FEF7D6FB431B052B4F
:108B2000F5D91023A365032384F85430012009E00C
:108B30002046FFF757FF636B23650020A0650123E4
:108B400084F8543038BD0120FCE770B50446FEF7C8
:108B5000BBFB002C4CD00546236823F47F6626F02F
:108B60000F065A6942F006025A6123685A6912F0E8
:108B7000010F0BD0FEF7A8FB431B052BF5D91023E3
:108B8000A365032384F85430012030E000221A60EA
:108B900023685A6123681A6423685A6423689A64B4
:108BA0002368DA6423681A652368DA6771682368C2
:108BB000C3F30B03503BC3F3C413012000FA03F3C8
:108BC00021EA0303736023684FF4FE41D9602266F3
:108BD0006266A266E26622676267E36D03B1E265E0
:108BE00000202065A06584F8540084F84C0070BD16
:108BF0000120FCE7002835D010B5044690F84C0061
:108C0000012831D0012084F84C0094F85400012848
:108C100006D04023A365002384F84C30012010BD0A
:108C2000022084F854000020A0652046FFF7C5FE0E
:108C30002268536943F4BA435361636E23B12268D7
:108C4000536943F400735361236F23B1226853695E
:108C500043F4005353612268536943F001035361A5
:108C60000020DCE7012070470220D8E738B5044631
:108C7000FEF72AFB002C4CD0054694F85430022B0A
:108C800006D02023A365002384F84C30012038BD92
:108C90002268536943F004035361052384F8543078
:108CA00023681A6912F4005F17D1FEF70DFB431B0E
:108CB000052BF5D9A36D43F01003A365032384F8B6
:108CC0005430236D13F0800F02D0636F01221A73AA
:108CD000002384F84C300120D9E75A6942F002029F
:108CE0005A61042384F8543023684FF4FE42DA605A
:108CF000012384F85430236D13F0800F05D0636F87
:108D000001221A73236800229A64002084F84C0020
:108D1000BDE70120BBE798B190F85420022A03D0A8
:108D20002022826501207047042280F854200268C6
:108D3000536943F4005343F0040353610020704728
:108D40000120704710B50446026822F47F6020F0CD
:108D50000F00C2F30B03503BC3F3C413012101FA0C
:108D600003F3C168194200F0C480136913F4806FE3
:108D70000AD0536913F4806F06D04FF48063D36038
:108D8000A36D43F00103A36523681A6912F4006F11
:108D90000AD05A6912F4006F06D04FF40062DA600C
:108DA000A36D43F00203A36523681A6912F4805F80
:108DB0000AD05A6912F4805F06D04FF48052DA600C
:108DC000A36D43F00403A36523681A6912F4804F6E
:108DD0000AD05A6912F4804F06D04FF48042DA600C
:108DE000A36D43F00803A36523681A6912F4007F9A
:108DF0000AD05A6912F4007F06D04FF40072DA608C
:108E0000636E0BB12046984723681A6912F4005F1D
:108E100011D05A6912F4005F0DD04FF40052DA609D
:108E200094F85430042B1DD0052384F85430236F5C
:108E30000BB12046984723681A6912F4807F40D00E
:108E40005A6912F4807F3CD0226D12F0800F28D036
:108E5000DA6F5ABB9B6C4BBB012384F85430626FB2
:108E6000137323E02268536923F40053536122688B
:108E7000536943F002035361012384F85430236D96
:108E800013F0800F05D0636F01221A73236800224C
:108E90009A64002384F84C30E36E53B3204698471D
:108EA00027E09B6C13B9012384F8543023684FF4F6
:108EB0004072DA60002384F84C30236E0BB12046F8
:108EC0009847A36DABB12268536943F00203536125
:108ED000012384F85430236D13F0800F02D0636FA8
:108EE00001221A73002384F84C30A36E0BB1204684
:108EF000984710BDE8B1036823F47F6020F00F00AD
:108F0000C3F30B03503BC3F3C41301229A4011F087
:108F1000100F10D001F01101112905D0436823EA88
:108F200002034360002070474368134343600020FE
:108F30007047012070470020704700000B4609B1C0
:108F4000024919600AB1052313607047000001F857
:108F500000285DD010B582B00446416F002959D079
:108F600090F85420D0B223685B6903F48033012A5F
:108F700003D0022845D1002B43D094F85430012B64
:108F800007D02268536943F001035361002002B007
:108F900010BD94F84C30012B3ED0012384F84C30A6
:108FA000022384F854300B730023A365626F1361AE
:108FB0002268536943F4BA435361636E23B1226854
:108FC000536943F400735361236F23B122685369DB
:108FD00043F400535361636F002201A91868FFF73F
:108FE000ADFF636F22685B881B041360636F1B68AF
:108FF00023F003031B041B0C226801990B43D36766
:10900000BFE74023A365002384F84C300120BEE76E
:10901000012070470120BAE70220B8E7094A936AA5
:1090200043F001039362EFF3108C72B6042351F8FE
:10903000042B40F8042B013B13F0FF03F7D18CF312
:1090400010887047002002400A4A936A43F4804324
:1090500043F001039362EFF3108C72B6202351F8B2
:10906000042B40F8042B013B13F0FF03F7D18CF3E2
:109070001088704700200240094B9B6A002B01DBDF
:1090800000207047064B074A9A6002F188329A60C6
:109090009B6A002B01DB002070470120704700BF56
:1090A0000020024023016745054B9A6A42F00042C6
:1090B0009A629B6A002B01DB0120704700207047F9
:1090C0000020024038B50446FEF7FEF80546144B72
:1090D0001B6A13F4403F09D0B4F1FF3FF7D0FEF70D
:1090E000F3F8401BA042F2D3032016E00C4B1B6A9E
:1090F00042F2FA02134009D1094B1B6A13F0010F27
:109100000CD0074B01221A62002006E005494A688C
:109110001A434A60024A1362012038BD0020FCE76E
:109120000020024030140020174B1B78012B29D05F
:1091300070B504460D461646134B01221A700022E4
:109140005A604FF47A70FFF7BDFF90B90E4B9C60E8
:1091500024F00044012C10D031462846FFF774FF5C
:109160004FF47A70FFF7AEFF084A936A23EA0403CC
:109170009362054B00221A7070BD31462846FFF7F6
:109180004DFFEDE702207047301400200020024020
:10919000034A936A43F4803343F0040393627047B5
:1091A00000200240064A936A23F4813323F4FD73BE
:1091B00043EAC00343F4803343F0020393627047F1
:1091C00000200240254B1B78012B42D070B505468C
:1091D0000E46224B01221A7000225A604FF47A7018
:1091E000FFF770FF844678BB2B681C4A936023F01E
:1091F0000043042B13D04FF0FF3333606C686B686F
:10920000AA681344A34213D92046FFF7CBFF4FF4BB
:109210007A70FFF757FF844648B90134EFE7FFF74C
:10922000B7FF4FF47A70FFF74DFF844600E03460DB
:109230000B498A6A2B6823F0004323F47E7343F4BE
:109240007E7322EA03038B62044B00221A7060468D
:1092500070BD4FF0020C6046704700BF3014002014
:1092600000200240F0B500232FE085685E00032453
:10927000B44025EA0405CC68B4402C4384604568BA
:1092800025EA0C054C68C4F300149C402C43446050
:109290002DE08C68012C2FD13DE0DD08083550F819
:1092A000254003F00706B6004FF00F0C0CFA06FC41
:1092B00024EA0C0C0C69B44044EA0C0440F8254044
:1092C0002EE0464AC2F8804001330A6832FA03F4BD
:1092D00000F082804FF0010C0CFA03FC1CEA020241
:1092E000F2D04C6804F00304013C012CBDD94C6859
:1092F00004F00304032CCCD0C4684FEA430E4FF0B3
:10930000030C0CFA0EFC24EA0C0C8C6804FA0EF424
:1093100044EA0C04C4604C6804F00304022CBCD082
:1093200004684FEA430E4FF0030C0CFA0EFC24EADB
:109330000C0C4C6804F0030404FA0EF444EA0C0428
:1093400004604C6814F4403FBED04FEA930C234DA8
:109350000CF1180C55F82C6003F0030E4FEACE0EFA
:109360000F2404FA0EF426EA04061D4C04EA9024A5
:1093700004FA0EF4344345F82C402D68D44325EA12
:1093800002064F6817F4801F01D042EA0506134D0C
:109390002E606D6804EA05064F6817F4001F01D0BF
:1093A00042EA05060D4D6E60D5F8845004EA0506C4
:1093B0004F6817F4003F01D042EA0506074DC5F893
:1093C0008460D5F880502C404E6816F4803F3FF4FE
:1093D00078AF42EA050474E7F0BD00BF0020024602
:1093E0007F7F2F00002331FA03F263D02DE9F04193
:1093F00027E004685D004FF0030C0CFA05FC44EA1A
:109400000C040460DC08083450F8245003F007060C
:10941000B6004FF00F0E0EFA06FE25EA0E0540F8D4
:109420002450846824EA0C048460446824EA02021C
:109430004260C26822EA0C02C260013331FA03F2D0
:1094400036D001229A4012EA0108F6D09F0807F1AF
:109450001805194C54F8256003F0030E4FEACE0EA0
:109460000F2505FA0EF52E40144C04EA902C0CFA48
:109470000EFCB445BDD1104CD4F8806026EA080635
:10948000C4F88060D4F8846026EA0806C4F88460D2
:10949000666826EA08066660266826EA08062660E8
:1094A000183754F8276026EA050544F82750A0E746
:1094B000BDE8F081704700BF002002467F7F2F008B
:1094C0000369194201D001207047002070470AB19A
:1094D00081617047816270471E4A536BC3F3080372
:1094E000013307EE903AB8EE677A926AC2F302232C
:1094F000013307EE903AF8EE676A12F0100303D0DA
:10950000144B9B6BC3F3CC0307EE903AF8EE677AEB
:1095100002F00302022A16D0032A17D10D4B1A6853
:10952000C2F300520C4BD34006EE103AB8EE466A36
:1095300086EE260ADFED096A67EEA67A77EE877A6D
:1095400020EE270A70479FED066AF1E79FED056A56
:10955000EEE700BF000C02460048E80100000039B9
:109560000024744B0000000010B5074B5C6BC4F383
:1095700006640134FFF7B0FFFCEEC07A17EE900AE4
:10958000B0FBF4F010BD00BF000C024608B5094B5B
:10959000DB6913F00C030BD0082B06D1054B1B68BD
:1095A000C3F300530448D84003E0FFF7DDFF00E0B9
:1095B000024808BD000C02460048E8010024F400FF
:1095C00008B5FFF7E3FF054B1B6A03F00703044AE6
:1095D000D35CD840034B186008BD00BF000C0246A6
:1095E000DCD60008D807002008B5FFF7E9FF044BD8
:1095F0001B6AC3F30213034AD35CD84008BD00BF03
:10960000000C0246D4D6000808B5FFF7D9FF044B7A
:109610001B6AC3F30223034AD35CD84008BD00BFD2
:10962000000C0246D4D6000808B5FFF7C9FF044B6A
:109630005B6AC3F30213034AD35CD84008BD00BF82
:10964000000C0246D4D60008F0B583B00446036887
:1096500013F0010F08D0B04AD2F8E03023F0030332
:1096600041680B43C2F8E030236813F0020F08D0C2
:10967000A94AD2F8E03023F00C03A1680B43C2F8EA
:10968000E030236813F0040F08D0A34AD2F8E0308A
:1096900023F44063E1680B43C2F8E030236813F021
:1096A000080F08D09C4AD2F8E03023F44023216907
:1096B0000B43C2F8E030236813F0100F08D0964A2D
:1096C000D2F8E03023F4401361690B43C2F8E03074
:1096D000236813F0200F08D08F4AD2F8E03023F42B
:1096E0004003A1690B43C2F8E030236813F0400F38
:1096F00008D0894AD2F8E03023F00043E1690B43F7
:10970000C2F8E030236813F0800F10D0824AD2F8FC
:10971000E43023F0E003216A0B43C2F8E430236A0B
:10972000002B40F0A480936A43F480339362236853
:1097300013F4807F0DD0784AD2F8E43023F44053FC
:10974000616A0B43C2F8E430636AB3F5405F00F02E
:109750009780236813F4001F10D06F4AD2F8E430CA
:1097600023F08043A16A0B43C2F8E430A36A002BC4
:1097700040F08B80936A43F480339362236813F440
:10978000007F08D0644AD2F8E83023F00303E16A8E
:109790000B43C2F8E830236813F4806F08D05E4AA8
:1097A000D2F8E83023F01803216B0B43C2F8E830FD
:1097B000236813F4006F08D0574AD2F8E83023F03A
:1097C000C003616B0B43C2F8E830236813F4805F79
:1097D00008D0514AD2F8E83023F44063A16B0B4320
:1097E000C2F8E830236813F4005F0CD04A4AD2F87C
:1097F000E83023F4E043E16B0B43C2F8E830E36B5D
:10980000B3F5005F4BD0236813F4804F6DD0424B0B
:10981000D3F8F06006F44076236CB34265D03E4B3B
:10982000D3F8943013F0040F3ED13B4BD3F894207F
:1098300042F00402C3F89420D3F8943003F00403F8
:109840000193019B0127354A936A43F00103936218
:10985000FDF73AFD0546314B9B6A13F0010F25D108
:10986000FDF732FD401B0228F5D9032075E0202BBF
:109870007FF45DAF284A936A43F40033936256E75E
:10988000936A43F40033936263E7B3F1804F7FF44C
:1098900075AF214A936A43F4003393626EE7936A8B
:1098A00043F480339362AEE70027CCE71A4BD3F83A
:1098B000F05025F440727EB1D3F8F800D3F8F010E0
:1098C00041F48031C3F8F010D3F8F01021F4803166
:1098D000C3F8F010C3F8F800236C13430E4AC2F823
:1098E000F0300F4B1D401DD177BB236813F4004FA0
:1098F00032D0094AD2F8F03023F44023616C0B4394
:10990000C2F8F030D2F8F03003F44023626C934296
:1099100025D1002021E000BF000C024600080246CD
:1099200001000024FDF7D0FC06460E4BD3F8F030C2
:1099300013EA4503D8D1FDF7C7FC801B41F28833F9
:109940009842F2D9032008E0064AD2F8943023F076
:109950000403C2F89430C8E7002003B0F0BD012032
:10996000FBE700BF000C0246034690F82C20012ABA
:1099700022D0012280F82C20022280F82D20B1F57F
:10998000807F0FD00D4A916921F408519161D16C0B
:1099900021F00041D164012283F82D20002083F8BA
:1099A0002C007047054A916921F488519161516CEE
:1099B00021F000415164EEE7022070470078004634
:1099C00038B505460F4AD36823F02003D360FDF76E
:1099D0007BFC04460B4BDB6813F0200F10D1FDF726
:1099E00073FC001BB0F57A7FF4D9064BDB6813F0EB
:1099F000200F01D0002004E0032085F82D0000E0B6
:109A0000002038BD0078004670B5144BDB6813F0B9
:109A1000400F02D00024204670BD05460F4AD3688F
:109A200043F08003D360FDF74FFC064600240B4B48
:109A3000DB6813F0400FEED1032CECD0FDF744FCB3
:109A4000831BB3F57A7FF2D9044BDB6813F0400F28
:109A5000E1D1032485F82D40E9E700BF00780046F6
:109A600010B50446104BDA6822F08002DA609B6978
:109A700013F0200F06D1FFF7A3FF98B1032084F85D
:109A80002D000FE0084A936923F020039361FFF74C
:109A900097FF10B1032084F82D00034A936943F027
:109AA0002003936110BD00BF00780046002855D008
:109AB00010B5044690F82D3063B1022384F82D30A0
:109AC000274BDB6813F0100F09D0012384F82D30E9
:109AD000002010BD80F82C30FDF7DAFAEDE7204BBE
:109AE000CA225A6253225A622046FFF78DFF18B1EC
:109AF0001B4BFF225A62ECE7194B9A6922F08E62E7
:109B000022F040029A619969626820690243A06963
:109B100002430A439A61E268A16842EA01421A617B
:109B2000DA6822F4F852616AA06A01430A43DA60F3
:109B30002046FFF795FF18B1094BFF225A62C8E78C
:109B400007498B6923F06043226AE0690243606938
:109B5000024313438B61FF234B62B6E7012070473A
:109B60000078004690F82C30012B11D0012280F8AB
:109B70002C20022380F82D3006498B6943F0200306
:109B80008B6180F82D20002380F82C301846704718
:109B90000220704700780046890001F18C4101F5F0
:109BA000FA410A607047890001F18C4101F5FA41E0
:109BB000086870470B684A6813430A4AD3618B6888
:109BC000CA6813438A691343074A5362136A03F04E
:109BD000FF230869496940EA01410B4313620020F1
:109BE000704700BF00780046007C004603685A6951
:109BF000996941F00801996101688B6943F010038C
:109C00008B6101680B6823F001030B6001680B692D
:109C100023F45B7323F003030B6101688B6823F467
:109C200040438B6090F88930042B0DD012F0200F48
:109C30000AD0D0F88C3043F08003C0F88C30016833
:109C40008B6943F020038B6190F88930032B0DD092
:109C500012F0400F0AD0D0F88C3043F00403C0F863
:109C60008C3001688B6943F040038B6112F4007FF4
:109C70000AD0D0F88C3043F00103C0F88C30016872
:109C80008B6943F400738B6112F4807F0AD0D0F8A3
:109C90008C3043F00803C0F88C300268936943F4B9
:109CA000807393610023A0F86A30A0F87230704787
:109CB000C36B5B09C0680830C00803FB0000704735
:109CC0002DE9F84380460F4616461D46DDF82090E4
:109CD00000E0BDB1D8F800305C6937EA04040CBF7D
:109CE00001230023B3420AD1FDF7EEFAA0EB0900ED
:109CF000A842EED3B5F1FF3FEBD0032000E00020F7
:109D0000BDE8F8830320FBE7002800F0978038B512
:109D10000446002383620568494B9D422AD02046B1
:109D2000FFF7C6FF464B9D4229D0464B9D422AD0A5
:109D300094F889305BB3022384F889302268136871
:109D400023F00103136023689A6802F4F812A169F2
:109D5000B1F1806F21D0636813F4800F30D0E368D5
:109D6000062B2DD921680B6823F48073206D0343E3
:109D70000B602AE0C3680F2BD1D901205DE00828D1
:109D8000D3D9012059E01028D2D9012055E084F818
:109D900088302046FDF7CAF8CDE76168B1F5800F3D
:109DA00006D00029D7D1A16BB1F1805FD3D102E0F9
:109DB000A06B0028F5D1196841F480511960CAE7F9
:109DC00021680B6823F480730B60E369A16A0B437D
:109DD0001343E26B1343E16822680B439360636BA8
:109DE000626A1343A26B1343A269134322691343AC
:109DF00062691343226A134362681343E26C13439C
:109E0000A2681343A26C1343A26D1343E26D134384
:109E1000216E22680B43D360636813F4800F06D071
:109E20002268D36823F00043616D0B43D3600020A8
:109E3000C4F88C00012384F8893038BD01207047B4
:109E4000002000460030014098B110B504460223BE
:109E500080F889300268136823F001031360FDF76E
:109E6000CBF80020C4F88C0084F8890084F88800BE
:109E700010BD0120704700002DE9F04782B0044674
:109E80008A4691461D46D0F80080FDF71DFA94F8E9
:109E90008930012B40F052810646DFB2BAF1000F43
:109EA00000F04D81B9F1000F00F0498194F888303D
:109EB000012B00F04881012384F88830032384F8C3
:109EC00089300023C4F88C30C4F864A0A4F86890EA
:109ED000A4F86A90E366A4F87030A4F87230E367DF
:109EE000A367A368B3F5C02F25D02268D36823F4F5
:109EF000C02343F40033D360226853686FF30F0329
:109F000049EA030353602268136843F001031360B6
:109F10002368DA6912F4001F03D16268B2F5800F7A
:109F20000FD0E3680F2B03D92168884A914216D0DD
:109F3000072B4CD8ABE02268136843F4006313602E
:109F4000DAE71A6842F400721A60EAE7FDF7BCF932
:109F5000801BA84202D3B5F1FF3F19D1C5B1B4F8B7
:109F60006A309BB2002B00F0CD8023685A6912F052
:109F7000020FEBD0626E12681A62636E043363667E
:109F8000B4F86A309BB2013B9BB2A4F86A30E6E7B2
:109F90002046FFF72BFED4F88C3043F48073C4F8CE
:109FA0008C30012384F88930002384F8883003271B
:109FB000C5E0636E1B88A8F82030636E02336366C9
:109FC000B4F86A309BB2013B9BB2A4F86A30B4F893
:109FD0006A2092B2002A00F095802268536913F03B
:109FE000020F15D0B4F86A309BB2012BE1D9E36BB4
:109FF000002BDED0636E1B681362636E04336366EE
:10A00000B4F86A309BB2023B9BB2A4F86A30DEE738
:10A01000FDF75AF9801BA84202D3B5F1FF3F01D1E9
:10A02000002DD4D12046FFF7E1FDD4F88C3043F465
:10A030008073C4F88C30012384F88930002384F8BD
:10A04000883003277BE0B4F86A309BB2012B10D92B
:10A05000E36B73B1636E1B88A8F82030636E023324
:10A060006366B4F86A309BB2023B9BB2A4F86A30D4
:10A070000DE0636E1B7882F82030636E01336366F7
:10A08000B4F86A309BB2013B9BB2A4F86A30B4F8D2
:10A090006A2092B2002A35D02268536913F0020F69
:10A0A00015D0B4F86A309BB2032BCCD9E36B402BAC
:10A0B000C9D9636E1B681362636E04336366B4F8B8
:10A0C0006A309BB2043B9BB2A4F86A30DFE7FDF72D
:10A0D000FBF8801BA84202D3B5F1FF3F01D1002D50
:10A0E000D5D12046FFF782FDD4F88C3043F480733D
:10A0F000C4F88C30012384F88930002384F8883038
:10A1000003271CE000962B46002208212046FFF77B
:10A11000D7FD28B1D4F88C3043F02003C4F88C303C
:10A120002046FFF763FD012384F88930002384F87B
:10A130008830D4F88C3013B9002700E00227384665
:10A1400002B0BDE8F0870227F9E700BF0030014008
:10A150002DE9F04F83B00446884692461D460C9E7A
:10A16000D0F800B0FDF7B0F894F88930012B40F03A
:10A17000848107465FFA83F9B8F1000F00F07F8110
:10A18000BAF1000F00F07B81002D00F0788194F887
:10A190008830012B00F07781012384F88830052373
:10A1A00084F889300023C4F88C30C4F86CA0A4F87B
:10A1B0007250A4F87050C4F86480A4F86A50A4F8EF
:10A1C0006850A367E3672268D36823F4C023D36091
:10A1D0002268AE4B9A4222D04FF0080A53686FF3C0
:10A1E0000F032B4353602268136843F0010313608D
:10A1F0002368DA6912F4001F03D16268B2F5800F98
:10A2000010D0E3680F2B03D92168A04A91420ED0E9
:10A21000072B40F213814FEA5A0AA84684E04FF018
:10A22000100ADBE71A6842F400721A60E9E74FEAA5
:10A230009A0AA84622E02368596948F208021142A6
:10A2400013D0B8F1000F10D0E26E1B6B1360E36EF9
:10A250000433E366B4F872309BB2013B9BB2A4F8BE
:10A260007230B4F872801FFA88F8FDF72DF8C01B21
:10A27000B04202D3B6F1FF3F21D106B31DB9B8F108
:10A28000000F00F0DD8023685A6912F0020FD2D06F
:10A29000002DD0D005EB0A029045CCD2626E126838
:10A2A0001A62636E04336366B4F86A309BB2013B92
:10A2B0009BB2A4F86A30B4F86A50ADB2BBE720464E
:10A2C000FFF794FCD4F88C3043F48073C4F88C30DE
:10A2D000012384F88930002384F888304FF0030983
:10A2E000CDE023685B6913F0010F14D0B8F1000FC3
:10A2F00011D0E36EBBF830201A80E36E0233E366C0
:10A30000B4F872309BB2013B9BB2A4F87230B4F83F
:10A3100072801FFA88F8FCF7D7FFC01BB04202D347
:10A32000B6F1FF3F22D10EB31DB9B8F1000F00F016
:10A33000878023685B6913F0020FD2D0002DD0D044
:10A3400005EB0A039845CCD2636E1B88ABF820302E
:10A35000636E02336366B4F86A309BB2013B9BB212
:10A36000A4F86A30B4F86A50ADB2BAE72046FFF7F5
:10A370003DFCD4F88C3043F48073C4F88C30012356
:10A3800084F88930002384F888304FF0030976E0A0
:10A3900023685A6912F0010F14D0B8F1000F11D0E0
:10A3A000E26E93F830301370E36E0133E366B4F875
:10A3B00072309BB2013B9BB2A4F87230B4F8728049
:10A3C0001FFA88F8FCF780FFC01BB04202D3B6F139
:10A3D000FF3F21D106B315B9B8F1000F30D0236883
:10A3E0005A6912F0020FD3D0002DD1D005EB0A022A
:10A3F0009045CDD2626E127883F82020636E0133CF
:10A400006366B4F86A309BB2013B9BB2A4F86A3031
:10A41000B4F86A50ADB2BBE72046FFF7E7FBD4F8CB
:10A420008C3043F48073C4F88C30012384F8893075
:10A43000002384F888304FF0030920E0A846CAE7DB
:10A4400000973346002208212046FFF739FC28B147
:10A45000D4F88C3043F02003C4F88C302046FFF74A
:10A46000C5FB012384F88930002384F88830D4F8B0
:10A470008C3023B94FF0000901E04FF00209484643
:10A4800003B0BDE8F08F4FF00209F8E7003001405B
:10A49000026850690023516911F4C04F02D110F4D1
:10A4A000004F1AD082B00433DBB2116B01910199D5
:10A4B0000B498A420AD0082B0CD8516911F4C04FBD
:10A4C000F1D110F4004FEED1002004E0102BF4D9AC
:10A4D000032000E0032002B070470020704700BF57
:10A4E00000300140704770477047704770477047B1
:10A4F000704770477047026852E8003F23F0C0037E
:10A5000042E800310029F6D1026802F1080353E85D
:10A51000003F23F40003083242E800310029F3D160
:10A520002023C0F888307047026852E8003F23F4C7
:10A53000907342E800310029F6D1026802F1080365
:10A5400053E8003F23F0805323F00103083242E830
:10A5500000310029F1D1C36E012B06D02023C0F8B1
:10A560008C300023C36643677047026852E8003F9F
:10A5700023F0100342E800310029F6D1EEE708B5D8
:10A580000346C06D1B6D812B18D00023A0F85630F8
:10A59000026802F1080353E8003F23F08003083209
:10A5A00042E800310029F3D1026852E8003F43F04D
:10A5B000400342E800310029F6D108BDD0F89830B8
:10A5C0009847FAE708B5C06DD0F89430984708BDB1
:10A5D00038B5C46DD4F88820D4F88C5023689B68B3
:10A5E00013F0800F01D0212A11D023689B6813F04B
:10A5F000400F01D0222D11D0D4F8903043F0100339
:10A60000C4F89030D4F8A4302046984738BD0023D1
:10A61000A4F856302046FFF76EFFE6E70023A4F8C3
:10A620005E302046FFF780FFE6E708B5C06D0023E7
:10A63000A0F85E30D0F8A430984708BD08B502688D
:10A6400052E8003F23F0400342E800310029F6D1F0
:10A650002023C0F8883000238367D0F898309847CB
:10A6600008BD000038B310B504462423C0F8883074
:10A670000268136823F0010313600268002313606B
:10A680000268536002689360D0F8C4307BB1D4F89C
:10A69000C430204698470020C4F89000C4F88800D1
:10A6A000C4F88C00E066206784F8840010BD034B7A
:10A6B000C0F8C430EBE70120704700BF55720008B6
:10A6C000D0F88830202B62D110B50446002960D024
:10A6D000002A60D00165A0F85420A0F8562000237D
:10A6E000C0F890302123C0F88830C36F002B3DD0D4
:10A6F0002A491966C36F2A495966C36F2949996661
:10A70000C36F0021D9668368B3F5805F20D0E06F06
:10A71000036D13F0800F21D0436F8BB11B687BB1A9
:10A720009A60226DE36F5B6F1B68DA6023682833E1
:10A73000E26F526F12681361E06FFEF709FCA8B177
:10A740001023C4F890302023C4F88830012010BDB5
:10A750000369002BDBD1520092B2D8E7216813467F
:10A7600001F12802216DFEF745FAE8E7236840224F
:10A770001A62226802F1080353E8003F43F08003A5
:10A78000083242E800310029F3D10020DFE702203F
:10A7900070470120DBE70120D9E700BF7FA5000853
:10A7A000C5A50008D1A5000870B504460268D369A4
:10A7B0001168906840F60F0C13EA0C0F0FD113F0DC
:10A7C000200F12D011F0200F02D110F0805F0CD0BA
:10A7D000636F002B00F08281204698477EE19D4DFB
:10A7E00005402BD19C4E314228D1E56E012D00F061
:10A7F000C28013F0800F07D011F0800F40F06A8103
:10A8000010F4000F40F0668113F0400F03D011F0F8
:10A81000400F40F0648113F4000F03D011F0804F1B
:10A8200040F0618113F0807F00F05881002980F2B0
:10A830005581D4F8B430204698474FE113F0010F0A
:10A8400009D011F4807F06D001261662D4F890203A
:10A850003243C4F8902013F0020F0BD010F0010F18
:10A8600008D0226802261662D4F8902042F0040232
:10A87000C4F8902013F0040F0BD010F0010F08D093
:10A88000226804261662D4F8902042F00202C4F82E
:10A89000902013F0080F0BD011F0200F00D13DB124
:10A8A000226808251562D4F890202A43C4F8902025
:10A8B00013F4006F0CD011F0806F09D022684FF4B0
:10A8C00000651562D4F8902042F02002C4F8902070
:10A8D000D4F89020002A00F0018113F0200F09D055
:10A8E00011F0200F02D110F0805F03D0636F0BB125
:10A8F00020469847D4F8902023689B6813F0400FB7
:10A9000002D112F0280F2ED02046FFF70DFE23684B
:10A910009B6813F0400F21D0226802F1080353E82E
:10A92000003F23F04003083242E800310029F3D110
:10A93000D4F880306BB1494ADA66D4F88000FEF76B
:10A94000EAF9002800F0CA80D4F88000C36E984766
:10A95000C4E0D4F8A43020469847BFE0D4F8A4302F
:10A9600020469847BAE0D4F8A43020469847002300
:10A97000C4F89030B2E013F0100F3FF43AAF11F08A
:10A98000100F3FF436AF1023136223689B6813F057
:10A99000400F65D0D4F8802013689B6C9BB2002BCD
:10A9A00049D0B4F85C10994245D9A4F85E30136DD3
:10A9B000812B32D0226852E8003F23F4807342E8B2
:10A9C00000310029F6D1226802F1080353E8003F64
:10A9D00023F00103083242E800310029F3D1226854
:10A9E00002F1080353E8003F23F04003083242E835
:10A9F00000310029F3D12023C4F88C300023E36612
:10AA0000226852E8003F23F0100342E80031002999
:10AA1000F6D1D4F88000FEF729F902232367D4F891
:10AA2000BC20B4F85C10B4F85E309BB2C91A89B28D
:10AA30002046904752E0B4F85C1099424ED1136D15
:10AA4000812B4BD102232367D4F8BC302046984792
:10AA500044E000BF01000010200100042BA6000804
:10AA6000B4F85C10B4F85E309BB2C91A89B2B4F87D
:10AA70005E309BB2002B31D081B3226852E8003F98
:10AA800023F4907342E800300028F6D1226802F1E6
:10AA9000080353E8003F23F0805323F001030832FA
:10AAA00042E800300028F1D12023C4F88C30002384
:10AAB000E3666367226852E8003F23F0100342E830
:10AAC00000300028F6D102232367D4F8BC3020469A
:10AAD000984703E0A36F0BB12046984770BD20460E
:10AAE000FFF7ACFDFAE7D4F8B83020469847F5E711
:10AAF00090F88430012B1FD0012380F88430242368
:10AB0000C0F88830026852E8003F23F00C0342E8A6
:10AB100000310029F6D1026852E8003F43F00803F3
:10AB200042E800310029F6D12023C0F88830002304
:10AB300080F88430184670470220704790F88430BF
:10AB4000012B1FD0012380F884302423C0F88830E3
:10AB5000026852E8003F23F00C0342E8003100296C
:10AB6000F6D1026852E8003F43F0040342E80031A6
:10AB70000029F6D12023C0F88830002380F88430E3
:10AB80001846704702207047104BC0F89430104BA5
:10AB9000C0F898300F4BC0F89C300F4BC0F8A03075
:10ABA0000E4BC0F8A4300E4BC0F8A8300D4BC0F8C7
:10ABB000AC300D4BC0F8B0300C4BC0F8B4300C4B7F
:10ABC000C0F8B8300B4BC0F8BC307047E7A40008A1
:10ABD000E5A40008EBA40008E9A40008EDA400081F
:10ABE000EFA40008F1A40008F3A4000839B4000899
:10ABF0003BB40008F5A4000870B5044683680269F8
:10AC0000134342691343C2691343016808688A4ABF
:10AC100002401A430A602268536823F44053E168F3
:10AC20000B435360A1692268844B9A4201D0236A86
:10AC30001943936823F06E4323F430630B4393600E
:10AC40002268D36A23F00F03616A0B43D36223683F
:10AC50007B4A934224D07B4A934234D0774A934232
:10AC600049D0202275498B425FD0E069B0F5004F92
:10AC700000F09F80102A00F21581DFE812F0D10069
:10AC8000D60013011301CF00130113011301D900E2
:10AC90001301130113011301130113011301ED003B
:10ACA000694AD2F8E02002F00302032A09D8DFE85B
:10ACB00002F0020436060122D4E70822D2E710226D
:10ACC000D0E72022CEE7604AD2F8E02002F00C0262
:10ACD0000C2A0ED8DFE802F0070D0D0D090D0D0D41
:10ACE000250D0D0D0B000022BCE70822BAE710224B
:10ACF000B8E72022B6E702F5F432D2F8E82002F0F5
:10AD00000302032A09D8DFE802F002040E06022239
:10AD1000A8E70822A6E71022A4E72022A2E704223F
:10AD2000A0E704229EE704229CE7023A0E2A00F2E2
:10AD3000AB80DFE802F00BA913A9A9A910A9A9A962
:10AD4000A9A9A9A908004FF4004008E0FEF76CFC8F
:10AD500028B90020A7E0FEF719FCF9E73B48626A32
:10AD60003B4B33F81220B0FBF2F3656805EB45016D
:10AD7000994200F28B80B3EB053F00F289800026F8
:10AD800033463146F9F7D2FE090241EA1061030267
:10AD90006A0898182A46334641F10001F9F7C6FEC1
:10ADA000A0F540722B4B9A4274D82368D860304685
:10ADB00079E0102A70D8DFE802F00B2B6F6F096F73
:10ADC0006F6F2E6F6F6F6F6F6F6F0F001F4803E015
:10ADD000FEF70AFC002861D0626A1D4B33F812307E
:10ADE000B0FBF3F06268530803EB4003B3FBF2F3EC
:10ADF000A3F110014FF6EF72914251D89AB222F0AE
:10AE00000F02C3F3420313432268D36000204AE0D9
:10AE1000FEF7FAFBDEE7FEF7B9FBDBE70B481DE0C8
:10AE2000FEF7E2FBD0B900203DE0FEF7EDFBF9E7CD
:10AE3000FEF7ACFBF6E700BFF369FFCF0024004646
:10AE40000038014000440040000C02460024F40099
:10AE5000E4D60008FFFC0F004FF40040626A174B75
:10AE600033F81230B0FBF3F0636800EB5300B0FB33
:10AE7000F3F0A0F110024FF6EF739A421CD823684A
:10AE800080B2D86000200EE001200CE001200AE032
:10AE9000012008E0012006E0012004E0002002E09B
:10AEA000012000E001200123A4F86A30A4F86830F2
:10AEB00000236367A36770BD0120F4E7E4D60008B0
:10AEC000836A13F0080F06D00268536823F4004326
:10AED000816B0B435360836A13F0010F06D0026845
:10AEE000536823F40033C16A0B435360836A13F041
:10AEF000020F06D00268536823F48033016B0B43C2
:10AF00005360836A13F0040F06D00268536823F479
:10AF10008023416B0B435360836A13F0100F06D0FC
:10AF20000268936823F48053C16B0B439360836A78
:10AF300013F0200F06D00268936823F40053016CCD
:10AF40000B439360836A13F0400F0AD00268536882
:10AF500023F48013416C0B435360436CB3F5801FA3
:10AF60000BD0836A13F0800F06D00268536823F475
:10AF70000023C16C0B43536070470268536823F48D
:10AF8000C003816C0B435360EBE72DE9F8430546A2
:10AF90000E4617469946DDF820802B68DC6936EAB4
:10AFA00004040CBF01240024BC4236D1B8F1FF3F99
:10AFB000F3D0FCF789F9A0EB0900404530D8B8F18F
:10AFC000000F2FD02B681A6812F0040FE5D0802EE6
:10AFD000E3D0402EE1D0DA6912F0080F11D1DA691E
:10AFE00012F4006FD9D04FF400621A622846FFF7BE
:10AFF0009BFA2023C5F89030002385F88430032085
:10B000000CE008241C622846FFF78EFAC5F8904031
:10B01000002385F88430012000E00020BDE8F8839B
:10B020000320FBE70320F9E72DE9F04182B01E463B
:10B03000D0F88830202B5AD104460D46904600297E
:10B0400059D00AB9012053E00023C0F890302123E1
:10B05000C0F88830FCF738F90746A4F85480A4F803
:10B060005680A368B3F5805F02D04FF0000816E069
:10B07000236943B34FF0000811E02023C4F888305F
:10B08000032035E038F8023B2268C3F308039362DB
:10B09000B4F8562092B2013A92B2A4F85620B4F80D
:10B0A00056309BB293B100963B4600228021204649
:10B0B000FFF76BFF0028E0D1002DE3D015F8012B3E
:10B0C00023689A62E4E7A8460025E8E700963B4635
:10B0D000002240212046FFF758FF18B92023C4F86A
:10B0E000883005E02023C4F88830032000E00220E7
:10B0F00002B0BDE8F0810120FAE72DE9F04383B00A
:10B100001E46D0F88C30202B7DD104460D4690464B
:10B1100000297CD00AB9012076E00023C0F89030E5
:10B120002222C0F88C20C366FCF7CEF80746A4F8AC
:10B130005C80A4F85E80A368B3F5805F06D0A3B9F5
:10B14000226972B9FF22A4F8602014E0226922B9B2
:10B1500040F2FF12A4F860200DE0FF22A4F8602066
:10B1600009E07F22A4F8602005E0B3F1805F0AD0F7
:10B170000022A4F86020B4F86080B3F5805F0CD0A2
:10B180004FF0000920E022691AB97F22A4F860205C
:10B19000F1E73F22A4F86020EDE723695BB34FF0AD
:10B1A000000911E02023C4F88C3003202CE0236830
:10B1B0005B6A08EA030329F8023BB4F85E2092B206
:10B1C000013A92B2A4F85E20B4F85E309BB2ABB103
:10B1D00000963B46002220212046FFF7D6FE00289D
:10B1E000E0D1002DE3D023685A6A5FFA88F3134058
:10B1F00005F8013BE1E7A9460025E5E72023C4F86F
:10B200008C30002000E0022003B0BDE8F083012074
:10B21000FAE730B583B004460023C0F89030FCF75D
:10B2200053F805462268126812F0080F10D12368FF
:10B230001B6813F0040F28D12023C4F88830C4F809
:10B240008C300020E066206784F8840003B030BDB5
:10B250006FF07E430093034600224FF40011204616
:10B26000FFF793FE0028E2D0226852E8003F23F067
:10B27000800342E800310029F6D12023C4F8883049
:10B28000002384F884300320E0E76FF07E430093CE
:10B290002B4600224FF480012046FFF776FE00285F
:10B2A000CAD0226852E8003F23F4907342E800318C
:10B2B0000029F6D1226802F1080353E8003F23F089
:10B2C0000103083242E800310029F3D12023C4F8F9
:10B2D0008C30002384F884300320B7E700283AD06C
:10B2E00010B50446D0F888300BB32423C4F8883056
:10B2F0002268136823F001031360A36A3BBB204656
:10B30000FFF77AFC012811D02268536823F4904398
:10B3100053602268936823F02A03936022681368BD
:10B3200043F0010313602046FFF773FF10BD80F860
:10B330008430FFF729FCD4F8C03023B1D4F8C030F2
:10B3400020469847D1E7054BC4F8C030F6E72046C1
:10B35000FFF7B6FDD3E70120704700BFD1700008AA
:10B3600000283FD010B50446D0F8883033B32423EA
:10B37000C4F888302268136823F001031360A36ABD
:10B3800063BB2046FFF738FC012816D022685368BB
:10B3900023F4904353602268936823F02203936060
:10B3A0002268936843F0080393602268136843F0AF
:10B3B000010313602046FFF72CFF10BD80F8843096
:10B3C000FFF7E2FBD4F8C03023B1D4F8C0302046F8
:10B3D0009847CCE7044BC4F8C030F6E72046FFF7A7
:10B3E0006FFDCEE701207047D1700008436E2BB986
:10B3F0000123A0F86A30A0F86830704730B40368C1
:10B400009A68C2F342629968490F094D6B5CDB0090
:10B41000084C615C93FBF1F3A0F86A30AB5CDB0095
:10B42000A25C93FBF2F3A0F8683030BC704700BF19
:10B4300004D70008FCD600087047704790F88430A5
:10B44000012B1DD010B50446012380F8843024233D
:10B45000C0F8883002681368116821F0010111609A
:10B4600043F000534FF00052426602681360FFF74A
:10B47000BDFF2023C4F88830002084F8840010BD6C
:10B480000220704738B590F88430012B1DD0044657
:10B49000012380F884302423C0F8883003681D68B5
:10B4A0001A6822F001021A600268936823F0604370
:10B4B00019439160FFF79AFF23681D602023C4F8A9
:10B4C0008830002084F8840038BD0220FCE738B5BD
:10B4D00090F88430012B1DD00446012380F884307D
:10B4E0002423C0F8883003681D681A6822F001021E
:10B4F0001A600268936823F0606319439160FFF754
:10B5000075FF23681D602023C4F88830002084F86C
:10B51000840038BD0220FCE7014B1860704700BF73
:10B52000D8070020032A15D90B68036000F0030335
:10B53000C3F1040C60446144043B1A4411F0030F4E
:10B5400014D1032A06D951F8043B40F8043B043ACD
:10B55000032AF8D8022A0DD0032A12D0012A0DD0CE
:10B56000704751F8043B40F8043B043A032AF8D8EA
:10B57000022AF1D111F8013B00F8013B0B7803706E
:10B58000704711F8013B00F8013BF3E701EB0123A1
:10B5900003EB0343032A16D900B5036000F0030C44
:10B5A000CCF1040E7044ACF1040C624402E040F8AB
:10B5B000043B043A032AFAD8022A13D0032A0FD0F4
:10B5C000012A11D000BD022A06D0032A02D0012A86
:10B5D00004D0704700F8011B00F8011B0170704790
:10B5E00000F8011B00F8011B017000BD10B5EFF35E
:10B5F000108E72B6214BB3F812C01A8A944511D03E
:10B60000944521D9CCF5C0639BB283421FD88242B6
:10B610001DD91A4B01249C70A3F800C000245C8241
:10B62000134614E0CCF5C0639BB298420FD382421C
:10B630000DD9124B01249C70A3F800C04FF0000CF0
:10B64000A3F812C0134602E0A2EB0C0293B28342AD
:10B6500010D90A4A538A0B801844094BA3FB0013E4
:10B660009B0A03EB4303A0EB4323538200208EF39A
:10B67000108810BD4FF0FF30F9E700BF481A0020D6
:10B68000ABAAAAAAEFF3108172B6034AD38A013398
:10B69000D38281F310887047481A0020EFF310819D
:10B6A00072B6034AD38A013BD38281F31088704774
:10B6B000481A0020024BD88A003818BF0120704772
:10B6C000481A002008B5182200210748FFF75EFF3E
:10B6D0004FF4C06200210548FFF758FF044B1B6878
:10B6E0000448984708BD00BF481A002048140020AD
:10B6F000B0D6000835B8000808B5024B5B6898471B
:10B7000008BD00BFB0D60008044B5A8A1B8A9A4273
:10B7100001D0002070470120704700BF481A002068
:10B720007047000070B5EFF3108472B6FFF7C2FFE8
:10B7300018B184F31088002070BDFFF7A3FF1D4BE4
:10B740001A8A5B8A9A422ED01A498978012917D021
:10B75000184A927832B9174A128A93421ED99B1A14
:10B76000144A9382134E358A134B1D4484F3108878
:10B77000FFF7D6FF114BDB68B18A28469847DBE715
:10B780000C4801888A1A92B28282022181700021BB
:10B790000180002ADCD181700182D9E7C2F5C06244
:10B7A000044B9A82DEE7FFF779FF84F310880020CC
:10B7B000C2E700BF481A002048140020B0D6000895
:10B7C00030B583B005460C46FFF75CFF0DF106016E
:10B7D0002046FFF70BFFB0F1FF3F0DD0BDF806305C
:10B7E0002246294607481844FFF79CFEFFF756FFFC
:10B7F000FFF798FF03B030BDFFF750FF6FF0020076
:10B80000F8E700BF481400200FB410B5A8B02AAB69
:10B8100053F8042B019302AC9621204600F056F910
:10B8200081B22046FFF7CCFF28B0BDE8104004B03D
:10B830007047704708B5EFF3108C72B6284B9B78B1
:10B84000022B1CD026490A8A8B8A1A44254BA3FB5B
:10B8500002039B0A03EB43035802131A0B82204B8B
:10B860001A8A5B8A9A4203D01D49C98A01290BD0E2
:10B870008CF31088FFF7DDFFFFF710FF08BD184BB2
:10B8800000229A701A82EAE715498978012914D0B2
:10B89000134A927832B9124A128A93421BD99B1AE0
:10B8A0000F4A93820E4B188A0F4A10448CF310886B
:10B8B0000E4AD268998A9047E0E7094801888A1AB7
:10B8C00092B282820221817000210180002ADFD1A0
:10B8D00081700182DCE7C2F5C062014B9A82E1E728
:10B8E000481A0020ABAAAAAA48140020B0D6000823
:10B8F00040F29243984204D0B0F5966F09D00B48BD
:10B900007047B1F5805F0CD0B1F5005F0BD10848EE
:10B91000704741F20103994201D00448704705483D
:10B920007047054870470148704700BF00D30008C2
:10B93000F8D2000810D3000808D3000840F2924360
:10B94000984204D0B0F5966F03D10348704703487E
:10B9500070470348704700BF24D3000818D300087D
:10B9600000D3000870B50446084E3568C5F30B05D2
:10B9700005602846FFF7E2FF60603168090CA160AE
:10B980002846FFF7B5FFE060204670BD004004E0A8
:10B990000146002008E000EB8000531C0B60137888
:10B9A00003EB4003A3F130000A681378303BDBB2AD
:10B9B000092BF0D9704700002DE9F04593B01B9D8D
:10B9C0001C9E16F0400F10D1DFF8F8A09F1E222F0A
:10B9D00075D816F001040BD04FF0300E16F0020FA0
:10B9E0000FD0002A07DB00270CE0DFF8DCA0EDE732
:10B9F0004FF0200EF2E752421A9E013E1A962D2772
:10BA000000E000275ABB30238DF804304FF0010CC2
:10BA1000AC4500DD65461A9B5B1B1CB31FB100F8EB
:10BA2000017B013907D0002B03F1FF3324DD00F83F
:10BA300001EB0139F7D113B0BDE8F085B2FBF3F6A5
:10BA400003FB16221AF802800CF148026A4402F83D
:10BA5000448C32460CF1010C002AEFD1D8E74FF0AC
:10BA6000000CF9E7002B03F1FF33D7DD202200F8AB
:10BA7000012B0139F6D1DEE7654505F1FF3505DD1E
:10BA8000302200F8012B0139F6D1D4E76246002AB2
:10BA90000CF1FF3C09DD0CF148026A4412F8442C19
:10BAA00000F8012B0139F1D1C5E7002B03F1FF3379
:10BAB000C1DD202200F8012B0139F6D1BBE70020BF
:10BAC000B9E700BF30D3000858D300082DE9F0478C
:10BAD00086B0059204930E1E40F3BB8005460446D3
:10BAE00004E004F8013B059B01330593059A1378A4
:10BAF00023B9611B701E8142C0F2A580A4EB05082A
:10BB0000771EB84580F29F80252BEAD1531C059300
:10BB10005378302B20D04FF00009303BDBB2092B9B
:10BB20001DD94FF0FF3A059B1A78A2F15803202B3C
:10BB300056D8DFE803F04D555555555555555555D3
:10BB4000551E5155555555515555555555555555E4
:10BB5000552A551955556B004FF00109DDE705A829
:10BB6000FFF716FF8246DEE70A2352E0202304F89F
:10BB7000013B0AF1FF3ABAF1000FF7DC049B1A1DF2
:10BB800004921B7804F8013BADE7049B1A1D049254
:10BB90001F684FB13846F8F767FFA6EB0803013B73
:10BBA000984228BF184605E02B4FF3E7202204F8FF
:10BBB000012B9A460AF1FF338245F7DC002304E0AB
:10BBC00017F8012B04F8012B01338342F8DB8AE7D5
:10BBD00049F0400910231CE049F002090A231BE048
:10BBE000252A02D0252304F8013B631B9F420FDD69
:10BBF000059B1A783AB104F8012B631B9F423FF76B
:10BC000072AF0A2305E0013B0593F6E7102300E03D
:10BC10000A2319F0020F11D0049A111D0491126821
:10BC2000611BCDF808904FF0FF300190CDF800A0D7
:10BC3000791A2046FFF7C0FE044654E7049A111D06
:10BC400004911268ECE700232370601B06B0BDE886
:10BC5000F0870020FAE700BF80D30008024B0146BE
:10BC6000186800F02DB800BFE0070020024B014625
:10BC7000186800F031B900BFE007002070B50F4E22
:10BC80000C460546316811B900F0D8F830602146FD
:10BC9000284600F0D3F8431C03D14FF0FF34204670
:10BCA00070BDC41C24F00304A042F8D0211A284619
:10BCB00000F0C4F80130F2D1EFE700BF601A0020B5
:10BCC0002DE9F843CD1C064625F0030508350C2D5B
:10BCD00038BF0C25002D01DBA94204D90C233360A9
:10BCE0000020BDE8F883DFF8D48000F069F8D8F8C8
:10BCF00000301C4644BB29463046FFF7BFFF431CBB
:10BD0000044658D1D8F800402746002F43D1002CD4
:10BD10004BD023683946304604EB030900F08EF817
:10BD2000814542D1216830466D1A2946FFF7A6FFAA
:10BD300001303AD023682B442360D8F800305A6889
:10BD400062BBC8F800700FE02268521B20D40B2A97
:10BD500017D96119A342256018BF5960636808BFED
:10BD6000C8F8001062514B60304600F02FF804F123
:10BD70000B00231D20F00700C21A1CBF1B1AA35082
:10BD8000AFE76268A3420CBFC8F800205A60EBE737
:10BD900023466468AEE73C467F68B6E71A465B68B0
:10BDA000A342FBD100235360DEE70C23304633600F
:10BDB00000F00CF894E70560D6E700BF641A002095
:10BDC000014800F075B800BFA41B0020014800F036
:10BDD00070B800BFA41B00200139024410B5904286
:10BDE00001D1002005E0037811F8014FA34201D0F2
:10BDF000181B10BD0130F2E7884210B501EB0204B8
:10BE000002D98442234607D8431EA14207D011F825
:10BE1000012B03F8012FF8E70244824200D110BD44
:10BE200013F8011D02F8011DF7E70244034693428F
:10BE300000D1704703F8011BF9E7000038B5002373
:10BE4000054D044608462B60FBF73AFC431C02D123
:10BE50002B6803B1236038BDA01B0020014B18687C
:10BE6000704700BFE007002070B50D4B00260D4D58
:10BE70005B1B9C10A64209D10B4D00F077F80B4BD1
:10BE800000265B1B9C10A64205D170BD55F8043BF3
:10BE900001369847EEE755F8043B01369847F2E73C
:10BEA00014D7000814D7000814D7000818D70008C2
:10BEB0007047704700F003B80022F8F7DDBD0A4470
:10BEC000431E914200D1704710B511F8014B9142C9
:10BED00003F8014FF9D110BD38B50546002941D00E
:10BEE00051F8043C0C1F002BB8BFE418FFF768FFA3
:10BEF0001D4A136833B9636014602846BDE83840B2
:10BF0000FFF764BFA34208D9206821188B4201BF04
:10BF100019685B6809182160EDE71A465B680BB188
:10BF2000A342FAD911685018A0420BD120680144ED
:10BF3000501811608342E0D118685B680844536070
:10BF40001060DAE702D90C232B60D6E720682118AD
:10BF50008B4202BF19685B680918636008BF2160E3
:10BF60005460CAE738BD00BF641A0020F8B500BFAE
:10BF7000F8BC08BC9E467047F8B500BFF8BC08BCCA
:04BF80009E46704722
:10BF880008000000EDFFFFFFFFFFFFFFFFFFFFFFBF
:10BF9800FFFFFFFFFFFFFFFFFFFFFFFFFFFFFFFFA9
:10BFA800FFFFFF7F08000000A4050000000000005C
:10BFB8000000000000000000000000000000000079
:10BFC800000000000000000008000000EDD3F55C50
:10BFD8001A631258D69CF7A2DEF9DE14000000009E
:10BFE8000000000000000000000000100800000031
:10BFF800010F9C44E31106A447938568A71B0ED044
:10C0080065BEF517D273ECCE3D9A307C1B4199037F
:10C0180008000000C7FFFFFFFFFFFFFFFFFFFFFF54
:10C02800FFFFFFFFFFFFFFFFFFFFFFFFFFFFFFFF18
:10C03800FFFFFF7F08000000FAE947DFFE8BED8075
:10C048007329C6AF7787A110908618BC079293E52D
:10C0580026C59F725A2B822C020000002600000081
:10C0680000000000000000000000000000000000C8
:10C0780000000000000000000000000087A29D3FB3
:10C0880055BCCAE289E496235698A59CB7B5E4AD99
:10C098006B937998D077607E70239E754A333333DB
:10C0A8003333333333333333333333333333333358
:10C0B8003333333333333333333333336CE84A99DD
:10C0C800AA96084F6E5012B611ADB7E392C483F129
:10C0D80022A9C7460D93B3FE591C185E64E6893938
:10C0E800DCEC7EC8746036039A7BE5DD4BB1F15415
:10C0F800B34E88FAF7850B89F4F1675F47AFC177CC
:10C10800598B0852F37A03A5BFAB3EC5294EE71FEA
:10C118008AB9A7999B7126A09BFD2111716CA6F382
:10C12800B3C5BB46436C4D94320C33EE82D6DCDF8C
:10C1380014E39286453C12482903F47C002C3CE128
:10C14800809D0952BB41740AC3C5855D2C2E4DE8FC
:10C1580081C93010A220571D148E0D1C0EEECD93F0
:10C16800230C9FED133912BBADD3DF4C198F18F296
:10C178002654C5E82885119EAAD5D24E5C0C916B31
:10C188007FB9F339AD5F4E29502FEB29685AD92C66
:10C19800A778B85837A985A2058C83470300000003
:10C1A8002600000000000000000000000000000061
:10C1B8000000000000000000000000000000000077
:10C1C80087A29D3F55BCCAE289E496235698A59C50
:10C1D800B7B5E4AD6B937998D077607E70239E7580
:10C1E8004A33333333333333333333333333333300
:10C1F8003333333333333333333333333333333307
:10C208006CE84A99AA96084F6E5012B611ADB7E37A
:10C2180092C483F122A9C7460D93B3FE591C185E38
:10C22800E29BF17639BE9696FDC39634C99308BC55
:10C23800AAB8795441E551BEDA44C1210133EB6310
:10C24800D7D778F4C17A01699872584F790B679DEE
:10C25800C198BB4522FBBBEB79AF63CD1765643B47
:10C26800C05CAAEA2D55F7921A736945C7F2D1AD99
:10C27800D72379C98B3D82058320E466C2596E476E
:10C2880088BF0008ACBF0008D0BF0008F4BF000892
:10C2980018C000083CC000080800000001000000A9
:10C2A8000800000004DB2BFED407583BEDE91BB562
:10C2B800FD90F503D1026233BF166E6DA81BC7D679
:10C2C8000B6B7775B4C300084D090008A8C20008B5
:10C2D800000000000000000088C2000810C3000829
:10C2E80060C00008A4C1000868C300086CC3000847
:10C2F800000000005CC30008CCC200080B0000006E
:10C3080002000000E0C20008131B0008AF18000874
:10C31800DD190008131B0008AF180008DD19000814
:10C328000200000002000000FC7F003F00350113FE
:10C338002D45000821230008332C0008212300087C
:10C34800C146000800000000034600080100000084
:10C3580038C30008392D0008000000000200000062
:10C36800CF2D00087D31000808C9BCF367E6096ACB
:10C378003BA7CA8485AE67BB2BF894FE72F36E3C6C
:10C38800F1361D5F3AF54FA5D182E6AD7F520E51C9
:10C398001F6C3E2B8C68059B6BBD41FBABD9831F83
:10C3A80079217E1319CDE05BBD390008B0C30008C0
:10C3B80022AE28D7982F8A42CD65EF239144377152
:10C3C8002F3B4DECCFFBC0B5BCDB8981A5DBB5E9C4
:10C3D80038B548F35BC2563919D005B6F111F15991
:10C3E8009B4F19AFA4823F9218816DDAD55E1CABC2
:10C3F800420203A398AA07D8BE6F7045015B831257
:10C408008CB2E44EBE853124E2B4FFD5C37D0C5511
:10C418006F897BF2745DBE72B196163BFEB1DE8009
:10C428003512C725A706DC9B942669CF74F19BC1FA
:10C43800D24AF19EC1699BE4E3254F388647BEEF97
:10C44800B5D58C8BC69DC10F659CAC77CCA10C244F
:10C4580075022B596F2CE92D83E4A66EAA84744AC1
:10C46800D4FB41BDDCA9B05CB5531183DA88F976F9
:10C47800ABDF66EE52513E981032B42D6DC631A82E
:10C488003F21FB98C82703B0E40EEFBEC77F59BF12
:10C49800C28FA83DF30BE0C625A70A934791A7D5FD
:10C4A8006F8203E05163CA06706E0E0A6729291469
:10C4B800FC2FD246850AB72726C9265C38211B2EB1
:10C4C800ED2AC45AFC6D2C4DDFB3959D130D3853DE
:10C4D800DE63AF8B54730A65A8B2773CBB0A6A76F1
:10C4E800E6AEED472EC9C2813B358214852C729287
:10C4F8006403F14CA1E8BFA2013042BC4B661AA804
:10C508009197F8D0708B4BC230BE5406A3516CC7BC
:10C518001852EFD619E892D110A96555240699D674
:10C528002A20715785350EF4B8D1BB3270A06A1035
:10C53800C8D0D2B816C1A41953AB4151086C371EE4
:10C5480099EB8EDF4C774827A8489BE1B5BCB034FF
:10C55800635AC9C5B30C1C39CB8A41E34AAAD84EE1
:10C5680073E363774FCA9C5BA3B8B2D6F36F2E68A8
:10C57800FCB2EF5DEE828F74602F17436F63A5786E
:10C5880072ABF0A11478C884EC39641A0802C78C1D
:10C59800281E6323FAFFBE90E9BD82DEEB6C50A42F
:10C5A8001579C6B2F7A3F9BE2B5372E3F27871C6B8
:10C5B8009C6126EACE3E27CA07C2C021C7B886D1E9
:10C5C8001EEBE0CDD67DDAEA78D16EEE7F4F7DF5B1
:10C5D800BA6F1772AA67F006A698C8A2C57D630A43
:10C5E800AE0DF9BE04983F111B471C13350B711B88
:10C5F800847D0423F577DB289324C7407BABCA32BC
:10C60800BCBEC9150ABE9E3C4C0D109CC4671D4398
:10C61800B6423ECBBED4C54C2A7E65FC9C297F59C8
:10C62800ECFAD63AAB6FCB5F1758474A8C19446C73
:10C63800213A000819470008CB470008214700089D
:10C6480008410008257328293A20636F6E746169D0
:10C658006E6572202564206F70656E206572726F3A
:10C66800723D256400000000257328293A20636F75
:10C678006E7461696E657220256420617574682026
:10C688006572726F723D25640000000025732829C9
:10C698003A204F544120276F6E676F696E672720D5
:10C6A80073746174757320736574206572726F7228
:10C6B8003D256400496E7374616C6C696E67205720
:10C6C8004C7820696D6167653A2073697A65202521
:10C6D80075206279746573002573282920636F6E4D
:10C6E8007461696E6572206F70656E20574C782092
:10C6F8006572726F723D256400000000496E7374A4
:10C70800616C6C696E672057424120696D6167658D
:10C718003A2073697A6520257520627974657300FB
:10C728002573282920636F6E7461696E6572206FA6
:10C7380070656E20574241206572726F723D2564A4
:10C74800000000002573282920636F6E7461696EEC
:10C7580065725F76657273696F6E5F676574206571
:10C7680072726F723D256400257328293A204F5450
:10C778004120696E7374616C6C656420636F6E74BC
:10C7880061696E65722076657273696F6E20736574
:10C7980074206572726F723D256400002573282924
:10C7A8003A204F5441202769646C652720737461CF
:10C7B80074757320736574206572726F723D256499
:10C7C80000000000257328293A204F54412068654D
:10C7D800616465722072656164206572726F723D72
:10C7E80025640000257328293A204F544120666F9C
:10C7F8006F7465722072656164206572726F723D34
:10C8080025640000257328293A20696E76616C69D1
:10C8180064206D6167696320696E206170702066AD
:10C828006F6F7465723A20307825303858000000F0
:10C83800257328293A20776261206170702043525D
:10C8480043206661696C65642C206572726F723D65
:10C8580025640000257328293A2076616C6964698B
:10C868007479206D61726B657220726561642065F0
:10C8780072726F723D256400257328293A20696E0B
:10C8880076616C69642076616C6964697479206D7D
:10C8980061726B6572000000257328293A20726561
:10C8A8006164206572726F723D25640025732829C2
:10C8B8003A207772697465206572726F723D2564DB
:10C8C8002C206F66667365743D25642C2073697A25
:10C8D800653D2564000000005265636569766564FE
:10C8E80020726573706F6E73652077697468207540
:10C8F8006E657870656374656420636F6D6D616ED5
:10C908006420636F64653A2025640000526563659E
:10C9180069766564206572726F723D256420726560
:10C9280073706F6E736520666F7220636F6D6D61D3
:10C938006E642025640000004661696C656420749B
:10C948006F2065737461626C69736820636F6E6EC3
:10C95800656374696F6E207769746820574C582C2A
:10C96800206572726F723D25640000004661696C33
:10C97800656420746F20646973636F6E6E65637499
:10C988002066726F6D20574C582C206572726F723A
:10C998003D2564004661696C656420746F20676595
:10C9A80074206170702076657273696F6E2066728C
:10C9B8006F6D20574C582C206572726F723D25643C
:10C9C80000000000526563656976656420696E76CB
:10C9D800616C69642076657273696F6E2072657325
:10C9E800706F6E73652066726F6D20574C5800002B
:10C9F80052656365697665642076657273696F6EE2
:10CA080020726573706F6E7365207769746820751E
:10CA18006E657870656374656420696D616765200B
:10CA2800747970653A202564000000004661696CDD
:10CA3800656420746F206765742076657273696F0A
:10CA48006E2066726F6D20574C582C206572726F7D
:10CA5800723D256400000000257328293A20676587
:10CA6800742076657273696F6E206572726F723D9D
:10CA780025640000626F6F74206677207665723DCA
:10CA8800253038582C2061707020667720766572C2
:10CA98003D253038580000004661696C6564207493
:10CAA8006F2073656E6420574C5820696D61676507
:10CAB800206368756E6B2C206572726F723D2564F9
:10CAC800000000005374617274696E6720757365A5
:10CAD80072206170706C69636174696F6E20617433
:10CAE800203078253038582E2E2E00004D42000078
:10CAF8004B420000312E312E3000000041494D20BC
:10CB080076657273696F6E202573000044656275DF
:10CB18006700000041494D206275696C6420747992
:10CB280070653A202573000031353939356239622C
:10CB3800343134663266666635636534393964364D
:10CB48003437396561353932356333643064366674
:10CB580020286469727479290000000041494D2039
:10CB6800636F6D6D697420686173683A202573007E
:10CB78004E2F410041494D20636F6D6D69742064EB
:10CB880065736372697074696F6E3A20257300006B
:10CB980053544D3332437562655742413A202575E7
:10CBA8002E25752E25750000486F7374204D43554A
:10CBB8003A202573202830782558292C207265764C
:10CBC8006973696F6E3A20257320283078255829B3
:10CBD80000000000436F6E66696775726174696F63
:10CBE8006E206D69736D617463683A2041494D2008
:10CBF800636F6E6669677572656420666F7220255B
:10CC080075257320666C6173682073697A652C20BA
:10CC1800627574207468652061637475616C207333
:10CC2800697A6520697320257525730044657465E4
:10CC38006374656420666C6173682073697A653A09
:10CC480020257525730000004661696C65642074B1
:10CC58006F20696E697469616C697A6520434D4F0C
:10CC680058000000506F7765722D6F6E2F42726FFB
:10CC7800776E6F75740000005761746368646F673E
:10CC8800000000004F7074696F6E2042797465204F
:10CC98004C6F616465720000496C6C6567616C205B
:10CCA8004C504D00536F6674776172650000000048
:10CCB80045787465726E616C204E525354000000C2
:10CCC80043616E27742072656C6961626C792064B7
:10CCD8006574656374207265736574207265617329
:10CCE8006F6E2C20616D626967756F757320726550
:10CCF80073657420666C6167733A20307825303824
:10CD080058000000526573657420726561736F6E18
:10CD18003A2025732052657365740000557064616C
:10CD2800746520696E7374616C6C207265717565C9
:10CD3800737465642070726573656E7420696E2003
:10CD480052414D00556E61626C6520746F206669B2
:10CD58006E64206120626F6F7461626C652061701F
:10CD68007020696D616765005A314DA6101518A6C7
:10CD7800C5BDB944961604DE14531A280D4EF53F66
:10CD8800FA3135A08E2F4CA9000000002573282900
:10CD98003A20636F6E7461696E657220696E737490
:10CDA800616C6C206572726F723D25640000000032
:10CDB8004661696C656420746F20696E6974696185
:10CDC8006C697A6520696E7465726E616C20666C38
:10CDD8006173682073746F72616765004661696C7E
:10CDE800656420746F20696E697469616C697A651D
:10CDF8002065787465726E616C20666C617368205A
:10CE080073746F7261676500496E7374616C6C69E5
:10CE18006E67204F544120636F6E7461696E65724E
:10CE28002E2E2E00496E7374616C6C696E672066D5
:10CE38006163746F727920636F6E7461696E657275
:10CE48002E2E2E004163746976652061707020690A
:10CE58007320696E20747269616C207374617465E3
:10CE680000000000547269616C2065787069726511
:10CE7800642C207374617274696E67207265636FC5
:10CE8800766572792E2E2E00257328293A20616343
:10CE980074697665206170702076616C6964697464
:10CEA8007920636865636B206572726F723D2564D3
:10CEB8002C20726573657474696E67207379737456
:10CEC800656D0000257328293A20616374697665C9
:10CED800206170702076616C6964206572726F726F
:10CEE8003D25642C207265636F766572696E6700F4
:10CEF8004D4554413A2061707020696D706C3D2534
:10CF080064000000426F6F74206D6F64653D256496
:10CF180000000000257328293A20756E6578706531
:10CF28006374656420626F6F74206D6F64653D255E
:10CF380064000000257328293A20696E76616C69BF
:10CF4800642061707020696D706C3D253032580026
:10CF5800257328293A20626C6F636B5F6465766974
:10CF680063655F6572617365206572726F723D25D6
:10CF780064000000257328293A20626C6F636B5F98
:10CF88006465766963655F77726974652065727236
:10CF98006F723D2564000000257328293A20626CD1
:10CFA8006F636B5F6465766963655F726561642052
:10CFB8006572726F723D2564000000002573282990
:10CFC8003A20696E76616C6964206D65746164618C
:10CFD80074612061707020696D706C206D61676983
:10CFE80063000000257328293A20636F756E746505
:10CFF800722076616C756520696E206C696E65209B
:10D0080025750000257328293A20747269616C20FF
:10D01800636F756E746572206D61786564206F75D5
:10D0280074000000257328293A20696E76616C69BE
:10D0380064204F544120696E7374616C6C00000069
:10D04800257328293A20696E76616C6964207374A7
:10D05800617475733D256400257328293A206E6F25
:10D068002076616C696420636F6E7461696E6572A5
:10D078002076657273696F6E20666F756E642069BD
:10D088006E204F5441207374617475730000000062
:10D098004661696C656420746F20636F6E73747287
:10D0A800756374205348413531322068616E646C71
:10D0B800650000006861736820696E697420657294
:10D0C800726F723D2564000053484135313220614A
:10D0D8007070656E64206572726F723D2564000021
:10D0E800534841353132207365745461674C656E1D
:10D0F800206572726F723D25640000005348413507
:10D1080031322067656E65726174655461672065A8
:10D1180072726F723D256400534841353132206385
:10D128006572726F723D256400000000556E616281
:10D138006C6520746F206C6F616420766572696617
:10D1480069636174696F6E206B6579005B25755D35
:10D158001B5B313B33316D5B4552524F525D1B5B5C
:10D16800306D3A20000000005B25755D1B5B313B8C
:10D1780033336D5B5741524E494E475D1B5B306DF3
:10D188003A2000005B25755D1B5B313B33326D5BDC
:10D19800494E464F5D1B5B306D3A20005B25755D3F
:10D1A8001B5B313B33346D5B44454255475D1B5B2C
:10D1B800306D3A2000000000756E6B6E6F776E2040
:10D1C80049443A206D3D3078253032582C20643D52
:10D1D800307825303258206A3D3078253034580070
:10D1E800556E636F727265637461626C6520454346
:10D1F80043206572726F7220646574656374656438
:10D2080020696E20666C61736820617420616464B3
:10D218007265737320307825303858001B5B306D89
:10D228000A00000057616974696E6720666F722092
:10D238004446552061637469766174696F6E20286D
:10D2480074696D656F7574203120736563292E2E9E
:10D258002E000000257328293A20636F6D6D5F69E1
:10D268006E6974206661696C656420666F72205708
:10D27800424120444655000053657269616C204460
:10D288004655206D6F6465206163746976617465C5
:10D29800642C2077616974696E6720666F722063F9
:10D2A8006F6D6D616E64732E2E2E00005265626F75
:10D2B8006F74207265717565737465642062792076
:10D2C800686F73742C207265626F6F74696E672E55
:10D2D8002E2E0000444655206D6F646520726571DE
:10D2E800756573742074696D6564206F75740000CA
:10D2F8005265762E20420000556E6B6E6F776E0079
:10D308005265762E204100005265762E205A000084
:10D3180053544D33325742413578000053544D33FE
:10D32800325742413678000030313233343536379F
:10D3380038396162636465666768696A6B6C6D6ECB
:10D348006F707172737475767778797A000000005F
:10D358003031323334353637383941424344454623
:10D368004748494A4B4C4D4E4F50515253545556CD
:10D378005758595A000000003C4E554C4C3E00008E
:10D388006170706D616E5F636F6E7461696E6572F6
:10D398005F696E7374616C6C000000006170705F8F
:10D3A8007762615F696E7374616C6C006170705F45
:10D3B8007762615F76616C69646974795F737461BF
:10D3C80074655F67657400006170705F7762615FA4
:10D3D80061757468656E7469636174650000000046
:10D3E8000000000000000000000000000000000035
:10D3F800FFFFFFFFFFFFFFFFFFFFFFFFFFFFFFFF35
:10D408001EF9C37A208B5ED4DAC4B7315F62A0E913
:10D418006170705F776C785F696E7374616C6C00B3
:10D428000000024202000000000000000004024266
:10D43800004000000000000000000242000400005C
:10D44800000000000004024280000000000000000C
:10D458005F626F6F746D67725F737769746368007A
:10D468005F626F6F746C6F616465725F7265636F22
:10D47800766572795F666C6F770000005F626F6F28
:10D48800746C6F616465725F6E6F726D616C5F66FC
:10D498006C6F77005F626F6F746C6F616465725F49
:10D4A800696E7374616C6C5F666C6F770000000066
:10D4B800626F6F746C6F616465725F617070000099
:10D4C8006D657461646174615F6F74615F696E73C7
:10D4D80074616C6C65645F636F6E7461696E6572AC
:10D4E8005F76657273696F6E5F7365740000000024
:10D4F8006D657461646174615F6F74615F696E7397
:10D5080074616C6C65645F636F6E7461696E65727B
:10D518005F76657273696F6E5F67657400000000FF
:10D528006D657461646174615F6F74615F696E7366
:10D5380074616C6C6174696F6E5F73746174757318
:10D548005F736574000000006D65746164617461E7
:10D558005F6F74615F696E7374616C6C6174696F1D
:10D568006E5F7374617475735F67657400000000A3
:10D578006D657461646174615F6F74615F74726911
:10D58800616C5F636F756E7465725F696E637265F7
:10D598006D656E74000000006D657461646174618E
:10D5A8005F6F74615F747269616C5F636F756E74CD
:10D5B80065725F67657400006D65746164617461AC
:10D5C8005F636F6E6669675F6170705F696D706CCD
:10D5D800656D656E746174696F6E5F736574000064
:10D5E8006D657461646174615F636F6E6669675FBE
:10D5F8006170705F696D706C656D656E746174697A
:10D608006F6E5F6765740000000000000000000096
:10D618000000000000000000FFFFFFFFFFFFFFFF0A
:10D62800FFFFFFFFFFFFFFFFA5A5A5A57856341252
:10D63800214365875A5A5A5ABEBADEC0CEFAEDFE61
:10D64800E20DAC0278563412BEBADEC0CEFAEDFE58
:10D65800E10DAC02E1FEED5E0DF0ADDEB3AB9A99E3
:10D66800FFFFFFFFFFFFFFFFFFFFFFFFFFFFFFFFC2
:10D67800FFFFFFFFFFFFFFFFFFFFFFFFFFFFFFFFB2
:10D68800FFFFFFFFFFFFFFFFFFFFFFFFFFFFFFFFA2
:10D69800FFFFFFFFFFFFFFFFFFFFFFFFFFFFFFFF92
:10D6A800EF171870C2171820757700089D770008C3
:10D6B80003770008BD77000873657269616C5F6461
:10D6C80066755F70726F6365737300000000000019
:10D6D800010203040000000001020304010002002B
:10D6E8000400060008000A000C001000200040009A
:10D6F800800000010804020408010101010101037E
:04D708000701000015
:08D70C005C73FF7F01000000C7
:04D714008501000883
:04D7180061010008A3
:10D71C0040070020540700206807002045550008EA
:10D72C001D55000828D4000834D4000840D4000843
:10D73C004CD40008F17400087D74000801740008D2
:10D74C007C070020000028000000140001000000ED
:10D75C00001000007C0700200000140000001400E2
:10D76C0001000000001000007C07002000000000F9
:10D77C000000140001000000001000004F750008AC
:10D78C0041750008197500080000024220000000D5
:10D79C000000000034070020000000000000000022
:10D7AC0010000000002000003407002000000000E2
:10D7BC0000000000100000000020000034070020D2
:10D7CC00000000000000000010000000002000001D
:10D7DC00A58300088D8300080024F40001000000DC
:10D7EC00E407002000000000681A0020D01A002076
:10D7FC00381B0020000000000000000000000000AA
:10D80C00000000000000000000000000000000000C
:10D81C0000000000000000000000000000000000FC
:10D82C0000000000000000000000000000000000EC
:04000005080079DD99
:00000001FF
