:020000040800F2
:108800000BB0FEC035000000008C000853657020DE
:10881000203920323032360032333A32343A34336F
:1088200000000002010100020008530300EFAB3E0C
:0588300027E66E9ED258
:108C000000080020899C0108C9180108010B01080F
:108C1000CB180108CD180108CF180108000000008A
:108C2000000000000000000000000000E1E9020870
:108C3000D11801080000000041EA020805C102083D
:108C4000859C0108859C0108D5180108859C0108B0
:108C5000859C0108859C0108E1180108F5180108A8
:108C6000859C010831190108859C0108859C010833
:108C70005D19010869190108859C0108511901084D
:108C8000859C0108859C0108859C0108859C01083C
:108C900000000000859C0108859C0108859C010856
:108CA000859C0108859C0108859C0108859C01081C
:108CB000859C0108859C0108859C0108859C01080C
:108CC000859C0108859C0108253D0108859C0108BB
:108CD000859C010875190108859C0108859C01087F
:108CE000859C01084119010881190108859C01082A
:108CF000859C01080000000000000000859C010820
:108D0000859C0108859C0108192B0108859C010898
:108D1000859C0108859C0108859C0108859C0108AB
:108D2000859C0108859C0108859C0108859C01089B
:088D3000859C0108859C0108E7
:108D400010B5054C237833B9044B13B10448AFF385
:108D500000800123237010BD300A002000000000B5
:108D60001035030808B5034B1BB103490348AFF3A3
:108D7000008008BD00000000340A00201035030800
:108D80004FF4AD60704700BF08B500F075F90020E2
:108D900008BD00BF08B500F07BF9002008BD00BF8A
:108DA00000F078B910B584B00DF10F04CDE900439F
:108DB000069B00F021FB9DF90F0004B010BD00BF21
:108DC00010B584B00DF10F04CDE90043069B00F00F
:108DD0003FF89DF90F0004B010BD00BF00F066BA67
:108DE00000F0BABA30B587B0DDE90A5400950194B5
:108DF00005AD0DF11304CDE902450C9C00F086F899
:108E0000059B9DF91300236007B030BD30B587B0D6
:108E1000DDE90A540095019405AD0DF11304CDE987
:108E200002450C9C00F0DAF8059B9DF913002360C5
:108E300007B030BD00B585B0069901910DF10F0165
:108E4000009100F02DF99DF90F0005B05DF804FBCD
:108E50002DE9F04784B093F800A0DDF830909846F3
:108E6000002705460C46164627490D9A88F80070DB
:108E70005346002001F0D0FE89F800703B46CDF843
:108E8000009022463146284601F0FAFB99F900701D
:108E900017B104B0BDE8F0870DF10F03224631464B
:108EA00028468DF80F7000F0C3FB89F800006EB102
:108EB00004EB0616617B0197A3680093D4E90023B5
:108EC0002846103402F0F4FBB442F3D195F81015A3
:108ED000284602F077F8BAF1000F0BD1022389F887
:108EE00000300023C5F83033284600F09BFB04B067
:108EF000BDE8F0870D9BCDF80090524641462846CC
:108F000000F03CFFEDE700BF000008402DE9F04F06
:108F100085B0DDE9108A1D46DF2388F80030002483
:108F20001023172DCAF8004003932AD917460029A9
:108F300034D106460C4688F800108B4640F21739AB
:108F400001E00B2C20D049FA04F3DB0704F1010403
:108F5000F7D5DDE90E23CDF800B0E1B2304602F0DE
:108F600049FA0028EDD00F9B01930E9B009303AAB2
:108F700003462946384601F04FFD88F800000028D6
:108F8000DFD005B0BDE8F08F98F90030002BF8D1A4
:108F9000DDE90E12304600F041FE78B998F9004044
:108FA000002CEED1039BCAF800303846514600F041
:108FB000DFFD88F8004005B0BDE8F08F0F9B0193FE
:108FC0000E9B00932946034603AA384601F024FD70
:108FD000044688F80000002CD3D1E3E72DE9F04FD8
:108FE00085B0DDE9108A1D46DF2388F800300024B3
:108FF0001023182DCAF80040039329D9174651BBF6
:1090000006460C4688F800108B4640F2173901E0FE
:109010000B2C20D049FA04F3DB0704F10104F7D547
:10902000DDE90E23CDF800B0E1B2304602F00EFAD1
:109030000028EDD00F9B01930E9B009303AA0346DB
:109040002946384601F0E8FC88F800000028DFD007
:1090500005B0BDE8F08F98F90040002CF8D1039BD3
:10906000CAF800303846514600F082FD88F80040CA
:1090700005B0BDE8F08F00BF10B402200324012228
:1090800000230C70487010BC8A70CB70704700BF12
:1090900000F02EBA08B501F007F8002008BD00BFA7
:1090A0002DE9F04F8BB0DDE91464CDE906234FF0D4
:1090B000000800234FF000090546C4E9023300F51B
:1090C000A56184F839306387A38784F83E30142281
:1090D000C4E9008904F1100026F0D6FC05F2145111
:1090E00004F12400142226F0CFFC95F83C3584F8D6
:1090F000383095F85235012B02D0284600F092FA0C
:10910000DDE90623CDE9002300210DF1250009AF9B
:10911000B5F80EA5039022463170284631460297D5
:1091200000F008FC9DF8243013B10BB0BDE8F08FBF
:109130009DF825202146284600F0CEFF0DF1260996
:10914000034680460097CDF8049022460121284628
:1091500000F094FA9DF82430BDF826603BB195F8F4
:10916000223484F83A3095F8203484F83B30434672
:10917000CDE9007922460221284600F07FFA9DF8C9
:109180002430BDF826B0002B6ED143462246CDE9EF
:1091900000790321284600F071FA9DF82430BDF8CB
:1091A00026200592002B73D1CDE900794346224653
:1091B0000421284600F062FA9DF82430BDF826709C
:1091C00006AA2146284600F03FFEDDE9062305F504
:1091D000AC61C1E9002395F85235012B4DD0059BB8
:1091E0005E4528BF5E469E42B04628BF9846B845B9
:1091F00028BFB846C245B5F8163428BFC246B3FBEF
:10920000FAF80AFB1838AAEB080A1FFA8AFAB5F826
:10921000D063A5F81AA453449BB2B3FBF6F206FB45
:109220001233A5F8163400221E4B1F49ADF82660F4
:10923000002026F0BDFF05F045FA06F06DFFDDE9E0
:1092400006230E46A0FB0A01821806FB0A1141EB19
:1092500003030021C4E90023284685F81D1400F00B
:10926000CFFE0BB0BDE8F08F95F8213484F83C3088
:1092700095F8203484F83B3087E7B5F81634B3FB13
:10928000F8F008FB1030A8EB00081FFA88FABEE7D8
:1092900095F8203484F83B302146284600F0E2FB64
:1092A00082E700BF00001C40000024402DE9F04F81
:1092B0008BB08846DDF850901646002100F5AC6270
:1092C00005460DF11E0B00200DF1200AC2E9000138
:1092D0001C4631465B4640464A46CDF800A001F0A8
:1092E00021FA9DF91E3013BB0DF11F03083E0593B3
:1092F000089FB7424B4622465146404625D209AF09
:109300000297059FCDE900B701F046FC9DF91E309C
:10931000224628465BB99DF81F10FE290BD0099BF9
:1093200001F024FE03468DF81E00002BE0D0184605
:109330000BB0BDE8F08F099A214601F075FA03469B
:109340008DF81E00002BD3D0F1E79DF91E30184692
:109350000BB0BDE8F08F00BF2DE9F04F8BB00F468A
:10936000DDF850900DF11E0B0DF1200A1146154647
:1093700080461C4638465B464A46CDF800A001F0C0
:10938000D1F99DF91E3013BB0DF11F03083D059364
:10939000089EAE424B4622465146384625D209AE7B
:1093A0000296059ECDE900B601F0F6FB9DF91E3050
:1093B000224640465BB99DF81F10FE290BD0099B41
:1093C00002F04AF903468DF81E00002BE0D0184643
:1093D0000BB0BDE8F08F0999204601F001FB034670
:1093E0008DF81E00002BD3D0F1E79DF91E301846F2
:1093F0000BB0BDE8F08F00BF2DE9F04F8DB0002716
:1094000093F800A0DDF858901F7006460D461446EC
:1094100000F57A711E2204A8984626F035FB0DF15E
:109420000F0189F800702B460091CDF80490224678
:10943000304604A98DF80F7000F05AF99DF80F30EE
:10944000002B42D186F81F3464BB0C2389F800300E
:1094500004A9304600F07EF9002839D199F90000BE
:1094600000282CDB204FDFF884B0002403E0651CCB
:109470001F2D2C4623D047FA04F3DB07F7D514F849
:109480000B200CAB03EB420102F2F31331F8222C58
:1094900036F81330651C9342E9B23046E8D000F04C
:1094A000E9FDE5E704AA0092CDF804902A4621469A
:1094B000304601F00DF899F90030002BC8DABAF106
:1094C000070F08D8F12389F800300DB0BDE8F08F00
:1094D00089F80000C4E7179A4146304600F0D4FAF4
:1094E0000DB0BDE8F08F00BFEF791240C0D1030886
:1094F00010B5044601F0CEFC204600F0C1FF204626
:1095000000F060FE204610BD2DE9F0470646414DB3
:10951000414F02F075F8002303E05C1C1F2C23462A
:1095200010D045FA03F2D107F7D5DA5D02F2F31253
:109530005C1C36F81220E1B2304602F00FF91F2C05
:109540002346EED1304601F0DFFFDFF8C890324FFE
:10955000DFF8CC80002502E001351F2D35D049FA17
:1095600005F3DA07F8D5EB5D334493F80534002BA7
:10957000F2D038F915A0002402E001340B2CEBD016
:109580004AFA04F3DB07F8D5631E092B3FD8DFE85E
:1095900003F0051A18161412100E0C0A0221304698
:1095A00002F0B2F8E9E70B21F9E70A21F7E7092110
:1095B000F5E70821F3E70721F1E70621EFE70521A9
:1095C000EDE70421EBE70321E9E70024214686F8D3
:1095D0001C440F2206F2064026F0B4F90F4B86F821
:1095E0001844DB7806EB43032146B3F8420306F246
:1095F000244333F8022B904201F1010103D00429E6
:10960000F7D1BDE8F08786F81814BDE8F08701218E
:10961000C5E700BFEF791240C0D10308A8D1030805
:10962000E0D1030890F81C3403B970476CE700BF21
:10963000F9B12DE9F041DFF84080864602EB011CCC
:109640000020517B4144D2E9006711F8011C0EEB68
:10965000C101D1E98045AF4208BFA64202F1100224
:1096600003D11978002908BF04209445E9D1BDE849
:10967000F0810846704700BFA8D10308F0B4013953
:109680001A4C049D645C059E00EB44040027B4F86A
:1096900042432F70348090F85275012F1ED04FF640
:1096A000FF739C4213D0B0F81664B6FBF4F304FBCE
:1096B0001364A4B26CB9012390682B70C9B203FA89
:1096C00001F1014382F83D3082F83E309160F0BCF8
:1096D000704790F81D34002BF9D0ECE74FF6FF7778
:1096E000BC42F4D033801C46D9E700BFA8D10308A0
:1096F00032B370B50C46049900220A701A79013A07
:10970000012A00D970BD1E6800210546304606F0CA
:109710005DFC049B003818BF012018700021304602
:1097200006F054FC0028EDD0228847F230539A42CC
:1097300007D062889A4204D00B23059A137070BD3B
:10974000704795F91E34002BF7D1012385F81D349D
:1097500070BD00BF2DE9F04F002306460D46704C4A
:10976000DFF8C0C183B019466FF000474FF0010E1B
:109770004FF6FF7005E0824218BF012101331F2B15
:1097800010D044FA03F2D207F8D513F80C203A446B
:1097900035F81220B2F5E16FEDD101331F2B86F8B9
:1097A0001FE4EED196F81F34ABBBB6F80E755C48DB
:1097B0005C4C394640FA03F2D20706D51A5D013AED
:1097C00035F81220914228BF114601331F2BF1D1E9
:1097D0004FF6FF74A14229D0B7FBF1F301FB1373DD
:1097E0009BB29BB94E4FDFF83CC147FA03F2D20758
:1097F00019D513F80C20013A35F81200A04212D006
:10980000B0FBF1F201FB120292B262B16FF00F00F5
:1098100003B0BDE8F08F00290CBF00206FF00F00EF
:1098200003B0BDE8F08F01331F2BDED14FF6FF717F
:109830003D4A3B4CDFF8ECE08C46002352F8040B29
:10984000000744FA03F710D5F8070ED513F80E00F9
:10985000013835F81000604507D0614504D08842D2
:1098600003D06FF01000D3E7014601331F2BE5D181
:109870004FF6FF73994251D006F22443002402E0D0
:109880000134042C09D033F8022B8A42F8D106EBBC
:109890004404B4F82C440434A4B2DFF884B0DFF8F4
:1098A0008CA0DFF88C90019400274BFA07F3DB07BC
:1098B0002FD51C4BFB5C013B35F81380404606F06E
:1098C0009DF996F8201496F82134019A044696F8EA
:1098D000220449004000C0B2C9B25B000144DBB2BF
:1098E0000B44134498B206F085F9514606F0DAF9B4
:1098F000494606F08BFA0146204606F071FB40B15E
:109900004FF6FF73984504D06FF0110003B0BDE827
:10991000F08F01371F2FC8D1002079E70424BCE75E
:10992000EF791240C0D1030820D203080000C842DA
:1099300000007A442DE9F04F87B000F5AC6B9246F9
:10994000129ADBE900894FF0000C82F800C0139AEC
:1099500082F800C058EA090204460F46DDE91030DB
:1099600011D104F5A961C4F84035C4F84405C1E932
:109970000089D4F85035384A23F07F43934257D0BA
:1099800007B0BDE8F08F94F8D223002AF1D194F803
:109990005225B3EB080660EB0901022A03910AD0B5
:1099A000D4F84025D4F844159B1A60EB0100C4F8A4
:1099B0004C05C4F84835294B2949B4F81A840022CB
:1099C000002026F0F5FB04F07DFE06F0A5FB0B461B
:1099D000A0FB0801851B0095039D03FB081161EBAB
:1099E00005050195DDE90089020942EA01720B11C2
:1099F000424573EB090522DB351A0495039D65EB9F
:109A000001010591DDE9040182428B41B1DA642351
:109A10003B70D4F85035104A23F07F439342AFD1C6
:109A20001399012200230A703B7007B0BDE8F08F44
:109A300097F90030642BF3D007B0BDE8F08FDBE975
:109A400000321B1841EB0202CAE90032129B64206B
:109A50000121387019708CE73075010000001C403E
:109A600000002440074B5B7B00EB43004FF6FF7385
:109A7000B0F842239A4203D08B6843F400538B60C2
:109A8000704700BFA8D103082DE9F04F85B000272B
:109A9000CDE90212DFF8D0A02F4DDFF8D0B0009052
:109AA0003E4604E0731C0193019E182E50D0012302
:109AB00003FA06F8294B18EA030FF3D0029903982A
:109AC0000B780133DBB25A1E00EBC209741C0B7019
:109AD000019489F8044040F832A000240EE04FF6CB
:109AE000FF739E4207D006F085F801461C4806F039
:109AF0008DF9C9F8000001341F2CD5D045FA04F3C4
:109B0000DB07F8D55BF8243018EA030F5146F2D092
:109B1000144BD9F80070E35C009A03F2F313384653
:109B200032F8136006F052FA02463046002AD6D1C7
:109B300006F060F801460A4806F068F90646314624
:109B4000384606F04DFA0028D5D0C9F80060D2E7B3
:109B500005B0BDE8F08F00BFEF7912400F20E000A4
:109B60000000C842C0D1030800FF7F4720D203088D
:109B7000F0B589B004460D46274B029302A903A80D
:109B8000042225F081FF9DF80F309DF80C009DF810
:109B90000D109DF80E20E37020706170A27004A972
:109BA00006A83D2600270822CDE9046725F06CFFB2
:109BB00006A9201D082225F067FF2B6802A9103B8B
:109BC00003A80422029325F05FFF9DF80C009DF886
:109BD0000D109DF80E209DF80F302073A273E373D3
:109BE00061732968204601AA04F01AFE2B689DF8CB
:109BF00004009DF805102344002218712B682344AB
:109C000059712B6823449A7128680444E2712B68C7
:109C100008332B6009B0F0BD000102032DE9F047C5
:109C200084B0064617460E240DF10702FE200D46AD
:109C30008DF8074004F018FD9DF807800390B8F1F7
:109C4000000F2AD0012406F5A56A06F21459E3B2E2
:109C5000013B0D2B0FD8DFE803F03A324A42521491
:109C60007169615A8179880796F83E0503AB3A46D7
:109C7000294601F01FFFA04504F101030CD01C464A
:109C8000E5E703AB3A46294606F59E6002F058F92F
:109C9000A04504F10103F2D10398ADF80A000222B5
:109CA0000DF10A0102A825F0EFFE9DF808209DF8AD
:109CB000093003982A706B7004B0BDE8F08796F8FD
:109CC000210403AB3A46294601F0F4FED3E796F8A7
:109CD000200403AB3A46294601F0ECFECBE703AB88
:109CE0003A46294606F2244002F0BCF8C3E796F84B
:109CF000220403AB3A46294601F0DCFEBBE703AB86
:109D00003A46294606F23C4002F0EEF8B3E703ABD0
:109D10003A462946484602F05FF9ACE703AB3A46BB
:109D2000294606F2115002F031F9A4E796F8100521
:109D300003AB3A46294601F0BDFE9CE7B6F80E0596
:109D400003AB3A46294601F0EBFD94E796F83C0553
:109D500003AB3A46294601F0ADFE8CE703AB3A4629
:109D60002946504602F038F985E796F83D0503ABE1
:109D70003A46294601F09EFE7DE700BF2DE9F04FEF
:109D8000D0F850452E4D24F07F44AC4289B040D0ED
:109D900005F1804505F58815DFF8A8B00F46904617
:109DA000994605F2BF4500244FF6FF7A02E00134E0
:109DB0001F2C2ED045FA04F3DB07F8D514F80B302E
:109DC00000EB43030126B3F85233534506FA04F27D
:109DD00022D0D0F830331A4204F10104E8D00DF15A
:109DE0001303E1B2009305AA06AB0391029001F0C0
:109DF00069FB3B7803F1010E5FFA8EFE0EF1FF3C2A
:109E00004345DDE9020109EB0C1C07D3129A032339
:109E1000137009B0BDE8F08F3444C9E7DDE90623CB
:109E200087F800E0CCE90023059A9DF813308CF800
:109E30000D108CF80C60CCF808208CF80E30B7E7C9
:109E400030750100C0D10308002B00F0B8802DE967
:109E5000F043012381F8393090F85235012B87B057
:109E600004460D46164606D090F8183400EB43031E
:109E7000B3F832348B8194F8213485F83C3094F86F
:109E8000203485F83B3003A920460DF10B0304AACA
:109E900001F008FB0398002106F098F8E0B194F86F
:109EA0001D34CBB994F85235012B08D094F81824FE
:109EB00004EB4202022BB2F82A24EA8105D004F511
:109EC000A963D3E90023134376D1D6E90023C4E97B
:109ED000F62307B0BDE8F083D4E9F623D4E9F8010E
:109EE000824273EB0107CDE9042303DACDE90401D3
:109EF00002460B46D6E90001801A61EB030105F02A
:109F000093FE374905F082FF4FF08141039026F020
:109F10003DFA34490746039826F038FA3249DDF80D
:109F20000C808146384605F0BDFE3049074648465C
:109F300005F0B8FE0146384605F0ACFD414607463F
:109F4000404605F0AFFE2A4905F0ACFE0146384612
:109F500005F0A0FD27490746404605F0A3FE01464F
:109F6000384605F097FD244905F094FD234905F096
:109F700099FE26F0E3FD06F097F894F81D34E88189
:109F80000022EBB901930092D6E900231621204666
:109F900001F08EFB94F85235022B05D004F5A9632D
:109FA000D3E90023134307D194F81D34002B8CD040
:109FB000D6E90023C4E9F82307B0BDE8F083704771
:109FC0004FF07E5301920093D6E9002316212046DC
:109FD00001F06EFBAB6843F40013AB60DAE700BF3F
:109FE000286B6E4E00004040598207B0DFE0C2345B
:109FF0003767D9B85A8E863C6A92E43E00007A44AC
:10A00000F8B50446D0F8D803D4F8DC13101A63EB83
:10A01000010115461E4605F007FE134905F0F6FE40
:10A020001249074605F0DCFF20B91149384605F012
:10A03000F5FF18B1652384F81E34F8BDD4E9F801A2
:10A04000281A66EB010105F0EFFD074905F0DEFE79
:10A05000064905F0C5FF18B1662384F81E34F8BD23
:10A0600084F81E04F8BD00BF286B6E4E00007042DD
:10A07000000070430B4B0B4410B413F8013C00EB91
:10A080004301B1F8E643944204D0013B0344012468
:10A0900083F806440123A1F8E62310BC80F81C34A1
:10A0A000704700BFC0D103080139032900D97047A8
:10A0B00010B504465C3002F08BFF0121204601F010
:10A0C00023FB04F12C0003F015FD20460221BDE81E
:10A0D000104001F019BB00BFF0B590F85235012BCC
:10A0E00083B004460D4609D0022B39D00BB30023B0
:10A0F00084F852354FF6FF7003B0F0BD00F5AB6346
:10A1000000F5A961D1E90001D3E90067B04271EB24
:10A1100007032FDBB4F80E25B4F8500547F230538F
:10A1200002219A4284F85215E6D10023A4F816348D
:10A13000E2E7012380F81C34FFF7E6F9B4F84A138C
:10A14000A4F8501547F23053994220D0B1F5967FCC
:10A150001DD002234FF6FF7084F8523503B0F0BDD6
:10A1600000F5A963D3E900231343C0D04FF6FF7075
:10A1700003B0F0BD002ACDD194F83D350093B4F87A
:10A1800050352A4600F062FD4FF49670B4E7012383
:10A1900084F8523594F83D0500F0D6FC04F5AB6325
:10A1A000C3E9000194F83D35009304F5A961D1E9B4
:10A1B0000001B4F850352A4600F048FD4FF496707F
:10A1C00003B0F0BDF0B505460022002300F5AB64F6
:10A1D00000214FF6FF7785F85215A5F8507500F568
:10A1E000A860C4E9002305F5A964C0E90023C4E917
:10A1F0000023022005234FF4817285F83E1585F86F
:10A200003D05A5F8202485F8223418228B498BB00F
:10A2100005F2244005F23A4425F036FC05F2EE46FC
:10A220003A46234623F8022FB342FBD1844B854F95
:10A230008549C5F83C34C5F84034C5F84C34C5F8F8
:10A240005434C5F86434814BC5F8DC14C5F848743F
:10A250004FF06411C5F86074C5F86C74C5F87834B3
:10A260007B4FC5F87C34C5F88034C5F88434C5F814
:10A270008834C5F88C34C5F89034764B764ADFF8CC
:10A28000F8E1C5F844144FF0640C40F2DC50C5F816
:10A290005014C5F85C14C5F86814C5F89C7441F2F4
:10A2A00070716E4FC5F8A0344FF49673A5F85AC478
:10A2B000A5F874C4C5F870E4A5F8DA04A5F8C804D4
:10A2C000C5F8BC24C5F8C024C5F89824A5F8961490
:10A2D000C5F8A474C5F8A824A5F8CA04C5F8AC2428
:10A2E000A5F8B014A5F858345D49402205F564700E
:10A2F00025F0CAFB08AB009395F83D0506AB04AA10
:10A3000002A904F01BFB049A069F08980299C5F85D
:10A3100098230023059ADDF81CC0C5F89473C5F88E
:10A320009003099F0398C5F89C13C5F8A4334FF018
:10A330008041C5F8A833C5F8AC33C5F8B823494BFC
:10A34000494AC5F8C413C5F8C823C5F8CC33C5F8C5
:10A35000B4C3C5F8B073C5F8BC03334605F20C515D
:10A360004FF6FF7223F8022F8B42FBD14FF0000C07
:10A3700047F230514FF4A0620A2385F8D2C3A5F802
:10A380000E15A5F8102585F81235384F384805F216
:10A39000125305F2265C4FF4A071052203E017F971
:10A3A000012F30F8021F23F8022F63459982F6D15E
:10A3B0000A22002385F83C25A5F8D0334FF6FF711B
:10A3C00034F8023F8B4205D0B5F8D0239A4238BF0B
:10A3D000A5F8D033B442F3D1264CDFF8A0C0002357
:10A3E000012744FA03F2D20711D513F80C2005EB2C
:10A3F0004201013AB1F8EE04B1F8E66386421CBFAF
:10A40000521982F80674A1F8E60385F81C7401332A
:10A410001F2BE6D105F2054305F21441012203F892
:10A42000012F8B42FBD195F81C340BB90BB0F0BD5A
:10A430002846FFF769F80BB0F0BD00BFECD0030869
:10A440003075307564003075DC05DC052C012C019D
:10A4500070170807080708077017701708077017A4
:10A4600010D10308000010410000404004D103084F
:10A47000D8D00308EF79124030756400C0D10308CA
:10A480000022002330B4002100F5AC6480F81814D9
:10A49000A0F81614C4E90023C0E9F623C0E9F823A4
:10A4A00047F23053A0F81A3400F2054200F2E633C6
:10A4B00000F204454FF6FF7423F8024FAB4202F856
:10A4C000011FF9D14FF4CC0330BCC0F81C347047E5
:10A4D0002DE9F04F87B0DDF84480029369B3DFF8CF
:10A4E0009C9182460F46154601264FF0000B2979B4
:10A4F0004C1EE4B249FA04F3DB0721D51E2C1FD809
:10A50000CDF800809AF83D359AF83E25286800F08D
:10A51000A5FA98F9003023330FD0012303FA04F48D
:10A5200014EA0B0F19D0F32388F800303346BB42EE
:10A5300005F1080506F10106D9DB07B0BDE8F08F8B
:10A540000A2388F800303346BB4205F1080506F1BE
:10A550000106CCDB07B0BDE8F08F2A7929684248B4
:10A56000BAF80E45013AD2B293404BEA030B05F01C
:10A570004DFC26F0E3FA05F097FD80B2ADF8160029
:10A5800004F0E8FE36A3D3E9002304F05DFF04F0F5
:10A5900099F805F009FABDF8163080B21A1A92B28D
:10A5A000944230D91A1892B294422CD22C680021CD
:10A5B000204605F00BFD002839D0F62388F800303E
:10A5C0002C680021204605F001FD0346204673B3A8
:10A5D0002979CDF800800AF23C430DF1160200F013
:10A5E0005BFA98F90030002BADDB29791F4BBDF8E1
:10A5F00016200B44109913F8013C03F10043013B72
:10A6000021F813209FE72C6819490393204605F091
:10A61000DDFC08B12046DBE7029B002BC7D1039B82
:10A62000B3F5E16FC3D00E2388F80030BEE71049C0
:10A63000204605F0CBFC0028ECD10E49204605F061
:10A64000EDFC28B90C49204605F0CAFC0028E1D0F1
:10A65000F22388F800302868BAE700BFAFF3008023
:10A660007B14AE47E17A843F0000C842C0D10308A2
:10A6700000FF7F47000020410E74DA3AEF79124064
:10A680002DE9F04F83B0DDF830900190E9B1234F10
:10A69000DFF88CB002F1080498460D4600264FF012
:10A6A000010A4A4661794B1EDBB2172B47FA03F0C9
:10A6B0000ED8C0070AFA03F30AD513EA080F594463
:10A6C00048EA030809D0FA23137003B0BDE8F08FFD
:10A6D000FF23137003B0BDE8F08F11F8019C0C92BA
:10A6E000019A2368009302EB89091846D9F88C1364
:10A6F00005F076FC009B0C9A0146184639B9D9F84A
:10A70000AC1305F08BFC01360C9A103410B1FE230B
:10A710001370DAE7AE42C5D1D7E700BF0F20E000E3
:10A72000A8D10308F0B589B00C460E9D0021172C66
:10A730001E46296003D8DB23337009B0F0BD944274
:10A7400003D9DA23337009B0F0BD074602A93A787D
:10A750007B788DF80820BA788DF809308DF80A20BA
:10A76000FB788DF80B30042203A825F08DF9039BAC
:10A770002C4A934204D0013302D0DE233370DCE74D
:10A780000822391D06A825F07FF9082206A904A889
:10A7900025F07AF9DDE90423002B08BF3D2A07D014
:10A7A000002B08BFB2F1FF3F02D0DD233370C4E7B6
:10A7B0003A7B7B7B8DF80820BA7B8DF8093002A9A3
:10A7C000FB7B8DF80A2003A804228DF80B3025F0BE
:10A7D0005BF9039901F11803A34202D0D823337027
:10A7E000ABE701AA3846103104F01AF838199DF881
:10A7F000042010F8043C9A4202D0DC2333709CE71A
:10A800009DF8052010F8033C9A42F6D110F8023C5E
:10A81000002BF2D110F8013C002BEED110222A605F
:10A8200033708AE7000102032DE9F04786B005ABDB
:10A8300004AECDE9003604460DF10F03FE200D46AF
:10A8400003F0E4FE9DF90F00002869D14FF0010AE2
:10A8500004F5A56904F2145804F211575FFA8AF35B
:10A86000013B0C2B00F2B080DFE803F0A7A0999227
:10A870008B847D76706A645D07003146284601F05E
:10A88000BDF884F83D050AF1010ABAF10F0FE5D1D0
:10A890009DF90F00002843D1A4F8D00304F23A43F5
:10A8A00004F2EE464FF6FF7533F8022FAA4205D0A8
:10A8B000B4F8D013914238BFA4F8D0239E42F3D10C
:10A8C000454EDFF818E100234FF0010C46FA03F281
:10A8D000D20711D513F80E2004EB4201013AB1F86A
:10A8E000EE54B1F8E673AF421CBF121982F806C4E9
:10A8F000A1F8E65384F81CC401331F2BE6D104F2FF
:10A90000054304F21441012203F8012F8B42FBD1CD
:10A9100094F81C3423B12046FEF7F6FD9DF90F0094
:10A9200006B0BDE8F0873146284601F067F884F8A4
:10A930003C05A8E74A463146284601F007FAA2E757
:10A9400042463146284601F001FA9CE73A46314634
:10A95000284601F0B9F996E73146284601F04EF84D
:10A9600084F810058FE73146284600F081FFA4F8EF
:10A970000E0588E704F59E623146284601F05AF933
:10A9800081E704F23C423146284601F02DF97AE78E
:10A9900004F224423146284601F0E8F873E73146D4
:10A9A000284601F02BF884F822046CE7314628464B
:10A9B00001F024F884F8210465E73146284601F0C7
:10A9C0001DF884F820045EE73146284601F016F8A9
:10A9D00084F83E0557E700BFEF791240C0D1030865
:10A9E000032916D910B582B0027843788DF8042077
:10A9F0000446022201A90DF106008DF8053025F06C
:10AA000043F8A378FE2B0CBF00206FF0630002B068
:10AA100010BD6FF067007047F0B41468049EE7182B
:10AA20008F4215D805998B4215D8002B0CDD711E6D
:10AA3000CD18C6F1010600E014687318234411F81C
:10AA4000014FC454A942F7D117600020F0BC7047F1
:10AA50006FF02800FAE76FF02500F7E7012A08B544
:10AA60000BD0A1F11B02032A0BD80A4905F0AEFA5C
:10AA700010B9029ADD23137008BDA1F11602032A52
:10AA8000F3D9022BF8D01F29F6D1029ADD231370D7
:10AA9000F2E700BF00FF7F472DE9F8430F46002192
:10AAA00090461D46064605F0B9FA002838D02449DC
:10AAB000304605F095FA68B3224B3B441EA7D7E910
:10AAC000006713F8013C05F1B40909EB430905EBF4
:10AAD000430535F8024C204604F03CFC32463B4628
:10AAE00004F0B2FC03F0EEFD04F05EFF80B2231A26
:10AAF000B8F800209BB204449A4205F11E05A4B2A6
:10AB000001D3A2420AD9A945E3D1089AF4231370CC
:10AB1000BDE8F8834FF6FF73A8F80030BDE8F8836E
:10AB200004460021304605F051FA0028F2D0A8F87A
:10AB30000040BDE8F88300BF7B14AE47E17A843F54
:10AB400000FF7F47C0D10308B1F5967F0CD047F2D4
:10AB50003053994205D1012808D909A1D1E9000152
:10AB60007047002000217047012803D806A1D1E9D1
:10AB70000001704706A1D1E900017047AFF30080E2
:10AB8000009435770000000000C817A804000000FA
:10AB900000BA1DD2050000002DE9F04F83B0DDE9B9
:10ABA0000CA900248AF8004089F800400D46096885
:10ABB000064608449046427816F801C08DF80520F4
:10ABC00001A902220DF106009B468DF804C024F075
:10ABD0005BFFBDF806700E9B5F451F6005D9E02343
:10ABE0008AF8003003B0BDE8F08F57B1234608F172
:10ABF000FF312A68F0180133825C01F8012F9F426F
:10AC0000F7D198F8023089F800302B683B442B606C
:10AC100003B0BDE8F08F00BF38B514461D460022D2
:10AC2000002304F0A1FE78B175B104EB05132246B0
:10AC3000002000210024002551739060117391734E
:10AC4000E2E804459A42F7D138BD00BF70B49DF8E0
:10AC50000C60022E04460D4614D0012E01D970BCA2
:10AC6000704755A1D1E90001A04271EB05031BDA41
:10AC700053A1D1E90001A04271EB050330DB444B45
:10AC8000D360ECE7B3F5967F12D047F230518B4298
:10AC9000E5D12FA1D1E90001A04271EB0503DEDB74
:10ACA0003C4BD36070BC70473B4BD36070BC70476B
:10ACB00027A1D1E90001A04271EB0503F0DA26A13A
:10ACC000D1E90001A04271EB050313DA24A1D1E917
:10ACD0000001A04271EB05030FDB304BD360BEE7F0
:10ACE00021A1D1E90001A04271EB0503A4BF2C4BC7
:10ACF000D360B4E72B4BD360B1E71DA1D1E90001CC
:10AD0000A04271EB050302DB274BD360A7E71AA132
:10AD1000D1E90001A04271EB050302DB234BD360B4
:10AD20009DE717A1D1E90001A04271EB050302DB09
:10AD30001F4BD36093E714A1D1E90001A04271EB4E
:10AD400005038CDB1B4BD36089E700BFAFF30080AA
:10AD5000FF93357700000000FFF1052A0100000095
:10AD6000FF0B774203000000FFC717A80400000094
:10AD7000FF9FACB903000000FFFD7C6C04000000E5
:10AD8000FF5B4D1F05000000FFB91DD2050000004C
:10AD90009600E0034001C4097C01E0034001E003A8
:10ADA000C800E0034001DC05400120034001260209
:10ADB00040015E014001C800FFE30B5402000000A7
:10ADC000FFD5117E03000000194B013970B45B5CA4
:10ADD00000EB43034FF6FF72B3F83643944206D0BC
:10ADE000144CD0F8342334F91140944302D000209D
:10ADF00070BC7047104CD0F81C5354F82140AC4341
:10AE0000F5D1B3F87C53B3F870636C1CA5B2B5FBF5
:10AE1000F6F406FB1454A4B2A3F87C43002CE6D14C
:10AE2000012303FA01F11143C0F834131846DFE798
:10AE300094D103087CD1030850D10308F8B54E1E05
:10AE400013498D5D00EB45010446B1F852734FF68E
:10AE5000FF70874200D1F8BD05F1B700691E069F5B
:10AE600044F8207004EBC505C5E9902307986518E0
:10AE700025F064FE05F018F985F82003D4F8303386
:10AE8000012101FA06F63343C4F83033F8BD00BFA0
:10AE9000C0D10308F8B5044602F0DAF904F5BC7035
:10AEA00003F026F904F12C0002F03AFC04F15C00F6
:10AEB00001F0BAFA04F5887002F08EFE0A2104F55A
:10AEC000F87002F005FB002604F5307304F50272F9
:10AED00004F538750020002143F8046BAB42E2E82A
:10AEE0000201F9D100204FF0000CC4F81C0304F556
:10AEF000377304F5107104F21F3204F5467500260D
:10AF0000002743F804CFAB42E1E9026702F8010FE2
:10AF1000F7D1C4E9CC0004F54E7304F55175012056
:10AF200000214FF6FF725887A3F8461023F8022B32
:10AF30009D42F8D1A4F84423A4F84623A4F848235A
:10AF4000A4F84A23A4F84C23A4F84E23A4F85023D1
:10AF5000A4F8522304F2523304F55C714FF6FF72E9
:10AF600023F8022F8B42FBD12046F8BD10B44C1EB3
:10AF700011461A46092C06D8DFE804F0090D110520
:10AF800014050505191E6FF0630010BC704710BC56
:10AF90005C3001F0D1BA10BC2C3002F0DDBB10BC2B
:10AFA00002F062B910BC00F5BC7003F007BB10BC26
:10AFB00000F5887002F058BE10BC00F5F87002F081
:10AFC00093BA00BF2DE9F04FA5B000220D460A92BA
:10AFD00004460B920C921AAB23A943F8042F994212
:10AFE000FBD10023C4F83433052120460D920E9284
:10AFF0008DF825308DF826308DF82730FFF7E4FEE8
:10B0000050B1284604F0FAFD0146D4F8DC0204F001
:10B01000DDFF002840F0CE804FF0FF366FF0004794
:10B0200003212046FFF7D0FE50B1284604F0E6FD8C
:10B030000146D4F8DC0204F0C9FF002840F0298161
:10B0400001212046FFF7C0FE50B1284604F0D6FD8E
:10B050000146D4F8DC0204F0B9FF002840F0298151
:10B0600002212046FFF7B0FE50B1284604F0C6FD8D
:10B070000146D4F8DC0204F0A9FF002840F0498121
:10B0800009212046FFF7A0FE50B1284604F0B6FD86
:10B090000146D4F8DC0204F099FF002840F08A81D0
:10B0A00000260A212046FFF78FFE48B1284604F00B
:10B0B000A5FD0146D4F8DC0204F088FF002862D127
:10B0C000B4F85C234FF6FF739A4203D0D4F81C33D4
:10B0D00058074CD4B4F85E234FF6FF739A4203D05E
:10B0E000D4F81C33D90736D4B4F860234FF6FF7375
:10B0F0009A4203D0D4F81C339A0720D4B4F86223C0
:10B100004FF6FF739A4203D0D4F81C331B0705D4C3
:10B110000023C4F81C3325B0BDE8F08FD4F8CC323E
:10B12000009300220192D4E9882309212046FFF7E9
:10B1300085FE0023C4F81C3325B0BDE8F08FD4F899
:10B14000C432009300220192D4E9842308212046CE
:10B15000FFF774FED2E7D4F8C032009300220192C8
:10B16000D4E9822307212046FFF768FEBCE7D4F824
:10B17000C832009300220192D4E98623062120469A
:10B18000FFF75CFEA6E7D4F8C432D4F8C812324602
:10B1900004F5F870D4E9866702F0C2F9002105468B
:10B1A0000090019132463B460F2120460A95FFF759
:10B1B00045FE85E70DF126020DF125030DF1270768
:10B1C0000EAED4F8D402DFF82892CDE90232CDE9F0
:10B1D0000467002104F0FAFED4E98867B0FA80F32E
:10B1E000D4F8CC1200915B09019332463B4604F53A
:10B1F000BC7002F0ABFF99F80B8004EB48024FF6ED
:10B20000FF73B2F852239A4208F1FF3A19D09DF821
:10B21000250004F0EFFC08F1B70B04EBC80844F874
:10B220002B00C8E99067002025F088FC04F03CFF63
:10B23000A2448AF82003D4F8303343F40063C4F8FE
:10B24000303399F80C8004EB48024FF6FF73B2F8E4
:10B2500052239A4208F1FF393FF4E2AE9DF82600EE
:10B2600004F0C8FC08F1B70A04EBC80844F82A0047
:10B27000C8E99067002025F061FC04F015FFA144A7
:10B2800089F82003D4F8303343F48053C4F83033C2
:10B29000C6E60CA90BAACDE901210AAB0093D4F8AC
:10B2A000C432D4F8C822D4F8CC12204601F0F8FFFA
:10B2B000C6E6D4F8D832D4F8D40204930DF1340C95
:10B2C0001BAA0021CDE9052C04F080FE9DF827C0C3
:10B2D0009DF826809DF825E0CDF808C0B0FA80F0F2
:10B2E00004F15C0C40090C9B0B9A0A990390CDF871
:10B2F00004806046CDF800E001F078F90D9B0093E2
:10B30000002201923B46324612212046FFF796FD6D
:10B31000A6E619AB0DF15C0C15A813A911AA0593AB
:10B320000FABCDE9030CCDE9012100930D990E9BE4
:10B330001BAA04F12C0002F031FA109A0F9B019223
:10B34000009332463B4620460121FFF777FD129AD3
:10B35000119B0192009332463B4620460221FFF7A3
:10B360006DFD149A139B0192009332463B46204692
:10B370000321FFF763FD169A159B01920093324655
:10B380003B4620460421FFF759FD189A179B01926E
:10B39000009332463B4620461521FFF74FFD1A9A8F
:10B3A000199B0192009332463B461F212046FFF72E
:10B3B00045FD65E6D4E98689D4F8D032B4F85E104C
:10B3C0000291CDE900890393D4F8C81232463B4676
:10B3D00004F5887002F092FC00210646009001916D
:10B3E00042464B460E212046FFF728FD59E600BF96
:10B3F000C0D1030810B44C1E11461A469DF8043003
:10B40000092C06D8DFE804F0080C10051305050523
:10B41000181D002010BC704710BC5C3001F0B2BC9D
:10B4200010BC2C3002F0C8BA10BC01F08FBF10BCA9
:10B4300000F5BC7002F060BF10BC00F5887002F02F
:10B44000E3BC10BC00F5F87002F0AAB810B44C1EB2
:10B4500011461A469DF80430092C06D8DFE804F09E
:10B46000080C100513050505181D002010BC7047B9
:10B4700010BC5C3001F0F8BC10BC2C3002F0E0BA1B
:10B4800010BC01F095BF10BC00F5BC7002F080BF8D
:10B4900010BC00F5887002F017BD10BC00F5F87004
:10B4A00002F0B0B830B4D0F8D452D0F81C430D60DC
:10B4B000D0E98C01C4F34054C2E900011C7030BCD7
:10B4C000704700BFF0B401390E4C049D645C04F178
:10B4D000B70C00EBC40750F82C601660D7E99067F2
:10B4E000C3E900670444012294F81F332B70D0F89D
:10B4F000303302FA01F123EA0103F0BCC0F8303323
:10B50000704700BFC0D103082DE9F04F8446374E85
:10B51000374CDFF8E8A083B0002140F217374FF630
:10B52000FF7E04E001310B2906F104065AD047FAE8
:10B5300001F3DB07F6D52F4B13F801800CEB48081D
:10B54000B8F83693F145EDD000231D460120019651
:10B5500000FA03F23A4210D0274E36F911B01BEA36
:10B56000020F0AD0234AD25C02F29B123CF812204E
:10B57000724502D0954238BF154601330B2BE7D1F7
:10B58000019E00234FF0010B0BFA03F222420DD073
:10B59000306802420AD013F80A200CEB4202B2F8DB
:10B5A0004223724502D0954238BF15460133182B0D
:10B5B000EAD1002DB6D0B9FBF5F205FB12991FFABE
:10B5C00089F392B23BB105F0010000EB5505AB42A7
:10B5D000A4BF013292B201310B29A8F8702306F101
:10B5E0000406A4D103B0BDE8F08F00BF50D103081A
:10B5F0000F20E00094D103087CD10308A8D10308F0
:10B6000030B400F54E7300F55175012400214FF65A
:10B61000FF725C87A3F8461023F8022B9D42F8D1F5
:10B62000A0F84423A0F84623A0F84823A0F84A2312
:10B63000A0F84C23A0F84E23A0F85023A0F85223E2
:10B6400000F2523300F55C724FF6FF7123F8021FCF
:10B650009342FBD130BC704710B44C1E11461A46C1
:10B66000092C06D8DFE804F0090D110514050505BD
:10B67000191E6FF0630010BC704710BC5C3001F005
:10B6800055BD10BC2C3002F071BA10BC01F0C2BE26
:10B6900010BC00F5BC7002F0E9BE10BC00F588706B
:10B6A00002F046BC10BC00F5F87001F0DDBF00BF31
:10B6B0002DE9700F0139134C9DF82060645C00EB9C
:10B6C000C405D5E980AB9B4508BF92459046994695
:10B6D00004F1FF3410D0B034079B40F82430C5E9A2
:10B6E00080890122D0F81C3302FA01F10B43BDE836
:10B6F000700FC0F81C337047002EECD1BDE8700FFE
:10B70000704700BFA8D103084B1E0A2B10D8124A5D
:10B71000114411F8012C02F29B1230F81210092B7F
:10B7200009D8DFE803F0090C0F081108080808150C
:10B730004FF6FF71F3E770475C3001F081BC2C30AD
:10B7400002F0E2B901F082BE00F5BC7002F0E8BE82
:10B7500000F5F87001F0A4BF94D10308204B013923
:10B76000F0B55B5C1F4FDFF888E000EB43038446D5
:10B77000A3F852230126002340F2173506FA03F4FA
:10B780002C420DD037F91100204209D01EF80300D9
:10B790000CEB4000B0F83643944288BFA0F8362343
:10B7A00001330B2BEAD1104E1048DFF848E000239C
:10B7B000012505FA03F434420DD050F821703C42C3
:10B7C00009D01EF803400CEB4404B4F842739742CE
:10B7D00088BFA4F842230133182BEAD1F0BD00BF83
:10B7E000C0D10308E0D103080F20E00020D20308F5
:10B7F00094D10308A8D10308F0B50F4609680346A1
:10B800004C1E00F10B0685B0234410460E4401ACDB
:10B8100013F8015F04F8015BB342F9D101A90C22CE
:10B8200024F032F93B680C333B6005B0F0BD00BF3B
:10B83000F0B51C461B680C33934285B003D9013226
:10B84000226005B0F0BD0C220F46014601A824F08D
:10B850001BF901AB0022BD18206813F8016B2E54B0
:10B8600001320C2AF7D123680C33236005B0F0BDF8
:10B8700010B50B68C21882B00C465278C35C8DF8C4
:10B88000052001A902220DF106008DF8043024F0F4
:10B89000FBF82368BDF806000233236002B010BD38
:10B8A000F0B51C461B680C33934287B003D90132B4
:10B8B000226007B0F0BD0C220F460146684624F016
:10B8C000E3F80C22694603A824F0DEF803AB00225B
:10B8D000BD18206813F8016B2E5401320C2AF7D1E1
:10B8E00023680C33236007B0F0BD00BF30B50D688E
:10B8F000034683B00C46411910465A5D8DF804206A
:10B900004D788B788DF80630032201A98DF805500B
:10B9100024F0BAF823680333236003B030BD00BFBE
:10B9200030B51C461B6885B002339342ADF8060063
:10B9300003D90132226005B030BD0D4602220DF15F
:10B94000060103A824F0A0F823689DF80C20EA540F
:10B9500021689DF80D3029444B7023680233236021
:10B9600005B030BD30B50A6883B08318825C8DF8AD
:10B97000042058789D788DF805000C460422DB7869
:10B980008DF807300DEB020168468DF8065024F063
:10B990007BF8236800980433236003B030BD00BFF8
:10B9A00070B51C461B680333934282B003D9013241
:10B9B000226002B070BD0278467883788DF800204E
:10B9C0000D460322694601A88DF802308DF801600A
:10B9D00024F05AF823689DF80420EA5423689DF85F
:10B9E00005109DF806202B445970216829448A705F
:10B9F00023680333236002B070BD00BF10B50B682D
:10BA000082B00C46C35C8DF8073001220DF10701AE
:10BA10000DF1060024F038F823689DF80600013384
:10BA2000236002B010BD00BF30B51C461B6885B056
:10BA300004339342019003D90132226005B030BD36
:10BA400004220D4603A80DEB020124F01DF8236823
:10BA50009DF80C20EA5423689DF80D009DF80E1007
:10BA60009DF80F202B44587023682B44997021684F
:10BA70000D44EA7023680433236005B030BD00BF75
:10BA8000F0B50B6883B004461C440F4610460DF118
:10BA9000FF330DF1070614F8015B03F8015FB342B1
:10BAA000F9D10822694623F0EFFF3B6808333B6079
:10BAB00003B0F0BD30B51C461B6883B05D1C9542D9
:10BAC0008DF8070003D90132226003B030BDC818D9
:10BAD00001220DF1070123F0D7FF23680133236012
:10BAE00003B030BD30B50A6885B00D460DF10703CF
:10BAF00010440DF10F0410F8012B03F8012FA3429D
:10BB0000F9D108220DEB0201684623F0BDFF2B6836
:10BB1000DDE9000108332B6005B030BD70B51C466F
:10BB20001B680833934284B003D90132226004B009
:10BB300070BD08220D460146684623F0A5FF082285
:10BB40000DEB0200694623F09FFF0DF10703002271
:10BB5000A818216813F8016F46540132082AF7D15A
:10BB600023680833236004B070BD00BFF0B50B68D4
:10BB700087B00446013B1C440F4610466B4606AE98
:10BB800014F8015F03F8015BB342F9D1694618224A
:10BB900023F07AFF3B6818333B6007B0F0BD00BF6D
:10BBA00070B584B0CDE90001089C266808369E4235
:10BBB00003D90133236004B070BD154608220DEB94
:10BBC0000200694623F060FF0DF107020023E81828
:10BBD000216812F8016F46540133082BF7D123680E
:10BBE0000833236004B070BDF0B50B68AFB00446F5
:10BBF000013B1C440F46104601AB2EAE14F8015F0A
:10BC000003F8015BB342F9D101A9B42223F03CFF50
:10BC10003B68B4333B602FB0F0BD00BF30B41C684C
:10BC2000651C95429CBF08551A68013230BC1A60E9
:10BC3000704700BFF0B50B6889B00446013B1C4457
:10BC40000F4610466B460DF11E0614F8015F03F80F
:10BC5000015BB342F9D169461E2223F015FF3B6810
:10BC60001E333B6009B0F0BD30B51C461B68043381
:10BC7000934283B003D90132226003B030BD028801
:10BC8000ADF8002004220D464388ADF80230694625
:10BC90000DEB020023F0F8FE23689DF80420EA541F
:10BCA00023689DF805009DF806109DF807202B4499
:10BCB000587023682B44997021680D44EA702368FA
:10BCC0000433236003B030BD30B50C460968451815
:10BCD00083B0034610466A785B5C8DF8052001A9A5
:10BCE00002228DF8043023F0CFFE23680233236054
:10BCF00003B030BD70B51D461B68143393428AB043
:10BD000003D901322A600AB070BD14220DEB02047F
:10BD10000E460146684623F0B7FE694614222046C7
:10BD200023F0B2FEC4F101030DF113020DF127015E
:10BD30002C689818204412F8014F34548A42F7D1E5
:10BD40002B6814332B600AB070BD00BFF0B50B68D0
:10BD500087B00446013B1C440F46104601AB06AEBB
:10BD600014F8015F03F8015BB342F9D101A9142271
:10BD700023F08AFE3B6814333B6007B0F0BD00BF80
:10BD800030B51C461B6883B05D1C95428DF80700DA
:10BD900003D90132226003B030BDC81801220DF171
:10BDA000070123F071FE23680133236003B030BD27
:10BDB00070B503460D6882B00C46411910465A5DB5
:10BDC0008DF8042004224E788D78CB788DF80730DA
:10BDD0000DEB02018DF805608DF8065023F054FE3E
:10BDE00023680433236002B070BD00BF70B51C46E9
:10BDF0001B680833934282B003D90132226002B03B
:10BE000070BD08220D460146684623F03DFE0DF147
:10BE1000FF330022A818216813F8016F465401323D
:10BE2000082AF7D123680833236002B070BD00BF31
:10BE3000F0B50B6887B00446013B1C440F46104622
:10BE400001AB06AE14F8015F03F8015BB342F9D110
:10BE500001A9142223F018FE3B6814333B6007B09D
:10BE6000F0BD00BF70B51D461B68183393428CB0FF
:10BE700003D901322A600CB070BD18220DEB020408
:10BE80000E460146684623F0FFFD6946182220460B
:10BE900023F0FAFDC4F101030DF117020DF12F019A
:10BEA0002C689818204412F8014F34548A42F7D174
:10BEB0002B6818332B600CB070BD00BF10B50B6839
:10BEC00082B00C46C35C8DF8073001220DF10701EA
:10BED0000DF1060023F0D8FD23689DF9060001331B
:10BEE000236002B010BD00BF70B51D461B68B4339F
:10BEF0009342DAB003D901322A605AB070BDB4223D
:10BF00000DEB02040E460146684623F0BDFD69466E
:10BF1000B422204623F0B8FDC4F101030DF1B302B1
:10BF20000DF267112C689818204412F8014F345410
:10BF30008A42F7D12B68B4332B605AB070BD00BF72
:10BF400070B51D461B681E33934288B003D9013279
:10BF50002A6008B070BD6C461E220E46014620467F
:10BF600023F092FDC4F101030DF1FF320DF11D012B
:10BF70002C689818204412F8014F34548A42F7D1A3
:10BF80002B681E332B6008B070BD00BF30B51C4657
:10BF90001B680233934283B003D90132226003B09D
:10BFA00030BD027843788DF800200D4602226946A4
:10BFB00001A88DF8013023F067FD23689DF8042067
:10BFC000EA5421689DF8053029444B7023680233F8
:10BFD000236003B030BD00BF70B51D461B6814332D
:10BFE00093428AB003D901322A600AB070BD14228C
:10BFF0000DEB02040E460146684623F045FD6946F6
:10C000001422204623F040FDC4F101030DF1130278
:10C010000DF127012C689818204412F8014F345470
:10C020008A42F7D12B6814332B600AB070BD00BF71
:10C030002DE9F04F85B004469DF838909DF83C50AE
:10C040000395B9F1030F9DF840504068029588466A
:10C050001646009300F09680624903F023FE824664
:10C06000009B002B67D104EB89035046196903F04C
:10C0700011FD356807462946404603F009FD05468F
:10C08000608803F0B7FD584903F0C0FE04EB890B4C
:10C0900003465649DBF82000019303F097FF002880
:10C0A00073D15349504603F0FDFD514603F0F2FCB5
:10C0B00000218046284603F0B1FF00284CD009F04B
:10C0C000FD09B9F1010F09BF039BDFF838910D336A
:10C0D00054F82390029B63B94146284603F09EFF23
:10C0E00038B1039B434A013B32F9130003F086FD4C
:10C0F00081466068404903F0D5FD494603F086FE5D
:10C10000019903F0CFFD04460146284603F086FF5F
:10C1100000BB3168284603F0BDFC3946044603F0F5
:10C120005FFF00B92746009B0BB107F1004737605E
:10C1300005B0BDE8F08F356809F1010305F1004550
:10C14000356054F82310504603F0A2FC08F1004873
:10C15000074690E72546DCE7029B93B3DBF86810BF
:10C16000019B03F1004003F051FE24F093F80146D7
:10C170004FF07E5003F08CFC0146284603F092FD00
:10C180000546C6E7D4F8B0A06AE7DBF804004146EC
:10C1900003F07EFC002124F0D3FA01464FF07E50DC
:10C1A00003F076FC014603F07DFD4FF07D5103F076
:10C1B00079FD124903F076FD114903F06BFC01464D
:10C1C00070E7284624F068FA414603F027FF00286C
:10C1D000C4D0B9F1010FC1D10449E06E03F016FEDD
:10C1E0000146BDE7C178C63D0000C842000040409E
:10C1F0009A99993EA0D10308CBBECB3ECDCC4C3E04
:10C20000CDCCCC3D0000E1442DE9F04100EB8207AC
:10C2100084B004460E46786800211546984603F01F
:10C22000D5FE00B17E6002236A1C20460193314690
:10C23000CDF80880009504EB82020023FFF7F8FE9A
:10C240007868314603F0CCFE70B1386A4FF07E5109
:10C2500003F0BCFE40B13869002103F0B7FE18B10D
:10C26000B8F1000F00D17E6004B0BDE8F08100BFDE
:10C270002DE9F04300EB820885B004460E46D8F85D
:10C2800010009DF83090002115461F4603F09EFED9
:10C2900070B92A1D0123CDF80890009504EB8202A5
:10C2A000314620460193FFF7C3FE05B0BDE8F08399
:10C2B0003946D8F8040003F0EBFB0146304603F0A2
:10C2C000E7FB084903F08CFE0028EED0C8F81060A8
:10C2D0000021304603F07AFE0028DAD005B0BDE830
:10C2E000F08300BFBD378635F8B500EB83040D46FB
:10C2F000276900213846164603F068FEF8B16068E9
:10C30000314603F0C5FB002124F01AFA21690346E7
:10C3100030461C4603F0BCFB002124F011FA014614
:10C32000204624F023FA014603F0B4FB294603F02B
:10C330006DFDBDE8F8404FF07E5124F017BA6068FB
:10C34000394603F0A5FB294624F0FAF90546D6E75D
:10C350002DE9F0479DF820C000EB8C0705460E46FE
:10C36000386A2D49904699460CF1FF3403F02EFEB1
:10C37000002834D049464FF07E5003F089FB014637
:10C3800003F090FC4FF07D5103F08CFC234903F047
:10C3900089FC234903F07EFB8146D7F810A078681A
:10C3A000514603F075FB49460746304603F07AFCD8
:10C3B000314603F06FFB0146384603F011FE2C4472
:10C3C00028B95046002103F001FE034650B195F80C
:10C3D000783084F820304FF07E50BDE8F087DFF8E9
:10C3E0004490DAE7B8F1000F0ED194F82030FF2B1B
:10C3F00010D00133DBB284F8203095F878209A42CF
:10C4000008D94FF08040E8E784F820304FF08040B2
:10C41000BDE8F0870048E0E700004040CDCC4C3E4E
:10C42000CDCCCC3D9A99993EF0B4334E334D344A3D
:10C43000344F3549354CC6640565354E354D476535
:10C440008165354F3549C46586660A240326C5666D
:10C45000334DDFF8E0C007674167324F1168A0F83D
:10C460007A40A0F87C6054681669C0F88050D5689E
:10C47000C0F848C0C0F88470D2F808C0C0F89C105A
:10C48000002201210027C0F8A040C0F8A850264C87
:10C49000C0F8AC600225254E878604664FF6FF770C
:10C4A000446680F87850C0F8A4C00170026342620C
:10C4B0008663C66380F8225040F202261C4D046455
:10C4C00047800684C0F8B0508262F0BC426082604F
:10C4D000C260026142618261C261C26280F844103E
:10C4E00080F88810C0F88C20C0F89420C0F8902004
:10C4F000C0F89820704700BF10E9AFBFD881F3BEE5
:10C500009CD20308C7BA38BDD3BC63BC2B18953C7A
:10C510000000E14500C0A8474031774C004EED498E
:10C520000000604017B7D138000061450000E144C9
:10C530004260653CDE02C9BE2DE9F04786B004AB1F
:10C5400005AE04460078CDE900360DF10F030D4627
:10C5500002F05CF89DF90F00E8B94FF0010A04F110
:10C560009C0904F1480804F154075FFA8AF3013B7F
:10C57000052B35D8DFE803F02D261F18120342469D
:10C5800031462846FFF738F90AF1010ABAF1080FD7
:10C59000EBD19DF90F0006B0BDE8F0873A46314671
:10C5A0002846FFF729F9EFE704F1800231462846D3
:10C5B000FFF766FAE8E704F17A0231462846FFF70A
:10C5C000F7FBE1E704F1600231462846FFF714F972
:10C5D000DAE704F16C0231462846FFF70DF9D3E79C
:10C5E0004A4631462846FFF723FCCDE72DE9F04FB8
:10C5F0008FB0DDE91D569DF8604009949DF864A058
:10C600009DF8684004949DF86C400394059104469D
:10C6100017469846BAF1000F33D0039B002B40F029
:10C620008E817449104603F0E5FC002800F09281E9
:10C630007149384603F0E8FC002800F08B816F490F
:10C64000404603F0D7FC002800F0848100214046DA
:10C6500003F0DAFC002800F07D811C98002103F033
:10C66000B5FC002800F04383D4F830900021484600
:10C6700003F0ACFC002800F06A83039BCDE907A31C
:10C6800001E0CDE907AA6388642B00F05F81B3F570
:10C69000967F19BFA36CD4F854B0E36CD4F858B0AB
:10C6A00057490693404603F0FDFA544903F0AEFBA8
:10C6B00054498046384603F0F5FA534981463846D6
:10C6C00003F0E8F90146484603F0A0FB814623F059
:10C6D000E1FD4E4902463846174603F0DBF939467C
:10C6E0000746404603F0DEFA394603F08FFB48491F
:10C6F00003F0D8FA23F020FE464903F0C9F9069B5F
:10C70000194603F0CFFA594603F0C4F901460598DB
:10C7100003F0BEF9079B3060002B40F03881039B8B
:10C72000002B40F0AB803C49606803F0BBFAD6F8C0
:10C730000090A1680746484603F066FC002840F0D8
:10C74000FB806169484603F055FC089B00280CBF3C
:10C7500098464FF0010801234A4639462046FFF724
:10C76000C3FD099B002B00F0BF81BAF1000F59D027
:10C770004FF0010C034642463946CDF800C0204632
:10C78000FFF7E6FD24496062606803F08BFA3768C2
:10C79000E1688046384603F037FC30B9A069394675
:10C7A00003F032FC002800F08C8202233A46414616
:10C7B0002046FFF799FD034602205246414600906D
:10C7C0002046FFF7C5FDD4F8B070A062032332689D
:10C7D00039462046FFF788FD089B002B40F0618218
:10C7E0000E49384603F0F2FB002840F067820C4FF8
:10C7F00043E000BF0000AA42000020C20000C8427F
:10C800008195C340C3F58C41B81E7343339388436D
:10C8100033B3584307767C3FC178C63D4260653CE0
:10C820000000404094F87820AA4984F82020002392
:10C830006362606803F036FA3768E168814638461B
:10C8400003F0E2FBC846002800F062813A46494600
:10C8500002232046FFF748FD94F8783084F8213011
:10C860000027A76203233268D4F8B0102046FFF7F0
:10C870003BFD94F8783084F82230E762954960688F
:10C8800003F010FAD4F8089082460021484603F0DD
:10C890009DFB08B1D6F8009067690021384603F087
:10C8A00095FB20B15146484603F0F2F80746D4F80C
:10C8B0000C80636A03930021404603F087FB08B1B4
:10C8C000D6F80080D4F818B00021584603F07EFB5B
:10C8D00020B15146404603F0DBF88346D4F810A05F
:10C8E000D4F8B03005930021504603F06FFB08B137
:10C8F000D6F800A0039BC5F80090EF60AB61C5F8C7
:10C900000480C5F810B0A26AEA61C5F808A0E6691B
:10C910000021304603F05AFB20B10599504603F040
:10C92000B7F806466E61E36A2B6294F84430012B37
:10C9300014D00FB0BDE8F08F4FF001080BE70023D3
:10C94000CDE907336388642B7FF4A1AE236DD4F85F
:10C950005CB0A5E6039BCDE9073394E603985E49F6
:10C9600003F034FB58B1049B4BB1236E616EA26E91
:10C97000A3630023E163226484F84430D9E7574B72
:10C98000574AA363E36322640FB0BDE8F08F4846C3
:10C9900023F080FC0146404603F084F9394603F059
:10C9A00035FA504903F07EF923F0C6FC6388642B06
:10C9B000834600F07181B3F5967F00F06881A36C27
:10C9C000D4F85490069394F88830002B00F0B98086
:10C9D000059AC4F894B00023C4F898B0C4F88C2029
:10C9E000C4F8902084F888303A496068D6F800800E
:10C9F00003F058F907466069002103F0E7FA58B1DF
:10CA00003946A06803F044F8414603F007FB18B12B
:10CA1000C4F81480D6F800804146DDF81080012269
:10CA200043462046FFF7F0FBCDF800803B4601224D
:10CA300031682046FFF71CFC2649606803F032F994
:10CA400000210746A06903F0C1FAD6F8008060B162
:10CA50003946E06803F01CF80146404603F0C0FA8E
:10CA600018B1C4F81880D6F800804146DDF810806F
:10CA7000022243462046FFF7C7FBCDF800803B4625
:10CA80003168CDF8108002222046FFF7F1FB049BAD
:10CA90003168D4F8B07003222046FFF7B5FB089B3D
:10CAA000002B3FF43CAE049B009331683B4620468C
:10CAB0000322FFF7DDFBE7690021384603F086FA21
:10CAC00000287FF42CAE2069394602F0E1FFC4F85B
:10CAD000B00024E6C178C63D000040400000E144BB
:10CAE0000000614533B3584394F87820A04984F896
:10CAF000202000236362606803F0D4F83768814621
:10CB00003946E06803F076FAC84600287FF49EAE06
:10CB1000A169384603F06EFA00287FF497AE3A46D2
:10CB2000022341462046FFF7DFFB099A0346002A0D
:10CB30003FF492AEBAF1000F3FF48EAEDDF820A0C4
:10CB40003AE68B496068D6F8008003F0ABF84146BE
:10CB50000746A06802F09CFF4FF07F5107903846CF
:10CB600003F0A0F8079B0146184603F043FA00289B
:10CB70003FF441AF636A7F490793184603F026FAF2
:10CB8000002800F09180D4F89870D4F894800C9725
:10CB90003846414603F024FA002840F09C804FF0CC
:10CBA000FF374146584603F01BFA002840F09B80AF
:10CBB0007B1C07932146082241F8948F0BA822F092
:10CBC00063FFDDF82C800C9F4046394603F008FADD
:10CBD000002800F08580B8460027D4F88C300B93ED
:10CBE0004146584603F01AFA002877D17B1CC34609
:10CBF000079AD4F89400C4F898B00EA901EB820704
:10CC000001EB8303D4F8902005990D910C9257F80D
:10CC10000C2C53F80C3CC4F88C205946C4F89030C6
:10CC200002F036FF23F038FD534903F0EDF90028F8
:10CC30003FF4DAAED4F88C10D4F8900002F028FF5C
:10CC4000494602F025FFD4F894100746D4F898001E
:10CC500002F01EFF0146384603F0D8F8474903F0BA
:10CC600021F847490746069803F01CF80146384664
:10CC700002F010FF6388B3F5967F66D047F230521A
:10CC8000934260D0642B7FF4AFAE2065ACE6E36CDA
:10CC9000D4F85890069396E6236DD4F85C900693EA
:10CCA00091E64FF08047E8E5079B4FF0804118463A
:10CCB00003F08CF900283FF49EAE64E74FF07E57F6
:10CCC000DBE502233A4641462046FFF70DFBDDF83F
:10CCD00020A0034670E5B846002762E7022387E7F5
:10CCE0004FF0FF3779E70223D846079362E72149DF
:10CCF0001C9803F06BF900287FF4C3AC1C9803F078
:10CD0000ADF904EB40038346B3F87800D4F83090D3
:10CD100002F070FF0146484602F0BAFE0BF11F0B0D
:10CD2000069054F82B0023F0B5FA069B01461846EE
:10CD300003F06CF80146484602F0AAFE039B20630C
:10CD4000CDE907339FE4A0644EE6E0644CE6A08E94
:10CD500002F050FF0146484602F09AFE01460020CC
:10CD600023F0EEFC039B2063CDE907338BE400BF87
:10CD7000C178C63D00004040CDCC4C3E00D7A33C1E
:10CD800048E17A3F2DE9F047072484B006469046F3
:10CD900000788DF807400DEB04020D4601F064FCAD
:10CDA0009DF8077003902FB3012406F19C0A06F149
:10CDB0004809E3B2013B062B0BD8DFE803F0352D21
:10CDC000453D4D10040003AB424629465046FEF750
:10CDD00091FFA74204F101030BD01C46E9E703AB26
:10CDE000424629464846FEF75BFDA74204F101038F
:10CDF000F3D10398ADF80A0002220DF10A0102A84E
:10CE000022F042FE9DF808209DF8093003982A7010
:10CE10006B7004B0BDE8F08703AB4246294606F1CB
:10CE20006000FEF73DFDD4E703AB4246294606F11C
:10CE30006C00FEF735FDCCE703AB4246294606F110
:10CE40008000FEF76BFEC4E703AB4246294606F1BD
:10CE50007A00FEF709FFBCE703AB4246294606F11C
:10CE60005400FEF71DFDB4E72DE9F04784B00646F7
:10CE7000174600780F240DF107020D468DF8074084
:10CE800001F0F2FB9DF807800390B8F1000F2AD063
:10CE9000012406F1940A06F18C09E3B2013B0E2B42
:10CEA00010D8DFE803F04941595139327770686092
:10CEB000867E8E150800D6F8B00003AB3A462946A8
:10CEC000FEF7B2FDA04504F101030BD01C46E4E7D8
:10CED00003AB3A4629465046FEF720FEA04504F132
:10CEE0000103F3D10398ADF80A0002220DF10A0103
:10CEF00002A822F0C9FD9DF808209DF8093003988A
:10CF00002A706B7004B0BDE8F087306B03AB3A4613
:10CF10002946FEF789FDD5E703AB3A46294606F1D7
:10CF20002400FEF7BDFCCDE703AB3A46294606F1E7
:10CF30001400FEF7B5FCC5E703AB3A46294606F1F7
:10CF40000800FEF7ADFCBDE703AB3A46294606F103
:10CF50002000FEF725FDB5E7708803AB3A46294669
:10CF6000FEF7DEFCAEE703AB3A46294606F1380091
:10CF7000FEF796FCA6E796F8780003AB3A462946FA
:10CF8000FEF798FD9EE7706803AB3A462946FEF728
:10CF90004BFD97E7B08E03AB3A462946FEF7C0FC3F
:10CFA00090E796F8880003AB3A462946FEF782FDE3
:10CFB00088E796F8440003AB3A462946FEF77AFD27
:10CFC00080E703AB3A4629464846FEF7A7FD79E7D6
:10CFD00030B4184A184D026400234FF6FF7440F233
:10CFE0000221012283864480002302240184134904
:10CFF000C0F8B05080F8784080F82240036330BC1D
:10D000004362836243608360C36003614361836101
:10D01000C361C362C0F88C30C0F89430C0F890305F
:10D02000C0F898308163C16380F8442080F888207C
:10D03000704700BF000061454260653C0000E1446C
:10D04000F8B54FF6FF7399423DD043888B420C46AA
:10D05000054638D0B1F5E16FD0F8A87041805BD0BB
:10D0600032D8642955D0B1F5967F3AD1D0F8A000D6
:10D070002C4BA3FB04235B09AB8623F05DF923F063
:10D080000BFB0646384623F057F923F005FB014613
:10D09000304602F0BBFE68600CB347F23053B3FB7E
:10D0A000F4F004FB10339BB280B253BB02F0A2FD3C
:10D0B00023F0C0F9014602F0EDFC23F0F9FC02F088
:10D0C000F3FF85F87800F8BD41F27073994226D0DD
:10D0D00047F23053994204D1D0F89C00C8E7124877
:10D0E000E6E7104BD5F89C00A3FB04235A09642102
:10D0F00001FB124292B2312A4FEA5313BCD90133D9
:10D10000BAE704F0010101EB5404A342A8BF0130C7
:10D11000CCE738460123AFE7D0F8A400A8E7D0F861
:10D12000AC00A5E71F85EB5100FF7F472DE9F047D5
:10D1300086B004AB05AE04460078CDE900360DF1AB
:10D140000F030D4601F062FA9DF90F0008BB4FF086
:10D15000010A04F1940904F18C0804F138075FFA1C
:10D160008AF3013B0D2B6CD8DFE803F0645D575068
:10D1700049433D37302A231C16074A463146284684
:10D18000FEF77EFC0AF1010ABAF1100FE7D19DF912
:10D190000F0006B0BDE8F087424631462846FEF74C
:10D1A0006FFCEFE731462846FEF728FC84F888003C
:10D1B000E8E731462846FEF721FC84F84400E1E721
:10D1C0003A4631462846FEF717FBDBE7314628464C
:10D1D000FEF714FC84F87800D4E731462846FEF7C1
:10D1E000C1FB6060CEE731462846FEF741FBA086D2
:10D1F000C8E731462846FEF7B5FB2063C2E704F1D5
:10D20000240231462846FEF7F7FABBE704F1200274
:10D2100031462846FEF76AFBB4E731462846FEF75A
:10D2200027FB6080AEE704F1140231462846FEF782
:10D23000E3FAA7E704F1080231462846FEF7DCFAD4
:10D24000A0E731462846FEF78DFBC4F8B00099E709
:10D2500010B50323044600F8043B01F0C9FE204644
:10D2600001F040FE204610BD70B586B004AB05AE9F
:10D2700004460078CDE900360DF10F030D4601F0AC
:10D28000C5F99DF90F0008B106B070BD284604F13C
:10D2900020023146FEF7B0FA9DF90F0006B070BDCE
:10D2A0002DE9F84F0D46044608462749DDF8309031
:10D2B000DDE90ABA17461E4602F09CFE00B1224D77
:10D2C000D4F810800021404602F080FE002833D1BF
:10D2D0002846656823F030F8216902F0D9FB294619
:10D2E00002F0E0FC414602F0D5FBCBF80000656996
:10D2F0003846294602F0CCFBA16802F0D3FC29464F
:10D3000002F0C8FBCAF80000A5693046294602F0C1
:10D31000BFFBE16802F0C6FC294602F0BBFBC9F87E
:10D320000000DBF800302361DAF800306361D9F8DF
:10D330000030A361BDE8F88F284622F0FDFF676149
:10D3400080462061A661C3E7000020412DE9F0413D
:10D3500084B001250646904600788DF807500DF1FF
:10D3600007020F4601F080F99DF80750039035B190
:10D3700020360024ACB10134A542FBD10398ADF8AE
:10D380000A0002220DF10A0102A822F07DFB9DF89D
:10D3900008209DF8093003983A707B7004B0BDE80E
:10D3A000F08103AB424639463046FEF741FAE2E7E8
:10D3B0002DE9F04184B001250646904600788DF8AD
:10D3C00007500DF107020F4601F04EF99DF8075086
:10D3D000039035B110360024ACB10134A542FBD125
:10D3E0000398ADF80A0002220DF10A0102A822F00A
:10D3F0004BFB9DF808209DF8093003983A707B702C
:10D4000004B0BDE8F08103AB424639463046FEF732
:10D410000FFAE2E770B586B004AB05AE04460078BB
:10D42000CDE900360DF10F030D4601F0EFF89DF93F
:10D430000F0008B106B070BD284604F11002314655
:10D44000FEF7DAF99DF90F0006B070BDF0B504469D
:10D4500085B0084602F0CEFB01461C4802F0D6FC1F
:10D460004FF07C5102F01EFC01460546206A02F096
:10D47000CDFC4FF07E573946064602F0CFFDF0B1A5
:10D4800001972946606A02F0C1FC4FF07E57394689
:10D49000064602F0C3FDB0B102972946A06A02F029
:10D4A000B5FC4FF07E563146054602F0B7FD40B15F
:10D4B0000396201D01A901F031FD05B0F0BD0196D4
:10D4C000DFE70395F5E70296E7E700BF0000C842F3
:10D4D00010B5044600F8041B01F098FD204601F049
:10D4E00015FD204610BD00BF70B586B004AB05AE7B
:10D4F00004460078CDE900360DF10F030D4601F02A
:10D5000085F89DF90F0008B106B070BD284604F1FA
:10D5100010023146FEF7B4FA9DF90F0006B070BD57
:10D520002DE9F04104460F46184600211D4690465D
:10D5300002F060FD00282DD11749284602F06EFD4B
:10D5400030BBA6680021304602F040FD00B13E46E7
:10D550003146384602F09CFA616802F0A3FB31467E
:10D5600002F098FA2169A0600646284602F09AFB6C
:10D57000616902F08FFA294602F08CFA41460246B0
:10D58000304601F0E5F8BDE8F041034923F0EEB87C
:10D59000014DD6E7014DD4E70000C84217B7D13896
:10D5A0002DE9F04184B001250646904600788DF8BB
:10D5B00007500DF107020F4601F056F89DF807508D
:10D5C000039035B110360024ACB10134A542FBD133
:10D5D0000398ADF80A0002220DF10A0102A822F018
:10D5E00053FA9DF808209DF8093003983A707B7033
:10D5F00004B0BDE8F08103AB424639463046FEF741
:10D60000F5FBE2E72DE9F04184B00746904600784B
:10D6100001240DF107020E468DF8074001F024F8B1
:10D620009DF8075003902DB10024ACB10134A54200
:10D63000FBD10398ADF80A0002220DF10A0102A8FD
:10D6400022F022FA9DF808209DF8093003983270E4
:10D65000737004B0BDE8F081B86803AB4246314650
:10D66000FEF7E2F9E2E700BF70B586B004AB05AEA5
:10D6700004460078CDE900360DF10F030D4600F0A9
:10D68000C5FF9DF90F0008B106B070BD31462846B0
:10D69000FEF768F903469DF90F00A36006B070BD60
:10D6A000F8B50546084602F0A5FA0146194802F009
:10D6B000ADFB4FF07C5102F0F5FA4FF07E5701467A
:10D6C000154802F0A3FB394623F050F813490646EB
:10D6D00002F0E8FA22F0E4FF014602F0E3FA044621
:10D6E000014602F0DFFA214602F0D4F922F0A2FE50
:10D6F0003946034630461E4602F068FC40B92146D2
:10D70000304602F0C5F9014602F0C4F96860F8BD80
:10D710006F60F8BD0000C84299D4503CDB0FC93F90
:10D7200070B40B4A0B4915689668C56102240470F1
:10D730005468D56804621469466200228562C46236
:10D74000416070BC416181618260C260026170476A
:10D750009CD203080000484270B586B004AB05AE09
:10D7600004460078CDE900360DF10F030D4600F0B8
:10D770004DFF9DF90F0008B106B070BD3146284637
:10D78000FEF7F0F804F11C02606031462846FEF70F
:10D790004FFB9DF90F0006B070BD00BF2DE9F04FA3
:10D7A000166883B00546304614469946884602F00E
:10D7B0006FF9E1680746304602F06AF901463846DB
:10D7C00002F024FB714902F06DFA714902F062F92E
:10D7D00001460020DDE90CBA22F0B2FF01466D4897
:10D7E00022F0C4FFA968034638461F4602F05AFAE1
:10D7F000674902F04FF90146002022F0A1FF4FF0E7
:10D800007E510646484602F0EBFB00287CD16F6152
:10D81000AE61CBF80070A369CBF80430CAF80060A1
:10D82000A369CAF80430D4F808904146484602F08B
:10D830002FF961690746484602F02AF90146384641
:10D8400002F0E4FA544902F02DFA514902F022F9AB
:10D85000002122F075FF119B119A1860236A536012
:10D860006868314602F0D0FB002847D04B4930466B
:10D8700002F018FA4A4902F00DF90146494822F02F
:10D880005FFF0E9B0E9A1860A3695360E9683046EB
:10D8900002F008FA296902F0FDF80146424822F038
:10D8A00075FD0146414822F04BFF0146404822F0F9
:10D8B0005DFF0F9B0F9A1860A3695360666841462D
:10D8C000304602F0E5F821690546304602F0E0F8FE
:10D8D0000146284602F09AFA364902F0E3F9354942
:10D8E00022F044FF0146002022F02AFF109B109AEC
:10D8F0001860E369536003B0BDE8F08F2A493046F1
:10D9000002F0D0F90146B9E7A069002102F05EFB00
:10D9100000283FF47CAF4946484602F0C3F96B69E2
:10D92000019381463946184602F05AFB88B13846C1
:10D93000494602F0B7F9494607464FF07E5002F0DB
:10D94000A7F8019B194602F0ADF9394602F0A2F89A
:10D950000746AB6901933146184602F041FB0028A7
:10D960003FF457AF3046494602F09CF94946064617
:10D970004FF07E5002F08CF8019B194602F092F9AC
:10D98000314602F087F8064643E700BF0000164321
:10D99000000048420000FA43000066430000A04037
:10D9A00000007A430000C84300002041CDCCCC3DAC
:10D9B00000007A440000C8422DE9F04385B081465A
:10D9C0001646007802240DF107020D468DF8074037
:10D9D00000F04AFE9DF807700390FFB1012409F1A1
:10D9E0001C080CE0022B324603AB2946404601D10D
:10D9F000FEF780F9A74204F101030ED01C46E3B202
:10DA0000012BEFD103ABD9F8040032462946FEF7CB
:10DA10000BF8A74204F10103F0D10398ADF80A0016
:10DA200002220DF10A0102A822F02EF89DF808202A
:10DA30009DF8093003982A706B7005B0BDE8F0833B
:10DA40002DE9F04184B006469046007805240DF19A
:10DA500007020D468DF8074000F006FE9DF807709E
:10DA6000039007B30124E3B2013B042B0AD8DFE89B
:10DA700003F03A0F332C0300306903AB42462946CA
:10DA8000FDF7D2FFA74204F101030BD01C46EAE7E1
:10DA900003ABB06942462946FDF7C6FFA74204F131
:10DAA0000103F3D10398ADF80A0002220DF10A0137
:10DAB00002A821F0E9FF9DF808209DF8093003989D
:10DAC0002A706B7004B0BDE8F081F06803AB424689
:10DAD0002946FDF7A9FFD5E7B06803AB42462946C2
:10DAE000FDF7A2FFCEE7706903AB42462946FDF77A
:10DAF0009BFFC7E70023034A426182618360C360E2
:10DB000003617047000048424FF6FF7399421FD0EF
:10DB1000B1F5E16F10B504461FD013D864291AD0AF
:10DB2000B1F5967F12D1006A22F006FC22F0B4FD16
:10DB300001460B4802F06AF90A4A0B4BA060E2600A
:10DB4000236110BD41F27073994202D0E069EBE7A6
:10DB50007047C06AE8E7806AE6E7406AE4E700BF2A
:10DB6000000016434F57213C841C4BBFF0B587B0D3
:10DB700004AB05AF05460078CDE900370DF10F0382
:10DB80000E4600F043FD9DF90F0090B90124E3B269
:10DB9000013B39463046032B19D8DFE803F0141057
:10DBA0000C02FDF7DFFEE8600134062CEFD19DF991
:10DBB0000F0007B0F0BDFDF7D5FEA860F4E7FDF754
:10DBC000D1FEA861F0E7FDF7CDFE6861ECE7FDF757
:10DBD000C9FE2861E8E700BF30B409241549164A98
:10DBE000164D0470164C416002611649164A456193
:10DBF0008461164D164C416282621649164AC5620E
:10DC00008463164D164CC16302641649C564002234
:10DC10006FF0004504654FF0FF34C0E9164501661A
:10DC200030BC8260C260C2610262026342634264CD
:10DC30008264704707F0963D1C7CE13D3480D73FFD
:10DC40000000A040CDCC0C3E67D5273EE63F4CC03F
:10DC500091ED3CBFFB3A403FB15083405DFEE33E57
:10DC6000363C85BF000040402DE9F04786B004AB4C
:10DC700005AE04460078CDE900360DF10F030D46E0
:10DC800000F0C4FC9DF90F00E0B94FF0010A04F167
:10DC9000400904F12C0804F118075FFA8AF3013BEC
:10DCA000032B24D8DFE803F01D1711024A46314642
:10DCB0002846FEF7BDF80AF1010ABAF1060FECD1C9
:10DCC0009DF90F0006B0BDE8F08742463146284670
:10DCD000FEF7AEF8EFE73A4631462846FEF7A8F8D9
:10DCE000E9E7221D31462846FEF7A2F8E3E7314670
:10DCF0002846FDF737FE2066DDE700BF2DE9F04737
:10DD000082B0DDE90A9ABDF83040B4F5E16F05460E
:10DD1000884617461E466FD028D941F270739C4240
:10DD20002ED047F230539C4208BF012408D1D5E9D8
:10DD300016014FF0FF326FF0004300F029FE08B3E8
:10DD400000244FF0FF326FF000433846314600F0B8
:10DD50001FFE08B9C5E916762146404601F098FE37
:10DD60000D9901F095FE02B0BDE8F087642C05D056
:10DD7000B4F5967F08BF0424D9D0E1E70524D6E79F
:10DD80000224D4E7D5E91601B9EB00006AEB0101E2
:10DD900001F02CFB1AA3D3E9002301F07FFC0B4612
:10DDA0000246CDE900230FFA84F901F01DFE05EBD0
:10DDB000840455F82910824601F074FF616901F06E
:10DDC00069FEA16A8146504601F06CFFDDE900233F
:10DDD00082461946104601F037FB01F005FE014668
:10DDE000504601F057FEE16B01F054FE01464846F3
:10DDF00002F00CF80446A4E7046EA2E7AFF300803B
:10DE00000000000065CDCD412DE9F04784B0074604
:10DE10009046007805240DF107020D468DF8074065
:10DE200000F022FC9DF8076003902EB3012407F157
:10DE3000400A07F12C09E3B2013B042B0AD8DFE8C2
:10DE400003F03B0F342D0300386E03AB42462946E6
:10DE5000FDF7EAFDA64204F101030CD01C46EAE7F7
:10DE600003AB4246294607F11800FDF743FFA642DF
:10DE700004F10103F2D10398ADF80A0002220DF17A
:10DE80000A0102A821F000FE9DF808209DF8093043
:10DE900003982A706B7004B0BDE8F08703AB42466C
:10DEA00029465046FDF726FFD4E703AB42462946F4
:10DEB0004846FDF71FFFCDE703AB42462946381D14
:10DEC000FDF718FFC6E700BF2DE9F04387B0804695
:10DED0009146007801240DF10F020E468DF80F4097
:10DEE00000F0C2FB9DF80F50059035B1002405AF3E
:10DEF000ACB10134A542FBD10598ADF81200022265
:10DF00000DF1120104A821F0BFFD9DF810209DF82D
:10DF1000113005983270737007B0BDE8F083009738
:10DF2000D8E916014B463246FDF73AFEE1E700BF5D
:10DF300070B586B004AB05AE04460078CDE9003676
:10DF40000DF10F030D4600F061FB9DF90F0008B1C4
:10DF500006B070BD31462846FDF7C4FDC4E9160180
:10DF60009DF90F0006B070BD2DE9F04300F150059A
:10DF70009DB00C460646284600F0DCFB204622F009
:10DF8000DBF9B066284600F08BFB002800F09C808F
:10DF90000EAF534B0E933846294615AA06F13404AA
:10DFA0000F931093119312931393149300F098FC12
:10DFB000204600F075FB002800F08B80204600F022
:10DFC000B9FB1B9BF364464B0E93204602A908AC99
:10DFD0000F931093119312931393149300F040FC3A
:10DFE00002A92246384600F04DFC02A9204600F066
:10DFF00049FBDFF8F88002AD286822F037FA414685
:10E0000001F050FE45F8040BAC42F5D102A800F037
:10E01000C5FC6D464FF00009A84654F8040B49466C
:10E0200001F0DEFF031E18BF0123A74208F8013BE1
:10E03000F3D19DF800309DF801209DF802009DF875
:10E0400003101A4410449DF8042001449DF8050073
:10E050000A448118AA1D00E02B7883F0010305F81B
:10E06000013B9542F8D19DF800309DF801209DF8C4
:10E0700002409DF803001A4414449DF804209DF8C2
:10E0800005302044024413448B42ACBF154C164C5F
:10E090000599049801F0FEFC4FF07C5101F002FE5E
:10E0A000214601F0A7FF68B196F86C300133DBB26E
:10E0B000042B86F86C3009D9012386F82A301DB06C
:10E0C000BDE8F08386F86C0086F82A001DB0BDE834
:10E0D000F08315A91C22204621F0D6FC73E700BF6F
:10E0E0002549123E0AD7A33C0AD7A33BE12E65423D
:10E0F0001449C16100220023C0E908236421124BA6
:10E1000080F8281030B400220524C36204708261B4
:10E1100000F1340300F1500143F8042B8B429A6163
:10E12000FAD1002300240025C0E90245026730BC73
:10E13000426102610263A0F86C3080F829304385A7
:10E14000704700BFC9B28B5323291D562DE9F047F4
:10E150000446D0E9020116461F46D4E90823B6EB6F
:10E16000000867EB0109424573EB09039DF8245051
:10E17000DDF82CA003DB864277EB010354DA0023A1
:10E180004FF00008236184F82A80C4E9026794F8FC
:10E1900029307BB9D4E90201301A67EB010101F0A3
:10E1A00043FD616901F076FCA169606101F02CFF1B
:10E1B000002872D194F82B307BB9D4E90201301ACF
:10E1C00067EB010101F030FD216B01F063FCE16AB6
:10E1D000206301F019FF00285BD1B8F1000F00D1D6
:10E1E00085B3012E77F100030A9A94F82930BCBF59
:10E1F00001260027C4E90267137094F82A308AF8D0
:10E2000000300D9A94F82B3013709AF800302BB927
:10E21000E5690021284601F0D9FE58B10C9A4FF06B
:10E220007E531360BDE8F08750EA010394F82A801A
:10E23000ADD1AAE72069294601F0E8FD0C9B1860E2
:10E24000BDE8F08794F86D30022B2AD8002B3FD11F
:10E25000089822F071F8216F054601F019FC256736
:10E2600022F01AFA22F002F9204901F01BFD4FF0CA
:10E270007E5101F0BFFE98B394F86C300133DBB2ED
:10E28000012B84F86C3029D90123194D84F82A30E8
:10E290000AE0012384F82B309FE7012384F829301A
:10E2A00088E7032B1AD1134DD4E90201301A67EB2A
:10E2B000010101F0B9FC216901F0ECFB2946206164
:10E2C00001F0A2FE00288CD0012384F82A3088E7D0
:10E2D0000899074D2046FFF747FEE5E7044DE3E7C1
:10E2E000034D84F86C8084F82A80DDE7E12E6542D6
:10E2F0002E8CD15376845F512DE9F04184B00746CE
:10E300009046007803240DF107020D468DF8074072
:10E3100000F0AAF99DF807600390C6B1012406E059
:10E32000012B2ED0A64204F101030FD01C46E3B20C
:10E33000022B1ED0032BF3D103ABF86A42462946C9
:10E34000FDF772FBA64204F10103EFD10398ADF88B
:10E350000A0002220DF10A0102A821F095FB9DF8A6
:10E3600008209DF8093003982A706B7004B0BDE84E
:10E37000F08197F9280003AB42462946FDF700FDDE
:10E38000D0E7B86903AB42462946FDF74DFBC9E724
:10E390002DE9F04186B006469046007807240DF13D
:10E3A0000F020D468DF80F4000F05EF99DF80F70DA
:10E3B000059017B30124E3B2013B062B0BD8DFE82D
:10E3C00003F0352E463E4D100400306B05AB42463F
:10E3D0002946FDF729FBA74204F101030CD01C4696
:10E3E000E9E705AB96F82B0042462946FDF716FCF7
:10E3F000A74204F10103F2D10598ADF81200022200
:10E400000DF1120104A821F03FFB9DF810209DF8AA
:10E41000113005982A706B7006B0BDE8F081706904
:10E4200005AB42462946FDF7FFFAD4E705AB00935A
:10E43000D6E9020143462A46FDF7B2FBCBE796F840
:10E44000290005AB42462946FDF7E8FBC3E73069E2
:10E4500005AB42462946FDF7E7FABCE796F82A00E5
:10E4600005AB42462946FDF7D9FBB4E7F0B587B0C6
:10E4700004AB05AF05460078CDE900370DF10F0379
:10E480000E4600F0C3F89DF90F00C0B90124E3B2B5
:10E49000013B052B3ED8DFE803F036302A1F14037A
:10E4A000059BF25C003A03F1010318BF012285F8D5
:10E4B0002B2005930134082CE9D19DF90F0007B0FA
:10E4C000F0BD059BF25C003A03F1010318BF012285
:10E4D00085F82A200593EDE7059BF25C003A03F1ED
:10E4E000010318BF012285F829200593E2E7394688
:10E4F0003046FDF737FA2861DCE739463046FDF74C
:10E5000031FA6861D6E739463046FDF7EBFAC5E9DE
:10E510000201CFE739463046FDF724FA2863C9E700
:10E520004FF6FF73994229D090F928201F4B01FB29
:10E5300002F210B402EB52021D4CC461A2FB032391
:10E540000024B1F5E16FC0E9082380F86D4026D0C2
:10E550000BD864291CD0B1F5967F04D1154BC3614B
:10E56000012380F86D3010BC704741F270739942FE
:10E57000F9D1042310BC80F86D307047002303618B
:10E58000002100220023C0E9022380F82A107047EE
:10E59000084BC361022310BC80F86D307047064BF6
:10E5A000C361032310BC80F86D30704780969800DB
:10E5B000C9B28B53C9B28B5276845F5170B586B0A5
:10E5C00004AB05AE04460078CDE900360DF10F032B
:10E5D0000D4600F01BF89DF90F0008B106B070BDA4
:10E5E00031462846FDF7BEF93146A0612846FDF7C1
:10E5F00065FC314684F828002846FDF7B3F9034648
:10E600009DF90F00E36206B070BD00BF2DE9F04137
:10E6100082B0DDE908751C46032A4FF000032B6029
:10E6200023703B6004D89823237002B0BDE8F081CA
:10E6300004232B600A784B788DF8042080460E4620
:10E64000022201A90DF106008DF8053021F01CFA17
:10E65000BDF806303B60B37843451CBF9C23237054
:10E6600002B0BDE8F08100BF10B414780CB19C4238
:10E6700003D2002010BC10707047887010BC0420BA
:10E68000704700BF70B50D1F041F00F1140654F849
:10E69000040F22F001F8B44245F8040FF7D170BD21
:10E6A00070B50026041F00F1180554F8040F314618
:10E6B00001F08CFC18B9AC42F7D1012070BD0020EC
:10E6C00070BD00BF38B504460D4621F0DFFD164B86
:10E6D000002201F02BF978B1144B00222046294684
:10E6E00001F038F958B9124B00222046294601F0B2
:10E6F0003BF970B1002400252046294638BD0B4B5C
:10E7000020462946002200F0E9FCBDE8384022F00E
:10E710004BB9064B20462946002200F0DDFCBDE83F
:10E72000384022F0C5B800BF000030430000E03F91
:10E730000000E0BF10B40468034600F118015A68F5
:10E7400043F8042B8B42FAD1846110BC704700BFA0
:10E75000F8B505460C4610460021164601F040FC6F
:10E76000002855D12B49304601F058FC00284CD1E7
:10E770002849304601F04AFB21F0B4FD26490646FF
:10E78000284601F08FFA25490746284601F082F90C
:10E790000146384601F03AFB314601F07BF91F494A
:10E7A000054601F07FFA294605461B4801F070F93D
:10E7B0000146284601F02AFB1749064601F072FA85
:10E7C00016490546304601F065F90146284601F034
:10E7D0001DFB11490546204601F064FA0F49064623
:10E7E000204601F057F90146304601F00FFB014683
:10E7F000284601F04DF921F04DFD064901F052FA8D
:10E80000BDE8F840034921F0B1BF4FF07E50B3E7B7
:10E810000020B1E70000C842C3F58C41B81E734325
:10E82000002917DD30B401380C4D44184FF6FF7342
:10E8300010F8011F4B40D9B2844235F8111081EA1B
:10E840001323F5D1DB43D9B2C3F3072330BC1170D6
:10E85000537070470023137053707047B0D2030891
:10E86000F8B5056804460E1F00F11807294654F84C
:10E87000045F284601F00CF9BC4246F8040FF5D1BC
:10E88000F8BD00BF2DE9F84F9246131F0024143243
:10E8900043F8044F9342FBD10E4600F11407A0F158
:10E8A00004094FF000080AEB88054C46D5F800B083
:10E8B00054F8041F306801F0F5F9594601F0EAF800
:10E8C000BC4245F8040BF1D108F10108B8F1060F7C
:10E8D00006F10406A4F10407E5D1BDE8F88F00BFF6
:10E8E0002DE9F84F9246131F0024183243F8044FC5
:10E8F0009342FBD10E4600F11807A0F104094FF036
:10E9000000080AEB88054C46D5F800B054F8041FFF
:10E91000306801F0C7F9594601F0BCF8BC4245F82F
:10E92000040BF1D108F10108B8F1070F06F1040654
:10E93000A4F10407E5D1BDE8F88F00BF70B4039CD3
:10E9400080B10C480C4D0D4E086000201560186019
:10E950000B4D20604E600B480B495560586061605C
:10E9600070BC70470348044D0860084E15600020D5
:10E97000EDE700BF00002A43000082C2F874C44CD7
:10E980000000FA420000C8420024F449806A494B62
:10E99000994206BF90420120002070472DE9F04FB8
:10E9A000A7B001680C9005469DF93E000890002331
:10E9B0009DF93F0009900022012410911046AB46BA
:10E9C00014921193129313930E940DF150084FF07B
:10E9D000020A26AB1D1903EB8402DBF8041005F8CC
:10E9E00060AC0023032CC8F8043042F8581C04F132
:10E9F00001054FD02C460AF1010A5FFA8AFABAF1F2
:10EA0000070F08F104080BF1040BE2D128B1089BB1
:10EA10008DF83E30099B8DF83F30002C00F0E780E8
:10EA20000023012C8DF83D30ADF83E3000F03C81E4
:10EA3000022C40F01D81109E119D3046294601F0A8
:10EA4000D9FA002800F033818DF83D403546012386
:10EA50000C98C4EB847214A9C4F1804401EB8202C7
:10EA60000534183200EB84040DF13D0100F1140669
:10EA700026A844F8045F0344A64213F9613C42F817
:10EA8000043B00F0B48011F9013B00EB830050F827
:10EA90005C5CEDE7119E109C04962046314601F027
:10EAA000A9FA00286FD10123099305930A93002343
:10EAB000224606930223344604920893DDF84890D8
:10EAC000139F4846394601F095FA002840F08880A7
:10EAD000494603250423B94607950B950F460226A0
:10EAE0000D934946204601F085FA002854D00A9B30
:10EAF00026AA02EB8303494653F85C3C0893184668
:10EB000001F078FA002840F08C8026AB03EB8505F5
:10EB1000089B55F85C0C194601F076FA002800F0C5
:10EB20009280059B07980793069B0593099B089382
:10EB300049460B9B0696A1460646049C09930497FA
:10EB40000F46079BCBF8004026AA13441946059BA5
:10EB500011F9600C4BF8089C13441D46069B15F9EF
:10EB6000605C4BF8047C1344164413F9601C16F9DE
:10EB7000606C049BCBF8043048E90206C8E90051F8
:10EB80000120002437E701230222CDE90832069351
:10EB900000230A92059391E726AB03EB85052146F6
:10EBA00055F85C5C284601F02FFA0028C9D00A9B72
:10EBB00026AA02EB8303294653F85C0C01F01AFAEB
:10EBC00000284CD0069B3046059E0593099B089370
:10EBD00039460B9B069027460993049C0491B0E7A5
:10EBE00002230326079304230D960B9379E720AAAB
:10EBF0001AAD00242B4616461046002143F8041B8C
:10EC0000984242F8044BF9D102230093CDE9015612
:10EC10000C9914A80623002200F004F927B0BDE8DF
:10EC2000F08FB446DDE90536079D0595CDE906C3AD
:10EC30000B9B0993384649460D9B049F0893A146B8
:10EC400004900C467DE7059B0798079349460B9B6C
:10EC50000596A14606463C4608930F4671E73046A6
:10EC600039460B9B059E0893274605900C4668E79E
:10EC7000109E119D3046294601F0BCF9129FD8B173
:10EC80002846394601F0B6F980BB3946304601F0D6
:10EC9000B1F900283CD0022303228DF83E303546DE
:10ECA0008DF83D200123D3E6109D2346D0E60123B5
:10ECB0008DF83D302346CBE63046394601F09AF9CF
:10ECC00060B93946284601F095F9C0B10123032205
:10ECD0008DF83E308DF83D200223B9E60323012252
:10ECE0008DF83E308DF83D200223B1E60323022249
:10ECF0008DF83E3035468DF83D200123A8E60123EE
:10ED000002228DF83E303D468DF83D2003239FE6DC
:10ED1000022301228DF83E303D468DF83D2003232D
:10ED200096E600BF2DE9F04F87B0DDE91145109E52
:10ED300004933344002BCDE90201059317DD0298BB
:10ED400002F18041013900EB810C039800EB810155
:10ED50000598231F03EB8008281F5CF8046F43F815
:10ED6000046F51F8046F40F8046F4345F5D1049BDC
:10ED70004FF0000902F1FF384F469B469E0055F8C0
:10ED800007A0A9590191504601F034F9019908F101
:10ED9000010C78B1029AE35942F82C30039B43F8F6
:10EDA0002CA0049B09F101094B4537DD4FEA890787
:10EDB000E046E4E7029BA05943F82C00039B43F88C
:10EDC0002C10059B0BF1010B5B4503DD4FEA8B0615
:10EDD000E046D4E7049A09F101039A421EDB029946
:10EDE00008F1804808F1010809F1004901EB8807A2
:10EDF000039909F1FF39231F05EB890504EB890409
:10EE000001EB880603EB820354F8041F55F8042F26
:10EE100047F8041FA34246F8042FF5D107B0BDE818
:10EE2000F08F00BF2DE9F04F89B0DDE9124543FABC
:10EE300004F70126012FDDF850B0059507938146B0
:10EE40008A46069206FA04F633DDFB0714D5079BC3
:10EE5000013F06FB07F29B1AB3420DDD66B19B1B17
:10EE60000093059B0193069BCDF808B01A445146C8
:10EE700033464846FFF756FF7F104FEA460819D041
:10EE8000069D049700242A460134454433465146E2
:10EE9000484636B1059FCDF808B0CDE90067FFF7C9
:10EEA00041FF049BA342EED1012B1F4602DD4646E3
:10EEB000CBE7B046079B434511DDB8F1000F0ED0FC
:10EEC000A3EB08031293069A059B139351464346FE
:10EED0004846CDF850B009B0BDE8F04F22E709B080
:10EEE000BDE8F08F037F074A0749016242628262F0
:10EEF0003BB10022012B026103D0022B426118BFFB
:10EF0000826170470AD7233B0AD7A33C027B0023C8
:10EF10000361436102B18360704700BFF8B50C46DE
:10EF200005463249206800F0BDFE21F0B9FB0146DC
:10EF300000F0B8FE0646014600F0B4FE314600F08F
:10EF4000A9FD21F077FA314600F0A2FD014600F05C
:10EF5000A1FD4FF07E5728602068394601F036F851
:10EF600000B12F602149606800F09CFE21F098FB01
:10EF7000014600F097FE0646014600F093FE31463A
:10EF800000F088FD21F056FA314600F081FD01467F
:10EF900000F080FD4FF07E5768606068394601F0F0
:10EFA00015F800B16F601149A06800F07BFE21F0F8
:10EFB00077FB014600F076FE0646014600F072FE41
:10EFC000314600F067FD21F035FA314600F060FD72
:10EFD000014600F05FFD4FF07E57A860A0683946FB
:10EFE00000F0F4FF00B1AF60F8BD00BFDB0FC93F18
:10EFF0004FF07C51002210B403240476016010BC51
:10F0000041608160C26002614261704710B40124B6
:10F010004FF07C5100220472016010BC42607047C6
:10F02000034613F8012B002AFBD1181A0138704748
:10F0300001F0FF01102A2BDB10F0070F08D010F8A9
:10F04000013B013A8B422DD010F0070F42B3F6D1AD
:10F05000F0B441EA012141EA014122F007047FF0C6
:10F0600000070023F0E80256083C85EA010586EA1D
:10F07000010685FA47F5A3FA87F586FA47F6A5FA59
:10F0800087F68EB9EED1F0BC01F0FF0102F0070265
:10F0900032B110F8013B013A83EA010313B1F8D110
:10F0A0000020704701387047002D06BF35460338F1
:10F0B000073815F0010F07D1013015F4807F02BF2A
:10F0C000013015F4C03F0130F0BC0138704700BF7B
:10F0D00081F0004102E000BF83F0004330B54FEA09
:10F0E00041044FEA430594EA050F08BF90EA020F76
:10F0F0001FBF54EA000C55EA020C7FEA645C7FEA09
:10F10000655C00F0E2804FEA5454D4EB5555B8BF2B
:10F110006D420CDD2C4480EA020281EA030382EA9C
:10F12000000083EA010180EA020281EA0303362D2E
:10F1300088BF30BD11F0004F4FEA01314FF4801C01
:10F140004CEA113102D0404261EB410113F0004F13
:10F150004FEA03334CEA133302D0524263EB4303CA
:10F1600094EA050F00F0A780A4F10104D5F1200E68
:10F170000DDB02FA0EFC22FA05F2801841F10001C3
:10F1800003FA0EF2801843FA05F359410EE0A5F197
:10F1900020050EF1200E012A03FA0EFC28BF4CF0C8
:10F1A000020C43FA05F3C01851EBE37101F000457E
:10F1B00007D54FF0000EDCF1000C7EEB00006EEB8B
:10F1C0000101B1F5801F1BD3B1F5001F0CD3490815
:10F1D0005FEA30004FEA3C0C04F101044FEA44526C
:10F1E00012F5800F80F09A80BCF1004F08BF5FEAF3
:10F1F000500C50F1000041EB045141EA050130BDD3
:10F200005FEA4C0C404141EB0101013C28BFB1F5E4
:10F21000801FE9D291F0000F04BF01460020B1FA2F
:10F2200081F308BF2033A3F10B03B3F120020CDA02
:10F230000C3208DD02F1140CC2F10C0201FA0CF0E0
:10F2400021FA02F10CE002F11402D8BFC2F1200C45
:10F2500001FA02F120FA0CFCDCBF41EA0C019040FB
:10F26000E41AA2BF01EB0451294330BD6FEA040444
:10F270001F3C1CDA0C340EDC04F11404C4F120022F
:10F2800020FA04F001FA02F340EA030021FA04F341
:10F2900045EA030130BDC4F10C04C4F1200220FA98
:10F2A00002F001FA04F340EA0300294630BD21FAD6
:10F2B00004F0294630BD94F0000F83F4801306BF9C
:10F2C00081F480110134013D4EE77FEA645C18BF90
:10F2D0007FEA655C29D094EA050F08BF90EA020F27
:10F2E00005D054EA000C04BF1946104630BD91EA1F
:10F2F000030F1EBF0021002030BD5FEA545C05D122
:10F300004000494128BF41F0004130BD14F5800460
:10F310003CBF01F5801130BD01F0004545F0FE41D4
:10F3200041F470014FF0000030BD7FEA645C1ABF09
:10F33000194610467FEA655C1CBF0B46024650EA40
:10F34000013406BF52EA033591EA030F41F400216C
:10F3500030BD00BF90F0000F04BF0021704730B5F2
:10F360004FF4806404F132044FF000054FF00001C7
:10F3700050E700BF90F0000F04BF0021704730B588
:10F380004FF4806404F1320410F0004548BF40425D
:10F390004FF000013EE700BF42004FEAE2014FEAB2
:10F3A00031014FEA02701FBF12F07F4393F07F4F8D
:10F3B00081F06051704732F07F4208BF704793F090
:10F3C0007F4F04BF41F40021704730B54FF46074A3
:10F3D00001F0004521F000411CE700BF50EA0102A6
:10F3E00008BF704730B54FF000050AE050EA01024F
:10F3F00008BF704730B511F0004502D5404261EBBF
:10F4000041014FF4806404F132045FEA915C3FF4FF
:10F41000D8AE4FF003025FEADC0C18BF03325FEA9C
:10F42000DC0C18BF033202EBDC02C2F1200300FA4D
:10F4300003FC20FA02F001FA03FE40EA0E0021FA72
:10F4400002F11444BDE600BF70B54FF0FF0C4CF460
:10F45000E06C1CEA11541DBF1CEA135594EA0C0F12
:10F4600095EA0C0F00F0DEF82C4481EA030621EA4D
:10F470004C5123EA4C5350EA013518BF52EA033588
:10F4800041F4801143F4801338D0A0FB02CE4FF03A
:10F490000005E1FB02E506F00042E0FB03E54FF06A
:10F4A0000006E1FB03569CF0000F18BF4EF0010E62
:10F4B000A4F1FF04B6F5007F64F5407404D25FEA5E
:10F4C0004E0E6D4146EB060642EAC62141EA555111
:10F4D0004FEAC52040EA5E504FEACE2EB4F1FD0C53
:10F4E00088BFBCF5E06F1ED8BEF1004F08BF5FEAD1
:10F4F000500E50F1000041EB045170BD06F0004683
:10F5000046EA010140EA020081EA0301B4EB5C042F
:10F51000C2BFD4EB0C0541EA045170BD41F4801127
:10F520004FF0000E013C00F3AB8014F1360FDEBF4C
:10F53000002001F0004170BDC4F10004203C35DA28
:10F540000C341BDC04F11404C4F1200500FA05F3AB
:10F5500020FA04F001FA05F240EA020001F000424C
:10F5600021F0004110EBD37021FA04F642EB0601C2
:10F570005EEA430E08BF20EAD37070BDC4F10C04EC
:10F58000C4F1200500FA04F320FA05F001FA04F2B0
:10F5900040EA020001F0004110EBD37041F100019C
:10F5A0005EEA430E08BF20EAD37070BDC4F12005A7
:10F5B00000FA05F24EEA020E20FA04F301FA05F20F
:10F5C00043EA020321FA04F001F0004121FA04F2B7
:10F5D00020EA020000EBD3705EEA430E08BF20EA87
:10F5E000D37070BD94F0000F0FD101F000464000C1
:10F5F00041EB010111F4801F08BF013CF7D041EA43
:10F60000060195F0000F18BF704703F00046520046
:10F6100043EB030313F4801F08BF013DF7D043EA17
:10F620000603704794EA0C0F0CEA135518BF95EACD
:10F630000C0F0CD050EA410618BF52EA4306D1D154
:10F6400081EA030101F000414FF0000070BD50EA73
:10F65000410606BF1046194652EA430619D094EAFD
:10F660000C0F02D150EA013613D195EA0C0F05D1E7
:10F6700052EA03361CBF104619460AD181EA03013B
:10F6800001F0004141F0FE4141F470014FF00000F3
:10F6900070BD41F0FE4141F4780170BD70B54FF08E
:10F6A000FF0C4CF4E06C1CEA11541DBF1CEA13550E
:10F6B00094EA0C0F95EA0C0F00F0A7F8A4EB0504F0
:10F6C00081EA030E52EA03354FEA013100F08880E7
:10F6D0004FEA03334FF0805545EA131343EA1263B0
:10F6E0004FEA022245EA111545EA10654FEA002665
:10F6F0000EF000419D4208BF964244F1FD0404F51E
:10F70000407402D25B084FEA3202B61A65EB030579
:10F710005B084FEA32024FF480104FF4002CB6EB36
:10F72000020E75EB030E22BFB61A754640EA0C00B6
:10F730005B084FEA3202B6EB020E75EB030E22BFF6
:10F74000B61A754640EA5C005B084FEA3202B6EB37
:10F75000020E75EB030E22BFB61A754640EA9C00F6
:10F760005B084FEA3202B6EB020E75EB030E22BFC6
:10F77000B61A754640EADC0055EA060E18D04FEA84
:10F78000051545EA16754FEA06164FEAC30343EA24
:10F7900052734FEAC2025FEA1C1CC0D111F4801FF1
:10F7A0000BD141EA00014FF000004FF0004CB6E7EA
:10F7B00011F4801F04BF01430020B4F1FD0C88BF89
:10F7C000BCF5E06F3FF6AFAEB5EB030C04BFB6EB94
:10F7D000020C5FEA500C50F1000041EB045170BD87
:10F7E0000EF0004E4EEA113114EB5C04C2BFD4EBB4
:10F7F0000C0541EA045170BD41F480114FF0000E38
:10F80000013C90E645EA060E8DE60CEA135594EAB3
:10F810000C0F08BF95EA0C0F3FF43BAF94EA0C0FB6
:10F820000AD150EA01347FF434AF95EA0C0F7FF42B
:10F8300025AF104619462CE795EA0C0F06D152EA7F
:10F8400003353FF4FDAE1046194622E750EA410663
:10F8500018BF52EA43067FF4C5AE50EA41047FF474
:10F860000DAF52EA43057FF4EBAE12E74FF0FF3CD9
:10F8700006E000BF4FF0010C02E000BF4FF0010CAA
:10F880004DF804CD4FEA410C7FEA6C5C4FEA430C23
:10F8900018BF7FEA6C5C1BD001B050EA410C0CBF72
:10F8A00052EA430C91EA030F02BF90EA020F0020D4
:10F8B000704710F1000F91EA030F58BF994208BF3B
:10F8C00090422CBFD8176FEAE37040F001007047F8
:10F8D0004FEA410C7FEA6C5C02D150EA013C07D14F
:10F8E0004FEA430C7FEA6C5CD6D152EA033CD3D09A
:10F8F0005DF8040B704700BF8446104662468C4694
:10F900001946634600E000BF01B5FFF7B7FF0028C6
:10F9100048BF10F1000F01BD4DF808EDFFF7F4FFEF
:10F920000CBF012000205DF808FB00BF4DF808ED7A
:10F93000FFF7EAFF34BF012000205DF808FB00BF9D
:10F940004DF808EDFFF7E0FF94BF012000205DF8BF
:10F9500008FB00BF4DF808EDFFF7CEFF94BF012074
:10F9600000205DF808FB00BF4DF808EDFFF7C4FF6D
:10F9700034BF012000205DF808FB00BF4FEA410CB6
:10F980007FEA6C5C02D150EA013C0AD14FEA430C99
:10F990007FEA6C5C02D152EA033C02D14FF00000D6
:10F9A00070474FF0010070474A0011D212F5001263
:10F9B00011D20DD56FF47873B3EB62520ED44FEAC7
:10F9C000C12343F0004343EA505323FA02F0704747
:10F9D0004FF00000704750EA013002D14FF0FF3085
:10F9E00070474FF0000070474FEA4102B2F1E04328
:10F9F00024BFB3F5001CDCF1FE5C0DD901F0004C16
:10FA00004FEAC0024CEA5070B2F1004F40EB830065
:10FA100008BF20F00100704711F0804F21D113F191
:10FA20003872BCBF01F00040704741F480114FEACA
:10FA30005252C2F11802C2F1200C10FA0CF320FA53
:10FA400002F018BF40F001004FEAC1234FEAD32370
:10FA500003FA0CFC40EA0C0023FA02F34FEA4303DA
:10FA6000CCE77FEA625307D150EA01331EBF4FF063
:10FA7000FE4040F44000704701F0004040F0FE407E
:10FA800040F40000704700BF80F0004002E000BF7B
:10FA900081F0004142001FBF5FEA410392EA030F79
:10FAA0007FEA226C7FEA236C6AD04FEA1262D2EBC3
:10FAB0001363C1BFD218414048404140B8BF5B42C8
:10FAC000192B88BF704710F0004F40F4000020F061
:10FAD0007F4018BF404211F0004F41F4000121F077
:10FAE0007F4118BF494292EA030F3FD0A2F10102C1
:10FAF00041FA03FC10EB0C00C3F1200301FA03F1FF
:10FB000000F0004302D5494260EB4000B0F5000F21
:10FB100013D3B0F1807F06D340084FEA310102F1E0
:10FB20000102FE2A51D2B1F1004F40EBC25008BF92
:10FB300020F0010040EA03007047490040EB00005C
:10FB4000013A28BFB0F5000FEDD2B0FA80FCACF15D
:10FB5000080CB2EB0C0200FA0CF0AABF00EBC2508A
:10FB600052421843BCBFD0401843704792F0000F78
:10FB700081F4000106BF80F400000132013BB5E7CB
:10FB80004FEA41037FEA226C18BF7FEA236C21D041
:10FB900092EA030F04D092F0000F08BF08467047A6
:10FBA00090EA010F1CBF0020704712F07F4F04D174
:10FBB000400028BF40F00040704712F100723CBF87
:10FBC00000F50000704700F0004343F0FE4040F4B1
:10FBD000000070477FEA226216BF08467FEA23636F
:10FBE0000146420206BF5FEA412390EA010F40F45A
:10FBF000800070474FF0000304E000BF10F00043A6
:10FC000048BF40425FEA000C08BF704743F096438C
:10FC100001464FF000001CE050EA010208BF7047A7
:10FC20004FF000030AE000BF50EA010208BF70472E
:10FC300011F0004302D5404261EB41015FEA010C43
:10FC400002BF84460146002043F0B64308BFA3F13B
:10FC50008053A3F50003BCFA8CF2083AA3EBC2531D
:10FC600010DB01FA02FC634400FA02FCC2F120023C
:10FC7000BCF1004F20FA02F243EB020008BF20F073
:10FC80000100704702F1200201FA02FCC2F12002D9
:10FC900050EA4C0021FA02F243EB020008BF20EACE
:10FCA000DC7070474FF0FF0C1CEAD0521EBF1CEAFC
:10FCB000D15392EA0C0F93EA0C0F6FD01A4480EAEA
:10FCC000010C400218BF5FEA41211ED04FF00063D3
:10FCD00043EA501043EA5111A0FB01310CF00040FF
:10FCE000B1F5000F3EBF490041EAD3715B0040EA25
:10FCF000010062F17F02FD2A1DD8B3F1004F40EBF5
:10FD0000C25008BF20F00100704790F0000F0CF0C7
:10FD1000004C08BF49024CEA502040EA51207F3A8B
:10FD2000C2BFD2F1FF0340EAC250704740F4000066
:10FD30004FF00003013A5DDC12F1190FDCBF00F057
:10FD400000407047C2F10002410021FA02F1C2F105
:10FD5000200200FA02FC5FEA310040F1000053EAA1
:10FD60004C0308BF20EADC70704792F0000F00F0EF
:10FD7000004C02BF400010F4000F013AF9D040EAF5
:10FD80000C0093F0000F01F0004C02BF490011F489
:10FD9000000F013BF9D041EA0C018FE70CEAD15387
:10FDA00092EA0C0F18BF93EA0C0F0AD030F0004C07
:10FDB00018BF31F0004CD8D180EA010000F00040BB
:10FDC000704790F0000F17BF90F0004F084691F079
:10FDD000000F91F0004F14D092EA0C0F01D14202B3
:10FDE0000FD193EA0C0F03D14B0218BF084608D17C
:10FDF00080EA010000F0004040F0FE4040F40000C6
:10FE0000704740F0FE4040F4400070474FF0FF0C58
:10FE10001CEAD0521EBF1CEAD15392EA0C0F93EA9F
:10FE20000C0F69D0A2EB030280EA010C49024FEAF1
:10FE3000402037D04FF0805343EA111143EA1013AA
:10FE40000CF000408B4238BF5B0042F17D024FF462
:10FE5000000C8B4224BF5B1A40EA0C00B3EB510F3D
:10FE600024BFA3EB510340EA5C00B3EB910F24BF26
:10FE7000A3EB910340EA9C00B3EBD10F24BFA3EBAB
:10FE8000D10340EADC001B0118BF5FEA1C1CE0D173
:10FE9000FD2A3FF650AF8B4240EBC25008BF20F026
:10FEA000010070470CF0004C4CEA50207F32C2BF7A
:10FEB000D2F1FF0340EAC250704740F400004FF017
:10FEC0000003013A37E792F0000F00F0004C02BF48
:10FED000400010F4000F013AF9D040EA0C0093F012
:10FEE000000F01F0004C02BF490011F4000F013B6C
:10FEF000F9D041EA0C0195E70CEAD15392EA0C0FD4
:10FF000008D142027FF47DAF93EA0C0F7FF470AF0B
:10FF1000084676E793EA0C0F04D14B023FF44CAF4E
:10FF200008466EE730F0004C18BF31F0004CCAD1E3
:10FF300030F000427FF45CAF31F000437FF43CAF1F
:10FF40005FE700BF4FF0FF3C06E000BF4FF0010C41
:10FF500002E000BF4FF0010C4DF804CD4FEA400223
:10FF60004FEA41037FEA226C18BF7FEA236C11D06D
:10FF700001B052EA530C18BF90EA010F58BFB2EB20
:10FF8000030088BFC81738BF6FEAE17018BF40F0A0
:10FF9000010070477FEA226C02D15FEA402C05D154
:10FFA0007FEA236CE4D15FEA412CE1D05DF8040BD9
:10FFB000704700BF844608466146FFE70FB5FFF76C
:10FFC000C9FF002848BF10F1000F0FBD4DF808ED24
:10FFD000FFF7F4FF0CBF012000205DF808FB00BF15
:10FFE0004DF808EDFFF7EAFF34BF012000205DF86F
:10FFF00008FB00BF4DF808EDFFF7E0FF94BF0120BC
:020000040801F1
:1000000000205DF808FB00BF4DF808EDFFF7D2FFB8
:1000100094BF012000205DF808FB00BF4DF808EDFB
:10002000FFF7C8FF34BF012000205DF808FB00BFC8
:100030004FEA40024FEA41037FEA226C02D15FEAB5
:10004000402C08D17FEA236C02D15FEA412C02D117
:100050004FF0000070474FF0010070474FEA400238
:10006000B2F1FE4F0FD34FF09E03B3EB12620DD9E6
:100070004FEA002343F0004310F0004F23FA02F050
:1000800018BF404270474FF00000704712F1610FF7
:1000900001D1420205D110F0004008BF6FF00040CE
:1000A00070474FF00000704742000ED2B2F1FE4F91
:1000B0000BD34FF09E03B3EB126209D44FEA002337
:1000C00043F0004323FA02F070474FF000007047FE
:1000D00012F1610F01D1420202D14FF0FF3070479F
:1000E0004FF00000704700BF53B94AB9002908BF5C
:1000F00000281CBF4FF0FF314FF0FF3000F0BEB9B9
:10010000ADF1080C6DE904CE00F03CF8DDF804E038
:10011000DDE9022304B0704738B50022002304460D
:100120000D46FFF703FC28B920462946BDE83840B4
:1001300000F00AB8204605F1004100F005F8404201
:1001400061EB410138BD00BFD0B50C4B0022064623
:100150000F46FFF779F9FFF727FC0446FFF7FAF897
:10016000074B0022FFF770F902460B46304639462E
:10017000FEF7B2FFFFF718FC2146D0BD0000F03DAE
:100180000000F0412DE9F047089D0F4604468C46DB
:10019000002B48D18A42164661D9B2FA82F34BB19C
:1001A000C3F1200201FA03FC20FA02F29E4042EA67
:1001B0000C0C9C404FEA164EB7B2BCFBFEF1220C71
:1001C0000EFB11CC42EA0C4201FB07F0904209D928
:1001D000B21801F1FF3C80F0EE80904240F2EB80DB
:1001E00002393244121AA4B2B2FBFEF00EFB102206
:1001F00044EA024400FB07F7A74209D9341900F189
:10020000FF3280F0DA80A74240F2D78034440238CF
:1002100040EA0140E41B00211DB1DC400023C5E998
:100220000043BDE8F0878B4206D90DB1C5E9000156
:1002300000210846BDE8F087B3FA83F1002948D1D0
:10024000BB4202D3824200F20781841A67EB0302A9
:1002500001209446002DE4D0C5E9004CE1E7002AD6
:1002600000F09280B2FA82F3002B40F0A8808A1A44
:100270004FEA164E1FFA86FC0121200CB2FBFEF756
:100280000EFB172240EA02420CFB07F0904207D90E
:10029000B21807F1FF3802D2904200F2E2804746DE
:1002A000121AA4B2B2FBFEF00EFB102244EA024482
:1002B0000CFB00FCA44507D9341900F1FF3202D22F
:1002C000A44500F2CB801046A4EB0C0440EA0740A2
:1002D000A2E7C1F120068B4022FA06FC4CEA030C8F
:1002E00007FA01F420FA06F3F7404FEA1C492343CA
:1002F00000FA01F81FFA8CFEB7FBF9F01C0C09FBA1
:10030000107744EA074400FB0EF7A74202FA01F215
:100310000AD91CEB040400F1FF3A80F09B80A7424D
:1003200040F2988002386444E41B9FB2B4FBF9F3B6
:1003300009FB134447EA044403FB0EFEA64509D912
:100340001CEB040403F1FF3780F08280A6457FD9BF
:10035000023B644443EA0040A4EB0E04A0FB02E726
:10036000BC427346B94663D360D05DB1B8EB0302BB
:1003700064EB090404FA06F622FA01F31E43CC40AA
:10038000C5E9006400214CE76208480842EAC171EF
:100390000B0C43EA00438AB242EA0342B3FBF6F194
:1003A000E407B4463746B6461F23B0FBF6F0D21B2F
:1003B00041EA004161E7614614E7104628E7C3F1CE
:1003C000200120FA01F29E4027FA01F19F403A43B2
:1003D0004FEA164E1FFA86FCB1FBFEF70EFB171014
:1003E000110C41EA004107FB0CF8884504FA03F4BC
:1003F0003AD9711807F1FF3001D288451FD8A1EB17
:100400000801B1FBFEF808FB0CF70EFB181192B2C5
:1004100042EA0142BA422FD2B21808F1FF31C6D2E5
:10042000BA42C4D2A8F102013244C0E7F0459CD2DE
:10043000BEEB020367EB0C070138B94695E7A6EB64
:1004400008084144B81EB1FBFEF808FB0CF7DCE7D6
:100450003B467FE7504667E70846FBE634440238F0
:1004600032E7023F32441BE7A1EB08013846B1FBFB
:10047000FEF808FB0CF7C8E7414698E7704700BF55
:10048000144908B5144B0B604FF000420023C1E93A
:10049000012304224A6101224FF48050CA610722DD
:1004A000C1E90C020846C1E90333C1E909330B83F2
:1004B0008B7681F8203081F82C308A6381F83C30CB
:1004C000CB6417F003FC18B1BDE8084000F046BB50
:1004D00008BD00BF4C0A0020002401400268084B00
:1004E0009A4282B00AD14FF0B0431A6E42F40072C1
:1004F0001A661B6E03F400730193019B02B07047F0
:10050000002401400268054B9A4201BF4FF0B042FF
:10051000136E23F400731366704700BF002401407C
:1005200030B585B000240546CDE901440394FFF7BA
:10053000A7FF144817F062FF08B100F00FFB114845
:10054000039401A9CDE9015417F01EFD08B100F094
:1005500005FB0C4817F078FE08B100F0FFFA4FF0E9
:10056000FF31084817F0B2FC064817F025FF054890
:1005700017F006FD0446034817F0C8FE204605B0F4
:1005800030BD00BF4C0A0020014B024A1A60704780
:100590004C0A00200024014010B51048FFF7C0FFAE
:1005A000C8B10F4BB3F8AA304FF6FF72934216BF93
:1005B00040F6E4420B4B5343B3FBF0F39CB20A48C2
:1005C000FFF7AEFF40F6FF736043B0FBF3F000EBC4
:1005D000400080B210BD0446F1E700BF002000B427
:1005E0000075FF1FD8084C00004000B8704700009D
:1005F00010B504461EF092FE01F09EFA02288CBF50
:100600002046002010BD00BF2DE9F041064672B61D
:10061000BFF34F8FBFF36F8F4FF0E024236923F0B8
:10062000010323611DF0D0FC80B9A36963612369D4
:100630003F4A43F00103236113683E4AA2FB0323B0
:100640009B09013B636162B6BDE8F081054601F09C
:10065000B5FB022D044606F1FF364DD14FF0904315
:100660001B69990751D5344A126841F20103B3EB73
:10067000124F3FBF314A536843F0020353601EF0EC
:1006800003FC2D4A126841F20103B3EB124F28D349
:1006900001F094FB001B01F04FFA4FF0E0230746F6
:1006A0009D692C2D36D9DFF888804FF0E024B742C1
:1006B0003846656128BF30461DF042F923691D4A5E
:1006C00043F001032361D8F80030A2FB03239B0908
:1006D000013B636162B6BFF34F8FBFF36F8FBDE81D
:1006E000F081164B5A689207D2D55A68022122F03F
:1006F00002025A60D960CBE7314611481EF098FDDE
:100700004FF090431B699907ADD4012104201EF0DE
:100710008FFBB4E7DFF8188001201DF011F9D8F83D
:100720000030044A2E3DA2FB032305EB9315BCE7E2
:10073000A0090020D34D6210002004E000080058FA
:10074000B40A002030B589B00022784B00921146DF
:1007500077481EF06DFC01F069F902201EF090FA56
:1007600004A801F07BFABDF81010724A4FF47A74B5
:1007700004FB001170481EF0F1FA04A801F06EFAB3
:10078000BDF810106D4A04FB00116D481EF0E6FA2A
:1007900004A801F063FABDF810106A4A04FB0011C6
:1007A00069481EF0DBFA04A801F058FABDF81010F1
:1007B000664A04FB001166481EF0D0FA04A801F056
:1007C0004DFABDF81010634A04FB001162481EF098
:1007D000C5FA04A801F042FABDF810105F4A04FB04
:1007E00000115F481EF0BAFA17F050FA054604A847
:1007F00001F034FABDF81010C5F3072304FB001113
:100800002A0E00935748C5F307431EF0A7FA04A821
:100810001EF074FB0DF10E0001F020FA069BBDF8EE
:100820000E100193079B009304FB0011DDE90432D5
:100830004D481EF093FA4D4B1A684D4B9A420CD01E
:100840000DF10E0001F00AFABDF80E1004FB0011C4
:1008500048481EF083FA00F081F90CF057F811F0C7
:1008600003FE044698B10DF10E0001F0F7F9BDF852
:100870000E304FF47A7101FB003122463E481EF0E3
:100880006DFA4FF4D872012106200CF0E7F816F04B
:100890001DFF044698B10DF10E0001F0DFF9BDF81F
:1008A0000E304FF47A7101FB0031224633481EF0BE
:1008B00055FA40F2B712012107200CF0CFF810F0E2
:1008C000D7FD10F089FD10F029FE12F01DFE14F086
:1008D000DDFE01F0B7FF044678B10DF10E0001F026
:1008E000BDF9BDF80E304FF47A7101FB003122469C
:1008F00023481EF033FA00F031F908F0F9FE0446FF
:1009000090B10DF10E0001F0A9F9BDF80E304FF4D1
:100910007A7101FB003122461A481EF01FFA09B015
:10092000BDE8304000F01AB909B030BDED0501084E
:10093000B40A0020443503086335030890350308E2
:1009400096350308C5350308CD350308003603087E
:10095000313603086536030881360308BC360308C0
:10096000C4360308F03603081E370308F40C0020D1
:10097000003001405F370308F43703081D380308CF
:100980004E3803089138030808B503F049F818B148
:10099000BDE8084001F078BC08BD000010B5064C69
:1009A000236843B905481BF0DDFD206018B9BDE898
:1009B000104000F0D3B810BDB00A002050940308D6
:1009C0000C4B10B518684FF0FF311BF002FE18B148
:1009D000EFF3108072B610BDEFF3108472B62520CD
:1009E00017F0EAFD0F2017F0E7FD84F310880220CE
:1009F00010BD00BFB00A0020830704D400F001003E
:100A000080F31088704710B5EFF3108472B60F2092
:100A100017F0C4FD252017F0C1FD84F31088034BA7
:100A2000BDE8104018681BF0F9BD00BFB00A0020F7
:100A30004FF0B04307B59A6C42F004029A649A6C86
:100A400002F004020192019A9A6C42F001029A6447
:100A50009B6C0F2103F00103084600930022009BCA
:100A600017F06AFD0F2017F099FD002211460C20A7
:100A700017F062FD0C2017F091FD002205210D20DA
:100A800017F05AFD0D2017F089FD002205210B20DB
:100A900017F052FD0B2017F081FD002205210E20DA
:100AA00017F04AFD0E2003B05DF804EB17F076BD99
:100AB000BFF34F8F0549064BCA6802F4E062134347
:100AC000CB60BFF34F8F00BFFDE700BF00ED00E03C
:100AD0000400FA05074B084A9B68103053F8203091
:100AE000934205D3054A934202D2DA0700D518474C
:100AF000704700BF00ED00E0008C000800E803082C
:100B0000DFF840C01EF0040F0CBFEFF30888EFF3CE
:100B10000988B8E8FF00ACE8FF000B4C0B4D02263B
:100B200020462946324651F8043B1B6844F8043BF2
:100B3000013AF8D1064B0749074AC3E90012FFF70B
:100B4000B7FF00BF100A0020080A002060940308C5
:100B5000000A0020EFBEADDE17A0DF8207B572B637
:100B60000DF1060001F07AF8BDF806304FF47A7105
:100B700001FB003118481EF0F1F800F090FF044628
:100B80001EF06EF828B900F08AFF001BB0F5FA7F5E
:100B90000CD3FFF78DFF252017F070FD58B900F03A
:100BA0007EFF001BB0F5FA7F05D200BF0F2017F0C3
:100BB00065FD0028EFD00F2017F060FD10B10F2069
:100BC000FFF788FF252017F059FD0028D8D02520F1
:100BD000FFF780FFD4E700BFEA38030873B5EFF3EF
:100BE000108172B6CB4BCC4A1868904240F07182AB
:100BF0005868CA4A904240F06C82C94C0022C3E94E
:100C000000222368B3F1004F00F063820DF106006B
:100C100001F024F8BDF80610C24E4FF47A7505FBBA
:100C20000011C1481EF09AF80DF1060001F016F807
:100C3000BDF8061005FB0011BC481EF08FF80DF141
:100C4000060001F00BF8BDF80610326805FB001134
:100C5000B7481EF083F80DF1060000F0FFFFBDF865
:100C60000610726805FB0011B2481EF077F80DF10E
:100C7000060000F0F3FFBDF80610B26805FB001196
:100C8000AD481EF06BF80DF1060000F0E7FFBDF86F
:100C90000610F26805FB0011A8481EF05FF80DF180
:100CA000060000F0DBFFBDF80610326905FB0011FD
:100CB000A3481EF053F80DF1060000F0CFFFBDF879
:100CC0000610726905FB00119E481EF047F80DF1F1
:100CD000060000F0C3FFBDF80610B26905FB001165
:100CE00099481EF03BF80DF1060000F0B7FFBDF883
:100CF0000610F26905FB001194481EF02FF80DF163
:100D0000060000F0ABFFBDF8061005FB001190488F
:100D10001EF024F80DF1060000F0A0FFBDF806104B
:100D200005FB00118B481EF019F80DF1060000F0CC
:100D300095FFBDF80610226805FB001186481EF0DD
:100D40000DF82368002B0ADA0DF1060000F086FF8B
:100D5000BDF8061005FB001180481DF0FFFF236859
:100D60005B0040F1A7810DF1060000F077FFBDF8B0
:100D700006104FF47A7505FB001179481DF0EEFF5F
:100D80000DF1060000F06AFFBDF80610626805FB71
:100D9000001174481DF0E2FF6368B3F5803F68D32B
:100DA0000DF1060000F05AFFBDF8061005FB00111A
:100DB0006D481DF0D3FF63689E010AD50DF1060052
:100DC00000F04CFFBDF8061005FB001167481DF050
:100DD000C5FF6368DD010CD50DF1060000F03EFF94
:100DE000BDF806304FF47A7101FB003160481DF008
:100DF000B5FF636818030CD50DF1060000F02EFF57
:100E0000BDF806304FF47A7101FB003159481DF0EE
:100E1000A5FF636859030CD50DF1060000F01EFF15
:100E2000BDF806304FF47A7101FB003152481DF0D5
:100E300095FF63689A030CD50DF1060000F00EFFD4
:100E4000BDF806304FF47A7101FB00314B481DF0BC
:100E500085FF6368DB030CD50DF1060000F0FEFE94
:100E6000BDF806304FF47A7101FB003144481DF0A3
:100E700075FF636813F47F4F00F0AE800DF106003C
:100E800000F0ECFEBDF806104FF47A7505FB00117A
:100E90003C481DF063FF63681E040AD50DF106008F
:100EA00000F0DCFEBDF8061005FB001136481DF011
:100EB00055FF63689D040CD50DF1060000F0CEFED1
:100EC000BDF806304FF47A7101FB00312F481DF058
:100ED00045FF6368D8040CD50DF1060000F0BEFE96
:100EE000BDF806304FF47A7101FB003128481DF03F
:100EF00035FF636819054FD50DF1060000F0AEFE11
:100F0000BDF806304FF47A7101FB003121481DF025
:100F100025FF41E0000A0020EFBEADDE17A0DF8212
:100F2000080A0020100A0020303903085D39030840
:100F300095390308BB390308E1390308073A030868
:100F40002D3A0308533A0308793A03089F3A0308F5
:100F5000C53A0308FD3A0308353B0308613B030823
:100F60008A3B0308B83B0308E43B03080F3C030833
:100F70003C3C03086E3C03089E3C0308FA3C030813
:100F8000443D03087B3D0308A43D0308DD3D030801
:100F9000213E03084E3E030863689A050CD50DF107
:100FA000060000F05BFEBDF806304FF47A7101FBDD
:100FB00000314A481DF0D2FE6368DB050CD50DF107
:100FC000060000F04BFEBDF806304FF47A7101FBCD
:100FD000003143481DF0C2FE2379002B6AD00DF189
:100FE000060000F03BFEBDF806104FF47A7505FBD5
:100FF00000113C481DF0B2FE63681E060AD50DF1D3
:10100000060000F02BFEBDF8061005FB0011364867
:101010001DF0A4FE63689D060CD50DF1060000F0DE
:101020001DFEBDF806304FF47A7101FB00312F48E8
:101030001DF094FE6368D8060CD50DF1060000F093
:101040000DFEBDF806304FF47A7101FB00312848DF
:101050001DF084FE636819070CD50DF1060000F041
:10106000FDFDBDF806304FF47A7101FB00312148D7
:101070001DF074FE63689A070CD50DF1060000F0B0
:10108000EDFDBDF806304FF47A7101FB00311A48CE
:101090001DF064FE6368DB070CD50DF1060000F05F
:1010A000DDFDBDF806304FF47A7101FB00311348C5
:1010B0001DF054FE0DF1060000F0D0FDBDF8063025
:1010C0004FF47A7101FB00310D481DF047FEFFF728
:1010D00045FD81F3108802B070BD00BF803E03085B
:1010E000BB3E0308F53E0308213F03085D3F0308AC
:1010F0009F3F0308D33F03080C4003084340030805
:10110000C53A03084FF0B04382B0DA6C0243DA64A8
:10111000DB6C03400193019B02B0704708B50220CD
:10112000FFF7F0FF0420FFF7EDFF0120FFF7EAFFD4
:101130000A212920002217F0FFF9BDE808402920E4
:1011400017F02CBA10B59AB04822002108A81EF05A
:10115000F9FB1822002102A81EF0F4FB18F07CFB1A
:101160004FF0B0424FF40410D2F8903023F018033F
:10117000C2F89030D2F8003423F4C06343F4007313
:10118000C2F80034D2F8003403F4C0630193019B29
:101190000523089381230B930023CDE9090303243E
:1011A0000223CDE913344FF0100C0623CDE915C30B
:1011B0004FF4003317934FF000524FF0007308A81C
:1011C000CDE9183218F0C0FC08B1FFF7C7FC4F2377
:1011D000CDE902340221002302A8CDE90433CDE990
:1011E000063318F04BFF08B1FFF7B8FC1AB010BD7A
:1011F000114908B5114B0B604FF4E0620023C1E9BF
:1012000003234FF400724FF400508A6141F221022F
:10121000C1E90A0202220846C1E90133C1E90833E3
:10122000C1E90C234B6119F060FB18B1BDE808401F
:10123000FFF794BC08BD00BFF40C00200030014053
:1012400008B516F0F9FCFFF77DFFFFF767FFFFF722
:10125000EFFBFFF7CDFF1AF05FFFFFF773FA1AF00D
:1012600081FFFEE71249134A08B5134B0B600023B8
:10127000C1E9012308460122C1E90323C1E905337D
:10128000C1E9073318F008F808B1FFF767FC084810
:10129000002118F095FA08B1FFF760FC044800211E
:1012A00018F0B4FA18B1BDE80840FFF757BC08BD04
:1012B000CC0A0020885D8010005800401249134A73
:1012C00008B5134B0B600023C1E901230846012236
:1012D000C1E90323C1E90533C1E9073317F0DCFF96
:1012E00008B1FFF73BFC0848002118F069FA08B183
:1012F000FFF734FC0448002118F088FA18B1BDE863
:101300000840FFF72BBC08BD200B0020885D801033
:101310000054004016F0BABB16F0F8BB16F032BC11
:1013200016F032BC16F032BC00B58DB02C22002174
:1013300001A81EF007FB174A174B13601146002344
:1013400093601361536193610B624FF080424FF4DD
:1013500080730846CA614B6219F036F908B1FFF78D
:10136000FDFB0C4819F07CFA08B1FFF7F7FB4FF0D2
:10137000005300220793074808924FF4807301A995
:10138000029206920B9319F081F908B1FFF7E6FB80
:101390000DB000BD580D00200028004010B50446D7
:1013A00090B03822002102A81EF0CCFA2268194B16
:1013B0009A422CD14FF48033029302A84FF48073E9
:1013C0000F9318F07FFF08B1FFF7C8FB4FF0B04351
:1013D0000621D3F8902042F40042C3F890209A6D81
:1013E00042F480629A659B6D03F48063002201934E
:1013F0000220019B17F0A0F8022017F0CFF82A2056
:101400000022072117F098F82A2017F0C7F810B02B
:1014100010BD00BF002800404FF0B042936823F099
:1014200003030343936070477047000008B50F4BF8
:101430001A6841F20103B3EB124F05D10C4B5A6904
:10144000D20601D400BFFAE74FF0B043094A9B68C7
:1014500003F00C03136016F00BFC054B0120C3F8DE
:101460008800BDE8084018F04FBA00BF002004E033
:10147000000400581008002016F001BC08B516F052
:10148000F7FBBDE808400121002018F0EDB900008D
:10149000064B1A6841F20103B3EB124F05D1044B1E
:1014A0005A69D20601D400BFFAE77047002004E071
:1014B0000004005808B53B4B1B68082B59D006D8D0
:1014C00023B3042B38D0BDE80840FFF747BB0C2BF3
:1014D000F9D14FF0B0431A6842F480321A601A68AA
:1014E0009203FCD51A6842F080721A604FF0B04245
:1014F00013689B01FCD50320FFF78EFF4FF0B0432C
:101500009A6802F00C020C2AFAD145E04FF0B04381
:101510001A6842F001021A601A689207FCD500208E
:10152000FFF77AFF4FF0B0439A6812F00C0FFBD12F
:101530001A6822F4807215E04FF0B0431A6842F442
:1015400080721A601A685005FCD50120FFF764FF0D
:101550004FF0B0439A6802F00C02042AFAD11A68DC
:1015600022F001021A6016F015FBBDE8084016F0E3
:1015700086BB4FF0B0431A6842F480321A601A6892
:101580009103FCD50220FFF747FF4FF0B0439A6864
:1015900002F00C02082AFAD11A6822F001021A603D
:1015A000C6E700BF1008002000220F216FF00100E5
:1015B00016F0C2BF2DE9F04F14228BB0064600256D
:1015C0000DEB020000211EF0BDF9CDE90255774B6D
:1015D00004951B6832684FEA1348754B9A4240F0F5
:1015E0008F804FF0B04302241A6E724842F480524A
:1015F0001A661A6E02F480520192019ADA6C42F075
:101600000102DA64DB6C079403F0010303274FF057
:10161000050900934FF0200B05A9009B4FF0100A1D
:10162000CDE905B4CDE9087917F088FB6148CDF81C
:10163000249005A9CDE905A4CDE9075717F07EFB55
:1016400005A94FF09040CDE905B4CDF82490CDE93F
:10165000075717F073FB012305A94FF09040CDE920
:101660000737CDE9054517F069FB2A4606212220F8
:10167000514CDFF8489116F05FFF222016F08EFFE4
:101680000823C4E90093C4E902A54FF480734FF026
:10169000800AC4E904A34FF48063C4E906352046F8
:1016A0004FF44053236217F049F808B1FFF756FA98
:1016B000434F7465A662434C0723C4E900730023BB
:1016C000C4E902334FF0800C4FF48073C4E904C3C3
:1016D0004FF4806E2023C4E906E320464FF4005304
:1016E000236217F02BF808B1FFF738FA0720B4652A
:1016F00000220521A66216F01FFF072016F04EFFFC
:10170000314A324B1360012410230020C2E9014307
:101710008023C2E903034FF480754FF48063C2E96C
:10172000055320264FF440531046C2E9076317F0D3
:1017300005F808B1FFF712FA029441F20104A0453E
:1017400094BF4FF400344FF4C02401231E48039487
:1017500002A9049317F0BCF908B1FFF7FFF91C497F
:101760001C4B0B6002221023C1E9012300238022BD
:10177000C1E903320A464B618B61104620214FF4C8
:101780004053C2E9071316F0D9FF08B1FFF7E6F995
:1017900001230F48049302A9CDE9023417F098F908
:1017A00008B1FFF7DBF90BB0BDE8F08F002004E0D3
:1017B0000030014000040048940C00201C0002404E
:1017C00030000240340C0020D40B002044000240C2
:1017D000740B00200800024010B5044696B0382271
:1017E000002108A81EF0AEF82368254A93422DD1A7
:1017F0004023089308A84FF440330D9318F062FD7E
:1018000008B1FFF7ABF94FF0B044C021E36C1D48BD
:1018100043F00203E364E36C03F002030293029BD0
:101820001223CDE903130023CDE9053303A90423D3
:10183000079317F083FAA36D43F40013A365A36D18
:1018400003F400130193019B16B010BD0E4A93429E
:10185000FAD18023089308A84FF440230E9318F080
:1018600031FD08B1FFF77AF94FF0B0439A6D42F4B9
:1018700080029A659B6D03F480030393039BE3E767
:1018800000540040000400480058004003680B4A20
:10189000934209D14FF0B0420948936D23F40013ED
:1018A0009365C02117F0F6BA064A934201BF4FF084
:1018B000B042936D23F48003936570470054004059
:1018C0000004004800580040FEE7FEE7FEE7FEE7A0
:1018D00070470000014818F0E9BF00BF580D002014
:1018E000034BDB68DB0701D500F080BF704700BF0A
:1018F0000008005808B50C4B0222DA604FF0904304
:101900001B699A070FD5094B1B689B68DB0607D537
:1019100002F008FABDE80840002104201DF088BA52
:1019200002F0F8F9F6E708BD00080058F40C0020B2
:10193000024B0822DA600DF04BBF00BF00080058D0
:10194000024B4FF40052DA6010F0B8BC00080058A7
:10195000014817F067B800BFA80D0020014817F034
:1019600061B800BF940C0020014817F05BB800BFBD
:10197000340C0020014819F00BBC00BF080E0020F9
:10198000014818F0A7BD00BF580D0020064A08B551
:1019900010460823136019F06BF818B1BDE8084031
:1019A000FFF7DCB808BD00BF900D00204FF0B0433A
:1019B00007B55A6E42F001025A665B6E002203F0D0
:1019C0000103019311463220019B16F0B5FD322030
:1019D00003B05DF804EB16F0E1BD00000CB407B5F0
:1019E000054A05AB102101931DF06CFD03B05DF8B5
:1019F00004EB02B0704700BF8140030830B585B0EA
:101A0000044602A80D461DF0BDFABDF90C30064A89
:101A100000931021029B2046FFF7E0FF2046FDF7D0
:101A2000FFFA288005B030BD814003084FF0B04276
:101A300008B5936823F4004393601DF0DDFA00F0CD
:101A40003DF80C4B4FF400421A611DF0EDF80A48C6
:101A50001DF010F902201DF013F9FFF7BFF8FEF793
:101A600093FD1DF0DBF90121BDE8084008461DF09B
:101A7000F5B900BF00400058FD19010801210220FE
:101A80001DF0D6B9002102201DF0D2B908B5002200
:101A90000F214FF0FF3016F04FFD002008BD07B5B5
:101AA00001A800F017FA4FF47A72019BB3FBF2F32E
:101AB00002FB003003B000BD00F0E0B908B516F03D
:101AC000E9F816F0EFF8BDE8084016F0F3B80000AA
:101AD000094A08B50346106808B908481060084963
:101AE00003448B4206D91DF0A3FF0C2303604FF083
:101AF000FF3008BD1360FCE79C0D002090AD002076
:101B000000FC0020EFF3108372B6044A1068BFF3A4
:101B10004F8FBFF36F8F83F310887047A00D0020A5
:101B20000320704708B501464FF47A720023C003C2
:101B3000490CFEF7D9FA08BD4FF47A73A0FB0303F2
:101B4000C00B40EA4340704708B58446C903044AC5
:101B5000002341EA5C41C003FEF7C6FA08BD00BF9E
:101B600040420F004B014201121A43EAD06363EB7B
:101B700001034FEA422C5B021CEB000C43EAD253F8
:101B800041EB030300B54FEA8C124FEA831EB2EB20
:101B90000C024EEA9C6E6EEB030E101841EB0E0128
:101BA000C00B40EA4140C90B00BD00BF10B5024662
:101BB000EFF3108472B60348002118F088FE84F316
:101BC000108810BD580D002010B50246EFF31084A8
:101BD00072B60348012118F07AFE84F3108810BD14
:101BE000580D002010B5EFF3108472B64FF48071D9
:101BF000084818F035FCBFF34F8FBFF36F8F064ACC
:101C00000121D165034A4FF0FF33136384F3108839
:101C1000002010BD580D002000280040034B18681C
:101C200000B970470248002118F058BEA40D0020EA
:101C3000580D0020034B186800B970470248012175
:101C400018F04CBEA40D0020580D002002480022C0
:101C5000022118F03CBE00BF580D002070B50546AB
:101C6000EFF3108672B6114B1868D0B1104B9C6818
:101C70009A6801E09A689C68A242FBD102210D4853
:101C800018F02CFEE443C4F30E034FF47A72E40B15
:101C9000A3FB023244EA4040DB0B86F310882B8022
:101CA00070BD034686F310882B8070BDA40D002004
:101CB00000280040580D0020064B186840B1064B24
:101CC00098689A6801E09A6898688242FBD1C0439C
:101CD000704700BFA40D002000280040EFF31081E2
:101CE00072B60A4B186840B1094B98689A6801E0CF
:101CF0009A6898688242FBD1C043064B1860BFF3D4
:101D00004F8FBFF36F8F81F310887047A40D0020B1
:101D100000280040A00D002070B50C4C236893B93A
:101D20000B4B4FF0FF351E461D63FFF7FDFAFFF723
:101D300059FF3046356318F057FDFFF787FFFFF76F
:101D4000CDFF01232360002070BD00BFA40D002043
:101D5000580D002010B5074C236843B1FFF742FF30
:101D6000054818F05FFDFFF7B9FF0023236000204E
:101D700010BD00BFA40D0020580D0020EFF3108C03
:101D800072B60B4B0B4A1B68106843B10A4A936842
:101D9000916801E0916893689942FBD1DB43BFF3FE
:101DA0004F8FBFF36F8F8CF31088181A704700BFE6
:101DB000A40D0020A00D002000280040EFF31081AA
:101DC00072B6094B186810B981F310887047074B39
:101DD00098689A6801E09A6898688242FBD1C0438B
:101DE00081F31088704700BFA40D00200028004038
:101DF00070B504468CB0EFF3108572B62C2200212A
:101E000068461DF09FFDEFF3108672B64FF48071A7
:101E1000174818F025FBBFF34F8FBFF36F8F154B9B
:101E200013490122DA654FF0FF330B6386F3108804
:101E3000114B0F481B682344DB4301934FF00053C1
:101E400006934FF480730A93694600230793059322
:101E500018F01CFC20B985F3108800200CB070BD70
:101E6000FEF77CFE85F3108800200CB070BD00BF2B
:101E7000580D002000280040A00D002010B5FFF7ED
:101E800051FE0146FFF718FF0446FFF715FF031B3D
:101E90008B4200D310BD00BFF7E700001DF068BA09
:101EA00008B50A4B1B6833B9BDE808400848012251
:101EB000022118F00CBD0221054818F00FFDBDE805
:101EC0000840421C0221024818F001BDA40D002068
:101ED000580D002070B50546EFF3108672B6124B10
:101EE0001B68DBB1114B9C689A6801E09A689C689A
:101EF000A242FBD102210E4818F0F0FCE4430D4A47
:101F0000C4F30E03A3FB0232E40BDB0B44EA4040B4
:101F100043EA424386F310882B6070BD184686F36F
:101F200010882B6070BD00BFA40D00200028004069
:101F3000580D002040420F00174908B5174B0B60A1
:101F40004FF4E1320023C1E9012308460822C1E928
:101F50000333C1E90523C1E90733C1E9093319F0A6
:101F6000FEFE08B1FEF7FAFD0B4800211AF075F8E5
:101F700008B1FEF7F3FD084800211AF08EF808B109
:101F8000FEF7ECFD04481AF048F818B1BDE8084027
:101F9000FEF7E4BD08BD00BF080E0020004400406D
:101FA00070B596B006461422002103A81DF0CAFCA5
:101FB0003822002108A81DF0C5FC3268274B9A4240
:101FC0004AD10223089308A8254B0A9318F07AF9FE
:101FD00008B1FEF7C3FD4FF0B04300259A6D214CC8
:101FE00042F400329A659A6D02F400320292029A2B
:101FF000DA6C42F00102DA64DB6C03F00103019356
:10200000019B04220223CDE903230323CDE90553D9
:1020100003A907234FF09040079316F08FFE124953
:1020200025621423C4E900131023C4E902352046B5
:102030008023C4E90435C4E9065516F07FFB08B1D6
:10204000FEF78CFD2520F46700220F21A66216F012
:1020500073FA252016F0A2FA16B070BD00440040B5
:1020600004000C00A80D00205800024002680C4B30
:102070009A4210B5044612D14FF0B0420421936D3C
:1020800023F4003393654FF0904016F003FFE06FA8
:1020900016F0C4FBBDE81040252016F08DBA10BD27
:1020A0000044004008B50A460146024818F0D4FF33
:1020B000002008BD080E002013B5114B114C18600C
:1020C0004FF40013009302AB13E90600204619F009
:1020D00048FF2368DA69D103FCD4DA695202FCD5DF
:1020E0009A68084842F480029A6019F080FF064915
:1020F0000448012219F0EEFE002002B010BD00BF1E
:102100009C0E0020080E0020A40E002008B5084BED
:102110001860FFF711FF074A0748D2F8803043F0F4
:102120000063C2F880301CF019FE002008BD00BF1B
:10213000A00E0020000800582A39030808B54FF007
:10214000B04308489A6B42F400329A639A6B22F4C7
:1021500000329A63FFF78AFF0F2016F02DFA002055
:1021600008BD00BF080E00200268044B9A4203D14C
:10217000034B00201B681847704700BF0044004015
:10218000A00E002002680B4B9A4210B504460FD1F6
:10219000094B1B682BB1D0F8902012B907480121D8
:1021A000984720460549BDE81040012219F092BE2B
:1021B00010BD00BF004400409C0E0020A40E002073
:1021C000F8B54FF0E0260746B469756919F0F6FFD7
:1021D00001350F4B05FB00F101F5FA71A3FB01215D
:1021E000890907FB01F101F5FA71A3FB01318909A6
:1021F000002300E01446B269A81A944203EB040CD1
:10220000034434BF1B19ACEB02039942F2D8F8BD6A
:10221000D34D621010B5044619F0D0FF4FF47A7216
:10222000A4FB00010023FDF75FFFBDE81040013073
:102230001AF0E4B88446BCE80F0010B4054C0FC493
:102240009CE80300044B84E80300186810BC0221DA
:102250001AF025B8B40E0020B00E002008B53220C8
:1022600016F0AAF9064B5A68012122F001025A60C1
:10227000D960044B10211868BDE808401AF00FB867
:1022800000080058B00E002008B5012110201CF0F5
:10229000CFFD034B01211868BDE8084019F0FFBFCE
:1022A000B00E00202DE9F04FAE4BAF4DDFF8BCA2D1
:1022B000AF4E012283B00521DA600620002216F01D
:1022C0003BF9062016F06AF901A8FFF7C7FCBDF834
:1022D000043002464FF47A71A64801FB02311CF02B
:1022E0003DFD4FF0FF3200211F201AF036F8B0F10B
:1022F0000008C0F2D58018F0020F00F084809E4BD9
:102300001B68022B01A800F0E881FFF7A7FCBDF8CD
:1023100004304FF47A7101FB0031974B97481A68EB
:102320001CF01CFD322016F047F98E4B5A68012133
:1023300022F001025A6048F01008D9604FF0904333
:1023400099610520FFF73CFF01A8FFF787FCBDF866
:1023500004304FF47A7101FB003189481CF0FEFC17
:1023600003F0CAFD00283AD118F0080F73D1854A4E
:1023700092F85D30052B00F0EE8192F85D30062B6F
:1023800069D0002110201CF053FD7E4B93F85D3086
:10239000012B73D105244FF47A7801F0E5F8074654
:1023A0000B2F01A868D1FFF759FCBDF80430014696
:1023B00008FB013174481CF0D1FC0A20FFF72AFF0A
:1023C000013CEAD101A8FFF749FCBDF804304FF405
:1023D0007A7101FB00316D483A461CF0BFFC01A840
:1023E000FFF73CFCBDF804304FF47A7101FB00317B
:1023F00067481CF0B3FC5B4B0122DA605A6842F07C
:1024000001025A606DE718F0180F59D04FF0904351
:1024100001229A610520FFF7D3FE18F0100F93D127
:1024200001A8FFF71BFCBDF804304FF47A7101FBE3
:102430000031584892E701A8FFF710FCBDF80430BE
:102440004FF47A7101FB0031224653481CF086FCA0
:102450004C4B93F85D3001F095F90446002890D07C
:1024600001A8FFF7FBFBBDF804304FF47A7101FBC4
:10247000003122464948B0E7002FA3D100232B703A
:10248000CAF80030336003F087FA0446002840F0B1
:1024900056814FF0904301229A6206F027FC20E714
:1024A00001A8FFF7DBFBBDF804304FF47A7101FBA4
:1024B000003142463A481CF051FCFEF74FFB1AE748
:1024C00018F0040F40F01E8118F0010F3FF409AF1F
:1024D0002B78022B04BF00232B7001F0A1FA20B34C
:1024E0002B78032B00F25781DFE803F0A5622D0261
:1024F000032401A8FFF7B2FBBDF804304FF47A7152
:1025000001FB0031274822461CF028FC322016F03F
:1025100053F8144B5A68012122F001025A60D96025
:10252000214B1021186819F0BAFE19F0FDFE08B110
:10253000804503D101F074FA0028C9D10021102090
:102540001CF076FCCDE601A8FFF788FBBDF804304F
:102550004FF47A7101FB003114481CF0FFFB052495
:10256000C7E700BF00080058D40E0020D00E00209E
:10257000CC0E0020D8940308B40E002098950308D0
:10258000D4950308F40C00203497030898970308A7
:10259000549803082496030868960308D496030801
:1025A0000C9503087C990308B00E0020949803084A
:1025B00001F036FADAF8003003F10E043368E41A59
:1025C0007C4BA3FB0434E408844228BF0446082C57
:1025D000A14628BF4FF008094FEA0917764801AA1B
:1025E000394601F06BFA002859D1019B9F425ED118
:1025F000002C60D0DFF8C4B1044613E03768704B9C
:10260000D819DAF80030DF1B0F2F28BF0F273A4602
:1026100007F05DFA316801347A18A14532600BF198
:10262000100B49D91BF8012C022A5946E6D0032386
:102630002B700B245DE7604801AA102101F03EFADF
:1026400068BB019C102C32D15B4B93F80090B9F120
:10265000010F4ED0B9F1020F6DD0594856492246AC
:1026600007F035FACAF80040022334602B70224686
:102670002146534803F0C0FC044600283FF455AF00
:102680000A283FF452AF01A8FFF7E8FABDF804307A
:102690004FF47A7101FB003122464A4834E706289C
:1026A0004FF003032B700CBF0824092421E70323F8
:1026B0002B7007241DE73268DAF800409442D3D922
:1026C00001F0AEF9013803307FF607AF34680F2C04
:1026D0007FF62BAFDAF80020CAE7FFF7BFFABDF8A4
:1026E00004304FF47A7101FB003137481CF036FB9F
:1026F00018E6B3F80130B3F5907F37D903232B7078
:102700000624F6E6314B1968314B186805F04CFB8E
:1027100000283FF4D9AE322015F04EFF2D4B5A68F9
:10272000012122F001025A60D9602B4B1021186858
:1027300019F0B5FDC8E603232B700A24D9E601A8D9
:10274000FFF78CFABDF804304FF47A7101FB0031C9
:102750002246224841E60A2001F08EF8044600286D
:102760007FF469AE1E4B93F85D3008E61D491448AE
:102770000D2207F0ACF9104B85F80090B3F801304A
:10278000CAF800300D23336001F04AF901380330F4
:102790007FF6A3AE9AE701A8FFF760FABDF8043010
:1027A0002A784FF47A7101FB00310F481CF0D6FAF9
:1027B000D5E600BF89888888550F0020560F002075
:1027C000D50F00202C9903085C950308A80E002063
:1027D000AC0E002000080058B00E0020F897030847
:1027E000F40C0020580F0020E898030870B5052469
:1027F00000254FF090460220FFF7E2FC3369DB072B
:1028000005F1010548BF0025013CF4D1022D03D894
:102810000A4B0122DA6070BD322015F0CDFE074B65
:102820005A68012122F001025A60D960044BBDE8C8
:1028300070401868082119F032BD00BF0008005828
:10284000B00E002030B5062087B015F0B5FE11227D
:102850000023CDE90223022304934FF09043012487
:1028600001949C610520FFF7ABFC01A94FF090405B
:1028700016F064FA94FAA4F4B4FA84F404F07C0335
:1028800003F1804303F5803304F003049A682E4873
:10289000A4000721A14022EA01029A602B4B2C4997
:1028A0001A6822F001021A605A6822F001025A6086
:1028B000D3F8802042F00102C3F88020D3F88420AE
:1028C00022F00102C3F8842000F026FE044680B105
:1028D00001A8FFF7C3F9BDF804304FF47A7101FB8A
:1028E00000311C4822461CF039FA0524204607B066
:1028F00030BD06F023FA044658B101A8FFF7AEF93F
:10290000BDF804304FF47A7101FB003122461248C1
:10291000E9E7124D2B68A3B90146114A114819F095
:1029200050FC286068B901A8FFF798F9BDF8043099
:102930004FF47A7101FB00310B481CF00FFA0624AA
:10294000D4E7FFF78BFCD1E7892201080008005883
:10295000352201088A400308DC400308B00E00203D
:10296000A4BE0308A52201082E4103082DE9F04F5B
:1029700083B0002860D00D4600295DD0B1F5907F6E
:1029800046D8834601F020F8102D044666D95A4BEC
:102990006E1CA3FB0636F6080136B042C0F09080EC
:1029A000DFF8589159464FF0010A0D2209F1030052
:1029B000A9F8015089F800A007F089F810270BF159
:1029C0000D0B0D3D09EB07064FF00208013602E042
:1029D0001036002D4DD00F2D2C4628BF0F24594600
:1029E0002246304606F8018C07F071F8631C1F443C
:1029F0007F2FA5EB0405A344EAD93946484601F0E8
:102A0000D1F8074600283AD14E4675B38246DDE735
:102A10000DF10600FFF722F9BDF806404FF47A7178
:102A200001FB00414FF4907335482A461CF096F99B
:102A3000032003B0BDE8F08F0DF10600FFF70EF99B
:102A4000BDF8063002464FF47A7101FB02312D4881
:102A50001CF084F9022003B0BDE8F08F00B32946D2
:102A6000584601F09FF800283AD1002003B0BDE895
:102A7000F08F2248394601F095F80028F5D00DF185
:102A80000600FFF7EBF8BDF8063001461E484FF48C
:102A90007A74524604FB01311CF060F90520C8E746
:102AA0000DF10600FFF7DAF8BDF8063002464FF4E4
:102AB0007A71164801FB02311CF050F90420B8E786
:102AC0000DF10600FFF7CAF8BDF806504FF47A7111
:102AD00001FB0051234632460D481CF03FF9EDE75B
:102AE0000DF10600FFF7BAF84FF47A740146BDF80D
:102AF000063008480122CDE789888888D50E002055
:102B0000409A0308E49903089C9B03089C9A0308D5
:102B10003C9B0308EC9A030830B585B0EFF31085B1
:102B200072B601A8FFF7D6F9044613481CF030FB33
:102B300085F31088114AD16803AB02AAC1F30221C0
:102B4000322015F05DFD029B052B0BD00C4B0D4880
:102B500001990460196000220521322015F0ECFC77
:102B600005B030BD322015F027FD074B0421186851
:102B700019F095FB05B030BD9815002000ED00E080
:102B8000A80E0020AC0E0020B00E00202DE9F04170
:102B9000EFF3108172B61F4C2268536823F00203D2
:102BA00053600268136823F0010313601A4B026834
:102BB0001A4ED768D3F80080194BDFF868E0356803
:102BC000D3F800C007F11003984598BF7346ADB91C
:102BD000634518D0D360E38F9BB25360136843F012
:102BE0000A03136002681368022443F001031360B0
:102BF00080F8254081F31088BDE8F08167451CBF4F
:102C000000233360E7E71D605D609D60DD600125A6
:102C10003560DFE7F40C00201411002004110020BF
:102C20001C1100202011002030B5224C83B020461A
:102C300017F0E1FE204A236893422CD002F5784237
:102C4000934217D14FF0B0450A202B6C43F48053C8
:102C50002B64FFF7B5FA2B6C23F480532B6400230D
:102C6000144884F85D3017F040FE144B00221A60BF
:102C700003B030BD0DF10600FEF7F0FFBDF80630E1
:102C8000226801464FF47A750D4805FB01311CF0AE
:102C900065F80120E9E74FF0B0450A20AB6B43F43B
:102CA0008043AB63FFF78CFAAB6B23F48043AB63D9
:102CB000D5E700BFF40C002000380040F8100020D9
:102CC000E89B0308844690F82400012858D030B5CA
:102CD0009CF82540012084428CF8240006D0002373
:102CE00080228CF82430CCF83C2030BD02208CF8B7
:102CF0002500DCF80040DCF84C500020CCF83C000B
:102D0000206820F001002060DCE914E0C5F804E050
:102D100018B1DCE9165EC5F804E0DCF8445005F0B3
:102D20001C0E012505FA0EF5DCF840E0CEF8045043
:102D30006360DCF80830102B0BBFA260A160E1607B
:102D4000E2602368DCF82C2023F00E0323601AB124
:102D5000236843F002032360DCF848301A68D2038A
:102D600042BF1A6842F480721A6018B1036843F4D3
:102D700080730360236843F001030020236030BDAB
:102D8000022070472DE9F0419B489C4C82B015F021
:102D9000D0FE9B4815F0CDFE23685A6822F0200231
:102DA0005A605A6890071FD45A68D20700F1E88029
:102DB0000020A4F84600E087226E402A4FF000026F
:102DC00018BF20660092D968009199680091009917
:102DD00001929B680193019A08BF0120062384F8A1
:102DE0005D3002B0BDE8F0815A68606D22F00202E9
:102DF00000215A60816315F0ABFD002840F033815B
:102E0000FEF74DFE06467F4F23683D689B6805EB45
:102E10008505C5EBC5052D0D05EB85056D0009E0A4
:102E2000FEF73DFE801B0928236843D8002D41D0C2
:102E30009B68013D13F4C05FF2D1FEF730FE0646F9
:102E40003D682368C5F3CB3505EB85059B686D00B0
:102E500008E0FEF724FE801B092823682AD84DB31A
:102E60009B68013D1906F4D4FEF719FE06463D683D
:102E7000D4F8008005EB8505D8F80830C5EBC5050A
:102E80002D0D05EB850513F4C06F4FEA450508BF0E
:102E9000434607D12EE06DB19A6812F4C06F05F178
:102EA000FF3527D098F80C30FEF7F9FD801B092874
:102EB0002368F0D95A68A16A22F0E0025A601A68C1
:102EC000B1F5005F22F040021A6007D11A6822F4BF
:102ED00000521A601A6842F400521A60012284F803
:102EE0005D20226E42F0200222660021402284F8FA
:102EF0005C1022661A6822F040021A60FEF7CFFDCD
:102F000006463D68276805EB8505BB68C5EBC5052A
:102F10002D0D05EB850513F4C06F4FEA450508D16B
:102F2000C3E06DB19A6812F4C06F05F1FF353FF44C
:102F30003BAF3B7BFEF7B3FD801B09282368F0D92C
:102F40005A68A16A22F0E0025A601A68B1F5005F7F
:102F500022F040021A6007D11A6822F400521A6067
:102F60001A6842F400521A6040220120002184F8BD
:102F70005D0084F85C1022665A68D2077FF518AFAE
:102F80005A68A06D22F0010200215A60816315F099
:102F9000DFFC002864D12268136823F0400313602B
:102FA000FEF77DFD0646174F23683D689B68C5F315
:102FB000CB3505EB85056D0009E0FEF770FD801B44
:102FC0000928236852D8002D50D09B68013D1B066C
:102FD000F3D4FEF764FD06463D68276805EB8505DA
:102FE000BB68C5EBC5052D0D05EB850513F4C06F5A
:102FF0004FEA450510D156E0D40B0020F40C002018
:10300000740B0020A00900206DB19A6812F4C06F03
:1030100005F1FF353FF4CCAE3B7BFEF740FD801B56
:1030200009282368F0D95A68A16A22F0E0025A60A0
:103030001A68B1F5005F22F040021A6007D11A68E1
:1030400022F400521A601A6842F400521A600120F9
:103050000021402284F85D0084F85C102266A7E617
:103060004023236697E740232366C9E65A68A16A8E
:1030700022F0E0025A601A68B1F5005F22F04002C7
:103080001A6007D11A6822F400521A601A6842F4D2
:1030900000521A6001210022402384F85D1084F858
:1030A0005C20236695E73B4682E63B467CE600BF14
:1030B0002DE9F043022385B093FAA3F3B3FA83F327
:1030C00003F07C0202F1804202F5803203F0030338
:1030D00091688F4E8F4F9B00072000FA03F321EA7F
:1030E000030393608C4B1A6822F002021A605A683C
:1030F00022F002025A600222DA60884A116841F224
:103100000102B2EB114F1A6842F002021A6022BFAC
:103110005A6842F002025A60D3F8802042F002025C
:10312000C3F88020D3F8842022F00202C3F8842060
:103130007B4A7C4B06F5D87111607B4A1E60176094
:103140001B687A4A07F5C0711160043B9E4248D85B
:10315000774A784C1A6094F85C30012B00F0928129
:10316000012384F85C3094F85D30012BDDB240F02F
:103170008781FFF707FE002836D003A8FEF76EFD13
:10318000BDF80C104FF47A782A4608FB00116A4803
:103190001BF0E4FDFFF748FD054638B303A8FEF732
:1031A0005DFDBDF80C102A4608FB001163481BF0BA
:1031B000D5FD634815F0BDFC624815F0BAFC2268E5
:1031C0005F48536823F00303536015F0C1FB5D486B
:1031D00015F0BEFB606D15F0BBFBA06D15F0B8FBE4
:1031E00047E103F5D873B1E784F85D500023236607
:1031F000C4E91333A36A2568A7631022E287A28774
:10320000B3F5005F4FF4D8722664A4F84420A4F804
:10321000462007D12B6823F400532B602B6843F41E
:1032200000532B606B68666DA06D474F384A23F4DE
:10323000C0436B606B6823F480436B606B6823F45E
:1032400000536B60B369B3F5806F02BFE38FC3F3C4
:103250004E03E3878369B3F5806F6B6803BF23F484
:1032600080536B60B4F8463043F4805306BFC3F319
:103270004E03A4F846306B600023C0E90B33836330
:10328000B4F84630476305F10C019BB2FFF71AFD15
:103290008046A0B103A8FEF7E1FCBDF80C304FF466
:1032A0007A7101FB0031294842461BF057FD236E1D
:1032B00043F010032366012384F85D3026E0244B9D
:1032C000B063C6E90B30234B77634FF00108C3F8B6
:1032D0000080E38F0A4630460E499BB2FFF7F2FCAE
:1032E000064600283AD003A8FEF7B8FCBDF80C301B
:1032F0004FF47A7101FB0031324617481BF02EFD66
:10330000236E43F01003236684F85D80012550E7A7
:10331000A01200202011002000080058002004E026
:1033200010110020181100201C1100201411002081
:10333000EFBEADDEF40C002092410308F641030815
:10334000D40B0020740B0020A53401086842030848
:103350008D2B010804110020B44203086B684A4A0F
:1033600023F0C0036B606B6843F020036B60019037
:10337000AB680193019B0290AB6802932B6823F02A
:1033800040032B60029B0390EB680393AB680393AD
:10339000039B2B6843F400732B602B6823F480732A
:1033A0002B606B689BB2538043F00303138020268D
:1033B00096FAA6F30BB1B3FA83F64FF0904076007D
:1033C0000268DFF8C88026F00701CA400323711A9B
:1033D00003FA01FC5FFA8CFCD2B24FF0020922EA38
:1033E0000C0E09FA01F14EEA010142EA0C0288F8DA
:1033F000001088F8012002682549B3401343254A8C
:1034000003600023C2E90B33C1E90B3393638B6381
:1034100057634F632A1D1C491E484B46FFF752FC59
:10342000054660B10DEB0900FEF718FCBDF802304F
:103430004FF47A7101FB00312A46174835E7F2084C
:1034400013484B4602F190424146FFF73BFC0546CC
:1034500060B10DF10200FEF701FCBDF802304FF43F
:103460007A7101FB00312A460C481EE70C4B012201
:103470001A60002384F85C30284605B0BDE8F0836C
:10348000022596E60225F7E70C110020081100201E
:10349000740B0020D40B0020004303085E43030894
:1034A000F810002070B5164C164D236E2A6843F0B4
:1034B0001003012186B0236684F85D10A2B1124981
:1034C000124B134A206809681B681268266E8068D0
:1034D00009681B68126803930E4B00961B680190E5
:1034E0001B68029104920593FFF74CFC2A682AB1ED
:1034F000009B216E0B4368460093904706B070BD59
:10350000F40C0020FC100020940C0020340C00204F
:10351000D40B0020740B00200F4B1B6813B5CBB9E4
:103520000E4B18600E4B1960FFF7C2FD044670B1D8
:103530000DF10600FEF792FBBDF806304FF47A71EC
:10354000224601FB003107481BF008FC0A242046F4
:1035500002B010BD0824FAE7F81000200011002086
:10356000FC100020B7430308F0B57A4B1B6883B00A
:10357000002B5DD0784C23681B685B0603D50925BA
:10358000284603B0F0BDFEF78AFA074694F85C308F
:10359000724A012B156847D094F85D30012293429E
:1035A00084F85C20DEB247D002266D4F6D4D384660
:1035B00015F0BFFA284615F0BCFA2A6839680D687C
:1035C00010680B6823F001030B60136823F00103FC
:1035D0001360202393FAA3F32BB1B3FA83F35B00B8
:1035E000032707FA03F34FF0904C0227DCF800E0C2
:1035F00043EA0E03CCF80030D4F800C0DFF868E1ED
:10360000DCF8043023F00303CCF80430574BC1F846
:103610000CE0032E4F60D3604FF0000357600D6045
:10362000106084F85C3052D00A25284603B0F0BD03
:103630000725284603B0F0BD02214FF0904015F059
:103640009DFC48BB64230DF10600C5F3CB3503FB9D
:1036500005F5FEF703FBBDF806304FF47A7101FB68
:10366000003143481BF07AFB08E000BFFEF717FA71
:10367000C31B632B42D8002D40D0013D02214FF0E7
:10368000904015F07BFC38B9EFF30583002BECD1AB
:10369000012018F0B3FEE9E7314815F03DFA054680
:1036A000C8B9304815F038FA0546B8BB2268136827
:1036B00043F04003136002214FF0904015F05EFC90
:1036C000C8B3052384F85D3084F85C5058E70B25B7
:1036D000284603B0F0BD0DF10600FEF7BFFABDF8B5
:1036E00006304FF47A7101FB003122482A461BF064
:1036F00035FB236E43F01003236656E70DF10600F9
:10370000FEF7ACFABDF8063002464FF47A711A485B
:1037100001FB02311BF022FB032646E70DF10600F8
:10372000FEF79CFABDF806304FF47A7101FB0031C8
:103730002A461248DBE70DF10600FEF78FFABDF8C6
:1037400006304FF47A7101FB00310D481BF006FB87
:103750002BE700BFF8100020F40C0020A009002087
:10376000D40B0020740B00200C1100200811002045
:10377000449C0308049D0308AC9C0308749D030843
:10378000E09D030830B5364C83B0FFF7FBFA2046C6
:1037900017F031F9334A2368934244D002F5784256
:1037A00093421CD14FF0B0450A202B6C43F4805358
:1037B0002B64FEF705FD2B6C23F480532B6400254E
:1037C000274884F85D5017F090F8274B1D600028BB
:1037D00042D1FFF76DFC044698BB03B030BD0DF13C
:1037E00006052846FEF73AFABDF8063022684FF47F
:1037F0007A7101FB00311D481BF0B0FA1A4B002210
:103800001A6001242846FEF729FABDF80630014661
:1038100017484FF47A75224605FB01311BF09EFADA
:103820000A2003B030BD4FF0B0450A20AB6B43F423
:103830008043AB63FEF7C4FCAB6B23F48043AB6304
:10384000BDE70DF10600FEF709FA4FF47A7501465F
:10385000BDF806300748DEE704460DF10605D1E75E
:10386000F40C002000380040F8100020E89B03080A
:10387000F6410308589E0308F8B50446FEF70FF911
:103880000646651C03D014F0EDF9B4FBF0F4434B8D
:1038900043491A68096841F20103B3EB124F58D249
:1038A000404A136823F0020313603E4B3E4D022250
:1038B000DA602A685368980704D0631C59D15368AA
:1038C0009907FCD1EFF3108C72B6D5E915139A69FC
:1038D00009681B68C8685B683449354C354DB2F5DA
:1038E000806F08BF5B00344A1133A2FB03239B089F
:1038F0000A68324903EBC303A2EB43039A4298BF21
:103900000B4623602E4C043B20600024046044607E
:103910008460C4608B424FF00100286003D2521AC9
:1039200013448B42FCD327491C4A1960126841F2A8
:103930000103B3EB124F16D31A4B1A6842F002027E
:103940001A605A6842F002025A608CF31088002014
:10395000F8BD144B1A6822F002021A605A6822F06D
:1039600002025A60A1E70F4A136843F00203136092
:10397000EBE71A2701FB07F73F0D04FB07F7FEF7FC
:103980008EF8801BA04207D237B12B685B689A077C
:1039900007F1FF37F3D195E70320F8BD002004E0DD
:1039A000A009002000080058F40C0020101100208D
:1039B0001811002004110020398EE338A0120020D5
:1039C0001C110020EFBEADDE10B4EFF3108272B612
:1039D000104B1149586D1B680068C0685C680B6823
:1039E00082F31088984209D037BFC3F5C073C01A5C
:1039F0001B18180928BF000910BC7047A30706D57B
:103A0000064B10BC1868002818BF182070471820F3
:103A100010BC7047F40C00201C1100200411002081
:103A200030B4EFF3108272B61E4B9B6D99691B6820
:103A300058681D4BB1F5806F1C6808BF400082F3C9
:103A400010881A4A231F934205D219490968891A16
:103A50000B449342FCD31968164B99421DD1164969
:103A6000134D00F11103A1FB03039B08286803EB2E
:103A7000C303A0EB4303984288BF1A46A24209D071
:103A800096BFC4F5D870101B8018A1FB00108008E9
:103A900030BC7047002030BC70474FF0FF3030BC66
:103AA000704700BFF40C002018110020A012002065
:103AB00010110020EFBEADDE398EE338002866D04D
:103AC0002DE9F04F904683B0002A55D00F2953D9E5
:103AD000002307464FEA11191360EFF31083019397
:103AE00072B6FFF79DFF431C4CD02A4D2A4E2C681E
:103AF0004845A4F1040428BF4846B44205D2274BE8
:103B00001B689B1B1C44B442FCD370B3DFF890B01D
:103B1000DFF888A007EB001929681022384605F065
:103B2000D6FF22685A452BD12A68DAF800101232E3
:103B30002A602A68103704E02A683244521A2A6040
:103B40002A688A42F8D212348C4228BF721A02D3F1
:103B500014448C42FCD2D8F80020B94502F110027E
:103B6000C8F80020C4F800B0D6D10020019B83F330
:103B7000108803B0BDE8F08F022003B0BDE8F08FDD
:103B80000620F3E7019B83F310880620F1E702206B
:103B9000704700BF18110020A01200201011002053
:103BA000EFBEADDE2DE9F04F0C4614F00F0585B0E9
:103BB000014624D0C5F11005621930B3B2F5C07FBB
:103BC00023D8EFF3108972B6484BDFF82481586D83
:103BD0001E680368D8F80000DB687668984206F033
:103BE000020616D086BFC0F5C077DB191B1A9342B8
:103BF00014D2052089F3108805B0BDE8F08F20B1FC
:103C00001CB12246B2F5C07FDBD9022005B0BDE869
:103C1000F08F1EB1374B1B68002BE8D0DFF8D8B00F
:103C2000DBF8003027189F4219D91A1A4BD19A464F
:103C30000746C01A041907D011443846224605F039
:103C400046FFDBF800A027447C19544511D8E5B99C
:103C5000C8F800700EB9274B1E600020CAE7224644
:103C600005F035FFDBF800A0574526D0ECD904203D
:103C7000C0E7BAEB070214D1A4EB0A043846224687
:103C8000002105F076FF2744E2E72A463846002166
:103C900005F06FFFDBF800309C4210D0E7D82746D4
:103CA000D6E73846002105F064FFDBF800305345C5
:103CB00007D028BF5746DAD3DEE7104FC4E70F4FCF
:103CC000C6E70E4FD8E7CDE90223CDE9000105F0A4
:103CD000FEFEDBF800A0039B029A5345DDE90001DC
:103CE00002D0C4D81F46A4E7044FA2E7F40C00207A
:103CF0001C110020041100201411002020110020AC
:103D0000EFF3108372B6024A106883F3108870478D
:103D10001C110020024B1B6803B11847704700BFFD
:103D20000011002030B52F4C236859689A68890625
:103D30008BB031D555060AD5216E002041F0040123
:103D400021660190D96801919968019101999006C5
:103D50000CD5216E002041F0010121660290996886
:103D60000291196821F0400119600299D10508D526
:103D7000216E002041F008012166039099680391AB
:103D80000399D20606D5226E4FF6EF7142F0020279
:103D900022669960226E0AB90BB030BD124D2A68B6
:103DA0009AB11249124A08681168226E04929A6800
:103DB00003680968CDE905230E4A0F4B12681B689A
:103DC00012681B680993CDE90712FEF7DBFF2A682A
:103DD000002AE1D0049B216E0B4304A80493904772
:103DE0000BB030BDF40C0020FC100020940C00201F
:103DF000340C0020D40B0020740B0020014B002257
:103E00009A6070475415002010B584B00446012311
:103E10000F488DF807400DF10702802117F062F876
:103E2000044610B9204604B010BD0DF10E00FDF798
:103E300015FFBDF80EC04FF47A71234601FB00C197
:103E4000802204481AF08AFF0424204604B010BDE2
:103E5000900D0020A89E030870B58C4B1B68012BA9
:103E600086B003D00B25284606B070BD8578044681
:103E7000FDF754FA012811D0022840D080B105A8DE
:103E8000FDF7ECFEBDF81430024681484FF47A711C
:103E900001FB02311AF062FF0A25E4E7002D6BD026
:103EA000216805917B48042305AA952117F01AF88B
:103EB000054600286AD1A2787648002A14BF182146
:103EC00038218DF80F1001230DF10F0240F6E701A4
:103ED00016F0C8FE0546F0B105A8FDF7BFFEBDF817
:103EE00014404FF47A712B4640F6E70201FB004183
:103EF00069481AF033FF0425284606B070BD002D2E
:103F0000CED005A8FDF7AAFEBDF8143002464FF446
:103F10007A716248BCE75F48012304AA40F6E601D3
:103F200016F0D8FE0546C8B99DF81020594822F071
:103F300006028DF81020012304AA40F6E60116F0CF
:103F400091FE054678B305A8FDF788FEBDF814403C
:103F50004FF47A712B4640F6E602C7E705A8FDF755
:103F60007DFEBDF814404FF47A7101FB00412B46F1
:103F70004B4840F6E602BCE705A8FDF76FFEBDF82A
:103F8000143002464FF47A71464881E704A8FDF7E1
:103F900065FEBDF810404FF47A712B46952201FB67
:103FA00000414148A5E7A27894F90430002A3BD1AA
:103FB000162B5EDC6FF008059D42B8BF1D46AB4274
:103FC000EEB238D163798DF8113032488DF8106037
:103FD00004AA02238E2116F085FF054600284BD146
:103FE000324E07223146204605F0F6FDB44207D096
:103FF00000283FF438AF07222146304605F067FD20
:1040000005A8FDF72BFE2A4BBDF8141093F9653077
:104010004FF47A72002B02FB0011CCBF254A264ACE
:1040200026481AF09BFE1EE70E2B02DC6FF01005EF
:10403000C2E70E26354605A8FDF710FEBDF81410A0
:104040004FF47A7303FB001194F9040094F90630DD
:10405000401B002BA3EB0000CCBF164A164A0028D9
:10406000CCBF144D144DCDE9005015481AF076FE22
:10407000A8E716263546DEE705A8FDF7EFFDBDF8F3
:1040800014404FF47A712B468E2288E7C416002024
:10409000C09F0308900D002004A00308649F03083C
:1040A0005CA00308089F0308A89E03082B170020A4
:1040B000CC160020049F0308409C030810A10308AD
:1040C000B4A0030830B583B00546012317480DF1AD
:1040D0000502152116F03DFE0446A0B9144A9DF8CC
:1040E000053012685B425B1042B96FF07F02934269
:1040F000B8BF134620462B7003B030BD0D4A92F96D
:104100005E209B1AF1E70DF10600FDF7A7FDBDF853
:10411000063001464FF47A75224605FB0131064808
:104120001AF01CFE0424204603B030BD900D002080
:10413000C8160020CC16002048A1030870B54FF027
:10414000B0446420D4F8943043F40043C4F894306D
:10415000FEF736F8D4F8943023F40043C4F89430D2
:10416000FDF79DFC054613F07DFDD4F894305C040A
:1041700019D52D4B1B681A2202FB03F31B0D0526D4
:10418000B6FBF0F606FB03F4FDF789FC401B864204
:104190004FF0B0433BD9002C39D0D3F894305904B8
:1041A00004F1FF34F0D4214CD4F8903023F40043D0
:1041B000C4F89030FDF773FC054613F053FD6369B6
:1041C0009A0726D5184B1B681A2202FB03F31B0D16
:1041D0000A26B6FBF0F606FB03F4FDF760FC431B72
:1041E0009E42124A0CD95CB153699B0704F1FF341B
:1041F000F3D4D2F8903043F40043C2F890300EE08C
:104200000A4AD2F8903043F40043C2F890300820B4
:1042100070BDD4F8903043F40043C4F89030044BA0
:104220000020187170BD00BFA009002000040058D4
:10423000900D002010B5194BB3F85520082322FA31
:1042400003F00021D2B260F3070162F30F2184B0C2
:1042500060F3174162F31F61002402911048039438
:104260000DEB0302194616F03DFE044610B9204638
:1042700004B010BD0DF10600FDF7F0FCBDF806C05E
:104280004FF47A71234601FB00C1082205481AF059
:1042900065FD0424204604B010BD00BFCC160020EC
:1042A000900D0020A89E0308F0B5012883B031D0FE
:1042B000022804462BD101252F46FDF733F8F0B133
:1042C00000238DF80530374801230DF1050240F633
:1042D000231116F0FFFC0646002846D19DF8053054
:1042E000304823F006031C430DF10502012340F67C
:1042F00023118DF8054016F0B5FC044698B93846F0
:10430000FDF70AF8044600283DD103B0F0BD0025B2
:104310000224D1E7244B93F861300BB90325F7E76A
:1043200002250424C8E70DF106073846FDF796FC80
:10433000BDF806304FF47A7101FB00311B4823466B
:1043400040F623121AF00AFD3846FDF787FCBDF847
:10435000063001464FF47A74042204FB01311448FC
:104360001AF0FCFC042003B0F0BD0DF1060738463E
:10437000FDF774FCBDF806304FF47A7101FB003193
:104380000C483346DCE70DF106073846FDF766FCBE
:104390002246BDF806404FF47A7101FB00412B46DE
:1043A0000548CFE7900D0020CC16002004A003089C
:1043B000F4A103085CA0030890A103082DE9F043D1
:1043C000644D654EDFF8948189B005AF70684FF099
:1043D000FF33002201A918F078FA044600285CD1C6
:1043E000019900294CD0029A002A49D040F60403D2
:1043F000C7E90000B860ADF81030531CADF81230BA
:10440000574819232B7005F062FB039B002B52D1F8
:10441000EFF3108372B6D8F8001083F310880029E8
:104420004DD0EFF3108372B6B16883F3108831B9C1
:104430004FF0FF32022017F090FF041E6DDBEFF308
:10444000108472B610210DEB0100FEF78FFA30B91F
:10445000BDF812103F48FEF789FA002843D00DF14D
:104460000200FDF7FBFBBDF802304FF47A7101FB4F
:10447000003104223B481AF071FC84F31088A5E750
:1044800004A8FDF7EBFBBDF810304FF47A7101FB87
:10449000003135481AF062FC98E704A8FDF7DEFB0E
:1044A000BDF810304FF47A7101FB00312F482246DD
:1044B0001AF054FC8AE701981AF036FAA8E74FF090
:1044C000FF32012017F049FF041EAADA0DF10200A5
:1044D000FDF7C4FBBDF802304FF47A7101FB0031E7
:1044E00022462348E4E7234B5A68012122F00102C7
:1044F0005A60D9604FF090431F4899624FF47A7127
:104500001AF096FE8146A8B9012108201AF090FC05
:10451000012108201AF0A2FCAFE70DF10200FDF71F
:104520009DFBBDF802304FF47A7101FB0031224649
:104530001248BDE70DF10200FDF790FBBDF8023017
:104540004FF47A7101FB00314A460D481AF006FC1F
:10455000DAE700BF5014002054150020C8160020D0
:104560005114002030A3030870A30308B8A3030864
:1045700038A20308000800588015002090A2030804
:10458000E8A203082DE9F0430C464FF4827183B092
:1045900021804A496073D1F85A1090461F4649B1AC
:1045A000B1F5807F7BD06ED8012903D0102914BFCC
:1045B000FF210221424BA1731B68E373FFF7A0FBAD
:1045C000102105462046FEF7D1F98146064600280F
:1045D00046D1618829B13B48FEF7C8F90446002856
:1045E0005FD1EFF3108472B601A8FDF773FC019957
:1045F000354ACB1BA0EB080002FB00334FF47A775F
:1046000007FB03F303F543636B60304B5A6822F0FA
:1046100001025A600122DA604FF090432C489A62FE
:1046200039461AF005FE054668B9012108201AF03E
:10463000FFFB012108201AF011FC84F3108830469A
:1046400003B0BDE8F0830DF10200FDF707FBBDF8F4
:1046500002102A4607FB00111E481AF07FFBE4E710
:1046600001A8FDF7FBFABDF8043001464FF47A7457
:1046700019484A4604FB01311AF070FB0426304603
:1046800003B0BDE8F08340F20113994205D0B1F5C3
:10469000887F14BFFF2106218CE705218AE70421CA
:1046A00088E701A8FDF7DAFABDF8043001464FF4B7
:1046B0007A750A48224605FB0131DDE7CC16002059
:1046C000C4160020BC15002040420F00000800580E
:1046D00080150020E8A2030810A4030864A40308BE
:1046E0002DE9F0415A4B93F8613082B00746002B18
:1046F00043D103250226A846FCF714FEF8B1002397
:104700008DF80230534801230DF1020240F62311C7
:1047100016F0E0FA0446002855D19DF802304D48C5
:1047200023F0060333438DF802300DF1020201231A
:1047300040F6231116F096FA044600286BD1404645
:10474000FCF7EAFD0446002872D1434E042333608F
:104750000DEB0308ADF804008DF8060003233D4877
:104760004246832116F0BEFB054648B97B1E033343
:1047700048D9284602B0BDE8F08102250426BAE7F0
:104780000DF10200FDF76AFABDF802204FF47A71CC
:1047900001FB00212B46314883221AF0DFFA3460F6
:1047A0004046FDF75BFABDF8043001464FF47A74D9
:1047B000042204FB01312A481AF0D0FA04252846C5
:1047C00002B0BDE8F0810DF104084046FDF746FA5D
:1047D000BDF804304FF47A7101FB003121482346C3
:1047E00040F623121AF0BAFA4046FDF737FABDF840
:1047F00004304FF47A7101FB003104221A481AF098
:10480000ADFACDE7194807F110022B461AF02AFE3F
:104810000028AED0C4E70DF104084046FDF71EFAAB
:10482000BDF804304FF47A7101FB00311048D6E72F
:104830000DF104084046FDF711FA2246BDF8044088
:104840004FF47A7101FB00412B460A48CAE700BFCA
:10485000CC160020900D0020C4160020A89E03084E
:10486000B8A403085CA00308F4A10308981500206D
:1048700004A0030890A10308F0B53A4D87B00023C7
:104880008DF803302B68033B012B0DD8EFF3108715
:1048900072B601A8FDF71EFB0646322013F0DCFEBF
:1048A000044618B187F3108807B0F0BD322013F02A
:1048B00083FE87F31088ADF80A402B4CD4F85A30A9
:1048C000B3F5803F03D00DF10300FFF7FBFB0120A0
:1048D000FFF79AFA28B100232B60322013F05EFE16
:1048E000E2E7FFF7E1FC01222B682A60032B36D1B7
:1048F000D4F85A30B3F5803F20D1D4F85A30102B79
:1049000028D11A4B1B78012BE7D184F85C309DF934
:104910000330002013F1500F84F85A0084F85B0034
:1049200084F85D0013DB124A8DF81130D370082033
:10493000019B324602A9FFF725FECEE70B4B1B7801
:10494000012BDAD1FFF776FC0028D6D0C5E7FFF7B8
:10495000C7FEC2E7B3F5803FBFD10720E8E70620D6
:10496000E6E700BFC4160020CC160020C0160020C9
:10497000B41500202DE9F04782B0EFF3108572B630
:10498000CA4B1C684CB1CA4B1B68022B00F0A580B7
:1049900085F3108802B0BDE8F087C6481AF0F8FB2E
:1049A000C34E3368022B00F0A180C2481AF0F0FB1E
:1049B000C1481AF0EDFB012108201AF039FA012153
:1049C00008201AF04BFA3368BC4F012BBC6046D06C
:1049D00033F0020300F0A980FCF7A4FC00285FD0AC
:1049E00000238DF80430B648012301AA40F62311B4
:1049F00016F070F90446002840F0AF819DF80430AD
:104A0000AF4823F0060343F002038DF8043001AAF7
:104A1000012340F6231116F025F9044600283FD063
:104A20000DF106073846FDF719F9BDF806204FF4D9
:104A30007A7101FB0021A348234640F623121AF0A5
:104A40008DF93846FDF70AF9BDF806304FF47A7152
:104A500001FB003104229C481AF080F9C9E00DF1F5
:104A60000408424696480424012384218DF804401A
:104A700016F038FA8046002840F03881022333606F
:104A8000EFF3108672B691481AF036FC002840F019
:104A9000C78086F310880123BB600221386835E0A7
:104AA0000020FCF739FC0446002840F064814FF0F8
:104AB000010A0DF1040882488DF804A053464246CD
:104AC000802116F00FFA8146002840F0CF800A209E
:104AD000FDF776FBC6F800A0C3E7002108201AF016
:104AE000A7F985F3108802B0BDE8F087EFF31086D0
:104AF00072B676481AF000FC002840F00A8186F36E
:104B000010886E4B01229A601868022117F0C7FBCB
:104B1000002108201AF08CF9002108201AF09EF9D3
:104B200085F3108802B0BDE8F087694CD4F8903066
:104B300023F40043C4F89030FCF7B1FF804613F033
:104B400091F863699A0722D5624B1B681A2202FB0F
:104B500003F31B0D4FF00509B9FBF0F909FB03F452
:104B6000FCF79DFFA0EB08039945594A40F290805D
:104B7000002C00F08D8053699B0704F1FF34EFD4C3
:104B8000D2F8903043F40043C2F8903005E0D4F8F6
:104B9000903043F40043C4F89030494B4FF0000884
:104BA00083F8048018464C4B93F8573043450CBFAC
:104BB000942396238DF8043001AA012340F6AC011A
:104BC00016F050F8044600283FF406AF0DF1060732
:104BD0003846FDF743F8BDF806204FF47A7101FB23
:104BE00000212346374840F6AC021AF0B7F8C6F861
:104BF000008004243846FDF731F8BDF806304FF444
:104C00007A7101FB0031224634481AF0A7F81921C5
:104C100029481AF00DFB85F3108802B0BDE8F08733
:104C20002A481AF0B5FA814686F3108800283FF426
:104C300032AF0DF10600C7F80880FDF70FF8BDF898
:104C400006104FF47A7606FB00114A4624481AF003
:104C500085F80DF10600FDF701F8BDF8061006FB1A
:104C60000011204822461AF079F851E70DF10607A5
:104C70003846FCF7F3FFBDF806204FF47A7101FBCC
:104C800000214B46184880221AF068F83460B0E7DB
:104C90000F4AD2F89030002143F40043C2F890301C
:104CA000082431600DF10607A4E700BFC8160020F4
:104CB000C4160020981500208015002054150020EF
:104CC000900D002004A00308F4A10308681500203B
:104CD00000040058A0090020CC160020BCA5030841
:104CE000F8A4030880A50308A89E03080DF1060791
:104CF0003846FCF7B3FFBDF806204FF47A7101FB8C
:104D000000214346234884221AF028F80023336008
:104D100070E721481AF03CFA074686F3108800280D
:104D20003FF4EFAE1D4B0DF106009C60FCF796FFC3
:104D3000BDF806104FF47A7404FB00113A46184887
:104D40001AF00CF80DF10600FCF788FFBDF806100C
:104D5000042204FB0011134885E70DF106073846CD
:104D6000FCF77CFFBDF806204FF47A7101FB0021AF
:104D700023460D4861E60DF106073846FCF76EFF45
:104D8000BDF806304FF47A7101FB00312246074826
:104D9000002354E6A89E030868150020541500203F
:104DA000F8A4030840A503085CA0030890A1030829
:104DB0002DE9F047074682B0B4481AF0E9F9002619
:104DC000B34C2368022B00F09C80B0481AF0E0F945
:104DD000B0481AF0DDF9012108201AF029F8012164
:104DE00008201AF03BF82368AB4D012BAE6043D08E
:104DF00033F0020300F0A180FCF794FA00B3002323
:104E00008DF80430A548012301AA40F6231115F0BE
:104E100061FF0646002840F0B4819DF804309F48A9
:104E200023F0060343F002038DF8043001AA0123A6
:104E300040F6231115F016FF0646002840F0918138
:104E40000020FCF769FA8246002840F06B814FF0A1
:104E5000010901AE91488DF804904B4632468021FD
:104E600016F040F88046002840F098810A20FDF7AF
:104E7000A7F9C4F8009000E001AE042332468DF893
:104E8000043086480123842116F02CF806460028B9
:104E900040F0D78002232360EFF3108472B6DFF86E
:104EA000008240461AF028FA002840F0898184F3F5
:104EB00010887B1E033300F2A78141F64C539F42BA
:104EC00040F2D480774B784AA7F5EA500C38A3FB20
:104ED0000030136A840998478442C0F0C780704844
:104EE00021461AF0D3F90646002840F0AF816C48FD
:104EF0001AF0D8F80746002840F0B8810123AB60CB
:104F00009BE0EFF3108472B6DFF8948140461AF00C
:104F1000F3F9002840F0D48084F310887B1E03331B
:104F200000F2F88041F64C539F4268D85A4B002259
:104F30009A60002002B0BDE8F0875C4ED6F8903051
:104F400023F40043C6F89030FCF7A9FD804612F028
:104F500089FE73699A0720D5554B1B681A2202FBFC
:104F600003F31B0D4FF00509B9FBF0F909FB03F63C
:104F7000FCF795FDA0EB080399454C4A79D9002E22
:104F800077D053699B0706F1FF36F1D4D2F8903001
:104F900043F40043C2F8903005E0D6F8903043F473
:104FA0000043C6F890303D4B4FF0000883F8048072
:104FB0001846404B93F8573043450CBF9423962333
:104FC0008DF8043001AA012340F6AC0115F04AFE29
:104FD000064600283FF410AF0DF10600FCF73EFE38
:104FE000BDF806204FF47A7101FB002133463248A8
:104FF00040F6AC0219F0B2FEC4F8008032E0294B52
:10500000294AA7F5EA500C38A3FB0037136A9847E2
:10501000BF0987428AD3224839461AF037F9054634
:10502000002840F0F6801E481AF03CF81A4B06465D
:10503000002840F0FF8001229A60022158F8140CE9
:105040006DE00DF10600FCF709FEBDF806304FF4E7
:105050007A7101FB003184223346184819F07EFE34
:1050600000232360042002B0BDE8F0870023AB607A
:105070005FE70E4AD2F890300021082043F4004345
:10508000C2F89030216002B0BDE8F087981500208A
:10509000C41600208015002054150020900D00201B
:1050A00068150020D34D62109C940308000400583A
:1050B000A0090020CC16002004A00308A89E030825
:1050C00040461AF065F8054684F3108800283FF43E
:1050D00025AF0DF10604204648F80C6CFCF7BEFD28
:1050E000BDF80630014667482A464FF47A7505FB3D
:1050F000013119F033FE2046FCF7B0FDBDF8063053
:10510000014661484FF47A74042204FB013119F01E
:1051100025FE0EE75D4B01229A601868022117F008
:10512000BEF806E70DF106042046FCF797FDBDF832
:1051300006304FF47A7101FB003155485246002386
:1051400019F00CFE2046FCF789FDBDF8063001463B
:105150004FF47A74042204FB01314E4819F0FEFD2D
:1051600080E70DF106042046FCF778FDBDF8063017
:105170004FF47A7101FB00314748334640F6231261
:10518000DEE70DF106042046FCF768FDBDF80630A9
:105190004FF47A7101FB00314048EEE70DF1060053
:1051A000FCF75CFDBDF806204FF47A7101FB00218D
:1051B00043463B48802219F0D1FDC4F800A051E7D6
:1051C000404619F0E5FF814684F3108800283FF43B
:1051D00070AE0DF106042046AE60FCF73FFDBDF851
:1051E0000630014627484A464FF47A7505FB0131DF
:1051F00019F0B4FD2046FCF731FD4FF47A740146F6
:10520000BDF8063027487FE70123AB6002212868FC
:1052100085E71E4B0DF10604002220469A60FCF73C
:105220001DFDBDF806304FF47A7101FB00312A46AE
:105230001D485EE70DF1060420469D60FCF70EFD5B
:10524000BDF806300146324618484EE70DF1060417
:1052500000232046AB60FCF701FDBDF806304FF49B
:105260007A7101FB003132460F48C1E70DF10604A7
:105270002046AE60FCF7F2FCBDF8063001463A4627
:105280000A48B1E7F8A4030840A503085415002014
:1052900090A10308F4A1030804A003085CA003087C
:1052A000A89E030880A5030804A6030850A60308C7
:1052B0002DE9F047CC4D2B78834286B000F0B680C4
:1052C000CA4B1B68002B00F00B810128044600F03C
:1052D000C480022800F01681002840F0AC8002262D
:1052E000C34F344603AD2846FCF7B8FCBDF80C505C
:1052F0004FF47A7101FB005133463A46BD4819F02C
:105300002DFD204606B0BDE8F0870DF10707BA482D
:1053100001233A4640F6890115F0DCFC04460028DA
:1053200040F0BF829DF80730B348B9F1060F0CBFBB
:1053300003F0FB0343F004038DF807303A460123E2
:1053400040F6890115F08EFC0446002840F0B78233
:1053500096F84B10B6F84700003918BF01212246D5
:1053600061F30702010A61F3070496F8491060F33C
:105370000F2461F3174496F84C109F48003918BF6A
:10538000012161F30F22ADF8102096F84A20062380
:1053900062F31F648C212A46039415F0A3FD044692
:1053A000002840F01982944801233A4640F23671B1
:1053B00015F090FC0446002840F08C8296F84C20B2
:1053C0009DF80730002A00F05C8203F0FB038DF8A3
:1053D0000730894801233A4640F2367115F042FC05
:1053E0000446002840F0848296F83E108DF807109D
:1053F000814801233A46A02115F074FD0446002897
:1054000040F081829DF807103F2900F27F817B4E9A
:105410002846FCF723FCBDF80C3001464FF47A74A3
:105420007748324604FB013119F098FC00242046ED
:1054300006B0BDE8F08703AD2846FCF70FFCBDF8C9
:105440000C30704F4FF47A71224601FB0031052673
:105450006D4819F083FC344645E700220DF1080839
:1054600003468DF80820644842468A2115F03AFD2B
:105470000746002840F09480644E2C700F220823C9
:1054800086F8552003AD4FF00F2286F856000490A1
:10549000039259482A46194615F024FD074600286C
:1054A00040F00481777B0390082F686000F28B80C6
:1054B0003A46711D284604F00AFB4F4808232A4645
:1054C0004FF4D86115F0CEFB0746002840F010815C
:1054D000B269002A40F0388102264D4F344602E777
:1054E00003A8FCF7BBFBBDF80C3002464FF47A7101
:1054F00001FB0231474819F031FC0B24204606B06D
:10550000BDE8F0870DF1080801233B488DF808300D
:1055100042468A2115F0E6FC0746002840F0D38079
:105520003A4E2C706722082386F8552003AD4FF0C1
:10553000672286F85600049003922F482A4619469F
:1055400015F0D0FC0746002840F0A380B38F2A480E
:105550005BBAADF80830424623464FF4E86115F0D7
:1055600081FB074600285BD196F8459096F844A049
:10557000B9F1040F00F0B580B9F1050F02BFAAF12F
:105580000C07B7FA87F77F0996F84620531E062BBB
:1055900000F2DF81DFE803F057587B795758790034
:1055A00003AD2846FCF75AFBBDF80C304FF47A7176
:1055B00001FB003118483B468A2219F0CFFB042634
:1055C000134F34468FE64046FCF748FBBDF80830E1
:1055D0004FF47A7101FB00313A461048082319F064
:1055E000BDFB0626ECE700BFC0160020C816002051
:1055F000A4A6030874A80308900D00209CA6030825
:1056000038A80308B0A60308DCA70308CC160020BE
:1056100098A60308B8A60308A89E03088CA7030849
:105620002846FCF71BFBBDF80C304FF47A7101FBE8
:105630000031D0483B464FF4E862042619F08EFB57
:10564000CD4F34464FE6012400236AF3070369F384
:105650000F2364F3174367F31F630393C7480423BF
:105660002A468B2115F03EFC044600283FF44DAE3F
:105670004046FCF7F3FABDF808304FF47A7101FBAD
:1056800000318B22BE482346D7E70424DCE71446CA
:10569000DAE74046FCF7E2FABDF808304FF47A71D9
:1056A00001FB00310822B6483B46C6E74046FCF7FE
:1056B000D5FABDF808304FF47A7101FB00310822A9
:1056C000AF483B4679E703AD2846FCF7C7FABDF87B
:1056D0000C304FF47A7101FB00318A22A8483B4616
:1056E000ABE7AAF10B07012F8CBF002701274BE77F
:1056F0004046FCF7B3FABDF808304FF47A7101FB6D
:1057000000314FF4D8629B483B4656E701F0F80160
:1057100001318DF8081099480123424640F2067184
:1057200015F0A0FA044600283FF471AE2846FCF7B5
:1057300095FABDF80C304FF47A7101FB003140F25C
:1057400006728C48234678E7F369DFF838C2ACFB71
:1057500003E143F60950090B00FB11339B0303F6E9
:10576000427396F82100ACFB03C3890301EB1333AA
:105770008549B1FBF2F2394660F30701100C60F382
:105780000707180C60F30F21100A60F30F2762F36C
:10579000174796F82020794862F31F671A0A62F3C8
:1057A000174163F31F61049108232A468B21039755
:1057B00015F098FB0746E0B14046FCF74FFABDF8FC
:1057C00008304FF47A7101FB00316D483B468B2263
:1057D00019F0C4FA042680E64046FCF73FFABDF80B
:1057E00008304FF47A7101FB00318C226448234663
:1057F00023E70DF10707234660483A4640F6890142
:1058000015F068FA0446002840F098809DF80730AB
:105810005A4843F004038DF807303A46012340F616
:10582000890115F01FFA0446002879D1728C012AEB
:1058300025D9013AD100C2F3471401F0F801002242
:1058400096F824304D4864F3070261F30F2263F3A6
:10585000174296F8253096F82A108DF81410DB00C0
:1058600063F31F620392D6F82620049209232A4686
:105870008C2115F037FB044630B9444EC8E501468B
:10588000DDE743F00403A2E54046FCF7E7F9BDF885
:1058900008304FF47A7101FB00318C2238482346DE
:1058A0008BE64046FCF7DAF9BDF808304FF47A7120
:1058B00001FB00313648234640F68902BDE64046EA
:1058C000FCF7CCF9BDF808304FF47A7101FB0031D8
:1058D0002848F0E74046FCF7C1F9BDF808304FF41E
:1058E0007A7101FB00312A48234640F23672A4E661
:1058F0004046FCF7B3F9BDF808304FF47A7101FB6C
:1059000000311C48F0E72846FCF7A8F9BDF80C3038
:105910004FF47A7101FB0031A022194823468CE62E
:105920004046FCF79BF9BDF808304FF47A7101FB53
:1059300000311048234640F6890249E74046FCF70B
:105940008DF9BDF808304FF47A7101FB0031104831
:10595000F0E72846FCF782F9BDF80C3096F84620AF
:105960004FF47A7101FB00310A4819F0F7F900246D
:105970006AE600BF04A003089CA60308900D00205F
:10598000A89E030883DE1B430000093D98A6030878
:105990005CA003080CA7030800B585B040F20441E1
:1059A000002340F2011C40F20122ADF800106846CD
:1059B0001021CDF80230CDF80630CDF80A30ADF820
:1059C0000E30ADF804C0ADF80820FCF7CFFF00386A
:1059D00018BF0120800005B000BD00BF2DE9F041D7
:1059E000CB4E336884B0002B6CD0FBF7CFFF01ADFA
:1059F00000218DF80410C74801232A46802115F0A4
:105A000071FA0446002840F0F1800A20FCF7D8FB28
:105A1000FBF788FC002840F01B81BF4AD36923F4C0
:105A20000043D361BB488DF8044001232A469621E8
:105A300015F058FA0446002840F06081FBF770FC2E
:105A4000002800F0DE814FF0B0431B689B0200F19C
:105A50007D8102A8FCF702F9BDF808104FF47A77AF
:105A600007FB0011AD4819F079F942F22003ADF8B7
:105A70000430A84802232A4640F6111115F0F2F826
:105A80000446002840F0FB817F218DF80310A148D7
:105A900001230DF10302892115F024FA04460028A0
:105AA00040F0E3810E218DF804109A4801232A4624
:105AB00040F61F1115F0D6F80446002840F0EA81A0
:105AC00000233360302493488DF8024001230DF108
:105AD0000202932115F006FA044690B102A8FCF7E1
:105AE000BDF8BDF808504FF47A712346932201FBAC
:105AF00000518B4819F032F90424204604B0BDE867
:105B0000F081012601AD83488DF8046033462A46B2
:105B1000802115F0E7F90446002840F082800A2031
:105B2000FCF74EFB7B48ADF8044002232A468F2148
:105B300015F0D8F90446002840F0FE80794F3B6804
:105B4000DBB1DFF8E481734898F85720002A0CBFD6
:105B5000942296228DF8042033462A4640F6AC0162
:105B600015F080F80446002840F0238108F15F001A
:105B7000FEF772F904460028BFD1664802232A4680
:105B8000172115F0E6F80446002840F00781ADF82B
:105B9000040002235F482A46072115F0A3F90646B0
:105BA0000446002840F086813B68CBB15E4B0390F1
:105BB000B3F855205748130A63F30706D2B262F3CD
:105BC0000F2663F31746082362F31F6619460DEB91
:105BD0000302029615F086F90646002840F0768109
:105BE000FBF798FB514B01221A6086E702A8FCF7ED
:105BF00035F8BDF808104FF47A7505FB00112346FF
:105C00008022474819F0AAF802A8FCF727F8BDF847
:105C1000083001464648042205FB013119F09EF880
:105C20006AE702A8FCF71AF8BDF808104FF47A7575
:105C300005FB001123468022394819F08FF802A88D
:105C4000FCF70CF8BDF80830014604223948E3E7B8
:105C5000304801230DF1030240F6161115F03AF811
:105C60000446002840F0B3809DF80310294841F015
:105C700040018DF8031001230DF1030240F61611C7
:105C800014F0F0FF0446002876D1224801232A466A
:105C900040F6161115F01EF80446002840F09780D3
:105CA0009DF803209DF804309A4240F0CF800021F7
:105CB0008DF80410174801232A4640F6231115F0E9
:105CC00009F80446002840F08E809DF80410114821
:105CD00021F0060141F002018DF8041001232A464B
:105CE00040F6231114F0BEFF0446002840F0A380C4
:105CF000094AD369012443F4004392E602A8FBF762
:105D0000ADFFBDF808504FF47A7123469622EEE6B7
:105D100014080020900D00200004005898A90308E2
:105D2000A89E0308C8160020CC160020C416002028
:105D3000C4A80308E4A9030802A8FBF78FFFBDF875
:105D400008504FF47A7123468F22D0E664490291BD
:105D50006448042302AA972115F0C4F804460028D9
:105D60003FF492AE2846FBF779FFBDF804504FF49C
:105D70007A7123469722BAE602A8FBF76FFFBDF8B7
:105D800008204FF47A7101FB00215748234640F662
:105D9000161218F0E3FFFAF7E1FE88E702A8FBF716
:105DA0005DFF4FF47A750146BDF808304F48224632
:105DB00032E702A8FBF752FFBDF808504FF47A71A2
:105DC000234640F6AC0201FB0051474892E602A888
:105DD000FBF744FFBDF808204FF47A7101FB002166
:105DE00023464348D3E702A8FBF738FFBDF8085025
:105DF0004FF47A7101FB005123463D4840F62312CF
:105E000078E642F22001ADF80410364802232A4613
:105E100040F6111114F026FF044600283FF434AE7A
:105E200002A8FBF71BFFBDF808504FF47A71234618
:105E300040F61112C7E702A8FBF710FFBDF80850A3
:105E40004FF47A71234640F62312BCE702A8FBF711
:105E500005FFBDF808309DF803204FF47A7101FB6F
:105E6000003124489DF8043093E702A8FBF7F6FEC2
:105E7000BDF808504FF47A712346892237E602A80C
:105E8000FBF7ECFEBDF8081040F61112234607FBA5
:105E900000119AE702A8FBF7E1FEBDF808304FF4C5
:105EA0007A7101FB003140F61F1223460E4818F0AC
:105EB00055FF05E602A8FBF7D1FEBDF808404FF4F8
:105EC0007A713346072201FB004112E62846FBF7B0
:105ED000C5FEBDF804404FF47A7133460822F2E75C
:105EE00006000001900D002004A0030848A103084B
:105EF0005CA0030828A90308324B73B500223220A6
:105F00009A6012F059FB05254FF47A76FEF716F9E0
:105F1000082804461AD10DF10600FBF79FFEBDF8D4
:105F2000061006FB0011284818F018FF0A20FCF79D
:105F300071F9013DEAD10DF10600FBF78FFEBDF8C6
:105F40000610224606FB0011204836E0EFF31086CB
:105F500072B600211E48662203F00BFE1D4B012283
:105F60001A601D4B00251D601C4B1D701C4B1D60D5
:105F70001C4B1D601C4B1D601C4B1D601C4B1D6091
:105F8000FFF72CFD044686F31088322012F088FBC0
:105F900032202A46294612F0CFFA322012F0FEFAB9
:105FA0006CB10DF10600FBF759FEBDF806304FF459
:105FB0007A7101FB00310F48224618F0CFFE2046CF
:105FC00002B070BD5415002004440308C044030807
:105FD000CC16002014080020C4160020C016002093
:105FE000BC160020B4150020B0150020C8160020F3
:105FF000B81500206C4403082DE9F0438BB048B37A
:1060000042B306780446212E00F29C84DFE816F0A5
:106010003400470047009A0434002703C702AF0248
:10602000DE015A012C02C500EB00CB004101270024
:10603000A40083006A0049004E0433040E04960352
:1060400083046F04F5029804E3021D03130309039C
:10605000FF025303022528460BB0BDE8F083C14B75
:106060001B68002B00F05B87BF4B427893F83E1013
:10607000914218BF83F83E20002528460BB0BDE8AA
:10608000F08306A8FBF7EAFDBDF8183062780146F8
:106090004FF47A75B54805FB013118F05FFE052510
:1060A000D9E7B04B1B68002B40F0D58506AF3846CA
:1060B000FBF7D4FDBDF8183002464FF47A71AC48B6
:1060C00001FB023118F04AFE0B2425463846FBF747
:1060D000C5FDBDF818304FF47A7101FB003122463E
:1060E000A44812E0A44B1B78022B00F06B8606AF8D
:1060F0000B2425463846FBF7B1FDBDF818304FF4A8
:106100007A7101FB00319D48224618F027FE28468F
:106110000BB0BDE8F083934B1B68002B40F0B684B6
:1061200006AF3846FBF79AFDBDF8183002464FF42B
:106130007A71934801FB023118F010FE0B243846A7
:10614000FBF78CFDBDF818304FF47A7101FB00317C
:1061500025468C482246D8E7824B1B68002B40F02E
:10616000F18406AF3846FBF779FDBDF818300246DA
:106170004FF47A71844801FB023118F0EFFD0B24D3
:106180003846FBF76BFDBDF818304FF47A7101FB10
:10619000003125467D482246B7E740780BB0BDE880
:1061A000F043FFF785B86F4B1B68002B00F0C285EA
:1061B0000130FDF751FE054600283FF45DAF06A80B
:1061C000FBF74CFD94F90730BDF8181000954FF41B
:1061D0007A72002B02FB0011ACBF6D4A6D4A6E480B
:1061E00018F0BCFD37E76D4ED0F8012033689A42B5
:1061F00010463FF441AF6A490968012940F02B86F7
:10620000684DAB4200F2D7866748834201F2C180F5
:10621000664FBB4201F29A83DFF894C1634501F2F5
:106220008783DFF890C1634501F2E184AA4201F25D
:10623000B380824201F2D381BA4201F25383052135
:106240005B4B9A4201F2DF845A4B9A4201F2DF849F
:10625000052901F0788306AF3846FBF7FFFCBDF84F
:1062600018304FF47A7101FB00310522524818F0C2
:1062700075FD022635463846FBF7F0FCD4F80120C0
:10628000BDF818404FF47A7101FB004133464B488A
:10629000EDE2344B1B68002B00F037864378012B6E
:1062A00000F00C86022B7FF4ECAE2F4D4188AB8FB3
:1062B0008B423FF4E1AE304B1B78022B01F0FA82A7
:1062C000A987D9E6437BD0F80100002B00F0BC85FC
:1062D00028B9D4F805203A4B9A4200F08C8706AFD3
:1062E0003846FBF7BBFCBDF8183002464FF47A7114
:1062F00001FB0231334818F031FD0222154600231C
:10630000CDF81A30CDF81E30CDF82230ADF8263059
:106310004FF401710923ADF81810ADF81C30ADF839
:106320001E20EFF3108672B610213846FCF71EFBD4
:106330008046002800F0178386F310883846FBF764
:106340008DFCBDF818304FF47A7101FB00311E4806
:10635000042218F003FD4FF00408002D08BF454645
:1063600079E600BFC8160020CC160020A0AF0308B5
:1063700088B20308E4B20308C016002044B2030840
:1063800048B10308A4B103089CB00308FCB003089B
:10639000049F0308409C0308FCAE0308BC160020C1
:1063A000C4160020FFE8A4357FF8A9327F44E52D0C
:1063B000FF0A6B1B7F47A11918AE030858AE0308EC
:1063C0003A259AE424AB030898AB0308D0F80120DF
:1063D000C54B9A420AD103F11953D0F8052003F5B1
:1063E000621303F605039A4200F0CC8706AF3846E5
:1063F000FBF734FCBDF81830D4F801204FF47A7163
:1064000001FB0031B948D4F8053018F0A7FC072289
:1064100015460023CDF81A30CDF81E30CDF82230C5
:10642000ADF826304FF401710823ADF81810ADF81F
:106430001C30ADF81E20EFF3108672B610213846DE
:10644000FCF794FA8046002800F08D8286F31088CD
:106450003846FBF703FCBDF818304FF47A7101FBA6
:1064600000310422A24874E7A24818F091FEA24825
:1064700018F08EFE01210820A04C18F0D9FC012153
:10648000082018F0EBFC23689D4A0021012B916045
:106490003FD033F0020300F0F183FAF743FF00B37B
:1064A00000218DF814109748012305AA40F6231106
:1064B00014F010FC0546002841F04B809DF81410A4
:1064C000904821F0060141F002018DF814100123DB
:1064D00005AA40F6231114F0C5FB0546002841F03B
:1064E000CD820020FAF718FF0546002841F01380FE
:1064F000012784488DF814703B4605AA802114F0CA
:10650000F1FC0646002841F047800A20FBF758FEC0
:1065100027600022154606AF0023CDF81A30CDF8CB
:106520001E30CDF82230ADF826304FF401710A2329
:10653000ADF81810ADF81C30ADF81E20EFF3108642
:1065400072B610213846FCF711FA8046002800F098
:106550000A8286F310883846FBF780FBBDF81830B6
:106560004FF47A7101FB003104226748F1E6674B72
:106570001B68002B40F0538206AF3846FBF76EFBDA
:10658000BDF818304FF47A7101FB0031604818F003
:10659000E5FB6378002B40F048850B255BE58A42DC
:1065A0007FF46AAD682A039200F09F8706AF3846F1
:1065B000FBF754FBBDF81830039A4FF47A7101FBD6
:1065C00000316823534818F0C9FB6378002B40F072
:1065D0004D8706253FE506A8FBF740FBBDF81830C0
:1065E00002464D484FF47A7101FB023118F0B6FBB8
:1065F0000A2528460BB0BDE8F08306A8FBF72EFB62
:10660000BDF8183002464FF47A714448ECE706A80A
:10661000FBF724FBBDF8183002464FF47A7140486E
:10662000E2E706A8FBF71AFBBDF8183002464FF464
:106630007A713C48D8E706A8FBF710FBBDF8183084
:1066400002464FF47A713848CEE706A8FBF706FBFE
:10665000BDF8183002464FF47A713448C4E7274C2D
:106660002368022B12D0EFF3108572B6224818F07F
:1066700043FE002840F0BA8585F3108801210820E8
:1066800018F0D6FB0121082018F0E8FB4FF09043EA
:1066900001259D610520FBF793FD254BDD605A68C0
:1066A0002A435A602368022B7FF4E6AC00210820BD
:1066B00018F0BEFBE0E406AF3846FBF7CFFABDF8B2
:1066C000183002464FF47A711A4801FB023118F073
:1066D00045FB3846FBF7C2FABDF8183002464FF4C6
:1066E0007A71154880E700BFABD5D6274CAA0308BE
:1066F000C4AA03089815002080150020C4160020A5
:1067000054150020900D0020F8AB0308C816002097
:1067100054AD030858AC030814B7030840B6030887
:106720002CB80308E4B70308A0B703085CB7030854
:106730000008005880B60308CCB60308BE490D68AF
:10674000002D00F0CF83BD4BBD4A1B78D4F801600B
:106750000020A2F85A00022B4FF00100A2F85C00C2
:1067600000F09083012B0CD1FF218DF81410B54857
:1067700005AA40F2BB6114F075FA0446002841F006
:106780006180FAF7CFFD00B300218DF81410AD48F9
:10679000012305AA40F6231114F09CFA04460028B0
:1067A00040F0FE809DF81410A64821F0060141F04B
:1067B00002018DF81410012305AA40F6231114F0EC
:1067C00051FA0446002841F05A800120FAF7A4FD4E
:1067D0000546002840F036859B4C03232360721C3D
:1067E00000F03E8306AFADF818008DF81A003A4667
:1067F0009448822114F076FB0546002840F0C883B7
:10680000731E033300F23C8306F110022B468F48BF
:1068100018F028FE8E4B1A68002840F0E0801A68B5
:10682000002A3FF429AC00221A6025E4824B1B6841
:10683000002B00F08F83814E3478012C00F06A84A5
:10684000022C00F00E85824B1A680AB100221A60F1
:106850000B24254606AF3846FBF700FA2246BDF862
:10686000184033784FF47A7101FB0041794818F0F1
:1068700075FAFFF7F0BB784E3368C91ACD1E3FF4A6
:10688000FBABDA1C0244D9B26E48ABB214F098FAF2
:10689000002840F06D863268B4F801302A449A42EC
:1068A00032607FF4E9AB6D4B3060BDE7624B1B6833
:1068B000002B40F0968106AF3846FBF7CFF9BDF8C4
:1068C000183002464FF47A71654801FB023118F026
:1068D00045FA0B243846FBF7C1F9BDF818304FF4E0
:1068E0007A7101FB003125465E4822460DE48A425A
:1068F0007FF4C2ABEFF3108172B65B4BD3E9035266
:1069000081F31088002D3FF4B7ABB0F801100330CD
:10691000A847FFF7B1BB494B1E78012E00F0188243
:1069200006AF0B243846FBF799F9BDF818304FF441
:106930007A7101FB003125464C482246FFF7E5BB42
:1069400006AFC6E606A8FBF789F9BDF8183022782D
:106950004FF47A7101FB00316378454818F0FEF975
:106960000325FFF778BB434B5A6822F001025A60B7
:106970000122DA604FF090433F489A624FF47A71F7
:1069800018F056FC044600283BD10121082018F0DD
:106990004FFA0121082018F061FA86F31088DCE430
:1069A00006AF3846FBF75AF9BDF818304FF47A7144
:1069B00001FB00313148234640F6231218F0CEF98E
:1069C0003846FBF74BF9BDF818304FF47A7101FBEC
:1069D000003104222A4818F0C1F91D4B1A680AB187
:1069E00000221A6004243846FBF738F9BDF8183045
:1069F0004FF47A7101FB0031254622482246FFF709
:106A000084BB05A8FBF72AF9BDF814304FF47A715E
:106A100001FB003122461C4818F0A0F9B5E7FEF74B
:106A2000DDFF65780646002D40F04B83002E18BF31
:106A30003546FFF710BB00BFC8160020C016002067
:106A4000CC160020900D0020C416002098150020C0
:106A5000B015002084B40308B8150020B415002038
:106A600030B303088CB3030854150020FCB50308A9
:106A700074B8030800080058801500205CA00308C3
:106A8000F4A1030820B50308E8A20308451C062268
:106A9000BF48294603F0A0F800283FF4EDAAB4F857
:106AA0000120E078110A002361F30703617962F3A2
:106AB0000F232279003960F3174318BF012162F3D5
:106AC0001F634FF0000261F30702A17906930B1ECA
:106AD00018BF012363F30F2206AFADF81C20AD48A9
:106AE00006233A468C2114F0FDF90646002840F0B2
:106AF00099850DF11308A7480123424640F23671EB
:106B000014F0E8F80646002841F00180A3799DF8CA
:106B10001310002B00F0088701F0FB018DF8131013
:106B20009C480123424640F2367114F09BF804461B
:106B3000002840F0FA8796480622294602F0C7FF4F
:106B4000FFF79ABA451C03229348294603F044F8FC
:106B500000283FF491AAA67894F80190042E00F042
:106B60008386052E03BFA9F10C08B8FA88F84FEA0E
:106B700058184FF00008E3785A1E062A01F2F580F3
:106B8000DFE802F02B04052D2B042D00022306AFB5
:106B9000002269F3070266F30F2263F3174268F3DA
:106BA0001F6206927B4804233A468B2114F09AF91F
:106BB0000446002800F0E68605A8FBF74FF8BDF86C
:106BC00014304FF47A7101FB0031744823468B2254
:106BD00018F0C4F80424FFF7D3BA0123D7E704233D
:106BE000D5E7451C09226E48294602F0F5FF00282A
:106BF0003FF442AAB4F80130D4F805200792012BE3
:106C00008BBF03F1FF330021D9000B4688BFC3F3CC
:106C100047134FF0000288BF01F0F80163F3070249
:106C2000E3785C4861F30F2263F317422379617ABA
:106C30008DF82010DB0063F31F6206AF0692092374
:106C40003A468C2114F04EF90446002840F0C586DF
:106C50005348092271E7451C0A225248294602F08E
:106C6000BBFF00283FF408AAD4F80130002B40F005
:106C70006A850224254606AFFFF728BA4A4DD5F8A3
:106C8000903023F40043C5F89030FAF708FF064629
:106C900010F0E8FF6B699F0740F17381434B1B685D
:106CA0001A2202FB03F31B0D0527B7FBF0F707FBC6
:106CB00003F5FAF7F4FE821B97423B4B40F25481F6
:106CC000002D00F051815A69910705F1FF35F0D48C
:106CD000D3F8902042F40042C3F89020344B2D4961
:106CE00093F857300026B3420CBF942296220E71BF
:106CF00008468DF81420012305AA40F6AC0113F0D4
:106D0000B1FF054600283FF4C8AB06AF3846FAF796
:106D1000A5FFBDF818204FF47A7101FB00212B4626
:106D2000244840F6AC0218F019F8266004221546F3
:106D3000FFF7F2BB06A8FAF791FFBDF8183002463C
:106D40001D484FF47A7101FB023118F007F824E472
:106D50001A4B1B68002B00F0E4824378002B40F0B4
:106D6000D482134DA5F85A30A5F85C3006AF3846EA
:106D7000FAF774FFBDF81830D5F85A204FF47A713D
:106D800001FB00310E4817F0E9FF0A24CAE500BFF5
:106D900013170020900D002010170020A89E030854
:106DA000EE160020E416002000040058A009002080
:106DB000CC16002004A00308A0AE0308C8160020CB
:106DC000BCB50308C04B1B68002B00F0CB82637876
:106DD000067A85786168C078002B40F0B282BB4AA1
:106DE000A2F85A30A2F85C300023002266F30702B2
:106DF00065F30F2260F3174263F31F62080C8DF8EE
:106E00001E1006AF090A06928DF81C008DF81D10A1
:106E1000AF4807233A46882114F064F80546002855
:106E20003FF419A905A8FAF719FFBDF814304FF47B
:106E30007A7101FB003188222B46A648042517F001
:106E40008DFF2C46FFF756B9FDF7B2FF06AF05469A
:106E50000246FFF754BA0B26354606AFFFF70BBACA
:106E60004FF6FF7106AF8DF81A109948ADF818600B
:106E70003A46822114F036F80546002840F0888012
:106E8000954BCCE492F83E30002B3FF47AAC096885
:106E9000002900F0C88292F8450092F844208F49FA
:106EA000C2EBC002143A51F8222002FB03F39E42C7
:106EB00000F2B185002E08BF1E4662E4834D827A3F
:106EC0006B7B9A4200F03584854B1B78012B00F0D8
:106ED0008382661C8348711C02F0F9FDA37A6B73F0
:106EE000FFF7CAB806AF3846FAF7B8FEBDF8183053
:106EF0004FF47A7101FB00317B4817F02FFF764B7E
:106F00001A6802B11D600B246DE506A8FAF7A6FE0B
:106F1000BDF8183002464FF47A71744813E706A89A
:106F2000FAF79CFEBDF818304FF47A74014604FB62
:106F300001316F4817F012FF06A8FAF78FFEBDF86F
:106F4000183001460B2204FB01316A4817F006FF96
:106F5000FFF723BB06A8FAF781FEBDF818300246FA
:106F60004FF47A716448EEE66449D1F8903000201D
:106F7000082243F40043C1F8903015462060FFF723
:106F8000CABAD5F8903043F40043C5F89030A5E66E
:106F900005A8FAF763FEBDF814204FF47A7101FBDF
:106FA00000212B4682224B4817F0D8FE4A4B002185
:106FB0001A68216013E5AA4240F2268206AF05ADA9
:106FC0004F4B98428CBF18201F202A468DF8140082
:106FD00001233F4840F2457113F044FE0546002866
:106FE00040F05A84D4F801204648A0FB02531B0B02
:106FF00043F6095101FB1321890301F64271A0FBFD
:1070000001019A0302EB113212BA069230480423AE
:107010003A46862113F066FF0546002840F0EE84CC
:10702000D4F801303360FFF727B80B22164600234F
:10703000CDF81A30CDF81E30CDF82230ADF826301C
:107040004FF401710723ADF81810ADF81C30ADF8FE
:107050001E20EFF3108872B610213846FBF786FC2D
:10706000054680B188F310883846FAF7F7FDBDF879
:1070700018304FF47A7101FB00310422224817F0D6
:107080006DFE0425D2E4214B5A6822F001025A60B9
:107090000122DA604FF090431D489A624FF47A71F2
:1070A00018F0C6F80446002840F088820121082024
:1070B00017F0BEFE0121082017F0D0FE88F31088DB
:1070C000B4E4024606AFB2E7C8160020CC16002092
:1070D000900D0020A89E0308B0150020F4BE030800
:1070E000C0160020D1160020D4B4030848AF03080E
:1070F000F0AF03084CB0030838B40308000400588C
:10710000C0AFD23583DE1B43B4AD0308000800587E
:1071100080150020C54B93F86120D3F81090002A09
:1071200040F07D8103254FF002082F46FAF7FAF868
:1071300000B300238DF81430BD48012305AA40F6A2
:10714000231113F0C7FD0446002840F067849DF822
:107150001430B74823F0060348EA03038DF81430CF
:1071600005AA012340F6231113F07CFD04460028F4
:1071700040F080853846FAF7CFF80446002840F002
:107180008984AC4D04232B6006AFADF818008DF850
:107190001A000323A6483A46832113F0A3FE804633
:1071A000002840F01B8309F1FF33033300D967E661
:1071B000A14809F11002434618F054F90028F6D00E
:1071C0003846FAF74BFDBDF818304FF47A7101FBE1
:1071D00000310422994817F0C1FD994B1A680AB191
:1071E00000221A6004242546FFF735BB954817F0A6
:1071F000CFFFFFF741BA03F12F43D4F80920A3F5DD
:10720000DE036FF47B7C63449A427FF468A8FDF749
:10721000CFFD06AF054610B12A46FFF770B83846D5
:10722000FAF71CFDBDF818304FF47A7101FB0031FC
:10723000854817F093FD2946082017F00FFE2A46CF
:10724000FFF75DB806AF3846FAF708FDBDF818300D
:107250004FF47A7101FB00312A467C480123FFF785
:10726000ADBB724B93F86120D3F83F80002A40F009
:10727000B3814FF0030927464C46FAF753F8F8B1AB
:1072800000238DF814306A48012305AA40F6231123
:1072900013F020FD0546002840F02B849DF81430A3
:1072A000634823F006033B438DF8143005AA0123FD
:1072B00040F6231113F0D6FC0546002840F0BD84AB
:1072C0002046FAF729F80446002840F01A84DFF82F
:1072D00064910423C9F8003006AFADF818008DF8AA
:1072E0001A00032352483A46832113F0FBFD05465A
:1072F000002840F0368308F1FF3303333FF657AFE1
:107300004D4808F110022B4656E7013BDBB2052B36
:1073100040F29981454D0023A5F85A30A5F85C60EC
:1073200024E506AF3846FAF799FCBDF81830024656
:107330004FF47A7101FB0231454817F00FFDFFF75A
:10734000F0BA013BDBB2052B40F2E281374B002162
:107350000122A3F85A10A3F85C200524254606AFA5
:10736000FEF7C8BE06AF3846FAF778FCBDF818300D
:1073700002464FF47A7101FB0231364817F0EEFCF9
:10738000FEF7B6BEFEF7B8FD06AF05460246FFF7AC
:1073900040B8AA4240F2A0824EF6E11205ADADF827
:1073A0001420234802232A46982113F09BFD80468F
:1073B000002840F0258106AF3846FAF74FFCBDF8AB
:1073C0001830254A4FF47A7101FB0031234817F039
:1073D000C5FCD4F80100F3E50023082ACDE9063303
:1073E00000F23B83A11C06A802F071FB10480823A1
:1073F00006AA4FF4D86113F035FC661C0746002836
:1074000040F04084A27A65E5154B9A4200F2E7808D
:10741000144B9A4200F266820021FEF711BF02254A
:107420004FF0040881E60E46FFF7ABB9CC160020FA
:10743000900D0020C416002098150020B8A4030861
:10744000B01500208015002064AB030890A103084C
:1074500060B50308ECB10308C8B80308D4B8030842
:107460007FF8A9327F44E52D002606AF0023CDF832
:107470001A30CDF81E304FF40172CDF82230ADF83D
:1074800026300623ADF81820ADF81C30ADF81E608C
:10749000EFF3108872B610213846FBF767FA0546FD
:1074A000002800F0238288F310883846FAF7D6FBCC
:1074B000BDF818304FF47A7101FB00310422CF4837
:1074C00017F04CFC0425002E7FF483A83846FAF709
:1074D000C5FBBDF8183002464FF47A7101FB02314A
:1074E000C74817F03BFCFEF7B6BDEFF3108572B648
:1074F000C448A11C662202F0EAFAC34AC34B1068D2
:107500000121196014F0CBFE85F310886578002DF9
:10751000AAD106AFDAE706AF3846FAF79FFBBDF807
:1075200018304FF47A7101FB0031B9482A46002324
:1075300017F014FC3846FAF791FBBDF818304FF4F9
:107540007A7101FB00310422B24817F007FCFFF703
:10755000EDBB06AF3846FAF781FBBDF818304FF4A3
:107560007A7101FB0031AC482B4640F62312DFE76D
:1075700006A8FAF773FBBDF8183032684FF47A7139
:1075800001FB0031B4F80130A4480424009417F042
:10759000E5FB0425FEF75FBD06AF3846FAF75EFB54
:1075A000BDF818204FF47A7101FB002133469C4846
:1075B000802217F0D3FB2560FFF7B8BB05A8FAF7C8
:1075C0004DFBBDF814304FF47A7101FB00312246B7
:1075D000944817F0C3FB69E5A14604274DE6D7237D
:1075E000DB220D468DF814308DF815208E480223CD
:1075F00005AA982113F076FC8046002800F07383DA
:1076000006AF3846FAF72AFBBDF818204FF47A7116
:1076100001FB002182484346982217F09FFB042675
:10762000FEF728BE05A8FAF719FBBDF814304FF491
:107630007A7101FB00317A4833468C2217F08EFBB9
:107640000424FEF77CBD794A6E4D52F82330C5F80C
:107650005A30102B7FF48AABF9F764FE00B3002296
:107660008DF814207048334605AA40F6231113F014
:1076700031FB0546002840F0AB829DF814506A4863
:1076800025F0060545F00205334605AA40F623110C
:107690008DF8145013F0E6FA0546002840F00883F0
:1076A0000120F9F739FE06AF0546002840F0578261
:1076B00008234FF00422069207903A465A4819468A
:1076C00013F010FC0646002840F0FE82DFF86081CF
:1076D0000323C8F800308221ADF818008DF81A0095
:1076E0003A46514813F0FEFB0546002840F00D8352
:1076F000E268531E03333EF6BFAC4E4810322B46B1
:1077000017F0B0FE00283EF4B7AC0424FFF70AB926
:10771000494A52F823303B4A012BC2F85A303FF411
:1077200064AB102B3FF461AB002B7FF416AEFFF778
:107730005BBB811C681D02F04FFA00283EF49CAC34
:10774000A27AFFF7C1BBD4F805203C493C48B0FB06
:10775000F3F0A1FB02631B0B43F6095606FB132251
:10776000920302F64272A1FB02129B03A17A647A91
:1077700003EB12330022060C61F30702002166F3CB
:1077800007011E0C66F30F22060A66F30F2160F351
:10779000174164F31F610691190A61F3174263F3FD
:1077A0001F6206AF0792204808233A468B2113F048
:1077B00099FB0446002800F07B8105A8FAF74EFAF1
:1077C000BDF814304FF47A7101FB003114482346A0
:1077D0008B2217F0C3FA0424FEF777BC05A8FAF74A
:1077E0003DFABDF814204FF47A7101FB00214346A5
:1077F0000B48832217F0B2FA2C60E1E4C0AC030816
:107800001CAD0308CC16002054150020C81600201B
:1078100090A10308F4A103085CA00308D4B30308F3
:10782000A89E0308E8A20308900D0020C8BE030824
:10783000C416002098150020C8BE030883DE1B4331
:107840000000093D06AF3846FAF708FABDF81830CF
:107850004FF47A7101FB003140F2BB622346CE48FF
:1078600017F07CFAFFF7B9B8A9F10B08B8F1010FCE
:107870008CBF4FF000084FF00108FFF77CB906AF4E
:107880003846FAF7EBF9BDF818304FF47A7101FB7E
:107890000031C148FFF78FB83846FAF7DFF9BDF875
:1078A00018204FF47A7101FB00212B46BA4840F2B0
:1078B0004572B2E60A0A8DF814208DF81510B74803
:1078C00005AA4FF4E86113F0CDF90646002840F010
:1078D000C1816188FEF7F4BC824234D8B04B9A4231
:1078E0007EF6AEACC123C52202257BE6AD4B5A68BD
:1078F000012122F001025A60D9604FF09043AA485A
:1079000099624FF47A7117F093FC0446002840F016
:1079100018810121082017F08BFA0121082017F0A7
:107920009DFA88F31088CEE541F00401FFF7F6B820
:10793000AA423FF631AD82423FF651AEBA42D1D8AB
:10794000624540F20C8206AFFFF74EBBAA423FF6FB
:1079500023AD82423FF643AEBA42F4D80221FEF78D
:107960006FBC05A8FAF77AF9BDF814204FF47A71C4
:1079700001FB00212B468D48832217F0EFF9C9F84F
:1079800000401DE40DF1130884480123424640F6EF
:10799000890113F09FF90446002840F03F819DF8CB
:1079A00013107E48062E0CBF01F0FB0141F00401CC
:1079B0008DF813100123424640F6890113F052F965
:1079C0000446002840F0698179480322294602F0E4
:1079D0007EF8784B0122FEF727BF05A8FAF73EF99B
:1079E000BDF814304FF47A7101FB00318C2223462C
:1079F0006E4817F0B3F90424FEF76CBF05A8FAF738
:107A00002DF9BDF814204FF47A7101FB00212B46AB
:107A10006648862201E61E46FEF7B3BE06AF38462C
:107A2000FAF71CF94FF47A712346BDF8182001FBD0
:107A30000021614840F6231217F090F93846FAF712
:107A40000DF9BDF818304FF47A7101FB00310422B2
:107A50005A4817F083F9FFF7B3BB05A80392FAF76A
:107A6000FDF8BDF81440039A4FF47A7101FB004110
:107A70000823534817F072F9FEF7ABBD06AF38463E
:107A8000FAF7ECF8BDF818304FF47A7101FB0031C9
:107A9000414869E506AF3846FAF7E0F82B4622463A
:107AA000BDF818404FF47A7101FB00414548C3E727
:107AB0003A4801230DF1130240F6890113F00AF947
:107AC0000446002840F040819DF81310334841F0EF
:107AD00004018DF8131001230DF1130240F6890102
:107AE00013F0C0F80446002840F0208136480A22EE
:107AF0006CE706AF3846FAF7B1F84FF47A712B46C7
:107B000093E706AF3846FAF7A9F84B46C7E705A84A
:107B1000FAF7A4F8BDF814304FF47A7101FB003184
:107B20002548334640F2367288E505A8FAF796F8FC
:107B3000BDF814304FF47A7101FB0031164823462A
:107B4000F0E705A8FAF78AF8BDF814304FF47A7117
:107B500001FB003122461D4817F000F9D9E63846EE
:107B6000FAF77CF8BDF818304FF47A7101FB003158
:107B700014482A46012317F0F1F83846FAF76EF850
:107B8000BDF818304FF47A7101FB003104220B4824
:107B900017F0E4F8B9E500BF04A00308900D002039
:107BA0007F44E52D0008005880150020A89E03089A
:107BB00010170020B01500205CA00308F4A10308F2
:107BC0008CA7030890A10308E4160020E8A203088C
:107BD00006AF3846FAF742F8BDF818304FF47A711C
:107BE00001FB003169482B4640F62312C3E7AA4245
:107BF0003FF6D2AB82423FF6F2ACBA423FF672AEEB
:107C00000421FEF71DBB752381220325EAE4042924
:107C10003FF499AE6B236F220425E3E405A8FAF73D
:107C20001DF8BDF814304FF47A7101FB003157484C
:107C3000234640F68902FEF7CBBF06AF3846FAF777
:107C40000DF84FF47A712B46BDF8182001FB002186
:107C50004F48EFE606A8FAF701F8BDF818404FF4D0
:107C60007A7133464FF4E86201FB0041484817F04F
:107C700075F88EE406AF3846F9F7F0FF4FF47A71E5
:107C80002346E1E705A8F9F7E9FFBDF814404FF4F2
:107C90007A713B464FF4D862E6E705A8F9F7DEFFB4
:107CA000BDF814304FF47A7101FB00313848BFE75A
:107CB00006AF3846F9F7D2FFBDF818304FF47A71A5
:107CC00001FB003132488EE705A8F9F7C7FFBDF880
:107CD00014304FF47A7101FB0031082233462D48ED
:107CE00017F03CF811E506AF3846F9F7B7FF2A4B15
:107CF00053F82520BDF818304FF47A7101FB00319C
:107D0000264817F02BF8FFF76DB905A8F9F7A6FF7D
:107D1000BDF814204FF47A7101FB00212B461D4859
:107D2000822217F01BF8C8F80060EEE405A8F9F706
:107D300095FFBDF814304FF47A7101FB00311448FF
:107D4000234640F6890244E505A8F9F787FFBDF808
:107D500014304FF47A7101FB00310C48F0E7104BFE
:107D60009A423FF657AFFEF776BA06AF3846F9F7B4
:107D700075FFBDF81830E2784FF47A7101FB0031DD
:107D8000084816F0EBFF0023FEF702BF5CA00308D3
:107D900004A00308A89E0308E0BE0308D4B80308A3
:107DA0007F47A1190CA703082DE9F04F93B00546B2
:107DB0000E46BB4802230AAA122112F0CAFF30B1B4
:107DC000022810D00424204613B0BDE8F08F02230F
:107DD000B348BDF828800AAA194613F083F8044670
:107DE00030B10228EED10C24204613B0BDE8F08F4C
:107DF000AC4F322010F054FC3B68ADF83A40013BE8
:107E0000012B5DD998FA98F818F0010F1FFA88FB3A
:107E10005FD11BF0080F00F09D80DFF88C9299F87D
:107E20000030012B00F0BE803BF0080A48D01BF068
:107E300004080BD0DFF8709299F80030012B00F0A5
:107E40008B803AF0040A3BD04FF000081BF0800F03
:107E500000F09480DFF8509299F80030022B17D090
:107E60000B2634460EAD2846F9F7F8FE99F8003097
:107E7000BDF8385001933B680093014632464FF4F9
:107E80007A765B4606FB0151884816F067FF9AE751
:107E90002AF4C07ABAF1000F0FD00CAB0393184646
:107EA000F9F7DCFEBDF830204FF47A7101FB0021B8
:107EB00053467F485A4616F051FFB8F1000F3BD1A8
:107EC00000221146322010F037FB322010F066FB02
:107ED00079E74FF00108C7F80080F9F723FAF8B105
:107EE0006F488DF82C4043460BAA40F6231112F040
:107EF000F1FE8146002840F001819DF82C10684871
:107F000021F0060141F0020143468DF82C100BAA26
:107F100040F6231112F0A6FE8046002840F0C781EB
:107F20000020F9F7F9F98046002840F0C9804FF0A9
:107F300001083BF0010AB0D12A460EAD3346404657
:107F40002946FCF71FFB0028BAD0DFF85C91042615
:107F5000344688E7DA466AE7564B0493D3F85A303A
:107F6000102B00F0C781B3F5803F40F063813AF0F9
:107F7000040AA5D01BF080087FF472AF1BF0400FFD
:107F800006D03AF0420A40F07C814FF00508D3E772
:107F90001BF02003049300F0C1804FF00A083AF070
:107FA000200AC8E7EFF31083069372B61BF0020FA6
:107FB00040F01D813F49049191F825304A8C1A44C4
:107FC00091F82730A3F101030846B3FA83F35B0964
:107FD00091F8261002EBC30290F82830002918BF50
:107FE000013390F82910062957D8DFE801F05456DC
:107FF00004565456040002210B4402EBC302049BB6
:1080000099690DF12C0C4FF47A704B1E00FB023372
:108010004FF4FA626046B3FBF1F3CDF814C002FBF3
:1080200003F8F9F757FF0CAB0490039307E09DF8B2
:108030002710012900F20D829045C0F02E82012305
:108040000DF1270240F60301154812F043FE824667
:108050000398F9F73FFF049BDDE90B12C01A164B9A
:10806000521A03FB0022BAF1000FE0D00398F9F78F
:10807000F5FDBDF830204FF47A7101FB00210F4867
:10808000534640F6030216F069FE0424069B83F370
:1080900010882646E6E60121AEE70021ACE700BFE6
:1080A000900D0020C4160020C016002090BB0308CD
:1080B0002CBB0308CC16002040420F005CA0030834
:1080C0000CAB18460393F9F7C9FDBDF830304FF4F7
:1080D0007A7101FB00317D484246002316F03EFED6
:1080E0000398F9F7BBFDBDF830304FF47A7101FB0E
:1080F00000310422764816F031FE18E70CAB184622
:108100000393F9F7ABFDBDF830204FF47A7101FB12
:10811000002170484B4640F62312DFE71BF0020FA8
:1081200000F0B2804FF00109C7F80090F9F7FAF8B3
:1081300000B3049B8DF82C3067484B460BAA40F6E1
:10814000231112F0C7FD8046002840F030829DF8D0
:108150002C10614821F0060141F002018DF82C102D
:108160004B460BAA40F6231112F07CFD80460028F6
:1081700040F0BD820020F9F7CFF88046002840F09B
:108180003582DFF8589199F80080B8F1010F00F0BE
:10819000B481B8F1020F40F093810BAB1A460593FE
:1081A0004D484346132112F0D4FD8146002840F08B
:1081B00051829DF82C309DF82DC004934FF0030997
:1081C0000498059A02231321002840F0AA82B9F1ED
:1081D000010900F0CF81404812F0BBFD002840F0BB
:1081E00026839DF82C309DF82DC00493E8E73C4A87
:1081F00039480223214612F015FE8046002840F03F
:108200001981384A937802338DF82C30364BC2F8F6
:108210000330069B83F310881BF0040F2BF0080A31
:108220003FF414AE99F80030012B3FF495AE2BF0DB
:108230000C0A0BE60CAB4FF0000803931A46049BA4
:10824000B3F855100023080A60F30703C9B261F3BD
:108250000F2360F3174361F31F630C93002108237E
:108260000D911D48194612F03DFE002840F017817F
:108270003AF0040A7FF4EAADB8F1000F3FF420AE03
:108280005AE64FF0050808E60CA8F9F7E7FCBDF838
:1082900030304FF47A7101FB0031524613485B468F
:1082A00016F05CFDBAF1000F3FF407AEF5E50CAB3C
:1082B00018460393F9F7D2FCBDF830204FF47A71D9
:1082C00001FB002143460A4825E700BF90A10308AF
:1082D000F4A103085CA00308900D0020C016002044
:1082E000BD150020BC150020FECABAABB8BA030801
:1082F00004A00308C549C6480DF12C0C0123002237
:10830000A1F85A20A1F85C3062461521CDF814C0BE
:1083100012F01FFD8046002840F0E180BD4B1A6836
:108320009DF82C305B425B101AB1049991F95E20E4
:108330009B1A6FF07F029342B8BF1346B64AB74804
:108340005BB28DF84130D37016F022FFB44816F0BE
:108350001FFF0121082016F06BFD0121082016F0F7
:108360007DFDB04B00229A603B68012B40D033F07A
:10837000020300F08181F8F7D5FF00B300238DF8E8
:108380002C30A348059A012340F6231112F0A2FCD9
:108390008046002840F0C1829DF82C309C48059A08
:1083A00023F0060343F002038DF82C3040F623112E
:1083B000012312F057FC8046002840F09E820020E6
:1083C000F8F7AAFF0690002840F079824FF00108E4
:1083D0008F48059A8DF82C804346802112F082FD4B
:1083E000002840F0EB820A20F9F7EAFEC7F8008087
:1083F000049B8748B3F855200023110A61F3070353
:10840000D2B262F30F2361F3174362F31F630C933D
:108410000CAB19460393002208230D920A46194615
:1084200012F060FD8046002840F06F81039A4FF003
:10843000080804E70CAB03930398F9F70FFCBDF8A9
:1084400030204FF47A7101FB002143467648022226
:1084500019E6904521D3754A6D485146022312F022
:10846000E1FC80460028E7D1DFF8C481059A98F83E
:108470000230674802338DF82C3040F2BB61012393
:1084800012F0F0FB8246002840F02381694BC8F8C7
:108490000330069B83F31088C6E40824F6E50390B6
:1084A0000BA8F9F7DBFB039BBDF82C204FF47A7186
:1084B00001FB00216048082216F050FC0EAD46E595
:1084C0000CA8F9F7CBFBBDF8303099F800204FF439
:1084D0007A7101FB0031594816F040FCC0E40CA849
:1084E000F9F7BCFBBDF830304FF47A7101FB003175
:1084F0004246534816F032FCE0E74D4A4D4B1146D8
:10850000D2F803209A4246D10A46497892F802905E
:1085100006910023C2F803300B09039340F0FA8060
:10852000B9F1040F37D90BAB1A460593384802232B
:10853000132112F00EFC8046002840F000839DF8C5
:108540002CC09DF82D004FF00308059A022313213B
:10855000BCF1000F40F05182B8F101081BD02C484B
:1085600012F0F7FB002840F03B829DF82CC09DF8EC
:108570002D00EAE70CAB4FF0060803930398F9F7D8
:108580006DFBBDF830304FF47A7101FB00312D489E
:10859000424616F0E3FB204B00212AF0020A196044
:1085A0004FF00508BAF1000F3FF4C6AC75E40CAB10
:1085B00018460393F9F752FBBDF830204FF47A7157
:1085C00001FB00212048434640F6231216F0C6FB6B
:1085D0000398F9F743FBBDF830304FF47A7101FB93
:1085E00000310422194816F0B9FBCAE50CAB184655
:1085F0000393F9F733FBBDF830304FF47A7101FB88
:108600000031424612480023E0E700BFCC160020AC
:10861000900D0020C8160020B415002098150020E9
:1086200080150020541500200CB90308BD1500204A
:10863000BC150020FECABAABA89E03085CBA0308AA
:1086400048A1030868B903085CA00308F4A1030863
:1086500090A103080CAB18460393F9F7FFFA4A46BA
:10866000BDF830304FF47A7101FB0031C34816F089
:1086700075FB4FF0040881E7C14AD2F8903023F42B
:108680000043C2F89030F9F70AFA03900FF0EAFAC3
:10869000BC4B1B681A2101FB03F31B0D0521B1FB29
:1086A000F0F101FB03F3B64A506910F0020800F044
:1086B000D380CDE90613F9F7F2F9039B0699C01AA6
:1086C000814240F2BC80079B002B00F0B880013B48
:1086D000E9E70398F9F7C2FABDF830204FF47A7150
:1086E00001FB00215346A84840F2BB62CBE40CAB2F
:1086F00018460393F9F7B2FABDF830204FF47A71B7
:1087000001FB00214346A0485EE70598F9F7A6FA69
:108710004346C9E6039B012B7FF405AFB9F1020F75
:1087200000E7BDF81090994A994861464B4612F00F
:1087300079FB002840F0FF800CAB1A460393944865
:108740000323142112F005FB002858D19DF9312094
:108750009DF930308F489DF93210023292105B4201
:10876000002A4FEA63038DF84220B8BF9B180268C5
:10877000C1F100014FEA6101A8BF1BB21AB1864ADC
:1087800092F95E209B1A02686FF07F008342B8BFA7
:1087900003465BB2ADF840301AB17F4B93F95E30BF
:1087A000C91A6FF07F039942B8BF19468DF843107C
:1087B000059A7748012340F26B7112F08BFA00287A
:1087C00040F0CB809DF82C30049A13F0100F734BBF
:1087D0001A60734B09F1010908BF4FF0010803212A
:1087E000ADF83A902AF0020A8DF8448019704FF0E3
:1087F0000208BAF1000F3FF49FABFFF74EBB0490A5
:108800000598F9F72BFABDF82C10049A4FF47A78F2
:1088100008FB0011594816F0A1FA0398F9F71EFA5F
:10882000BDF83010042208FB00115E48B1E60CAB25
:10883000049018460393F9F711FA049A10E7504A86
:10884000D2F8903043F40043C2F89030082400235B
:108850003B602646FFF706BB4D4B4D4883F804802E
:10886000D2F8903043F40043C2F89030049B059A4C
:1088700093F85730002B14BF962394238DF82C3097
:1088800040F6AC01012312F0EDF9034600283FF455
:1088900072AD0CA80393F9F7E1F9BDF83020039B02
:1088A0004FF47A7101FB0021374840F6AC0216F014
:1088B00055FAC7F8008004242646FFF7D3BA0CAB5C
:1088C00018460393F9F7CAF9BDF83030069A4FF409
:1088D0007A7101FB00313448002316F03FFA039807
:1088E000F9F7BCF9BDF830304FF47A7101FB003173
:1088F00004222E4816F032FADDE70CAB184603933B
:10890000F9F7ACF9BDF830204FF47A7101FB002182
:108910001D48434640F62312DFE70CAB184603938D
:10892000F9F79CF9BDF830204FF47A7101FB002172
:1089300043461F48EEE70CAB059018460393F9F742
:108940008DF9BDF830C04FF47A7101FB00C1DDE94B
:108950000423184816F002FA8BE6002304900398CB
:108960008DF84430F9F77AF9BDF83030049A4FF4B5
:108970007A7101FB003110480BE600BF48A10308E3
:1089800000040058A009002004A00308BD15002021
:10899000900D0020C8160020CC160020B415002031
:1089A000BC150020B8B9030890A10308F4A103087E
:1089B0005CA003080CB9030804BA030803900CA8D0
:1089C000F9F74CF9BDF83020039B4FF47A7101FBA5
:1089D0000021A348802216F0C1F9069B3B606AE79C
:1089E00003900CA8F9F73AF9039ABDF830304FF428
:1089F0007A7101FB00319B48CBE509F10203634525
:108A00007FF4C9AD811C984A9848C9B24B4612F010
:108A100009FA8046002840F01481069B1B0700F1EC
:108A2000CE80039B002B00F08F80012B7FF4B3AD31
:108A3000B9F102001FD08E49002341F2210CDDF86C
:108A400010E011F8012F8EEA022204920822DDF8CC
:108A500010E01EF4004F4FEA4E0E1CBFDDF810E090
:108A60008CEA4E0E1FFA8EFE013ACDF810E0EED1E0
:108A700001339842E3D8DDF810800222A9EB02030B
:108A800099B204917A49013AD20011FA83F328FA93
:108A900002F113F8010FC9B28842A2F108027FF473
:108AA0007AAD12F1080FF2D10CAB1A4603936F485E
:108AB0000323142112F04DF9814600286DD16D4831
:108AC0009DF831209DF83230016852425B425210CD
:108AD0005B1019B1684991F95E10521A01686FF084
:108AE0007F008242B8BF02468DF8412019B1624A28
:108AF00092F95E209B1A6149049A0A606FF07F0127
:108B00008B42B8BF0B468DF84030594900238DF891
:108B1000423003230B70531C2AF0020AADF83A309E
:108B2000002A7FF464AE049BADF83A30BAF1000F2E
:108B30003FF42BAA03984FF00508FFF7B1B90CA832
:108B4000F9F78CF8424650E7B9F1040823D0039BAB
:108B50000C93B8F1030F27D94349C6464FF0FF33B2
:108B6000002290458ABF885C002000064340082010
:108B7000002B4FEA4303BFBF83F0986383F48E3327
:108B800083F4DB7383F001030138F1D101327245C4
:108B9000E7D16FEA0308042270E70598F9F75EF859
:108BA000BDF82C304A4622E70CAB2F4903934246CE
:108BB000184600F08CFF03994FF0040ECEE7DFF863
:108BC000B0C040F2FF102DE042EA1310520842EA12
:108BD000531251B24B004FEAC10E03F010030EF0D6
:108BE000200E43EA0E0343EAC113490101F040019C
:108BF0000B43C2F3C0110B43C2F3421101F0020157
:108C00000B43C2F3C40101F00401C2F3460202F0B7
:108C100008020B4313431CF8012F534008F10108CD
:108C20008CF8003080EA50135B0103F4F07343EAE0
:108C3000101383EA53125201C14502F4F072C3D8F3
:108C4000EFE60CA8F9F70AF8BDF830C04FF47A71D6
:108C500001FB00C143464A46094816F07FF89AE4F2
:108C6000A89E030848A10308BD150020900D002010
:108C7000BC150020C8160020CC160020B41500201A
:108C80000CB90308EFF3108272B6034BC3E903017A
:108C900082F31088002070475415002000B109B9F4
:108CA0000220704730B5154685B0EFF3108272B6DA
:108CB0000C4B1B6882F3108813B9092005B030BD36
:108CC000094B044658680028F7D00023CDE900413D
:108CD0001A466946029513F0C0FD00280CBF00201B
:108CE0000620EBE7C81600205415002010B51148E7
:108CF00082B04FF47A7116F09BFA50B90121082026
:108D000016F096F80121082002B0BDE8104016F0D8
:108D1000A5B804460DF10600F8F7A0FFBDF806302F
:108D200001464FF47A7C22460CFB0131024816F0D2
:108D300015F8E3E780150020E8A2030830B585B0F8
:108D400000224F4B4F480092114616F071F900284F
:108D50003FD100224C4B4D480092114616F068F965
:108D6000044658BBFCF73AFE0446A0B900942246DC
:108D70002146474B474816F05BF904460546002854
:108D800038D1454C6268002A4ED02168002963D052
:108D9000284605B030BD0DF10E00F8F75FFFBDF8B5
:108DA0000E3001463D484FF47A7505FB01312246ED
:108DB00015F0D4FF0425284605B030BD0DF10E0096
:108DC000F8F74CFF4FF47A750146BDF80E30344881
:108DD000EBE704460DF10E00F8F740FFBDF80E304A
:108DE00001464FF47A75224605FB01312D4815F0F6
:108DF000B5FFAEE70DF10E052846F8F72FFFBDF8D9
:108E00000E304FF47A71224601FB0031264815F0EE
:108E1000A5FF04242846F8F721FF4FF47A75014690
:108E2000BDF80E302148C0E70C210A2013F0D6FC13
:108E300060600028A9D10DF10E052846F8F70EFF55
:108E4000BDF80E3002461A484FF47A7101FB023128
:108E500015F084FF0E24DDE7164A174813F0B1F928
:108E60002060002894D10DF10E052846F8F7F6FE93
:108E7000BDF80E3002464FF47A711048E6E700BFA5
:108E800079480108981500207549010880150020CF
:108E9000FD3D010868150020541500206C440308AE
:108EA00038BC0308ECBB03087CBC03084CBD0308BA
:108EB000C0BC030854BF0308BD43010804BD030838
:108EC0004068401A7047000070B50D4684B00446F3
:108ED00028B30B2923D94668B6F5807F30D80C36E5
:108EE000B14250D1037A092B5BD0304615F0A4FC77
:108EF000039000285BD02146324600F0E8FD344A5A
:108F00000023106803A91A4613F0A7FC044638BBD7
:108F1000304B0221186813F095FA04B070BD03A815
:108F2000F8F79CFEBDF80C602B4A00954FF47A715F
:108F300001FB00612948234615F010FF04B070BD05
:108F400003A8F8F78BFEBDF80C5063684FF48072ED
:108F50004FF47A71009201FB00511F4A2048EBE761
:108F60000DF10A00F8F77AFEBDF80A501A4A4FF4DC
:108F70007A7101FB005123461A4815F0EFFE039861
:108F800015F0D2FCDAE703A8F8F768FEBDF80C404C
:108F9000114A00964FF47A7101FB00412B461248AA
:108FA000CAE70C4B0421186813F04CFA9DE70DF149
:108FB0000A00F8F753FEBDF80A40039B064A4FF437
:108FC0007A7101FB0041094815F0C8FEB6E700BF01
:108FD000501700204C17002048C0030890BD03081C
:108FE000C0BD030868BE030800BE030838BE0308FE
:108FF00073B58668B6F5807F04463CD81F4D0421C2
:10900000286813F050FA201D002206F10C01FFF72A
:1090100045FE044690B10DF10600F8F71FFEBDF8BD
:109020000650174A4FF47A71234601FB0051154848
:1090300015F094FE0B24204602B070BD024642F2A9
:1090400010732868042113F059FA051EF3DA0DF1A4
:109050000600F8F703FEBDF80640094A4FF47A719E
:1090600001FB00412B46084815F078FE023514BF7D
:109070000C241924DFE70124DDE700BF4C17002092
:109080001AC0030848450308934503082DE9FF4724
:109090009A4D00231A46286803A913F016FCC31C36
:1090A000044600F0288198B10DF10A00F8F7D6FDCA
:1090B000BDF80A50924A4FF47A7101FB00512346E1
:1090C000904815F04BFE4FF0FF3004B0BDE8F0873C
:1090D000286813F030FC06460398077A7A1E0A2A9D
:1090E00000F2FA80DFE812F00B00B100F800F8009F
:1090F000F800F800DF00F800B9007B007B0090F971
:109100000980814F0DF10A00F8F7A8FD3B78BDF802
:109110000A107B4ACDF800804FF47A745BB204FBEE
:1091200000117A4815F01AFE3B78012B17D10DF18A
:109130000A00F8F793FDBDF80A10DFF8D491704AE1
:1091400004FB0011734815F009FED9F8000008F07F
:1091500059FC044654B9704B9B6803B1984787F893
:109160000080039815F0E0FB3046AEE7204608F09B
:10917000D0FC21460546D9F8000008F049FC044619
:10918000F5B1D5F800A0BAF1000F09D00023686846
:109190001A464FF0FF31D047284615F0C5FBD9E7F6
:1091A0000DF10A00F8F75AFDBDF80AC06B685B4A7A
:1091B0004FF47A7101FB00C1594815F0CFFDEBE780
:1091C0000DF10A00F8F74AFDBDF80A30534A4FF492
:1091D0007A7101FB0031534815F0C0FDDCE7DFF880
:1091E00030810168504AD8F8000008F061FC05465B
:1091F000D0B108F08EFC29460446D8F8000008F0EB
:1092000007FC8CB125684DB1039A536853B10C32F9
:10921000B7F10A01606818BF0121A847204615F080
:1092200083FB9EE71A46F3E70DF10A00F8F716FDF7
:10923000BDF80A40039B324A1B684FF47A7101FB68
:1092400000413A4815F08AFD8BE7334A1268002A3C
:1092500087D041680C30904783E72D4F0168324A30
:10926000386808F025FC054600283FF47AAF08F07E
:1092700050FC03680446002B7FF473AF0DF10A0025
:10928000F8F7ECFCBDF80AC0039B1D4A1B684FF4BD
:109290007A7101FB00C1264815F060FD3868294647
:1092A00008F0B6FBBAE71C4A5268002A3FF459AFEF
:1092B000416871B90DF10A00F8F7D0FCBDF80A4019
:1092C000039B0F4A5B684FF47A7101FB0041194818
:1092D000B8E7007B904744E70DF10A00F8F7BEFCC1
:1092E000BDF80A40039B064A1B7A4FF47A7101FBD2
:1092F00000411148A6E70020E7E600BF5017002014
:1093000005C00308D84503081808002006460308CE
:10931000441700204946030834170020F0BF030813
:1093200086460308BD460308C18E0108F1460308BE
:109330004647030884470308C947030807B50DF1EA
:109340000600F8F78BFCBDF80630054A4FF47A7139
:1093500001FB0031034815F001FD12F081FF00BF51
:10936000CFBF0308F84703082DE9F04F89B004A8E0
:10937000F8F774FCBDF81030DFF80082804E4FF42F
:109380007A7101FB00317F4815F0E8FC10220021C2
:109390000DEB020016F0D6FA4FF4FA65D8F800008B
:1093A0002B460022022113F0A9F8041E48DAA51C5E
:1093B0000FD003A8F8F752FCBDF80C50724A4FF4D6
:1093C0007A7101FB00517148234615F0C7FCFFF785
:1093D000B5FF337804A8FF2B42F2107508BF4FF495
:1093E000FA65FFF705FE044668B103A8F8F736FCF6
:1093F000BDF80C70644A4FF47A7101FB007123468A
:10940000634815F0ABFC3378012BC7D1D8F80000C6
:109410004FF0FF330022032113F070F8061E23DA09
:109420000236F3D003A8F8F719FCBDF80C30564A01
:109430004FF47A7101FB0031564815F08FFCC6E7F6
:10944000A007E0D5FFF722FE041EFBDCDBD003A85B
:10945000F8F704FCBDF80C504B4A4FF47A7101FB4D
:10946000005123464C48B0E70024DFF83091DFF884
:1094700030A12546B10702D5FFF708FE0546F207E1
:109480001BD500231A46D9F8000003A913F01DFAD2
:10949000C31C044670D038B30DF10A00F8F7DEFBA8
:1094A000BDF80A703F4A4FF47A71234601FB007100
:1094B0003D4815F053FC4FF0FF34002DDADC002C52
:1094C000D8DC55EA0403A1D003A8F8F7C7FBBDF820
:1094D0000C602D4A00944FF47A7101FB00612B4619
:1094E000324815F03BFC72E7D9F8000013F023FA7C
:1094F00004460398FFF77CFD0746D8B10DF10A003A
:10950000F8F7ACFBBDF80AC0264A4FF47A7101FBAC
:1095100000C13B46264815F021FC0398D0F800B066
:10952000BBF1000F04D0002340681A463946D847E3
:1095300003981EE003990B68D3B1DAF8000008F035
:109540009AFA0746DAF8000008F0AFFA002FB4D113
:109550000DF10A00F8F782FBBDF80A30114A4FF40A
:109560007A7101FB0031134815F0F8FB0227D4E7AC
:10957000084615F0D9F9A0E700249EE74C17002013
:1095800018080020234803082DC003086A48030870
:10959000A148030831490308E34803085417002091
:1095A00044170020DABF030862490308144A03087D
:1095B0009A490308D14903082DE9F043DFF80C81EB
:1095C00087B01F46D8F8003003900E46154623B1E9
:1095D000DFF8FC90D9F8000068B905A8F8F73EFB61
:1095E000BDF814303B4A4FF47A7101FB00313A4820
:1095F00015F0B4FB13E0B2F5807F15D905A8F8F794
:109600002DFBBDF81440334A4FF480734FF47A7148
:10961000009301FB00412B46304815F09FFB0024CE
:10962000204607B0BDE8F0834FF0FF3112F0D1FFC4
:109630002B4AD9F80000146801340ABF01232346DD
:109640001C46136012F0EAFF05F1100015F0F4F863
:10965000059060B90DF11200F8F700FBBDF812306B
:109660001C4A4FF47A7101FB00311E48C0E7039B8E
:109670000760C0E90145C3602EB125B12A463146D5
:10968000103016F001FA0023D8F800001A4605A998
:1096900013F0E3F8054690B10DF11200F8F7DEFA89
:1096A000BDF812400B4A4FF47A7101FB00412B4682
:1096B0000D4815F053FB059815F036F9AFE70B4B45
:1096C0000121186812F0BEFEAAE700BF541700205F
:1096D0004817002098BF03084B4A03087A4A03083A
:1096E00040170020B04A0308D64A03084C17002050
:1096F00030B500208BB012F08FFE504B186080B94F
:1097000001A8F8F7ABFABDF804304D4A4FF47A716E
:1097100001FB00314B4815F021FB062420460BB01D
:1097200030BD00220421052013F058F8464B186084
:1097300058B901A8F8F792FABDF80430404A4FF43E
:109740007A7101FB00314148E5E700220421052040
:1097500013F044F83E4B186058B901A8F8F77EFAA8
:10976000BDF80430364A4FF47A7101FB00313948B4
:10977000D1E708F070F9384B186058B901A8F8F72C
:109780006DFABDF804302E4A4FF47A7101FB0031B6
:109790003248C0E7002012F0E5FE314B186058B99E
:1097A00001A8F8F75BFABDF80430254A4FF47A7146
:1097B00001FB00312B48AEE720242246002102A8FD
:1097C00016F0C0F8284B019328484FF4006301AA13
:1097D0000021CDE9063412F0F4FC60B90DF102006D
:1097E000F8F73CFABDF80230154A4FF47A7101FBE4
:1097F00000311F488FE71F480021FFF743FA044656
:109800000DF102006CB1F8F729FABDF802500C4ACC
:109810004FF47A7101FB00512346174815F09EFA68
:109820007CE7F8F71BFABDF802304FF47A7101FBC0
:109830000031124815F092FA70E700BF4C17002073
:109840005EC003080E4B0308541700203D4B03086D
:1098500050170020724B030844170020A64B030842
:1098600048170020D64B0308004C030869930108F1
:10987000094C0308C98E0108344C0308704C0308D6
:1098800038B5084D04464FF0FF31286812F0A1FEAC
:1098900094E80700044B83E807002868BDE83840D7
:1098A00012F0BCBE481700203417002037B50C4614
:1098B0001D460146069B90B18CB183B18DF8052001
:1098C000032000228DF807208DF804008DF8065043
:1098D0000198224603B0BDE83040FFF76DBE01A8F5
:1098E000F8F7BCF9BDF80430054A4FF47A7101FB72
:1098F0000031044815F032FA002003B030BD00BF3B
:10990000B3BF0308A54C03081FB50822CDE9020127
:1099100000230DEB02010620FFF74EFE05B000BD4F
:1099200007B500230090042269460820FFF744FE93
:1099300003B000BD002282B003461146042002B0ED
:10994000FFF73ABE002282B0034611460C2002B057
:10995000FFF732BE07B50B460090042269460D2082
:10996000FFF72AFE03B000BD82B013460A46014647
:109970000E2002B0FFF720BE07B50B460090042270
:1099800069460F20FFF718FE03B000BD13B513465C
:109990000C46014640B13CB110202246019002B075
:1099A000BDE81040FFF708BE01A8F8F757F9BDF869
:1099B0000430054A4FF47A7101FB0031034815F079
:1099C000CDF9002002B010BD78BF0308A54C0308F4
:1099D00007B50B460090042269461120FFF7ECFD05
:1099E00003B000BD82B0014600230522132002B05F
:1099F000FFF7E2BD07B500220346ADF80020694637
:109A000002221420FFF7D8FD03B000BD07B50346BE
:109A1000022269461420ADF80020FFF7CDFD03B007
:109A200000BD07B501238DF800308DF8010000233B
:109A3000022269461420FFF7BFFD03B000BD07B541
:109A400003220346ADF80020694602221420FFF7E6
:109A5000B3FD03B000BD82B000220B4612218DF889
:109A60000410ADF806208DF805000198114602B0EB
:109A7000FFF7A2BD002382B01A461946162002B095
:109A8000FFF79ABD002282B003461146172002B0AC
:109A9000FFF792BD1FB501238DF80830CDF80900FE
:109AA0000023052202A91820FFF786FD05B000BD9E
:109AB00082B0002319228DF80420ADF806308DF80D
:109AC000050001981A46194602B0FFF775BD032A32
:109AD0003DD90B6870B5036000F00303C3F10404C3
:109AE0002144043A1A448B0720440CD122F003038A
:109AF0000C1FC518A84204D054F8046F40F8046B3A
:109B0000F8E719440FE0044613468E18032BA6EB22
:109B1000030504D92D6844F8045B043BF6E722F002
:109B200003031944184402F00302022A08D0032A4E
:109B300002D0012A08D009E011F8013B00F8013BEE
:109B400011F8013B00F8013B0B78037070BD022A4D
:109B500008D0032A02D0012A08D0704711F8013B2F
:109B600000F8013B11F8013B00F8013B0B78037052
:109B70007047032A22D930B54FF0013300F00304B7
:109B8000043AC4F104054B432244036022F0030469
:109B900028440444A04202D040F8043BFAE702F013
:109BA0000302022A06D0032A02D0012A04D004E0CC
:109BB00000F8011B00F8011B017030BD022A06D01D
:109BC000032A02D0012A04D0704700F8011B00F8D4
:109BD000011B017070470000032A10B4034614D91A
:109BE0000C68D0F800C0A44518D010BC7047D1F85C
:109BF00000C01C6864451846A2F1040203F1040386
:109C000001F10401F1D1032AF1D8022A27D0032A55
:109C10001FD0012A29D0002010BC704700F003009B
:109C2000C0F104042144043A0244880723448C46CA
:109C3000E9D1032A02D8E8E7032A21D91C685CF895
:109C4000041B8C421846A2F1040203F10403F3D072
:109C5000CBE718780A7890420FD101330131187898
:109C60000A78904209D1013301311C780A78944274
:109C700014BF1846002010BC7047184610BC70472F
:109C80006146C2E7FEE700001E491F4A4AF6552317
:109C9000CAF65523914202DA41F8043BFAE71B4920
:109CA0001B4A4BF6EF63CDF6AD63914202DA41F801
:109CB000043BFAE71749184A45F2AA53C5F2AA53DA
:109CC000914202DA41F8043BFAE7144885460DF068
:109CD0005FFF13481349144A002302E0D458C450CC
:109CE0000433C4188C42F9D3104A114C002301E00C
:109CF00013600432A242FBD315F0A0FEF7F7A0FADE
:109D0000FEE70000000000200008002000080020FE
:109D10001008002090AD002000FC0020000800206A
:109D200010080020000A0020E8D80308300A0020AC
:109D300090AD002008B5002012F014FC014B186013
:109D400008BD00BF581700202DE9F341012009F09C
:109D500059FC524D524E0446D8B10DF10600F7F7AA
:109D60007DFFBDF806304F4A4FF47A7101FB003198
:109D70004D4814F0F3FF28684FF0FF3112F029FC32
:109D800001242868347012F049FC204602B0BDE876
:109D9000F08105F061FD012873D0032005F06EFD10
:109DA0004FF400614FF090400FF0E8F84FF480510D
:109DB00004464FF090400FF0E1F8012C4AD0022009
:109DC0003A4C05F05BFD0121084609F0E9FB012151
:109DD000206807F023FC206805F012F95621804620
:109DE000206802F0E3FF00210746012009F0D8FBBC
:109DF0002068002107F012FCB8F1000F4AD0002FB4
:109E000048D0042005F03AFD4FF400614FF0904037
:109E10000FF0B4F84FF4805104464FF090400FF02B
:109E2000ADF8012C14D1012812D1052005F026FD32
:109E30004FF400614FF090400FF0A0F84FF48051C4
:109E400004464FF090400FF099F80443E4B21CB37D
:109E5000012416E00128B2D1052005F00FFD4FF4D2
:109E600000614FF090400FF089F84FF480510446A4
:109E70004FF090400FF082F8012CA0D101289ED124
:109E80000424002005F0FAFC28684FF0FF3112F09E
:109E9000A0FB76E70224F4E70324F2E7581700203A
:109EA0005C1700207AC00308D54C03087C0800200A
:109EB00038B5064C4FF0FF31206812F08AFB044B96
:109EC00020681D7812F0AAFB284638BD58170020DC
:109ED0005C1700202DE9F04FA94C8BB000254FF006
:109EE000FF373A4600210F2012F037FA064612F0EB
:109EF00059F9002E03901DDAB11C00F03C8106A830
:109F0000F7F7ACFEBDF818109E4A4FF47A7404FBC4
:109F1000001133469C4814F021FF06A8F7F79EFE77
:109F2000BDF81810974A04FB0011984814F016FF6A
:109F300012F096F9320740F11F81002D60D106A87A
:109F4000F7F78CFEBDF81810914F4FF47A7A0AFBA0
:109F50000011904814F002FF4FF0FF31206812F01A
:109F600038FB08A815F034F8089B049307F0D4FDDB
:109F7000814601F0F7FBBB8A002B39D03A687B6839
:109F80000499A9EB020BA1EB0308C34513D0ABEB7B
:109F900008031A443A6006A80593F7F75FFE059B8D
:109FA000BDF81810CDE900530AFB001143467A486A
:109FB0005A4614F0D3FEBA68FB680499A9EB020B69
:109FC000A1EB0308C34513D0ABEB08031A44BA60F6
:109FD00006A80593F7F742FE059BBDF81810CDE9DA
:109FE00000530AFB001143466C485A4614F0B6FE73
:109FF0000135112D07F11C07BDD1206812F00EFBB1
:10A0000020684FF0FF3112F0E4FAB3070DD506A82F
:10A01000F7F724FEBDF818304FF47A7101FB0031D8
:10A020005F4814F09BFE01F09DFB5E4B77071B78A9
:10A0300040F1C6809BB95C4B1B68002B00F0C380CD
:10A0400006A8F7F70BFEBDF818304FF47A7101FB44
:10A050000031564814F082FE524A012313702068E2
:10A06000534F12F0DBFA20684FF0FF3112F0B1FAD3
:10A070003B680025012202FA05F913EA090600F0FF
:10A08000EF80DFF80CA1484B1C266E4319680AEBE1
:10A09000060B09EA0101BBF8143000930039DBF824
:10A0A00008305AF8062018BF0121284605F0C7FCE1
:10A0B0008046002840F0DC8006A8F7F7CFFDBDF809
:10A0C00018303C4A4FF47A7101FB00313A4814F0E1
:10A0D00045FE206812F0A2FA0C2620684FF0FF31EE
:10A0E00012F077FA002E00F0238106A8F7F7B6FDEC
:10A0F000BDF81850234A4FF47A7101FB00513346E2
:10A100002E4814F02BFE4EF66027264B1D78002DAE
:10A1100040F0158101F0BCFB234B1D4AD3F800C071
:10A120004FF0FF362B464FF001094FF47A7E09FAC3
:10A1300003F111EA0C0F0FD0017889070CD0B0F8A9
:10A1400004801169039D0EFB08118D422CBF002174
:10A15000491B8E4228BF0E460133112B00F1060029
:10A1600002F11C02E3D1206812F058FAB74228BF6E
:10A1700037460125B5E60026002D7FF441AFB0E655
:10A1800068170020E9C00308124D03084C4D03086E
:10A190006C170020724D0308A24D0308F24D03080E
:10A1A000434E03085D1700204C1900208F4E030812
:10A1B00048190020CFC00308DA4E0308AB4F03084C
:10A1C000002B7FF44CAF01F063FB5E4B5E4DDDF87E
:10A1D0000CC0D3F800800146112300224FF0010982
:10A1E0004FF47A7A09FA02F616EA080F15D00E78BB
:10A1F000B60712D02E69B1F804E0039FBF1BB7FB6E
:10A20000FAF7774509D3BEF1000F06D0B44588BFF1
:10A21000B446039E2E6188BFD3B20132112A05F1E4
:10A220001C0501F10601DDD1112B3FF418AF062208
:10A230005343C218C35CC3F3400103F001038DF81C
:10A24000193093788DF81A3002238DF81B3053782B
:10A250008DF8181006A88DF81C30FFF7C3FBFEE63A
:10A260000135112D7FF407AF206812F0D7F934E7DC
:10A270009BF81B20A2B106F11601514405F014FC15
:10A28000064668B106A8F7F7E9FCBDF818C02F4AE2
:10A290004FF47A7101FB00C133462D4814F05EFD86
:10A2A0002C4940460DF0F6FA064688B106A8F7F7A5
:10A2B000D5FCBDF81850254A4FF47A7101FB0051C6
:10A2C0003346254814F04AFD404605F06DFBCBE7C8
:10A2D0003B68206823EA09033B6012F09FF91F4B9B
:10A2E0004FF0FF31186812F00AFA0646404605F0B2
:10A2F0005BFB20684FF0FF3112F06BF91EB9184B71
:10A300001E78002EB0D006A8F7F7A8FCBDF818C03C
:10A310000E4A0C264FF47A712B4601FB00C10096C1
:10A32000104814F01BFD3B6843EA09033B609BE7C0
:10A330003B68002B7FF4E7AE4FF0FF37E5E64FF0C8
:10A34000FF3610E74C1900206C170020CFC003081F
:10A350000D4F030869A30108454F0308601700204B
:10A360005E170020744F0308024B1870024B1868E8
:10A3700012F0F7B95E170020601700202DE9F04FAA
:10A38000102805468DB0884617469A464FF00100C2
:10A390000ED881420CD8DFF89491D9F8003000FA39
:10A3A00005F42340003B18BF01238B4203D100205A
:10A3B0000DB0BDE8F08FB2FA82F2BAFA8AF3520910
:10A3C0005B099A420FD008A8F7F748FCBDF8206057
:10A3D000574ACDF800A04FF47A7101FB00613B466B
:10A3E000544814F0BBFC544E1C2101FB0561002FA6
:10A3F00070D0BAF1000F6DD00522163108A800F018
:10A4000063FA3B1D4FF0000B0393039B57F83B107F
:10A4100013F83B2008A800F063FA002855D00390F9
:10A4200006A8F7F71BFCBDF81870039B404A4FF4D1
:10A430007A7101FB0071414814F090FC08A800F00B
:10A440005AFA1C2303FB0563D876B8F1010F3C4F81
:10A4500043D14FF01C0BD9F800300BFB05FB06EB8A
:10A460000B0A2343C9F80030BAF814300133AAF8B4
:10A47000143007F051FB46F80B0006A814F0A8FDB5
:10A48000069B56F80B20CAF80430CAE902230DF1E6
:10A490001600F7F7E3FB3B78BDF816600193D9F897
:10A4A000003000934FF47A7101FB006143462A4665
:10A4B000244814F053FC244A136823431360234BAD
:10A4C0000121186811F0EBFE71E70BF1010BDA4581
:10A4D0009BD1B3E70023CB76B7E707F01DFB1C2326
:10A4E00003FB0566B06008A814F072FD089BF360DA
:10A4F000D9F8006026EA0406C9F80060002EC6D12B
:10A50000134B069306A88DF81C60FFF76BFA0DF14C
:10A510001600F7F7A3FBBDF816304FF47A7101FB74
:10A5200000310C4814F01AFC3E70B0E74C190020C2
:10A53000ADC00308E24F03086C1700202950030840
:10A540005D170020A150030848190020641700205F
:10A55000010100025F50030810B5174B1748002493
:10A560008AB01C60164B1C60164B21464FF4EE72ED
:10A570001C7015F0E7F9204611F0F4FF124B22464B
:10A5800018602146012012F06BF8104B214618602C
:10A59000202202A815F0D6F90D4B01934FF4C062AA
:10A5A0001823CDE90623214601AA0A4811F009FE25
:10A5B000094B18600AB010BD4C1900206C17002020
:10A5C000481900205E17002068170020601700203F
:10A5D000F4500308D59E010864170020024B08219F
:10A5E000186811F05CBE00BF641700202DE9F0412F
:10A5F000DFF8308004460D4616461F46D8F80000A6
:10A600004FF0FF3111F0E5FF3B4632462946204628
:10A61000FFF7B4FE0446D8F8000011F0FFFF204613
:10A62000BDE8F0816817002070B50A4E04460D465B
:10A6300030684FF0FF3111F0CCFF00231A46294655
:10A640002046FFF79BFE0446306811F0E7FF2046E6
:10A6500070BD00BF68170020102873B5054612D9D9
:10A660000DF10600F7F7FAFABDF806400F4A4FF46D
:10A670007A7101FB00412B460D4814F06FFB00245A
:10A68000204602B070BD0B4E4FF0FF31306811F024
:10A69000A0FF094B30681B680124AC401C40003C03
:10A6A00018BF012411F0BAFFEAE700BF95C0030804
:10A6B000F7500308681700204C19002038B5084DE2
:10A6C0004FF0FF31286811F084FF064B28681C68A2
:10A6D000003C18BF012411F0A1FF204638BD00BF87
:10A6E000681700204C190020024B0421186811F053
:10A6F000D6BD00BF641700202DE9F043002833D0F9
:10A7000003688BB381B37AB343688468D518A542D4
:10A710002CD8DF08002503F007034FF0010EEE08E8
:10A7200004688E5D05F0070904EB070846FA09F690
:10A73000E45DF6070EFA03FC48BF44EA0C0403F19B
:10A7400001034CBFE4B224EA0C040135082B04BF1A
:10A7500001370023AA4288F80040E0D1436813443F
:10A7600043600020BDE8F0830120FBE70320F9E708
:10A7700038B5054668B1102014F0F4FF044640B126
:10A780000121284614F0D2FF206028B9204614F099
:10A79000F1FF0024204638BD0023ED00C4E9025338
:10A7A0006360F7E770B50C46054668B171B10846BD
:10A7B000FFF7DEFF064630B1224600682946E40076
:10A7C00015F062F974603546284670BD0D46FBE70A
:10A7D00010B5044638B1006814F0CCFF2046BDE83F
:10A7E000104014F0C7BF10BD00B14068704710B1F1
:10A7F00040680730C008704700B18068704710B1EA
:10A8000080680730C008704708B1FFF775BF0120A6
:10A81000704707B5CDE90023049A402A04D8694659
:10A82000FFF7F2FF03B000BD0120FBE700B10068B5
:10A83000704708B558B100214160C1600368FFF757
:10A84000DEFF02461846BDE8084015F07BB808BD9B
:10A8500028B143688B4202D3C160002070470120B9
:10A86000704700B1C0687047F0B548B341B33AB320
:10A87000C36844689D18A54224D8DE08002503F06B
:10A88000070315F0070708BF0F700468A45D1C419B
:10A8900004F00104BC400F780133082B44EA07049C
:10A8A00005F101050C7004BF013600236C0708BFD9
:10A8B00001319542E5D1C3682B44C3600020F0BD4F
:10A8C0000120FCE70320FAE7034610B40846D40051
:10A8D00019600021C3E90241596010BC15F032B87B
:10A8E00007B5202A019104D801A9FFF705FF03B09D
:10A8F00000BD0120FBE700B14068704770B50F4A0A
:10A900000024014603252046537C53B11368994225
:10A910000CD35668334499420DD9002340B1A34269
:10A9200006D3013D02F11402EED170BD5B1AF5E7CA
:10A930001C461046F5E71046F7E700BF5019002007
:10A9400007B50DF10600F7F789F9BDF806304FF4A9
:10A950007A7101FB0031034803B05DF804EB14F099
:10A96000FDB900BF2A5103082B4BF7B51A7832B155
:10A9700000201870294B1860294B1B68984701F07C
:10A9800081FB0DF10600F7F769F9BDF806404FF4B9
:10A990007A7303FB004401F01FFC21460246214864
:10A9A00014F0DCF901F0D8FB044607F0B5F83C23BD
:10A9B000B0FBF3F54FF4B46320461B4CB5FBF3F644
:10A9C00000F11E075E434FF0000C837923748288E8
:10A9D0000389C4F80CC06260A3600378003B18BF11
:10A9E0000123637443883344B3F5B46F0DD3A2F5E8
:10A9F000B46119448D4208D8A3F5B4630A30B84253
:10AA000044F8143BE1D103B0F0BD1A44954288BF2D
:10AA100003F5B463F2E700BF9819002094190020F1
:10AA2000901900208D510308501900202DE9F043A2
:10AA300085B0FFF799FF00274FF47A7607F06CF89E
:10AA40003C23B0FBF3F52846FFF758FF04460028E7
:10AA50005DD003689D425AD3426803EB0208454526
:10AA60008CBF4FF000084FF001080DF10E00F7F712
:10AA7000F5F8BDF80E10CDF800804FF4B46306FB76
:10AA80000011B5FBF3F2494803FB12532A4614F0B8
:10AA900065F9474B1A78904568D083F80080454B9C
:10AAA00040461B6898474449B8F1000F32D00C600B
:10AAB000002C51D14FF0FF340DF10E00F7F7CEF816
:10AAC000BDF80E104EF6602206FB0011B4FBF2F248
:10AAD0003A4814F043F922460021012011F03DFCD0
:10AAE000041E4EDAE31C012BA8D90DF10E00F7F776
:10AAF000B5F8BDF80E10224606FB0011304814F0E0
:10AB00002DF92C4B00201B68984711F0A9FB4FF042
:10AB10000008AAE70B68002B44D0DA689868013275
:10AB2000DA601A68024402F5B4621A601A7C2AB12B
:10AB3000013AD2B21A740AB983F8118028460F601C
:10AB4000FFF7DCFE04460028B4D003689D4212D310
:10AB5000426813449D420ED822686468C5F101031F
:10AB600013441C444EF660235C43A5E7002CA1D09F
:10AB7000B8F1000FF0D12468A54234BF641B002453
:10AB8000F0E7E3077FF55AAF0DF10E00F7F766F82F
:10AB9000BDF80E1006FB00110A4814F0DFF8FFF7AD
:10ABA000E3FE49E7002CE6D184E700BFB951030872
:10ABB00098190020901900209419002007520308CA
:10ABC0004A5203088452030800B50E4B002814BFF4
:10ABD00002461A460C4B8BB000211A6002A82022B4
:10ABE00014F0B0FE094B01934FF440721823CDE9E5
:10ABF0000623002101AA064811F0E3FA054B18606C
:10AC00000BB000BD41A9010890190020B4580308F9
:10AC10002DAA01088C190020024B0121186811F09F
:10AC20003EBB00BF8C190020014B1878704700BF55
:10AC300098190020024B0221186811F030BB00BFA8
:10AC40008C1A00202DE9FF4104465648EEF7A2F881
:10AC50000DF10E07054668B13846F6F7FFFFBDF85F
:10AC60000E60514A4FF47A7101FB00612B464F4848
:10AC700014F074F84E4D4F4B2C70012C00F0858071
:10AC8000002C40F088804C4A4C491A6040F22A223D
:10AC90004B4814F0F9FE4FF4805300934849494B58
:10ACA000404840F22A22EEF799F8044668B1384647
:10ACB000F6F7D4FFBDF80E603B4A4FF47A7101FB02
:10ACC00000612346404814F049F8404C2B78082294
:10ACD0008DF80E20227509222277012284F8242083
:10ACE0000F2284F83420022284F83C20032284F8C6
:10ACF00044200422012B4FF0070184F84C204FF030
:10AD00000C0214BF324D334D21714FF00E08062155
:10AD100084F854200D261522012B25602173A5608F
:10AD20002561A561256284F82C80A5622563A56351
:10AD30002564A564256584F85C60A56584F86420B5
:10AD400025662AD122492846F5F768F928B31F233A
:10AD500084F86C30A56642461F4B1C491148009789
:10AD6000EEF720F80446D0B13846F6F777FFBDF885
:10AD70000E500D4A4FF47A7101FB005117482346DB
:10AD800004B0BDE8F04113F0E9BF154A1A60154957
:10AD900040F22A227CE70022F8E73246DCE704B0E2
:10ADA000BDE8F081742E002064C50308BC5203087E
:10ADB00019080020702E00208D97EE3EFFC003087A
:10ADC000902A0020901A0020EE5203081C1A00203E
:10ADD0007E735A3B3BAAAA3EDC1900202D53030880
:10ADE0008716193E29C303082DE9F04F924B1B68C3
:10ADF00095B07BB90DF14E00F6F730FFBDF84E303F
:10AE00008E4A4FF47A7101FB00318D4813F0A6FF92
:10AE100011F026FA00F012FE037A044693B1C368DB
:10AE200088484FF47A71594314F030FA854814F089
:10AE300063FA10B9834814F035F9834B022118687E
:10AE400011F02DFA204600F025FE4FF0FF320021D0
:10AE5000072011F082FA051E11DAAA1CF5D00DF1B7
:10AE60004E00F6F7FBFEBDF84E40744A4FF47A717F
:10AE700001FB00412B46754813F070FFC8E76B07D4
:10AE80001AD500F06DFD00F0D9FD04466D4814F0B0
:10AE90007FF9237A002BD5D06B4B0221186811F073
:10AEA000FEF9E36867484FF47A71594314F0EEF9FC
:10AEB000644814F0F7F8C5E7AF0740F1998063687C
:10AEC00009932578637808930DF14E00F6F7C6FED6
:10AED000BDF84E60089B00934FF47A71099B2A4697
:10AEE00001FB00615A4813F039FF2846594DFFF71E
:10AEF000A9FE4FF0FF31286811F06BFB18220021EA
:10AF0000554814F01FFD00214022544814F01AFD4A
:10AF1000534B286801221A6011F080FB11F042F9AE
:10AF200010904D4B089A1B7C934229D211F03AF9AC
:10AF3000109BC01A099B4FF47A78B0FBF8F083425B
:10AF40001ED9464E474A96F83E30137011F02AF942
:10AF5000454D0096A0FB05A5524644482B46EDF70B
:10AF600069FF071E80F290800DF14E00F6F776FE25
:10AF7000BDF84E103A4608FB00113D4813F0EEFEB6
:10AF8000354D344E0DF14E00F6F768FEEB7C05931F
:10AF9000EB680493AB7C0393AB6802936B7C0193E7
:10AFA0006B68BDF84E1000934FF47A772B7C2A68BB
:10AFB00007FB00112F4813F0D1FE4FF0FF3130682E
:10AFC00011F007FB11F0EEF8B0FBF7F068613068A4
:10AFD00011F024FB284605F0C0FC002105460CF0CA
:10AFE00059FC002800F0D182284604F0DDFCCCE2B8
:10AFF000EE0711D5174E4FF0FF31306811F0E9FA26
:10B000001D4B30681B6809931C4B1B7808931C4B25
:10B010001D7811F003FB57E70DF14E00F6F71EFE09
:10B02000BDF84E60054A4FF47A7101FB00612B4672
:10B03000144813F093FE08E7A03B002085C50308E1
:10B0400069530308A01900208C1A0020BB53030881
:10B050002D540308D8190020B8190020302E0020E4
:10B060009C1900203E3B002040420F00742E00201F
:10B07000795403080C550308D4190020D119002075
:10B08000D0190020F85303080BD00DF14E00F6F74D
:10B09000E5FDBDF84E103A4608FB0011AB4813F031
:10B0A0005DFE96F83E30002B00F0E081012100208B
:10B0B00008F076FAA64B0121186806F0AFFA96F868
:10B0C0003E70012F00F00181022F00F06381A14B3F
:10B0D00093F83D20002A00F0C0819F4E9F493268BE
:10B0E00093F83E009E4F02F027FE9E4A9388127806
:10B0F00053434FF47A7202FB0300B0FBF2F011F0FD
:10B100007DF9994A99489A490078002313703B7059
:10B110003A46336802F050FE002840F09E813B78AA
:10B12000002B00F09A814FF0000BCDF828B0CDF83D
:10B130002CB0CDF830B007900D908C4B1B78012BC4
:10B1400040F060818A4B1A780D925A7807929A687B
:10B150000C92DA680B92D3F814B01A690A9200279D
:10B160000D9B980640F176817A4B9B6813F400564C
:10B1700008D0804A0E2151737F49C2E900A50968B1
:10B1800091600126590710D57A49DDF830C001EBEE
:10B1900006123001C2F808C001364FF0030C41F826
:10B1A00000A082F80DC05560F6B29A0710D571491B
:10B1B000DDF828C001EB06123001C2F808C00136E4
:10B1C0004FF0020C41F800A082F80DC05560F6B2B5
:10B1D000D80710D5674901EB061230014FF0010C7A
:10B1E00082F80DC00136DDF82CC041F800A0C2F88D
:10B1F00008C05560F6B219070ED55E49300101EB63
:10B2000006124FF0040C013641F800A082F80DC080
:10B21000C2F808B05560F6B21A0216D5DFF85481AC
:10B2200008EB061318225A73544B1B78012B00F0BD
:10B230000C810798F4F7E2FC08EB061332010136A3
:10B2400048F802A098605D60F6B24D4B1B78012B68
:10B2500040F0FD80DFF81C9109EB0618172388F8F1
:10B260000D30484B320118780E92F4F7C3FC0E9A59
:10B27000C8F80800013649F802A0F6B2C8F8045030
:10B280000F238DF84E300DF14E03009339493E4B9C
:10B290003E483246EDF794FD9DF84E3011900F93E5
:10B2A000002B40F01181119B002B00F0D3800DF199
:10B2B0004E00F6F7D3FCBDF84E304FF47A7101FB27
:10B2C0000031334813F04AFDC4E0DFF88C80DFF82A
:10B2D0008C90D8F80010002002F05CFCD8F8001028
:10B2E000484602F030FC00287FF4F1AE96F83C307E
:10B2F00089F8003096F83B3089F80130D8F8001012
:10B3000096F83A3089F80230484602F095FC002859
:10B310007FF4DDAE1349B3894B80F3890F708B80C6
:10B32000D8F80020384602F019FF00287FF4CFAE8D
:10B33000D8F80010384602F02DFC00287FF4C7AE84
:10B340000A4B1F700D4B1F70C1E600BFAB540308C2
:10B3500080080020302E0020A03B0020A43B0020CD
:10B360003D3B00208C3B00203C3B00203F3B00202D
:10B37000443B0020B02D0020702E00203E3B0020DA
:10B3800019080020403B0020C02C0020742E002013
:10B39000DD540308DFF80C82DFF80C92D8F80010B7
:10B3A000484602F0D0FB00287FF491AE96F83C307E
:10B3B00089F8003096F83B3089F80130D8F8001051
:10B3C00096F83A3089F80230484602F035FC0028F9
:10B3D0007FF47DAE4946D8F80020384602F0ACFC38
:10B3E000724901230B70724B8B601433CB604FF4A6
:10B3F0007A73B0FBF3F096F838300B74C0F18C0020
:10B4000048828DE76B4B1F78002F3FF4A9AE6A4E40
:10B410006A483378182159434218415C0D9151789C
:10B420000791013391680C91DBB2D1680B919F4277
:10B430001169D2F814B00A9102D8013F37708EE634
:10B440005D4A1370FB1ADFB28AE60020F4E6002E94
:10B450007FF416AF002F7FF470AE0021084608F08D
:10B460009FF8574B0021186806F0D8F810F09AFEA4
:10B47000544A5549A0FB0131D2E90005834271EBE2
:10B480000502BFF44EADC01A65EB01014E4A002320
:10B49000F4F72AFE00210246062010F05EFF051E8A
:10B4A0006EDAAB1C3FF43DAD0DF14E00F6F7D6FB66
:10B4B000BDF84E60454A4FF47A7101FB00612B469E
:10B4C000434813F04BFC5BE50023424EDFF8088154
:10B4D000DFF808910E93737B042B42D00ED8012B1A
:10B4E0001DD0032B2ED00E9B0F9A01330E939DF887
:10B4F00038309A4206F11006EDD8D4E61F2BF2D16F
:10B500004FF0FF31D8F8000011F063F8B068F4F79D
:10B51000CBFDB37BC9F80C0089F813300DE04FF078
:10B52000FF31D8F8000011F054F8B068F4F7BCFD12
:10B53000B37BC9F8000089F81030D8F8000011F08A
:10B540006DF8D0E74FF0FF31D8F8000011F041F866
:10B55000B068F4F7A9FDB37BC9F8040089F811308D
:10B56000EBE74FF0FF31D8F8000011F032F8B06887
:10B57000F4F79AFDB37BC9F8080089F81230DCE7CC
:10B58000174B2946186810F08AFE134D4FF0FF3113
:10B59000286811F01EF8134B286800221A6011F079
:10B5A0003DF852E4A03B0020A43B00208C3B00204F
:10B5B000402E00203D3B00203C3B0020443B00202F
:10B5C00080080020302E002040420F0076C503087E
:10B5D000BB530308C02C0020D8190020B819002044
:10B5E0008C1A00209C19002037B51A4D044600F033
:10B5F000B7F92C60FCB1184C0121002007F0D0FFF6
:10B600000121206806F00AF8286802F004FA0021F7
:10B61000084607F0C5FF0021206805F0FFFF00F095
:10B620000DFA0078FFF70EFB00210C4B0C4800913F
:10B63000012213F0FDFC002010F094FF094B0A4A90
:10B6400018600021094810F0BCFD094B186003B0D8
:10B6500030BD00BFA03B00208008002035AC0108B1
:10B66000A0190020D81900201C080020E9AD01080D
:10B670008C1A0020F0B51A4B984285B006460D464C
:10B68000144603D8032901D8012A12D90DF10E005E
:10B69000F6F7E4FABDF80E70124A4FF47A7101FB26
:10B6A0000071CDE9005433460F4813F057FB05B045
:10B6B000F0BD0E4F4FF0FF31386810F08AFF0C4B91
:10B6C00038681E600B4B1D700B4B1C7010F0A6FFF2
:10B6D0000A4B1868012105B0BDE8F04010F0DFBD4D
:10B6E0008051010053C5030871550308D819002083
:10B6F000D4190020D1190020D01900208C1A002064
:10B70000024B0421186810F0CABD00BF8C1A00203B
:10B7100070B5094E094D04464FF0FF31306810F006
:10B7200058FF0FCD0FC495E8030084E8030030688C
:10B73000BDE8704010F072BFD8190020B819002081
:10B7400038B5064C4FF0FF31206810F042FF044B33
:10B7500020681D6810F062FF284638BDD819002007
:10B760009C19002037B540494048662214F08CF9F6
:10B770003F494048222207F005F80446002846D0F9
:10B7800006280ED00DF10600F6F768FABDF806504F
:10B79000394A4FF47A7101FB00513848234613F0BF
:10B7A000DDFA0DF10600F6F759FABDF806304FF450
:10B7B0007A7101FB0031324813F0D0FA2A4A2C4842
:10B7C00000211E24137800F8013B01319388B3FB5C
:10B7D000F4F3112903F1FF33037402F10602F1D1EE
:10B7E00023492448222207F005F80446D0B10DF180
:10B7F0000600F6F733FABDF80650224A4FF47A7184
:10B8000001FB00512346204813F0A8FA0AE0184B28
:10B8100013F8012B032A18D81A7C3F2A15D80134B3
:10B82000112CF5D11248114A002110F8013B137078
:10B83000037C0133C3EB031301315B0011299380B7
:10B8400002F10602F1D103B030BD0DF10600F6F7AA
:10B8500005FABDF80640084A4FF47A7101FB004131
:10B8600001230A489BE700BFEEC50308CC3B00203C
:10B87000A93B0020BA550308D1C50308BF550308EA
:10B88000EE550308B7C503081B5603084B560308BB
:10B8900000487047CC3B002000487047A93B00207F
:10B8A00037B5002836D0431E00F1100213F8014FBF
:10B8B000032C2FD85C7C3F2C2CD89342F6D1164A0F
:10B8C0000023012404FA03F50D421FBF057815700B
:10B8D000457C55740133112B00F1010002F1010286
:10B8E000F0D10D490D48222206F084FF044670B1C4
:10B8F0000DF10600F6F7B2F9BDF80650084A4FF40C
:10B900007A7101FB00512346064813F027FA2046BE
:10B9100003B030BD0124FAE7A93B0020BA55030863
:10B9200092C503081B5603080378012B12D84378ED
:10B93000032B0FD84368B3F5967F0BD3C268064933
:10B94000A2F596728A4205D8044883428CBF09202A
:10B9500000207047092070475450010080510100B9
:10B9600037B52E492E48102206F00CFF0446002859
:10B970003FD006280ED00DF10600F6F76FF9BDF89E
:10B980000650284A4FF47A7101FB0051264823469D
:10B9900013F0E4F90DF10600F6F760F9BDF80610B2
:10B9A0004FF47A7505FB0011204813F0D7F91B4AB4
:10B9B0001A491B484FF4007313804FF461635360BE
:10B9C000002313721A4BD360102206F013FF0446B3
:10B9D00008B30DF10600F6F741F9BDF80610114A5B
:10B9E00005FB00111348234603B0BDE8304013F0B7
:10B9F000B5B90A48FFF798FF68B10DF10600F6F7F0
:10BA00002DF9BDF80640074A4FF47A7101FB004159
:10BA100009230948BCE703B030BD00BF343C002017
:10BA20008156030875C60308BF550308BB560308B3
:10BA3000805101001B5603088656030800487047D2
:10BA4000343C002037B50446D8B1FFF76DFFC0B9CC
:10BA500021460D48102206F0CDFE044670B10DF1CE
:10BA60000600F6F7FBF8BDF80650084A4FF47A7165
:10BA700001FB00512346064813F070F9204603B03D
:10BA800030BD0924FAE700BF8156030865C60308E4
:10BA90001B56030830B5044687B00DF1160074B983
:10BAA000F6F7DCF8BDF816300F4A4FF47A7101FB57
:10BAB00000310E4807B0BDE8304013F04FB9F6F73B
:10BAC000CDF823780293637801936368BDF816502C
:10BAD00000934FF47A7101FB0051E368227A044825
:10BAE00013F03CF907B030BD54C60308E85603080C
:10BAF000155703080048704788C603088288B2F5C6
:10BB0000006F10B512D2811D0023123022FA03F407
:10BB1000E40706D5CC5CFA2C0AD810F813401C2C8C
:10BB200008D801330B2BF1D1002010BD2220FCE7F7
:10BB30002320FAE72420F8E72DE9F04FA44CA5488C
:10BB400085B02822214606F01DFE0546002840F05B
:10BB5000A5802378012B00F29D80A3780F2B00F2A3
:10BB60009B802046FFF7CAFF0546002867D00DF1ED
:10BB70000E00F6F773F8BDF80E60974A4FF47A712D
:10BB800001FB006195482B4613F0E8F80DF10E001B
:10BB9000F6F764F8BDF80E30914DDFF848924FF497
:10BBA0007A7101FB0031904813F0D8F828228848B8
:10BBB000002113F0C7FE0223A3808C4B1A68C4F83F
:10BBC00006205A686A601A899B7A2A81AB724FF004
:10BBD0000008063D00264FF080475FFA88F00BF022
:10BBE00054FD02286BD90DF10E00F6F737F8BDF8B9
:10BBF0000EC07F4A4FF47A7101FB00C143467D4875
:10BC000013F0ACF808F10108B8F10B0F05F10205CB
:10BC1000E3D16F496F48282206F0ECFD054670B16C
:10BC20000DF10E00F6F71AF8BDF80E606A4A4FF4EF
:10BC30007A7101FB00612B466F4813F08FF86F4E4D
:10BC4000A378337023787370A3887380FFF752FF53
:10BC5000DFF8ACB18146ABF10508354600271BF88B
:10BC6000013FA92B3FD80A33A18846F8043FF94089
:10BC700011F0010147D1182205F1300013F062FEE6
:10BC800001370B2F05F1180508F10208E7D105B0BF
:10BC9000BDE8F08F20256AE71F2568E706283FF4F6
:10BCA00075AF0DF10E00F5F7D9FFBDF80E604A4AE9
:10BCB0004FF47A7101FB00612B46524864E719F892
:10BCC00030306B7409EBC000406814F01DFDF3F7D1
:10BCD00063FB14F0EDFD32463B46F3F7FDF9F3F755
:10BCE00063FEA8748EE7E22B95BF3C224FF461629D
:10BCF0005343534395BFA3F51C53A3F54623243B5D
:10BD0000A3F52263B0E7FBB2184600930BF0BDFC2D
:10BD1000009B824618460BF0C5FCBAF1020F01D811
:10BD200001280FD90DF10E00F5F798FFBDF80EC0F0
:10BD3000354A4FF47A7101FB00C13B46334813F09A
:10BD40000DF89DE7009098F811000130F3F756FFC9
:10BD50002F49F3F7A7FF009B286303EB43039A44A3
:10BD60000146009059F83A00F4F750F809EBCA0A76
:10BD7000E86300990190DAF80400F4F747F898F8BE
:10BD8000121028640231009001208840F3F732FF3E
:10BD9000019A009B6864114682461846F3F778FEC4
:10BDA0004FF07E51F3F776FE14F0AEFCF3F7F4FAA1
:10BDB00014F07EFDF3F7F8FD6863504614F0A4FC20
:10BDC000F3F7EAFA14F074FDF3F7EEFDA86357E712
:10BDD000443D00205A570308FBC603085F57030879
:10BDE0004A3D002010C703088E5703087558030802
:10BDF000E9C60308BB570308F95703086C3D002048
:10BE0000493D0020BF550308D5C603082B58030839
:10BE1000CDCCCC3D004870476C3D002000487047B9
:10BE2000463D002030B58DB0B8B300238DF8093001
:10BE30001C4B5B78B3FA83F35B098DF8083000F193
:10BE400024020DF10A0350F8041B43F8041B90422E
:10BE5000F9D102881A809DF80A300F2B1FD802A84A
:10BE6000FFF74CFE0446A8B90F48282202A906F0A5
:10BE7000C1FC044670B10DF10600F5F7EFFEBDF808
:10BE800006500A4A4FF47A7101FB005123460848D4
:10BE900012F064FF20460DB030BD0124FAE71F24E4
:10BEA000F8E700BF6C3D00205A570308B8C60308E6
:10BEB0001B56030810B5C8B1C388B3F5805F17D20D
:10BEC0000289B2F5805F13D24488B4F5805F0FD247
:10BED0008188B1F5805F0BD20088072808D88C4292
:10BEE00008D293422CBF0920002010BD0120FCE79E
:10BEF0001D20FAE70920F8E773B50C222C492D48DC
:10BF00002B4D06F03FFC044600283BD006280ED0FF
:10BF10000DF10600F5F7A2FEBDF80660264A4FF4C3
:10BF20007A7101FB00612548234612F017FF0DF1DD
:10BF30000600F5F793FEBDF806104FF47A7606FB7F
:10BF400000111F4812F00AFF1E4A194913682B609E
:10BF500053686B6017489368AB600C2206F04AFC8C
:10BF6000044610B30DF10600F5F778FEBDF8061093
:10BF7000114A06FB00111448234602B0BDE8704088
:10BF800012F0ECBE2846FFF795FF044668B10DF1AC
:10BF90000600F5F763FEBDF80660074A4FF47A71B4
:10BFA00001FB006123460948BFE702B070BD00BF36
:10BFB000A43E0020815803083BC70308BF5503086F
:10BFC0008658030850C703081B5603084B5603083E
:10BFD00000487047A43E002037B5054658B3FFF728
:10BFE00069FF044688B10DF10600F5F737FEBDF88C
:10BFF0000650124A4FF47A7101FB00511048234653
:10C0000012F0ACFE204603B030BD0E480C2229468B
:10C0100006F0F0FB04460028F4D00DF10600F5F719
:10C020001DFEBDF80650054A4FF47A7101FB005120
:10C0300023460548E4E70124E4E700BF28C70308D6
:10C040004B560308815803081B56030800F11E02D3
:10C0500040F282514388B3F5B46F10D283881E3BFF
:10C060009BB28B420BD80389B3F5B46F07D8037822
:10C07000012B04D80A309042ECD1002070471D20DB
:10C080007047000037B52D492D481E2206F07AFB77
:10C09000044600283ED006280ED00DF10600F5F724
:10C0A000DDFDBDF80650274A4FF47A7101FB0051BF
:10C0B0002548234612F052FE0DF10600F5F7CEFD9D
:10C0C000BDF806104FF47A751E2405FB00111F48B9
:10C0D00012F044FE22460021184813F033FC174B9F
:10C0E00017489C8022461946DC811C8306F082FB9F
:10C0F000044608B30DF10600F5F7B0FDBDF80610D3
:10C10000104A05FB00111248234603B0BDE8304039
:10C1100012F024BE0948FFF799FF68B10DF106003F
:10C12000F5F79CFDBDF80640064A4FF47A7101FB15
:10C1300000411D230748BDE703B030BDB03E0020DD
:10C14000B35803086BC70308BF550308B858030862
:10C150001B5603084B56030800487047B03E0020AA
:10C1600037B5044668B3FFF771FF90B10DF10600D3
:10C17000F5F774FDBDF80640134A4FF47A7101FBE0
:10C1800000411D23114812F0E9FD1D24204603B093
:10C1900030BD21460E481E2206F02CFB0446002826
:10C1A000F4D00DF10600F5F759FDBDF80650064A2A
:10C1B0004FF47A7101FB00512346064812F0CEFD80
:10C1C000E4E70124E2E700BF5CC703084B5603081D
:10C1D000B35803081B56030830B5184C184D238973
:10C1E000184985B028460293A3790193A388009348
:10C1F0006388227813F074FB2846F2F711FF638AF4
:10C200000293237C0193E3890093A389A27A0E49C8
:10C21000284413F065FB2846F2F702FFA38B029334
:10C22000A37E0193238B0093E38A227D0649284451
:10C2300013F056FB284605B030BD00BFB03E0020CD
:10C24000443C0020E8580308E55803082DE9F0476E
:10C250000446FFF74FFC0026074623883341DB07DF
:10C260003ED401360B2EF8D1A37E0F2B6FD8E37E80
:10C27000072B6CD863887F2B69D8A3887F2B66D85F
:10C28000E3897F2B63D8238A7F2B60D8237F0F2BF2
:10C290005DD8637F072B5AD8E3887F2B57D8238933
:10C2A0007F2B54D8638A7F2B51D8A38A7F2B4ED8FB
:10C2B000A37F0F2B4BD8E37F0F2B48D86389B3F5AF
:10C2C000804F44D2A389B3F5804F40D2E38AB3F5BF
:10C2D000804F3CD2238BB3F5804F38D2002037E01B
:10C2E000F5B228460BF0D1F9804628460BF0DAF972
:10C2F00000EB4005454404EB850857F835A0B8F835
:10C300000200F3F77BFC5146F3F7C4FBF3F7A6FEFC
:10C310008146B8F80400F3F771FC5146F3F7BAFB15
:10C32000F3F79CFE8145804611DC4846F3F766FC36
:10C3300001465046F3F772FE48B907EBC505404683
:10C34000F3F75CFC6968F3F769FE002889D00920DF
:10C35000BDE8F0872DE9F04F66496748654D85B027
:10C36000202206F00FFA0446002800F0B0800628CC
:10C370000ED00DF10E00F5F771FCBDF80E605F4AAE
:10C380004FF47A7101FB00615D48234612F0E6FC30
:10C390000DF10E00F5F762FCBDF80E30554E4FF46E
:10C3A0007A7101FB0031574812F0D8FCFFF7A2FB6D
:10C3B00000272F80044600F11809B0462168606804
:10C3C0007780F3F765FBF3F76FFEA169B080F78123
:10C3D000E069F3F75DFBF3F767FE0834A1453082AF
:10C3E00008F1020888F8187088F8197006F1040638
:10C3F000E4D140494048202206F0FCF9044670B1DF
:10C400000DF10E00F5F72AFCBDF80E603B4A4FF423
:10C410007A7101FB006123463B4812F09FFCFFF755
:10C4200069FBDFF8E8B02A88ABF800200090002212
:10C430004FF00C094FF0240A29881141CB0730D561
:10C44000D4B2204601920BF020F9074620460BF0AB
:10C4500029F900EB4006009B3E440AFB00F453F828
:10C46000368005EB860609FB07447088F3F7C6FBA8
:10C470004146F3F70FFB5C446060B088F3F7BEFB06
:10C480004146F3F707FB05EB4701A060C87E01308A
:10C49000F3F7B4FB1E4B53F82710F3F703FC019A94
:10C4A000E06001320B2AC7D1A97E3C2201FB0221A8
:10C4B000CBF84C10297F01FB0221CBF85010A97F4B
:10C4C00001FB0222CBF8542005B0BDE8F08F2846CE
:10C4D000FFF7BCFE0028A2D00DF10E00F5F7BEFB61
:10C4E000BDF80E40054A4FF47A7101FB0041092363
:10C4F00008484BE7283F00200159030899C7030863
:10C50000BF55030806590308F9570308D03E002019
:10C51000B0C703084B56030800487047D03E0020C0
:10C5200038B505460BF0B1F8044628460BF0BAF8CA
:10C53000022C0AD8012808D840420C2300F024001D
:10C5400003FB0400024B184438BD0020FCE700BF89
:10C55000D43E002000487047283F002037B50446ED
:10C56000D8B1FFF773FED0B921460E48202206F05D
:10C5700041F9044670B10DF10600F5F76FFBBDF807
:10C580000650094A4FF47A7101FB005123460748CF
:10C5900012F0E4FB204603B030BD0124FAE7092481
:10C5A000F8E700BF015903087BC70308F9570308E0
:10C5B00073B51E2249494A48484D06F0E3F804463F
:10C5C000002843D006280ED00DF10600F5F746FBF3
:10C5D000BDF80660434A4FF47A7101FB00612346BF
:10C5E000414812F0BBFB0DF10600F5F737FBBDF833
:10C5F00006304FF47A7101FB00313C4812F0AEFB7B
:10C60000364B00220920042101320F2A187059707C
:10C6100003F10203F8D100232B713049304806237F
:10C620001E226B7106F0E6F80446D8B10DF1060043
:10C63000F5F714FBBDF806602A4A4FF47A7101FB46
:10C64000006123462A4812F089FB0BE02B461A783A
:10C650000F2A33D85A78072A30D801340F2C03F127
:10C660000203F4D123491D4800240A46037803EB52
:10C6700083035B001E3301340B710F2C43784B7125
:10C6800000F1020001F10201F0D14FF48F631A4969
:10C69000D380138393889160138229796B7943EA5D
:10C6A000C1037F2B06D03BB14FF416714B4313608F
:10C6B00002B070BD114BFAE73C23F8E70DF106001C
:10C6C000F5F7CCFABDF80630064A4FF47A7101FB53
:10C6D00000310B4812F042FB85E700BF483F0020C5
:10C6E00033590308D7C70308BF550308385903084F
:10C6F000F9570308683F002078047804805101004E
:10C700006559030800487047683F0020004870479B
:10C71000483F0020F0B50B468BB0064610B901200B
:10C720000BB0F0BD2E4A02AC02F1180C2546106881
:10C730005168274603C7083262453C46F7D1106866
:10C7400038609288BA80B3F5004FE8D223F4816153
:10C7500021F002010023012202FA03F008421CBF6B
:10C7600036F8130025F8130001330F2BF4D1BDF870
:10C770000830ADF8143000222B4619780F29CED896
:10C7800059780729CBD801320F2A03F10203F4D1DB
:10C7900014481E22294606F02DF8044670B10DF10A
:10C7A0000600F5F75BFABDF806600F4A4FF47A71A0
:10C7B00001FB006123460D4812F0D0FA084B2A46CF
:10C7C00008AD144603CCAC4218605960224603F110
:10C7D0000803F6D120681860A2889A8000209FE79D
:10C7E000483F002033590308BCC70308F957030822
:10C7F0002DE9F8430E4691469846074600287BD01F
:10C80000002979D00FF09EFC022805D13B4B4FF058
:10C81000FF3118680FF0DDFE394D00242B462A4603
:10C820001978B94241D15978B1423ED11C2303FB5A
:10C830000424637E6BBB05F06FF9A06005F0A0F9DE
:10C840002278E0600023C4E90433BA424FF00103C8
:10C85000637606D16278B24203D1237EFF2B01D0EA
:10C860000133237627706670A4F80290B8F1000FA8
:10C870003FD0D8F800306360224C236833B9224B94
:10C880001B781BB101211020FDF7CEFE2368013378
:10C89000236000240FF056FC022803D1174B1868C0
:10C8A0000FF0BCFE2046BDE8F8830134202C03F1D4
:10C8B0001C03B5D100231C2000FB03F15418515C6C
:10C8C0000029B8D00133202BF6D100244FF0FF32DD
:10C8D0002346697E21B9296991423CBF2C460A460C
:10C8E0000133202B05F11C05F3D1002CA3D1032427
:10C8F000D0E7C4F80480BFE70124D3E78C3F0020D1
:10C90000983F0020943F0020903F002010B5074B37
:10C91000074800244FF4607221461C6013F012F89F
:10C9200020460FF01FFE034B186010BD943F0020FF
:10C93000983F00208C3F002008B50FF003FC022830
:10C9400005D10D4B4FF0FF3118680FF042FE0B4B35
:10C95000012119700A4B1B6813B11020FDF764FE0A
:10C960000FF0F0FB022805D1034B1868BDE8084022
:10C970000FF054BE08BD00BF8C3F0020903F002048
:10C98000943F00202DE9FF470FF0DCFB022805D182
:10C990002E4B4FF0FF3118680FF01BFE05F0F0F83A
:10C9A000074605F0B9F82A4C804600252378002B6D
:10C9B00039D0A368E668A8EB0309BE1BB14514D0C3
:10C9C000A9EB060A5344A3600DF10E00F5F746F9F2
:10C9D000BDF80EC04FF47A7101FB00C1CDE9005AD9
:10C9E0001C4833464A4612F0B9F9637EDBB9236925
:10C9F0006669A8EB0309BE1BB14514D0A9EB060A72
:10CA0000534423610DF10E00F5F728F9BDF80EC06F
:10CA10004FF47A7101FB00C1CDE9005A0E4833464C
:10CA20004A4612F09BF90135202D04F11C04BDD1BA
:10CA30000FF088FB022806D1044B186804B0BDE84B
:10CA4000F0470FF0EBBD04B0BDE8F0878C3F00204D
:10CA5000983F0020A3590308F95903080023FFF762
:10CA6000C7BE000070B505460E460FF06BFB0228EE
:10CA700005D11E4B4FF0FF3118680FF0AAFD1C4B7B
:10CA800000221C461978A94212D15978B1420FD11F
:10CA90001C2303FB0244637E83B906240FF052FB80
:10CAA000022803D1114B18680FF0B8FD204670BD65
:10CAB0000132202A03F11C03E4D1EEE70023637660
:10CAC00005F02AF8206105F05BF80A4B60611968EF
:10CAD0000139196009B10024E0E7074B1B78002BEE
:10CAE000F9D01020FDF7A0FDF5E700BF8C3F002036
:10CAF000983F0020943F0020903F002070B50446EE
:10CB000038B30FF01FFB022805D1134B4FF0FF3154
:10CB100018680FF05EFD0023104823600125427E57
:10CB20003AB1D90803F00702665C05FA02F2324313
:10CB300062540133202B00F11C00F0D10FF002FBF6
:10CB4000022801D0002070BD034B18680FF066FD6D
:10CB5000F8E70120F7E700BF8C3F0020983F002056
:10CB600070B506460C460FF0EDFA022805D1104BC1
:10CB70004FF0FF3118680FF02CFD1F2E15D8A4B10F
:10CB80000C4D1C2303FB06550FCD0FC495E8070081
:10CB900084E8070000240FF0D5FA022803D1044BE3
:10CBA00018680FF03BFD204670BD0124F3E700BF7D
:10CBB0008C3F0020983F00202DE9F043044687B0C9
:10CBC00088461746002A00F0C580F72306258DF811
:10CBD0000F3023684FF0FF3118680FF0FAFC019511
:10CBE00004AD0095012394F8341020680DF10F0274
:10CBF00004F0B0FC2368064618680FF00FFD002E05
:10CC000040F0B680002F00F0A8809DF813300DF1A1
:10CC10001305B5F8010040BA80B240EA0340A0F520
:10CC20000000F2F7EBFF0546A068F2F7E7FFE16AC4
:10CC300006462846F3F736F801463046F2F72AFF53
:10CC4000216B06462846F3F72DF82946F3F72AF814
:10CC500001463046F2F71EFF0646002F73D0BDF89E
:10CC600011009DF8103040BA80B240EA0340A0F5B0
:10CC70000000F2F7C3FF05466068F2F7BFFFE16806
:10CC800081463046F3F70EF801464846F2F702FFB8
:10CC9000216981462846F3F705F801464846F2F730
:10CCA000F9FEA16981462846F2F7FCFF3146F2F70A
:10CCB000F9FF01464846F2F7EDFE616981463046CC
:10CCC000F2F7F0FF3146F2F7EDFF01464846F2F782
:10CCD000E1FEE16981462846F2F7E4FF2946F2F7D2
:10CCE000E1FF01464846F2F7D5FE216A8146284613
:10CCF000F2F7D8FF3146F2F7D5FF3146F2F7D2FF0F
:10CD000001464846F2F7C6FE616A81462846F2F7B8
:10CD1000C9FF2946F2F7C6FF3146F2F7C3FF0146C5
:10CD20004846F2F7B7FEA16A81462846F2F7BAFFF5
:10CD30002946F2F7B7FF2946F2F7B4FF0146484605
:10CD4000F2F7A8FE3860B8F1000F09D1002007B053
:10CD5000BDE8F083FA23032539E79DF8103058E742
:10CD60004FF06E513046F2F79DFFC8F80000EDE736
:10CD70000120ECE71FB5D1238DF80E3000230124EC
:10CD80008DF80F300DF10F030093019423460DF140
:10CD90000E0204F0DFFB38B99DF80F305C2B14BF96
:10CDA0000320002004B010BD2046FBE738B50D4637
:10CDB000044670B14FF0FF3100680FF00AFC2946BD
:10CDC0002046FFF7D7FF054620680FF027FC2846CE
:10CDD00038BD0525FBE70023106082F8341082F887
:10CDE000353082F83630704730B504468BB00028B5
:10CDF00000F04C810368002B00F0488118684FF068
:10CE0000FF310FF0E6FB94F834102068FFF7B2FF13
:10CE10002368054618680FF001FC002D40F03181B1
:10CE200023684FF0FF3118680FF0D3FBA0238DF873
:10CE30000B301923019303AB009394F8341020684E
:10CE400001230DF10B0204F085FB002840F01C814A
:10CE50009DF824309DF80D10BDF80E001A0942EA25
:10CE600001129DF90C1042EA0132121162609DF824
:10CE70001F2003F00F0343EA02139DF91E2053EA1B
:10CE8000023348BF0F331B11A360C0BAF2F7B6FEDE
:10CE9000F2F782FA7EA3D3E90023F2F7D5FA7EA354
:10CEA000D3E90023F2F7FAFB7DA3D3E90023F2F7DD
:10CEB00015F9F2F799FDE060BDF81200C0BAF2F77B
:10CEC0009DFEF2F769FA78A3D3E90023F2F7BCFAE2
:10CED00071A3D3E90023F2F7E1FB75A3D3E90023A3
:10CEE000F2F7FCF8F2F780FD2061BDF81000C0BA3F
:10CEF000F2F784FEF2F750FA6FA3D3E90023F2F7BA
:10CF0000A3FA65A3D3E90023F2F7C8FB6CA3D3E926
:10CF10000023F2F7E3F8F2F767FD6061BDF8140053
:10CF2000C0BAF2F76BFEF2F737FA67A3D3E9002332
:10CF3000F2F78AFA58A3D3E90023F2F7AFFB64A310
:10CF4000D3E90023F2F7CAF8F2F74EFDA061BDF86D
:10CF50001600C0BAF2F752FEF2F71EFA5EA3D3E94A
:10CF60000023F2F771FA4CA3D3E90023F2F796FB02
:10CF70005BA3D3E90023F2F7AFF8F2F735FDE061E8
:10CF8000BDF81800C0BAF2F739FEF2F705FA56A359
:10CF9000D3E90023F2F758FA3FA3D3E90023F2F7CD
:10CFA0007DFB53A3D3E90023F2F798F8F2F71CFDB9
:10CFB0002062BDF81A00C0BAF2F720FEF2F7ECF9D1
:10CFC0004DA3D3E90023F2F73FFA33A3D3E90023BB
:10CFD000F2F764FB4AA3D3E90023F2F77FF8F2F7F4
:10CFE00003FD6062BDF81C00C0BAF2F707FEF2F75D
:10CFF000D3F945A3D3E90023F2F726FA26A3D3E910
:10D000000023F2F74BFB42A3D3E90023F2F766F8C3
:10D01000F2F7EAFCA062BDF82000C0BAF2F7EEFD1C
:10D02000F2F7BAF93CA3D3E90023F2F70DFA1AA3F9
:10D03000D3E90023F2F732FB39A3D3E90023F2F757
:10D040004BF8F2F7D1FCE062BDF82200C0BAF2F76B
:10D05000D5FDF2F7A1F934A3D3E90023F2F7F4F9EF
:10D060000DA3D3E90023F2F719FB31A3D3E9002381
:10D07000F2F732F8F2F7B8FC2063236818680FF073
:10D08000CDFA28460BB030BD0125F6E70525F8E7B7
:10D09000B29DEFA7C64BB73F00000000C0FFDF40C6
:10D0A0009A9999999999B93FDBF97E6ABC74933F33
:10D0B0004C37894160E5A03F76830DF4F521B43EFD
:10D0C000DF413ADC11C5493EB37AEA055DCA823ECA
:10D0D0000CB8DF888B2F8C3E03C69CDE430DF83DD9
:10D0E000037FF3E189A5053EC863DFAF78BD6A3DE4
:10D0F000840F02F22C68543D20015B6E87050B3DC6
:10D10000631AA63345EAE23C888BFFCE2BC5963CDA
:10D11000BA8C194927BCA23C0395F1EF332E3C3F52
:10D1200020D26F5F07CE793F700B1BE91F7EE03D79
:10D13000F485664906E4B43D30B5044685B040B395
:10D14000006840B3F4238DF80C30930084F8351058
:10D1500084F8362043EA411343F001034FF0FF31D6
:10D1600000688DF80D300FF034FA0023CDE900335C
:10D1700003AA94F834102068022304F0EBF9236822
:10D18000054618680FF04AFA281E18BF012005B09E
:10D1900030BD0520FBE70620F9E77FB5054610B353
:10D1A000036813B3F32218688DF80F204FF0FF3196
:10D1B0000FF00FFA01240DF10E03009301942346A2
:10D1C00095F8341028680DF10F0204F0C3F92B68AC
:10D1D000064618680FF022FA4EB99DF80E0000F0CE
:10D1E000080004B070BD0520FBE70620F9E72046E3
:10D1F000F7E740B139B102683AB190F8353033B150
:10D200000022FFF7D9BC0520704706207047032095
:10D2100070470A4640B139B1016839B190F83630EB
:10D2200033B10021FFF7C8BC0520704706207047C6
:10D230000320704730B460B159B152B104685CB199
:10D2400090F8354054B190F836303BB130BCFFF720
:10D25000B3BC052030BC70470620FBE70320F9E78C
:10D2600078B190F835301BB1013B012202FA03F38B
:10D2700090F8360018B10138012202FA00F00333A9
:10D28000184470472DE970430E46F2F763F80446E0
:10D29000F08B00020D46F2F76DF802460B46204671
:10D2A0002946F1F719FF044696F922000D46F2F7D8
:10D2B00061F8144B0022F2F7C7F8224680468946EF
:10D2C0002B4620462946F2F7BFF802460B46404659
:10D2D0004946F2F7B9F88046308C8946F2F73AF8B9
:10D2E000094B0022F2F7B0F822462B46F2F7ACF8D1
:10D2F00002460B4640464946F1F7F0FEF2F774FB52
:10D30000BDE870830000F03C0000103E2DE9F04FB6
:10D31000074685B008461646F2F73EF804463846FA
:10D320000D46F2F717F802460B4682468B46F2F797
:10D330008BF8CDE90001B6F92600F2F71BF87B4B1C
:10D340000022F1F7C9FE7A4B0022F2F77DF822465F
:10D350002B46F2F779F88046B6F924008946F2F7B1
:10D3600009F8724B0022F1F7B7FE724B0022F2F778
:10D370006BF802460B4640464946F1F7AFFE804641
:10D3800096F928008946F1F7F5FF6B4B0022F2F77A
:10D390005BF822462B46F2F757F822462B46F2F767
:10D3A00053F802460B4640464946F1F797FE804641
:10D3B00096F929008946F1F7DDFF604B0022F2F76C
:10D3C00043F822462B46F2F73FF822462B46F2F767
:10D3D0003BF822462B46F2F737F802460B4640460A
:10D3E0004946F1F77BFE52465B46F2F72DF8CDE950
:10D3F0000201B08DF1F7AEFF514B0022F2F724F895
:10D4000022462B46F2F720F88046708DC0008946F0
:10D41000F1F7A0FF02460B4640464946F1F75EFE93
:10D42000804696F92E008946F1F7A4FF454B00226D
:10D43000F2F70AF822462B46F2F706F822462B4668
:10D44000F2F702F802460B4640464946F1F746FE1F
:10D45000804696F92F008946F1F78CFF00224FF0A5
:10D460007C53F1F7F1FF22462B46F1F7EDFF224600
:10D470002B46F1F7E9FF22462B46F1F7E5FF02467E
:10D480000B4640464946F1F729FE02460B46DDE9C8
:10D490000201F1F723FE804696F932008946F1F742
:10D4A00069FF294B0022F1F7CFFF22462B46F1F707
:10D4B000CBFF0446B6F930000D46F1F75BFF224B77
:10D4C0000022F1F7C1FF02460B4620462946F1F73C
:10D4D00005FEDDE90023F1F7B7FF02460B464046A3
:10D4E0004946F1F7FBFD044696F933000D46F1F786
:10D4F00041FF164B0022F1F7A7FFDDE900230646A6
:10D500000F4650465946F1F79FFF02460B463046FC
:10D510003946F1F799FF02460B4620462946F1F7B6
:10D52000DDFDF2F761FA05B0BDE8F08F0000D040F4
:10D530000000203E0000B03E0000F03D0000A03D95
:10D540000000903F0000703F0000F03C0000E03B16
:10D550002DE9F3470646084656499246F2F7A2FBE4
:10D560005549F2F795FAF1F717FF04469AF91400B6
:10D570000D46F1F7FFFE514B0022F1F765FFCDE9B3
:10D5800000013046F1F7E6FE80469AF9120089461E
:10D59000F1F7F0FE4A4B0022F1F756FF22462B46E8
:10D5A000F1F752FF0646BAF910000F46F1F7E2FE16
:10D5B000444B0022F1F748FF02460B4630463946FD
:10D5C000F1F78CFD02460B4640464946F1F784FDD3
:10D5D0000646BAF916000F46F1F7CCFE3A4B002288
:10D5E000F1F732FF02460B4630463946F1F72CFF81
:10D5F00006469AF813000F46F1F7ACFE2F4B0022B7
:10D60000F1F722FFDDE90023F1F71EFF22462B464A
:10D61000F1F71AFF22462B46F1F716FFDDE900234A
:10D620008046894620462946F1F70EFF274B002207
:10D63000F1F754FD02460B4640464946F1F74EFDD0
:10D6400002460B4630463946F1F7FEFE04469AF88C
:10D6500018000D46F1F77EFE00224FF07B53F1F7E4
:10D66000F3FE22462B46F1F7EFFE02460B46002062
:10D670001649F1F731FD22462B46F1F7E5FE00226F
:10D68000002304460D46F2F751F980B9104B0022F1
:10D6900020462946F2F75EF930B10D490020F2F735
:10D6A000A3F902B0BDE8F08720462946F7E700203D
:10D6B0000021F4E70000A045000096470000503E1E
:10D6C0000000103F000050400000F03E0000F03F1E
:10D6D0000000594070B50646B1F91A000C46F2F741
:10D6E0008DFA4FF06051F2F7DDFA3749F2F7DAFAC6
:10D6F0003649F2F7CFF9B6F5C87F0546304628BF60
:10D700004FF4C870F2F776FA01462846F2F7CAFAE3
:10D710004FF07E51F2F7BEF9054694F91900F2F781
:10D720006DFA4FF07651F2F7BDFA2949F2F7B2F9E6
:10D7300001462846F2F7B6FA054694F91C00F2F7BE
:10D740005DFA4FF06A51F2F7ADFA064694F90E0011
:10D75000F2F754FA01463046F2F7A4FA0146284699
:10D76000F2F798F9054694F83800F2F743FA4FF0CB
:10D770008141F2F78FF901464FF08140F2F746FB05
:10D7800001462846F2F78EFA054694F93900F2F779
:10D7900035FA1049F2F786FA4FF07E51F2F77AF92E
:10D7A00001464FF07E50F2F731FB01462846F2F772
:10D7B00079FA0949F2F76CF90849F2F773FAF2F7C6
:10D7C00073FCC0B270BD00BF6F12033A75021A3B02
:10D7D000000044426F12033B0000C8419A9959402F
:10D7E00048B1C36B3BB1036C2BB1406CB0FA80F015
:10D7F0004009404270474FF0FF30704773B5024612
:10D800000846FFF7EDFF0C46054670BBD343497B46
:10D81000C3F3C013B1EB031F4FEA03120CD06273C2
:10D82000E66B636801220DF10701F320B04784F82D
:10D83000480020B16FF00105284602B070BD9DF888
:10D840000730627B266C02F0100223F010031343B2
:10D850008DF80730012263680DF107017320B0478E
:10D8600084F848000028E7D0E4E74FF0FF35E3E70D
:10D8700037B50446FFF7B4FF80B9E56B6368012252
:10D880000DF10701F320A84784F8480048B99DF836
:10D89000073003F01003637303B030BD4FF0FF3067
:10D8A000FAE76FF00100F7E710B504461046FFF7FE
:10D8B00097FF50B923788B4206D9217092F84930EE
:10D8C00043F0010382F8493010BD4FF0FF30FBE711
:10D8D0002DE9F04387B01D460446884616460021D0
:10D8E000142201A812F02EF82846FFF779FF90BB0A
:10D8F0008CB3B8F1000F2ED0731E092B2ED801AFB8
:10D9000008F1FF3804EB06092A7B14F8013B3AB909
:10D9100018462946FFF772FF14F8013C03F07F0315
:10D920003B704C4518F8013F7B7007F10207EBD1C3
:10D9300070B972002C6C6B689DF80400013A0DF10F
:10D940000501A047002885F8480018BF6FF00100C6
:10D9500007B0BDE8F0834FF0FF30F9E76FF0030048
:10D96000F6E72DE9F042064618461D46FFF738FF58
:10D970000F4691460446C8B9C1B12B7B3BB9294635
:10D980003046FFF73BFF044608B946F080063046B4
:10D990006B68EE6B4A463946B047002885F8480068
:10D9A00018BF6FF001042046BDE8F0824FF0FF344D
:10D9B000F9E737B5E0238DF80630B62305468DF834
:10D9C0000730FFF70DFF18BB2B7B63B12B460122FD
:10D9D0000DF107010DF10600FFF77AFF044648B18B
:10D9E000204603B030BD2846FFF742FF044600281A
:10D9F000F6D1EBE76B6C696842F2107098472B7BAD
:10DA0000002BEDD1284603B0BDE83040FFF730BF12
:10DA10004FF0FF34E4E710B504468CB0FFF7C9FFC0
:10DA2000234601222146D020FFF79BFF0346002812
:10DA300040F083802278612A40F082808DF80400D3
:10DA40002346012201A9F020FFF78BFF034600289F
:10DA500073D19DF80430A3601722234601A98A20C0
:10DA6000FFF77FFF0346002867D123460E220DF102
:10DA70001B01E120FFF775FF034600285DD1234617
:10DA800005220DF12901FFF76CFF0346002854D150
:10DA9000BDF82320E283BDF8042022849DF80620EF
:10DAA00084F82220029A6262039AA262049AE262D5
:10DAB000BDF816202286BDF8182062869DF81C202D
:10DAC0009DF81B00110941EA0011B1F5006FA4BFD8
:10DAD000A1F5805109B2E1829DF81D1002F00F02FC
:10DAE00042EA0112B2F5006FA4BFA2F5805212B251
:10DAF00022829DF81E20A2749DF81F2022759DF899
:10DB00002020E2749DF8212022769DF8272062765D
:10DB1000BDF8252062839DF8282022779DF82B20D0
:10DB2000C2F3011284F838209DF8292084F83920A6
:10DB30009DF92D20121184F83A2018460CB010BD22
:10DB40006FF00203F9E713B50B4604460522694658
:10DB50007120FFF706FFD4B1B8B99DF8013003F08A
:10DB6000070323709DF80430C3F38202E2709DF82E
:10DB700003205109C2F38202A2709DF90020617056
:10DB8000002AB4BF08235B09237102B010BD4FF017
:10DB9000FF30FAE773B5742306460D468DF807305B
:10DBA0002B4601220DF106017420FFF7DAFE044630
:10DBB000B8B99DF80620930716D022F003028DF81D
:10DBC00006202B460DF1060101220DF10700FFF79B
:10DBD0007FFE6B6C6968044642F210709847002C17
:10DBE000DED0204602B070BD002EFAD022F0030233
:10DBF00006F0030632438DF806202B4601220DF174
:10DC000006010DF10700FFF763FE0446E9E713B5CF
:10DC10000B46044660B101220DF107017420FFF7A5
:10DC2000A0FE9DF8073003F00303237002B010BD7F
:10DC30004FF0FF30FAE70000F0B53E4B87B002AF7F
:10DC4000054618681B7902903B710DF1070000230F
:10DC50000E4604938DF81430FFF7D9FF044618B927
:10DC60003146FFF797FF044665B94FF0FF349DF842
:10DC7000070020B11CB93146FFF78CFF044620464F
:10DC800007B0F0BD002CF2D13346052204A9712063
:10DC9000FFF767FE002386F8493004460028E6D1E6
:10DCA00032460721E81CFFF7FFFD0028DDD10521E2
:10DCB000681CFFF7F9FD0028D7D1A81CFFF7F4FD79
:10DCC0000028D2D12846FFF7EFFD0028CDD108214A
:10DCD000281DFFF7E9FD0028C7D1EB789DF8142037
:10DCE0009DF813009B0022F01C0203F01C03134359
:10DCF0008DF814306B782A7800F01F0040EA43104A
:10DD0000AB789B0003F01C0320F01C0018439DF827
:10DD100011308DF8130002F0070223F007031343BC
:10DD20008DF811300522334604A93846FFF7D0FD9F
:10DD300004469CE74E5A030837B51E4B0546186843
:10DD40009B880090ADF804300C4611B9002003B058
:10DD500030BD0521601CFFF7A7FD0028F6D1A01CEF
:10DD6000FFF7A2FD0028F1D12046FFF79DFD002816
:10DD7000ECD1637808336B44022D13F8082CA37898
:10DD800003F108036B4413F8083C1344227802F1B2
:10DD900008026A4412F8080C184440F2AB7303FB03
:10DDA00000F00BBF00F5865000F5A55040180D306F
:10DDB000CDE700BF283503082DE9F04FB1B01E466E
:10DDC0001EAB019207460D4618464822002111F06D
:10DDD000B9FD24AB0690079330462AAB0893FFF7B2
:10DDE000FFFC044628B14FF0FF34204631B0BDE8B7
:10DDF000F08F002DF7D0012F40F0B68001461122A0
:10DE000011A811F09FFD4FF005093346112211A909
:10DE10001D20FFF7A6FD9DF84510A9709DF846103E
:10DE200000919DF8471002919DF8481003919DF8CC
:10DE3000491004919DF84A100591BDF84C109DF8C9
:10DE400044209DF854809DF84BB09DF853A049BAEA
:10DE50000346ADF8241002F00F0022F07F0108F015
:10DE600030020A432A701206687062D5002B68D10E
:10DE700033460122E91C5A30FFF773FD03460028A0
:10DE80005FD16878503033460122291DC0B2FFF7B8
:10DE900068FD0346002854D1687864303346012277
:10DEA000691DC0B2FFF75DFD0346002849D1059BFF
:10DEB0001802049B40EA0340314640EA0B00FFF79A
:10DEC000E1F9029BA86081461802009B40EA0340EA
:10DED000039B324618434946FFF718FAE860BDF83D
:10DEE00024003246494680B2FFF732FB08F00F03A8
:10DEF00028614FF48020D840F1F77CFE9649F1F775
:10DF0000D1FE4FEA98184FF42063064648EA8A0883
:10DF1000032008FB0030F1F771FE01463046F1F7AF
:10DF200075FF686195F90030002B14DB002702248F
:10DF300011E033B9726C7168009342F2107090472F
:10DF4000009B09F1FF3919F0FF090AD0002B3FF4BB
:10DF50005CAF1C460027019B002B3FF444AF1F70B1
:10DF600043E7002BDED0F4E7023F012F00F2F08000
:10DF70000146332211A811F0E5FC1E22214609A812
:10DF800011F0E0FC3346332211A91D20FFF7E9FC14
:10DF90000028CBD133461E2209A95020FFF7E1FC0F
:10DFA0000028C3D10DF1180A11ACCDF800A08046AD
:10DFB000009B94F8039053F8047B00936378BB7044
:10DFC000A378A079227894F809B094F80FE094F837
:10DFD00007C04FEA092949EA0349237949EA0303BB
:10DFE0000293637994F81090000240EA0340237A88
:10DFF0004FEA99114BEA032341EA8E0B22F07F018D
:10E0000002F00F02092A28BF0922039302F1C0037C
:10E0100009F0300E7A700DEB030241EA0E013970FF
:10E0200012F89C1C397112F8921C12F8882CF970A5
:10E0300040EA0C007A713146FFF724F93246014676
:10E04000B86004900298FFF761F93246F860DDE9A4
:10E050000301FFF77DFA4FF48023386109F00F00C8
:10E0600023FA00F0F1F7C6FD3B49F1F71BFE4FF430
:10E070002063032281460BFB0230F1F7BFFD01460E
:10E080004846F1F7C3FE08F10108B8F1030F7861C3
:10E0900004F111048CD1002752463B4652F8041B70
:10E0A00091F9001001330029B8BF0137DBB2B8BFC6
:10E0B000FFB2032BF2D15246002303F1010C1646A6
:10E0C00004321146E646306851F8044B90F900805E
:10E0D00094F90030B8F1000F15DA002B15DA90F83A
:10E0E0000280A378A3EB08039BB203F102081FFA96
:10E0F00088F8B8F1010F02D91BB2022B05DD34609C
:10E1000041F8040C01E0002BF9DB0EF10103DBB256
:10E11000032B4FF0020ED6D1F4454FF00103CCD1C2
:10E120004FF0000C4FF0180E5AF8046B0FCE0EFB98
:10E130000C540FC496E803000CF1010CBCF1030F62
:10E1400084E80300F0D1B7FA87F46409640002E7B9
:10E1500007460124FFE600BF002474492DE9F04F73
:10E1600093B047F2701306461746ADF814300D46CB
:10E1700029B94FF0FF34204613B0BDE8F08F1146A7
:10E180000020FFF707FD04460028F4D16E23022E7D
:10E190000DF118090DF1240A0DF13008CDE90F0039
:10E1A0008DF81330069009900C90ADF84400C9F832
:10E1B0000400A9F80800CAF80400AAF80800C8F882
:10E1C0000400A8F8080000F09B80032E60D0012E08
:10E1D00001D00124CFE75A2368888DF818303946DA
:10E1E000FFF778FA64238DF83030AB888DF824007F
:10E1F000B3F57C6F4AD23F2B04F1010243D803EB05
:10E200008413DBB28DF83C304FF0000B3B463246B6
:10E2100051464846FFF75CFB04460028ABD13B461D
:10E2200032460FA94046FFF753FB04460028A2D10F
:10E230003B4602220FA97020FFF793FB04460028FB
:10E2400099D12A789DF83C30012A18BF012423F087
:10E25000080343EAC4049DF83D308DF83C4023F0A8
:10E260000F034BEA030B18BF02462BF0300B4BEAAF
:10E27000421B3B4602220FA905A88DF83DB0FFF7CF
:10E2800027FB044677E79B081446B4E7FF23B9E76A
:10E29000EB68002B3FF46DAFAA68002A3FF469AF2A
:10E2A0002E7C5FFA84FB5E4501D8B346AEE70BF1E6
:10E2B0005A0109F8041032F814000193394600920B
:10E2C000FFF708FA019B0AF8040033F81410009ACB
:10E2D0000BF1640BB1F57C6F08F804B00ED200208E
:10E2E0003F2900F1010C06D801EB8011C9B20FA83B
:10E2F00001550134D5E789086046F1E7FF21F6E7CB
:10E30000EB68002B3FF435AFAA680192002A3FF476
:10E3100030AF6A8A2E7C0092002A08BF032483460D
:10E320005FFA8BF2B2421AD3009A40F282739A4299
:10E3300033D84FF47A735A43134640F2DD12B3FBDD
:10E34000F2F300229BB23F2B02F1010122D803EB32
:10E350008213DBB28DF812300CB303240BE7039366
:10E36000019B029202F15A0133F81B0009F80B10CD
:10E370003946FFF7AFF9029A039B0AF80B006432A3
:10E380000FA908F80B2033F81B2001F80B200BF124
:10E39000010BC5E79B080A46D5E7FF23DAE73B46B2
:10E3A00001220DF112010DF11300FFF791FA04465D
:10E3B00000287FF4E0AE78E770B58378DA071AD5E5
:10E3C000028842F480325C08D30143F07F031120BD
:10E3D0004FF409054FF40006334218BF6B40013873
:10E3E0004FEA56064FEA5505F6D103F07F039C42EB
:10E3F00003D10A6070BD0220FCE70920FAE70000A3
:10E400002DE9F04FDFF8E08087B0044600264FF09A
:10E41000100B4FF0FF312068ADF814B00EF0D9F8B2
:10E4200018F8015B0023CDE9003305AA0223294631
:10E43000204603F08FF8074620680EF0EFF82FBB58
:10E4400003274FF0110A0120F3F736FB4FF0FF319D
:10E4500020688DF816A00EF0BCF8012301930DF191
:10E4600016090DF1120300934A460123294620465E
:10E4700003F070F8039020680EF0D0F8039B2BB9DE
:10E480009DF81220D20706D4013FDCD10136052EBB
:10E49000BFD1002524E04FF0FF3120688DF8133004
:10E4A0000EF097F80223CDE900930DF1130201233A
:10E4B0002946204603F04EF8074620680EF0AEF8D5
:10E4C000002FE3D1BDF81630A3F50472022A07D954
:10E4D00040F61322934203D040F215229342D5D145
:10E4E000284607B0BDE8F08FF4C7030808B5FFF76A
:10E4F00087FFB0FA80F04009800008BD28B121B143
:10E50000002308600B71CB800B7270477FB5044607
:10E51000002846D00068002843D0FFF771FF207123
:10E52000002840D000238DF80D3023684FF0FF31D4
:10E5300018680EF04EF802250DF10E0300930195B8
:10E540000123217920680DF10D0203F003F82368FF
:10E55000064618680EF062F83EBBBDF80E30E38048
:10E56000B3F5047F12D040F21122934211D040F251
:10E57000122293420FD040F6132293420DD040F264
:10E58000152293420BD0002004B070BD304620729B
:10E59000F9E70120FBE72846F9E70320F7E7042025
:10E5A000F5E70520F0E70420EEE70120ECE730B5C1
:10E5B000054685B0F0B10368F3B1222218688DF8E2
:10E5C0000D104FF0FF318DF80C200EF002F80023F3
:10E5D000CDE9003303AA29792868022302F0BAFFA3
:10E5E0002B68044618680EF019F8201E18BF012089
:10E5F00005B030BD0520FBE70620F9E7F0B50D4674
:10E6000085B0064620B3036823B3242218688DF82A
:10E610000E204FF0FF310DF0DCFF01240DF10F0350
:10E62000009301942346317930680DF10E0202F017
:10E6300091FF3368074618680DF0F0FF67B99DF841
:10E640000F301D40003D18BF0125E80005B0F0BDAA
:10E650000520FBE70620F9E72046F7E70000000069
:10E66000F0B50D4687B00446002838D0002936D0D2
:10E670000368002B35D0302218688DF80F204FF03A
:10E68000FF310DF0A6FF04AF032301930097012390
:10E69000217920680DF10F0202F05CFF2368064625
:10E6A00018680DF0BBFFF6B905A93846FFF784FEE0
:10E6B000044688B9BDF81400F1F79CFA4FF0725186
:10E6C000F1F7F0FAF0F768FE09A3D3E90023F0F7B9
:10E6D00003FDF1F789F92860204607B0F0BD052455
:10E6E000FAE70624F8E70124F6E700BFAFF300805D
:10E6F0006666666666127140F0B50D4687B00446E0
:10E7000068B361B3036863B3332218688DF80F20D0
:10E710004FF0FF310DF05DFF04AF0323019300972D
:10E720000123217920680DF10F0202F013FF236805
:10E73000064618680DF072FFAEB905A93846FFF716
:10E740003BFE044640B9BDF81400F1F753FA4FF010
:10E750006C51F1F7A7FA2860204607B0F0BD0524F8
:10E76000FAE70624F8E70124F6E7000000000000BD
:10E770002DE9F0410E4688B01546044600284FD0DA
:10E7800000294DD0002A4BD00368002B4AD03022FC
:10E7900018688DF80F204FF0FF310DF01AFF0DF1C2
:10E7A000180806230193CDF8008001232179206801
:10E7B0000DF10F0202F0CEFE2368074618680DF037
:10E7C0002DFF8FBB04A94046FFF7F6FD05A90446BF
:10E7D0000DF11B00FFF7F0FD07460CB920B13C46D8
:10E7E000204608B0BDE8F081BDF81000F1F702FA4C
:10E7F0004FF07251F1F756FAF0F7CEFD0CA3D3E9C2
:10E800000023F0F769FCF1F7EFF83060BDF8140071
:10E81000F1F7F0F94FF06C51F1F744FA2860DEE7B8
:10E820000524DDE70624DBE70124D9E7AFF3008008
:10E83000666666666612714038B1037A042B03D8A7
:10E84000024A32F81300704700207047EAC70308F5
:10E85000F0B5044685B028B90023184643EA0020E5
:10E8600005B0F0BD0F234FF0FF31012500688DF892
:10E870000A300DF10B070DF0ACFE019500972B4609
:10E880000DF10A025C21204602F064FE0646206873
:10E890000DF0C4FEBEB14FF0FF3120680DF099FEBF
:10E8A000CDE900752B460DF10A025D21204602F0EC
:10E8B00051FE054620680DF0B1FE002DCCD15D2043
:10E8C0009DF80B30CAE75C20FAE70860704700004B
:10E8D00037B50D46044610B9052003B030BD0068B9
:10E8E0000028F9D0FFF7B4FFC3B2B32BADF8040092
:10E8F00013D0B42B03D0B12B0FD00420EDE7072D9C
:10E90000EAD8062DE8D0064AA571525D63719DF8DC
:10E910000530A26023710020DFE72222F6E700BF66
:10E92000F9C703087FB50446002857D00268002ABB
:10E9300056D04379B32B03AE2BD0B42B1CD0B12BC4
:10E9400049D0354623684FF0FF3118680DF041FE7D
:10E950000022CDE90022AB1B217920689BB2324610
:10E9600002F0F8FD2368054618680DF057FE281ED2
:10E9700018BF012004B070BD837963B310228DF8F5
:10E980000D3001238DF80C208DF80E300DF10F05A0
:10E99000D8E749F211031068ADF80C304FF0FF31A1
:10E9A0000DF017FE0023CDE9003332460223217912
:10E9B000206802F0CFFD2368054618680DF02EFE92
:10E9C00085B90520F3F778F841F21133ADF80C3032
:10E9D0000DF10E05B6E740F21113F7E70520C9E780
:10E9E0000620C7E70120C5E77FB5054628B30368C1
:10E9F0002BB3272218688DF80E204FF0FF310DF051
:10EA0000E8FD01240DF10F030093019423462979B9
:10EA100028680DF10E0202F09DFD2B68064618686D
:10EA20000DF0FCFD6EB99DF80F0000F00300B0FA88
:10EA300080F04009C00004B070BD0520FBE706204F
:10EA4000F9E72046F7E700007FB50E46054658B3C4
:10EA500051B3036853B32B2218688DF80B204FF085
:10EA6000FF310DF0B6FD0223019303AB009329792A
:10EA7000286801230DF10B0202F06CFD2B6804469F
:10EA800018680DF0CBFD9CB99DF80D309DF80C0079
:10EA900000EB032000B2F1F7B1F80649F1F7B6F93F
:10EAA0003060204604B070BD0520FBE70620F9E782
:10EAB0000120F7E70000C8427FB50E46054688B33F
:10EAC00081B3036883B3282218688DF80B204FF0B8
:10EAD000FF310DF07EFD0323019303AB00932979F1
:10EAE000286801230DF10B0202F034FD2B68044667
:10EAF00018680DF093FDCCB99DF80E309DF80D20EF
:10EB000002EB03229DF80C30642003EB02235843F0
:10EB1000F1F770F84FF06651F1F7C4F83060204615
:10EB200004B070BD0520FBE70620F9E70120F7E7F8
:10EB3000F0B50E4687B017460546002842D000299A
:10EB400040D0002A3ED00368002B3DD02822186810
:10EB50008DF80F204FF0FF310DF03BFD05230193A1
:10EB600004AB00932979286801230DF10F0202F00C
:10EB7000F1FC2B68044618680DF050FD34BB9DF87D
:10EB800012309DF8112002EB03229DF81030642012
:10EB900003EB02235843F1F72DF84FF06651F1F7DC
:10EBA00081F89DF8143038609DF8130000EB0320C5
:10EBB00000B2F1F723F80649F1F728F93060204652
:10EBC00007B0F0BD0520FBE70620F9E70120F7E7D5
:10EBD0000000C84200B18068704700002DE9F0478E
:10EBE00086B089230026DFF8A8808DF80F30044610
:10EBF000B1464FF0FF3120680DF0EBFC18F8015BD7
:10EC00000123CDE900990DF10F022946204602F0BB
:10EC1000A1FC074620680DF001FD3FB10136032E2F
:10EC2000E7D10025284606B0BDE8F0870A20F2F7B4
:10EC300043FF4FF0FF3120680DF0CBFC0DF1100ABF
:10EC4000062301933A463B46CDF800A029462046CC
:10EC500002F080FC074620680DF0E0FC002FDDD1BB
:10EC60000C4F38680028DDD00222514602F0DFFD4B
:10EC70009DF812308342D1D1386802220DF1130180
:10EC800002F0D5FD9DF815308342CBD0C6E700BF1A
:10EC900004C803081843002037B5044698B10B4D4B
:10ECA0002B683BB9CDE900331A46FF21312002F031
:10ECB0004AFD28602046FFF791FFB0FA80F0400936
:10ECC000800003B030BD0520FBE700BF18430020E3
:10ECD00013B561B158B1074C086023683BB9CDE961
:10ECE00000331A46FF21312002F02DFD206002B0D2
:10ECF00010BD00BF1843002038B50D46044680B152
:10ED0000006870B1FFF76AFF68B120713DB1012D55
:10ED100014BFE023F6236371A571002038BDFD23E5
:10ED2000F9E70520FAE70420F8E730B5044685B096
:10ED3000E8B10368EBB1427918688DF80F204FF005
:10ED4000FF310DF046FC0023CDE900330DF10F0239
:10ED500021792068012302F0FDFB2368054618682D
:10ED60000DF05CFC281E18BF012005B030BD052049
:10ED7000FBE70620F9E7002070470000F0B50D46DC
:10ED800085B00446002838D0002936D00368002B0F
:10ED900035D018684FF0FF310DF01BFC03AF032393
:10EDA0000193009700231A462179206802F0D2FBD4
:10EDB0002368064618680DF031FC16BB124B186824
:10EDC00088B9BDF80C305BBA9BB2AF205843F0F75E
:10EDD00015FF0E49F1F71AF80D49F0F759FE2860B2
:10EDE000002005B0F0BD0222394602F020FD9DF85A
:10EDF0000E308342E5D00920F3E70520F1E7062035
:10EE0000EFE70120EDE700BF1843002000FF7F4738
:10EE1000000034427FB50D460446002839D0002951
:10EE200037D00368002B36D018684FF0FF310DF053
:10EE3000D0FB0623019302AB009300231A462179ED
:10EE4000206802F087FB2368064618680DF0E6FB91
:10EE50001EBB134B186888B9BDF80B305BBA9BB268
:10EE60007D205843F0F7CAFE0E49F0F7CFFF0E4958
:10EE7000F0F70EFE2860002004B070BD02220DF1F4
:10EE80000B0102F0D4FC9DF80D308342E4D0092040
:10EE9000F2E70520F0E70620EEE70120ECE700BFEF
:10EEA0001843002000FF7F470000C0402DE9FF41CC
:10EEB0000D4616460446002858D0002956D0002A90
:10EEC00054D00368002B53D018684FF0FF310DF079
:10EED00080FB0DF1080806230193CDF80080002384
:10EEE0001A462179206802F035FB23680746186826
:10EEF0000DF094FB002F3DD11F4C206808BBBDF8DE
:10EF00000830BDF80B405BBA9BB2AF205843F0F716
:10EF100075FE1A49F0F77AFF1949F0F7B9FD64BA9E
:10EF20002860A4B27D206043F0F768FE1349F0F733
:10EF30006DFF1449F0F7ACFD3060002004B0BDE86F
:10EF4000F0810222414602F072FC9DF80A308342B1
:10EF500001D00920F2E7206802220DF10B0102F036
:10EF600066FC9DF80D308342C9D0F2E70520E5E745
:10EF70000620E3E70120E1E71843002000FF7F4778
:10EF8000000034420000C04030B18379022B02D827
:10EF9000024AD05C70470020704700BF01C80308D8
:10EFA0001FB54CF6EF03ADF80A3003AC0323019311
:10EFB000009402230DF10A02702102F0CBFAD8B9B5
:10EFC0000E4B186870B9BDF80C0040BA20F4F86018
:10EFD0000005000D40F60703984214BF03200020EF
:10EFE00004B010BD0222214602F021FC9DF80E3033
:10EFF0008342E8D00920F3E70120F1E71C43002019
:10F0000037B50446C8B10E4D2B683BB9CDE9003386
:10F010001A46FF21312002F096FB28604FF0FF31A5
:10F0200020680DF0D6FA2046FFF7BAFF05462068A3
:10F030000DF0F4FA284603B030BD0525FAE700BF0D
:10F040001C43002073B50C46054660B159B1074E0C
:10F0500033683BB9CDE900331A46FF21312002F075
:10F0600072FB3060256002B070BD00BF1C43002001
:10F0700038B5044690B1036883B100220271186864
:10F080004FF0FF310DF0A5FA2068FFF789FF2368E4
:10F09000054618680DF0C2FA284638BD0525FBE77D
:10F0A00030B5054685B028B302682AB30171F1B9BD
:10F0B00078214FF4CC430B431068ADF80E304FF07D
:10F0C000FF310DF086FA0023CDE900330DF10E0279
:10F0D00002237021286802F03DFA2B680446186864
:10F0E0000DF09CFA201E18BF012005B030BD034B67
:10F0F0005821E0E70520F8E70620F6E700E0FFFFEB
:10F10000002070472DE9FF410E460446002851D0EB
:10F1100000294FD00368002B4ED0037902AF002B9B
:10F120003BD03846F2F79AFDBDF80830244A4FF438
:10F130007A7101FB003123480FF010FE0DF10B0531
:10F140004FF0060823684FF0FF3118680DF041FAC0
:10F15000CDE9007800231A462068702102F0FAF900
:10F160002368074618680DF059FA3FBB164B18681C
:10F17000B8B9288840BA80B2F0F740FD1349F0F7DB
:10F1800091FD4FF05E51F0F78DFD1149F0F780FCD5
:10F190003060002004B0BDE8F0813D464FF0030828
:10F1A000D0E70222294602F042FBAB788342E0D04E
:10F1B0000920EFE70520EDE70620EBE70120E9E76E
:10F1C00016C80308545A03081C43002000002F43AC
:10F1D000000034422DE9FF410E46044600284DD080
:10F1E00000294BD00368002B4AD00379012B02AFD2
:10F1F00037D03846F2F732FDBDF80830224A4FF4D6
:10F200007A7101FB003121480FF0A8FD0DF10B05CB
:10F210004FF0060823684FF0FF3118680DF0D9F958
:10F22000CDE9007800231A462068702102F092F997
:10F230002368074618680DF0F1F91FBB144B1868D6
:10F2400098B92B885BBA9BB264205843F0F7D6FC80
:10F250004FF05E51F0F726FD3060002004B0BDE8AD
:10F26000F0813D464FF00308D4E70222294602F020
:10F27000DEFAAB788342E4D00920EFE70520EDE722
:10F280000620EBE70120E9E707C80308545A030802
:10F290001C4300202DE9F0430F4685B01646054675
:10F2A000002860D000295ED0002A5CD003680624C4
:10F2B000002B5AD018684FF0FF310DF108090DF0FE
:10F2C00088F901940023CDF800901A46286870212F
:10F2D00002F040F92B68044618680DF09FF9002CE5
:10F2E00045D1DFF89080D8F8000030BBBDF80800A9
:10F2F000BDF80B402B7940BA64BA80B2A4B213B106
:10F30000034620461C46F0F779FC1B49F0F7CAFC7F
:10F310004FF05E51F0F7C6FC1849F0F7B9FB3860C2
:10F3200064206043F0F76AFC4FF05E51F0F7BAFCDE
:10F330003060002005B0BDE8F0830222494602F0AB
:10F3400076FA022204460DF10B01D8F8000002F013
:10F350006EFA9DF80A30A34203D19DF80D30834226
:10F36000C4D00920E6E70520E4E72046E2E70120D3
:10F37000E0E700BF1C43002000002F4300003442A0
:10F380000D2070472DE9F04F87B04FF0FF3200217C
:10F3900001200CF0E2FF002816DA0230F5D00DF162
:10F3A0001600F2F75BFCBDF816304E4A4FF47A7146
:10F3B00001FB00314C480FF0D1FC4C4B186807B0F2
:10F3C000BDE8F04F0CF051BF494E4A4C4A4F3068EF
:10F3D0004FF0FF310DF0FDF8002223683D68114623
:10F3E00091464FF0010C0CFA01F0184205D028426A
:10F3F00002BF834349EA0009012201310429F2D105
:10F4000002B1236030680DF009F9B9F1000FBCD0EA
:10F41000DFF8E88000254FF0010B0BFA05FA19EA36
:10F420000A0F59D0022D1AD0032D1BD0012D13D055
:10F4300001F01BFA0446C0B90DF11600F2F70EFCFC
:10F44000BDF816402E4A4FF47A7101FB00412B465D
:10F450002C480FF083FC98E701F00CFAEAE701F082
:10F4600016FAE7E701F018FAE4E74FF0FF313068E9
:10F470000DF0AFF83B683068C8F8004043EA0A0373
:10F480003B600DF0CBF82049204608F003FA18B392
:10F4900003900DF11600F2F7E1FBBDF816C0039BD7
:10F4A000174A00934FF47A7101FB00C12B461748AD
:10F4B0000FF054FC4FF0FF3130680DF08AF8002354
:10F4C000C8F800303B68306823EA0A033B600DF05F
:10F4D000A5F8204600F068FA0135042D08F104086B
:10F4E0009BD152E75EC80308FC5A03083C43002046
:10F4F00038430020344300203043002020430020C4
:10F5000043C80308805A030811F50108C45A0308C8
:10F51000F0B5274F85B006460D4638684FF0FF31ED
:10F520000DF057F8234B00241A4653F8041BA94248
:10F530001CD12149002342F824300B680122A2404B
:10F5400023EA02030B607EB10DF10E00F2F786FB99
:10F55000BDF80EC0194A00964FF47A7101FB00C144
:10F56000234617480FF0FAFB012403E00134042C72
:10F57000DBD10024284600F017FA6CB90DF10E001B
:10F58000F2F76CFBBDF80E300C4A4FF47A7101FBB8
:10F5900000310C480FF0E2FB38680DF03FF80A4BE1
:10F5A0001868012105B0BDE8F0400CF078BE00BF3E
:10F5B00038430020204300203043002026C80308A1
:10F5C000265B0308595B03083C43002000B500207C
:10F5D0008BB00CF0C7FF0B4B20221860002102A853
:10F5E00010F0B0F9084B01934FF440721023CDE9AD
:10F5F0000623002101AA05480CF0E3FD044B186026
:10F600000BB000BD38430020885B030885F3010878
:10F610003C43002070B50C4E4FF0FF31044630687B
:10F620000CF0D7FF094B30681A68012505FA04F47D
:10F6300014431C600CF0F2FF054B29461868BDE826
:10F6400070400CF02CBE00BF384300203443002033
:10F650003C430020F8B500220A21092008F06CFF85
:10F66000092008F09BFF174E174F4FF0FF352A4631
:10F67000002101200CF071FE00281EDA02304FF04C
:10F68000FF35F4D11148082109F078FC33780128BE
:10F69000044618BF0224A342E9D04FF0FF31386876
:10F6A0000CF097FF386834700CF0B8FF084B1B68FB
:10F6B000002BDCD020469847D9E7C307E2D54FF4AA
:10F6C000FA75D4E748430020504300200004004866
:10F6D0004443002070B53C4D2B78834286B00446ED
:10F6E0006FD01422002101A810F02CF9052C5AD853
:10F6F000DFE804F003142F4646464FF400614FF054
:10F70000904009F0C7FB4FF480514FF0904009F052
:10F71000C1FB6420F2F7D0F92C7052E04FF4006383
:10F7200001A903264FF09040CDE9013609F006FB10
:10F730004FF48056012301A94FF09040CDE90163B9
:10F7400009F0FCFA002231464FF0904009F01CFC11
:10F75000DFE7122302930423059301A94FF400630A
:10F760004FF09040019309F0E9FA4FF48053019370
:10F770000023039301A94FF0904009F0DFFAC8E796
:10F78000032C04D0042C0CBF0123022303934FF459
:10F79000006301A94FF09040019309F0CFFA4FF4B4
:10F7A00080530193E6E70DF10200F2F757FABDF836
:10F7B00002304FF47A7101FB0031224603480FF00A
:10F7C000CDFA06B070BD00BF404300208B5B03083C
:10F7D000034B186810B101210CF061BD704700BFE8
:10F7E0004C43002070B586B00024054608264FF42F
:10F7F000441301A911480594CDE90163CDE90344FF
:10F8000009F09CFA0E4B0D481D60314609F0B6FB1D
:10F810000C4B012818BF022018702046FFF75AFF32
:10F8200020460CF09FFE084B084A18602146084805
:10F830000CF0C7FC074B186006B070BD0004004810
:10F8400044430020484300205043002078C8030868
:10F8500055F601084C43002038B5064C4FF0FF31F7
:10F8600020680CF0B6FE044B20681D780CF0D6FE24
:10F87000284638BD504300204843002038B5074D86
:10F8800004464FF0FF3128680CF0A3FE2046FFF736
:10F8900021FF2868BDE838400CF0C0BE504300206E
:10F8A000012830B511D814BF094B0A4B181F411E4F
:10F8B000013BC41C13F8012F11F8015FD243D2B2EF
:10F8C000954202D1A142F5D130BD0020FCE700BF36
:10F8D00004F803080CF8030808B50020FFF7E0FF60
:10F8E00038B10120FFF7DCFF00280CBF26200020E4
:10F8F00008BD2520FCE70000F0B5FF2885B00446D0
:10F900000D4616464FEAC00306D8022B04D9072934
:10F9100002D816D1072A14D90DF10E00F2F79EF97C
:10F92000BDF80E70194A4FF47A7101FB0071CDE9F0
:10F930000056174823460FF011FA0024204605B060
:10F94000F0BD2046FAF714FF044670B90DF10E0021
:10F95000F2F784F9BDF80E300C4A4FF47A7101FBCE
:10F9600000310C480FF0FAF9E7E7032300932A4629
:10F970000023FAF74EFF072DE0D10423009332460F
:10F9800000232046FAF745FFD8E700BF9CC80308CC
:10F99000C55B0308015C030820B14B1EFE2B01D898
:10F9A000FAF700BF00207047FAF712BF08B1FAF764
:10F9B0003DBF704708B510B1FAF719FFC0B208BDD6
:10F9C000F7B50E460546C0B3B9B300248DF806401E
:10F9D0008DF80740FAF745FF214607462846FAF713
:10F9E00037FF044690B903220DF106012846FAF7C5
:10F9F0003BFF044650B99DF80630062B06D9042279
:10FA00000DF107012846FAF72FFF0446394628462C
:10FA1000FAF71EFF74B99DF807309DF80620DB0049
:10FA200002F0070203F078031343327822F07F02DA
:10FA300013433370204603B0F0BD0124FAE72DE9EB
:10FA4000F34180460D4617460521002213201E462D
:10FA5000FFF752FF044618B30523424600934FF0C8
:10FA600020080023FAF7D5FE3A460023CDF800809F
:10FA70002046FAF7CEFE32460023CDF8008020461D
:10FA8000FAF7C7FE012300932A4600232046FAF71F
:10FA9000C0FE10230093089A00232046FAF7B9FE0F
:10FAA000204602B0BDE8F081F8B50E461546044682
:10FAB00080B179B172B1FAF797FE47192046FAF78B
:10FAC0009BFE874208D82A4631462046BDE8F840CA
:10FAD000FAF79ABE0120F8BD0320FCE738B5602094
:10FAE0000FF040FE0446054638B11320FAF740FEF9
:10FAF000206018B920460FF03DFE0025284638BD8D
:10FB000013B50446C0B10068FAF793FEFCF782F91A
:10FB100042780323002A009318BF0622002320689E
:10FB2000FAF777FE234604F1580100221A7143F8D0
:10FB3000082F8B42FAD1E26502B010BD2DE9F74FD4
:10FB40000E461D46044600287DD00A297BD8FCF7C6
:10FB500061F9E76D804687B9192300930C9A2068F4
:10FB60000A23B2FBF3F23B46FAF753FE0423009359
:10FB7000206832463B46FAF74CFE182707FB0687FB
:10FB80002846396BF0F742F9D7F83C9049460546CC
:10FB9000F0F726FA10BB3F6C28463946F0F73EFADC
:10FBA00000B13D4628464946EFF772FF4FF07C51C1
:10FBB000EFF770FFF0F778FA04EBC605182303FBA4
:10FBC000068607462B79AA68706CAF60D4F800905F
:10FBD00033B9726B00923A46484624E04846E2E761
:10FBE0004FF07C51A7EB0208F0F75CF8F0F736FA1B
:10FBF00088EAE87BABEBE87B8345D6F838A01DDBD1
:10FC000002232B714FF0FF320AF1FF339A40CDF8F7
:10FC100000A0D3174846FAF7FCFD50B9736B009368
:10FC2000034620683A46FAF7F4FD10B9E36D013354
:10FC3000E36501232B7103B0BDE8F08F4246CDF898
:10FC400000A0D317C8E70120F5E710B10068FAF764
:10FC5000EDBD704708B518B10068FAF7C8FDC0B22D
:10FC600008BD08B190F85C00704773B514460546AE
:10FC70000E46FAF7B9FD0C34A0421DD301A928465F
:10FC8000FFF79EFE0446C0B99DF8043003F07F03E1
:10FC9000172B11D10C2E10D08DF803000721284608
:10FCA000FAF7D6FD05220DF103012846FAF7DCFD2F
:10FCB0009DF80330B34200D00924204602B070BD45
:10FCC00073B50E460546D0B1C9B100220C21FFF72D
:10FCD000CCFF044680B98DF8070007212846FAF7C3
:10FCE000B7FD05220DF107012846FAF7BDFD9DF885
:10FCF00007300B2B05D83370204602B070BD0124AD
:10FD0000FAE70924F8E7F7B50D460646A8B3A1B30C
:10FD100002220521FFF7A9FF044658BB8DF8070012
:10FD200002220DF107013046FAF79EFD9DF80730DB
:10FD3000C5F8014003F00102C3F340036F1C2A70B1
:10FD4000EB7042B9EC78ACB10422A9183046FAF74E
:10FD50008BFD04460EE00222A9183046FAF784FD16
:10FD6000044638B9042239463046FAF77DFD044688
:10FD70000028E7D0204603B0F0BD0124FAE773B5B0
:10FD80000E46054610B309B303220721FFF76DFFA6
:10FD90000446C0B90C212846FAF75AFD03220DF19A
:10FDA000070128468DF80740FAF75EFD9DF80730F9
:10FDB000032B0DD8012B337005D10322711C28466B
:10FDC000FAF752FD0446204602B070BD0124FAE75E
:10FDD0001D24F8E773B50D460646A0B199B103227C
:10FDE0000821FFF742FF044650B98DF807000322AF
:10FDF0000DF107013046FAF737FD9DF807302B70FB
:10FE0000204602B070BD0124FAE770B50E460546E3
:10FE100090B189B120220421FFF727FF044648B999
:10FE200030600C212846FAF713FD2022314628467F
:10FE3000FAF71AFD204670BD0124FBE770B50E46A7
:10FE4000054690B189B120220921FFF70EFF044633
:10FE500048B930600C212846FAF7FAFC20223146D6
:10FE60002846FAF701FD204670BD0124FBE770B576
:10FE70000D460646B8B1B1B108220321FFF7F5FEE1
:10FE8000044670B907232B700C213046FAF7E0FCCA
:10FE9000082229463046FAF7E7FC2B78072B28BFC3
:10FEA0000924204670BD0124FBE737B50D46044602
:10FEB000F0B1E9B10DF10601FFF7D9FFB0B99DF836
:10FEC0000630012B16D18DF8070014212046FAF7D1
:10FED000BFFC03220DF107012046FAF7C5FC28B943
:10FEE0009DF807302B70032B28BF1D2003B030BDB9
:10FEF0000120FBE71C20F9E773B50C460546D8B195
:10FF0000D1B10DF10701FFF7B2FFB8B99DF8076055
:10FF1000042E13D114212846FAF79AFC02232370E9
:10FF2000324621462846FAF79FFC18B92378022B5F
:10FF300028BF0C2002B070BD0120FBE70920F9E7C3
:10FF400037B50D460446F8B1F1B103220021FFF7A1
:10FF50008CFEB8B98DF807000C212046FAF778FC22
:10FF600003220DF107012046FAF77EFC50B99DF8F7
:10FF700007302B70012B09D804D10822691C2046B8
:10FF8000FAF772FC03B030BD0120FBE71D20F9E752
:10FF90002DE9F7430D460446002845D0B1F5003F52
:10FFA00042D200221346012101FA02F0284202F156
:10FFB000010218BF0133112AF6D1DB002733982B39
:10FFC00032D8042207211320FFF796FC064658B3C7
:10FFD000202300932A460023FAF71BFC00274FF04A
:10FFE00001084FF0020908FA07F32B4208D1013744
:10FFF000112F04F10104F6D1304603B0BDE8F083BF
:020000040802F0
:10000000CDF80090002322783046FAF702FC034630
:1000100038B906220092627C3046FAF7FAFB0028D3
:10002000E5D03046FFF7C0FC0026E5E72DE9F743B1
:100030000D4617460646002868D0002966D0002ADB
:1000400064D06946FFF7BCFC044630B99DF8003027
:1000500003F07F03272B04D00924204603B0BDE81A
:10006000F08307213046FAF7F3FB202201A930463E
:10007000FAF7FAFB04460028EFD1019AB2F5003FE7
:10008000EAD20346012101FA03F0104203F1010311
:1000900018BF0134112BF6D13046FAF7A5FBE40066
:1000A00027348442D8D807213046FAF7D1FB2222E0
:1000B000002128460FF046FC00233B6020223946F1
:1000C0003046FAF7D1FB04460028C6D181464FF0EE
:1000D00001083A6808FA09F3134207D109F1010946
:1000E000B9F1110F05F10105F3D1B6E70222294656
:1000F0003046FAF7B9FB38B9062205F1110130464E
:10010000FAF7B2FB0028E9D00446A6E70124A4E7E9
:100110002DE9FF4707460E4615463AB1831E012BCF
:1001200004D8012902D813780F2B12D90DF10E0033
:10013000F1F794FDBDF80E302F4A4FF47A7101FBB0
:1001400000312E480EF00AFE0024204604B0BDE81F
:10015000F087002201211320FFF7CEFB0446002880
:10016000F2D002233A4600934FF004080023FAF736
:1001700050FBCDF800802A7800232046FAF749FB8F
:1001800001233246009320460023FAF742FB0B235B
:1001900000936A8800232046FAF73BFB05F10B0920
:1001A0002E462F464FF0080A6B88721B1341DB075F
:1001B00005D401364E4507F10207F5D1C5E7CDF864
:1001C00000A0002332792046FAF723FB034678B9D2
:1001D000CDF80080FA7B2046FAF71BFB034638B9BE
:1001E000CDF800803A7C2046FAF713FB0028E0D0D7
:1001F0002046FFF7D9FBA7E7AFC80308245C030834
:100200002DE9F7430E460446002800F09C800029A3
:1002100000F0998001A9FFF7D3FB054630B99DF89E
:10022000043003F00703012B04D00925284603B04E
:10023000BDE8F0832046FAF7D7FA042801D8042550
:10024000F4E703212046FAF703FB02220DEB02013B
:1002500020468DF80250FAF707FB9DF80230D3BB19
:100260002822002130460FF06DFB03212046FAF7CB
:10027000EFFA022231462046FAF7F6FA3378002BDD
:10028000D4D00422B11C2046FAF7EEFA0B22311D1D
:100290002046FAF7E9FA06F1110806F10B0937468C
:1002A000B388BA1B1341DB070FD50822B91D2046BE
:1002B000FAF7DAFA042241462046FAF7D5FA042280
:1002C00008F101012046FAF7CFFA01374F4508F14E
:1002D0000208E5D1AAE7012B01D00825A6E72046B0
:1002E000FAF782FA0828AAD904220DF10301204660
:1002F0008DF80350FAF7B8FA9DF80330002B94D02C
:100300000B220DF106012046ADF80650FAF7ACFAC3
:1003100008B105468AE70027BDF806103B4641FABA
:1003200003F2013302F001020B2B1744F7D1082F1F
:1003300001D91D257AE72046FAF756FA3F0114370E
:1003400087428DD97BE7012570E773B50D460446DA
:10035000002841D000293FD001A9FFF731FB064614
:1003600030B99DF8043003F07F030F2B03D009262A
:10037000304602B070BD07212046FAF769FA2046E0
:10038000FAF732FA3A28F2D92E606E60AE60072191
:100390002046FAF75DFA294603222046FAF764FA66
:1003A000A91C0C222046FAF75FFA291D0C222046D0
:1003B000FAF75AFAA91D0C222046FAF755FA05F168
:1003C00008010C222046FAF74FFA012205F10A0132
:1003D0002046FAF749FACBE70126C9E773B5054687
:1003E00088B1012207211320FFF786FA044650B195
:1003F000032300932A880023FAF70BFA034630B14F
:100400002046FFF7D1FA0024204602B070BD0C262A
:1004100000966A882046FAF7FCF903460028EFD1D7
:100420000096AA882046FAF7F4F903460028E7D197
:100430000096EA882046FAF7ECF903460028DFD157
:1004400000962A892046FAF7E4F903460028D7D116
:10045000012200926A892046FAF7DBF90028D3D0FE
:10046000CEE7F7B5044638B1002207211320FFF785
:1004700043FA054618B92C46204603B0F0BD0B23BD
:100480000726228800930023FAF7C3F962880096B2
:1004900000232846FAF7BDF9A288009600232846D3
:1004A000FAF7B7F9E288009600232846FAF7B1F97F
:1004B0000E272289009600232846FAF7AAF96289B6
:1004C000009700232846FAF7A4F9A2890097002391
:1004D0002846FAF79EF9E289009600232846FAF7A3
:1004E00098F9228A009600232846FAF792F9628A40
:1004F000009600232846FAF78CF9A28A009600237A
:100500002846FAF786F9E28A009700232846FAF788
:1005100080F9228B0097002303272846FAF779F900
:100520000426E27E009700232846FAF772F9A27E9D
:10053000009600232846FAF76CF9627F00970023A3
:100540002846FAF766F9227F009600232846FAF734
:1005500060F9E27F009600232846FAF75AF9A27F55
:10056000009600232846FAF754F984E7F7B50D46BC
:100570000446002800F09380002900F0908001A933
:10058000FFF71EFA074630B99DF8046006F07F06B3
:10059000072E03D00927384603B0F0BD3146204668
:1005A000FAF756F92046FAF71FF99728F2D92022D0
:1005B000394628460FF0C6F931462046FAF748F981
:1005C00029460B222046FAF74FF93246A91C20464D
:1005D000FAF74AF93246291D2046FAF745F932461C
:1005E000A91D2046FAF740F9324605F108012046D8
:1005F000FAF73AF905F10A010E222046FAF734F922
:1006000005F10C010E222046FAF72EF9324605F1CB
:100610000E012046FAF728F9324605F1100120466E
:10062000FAF722F9324605F112012046FAF71CF9D1
:10063000324605F114012046FAF716F905F11601C4
:100640000E222046FAF710F905F118010E22204675
:10065000FAF70AF905F11B0103222046FAF704F91B
:1006600005F11A0104222046FAF7FEF805F11D01F2
:1006700003222046FAF7F8F805F11C01042220466F
:10068000FAF7F2F805F11F0104222046FAF7ECF818
:10069000042205F11E012046FAF7E6F87BE7012760
:1006A00079E72DE9F7430F46054640B34A1E47F662
:1006B000FE739A4223D8032207211320FFF71CF967
:1006C0000446E0B1202300933A460023FAF7A1F84C
:1006D000013500264FF001084FF0040908FA06F32F
:1006E0003B4219D0CDF80090002315F8012C20468C
:1006F000FAF78FF8034638B12046FFF755F9002482
:10070000204603B0BDE8F083032200922A782046F9
:10071000FAF77FF80028EFD101360F2E05F1020518
:10072000DCD1EDE72DE9F74388461746054600285A
:1007300060D000295ED0002A5CD06946FFF740F9FE
:10074000044630B99DF8003003F07F031F2B04D01E
:100750000924204603B0BDE8F08307212846FAF7B4
:1007600077F8202201A928460194FAF77DF804467B
:100770000028EED1019AB2F5004FE9D206460346B1
:10078000012101FA03F0104203F1010318BF013601
:100790000F2BF6D12846FAF727F8C6EBC606273600
:1007A0008642D5D8072100262846FAF751F81E229E
:1007B00031463E6040460FF0C5F8202239462846B3
:1007C000FAF752F84FF001093A6809FA06F31342B2
:1007D0000AD0042241462846FAF746F8032208F1D7
:1007E00001012846FAF740F801360F2E08F10208F9
:1007F000EAD1AEE70124ACE737B50546062207216A
:100800001320FFF779F8044628B1082300932A46FD
:100810000023F9F7FEFF204603B030BDF9F7F4BF1F
:10082000F7B507460D461646022100221320FFF7B2
:1008300063F80446B0B101F06FF92023024600933B
:1008400020460023F9F7E5FF0A2300933A460023E8
:100850002046F9F7DEFF2DB126B132462946204663
:10086000F9F7D2FF204603B0F0BD00221146104632
:10087000FFF7D6BF07B5F9F71BFB03228DF807007A
:100880000DF107010120FFF7CBFF03B000BD0022EF
:1008900011460220FFF7C4BF07B5FAF7C5F90122D8
:1008A0008DF807000DF107010320FFF7B9FF03B032
:1008B00000BD37B50C460546F9F796FF0D34A0424A
:1008C00002D2002003B030BD01A92846FFF778F816
:1008D0000028F6D19DF8040000F07F00A0F12F035E
:1008E00058425841EEE7F7B5054605220721132087
:1008F000FFF702F8044668B30223009302220023A4
:10090000F9F787FF042300930022002308272046DD
:10091000F9F77FFF00972A7800232046F9F779FF3F
:10092000032300936A78002320262046F9F771FFFD
:1009300000966A6800232046F9F76BFF00972A7A31
:1009400000232046F9F765FF0096EA680023204659
:10095000F9F75FFF204603B0F0BDF7B50546052265
:1009600007211320FEF7C8FF0446002846D00223C3
:10097000009302220023F9F74CFF0423032600937F
:10098000012200232046F9F744FF00962A7C002329
:100990002046F9F73EFF092300932A6800232046EA
:1009A000F9F737FF009610276A7C00232046F9F7F5
:1009B00030FF00976A6800232046F9F72AFF009667
:1009C000AA7C00232046F9F724FF0097AA68002399
:1009D0002046F9F71EFF0096EA7C00232046F9F72F
:1009E00018FF0097EA6800232046F9F712FF20233A
:1009F00000936A6900232046F9F70BFF204603B0F5
:100A0000F0BD70B50E460546B0B1A9B10021FFF7A3
:100A100050FF98B10024072134802846F9F718FFC9
:100A2000022231462846F9F71FFF0422711C28468E
:100A3000F9F71AFF204670BD0120FCE70920FAE70C
:100A400073B50D460446002846D0002944D05321F2
:100A5000FFF72FFF18B90926304602B070BD1022EB
:100A6000002128460EF06EFF07212046F9F7F0FE20
:100A7000002302220DF1060120468DF806308DF884
:100A80000730F9F7F1FE04220DF107012046F9F7CE
:100A9000EBFE9DF80630012BDDD19DF80760002E9E
:100AA000D9D1294608222046F9F7DEFE691C032227
:100AB0002046F9F7D9FE291D20222046F9F7D4FE59
:100AC0000822A9182046F9F7CFFE202205F10C01D3
:100AD0002046F9F7C9FEBFE70126BDE72DE9F3413E
:100AE000884617461E460546E0B3D9B3D2B3CBB30A
:100AF0002B21FFF7DEFE18B9092002B0BDE8F08116
:100B000007212846F9F7A4FE002402220DF1060170
:100B100028468DF806408DF80740F9F7A5FE042217
:100B20000DF107012846F9F79FFE9DF80630012BCD
:100B3000E2D19DF80730022BDED1C8F80040202218
:100B40003C70414634702846F9F78EFE0322394640
:100B50002846F9F789FE082231462846F9F784FE2F
:100B60002046CAE70120C8E7F0B5062885B0074649
:100B70000E46154603D90024204605B0F0BD71B3DA
:100B8000002AF8D0002203211320FEF7B5FE044608
:100B90000028F0D0082300933A460023F9F739FEE5
:100BA000002EE9D0002DE7D02A4631462046F9F73D
:100BB0002BFE05460028DFD02046FEF7F5FE0DF19E
:100BC0000E00F1F74BF8BDF80E40064A4FF47A716B
:100BD00001FB00412B4604480EF0C0F8CBE7002A89
:100BE000D0D0C8E708C903084B5C030810B5284BF0
:100BF00088B00020D3F88045FEF752FE40F2012372
:100C0000ADF80C30234B8DF818401A68120C8DF893
:100C10000F201A681B688DF811300223ADF81230CE
:100C200001238DF81430230E8DF81530230C00218C
:100C3000120A8DF81630230A8DF80E108DF8102048
:100C40008DF81730CDF8191090B10368CDF8193030
:100C5000882203A90020FFF787FF044628B101235B
:100C6000009300220023F9F7D4FD204608B010BD00
:100C70000DF10A00F0F7F2FFBDF80A30064A4FF412
:100C80007A7101FB003105480EF068F8E0E700BF1B
:100C90000070FF1F204400201BC903088F5C03085D
:100CA000FFF762BFF0B5054685B088B90DF10E00BB
:100CB000F0F7D4FFBDF80E302D4A4FF47A7101FBE6
:100CC00000312C480EF04AF82C46204605B0F0BD05
:100CD000002211460420FFF747FF04460028F4D005
:100CE0000423009300220023234EF9F792FD2A6883
:100CF0001327B24228BF3246009700232046F9F757
:100D000088FD6A680097B24228BF32460023204619
:100D1000F9F77FFDAA680097B24228BF3246002348
:100D20002046F9F776FDEA680097B24228BF3246BE
:100D300000232046F9F76DFD2A690097B24228BFCB
:100D4000324600232046F9F764FD6A690097B242F3
:100D500028BF324600232046F9F75BFDAA690097B9
:100D6000B24228BF324600232046F9F752FDACE7D5
:100D7000E2C80308B75C0308FFFF07002DE9F04352
:100D8000002285B011460420FFF7EEFE044600283D
:100D900048D04FF0040901220023CDF80090F9F764
:100DA00038FD02A80EF014F92023029A0093204681
:100DB0000023F9F72EFD06F0D3FC054606F0DCFC17
:100DC00006467DB370B36B684FF6FF77BB4228BF12
:100DD0003B464FF010081A46CDF80080002320460D
:100DE000F9F717FD2A7BCDF800900F2A28BF0F22B4
:100DF00000232046F9F70DFD2B69CDF80080BB429A
:100E000028BF3B461A4620460023F9F702FD336906
:100E1000CDF80080BB4228BF3B461A46204600233F
:100E2000F9F7F7FC204605B0BDE8F08337B500229E
:100E300011460520FFF798FE044600284AD0F9F72E
:100E400037F803230246009320460023F9F7E1FC1C
:100E5000F9F734FC0125431B5A425A4100950023FF
:100E60002046F9F7D6FCFAF76BFC021E18BF0122E8
:100E7000002300952046F9F7CCFCFAF7DFFD027A53
:100E80000095003A18BF012200232046F9F7C1FC63
:100E9000FBF762F9837A02781A43037D00951A43BF
:100EA000003A18BF012200232046F9F7B2FCF9F7F7
:100EB000BBFE0023024600952046F9F7AAFCFBF78B
:100EC0002BFB02880095003A18BF01220023204620
:100ED000F9F79FFC204603B030BD73B5044618B93E
:100EE0000025284602B070BD0378022BF8D80146D1
:100EF00003220120FFF738FE05460028F0D02378B2
:100F0000012B09D0022B0CD0002BEAD10322009236
:100F10006278F9F77EFCE4E703230093627800230C
:100F2000F7E70826009662780023F9F772FC00962E
:100F3000A27800232846ECE7F0B5044685B018B93E
:100F40000025284605B0F0BD0378012BF8D80146EE
:100F500003220620FFF708FE05460028F0D0267879
:100F6000A6B1012E24D00DF10E00F0F777FEBDF8EA
:100F70000E6023782E4A4FF47A7101FB00612D48F0
:100F80000DF0ECFE2846FEF70FFDD9E7012704EB34
:100F9000D60328461A79009706F007031A4102F093
:100FA000010200230136F9F734FC202EEFD1C8E707
:100FB0000826009622790023F9F72BFC0096627927
:100FC00000232846F9F725FC10230093E28800232C
:100FD0002846F9F71EFC0096227A00232846F9F7E6
:100FE00018FC0096627A00232846F9F712FC009656
:100FF000A27A00232846F9F70CFC0096E27A202713
:1010000000232846F9F705FC0097E26800232846EC
:10101000F9F7FFFB0097626900232846F9F7F9FB0F
:101020000096227F00232846F9F7F3FB89E700BFEB
:10103000CCC80308DF5C030807222DE9F34104460E
:1010400011461320FEF758FC054698B304F11E071D
:101050000B264FF008080096002362882846F9F70F
:10106000D8FB034618BB0096A2882846F9F7D1FBA7
:101070000346E0B9CDF80080A2792846F9F7C9FB0C
:101080000346A0B9009622892846F9F7C2FB034619
:1010900068B90122009222782846F9F7BAFB30B9E4
:1010A0000A34BC42D7D1284602B0BDE8F0812846B8
:1010B000FEF77AFC0025F6E7F7B504460E46002950
:1010C0003ED0F9F791FB842803D80425284603B0C5
:1010D000F0BD01A92046FEF773FC05460028F5D1B6
:1010E0009DF8043003F07F033F2B01D01C25EDE772
:1010F00007212046F9F7ACFB30461E2229460EF0A8
:1011000021FCB71C203639460B222046F9F7ACFBF0
:10111000B91C0B222046F9F7A7FB391D08222046EF
:10112000F9F7A2FBB91D0B222046F9F79DFBB91E6A
:10113000012220460A37F9F797FBB742E3D1C5E70A
:101140000125C3E7F7B5144605460E46F9F74CFBF3
:101150000734A0421ED301A92846FEF731FC0446FD
:10116000C8B99DF8047007F00707042F12D1052EA7
:1011700011D00523032128468DF80330F9F768FBC9
:101180003A460DF103012846F9F76EFB9DF803304E
:10119000B34200D00924204603B0F0BD37B5044661
:1011A00038B1002204211320FEF7A6FB054618B92A
:1011B0002C46204603B030BD0423009300220023B8
:1011C000F9F727FB214618222846F9F71DFB211DB8
:1011D00018222846F9F718FB04F1080118222846BE
:1011E000F9F712FB202204F10C012846F9F70CFB59
:1011F000DEE737B5044638B1002204211320FEF79C
:101200007BFB054618B92C46204603B030BD0423AD
:10121000009302220023F9F7FCFA214620222846F7
:10122000F9F7F2FA2022211D2846F9F7EDFAEAE74C
:10123000F7B506460D46002204211320FEF75CFB9D
:10124000044690B10427042200230097F9F7E1FA3D
:101250003246002300972046F9F7DBFA0823009373
:101260002A4600232046F9F7D4FA204603B0F0BD01
:1012700073B50E460546E8B1E1B100220521FFF73E
:1012800061FF044618B10924204602B070BD052351
:10129000032128468DF80730F9F7DAFA04220DF118
:1012A00007012846F9F7E0FA9DF80730042BEAD841
:1012B0003370E9E70124E7E770B50E46054638B319
:1012C00031B368220121FFF73DFF044610BB102215
:1012D000014630460EF036FB07212846F9F7B8FAEA
:1012E000182231462846F9F7BFFA1822311D284640
:1012F000F9F7BAFA182206F108012846F9F7B4FA04
:10130000202206F10C012846F9F7AEFA204670BDFE
:101310000124FBE70924F9E72DE9F347884606464F
:1013200000283AD0C9B311220321FFF70BFF04466E
:1013300020B10924204602B0BDE8F08701900721C2
:101340003046F9F785FA112201A93046F9F78CFAEF
:10135000019B30461B010193F9F746FAA0F11807EB
:10136000072FE6D94FEAD70909F1080A50460DF0D0
:1013700063FA054698B1524621460EF0E3FA019B06
:101380002B60C5F8049027F0070205F108013046EC
:10139000F9F76AFAC8F80050CCE70124CAE702243A
:1013A000C8E770B50E46054688B181B120220221FA
:1013B000FFF7C8FE044660B907212846F9F748FA46
:1013C000202231462846F9F74FFA204670BD012405
:1013D000FBE70924F9E7000008B500200BF0C2F88C
:1013E000034B1860034B1860034B186008BD00BF27
:1013F0006C0800205C0800204C0800207FB50E46D9
:10140000054608B301B30023CDE9023301A9C3683F
:101410008068019306F0B8FDB0B9A86806F014FF23
:1014200060B9A868642106F051FD044648B9A8686F
:1014300006F0A6FD3080204604B070BD6FF00100BC
:10144000FAE76FF00200F7E74FF0FF30F4E7EFF74D
:1014500017B8806806F05ABF4FF0B04382B0DA6C1C
:101460000243DA64DB6C03400193019B02B07047D6
:1014700008B50120FFF7F0FF0220FFF7EDFF042081
:10148000FFF7EAFFBDE808408020FFF7E5BF08B599
:101490008188006807F072FD431E5842584108BD1C
:1014A0004B1E5A42818800685A4107F06DBD30B525
:1014B000054687B00C461022002102A80EF042FA21
:1014C000AB88019363781BB1012B14BF0223012366
:1014D00003932378DBB9E378032B09D8DFE803F023
:1014E000020E1114A378022B14BF002303230293CE
:1014F000286801A907F022FC07B030BD4FF488131B
:10150000F5E74FF40413F2E74FF44413EFE7A37841
:10151000012B14BF01231123E9E7000038B5EFF7D1
:10152000CDFEEFF79FFE00200BF01CF8074D084C96
:10153000286000200BF016F82060A86807F001FF73
:10154000A068BDE8384007F0FCBE00BF900800204E
:10155000840800202DE9FF470C9FBDF834800C461D
:10156000154699460646002855D00AB9002F52D094
:1015700059EA08034FD0B06890F8413003F0FF0AF1
:101580004BB907F089FE5146B06808F019F9B06808
:10159000514608F03BF9B06803689A69120407D510
:1015A0001A6822F001021A601A6842F001021A60F9
:1015B000610089B28DB9B8F1000F0ED04FF47A7383
:1015C00000933A46434607F085FF002814BF6FF0AA
:1015D0000100002004B0BDE8F08757B9B9F1000F51
:1015E0000AD04FF47A7300932A464B4607F0C2FEA6
:1015F000EBE7B9F1010F09D82A7801234FF47A7487
:10160000CDE90184009707F0FDFFDEE72C8864BA7E
:10161000A2B20223F2E74FF0FF30DBE72DE9F341FE
:101620000F46054600286BD08368002B6BD01B68E3
:10163000364A934203D002F58062934263D1286810
:101640004FF0FF310AF0C5FF6E6807B3EEB9A86826
:1016500007F022FE31460446A86808F0B1F831468A
:101660000443A86808F0D2F8E4B20443E4B26B681B
:1016700001336B6028680AF0D1FF002C14BF6FF0B3
:101680000200002002B0BDE8F0810024EFE70EB9AF
:101690000024EFE7013E6E60002EF9D1A86807F044
:1016A00050FEAB681A68194B9A420446E2D1184BB7
:1016B0001868184B0190D3F8008001A94046FFF745
:1016C000F6FE154B1E6801A93046FFF7F0FE3946BD
:1016D0004046FFF7E5FE39463046FFF7E1FE0A20B7
:1016E000F0F7EAF9022301A940468DF804708DF85D
:1016F0000630FFF7DCFE01A93046FFF7D8FEB9E758
:101700004FF0FF30BEE76FF00100BBE70054004030
:101710002E3503083CC9030838C90308002310B557
:1017200001460124184621FA03F2D20742BFC3F151
:10173000070204FA02F2024303F1010348BFD0B2E8
:10174000082BF0D110BD2DE9F84305460C209DF87B
:101750002490884617461E460EF004F8044698B1B9
:101760009DF82030057180F80580C771067283717D
:10177000B9F1000F1DD04FF480700DF0F3FF206021
:1017800030B920460DF0F6FF00242046BDE8F8836E
:101790000022D3B208215EB25B00002EDBB2B8BFDC
:1017A0006B400139F7D183540132B2F5807FF0D11B
:1017B000EBE7C0F80090E8E72DE9F84305460C2078
:1017C0009DF82490884617461E460DF0CBFF044630
:1017D00098B1BDF820308580A0F806808772C67267
:1017E0000381B9F1000F1FD04FF400700DF0BAFF64
:1017F000206030B920460DF0BDFF00242046BDE832
:10180000F883002213029BB208211EB25B00002E57
:101810009BB2B8BF6B400139F7D120F812300132CA
:10182000B2F5807FEED1E9E7C0F80090E6E72DE958
:10183000F041D0F80080447906460D468F18B8F183
:10184000000F2CD0AF420BD1337A1BB12046FFF7EB
:1018500065FF0446B37984EA0300C0B2BDE8F081B5
:10186000F37915F8010B0BB1FFF758FF6040C0B2D8
:1018700018F80040E6E7F37915F8010B0BB1FFF714
:101880004DFF6040C4B2082362B2002AB8BF32796B
:101890004FEA4404E4B2B8BF5440013BF4D1BD4226
:1018A000E9D1D1E72DE9F041D0F80080C48806469F
:1018B0000D468F18B8F1000F40D0AF421AD1F37A1D
:1018C000002B3ED000231A46012024FA02F1C9075A
:1018D00042BFC2F10F0100FA01F10B4302F1010214
:1018E00048BF9BB2102AF0D1328983EA020080B24D
:1018F000BDE8F081B37A15F8010B0BB1FFF70EFFCD
:1019000080EA1420C0B2240238F81030A4B25C403F
:10191000D3E7B37A15F8010B0BB1FFF7FFFE84EAAA
:10192000002084B2082322B2002AB8BFB2884FEA4E
:101930004404A4B2B8BF5440013BF4D1AF42E8D153
:10194000BDE72346D0E70023C0E90012836070475B
:1019500083684BB143688B4201DD0023836080685C
:10196000B0FA80F04009704703688B42F7DA012330
:10197000F4E730B50346D0E901041A68DD68A042F7
:1019800016BF013055F82200586045F8221002F1C8
:101990000102B2FBF4F104FB112218BF00201A600F
:1019A00030BD426810B58AB1816803680B44013BC1
:1019B000013A4260B3FBF1F4C26801FB1433002129
:1019C000036052F8230042F8231010BD1046FCE7D4
:1019D000406870474068B0FA80F040097047F8B539
:1019E0000E46054620B104681CB9C5E90044AC6048
:1019F000F8BD27680EB16068B04720460DF0BAFE0A
:101A00003C46F1E700B10068704700B100687047DC
:101A100038B5034688B181B1826872B1006800258B
:101A200058B1884202D005460068F9E7013A9A6049
:101A30002AB9C3E900220DF09DFE002405E00468E8
:101A40002CB95D602C600DF095FE204638BD002D50
:101A5000F8D11C60F7E70C2101200DF067BE10B52E
:101A6000044638B10021FFF7BAFF2046BDE8104018
:101A70000DF080BE10BD38B50D46044608B90020F3
:101A800038BD082101200DF051FE0028F7D00023B9
:101A900003606368456003B118602368606003B940
:101AA0002060A3680133A360EAE700B18068704753
:101AB00070B50E46154610B90024204670BD002AA8
:101AC000FAD00468002CF7D060683146A847002897
:101AD000F3D02468F6E770B50E46B8B1B1B18368AB
:101AE000012B01DC002070BD05682C68002CF9D0AA
:101AF00061686868B0470028C1BF62686B686A6047
:101B000063602468002CF3D12D68EEE74FF0FF30BE
:101B1000E9E700B140687047F0B585B0EFF3108792
:101B200072B602AE30460DF02DFA029C104B9C426C
:101B300005D987F310880F48204405B0F0BD0E4D3D
:101B4000029596E803000DF0F7F987F310880DF180
:101B50000600F0F783F8BDF806604FF47A7122466C
:101B600001FB00612B4605480DF0F8F82C46E2E732
:101B7000917B80566E847FA9927B8056105D03080E
:101B800007B568460DF024FA009803B000BD0000C8
:101B9000104B42881B68D98803888B423BBF0E4B91
:101BA0001B68002303F001038A423BBF0A4A1278F4
:101BB0000022C2F34002134382888A4203D2064ABB
:101BC0001268520704D4002B14BF14200020704761
:101BD000142070477C43002084430020F0B5354B2F
:101BE000354D364F85B006461868FFF732FCFAF7D8
:101BF000EFF9022128600120FAF734FF03210120C8
:101C0000FAF730FF2E4B2F4800241C602E4B1C602F
:101C10002E4B1C602E4B1C702E4B1E702B681A888E
:101C2000998832403A604FF4003203925A88FFF7A5
:101C30008AFE2B6828485A889988FFF784FE2B680B
:101C400026485A889988FFF77EFE2146032001F036
:101C5000A7FC2146022001F0A3FC3B68DA070CD563
:101C60000121032001F09CFC0121022001F098FCDD
:101C70004FF44073ADF80E3002E013F0060FF3D1CD
:101C80000DF10A00EFF7EAFF2B68BDF80A401A8849
:101C90005B8900934FF47A7101FB00413B68104867
:101CA0000DF05CF80F4B03A91868FFF700FC05B0B6
:101CB000F0BD00BF480800207C4300208443002082
:101CC0009443002070430020904300208C43002068
:101CD00098430020804300206443002058430020A4
:101CE000335D030850C90308F0B53B4D3B4E85B04A
:101CF00004462868FFF7ABFB3368D90703D528688B
:101D00002146FFF77BFB33689A0704D5344BA11CAF
:101D10001868FFF773FB33685B0704D5314B211D4F
:101D20001868FFF76BFB2868FFF793FB2E4B1B68C7
:101D30005B89002B4DD02D4F0AF034FA3B68C01A56
:101D40002B4B984235D30020FEF756FD054668B36D
:101D5000FFF7E2FE2022039003A92846FEF75EFD6E
:101D60000C2221462846FEF759FD0C22A11C2846CC
:101D7000FEF754FD0C22211D2846FEF74FFD0021E1
:101D8000284605F087FD064680B10DF10A00EFF701
:101D900065FFBDF80A304FF47A7101FB003132461D
:101DA00014480CF0DBFF2846FDF7FEFD0AF0FAF9B7
:101DB000386003A8EFF752FFA388BDF80C500093DA
:101DC0004FF47A7101FB0051638822880A480CF0B5
:101DD000C5FF05B0F0BD00BF4808002084430020C7
:101DE00044080020400800207C4300205443002089
:101DF00080EE3600805D0308C35D03082DE9FF47D0
:101E00007A4E7B4DDFF8EC814FF0FF333360326860
:101E100000211F200AF0A1FA041E12DAA01C25D00E
:101E200002A8EFF71BFFBDF80850734A4FF47A7110
:101E300001FB00517148234604B0BDE8F0470CF0A7
:101E40008DBF610702D50320FFF7C8FE220702D528
:101E50000720FFF7C3FEE30602D50020FFF7BEFE12
:101E60002B682BB94FF0FF333360D0E70024F7E73E
:101E7000A70703D5624B1878FFF7B0FEE00701D53E
:101E80006423F1E75F4FD8F80000FFF700FB97F8F5
:101E90000090B9F1040F00F2D381DFE819F00500DA
:101EA0004C00C500C5007801002841D0002302A8DD
:101EB0000293ADF80C30FFF717FF02A8FFF768FE9A
:101EC000514A1368D8B1022B17D80133032B136082
:101ED00013D10DF10600EFF7C1FEBDF806304B4AF5
:101EE0004FF47A7101FB003149480CF037FF4FF491
:101EF000917202210120FAF7B1FD4C46F6E0002B69
:101F0000FBD0013B1360002BF7D10DF10600EFF77A
:101F1000A5FEBDF806303D4A4FF47A7101FB003151
:101F20003C480CF01BFF02210120FAF79BFDE4E77F
:101F30004FF00109E1E7012855D0002302A80293E0
:101F4000ADF80C30FFF7D0FE334BBDF80A001B682C
:101F50002A681989BDF80C30304C884294BF0020A3
:101F600001208B4294BF002301239B0043EA4003DE
:101F7000BDF80800884288BF43F0010332EA03033A
:101F800006D1214A1368092B09D900232360B4E73D
:101F90002368092B1CD91C4B00221A60ADE70133C2
:101FA0000A2B1360F1D10DF10600EFF757FEBDF8D3
:101FB00006301B4A4FF47A7101FB003119480CF0CE
:101FC000CDFE4FF4A87203210120FAF747FDDCE7AC
:101FD00001330A2B2360DED103210120FAF742FDF1
:101FE0004FF0020989E74FF0040986E78843002093
:101FF0008443002050C90308F4C90308F45D0308B2
:10200000804300209843002090430020DCC903084F
:10201000395E0308635E03087C430020944300207C
:10202000C0C903088D5E0308012800F0AE800023BC
:1020300002A80293ADF80C30FFF756FE286810F0A6
:10204000010405D0BDF808107E48FFF781FC044666
:10205000286810F0020004D0BDF80A107A48FFF793
:1020600077FC44EA400044B2286810F0040004D031
:10207000BDF80C107548FFF76BFC754B44EA800007
:102080001A6844B2C0B290424BD01860002848D0C1
:10209000E10703D501210020F8F7C6FAA20736D4DC
:1020A000630739D403246B4BBDF80CE01B68BDF803
:1020B0000A20B3F808C029686748E64594BF4FF086
:1020C000000E4FF0010E624594BF00220122520023
:1020D00042EA8E02BDF808E00368E64588BF42F098
:1020E000010231EA02021ED1092B35D95B4B53F8AC
:1020F000243033603B78A3423FF489AE584A3C70A9
:1021000000231360544A1360514A13607FE6012193
:102110000846F8F789FAC3E701210220F8F784FAA4
:10212000C0E70224BFE7002BE0D0013B0360002B97
:10213000DCD10DF10600EFF791FDBDF80630494AFC
:102140004FF47A7101FB003147480CF007FE032180
:102150000120FAF787FCC9E701330A2B0360C5D1D8
:102160000DF10600EFF77AFDBDF806303D4A4FF459
:102170007A7101FB00313D480CF0F0FD40F29912FC
:1021800003210120FAF76AFCB0E70424AEE7002837
:1021900054D0002302A80293ADF80C30FFF7A4FD41
:1021A00002A8FFF7F5FCDFF8B8A00446F8B12A4A08
:1021B0001368022B17D80133032B136013D10DF1D1
:1021C0000600EFF74BFDBDF80630294A4FF47A714F
:1021D00001FB003127480CF0C1FD4FF4E3720221EE
:1021E0000120FAF73BFC0023CAF8003085E6DAF854
:1021F0000030092B3FF6CFAE01330A2BCAF800306E
:102200007FF4C9AE0DF10600EFF728FDBDF80630EA
:10221000174A4FF47A7101FB003117480CF09EFD0C
:1022200021460120F8F700FA21462046F8F7FCF98C
:1022300021460220F8F7F8F9022189E7012455E741
:10224000002453E7704300206443002058430020DB
:102250008C4300207C4300209043002028CA0308C0
:1022600094430020ABC90308B75E03088D5E0308E2
:102270008CC90308395E0308635E030808B5044A85
:102280000448002109F09DFF034B186008BD00BF02
:1022900004CA0308FD1D02089C4300200346064AA9
:1022A000032B106802D1042109F0F9BF072B0CBFE2
:1022B00008211021F8E700BF9C430020034B186859
:1022C00010B1012109F0EBBF704700BF9C43002013
:1022D000134B2DE9F0411B68124F804607EBC327D3
:1022E00010257C191049042220460DF01BFB0646E0
:1022F00090B9638910351D44B5F5006F0AD80422E2
:102300004146A0180DF00EFB38B105F11003B3F5EE
:10231000006FE6D9344600E000242046BDE8F08195
:102320009C08002000E80308BFCA03082DE9F04319
:102330001C4685B0436807460E4690462146026813
:10234000012006F067FC0546F0B904F10809BA68F7
:10235000FB684946012006F05DFC0546B0B10DF171
:102360000E00EFF77BFCBDF80E40184A00954FF4C5
:102370007A714B4601FB004115480CF0EFFC0B2530
:10238000284605B0BDE8F083A146E8E728F0070736
:1023900010343744BE42F3D03268736821460120BE
:1023A00006F038FC804670B10DF10E00EFF756FCD8
:1023B000BDF80E50054ACDF800804FF47A712346DF
:1023C00001FB0051D8E708340836E3E73CCA0308AC
:1023D000E95E030830B5002289B00223CDE9042369
:1023E000124B03EBC023DB0A069304A9012305A8C3
:1023F000079306F055FC0446A0B10DF10E00EFF76F
:102400002DFC0B4BBDF80E505B6801934FF47A71B5
:10241000049B009301FB00512346064A06480CF03A
:102420009DFC0B24204609B030BD00BF00E803002E
:102430002845002073CA03081A5F030807B50DF189
:102440000600EFF70BFCBDF80630054A4FF47A7131
:1024500001FB003103480CF081FC002003B000BDFB
:10246000A8CA0308515F03082DE9F04F85B00DF1AC
:102470000E00EFF7F3FBBDF80E10AA4F4FF47A747D
:1024800004FB0011A8480CF069FC0023CDE90033DF
:102490001A46194641F23420FFF78EF9386078B9B0
:1024A0000DF10E00EFF7DAFBBDF80E109F4A04FBAA
:1024B00000119F480CF052FC022005B0BDE8F08FDF
:1024C0009C4BC3F30A058DB1FFF7B8FF0DF10E0069
:1024D000EFF7C4FBBDF80E30944A4FF47A7101FB5C
:1024E000003195480CF03AFC0720E6E74FEAD32884
:1024F000C3F3CF23012BE9D9904EDFF844B21FFA82
:1025000088F83446A946AA468E49042220460DF092
:1025100009FAA8B9E388022B12D16389B3F5FE6FDB
:102520007AD90DF10E00EFF799FBBDF80EC0638963
:10253000854A4FF47A7101FB00C184480CF00EFC0F
:1025400009F10109C14504F50064DDD3DFF8F0911C
:10255000D9F80040631C40F0C9800DF10E00EFF780
:102560007DFBBDF80E104FF47A7A0AFB0011784813
:102570000CF0F4FB06F002FB002840F0A080754B45
:102580004FF400421A610DF10E00EFF767FBBDF842
:102590000E100AFB001170480CF0E0FBC9F8004077
:1025A000454575D16D4D6E4B38681B6845F8043C48
:1025B0002C1F0022022321462A606A60AB70AA60A9
:1025C000EA70FFF76FF90E22288121463868FFF77D
:1025D00069F955F8042C688163685849012006F0B0
:1025E00019FB054648B95F4EA268E36831460120F1
:1025F00006F010FB0546002874D00DF10E00EFF731
:102600002DFBBDF80E40584A00954FF47A7101FB3E
:102610000041334655484EE038680E222146FFF708
:1026200041F9E38983420ED00DF10E00EFF716FB5E
:10263000BDF80E30444A4FF47A7101FB00314C482A
:102640000CF08CFB7CE76289386804F11001FFF71D
:1026500029F9A389834208D1DBF8003022890133AC
:1026600010D1CBF8009092466AE70DF10E00EFF71B
:10267000F5FABDF80E30344A4FF47A7101FB00319F
:102680003C48DDE7A2EB0A031BB2002BE9DC57E76D
:10269000A8B2FFF79FFE18B30DF10E00EFF7DEFAB8
:1026A000BDF80E40304A4FF47A710B2301FB004114
:1026B000314800932B460CF051FB06F071FA0DF1F6
:1026C0000E00EFF7CBFABDF80E40184A4FF47A71BE
:1026D00001FB00410B2329480CF040FB0B20ECE6EA
:1026E00001355DE7C9F8000006F05AFAD9F8003064
:1026F000124A02EBC3240DF10E00EFF7AFFA628924
:10270000BDF80E502389C2F5FE6200924FF47A7133
:1027100001FB0051D9F8002019480CF01FFB0020E4
:10272000CBE600BFB0430020955F0308B6CA03089C
:10273000CE5F030800100000F95F030800E80308FB
:102740009C080020C3CA030896CA03081D6003083A
:102750009260030800400058D6600308A44300209C
:10276000C261030808E8030882CA0308E95E030897
:1027700050600308716003080D610308406103089D
:10278000686103087FB50E46154630B329B322B3FE
:10279000154B1B68013322D0FFF79AFD044600B3A6
:1027A0000289AA4212D00DF10E00EFF757FABDF8D8
:1027B0000E6023890D4A00954FF47A7101FB006188
:1027C0000B480CF0CBFA1C2004B070BD00F11001D6
:1027D00030460DF059F90020F6E70120F4E7052016
:1027E000F2E70620F0E700BF9C0800206ACA030851
:1027F000C76103082DE9F04F8DB01446049182465D
:10280000002800F02081002900F01D81002A00F03E
:102810001A81DFF84082D8F800506B1C00F0158157
:10282000FFF756FD8C4E06EBC525E8B142896B8952
:102830009B1AE21D22F007021344B3F5FE6F16D96E
:1028400008A8EFF70BFABDF82040D8F80030834A0B
:102850004FF47A7101FB004181480CF07FFA0224A9
:1028600020460DB0BDE8F08F6FF00F02DFE706F0F5
:1028700085F90746002840F0EA807A4B7A484FF401
:1028800000421A61D8F80050C0F30A020135002A4C
:1028900068D0FFF7D3FD384695FBF0F300FB1355E6
:1028A000A8B2FFF797FD002858D1D8F800306F4F35
:1028B00006EBC32303F1100EBC461A4603CA724549
:1028C00038607960134607F10807F6D1BCF8083084
:1028D000DFF880B10133ACF8083000238CF80A30FF
:1028E0008CF80B30EB020593614B03EBC52302938D
:1028F00099461023DBF800705E49039306EBC72767
:102900001F44042238460DF00DF800283ED1039BE9
:10291000B7F80A80103303934344B3F5006F35D8FA
:1029200004225146B8180CF0FDFF40B34B46424616
:1029300007F110013846FFF7F9FCB0B108A8EFF72E
:102940008DF9BDF8204000954FF47A7101FB0041EC
:10295000DBF80030484A49480CF000FA0B2406F036
:102960001FF97DE7C0F3CF2096E7404AB7F80A8009
:1029700053891033434409F110095381C144039B27
:10298000434403F11002B2F5006FB3D9A4B23C4B3B
:102990000893E21DDAF80030344F099322F0070261
:1029A00092B20023ADF82840ADF82A200B937B8922
:1029B0000499103313447B8108A84B46FFF7B6FCFB
:1029C00078B10DF11E00EFF749F9BDF81E402A4A13
:1029D0004FF47A7101FB00412B462A480CF0BEF9F6
:1029E000BCE7294C7A8902992068FEF75BFF0E222A
:1029F000B88139462068FEF755FF059BF8811E44D3
:102A00003A687B683146012006F004F9044640B973
:102A10000836BA68FB683146012006F0FBF8044628
:102A200070B10DF11E00EFF719F9BDF81E50124AF2
:102A300000944FF47A7101FB0051334613488BE741
:102A4000CBF800508BE701240AE7052408E70B24A4
:102A500006E700BF9C08002000E8030860CA0308DE
:102A6000046203080040005800100000A04300204A
:102A700010E80308BFCA030849CA030837620308FD
:102A8000544C56316C620308B04300209462030832
:102A9000F0B5294E336885B002460D4693B90DF165
:102AA0000E00EFF7DBF8BDF80E40244A4FF47A71C0
:102AB00001FB00412B4622480CF050F91824204617
:102AC00005B0F0BD0021012009F047FC1D4F044670
:102AD0004FF0FF31386809F07CFD00239C423360E1
:102AE00014DA0DF10E00EFF7B9F8BDF80E6000949E
:102AF0004FF47A7101FB0061104A13482B460CF029
:102B00002DF91924386809F089FDD8E77468002C7C
:102B1000F8D00DF10E00EFF7A1F8BDF80E40736884
:102B200000934FF47A7101FB0041044A07482B4699
:102B30000CF014F90C24E5E7C4430020A7CB0308EC
:102B4000CC620308DC430020FC6203083663030800
:102B50002DE9FF47DFF8BC902F4C07460D46D9F80A
:102B600000004FF0FF3190461E4609F032FDD4F8C8
:102B700000A0BA453DD1E5B10DF10E00EFF76EF8BA
:102B8000BDF80E60254A00954FF47A7101FB006193
:102B9000534623480CF0E2F8224B65601868012187
:102BA00009F07DFBD9F8000004B0BDE8F04709F05A
:102BB00035BDB8F1000FEFD0002EEDD0E268B24283
:102BC00012D00DF10E00EFF749F8BDF80E50009647
:102BD0004FF47A7101FB0051E368104A12480CF07F
:102BE000BDF84FF0FF35D7E7A06841460CF04CFF29
:102BF000D2E70DF10E00EFF731F8BDF80E50009757
:102C00004FF47A7101FB00512368044A07480CF025
:102C1000A5F8C7E7DC430020C4430020B5CB030878
:102C200061630308D443002094630308CC63030862
:102C300008B50846FCF7B8FE034B02211868BDE84A
:102C4000084009F02CBB00BFD4430020F8B5104F5A
:102C5000104C05460E4638684FF0FF3109F0B9FCBC
:102C600000221146012009F078FB04230A49E360A1
:102C70002846A660F6F780FE2060386809F0CEFC92
:102C8000BDE8F840054941F28830FFF701BF00BFB9
:102C9000DC430020C4430020512B02088CCB0308E6
:102CA00070B5104E104C05464FF0FF31306809F0FA
:102CB00090FC00221146012009F04FFB0023102157
:102CC0000A4A2846C4E90233F6F74EFE206030680F
:102CD00009F0A4FCBDE87040054941F28830FFF7D7
:102CE000D7BE00BFDC430020C4430020512B0208A4
:102CF00016CB030838B51048FEF750FA0546C8B1A0
:102D000000221146022009F028FB0C49284604F055
:102D1000C1FD044620B12846FCF746FE204638BDDA
:102D200001464FF0FF32022009F017FB0028B8BF20
:102D30001924F3E70224F1E7B4430020312C020800
:102D400038B50F4D0F4C28684FF0FF3109F041FCAA
:102D500000221146012009F000FB0B4B0B49A36038
:102D60001020E060F6F7F6FD2060286809F056FCB8
:102D7000BDE83840064941F28830FFF789BE00BF00
:102D8000DC430020C4430020B4430020512B020840
:102D9000CCCB03082DE9F04F8BB006AD2846EEF7FB
:102DA0005DFFBDF818104FF47A7606FB00119F48BE
:102DB0000BF0D4FFFFF7C4FF0446284654B3EEF7E8
:102DC0004DFFBDF818109A4A06FB0011994823469A
:102DD0000BF0C4FF984FDFF8648238684FF0FF3380
:102DE000002204A909F071FD064610B9049C002CCC
:102DF0005AD12846EEF732FFBDF81840049B0093E5
:102E00004FF47A7101FB00418D4A8E4833460BF036
:102E1000A5FFE2E78C4CEEF721FFE3680193A3687E
:102E2000BDF818100093D4E9002306FB0011874871
:102E30000BF094FF2846EEF711FFBDF8181006FBC3
:102E4000001183480BF08AFFA0682946FFF7FEFEB9
:102E5000074650B105A8EEF701FFBDF81410744AFB
:102E600006FB00113B467B48B2E7E268069B9A42AC
:102E700005A80FD0EEF7F2FE069BBDF814100093E4
:102E8000E3686B4A06FB001173480BF067FF069B73
:102E9000E3609FE7EEF7E2FEBDF8141006FB0011B9
:102EA0006E480BF05BFF95E70DF10D012046FEF734
:102EB000DFF9064670B12846EEF7D0FEBDF818409F
:102EC000674A4FF47A7101FB0041664833460BF0C4
:102ED00045FF1FE19DF80D90B9F1030F00F2338219
:102EE000DFE819F004003C00BF01D800FFF728FF1D
:102EF0000446002840F0EA80534E2946B068FFF7A8
:102F0000A5FE0446002840F0E180F268069B9A4244
:102F100011D005A8EEF7A2FE069BBDF81440009361
:102F20004FF47A71F368504A01FB00414F480BF0AF
:102F300015FF069BF360FFF7DDFE0446002800F056
:102F4000E98005A8EEF78AFEBDF81460464A2346DC
:102F50004FF47A7101FB00614548B8E720462946E5
:102F6000FEF7AAF9044670B105A8EEF777FEBDF8A2
:102F70001460404A4FF47A7101FB00613E482346D9
:102F80000BF0ECFEA2E0DFF8F490DDF820A0D9F819
:102F900000003B4E4FF0FF3109F01BFB224621465B
:102FA000012009F0DAF937495046C6E90244F6F73C
:102FB0000FFD3060D9F8000009F030FB324943F6CC
:102FC0009820FFF765FD044660B105A8EEF746FEC0
:102FD000BDF81460274A4FF47A7101FB0061234663
:102FE0002A48CDE72846FFF75BFE044660B105A8F6
:102FF000EEF734FEBDF814601E4A4FF47A7101FBFF
:10300000006123462248BBE795E80F000E4C84E898
:103010000F00FFF76FFE044600287BD005A8EEF7EF
:103020001DFEBDF81460134A234691E708640308A7
:10303000E7CB03083E640308D84300202083B8EDA3
:1030400008CC0308C1650308B44300206E6403087C
:10305000D6640308116503083F6503088765030804
:1030600078CB03080666030866CB03083E660308B0
:10307000A466030854CB0308DF660308DC43002082
:10308000C4430020512B020832CB03081767030802
:103090004F6703080023204605A90593FEF73CF976
:1030A000044620B9DDF81490B9F1000F36D1284656
:1030B000EEF7D4FDBDF81860BF4A4FF47A7101FBFA
:1030C00000612346BD480BF049FE1CB32846EEF7CD
:1030D000C5FDBDF818109DF80D30B94A00944FF4A5
:1030E0007A7909FB0011B7480BF038FE9DF80D0006
:1030F0002146FEF79DF80646002840F03481284618
:10310000EEF7ACFDBDF81810AD4A09FB0011AE4852
:103110000BF024FE0498FCF747FC5EE6DFF8ACA257
:10312000D9F80030DAF808209A42564616D02846D8
:10313000EEF794FD059BBDF818401B6800934FF413
:103140007A7101FB0041DAF808309B4AA0480BF085
:1031500005FE05980BF0E8FB0724B7E7DFF874B22B
:10316000DFF874A2DBF800004FF0FF3109F031FA0C
:1031700022462146012009F0F0F8D9F80410974AB8
:1031800008314846CAE90244F6F700FCCAF80000D4
:10319000DBF8000009F042FA914941F28830FFF76C
:1031A00077FC044688B12846EEF758FDBDF8186054
:1031B000814A4FF47A7101FB0061234689480BF084
:1031C000CDFD05980BF0B0FB80E796E80F0085E891
:1031D0000F000598089B4268134408930368EBB1FD
:1031E000099BDB430244C11D0732914219D1DB43E5
:1031F00009930BF099FB2846FFF752FD0446E8B10E
:103200000DF10E00EEF72AFDBDF80E606A4A4FF48C
:103210007A7101FB006123467348B1E64FF0FF333A
:10322000E0E711F8014F6340082413F0010C18BFC8
:10323000C446013C8CEA5303F7D1D6E795E80F006A
:1032400086E80F00FFF756FD044600283FF462AF02
:103250000DF10E00EEF702FDBDF80E60564A234652
:1032600076E6204605A9FEF79CF8044660B128469C
:10327000EEF7F4FCBDF818605C4A4FF47A7101FB7C
:10328000006123465A487BE60598069007A9FFF798
:10329000DDFC044668B10DF10E00EEF7DFFCBDF871
:1032A0000E60524A4FF47A7101FB00612346514887
:1032B00066E62846FDF79DFF064678B90DF10E003B
:1032C000EEF7CCFCBDF80E30484A4FF47A7101FBA2
:1032D00000313D480BF042FD4C46F7E622462146C0
:1032E000022009F03AF84449304604F0D3FA044683
:1032F00090B10DF10E00EEF7B1FCBDF80EC03B4AE7
:103300004FF47A71234601FB00C13C480BF026FDC7
:103310003046FCF749FBFDE601464FF0FF32022044
:1033200009F01BF8041EBFF6F5AE0DF10E00EEF726
:1033300095FCBDF80E602D4A4FF47A71234601FBCF
:1033400000612F48C3E52846EEF788FCBDF8183029
:103350009DF80D204FF47A7101FB003129480BF0E4
:10336000FDFC0124B2E600221146022008F0F5FF20
:103370002149304604F08EFA044648B12846EEF75B
:103380006DFCBDF818100E4A234609FB0011BCE77E
:1033900001464FF0FF32022008F0DFFF041EBFF6A7
:1033A000B9AE2846EEF75AFCBDF81810044A234679
:1033B00009FB0011C5E700BF09CB030881670308BB
:1033C00078CB0308C1690308EB680308B443002005
:1033D000BF670308DC430020C4430020512B0208D0
:1033E000F0CA03080068030837680308E0CA030846
:1033F0006D680308A8680308312C020817690308E0
:10340000486903088B69030800B500208BB009F0F8
:10341000A9F80F4B0022186004210A2009F0DEF9F8
:103420000C4B20221860002102A80CF08BFA0A4BEA
:1034300001934FF420621823CDE90623002101AA4D
:10344000064808F0BEFE064B18600BB000BD00BF7A
:10345000DC430020D84300200E6A0308952D0208A3
:10346000D443002030B585B0002301900D481A46A2
:10347000006801A909F0F1F9044688B10DF10E00C8
:10348000EEF7ECFBBDF80E50074A4FF47A7101FBE2
:103490000051234605480BF061FC0198FCF784FAC3
:1034A00005B030BDD8430020C7CA0308126A03081C
:1034B00073B5144D0C46064690B10C2303FB005324
:1034C0008DF80410620000218DF8051082F00202D0
:1034D0008DF8071058688DF8062001A9FDF7E7FF61
:1034E0000C2303FB065521466868FDF7D9FF012C24
:1034F00005D1A86802B0BDE8704008F07FBF02B0F7
:1035000070BD00BFE04300201F4B2DE9F3411F6851
:103510001E4B1F4C1B6823611E4B67601B68E361D9
:103520001D4B1B68A3624FF400330193042526460C
:103530004FF000086068C4F8008001A9FDF7B7FFEC
:1035400060680021FDF7ACFF013D04F10C04F1D1EE
:10355000012301A938468DF804308DF80650FDF797
:10356000A6FF29463846FDF79BFF1423B36073611D
:10357000284602233362F36208F0F4FF074B186019
:1035800002B0BDE8F08100BF44C9030840C9030888
:10359000E04300204CC9030848C903081044002038
:1035A0000328F8B504460D4626D8012924D8134E21
:1035B000134F30684FF0FF3109F00BF80C226243D3
:1035C000012DB9580ED119B929462046FFF770FFD1
:1035D0000C235C433B5901333B513068BDE8F84054
:1035E00009F01CB80029F8D00139B9500029F4D1EC
:1035F0002046FFF75DFFF0E7F8BD00BF1044002054
:10360000E0430020032838B5044611D8094D4FF097
:10361000FF31286808F0DDFF0C235C43064B286867
:103620001C59003C18BF012408F0F8FF204638BDA3
:103630000024FBE710440020E0430020024B02215D
:10364000186808F02CBE00BF40440020F0B51E46AC
:1036500085B0274B074614460D46E9B9032E254F82
:10366000197033D10DF10E00EEF7F8FAA378BDF81A
:103670000E5000934FF47A716378227801FB005169
:103680001D480BF06BFB637822781B0243EA024370
:10369000A27813433B6011E00C220DF10E001A706A
:1036A000EEF7DCFABDF80E40144A00954FF47A713B
:1036B00001FB00413B4612480BF050FB114B1868D0
:1036C000042105B0BDE8F04008F0E9BD0DF10E00A1
:1036D000EEF7C4FABDF80E40084A4FF47A7101FBC8
:1036E0000041334608480BF039FB3D60E6E700BF78
:1036F0001E44002020440020BC6A030827CD030894
:10370000456A030840440020826A03080D4B37B520
:103710000446187070B10DF10600EEF79FFABDF87F
:103720000650094A4FF47A7101FB005123460748BD
:103730000BF014FB064B1868042103B0BDE83040C1
:1037400008F0ADBD1E440020C1CC0308FB6A03088D
:1037500040440020024B0121186808F0A0BD00BFC2
:1037600040440020024B8021186808F098BD00BF3B
:103770004044002008B5054B4FF48071186808F0EC
:103780008EFDBDE808400320FBF744BF4044002005
:1037900013B50DF10600EEF761FABDF806104FF40F
:1037A0007A7404FB001115480BF0D8FA03F0E4FF1B
:1037B00090B103690133036103F0BAFF104C207824
:1037C00040B2F6F775F92378012B12D0002002B031
:1037D000BDE81040F6F75EB90DF10600EEF73EFACF
:1037E000BDF80610074A04FB001107480BF0B6FAB3
:1037F000E4E7F8F787FF00680530E8E72B6B03087C
:103800001D44002050CE03086B6B030830B50446FE
:1038100085B00846FCF7C8F8154B02AD1868029051
:103820001B792B712846F6F7DDF80122E4B9032352
:103830000DF106008DF80A208DF80C308DF80B4044
:10384000EEF70CFABDF806300A4A4FF47A7101FB24
:10385000003109480BF082FA2846F6F7C3F8074B07
:1038600000221A7005B030BD07231446E0E700BF00
:103870003235030820CE03089B6B03081444002054
:1038800037B5184D0C460DF1060079B1EEF7E6F9A3
:10389000BDF806304FF47A7101FB00312246124820
:1038A0000BF05CFA02232B7003B030BDEEF7D6F9B3
:1038B000BDF806104FF47A7404FB00110B480BF0AE
:1038C0004DFA2B78002BEDD10DF10600EEF7C6F97D
:1038D000BDF8061004FB001105480BF03FFA04F098
:1038E0007DFEDFE7A0080020D26B0308056C03080B
:1038F000336C030873B510461D460C4689B10DF1B3
:103900000600EEF7ABF9BDF80650264A4FF47A717F
:1039100001FB00512448234602B0BDE870400BF083
:103920001DBA1C2B0DD00DF10600EEF797F9BDF86E
:1039300006401C4A4FF47A7101FB00412B461B489C
:10394000EAE7FDF7AFF9054680B90DF10600EEF79D
:1039500085F9BDF80630134A4FF47A7101FB003146
:10396000134802B0BDE870400BF0F8B9214603F0EF
:1039700091FF0446A0B10DF10600EEF76FF9BDF816
:103980000660084A4FF47A7101FB0061234609483A
:103990000BF0E4F9284602B0BDE87040FCF704B82B
:1039A00002B070BDFECD03086D6C0308936C030874
:1039B000C56C03081769030873B5FDF78EFA044652
:1039C00080B90DF10600EEF749F9BDF80630134A4B
:1039D0004FF47A7101FB0031114802B0BDE870402C
:1039E0000BF0BCB9002103F055FF0546A0B10DF165
:1039F0000600EEF733F9BDF80660084A4FF47A7115
:103A000001FB00612B4607480BF0A8F9204602B0E5
:103A1000BDE87040FBF7C8BF02B070BDCBCD030856
:103A2000C56C03081769030837B51C460D4681B1FC
:103A300001A8EEF713F9BDF80440144A4FF47A7167
:103A400001FB004112482B4603B0BDE830400BF0AB
:103A500085B9022B0CD001A8EEF700F9BDF804508F
:103A60000A4A4FF47A7101FB005123460948EBE7FB
:103A70008DF8043013788DF8053001A853788DF84F
:103A80000630FFF799FF03B030BD00BFE1CD03085A
:103A90006D6C0308F16C030837B51C460D4681B107
:103AA00001A8EEF7DBF8BDF80440134A4FF47A7131
:103AB00001FB004111482B4603B0BDE830400BF03C
:103AC0004DB9012B0CD001A8EEF7C8F8BDF8045091
:103AD000094A4FF47A7101FB005123460848EBE78D
:103AE0008DF8043001A813788DF806108DF8053094
:103AF000FFF762FF03B030BDB7CD03086D6C03085C
:103B0000F16C0308F0B585B003AD16461F460C46B0
:103B1000284679B1EEF7A2F8BDF80C501B4A4FF4D5
:103B20007A7101FB00511A48234605B0BDE8F04008
:103B30000BF014B9012B0BD0EEF790F8BDF80C4048
:103B4000124A4FF47A7101FB00413B461148ECE701
:103B5000EEF784F83278BDF80C70C2F380034FF4AE
:103B60007A7101FB007100930B48C2F3400302F02D
:103B700001020BF0F3F8ADF80C403378AC70284636
:103B80008DF80D30FFF718FF05B0F0BDA1CD03088B
:103B90006D6C0308F16C0308236D0308F0B5B04E9B
:103BA00095B004460D4630684FF0FF3108F011FD26
:103BB000AC4B1B7893B90AA8EEF750F8BDF8283043
:103BC000A94A4FF47A7101FB0031A8480BF0C6F8FE
:103BD000306815B0BDE8F04008F020BD306808F04E
:103BE0001DFD29462046FBF7D7FE054678B90AA8F1
:103BF000EEF734F8BDF828309B4A4FF47A7101FB98
:103C000000319B4815B0BDE8F0400BF0A7B804A9FF
:103C1000FBF7D6FE04460AA884B1EEF71FF8BDF8FC
:103C20002860914A4FF47A7101FB00612346914864
:103C30000BF094F82846FBF7B7FE91E0EEF70EF88C
:103C40009DF81020BDF828104FF47A76C2F3C30314
:103C500006FB001102F0070287480BF07FF89DF881
:103C6000103003F00702042A77D0072A7AD0012AFD
:103C700040F0CB850AA92846FCF7C2FA044660B199
:103C800006A8EDF7EBFFBDF81810774A06FB001108
:103C90007A4823460BF062F85DE09DF828306BB15E
:103CA000012B25D006A8EDF7D9FFBDF818109DF817
:103CB00028306D4A06FB00117148EBE7F8F7AEF8C3
:103CC0000446F8F7A7F8224641780220FCF720FACC
:103CD0000446002840F05F8106A8EDF7BFFFBDF85D
:103CE0001810614A06FB001166480BF037F852E1E4
:103CF00001460E20F6F798FC0DF12A00F8F792F82D
:103D0000614B041E0CBF012200221A701ED006A8AF
:103D1000EDF7A4FFBDF81860534A4FF47A7101FB28
:103D20000061234659480BF019F8002306930B2332
:103D30008DF81C309DF82A30089304238DF8243028
:103D400006AA022301210E20F6F750FC1021504B49
:103D5000186808F0A4FA00241DE12846FFF782FB4A
:103D600015B0F0BDC3F3C303072B00F23D85DFE8B8
:103D700013F0080036006300F403290456043B05E1
:103D80001A050AA92846FCF7F1FB044698B106A8D3
:103D9000EDF764FFBDF81860334A4FF47A7101FB08
:103DA00000613C4823460AF0D9FF01210F20F6F7B5
:103DB0003BFC2021CBE70AA8F8F7D0FB044660B112
:103DC00006A8EDF74BFFBDF81860274A4FF47A714B
:103DD00001FB006123463048E5E70146E6E70AA912
:103DE0002846FCF7B2FA044688B106A8EDF736FF7C
:103DF000BDF818601C4A4FF47A7101FB0061274836
:103E000023460AF0ABFF0020FEF748FAA3E70AA812
:103E1000F8F7E2F8044610B9F8F76EF89BE706A841
:103E2000EDF71CFFBDF818600F4A4FF47A7101FBE3
:103E3000006123461A48E4E70DF10E012846FBF71E
:103E40003FFF04460AA87CB3EDF708FFBDF82860E1
:103E5000054A4FF47A7101FB00612346114819E7C6
:103E6000444400201C44002013CE03087B6D03084B
:103E7000B26D0308E56D03081A6E0308566E030859
:103E8000026F0308906E030815440020CF6E0308EC
:103E900040440020406F0308826F0308BD6F030891
:103EA000FA6F030830700308EDF7D8FEBDF828302C
:103EB0009DF80E204FF47A7101FB0031B9480AF0E9
:103EC0004DFF9DF80E300B2B00F2388301A252F803
:103ED00023F000BF03440208053F02082B3F0208FD
:103EE0004F3F02084D410208ED410208573D0208CC
:103EF0004F420208E34202086D430208C54302082C
:103F0000E3430208F8F726FBFCF7ABFA0446002867
:103F100041D10AA8EDF7A2FEBDF82830A24A4FF41D
:103F20007A7101FB0031A148DFE6F8F751F8FCF7A0
:103F300055FA044678BB0AA8EDF790FEBDF8283084
:103F4000994A4FF47A7101FB00319948CDE6072375
:103F50000DF10F0128468DF80F30FBF788FF04465E
:103F600060B10AA8EDF77AFEBDF828608E4A4FF4DA
:103F70007A7101FB006123468E488BE69DF80F3075
:103F8000052B00F2D580DFE803F003249AAF58C573
:103F9000FCF72CFE04462846FBF706FD002C3FF4F8
:103FA000DFAE0021204603F075FC054600283FF4F3
:103FB000D7AE0AA8EDF752FEBDF828607A4A4FF452
:103FC0007A7101FB00612B467B480AF0C7FE204650
:103FD00031E606A92846FBF768FF044660B10AA847
:103FE000EDF73CFEBDF828606F4A4FF47A7101FB93
:103FF0000061234671484DE69DF81830012B06D02C
:10400000022B08D05BB96E48F5F7F4FCA3E66D48C7
:10401000F5F7FCFC9FE66C48F5F711FD9BE60AA856
:10402000EDF71CFEBDF828409DF818305E4A4FF4AD
:104030007A7101FB004165482CE606A92846FBF78A
:104040005BFF044670B10AA8EDF708FEBDF82860D2
:10405000009440F2D5434FF47A7101FB0061524A5B
:104060005B4827E29DF818307BB1012B11D00AA8DC
:10407000EDF7F4FDBDF828409DF818304A4A4FF49A
:104080007A7101FB0041534804E65348F5F7FAFC06
:1040900061E6FCF773FE044600287FF47CAF0AA8B3
:1040A000EDF7DCFDBDF8286040F2E6434FF47A718D
:1040B00001FB00613C4A49480AF050FE6BE7ECF70F
:1040C0006BFA0D22ADF8180006A90220FCF7E8FDF6
:1040D000044600287FF45FAF0AA8EDF7BFFDBDF8E6
:1040E000286040F2FA43E1E70AA906A802F070FA54
:1040F0000A9A0699D2000320FCF7D2FD0446002854
:104100007FF449AF05A8EDF7A9FDBDF814604FF4A1
:10411000A163CBE7FCF78AFE044600287FF43BAF9F
:104120000AA8EDF79BFDBDF8286040F21253BDE7E9
:104130000AA8EDF793FDBDF828409DF80F301A4A04
:104140004FF47A7101FB00412548A3E5F8F7DEFA48
:10415000002306460AA928460A93FBF756FE0446A2
:1041600060B106A8EDF77AFDBDF818600E4A4FF46D
:104170007A7101FB006123461A488BE50A993046A3
:10418000FCF78FFA044600287FF405AF06A8EDF788
:1041900065FDBDF81830044A4FF47A7101FB003117
:1041A0001148A2E56770030813CE0308A470030842
:1041B000EB7003082D710308607A03087771030818
:1041C000053B0208993A0208293A0208C671030819
:1041D000017203084C720308F53802082A720308BA
:1041E00089720308BF7203081273030806A92846E0
:1041F000FBF789FD044660B10AA8EDF72FFDBDF875
:104200002860B74A4FF47A7101FB00612346B54834
:1042100040E59DF81830003B18BF01238DF8283089
:104220009DF81B30003B18BF01238DF829309DF805
:1042300019308DF82A309DF81A308DF82B300AA8E5
:104240009DF81C308DF82C30F5F7CCFB83E506A9E2
:104250002846FBF794FD044660B10AA8EDF7FEFC82
:10426000BDF82860A04A4FF47A7101FB0061234633
:104270009E480FE59DF81830032B24D8DFE803F0A3
:1042800002161B1F9A48F5F7B5FB00287FF463ADB3
:104290000AA8EDF7E3FCBDF828409DF81830924AD3
:1042A0004FF47A7101FB00419248F3E49DF8190044
:1042B000F5F7B7FBE9E79048F5F7A8FBE5E78F4886
:1042C000F5F7BDFBE1E70AA8EDF7C8FCBDF828400B
:1042D0009DF81830844A4FF47A7101FB00418848F8
:1042E000D8E4884C28462146FBF774FD064660B1A9
:1042F0000AA8EDF7B3FCBDF82840794A4FF47A716B
:1043000001FB004133468048C4E42378012B0AA80E
:104310000BD9EDF7A3FCBDF828602378704A4FF461
:104320007A7101FB00617948B4E4EDF797FCBDF8C0
:10433000281022784FF47A7606FB001174480AF0B0
:104340000DFD74492078F5F786FB00287FF403AD56
:104350000AA8EDF783FCBDF82810614A06FB00119E
:104360006D480AF0FBFC02232370F4E400230AA941
:1043700028460A93FBF762FD044660B106A8EDF7F4
:104380006DFCBDF81860564A4FF47A7101FB00616C
:10439000234662487EE4F7F77FFA0A99FBF7F8FDB7
:1043A000044600287FF4F7AD06A8EDF757FCBDF8EA
:1043B000186040F28A534FF47A7101FB0061484A59
:1043C000574879E60AA8EDF749FCBDF828304FF4C4
:1043D0007A7101FB003153480AF0C0FCF5F74AFB43
:1043E000B9E4F7F7B9FEFCF727FE044600287FF48E
:1043F000D2AD0AA8EDF732FCBDF8286040F29B531D
:10440000D9E705A92846FBF79BFD044660B10AA839
:10441000EDF724FCBDF82860314A4FF47A7101FBB6
:1044200000612346404835E49DF814607EB1012EBA
:1044300024D00AA8EDF712FCBDF828409DF81430EE
:10444000274A4FF47A7101FB0041384822E42022C8
:1044500031460AA80BF076FA0BA8F8F74FFB044692
:1044600058B306A8EDF7FAFBBDF818601C4A4FF4E4
:104470007A7101FB006123462D480BE4014620229E
:104480000AA80BF05FFA9DF815008DF828600BA9BB
:10449000F8F766FB044680B106A8EDF7DFFBBDF830
:1044A00018609DF815300E4A00944FF47A7101FBA4
:1044B000006120480AF052FC4DE40AA8FCF73CFDDC
:1044C000044600287FF467AD06A8EDF7C7FBBDF8EA
:1044D0001830034A4FF47A7101FB0031164804E4A6
:1044E00013CE03085673030885CD0308A173030890
:1044F000053B020802740308993A0208293A0208A7
:10450000CD730308A0080020427403088E740308CA
:10451000CE740308813802080F7503084775030835
:104520009D750308BE7503082C7603083D770308C4
:1045300078760308F8760308B97603080AA8EDF739
:104540008DFBBDF828409DF80E30B64A4FF47A71C5
:1045500001FB0041B448FFF79DBB06AA0AA9284603
:10456000FCF7E0F8044668B105A8EDF777FBBDF865
:104570001460AC4A4FF47A7101FB00612346AB48EA
:10458000FFF788BB06990AA8F8F7C4F8044668B193
:1045900005A8EDF763FBBDF81460A24A4FF47A71E9
:1045A00001FB00612346A248FFF774BBF8F700F84F
:1045B00003F046FAF8F7A6F800680530F5F76AFA4E
:1045C000FFF7C9BB06AA0AA92846FBF72FFD044638
:1045D00068B105A8EDF742FBBDF81460914A4FF4AD
:1045E0007A7101FB006123469248FFF753BB06999D
:1045F0000AA8F7F755F9044668B105A8EDF72EFBB0
:10460000BDF81460874A4FF47A7101FB00612346BC
:104610008948FFF73FBBF7F7A5F8FFF79CBB05A953
:104620002846FCF7EEF9044668B10AA8EDF716FB38
:10463000BDF828607B4A4FF47A7101FB0061234684
:104640007E48FFF727BB9DF81430012B5FD19DF802
:10465000153053BB0AA92846FCF7F2F9044668B1A5
:1046600006A8EDF7FBFABDF818606E4A4FF47A71B0
:1046700001FB006123467248FFF70CBB0AA8F7F75D
:10468000E1F9044668B106A8EDF7E8FABDF818604C
:10469000644A4FF47A7101FB006123466948FFF7D1
:1046A000F9BAF7F72DF8FFF756BB022B20D10DF121
:1046B0000F030DF10E020AA92846FCF70FFA044673
:1046C00068B106A8EDF7CAFABDF81860554A4FF46C
:1046D0007A7101FB006123465B48FFF7DBBA9DF866
:1046E0000F209DF80E100A98F6F7C4FFFFF733BBB2
:1046F0000AA8EDF7B3FABDF828409DF81530494AED
:104700004FF47A7101FB00415048FFF7C3BA002B08
:104710007FF421AB9DF81530A3B9F7F78FF9FCF7BB
:10472000E2F8044628BB0AA8EDF798FABDF828403D
:104730009DF815303B4A4FF47A7101FB0041444823
:10474000FFF7A8BA012B0AA805D1F6F7E1FF0AA8DE
:10475000FCF703F9E5E7EDF781FABDF828409DF88D
:104760001530304A4FF47A7101FB00413948FFF7A8
:1047700091BA002103F08EF8064600283FF4EBAA18
:104780000AA8EDF76BFABDF82870264A4FF47A7143
:1047900001FB0071334630480AF0E0FA2046FBF78F
:1047A00003F9FFF7D8BA0AA92846FCF785FC0446A6
:1047B00040B106A8EDF752FABDF81860009440F237
:1047C0007C6348E40AA8F7F7CBFC044640B106A88E
:1047D000EDF744FABDF81860009440F284633AE4BF
:1047E000F6F71AFAFFF7B7BA0AA8EDF737FABDF8E5
:1047F00028409DF810300B4A4FF47A7101FB0041BC
:10480000C3F3C3031548FFF745BA0AA8EDF726FA24
:10481000BDF82810034A06FB001111480AF09EFA61
:10482000FFF799BA13CE030878770308B577030822
:10483000F47703082C78030875780308B778030821
:10484000F37803082F79030864790308A279030831
:104850001C7A0308E1790308607A0308927A030856
:10486000CE7A030873B50022184D06460C23114674
:1048700004202B7007F071FD1549304603F00AF84B
:10488000044688B10DF10600EDF7E8F9BDF80650D1
:10489000104A4FF47A7101FB005123460E480AF08A
:1048A0005DFA204602B070BD01464FF0FF32042091
:1048B00007F053FD2B78002BF3D04FF47A7007F0FC
:1048C0009DFD2B78002BD7D1EBE700BF1E440020C5
:1048D0000D370208D5CC03081769030873B50446E1
:1048E0000DF10600EDF7BAF9BDF806104FF47A762F
:1048F00006FB001112480AF031FAF7F78FFA054665
:10490000F7F788FA2A4641782046FBF701FC05466E
:1049100078B90DF10600EDF7A1F9BDF80610094AC6
:1049200006FB001108480AF019FA0C24204602B0D0
:1049300070BDFFF797FF04462846FBF735F8F5E70B
:10494000F87A0308AACC0308C56C03082DE9F041E6
:1049500088B0224B054617460C4606AE59BB197067
:10496000EFF3108872B604A80AF00CFB3D68ADF8AE
:104970001C40069596E803000AF0DEFA0DF10E00E1
:10498000EDF76CF9BDF80E40049A4FF47A7101FB13
:1049900000412B4612480AF0E1F988F31088FDF730
:1049A000BBF8104B1860104B1868042108B0BDE824
:1049B000F04107F074BC0C2230461A70EDF74EF946
:1049C000BDF81860094A00944FF47A7101FB006148
:1049D0002B4607480AF0C2F9E5E700BF1E44002055
:1049E0003B7B0308184400204044002008CD030806
:1049F000917B030837B50446032826D8DFE800F08A
:104A0000021309200020FAF739FF0320FDF746FCC6
:104A100005E00020FDF742FC0220FAF72FFF134BC0
:104A20001C7003B030BD0DF10600EDF717F9BDF8AD
:104A300006304FF47A7101FB00310D480AF08EF90F
:104A40000120FAF71BFF0720E0E70DF10600EDF764
:104A500005F9BDF80650074A4FF47A7101FB005181
:104A6000234605480AF07AF9D9E700BF244400201C
:104A7000D47B030874CC0308117C0308F7B5FAF75C
:104A8000EBFE0646F5F760F90446F7F7C3F9012E89
:104A9000244F054620D10220F4F742FF3B78022B39
:104AA0003DD16D8805F493652046FFF7A3FF0120F3
:104AB000FAF7B0FD0DF10600EDF7D0F8BDF80640AD
:104AC0003B784FF47A7101FB0041324616480AF0F8
:104AD00045F9284603B0F0BD0120F4F721FF3B78EB
:104AE00063B10DF10600EDF7B9F8BDF806304FF4EB
:104AF0007A7101FB00310D480AF030F93B78A3428E
:104B00000DD10DF10600EDF7A9F8BDF806304FF410
:104B10007A7101FB0031224605480AF01FF9002591
:104B2000C2E700BF24440020F27C03083A7C03085B
:104B3000847C03082DE9F04F8BB0FAF7CDFE0446D4
:104B400098B106A8EDF78AF8BDF81850B24A4FF4AC
:104B50007A7101FB00512346B0480AF0FFF840F299
:104B6000F57221460920F7F779FFAD48AD4DF4F70E
:104B700087FE0024AC480694042206A9FDF702FE35
:104B800038BB01232B702878A84C40B2F4F790FF73
:104B900001F024FB2060002855D106A8EDF75EF84F
:104BA000BDF818309C4A4FF47A7101FB0031A048DF
:104BB0000AF0D4F806A8EDF751F8BDF81830964A77
:104BC0004FF47A7101FB00319A480AF0C7F807F0F8
:104BD00047FB2046F4F75EFF0DF11600EDF73EF8B7
:104BE000BDF816104FF47A7606FB001192480AF0D1
:104BF000B5F84FF0FF322146402007F0AEFB0DF133
:104C00001600EDF72BF8BDF8161006FB00118B48C7
:104C10000AF0A4F8012384482B70042206A9069305
:104C2000FDF7E8FD04460028ADD00DF11600EDF7C4
:104C300015F8BDF81610824A06FB0011234681487C
:104C40000AF08CF89FE78048804DFAF7CBFDF5F726
:104C500071F8F5F781FCFAF7B9FCF7F76DFEF6F796
:104C60006BFFF7F749F9F7F7A3FCF6F77BFDFDF7C4
:104C700005FB01F0F5FC06A8ECF7F0FFBDF81830D5
:104C80004FF47A7101FB003171480AF067F8002295
:104C90000C23114604202B7007F05FFB6D48F4F7DE
:104CA00051FEB0B906A8ECF7D9FFBDF818106A4A52
:104CB0004FF47A7404FB001168480AF04FF806A814
:104CC000ECF7CCFFBDF81810654A04FB00116548ED
:104CD0006EE74FF0FF320021042007F03EFB2B78F7
:104CE000002B37D106A8ECF7B9FFBDF818104FF428
:104CF0007A7606FB00115C480AF030F806A8ECF75B
:104D0000ADFFBDF8181006FB001158480AF026F850
:104D100000220C23114604202B7007F01EFB544880
:104D2000F4F708FEF0B906A8ECF798FFBDF81810E4
:104D3000504A4FF47A7404FB001148480AF00EF808
:104D400006A8ECF78BFFBDF81810454A04FB0011CC
:104D500049482DE74FF47A7007F050FB2B78002B71
:104D60009CD1BFE74FF0FF320021042007F0F5FA95
:104D70002B782BBB06A8ECF771FFBDF818104FF489
:104D80007A7505FB00113D4809F0E8FFFBF72EFF9F
:104D90000746E8B906A8ECF761FFBDF8181005FB57
:104DA0000011374809F0DAFF06A8ECF757FFBDF805
:104DB00018302B4A4FF47A7101FB00313148F7E685
:104DC0004FF47A7007F01AFB2B78002BA7D1D1E7AC
:104DD000FFF748FD06463846FAF7E6FD76B90320A8
:104DE000FFF77CFD002855D006A8ECF737FFBDF88B
:104DF00018101B4A05FB00112348D9E606A8ECF75A
:104E00002DFFBDF81810214A05FB0011334620483C
:104E100009F0A4FFC8E700BF67CE0308307D030890
:104E2000A40800201D440020687D03084844002099
:104E30004E7E03082F8903086C7D0308DA7D030882
:104E40006CCD0308157E03083D3602081E44002081
:104E50008E7E03084D36020837CD0308CE7E030848
:104E600051CD0308007F03083A7F03087B7F0308C6
:104E70004D49020815CD0308B37F0308E57F0308F9
:104E80002180030875800308AE800308F5CC030871
:104E90004C80030806A8ECF7E1FEBDF81810DFF817
:104EA000189305FB0011C548C54D09F057FFF7F7EA
:104EB00029FC00680530F4F7EDFDF7F763FDF5F721
:104EC0008DFBFEF7A1FABF48F5F77EFE28684FF08C
:104ED000FF3107F07EFB0123286889F8003007F0D6
:104EE0009DFB99F80060022E00F0B281032E00F0C5
:104EF0000F81012E06A840F00D83ECF7AFFEBDF840
:104F000018104FF47A7808FB0011AF4809F026FF1B
:104F1000F4F71AFFFFF76EFD01F0ACFB0E20F5F77A
:104F20009BFB012856D106A8ECF798FEBDF8181097
:104F3000A64A08FB0011A64809F010FF072506A89D
:104F4000ECF78CFEBDF81860A24A4FF47A7101FBB1
:104F500000612B46A04809F001FF206801F0E4FA47
:104F60000546002840F09E8001460F20F5F75CFBC7
:104F700000F0AAFD994B1B7813B10120FAF74AFB08
:104F80000021206801F03CFB01210546206801F06A
:104F900037FB064606A8ECF761FEBDF818104FF483
:104FA0007A7707FB001133468D482A4609F0D6FE72
:104FB0002068FCF77AFD002840F0A88006A8ECF7EE
:104FC0004DFEBDF8181007FB0011864809F0C6FE1B
:104FD00003233CE0F6F7B0FD2068002101F004FB5C
:104FE000F5F722FE07460028B7D1206801F056FAEF
:104FF0000546824670BB01460E20F5F715FB7A4B3D
:105000001A78002AA9D002201D70FFF767FC054618
:105010000028A2D006A8ECF721FEBDF818106B4AB4
:1050200008FB00112B46714809F098FE4FF01B0A4F
:1050300006A8ECF713FEBDF81850664A4FF47A71D3
:1050400001FB00516A48534609F088FE042389F8A1
:10505000003046E7384601F0ADFA074606A8ECF7FF
:10506000FDFDBDF81810594A009508FB00113B469C
:10507000604809F073FEF6F7CDFE0B2306978DF816
:105080001C300378089304238DF8243006AA0223E9
:1050900031460E20F5F7AAFA022DC9D01B2D7FF458
:1050A0004EAFC3E702280CD106A8ECF7D7FDBDF838
:1050B0001860484A4FF47A7101FB00612B464E4854
:1050C000C2E7012001F076FA064606A8ECF7C6FD15
:1050D000BDF818703F4A00954FF47A7101FB0071DA
:1050E0003346464809F03AFEF6F794FE0B2306963F
:1050F0008DF81C300378089304238DF8243006AA19
:10510000022301210F20F5F771FA31E702239EE710
:105110000E20F5F7A1FA0646F5F786FD054606A826
:10512000ECF79CFDBDF818704FF47A7101FB00712B
:10513000334633482A4609F011FE4FF0FF32002172
:1051400040F2B31007F009F9051E0EDAAE1CF4D0D8
:1051500006A8ECF783FDBDF818602A4A4FF47A716F
:1051600001FB00612B4628486EE7A80701D5FFF731
:1051700085FC29060ED506A8ECF770FDBDF81830A1
:105180004FF47A7101FB0031204809F0E7FD02205D
:10519000FAF740FA15F0300F3CD006A8ECF75EFDA8
:1051A000BDF818304FF47A7101FB0031184809F04E
:1051B000D5FD01234BE700BF1C440020EB80030812
:1051C00044440020753702082881030858CC03089E
:1051D000608103088ACC0308698203082444002004
:1051E000388303087883030815440020A681030848
:1051F00031820308E58103089F820308EB820308DC
:10520000B683030834CC0308F98303083284030807
:105210006D840308EA0590D50E20F5F71DFA50B904
:1052200006A8ECF71BFDBDF818304FF47A7101FBAE
:105230000031BE48BBE706A8ECF710FDBDF81830FA
:105240004FF47A7101FB0031B94809F087FD74E72A
:1052500006A8ECF703FDBDF818304FF47A7101FB96
:105260000031B44809F07AFDB34B1B7813B101202B
:10527000FAF7D0F9FCF750FC05460646216830469F
:1052800000F07CFC804630B300F026FE074606A8FE
:10529000ECF7E4FCBDF818C0A84A00974FF47A7107
:1052A00001FB00C14346A64809F058FDF6F7B2FDE0
:1052B0000B2306978DF81C300378089304238DF890
:1052C00024300121022306AA0E20F5F78FF9206869
:1052D000002101F089F92068FCF794FB4FF0FF37BB
:1052E0008046B8F1000F45D1964B9F4253D8731BAF
:1052F0003B44002B0EDC06A8ECF7B0FCBDF818C050
:105300004FF47A713B4601FB00C1721B8E4809F0D5
:1053100025FD43464FF47A7803FB08888B48A8F5AF
:105320007A7109F0B3FF894809F0BCFE42460021BA
:1053300040F2B31007F011F8051E3FDA06A8ECF7AB
:105340008DFCBDF818107D4A4FF47A762B4606FB8B
:1053500000117F4809F002FD023506A81ED1ECF7C6
:105360007DFCBDF8181006FB00117A4809F0F6FC28
:1053700001231DE04046FCF7CCFB8368B6FBF3F24B
:1053800003FB12629B1A9F42404628BF1F46FCF750
:105390003CFB8046A5E74FF0FF38C7E7ECF75EFC23
:1053A000BDF8181006FB00116B4809F0D7FC042368
:1053B000664889F8003009F0EBFE92E52B0602D52D
:1053C0000220FAF727F915F0100303930AD006A874
:1053D000ECF744FCBDF818304FF47A7101FB003152
:1053E0005E48C3E7E80518D5F5F71EFC824606A817
:1053F000ECF734FCBDF818104FF47A7B0BFB00116E
:105400005246574809F0AAFCBAF1000F15D000F037
:1054100099FB0399206801F0E7F8A9072FD5FFF75A
:105420002DFB60B306A8ECF719FCBDF818304FF45B
:105430007A7101FB00314B4898E70E20F5F70CF923
:1054400090B9206801F02AF882460028E5D006A825
:10545000ECF704FCBDF81810384A0BFB001153465A
:10546000414809F07BFC83E706A8ECF7F7FBBDF8A1
:1054700018100BFB00113D4809F070FCCDE7AA069F
:105480001FD501F0F7F8206801F04EF88246002899
:105490003BD0012001F08EF8012183460F20F5F763
:1054A000C3F806A8ECF7DAFBBDF818C0234ACDF81C
:1054B00000A04FF47A7101FB00C15B462C4809F053
:1054C0004DFCEB077FF532AF3E442A4FFCF724FB3F
:1054D0003B68294AC31A934205467FF6CFAE06A819
:1054E000ECF7BCFBBDF818303A684FF47A7101FB59
:1054F0000031AA1A214809F031FC3B68204803F525
:1055000016733B60F4F716FAB8E601460F20F5F77C
:105510008BF8D6E7ECF7A2FBBDF81830194A4FF428
:105520007A7101FB00311848FFF742BBAB840308D6
:10553000EF84030857850308244400201ACC03088D
:105540009485030836894100D68503082844002045
:105550004E8603088C860308E98603084A870308F9
:105560009187030857880308C88703080888030839
:10557000EB8203081844002080510100A48803082E
:105580004D49020867CE0308F28803082DE9F3416C
:1055900004460DF10600ECF761FBBDF806104FF470
:1055A0007A7606FB001122462F4809F0D7FB2F4BD5
:1055B0001B78012B09D0022C53D12D4B18684021A8
:1055C00002B0BDE8F04106F06ABEDFF8A88098F8A6
:1055D000000068B10DF10600ECF740FBBDF80610C5
:1055E00006FB0011244802B0BDE8F04109F0B6BB4B
:1055F000012C33D1FBF739F9054670B90DF10600DE
:10560000ECF72CFBBDF806101C4A06FB00111C48E9
:1056100002B0BDE8F04109F0A1BB1A4902F03AF925
:105620000746A0B10DF10600ECF718FBBDF8061017
:10563000124A06FB00113B46134809F08FFB28462F
:10564000FAF7B2F902B0BDE8F041F5F74DB8022122
:10565000084688F80040F4F757F9F3E7F9F7DAFF5E
:10566000F0E702B0BDE8F081568903081D44002030
:105670004044002014440020898903083FCE0308D9
:10568000E38903080D3802081E8A030810B5144880
:105690008CB002F0DFF800F0E9F9002006F062FFBC
:1056A000104B0024186022460F4B00944FF0FF313E
:1056B0000E4809F0BDFC2146202204A80AF042F958
:1056C0000B4B03934FF400621823CDE908232146C6
:1056D00003AA084806F075FD074B18600CB010BD12
:1056E000653702084444002055370208284400204A
:1056F0004C8A0308354B0208404400202DE9FF4145
:10570000344D354E4FF0FF3422460021032006F081
:1057100024FE041E1FDAA21C1CD00DF10E00ECF7B3
:105720009DFABDF80E102D4A4FF47A7505FB001155
:1057300023462B4809F012FB0DF10E00ECF78EFA10
:10574000BDF80E10254A05FB0011264809F006FB9E
:1057500006F086FD002428684FF0FF3106F039FF7F
:10576000E30748BF0023204848BF3370FCF732F9F5
:1057700008B937782FB1286806F050FF4FF0FF3492
:10578000C2E71948FCF70DF91849804602F082F883
:105790000446D8B10DF10E00ECF760FABDF80EC06A
:1057A0000E4A0A234FF47A7101FB00C1009310489E
:1057B000234609F0D3FA0C484146FCF7DAF842F2E6
:1057C00010742868377006F029FF9DE701274FF015
:1057D000FF34F6E7644400205C440020F8CE030860
:1057E000548A0308998A0308B0080020F557020874
:1057F000C48A030873B50D46044670B10DF1060066
:10580000ECF72CFABDF80660094A4FF47A7101FBF7
:1058100000612346074809F0A1FA2846FAF7C4F8C0
:10582000054B1868012102B0BDE8704006F037BD95
:10583000E9CE03086D6C0308604400202DE9F04FA9
:1058400089B08046104603919146FCF7DBF84C4F37
:10585000002604463E6024B9002E0CBF00200C2018
:1058600014E02046FCF755F90546006888B90DF1AB
:105870001E00ECF7F3F9BDF81E30424A4FF47A717E
:1058800001FB0031404809F069FA092009B0BDE880
:10589000F08FAB68DBB901F0E1FB012303FA00F004
:1058A0003B6803430DF11E003B60ECF7D7F9BDF8F0
:1058B0001E404FF47A7303FB0044286801F0CEFBCE
:1058C000304A03462146314809F048FADDE7B8FB83
:1058D000F3FA03FB1A8ABAF1000F03D02046FCF753
:1058E00094F84AE0039901F085FB05900028F5D073
:1058F000286801F0B3FB04900DF11E00ECF7AEF93F
:10590000BDF81E10059A049B00924FF47A7B0BFBA6
:1059100000111C4A1E4809F021FA2B790DF11E00D6
:105920009BB9ECF79BF9BDF81E10164A0BFB001152
:10593000184809F013FA286801F090FB01263B682B
:1059400006FA00F003433B60C8E7ECF787F9BDF8BF
:105950001E100C4A0BFB00110F4809F0FFF95146CD
:10596000286801F047FB286801F03DFB284608F055
:10597000DBFF21464846FCF74BF804466BE700BFC7
:105980004C44002077CE0308068B0308368B0308AF
:10599000638B0308978B0308C58B030837B5044650
:1059A000FAF75FF978B90DF10600ECF757F9BDF891
:1059B00006304FF47A7101FB0031254803B0BDE891
:1059C000304009F0CBB92046FAF73FF905462046AA
:1059D000FAF740F901462846F9F7DEFF044680B998
:1059E0000DF10600ECF73AF9BDF80630194A4FF40C
:1059F0007A7101FB0031184803B0BDE8304009F06E
:105A0000ADB9164D4FF0FF31286806F0E2FD214692
:105A10001348FBF7AEFF044678B10DF10600ECF732
:105A20001DF9BDF806304FF47A7101FB00310D48C5
:105A300009F094F92046F9F7B7FF0B4B02211868DB
:105A400006F02DFC286803B0BDE8304006F0E6BD46
:105A5000F38B0308C6CE03083A8C03086444002085
:105A6000B00800206D8C03086044002007B50020BA
:105A700006F078FD0E4B1860FAF730F80D4B186001
:105A8000FAF73EF80DF10600ECF7E8F8BDF806303D
:105A90004FF47A7101FB0031074809F05FF9074ABA
:105AA0000748002106F08DFB064B186003B000BDCF
:105AB000644400206C440020A98C03080CCF030828
:105AC000FD5602086044002037B5184B184D186881
:105AD000FAF716F84FF0FF31286806F07AFD0DF15D
:105AE0000600ECF7BBF8BDF806404FF47A7303FBF1
:105AF00000441048FBF76CFF0F4A034621460F484D
:105B000009F02CF90B48FBF765FF40B10C4B2868F6
:105B100000221A7003B0BDE8304006F07FBD054892
:105B2000FBF73FFFF9F740FFECE700BF6C440020B4
:105B300064440020B0080020D2CE0308FE8C030885
:105B40005C44002013B50DF10600ECF787F8BDF8B2
:105B50000630084C4FF47A7101FB0031064809F019
:105B6000FDF82068FFF71AFF206802B0BDE810407A
:105B7000F9F7C6BF6C440020438D03082DE9F04FB0
:105B8000B54C8BB02368049101330A46012181464C
:105B90002360FFF753FE8046002840F04E8106F058
:105BA00001FB07900498D4F800A0FBF72BFFAB4B48
:105BB000CDF814800446C3F800808CB9059B63B906
:105BC000A54B0498D3F800A0FBF71CFF054600285E
:105BD00063D1059B002B00F030814FF00C082CE1C5
:105BE0002046FBF796FF8368B9FBF3F603FB169696
:105BF00005461EB12046FBF708FF4CE000685FFA3F
:105C00008AF101F001FA06900028F3D009A8ECF718
:105C100025F8BDF824B04FF47A7707FB00BB28685D
:105C200001F01CFA069A009203468D4A8D485946A7
:105C300009F094F82B7909A8ABB9ECF70FF8BDF887
:105C40002410874A07FB0011874809F087F8286865
:105C500001F004FA814A01231168059303FA00F068
:105C600008431060C6E7EBF7F9FFBDF824107C4A43
:105C700007FB00117D4809F071F83146286801F0F2
:105C8000B9F9286801F0AFF9284608F04DFE0498EC
:105C90002146FBF7BDFE04468FE72846FBF739FF98
:105CA0008268B9FBF2F302FB139306461BB1284648
:105CB000FBF7ABFE8AE706F075FA0746306801F09D
:105CC000ADF9079B1C18306801F0C8F9E41B0746C2
:105CD000306801F0C8F9002C069002DD204606F07D
:105CE0008DFB5FFA8AFB3068594601F0ADF9044636
:105CF000002860D01A282CD1306801F08FF90446B2
:105D000009A8EBF7ABFFBDF82410594A4FF47A7C91
:105D10000CFB00115346CDE90074564809F01EF8FB
:105D2000204606F06BFB3068594601F08DF90446B9
:105D3000002840D009A8EBF791FFBDF824104C4A89
:105D40004FF47A7C0CFB0011CDE900744A485346AD
:105D50000DE009A8EBF782FFBDF824C0444A4FF4D8
:105D60007A71CDE9007401FB00C14448534608F044
:105D7000F5FF09A8EBF772FF02943379BDF824C050
:105D80003B4A4FF47A71CDE9007301FB00C15346E1
:105D90003B4808F0E3FF33793068002B40F08E80F9
:105DA00001F05CF92D4901230A68059303FA00F01C
:105DB000104308607BE730685A4609A901F036F9BC
:105DC000044678B10DF12200EBF748FFBDF822C080
:105DD000274A4FF47A7101FB00C1CDE900742948CC
:105DE0005346C4E73279099B012A04D11946384643
:105DF00000F05EFC5BE7DFF890B0CDF80090069A0B
:105E0000DBF800003946F9F799FE044600283FF414
:105E10004EAF03283CD00DF12200EBF71FFFBDF879
:105E20002250134A4FF47A7101FB0051CDE90074FE
:105E30001648534608F092FFA046084C049A25687D
:105E400000214846FFF7FAFCB8F1000F18BF4046A2
:105E500025600BB0BDE8F08F684400204C44002062
:105E6000A7CE0308858D0308978B0308C58B03080D
:105E700090CE0308BA8D0308498E0308058E0308E7
:105E8000068F03088D8E03086C440020C58E03081E
:105E9000DBF80000FFF782FDDBF80000F9F730FEC9
:105EA000CDF80090099B069ADBF800003946F9F717
:105EB00045FE044600283FF4FAAE5AE7002101F0FF
:105EC00099F8306801F08FF8304608F02DFD0498FD
:105ED0002946FBF79DFD79E6014B1868704700BF26
:105EE0004C440020431E37B55C425C4121460120F2
:105EF000FDF756FB0D4B21461868FBF78FFB044658
:105F000088B10DF10600EBF7A9FEBDF80650084A6E
:105F10004FF47A7101FB00510648234603B0BDE8F7
:105F2000304008F01BBF03B030BD00BF7C0800202C
:105F3000B4CF03084D8F0308431E37B55C425C4164
:105F400021460020FDF72CFB0D4B21461868FBF77E
:105F500065FB044688B10DF10600EBF77FFEBDF846
:105F60000650084A4FF47A7101FB00510648234657
:105F700003B0BDE8304008F0F1BE03B030BD00BF53
:105F800080080020A7CF03084D8F030838B50068AC
:105F90000D4601F063F80446286801F05FF884427A
:105FA0008CBF0120002060F1000038BD38B5012110
:105FB000054601F01FF8044650B9284601F009F8DB
:105FC000044628B90146284601F014F8044630B1C9
:105FD0000021284601F00EF8284601F004F820467A
:105FE00038BD00002DE9F04F87B08A460290174671
:105FF000002A00F0E080D0F800801046FBF702FD98
:10600000002604464FF00109ACBBDFF8B09128EA46
:106010000605012303FA04FB1BEA050F1AD0D9F881
:106020000000FFF7C3FF8046002800F089800DF1D3
:106030001600EBF713FEBDF816C0614ACDF80080DC
:106040004FF47A7101FB00C123465E4846EA0B0615
:1060500008F084FE01340B2C09F10409D9D15A4906
:106060003846FBF738FD3543029B002D1D6014BFF9
:106070000D20002013E02046FBF74BFD054688B9B4
:106080000DF11600EBF7EAFDBDF816304C4A4FF45F
:106090007A7101FB00314D4808F060FE092007B01D
:1060A000BDE8F08F0379534503D02046FBF7ADFCE4
:1060B00015E0006800F0D2FF014609FA01F111EA8B
:1060C000080128680DD100F095FF286800F08BFFCB
:1060D000284608F029FC21463846FBF799FC04467F
:1060E00092E700F0BBFF09FA00F006432868FFF7CB
:1060F0005DFFB0B103900DF11600EBF7AFFDBDF8F9
:1061000016B04FF47A7303FB00BB286800F0A6FFBB
:10611000039A009203462A4A2D48594608F01EFE6B
:10612000D6E7286800F09AFF09FA00F028EA00088C
:10613000286800F093FF09FA00F026EA0006B4E7A9
:106140000C2008F079FB804680B90DF11600EBF7C2
:1061500085FDBDF816501A4A4FF47A7101FB0051C3
:1061600023461C4808F0FAFD022098E7D9F80030D1
:1061700003604FF0FF3380F804A083600146384687
:10618000FBF779FC90B90DF11600EBF767FDBDF850
:1061900016500B4A4FF47A7101FB005123460E480A
:1061A00008F0DCFD404608F0BFFBDDE726EA0B0601
:1061B00025EA0B054EE7012071E700BF8844002067
:1061C0006ECF0308A78F03088D5F0208068B0308B4
:1061D0007A8F0308DF8F0308169003082DE9F04F2C
:1061E000102285B000219E4809F0ACFBFBF733FC80
:1061F000074688B90DF10E00EBF730FDBDF80E3003
:10620000984A4FF47A7101FB0031974808F0A6FDD7
:10621000384605B0BDE8F08F944E954B3068954CEC
:106220000022114601F002F8012120600020FDF754
:10623000B7F901213068FBF7F1F93068F8F72CFD68
:1062400001463068002940F08E80894B012201F020
:10625000D3F80521606001F003F9854B60610222EB
:1062600000213068844DDFF80CA200F01DFD834B47
:10627000A06003220021286800F07CFB7F4BE060D7
:1062800004220021286801F0B3F906212061A068EA
:1062900000F04AFD0721A061206901F0DDF9082125
:1062A000E061206800F0F6FF09212062A06800F09C
:1062B0003BFD0A216062E06800F092FB4FF00008AD
:1062C000A062C1464FF0010B5AF8045B002D62D169
:1062D0000DF10E00EBF7C2FCBDF80EC0614A4FF4A1
:1062E0007A7101FB00C14346654808F037FD384626
:1062F000FBF7B5FB2F460120F9F7D2FA0546002837
:1063000040F087800DF10E00EBF7A8FCBDF80E30D1
:10631000544A4FF47A7101FB00315A4808F01EFDCF
:10632000A0684F4D00F019FDF5F75EF90021084611
:10633000FDF736F93068544E00210024FBF76EF962
:10634000A8463470D8F80C30A3427DD80DF10E0069
:10635000EBF784FCBDF80E304B4A4FF47A7101FB29
:1063600000314A4852E7F8F7C1F8014648B9404BB6
:106370003068012200F0E0FD0521606000F010FEB1
:106380006BE70121002000F0F9FC0521606001208D
:1063900000F0F4FC61E75FFA88F001F083F958BB84
:1063A0005AF8040C00F015FE30BB0BFA08F35AF84B
:1063B000040C0DF10D0149EA030900F059FE0546F0
:1063C00050B9274B9DF80D00DA681946AA421AD138
:1063D000531C8854CB600FE00DF10E00EBF73EFC30
:1063E000BDF80EC01F4A00954FF47A7101FB00C141
:1063F0004346274808F0B2FC08F10108B8F10B0F3A
:106400007FF462AF77E713F801CB8445F4D0013510
:10641000DCE703684B4583D00DF10E00EBF71EFC63
:10642000BDF80EC0CDF800904FF47A7101FB00C1A9
:106430002B680C4A174808F091FC40F26D120421B9
:106440000A20F6F70BFB6BE73046E8F7E9FD15F895
:10645000012B1149304409F043FA013472E700BFBF
:1064600078440020C1CF030847900308800800202B
:10647000395F0208884400207C080020E55E02089D
:1064800079900308DC900308443C00205E910308E7
:10649000A69003081691030859910308F7B504461E
:1064A000F5F7B8FC2246438801930746002101A86E
:1064B000FFF798FD194B019A1A600546B8B10DF126
:1064C0000200EBF7CBFBBDF80260154A4FF47A717E
:1064D00001FB00612B46134808F040FC00212246D6
:1064E00001A80191FFF77EFD284603B0F0BD2046CC
:1064F000FBF788FA04460028F6D02046FBF709FB94
:106500000379064633B9006800F0A8FD07EB800068
:106510004368B3602046FBF778FAEBE77444002049
:1065200084CF0308929103082DE9F3410646F5F75D
:10653000F3FF1D4A03881360074632461A480121BB
:10654000FFF750FD80463046FBF75CFA044618B969
:10655000404602B0BDE8F0812046FBF7DAFA054676
:1065600090B90DF10600EBF779FBBDF806300F4A44
:106570004FF47A7101FB00310D4808F0EFFB214622
:106580003046FBF745FAE1E70379012B08D10068B3
:1065900000F064FD01F079F807EB8000C36CAB609C
:1065A0002046FBF732FAD1E7704400204ACF0308B7
:1065B000068B030810B9044B18687047012801D1F5
:1065C000024BF9E70020704774440020704400201B
:1065D00030B129B1034B0360DB680B6000207047CA
:1065E000012070477844002007B5024630B10129E8
:1065F00004D8002301A80193FFF7F4FC03B000BD09
:1066000073B504460E4630B1012923D8FBF7FAF9D9
:106610000024054615B9204602B070BD2846FBF798
:1066200078FA90B90DF10600EBF718FBBDF80630CB
:10663000094A4FF47A7101FB0031084808F08EFBDB
:106640002846FBF7E2F90546E4E70379B34208BFC1
:106650000134F5E70024DEE730CF0308068B03089A
:1066600008B5002005F07EFF014B186008BD00BF93
:10667000B4440020F8B5F5F76DFEF5F74DFF0B4E6D
:10668000054600240127298807FA04F39BB2194024
:1066900007D13288E01C22EA0303C0B23380F3F74B
:1066A000C3FF01340B2CEED1F8BD00BFBA4400206B
:1066B0002DE9F04F0A2887B004460E4600F2898083
:1066C000F5F72AFFDFF81C91474DDFF820810746D8
:1066D0004FF0FF31D9F8000005F07BFF3B88B5F89B
:1066E00000A0E34013F0010F17D12AFA04F3DB07EF
:1066F00054D504A8EBF7B2FABDF810304FF47A7114
:1067000001FB003122463A4808F028FB2B88012281
:10671000A24023EA02032B8040E02046F5F700FF69
:1067200043688768D0F800B0019319463846E9F706
:10673000B1F931460290E9F753FC031E18BF01235B
:10674000394658460393E9F7A3F93146E9F766FC61
:1067500020B902983146E9F743FC70B101232A8839
:10676000A3409BB21A432A80B8F8002022EA030310
:10677000039AA2401343A8F8003039465846E9F777
:1067800089F93146E9F72CFC40B139460198E9F71F
:106790007FF93146E9F742FC0028B7D12D88D9F8B6
:1067A0000000B8F8006005F039FF554511D0E5400C
:1067B000E01C15F00101C0B20ED00323E6408DF8B5
:1067C0001430012306F0010604AA19460496F3F7D3
:1067D0000DFF07B0BDE8F08F07B0BDE8F04FF3F74D
:1067E00023BF00BFB4440020BA440020B8440020B6
:1067F000BE91030838B14379C16801229A400B78F1
:1068000023EA02030B70704738B50D460446012396
:10681000F8B1C068227990F83C1093400B4005FA1B
:1068200002F2934202D0C36C28469847E26820796E
:1068300092F83C3001218140854023EA01032B433B
:1068400082F83C304FF6FF73A2F84A3000202381D3
:1068500038BD1846FCE770B50E460546D8B1C46889
:10686000B4F84A308B420FD094F83C2012F0040266
:1068700004F1040018BF07220721F6F75DFC84F835
:106880004800EC68A4F84A602E8194F8480000287B
:1068900018BF0F2070BD0120FCE710B50446A8B159
:1068A000C068627903781341DB070DD40430F6F732
:1068B0009BFA68B96179E26801238B4011780B4338
:1068C00013704FF6FF732381002010BD0120FCE7F9
:1068D0000D20FAE708B548B1C0680430F6F75DFC52
:1068E00018B1082814BF0B201A2008BD0120FCE7AE
:1068F00038B50D46044698B391B30389934231D11C
:10690000C268B2F84A10994211D192F83C3013F0A3
:10691000010F02F104001CD013F0040F02F140013A
:1069200014D04432F6F786FCE26882F849002379F5
:10693000A3B9136C2B6092F8490000384FF6FF732F
:1069400018BF0120A2F84A30000138BDF6F751FC0B
:10695000EAE702F14401F6F75CFCE5E7536CE9E78E
:106960000120F2E71120F0E718B1C0680430F6F713
:1069700077BC70472DE9F843884617469946064686
:1069800060B1102008F0EEFE044638B1502008F047
:10699000E9FE054630B9204608F0ECFE002420460A
:1069A000BDE8F883021D56213046F6F714FA00239D
:1069B0002B7085F83C3000232B646B64064B84F805
:1069C0000480C5E912394FF6FF732381034B6771C9
:1069D000E5602360E3E700BF0000FFFFC008002080
:1069E00070B50E46044648B10379B3FA83F35B09E8
:1069F00010205D0008F0B6FE10B90446204670BDB8
:106A0000E368C3604FF6FF73038123680571467125
:106A10000360F2E708B1C368586E70470020704702
:106A2000024638B508460123B2B1D168157991F80C
:106A30005440AB4024EA030300FA05F52B4381F8E8
:106A400054304FF6FF73A1F86A301381CB6E0BB947
:106A5000002038BD9847FBE71846FAE730B50D46E9
:106A600089B00446002849D0C368B3F86A208A4236
:106A70003FD0234A01920822991801A88DF80820D6
:106A8000F7F7DAF8E26818B1022382F8683012E00A
:106A90004FF496738DF80C00ADF80E3003A9642303
:106AA00008320120ADF81030F7F758FBE16828B143
:106AB000022381F868300F2009B030BD0831012071
:106AC000F7F768F8E2680028DED1083201A9012052
:106AD000F7F732F99DF80C10BDF81020E3684A432F
:106AE0004FF47A7101FB0200A3F86A50B0FBF1F099
:106AF00058660020258183F86800DDE70120DBE788
:106B00000505050010B5044658B1C068037933B9CE
:106B10000830F6F780FF30B9E36801221A710020CF
:106B200010BD0120FCE70D20FAE74FF47A73B0FBAB
:106B3000F3F0EAF7C1BF0000F7B507460E46154669
:106B40001C463BB3DB682BB31B681BB318684FF0C4
:106B5000FF3105F03EFD11482A46314600F8017B21
:106B600008F092FF0022E068CDE900226B1C0B4A7E
:106B700000689BB27621FAF7EDFCE3681B680546D6
:106B8000186805F04BFD002D14BF6FF001000020C8
:106B900003B0F0BD4FF0FF30FAE700BFBC44002067
:106BA0007FB50E4615468DF80F001C4603B3DB6813
:106BB000F3B11B68E3B118684FF0FF31ADB205F0D7
:106BC00008FDE068CDE9006501230DF10F02762193
:106BD0000068FAF7BFFCE3681B680546186805F013
:106BE0001DFD002D14BF6FF00100002004B070BD2A
:106BF0004FF0FF30FAE750B149B1C3681A7942B19A
:106C00001B7A612B07D10A230B70002070470120EB
:106C10007047132070470620704730B50D4689B085
:106C2000044600283DD000293BD00189914202D082
:106C3000112009B030BDC368B3F86A208A4213D16D
:106C400008330DF1070202A90120F7F7B5F8E36850
:106C5000049A9A650038069ADA6518BF0120059AE9
:106C60001A66400083F869004FF6FF72A3F86A20A5
:106C7000217993F8542051B9D007D9D59A6D2A605B
:106C800093F86900003818BF01200001D1E70129FD
:106C900003D19107CCD5DA6DF1E75207C8D51A6E4A
:106CA000EDE70120C5E700002DE9F04188461746D1
:106CB0001C46064658B1102008F054FD054630B178
:106CC000702008F04FFD30B9284608F053FD00252C
:106CD0002846BDE8F0810F4B43640F4B83640F4B94
:106CE000C364192383750023037180F85430002393
:106CF0008365C36503660A4BC560C0E91A344FF665
:106D0000FF732B81074B066085F804806F71E86084
:106D10002B60DDE7A16B0208396B02082B6B0208C0
:106D20000000FFFFE008002070B50D46044640B1AA
:106D3000084600F0AAFC0646102008F013FD10B922
:106D40000446204670BDE268C2604FF6FF720281C1
:106D50002268067145710260F2E708B1C068083028
:106D600070470D2070470F2070470020704710209B
:106D700070470C2070470C207047000038B505465E
:106D800008200C4608F0EEFC18B1024B03600571B8
:106D9000447138BD00090020024638B50846012379
:106DA0009AB1D16815790C7CAB4024EA030300FA50
:106DB00005F52B430B744FF6FF73CB8313810B6ADE
:106DC0000BB9002038BD9847FBE71846FAE708B52D
:106DD00088B1C068017C03291EBF01F00101C1F127
:106DE0000201C9B20430F7F709FC18B1082814BF32
:106DF0000B201A2008BD0120FCE770B50E460546A1
:106E0000C8B1C468E38B8B420FD0217C03291CBF1F
:106E100001F00101C1F1020304F1040018BFD9B26D
:106E2000F7F7C5FB2077EC68E6832E81207F0028EA
:106E300018BF0F2070BD0120FCE710B5044658B103
:106E4000C068037833B90430F7F760FB30B9E36802
:106E500001221A70002010BD0120FCE70D20FAE786
:106E600020B319B3C3685B8940F2152293420BD853
:106E7000B3F5047F0CD3A3F50473052B08D8DFE822
:106E800003F0090D0F07071340F61322934209D0B0
:106E90000620704704230B70002070470523FAE793
:106EA0000623F8E70723F6E70823F4E701207047F5
:106EB00038B50D460446002836D0002934D0038961
:106EC000934201D0112038BDC268D18B99420FD1B5
:106ED000137C13F0010F02F104001CD013F0020F19
:106EE00002F1140114D01832F7F742FCE26850772F
:106EF0004FF6FF73D3832179137C89B9D907E1D584
:106F000053692B60507F003818BF01200001DAE779
:106F1000F7F7A6FBEAE702F11801F7F7EDFBE5E763
:106F20009B07CFD59369ECE70120CCE718B1C06887
:106F30000430F7F781BC70472DE9F84388461746BF
:106F40009946064660B1102008F00CFC044638B1A2
:106F5000242008F007FC054630B9204608F00AFC5A
:106F600000242046BDE8F883011D3046F7F7C6FA35
:106F700000232B702B7400236B61AB61064B84F8EC
:106F80000480C5E907394FF6FF732381034B67710E
:106F9000E5602360E5E700BF0000FFFF2009002057
:106FA00070B50E46044640B105791020B5FA85F556
:106FB0006D0908F0D7FB10B90446204670BDE368A0
:106FC000C3604FF6FF730381236805714671036048
:106FD000F2E720B1036823B11B6813B11847012001
:106FE00070470E20704720B1036813B15B6803B18E
:106FF0001847704720B1036823B19B6913B1184744
:10700000012070470E20704720B1036823B19B68B0
:1070100013B11847012070470E20704720B1036854
:1070200013B1DB6803B118470020704710B430B1CA
:1070300029B1036833B11B6923B110BC1847012083
:1070400010BC70470E20FBE720B1036823B15B69D9
:1070500013B11847012070470E20704708B14079DE
:1070600070470B20704708B10079704703207047C4
:1070700028B121B1036823B1DB6913B1184701209E
:1070800070470E20704738B518B3C4680279237C66
:10709000012905D143FA02F5ED0706D5002038BDD8
:1070A00019B943FA02F5ED07F8D50125954023EA11
:1070B000050301FA02F21343DBB24FF6FF722374A9
:1070C000028103B9E283236A002BE7D00846984780
:1070D000E4E70120E3E710B50446B0B1C068437FA0
:1070E00023B123898B4201D1002010BD0430F7F772
:1070F0007BFCE36800280CBF012200225A77F3D002
:1071000008280CBF1A200B20EFE70120EDE710B58F
:10711000044660B1C06803783BB907210430F7F733
:10712000D7FB30B9E36801221A70002010BD01209E
:10713000FCE70D20FAE790B189B1C3685B7AB32B05
:1071400009D0B42B03D0B12B07D006207047012300
:107150000B70002070470223FAE70323F8E70120B1
:10716000704738B50D460446002834D0002932D087
:107170000089904231D1E2682179137C43FA01F110
:10718000C9072CD5D18B814211D113F0010F02F127
:10719000040019D013F0040F02F1140111D01832B9
:1071A000F7F7C6FCE2684FF6FF731077D3832379B5
:1071B0007BB953692B60107F003818BF0120000194
:1071C00038BDF7F741FCEDE702F11801F7F774FC61
:1071D000E8E79369EEE70120F2E71120F0E71320DA
:1071E000EEE718B1C0680430F7F7F4BC704770B52B
:1071F0000D460446B8B1C668F38B4FF6FF72934252
:107200000DD10023F1837377301DF7F78BFB3077B7
:10721000E3682581187F002818BF0F2070BD8B42BE
:10722000F6D01220FAE70120F8E700002DE9F84334
:10723000884617469946064660B1102008F092FA33
:10724000044638B1242008F08DFA054630B92046AE
:1072500008F090FA00242046BDE8F883011D30466E
:10726000F7F733FB00232B702B7400236B61AB61AA
:10727000064BEB614FF6FF732381054BC5F8209059
:10728000E56084F8048067712360E4E70000FFFF95
:107290004009002070B50E46044648B10379B3FAA0
:1072A00083F35B0910205D0008F05CFA10B9044616
:1072B000204670BDE368C3604FF6FF730381236807
:1072C000057146710360F2E7024638B508460123AE
:1072D0009AB1D16815790C7BAB4024EA030300FA1C
:1072E00005F52B430B734FF6FF734B831381CB696B
:1072F0000BB9002038BD9847FBE71846FAE720B1E4
:1073000019B109230B70002070470120704770B538
:107310000E46054678B1C468638B8B4205D0201DAC
:10732000F7F703FD2076EC6866832E81207E002827
:1073300018BF0F2070BD0120FCE710B5044658B1FE
:10734000C068017831B90430F7F7D6FC30B9E3688A
:1073500001221A70002010BD0120FCE70E20FAE780
:1073600008B548B1C0680430F7F705FD18B1082822
:1073700014BF10201A2008BD0120FCE738B50D46C7
:10738000044670B369B3038993422CD1C268518B10
:1073900099420FD1137B13F0010F02F1040019D0B1
:1073A00013F0020F02F1100111D01432F7F77EFD35
:1073B000E2685076237993B913692B60507E0038C8
:1073C0004FF6FF7318BF01205383000138BDF7F754
:1073D000D5FCEDE702F11401F7F71CFDE8E753696E
:1073E000EBE70120F2E71120F0E718B1C0680430A4
:1073F000F7F7CABD704700002DE9F84388461746E5
:107400009946064660B1102008F0ACF9044638B140
:10741000202008F0A7F9054630B9204608F0AAF95F
:1074200000242046BDE8F883011D3046F7F750FCE4
:1074300000232B702B7300232B616B61064B84F8A8
:107440000480C5E906394FF6FF732381034B67714A
:10745000E5602360E5E700BF0000FFFF6009002052
:1074600070B50E46044640B105791020B5FA85F591
:107470006D0908F077F910B90446204670BDE3683D
:10748000C3604FF6FF730381236805714671036083
:10749000F2E738B14379C16801229A400B7823EAB8
:1074A00002030B70704738B50D4604460123D8B16E
:1074B000C0682279017B93400B4005FA02F29342A7
:1074C00002D0C36928469847E2682079137B0121DE
:1074D0008140854023EA01032B4313734FF6FF736A
:1074E00053830020238138BD1846FCE770B50E4653
:1074F000054698B1C468638B8B4209D0217BC94390
:10750000201D01F00101F7F7CBFD2076EC686683C2
:107510002E81207E002818BF0F2070BD0120FCE7BF
:1075200010B50446A8B1C068627903781341DB073F
:107530000DD40430F7F79CFD68B96179E268012346
:107540008B4011780B4313704FF6FF73238100209B
:1075500010BD0120FCE70D20FAE708B548B1C0686E
:107560000430F7F7CDFD18B1082814BF10201A20F9
:1075700008BD0120FCE738B50D46044670B369B379
:10758000038993422CD1C268518B99420FD1137B4E
:1075900013F0010F02F1040019D013F0020F02F1F1
:1075A000100111D01432F7F775FEE2685076237996
:1075B00093B913692B60507E00384FF6FF7318BFE4
:1075C00001205383000138BDF7F79CFDEDE702F180
:1075D0001401F7F7FFFDE8E75369EBE70120F2E755
:1075E0001120F0E718B1C0680430F7F7C9BE704742
:1075F0002DE9F843884617469946064660B11020A3
:1076000008F0B0F8044638B1202008F0ABF8054681
:1076100030B9204608F0AEF800242046BDE8F883D3
:10762000011D3046F7F70EFD00232B702B7300234E
:107630002B616B61064B84F80480C5E906394FF66F
:10764000FF732381034B6771E5602360E5E700BFAB
:107650000000FFFF8009002070B50E46044640B1CF
:1076600005791020B5FA85F56D0908F07BF810B999
:107670000446204670BDE368C3604FF6FF73038184
:107680002368057146710360F2E7072804D80428CF
:1076900094BF002001207047083802288CBF0320C7
:1076A000022070470A280CD8012303FA00F040F2A8
:1076B0006733184207D110F4936F0CBF02200120EA
:1076C00070470220704700207047000037B5002443
:1076D0002246CDE900442346214641F22100FAF733
:1076E0006BF80E4A1060B0B10D4D0E4A2946FAF7FC
:1076F000D9F80D4B2A689A420C4B08D1094A525BC3
:10770000824204D101221A70204603B030BD00220B
:107710001A701E20F9E70220F7E700BF004500209D
:1077200000FC0020FE030000BEBAFE5AFC4400200C
:10773000074B186810B548B1064B1B7833B1064C9F
:10774000064A2146FAF7AEF8044B185310BD00BFA5
:1077500000450020FC44002000FC0020FE03000047
:10776000034B04481B78002B08BF0020704700BF64
:10777000FC44002004FC0020034B04481B78002B31
:1077800008BF0020704700BFFC440020A8FC002078
:10779000024B1B6803B11847704700BF1C4500200F
:1077A00082680B689A428CBF0120002060F10000C3
:1077B000704700002DE9FF41DFF88480214E0190E1
:1077C0000D46D8F800004FF0FF3104F002FF1E4ACA
:1077D000306801A9FAF76CF90446E8B1FAF799F9AB
:1077E000214607463068FAF713F93C463068FAF745
:1077F0005CF9D8F8000004F011FF54B1D4E900138B
:10780000D3B1002D14BF0C2000209847204607F06C
:107810008BF804B0BDE8F0810DF10E00EAF71EFA16
:10782000BDF80E70019B094A4FF47A7101FB00719B
:10783000074807F093FAD9E70846F8F7B5F8E5E7FF
:107840002445002020450020A1770208DACF030854
:107850005292030813B50446FAF7FDF8084B186076
:10786000002004F07FFE074B1860074B07481C60A0
:107870000021074B0091012207F0DAFB02B010BD96
:1078800020450020244500201C4500200445002000
:10789000917702082DE9F04F87B006460391002842
:1078A00000F0B88005A9F8F78BF8044690B10DF107
:1078B0001600EAF7D3F9BDF81650584A4FF47A711A
:1078C00001FB00512346564807F048FA204607B00E
:1078D000BDE8F08F0C2006F0AFFF0546002800F051
:1078E0009B80DFF840914FF0FF31D9F8000004F0A1
:1078F00070FEF4F707FF9DF81480076808F007038F
:107900004FF47A7A062B0AFB07F710D0072B07D122
:10791000C8F3C30808F10708B8F10E0F434608DCA6
:1079200000EB430090F804B090F805801AE023467D
:10793000F6E70DF11600EAF791F99DF81430BDF85D
:107940001610C3F3C30203F00703019200930AFB6E
:1079500000114346314A344807F000FA4FF004085A
:107960004FF0780B314807F0C7FC20B939462F4853
:1079700007F05EFC02E0B8F1000FF7D1DFF8B0A02D
:107980002946DAF80000FAF776F8074678B3304669
:10799000F8F70CF802903046F8F70CF8039B6B6090
:1079A000244B2E6001460093029843465A46F1F755
:1079B0007DFFA860B0B90DF11600EAF74FF9BDF8E8
:1079C0001630164A4FF47A7101FB00311A4807F05D
:1079D000C5F9284606F0A8FFDAF800003946FAF79C
:1079E00017F80C24D9F8000004F018FE6EE70DF12A
:1079F0001600EAF733F9BDF81630084A4FF47A71E9
:107A000001FB00310D4807F0A9F9284606F08CFF6C
:107A10000224E7E7012459E7022457E7F2CF0308DD
:107A20008992030824450020BC92030804450020E5
:107A300020450020B57702083093030867930308B8
:107A400010B50A4C4FF0FF31206804F0C2FDF4F786
:107A500059FE036806484FF47A71594307F016FC43
:107A60002068BDE8104004F0D9BD00BF24450020C7
:107A7000044500204FF0B04382B0DA6C0243DA6470
:107A8000DB6C03400193019B02B07047F0B587B0F7
:107A9000002401200594FFF7EDFF0220FFF7EAFF25
:107AA0000120FFF7E7FF0220FFF7E4FF4FF48076A5
:107AB0000123CDE9016301A903231348049340275F
:107AC000039401F03BF901A94FF090408025019704
:107AD00001F034F901A94FF09040019501F02EF921
:107AE000224639464FF0904001F04EFA2246314688
:107AF000054801F049FA224629464FF0904001F02E
:107B000043FA204607B0F0BD0004004808B503283A
:107B100015D8DFE800F002161E2C002280214FF05D
:107B2000904001F031FA002215484FF4807101F0C5
:107B30002BFA002240214FF0904001F025FA00205E
:107B400008BD012280214FF0904001F01DFA012272
:107B5000EAE7012280214FF0904001F015FA01225E
:107B600007484FF4807101F00FFA0122E2E7012289
:107B700080214FF0904001F007FA0022F0E700BFAB
:107B80000004004800207047012070470120704722
:107B9000704700004FF0B04213681B0754BFD2F883
:107BA00094301368916801F00C0154BFC3F30323B0
:107BB000C3F30313082933D01A480C2950F8233093
:107BC00010D0194A042908BF13464FF0B042174994
:107BD0009268C2F3031251F82220B3FBF2F3144A65
:107BE00013607047D168D26801F00301C2F302123A
:107BF000022902F101020FD003290FD0B3FBF2F2E8
:107C00004FF0B041CB68C968C3F3062353434A0F12
:107C10000132B3FBF2F3D8E7034BEFE7054BEDE797
:107C2000044BD2E70CD003080024F4006CD0030806
:107C3000A00900200048E80110B5032000F06AFC0C
:107C400001F072FF064B18600F20E9F71FFF044692
:107C500018B9E9F7A9FC204610BD0124FBE700BFD5
:107C6000A0090020014B1878704700BFA40900202C
:107C70004FF0E022136923F00203136170474FF0C5
:107C8000E022136943F00203136170470048704714
:107C900000010301024A536823F001035360704757
:107CA000002004E0024A536823F002035360704747
:107CB000002004E0024A536823F004035360704735
:107CC000002004E08068C0F380007047F7B500230F
:107CD00001930446002800F0E980856D25B9E8F796
:107CE000FDFBE56584F8545023689A68D00040F1A4
:107CF000A1809A68D10000F1B480A26D42F0100218
:107D0000A265E26D42F00102E26501251846FFF727
:107D1000D9FFA26D02F01002024340F0C980A26DAB
:107D2000206922F4817242F00202A2659A68D207A9
:107D30005DD4226BA67E94F82CC0003A18BF0122B5
:107D40001703D4E902120A43217E42EA8132617E9E
:107D500042EAC13242EA4632002842EA4C02B4BF4B
:107D600020F000414FF400113A430A4394F82010E8
:107D7000012903D1002E76D142F48032616A21B10B
:107D8000A66A01F4E07131430A43D968E66C21F434
:107D9000FE3121F4FF711143D96094F83C206168F1
:107DA000012A01F0404C4CEA060609D1D4E910271B
:107DB0003A433243A66C324342EA0C0242F00106D7
:107DC0001F693E4A3A4032431A6121F00042B2F143
:107DD000804F0CD0B1F1004F09D0394ED6F80827AA
:107DE00001F4701122F470120A43C6F808275A6988
:107DF000666BA16B22F0070232435A615A6922F086
:107E0000700242EA01125A61002835D19A6A62F082
:107E10000F029A625B6903F007039E423CD1002384
:107E2000E365A36D23F0030343F00103A365284634
:107E300003B0F0BD9A68234922F0104222F01702E5
:107E400042F080529A60204A1268B2FBF1F201328D
:107E500052000192019A002A3FF44BAF019A013A75
:107E6000F7E7002552E7A16D41F02001A165E16D22
:107E700041F00101E16581E7B0F5001FCAD19A6ABE
:107E8000E269013A92006FF00F0102F01C0201FA60
:107E900002F2216E0A43BCE7A36D23F0120343F004
:107EA0001003A365E36D43F00103E3650125BEE71D
:107EB000A36D43F01003A365F8E700BF02FCFF1FAA
:107EC00000200140400D0300A0090020F8B54569DD
:107ED000082D04460E460AD00368DB68D80705D58E
:107EE000A36D43F02003A3650120F8BD0425E9F745
:107EF000D6FD074623681A682A4220D0A26D42F4B4
:107F00000072A265DA6812F4406F14D1A27E92B9B1
:107F10001A6812070FD51846FFF7D4FE20BB5A681F
:107F200022F00C025A60A26D22F4807222F001024B
:107F300042F00102A265227EFAB10020D5E7711C51
:107F4000D9D0E9F7ACFDC01BB04201D8002ED1D189
:107F500023681B682B40CDD1A26D84F8543042F0C9
:107F60000402A2650320C0E7A26D42F02002A265D0
:107F7000E26D42F00102E265DDE70C221A60DCE707
:107F80000368186C70470000F7B50023019390F860
:107F90005430012B044600F0C080056802690123BB
:107FA00080F854302846FFF78DFE002840F0AF805F
:107FB00048680B68022822F004027ED0B2F1004F1C
:107FC000C3F3110E35D1AA6A42EA0E02AA628A6888
:107FD000686902EA032222F07C4222F0FF0220EAD2
:107FE00003210A43002B6A611DDA4D4A4D4DD2F838
:107FF0000817AB4201F0E07043D10D0213D4D2F860
:10800000083723F0E073034343F40003C2F8083752
:10801000454B1A68454BB2FBF3F20C2302FB0333CA
:108020000193019B53BB0020002384F8543003B01C
:10803000F0BD226E00F01F074FF00F0C0CFA07FC8A
:108040006FEA0C0622EA0C0CBEF1000F11D1C3F34B
:108050008462BA4042EA0C0222668008E26901307A
:108060009042B4D8A86AC3F38362BA400640324350
:10807000ACE793FAA3F2B2FA82F2EAE7019B013B82
:10808000CEE72B4DAB420BD1C901CCD4D2F8083787
:1080900023F0E073034343F08073C2F80837C2E76C
:1080A000244DAB42BFD14B02BDD4D2F8083723F0E8
:1080B000E073034343F48003EFE7B2F1004F01BFE5
:1080C000AA6AC3F311018A43AA62002BABDA1548EE
:1080D00013498342D1F8082709D1D1F8083702F0B3
:1080E000A07223F0E0731A43C1F808279BE71048F9
:1080F000834204D1D1F8083702F44002F1E70D4879
:10810000834290D1D1F8083702F0C072E9E7A26D3E
:1081100042F02002A265184686E7022087E700BFEA
:1081200000200140001000B0A0090020400D030015
:10813000004000B8002000B4026838B5044610467C
:10814000FFF7C0FD08B9002038BD9368990707D430
:10815000936823F0004323F0170343F01003936068
:10816000E9F79DFC054623689B685B07EBD5E9F7BB
:1081700096FC401B0228F6D923689B685A07F2D563
:10818000A36D43F01003A365E36D43F00103E365C2
:108190000120D9E773B50023026801939368DD07D6
:1081A000044602D5002002B070BD9168214B1942EF
:1081B00009D0A36D43F01003A365E36D43F0010301
:1081C000E3650120EFE7936823F0004323F01703F2
:1081D00043F001039360184BD3F8083718021CD4FE
:1081E000637E012BDED0E9F75AFC144E0546226867
:1081F0001368DB07D6D49368D9075FBF9368334011
:1082000043F001039360E9F74AFC401B0228EED9D2
:1082100023681B68DA07EAD4CBE7094B094A1B68D5
:10822000B3FBF2F301330193019B002BD8D0019BE8
:10823000013BF8E71700008000200140E8FFFF7FC6
:10824000A0090020400D030038B504460068FFF780
:1082500039FD054620BB94F85430012B20D0012372
:1082600084F854302046FFF795FFB0B9A36D22681B
:1082700023F4706323F0010343F48073A3651C238C
:10828000E065136084F85400936823F0004323F002
:10829000170343F00403936038BD84F85450FBE7A0
:1082A0000220F9E7026838B5936891680446C80768
:1082B00001D4002038BD9907FBD4936803F005036F
:1082C000012B19D1936823F0004323F0170343F0E7
:1082D0000203936003231360E9F7E1FB054623687B
:1082E0009B68DB07E5D5E9F7DAFB401B0228F6D9E6
:1082F00023689B68DA07F2D5A36D43F01003A365EA
:10830000E36D43F00103E3650120D3E770B5044654
:1083100000284BD0836D43F002038365FFF70CFF09
:10832000054668B92046FFF7BDFF054608B9012399
:10833000A3652268936823F0104323F0170393602A
:1083400023685A6822F4677222F003025A6040F2EE
:108350009F321A60D968164A0A40DA605A6922F0D8
:1083600007025A6100269A6A9E621A6A02F0F02297
:108370001A625A6A02F0F0225A62DA6A02F0F022B5
:10838000DA621A6922F040421A610A4AD2F80837C2
:1083900023F0FE73C2F808372046E8F7B3F8E66525
:1083A0002666A66584F85460284670BD0125FBE763
:1083B00000023E830020014010B590F85430012B9C
:1083C000044618D0012380F85430FFF7B5FE20B1E1
:1083D0000120002384F8543010BD2046FFF762FFCF
:1083E0000028F5D1A36D23F4807323F0010343F03B
:1083F0000103A365EDE70220EEE70000F7B50023D7
:10840000019390F85430012B04467FD0012380F86B
:108410005430FFF747FF23689A6812F001020546BF
:1084200007D0A36D43F01003A365002384F85430F4
:108430002DE0A16D364821F4817141F00201A16562
:10844000DE68D96826F4FF4626F07C0621F4004158
:10845000360421F00301360CD960082799680140E1
:1084600041F0004199609968002913DA01990131BE
:1084700001910199B1F52E3FF5D3A36D23F01203BD
:1084800043F01003A365002384F8543001252846E7
:1084900003B0F0BDD3F8B410013F01F07F010A44EE
:1084A000DCD198681A49084040F001009860D3F880
:1084B000B40020F07F0040EAD202C3F8B4209A68EA
:1084C0000A4042F002029A60E9F7E9FA0746236897
:1084D0009A68D20708D4DA683243DA60A36D23F0D1
:1084E000030343F001039FE7E9F7D9FAC01B022811
:1084F000EDD923689B68D907E9D5A36D43F0100334
:10850000A365E36D43F00103E365BFE70225BEE722
:10851000E8FFFF7F0749CA6822F4E0620302120401
:1085200003F4E063120C134343F0BF6343F40033DE
:10853000CB60704700ED00E0164B30B5DC68C4F34B
:108540000224C4F10703251D042B28BF0423062D94
:108550004FF0FF358CBF033C002405FA03F321EAFA
:108560000303A54022EA0502A340002843EA0203D0
:10857000ACBF00F16040084A4FEA0313B8BF00F0F7
:108580000F00DBB2AABF00F56140135480F800333E
:1085900030BD00BF00ED00E014ED00E0002807DB77
:1085A000044A4109012300F01F00834042F82130B2
:1085B000704700BF00E100E000280CDB43090649DA
:1085C00000F01F0020330122824041F82320BFF336
:1085D0004F8FBFF36F8F704700E100E0BFF34F8F05
:1085E0000549064BCA6802F4E0621343CB60BFF34F
:1085F0004F8F00BFFDE700BF00ED00E00400FA056B
:1086000070B50028AEBF00F16040124C00F00F00C2
:1086100001F00701AABF00F56140205C90F800035B
:10862000C1F107040D1D042C28BF0424062D4FEAB8
:1086300010108CBF033900214FF0FF3505FA04F408
:1086400020FA01F68D4026EA040420EA05001460B1
:10865000186070BD14ED00E00028A1BF430980330D
:10866000054A52F82330A3BF00F01F0023FA00F0A0
:1086700000F001000020704700E100E00028A1BFE9
:1086800043094033054A52F82330A3BF00F01F00CE
:1086900023FA00F000F001000020704700E100E044
:1086A000002808DB4309044900F01F000122603361
:1086B000824041F82320704700E100E070B5D0E926
:1086C00013456560446D14B1D0E916456560D0E985
:1086D000105404F01C060124B4406C60046863600C
:1086E0008368102B0BBFA260A160E160E26070BDE7
:1086F0000268416CD3B210B5083B1424B3FBF4F309
:108700000B4CA24288BF0B4A21F0030199BF01F133
:10871000804202F50232521807338264064AC2646C
:1087200003F01F03012202FA03F3036510BD00BF2B
:10873000070402401C0802408008024038B50028A7
:108740005AD002682D4B9A424FF0140148D82C4B56
:108750001344B3FBF1F32B499B00C0E91013022330
:1087600080F82530136805696FF30E131360D0E9A4
:10877000024323432B43456911682B4385692B43EF
:10878000C5692B43056A2B430B431360FFF7B0FF0A
:10879000B4F5804F04BF002343604368816C03F04D
:1087A0007F020A60D0E91314013B032B4C601ED8F2
:1087B000154B1649816513449B000121013A01FACA
:1087C00002F200214365C2651960114B5A6400230F
:1087D0000122C36380F8243080F82520184638BD74
:1087E0000C4B1344B3FBF1F30B499B00B5E700239B
:1087F000C0E91533C365EAE70120F0E7070402404A
:10880000F8FFFDBF000002403F8200104009024017
:1088100000090240F8FBFDBF0004024038B5002803
:1088200041D00268136823F0010313601F4B9A4282
:108830004FF0140130D81E4B1344B3FBF1F31D4924
:108840009B00C0E91013012403F01C0304FA03F396
:10885000002515604B60FFF74BFF836C41681D607E
:10886000D0E913325A604A1E032A06D8124B0B4431
:108870009B0094401D60114B5C640023C363C0E9FE
:108880001533C0E90B33C0E90D33C36580F82530DB
:1088900080F82430184638BD094B1344B3FBF1F37C
:1088A00008499B00CDE70120F5E700BF070402401F
:1088B000F8FFFDBF000002403F82001000090240A7
:1088C000F8FBFDBF0004024070B590F82450012D64
:1088D00004463BD090F825600125AE4280F8245034
:1088E0004FF000062CD1022580F825500568C6639C
:1088F0002E6826F001062E60FFF7E0FE036BBBB189
:108900002B6843F00E032B60A36C1A68D20342BF9E
:108910001A6842F480721A60636D1BB11A6842F4DF
:1089200080721A602B6843F001032B60002070BD39
:108930002B6823F004032B602B6843F00A03E2E763
:108940008023C36380F824602846F0E70220EEE726
:10895000034640B190F82520022A06D00422C263C3
:10896000002280F82420012070470268806C116882
:1089700021F00E011160016821F48071016011681D
:1089800021F001011160D3E9100202F01C01012263
:108990008A404260D3E9132151605A6D32B11168A7
:1089A00021F480711160D3E9162151600122002069
:1089B00083F8252083F82400704708B590F8253007
:1089C000022B03D00423C363012008BD03681A6887
:1089D00022F00E021A601A6822F001021A60826CFC
:1089E000136823F480731360D0E9101303F01C02A2
:1089F000012393404B60D0E913325A60436D33B189
:108A00001A6822F480721A60D0E916325A60012383
:108A100080F82530002380F82430836B03B1984719
:108A20000020D2E770B4426C046C036826681D68AD
:108A300002F01C020421914031420FD015F0040FC6
:108A40000CD01A6892065EBF1A6822F004021A60FF
:108A5000036B6160002B33D070BC1847022191403A
:108A6000314217D015F0020F14D01A68940606D4BC
:108A70001A6822F00A021A60012280F82520114AA1
:108A800093428CBF104B114B5960002380F8243067
:108A9000C36ADFE708219140314211D029070FD581
:108AA000196821F00E011960012303FA02F26260D5
:108AB000C36380F82530002380F82430436BC9E776
:108AC00070BC704780000240000402400000024079
:108AD00030B5446D90F825200346D2B21CB940222F
:108AE000DA63012030BD206810F4803010D1012AF3
:108AF0000ED193F82420012A0CD08A68551ED1E9A2
:108B000000210A4342EAC542226083F82400E9E7D3
:108B10008022E5E70220E5E790F825303BB1436D80
:108B20002BB11A6842F480321A600020704701208D
:108B3000704790F825303BB1436D2BB11A6822F491
:108B400080321A6000207047012070470A4A53693A
:108B500043F4802330B55361EFF3108472B60023E1
:108B6000CD58C5500433B3F5807FF9D11369DB03C9
:108B7000FCD484F3108830BD00400058064B5A697D
:108B8000002ABFBF054A9A6002F188329A60BABFD4
:108B90005869C00F00207047004000582301674506
:108BA000044B5A6942F000425A615869C043C00FF1
:108BB000704700BF0040005870B50546E8F76FFFEA
:108BC000124E04463369D90313D43369DA0744BF1C
:108BD000012232614CF2FA32134011D10B4E30694E
:108BE00010F480200BD0E8F75AFF001BA842F6D300
:108BF00004E0E8F754FF001BA842E3D3032070BD54
:108C0000024A1361024A01205360F8E7004000580D
:108C1000284500202DE9F041184D98462B78012B6E
:108C200006460C46174626D001232B704FF47A7067
:108C300000236B60FFF7C0FFA0B9012E16D1104AC8
:108C4000536943F0010353612760BFF36F8FC4F88A
:108C500004804FF47A70FFF7AFFF094A536923EAA3
:108C60000603536100232B70BDE8F081394620468E
:108C7000FFF76CFFEDE70220F6E700BF2845002074
:108C800000400058054A536923F47E7343EAC0004C
:108C900040F4803040F002005061704700400058BE
:108CA0002DE9F041234F3B78012B054688463FD004
:108CB00001233B704FF47A7000237B60FFF77CFF49
:108CC000044688B92B68042B13D11B4A536943F41B
:108CD000803343F0040353614FF47A70FFF76CFF65
:108CE0000446154B1A681B6800233B702046BDE8FC
:108CF000F0814FF0FF33C8F800306E68D5E90132DB
:108D00001344B3420AD93046FFF7BCFF4FF47A70E0
:108D1000FFF752FF50B1C8F800600446064A536995
:108D200023F47E7323F002035361DAE70136E5E7AB
:108D30000224DBE728450020004000582DE9F04FD1
:108D4000524C00234FF00F090A6832FA03F501D1A3
:108D5000BDE8F08F012505FA03F818EA020200F0D9
:108D60008E804E68032706F003054FEA430E07FA8C
:108D70000EFC6F1E012F6FEA0C0C32D8876807EAD1
:108D80000C0ACF6807FA0EF747EA0A0787604768B8
:108D900027EA0808C6F300179F4047EA080747601C
:108DA000C76807EA0C088F6807FA0EF747EA080752
:108DB000022DC76017D14FEAD30800EB880803F0F3
:108DC000070AD8F820704FEA8A0A09FA0AFB27EA4C
:108DD0000B0B0F6907FA0AF747EA0B07C8F8207070
:108DE00001E0032DDCD1076805FA0EF507EA0C0750
:108DF0003D4316F4403F056041D023F0030707F1DF
:108E0000804707F5803703F0030CBD684FEA8C0CF0
:108E10004FF0070E0EFA0CFEB0F1904F25EA0E0E41
:108E20002FD01B4DA8422ED005F58065A84214BF57
:108E30000725022505FA0CF545EA0E05BD602568F3
:108E4000D74316F4801F0CBF3D401543256065686D
:108E500016F4001F0CBF3D4015436560D4F88050E8
:108E600016F4803F0CBF3D401543C4F88050D4F841
:108E70008450B60354BF3D401543C4F884500133B9
:108E800062E70025D6E70125D4E700BF00080058B7
:108E900000040048374A2DE9F04F00234FF0010A43
:108EA0004FF0070B4FF00F0931FA03F401D1BDE881
:108EB000F08F0AFA03FC1CEA010654D023F00304E5
:108EC00004F1804404F5803403F00307A568BF0073
:108ED0000BFA07F8B0F1904F08EA050E45D0264D81
:108EE000A84244D005F58065A84214BF0725022595
:108EF000BD40754517D1D2F8805025EA0605C2F865
:108F00008050D2F8845025EA0605C2F884501568CE
:108F100025EA06051560556825EA06055560A56829
:108F200025EA0805A560056803265C0006FA04F436
:108F300023FA06F6254300EB8606056003F00705D5
:108F4000376AAD0009FA05F527EA05073762856833
:108F500025EA04058560456825EA0C054560C56875
:108F600025EA0404C46001339EE70025C0E701251B
:108F7000BEE700BF00080058000400480069084030
:108F8000003818BF012070470AB1816170478162C3
:108F9000704703689A69910744BF00229A629A69F0
:108FA000D2075EBF9A6942F001029A6170470000E1
:108FB00030B5039D04682B4343EA0243064A6068C8
:108FC000C1F309010B4342EA555223F0004320EA62
:108FD00002000343636030BDFF63FF032DE9F843E4
:108FE0000568AC6914F0100406468846174670D030
:108FF00010230024EB61A1463568AB69980662D462
:10900000B9F1000F34D044F004040120AB69D90554
:1090100041BF4FF48072EA6144F0010401205A0517
:1090200041BF4FF4806244F00804EA6101209B05CF
:1090300051D54FF4007344F00204EB613046FFF762
:10904000A8FF6B6823F0FF7323F48B3323F4FF73C3
:1090500023F001036B60736C23437364202386F851
:109060004130002386F8423086F84030012034E059
:10907000B8F1FF3FC1D0E8F712FDC01B404502D850
:10908000B8F1000FB8D13368596896F84220986952
:109090000004D2B20AD5490408D4202A06D05A685E
:1090A00042F480425A60E8F7FAFC074633689B694D
:1090B0009D06A1D4E8F7F3FCC01B1928F6D920249B
:1090C0004FF0010998E7B9F1000F9CD12023EB6123
:1090D00099E720469AE70028B0D1BDE8F88370B53B
:1090E00004460D46164623689B699B0701D5002060
:1090F0001FE0324629462046FFF770FFC0B96A1CC0
:10910000F1D0E8F7CCFC801BA84201D8002DEAD1B1
:1091100023689B6913F00203E5D1626C84F8403048
:1091200042F020026264202284F8412084F8423018
:10913000012070BD2DE9F041DDF8188004460F468E
:1091400016461D4623689B6937EA03030CBF0123BB
:109150000023B34201D0002025E0424629462046A4
:10916000FFF73CFFF0B96B1CECD0E8F798FCA0EBE4
:109170000800A84201D8002DE4D123689B6937EA92
:1091800003030CBF01230023B342DBD1636C43F024
:1091900020036364202384F84130002384F84230A4
:1091A00084F840300120BDE8F08170B504460D46DA
:1091B000164623689B699B0601D500201DE03246B8
:1091C00029462046FFF70AFFB0B9E8F768FC801B84
:1091D000A84201D8002DECD123689B6913F020032D
:1091E000E7D1626C84F8403042F0200262642022B1
:1091F00084F8412084F84230012070BD2DE9F84305
:10920000244E04460F46904600254FF0100923686F
:109210009B695B0700D415B12846BDE8F883424638
:1092200039462046FFF7DAFE23689A69054690061C
:1092300014D595B99A699A69D1061AD504222021C4
:10924000C3F81C906264D9615A6832405A6084F84D
:10925000411084F8405084F842500125E8F71FFC83
:10926000A0EB0800B84201D8002FD0D11DB10125D4
:10927000CDE76564F2E723689B695A07C7D4636C3E
:1092800084F8405043F020036364202384F8413085
:10929000EDE700BF00E800FE10B5044600284ED000
:1092A00090F8413003F0FF021BB980F84020E8F746
:1092B00093FA242384F8413023681A6822F00102CB
:1092C0001A60626822F070621A619A6822F40042A1
:1092D0009A60D4E90221012906D142F400429A6041
:1092E0005A6822F4006207E042F4044202299A60BC
:1092F000F6D15A6842F400625A605A6842F000722D
:1093000042F400425A60DA6822F40042DA60D4E99A
:1093100004210A43A16942EA0122DA60D4E9072163
:109320000A431A601A6842F001021A6000202023E2
:10933000606484F84130206384F8420010BD01204D
:10934000FCE710B5044698B10268242380F8413048
:10935000136823F001031360E8F798FA00206064B3
:1093600084F8400084F84100206384F8420010BD76
:109370000120FCE72DE9F347994690F841300A9F18
:10938000202B04460E46904640F09F8090F84030D7
:10939000012B00F09A804FF0010A80F840A0E8F716
:1093A0007EFB19230546009052464FF400412046AB
:1093B000FFF7C0FE18B1012002B0BDE8F0872123FD
:1093C00084F84130102384F842306064A4F82A9075
:1093D000638DC4F824809BB2FF2B606317D9FF22F2
:1093E00022854FF080734146D4F800C011F8010B7C
:1093F000CCF828006162618D013989B2013A61853A
:1094000092B23349228501320091D2B20AE0628DD4
:1094100092B2228512B14FF00073E4E72C4B009317
:109420004FF0007331462046FFF7C2FD638D9BB2BB
:109430002A4639462046BBB9FFF7B7FE0028BAD105
:1094400023682021D9615A6822F0FF7222F48B32FE
:1094500022F4FF7222F001025A6084F8411084F86D
:10946000400084F84200A7E7FFF739FE0028A2D1A8
:10947000636A226813F8011B91626362638D228D17
:10948000013B9BB26385638D013A92B29BB2228508
:10949000002BCBD0002AC9D100953B468021204625
:1094A000FFF748FE002886D1638D9BB2FF2B05D9BC
:1094B000FF2222854FF080730090B3E7628D92B255
:1094C00022854FF0007300909FE7022074E700BFF1
:1094D000002000802DE9F347984690F841300A9F1C
:1094E000202B04460E46914640F0878090F840308D
:1094F000012B00F082804FF0010A80F840A0E8F7CD
:10950000CEFA19230546009052464FF400412046FA
:10951000FFF710FE18B1012002B0BDE8F08722234A
:1095200084F84130102384F842306064A4F82A8023
:10953000638DC4F824909BB2FF2B6063304B26D917
:10954000FF22228500934FF0807331462046FFF7BB
:109550002FFD638D9BB22A4639462046FBB9FFF7A3
:1095600024FE0028D7D123682021D9615A6822F02F
:10957000FF7222F48B3222F4FF7222F001025A6051
:1095800084F8411084F8400084F84200C4E7628DFA
:1095900092B2228500934FF00073D2B2D5E7FFF765
:1095A0002DFE0028B7D123685A6A636A1A70636A6D
:1095B000228D01336362638D013B9BB26385638DB2
:1095C000013A92B29BB22285002BC2D0002AC0D1B0
:1095D00000953B4680212046FFF7ACFD00289AD13C
:1095E000638D9BB2FF2B03D9FF2222850090AAE74F
:1095F000628D92B222850090CDE702208CE700BFF9
:10960000002400802DE9F74F994690F84130BDF8CD
:1096100034A0DDF83880202B04460F46164640F073
:10962000C9800C9B13B1BAF1000F06D14FF400733F
:109630006364012003B0BDE8F08F90F84030012B47
:1096400000F0B8804FF0010B80F840B0E8F727FA3F
:109650001923009005465A464FF400412046FFF773
:1096600069FD03460028E4D1222284F841204022EB
:1096700084F842200C9A62624F4A60646063A4F8E6
:109680002AA03946009220465FFA89F2FFF790FC43
:109690002A4641462046FFF722FD20BBB9F1010FC3
:1096A000236816D1F6B29E620022009543464021FF
:1096B0002046FFF73FFDB0B9638D9BB2FF2B3F4BB8
:1096C00015D8628D92B222850093D2B24FF000730A
:1096D00012E0320A9A6241462A462046FFF7FFFC12
:1096E00008B92368DEE7002384F84030A1E7FF22B1
:1096F000228500934FF0807339462046FFF758FCCF
:1097000000954346002204212046FFF713FD002860
:109710008FD123685A6A636A1A70636A228D013393
:109720006362638D013B9BB26385638D013A92B2A4
:109730009BB22285B3B1AAB9009543468021204649
:10974000FFF7F8FC00287FF474AF638D9BB2FF2B0A
:1097500028D9FF2222854FF0807300903946204699
:10976000FFF726FC638D9BB2002BC9D12A464146E8
:109770002046FFF71AFD00287FF45BAF2368202105
:10978000D9615A6822F0FF7222F48B3222F4FF7200
:1097900022F001025A6084F8411084F8400084F8F5
:1097A000420047E7628D92B222854FF0007300902D
:1097B000D2B2D3E702203DE70020008000240080E1
:1097C00010B590F84120202A0346D4B21CD190F85D
:1097D0004020012A18D0242280F841200268106815
:1097E00020F001001060106820F4805010601068B4
:1097F000014311601168002041F00101116083F8FC
:10980000414083F8400010BD0220FCE710B590F8FD
:109810004120202A0346D4B21BD190F84020012ACF
:1098200017D0242280F841200268106820F001003F
:109830001060106820F4706040EA01211160116826
:10984000002041F00101116083F8414083F840009D
:1098500010BD0220FCE70000024A136843F4807345
:1098600013607047000400580D4B10B55B690C463F
:1098700028B99A0507D500F027F820B110BD9B053F
:1098800001D400F019F8074A1369012C23F00403EE
:10989000136101D130BFF1E740BF20BF20BFEDE72A
:1098A0000004005800ED00E0024B186800F4C060AE
:1098B000704700BF00040058024A136843F4804315
:1098C00013607047000400580C4A136823F4804367
:1098D00013600B4B1B6832214B430A49B3FBF1F376
:1098E0005169890500D533B9536913F4007F14BF5A
:1098F000032000207047013BF2E700BF000400583E
:10990000A009002040420F000B4A136823F0070310
:1099100043F001031360094B1A69012842F0040265
:109920001A6105D130BF1A6922F004021A6170472A
:1099300040BF20BF20BFF6E70004005800ED00E064
:109940004FF0B0431868C0F3404070474FF0B04349
:109950001868C0F3400070474FF0B042536823F4DA
:109960007F4343EA0023536070474FF0B0431868C9
:10997000C0F34060704700007FB54FF0B0432C4A01
:10998000D3F80831C0F3031003F00F0352F820405E
:10999000284A52F82330B4FBF3F4FFF785FF264B37
:1099A000054693E80700B5F5007F04AB03E907001F
:1099B00010D0224B9C4218D303F5B70303F67F5314
:1099C0009C4229D903F5741303F510639C4225D8F2
:1099D00002230BE01A4B9C4207D91A4B9C421BD91D
:1099E00003F5370303F5D853F0E7002304AA02EB8D
:1099F000830353F80C4C144D2B6823F007032343C7
:109A00002B60E8F74CF806462B6803F007039C42EE
:109A100006D1002004B070BD0123E7E70024EAE787
:109A2000E8F73DF8801B0228EED90320F2E700BFDB
:109A30000CD003086CD0030838350308C0CF6A0087
:109A4000BFEA21013F933402004000584FF0B04379
:109A500010B59A68D96812F00C0205D00C2A4AD1C8
:109A600001F00303012B50D14FF0B0412B480B689C
:109A700013F0080306D00B6813F0080337D1D1F8B0
:109A8000941007E00C68240756BFD1F89430096899
:109A9000C3F3032350F82330002A0CBF18460020DC
:109AA0004FF0B0418A6802F00C020C2A1ED1CA683D
:109AB00002F00302022A2ED0032A06D10B68184AAC
:109AC00013F4801F174B08BF13464FF0B042D06805
:109AD000D168D268C0F306205843C1F302130133A2
:109AE000B0FBF3F0530F0133B0FBF3F010BD0B6884
:109AF000C3F30313CEE7042A0AD0082A05D11B6852
:109B000013F4801304D10648CAE700231846C7E7B8
:109B100004480023C4E7034BD7E700BF0CD0030879
:109B20000048E8010024F40008B5FFF78FFF4FF06C
:109B3000B043044A9B68C3F3031352F82330B0FBCD
:109B4000F3F008BD6CD003082DE9F041044600286D
:109B500053D04FF0B0439D68DE6803689B0605F064
:109B60000C0506F0030668D5026A1DB10C2D46D11E
:109B7000012E44D1002A40D04FF0B043A16A1A68A8
:109B8000170756BFD3F894301B681B0903F0F00386
:109B900099421FD90846FFF7EFFE00282DD14FF05C
:109BA000B042136843F0080313601368A16A23F0FE
:109BB000F0030B431360606AFFF7CEFEFFF7B4FFBC
:109BC000AB4B1860AB4B1868E7F760FF002834D048
:109BD000BDE8F0814FF0B042136843F00803136012
:109BE000136823F0F0030B431360606AFFF7B4FEC1
:109BF0000846FFF7C1FE0028E0D00120E8E74FF05B
:109C0000B043002A54D01A6842F001021A60E7F704
:109C100046FF0746FFF79AFE002842D04FF0B042B9
:109C2000136843F0080313601368A16A23F0F0037C
:109C30000B431360606AFFF78FFE2368D80748D490
:109C40002368990700F18C8023681E0740F1FA8091
:109C5000A3694FF0B046002B00F0E180D6F89430B5
:109C6000E16903F01002914200F0C48003F00302A6
:109C7000022AC2D0D80740F1B380D6F8943023F03E
:109C80000103C6F89430E7F70AFF0746D6F8943088
:109C9000990740F1A580E7F702FFC31B112BF5D907
:109CA00004E0E7F7FCFEC01B0228B3D903208FE7CE
:109CB0001A6822F001021A60E7F7F1FE0746FFF783
:109CC00045FE0028B9D0E7F7EAFEC01B0228F6D906
:109CD000ECE7082D03D00C2D05D1032E03D16368CA
:109CE000002BADD189E74FF0B043A1681A6822F488
:109CF00080120A431A606268B2F5803F10D11A6878
:109D000042F480321A60E7F7CAFE0746FFF718FEF2
:109D1000002895D1E7F7C3FEC01B6428F6D9C5E734
:109D2000B2F5041F04D11A6842F400121A60E6E783
:109D3000196821F480311960196821F40011196043
:109D4000002AE0D1E7F7ABFE0746FFF7F9FD002850
:109D50003FF476AFE7F7A3FEC01B6428F5D9A5E76B
:109D6000042D236903D00C2D0ED1022E0CD1002B13
:109D70003FF443AF4FF0B0426169536823F0FE43B4
:109D800043EA016353605FE74FF0B046BBB133680D
:109D900043F480733360E7F782FE074633685A0561
:109DA00005D4E7F77CFEC31B022BF7D97EE7736867
:109DB000626923F0FE4343EA0263736044E7336859
:109DC00023F480733360E7F76AFE074633685B0568
:109DD0007FF53AAFE7F763FEC31B022BF6D965E7C1
:109DE0004FF0B042E169D2F8943023F010030B43F6
:109DF000C2F894304FF0B047D7F8943043F00103E5
:109E0000C7F89430E7F74BFE0646D7F894309A0728
:109E100018D4E7F744FE831B112BF6D946E7D6F892
:109E2000943023F00103C6F89430E7F738FE074674
:109E3000D6F894309B0705D5E7F731FEC31B112BED
:109E4000F6D933E72368580754D50B4F3B68D9053B
:109E500014D4FFF701FDE7F722FE06463B68DA055A
:109E60000CD4E7F71CFE831B022BF7D91EE700BFBB
:109E7000A0090020A809002000040058E3684FF062
:109E8000B046002B58D023F08003052B02BFD6F834
:109E9000903043F00403C6F890304FF0B046E7F737
:109EA000FEFDD6F8903043F001030746C6F8903027
:109EB00041F28838D6F890309B0705D4E7F7EFFDDC
:109EC000C31B4345F6D9F1E6E36823F00403812B75
:109ED0001BD1E7F7E4FDD6F8903043F08003C6F8D5
:109EE000903007464FF0B04641F28838D6F89030AF
:109EF000180504D5E36A002B4AD1002068E6E7F78D
:109F0000CEFDC01B4045F1D9D0E6E7F7C8FDD6F835
:109F1000903023F08003C6F8903007464FF0B046EB
:109F200041F28838D6F890301905E3D5E7F7B7FD48
:109F3000C01B4045F6D9B9E6E7F7B1FDD6F8903039
:109F400023F080030746C6F8903041F28838D6F8EF
:109F500090301A0516D4E7F7A2FDD6F8903023F01A
:109F60000103C6F8903007464FF0B04841F28836FA
:109F7000D8F890309B07BDD5E7F791FDC31BB342DE
:109F8000F6D993E6E7F78BFDC01B4045DFD98DE698
:109F90000C2D4ED0022B4FF0B0431A6822F0807285
:109FA0001A6033D1E7F77BFD0546FFF7DEFC38BBCF
:109FB000D4E90C314FF0B0420B43D0682D49014039
:109FC0000B43E16B0B43216C0B43616C0B43A16BA7
:109FD00043EA0123D360136843F080731360D368AE
:109FE00043F08053D360E7F75AFD0446FFF7BDFC0A
:109FF000002882D1E7F753FD001B0A28F6D955E661
:10A00000E7F74DFD401B0A28CFD94FE6E7F747FD9C
:10A010000446FFF7AAFC30B94FF0B042164BD168A6
:10A020000B40D36069E7E7F73AFD001B0A28F0D937
:10A030003CE6012B3FF4E1AD4FF0B043D868236B11
:10A0400000F003029A427FF4D8AD626B00F0700317
:10A0500093427FF4D2ADA26B00F4FE43B3EB022F28
:10A060007FF4CBAD636C00F06040C01A18BF0120D4
:10A07000AEE500BF8C80C111FCFFFEEE2DE9F04182
:10A080000D46044610B90120BDE8F081684E3368E2
:10A0900003F007038B4216D323689A0727D54FF0A6
:10A0A000B047A268BB6823F0F0031343BB60E7F737
:10A0B000F6FC0646BB68DB0319D4E7F7F0FC831B0C
:10A0C000022BF7D911E0336823F007030B43336009
:10A0D000E7F7E5FC0746336803F00703AB42DBD044
:10A0E000E7F7DDFCC01B0228F5D90320CCE7236885
:10A0F000580617D54FF0B0476269D7F8083123F0FA
:10A100000F0343EA1213C7F80831E7F7C8FC064605
:10A11000D7F80831D90305D4E7F7C1FC831B022B1C
:10A12000F6D9E2E723685A0713D54FF0B047E26843
:10A13000BB6823F4E0631343BB60E7F7B0FC06465B
:10A14000BB689B0305D4E7F7AAFC831B022BF7D956
:10A15000CBE72368180714D54FF0B0472269BB68D6
:10A1600023F4605343EAC203BB60E7F798FC06465A
:10A17000BB68590305D4E7F792FC831B022BF7D980
:10A18000B3E72368DA070FD4294C236803F00703E9
:10A19000AB4239D8FFF7C8FC264B1860264BBDE808
:10A1A000F0411868E7F772BC6268022A1DD1FFF718
:10A1B000C7FB00283FF467AF4FF0B04641F2883844
:10A1C000B36823F003031343B360E7F768FC074663
:10A1D000B368626803F00C03B3EB820FD4D0E7F7E7
:10A1E0005EFCC01B4045F3D97FE7032A02D1FFF78D
:10A1F000BCFBDEE712B9FFF7A9FBDAE74FF0B0438B
:10A200001B685B05D8D43EE7236823F007032B4384
:10A210002360E7F744FC0646236803F00703AB42DC
:10A22000B8D0E7F73CFC801B0228F5D95DE700BFFA
:10A2300000400058A0090020A809002008B5FFF739
:10A2400073FC4FF0B043044A9B68C3F3022352F8F7
:10A250002330D84008BD00BF4CD0030808B5FFF735
:10A2600063FC4FF0B043044A9B68C3F3C22352F827
:10A270002330D84008BD00BF4CD003084FF0B04396
:10A28000D3F89000C0F3400070474FF0B04102098E
:10A29000D1F8883002F47F22000123EA020300F49F
:10A2A0007F200343C1F8883070474FF0B042010C63
:10A2B000D2F88830090423EA010343EA0040C2F8D7
:10A2C000880070470368DA0370B5044639D5FFF794
:10A2D000C3FAE7F7E4FB614E05463368DB0532D588
:10A2E0004FF0B043616BD3F8902002F4407291427A
:10A2F0001DD0D3F89010D3F8902042F48032C3F8E8
:10A300009020D3F8902021F4407022F480328D0701
:10A31000C3F89020C3F8900009D5E7F7C0FB41F2DD
:10A3200088360546FFF7AAFF012840F090804FF0DD
:10A33000B042616BD2F8903023F440730B43C2F803
:10A340009030002605E0E7F7AAFB401B0228C4D99D
:10A3500003262568E8070AD54FF0B0416268D1F8B6
:10A36000883023EA124392B21343C1F88830A90718
:10A370000AD54FF0B041A268D1F8883023EA1243E1
:10A3800092B21343C1F88830AA0609D54FF0B04203
:10A390002169D2F8883023F440630B43C2F8883037
:10A3A000AB0502D5206AFFF780FF680502D5606A19
:10A3B000FFF77BFF290502D5A06AFFF776FF6A0643
:10A3C00002D56069FFF761FF2B0602D5A069FFF790
:10A3D0005CFFE80502D5E069FFF757FFE90610D5F5
:10A3E0004FF0B042E168D2F8883023F440730B4359
:10A3F000C2F88830B1F5807F02BFD36843F0807324
:10A40000D3602A040ED54FF0B042216BD2F88830C9
:10A4100023F040430B43C2F8883019B9D36843F0A6
:10A420008073D3606B0410D54FF0B042E16AD2F86C
:10A43000883023F040530B43B1F1005FC2F88830FD
:10A4400003D1D36843F48033D360304670BDE7F75F
:10A4500026FB401BB0427FF665AF79E70004005849
:10A4600030B590F82C30012B02464FF0020022D07C
:10A47000174B82F82D00CA24012582F82C505C620B
:10A4800053245C62B1F5807F146B996914D121F477
:10A4900088519961596C24F0010421F000415964FC
:10A4A0001463DD650A4BFF2159620020012382F805
:10A4B0002D3082F82C0030BD21F408519961D96CFF
:10A4C00024F0020421F00041D9641463D865E9E75F
:10A4D0000028004070B50B4E036B756D1D40EA07F8
:10A4E000044603D50123F365E7F7D8FCAB0704D591
:10A4F0000223F365204600F0E9F9012384F82D30AA
:10A5000070BD00BF0028004038B50A4CE36823F056
:10A510002003E360E7F7C3FA0546E3689B0601D52D
:10A52000002038BDE7F7BBFA401BB0F57A7FF4D9BD
:10A530000320F6E700280040F8B5114DEC6814F050
:10A54000400406461AD1EB6843F08003EB60E7F75E
:10A55000A6FA23460746EC6814F0400401D1032B09
:10A5600001D11846F8BDE7F79AFAC01BB0F57A7F1B
:10A57000234684BF032386F82D30ECE70023F0E761
:10A580000028004038B50F4CE36823F08003E360F7
:10A59000A3699B06054606D4FFF7B6FF10B103205A
:10A5A00085F82D0038BDA36923F02003A361FFF7D0
:10A5B000ABFF10B1032085F82D00A36943F0200301
:10A5C000A361EFE70028004038B5044600284CD0CE
:10A5D00090F82D3003F0FF021BB980F82C20E6F72D
:10A5E000DDFE0223224D84F82D30EB68DB0637D4E4
:10A5F000CA236B6253236B622046FFF79DFF18B19D
:10A60000FF236B62032038BDAB6923F08E6323F018
:10A610004003AB6121696368AA690B431343A269D4
:10A620001343AB61D4E9022343EA02432B61D4E92B
:10A630000931EA680B4322F4F8521343EB602046D9
:10A64000FFF7A0FF0028DBD1D4E90713AA690B4369
:10A6500022F06042134362691343AB61FF236B62D4
:10A66000012384F82D300020CDE70120CBE700BF87
:10A67000002800400023092803D840EA0310C0B294
:10A6800070470A380133C0B2F5E700002DE9F04702
:10A6900090F82C30012B05464FF0020069D00123C1
:10A6A00085F82C304E4B85F82D00DE6806F4407698
:10A6B000B6F5807F78D04C69087891F8019091F8D0
:10A6C00002A091F82470002A55D19B6913F0400331
:10A6D00008BFCB70FFF7CEFF80464846FFF7CAFFA2
:10A6E00002465046FFF7C6FF81463846FFF7C2FFD5
:10A6F0000B6ACF78234343EA875343EA090343EACB
:10A70000084343EA022343EA0063354ACA20506201
:10A71000532050628C6A8869B4F5807F946945D172
:10A7200024F4885494610124D465B6F5807F09BF70
:10A73000CB6913640343536418BF5064284B4A68C1
:10A740001A672A6B42F001022A639A6942F488521E
:10A750009A61244AD2F8803043F40033C2F8803042
:10A760001F4BFF225A620020012385F82D3085F807
:10A770002C00BDE8F087B4F1803F07D0B4F5000F9E
:10A7800004D09B6913F0400308BFCB700B6ACA78F2
:10A790001C4344EA0A0444EA004343EA092343EA27
:10A7A000825343EA0763B0E70023AEE724F408547A
:10A7B00094610224D465B6F5807F09BFCB699364A8
:10A7C0000343D36418BFD064054B4A685A672A6BA9
:10A7D00042F002022A639A6942F40852B8E700BFC5
:10A7E000002800400008005890F82C20012A034659
:10A7F0004FF0020012D00A4A83F82D00CA2151629C
:10A8000053215162916941F020019161FF21516210
:10A810000020012283F82D2083F82C00704700BF10
:10A820000028004090F82C20012A03464FF0020037
:10A8300012D00A4A83F82D00CA2151625321516275
:10A84000916921F020019161FF21516200200122D4
:10A8500083F82D2083F82C00704700BF00280040AB
:10A8600090F82C20012A03464FF0020019D00D4A1F
:10A8700083F82D00CA2151625321516291690A481F
:10A8800041F080019161D0F8801041F48021C0F83E
:10A890008010FF2151620020012283F82D2083F8CF
:10A8A0002C0070470028004000080058064B5A6DE5
:10A8B000520610B5044603D54022DA65E7F7F0FAF0
:10A8C000012384F82D3010BD002800407047890016
:10A8D00001F1804101F531410A607047890001F1C1
:10A8E000804101F5314108687047F8B504460028F9
:10A8F0007ED0436A002B50D14268B2F5827F00D0EF
:10A90000C36194F85D3003F0FF0223B984F85C2042
:10A910002046E6F74FFE2268E068022384F85D30A7
:10A920001368B0F5E06F23F0400313604FF00003AD
:10A9300037D91D46B0F5706F18BFA362A76863686A
:10A94000A169A66A07F4044703F482733B432769AD
:10A9500007F002073B43676907F001073B4301F437
:10A9600000773B43E76907F038073B43276A07F066
:10A9700080073B4306F400573B43B6F5005F136086
:10A9800014D1236B8BBBB0F5E06F0DD90223236389
:10A99000136843F40063136008E00023C0E9043344
:10A9A000AFE74FF48055C7E701232363636A676B02
:10A9B00003F0100307F0080700F470603B43090C34
:10A9C000034301F004010B432B43B6F5005F5360D2
:10A9D00004BFA38D1361D36923F40063D361002006
:10A9E0000123206684F85D30F8BD022BDED1CFE76D
:10A9F0000120F9E7704710B5044680B102680223D0
:10AA000080F85D30136823F040031360FFF7F2FF16
:10AA10000020206684F85C0084F85D0010BD0120F1
:10AA2000FCE70000034AD2F8903043F40043C2F838
:10AA30009030704700040058034AD2F8903023F455
:10AA40000043C2F89030704700040058074B1A6862
:10AA500022F040021A6040F441704FF4B85218607E
:10AA60005A601A6842F040021A60704700000158AC
:10AA700037B50546002852D0837903F0FF046BB147
:10AA8000032C0BD0274B4FF400629A612868FFF724
:10AA9000DDFF002401232B71AC6033E000236B71D8
:10AAA0002846E6F783FF204BD3F8902042F48052EB
:10AAB000C3F890205A6A42F400525A62002CE1D145
:10AAC00002234FF0B042AB71D2F8943023F400432C
:10AAD000C2F89430154B1B681C214B43DB0C6421DE
:10AAE0004B430193019B93B90124AC60FFF79AFF9C
:10AAF0000C4B9A6842F400629A604FF400629A61CB
:10AB0000002CC3D00123AB71204603B030BD019BA4
:10AB1000013B0193D2F894305B04E3D4E6E70124CF
:10AB2000F2E700BF0004005800080058A009002008
:10AB300037B5174D2B6802461C204343DB0C6420BD
:10AB4000434314480193019B93B901209060114C39
:10AB500021732B681C214B43DB0C64214B43019375
:10AB6000019B6BB9012090600A4BDB6803B030BDDC
:10AB7000019B013B019383689C07E4D50020E6E735
:10AB8000019B013B0193A368DB07E9D5ECE700BF1C
:10AB9000A00900200000015837B5184D2B68024667
:10ABA0001C204343DB0C6420434315480193019B65
:10ABB000A3B901209060124CFF2323732B681C253E
:10ABC0006B43DB0C64256B430193019B73B901203C
:10ABD00090600B4BDB680B7003B030BD019B013BF9
:10ABE000019383689C07E2D50020E4E7019B013BC9
:10ABF0000193A368DB07E8D5EBE700BFA0090020BD
:10AC00000000015807B50379012B014613480ED106
:10AC10000368182253431B0C0193FFF70DFF019BA0
:10AC2000013B0193019B002BF9D1FFF7FBFE036869
:10AC3000182253431B0C64225343094A0193506961
:10AC400010F0020004D0019B23B902238B60012085
:10AC500003B000BD019B013B0193F0E7A009002078
:10AC600000040058F8B51E468379012B15460446AA
:10AC70000F46DAB22CD14379012B29D002238371FC
:10AC80004271FFF7BFFFA36893B90D212046FFF77C
:10AC9000D3FEFFF74DFF390A2046FFF749FFF9B20F
:10ACA0002046FFF745FF2E44B5420BD1FFF7BAFE11
:10ACB000A06801230038A3714FF0000318BF0120E2
:10ACC0006371F8BD15F8011B2046FFF731FFEBE774
:10ACD0000220F6E72DE9F0411E468379012B154647
:10ACE00004460F46DAB232D14379012B2FD042719C
:10ACF000FFF788FFD4F80880B8F1000F16D11D21A6
:10AD00002046FFF799FEFFF713FF390A2046FFF7A9
:10AD10000FFFF9B22046FFF70BFF41462046FFF731
:10AD200007FF2E44AE420CD1FFF77CFEA068012342
:10AD30000038A3714FF0000318BF01206371BDE814
:10AD4000F08129462046FFF727FF0135EAE7022078
:10AD5000F5E72DE9F0411E468379012B154604469F
:10AD60000F46DAB22AD14379012B27D04271FFF77F
:10AD700049FFD4F80880B8F1000F0ED139462046BB
:10AD8000FFF75AFEFFF7D4FE41462046FFF7D0FEFC
:10AD90002E44AE420CD1FFF745FEA06801230038D7
:10ADA000A3714FF0000318BF01206371BDE8F0816B
:10ADB00029462046FFF7F0FE0135EAE70220F5E7D5
:10ADC000F8B51E468379012B154604460F46DAB2C4
:10ADD00026D14379012B23D04271FFF713FFA368DB
:10ADE00073B90E212046FFF727FEFFF7A1FE394673
:10ADF0002046FFF79DFE2E44B5420BD1FFF712FE11
:10AE0000A06801230038A3714FF0000318BF012090
:10AE10006371F8BD15F8011B2046FFF789FEEBE7CB
:10AE20000220F6E72DE9F0411E468379012B1546F5
:10AE300004460F46DAB22ED14379012B2BD0427152
:10AE4000FFF7E0FED4F80880B8F1000F12D11E2100
:10AE50002046FFF7F1FDFFF76BFE39462046FFF76E
:10AE600067FE41462046FFF763FE2E44B5420CD1F3
:10AE7000FFF7D8FDA06801230038A3714FF000034D
:10AE800018BF01206371BDE8F08129462046FFF715
:10AE900083FE0135EAE70220F5E700000E4B13B50B
:10AEA0001B680E4C18214B431B0C64214B430C496F
:10AEB00001930246E36A9B0403D5486910F002003F
:10AEC00004D0019B23B902239360012002B010BD7E
:10AED000019B013B0193EDE7A00900200008005809
:10AEE000000400582DE9F84399468379012B054663
:10AEF0000C461646DFB263D14379012B60D047710F
:10AF0000FFF780FED5F80880B8F1000F3DD1082C7E
:10AF10004CD8062C12D8022C10D02A4B5B68322059
:10AF2000C3F38048FDF748FB274B4FF40052DA6229
:10AF3000D3F8902042F40052C3F8902021462846CE
:10AF4000FFF77AFDFFF7F4FDB1444E4530D1FFF72E
:10AF500069FD082C32D8062C17D8022C15D02846AB
:10AF6000FFF79CFF184BD3F8902022F40052C3F84F
:10AF700090204FF40052DA623220FDF791FBB8F1D5
:10AF8000000F02D03220FDF709FBAB683BB904F09B
:10AF9000EF04A4F18402544254412C711F46012352
:10AFA000AB7100236B713846BDE8F883842CB3E79E
:10AFB00016F8011B2846FFF7BBFDC6E7842CCDE73A
:10AFC0000227F0E700E100E000080058026852E8BC
:10AFD000003F23F0C00342E8003102680029F5D1A8
:10AFE00002F1080353E8003F23F4000302F1080CC8
:10AFF0004CE800310029F3D12023C0F88830704795
:10B0000010B5026852E8003F23F4907342E8003123
:10B0100002680029F5D10F4C02F1080353E8003F04
:10B02000234002F1080C4CE800310029F4D1C36E32
:10B03000012B07D152E8003F23F0100342E8003112
:10B040000029F7D12023C0F88C300023C366436762
:10B0500010BD00BFFEFFFFEFF8B504461346D4F85D
:10B060008850202D32D1F1B1EAB1E06FA4F856201A
:10B07000A4F8542000262122C4F890602165C4F869
:10B08000882090B1124F2268C762124F0763124F97
:10B090002832C0E90D76FDF717FC30B11023C4F853
:10B0A0009030C4F888500120F8BD236840221A620D
:10B0B000226802F1080353E8003F43F0800302F1E5
:10B0C000080141E800300028F3D1EDE70220EBE76A
:10B0D000DDB0020825B1020831B1020808B5034607
:10B0E000806A1B681B6813F0200317D1A0F8563044
:10B0F000026802F1080353E8003F23F0800308329E
:10B1000042E8003102680029F2D152E8003F43F0E2
:10B11000400342E800310029F7D108BDE7F724F8E1
:10B12000FBE7704708B5806AFFF7FBFF08BD704773
:10B13000806A38B50468D0F88830D0F88C50A2689E
:10B14000120606D5212B04D10023A0F85630FFF7B4
:10B150003DFFA3685B0606D5222D04D10023A0F88D
:10B160005E30FFF74DFFD0F8903043F01003C0F889
:10B170009030FFF7DCFF38BD08B5806A0023A0F8E7
:10B180005E30A0F85630FFF7D2FF08BD70470000D0
:10B190000368D9691A682DE9F04140F60F0631427B
:10B1A0009D68044610D18E0640F1978002F020067B
:10B1B00005F080573E4300F09080436F002B00F075
:10B1C0008580BDE8F0411847AB4EAC482E4010409A
:10B1D000304300F08280CF0709D5D00507D5012084
:10B1E0001862D4F8900040F00100C4F890008F0776
:10B1F00009D5E80707D502201862D4F8900040F07E
:10B200000400C4F890004F0709D5E80707D50420CB
:10B210001862D4F8900040F00200C4F890000F07C4
:10B220000BD502F02000304307D008201862D4F874
:10B23000900040F00800C4F890000E050AD55001B7
:10B2400008D54FF400601862D4F8903043F0200322
:10B25000C4F89030D4F89030002B37D08B0609D545
:10B2600002F0200205F080552A4303D0636F0BB132
:10B27000204698472668D4F89020B36802F0280248
:10B2800003F0400353EA0205204621D0FFF7B8FE41
:10B29000B3685F0617D5226802F1080353E8003F40
:10B2A00023F04003083242E800310029F3D1D4F8FA
:10B2B000800040B1724B8363FDF77FFB30B1D4F85F
:10B2C0008000836B7DE72046FFF731FFBDE8F0810A
:10B2D000FFF72DFFC4F89050F8E7E06E012840F02A
:10B2E0008980CE0640F18680D00640F1838010220E
:10B2F0001A629A6851064BD5D4F8802011684A68C2
:10B3000092B2002AE2D0B4F85C009042DED9A4F8F0
:10B310005E200A6892062FD453E8002F22F4807230
:10B3200043E800210029F7D103F1080252E8002F79
:10B3300022F0010203F1080040E800210029F3D1C6
:10B3400003F1080252E8002F22F0400203F1080046
:10B3500040E800210029F3D12022C4F88C20E166C6
:10B3600053E8002F22F0100243E800210029F7D112
:10B37000D4F88000FDF7ECFA02232367B4F85E30BE
:10B38000B4F85C10C91A89B22046FFF7FFFE9DE7AA
:10B39000B4F85E20B4F85E1089B292B2002995D05C
:10B3A000B4F85C10891A89B200298FD053E8002FB5
:10B3B00022F4907243E800200028F7D1314D03F1C8
:10B3C000080252E8002F2A4003F1080646E8002050
:10B3D0000028F4D12022C4F88C206067E06653E88E
:10B3E000002F22F0100243E800200028F7D10223AA
:10B3F0002367C9E7CF0209D56E0207D54FF4801243
:10B4000020461A62BDE8F04100F0A8BD08060BD541
:10B4100002F0800005F40005284305D0A36F002B3F
:10B420003FF454AF2046CCE64F0611D556060FD553
:10B4300053E8002F22F0400243E800210029F7D111
:10B440002023C4F88830A1672046E6F78DFE3DE74B
:10B450000D0206D5500004D52046BDE8F04100F0AD
:10B460007FBDCB017FF532AF002ABFF62FAF20465C
:10B47000BDE8F04100F073BD0100001020010004A0
:10B4800079B10208FEFFFFEFD0F88C20222A08B520
:10B49000036857D15B6AB0F86010826D0B4013707F
:10B4A000836D01338365B0F85E30013B9BB2A0F839
:10B4B0005E30B0F85E309BB2002B42D1026852E899
:10B4C000003F23F4907342E8003103680029F5D16E
:10B4D00003F1080252E8002F22F0010203F1080CE8
:10B4E0004CE800210029F3D12022C0F88C20184A12
:10B4F00041679342016705D1C26E012A0ED0E6F77B
:10B5000041FE1EE05A681102F6D553E8002F22F0E2
:10B51000806243E800210029F7D1EDE70022C266EE
:10B5200053E8002F22F0100243E800210029F7D150
:10B53000DA69B0F85C10D20644BF10221A62FFF735
:10B5400025FE08BD9A6942F008029A61F9E700BF3A
:10B5500000800040D0F88C20222A08B5036854D11E
:10B56000596AB0F860201140826D22F8021B826592
:10B57000B0F85E20013A92B2A0F85E20B0F85E20EA
:10B5800092B2002A40D153E8002F22F4907243E88F
:10B5900000210029F7D103F1080252E8002F22F020
:10B5A000010203F1080C4CE800210029F3D120220C
:10B5B000C0F88C20174A41679342016705D1C26EDB
:10B5C000012A0ED0E6F7DEFD1EE05A681102F6D51C
:10B5D00053E8002F22F0806243E800210029F7D1D0
:10B5E000EDE70022C26653E8002F22F0100243E884
:10B5F00000210029F7D1DA69B0F85C10D20644BF07
:10B6000010221A62FFF7C2FD08BD9A6942F00802D3
:10B610009A61F9E7008000402DE9F84F0368D3F8FC
:10B620001CB0D3F800909D68D0F88C20222A0446E4
:10B6300040F0BD80B0F868303BB9B4F85E309BB2E2
:10B64000002B40F09780BDE8F88FB0F860805A4E2C
:10B65000DFF868A100271BF0200FEED02368A26D51
:10B660005B6A03EA08031370A36D0133A365B4F8A2
:10B670005E30013B9BB2A4F85E302368D3F81CB067
:10B680001BF0070F2FD01BF0010F0AD019F4807F99
:10B6900007D001221A62D4F8902042F00102C4F8C7
:10B6A00090201BF0020F09D0EA0707D502221A6288
:10B6B000D4F8902042F00402C4F890201BF0040F4C
:10B6C00009D0E80707D504221A62D4F8903043F075
:10B6D0000203C4F89030D4F8903023B12046FFF72D
:10B6E00026FDC4F89070B4F85E309BB2002BB2D146
:10B6F000226852E8003F23F4807342E80031236857
:10B700000029F5D103F1080252E8002F324003F17D
:10B71000080040E800210029F4D120225345C4F854
:10B720008C20616721670AD05A68110207D553E857
:10B73000002F22F0806243E800210029F7D1E26E59
:10B74000012A13D1E76653E8002F22F0100243E8E4
:10B7500000210029F7D1DA69B4F85C10D20644BFA1
:10B7600010221A622046FFF711FD74E72046E6F723
:10B7700009FD70E7B4F868209A427FF664AF22684A
:10B7800002F1080353E8003F23F08053083242E8F7
:10B79000003122680029F2D1094B636752E8003F6B
:10B7A00043F0200342E800310029F7D14BE79A69C2
:10B7B00042F008029A6146E7FEFFFFEF008000407A
:10B7C00089B402082DE9F84F0368D3F81CB0D3F808
:10B7D00000909D68D0F88C20222A044640F0BB805F
:10B7E000B0F868303BB9B4F85E309BB2002B40F043
:10B7F0009580BDE8F88FB0F86080594EDFF864A1FD
:10B8000000271BF0200FEED02368A26D596A08EACA
:10B81000010122F8021BA265B4F85E20013A92B23F
:10B82000A4F85E20D3F81CB01BF0070F2FD01BF03C
:10B83000010F0AD019F4807F07D001221A62D4F8D0
:10B84000902042F00102C4F890201BF0020F09D0B2
:10B85000EA0707D502221A62D4F8902042F00402C7
:10B86000C4F890201BF0040F09D0E80707D5042284
:10B870001A62D4F8903043F00203C4F89030D4F840
:10B88000903023B12046FFF752FCC4F89070B4F812
:10B890005E309BB2002BB4D1226852E8003F23F403
:10B8A000807342E8003123680029F5D103F10802D2
:10B8B00052E8002F324003F1080040E8002100293F
:10B8C000F4D120225345C4F88C20616721670AD047
:10B8D0005A68110207D553E8002F22F0806243E82E
:10B8E00000210029F7D1E26E012A13D1E76653E85F
:10B8F000002F22F0100243E800210029F7D1DA6975
:10B90000B4F85C10D20644BF10221A622046FFF73A
:10B910003DFC76E72046E6F735FC72E7B4F8682090
:10B920009A427FF666AF226802F1080353E8003FAF
:10B9300023F08053083242E8003122680029F2D116
:10B94000094B636752E8003F43F0200342E80031AF
:10B950000029F7D14DE79A6942F008029A6148E759
:10B96000FEFFFFEF0080004055B50208F8B5044621
:10B97000C0692169A26823680A4361691D680A4396
:10B980007449024329400A431A605A68E16822F464
:10B9900040520A435A60704AA16993421CBF226A0E
:10B9A00011439A6822F06E4222F430620A439A6090
:10B9B000DA6A616A22F00F020A43DA62674A934246
:10B9C00019D14FF0B043664AD3F8883003F003032F
:10B9D00043F44033934200F0B580B3F1031F24D009
:10B9E000013A934200F09180B0F5004F00F0AF8033
:10B9F000FEF734FC94E05B4A93421CD14FF0B04315
:10BA00005949D3F8883003F00C0343F440228A42AA
:10BA100000F0988006D8002B7DD0544B9A4274D009
:10BA200001201AE0B2F10C1FFAD1B0F5004F4ED050
:10BA30004FF4004076E0484A9342F1D14FF0B043D2
:10BA4000D3F8883003F44063B3F5006F15D00BD8FA
:10BA500083B9FEF7F3FB88B900204FF00113A3660A
:10BA60000023C4E91D33F8BDB3F5406FD8D14FF4BE
:10BA7000004003E0FDF7EAFFEDE73D4865683D4B18
:10BA8000626A05EB450133F81220B0FBF2F39942EC
:10BA9000C6D8B3EB053FC3D800231946E4F724FB0F
:10BAA0000023194606464FF4807768082A46E6FBCD
:10BAB0000701E4F719FB304BA0F540729A42AFD86A
:10BAC0002368D860C8E7FEF7B9FB0028C4D06168D6
:10BAD000284B626A33F81220B0FBF2F24B0803EBFA
:10BAE00042034FF6EF72B3FBF1F3A3F11001914261
:10BAF00096D823F00F02216892B2C3F34203134396
:10BB0000CB60A9E7FDF7A2FF0AE0B0F5004FF9D13D
:10BB1000FDF79CFFD9E7B0F5004FD4D0FEF78EFBC0
:10BB2000002899D06368616A124A32F81120B0FB8C
:10BB3000F2F000EB5300B0FBF3F04FF6EF73A0F11F
:10BB40001002BBE7B0F5004F0948EBD1BFE7FEF7A5
:10BB500085FBBAE7F369FFCF008000400038014061
:10BB6000020003000044004008000C0004000C0028
:10BB70000024F400ACD00308FFFC0F00836A1A070E
:10BB800010B506D50168846B4A6822F4004222434E
:10BB90004A60DC0706D50168C46A4A6822F40032AC
:10BBA00022434A60990706D50168046B4A6822F46B
:10BBB000803222434A605A0706D50168446B4A68BE
:10BBC00022F4802222434A60DC0606D50168C46B59
:10BBD0008A6822F4805222438A60990606D5016859
:10BBE000046C8A6822F4005222438A605A060FD5F8
:10BBF0000168446C4A6822F480122243B4F5801F25
:10BC00004A6005D14A68846C22F4C00222434A602B
:10BC10001B0606D50268C16C536823F400230B434E
:10BC2000536010BD2DE9F843DDF8209005460E461F
:10BC3000174698462A68D36936EA03030CBF0123E6
:10BC40000023BB4201D0002029E0B9F1FF3FF2D030
:10BC5000E5F725FFA0EB080048452C6802D8B9F1AC
:10BC6000000F1ED154E8003F23F4D07344E80032A3
:10BC7000002AF7D104F1080353E8003F23F0010341
:10BC800004F1080141E80032002AF3D12023C5F86D
:10BC90008830C5F88C30002385F884300320BDE857
:10BCA000F88323685A07C5D5802EC3D0402EC1D053
:10BCB000E3691B05BED54FF40063236254E8003FDF
:10BCC00023F4D07344E80032002AF7D104F10803CA
:10BCD00053E8003F23F0010304F1080141E800327A
:10BCE000002AF3D12023C5F88830C5F88C30C5F878
:10BCF0009030D0E773B504460026C0F89060E5F7B1
:10BD0000CEFE23681B681A07054619D423681B68F2
:10BD10005B070AD56FF07E43009300222B464FF459
:10BD200080012046FFF77EFFB0B900202023C4F831
:10BD3000883084F88400C4F88C30E06620670CE01A
:10BD40006FF07E430093324603464FF400112046C5
:10BD5000FFF768FF0028D9D0032002B070BD10B5EE
:10BD6000044650B3D0F888301BB980F88430E6F729
:10BD700017F922682423C4F88830136823F00103DC
:10BD80001360A36A13B12046FFF7F8FE2046FFF7C1
:10BD9000EDFD012811D023685A6822F490425A60C0
:10BDA0009A6822F02A029A601A6842F0010220463C
:10BDB0001A60BDE81040FFF79DBF012010BD0000D4
:10BDC00030B581658168A0F85C200023B1F5805F03
:10BDD000A0F85E20436731D10369002B40F2FF13C6
:10BDE00018BFFF23A0F860300023C0F89030222352
:10BDF000C0F88C30016801F1080353E8003F43F0BC
:10BE00000103083141E800340368002CF2D1456E8B
:10BE100084680169B5F1005F35D1B0F8685095428A
:10BE200031D8B4F5805F29D1C1B1264A426753E8C1
:10BE3000002F42F4807243E8002121E029B9036910
:10BE4000002B0CBFFF237F23CCE7B1F1805FC9D16A
:10BE50000369002B0CBF7F233F23C3E71A4A4267C5
:10BE600003F1080252E8002F42F0805203F108006B
:10BE700040E800210029F3D1002030BD114A42677B
:10BE80000029D4D1ECE7B4F5805F16D151B10F4A47
:10BE9000426753E8002F42F4907243E800210029E2
:10BEA000F7D1E9E70A4A426753E8002F42F020023F
:10BEB00043E800210029F7D1DEE7044A4267002960
:10BEC000E7D1F1E719B60208C5B7020889B402083C
:10BED00055B5020838B5D0F88C30202B16D1B9B141
:10BEE000B2B100230468C3660A4B9C420AD063685F
:10BEF0001B0207D554E8003F43F0806344E8003557
:10BF0000002DF7D1FFF75CFF002038BD0220FCE7D1
:10BF10000120FAE700800040436E30B52BB90123C1
:10BF2000A0F86A30A0F8683030BD0368094D9A68FF
:10BF30009968094C490FC2F342626B5C615CDB009B
:10BF4000B3FBF1F3A0F86A30AB5CA25CDB00B3FB9F
:10BF5000F2F3E7E7CCD00308C4D00308704770477A
:10BF600070471FB504AB03E9060090F88430012B3D
:10BF700004463AD0012380F884302423C0F8883066
:10BF800003681A6822F001021A609A6822F44012CB
:10BF90000A439A6071B95A68BDF80C009DF80E10FA
:10BFA00022F0100202435A605A6822F07F4242EAAD
:10BFB00001625A601A6842F001021A60E5F76FFDEB
:10BFC0006FF07E42034600924FF48001002220462B
:10BFD000FFF728FE38B92023C4F88830002384F8FE
:10BFE000843004B010BD0320F8E70220F9E790F890
:10BFF0008430012B0FD0012380F88430016851E890
:10C00000002F42F0020241E80023002BF6D180F815
:10C010008430184670470220704710B590F884307D
:10C02000012B044617D02423C0F8883003681A680F
:10C03000196821F00101196042F000524FF00051DF
:10C0400041661A60FFF768FF2023C0F8883000209F
:10C0500084F8840010BD0220FCE770B590F88430AD
:10C06000012B044617D005682423C0F888302E68B9
:10C070002B6823F001032B60AB6823F06043194366
:10C08000A960FFF749FF20232E60C0F88830002008
:10C0900084F8840070BD0220FCE770B590F884300D
:10C0A000012B044617D005682423C0F888302E6879
:10C0B0002B6823F001032B60AB6823F06063194306
:10C0C000A960FFF729FF20232E60C0F888300020E8
:10C0D00084F8840070BD0220FCE710B5EFF30584FE
:10C0E00014B10124204610BD01F096FF0128F9D0BB
:10C0F000EFF31083002BF4D1EFF31184003C18BF51
:10C100000124EFE708B501F087FF012803D0BDE85F
:10C11000084002F0B7BC08BD08B5FFF7DEFF48B91C
:10C1200001F07AFF0128034607D1054A106820B9BB
:10C13000136008BD6FF00500FBE74FF0FF30F8E734
:10C140009049002008B501F067FF38B1022804D0FB
:10C15000034B1868431E5842584108BD0320FCE7B2
:10C160009049002010B5FFF7B8FF044678B901F0F8
:10C1700053FF01280ED1094B1A68012A0AD1084A37
:10C18000D47702221A6001F079FB204610BD6FF0CF
:10C190000500FBE74FF0FF30F8E700BF90490020B3
:10C1A00000ED00E008B5FFF798FF18B1BDE80840C2
:10C1B00001F0B8BBBDE8084001F0AEBB4FF47A70A7
:10C1C0007047F0B587B0002306460F461446059326
:10C1D000FFF783FF18BB16B36CB3A56925B16B1EBF
:10C1E000372B02D907B0F0BD18256368DB0735D4BB
:10C1F0006369B3B14FEA930CD4E9022021689AB184
:10C20000A7280CD9206950B14BB1013DCDE90102FD
:10C2100000953B466246304601F048FA0590059885
:10C22000E0E74FF0800CE7E70028F8D12369002B06
:10C23000F5D10C4602E018254FF0800C05AB013D0E
:10C24000019300953B461FFA8CF22146304601F0DF
:10C2500058FA01281CBF00230593E0E70020C1E73E
:10C2600008B5002001F07CFAFEE738B50546FFF777
:10C2700034FF044650B965B1284601F0BDFA0428E0
:10C280000AD0284601F06CFA204638BD6FF0050050
:10C29000FBE76FF00300F8E76FF00200F5E7F0B599
:10C2A0000E4685B0044608B1002905DA6FF0030395
:10C2B0000293029805B0F0BD4FF0FF330293FFF7F1
:10C2C0000CFF02AF054600B3002503ABCDE90053D8
:10C2D0003246012329462046039502F051F82B46A9
:10C2E000CDE900752A462946204602F049F8039B0D
:10C2F000002BDED04FF0E0234FF08052C3F8042D26
:10C30000BFF34F8FBFF36F8FD3E7009032460146E4
:10C310000123204601F0B6FF00972B462A46294606
:10C32000204601F0AFFFC4E71FB5FFF7D6FE044675
:10C3300028B16FF005030393039804B010BD01F01A
:10C3400065FE03AB009322462346214601F09AFF87
:10C350000128F1D04FF0FF33EDE72DE9FF47054607
:10C360000F461646FFF7B9FE044600283DD1002DC2
:10C370003EDB17F0020F0CBFAA464FF0000A01F097
:10C38000CBFAB046814607F001070021CDF80080C6
:10C3900003AB5246084601F01BFF01281CD1039B4A
:10C3A0002C401C4305EA04032FB19D4205D046B939
:10C3B0006FF0020401E0002BF9D0204604B0BDE884
:10C3C000F08701F0A9FAA0EB09039E4213D306EB14
:10C3D0000908A8EB0008D8E7002E14BF6FF001048D
:10C3E0006FF002040028D0D1E7E76FF00504E4E71E
:10C3F0006FF00304E1E74FF00008C6E710B504460C
:10C40000FFF76BFE28B914B1204601F007FC0020AD
:10C4100010BD6FF00500FBE710B50446FFF75DFEA9
:10C4200050B95CB1D4E9020328B11F2B04D9BDE88F
:10C43000104000F09BBA0BB1002010BDBDE81040C9
:10C4400000F0A3BA37B50C46054630B3B1F1807F92
:10C4500023D2FFF742FEC8B1002301AA2146284695
:10C46000019300F051FBD8B1284600F00DFB019B71
:10C4700020434BB14FF0E0234FF08052C3F8042D1E
:10C48000BFF34F8FBFF36F8F03B030BD21462846F7
:10C4900003B0BDE8304000F005BB6FF00300F3E7E8
:10C4A0006FF00200F0E770B50E46054600B3B1F13B
:10C4B000807F1DD2FFF711FEA0B1284600F0E4FAFC
:10C4C00031460446284600F0D7FAA0B14FF0E023E9
:10C4D0004FF08052C3F8042DBFF34F8FBFF36F8F1F
:10C4E000204670BD31462846BDE8704000F0B4BA21
:10C4F0006FF00304F4E76FF00204F1E72DE9F34174
:10C500000C4615461E46074620B96FF0030002B0E0
:10C51000BDE8F081B1F1807FF7D2FFF7DEFD20B1F9
:10C52000002EF2D16FF00500F1E705F00108C5F328
:10C53000400282F00102009643462146384600F050
:10C5400032FA04EA0002B8F1000F08D0A242DED0AD
:10C55000002E14BF6FF001006FF00200D7E7002A31
:10C56000F6D0D4E770B50546FFF7B7FD10B100244B
:10C57000204670BD1DB36E683307F8D4D5E90213A9
:10C5800006F0010691B14F2BF1D9B6B1042000F0AD
:10C59000B7FC04460028EAD0296811B1204600F013
:10C5A000BBFE002EE4D044F00104E1E7002BDED115
:10C5B0002EB1042000F0CEFCEBE70120E7E70120DC
:10C5C00000F0C8FC04460028D1D0002DD0D00026B1
:10C5D000E2E7F8B505460C4620F0010600F0010739
:10C5E000FFF77BFDA0B9012D15D92146304667B173
:10C5F00000F037FE012801D10020F8BD002C14BF47
:10C600006FF001006FF00200F7E700F09CFDF1E72A
:10C610006FF00500F1E76FF00300EEE770B5044638
:10C6200020F0010500F00106FFF757FD90B9012C3D
:10C6300013D946B1284600F078FC01280CBF002031
:10C640006FF0020070BD334632463146284600F096
:10C65000DAFBF2E76FF00500F4E76FF00300F1E7B3
:10C6600073B504460E461546FFF737FD40B93CB199
:10C67000B44205D355B1D5E902322BB14F2A25D8A2
:10C680000024204602B070BD002AF9D1012C08D048
:10C690002046314600F0A9FB04460028F0D075B9C9
:10C6A000EFE703220021012000F063FB17E02046A2
:10C6B0001A46314600F087FB04460028E0D029687E
:10C6C0000029DED0204600F027FEDAE7012CEED16B
:10C6D0000322009201460246204600F026FB044653
:10C6E0000028CDD0002EDAD000231A46194600F0DB
:10C6F0008AFB0128D3D0204600F044FEC0E737B5BE
:10C700000C46054618B96FF0030003B030BDFFF7C3
:10C71000E4FCD8B1002CF6D101AA214628460194A8
:10C7200000F0B3FD012802D06FF00200EDE7019B9D
:10C730000BB90020E9E74FF0E0234FF08052C3F837
:10C74000042DBFF34F8FBFF36F8FF2E721462846CA
:10C7500000F0F9FC0128ECD0002CE5D06FF00100CE
:10C76000D3E713B5044628B3FFF7B7FC0346C8B1B7
:10C77000002301A92046019300F03BFC012803D0CF
:10C780006FF0020002B010BD019B4BB14FF0E023EF
:10C790004FF08052C3F8042DBFF34F8FBFF36F8F5C
:10C7A0000020EFE702460146204600F02CFB01285E
:10C7B000F6D0E5E76FF00300E4E710B5044660B19A
:10C7C000FFF78BFC20B12046BDE8104000F0A1BD72
:10C7D0002046BDE8104000F093BD10BDF7B50546FA
:10C7E0000E461446FFF779FC18B10025284603B021
:10C7F000F0BD002DF9D0002EF7D01CB3D4E90232E1
:10C80000C3B14F2AF1D92269002AEED0676906FB2D
:10C8100005F18F42E9D300903146284600F085FAB1
:10C8200005460028E1D021680029DFD0284600F025
:10C8300073FDDBE7002AD8D12369002BD5D16369CA
:10C84000002BD2D128460022314600F092FA05464C
:10C850000028CAD0002CE6D1C8E773B51C460546AF
:10C860000E46FFF73AFC0346F0B15DB356B34CBB3E
:10C87000234601AA31462846019400F07DFB012899
:10C8800003D06FF0020002B070BD019B0BB9002015
:10C89000F9E74FF0E0234FF08052C3F8042DBFF3C7
:10C8A0004F8FBFF36F8FF2E765B15EB1224631461D
:10C8B000284600F0A8FA0128E9D0002CE1D06FF05A
:10C8C0000100E0E76FF00300DDE773B505460E46B3
:10C8D0001C46FFF702FCE8B155B34EB344BB01AAB6
:10C8E00031462846019400F0D0FC012803D06FF0B7
:10C8F000020002B070BD019B0BB90020F9E74FF0B8
:10C90000E0234FF08052C3F8042DBFF34F8FBFF3E5
:10C910006F8FF2E765B15EB122463146284600F0DE
:10C920009BFB0128E9D0002CE1D06FF00100E0E78B
:10C930006FF00300DDE7FFF740BF0000034B03602B
:10C94000034B0B6080231360704700BFE848002052
:10C95000E8460020034B0360034B0B604023136049
:10C96000704700BF404600204045002013B52023FB
:10C970000193044630B1002340F8043B00F0CCF8AA
:10C9800001232377204602B010BD38B5202001F0E6
:10C9900053FF044628B1002540F8045B00F0BCF8C2
:10C9A0002577204638BD2DE9F84306460D469846C2
:10C9B000DDF82090174600F0A7FF346804EA05036D
:10C9C000B8F1000F13D1A3B9B9F1000F15D0391E7A
:10C9D00018BF01210906B8F1000F01D041F08061B4
:10C9E0004A462943301D01F0BDF9002407E0AB425F
:10C9F000EAD117B124EA050333604FF0000901F0D2
:10CA000071F8B9F1000F1CD048B94FF0E0234FF096
:10CA10008052C3F8042DBFF34F8FBFF36F8F01F027
:10CA2000BFFB830104460AD401F0ECFF346805EA39
:10CA30000403B8F1000F07D143B901F0F3FF24F06C
:10CA40007F442046BDE8F8839D42F6D1002FF4D004
:10CA500024EA05053560F0E770B505460C4601F09F
:10CA6000D1FF2E6826EA04042C6001F0DBFF30467B
:10CA700070BDFFF7F1BF00000A46002301460148E0
:10CA800001F0A0BE73CA0208EFF311834FF0500209
:10CA900082F31188BFF36F8FBFF34F8F006883F36A
:10CAA000118870472DE9F04104460D4600F10C064F
:10CAB00000F02AFF236820692B4323600025B04241
:10CAC000216807D121EA0501216001F00BF82068F7
:10CAD000BDE8F081D0F80480026822F07F4312F0B4
:10CAE000806F03EA010702D11FB94046E7E7BB4266
:10CAF000FBD1D20141F0007148BF1D4301F0DAF9CA
:10CB0000F3E7FFF7CFBF000013460A46014601488E
:10CB100001F058BE03CB020800F108034FF0FF32CA
:10CB200043608260C3600361002303607047002399
:10CB30000361704743684B609A688A609A685160E5
:10CB40009960086103680133036070470A68531CE9
:10CB500010B50BD103695A684A604A6891608B60CE
:10CB60005960086103680133036010BD00F10803D8
:10CB70005C6824689442EED85B68F9E70369426810
:10CB8000816891608268416851605A68824204BF3E
:10CB900082685A60002202611A68013A1A601868B5
:10CBA000704710B5044601F02DFFA46B01F03AFF69
:10CBB000B4FA84F0400910BD70B51646026C856B5E
:10CBC000044642B906689EB9806801F07DFAA66005
:10CBD0000135A56370BD6EB9406802F055FF63680A
:10CBE000226C1344A2686360934224BF236863608D
:10CBF0000020EDE7C06802F047FF226CE368514275
:10CC00009B1A2268E36093423EBFA3685B18E3600F
:10CC1000022EEDD10DB1013DEAE72846D8E70346E3
:10CC200010B41A6C08465AB1DC68A1189C68D96027
:10CC3000A14228BF196810BC28BFD96002F024BFE8
:10CC400010BC704770B5044601F0DCFE94F8455006
:10CC500004F124066DB2002D01DD636AB3B9FF2330
:10CC600084F8453001F0DEFE01F0CCFE94F844502B
:10CC700004F110066DB2002D01DD23697BB9FF239D
:10CC800084F84430BDE8704001F0CCBE304601F07D
:10CC9000A9F808B101F092F9013D6DB2DBE7304629
:10CCA00001F0A0F808B101F089F9013D6DB2E2E7A9
:10CCB00070B50E46044610B3C06B00B3236CA3FBE3
:10CCC0000035DDB901F09EFED4E90F3122686260C3
:10CCD0004B43D0185B1A1A44FF23A563A06084F865
:10CCE0004430E26084F8453056B104F11000FFF79B
:10CCF00013FF04F12400FFF70FFF12E0002070BDC6
:10CD0000236973B104F1100001F06CF848B14FF0E1
:10CD1000E0234FF08052C3F8042DBFF34F8FBFF3D1
:10CD20006F8F01F07FFE0120E9E737B50D461C4605
:10CD3000D8B113B122B121B90C46204603B030BDA1
:10CD4000A9B950230121002D08BF2246C4E90F05CF
:10CD5000019384F8461022602046019BFFF7A8FF4C
:10CD60009DF8183084F84C30E7E70446E5E71446B0
:10CD7000E3E72DE9F0410D461746064618B90024B1
:10CD80002046BDE8F081A1FB0038B8F1000FF6D1D4
:10CD9000484310F1510FF2D8503001F04DFD0446D8
:10CDA0000028ECD080F846805DB100F15003C4E962
:10CDB0000F65236001212046FFF77AFF84F84C704D
:10CDC000DEE70346F3E737B513460D4658B1884210
:10CDD00009D30222009200221146FFF7A6FF00B1FC
:10CDE000856303B030BD0020FBE710B50C4640B1B1
:10CDF000884206D302220021FFF7BBFF00B1846303
:10CE000010BD0020FCE72DE9FF41002704460E4637
:10CE100001921D46B84601F0F5FDA26BE36B9A4204
:10CE20001BD22A4631462046FFF7C6FE636A1BB175
:10CE300004F1240000F0D6FF48B14FF0E0234FF09A
:10CE40008052C3F8042DBFF34F8FBFF36F8F01F0F3
:10CE5000E9FD012004B0BDE8F081022DE1D0019B85
:10CE60001BB901F0DFFD0020F4E717B902A801F0BB
:10CE700071F801F0D7FD00F047FD01F0C3FD94F813
:10CE80004430FF2B08BF84F8448094F84530FF2BD2
:10CE900008BF84F8458001F0C5FD01A902A801F092
:10CEA00065F838BB01F0AEFDA26BE36B9A420ED180
:10CEB00001F0B8FD019904F1100000F043FF204695
:10CEC000FFF7C0FE00F00EFE48B10127A3E701F016
:10CED000A9FD2046FFF7B6FE00F004FEF5E74FF08F
:10CEE000E0234FF08052C3F8042DBFF34F8FBFF300
:10CEF0006F8FEAE72046FFF7A5FE00F0F3FDB2E7EB
:10CF000013B500220B46009011460120FFF70DFFDC
:10CF1000044638B1002383600360C3601A46194693
:10CF2000FFF771FF204602B010BD38B58568044692
:10CF300001F06CF885420BD1E368013BE3600BB173
:10CF4000012038BD1A4619462046FFF75CFFF7E777
:10CF50000020F6E710B5024600210120FFF709FF87
:10CF6000044638B1002383600360C3601A46194643
:10CF7000FFF749FF204610BD2DE9F84304468946D6
:10CF800016461F4601F0F8FDEFF311884FF05003ED
:10CF900083F31188BFF36F8FBFF34F8FA26BE36BE7
:10CFA0009A4201D3022F22D194F84550A36B6DB25F
:10CFB0003A4649462046FFF7FFFD6B1C0ED1636AD7
:10CFC0003BB104F1240000F00DFF10B10EB10123BC
:10CFD0003360012088F31188BDE8F88300F0AAFCD3
:10CFE0008542F6D201356DB284F84550F1E7002054
:10CFF000F0E7F8B504460E4601F0BEFDEFF31187E9
:10D000004FF0500383F31188BFF36F8FBFF34F8F3F
:10D01000A36BE26B9A421DD994F845200133FF2A95
:10D0200055B2A3630DD1636A3BB104F1240000F053
:10D03000D9FE10B10EB101233360012087F31188AE
:10D04000F8BD00F077FC8542F7D201356DB284F867
:10D050004550F2E70020F1E72DE9FF4100270446A3
:10D060000E460192B84601F0CDFCA56BE5B1314604
:10D070002046013DFFF7D3FDA563236973B104F199
:10D08000100000F0AFFE48B14FF0E0234FF08052A7
:10D09000C3F8042DBFF34F8FBFF36F8F01F0C2FCB5
:10D0A000012004B0BDE8F081019B1BB901F0BAFC7E
:10D0B0000020F6E717B902A800F04CFF01F0B2FC1F
:10D0C00000F022FC01F09EFC94F84430FF2B08BFD6
:10D0D00084F8448094F84530FF2B08BF84F84580DD
:10D0E00001F0A0FC01A902A800F040FF00BB20460F
:10D0F000FFF757FDB0B1019904F1240000F022FEC2
:10D100002046FFF79FFD00F0EDFC48B94FF0E0230B
:10D110004FF08052C3F8042DBFF34F8FBFF36F8FD2
:10D120000127A0E72046FFF78DFD00F0DBFCF7E7C5
:10D130002046FFF787FD00F0D5FC2046FFF731FDC4
:10D140000028EDD0B4E7F0B585B000250446019184
:10D150002F462E4601F056FCA36BE3B1013BA363BF
:10D16000236813B901F028F8A060236973B104F1B2
:10D17000100000F037FE48B14FF0E0234FF080522E
:10D18000C3F8042DBFF34F8FBFF36F8F01F04AFC3C
:10D19000012005B0F0BD019B1BB901F043FC00204C
:10D1A000F7E717B902A800F0D5FE01F03BFC00F04C
:10D1B000ABFB01F027FC94F84430FF2B08BF84F848
:10D1C000446094F84530FF2B08BF84F8456001F0B7
:10D1D00029FC01A902A800F0C9FE50BB2046FFF7B8
:10D1E000E0FC00B323683BB901F00CFCA06800F040
:10D1F00023FF054601F016FC019904F1240000F01C
:10D20000A1FD2046FFF71EFD00F06CFC48B94FF071
:10D21000E0234FF08052C3F8042DBFF34F8FBFF3CC
:10D220006F8F012796E72046FFF70CFD00F05AFCB0
:10D23000F7E72046FFF706FD00F054FC2046FFF715
:10D24000B0FC0028EDD0002DA9D001F0DBFB616A15
:10D2500019B1236B1968C1F13801A06800F066FFAD
:10D260009BE770B5866804460D4600F0CFFE864207
:10D2700004D1E3680133E360012005E0294620463C
:10D28000FFF761FF0028F4D170BD2DE9F843044693
:10D290008946904601F070FCEFF311874FF0500380
:10D2A00083F31188BFF36F8FBFF34F8FA66B2EB33D
:10D2B00094F8445049466DB22046FFF7B0FC013E59
:10D2C0006B1CA66311D1236953B104F1100000F067
:10D2D00089FD28B1B8F1000F02D00123C8F8003051
:10D2E000012087F31188BDE8F88300F023FB854215
:10D2F000F6D201356DB284F84450F1E73046F0E7DC
:10D3000010B5044601F07EFBA46B01F08BFB2046B8
:10D3100010BD806B7047000070B5B9B10C4A002396
:10D320001C4615465668864204D105EBC403C3E982
:10D3300000100BE01BB91668002E08BF134601341D
:10D34000082C02F10802EDD1002BF0D170BD00BF16
:10D350009449002010B5094A002352F83310814245
:10D360004FEAC30406D1064A002142F83310224492
:10D37000516010BD0133082BEFD1FAE79849002026
:10D380009449002010B5FFF7E5FF90F846301BB92F
:10D39000BDE8104001F0C8BA10BD70B504460D4696
:10D3A000164601F02FFB94F84430FF2B04BF0023F6
:10D3B00084F8443094F84530FF2B04BF002384F8F0
:10D3C000453001F02FFBA36B2BB93246294604F1FF
:10D3D000240000F0E7FC2046BDE87040FFF732BCB7
:10D3E0002DE9F041044601F00DFB344B344E1A6830
:10D3F000344F01321A603568002D53D134601B68F8
:10D40000012B1FD1B84640460135FFF785FB382D6B
:10D4100008F11408F7D1DFF8B0802C4D4046FFF733
:10D420007BFB2846FFF778FB2948FFF775FB294867
:10D43000FFF772FB2848FFF76FFB284BC3F800800B
:10D44000274B1D60274A136801331360264A636423
:10D450001168E36A8B4288BF136014225343F918A2
:10D460004A68A2609068E0609568201D68609060DE
:10D470006161FA580132FA5001F0D4FA1B4B1B6873
:10D4800073B13368DA6AE36A9A4209D24FF0E02353
:10D490004FF08052C3F8042DBFF34F8FBFF36F8F4F
:10D4A000BDE8F081114B1B68002BCBD13368DA6AE1
:10D4B000E36A9A4298BF3460C4E700BFF84900208D
:10D4C000CC4E00206C4A0020584A0020444A0020DC
:10D4D000284A0020144A0020FC490020404A00202D
:10D4E0003C4A0020DC490020F0490020EC490020A3
:10D4F000F8B51C4B1C4C1D680646206804300F46CE
:10D50000FFF73CFB731C14D19FB1184B5A6821687C
:10D510008A6021689068C860216890680431416021
:10D52000216804319160226853611A6801321A60DF
:10D53000F8BD2368AD195D6007D30D4B18682168ED
:10D54000BDE8F8400431FFF701BB0A4B18682168B9
:10D550000431FFF7FBFA084B1A68AA4288BF1D6026
:10D56000E6E700BFF4490020CC4E0020FC49002033
:10D570003C4A0020404A0020D8490020094B0A4A72
:10D580001B681268D06A50B9084A1268012A07D885
:10D5900033B9074B1868074B1B68C01A7047002047
:10D5A000704700BFF0490020CC4E00206C4A00209C
:10D5B000D8490020F4490020064A13681968064B30
:10D5C00019B94FF0FF321A6070471268D2681268BA
:10D5D000F9E700BF404A0020D84900200A4B10B5A7
:10D5E00004461868543002F0B5F994F8A5303BB9F8
:10D5F000206B01F099F92046BDE8104001F094B984
:10D60000012BF8D010BD00BFCC4E00202DE9F8430F
:10D61000DDE909949600324607460D46206BA521A8
:10D62000984602F08FF9236B043E1E4426F007064D
:10D630006DB16B1E04F133020F3513F8011F02F8B0
:10D64000011F09B1AB42F8D1002384F84330089D93
:10D65000372D28BF3725E562E564201DFFF767FAFF
:10D66000C5F1380504F11800FFF761FA4C220021DA
:10D670002461A561646204F1540002F063F90A4B6D
:10D68000A36503F16802D033E2652366424639465A
:10D69000304601F091F92060B9F1000F01D0C9F8CE
:10D6A0000040BDE8F88300BF4CAC00202DE9F043FA
:10D6B00087B0DDE90F549046A822049299460646A9
:10D6C000049B0F46BCB1D5B10021204602F03AF9C7
:10D6D000022384F8A53005AB256301930E9B0294C9
:10D6E000009342464B4639463046FFF78FFF2046AF
:10D6F000FFF776FE059C204607B0BDE8F0832C4678
:10D70000F9E72DE9F043074685B0900088461646B4
:10D71000994601F091F8054620B94FF0FF3005B069
:10D72000BDE8F083A82001F087F80446A0B1A82244
:10D73000002102F007F90D9B256301930C9B0093D8
:10D7400032464B46414638460294FFF75FFF20467B
:10D75000FFF746FE0120E2E7284601F0E5F8DCE7A6
:10D7600070B504461E4D01F04DF904B92C68261D14
:10D770003046FFF703FAA36A1BB104F11800FFF764
:10D78000FDF9184A1368013313602B68A34220D1B6
:10D7900015483146FFF7CEF9144A13680133136078
:10D7A00001F040F92B68A34202D02046FFF716FF94
:10D7B0000F4B1B6863B12B68A34209D14FF0E023E4
:10D7C0004FF08052C3F8042DBFF34F8FBFF36F8F1C
:10D7D00070BD084A1368013B1360FFF7EDFEDFE7F9
:10D7E000CC4E0020DC490020144A0020104A0020C2
:10D7F000EC490020F84900201A4B1B6883422DE9B0
:10D80000F041044626D001F0FDF8174B6569D4F8C5
:10D8100028801F68154B1E6801F004F9144B9845C9
:10D820001AD0BD421AD0B54218D0124B9D4209D130
:10D83000A36A9BB994F8A430012B0CBF02200320EB
:10D84000BDE8F0810C4B9D420AD0002D0CBF042096
:10D850000120F5E70020F3E70120F1E70220EFE7E0
:10D860000420EDE7CC4E0020404A00203C4A002036
:10D87000284A0020FC490020144A002010B588B036
:10D88000002407AA06A905A8CDE90544FFF756F824
:10D89000059B0293069B079A13491448CDE9004360
:10D8A0002346FFF703FFD0B100F062FF012816D135
:10D8B0004FF0500383F31188BFF36F8FBFF34F8F87
:10D8C0000B4B0C4A1B68543313600B4B4FF0FF3269
:10D8D0001A600A4B18600A4B1C6001F0FBF8094BF8
:10D8E0001B6808B010BD00BF979303084DDC020809
:10D8F000CC4E0020B0090020D8490020EC4900207F
:10D90000F4490020D4D00308024A1368013313609D
:10D91000704700BFD4490020014B1868704700BF12
:10D92000F449002008B501F027F9014B186808BD3B
:10D93000F4490020014B1868704700BFF8490020E7
:10D9400038B50A4D0A4A2B681268034493420446CC
:10D9500008D101F057F8074A13680133136001F04A
:10D9600061F8013C2B6823442B6038BDF44900204A
:10D97000D8490020E84900202DE9F84F4E4B1B689C
:10D98000002B40F092804D4B1C6801341C605CB948
:10D990004B4A4C4B1168186810604B4A1960136869
:10D9A00001331360FFF708FE484F49483B68DFF832
:10D9B00024C19C424FF000010BD3DFF80481DFF853
:10D9C00018A18946D8F800301B689BB94FF0FF3387
:10D9D0003B60DCF80030DB6A14225343C0583F4BF5
:10D9E0001B68012898BF002B14BF012000200843AA
:10D9F000BDE8F88FD8F80030DB68DB685A689442DD
:10DA000001D23A60E5E75A699D68DE68AE60DD687C
:10DA10009E686E6055681E1DB54204BFDD68556086
:10DA2000C3F814901568013D15609A6ABAB19A6AF4
:10DA3000DD69D3F820E0C5F808E01D6AD3F81CE0E2
:10DA4000C5F804E0D2F804E003F11805AE4504BFC0
:10DA50001D6A5560C3F828901568013D1560DAF815
:10DA60000050DA6AAA424FF0140588BFCAF80020B5
:10DA70006A4300EB020EDEF804509D60D5F808B052
:10DA8000C3F80CB0D5F808B0CBF80460AE60C3F8AA
:10DA900014E0855801358550DCF80050DA6AEB6AED
:10DAA0009A4288BF41F001018CE70D4A13680133A7
:10DAB000136000209CE700BFD4490020F4490020F7
:10DAC000404A00203C4A0020E0490020D84900207C
:10DAD0006C4A0020CC4E0020F0490020E449002090
:10DAE000E84900202DE9F84F00F08CFF434B1A68FD
:10DAF000013A1A601B682BB1002400F093FF204606
:10DB0000BDE8F88F3E4A1268002AF5D03D4D3E4EE2
:10DB10003E48DFF8FC903F4F9E464FF014084FF010
:10DB2000010A48E0EB68DB689A6AD9691C6A8C6074
:10DB3000196ADC694C60546803F118018C4204BF17
:10DB4000196A5160002199621168013911605A699E
:10DB50009968DC688C60D9689C684C6051681C1DB1
:10DB6000A14204BFD9685160C3F814E011680139BB
:10DB700011603168DA6A8A4288BF326008FB02F2BB
:10DB800000EB020CDCF804109960D1F808B0C3F87F
:10DB90000CB0D1F808B0CBF804408C60C3F814C0C6
:10DBA000815801318150D9F80010DA6AC96A8A4275
:10DBB00001D9C7F800A02A68002AB3D10BB1FFF73A
:10DBC000FBFC154D2C6844B1124E0127FFF7D4FE23
:10DBD00000B13760013CF9D12C600E4B1B68002B63
:10DBE0008AD04FF0E0234FF08052C3F8042DBFF3EA
:10DBF0004F8FBFF36F8F01247FE700BFD449002010
:10DC0000F8490020284A0020F04900206C4A0020F2
:10DC1000CC4E0020E4490020E849002008B550B966
:10DC20004FF0E0234FF08052C3F8042DBFF34F8F25
:10DC3000BFF36F8F08BD0021FFF766FEFFF758FCAA
:10DC4000FFF750FF0028EBD0F4E70000F8B51D4DBA
:10DC50001D4E1E4C2B6813BB1D4B1B68012B09D995
:10DC60004FF0E0234FF08052C3F8042DBFF34F8FE5
:10DC7000BFF36F8FE2F788FEFFF780FC0228E8D938
:10DC8000FFF742FEFFF77AFC0446E2F7B1FC022CF4
:10DC900002D92046E2F7B8FCFFF724FFD9E700F0ED
:10DCA000B1FEF368DF68381DFEF768FF2368013BAB
:10DCB00023602B68013B2B6000F0B4FE3846FFF771
:10DCC0008DFCC7E7104A0020144A0020F8490020C4
:10DCD0006C4A0020154B1A68154B70B512B1012221
:10DCE0001A6070BD134C1A602168134A142606FB93
:10DCF00001F3D018D558B5B145686D6845604568E1
:10DD0000083313449D4204BFC3684360142303FBDC
:10DD100001225368DA68094B1A6021601B68084ABF
:10DD200054331360DDE70139E1E700BFD449002037
:10DD3000E4490020F04900206C4A0020CC4E00202D
:10DD4000B009002010B5064B0C4619681831FEF7D3
:10DD5000FDFE20460121BDE81040FFF7C9BB00BF12
:10DD6000CC4E002030B40E4C0346206841F00041F8
:10DD7000816159682068C16120688D6805622568E5
:10DD8000886818354560256818358D6021688B6274
:10DD900019680131196030BC01211046FFF7A8BB9A
:10DDA000CC4E00200E4B70B444681D68EC611D68B9
:10DDB000A6682E621D68A668183575601D6818353E
:10DDC000A5601B6898620368002A03F101030360E1
:10DDD00070BC0CBF08464FF0FF301146FFF788BB00
:10DDE000CC4E0020C368D868836AC269016A70B5E6
:10DDF0009160026AC16951605A6800F118018A4253
:10DE000004BF026A5A60002282621A68013A1A60EC
:10DE1000224B1B68002B33D143698268C168916033
:10DE2000C268816851605A68041DA24204BFC2687A
:10DE30005A60002242611A68013A1A60184AC36A9D
:10DE400011688B4288BF1360164914225343CD18C2
:10DE50006A6882609668C66096687460946045617E
:10DE6000CA580132CA50FFF7A7FB0F4BC26A1B68A2
:10DE7000DB6A9A4283BF0D4B01201860002070BD01
:10DE80000B4B5A68C2619468046294686160916047
:10DE900083621A6801321A60E7E700BFD4490020A4
:10DEA000F04900206C4A0020CC4E0020E4490020BC
:10DEB000284A002041F0004170B5016003694268C2
:10DEC0008168C46891608268416851605A68824282
:10DED00004BF82685A60002505611A68013A1A6019
:10DEE000FFF76AFB6369A268E1689160E268A16874
:10DEF00051605A68201D824204BFE2685A60656121
:10DF00001A68013A1A600F4AE36A11688B4288BFA7
:10DF100013600D4914225343CD186A68A2609668B5
:10DF2000E6609668706090606561CA580132CA50B8
:10DF3000064BE26A1B68DB6A9A4282BF044B0122ED
:10DF40001A6070BDF04900206C4A0020CC4E0020C1
:10DF5000E4490020034B1B680360034B1B684360CC
:10DF6000704700BFE0490020F449002070B50D461D
:10DF7000044600F047FD0F4B19682B685A1C17D058
:10DF80000D48266800686268864208D08A4206D832
:10DF900000232B60012400F045FD204670BD881A47
:10DFA0008342F5D95B1A13442B602046FFF7D2FF5A
:10DFB0000024F0E7F4490020E0490020014B012251
:10DFC0001A607047E44900200B4B1B687BB90B4A71
:10DFD000106870B90A4B1B6863B90A4B18680A4B82
:10DFE0001B68013B98420CBF0220012070470020B3
:10DFF00070471846704700BF284A0020E4490020B7
:10E00000E8490020FC490020F8490020014B18682D
:10E01000704700BFCC4E0020054B1B6833B1054B49
:10E020001868B0FA80F0400940007047012070473E
:10E03000EC490020D4490020F8B5044600282FD030
:10E040001E4DC36A2A68D26A93422ED282691C4E40
:10E05000002AA1BF2A68D26AC2F1380282614269ED
:10E06000142101FB03639A421BD1071D3846FEF7BA
:10E0700085FD2B68134ADB6A1168E3628B4288BF17
:10E08000136014225343F1184A68A2609068E0605C
:10E090009068476097606161F2580132F250012048
:10E0A000F8BD2B68DB6AC362F9E72B68C06CDB6ADA
:10E0B00098422CBF00200120F2E700BFCC4E002088
:10E0C0006C4A0020F049002070B5044608B90020D1
:10E0D00070BD036DC16AC26C013B91420365F6D00D
:10E0E000002BF4D1051D2846FEF748FDE36CE362E2
:10E0F000C3F13802A2610B4A11688B4288BF1360DA
:10E10000094914225343C8184268A2609668E66021
:10E110009668756095606061CA580132CA500120E6
:10E12000D6E700BFF04900206C4A002070B50446D5
:10E1300000282FD0C36C994238BF1946C36A8B425E
:10E1400028D0026D012A25D18269C162002AA4BFAC
:10E15000C1F138018161104D4269142101FB035363
:10E160009A4217D1061D3046FEF708FD0B4AE36AB6
:10E1700011688B4288BF136014225343E9184A6820
:10E18000A2609068E0609068466096606161EA58BD
:10E190000132EA5070BD00BF6C4A0020F0490020F7
:10E1A000044B1A68906919681A68CB6AC3F138037E
:10E1B00093617047CC4E0020044B1A681AB119685D
:10E1C0000A6D01320A651868704700BFCC4E002006
:10E1D0002DE9F8432A4DDDF8208004461E46894685
:10E1E000174600F00FFC2B68234493F8A430022B51
:10E1F0001DD02B6803EB84030121D3F8A02022EA71
:10E200000902C3F8A0202B68234483F8A410B8F1B6
:10E21000000F0CD04046FFF76BF94FF0E0234FF0B2
:10E220008052C3F8042DBFF34F8FBFF36F8F00F000
:10E23000F9FB00F0E7FB2EB12B6804F1280253F83C
:10E24000223033602B68234493F8A430022B01BFA3
:10E250002B6803EB84030126D3F8A02004BFBA4344
:10E26000C3F8A0202B6823444FF0000218BF0026FB
:10E2700083F8A42000F0D6FB3046BDE8F88300BF49
:10E28000CC4E00202DE9F041DDF8188004460D4603
:10E2900017461E4600F0B6FBB8F1000F05D005F199
:10E2A000280354F82330C8F800306319022293F889
:10E2B000A41083F8A420731EC9B2032B0AD8DFE888
:10E2C00003F0024A525004EB8505D5F8A0303B43D9
:10E2D000C5F8A030012938D16369A268E16891606E
:10E2E000E268A16851605A68251DAA4204BFE2682D
:10E2F0005A60002262611A68013A1A601D4AE36A94
:10E3000011688B4288BF13601B4914225343C818FD
:10E310004268A2609668E660966875609560606184
:10E32000CA580132CA50FFF747F9144BE26A1B681A
:10E33000DB6A9A4209D94FF0E0234FF08052C3F8CC
:10E34000042DBFF34F8FBFF36F8F012400F06AFBE2
:10E350002046BDE8F08104EB8505D5F8A0300133F7
:10E36000B6E7022903D0283544F82570B2E7002427
:10E37000ECE700BFF04900206C4A0020CC4E0020A2
:10E380002DE9F8430446DDE908960D4690461F4600
:10E3900000F0F2FBEFF311814FF0500383F311888B
:10E3A000BFF36F8FBFF34F8FB9F1000F05D005F1A9
:10E3B000280354F82330C9F800306319022293F877
:10E3C000A40083F8A4207B1EC0B2032B0BD8DFE887
:10E3D00003F0024B535104EB8505D5F8A03043EA16
:10E3E0000803C5F8A030012839D12E4B1B68002B3B
:10E3F00046D16369A268E0689060E268A0685060F6
:10E400005A68271DBA4204BFE2685A60002262615E
:10E410001A68013A1A60244AE36A1068834288BF86
:10E420001360224814225343C5186A68A260D2F8C8
:10E4300008C0C4F80CC0D2F808C0CCF804709760CB
:10E440006561C2580132C250194BE26A1B68DB6A2F
:10E450009A4204D9012306B13360164A13600120A1
:10E4600081F31188BDE8F88304EB8505D5F8A03069
:10E470000133B6E7022812D0283544F82580B2E7E8
:10E480000D4B5A68E26190682062956804F11800AB
:10E4900068609060A3621A6801321A60D4E70020B5
:10E4A000DEE700BFD4490020F04900206C4A00207C
:10E4B000CC4E0020E4490020284A0020914208B5B3
:10E4C000416000610AD8D21A83699A420DD2084B82
:10E4D000011D1868FEF73AFB002008BD9A4201D2E0
:10E4E000994202D2034B011DF3E70120F5E700BF7B
:10E4F000CC4F0020D04F002070B504460D46164684
:10E50000A1692B46324629442046FFF7D7FF00B9C0
:10E5100070BDA36920461D44236A9847F0E70000B8
:10E520000E4B1B68DB6870B5DC680546201D0E4687
:10E53000FEF724FB94F828305A0709D532462946BD
:10E540002046FFF7D9FF236A2046BDE870401847F0
:10E5500023F0010384F82830F5E700BFD04F0020F6
:10E5600010B5084C23681A6822B9074A116821605F
:10E57000136010BDDB684FF0FF311868FFF7D0FF64
:10E58000F0E700BFD04F0020CC4F0020F7B5114C72
:10E5900000F038FA2568BDB90F4F104E3846FEF727
:10E5A000BBFA3046FEF7B8FA0D4B0E4A1F600E4B11
:10E5B00010211E600A200D4B0095FEF7B6FB20606F
:10E5C00010B10B49FEF7A8FE03B0BDE8F04000F023
:10E5D00029BA00BFC84F0020E84F0020D44F0020C8
:10E5E000D04F0020204F0020CC4F0020D04E0020E4
:10E5F0009C9303082DE9F043594F5A4E85B03B6870
:10E60000D3F80090B9F1000F2BD0DB68D3F800905D
:10E610000025FFF779F9FFF77FF93368DFF84881C4
:10E62000984204461FD33060002D44D04F4B1B68E6
:10E630001D68B5FA85F56D09D8F800002A46A9EBE2
:10E640000401FEF7AAFEFFF74DFA88B94FF0E02368
:10E650004FF08052C3F8042DBFF34F8FBFF36F8F7D
:10E6600006E00125D5E7FFF77BFF3460FFF73AFAB4
:10E67000D8F8000000226946FEF7EEFC0028BED064
:10E68000009B0298002B1FDB029C63691BBBFFF7FA
:10E6900043F933689842054601D2FFF761FF009BBA
:10E6A0003560013B082BE3D8DFE803F019193C4340
:10E6B0005219193C43008145BED8FFF713FA214691
:10E6C0004846FFF72DFFD3E7019B03999847009B2E
:10E6D000002BCDDBD8E7201DFEF750FAD7E794F8E2
:10E6E0002830A16943F0010384F82830019B2A46B1
:10E6F00019442046FFF7E2FE0028B9D094F82830EC
:10E7000059070AD5A36901992A4619442046FFF7FB
:10E71000F3FE236A20469847AAE723F0010384F812
:10E720002830F6E794F8283023F0010384F82830E5
:10E730009EE794F828300199A16143F0010384F821
:10E7400028302A462B4629442046FFF7B7FE8FE79C
:10E7500094F828309A07E7D4204600F0E5F887E7D8
:10E76000D04F0020C04F0020C84F0020CC4F0020C9
:10E7700010B588B0FFF70AFF0E4B18680024B8B137
:10E7800007AA06A905A8CDE90544FEF7E3F8059B0D
:10E790000293069B019302230093079A06490748B8
:10E7A0002346FEF783FF064B1860001B18BF0120AD
:10E7B00008B010BDC84F0020A1930308F5E502087A
:10E7C000C44F00201FB514461A466FF00103CDE96F
:10E7D00000300548CDE90214002369460068FEF7C1
:10E7E000CBFB04B010BD00BFC84F002010B5104BCC
:10E7F0001A461B688342FBD354681119884201BF33
:10E800004168104609195160446801198B420CD1C6
:10E81000084909688B4203D059682144416019684E
:10E820000160904218BF106010BD1946F8E700BFA4
:10E83000105000200C500020F8B50446FFF764F893
:10E8400033490B68F3B9334A334D53071FBFD01D0B
:10E8500020F0070002F5A842131A0CBF4FF4A8439A
:10E8600002461344083B23F00703002068602A6037
:10E87000C3E90000981AC2E900300B60274B18600A
:10E88000274B1860631E0A3340D814F0070204F1C6
:10E89000080305D0A2F10900984237D31034A31A17
:10E8A000002B33DD1E4F3E689E422FD31A4A146858
:10E8B0006068984201D225682DBB0968A14225D025
:10E8C000216815681160C21A102A05F1080504D9DB
:10E8D000E01842606360FFF789FF62680F49B61A6B
:10E8E00042F0004262600F4A08683E6000232360E5
:10E8F0001368864203F1010338BF0E601360FFF70F
:10E90000F1F82846F8BD22462C46D1E70025F6E767
:10E910000C500020185000201050002004500020FF
:10E92000085000200050002010B50446F0B150F807
:10E93000043C002B1ADA50F8082CBAB923F0004333
:10E9400040F8043CFEF7E0FF094A54F8043C116823
:10E95000A4F108000B441360FFF748FF054A136851
:10E96000BDE8104001331360FFF7BCB810BD00BF15
:10E9700008500020FC4F002082B0002301934FF08C
:10E98000500383F31188BFF36F8FBFF34F8F019B49
:10E99000002BFCD002B0704706480068006880F386
:10E9A000088862B661B6BFF34F8FBFF36F8F00DF89
:10E9B00000BF000008ED00E04FF0807340F8043C19
:10E9C00021F00101044B40F8081C40F80C3C40F8D1
:10E9D000202C4038704700BF79E902080000000091
:10E9E000074B19680868B0E8F00F80F30988BFF397
:10E9F0006F8F4FF0000080F311884EF00D0E7047BE
:10EA0000CC4E00204FF0500383F31188BFF36F8F7B
:10EA1000BFF34F8F024A136801331360704700BF82
:10EA2000AC090020034A1368013B13600BB983F360
:10EA300011887047AC0900200000000000000000B1
:10EA4000EFF30980BFF36F8F0D4B1A6820E9F00FC9
:10EA5000106008B54FF0500080F31188FFF73AF9C5
:10EA60004FF0000080F31188BDE80840196808687D
:10EA7000B0E8F00F80F30988BFF36F8F704700BFD5
:10EA8000CC4E002008B54FF0500383F31188BFF33C
:10EA90006F8FBFF34F8FFEF76FFF28B14FF0E0236A
:10EAA0004FF08052C3F8042D002383F3118808BD72
:10EAB0004FF0E022002313619361054B4FF47A710C
:10EAC0001B68B3FBF1F3013B5361072313617047EC
:10EAD000A009002013B500230193244B1A78D2B269
:10EAE0008DF80220FF221A701B78DBB28DF80330FC
:10EAF0009DF803309DF8033013F0800F019B2CD15B
:10EB0000082B18BF019B1A4A14BFC3F10703002347
:10EB10001B0203F4E06313609DF80230134ADBB27A
:10EB200013704FF0E0230024D3F8202D42F47F022D
:10EB3000C3F8202DD3F8202D42F07F42C3F8202DBA
:10EB4000FFF7B6FF0B4B1C60FFF726FFFFF7C2F87D
:10EB5000FFF712FF204602B010BD013301939DF86C
:10EB600003305B00DBB28DF80330C3E700E400E064
:10EB700018A40020AC090020EFF305830F2B84BFFD
:10EB8000014A9B5C704700BFF0E300E008B5E1F785
:10EB900017FF044AD38A013BD382BDE80840E1F75E
:10EBA0002BBF00BF1CAC002008B5E1F709FF044AE9
:10EBB000D38A0133D382BDE80840E1F71DBF00BF0F
:10EBC0001CAC002070B5174D04460E46E1F7F8FE68
:10EBD0006B8A2A8A934209D1C3F5006292B29442A9
:10EBE00010D3A34218D84FF0FF3411E006D9C3F573
:10EBF000006189B2A14205D8A242F3E7D21A92B2CB
:10EC0000A242F0D933802344C3F30A036B82002469
:10EC1000E1F7F2FE204670BD01222B80AA7000238E
:10EC2000F0E700BF1CAC002010B5094818220021F5
:10EC3000EAF79FFF07484FF400620021EAF799FFC7
:10EC4000E1F7ACFE044B05481B68BDE810401847CF
:10EC50001CAC00201CA40020C894030889ED020805
:10EC6000034B588A1B8AC31A58425841704700BF49
:10EC70001CAC0020014B5860704700BF1CAC00204A
:10EC8000014B1872704700BF1CAC0020F7B51E4C3A
:10EC9000E1F796FEE78A0646002F2FD1FFF784FFA3
:10ECA000258A628A954226D0A378012B12D1238827
:10ECB00027805B1B9BB20221A382A17063B9A37062
:10ECC00023821D46AA428BBF521BC5F50063A28258
:10ECD000A38201E0002BF5D03046E1F78DFEE2F78C
:10ECE000CDFE0A4B0A48DB68A18A0193284403B091
:10ECF000BDE8F0401847FFF749FF3046E1F77CFEDA
:10ED0000002003B0F0BD00BF1CAC0020C894030875
:10ED10001CA4002037B50C460546FFF745FF0DF152
:10ED200006012046FFF74EFF01300ED0BDF8063039
:10ED30000948224629461844EAF7C9FEFFF726FF8C
:10ED400003B0BDE83040FFF7A1BFFFF71FFF6FF032
:10ED5000020003B030BD00BF1CA400200FB400B5FA
:10ED6000C3B044AB4FF4807153F8042B019302A855
:10ED700000F0A8FB81B202A8FFF7CCFF43B05DF81A
:10ED800004EB04B07047000037B5214CE1F718FEE2
:10ED9000A378628A022B1DBF258AA38AED1800255D
:10EDA00014BFC5F30A05A570AA42258227D0E38ABD
:10EDB000012B24D1A378012B13D1238802215B1BC3
:10EDC0009BB2A1700021A382218063B9A37023822A
:10EDD0001D46AA428BBF521BC5F50063A282A382C7
:10EDE00001E0002BF5D0E1F707FE0A4B0A48DB688B
:10EDF000A18A0193284403B0BDE830401847E1F7E9
:10EE0000FBFDE2F73FFE03B0BDE83040FFF7BEBEBA
:10EE10001CAC0020C89403081CA40020024A002354
:10EE20001360024A1360704738AC002034AC0020F5
:10EE300010B5EFF3108472B641B1012903D1064A2F
:10EE400013680343136084F3108810BD024A1368EB
:10EE500023EA0003F6E700BF38AC002010B5EFF35B
:10EE6000108472B641B1012903D1064A13680343E5
:10EE7000136084F3108810BD024A136823EA00036C
:10EE8000F6E700BF34AC002038B5EFF3108572B65A
:10EE90000A4B0B4C1B6833B123689847636898474B
:10EEA00085F3108838BD074B1B681BB1A3689847D2
:10EEB000E368F4E7236998476369F0E738AC00201A
:10EEC0006894030834AC002040F2974398420BD179
:10EED00041F20103994209D0054B064841F2030271
:10EEE000914208BF18467047024870470248704771
:10EEF000A9930308B0930308B89303080B4A0C4B7B
:10EF000070B515680B4E11680446C5F30B0540F249
:10EF10009740854218BF1E46090C2846FFF7D4FFCC
:10EF2000C4E90056C4E90210204670BD002004E088
:10EF3000B0930308BF93030830B5114D85B000238B
:10EF4000CDE900010293ADF80C3003A82B69984776
:10EF5000009BBDF804400290181ABDF80C30E41A6A
:10EF6000A3B224B2002CBEBF03F57A731CB200F129
:10EF7000FF302B689847AB682046984705B030BDF6
:10EF80008894030873B5114E002305460093ADF82D
:10EF9000043001A833699847F36800909847736874
:10EFA00004469847009B1844BDF8043023449AB2A5
:10EFB0001BB2B3F57A7FA2BF0130A2F57A731BB200
:10EFC00028602846AB8002B070BD00BF889403085B
:10EFD00037B500230093ADF80430064B04461B6997
:10EFE00001A898470090DDE9000184E8030020466D
:10EFF00003B030BD8894030870B5EFF3108672B685
:10F00000084C23683BB9084A084D13602B689847A1
:10F0100028B92B699847236801332360002086F3C1
:10F02000108870BD3CAC002040AC00209C940308CC
:10F030002DE9F041EFF3108872B630B31E4623B3CA
:10F0400005461746EFF3108272B6144B1C6814B9CC
:10F0500020E0646914B1A542FBD1012482F3108839
:10F060009CB90F4B00245B6A2C6008469847069BAE
:10F070002B6101236860EE602C81EF726C61204689
:10F08000AB7288F31088BDE8F081012088F3108806
:10F09000BDE8F08182F31088E3E700BF40AC0020B8
:10F0A0009C9403082DE9F047EFF3108572B678B110
:10F0B0000446EFF3108272B6334E336813B90CE096
:10F0C0005B6913B19C42FBD1012382F3108833B1F9
:10F0D000012085F31088BDE8F08782F31088EFF3F4
:10F0E000108372B6E27A002A33D0A77AB7FA87F78C
:10F0F0007F0983F31088002FEAD1DFF890A0D4F8BD
:10F100000480DAF82090C847E37AB3FA83F34045E5
:10F110004FEA531338BF4046A3724FF480732381E4
:10F12000DAF818802060C0472368316818442060EE
:10F1300091B10B6898420ED34B6923B91FE05A690D
:10F140001946EAB113461A689042F8D84C616361D7
:10F1500013E0677ACDE70F7261613460C8470646F5
:10F16000C04706442068DAF80830B0424FF0010288
:10F1700022723CBF2660304698470020A9E70B4624
:10F1800000225C616261F8E740AC00209C940308B7
:10F19000F8B5EFF3108472B618B34FF48073A0F88B
:10F1A0000930EFF3108272B61F4D2B6813B938E0A7
:10F1B0005B6913B19842FBD1012382F3108863B1DC
:10F1C0002B68984211D0194613B906E0114623B1B5
:10F1D0001A4690425B69F9D14B61002084F3108894
:10F1E000F8BD012084F31088F8BD4669002303723E
:10F1F00096B10E4F2E603B6A9847BB69054698470B
:10F2000005443068BB68A8424FF0010232723CBF2F
:10F21000356028469847E0E7044BDB6898472E6046
:10F22000DBE782F31088D8E740AC00209C94030809
:10F2300070B5EFF3108672B608B304460D46EFF3CF
:10F24000108272B6C37A8BB1837AB3FA83F35B0907
:10F2500082F310887BB90C4B28465B6A9847606044
:10F260002046FFF71FFF86F3108870BD437A82F3B4
:10F270001088002BEFD02046FFF78AFFEBE7012034
:10F2800086F3108870BD00BF9C940308F0B583B06E
:10F29000EFF3108772B6D0B104460E46EFF3108339
:10F2A00072B6C27A8AB1857AB5FA85F56D0983F3AB
:10F2B0001088104B5B6A019375B9304698476060BF
:10F2C000284687F3108803B0F0BD457AEFE70120A8
:10F2D00087F3108803B0F0BD2046FFF759FF019B6C
:10F2E0003046984760602046FFF7DCFE87F31088C1
:10F2F00003B0F0BD9C940308EFF3108372B610B115
:10F30000C27A1AB9407A83F310887047807AB0FACB
:10F3100080F0400983F31088704700BF38B5EFF3E1
:10F32000108572B6104B1C68D4B1EFF3108272B620
:10F330001B6813B912E05B6913B19C42FBD1012336
:10F3400082F3108863B1094B9B6998472368984200
:10F3500094BF181A002085F3108838BD82F31088F6
:10F360004FF0FF30F7E700BF40AC00209C9403084B
:10F370002DE9F84FEFF3108972B6384E736998474C
:10F380003369834698478246354FD6F82080C04778
:10F390003C68AAEB0B03002C3FD0226803EB500023
:10F3A0009042636953D30025256065612581002B58
:10F3B00051D01A6819465B69A44682423CD90D4671
:10F3C000ABEB0A0002E01A6819465B6902440A6066
:10F3D000002BF8D13D607CB14FF0010A25466469ED
:10F3E000EB680BB128699847AB6803F0FF23B3F1D2
:10F3F000807F16D0002CF1D13D6875B1C047B3694C
:10F400000446984704442868B368A0424FF00102BC
:10F410002A723CBF2C602046984789F31088BDE8CB
:10F42000F88FAB7A002BE5D185F80AA02846FFF7C4
:10F4300039FE002CD2D1DFE70D810D604D61CCF893
:10F44000141043B11A688C4619465B69B5E7254626
:10F4500021460024B4E700233B60BDE79C940308E9
:10F4600040AC0020F8B5EFF3108772B6B8B104468F
:10F4700016461D46FFF740FFC0B9B5F1FF3F08BF74
:10F48000B6F1FF3F0FD00E4B30461B682946984718
:10F4900060602046FFF706FE87F31088F8BD012064
:10F4A00087F31088F8BD4FF0FF30F1E72046FFF7F3
:10F4B0006FFEB5F1FF3F08BFB6F1FF3FE3D1F2E7C2
:10F4C000809403082DE9F04F002997B0834640F35C
:10F4D0001F81044601F1FF3A1178A4EB0B0729B90B
:10F4E00000232370384617B0BDE8F08F5745F7DA90
:10F4F000252905D004F8011B904608F10102EBE72D
:10F500005178302902F1010825D0A1F13002092AF1
:10F510004FF0000227D840460025804610F8011B16
:10F52000A1F13006092E18D9692972D01ED8632995
:10F530002DD064296DD0582965D025291DD198F882
:10F540000010002900F09C8004F8011BA4EB0B07BD
:10F55000574519DAD1E70122DDE70A2606FB051136
:10F56000A1F13005D9E74FF0FF35DDE775290BD064
:10F57000782900F0888073291ED0252104F8011B0A
:10F58000A4EB0B075745DADB94460A263EE0611EE2
:10F590002A462020013A002A0BDC002D05F1FF321B
:10F5A0002146D8BF002253F8040B505401341444B0
:10F5B000A3E701F8010FEDE79946594B59F8046BA1
:10F5C000002E08BF1E463046DFF72AFDAAEB0707CC
:10F5D000B84228BF3846234661192027CA1A9042EC
:10F5E0000ADB2B1A8542B8BF002323440022824243
:10F5F00005DBC4184B4680E703F8017BEEE7B15CFE
:10F6000099540132F3E742F0400C102653F8041BE2
:10F6100004E053F8041B42F0020C0A261CF0400FD1
:10F62000AAEB07000F4675D1002A0CBF4FF0200E41
:10F630004FF0300E1CF0020FCDF808E025D0002965
:10F6400023DADFF8E0E04F42013D2D210DF1140CEB
:10F65000019161464FF0000CB946B7FBF6F706FB87
:10F660001797B1451EF8077003970F46039907F8DF
:10F67000011B0CF1010C3946B9FBF6F7ECD217E08F
:10F6800008F1FF3839E79446BFE7DFF898E041B169
:10F690000021DBE74FF0300CDFF88CE0CDF808C03C
:10F6A000F5E74FF030068DF8146001914FF0010C32
:10F6B000A5EB0C0582B1019A2AB12D22013804F87C
:10F6C000012B3FF41AAF254411E04FF0200201381E
:10F6D00004F8012B3FF411AF002D05F1FF35F4DCE8
:10F6E000E9E7029A04F8012B01383FF406AF2A1B20
:10F6F000002AF6DC05AA62442044A44464453FF491
:10F70000FCAE12F8011D04F8011B8442F6D1F4E6A8
:10F710000027E7E6002ABDD14FF0200CBCE700BF70
:10F72000C9930308D0930308F5930308024B0A46D4
:10F730000146186800F002B8B009002070B5A1FBBE
:10F74000025434B9294600F03FF8064628B930463D
:10F7500070BD0C2202600026F9E72A46214600F01F
:10F76000F1F8F4E7024B0146186800F02DB800BF2D
:10F77000B0090020024B0146186800F093B900BFA1
:10F78000B009002070B50F4E0C463168054611B91E
:10F7900000F03EF930602146284600F039F9431C5C
:10F7A00003D14FF0FF34204670BDC41C24F0030485
:10F7B000A042F8D0211A284600F02AF90130F2D1EF
:10F7C000EFE700BF44AC00202DE9F843CD1C25F045
:10F7D000030508350C2D38BF0C25002D064601DB2E
:10F7E000A94204D90C2333600020BDE8F883DFF878
:10F7F000D48000F069F8D8F800301C4644BB294694
:10F800003046FFF7BFFF431C044658D1D8F80040EC
:10F810002746002F43D1002C4BD023683946304671
:10F8200004EB030900F0F4F8814542D121686D1A18
:10F8300029463046FFF7A6FF01303AD023682B4413
:10F840002360D8F800305A6862BBC8F800700FE037
:10F850002268521B20D40B2A17D96119A3422560B4
:10F8600018BF5960636808BFC8F8001062514B6048
:10F87000304600F02FF804F10B00231D20F00700A4
:10F88000C21A1CBF1B1AA350AFE76268A3420CBF89
:10F89000C8F800205A60EBE723466468AEE73C46B0
:10F8A0007F68B6E71A465B68A342FBD1002353602A
:10F8B000DEE70C233360304600F00CF894E7056077
:10F8C000D6E700BF48AC0020014800F0DBB800BF1D
:10F8D00088AD0020014800F0D6B800BF88AD0020F8
:10F8E0000EB410B59DB01FAB029006906FF00041B2
:10F8F0000A48079104910A4953F8042B0591002402
:10F9000002A9006801931B9400F076F9029B1C7019
:10F910001DB0BDE8104003B0704700BFB009002023
:10F920000802FFFF10B501390244904201D10020C6
:10F9300005E0037811F8014FA34201D0181B10BD58
:10F940000130F2E702440346934200D1704703F8C6
:10F95000011BF9E72D4B1B68834270B5044653D059
:10F96000C3691BB3DB6863B10025E369DB685959E0
:10F97000B1B90435802DF8D1E3692046D96800F08B
:10F9800091F8E369196811B1204600F08BF8E3693A
:10F990009D685DB1294620462D6800F083F8F8E7A0
:10F9A0000E68204600F07EF83146E1E7616911B14A
:10F9B000204600F077F8E16911B1204600F072F8B6
:10F9C000216B11B1204600F06DF8616B11B120463A
:10F9D00000F068F8A16B11B1204600F063F8A16C4B
:10F9E00011B1204600F05EF8616C11B1204600F0C4
:10F9F00059F8E16A11B1204600F054F8236A1BB1AE
:10FA00002046BDE87040184770BD00BFB009002017
:10FA100038B5064D0023044608462B60E2F758F837
:10FA2000431C02D12B6803B1236038BD84AD002094
:10FA3000014B1868704700BFB009002070B50D4B2E
:10FA40000D4D5B1B9C100026A64209D103F060FD02
:10FA50000A4D0B4B5B1B9C100026A64205D170BDC6
:10FA600055F8043B98470136EEE755F8043B9847B4
:10FA70000136F2E7D8D80308D8D80308D8D8030845
:10FA8000DCD80308704770470A44914200F1FF3305
:10FA900000D1704710B511F8014B03F8014F9142A6
:10FAA000F9D110BD38B50546002941D051F8043CC4
:10FAB0000C1F002BB8BFE418FFF706FF1D4A1368A0
:10FAC00033B9636014602846BDE83840FFF702BFD1
:10FAD000A34208D9206821188B4201BF19685B68CE
:10FAE00009182160EDE71A465B680BB1A342FAD909
:10FAF00011685018A0420BD120680144501883426D
:10FB00001160E0D118685B68536008441060DAE760
:10FB100002D90C232B60D6E7206821188B4204BF42
:10FB200019685B68636004BF091821605460CAE704
:10FB300038BD00BF48AC00202DE9F0478E681F4655
:10FB4000BE4282460C469046334653D8B1F90C006B
:10FB500010F4906F2BD065692368096905EB4505A2
:10FB6000A3EB010905EBD5757B1C6D104B44AB4233
:10FB70002A4684BF1D462A46430527D511465046CE
:10FB8000FFF722FE064658B321694A46FFF77CFF7D
:10FB9000A38923F4906343F08003A3812661656108
:10FBA0004E44A5EB09052660A5603E463B461F4630
:10FBB00020683A46414600F0ABFAA3689B1BA3605D
:10FBC00023683B4423600020BDE8F087504600F0E6
:10FBD000B8FA06460028E1D121695046FFF762FFD6
:10FBE0000C23CAF80030A38943F04003A3814FF0EF
:10FBF000FF30E9E73E46DBE72DE9F0471F468B89FA
:10FC00001B069CB006460D46144610D50B6973B909
:10FC10004021FFF7D9FD2860286130B90C233360FB
:10FC20004FF0FF301CB0BDE8F08740236B6100232C
:10FC3000099320238DF8293003973023654F8DF8E1
:10FC40002A304FF001082346994613F8012B0AB1D8
:10FC5000252AF9D1B9EB040A0BD05346224629468E
:10FC60003046FFF769FF013000F0A480099A524442
:10FC7000099299F80030002B00F09C8000234FF08F
:10FC8000FF32CDE9052309F10109049307938DF8AB
:10FC900053301A934C464F4814F8011B0522DFF7E6
:10FCA000C7F9049BD0B9D80644BF20228DF8532051
:10FCB000190744BF2B228DF8532099F800202A2AD7
:10FCC00013D0079A4C4600204FF00A0C214611F839
:10FCD000013B303B092B49D968B913E0C01B08FA36
:10FCE00000F018430490A146D4E7039A111D12684E
:10FCF0000391002A01DB079204E0524243F0020321
:10FD00000792049323782E2B0AD163782A2B32D1C1
:10FD1000039B1A1D1B68039243EAE37302340593A5
:10FD2000DFF8B490217803224846DFF781F938B133
:10FD3000049BA0EB0900402282401343013404934A
:10FD400014F8011B25488DF828100622DFF770F9FA
:10FD5000002835D0224818BB039B073323F0070344
:10FD600008330393099B034409936CE70CFB0232AD
:10FD70000C460120AAE700230134059319464FF0F1
:10FD80000A0C204610F8012B303A092A03D9002B1F
:10FD9000C6D00591C4E70CFB012104460123F0E71E
:10FDA00003AB00932A460F4B04A93046AFF3008003
:10FDB000421CD7D1AB895B063FF532AF099831E7DA
:10FDC00003AB00932A46074B04A9304600F07AF8AB
:10FDD000EEE700BF1A940308209403082494030854
:10FDE0000000000039FB02082DE9F047164698464E
:10FDF0008A680B69DDF820909342B8BF13463360E0
:10FE000091F8432007460C460AB10133336023685A
:10FE1000990642BF336802333360256815F0060542
:10FE200006D104F1190AE36832689B1AAB4226DC5A
:10FE300094F843302268003B18BF012392062BD46C
:10FE400004F1430241463846C84701301ED02368BA
:10FE5000226903F00603042B02BFE5683368ED1A3C
:10FE6000A3680CBF25EAE57500259342C4BF9B1A21
:10FE7000ED1800261A34B5421AD1002008E00123FB
:10FE8000524641463846C847013003D14FF0FF3053
:10FE9000BDE8F0870135C6E7E1185A1C302081F82B
:10FEA0004300224494F8451082F843100233C7E718
:10FEB0000123224641463846C8470130E6D0013684
:10FEC000D9E700002DE9F0430D7E85B0782D9046EE
:10FED0000C9E07460C46994601F1430207D8622D55
:10FEE0000AD8002D00F0D780582D00F0BC8004F116
:10FEF000420684F842503BE0A5F16303152BF6D887
:10FF000001A151F823F000BF61FF020875FF02084C
:10FF1000EFFE0208EFFE0208EFFE0208EFFE020805
:10FF200075FF0208EFFE0208EFFE0208EFFE02086E
:10FF3000EFFE02087D0003089FFF02082F00030860
:10FF4000EFFE0208EFFE02089F000308EFFE020822
:10FF50009FFF0208EFFE0208EFFE020837000308C9
:10FF600033681A1D1B68326004F1420684F842307F
:10FF70000123A1E033682068191D3160060601D510
:10FF80001D6803E04506FBD5B3F90050002D03DAE8
:10FF90002D236D4284F843305B480A2311E0216829
:10FFA0003368080653F8045B02D4490648BFADB273
:10FFB0003360237E54486F2B5CD10823002184F8E2
:10FFC00043106668A660002E05DB21682E4321F0F1
:10FFD0000401216050D01646B5FBF3F103FB115C20
:10FFE00010F80CC006F801CDAC4663450D46F3D9B8
:10FFF000082B0BD12368DB0708D523696168994278
:020000040803EF
:10000000DEBF302306F8013C06F1FF36921B226169
:10001000CDF80090434603AA21463846FFF7E4FE98
:1000200001304ED14FF0FF3005B0BDE8F0832368BA
:1000300043F0200323603548782584F84550236831
:10004000316813F0800F51F8045B03D113F0400FB7
:1000500018BFADB23160D90744BF43F0200323601D
:100060001DB11023AAE72848E7E7236823F02003FF
:100070002360F6E70A23A1E71646B9E73368256847
:100080006169181D30602E061B6801D5196002E0F9
:100090006806FBD51980002323611646B8E733684C
:1000A0001A1D32601E68626800213046DEF7C0FF0C
:1000B00008B1801B606063682361002384F84330CB
:1000C000A6E72369324641463846C8470130A9D0E1
:1000D00023689B0713D4E068039B9842B8BF184677
:1000E000A2E70123324641463846C847013099D03D
:1000F0000135E36803995B1AAB42F2DCEBE70025BC
:1001000004F11906F5E700BF2B9403083C9403089B
:10011000884210B501EB020402D98442234607D875
:10012000431EA14207D011F8012B03F8012FF8E775
:100130000244824200D110BD13F8011D02F8011DD6
:10014000F7E72DE9F041074614460D4621B9BDE811
:10015000F0411146FFF738BB2AB9FFF7A3FC25464B
:100160002846BDE8F08100F01AF88442064602D81D
:10017000B4EB500FF4D821463846FFF725FB8046F4
:1001800008B94546ECE7B4422246294628BF324624
:10019000FFF77AFC29463846FFF784FCF1E751F86F
:1001A000043C181F002BBCBF0B58C0187047000040
:1001B0002DE9F84314461D468046894600F0E4FCCC
:1001C000224606460F462B4620462946DFF7D6FB39
:1001D00078B90022002340464946DFF79DFBD8B19D
:1001E0000022002320462946DFF796FB28B1264F40
:1001F000002630463946BDE8F8832046294600F0FF
:100200008DFA0028F5D02046294600220023DFF78A
:100210008DFB0028EDD02CE03046394600F07EFA08
:10022000A0B10022002330463946DFF775FB0028D5
:10023000DFD04046494600F071FA0028D9D0204668
:10024000294600F06BFA0028D3D012E04046494618
:1002500000F064FA0028E4D02046294600F05EFA57
:100260000028DED032463B4630463946DFF786FB73
:1002700020B9FFF7DDFB22230360BAE7FFF7D8FBC5
:1002800021230360B5E700BF0000F03F21F00043E9
:100290001946704738B5044601F090FB05462046E4
:1002A00000F042FA48B10D492046DFF7B7FE30B9F9
:1002B0000B492046DFF794FE48B9284638BDFFF7C2
:1002C000B7FB4FF0FF4522230360284638BDFFF7F8
:1002D000AFFB222300250360EFE700BF1772B14296
:1002E000B5F1CFC238B5044601F08AFC2146054677
:1002F0002046DFF79DFE70B900212046DFF78EFE15
:1003000048B900212046DFF761FE30B1FFF790FBCE
:10031000074D22230360284638BDFFF789FB0346BB
:1003200021221A600348BDE8384000F005BA00BF3A
:10033000000080FF409C030838B5044601F08EFDA4
:10034000214605462046DFF773FE70B9002120469E
:10035000DFF750FE48B100212046DFF737FE30B10D
:10036000FFF766FB074D22230360284638BDFFF7E1
:100370005FFB034621221A600348BDE8384000F0C5
:10038000DBB900BF000080FF409C030870B50C463D
:10039000064601F0B1FD214605462046DFF748FE3E
:1003A00058B900213046DFF711FEA0B100212046E8
:1003B000DFF70CFE18B14FF07E55284670BD204681
:1003C00000F0B2F90028F8D000212046DFF708FE3F
:1003D0000028F2D023E0284600F0A6F980B10021E1
:1003E0002846DFF7F3FD0028E7D0304600F09CF9FF
:1003F0000028E2D0204600F097F90028DDD00EE07A
:10040000304600F091F90028E9D0204600F08CF940
:100410000028E4D029462846DFF70AFE20B9FFF776
:1004200007FB22230360C8E7FFF702FB21230360D9
:10043000C3E700BF38B5044600F0C8F921460546B9
:100440002046DFF7F5FD20B900212046DFF7C8FD83
:1004500008B9284638BDFFF7EBFA002121230360D5
:100460000846DFF7D3FC0546284638BD2DE9F041A4
:1004700020F00045B5F1A14F0446074608D3B5F179
:10048000FF4F73D8002840F3A1806F48BDE8F0818A
:100490006E4B9D427AD8B5F1445F6CD34FF0FF3874
:1004A00021462046DFF7FEFB01460646DFF7FAFB52
:1004B00067490546DFF7F6FB6649DFF7EBFA2946A1
:1004C000DFF7F0FB6449DFF7E5FA2946DFF7EAFBDF
:1004D0006249DFF7DFFA2946DFF7E4FB6049DFF71F
:1004E000D9FA2946DFF7DEFB5E49DFF7D3FA31465A
:1004F000DFF7D8FB5C4906462846DFF7D3FB5B49AC
:10050000DFF7C6FA2946DFF7CDFB5949DFF7C0FA16
:100510002946DFF7C7FB5749DFF7BAFA2946DFF765
:10052000C1FB5549DFF7B4FA2946DFF7BBFB0146AB
:100530003046DFF7AFFA2146DFF7B4FBB8F1FF3FF3
:10054000014646D04D4B4E4D53F82810DFF7A0FA28
:100550002146DFF79DFA014655F82800DFF798FAA3
:10056000002F93DA00F10040BDE8F0810146DFF78B
:1005700091FABDE8F0814349DFF78CFA4FF07E51E4
:10058000DFF74CFD002889D020467FE700F084F893
:100590003D4B9D42044621D8A3F5D0039D423FD850
:1005A0000146DFF777FA4FF07E51DFF771FA4FF02F
:1005B0008041034620461C46DFF76CFA0146204680
:1005C000DFF724FC4FF00008044669E72F48BDE838
:1005D000F0812046DFF75CFABDE8F0812C4B9D42AC
:1005E00016D84FF07F51DFF753FA4FF07F51034693
:1005F00020461C46DFF756FB4FF07E51DFF74AFAE4
:1006000001462046DFF702FC4FF00208044647E7A8
:1006100021462048DFF7FAFB4FF0030804463FE786
:100620004FF07E51DFF734FA4FF07E5103462046FB
:100630001C46DFF72FFA01462046DFF7E7FB4FF0B5
:10064000010804462CE700BFDB0FC93FFFFFDF3E78
:10065000D769853C59DA4B3D356B883D6E2EBA3DE6
:100660002549123EABAAAA3E21A215BD6BF16E3DF3
:1006700095879D3D388EE33DCDCC4C3EB0D40308EC
:10068000C0D40308CAF24971FFFF973FDB0FC9BF0F
:10069000FFFF1B40000080BF20F00040704700BFFC
:1006A000184A20F00043934219D900B5B3F1FF4F27
:1006B00083B004D30146DFF7EBF903B000BD694610
:1006C00001F0FCFF00F00303012B0098019910D00A
:1006D000022B08D083B9012201F0FAF8EDE70021DE
:1006E000002201F0F5B8012201F0F2F800F100401B
:1006F000E3E701F029F8E0E701F026F800F1004017
:10070000DBE700BFD80F493F08B5FFF7EBFD024913
:10071000DFF77CFB08BD00BF1872313F41F000409D
:1007200000F58010C00F704720F00040B0F1FF4F7F
:100730002CBF002001207047004870470000C07F98
:1007400038B505460C4600F027F808B9204638BDF4
:10075000204600F021F828B121462846DFF75EFC4C
:100760000028F3D02C46204638BD00BF38B50546DA
:100770000C4600F011F808B9204638BD204600F0BC
:100780000BF828B121462846DFF72AFC0028F3D0D1
:100790002C46204638BD00BF30F000400ED0A0F5FA
:1007A0000003B3F1FE4F0DD3074B421E9A4207D907
:1007B000A0F1FF40B0FA80F0400970470220704776
:1007C0000320704704207047FEFF7F0020F00042A6
:1007D000B2F1FF4F2DE9F04104464FD2002A4BD031
:1007E0000028034654DB10F0FF424FD15B00180293
:1007F000114602F10102F9D54942C3F3160242F44F
:100800000002CB07A1F17F0558BF520000246D10F4
:1008100052004FF0190E21464FF0807C01EB0C0383
:100820009342DDBF03EB0C016444D31A1346BEF1BF
:10083000010E4FEA43024FEA5C0CEFD1BBB11A4EF6
:100840001A4F30683968D6F80080DFF721F9014681
:100850004046DFF7CFFB50B1306839683668DFF7C4
:1008600019F901463046DFF7BBFBC8B1023460100E
:1008700000F17C5000EBC550BDE8F0810146DFF788
:1008800011FA2146DFF706F9BDE8F081C115B4E79A
:100890000146DFF7FDF80146DFF7B8FABDE8F08161
:1008A000013424F00104E2E7D4D40308D0D40308CF
:1008B000C1F30A5C2DE9F041ACF2FF35132D02467D
:1008C0000B460C46064622DC002D4CDBDFF8D080C0
:1008D00048FA05F801EA080C5CEA000C0F461BD048
:1008E0002DA3D3E90023DEF7F9FB00220023DFF775
:1008F0003BF840B1002C03DD4FF480132B411F4423
:1009000027EA0804002621463046BDE8F081332D51
:1009100006DDB5F5806F38D010461946BDE8F08188
:10092000ACF2134C4FF0FF3727FA0CF73842F3D0F4
:1009300019A3D3E90023DEF7D1FB00220023DFF760
:1009400013F80028DFD0002C334609DD142D06D023
:10095000C5F134050122AA4013449E4200D9013456
:1009600023EA0706CFE70CA3D3E90023DEF7B6FBA3
:1009700000220023DEF7F8FF0028C4D0002C07DB9C
:10098000344300D0074C0026BDE7DEF7A7FBC5E7E0
:1009900000264FF00044B6E79C7500883CE4377EA3
:1009A000FFFF0F000000F03FC1F30A5C2DE9F041AA
:1009B000ACF2FF35132D02460B460C46064622DCF0
:1009C000002D42DBDFF8E08048FA05F801EA080C68
:1009D0005CEA000C0F461BD031A3D3E90023DEF7FD
:1009E0007DFB00220023DEF7BFFF40B1002C03DABD
:1009F0004FF480132B411F4427EA080400262146A8
:100A00003046BDE8F081332D06DDB5F5806F2CD082
:100A100010461946BDE8F081ACF2134C4FF0FF3799
:100A200027FA0CF73842F3D01DA3D3E90023DEF7F1
:100A300055FB00220023DEF797FF0028DFD0002CB3
:100A400033461CDB23EA0706D9E715A3D3E90023C5
:100A5000DEF744FB00220023DEF786FF0028CED01D
:100A6000002C05DB00263446C9E7DEF737FBD1E76B
:100A700024F0004426430DD14FF00044BFE7142D6D
:100A800006D0C5F134050122AA4013449E42D9D9AB
:100A90000134D7E7054C0026B1E700BFAFF3008073
:100AA0009C7500883CE4377EFFFF0F000000F0BF1C
:100AB0002DE9F041C0F3C7557F3D162D044620F0C7
:100AC000004717DC002D80461FDB194F2F413842AD
:100AD00013D01849DEF7DEFF0021DFF79FFA60B17F
:100AE000002C03DA4FF400032B41984428EA070056
:100AF000BDE8F081B7F1FF4F02D22046BDE8F0819A
:100B00000146DEF7C7FFBDE8F0810A49DEF7C2FF04
:100B10000021DFF783FA0028EFD0002C01DB002052
:100B2000ECE717B94FF00040E8E70348E6E700BFFD
:100B3000FFFF7F00CAF24971000080BF08B5C0F313
:100B4000C7537F3B162B01460EDC002B024610DB01
:100B50000B481841014205D04FF48001194111445E
:100B600021EA0001084608BD802BFBD1DEF792FF89
:100B700008BD013300F00041F4D141F07E51F1E7AE
:100B8000FFFF7F00000000002DE9F04F23F0004B35
:100B9000044652EA0B0093B091469A460D4610D196
:100BA0002319684985F4002252419842914122D28A
:100BB0004A46534620462946DEF790FA13B0BDE870
:100BC000F08F9846604B0094174621F000429A42FD
:100BD0000E46029214D9009B06F1404606F5801697
:100BE0001E43E5D14B46DB1856498AF40022524198
:100BF0009E429141DCD35549002013B0BDE8F08FEF
:100C000013D09B45E7D8029B52D0002E15DB002F56
:100C100040F087804D4A934540F0FC83B8F1000FC7
:100C2000C0F2D88420462946C8E7002CC0D193459D
:100C3000BED800F0FF83029BE7E7454A934500F2E8
:100C40008683444A934500F28783002F40F0AF83A8
:100C5000B8F1804F00F0C984204629460493FFF77D
:100C600015FB009A049B002A38D0F20F013A52EA91
:100C7000070C63D0013F174314BF344D364D002499
:100C8000BBF1844FCDE908456AD9344B029A9B45A4
:100C9000304B40F203849A4200F2B784B8F1000F5F
:100CA000C0F2B784002013B0BDE8F04F01F006BFDA
:100CB000002F90D1029B009A03F1404303F580136B
:100CC000134398D0234B029A9A4240F25D84B8F1C4
:100CD000000FC0F2D584484651466FE71B4A26F004
:100CE000404C944502D0029A002ABED1B8F1000FC0
:100CF000C0F24284002EBFF661AF029B03F1404A6E
:100D00000AF5801A5AEA070A40F0778402460B4631
:100D100010461946DEF7E0F902460B46DEF7BEFC48
:100D20004CE70027204629460493FFF7AFFA009AC4
:100D3000049B002AD2D0F20F013A9BE722462B46B1
:100D4000E6E700BF0000F0FF0000F07F0000F03F8A
:100D5000FFFF3F43FFFFEF3F0000F0BF0000F04305
:100D6000CD4A3240002A40F00084CC4B0022DEF70E
:100D70006BFB6FF034040B461A15A2F2FF3202EB44
:100D80000408C74AC3F3130343F07F54934244F467
:100D9000401407DDC34A934240F3418408F101083F
:100DA000A4F5801400220023CDE90C23CDE9102303
:100DB000BD4B0022CDE906230025DDE906232146AF
:100DC000CDE90401DEF788F9DDE9062306460F4682
:100DD000DDE90401DEF782F902460B460020B24944
:100DE000DEF75CFC0A460146CDE90A121346394695
:100DF00002463046DEF728FB63100A460146CDE97D
:100E0000021243F00053DDE902BC03F50023591937
:100E1000002004460D464FF0000B6146584622461E
:100E20002B46CDE90EBCCDE90001DEF70DFB0246F5
:100E30000B4630463946DEF74FF9DDE90623064614
:100E40000F4620462946DEF747F902460B46DDE904
:100E50000401DEF741F9DDE90023DEF7F5FA024689
:100E60000B4630463946DEF737F9DDE90A23DEF76F
:100E7000EBFADDE90245CDE9040122462B46204686
:100E80002946DEF7E1FA72A3D3E9002304460D46B2
:100E9000DEF7DAFA70A3D3E90023DEF71FF9224662
:100EA0002B46DEF7D1FA6EA3D3E90023DEF716F95D
:100EB00022462B46DEF7C8FA6BA3D3E90023DEF700
:100EC0000DF922462B46DEF7BFFA69A3D3E90023CA
:100ED000DEF704F922462B46DEF7B6FA66A3D3E91D
:100EE0000023DEF7FBF8224606460F462B46204637
:100EF0002946DEF7A9FA02460B4630463946DEF7A8
:100F0000A3FADDE9006704460D463246DDE9020139
:100F10003B46DEF7E3F8DDE90423DEF795FA2246E7
:100F20002B46DEF7DBF8324604460D463B4630469C
:100F30003946DEF789FA5D4B002206460F46DEF79A
:100F4000CDF822462B46CDE90645DEF7C7F8DDE9A8
:100F50000EBC0D465A46DDE900012B46CDE90ABC20
:100F6000DEF772FA5C46CDE90001504B00222046C4
:100F70002946DEF7B1F832463B46DEF7ADF80246C9
:100F80000B46DDE90601DEF7A7F8DDE90223DEF70F
:100F90005BFA224606460F462B46DDE90401DEF7E2
:100FA00053FA02460B4630463946DEF797F80646B6
:100FB0000F4602460B46DDE90001DEF78FF8DDE95A
:100FC0000ABC2FA3D3E900235846CDE902BC0D4645
:100FD000DEF73AFA5C46DDE90023CDE9040120465C
:100FE0002946DEF779F802460B4630463946DEF7E9
:100FF00073F825A3D3E90023DEF726FA24A3D3E967
:10100000002306460F4620462946DEF71DFA024613
:101010000B4630463946DEF761F8DDE91023DEF78E
:101020005DF8064640460F46DEF7A4F93246044610
:101030000D463B46DDE90401DEF750F8DDE90C23FF
:10104000DEF74CF822462B46DEF748F830E000BFCA
:10105000EF4E454A287ECA3F65DBC9934A86CD3F9D
:1010600001411DA96074D13F4D268F515555D53F83
:10107000FFAB6FDBB66DDB3F033333333333E33F1B
:10108000000000E009C7EE3FFD033ADC09C7EE3F70
:10109000F5015B14E02F3EBE0000F07F00004043EE
:1010A0008E98030079B60B000000F03F0000084066
:1010B000DDE902BC224658462B46CDE90201DEF7A7
:1010C0000BF8DDE90C23DEF707F8DDE90423DEF792
:1010D00003F802460B4630463946DDF7FDFFCDE901
:1010E00004010023CDE9009A0093DDE9006748463A
:1010F00032463B465146DDF7EFFFDDE90223DEF7DE
:10110000A3F94A4604460D465346DDE90401DEF7DD
:101110009BF902460B4620462946DDF7DFFF3246A3
:1011200004460D463B46DDE90201CDE90445DEF704
:101130008BF90B4602468046894620462946DDF754
:10114000CDFFD14B994204460D468B4640F3438177
:1011500001F13F4303F5E003034340F07682B8A377
:10116000D3E90023DDE90401DDF7B8FF4246064676
:101170000F464B4620462946DDF7AEFF02460B469A
:1011800030463946DEF7F0FB002840F05E824FF42F
:1011900000735B44C3F30A52BC4CA2F2FF32C3F3A8
:1011A0001301144141F48011C2F1140241FA02FA10
:1011B000002004EA0301BBF1000F02460B46404643
:1011C0004946B8BFCAF1000ADDF786FF02460B4662
:1011D00080468946DDE90401DDF780FF4FEA0A5BBE
:1011E0000D46002498A3D3E9002320462946DEF7C4
:1011F0002BF9424606460F464B4620462946DDF768
:101200006BFF02460B46DDE90401DDF765FF90A3A5
:10121000D3E90023DEF718F98FA3D3E90023804632
:10122000894620462946DEF70FF902460B4640461E
:101230004946DDF753FF8046894602460B46304655
:101240003946DDF74BFF32463B4604460D46DDF797
:1012500043FF02460B4640464946DDF73DFF224626
:10126000804689462B4620462946DEF7EDF87CA3CA
:10127000D3E9002306460F46DEF7E6F87AA3D3E962
:101280000023DDF729FF32463B46DEF7DDF878A381
:10129000D3E90023DDF722FF32463B46DEF7D4F8E0
:1012A00075A3D3E90023DDF717FF32463B46DEF78F
:1012B000CBF873A3D3E90023DDF710FF32463B469A
:1012C000DEF7C2F802460B4620462946DDF704FF4A
:1012D00006460F4602460B4620462946DEF7B4F87E
:1012E0000022CDE900014FF0804330463946DDF75A
:1012F000F3FE02460B46DDE90001DEF7CFF9424678
:1013000006460F464B4620462946DEF79DF84246E4
:101310004B46DDF7E3FE02460B4630463946DDF725
:10132000DBFE22462B46DDF7D7FE02460B460020A9
:101330005749DDF7D1FE0C465C44B4F5801FC0F27E
:1013400080812146DDE90823DEF77EF836E4002FB0
:1013500000F093810227E5E44FEA2B52A2F2FF321C
:10136000142A40F31E81C2F1340227FA02F101FA75
:1013700002F2BA4200F09581CFB9B8F1804F0493E0
:1013800000F0338120462946FEF780FF009B002BAA
:101390007FF4D4AC3E4A26F04047974200F0A68145
:1013A000029A049B002A00F0E28000275DE42046B8
:1013B00029460493FEF76AFF009B002B7FF4BEAC26
:1013C000334A26F040479742EAD1B8F1000FC0F205
:1013D0008481002791E42F4E21F00043B34240F274
:1013E000F1802D4B0B4403430AD142464B46DDF7B7
:1013F00073FEDDE90423DEF7ADFA00283FF4C7AE43
:10140000DDE9080100220023DEF790FA003818BF5A
:10141000012048E4B8F1804F00F0E780A2F5801287
:1014200090457FF419AC2046294613B0BDE8F04F33
:1014300001F0CEBB002F7FF4BBAB43E4AFF30080E1
:10144000FE822B654715973C00000000432EE63FC7
:10145000EF39FAFE422EE63F396CA80C615C20BEE3
:10146000D0A4BE726937663EF16BD2C541BDBB3EAA
:101470002CDE25AF6A56113F93BDBE166CC1663F88
:101480003E5555555555C53FFFFF8F400000F0FFB5
:101490000000F03FFFCB904000346F3F9A42C0F015
:1014A000DE80029AA44B9A424FF0000200F2EC80D8
:1014B000A14BDDF711FE94A3D3E9002304460D46AA
:1014C000DDF7C2FF92A3D3E9002306460F4620466C
:1014D0002946DDF7B9FF994BCDE9000100222046EE
:1014E0002946DDF7B1FF02460B468BA1D1E9000189
:1014F000DDF7F2FD22462B46DDF7A6FF02460B463E
:1015000000208F49DDF7E8FD2246CDE902012B4698
:1015100020462946DDF798FF02460B46DDE9020129
:10152000DDF792FF7EA3D3E90023DDF78DFF0246AE
:101530000B46DDE90001DDF7CFFD02460B46044610
:101540000D4630463946DDF7C9FD002032463B46A0
:10155000CDE90201DDF7C0FD02460B4620462946D3
:10156000DDF7BAFDCDE90401BBE5002404E4B8F1E0
:10157000000FBFF62EAF002702460B4600206E4933
:10158000DEF78CF8FFF7B6BBB8F1000F4FF00000A4
:101590004FF00001BFF612AB48460AF10041FFF7D9
:1015A0000DBB002F7FF403AFC2F114024BFA02F11E
:1015B00001FA02F25A45604A7BD093453FF42EABC4
:1015C000FFF746BB5E4A93427FD8DDE9002393468E
:1015D000924606E622462B4657490020DEF75EF883
:1015E000FFF7ECBAB8F1804F47D122462B46204690
:1015F0002946DDF729FFFFF7E1BA012F7FF4DEAAC4
:1016000001F100431946FFF7D9BAB8F1000F7FF78F
:1016100049AB002013B0BDE8F04F01F055BA42A32A
:10162000D3E90023CDE90C2341A3D3E90023CDE97D
:101630001023444B0022CDE906234FF48025FFF709
:10164000BCBB524601F0A8F97CE6DDE908010022A6
:101650000023DEF76BF9003818BF0120DAE7DDE977
:10166000080100220023DEF761F9003818BF0120CD
:10167000B8F1000FBFF617ABCCE70227FFF7ECBAC3
:1016800000200021FFF79ABADDE908010023DEF708
:101690004DF9003818BF0120B8F1000FBADCFFF790
:1016A00002BB002F9ED001F00101C1F10207FFF73C
:1016B00039BB93453FF4B2AAB8F1804F95D001F001
:1016C0000101C1F10207FFF7C7BA1B15A3F2FE33F0
:1016D0004FF4801242FA03F35BE502460B4600200A
:1016E0001549DDF7DBFF009FFFF707BBB8F1000FDF
:1016F000BFF66FAE02460B4600200F49DDF7CEFF66
:101700000027FFF7FABA00BF000000604715F73F57
:1017100044DF5DF80BAE543E555555555555D53FF4
:10172000FE822B654715F73F0000004003B8E23FFB
:1017300006D0CF43EBFD4C3E0000F03F0000D03F11
:101740000000E03F0000F83F2DE9F84320F000469C
:10175000B6F1485F0546884649D2DEF77FFC00288F
:1017600000F09D8029462846DEF79CFA4E49044643
:10177000DEF798FA4D49DEF78DF92146DEF792FA49
:101780004B49DEF785F92146DEF78CFA4949DEF749
:1017900081F92146DEF786FA4749DEF779F92146D5
:1017A000DEF780FA4549DEF775F92146DEF77AFA69
:1017B00007464FF07C512046DEF774FA394606465C
:1017C0002046DEF76FFA414604462846DEF76AFAFD
:1017D00001462046DEF75CF901463046DEF758F94F
:1017E00001464FF07E50DEF753F9BDE8F88301461D
:1017F000DEF758FA2C490446DEF754FA2B49DEF797
:1018000049F92146DEF74EFA2949DEF741F921462A
:10181000DEF748FA2749DEF73DF92146DEF742FABE
:101820002549DEF735F92146DEF73CFA2349DEF794
:1018300031F92146DEF736FA214B9E420746B8D9E8
:10184000204B9E4227D806F17F464FF07E5031460E
:10185000DEF71EF981464FF07C512046DEF722FA72
:101860003146DEF715F9394606462046DEF71AFA04
:10187000414604462846DEF715FA01462046DEF7C3
:1018800007F901463046DEF703F901464846DEF720
:10189000FFF8BDE8F883DFF830900C4EDBE74FF03F
:1018A0007E50BDE8F88300BF4ED747ADF6740F31C8
:1018B0007CF29334010DD037610BB63AABAA2A3DC6
:1018C0009999993E0000483F0000383F0000903E43
:1018D0002DE9F84320F00043B3F1485F04460E467B
:1018E000904603D2DEF7BAFB002858D021462046A6
:1018F000DEF7D8F9054601462046DEF7D3F9294937
:1019000081462846DEF7CEF92749DEF7C1F8294699
:10191000DEF7C8F92549DEF7BDF82946DEF7C2F93A
:101920002349DEF7B5F82946DEF7BCF92149DEF791
:10193000B1F80746B8F1000F22D04FF07C51304685
:10194000DEF7B0F9394680464846DEF7ABF9014686
:101950004046DEF79DF82946DEF7A4F93146DEF76A
:1019600097F8154905464846DEF79CF90146284692
:10197000DEF790F801462046DEF78AF8BDE8F883E6
:1019800001462846DEF78EF90B49DEF781F8494615
:10199000DEF788F92146DEF77DF8BDE8F8832046BA
:1019A000BDE8F883D3C92E2F342FD7321BEF38363A
:1019B000010D50398988083CABAA2A3E20F000422C
:1019C000B2F1FF4F2DE9F04704466BD84FEAD075CE
:1019D00000F0C5807A49884200F3B3800028C0F245
:1019E000B580784B9A4262D9774B9A4200F2C48014
:1019F000764B204653F82510DEF74AF8744B85F0F5
:101A0000010653F825800746761B41463846DEF727
:101A10003FF801460446DEF745F96E490546DEF714
:101A200041F96D49DEF734F82946DEF73BF96B4999
:101A3000DEF730F82946DEF735F96949DEF728F890
:101A40002946DEF72FF96749DEF724F82946DEF745
:101A500029F901462046DEF71BF8054601462046D7
:101A6000DEF720F9AA468146002E52D029464FF0D3
:101A70008040DEF70DF801464846DEF7C7F901461B
:101A80004046DEF705F83946DEF702F801464FF02A
:101A90007E50DDF7FDFF16F17D0F64DB00EBC650D5
:101AA000BDE8F0870146DDF7F5FFBDE8F087B2F14C
:101AB000505F09D24C492046DDF7ECFF4FF07E51D4
:101AC000DEF7ACFA002874D121462046DEF7EAF8AA
:101AD00040490546DEF7E6F83F49DDF7D9FF2946DC
:101AE000DEF7E0F83D49DDF7D5FF2946DEF7DAF805
:101AF0003B49DDF7CDFF2946DEF7D4F83949DDF75C
:101B0000C9FF2946DEF7CEF801462046DDF7C0FFC3
:101B1000824651462046DEF7C5F84FF08041054623
:101B20005046DDF7B5FF01462846DEF76FF921463E
:101B3000DDF7AEFF01464FF07E50DDF7A9FFBDE8AF
:101B4000F087BDE8F047002001F03EB8274B9A42ED
:101B50007FF647AFBDE8F047002001F031B8002D17
:101B6000A3D00020A1E764364FF0586100EBC650C7
:101B7000DEF798F8BDE8F0871D492046DEF792F8B9
:101B80001C4B53F82510DDF785FFDEF767FA064694
:101B9000DEF734F818490546DEF784F8014620469A
:101BA000DDF776FF154907462846DEF77BF88046C5
:101BB0002BE74FF07E512046DDF76CFF75E700BF45
:101BC0001772B1421872B13E9115853FE0D40308F7
:101BD000D8D403084CBB31330EEADD3555B38A380F
:101BE000610B363BABAA2A3ECAF24971B5F1CF422E
:101BF0003BAAB83FE8D403088071313FD1F71737CB
:101C00002DE9F84F30F000432BD000280146034661
:101C100040DBB0F1FF4F39DAB0F5000F41DB0021B6
:101C2000814AC3F316052A44DC1502F400007F3C08
:101C300080F07E500C4428434FF07E5104EBD25488
:101C4000DDF726FF794B05F10F021340064683BBF3
:101C50000021DEF7BBF9002800F0A38044B9002082
:101C600004E000214FF04C40DEF7D0F8BDE8F88FDB
:101C70002046DDF7C3FF6E490546DEF713F86D49D0
:101C800004462846DEF70EF801462046DDF702FF3F
:101C9000BDE8F88FDDF7FCFE0021DEF7B7F8BDE800
:101CA000F88F4FF09841DDF7FDFF6FF01801034604
:101CB000B6E74FF08041DDF7EDFE01463046DEF736
:101CC000A5F880462046DDF799FF4146814640460B
:101CD000DDF7E8FF01468246DDF7E4FF5649DFF80D
:101CE0005CB10746DDF7DEFF5549DDF7D3FE394627
:101CF000DDF7D8FF5349DDF7CDFE3946DDF7D2FFDA
:101D00005149DDF7C7FE5146DDF7CCFF4F4982460A
:101D10003846DDF7C7FF4E49DDF7BCFE3946DDF733
:101D2000C1FF4C49DDF7B6FE3946DDF7BBFFAB44DA
:101D30000146C5F557155046DDF7ACFE05F5227591
:101D400045EA0B05002D07464EDD4FF07C5130462D
:101D5000DDF7A8FF3146DDF7A5FF8246514638463C
:101D6000DDF798FE4146DDF79DFF0546002C49D082
:101D70002F494846DDF796FF2E4904464846DDF7D1
:101D800091FF2946DDF786FE01465046DDF780FECD
:101D90003146DDF77DFE01462046DDF779FEBDE8E0
:101DA000F88F2D493046DDF77DFF01464FF07C501E
:101DB000DDF76EFE314605463046DDF773FF01461E
:101DC0002846DDF76FFF0546BCB12046DDF716FF5C
:101DD00017490746DDF766FF164904463846DDF722
:101DE00061FF01462846D1E701463046DDF750FE47
:101DF0004146DDF757FF05466CB929463046DDF709
:101E000047FE33E701465046DDF742FE01463046C5
:101E1000DDF73EFE2AE706494846DDF743FF054960
:101E200004464846DBE700BF20FB4A00F0FF7F0086
:101E30008071313FD1F717379788173E305CCFFF5D
:101E400025333A3E2549923EABAA2A3F4FD01C3E4D
:101E5000298E633ECDCCCC3EABAAAA3E30F00042E8
:101E6000F8B52FD000280146024631DBB0F1FF4F14
:101E700025DAB0F5000F31DB0021D3157F3B0B4491
:101E800003EBD370DC0FC2F31605DDF7B7FE17497D
:101E90000646DDF707FF0746C4F17F0045EAC0505C
:101EA000FFF7AEFE1249DDF7FDFE3946DDF7F2FD24
:101EB000104904463046DDF7F5FE01462046DDF7C1
:101EC000E9FDF8BD00214FF04C40DDF79FFFF8BD64
:101ED000DDF7DEFD0021DDF799FFF8BD4FF09841F9
:101EE000DDF7E0FE6FF018010246C6E7DB27543548
:101EF000D95BDE3E80209A3E2DE9F04F31F000495B
:101F000089B00C46074680460FD180F480084FEA1E
:101F1000480818F5000F17D921463846DDF7BAFDF5
:101F20000146084609B0BDE8F08F20F0004ABAF13A
:101F3000FF4F0D460ED9B8F17E5FEDD185F48005D7
:101F40006D0015F5000FE7D84FF07E51084609B037
:101F5000BDE8F08FB9F1FF4FEDD80028D34614DB70
:101F6000B9F1FF4F00F03A81B9F17E5F00F0618175
:101F7000B1F1804F00F08D81B1F17C5F40F075814F
:101F800009B0BDE8F04FFEF721BCB9F1974F80F0E2
:101F90002E81B9F17E5F80F05781B1F1804F00F062
:101FA0007881B1F17C5F00F0BB82FEF775FBBAF17E
:101FB000FF4F01464FF0000600F02581BAF1000FF7
:101FC00000F05D81BAF17E5F00F059814FEAD8736D
:101FD000013B0293334300F08181B9F19A4F40F203
:101FE0008681AF4B9A4540F2DB82AE4B9A4500F2B8
:101FF000E38208464FF07E51DDF74AFDAA490746C5
:10200000DDF750FEA94981463846DDF74BFE4FF01B
:102010007A5180463846DDF745FE0146A448DDF793
:1020200037FD3946DDF73EFE01464FF07C50DDF7C7
:102030002FFD394682463846DDF734FE01465046CC
:10204000DDF730FE9B49DDF72DFE01464046DDF70A
:102050001FFD014680464846DDF71CFD20F47F67E2
:1020600027F00F0749463846DDF712FD0146404686
:10207000DDF70EFD029B013E6FF30B051E43294663
:10208000804620460CBF8C4E4FF07E56DDF700FD9B
:102090003946DDF707FE214681464046DDF702FE60
:1020A00001464846DDF7F6FC294604463846DDF78A
:1020B000F9FD014607462046DDF7ECFC0028054601
:1020C000824620F0004240F33C82B2F1864F00F29B
:1020D000E08200F0C082B2F17C5F00F2A3824FF098
:1020E000000845466FF30E0A74495046DDF7DAFDE5
:1020F000394681465046DDF7CBFC01462046DDF7E8
:10210000C7FC6F49DDF7CEFD6E4904465046DDF74A
:10211000C9FD01462046DDF7BDFC044601464846A0
:10212000DDF7B8FC49460746DDF7B2FC014620461C
:10213000DDF7AEFC394681463846DDF7B3FD62492E
:102140000446DDF7AFFD6149DDF7A2FC2146DDF76E
:10215000A9FD5F49DDF79EFC2146DDF7A3FD5D4942
:10216000DDF796FC2146DDF79DFD5B49DDF792FC2E
:102170002146DDF797FD01463846DDF789FC044628
:1021800001463846DDF78EFD4FF0804182462046FD
:10219000DDF77EFC01465046DDF738FE4946044631
:1021A0003846DDF77FFD4946DDF774FC01462046E1
:1021B000DDF76EFC3946DDF76BFC01464FF07E50D3
:1021C000DDF766FC03464344B3F5000FC0F2F0812F
:1021D00018463146DDF766FD0146A2E6BAF17E5F9C
:1021E0003FF4B2AE2BD9002D27DB214699E6B9F199
:1021F000FF4FF3D0FEF750FABAF1FF4F01464FF010
:1022000002067FF4DBAE002D08DA4FF07E50DDF7DA
:10221000FDFD0146B8F1000FBFF683AEAAF17E5A6C
:102220005AEA060A5BD0012E7FF47BAE01F1004131
:1022300077E6002D26DB394673E6002171E6002D96
:10224000FBDA04F100416CE64FEAE953C3F196036F
:1022500049FA03F202FA03F34B4500F04D81B9F15C
:102260007E5FE6D0B1F1804F13D03846FEF714FA06
:10227000BAF1FF4F01464FF000067FF49FAE002DEC
:10228000C3DBC7E739464FF07E50DDF7BFFD01469F
:1022900047E639463846DDF705FD014641E600BF11
:1022A000F3FF7F3F0700803F00AAB83F70A5EC36E0
:1022B000ABAAAA3E3BAAB83F000080BF0072313FE4
:1022C0001872313F8CBEBF354CBB31330EEADD3561
:1022D00055B38A38610B363BABAA2A3E39460846CD
:1022E000DDF7D6FB0146DDF791FD014619E618F052
:1022F000FF4F40F0538108464FF09741DDF7D2FC85
:102300006FF0170283464FEAEB537F3B9A18B34BAB
:102310000392CBF3160B9B454BF07E5807DDB04B79
:102320009B4540F3518101320392A8F50008002338
:1023300007934FF07E5B0693002759464046DDF732
:10234000A7FB594681464046DDF7A4FB01464FF006
:102350007E50DDF75BFD014605904846DDF7A2FCA7
:10236000A04B019003EA680343F0005303F5800398
:102370003B4419469C4F0493019BC24607EA03085D
:102380004046DDF78FFC01464846DDF781FB049BA4
:10239000814659461846DDF77BFB01465046DDF77E
:1023A00077FB4146DDF77EFC01464846DDF770FBD2
:1023B000059A1146DDF776FC019983460846DDF75C
:1023C00071FC8A498146DDF76DFC8949DDF762FBC6
:1023D0004946DDF767FC8749DDF75CFB4946DDF7D9
:1023E00061FC8549DDF756FB4946DDF75BFC834917
:1023F000DDF750FB4946DDF755FC8149DDF74AFB27
:10240000494682464846DDF74DFC01465046DDF719
:1024100049FC414681460198DDF73CFB5946DDF712
:1024200041FC4946DDF736FB414682464046DDF732
:1024300039FC74490490DDF72DFB5146DDF72AFB8A
:1024400007EA000949464046DDF72CFC6D49804605
:102450004846DDF71DFB0499DDF71AFB014650469F
:10246000DDF716FB0199DDF71DFC4946824658460B
:10247000DDF718FC01465046DDF70CFB83460146AC
:102480004046DDF707FB07EA000A5F495046DDF7E3
:1024900009FC414681465046DDF7FAFA01465846A6
:1024A000DDF7F6FA5949DDF7FDFB594980465046FC
:1024B000DDF7F8FB01464046DDF7ECFA0699DDF75B
:1024C000E9FA80460398DDF799FB41468246484683
:1024D000DDF7E0FADDF81CB05946DDF7DBFA5146CE
:1024E000DDF7D8FA074051463846DDF7D1FA5946AC
:1024F000DDF7CEFA4946B7E5B9F17E5F3FF499AE14
:10250000B1F1804F3FF4C5AE02F00102C2F1020604
:10251000FEF7C2F8BAF1FF4F01467FF44FAD72E605
:10252000FEF7BAF8BAF1FF4F01463FF4FAACBAF140
:10253000000F3FF4F6ACBAF17E5F7FF4CFAE002619
:102540006CE6344B9A4200F2AC807FF4C4AD39465D
:10255000DDF79EFA2146DDF757FD002840F0A18007
:1025600005F5004ACAF3C7532B497F3B194101EADD
:102570000A01CAF3160AC3F117054AF4000343FA25
:1025800005F56D423846DDF783FA014607462046D9
:10259000DDF780FA4FEAC5588246A3E50022B2E68D
:1025A000002D0BDB002009B0BDE8F04F00F008BBA8
:1025B000294600F08FFA0CE6002DF3DD002009B06B
:1025C000BDE8F04F00F000BB144B0793144B06938B
:1025D0004FF07F5B4FF40017AFE600BF71C41C00E3
:1025E000D6B35D0000F0FFDF00F0FFFF42F1533E85
:1025F00055326C3E05A38B3EABAAAA3EB76DDB3EBF
:102600009A99193F000040400040763F4F38763F8E
:10261000C623F6B800001643000080FF00C0153F37
:10262000DCCFD135D2157E3A4FF400031341534429
:102630002049C3F3C7527F3AC3F31605114145F44D
:102640000005C2F11702BAF1000F01EA030145FAD1
:1026500002F597DA95E718492046DDF71BFA394667
:1026600080462846DDF714FA01464046DDF7D6FCE1
:1026700078B905F50043DA150E497F3A1141194042
:10268000C3F31603C2F1170243F4000343FA02F541
:1026900078E700213046DDF7A3FC003818BF0120A1
:1026A0008DE700213046DDF79BFC003818BF012084
:1026B00079E700BF000080FF3CAA38332DE9F04FD6
:1026C000A84A20F00045954289B00C466FD9A64A29
:1026D000954206461FD820F000450028A34925F062
:1026E0000F0540F31981DDF7D3F9A14B9D42064652
:1026F0006BD0A049DDF7CCF9014605463046DDF741
:10270000C7F99C49DDF7C4F92560606001273846A8
:1027100009B0BDE8F08F984A954266D9B5F1FF4FF0
:102720004DD2EF15863FA5EBC7552846DDF796FC41
:10273000DDF764FA014628460591DDF7A9F94FF067
:102740008741DDF7AFFA8046DDF788FCDDF756FA02
:102750000546294640460695DDF79AF94FF0874130
:10276000DDF7A0FA00210790DDF730FC002800F02B
:10277000B18000212846DDF729FC002814BF012381
:1027800002237E4A01920222009221463A4605A87F
:1027900000F00CFB002E0746B9DAD4E9002302F161
:1027A000004203F10043226063604742AFE700222A
:1027B00020604A600027384609B0BDE8F08F014626
:1027C000DDF766F960602060F4E76D49DDF760F9D8
:1027D0006C490646DDF75CF9014605463046DDF7F3
:1027E00057F96849DDF754F98EE7FDF755FF66495B
:1027F0008046DDF757FA4FF07C51DDF74BF9DDF7F6
:102800002DFC0746DDF7FAF958498346DDF74AFA09
:1028100001464046DDF73CF9564982465846DDF709
:1028200041FA014681465046DDF732F91F2F8046B6
:102830001FDC564B7A1E53F8222026F0004323F06B
:10284000FF03934215D0C4F8008041465046DDF79F
:102850001FF94946DDF71CF9002E6060BFF657AF3F
:1028600008F1004800F10040C4F8008060607F4239
:102870004DE7C8F3C753C3EBD553082B4FEAE552D6
:10288000E1DD3F4903925846DDF70CFA80460146E8
:102890005046DDF7FDF8054629465046DDF7F8F8C5
:1028A0004146DDF7F5F8374980465846DDF7FAF935
:1028B0004146DDF7EDF8014681462846DDF7E8F8A8
:1028C000039AC0F3C753D21A192A804604DC206049
:1028D000AA46BAE7032354E72D495846DDF7E2F943
:1028E000804601462846DDF7D3F882465146284601
:1028F000DDF7CEF84146DDF7CBF8264905465846C8
:10290000DDF7D0F92946DDF7C3F801468146504688
:10291000DDF7BEF8804696E7DDF7BCF8144B9D4224
:1029200006460FD01349DDF7B5F801460546304697
:10293000DDF7AEF80F49DDF7ADF8256060604FF0C8
:10294000FF37E4E60E49DDF7A5F80E490646DDF748
:10295000A1F8014605463046DDF79AF80949DDF74A
:1029600099F8EAE7D80F493FE3CB1640800FC93FFB
:10297000D00FC93F43443537800F494370D5030812
:102980000044353708A3852E84F9223FF0D403088C
:1029900000A3852E32318D242DE9F0411646C1F376
:1029A0000A52074688460B4652BB21F000430343B8
:1029B00024D02D4B0022DCF747FD2C4B9E420746CE
:1029C000884642DBC1F30A520B46363A4CF250318C
:1029D0008E421EDC164440F2FE72964219DC002E36
:1029E00023DC16F1350F27DB6FF31E53363643EA2F
:1029F000065138461E4B0022DCF726FDBDE8F0816B
:102A000040F2FF7C6245E1D10246DCF767FBBDE89E
:102A1000F08111A3D3E90023454663F31E0529463F
:102A20001448DCF711FDBDE8F0816FF31E53384602
:102A300043EA0651BDE8F08108F0004343F0D2714B
:102A400041F4B7310C4841F01F0105A3D3E900233D
:102A5000DCF7FAFCBDE8F0819C7500883CE4377E29
:102A600059F3F8C21F6EA50100005043B03CFFFFB0
:102A70000000903C9C75008859F3F8C2D0B506461A
:102A80000F461446FCF7D4FF0346394630461C6017
:102A9000D0BD00BF10B5044682B0104619460CB137
:102AA00003F10043CDE90023DDE90023DCF7CCFC92
:102AB000222202B0BDE81040FFF7E0BF00224FF035
:102AC0008053FFF7E7BF00BF00224FF0E043FFF75E
:102AD000E1BF00BF10B50C4630F0004103461DD0E9
:102AE000B1F1FF4F1BD210F0FF4F02461BD14FF048
:102AF0009841DDF7D7F8204A944203462CDBC0F317
:102B0000C75102464CF250308442A1F1190110DD48
:102B10001A49184661F31E00DDF7C4F810BD0146DE
:102B2000DCF7B8FF10BD4CF2503084424FEAD1516F
:102B3000EEDC2144FE29EBDC002911DC11F1160F3B
:102B400013DB01F1190022F0FF424FF04C5142EA31
:102B5000C050DDF7A7F810BD0949DDF7A3F810BD97
:102B600022F0FF4242EAC15010BD0549184661F308
:102B70001E00DDF797F810BDB03CFFFFCAF24971A7
:102B80006042A20D38B505460C46FCF751FF0346DE
:102B900028461C6038BD00BF08B540B101F10040B7
:102BA000DDF780F8BDE808402221FFF7EBBF0846BB
:102BB000DDF778F8BDE808402221FFF7E3BF00BF4A
:102BC0004FF08051FFF7E8BF4FF0E041FFF7E4BF5F
:102BD000734A8A432DE9F84F06460F4600F0AC8051
:102BE00000290C46034655DD081562D0C4F31302D4
:102BF000C107A0F2FF3742F4801203D4520002EB67
:102C0000D3725B005200002602EBD3727F105B0090
:102C10001624B4464FF400110CEB010090424FEA29
:102C2000D3754FEA430303DC00EB010C121A0E4488
:102C3000013C05EB42024FEA5101EDD1A0462025AF
:102C40004FF000400AE043D0510001EBD371013D49
:102C50000A464FEA43034FEA500045D0624500EB75
:102C6000080EF0DDBEF1000F0EEB00080CDBE146B4
:102C7000A2EB0C019E4588BF01F1FF314900CC4613
:102C8000A3EB0E030444E0E7B8F1000FEFDB0CF117
:102C90000109EDE721F00042024344D000296ED142
:102CA000DA0A153C5B05002AFAD0D602204673D416
:102CB000144600226400E502114602F10102F9D532
:102CC000C2F1200523FA05F52C439340401A8DE705
:102CD0009E4502D94FEA4C01B7E7BEF1000F0EEB5B
:102CE000000822DB0021CBE7194312D0DFF8B4A0A3
:102CF000DFF8B4B0DAE90001DBE90023DCF7ECF936
:102D0000DAE9008902460B4640464946DCF718FEE0
:102D1000E0B96508731003F17F5303F5001303EB6B
:102D2000075145EAC670BDE8F88FB8F1000FD9DB4E
:102D30000CF1010C0021A3E702460B46DCF784FBF3
:102D400032463B46DCF7CAF9BDE8F88FB4F1FF3FE5
:102D5000DAE90001DBE900231AD0DCF7BFF9DAE990
:102D6000008902460B4640464946DCF7DFFD88B144
:102D7000A31C04F1020508BF01366D08CAE702462C
:102D80000B46DCF7A9F902460B46DCF787FCCAE7DD
:102D90000136BFE70134BCE74FF0FF31144695E739
:102DA0000000F07F90D8030888D803082DE9F04F81
:102DB000DDB09C460991B14B6699804653F821A03D
:102DC000101D0CF1FF330193C0F2C182D31E48BF26
:102DD000131DDB1006930133DB000A930A9B06994F
:102DE000D31A04930CF1FF331AEB0307A1EB03058D
:102DF00020D401372F4420AE3B46DDF89C91CDF81E
:102E000000C03746002493461E4608E059F82500C6
:102E1000DCF7F4FE0135B54247F8040B07D0002D6E
:102E2000F4DA01352046B54247F8040BF7D1DDF856
:102E300000C05A46BAF1000FC0F23C830198A8F1D5
:102E400004040DF18009029409EB8C09002148AFBC
:102E50004FEA8C0583460AEB0C0304EB8C06002832
:102E600080F2A9810BF1010B9B4547F8041B09F186
:102E70000409F4D1029BCDF80CA01D440CAB03EB6C
:102E80008A03043B07930CAB03EB8A0354460B9273
:102E90009A46CDF820C00DEB8403002CD3F820B166
:102EA0004FEA84092EDD0DF5907808EB09060CAF8A
:102EB0004B460094A9463C465D4637469B464FF03C
:102EC0006E512846DCF7EEFEDDF7C8F8DCF796FE1B
:102ED0004FF087410646DCF7E5FE01462846DCF761
:102EE000D7FDDDF7BBF857F8041D44F8040B304656
:102EF000DCF7D0FD47450546E1D15B46009C4D46D9
:102F0000834699465846DDF810B05946FFF7E2FD72
:102F10004FF078510646DCF7C5FEFDF7C9FD4FF0CE
:102F20008241DCF7BFFE01463046DCF7B1FD0646C4
:102F3000DDF794F80746DCF761FE01463046DCF722
:102F4000A7FD5946002980467DDD621E0CA8CBF105
:102F5000080350F8220040FA03F101FA03F3C31A00
:102F6000CBF107060F4443FA06F60CA9002E41F8F0
:102F7000223000F30D8100214046DDF727F80028BC
:102F800000F0B780039B9C420CDD09F130036B44D9
:102F9000002253F8041D534542EA0102F9D1002AE8
:102FA00040F03081039B0CAA013B661C52F8233091
:102FB000002B40F0FE80079A012352F8041D0133D4
:102FC0000029FAD0E218089B00921C44069BCDF819
:102FD00014A003EB060808F18048679B08F1FF384E
:102FE00003EB880820AF48AB07EB8407994458F8F7
:102FF000040FDCF703FE019B47F8040B002B1ADBE0
:10300000DDF808B0BA4600245AF8041D5BF8040F36
:10301000DCF748FE01462046DCF73CFDAB450446A4
:10302000F2D1009B49F8044F01369E42DFDDDDF806
:1030300014A01C462FE7009B013600249E4249F84D
:10304000044FD4DDF3E700F08C804FF07C51DCF7C7
:10305000DBFF064600288ED0002C07F10107C8BF11
:10306000022640F31F820CAA002152F8043B002BD9
:1030700073D0C3F5807342F8043C06E0C4D803085B
:103080001368C3F1FF0342F8043B01318C42F7DCC3
:103090000123049A002A0DDD012A00F04E81022A44
:1030A00008D1611E0CAA0CA852F8212002F03F02A0
:1030B00040F82120022E7FF45EAF41464FF07E5053
:1030C0000093DCF7E5FC009B8046002B3FF453AFF8
:1030D00004994FF07E50FFF7FDFC01464046DCF7B7
:1030E000D7FC804600214046DCF770FF00287FF4C3
:1030F00049AFDDE90A324046991ADDF80CA0FFF726
:10310000E9FC4FF08741A1460446DCF77DFF00282B
:1031100000F0A7814FF06E512046DCF7C3FDDCF7CD
:103120009DFFDCF76BFD4FF087410546DCF7BAFDEC
:1031300001462046DCF7ACFCDCF790FF0CAB09F154
:10314000010843F82900049B284608330493DCF760
:1031500085FF0CAB43F828006DE001318C4284DC24
:1031600097E7631E0CAA52F82360F611002E7FF732
:1031700002AF002C07F101073FF775AF022E7FF475
:10318000FAAE41464FF07E50DCF782FC8046F2E614
:10319000002C07F101073FF766AF0499012900F001
:1031A0009B810229EAD10CA903F03F0341F82230A8
:1031B000E4E7324607E7CDF800A09846DA460392E6
:1031C000CDF814C00795029DCB4600245BF8041D82
:1031D00055F8040FDCF766FD01462046DCF75AFC83
:1031E000B5420446F2D10AF1010AC24547F8040B80
:1031F00009F10409E7D1DDF800A0039ADDF814C055
:10320000079D37E6DDE903A304F1FF38A3F10802C7
:103210000CAB049253F828306BB904F18043013BA6
:103220000CA901EB830353F8041D08F1FF38083A99
:103230000029F8D0049204994FF07E50FFF74AFC21
:10324000B8F1000F0546C0F23B8108F101040CAB58
:1032500003EB840BA10048AB00964FF06E595E461D
:1032600003EB84048B4656F8040DDCF7C7FC2946B3
:10327000DCF718FD494644F8040D2846DCF712FD3A
:103280000CAB9E420546EED1ABF1080248AB009E66
:10329000019759460DF1D0091A444FF0000BBAF1CD
:1032A000000F029617464E46CDF80080D94603918E
:1032B00022DBDFF85882BB46002400250DE05BF8D6
:1032C000041F58F8040BDCF7EDFC01462046DCF740
:1032D000E1FB0135AA45044601DB4D45EFDD009ACF
:1032E00046F8044B914509F10103A7F1040705D005
:1032F000BAF1000F9946DCDA0024F0E7669BDDF8AE
:1033000000800399022BDDE9017650DC002B23DCE1
:103310000ED134AB5C18002054F8041DDCF7BAFB66
:1033200034ABA342F8D1002E40F0AE80099B186068
:1033300007F007005DB0BDE8F08F611E0CAA0CA875
:1033400052F8212002F07F0240F82120B2E6082343
:103350000A930023069341E534AB0025DDF8D0A0A5
:103360005C18284654F8041DDCF794FB34ABA342E8
:10337000F8D105465046002E7BD12946DCF788FB64
:10338000099B1D60B8F1000F0AD0012554F8041FF5
:103390000135DCF77FFBA845F8DA0EB100F10040FB
:1033A000099B586007F007005DB0BDE8F08F669B91
:1033B000032BBDD1B8F1000F00F09B8034AB03EBC1
:1033C000880B4FEA880553F828400095DA465AF8EA
:1033D000045C20462946DCF75DFBA14604462146F5
:1033E0002846DCF755FB4946DCF754FBCAF80000D9
:1033F0004AF8044D34AB5345E9D1B8F1010F009DB3
:1034000077D05C5903F104085BF804AC20465146C0
:10341000DCF740FBA146044621465046DCF738FB6A
:103420004946DCF737FBCBF800004BF8044DD84594
:10343000EAD134AB2C1D1C4403F10809002054F8D8
:10344000041DDCF727FBA145F9D1349A359BF6B969
:1034500009990A604B60886007F007005DB0BDE81D
:10346000F08F2046DCF7FAFD0CABC84643F8290084
:10347000E1E6099A05F1004313602946DCF708FBF1
:10348000B8F1000F81D189E700F100404EE70999BA
:1034900002F1004203F1004300F100400A604B607A
:1034A0008860D9E741464FF07E50DCF7F1FA0226FA
:1034B000804660E5A8F1040302934FEA8C05D9E445
:1034C000669B022B11DC002B15DC7FF431AF002052
:1034D000002E3FF42BAFD7E70CA903F07F03022E99
:1034E00041F822307FF447AD4BE6669B032B7FF417
:1034F0001FAF0020A9E7349826B1099A4FF0004386
:1035000013604BE7099A0023136049E798D8030832
:10351000F8B500BFF8BC08BC9E467047F8B500BFC0
:08352000F8BC08BC9E46704790
:10352800000102040810010001000101000200006E
:103538000000000001000000020000007369645FE1
:103548003930305F637562656964655F736D617298
:103558007461635F776C65356363005B25755D1B1C
:103568005B313B33326D5B494E464F5D1B5B306DC3
:103578003A204170706C69636174696F6E206E6186
:103588006D653A2025730A00312E322E30005B25F6
:10359800755D1B5B313B33326D5B494E464F5D1B9E
:1035A8005B306D3A204170706C69636174696F6E4D
:1035B8002076657273696F6E2025730A0052656CF8
:1035C80065617365005B25755D1B5B313B33326D4F
:1035D8005B494E464F5D1B5B306D3A204170706C05
:1035E80069636174696F6E206275696C64207479AF
:1035F80070653A2025730A003035393063376130F9
:1036080039643232383365656166376136396665E3
:103618003435363264383966323861616336636509
:103628002028646972747929005B25755D1B5B31FC
:103638003B33326D5B494E464F5D1B5B306D3A2024
:103648004170706C69636174696F6E20636F6D6D32
:10365800697420686173683A2025730A0066697383
:1036680072745F6465765F62617463682D322D677A
:103678003035393063376130005B25755D1B5B3150
:103688003B33326D5B494E464F5D1B5B306D3A20D4
:103698004170706C69636174696F6E20636F6D6DE2
:1036A8006974206465736372697074696F6E3A2017
:1036B80025730A005631302E362E32005B25755D93
:1036C8001B5B313B33326D5B494E464F5D1B5B30B4
:1036D8006D3A204672656552544F53204B65726EA1
:1036E800656C3A2025730A005B25755D1B5B313BD1
:1036F80033326D5B494E464F5D1B5B306D3A20534C
:10370800544D333243756265574C3A2025752E2542
:10371800752E25750A005B25755D1B5B313B3332C1
:103728006D5B494E464F5D1B5B306D3A20486F73A9
:1037380074204D43553A2025732028307825582980
:103748002C207265766973696F6E3A20257320287C
:1037580030782558290A005B25755D1B5B313B33A2
:10376800316D5B4552524F525D1B5B306D3A204DB7
:1037780069736D61746368206265747765656E202E
:103788005349444557414C4B5F524144494F5F535D
:1037980050495F494E5354414E43455F424153455A
:1037A80020616E64205349444557414C4B5F524158
:1037B80044494F5F5350492E496E7374616E636577
:1037C8002E20506C6561736520636865636B2069A2
:1037D8006E7465722D4D43552053504920636F6EAA
:1037E80066696775726174696F6E0A005B25755D3D
:1037F8001B5B313B33316D5B4552524F525D1B5B56
:10380800306D3A206E766D20696E6974206572722B
:103818003D25640A005B25755D1B5B313B33316DCB
:103828005B4552524F525D1B5B306D3A20736861A5
:10383800726564206461746120696E6974206572C0
:10384800723D25640A005B25755D1B5B313B333196
:103858006D5B4552524F525D1B5B306D3A2053549D
:103868004D3332574C787820526164696F2041702B
:103878007020696E6974206661696C65642E2045E4
:1038880072726F722025750A005B25755D1B5B31AE
:103898003B33316D5B4552524F525D1B5B306D3A85
:1038A800204661696C656420746F20696E6974696B
:1038B800616C697A65207573657220706172742015
:1038C8006F66205544542E204572726F72202575FC
:1038D8000A00416476205472616365204D757465F1
:1038E80078005B25755D1B5B313B33316D5B455261
:1038F800524F525D1B5B306D3A201B5B313B3331BD
:103908006D464154414C204552524F522E20537916
:103918007374656D2077696C6C20626520726573BD
:1039280065741B5B306D0A005B25755D1B5B313B65
:1039380033316D5B4552524F525D1B5B306D3A20FF
:1039480048617264204661756C74206F6363757298
:103958007265640A005B25755D1B5B313B33316D15
:103968005B4552524F525D1B5B306D3A202D2D2D19
:103978002D2D2D20535441434B204652414D452077
:1039880044554D50202D2D2D2D2D2D0A005B2575CC
:103998005D1B5B313B33316D5B4552524F525D1BB2
:1039A8005B306D3A20723020203D20307825303849
:1039B800780A005B25755D1B5B313B33316D5B45D8
:1039C80052524F525D1B5B306D3A20723120203DC0
:1039D800203078253038780A005B25755D1B5B310F
:1039E8003B33316D5B4552524F525D1B5B306D3A34
:1039F80020723220203D203078253038780A005B4C
:103A080025755D1B5B313B33316D5B4552524F521F
:103A18005D1B5B306D3A20723320203D20307825C5
:103A28003038780A005B25755D1B5B313B33316D9F
:103A38005B4552524F525D1B5B306D3A20723132FA
:103A4800203D203078253038780A005B25755D1BCD
:103A58005B313B33316D5B4552524F525D1B5B30DE
:103A68006D3A206C7220203D203078253038780A55
:103A7800005B25755D1B5B313B33316D5B455252F5
:103A88004F525D1B5B306D3A20706320203D203023
:103A980078253038780A005B25755D1B5B313B3330
:103AA800316D5B4552524F525D1B5B306D3A207051
:103AB8007372203D203078253038780A005B2575F0
:103AC8005D1B5B313B33316D5B4552524F525D1B81
:103AD8005B306D3A202D2D2D2D2D2D2D2D2D2D2D9D
:103AE8002D2D2D2D2D2D2D2D2D2D2D2D2D2D2D2DFE
:103AF8002D2D2D0A005B25755D1B5B313B33316D28
:103B08005B4552524F525D1B5B306D3A202D2D2D77
:103B18002D2D2D2D204641554C54204445544149C6
:103B28004C53202D2D2D2D2D2D2D2D0A005B257567
:103B38005D1B5B313B33316D5B4552524F525D1B10
:103B48005B306D3A205343422D3E48465352203D48
:103B5800203078253038780A005B25755D1B5B318D
:103B68003B33316D5B4552524F525D1B5B306D3AB2
:103B780020202020204465627567206576656E7474
:103B88000A005B25755D1B5B313B33316D5B45522C
:103B9800524F525D1B5B306D3A2020202020466F2B
:103BA8007263656420486172644661756C740A00CA
:103BB8005B25755D1B5B313B33316D5B4552524F65
:103BC800525D1B5B306D3A205343422D3E434653B2
:103BD80052203D203078253038780A005B25755D05
:103BE8001B5B313B33316D5B4552524F525D1B5B62
:103BF800306D3A202020202055736167652066616A
:103C0800756C743A200A005B25755D1B5B313B338C
:103C1800316D5B4552524F525D1B5B306D3A20202F
:103C280020202020202020446976206279207A658F
:103C3800726F0A005B25755D1B5B313B33316D5B31
:103C48004552524F525D1B5B306D3A202020202098
:103C580020202020556E616C69676E656420616361
:103C6800636573730A005B25755D1B5B313B3331FC
:103C78006D5B4552524F525D1B5B306D3A202020E0
:103C88002020202020204E6F20636F70726F6365A4
:103C980073736F720A005B25755D1B5B313B3331B3
:103CA8006D5B4552524F525D1B5B306D3A202020B0
:103CB800202020202020457863657074696F6E206D
:103CC80072657475726E207769746820612062610C
:103CD800642076616C756520696E2074686520457E
:103CE80058435F52455455524E206E756D62657249
:103CF8000A005B25755D1B5B313B33316D5B4552BB
:103D0800524F525D1B5B306D3A202020202020202E
:103D18002020416E20617474656D707420746F206A
:103D280073776974636820746F20616E20696E769A
:103D3800616C69642073746174650A005B25755D44
:103D48001B5B313B33316D5B4552524F525D1B5B00
:103D5800306D3A202020202020202020556E6465D8
:103D680066696E656420696E737472756374696FD1
:103D78006E0A005B25755D1B5B313B33316D5B451E
:103D880052524F525D1B5B306D3A2020202020425A
:103D98007573204661756C743A200A005B25755D61
:103DA8001B5B313B33316D5B4552524F525D1B5BA0
:103DB800306D3A20202020202020202042757320BA
:103DC8004661756C74204164647265737320566132
:103DD8006C69640A005B25755D1B5B313B33316D93
:103DE8005B4552524F525D1B5B306D3A20202020BC
:103DF8002020202020466C6F6174696E672D506FFB
:103E0800696E74206C617A7920737461636B696E72
:103E180067206572726F720A005B25755D1B5B31E6
:103E28003B33316D5B4552524F525D1B5B306D3AEF
:103E3800202020202020202020537461636B2066DE
:103E480061756C740A005B25755D1B5B313B333112
:103E58006D5B4552524F525D1B5B306D3A202020FE
:103E6800202020202020556E737461636B696E6773
:103E7800206572726F720A005B25755D1B5B313BB2
:103E880033316D5B4552524F525D1B5B306D3A20AA
:103E9800202020202020202050726563697365202F
:103EA8006461746120616363657373206572726F06
:103EB800720A005B25755D1B5B313B33316D5B45D9
:103EC80052524F525D1B5B306D3A2020202020203B
:103ED800202020496E737472756374696F6E206157
:103EE8006363657373206572726F720A005B257570
:103EF8005D1B5B313B33316D5B4552524F525D1B4D
:103F08005B306D3A20202020204D656D6F7279203E
:103F18004661756C743A200A005B25755D1B5B3140
:103F28003B33316D5B4552524F525D1B5B306D3AEE
:103F38002020202020202020204D656D6F727920C0
:103F48004661756C742041646472657373205661B0
:103F58006C69640A005B25755D1B5B313B33316D11
:103F68005B4552524F525D1B5B306D3A202020203A
:103F78002020202020466C6F6174696E672D506F79
:103F8800696E74206C617A79206D656D6F72792025
:103F98006572726F720A005B25755D1B5B313B337E
:103FA800316D5B4552524F525D1B5B306D3A20209C
:103FB800202020202020204D656D6F727920737499
:103FC80061636B206661756C740A005B25755D1B07
:103FD8005B313B33316D5B4552524F525D1B5B3059
:103FE8006D3A2020202020202020204D656D6F7202
:103FF8007920756E737461636B696E672065727280
:104008006F720A005B25755D1B5B313B33316D5B5D
:104018004552524F525D1B5B306D3A2020202020C4
:1040280020202020446174612061636365737320DC
:1040380076696F6C6174696F6E0A005B25755D1B2C
:104048005B313B33316D5B4552524F525D1B5B30E8
:104058006D3A202020202020202020496E73747281
:10406800756374696F6E2061636365737320766925
:104078006F6C6174696F6E0A002564732530336450
:104088003A005B25755D1B5B313B33316D5B4552F7
:10409800524F525D1B5B306D3A20556E61626C6504
:1040A80020746F20696E697469616C697A65205340
:1040B80069646577616C6B20526164696F20535045
:1040C80049206472697665722E204572726F72207B
:1040D80025750A005B25755D1B5B313B33316D5BD4
:1040E8004552524F525D1B5B306D3A204661696CF8
:1040F800656420746F20706572666F726D205375E9
:104108006247487A2064726976657220696E6974BC
:1041180069616C697A6174696F6E2E204572726F7D
:10412800722025750A005B25755D1B5B313B3331B9
:104138006D5B4552524F525D1B5B306D3A20556E98
:1041480061626C6520746F206372656174652053C9
:1041580069646577616C6B20526164696F20636F75
:104168006D6D756E69636174696F6E2070726F63CF
:10417800657373696E67207461736B0A00534944F1
:1041880020486F7374436F6D6D005B25755D1B5B15
:10419800313B33336D5B5741524E494E475D1B5B94
:1041A800306D3A204661696C656420746F207065D3
:1041B80072666F726D205350492061626F72742E5F
:1041C8002048414C206572726F7220307825782E15
:1041D8002057696C6C20747279206861726420724F
:1041E8006573657420696E73746561640A005B2584
:1041F800755D1B5B313B33316D5B4552524F525DF0
:104208001B5B306D3A204661696C656420746F20D1
:10421800706572666F726D205350492068617264D0
:104228002072657365742E2048414C206572726F48
:104238007220307825782E20467572746865722051
:10424800696E697469616C697A6174696F6E2069F5
:1042580073206E6F7420706F737369626C650A00E7
:104268005B25755D1B5B313B33316D5B4552524FAE
:10427800525D1B5B306D3A204661696C6564207441
:104288006F2073746172742053504920444D41204B
:104298005278206368616E6E656C2E2048414C2010
:1042A8006572726F7220307825780A005B25755D1B
:1042B8001B5B313B33316D5B4552524F525D1B5B8B
:1042C800306D3A204661696C656420746F207374A0
:1042D8006172742053504920444D41205478206322
:1042E80068616E6E656C2E2048414C206572726F55
:1042F8007220307825780A005B25755D1B5B313BA1
:1043080033316D5B4552524F525D1B5B306D3A2025
:104318004661696C656420746F20737461727420DF
:1043280053504920444D412052657175657374732B
:1043380020436F6E74726F6C20444D412063686136
:104348006E6E656C2E2048414C206572726F72202B
:10435800307825780A005B25755D1B5B313B33316E
:104368006D5B4552524F525D1B5B306D3A20466182
:10437800696C656420746F20737461727420535083
:10438800492053434B2050696E20436F6E74726FFF
:104398006C20444D41206368616E6E656C2E204828
:1043A800414C206572726F7220307825780A005B64
:1043B80025755D1B5B313B33316D5B4552524F5266
:1043C8005D1B5B306D3A20486F737420636F6D6DB1
:1043D8002053504920696E697469616C697A617407
:1043E800696F6E206661696C65642E2048414C20B7
:1043F8006572726F7220307825780A005B25755DCA
:104408001B5B313B33336D5B5741524E494E475D21
:104418001B5B306D3A2043616E27742072657365AB
:10442800742053756247487A2070657269706865B0
:1044380072616C202D206F7065726174696F6E20D7
:1044480074696D656F75742E204120726574727978
:104458002077696C6C20626520617474656D707476
:1044680065640A005B25755D1B5B313B33316D5B11
:104478004552524F525D1B5B306D3A204661696C64
:10448800656420746F20706572666F726D20537555
:104498006247487A20686172647761726520696E44
:1044A800697469616C697A6174696F6E2E204572EE
:1044B800726F722025750A005B25755D1B5B313BA9
:1044C80033316D5B4552524F525D1B5B306D3A2064
:1044D80043616E2774207265736574205375624753
:1044E800487A207065726970686572616C2E205513
:1044F8006E7265636F76657261626C652065727253
:104508006F722025750A003836332D383730204D24
:10451800487A003737392D373837204D487A0034F4
:1045280037302D353130204D487A003433302D3432
:104538003430204D487A00574C78785F5544540001
:104548005B25755D1B5B313B33316D5B4552524FCB
:10455800525D1B5B306D3A20257328293A20736918
:10456800645F686F73745F636F6D6D5F73656E64AE
:104578005F757365725F64617461206661696C65FB
:10458800642C206572723D25640A005B25755D1BED
:104598005B313B33316D5B4552524F525D1B5B3093
:1045A8006D3A20257328293A207761697420666F4F
:1045B80072205742412041434B206661696C656413
:1045C8002C20666C6167733D3078253038580A00B6
:1045D8005B25755D1B5B313B33316D5B4552524F3B
:1045E800525D1B5B306D3A20257328293A20676598
:1045F80074206D7367206572723D25640A005B251F
:10460800755D1B5B313B33326D5B494E464F5D1B1D
:104618005B306D3A201B5B313B33366D5B55445440
:104628005D201B5B306D257328293A2057424120B5
:1046380073746174653A202564202D3E2025640A30
:10464800005B25755D1B5B313B33336D5B57415216
:104658004E494E475D1B5B306D3A201B5B313B3347
:10466800366D5B5544545D201B5B306D25732829DE
:104678003A20574241207265626F6F740A005B25C9
:10468800755D1B5B313B33316D5B4552524F525D5B
:104698001B5B306D3A20257328293A206362206914
:1046A80073204E554C4C20666F7220746F6B656E8C
:1046B8002025750A005B25755D1B5B313B33316D29
:1046C8005B4552524F525D1B5B306D3A2025732873
:1046D800293A2062616420736C697374206E6F6478
:1046E800652076616C75650A005B25755D1B5B311D
:1046F8003B33336D5B5741524E494E475D1B5B3030
:104708006D3A201B5B313B33366D5B5544545D205D
:104718001B5B306D257328293A20746B6E3D256428
:10472800206E6F7420666F756E6420696E20696EE6
:104738002D666C69676874206C6973740A005B2560
:10474800755D1B5B313B33316D5B4552524F525D9A
:104758001B5B306D3A20257328293A20746B6E3D17
:10476800257520696E2D666C696768742077697491
:10477800682063623D3D4E554C4C0A005B25755DD3
:104788001B5B313B33316D5B4552524F525D1B5BB6
:10479800306D3A20257328293A20696E76616C6954
:1047A8006420627574746F6E207072657373207004
:1047B80061796C6F61642073697A653A2025750A9E
:1047C800005B25755D1B5B313B33336D5B57415295
:1047D8004E494E475D1B5B306D3A20257328293AB8
:1047E80020756E6B6E6F776E206F703D25750A00B1
:1047F8005B25755D1B5B313B33316D5B4552524F19
:10480800525D1B5B306D3A20257328293A204641BA
:1048180054414C204552524F520A005B25755D1B8E
:104828005B313B33326D5B494E464F5D1B5B306DF0
:104838003A201B5B313B33366D5B5544545D201B7E
:104848005B306D77616974696E6720666F72205797
:10485800424120736964652072656164792E2E2E49
:104868000A005B25755D1B5B313B33316D5B45523F
:10487800524F525D1B5B306D3A20257328293A2030
:1048880077616974205742412073746174652066AA
:104898006C6167733D25640A005B25755D1B5B31A0
:1048A8003B33316D5B4552524F525D1B5B306D3A65
:1048B80020257328293A207265717565737420570D
:1048C80042412073746174652C20554454207365EB
:1048D8006E64206572723D25640A005B25755D1B58
:1048E8005B313B33316D5B4552524F525D1B5B3040
:1048F8006D3A20257328293A206661696C65642021
:10490800746F2070726F6365737320696E626F7560
:104918006E64206D657373616765732C20696E62C0
:104928006F756E643D25640A005B25755D1B5B3100
:104938003B33316D5B4552524F525D1B5B306D3AD4
:1049480020257328293A20666C616720776169748D
:104958002074696D656F75740A005B25755D1B5B56
:10496800313B33316D5B4552524F525D1B5B306DAD
:104978003A20257328293A206F734D657373616750
:10498800655175657565476574206572723D256466
:104998000A005B25755D1B5B313B33316D5B45520E
:1049A800524F525D1B5B306D3A20257328293A20FF
:1049B80073656E6420554454206D65737361676533
:1049C800206572723D25640A005B25755D1B5B31AD
:1049D8003B33316D5B4552524F525D1B5B306D3A34
:1049E80020257328293A206661696C656420746FF4
:1049F80020616464206D7367206465736320746F3D
:104A08002074686520736C6973740A005B25755D92
:104A18001B5B313B33316D5B4552524F525D1B5B23
:104A2800306D3A20257328293A20696E626F756EB9
:104A3800643D25642C206F7574626F756E643D2526
:104A4800640A005B25755D1B5B313B33316D5B454B
:104A580052524F525D1B5B306D3A20257328293A1C
:104A6800206E6F7420696E697469616C697A656417
:104A78000A005B25755D1B5B313B33316D5B45522D
:104A8800524F525D1B5B306D3A20257328293A201E
:104A980073697A653D25752065786365656473205B
:104AA8006D61783D25750A005B25755D1B5B313BA3
:104AB80033316D5B4552524F525D1B5B306D3A206E
:104AC800257328293A206E6F206D656D0A005B25D5
:104AD800755D1B5B313B33316D5B4552524F525D07
:104AE8001B5B306D3A20257328293A206F734D657A
:104AF8007373616765517565756550757420657266
:104B0800723D25640A005B25755D1B5B313B3331C3
:104B18006D5B4552524F525D1B5B306D3A202573D9
:104B280028293A206F734576656E74466C61677301
:104B38004E65770A005B25755D1B5B313B33316D34
:104B48005B4552524F525D1B5B306D3A20257328EE
:104B5800293A206F734D6573736167655175657583
:104B6800654E6577206F75740A005B25755D1B5B64
:104B7800313B33316D5B4552524F525D1B5B306D9B
:104B88003A20257328293A206F734D65737361673E
:104B98006551756575654E657720696E0A005B25F8
:104BA800755D1B5B313B33316D5B4552524F525D36
:104BB8001B5B306D3A20257328293A206F66665FA3
:104BC800736C6973745F6372656174650A005B2551
:104BD800755D1B5B313B33316D5B4552524F525D06
:104BE8001B5B306D3A20257328293A206F734D7569
:104BF8007465784E65770A005544545F50524F43A8
:104C0800005B25755D1B5B313B33316D5B45525253
:104C18004F525D1B5B306D3A20257328293A206F6F
:104C2800735468726561644E65770A005B25755D2B
:104C38001B5B313B33316D5B4552524F525D1B5B01
:104C4800306D3A20257328293A2072656769737494
:104C58006572205544542063616C6C6261636B20FB
:104C68006572723D25640A005B25755D1B5B313BEF
:104C780033326D5B494E464F5D1B5B306D3A201BEE
:104C88005B313B33366D5B5544545D201B5B306DA7
:104C9800696E697469616C697A65640A005B257577
:104CA8005D1B5B313B33316D5B4552524F525D1B8F
:104CB8005B306D3A20257328293A20696E76616C3D
:104CC800696420617267756D656E740A005B25758D
:104CD8005D1B5B313B33316D5B4552524F525D1B5F
:104CE8005B306D3A20257328293A2056535F455882
:104CF80054206973204F4E2C204F4646206973205C
:104D080072657175697265640A005B25755D1B5B68
:104D1800313B33316D5B4552524F525D1B5B306DF9
:104D28003A20257328293A206F73546872656164A4
:104D3800466C6167735761697420666C6167733D7F
:104D480025750A005B25755D1B5B313B33316D5B57
:104D58004552524F525D1B5B306D3A20257328290E
:104D68003A206578697465640A005B25755D1B5B8C
:104D7800313B33326D5B494E464F5D1B5B306D3ABC
:104D8800201B5B313B33326D5B414D5D201B5B303B
:104D98006D456E61626C65640A005B25755D1B5B21
:104DA800313B33326D5B494E464F5D1B5B306D3A8C
:104DB800201B5B313B33326D5B414D5D201B5B300B
:104DC8006D436F6D702073743A2072643D25642CB6
:104DD800206D643D25642C2069643D25642C206386
:104DE800733D2564207365630A005B25755D1B5B55
:104DF800313B33326D5B494E464F5D1B5B306D3A3C
:104E0800201B5B313B33326D5B414D5D201B5B30BA
:104E18006D436F6D7020656E643A2072643D256441
:104E28002C206D643D25642C2069643D25642C206C
:104E380063733D2564207365630A005B25755D1BFC
:104E48005B313B33326D5B494E464F5D1B5B306DCA
:104E58003A201B5B313B33326D5B414D5D201B5B60
:104E6800306D436F6E66696775726174696F6E2025
:104E78006368616E6765642C2072656C6F61646934
:104E88006E672E2E2E0A005B25755D1B5B313B334A
:104E9800326D5B494E464F5D1B5B306D3A201B5BA4
:104EA800313B33326D5B414D5D201B5B306D416C96
:104EB80065727420696E6469636174696F6E2063DA
:104EC800616E63656C6C65642062792075736572C8
:104ED8000A005B25755D1B5B313B33316D5B4552C9
:104EE800524F525D1B5B306D3A20257328293A20BA
:104EF800637265617465206672616D6520666169BB
:104F08006C65640A005B25755D1B5B313B33336D53
:104F18005B5741524E494E475D1B5B306D3A202529
:104F28007328293A20617578206461746120617062
:104F380070656E64206572723D25640A005B257594
:104F48005D1B5B313B33316D5B4552524F525D1BEC
:104F58005B306D3A20257328293A207363686564AD
:104F680020554C206572723D25640A005B25755DED
:104F78001B5B313B33316D5B4552524F525D1B5BBE
:104F8800306D3A20257328293A2073656E642061B4
:104F98006C6572742049443D2564206572723D2514
:104FA800640A005B25755D1B5B313B33316D5B45E6
:104FB80052524F525D1B5B306D3A20257328293AB7
:104FC8002073656E6420616C657274206672616D11
:104FD80065206572723D25640A005B25755D1B5B63
:104FE800313B33336D5B5741524E494E475D1B5B36
:104FF800306D3A20257328293A206175785F6461FD
:10500800746120616E64206E756D206D69736D61C9
:105018007463682C20643D25582C206E3D25750A44
:10502800005B25755D1B5B313B33316D5B4552522F
:105038004F525D1B5B306D3A20257328293A206159
:105048007578206461746120617070656E64206594
:1050580072723D25640A005B25755D1B5B313B332D
:10506800326D5B494E464F5D1B5B306D3A201B5BD2
:10507800313B33326D5B414D5D201B5B306D696E9A
:1050880064207375707072657373696F6E206361E5
:105098006E63656C6C65640A005B25755D1B5B312E
:1050A8003B33326D5B494E464F5D1B5B306D3A209A
:1050B8001B5B313B33326D5B414D5D201B5B306DBB
:1050C800416C6572742069643D25642C2073746199
:1050D80074653D25642C206D61736B3D30782530F7
:1050E80038582C207375703D25750A00414D005BBA
:1050F80025755D1B5B313B33316D5B4552524F5219
:105108005D1B5B306D3A20257328293A20696E763D
:10511800616C696420616C6572742069643D256402
:105128000A005B25755D1B5B313B33336D5B574173
:10513800524E494E475D1B5B306D3A201B5B313B3D
:1051480033336D5B4D54425D201B5B306D6E6F20B9
:1051580063616C6C6261636B207265676973746507
:105168007265642C2069676E6F72696E6720626C65
:1051780061636B6F75742073746174652063686113
:105188006E67650A005B25755D1B5B313B33326DCD
:105198005B494E464F5D1B5B306D3A201B5B313BD4
:1051A80033336D5B4D54425D201B5B306D25730AB4
:1051B800005B25755D1B5B313B33326D5B494E46A9
:1051C8004F5D1B5B306D3A201B5B313B33336D5BAE
:1051D8004D54425D201B5B306D457865637574697D
:1051E8006E673A206E6F773D25752C20746F643D8D
:1051F80025752C206163746976653D25640A005B1A
:1052080025755D1B5B313B33326D5B494E464F5D07
:105218001B5B306D3A201B5B313B33336D5B4D5468
:10522800425D201B5B306D4E657874207472616E30
:10523800736974696F6E20696E202575206D696EBB
:105248000A005B25755D1B5B313B33316D5B455255
:10525800524F525D1B5B306D3A201B5B313B333341
:105268006D5B4D54425D201B5B306D666C616773EE
:10527800206572726F723A2025750A005B25755D8C
:105288001B5B313B33326D5B494E464F5D1B5B30D8
:105298006D3A201B5B313B33336D5B4D54425D20CF
:1052A8001B5B306D436F6E666967206368616E676C
:1052B80065640A005B25755D1B5B313B33336D5BB1
:1052C8005741524E494E475D1B5B306D3A2025735E
:1052D80028293A20627365635F696E697420657274
:1052E800723D25640A005B25755D1B5B313B3333DA
:1052F8006D5B5741524E494E475D1B5B306D3A20FE
:10530800257328293A20627365635F7365745F6348
:105318006F6E66696775726174696F6E2065727207
:105328003D25640A005B25755D1B5B313B33336D9E
:105338005B5741524E494E475D1B5B306D3A202505
:105348007328293A207570646174655F7375627398
:105358006372697074696F6E206572723D25640AA4
:10536800005B25755D1B5B313B33326D5B494E46F7
:105378004F5D1B5B306D3A201B5B313B33336D5BFC
:10538800425345435D201B5B306D257328293A2025
:105398005F626D65363978206973204E554C4C2C08
:1053A80020666561747572652064697361626C65F5
:1053B800640A005B25755D1B5B313B33316D5B45D2
:1053C80052524F525D1B5B306D3A20257328293AA3
:1053D800206F73546872656164466C6167735761C6
:1053E8006974206661696C656420282564290A004F
:1053F8005B25755D1B5B313B33316D5B4552524F0D
:10540800525D1B5B306D3A20257328293A20756E52
:10541800657870656374656420666C6167732028BD
:105428002564290A005B25755D1B5B313B33326DB2
:105438005B494E464F5D1B5B306D3A201B5B313B31
:1054480033336D5B425345435D201B5B306D6D6F9D
:1054580064653D25752C206475726174696F6E3DB5
:1054680025752C2061636375726163793D25750A22
:10547800005B25755D1B5B313B33316D5B455252DB
:105488004F525D1B5B306D3A20627365635F7365D5
:105498006E736F725F636F6E74726F6C2028256411
:1054A800290A005B25755D1B5B313B33336D5B5708
:1054B80041524E494E475D1B5B306D3A2062736521
:1054C800635F73656E736F725F636F6E74726F6C18
:1054D8002025640A005B25755D1B5B313B33336D0A
:1054E8005B5741524E494E475D1B5B306D3A207009
:1054F800726F636573735F64617461206661696C60
:1055080065640A005B25755D1B5B313B33326D5B5F
:10551800494E464F5D1B5B306D3A201B5B313B3378
:10552800336D5B425345435D201B5B306D444F4EEA
:10553800453A206961715B25752C2025755D2C2005
:10554800636F325B25752C2025755D2C2062766F84
:10555800635B25752C2025755D2C2074766F635B45
:1055680025752C2025755D0A005B25755D1B5B3153
:105578003B33316D5B4552524F525D1B5B306D3A88
:1055880020257328293A20617267733A206475725E
:105598003D25752C206163633D25752C206D6F6456
:1055A800653D25750A00627365635F74687265619D
:1055B800640043414954005B25755D1B5B313B33F7
:1055C800316D5B4552524F525D1B5B306D3A202561
:1055D8007328293A206E766D2072656164206572A1
:1055E800723D25640A005B25755D1B5B313B3332D8
:1055F8006D5B494E464F5D1B5B306D3A2043414918
:10560800543A2064656661756C7420636F6E6669D0
:10561800670A005B25755D1B5B313B33316D5B456C
:1056280052524F525D1B5B306D3A20257328293A40
:10563800206E766D207772697465206572723D25DB
:10564800640A005B25755D1B5B313B33316D5B453F
:1056580052524F525D1B5B306D3A20257328293A10
:1056680020696E76616C696420636F6E6669672C69
:10567800206572723D25640A0043425345005B254C
:10568800755D1B5B313B33316D5B4552524F525D4B
:105698001B5B306D3A20257328293A20696E7661A4
:1056A8006C696420636F6E666967206572723D2558
:1056B800640A005B25755D1B5B313B33326D5B49CA
:1056C8004E464F5D1B5B306D3A20434253453A20AE
:1056D80064656661756C7420636F6E6669670A003D
:1056E8005B25755D1B5B313B33316D5B4552524F1A
:1056F800525D1B5B306D3A20257328293A203C6E99
:10570800756C6C20636F6E6669673E0A005B257571
:105718005D1B5B313B33326D5B494E464F5D1B5B16
:10572800306D3A20434253453A20656E3D25752C2D
:1057380020696E743D25752C206475723D25752C85
:10574800206163633D25752C206D6F64653D25647C
:105758000A0043435452005B25755D1B5B313B33A4
:10576800316D5B4552524F525D1B5B306D3A2025BF
:105778007328293A2076616C6964617465206572C2
:10578800723D25640A005B25755D1B5B313B333236
:105798006D5B494E464F5D1B5B306D3A2043435469
:1057A800523A2064656661756C7420636F6E666931
:1057B800670A005B25755D1B5B313B33316D5B45CB
:1057C80052524F525D1B5B306D3A20257328293A9F
:1057D80020756E6B6E6F776E2073656E736F7220B7
:1057E800636C61737320666F722069643D25640A77
:1057F800005B25755D1B5B313B33336D5B57415255
:105808004E494E475D1B5B306D3A20257328293A77
:10581800206E766D207772697465206572723D25F9
:10582800640A005B25755D1B5B313B33316D5B455D
:1058380052524F525D1B5B306D3A20257328293A2E
:1058480020756E6B6E6F776E2073656E736F722046
:10585800636C617373206F72206C6F636174696F1E
:105868006E20666F722069643D25640A0032323208
:10587800323232323232323200434C4454005B25E9
:10588800755D1B5B313B33326D5B494E464F5D1B8B
:105898005B306D3A20434C44543A20646566617528
:1058A8006C7420636F6E6669670A00434D5442004A
:1058B8005B25755D1B5B313B33326D5B494E464F53
:1058C8005D1B5B306D3A20434D54423A2064656657
:1058D80061756C7420636F6E6669670A00207C20AE
:1058E800613D25752C733D25752C653D25752C72FC
:1058F8003D25752C6F3D25750043544852005B25A6
:10590800755D1B5B313B33326D5B494E464F5D1B0A
:105918005B306D3A20435448523A2064656661759D
:105928006C7420636F6E6669670A004355504C00BB
:105938005B25755D1B5B313B33326D5B494E464FD2
:105948005D1B5B306D3A204355504C3A20646566C8
:1059580061756C7420636F6E6669670A005B2575F4
:105968005D1B5B313B33316D5B4552524F525D1BC2
:105978005B306D3A20257328293A20696E76616C70
:1059880069642073657474696E67732072656164F5
:105998002066726F6D206E766D0A005B25755D1B43
:1059A8005B313B33326D5B494E464F5D1B5B306D5F
:1059B8003A201B5B313B33366D5B4454435D201BFF
:1059C8005B306D436F6D70206465746563746564E6
:1059D8003A2072643D25642C206D643D25642C209A
:1059E800693D25642C2063733D2564207365630A33
:1059F800005B25755D1B5B313B33326D5B494E4661
:105A08004F5D1B5B306D3A201B5B313B33366D5B62
:105A18004454435D201B5B306D436F6D7020636C95
:105A280065617265643A2072643D25642C206D645A
:105A38003D25642C20693D25642C2063733D256435
:105A4800207365630A007172737475005B25755D58
:105A58001B5B313B33316D5B4552524F525D1B5BD3
:105A6800306D3A206E6F74206F7074696D616C20B0
:105A78007573652025730A005B25755D1B5B313BDB
:105A880033316D5B4552524F525D1B5B306D3A208E
:105A9800257328293A206661696C656420746F2033
:105AA800637265617465206672616D6520666F72E8
:105AB800206576656E743A2025750A005B25755D4C
:105AC8001B5B313B33316D5B4552524F525D1B5B63
:105AD800306D3A20257328293A206576656E743D25
:105AE80025752C2073656E6420554C206572723DB7
:105AF80025640A005B25755D1B5B313B33316D5BAB
:105B08004552524F525D1B5B306D3A202573282950
:105B18003A207465726D696E617465640A005B256C
:105B2800755D1B5B313B33316D5B4552524F525DA6
:105B38001B5B306D3A20257328293A206576656EFF
:105B4800743D25642C20554C206572723D25640AED
:105B5800005B25755D1B5B313B33316D5B455252F4
:105B68004F525D1B5B306D3A20257328293A206619
:105B780072616D65206E6F7420666F756E640A00C1
:105B8800454E005B25755D1B5B313B33316D5B45D5
:105B980052524F525D1B5B306D3A20457874506FFE
:105BA800727420696E76616C6964206D6F64653DFE
:105BB80025640A00455854505F4D4F4E005B2575CB
:105BC8005D1B5B313B33316D5B4552524F525D1B60
:105BD8005B306D3A20257328293A20696E7620615A
:105BE80072672873293A20633D25752C20703D255E
:105BF800752C20653D25750A005B25755D1B5B319D
:105C08003B33316D5B4552524F525D1B5B306D3AF1
:105C180020257328293A204F4F4D0A005B25755DD2
:105C28001B5B313B33316D5B4552524F525D1B5B01
:105C3800306D3A202573282920696E7620617267B5
:105C4800730A005B25755D1B5B313B33316D5B452A
:105C580052524F525D1B5B306D3A2025733A2066D5
:105C680061696C656420746F20617070656E642072
:105C78006461746120746F206672616D652C2065A3
:105C880072723D25640A005B25755D1B5B313B33F1
:105C9800316D5B4552524F525D1B5B306D3A20258A
:105CA8007328293A206E6F204C4142454C0A005B0C
:105CB80025755D1B5B313B33316D5B4552524F524D
:105CC8005D1B5B306D3A2025733A20696E617267FF
:105CD800204E554C4C0A005B25755D1B5B313B33F0
:105CE800316D5B4552524F525D1B5B306D3A20253A
:105CF8007328293A20756E6B6E6F776E2044544373
:105D08002049442025750A005B25755D1B5B313BE6
:105D180033326D5B494E464F5D1B5B306D3A205206
:105D280054432025752D3E25750A005B25755D1B9E
:105D38005B313B33326D5B494E464F5D1B5B306DCB
:105D48003A201B5B313B33336D5B4C444D5D201B6C
:105D58005B306D70726F6265733A206366673D30C1
:105D68007825582C20656E3D307825582C206465A0
:105D78006275673D25640A005B25755D1B5B313BD9
:105D880033316D5B4552524F525D1B5B306D3A208B
:105D98001B5B313B33336D5B4C444D5D201B5B30EB
:105DA8006D73656E64206465627567206672616DE7
:105DB800652C206572723D25640A005B25755D1BA4
:105DC8005B313B33326D5B494E464F5D1B5B306D3B
:105DD8003A200D0A3E6C703A25750D0A3E68703AF5
:105DE80025750D0A3E65703A25750A005B25755DB7
:105DF8001B5B313B33316D5B4552524F525D1B5B30
:105E0800306D3A20257328293A206F7354687265DB
:105E18006164466C61677357616974206572726F5B
:105E28007220666C6167733D30782530386C780A6B
:105E3800005B25755D1B5B313B33316D5B45525211
:105E48004F525D1B5B306D3A20257328293A204359
:105E58004331206163746976650A005B25755D1BB3
:105E68005B313B33326D5B494E464F5D1B5B306D9A
:105E78003A20257328293A2043433120636C656111
:105E88007265640A005B25755D1B5B313B33316DC0
:105E98005B4552524F525D1B5B306D3A202573288B
:105EA800293A20434332206163746976650A005BAE
:105EB80025755D1B5B313B33326D5B494E464F5D4B
:105EC8001B5B306D3A20257328293A204343322042
:105ED800636C65617265640A004C45414B444554E6
:105EE800005B25755D1B5B313B33316D5B45525261
:105EF8004F525D1B5B306D3A2025732077726974B1
:105F08006520617420307825303858202825642988
:105F18000A005B25755D1B5B313B33316D5B455278
:105F2800524F525D1B5B306D3A20257320657272AB
:105F38003D25642C20706167653D25642C206665CD
:105F480072723D253038580A005B25755D1B5B3140
:105F58003B33316D5B4552524F525D1B5B306D3A9E
:105F6800202573204E564D2073697A652069732069
:105F78006E6F742061206D756C7469706C65206F2C
:105F88006620706167652073697A650A005B25750C
:105F98005D1B5B313B33326D5B494E464F5D1B5B8E
:105FA800306D3A201B5B313B33376D5B4E564D5D90
:105FB800201B5B306D496E697469616C697A696E22
:105FC800672E2E2E0A005B25755D1B5B313B333136
:105FD8006D5B4552524F525D1B5B306D3A20257305
:105FE80020637263313620616C676F206E696C0ABA
:105FF800005B25755D1B5B313B33316D5B45525250
:106008004F525D1B5B306D3A20257320626164201E
:106018006366670A005B25755D1B5B313B33316D39
:106028005B4552524F525D1B5B306D3A2025732001
:10603800696E76616C69642064617461206C656E58
:106048006774682025750A005B25755D1B5B313B0D
:1060580033316D5B4552524F525D1B5B306D3A20B8
:10606800257320484352430A005B25755D1B5B314D
:106078003B33316D5B4552524F525D1B5B306D3A7D
:1060880020257320444352430A005B25755D1B5B42
:10609800313B33326D5B494E464F5D1B5B306D3A89
:1060A800201B5B313B33376D5B4E564D5D201B5BD0
:1060B800306D4E564D20706167653D2D312C206640
:1060C8006F726D617474696E672E2E2E0A005B25DF
:1060D800755D1B5B313B33326D5B494E464F5D1B33
:1060E8005B306D3A201B5B313B33376D5B4E564D51
:1060F8005D201B5B306D466F726D617474696E67ED
:106108002E2E2E0A005B25755D1B5B313B33316DEE
:106118005B4552524F525D1B5B306D3A2025732010
:106128006572617365204E564D20706167653D2527
:106138006420282564290A005B25755D1B5B313BBB
:1061480033316D5B4552524F525D1B5B306D3A20C7
:10615800257320666F726D617420282564290A00F2
:106168005B25755D1B5B313B33326D5B494E464F9A
:106178005D1B5B306D3A201B5B313B33376D5B4EEB
:10618800564D5D201B5B306D496E697469616C69A1
:106198007A65643A20616374697665207061676521
:1061A8003D25642C20636F756E7465723D25642CE3
:1061B80020256420667265650A004E564D31005BE5
:1061C80025755D1B5B313B33316D5B4552524F5238
:1061D8005D1B5B306D3A20257328293A2077726F52
:1061E8006E67206275666665722073697A653A2003
:1061F800653D25752C20613D25750A005B25755D7B
:106208001B5B313B33316D5B4552524F525D1B5B1B
:10621800306D3A202573206E6F2066726565207395
:10622800706163652C20706167653D25640A005BB9
:1062380025755D1B5B313B33316D5B4552524F52C7
:106248005D1B5B306D3A202573207372632070618B
:1062580067653D25642C2064737420706167653D13
:1062680025640A005B25755D1B5B313B33316D5B33
:106278004552524F525D1B5B306D3A2025732064A6
:10628800737420706167653D25640A005B25755D40
:106298001B5B313B33316D5B4552524F525D1B5B8B
:1062A800306D3A20257320777269746520666169BC
:1062B8006C65642061742030782530385820282592
:1062C80064290A005B25755D1B5B313B33316D5BCF
:1062D8004552524F525D1B5B306D3A202573282979
:1062E8003A20574241206170702073766320272539
:1062F80073270A005B25755D1B5B313B33316D5B92
:106308004552524F525D1B5B306D3A202573282948
:106318003A20272573272077616974206661696CA4
:1063280065642C20666C6167733D25750A005B25E2
:10633800755D1B5B313B33316D5B4552524F525D8E
:106348001B5B306D3A20257328293A2027257327AF
:10635800206572723D25750A005B25755D1B5B31F2
:106368003B33316D5B4552524F525D1B5B306D3A8A
:1063780020257328293A20746F6B656E3D25752C8E
:10638800207374617475733D25750A005B25755D0E
:106398001B5B313B33316D5B4552524F525D1B5B8A
:1063A800306D3A20257328293A20696E76616C6928
:1063B800642073697A653A20653D25752C20613D16
:1063C80025750A005B25755D1B5B313B33316D5BC1
:1063D8004552524F525D1B5B306D3A202573282978
:1063E8003A20756E657870656374656420746F6BA8
:1063F800656E3A20653D25752C20613D25750A009E
:106408005B25755D1B5B313B33326D5B494E464FF7
:106418005D1B5B306D3A201B5B313B33376D5B4F47
:1064280054415D201B5B306D696E6974206D657425
:10643800612E2E2E0A005B25755D1B5B313B3331C7
:106448006D5B4552524F525D1B5B306D3A20257390
:1064580028293A2072656164206D6574612065722F
:10646800723D25640A005B25755D1B5B313B333249
:106478006D5B494E464F5D1B5B306D3A201B5B31AF
:106488003B33376D5B4F54415D201B5B306D6D6551
:106498007461646174613A207665723D25752C20BB
:1064A80066696E616C5F73697A653D25752C20722B
:1064B8007865645F73697A653D25752C2072786507
:1064C800645F6372633D3078253038580A005B2575
:1064D800755D1B5B313B33326D5B494E464F5D1B2F
:1064E8005B306D3A201B5B313B33376D5B4F54415A
:1064F8005D201B5B306D766572696679696E672011
:106508006D6574612E2E2E0A005B25755D1B5B314F
:106518003B33316D5B4552524F525D1B5B306D3AD8
:1065280020257328293A2067657420435243206543
:1065380072723D25640A005B25755D1B5B313B3338
:10654800316D5B4552524F525D1B5B306D3A2025D1
:106558007328293A20435243206D69736D6174632F
:10656800682C2065787065637465643D25303858FB
:106578002C2061637475616C3D253038580A005BC6
:1065880025755D1B5B313B33326D5B494E464F5D74
:106598001B5B306D3A201B5B313B33376D5B4F54CF
:1065A800415D201B5B306D6D65746120696E697497
:1065B80069616C697A65640A005B25755D1B5B31EE
:1065C8003B33316D5B4552524F525D1B5B306D3A28
:1065D80020257328293A206672616D652066726FDE
:1065E8006D2071756575652C207374617475733DC4
:1065F80025642C2066726D3D253038580A005B25CD
:10660800755D1B5B313B33316D5B4552524F525DBB
:106618001B5B306D3A20257328293A206765742062
:106628007265717565737420747970652C20657254
:10663800723D25640A005B25755D1B5B313B333376
:106648006D5B5741524E494E475D1B5B306D3A209A
:10665800257328293A20435243206D69736D61746C
:10666800636820666F722072656365697665642069
:106678004F544120646174612C206D6574615F63BF
:1066880072633D3078253038582C2063616C635F25
:106698006372633D3078253038580A005B25755D94
:1066A8001B5B313B33316D5B4552524F525D1B5B77
:1066B800306D3A20257328293A207265706C79204C
:1066C80077697468206765745F73746174652065A1
:1066D80072723D25640A005B25755D1B5B313B3397
:1066E800316D5B4552524F525D1B5B306D3A202530
:1066F8007328293A206672616D652070617273652E
:10670800206D6574612C206572723D25640A005BFA
:1067180025755D1B5B313B33316D5B4552524F52E2
:106728005D1B5B306D3A20257328293A2061646A25
:1067380075737420726376642073697A652C20659A
:1067480072723D25640A005B25755D1B5B313B3326
:10675800316D5B4552524F525D1B5B306D3A2025BF
:106768007328293A207772697465206D6574612CE5
:10677800206572723D25640A005B25755D1B5B31DF
:106788003B33316D5B4552524F525D1B5B306D3A66
:1067980020257328293A206672616D652070617220
:1067A80073652064617461206368756E6B2C206565
:1067B80072723D25640A005B25755D1B5B313B33B6
:1067C800316D5B4552524F525D1B5B306D3A20254F
:1067D8007328293A206368756E6B206F6666736547
:1067E80074206D69736D617463682C20653D25752F
:1067F8002C20613D25750A005B25755D1B5B313BCF
:1068080033316D5B4552524F525D1B5B306D3A2000
:10681800257328293A204F544120777269746520DE
:106828006368756E6B2C206572723D25640A005B87
:1068380025755D1B5B313B33316D5B4552524F52C1
:106848005D1B5B306D3A20257328293A204F54414F
:10685800207772697465206D6574612C2065727289
:106868003D25640A005B25755D1B5B313B33316D4B
:106878005B4552524F525D1B5B306D3A20257328A1
:10688800293A206672616D652070617273652067B0
:106898006574204352432C206572723D25640A00BA
:1068A8005B25755D1B5B313B33316D5B4552524F48
:1068B800525D1B5B306D3A20257328293A206661AA
:1068C800696C656420746F20676574204F5441209B
:1068D8006368756E6B204352432C206572723D25A8
:1068E800640A005B25755D1B5B313B33316D5B458D
:1068F80052524F525D1B5B306D3A20257328293A5E
:1069080020637265617465206672616D650A005B5B
:1069180025755D1B5B313B33316D5B4552524F52E0
:106928005D1B5B306D3A20257328293A20554C2091
:106938006661696C65642C206572723D25640A0085
:106948005B25755D1B5B313B33316D5B4552524FA7
:10695800525D1B5B306D3A20257328293A207761F8
:10696800697420666F7220554C2073746174757356
:10697800206661696C65642C20666C6167733D25CF
:10698800750A005B25755D1B5B313B33316D5B45DB
:1069980052524F525D1B5B306D3A20556E6B6E6FD5
:1069A800776E204F54412072657175657374207439
:1069B8007970653A2025640A005B25755D1B5B319B
:1069C8003B33316D5B4552524F525D1B5B306D3A24
:1069D80020257328293A204F544120726571756526
:1069E800737420747970652025642070726F6365F4
:1069F8007373696E67206661696C65642C206572C3
:106A0800723D25640A004F5441005B25755D1B5B90
:106A1800313B33316D5B4552524F525D1B5B306DDC
:106A28003A20257328293A20717565756520707597
:106A380074207374617475733D25640A005B257551
:106A48005D1B5B313B33316D5B4552524F525D1BD1
:106A58005B306D3A20257328293A554C20666169C8
:106A68006C65642C20746F6B656E3D25752C2073E6
:106A780074617475733D25640A005B25755D1B5B45
:106A8800313B33316D5B4552524F525D1B5B306D6C
:106A98003A20257328293A20756E657870656374E5
:106AA80065642076657273696F6E2073697A6520F4
:106AB80025640A005B25755D1B5B313B33326D5BDA
:106AC800494E464F5D1B5B306D3A201B5B313B33B3
:106AD800336D5B534D505D201B5B306D5742412039
:106AE80076657273696F6E3A2025642E25642E25AB
:106AF800640A005B25755D1B5B313B33316D5B457B
:106B080052524F525D1B5B306D3A20257328293A4B
:106B1800554C206661696C65642C206572723D2550
:106B2800640A005B25755D1B5B313B33336D5B5736
:106B380041524E494E475D1B5B306D3A201B5B311D
:106B48003B33336D5B534D505D201B5B306D5742BB
:106B580041207265626F6F74206465746563746543
:106B6800640A005B25755D1B5B313B33316D5B450A
:106B780052524F525D1B5B306D3A20257328293ADB
:106B8800207368617265645F64617461204E554C5E
:106B98004C0A005B25755D1B5B313B33336D5B57DE
:106BA80041524E494E475D1B5B306D3A2025732894
:106BB800293A205553452050524F50455220494EAE
:106BC8004449434154494F4E0A005B25755D1B5BA0
:106BD800313B33316D5B4552524F525D1B5B306D1B
:106BE8003A20574241207265626F6F74206661696E
:106BF8006C65642C206572723D25750A005B2575ED
:106C08005D1B5B313B33326D5B494E464F5D1B5B11
:106C1800306D3A205742412073657276696365206A
:106C28007265626F6F74204F4B0A005B25755D1BA0
:106C38005B313B33326D5B494E464F5D1B5B306DBC
:106C48003A201B5B313B33336D5B534D505D201B4A
:106C58005B306D5265626F6F74696E6720574C4583
:106C68002E2E2E0A005B25755D1B5B313B33316D83
:106C78005B4552524F525D1B5B306D3A202573289D
:106C8800293A206572723D25640A005B25755D1BF3
:106C98005B313B33316D5B4552524F525D1B5B306C
:106CA8006D3A20257328293A20756E6578706563DA
:106CB8007465642073697A652025640A005B25750C
:106CC8005D1B5B313B33316D5B4552524F525D1B4F
:106CD8005B306D3A20257328293A206672616D650C
:106CE800206372656174650A005B25755D1B5B3105
:106CF8003B33316D5B4552524F525D1B5B306D3AF1
:106D080020257328293A20756E6578706563746547
:106D1800642073697A652025750A005B25755D1BFB
:106D28005B313B33326D5B494E464F5D1B5B306DCB
:106D38003A201B5B313B33336D5B534D505D201B59
:106D48005B306D534944206C696E6B2061766169D4
:106D58006C6162696C6974793A20424C453D2575CD
:106D68002C2046534B3D25752C204C6F52613D25F8
:106D7800750A005B25755D1B5B313B33336D5B57D3
:106D880041524E494E475D1B5B306D3A20257328B2
:106D9800293A20444C207768696C6520696E6974CB
:106DA80069616C697A696E670A005B25755D1B5BB2
:106DB800313B33316D5B4552524F525D1B5B306D39
:106DC8003A20257328293A206672616D655F6372DF
:106DD800656174652829204F4F4D200A005B257591
:106DE8005D1B5B313B33316D5B4552524F525D1B2E
:106DF8005B306D3A20257328293A206672616D65EB
:106E08005F6765745F69642829206572723D25642F
:106E18000A005B25755D1B5B313B33326D5B494E68
:106E2800464F5D1B5B306D3A201B5B313B33336D46
:106E38005B534D505D201B5B306D444C3A205049EC
:106E4800443D25752C204549443D25750A005B25A0
:106E5800755D1B5B313B33316D5B4552524F525D63
:106E68001B5B306D3A20257328293A20636F6E74B6
:106E7800726163742066726F6D206672616D652041
:106E88006572723D25640A005B25755D1B5B313BAD
:106E980033316D5B4552524F525D1B5B306D3A206A
:106EA800257328293A206661696C656420746F200F
:106EB80063726561746520636F6E747261637420B8
:106EC8006672616D650A005B25755D1B5B313B333E
:106ED800316D5B4552524F525D1B5B306D3A202538
:106EE8007328293A20636F6E747261637420736526
:106EF80074206572723D25640A005B25755D1B5B15
:106F0800313B33316D5B4552524F525D1B5B306DE7
:106F18003A20257328293A20756E6B6E6F776E209C
:106F2800636F6E666967206672616D65206F706356
:106F38006F64653D25640A005B25755D1B5B313B0D
:106F480033316D5B4552524F525D1B5B306D3A20B9
:106F5800257328293A20636F6E6669672074687202
:106F68006573686F6C642066726F6D206672616D00
:106F780065206572723D25640A005B25755D1B5BA3
:106F8800313B33316D5B4552524F525D1B5B306D67
:106F98003A20257328293A20636F6E666967207442
:106FA80068726573686F6C642073657420657272AB
:106FB8003D25640A005B25755D1B5B313B33316DF4
:106FC8005B4552524F525D1B5B306D3A202573284A
:106FD800293A20636F6E666967206C65616B20666D
:106FE800726F6D206672616D65206572723D2564F1
:106FF8000A005B25755D1B5B313B33316D5B455288
:10700800524F525D1B5B306D3A20257328293A2078
:10701800636F6E666967206C65616B2073657420A9
:107028006572723D25640A005B25755D1B5B313B0B
:1070380033316D5B4552524F525D1B5B306D3A20C8
:10704800257328293A20636C6F7564207175657201
:1070580079206765742C206572723D25640A005B8F
:1070680025755D1B5B313B33326D5B494E464F5D89
:107078001B5B306D3A201B5B313B33336D5B534DEB
:10708800505D201B5B306D636C6F75642071756596
:10709800727920747970653D25640A005B25755DF9
:1070A8001B5B313B33316D5B4552524F525D1B5B6D
:1070B800306D3A20257328293A206661696C656429
:1070C80020746F20637265617465207468726573DB
:1070D800686F6C6420636F6E666967206672616DA5
:1070E800650A005B25755D1B5B313B33316D5B4584
:1070F80052524F525D1B5B306D3A20257328293A56
:10710800206661696C656420746F206372656174C0
:1071180065206C65616B20636F6E666967206672B7
:10712800616D650A005B25755D1B5B313B33316D15
:107138005B4552524F525D1B5B306D3A20257328D8
:10714800293A206661696C656420746F20676574EC
:1071580020696E666F20747970652066726F6D2085
:107168006672616D652C206572723D25640A005B4C
:1071780025755D1B5B313B33316D5B4552524F5278
:107188005D1B5B306D3A20257328293A20666169BA
:107198006C656420746F20676574206C696E6B2061
:1071A800696E666F20747970652066726F6D2066EF
:1071B80072616D652C206572723D25640A005B253D
:1071C800755D1B5B313B33336D5B5741524E494E06
:1071D800475D1B5B306D3A20257328293A20756E70
:1071E8006B6E6F776E206C696E6B20696E666F20B0
:1071F800747970652025640A005B25755D1B5B3119
:107208003B33316D5B4552524F525D1B5B306D3ADB
:1072180020257328293A25642C206572723D25643F
:107228000A005B25755D1B5B313B33316D5B455255
:10723800524F525D1B5B306D3A20257328293A2046
:1072480025640A005B25755D1B5B313B33336D5B41
:107258005741524E494E475D1B5B306D3A202573AE
:1072680028293A20756E6B6E6F776E20737461747F
:107278006973746963732067726F75702025640A77
:10728800005B25755D1B5B313B33336D5B574152AA
:107298004E494E475D1B5B306D3A20257328293ACD
:1072A80020756E6B6E6F776E20696E666F207479CD
:1072B80070652025640A005B25755D1B5B313B33D7
:1072C800316D5B4552524F525D1B5B306D3A202544
:1072D8007328293A206661696C656420746F206799
:1072E80065742075706C696E6B20636F6E66696774
:1072F800206D61736B2066726F6D206672616D65BB
:107308002C206572723D25640A005B25755D1B5B48
:10731800313B33316D5B4552524F525D1B5B306DD3
:107328003A20257328293A206661696C65642074BF
:107338006F206372656174652075706C696E6B206F
:10734800636F6E666967206672616D650A005B250A
:10735800755D1B5B313B33316D5B4552524F525D5E
:107368001B5B306D3A20257328293A206661696CC9
:10737800656420746F2067657420696E6469636151
:1073880074696F6E2066726F6D206672616D652C10
:10739800206572723D25640A005B25755D1B5B31B3
:1073A8003B33316D5B4552524F525D1B5B306D3A3A
:1073B80020257328293A206672616D6520657272EE
:1073C8003D25640A005B25755D1B5B313B33316DE0
:1073D8005B4552524F525D1B5B306D3A2025732836
:1073E800293A20756E6B6E6F776E207265717565C0
:1073F80073742069643D25640A005B25755D1B5B19
:10740800313B33316D5B4552524F525D1B5B306DE2
:107418003A20257328293A206661696C65642074CE
:107428006F2073656E64207265717565737420666C
:107438006F722069643D25640A005B25755D1B5BDE
:10744800313B33316D5B4552524F525D1B5B306DA2
:107458003A20257328293A206661696C656420748E
:107468006F20676574207265626F6F74207479701D
:10747800652066726F6D206672616D652C2065727D
:10748800723D25640A005B25755D1B5B313B33311A
:107498006D5B4552524F525D1B5B306D3A20257330
:1074A80028293A20696E76616C6964207265626F7A
:1074B8006F74207479706520726563656976656498
:1074C8003A2025750A005B25755D1B5B313B33321D
:1074D8006D5B494E464F5D1B5B306D3A201B5B313F
:1074E8003B33336D5B534D505D201B5B306D3A2051
:1074F8007265626F6F742071756572793A2074795C
:1075080070653D25750A005B25755D1B5B313B3356
:10751800316D5B4552524F525D1B5B306D3A2025F1
:107528007328293A206661696C656420746F20723B
:10753800657175657374207265626F6F740A005B9C
:1075480025755D1B5B313B33316D5B4552524F52A4
:107558005D1B5B306D3A20257328293A20666169E6
:107568006C656420746F2067657420616C65727443
:1075780020696E6469636174696F6E206D61736BF5
:107588002066726F6D206672616D652C206572725F
:107598003D25640A005B25755D1B5B313B33316D0E
:1075A8005B4552524F525D1B5B306D3A2025732864
:1075B800293A25640A005B25755D1B5B313B333234
:1075C8006D5B494E464F5D1B5B306D3A201B5B314E
:1075D8003B33336D5B534D505D201B5B306D3A2060
:1075E80053494420646572656769737465722071D4
:1075F800756572792072656365697665642C2064A7
:10760800657265676973746572696E672066726F03
:107618006D205369646577616C6B206E6574776F54
:10762800726B0A005B25755D1B5B313B33316D5B0B
:107638004552524F525D1B5B306D3A202573282905
:107648003A206661696C656420746F2067657420F0
:1076580044544320726571756573742066726F6D4A
:10766800206672616D652C206572723D25640A0082
:107678005B25755D1B5B313B33316D5B4552524F6A
:10768800525D1B5B306D3A20257328293A206661CC
:10769800696C656420746F206765742044544320C6
:1076A8006269746D61736B2C206572723D25640A82
:1076B800005B25755D1B5B313B33316D5B45525279
:1076C8004F525D1B5B306D3A20257328293A20669E
:1076D80061696C656420746F2063726561746520EC
:1076E80044544320696E666F206672616D650A00B6
:1076F8005B25755D1B5B313B33316D5B4552524FEA
:10770800525D1B5B306D3A20257328293A2066614B
:10771800696C656420746F20676574204454432045
:10772800617420696E6465782025752C20657272F5
:107738003D25640A005B25755D1B5B313B33336D6A
:107748005B5741524E494E475D1B5B306D3A2025D1
:107758007328293A20756E6B6E6F776E20445443F8
:1077680020726571756573742069642025640A0048
:107778005B25755D1B5B313B33336D5B5741524E67
:10778800494E475D1B5B306D3A20257328293A2006
:10779800756E6B6E6F776E20636C6F756420717594
:1077A80065727920747970652025640A005B2575F7
:1077B8005D1B5B313B33316D5B4552524F525D1B54
:1077C8005B306D3A20257328293A20636F6E66690D
:1077D800672075706C696E6B2066726F6D206672BB
:1077E800616D65206572723D25640A005B25755DD3
:1077F8001B5B313B33316D5B4552524F525D1B5B16
:10780800306D3A20257328293A20636F6E666967C0
:107818002075706C696E6B20736574206572723D9B
:1078280025640A005B25755D1B5B313B33316D5B5D
:107838004552524F525D1B5B306D3A202573282903
:107848003A20636F6E66696720616C65727420699F
:107858006E6469636174696F6E2066726F6D20660D
:1078680072616D65206572723D25640A005B25753D
:107878005D1B5B313B33316D5B4552524F525D1B93
:107888005B306D3A20257328293A20636F6E66694C
:107898006720616C65727420696E646963617469DC
:1078A8006F6E20736574206572723D25640A005BF3
:1078B80025755D1B5B313B33316D5B4552524F5231
:1078C8005D1B5B306D3A20257328293A20494151C8
:1078D800206865616465722066726F6D20667261EA
:1078E8006D65206572723D25640A005B25755D1B18
:1078F8005B313B33316D5B4552524F525D1B5B3000
:107908006D3A20257328293A2049415120636F6E2A
:107918006669672066726F6D206672616D652065A5
:1079280072723D25640A005B25755D1B5B313B3334
:10793800316D5B4552524F525D1B5B306D3A2025CD
:107948007328293A20636F6E666967204941512080
:10795800736574206572723D25640A005B25755D48
:107968001B5B313B33316D5B4552524F525D1B5BA4
:10797800306D3A20257328293A20494151206F6EED
:10798800652D73686F742066726F6D206672616D05
:1079980065206572723D25640A005B25755D1B5B79
:1079A800313B33316D5B4552524F525D1B5B306D3D
:1079B8003A20257328293A20756E6B6E6F776E20F2
:1079C800494151207365742072657175657374201F
:1079D800747970653D25640A005B25755D1B5B3114
:1079E8003B33316D5B4552524F525D1B5B306D3AF4
:1079F80020257328293A20756E6B6E6F776E2049A3
:107A08004151207265717565737420747970653D94
:107A180025640A005B25755D1B5B313B33316D5B6B
:107A28004552524F525D1B5B306D3A202573282911
:107A38003A206661696C656420746F2063726561C1
:107A4800746520494151207265737020666F7220F9
:107A58007265713D25640A005B25755D1B5B313BD2
:107A680033316D5B4552524F525D1B5B306D3A208E
:107A7800257328293A2073656E642075706C696EC9
:107A88006B206572723D25640A005B25755D1B5B82
:107A9800313B33316D5B4552524F525D1B5B306D4C
:107AA8003A20257328293A20756E6B6E6F776E2001
:107AB800657874656E646564206672616D652049D9
:107AC800443D25750A005B25755D1B5B313B3331F1
:107AD8006D5B4552524F525D1B5B306D3A202573EA
:107AE80028293A206E6F2068616E646C65720A00FE
:107AF8005B25755D1B5B313B33326D5B494E464FF1
:107B08005D1B5B306D3A201B5B313B33336D5B5340
:107B18004D505D201B5B306D53796E6368726F6EDC
:107B2800697A696E6720636F6E74726163742E2E52
:107B38002E0A005B25755D1B5B313B33326D5B495B
:107B48004E464F5D1B5B306D3A201B5B313B333338
:107B58006D5B534D505D201B5B306D525443207359
:107B6800796E6320636F6D706C6574653A20475059
:107B7800532074696D65206F6C643D2575732C20E6
:107B88006E65773D2575730A005B25755D1B5B3156
:107B98003B33316D5B4552524F525D1B5B306D3A42
:107BA80020257328293A5254432073796E6320663E
:107BB80061696C65642C20746F6B656E3D25752C4E
:107BC800207374617475733D25640A005B25755DC7
:107BD8001B5B313B33336D5B5741524E494E475D1A
:107BE8001B5B306D3A20554E4B4E4F574E2061630C
:107BF800636573736F72792C207472656174696E32
:107C080067206173204B330A005B25755D1B5B3170
:107C18003B33336D5B5741524E494E475D1B5B30DA
:107C28006D3A2025732C205754462061743D2564F5
:107C38000A005B25755D1B5B313B33316D5B45523B
:107C4800524F525D1B5B306D3A2045787420706F3F
:107C58007274206576656E74207768696C6520613A
:107C680063636573736F727920616C72656164799F
:107C780020636F6E6E65637465640A005B25755DCD
:107C88001B5B313B33336D5B5741524E494E475D69
:107C98001B5B306D3A201B5B313B33336D5B534DBF
:107CA800505D201B5B306D45787420706F727420B6
:107CB8006576656E742C206275742074686520730F
:107CC800616D65206163636573736F727920697391
:107CD800207374696C6C2064657465637465642EC4
:107CE80020747970653D25640A005B25755D1B5B12
:107CF800313B33326D5B494E464F5D1B5B306D3A0D
:107D0800201B5B313B33336D5B534D505D201B5B58
:107D1800306D41502073746174653D25642C207466
:107D28007970653D25640A005B25755D1B5B313BF9
:107D380033316D5B4552524F525D1B5B306D3A20BB
:107D4800257328293A20666163746F72792064610B
:107D5800746120696E6974206572723D25640A0039
:107D68004F4F42005B25755D1B5B313B33326D5BCA
:107D7800494E464F5D1B5B306D3A201B5B313B33F0
:107D8800336D5B534D505D201B5B306D57616974DB
:107D9800696E6720666F72206C6F6E6720627574FB
:107DA800746F6E20707265737320746F20706F77B4
:107DB8006572206F6E2074686520646576696365F6
:107DC8002028535720574454206F6666292E2E2E9C
:107DD8000A005B25755D1B5B313B33326D5B494E99
:107DE800464F5D1B5B306D3A201B5B313B33336D77
:107DF8005B534D505D201B5B306D44657669636550
:107E080020706F7765726564204F4E0A005B257598
:107E18005D1B5B313B33316D5B4552524F525D1BED
:107E28005B306D3A20257328293A206E766D5F778E
:107E380072697465204F4F4220544C562C2065724D
:107E4800723D25640A005B25755D1B5B313B333150
:107E58006D5B4552524F525D1B5B306D3A20257366
:107E680028293A206661696C656420746F20696E00
:107E7800697469616C697A652073656E736F7220C5
:107E88006C6973740A005B25755D1B5B313B33328B
:107E98006D5B494E464F5D1B5B306D3A201B5B3175
:107EA8003B33336D5B534D505D201B5B306D52652A
:107EB8006164696E67205742412076657273696F05
:107EC8006E2E2E2E0A005B25755D1B5B313B333110
:107ED8006D5B4552524F525D1B5B306D3A202573E6
:107EE80028293A2077626120736572766963652074
:107EF8006661696C65640A005B25755D1B5B313BD7
:107F080033316D5B4552524F525D1B5B306D3A20E9
:107F1800257328293A206661696C656420746F208E
:107F280072656164205742412076657273696F6E8D
:107F38000A005B25755D1B5B313B33326D5B494E37
:107F4800464F5D1B5B306D3A201B5B313B33336D15
:107F58005B534D505D201B5B306D53796E63696ECA
:107F6800672077697468206261636B656E642E2E82
:107F78002E0A005B25755D1B5B313B33326D5B4917
:107F88004E464F5D1B5B306D3A201B5B313B3333F4
:107F98006D5B534D505D201B5B306D53796E63698B
:107FA8006E67205254432E2E2E0A005B25755D1BEA
:107FB8005B313B33316D5B4552524F525D1B5B3039
:107FC8006D3A20257328293A206661696C6564201A
:107FD800746F2073796E63205254430A005B2575D1
:107FE8005D1B5B313B33326D5B494E464F5D1B5B1E
:107FF800306D3A201B5B313B33336D5B534D505D25
:10800800201B5B306D53796E63696E6720766572ED
:1080180073696F6E2E2E2E0A005B25755D1B5B3112
:108028003B33316D5B4552524F525D1B5B306D3AAD
:1080380020637265617465206672616D6520696E82
:10804800666F0A005B25755D1B5B313B33316D5BE9
:108058004552524F525D1B5B306D3A2025732829DB
:108068003A20554C206572723D25640A005B2575DF
:108078005D1B5B313B33316D5B4552524F525D1B8B
:108088005B306D3A20257328293A206661696C6552
:108098006420746F2073656E6420696E666F206655
:1080A80072616D650A005B25755D1B5B313B333181
:1080B8006D5B4552524F525D1B5B306D3A20257304
:1080C80028293A206661696C656420746F2073659D
:1080D8006E6420636F6E7472616374206672616D82
:1080E800650A005B25755D1B5B313B33326D5B496F
:1080F8004E464F5D1B5B306D3A201B5B313B333383
:108108006D5B534D505D201B5B306D456E6761673D
:10811800696E6720574241205357205744540A003C
:108128005B25755D1B5B313B33326D5B494E464FBA
:108138005D1B5B306D3A201B5B313B33336D5B530A
:108148004D505D201B5B306D436F6E6669677572BD
:10815800696E672E2E2E0A005B25755D1B5B313B11
:1081680033336D5B5741524E494E475D1B5B306D53
:108178003A20257328293A20636F6E7472616374FC
:1081880020616C6572742069732061637469766517
:108198002C2065786974696E672E2E2E0A005B257F
:1081A800755D1B5B313B33316D5B4552524F525D00
:1081B8001B5B306D3A20257328293A206661696C6B
:1081C800656420746F2073656E6420636F6E7472CB
:1081D8006163742C206572723D25640A005B257505
:1081E8005D1B5B313B33316D5B4552524F525D1B1A
:1081F8005B306D3A20257328293A206661696C65E1
:108208006420746F206275696C6420636F6E747289
:108218006163742C206D61703D3078253038582C9E
:10822800206572723D25640A005B25755D1B5B3114
:108238003B33316D5B4552524F525D1B5B306D3A9B
:1082480020257328293A20637269746963616C2058
:10825800636F6E7472616374206572723D25640A7F
:10826800005B25755D1B5B313B33316D5B455252BD
:108278004F525D1B5B306D3A20257328293A2063E5
:108288006F6E7472616374206661696C65642065E1
:1082980072723D25640A005B25755D1B5B313B33BB
:1082A800316D5B4552524F525D1B5B306D3A202554
:1082B8007328293A206661696C656420746F2062AE
:1082C80075696C64207468726573686F6C64206487
:1082D800756520746F204F4F4D2C206572723D25B7
:1082E800640A005B25755D1B5B313B33316D5B4573
:1082F80052524F525D1B5B306D3A20257328293A44
:10830800206661696C656420746F206275696C64AD
:10831800207468726573686F6C642C206D61703DA1
:108328003078253038582C206572723D25640A0053
:108338005B25755D1B5B313B33326D5B494E464FA8
:108348005D1B5B306D3A201B5B313B33336D5B53F8
:108358004D505D201B5B306D2320636F6E74723D42
:1083680025752C20232074687265733D25750A00D5
:108378005B25755D1B5B313B33326D5B494E464F68
:108388005D1B5B306D3A201B5B313B33336D5B53B8
:108398004D505D201B5B306D73656E736F72206C82
:1083A80069737420697320656D7074790A005B25A0
:1083B800755D1B5B313B33326D5B494E464F5D1B30
:1083C8005B306D3A201B5B313B33336D5B534D5053
:1083D8005D201B5B306D49646C653A204D54423D0D
:1083E80025642C206261645F636F6E743D25640AA6
:1083F800005B25755D1B5B313B33316D5B4552522C
:108408004F525D1B5B306D3A20257328293A20773F
:1084180061697420666F7220666C6167732065728B
:10842800723D3078253038580A005B25755D1B5B36
:10843800313B33326D5B494E464F5D1B5B306D3AC5
:10844800201B5B313B33336D5B534D505D201B5B11
:10845800306D57532C206B6565702D616C6976659E
:108468002E2E2E0A005B25755D1B5B313B33326D6A
:108478005B494E464F5D1B5B306D3A201B5B313BC1
:1084880033336D5B534D505D201B5B306D57532C60
:10849800206120636F6E666967206368616E676537
:1084A800640A005B25755D1B5B313B33326D5B49AC
:1084B8004E464F5D1B5B306D3A201B5B313B3333BF
:1084C8006D5B534D505D201B5B306D57532C206204
:1084D8006C61636B6F757420737461746520636875
:1084E800616E6765640A005B25755D1B5B313B3314
:1084F800326D5B494E464F5D1B5B306D3A201B5B0E
:10850800313B33336D5B534D505D201B5B306D57F2
:10851800532C20626C61636B6F7574207374617483
:1085280065206368616E6765642C20636F6E747282
:1085380061637420616C657274206973206163746F
:108548006976652C2069676E6F72696E670A005BD1
:1085580025755D1B5B313B33326D5B494E464F5D84
:108568001B5B306D3A201B5B313B33336D5B534DE6
:10857800505D201B5B306D52756E6E696E6720739F
:10858800616D706C696E672E2E2E0A005B25755D15
:108598001B5B313B33316D5B4552524F525D1B5B68
:1085A800306D3A20257328293A20706970656C6906
:1085B8006E65206572723D25642C206661696C6564
:1085C800645F6D61703D3078253038580A005B254E
:1085D800755D1B5B313B33336D5B5741524E494EE2
:1085E800475D1B5B306D3A201B5B313B33336D5B62
:1085F800534D505D201B5B306D4A69747465723D44
:10860800256473206973206C6172676572207468D1
:10861800616E20746865206E6578742077616B657B
:1086280075702064656C61793D2575732C206164D3
:108638006A757374696E672074696D656F757420E7
:10864800746F20300A005B25755D1B5B313B33314D
:108658006D5B4552524F525D1B5B306D3A2025735E
:1086680028293A2077616974696E6720666F7220DD
:1086780074687265616420666C6167206572723D1A
:1086880025640A005B25755D1B5B313B33336D5BED
:108698005741524E494E475D1B5B306D3A201B5B7C
:1086A800313B33336D5B534D505D201B5B306D5454
:1086B800687265616420666C6167207761697420FF
:1086C80074696D656F75742C207265636F6E666969
:1086D800677572696E6720706970656C696E650A86
:1086E800005B25755D1B5B313B33316D5B45525239
:1086F8004F525D1B5B306D3A201B5B313B33336D52
:108708005B534D505D201B5B306D5468726561642E
:1087180020666C61672077616974206572726F7278
:108728002C2070616E69636B696E6720746F2066B8
:108738006174616C206572726F7220737461746504
:108748000A005B25755D1B5B313B33326D5B494E1F
:10875800464F5D1B5B306D3A201B5B313B33336DFD
:108768005B534D505D201B5B306D436F6E666967D0
:10877800206368616E676564206576656E74207233
:10878800656365697665640A005B25755D1B5B3109
:108798003B33326D5B494E464F5D1B5B306D3A2073
:1087A8001B5B313B33336D5B534D505D201B5B309E
:1087B8006D533A52554E2C204D54423D25640A00C3
:1087C8005B25755D1B5B313B33316D5B4552524F09
:1087D800525D1B5B306D3A20257328293A2066616B
:1087E800696C656420746F206275696C6420636FBE
:1087F8006E74726163742C206572723D25640A0080
:108808005B25755D1B5B313B33336D5B5741524EC6
:10881800494E475D1B5B306D3A201B5B313B333360
:108828006D5B534D505D201B5B306D533A52554E76
:108838002C204D54423D302C2062757420636F6E9D
:10884800747261637420616C6572743D310A005BF7
:1088580025755D1B5B313B33326D5B494E464F5D81
:108868001B5B306D3A201B5B313B33336D5B534DE3
:10887800505D201B5B306D45787420706F727420DA
:108888006576656E7420726571756972657320729C
:1088980065636F6E6669677572650A005B25755D4D
:1088A8001B5B313B33326D5B494E464F5D1B5B3082
:1088B8006D3A201B5B313B33336D5B534D505D206C
:1088C8001B5B306D5254432073796E63207265715F
:1088D80075697265642C206C6173742073796E639A
:1088E8003D2575732061676F0A005B25755D1B5B0D
:1088F800313B33316D5B4552524F525D1B5B306DDE
:108908003A20257328293A20666174616C206572C3
:10891800726F722C2073746F7070696E6720736148
:108928006D706C65720A005B25755D1B5B313B33AE
:10893800316D5B4552524F525D1B5B306D3A2025BD
:108948007328293A2065786974696E670A005B257F
:10895800755D1B5B313B33326D5B494E464F5D1B8A
:108968005B306D3A201B5B313B33336D5B534D50AD
:108978005D201B5B306D42746E2065763D25640A70
:10898800005B25755D1B5B313B33326D5B494E46A1
:108998004F5D1B5B306D3A201B5B313B33336D5BA6
:1089A800534D505D201B5B306D436F6E6E65637475
:1089B800697669747920746573742072756E6E694E
:1089C8006E672C2069676E6F72696E6720627574B6
:1089D800746F6E206576656E740A005B25755D1B85
:1089E8005B313B33316D5B4552524F525D1B5B30FF
:1089F8006D3A20257328293A206672616D655F6596
:108A080076656E745F6372656174655F62757474B0
:108A18006F6E28290A005B25755D1B5B313B33317E
:108A28006D5B4552524F525D1B5B306D3A2025738A
:108A380028293A20554C2073656E64206572723D72
:108A480025640A0053414D504C4552005B25755D25
:108A58001B5B313B33316D5B4552524F525D1B5BA3
:108A6800306D3A20257328293A206F73546872654F
:108A78006164466C61677357616974206572726FCF
:108A8800722C20666C6167733D3078253038580A3F
:108A9800005B25755D1B5B313B33316D5B45525285
:108AA8004F525D1B5B306D3A20257328293A20749C
:108AB800687265616420657869740A005B25755D74
:108AC8001B5B313B33316D5B4552524F525D1B5B33
:108AD800306D3A20257328293A20737461636B2D11
:108AE8003E554C2C206572723D25642C20726574AD
:108AF800727920696E202575207365630A005B25ED
:108B0800755D1B5B313B33316D5B4552524F525D96
:108B18001B5B306D3A20257328293A20736C6973E2
:108B280074206572726F72204E554C4C0A005B259A
:108B3800755D1B5B313B33316D5B4552524F525D66
:108B48001B5B306D3A20257328293A2069643D253E
:108B5800642C207072643D3D300A005B25755D1BF6
:108B68005B313B33316D5B4552524F525D1B5B307D
:108B78006D3A202573282920656E61626C653A205C
:108B880069643D25642C206572723D25640A005B8A
:108B980025755D1B5B313B33316D5B4552524F523E
:108BA8005D1B5B306D3A20257328293A2062617479
:108BB800636820636F6E74726163740A005B257565
:108BC8005D1B5B313B33316D5B4552524F525D1B30
:108BD8005B306D3A20257328293A2073656E736FD0
:108BE800722072656D6F7665640A005B25755D1B82
:108BF8005B313B33336D5B5741524E494E475D1BEA
:108C08005B306D3A201B5B313B33336D5B50495011
:108C1800454C5D201B5B306D656D70747920626119
:108C28007463682C206E6F742073656E64696E6758
:108C38000A005B25755D1B5B313B33316D5B45522B
:108C4800524F525D1B5B306D3A20257328293A201C
:108C58006672616D655F63726561746520666169DE
:108C68006C65640A005B25755D1B5B313B33336DB6
:108C78005B5741524E494E475D1B5B306D3A201B96
:108C88005B313B33336D5B504950454C5D201B5B7A
:108C9800306D737461636B20657669637465640A0B
:108CA800005B25755D1B5B313B33326D5B494E467E
:108CB8004F5D1B5B306D3A201B5B313B33336D5B83
:108CC800504950454C5D201B5B306D7573696E676C
:108CD80020534D41435F574F524B41524F554E44DD
:108CE8005F5248545F504F5745525F4F46465F4961
:108CF800535355450A005B25755D1B5B313B333289
:108D08006D5B494E464F5D1B5B306D3A201B5B31F6
:108D18003B33336D5B504950454C5D201B5B306DD8
:108D2800257328293A2025752062617463682873A1
:108D38002920666C75736865640A005B25755D1B80
:108D48005B313B33326D5B494E464F5D1B5B306D8B
:108D58003A201B5B313B33336D5B504950454C5DCA
:108D6800201B5B306D666C757368696E6720637570
:108D78007272656E742062617463680A005B25759F
:108D88005D1B5B313B33316D5B4552524F525D1B6E
:108D98005B306D3A202573282920747269676765EE
:108DA800723A2069643D25642C206572723D256401
:108DB8000A005B25755D1B5B313B33336D5B5741A7
:108DC800524E494E475D1B5B306D3A20257328296A
:108DD800206D736D3D25752C2069643D2564206EDA
:108DE8006F74207265616479207965742C207761CD
:108DF8006974696E67202564206D730A005B2575A8
:108E08005D1B5B313B33316D5B4552524F525D1BED
:108E18005B306D3A2025732829206D736D3D2575CB
:108E28002C2069643D256420646174612072656149
:108E3800647920636865636B206572723D25640AF6
:108E4800005B25755D1B5B313B33316D5B455252D1
:108E58004F525D1B5B306D3A2025732829206D73B6
:108E68006D3D25752C2069643D2564207374696CFB
:108E78006C206E6F742072656164792C2065727243
:108E88003D25640A005B25755D1B5B313B33316D05
:108E98005B4552524F525D1B5B306D3A202573285B
:108EA80029206D736D3D25752C2069643D2564204E
:108EB80072656164206572723D25640A005B2575E0
:108EC8005D1B5B313B33316D5B4552524F525D1B2D
:108ED8005B306D3A20257328293A206D736D3D2546
:108EE800752C2069643D25642061646420746F20BA
:108EF8006261746368206572723D25640A005B25AF
:108F0800755D1B5B313B33316D5B4552524F525D92
:108F18001B5B306D3A20257328293A206D736D3D0F
:108F280025752C2069643D25642C20726F6C653D85
:108F380025642C206572723D25640A00504950450D
:108F48004C494E45005B25755D1B5B313B33316DEC
:108F58005B4552524F525D1B5B306D3A202573289A
:108F6800293A2069326320656E206572723D256456
:108F78000A005B25755D1B5B313B33316D5B4552E8
:108F8800524F525D1B5B306D3A20257328293A20D9
:108F980049443D25642C206572723D25640A005BB6
:108FA80025755D1B5B313B33316D5B4552524F522A
:108FB8005D1B5B306D3A20257328293A20696E695C
:108FC800745F70726F62652049443D25642C20658A
:108FD80072723D25640A005B25755D1B5B313B336E
:108FE800316D5B4552524F525D1B5B306D3A202507
:108FF8007328293A206D616C6C6F6320666F72204C
:1090080049443D2564206661696C65640A005B25F6
:10901800755D1B5B313B33316D5B4552524F525D81
:109028001B5B306D3A20257328293A20736C6973CD
:109038007420707573682C2049443D25640A005BD0
:1090480025755D1B5B313B33316D5B4552524F5289
:109058005D1B5B306D3A20257328293A20637265C1
:109068006174652073656E736F72206C6973740A1E
:10907800005B25755D1B5B313B33316D5B4552529F
:109088004F525D1B5B306D3A20257328293A2049E1
:10909800443D2564206973204E554C4C0A005B25DD
:1090A800755D1B5B313B33316D5B4552524F525DF1
:1090B8001B5B306D3A20257328293A2049443D2509
:1090C80064206765745F69635F6964206572723DD7
:1090D80025640A005B25755D1B5B313B33316D5B95
:1090E8004552524F525D1B5B306D3A20257328293B
:1090F8003A206D697373696E672046445F454E5622
:109108005F53454E534F52535F4D41500A005B2504
:10911800755D1B5B313B33316D5B4552524F525D80
:109128001B5B306D3A20257328293A2066616374E9
:109138006F7279206D61703D3078253038582C2059
:1091480064657465637465643D3078253038580A01
:109158000025752C20005B25755D1B5B313B333288
:109168006D5B494E464F5D1B5B306D3A201B5B3192
:109178003B33376D5B53534C5D201B5B306D49436C
:10918800204944733A2025730A005B25755D1B5BF3
:10919800313B33316D5B4552524F525D1B5B306D35
:1091A8003A20257328293A206275696C6420657213
:1091B800723D25640A005B25755D1B5B313B3333CB
:1091C8006D5B5741524E494E475D1B5B306D3A20EF
:1091D800416C6572742069732061637469766520D7
:1091E800666F722073656E736F72206964202564E0
:1091F800207768696368206973206E6F7420656ED4
:1092080061626C656420696E207468652074687298
:109218006573686F6C6420636F6E666967757261E9
:1092280074696F6E2C20636C656172696E6720616A
:109238006C65727420746F207265736F6C7665202C
:109248006D69736D617463680A005B25755D1B5BEE
:10925800313B33336D5B5741524E494E475D1B5B83
:10926800306D3A20257328293A20746B6E3D257598
:10927800206E6F7420696E20554C206C6973740AD7
:10928800005B25755D1B5B313B33316D5B4552528D
:109298004F525D1B5B306D3A20257328293A2067B1
:1092A8006574206672616D65204944206572723D5F
:1092B80025640A005B25755D1B5B313B33336D5BB1
:1092C8005741524E494E475D1B5B306D3A201B5B40
:1092D800313B33376D5B554C43544C5D201B5B3041
:1092E8006D257328293A206964783D2575206F75A6
:1092F80074206F662072616E676520284650494465
:109308003D25752C20464549443D2575292C207559
:1093180073696E672064656661756C742054544C7B
:109328002F72657472790A005B25755D1B5B313B92
:1093380033316D5B4552524F525D1B5B306D3A20A5
:10934800257328293A207762612073656E64207539
:10935800706C696E6B20736572766963650A005B71
:1093680025755D1B5B313B33316D5B4552524F5266
:109378005D1B5B306D3A20257328293A20736C6990
:10938800737420616464206661696C65640A0049CD
:10939800444C4500546D725100546D7220537663ED
:1093A800005265762E205900556E6B6E6F776E00F1
:1093B8005265762E205A0053544D3332574C7878E4
:1093C800003C4E554C4C3E00303132333435363744
:1093D80038396162636465666768696A6B6C6D6E6B
:1093E8006F707172737475767778797A003031326C
:1093F800333435363738394142434445464748497E
:109408004A4B4C4D4E4F505152535455565758593C
:109418005A00232D302B2000686C4C006566674588
:1094280046470030313233343536373839414243D4
:109438004445460030313233343536373839616285
:109448006364656600000000DA3803080100000064
:1094580000000000000000002CED00E028ED00E016
:109468007D140108791401082D140108B5140108A8
:109478009114010829140108491B0108651B0108FA
:10948800AD1B01081D1C0108C91B0108351C01087A
:109498005D1C0108191D0108551D0108F11D010871
:1094A800E51B0108DD1C0108051B01087D1D0108DD
:1094B800BD1D0108211B0108251B0108391B0108D6
:1094C8000D2101083D210108B9200108A520010846
:1094D8005B25755D1B5B313B33326D5B494E464FF7
:1094E8005D1B5B306D3A2053544D3332574C7878BE
:1094F80020526164696F20417070207374617274C6
:1095080065640A005B25755D1B5B313B33316D5B20
:109518004552524F525D1B5B306D3A20556E616269
:109528006C6520746F207265747269657665204871
:109538006F737420436F6D6D206576656E74206659
:109548006C6167732E204572726F722030782578AF
:109558000A0000005B25755D1B5B313B33316D5B99
:109568004552524F525D1B5B306D3A20486F737401
:1095780020636F6D6D20535049204352432065721C
:10958800726F72206F636375727265640A000000FF
:109598005B25755D1B5B313B33316D5B4552524F2B
:1095A800525D1B5B306D3A20486F737420636F6D9A
:1095B8006D20535049206572726F72206F63637516
:1095C800727265643A20307825780A005B25755DEB
:1095D8001B5B313B33326D5B494E464F5D1B5B3045
:1095E8006D3A20456E746572696E67204750494F21
:1095F8002048616E647368616B652073746174657B
:1096080020627920616E20696E7465726E616C20CB
:10961800726571756573740A000000005B25755DDD
:109628001B5B313B33336D5B5741524E494E475DAF
:109638001B5B306D3A20476F742065787465726ED5
:10964800616C207265717565737420666F7220474E
:1096580050494F2048616E647368616B650A000069
:109668005B25755D1B5B313B33336D5B5741524E58
:10967800494E475D1B5B306D3A204661696C6564F5
:1096880020746F20636C65617220686F7374206347
:109698006F6D6D205350492054782F527820627591
:1096A800666665722E204572726F722025752E20AF
:1096B80057696C6C207472792066756C6C205350F5
:1096C80049207265696E69740A0000005B25755D42
:1096D8001B5B313B33316D5B4552524F525D1B5B17
:1096E800306D3A204661696C656420746F2072653C
:1096F80073657420686F737420636F6D6D205350A9
:10970800492E204572726F722025752E2048616E91
:10971800647368616B6520737461746520656E7429
:109728007279206661696C65640A00005B25755D65
:109738001B5B313B33336D5B5741524E494E475D9E
:109748001B5B306D3A2043616E277420737461721D
:109758007420686F737420636F6D6D2053504920B7
:1097680062757320636F6D6D756E69636174696F7F
:109778006E2E20412072657472792077696C6C2096
:10978800626520617474656D707465640A00000018
:109798005B25755D1B5B313B33316D5B4552524F29
:1097A800525D1B5B306D3A2043616E2774207374E1
:1097B80061727420686F737420636F6D6D205350ED
:1097C800492062757320636F6D6D756E696361748E
:1097D800696F6E2E20556E7265636F766572616271
:1097E8006C65206572726F722025750A0000000092
:1097F8005B25755D1B5B313B33316D5B4552524FC9
:10980800525D1B5B306D3A204661696C656420745B
:109818006F207365742048616E647368616B65209E
:10982800526573706F6E736520535049207061796B
:109838006C6F61642E2053494420526164696F2023
:109848006572726F722025750A0000005B25755DD0
:109858001B5B313B33316D5B4552524F525D1B5B95
:10986800306D3A204661696C656420746F20656EBE
:10987800746572207468652048616E647368616BF2
:10988800652073746174650A000000005B25755DCE
:109898001B5B313B33316D5B4552524F525D1B5B55
:1098A800306D3A2052756E6E696E6720686F7374FA
:1098B80020636F6D6D20527820534D20696E2073A0
:1098C800746174652048435F52585F53544154454E
:1098D8005F4D53475F52454345495645440A00008A
:1098E8005B25755D1B5B313B33316D5B4552524FD8
:1098F800525D1B5B306D3A20486F737420636F6D47
:109908006D20527820534D20697320696E20756E42
:109918006B6E6F776E2073746174653A2025750AD3
:10992800000000005B25755D1B5B313B33316D5BCF
:109938004552524F525D1B5B306D3A204661696C4F
:10994800656420746F2070726F6365737320536948
:10995800646577616C6B20526164696F2061707017
:1099680020636F6D6D616E642E204572726F722078
:1099780025750A005B25755D1B5B313B33316D5BDB
:109988004552524F525D1B5B306D3A20486F7374DD
:1099980020636F6D6D205350492052782070726F8C
:1099A80063657373696E6720666174616C206572A4
:1099B800726F722025752E20496E7465722D4D4385
:1099C8005520636F6D6D207265736574206973200F
:1099D80072657175697265640A0000005B25755DC2
:1099E8001B5B313B33336D5B5741524E494E475DEC
:1099F8001B5B306D3A205265717565737465642020
:109A0800746F20616464206E756C6C20646174618D
:109A180020746F20686F737420636F6D6D205350CE
:109A280049205478207175657565202D2069676E09
:109A38006F7265640A0000005B25755D1B5B313B36
:109A480033316D5B4552524F525D1B5B306D3A208E
:109A5800556E61626C6520746F2073656E64202595
:109A6800752062797465732076696120686F7374F4
:109A780020636F6D6D205350492E204D545520732F
:109A8800697A65206C696D69742069732025750A87
:109A9800000000005B25755D1B5B313B33316D5B5E
:109AA8004552524F525D1B5B306D3A204661696CDE
:109AB800656420746F20656E7175657565207369BE
:109AC8006E676C6520535049205478206672616D2A
:109AD800652E205478204649464F206973206675C4
:109AE8006C6C0A005B25755D1B5B313B33316D5B2C
:109AF8004552524F525D1B5B306D3A204661696C8E
:109B0800656420746F20656E71756575652073696D
:109B18006E676C6520535049205478206672616DD9
:109B2800652E2050414C206572726F722025750A8F
:109B3800000000005B25755D1B5B313B33316D5BBD
:109B48004552524F525D1B5B306D3A204661696C3D
:109B5800656420746F20656E71756575652025755F
:109B680020535049205478204C4454206672616D2B
:109B780065732E205478204649464F20686173202B
:109B88006F6E6C79202575206672656520736C6F21
:109B980074730A005B25755D1B5B313B33316D5B6C
:109BA8004552524F525D1B5B306D3A204661696CDD
:109BB800656420746F20656E7175657565205350F6
:109BC80049205478204C4454206672616D65732E88
:109BD8002050414C206572726F722025750A000072
:109BE8005B25755D1B5B313B33316D5B4552524FD5
:109BF800525D1B5B306D3A2043616E6E6F74206856
:109C08006172642D7265736574205350492E205516
:109C18006E6B6E6F776E2053504920696E73746156
:109C28006E63652028626173652061646472657380
:109C3800732030782578290A000000005B25755DBF
:109C48001B5B313B33336D5B5741524E494E475D89
:109C58001B5B306D3A20535049204E535320697393
:109C680020616374697661746564206265666F72E9
:109C78006520535049206973207374617274656458
:109C88002E2057616974696E6720666F72204E5383
:109C98005320646561637469766174696F6E2E2EF2
:109CA8002E0A00005B25755D1B5B313B33316D5B14
:109CB8004552524F525D1B5B306D3A20535049203C
:109CC8004E535320697320616374697661746564C7
:109CD800206265666F72652053504920697320734E
:109CE8007461727465642E2054696D656F75742093
:109CF8006F6E20776169740A000000005B25755D4E
:109D08001B5B313B33316D5B4552524F525D1B5BE0
:109D1800306D3A204661696C656420746F20656E09
:109D280061626C6520444D414D55582072657175CE
:109D380065737420666F722053504920444D41204A
:109D48005265717565737420436F6E74726F6C2001
:109D58006368616E6E656C2E2048414C2065727296
:109D68006F7220307825780A000000005B25755D49
:109D78001B5B313B33316D5B4552524F525D1B5B70
:109D8800306D3A204661696C656420746F20656E99
:109D980061626C6520444D414D555820726571755E
:109DA80065737420666F72205350492053434B20CB
:109DB80050696E20436F6E74726F6C206368616EB9
:109DC8006E656C2E2048414C206572726F7220308F
:109DD8007825780A000000005B25755D1B5B313B28
:109DE80033316D5B4552524F525D1B5B306D3A20EB
:109DF800535049204E535320676F74206163746930
:109E08007661746564207768696C652053504920D1
:109E18006973207374617274696E672E2053504998
:109E280020776173206E6F74207374617274656437
:109E380020746F2061766F696420756E6465666949
:109E48006E6564206265686176696F720A00000059
:109E58005B25755D1B5B313B33316D5B4552524F62
:109E6800525D1B5B306D3A20486F737420636F6DD1
:109E78006D20535049207265696E697469616C6917
:109E88007A6174696F6E206661696C65642E20481A
:109E9800414C206572726F7220307825780A000074
:109EA8005B25755D1B5B313B33316D5B4552524F12
:109EB800525D1B5B306D3A204661696C65642074A5
:109EC8006F20657865637574652053756247487AB5
:109ED80020636D642E20436D643A2030782530323B
:109EE800582C2048414C5F53554247485A206572C8
:109EF800723A20307825780A000000002B00000014
:109F08005B25755D1B5B313B33316D5B4552524FB1
:109F1800525D1B5B306D3A205265717565737469CB
:109F28006E672048504120666F722053756247481B
:109F38007A2054782C206275742074686520626FCA
:109F480061726420646F6573206E6F74207375701E
:109F5800706F72742069740A000000005B25755DDB
:109F68001B5B313B33316D5B4552524F525D1B5B7E
:109F7800306D3A2052657175657374696E67204C4F
:109F8800504120666F722053756247487A20547892
:109F98002C206275742074686520626F6172642079
:109FA800646F6573206E6F7420737570706F727450
:109FB8002069740A000000005B25755D1B5B313B5E
:109FC80033316D5B4552524F525D1B5B306D3A2009
:109FD800556E6B6E6F776E2053756247487A2052C4
:109FE8004249205478206361706162696C697469C0
:109FF8006573202830782558290A00005B25755D8F
:10A008001B5B313B33316D5B4552524F525D1B5BDD
:10A01800306D3A204661696C656420746F207772F0
:10A028006974652053756247487A207265672E20E7
:10A038005265673A203078253034582C2048414CF6
:10A048005F53554247485A206572723A2030782546
:10A05800780A00005B25755D1B5B313B33316D5B16
:10A068004552524F525D1B5B306D3A204661696C18
:10A07800656420746F207265616420537562474877
:10A088007A207265672E205265673A20307825302D
:10A0980034582C2048414C5F53554247485A206554
:10A0A80072723A20307825780A0000005B25755DC9
:10A0B8001B5B313B33336D5B5741524E494E475D15
:10A0C8001B5B306D3A20547820706F77657220736F
:10A0D80061747572617465642066726F6D20257392
:10A0E800256464426D20746F202573256464426D75
:10A0F8002064756520746F204857206C696D6974F9
:10A108006174696F6E730A005B25755D1B5B313B7B
:10A1180033326D5B494E464F5D1B5B306D3A2053C1
:10A12800756247487A20547820706F77657220737B
:10A13800657420746F202573256464420A0000004A
:10A148005B25755D1B5B313B33316D5B4552524F6F
:10A15800525D1B5B306D3A204661696C6564207402
:10A168006F206163636573732053756247487A2E65
:10A178002048414C5F53554247485A206572723A0D
:10A1880020307825780A00005B25755D1B5B313B24
:10A1980033316D5B4552524F525D1B5B306D3A2037
:10A1A8004661696C656420746F20636F6E666967C9
:10A1B8007572652053756247487A20616E74656EC2
:10A1C8006E61207377697463682E20524249206556
:10A1D80072726F722025642C20737769746368200B
:10A1E8006366673A2025750A000000005B25755DE7
:10A1F8001B5B313B33316D5B4552524F525D1B5BEC
:10A20800306D3A204661696C656420746F2073650F
:10A21800742053756247487A20726164696F206DB3
:10A228006F64652E204572726F722025750A0000D2
:10A238005B25755D1B5B313B33316D5B4552524F7E
:10A24800525D1B5B306D3A20554454202D206572B9
:10A25800726F72207768696C652077616974696EBE
:10A2680067206472697665722072656164696E65DB
:10A2780073732E204572726F7220666C616773204B
:10A288003078253038580A005B25755D1B5B313BFB
:10A2980033316D5B4552524F525D1B5B306D3A2036
:10A2A800554454202D206572726F72207768696C4E
:10A2B800652077616974696E672055445420656E1E
:10A2C80061626C656D656E742E204572726F7220C6
:10A2D800666C616773203078253038580A000000B2
:10A2E8005B25755D1B5B313B33336D5B5741524ECC
:10A2F800494E475D1B5B306D3A204661696C656469
:10A3080020746F2061726D204C504D2073757370EE
:10A31800656E642074696D65722E204572726F7265
:10A328002025750A000000005B25755D1B5B313B2D
:10A3380033316D5B4552524F525D1B5B306D3A2095
:10A348004661696C656420746F2073656E6420557E
:10A358004454206D6573736167652E204572726F72
:10A36800722025750A0000005B25755D1B5B313B7B
:10A3780033336D5B5741524E494E475D1B5B306D21
:10A388003A20554454207472616E73666572207366
:10A398006B6970706564202D20656D707479206418
:10A3A8006174612070726F76696465640A000000E8
:10A3B8005B25755D1B5B313B33316D5B4552524FFD
:10A3C800525D1B5B306D3A20556E6578706563741D
:10A3D8006564206572726F72207768696C652061A8
:10A3E8006363657373696E6720554454207175659E
:10A3F80075652E204F53206572726F722030782554
:10A408003038780A000000005B25755D1B5B313B26
:10A4180033316D5B4552524F525D1B5B306D3A20B4
:10A428004661696C656420746F20656E7175657529
:10A43800652053756247487A2049525120737461E8
:10A4480074757320535049206672616D652E2048DB
:10A4580043206572726F722025750A005B25755D51
:10A468001B5B313B33316D5B4552524F525D1B5B79
:10A47800306D3A204661696C656420746F20656EA2
:10A4880071756575652053756247487A2049525140
:10A4980020666F6C6C6F772D757020646174612E07
:10A4A800204843206572726F722025750A000000EB
:10A4B8005B25755D1B5B313B33316D5B4552524FFC
:10A4C800525D1B5B306D3A204661696C656420748F
:10A4D8006F2073746172742053756247487A2054F0
:10A4E800782E204572726F722025750A00000000D0
:10A4F8005B25755D1B5B313B33316D5B4552524FBC
:10A50800525D1B5B306D3A20554454202D20666106
:10A51800696C656420746F2073746F702063757440
:10A528002D6F66662074696D65722E204572726F94
:10A53800722025640A0000005B25755D1B5B313BBA
:10A5480033336D5B5741524E494E475D1B5B306D4F
:10A558003A204661696C656420746F207265636F88
:10A568006E666967757265205544542E204572726F
:10A578006F722025750A00005B25755D1B5B313BFA
:10A5880033336D5B5741524E494E475D1B5B306D0F
:10A598003A204661696C656420746F20656E61625B
:10A5A8006C65205544542E204572726F72202575B3
:10A5B8000A0000005B25755D1B5B313B33336D5B27
:10A5C8005741524E494E475D1B5B306D3A204661FC
:10A5D800696C656420746F207075742053756247C8
:10A5E800487A20696E746F20536C6565702E20451B
:10A5F80072726F722025750A000000005B25755D78
:10A608001B5B313B33316D5B4552524F525D1B5BD7
:10A61800306D3A20554454202D206661696C65647C
:10A6280020746F20736574206375742D6F666620BF
:10A6380074696D657220706572696F642E20457249
:10A64800726F722025640A005B25755D1B5B313BC8
:10A6580033316D5B4552524F525D1B5B306D3A2072
:10A66800554454202D206661696C656420746F2000
:10A678007374617274206375742D6F6666207469D3
:10A688006D65722E204572726F722025640A000073
:10A6980046534B004C6F526100000000556E6465D4
:10A6A80066696E6564000000756E6B6E6F776E008C
:10A6B8005B25755D1B5B313B33336D5B5741524EF8
:10A6C800494E475D1B5B306D3A20417474656D706F
:10A6D8007420746F20736574206D6F64656D206DD0
:10A6E8006F6465206265666F7265205375624748BE
:10A6F8007A20636F6E6669672069732073656E746C
:10A708000A0000005B25755D1B5B313B33316D5BD7
:10A718004552524F525D1B5B306D3A205F7369643E
:10A728005F726164696F5F636F6E766572745F7480
:10A738006F5F7068795F6C6F72615F6D6F645F7077
:10A748006172616D733A20636F64696E672072612C
:10A7580074652073656C6563746F72206973206E0D
:10A768006F7420737570706F727465642C207265D5
:10A77800717565737465642043522069732030785D
:10A7880025780A005B25755D1B5B313B33316D5BBA
:10A798004552524F525D1B5B306D3A2043616E6EDD
:10A7A8006F74206170706C792046534B2073796EFA
:10A7B8006320776F7264202D6974277320746F6F1C
:10A7C800206C6F6E672028257520767320257529E3
:10A7D8000A0000005B25755D1B5B313B33316D5B07
:10A7E8004552524F525D1B5B306D3A204661696C91
:10A7F800656420746F207365742053756247487AC6
:10A80800206D6F64656D206D6F64652E20556E6BCD
:10A818006E6F776E206D6F646520726571756572F5
:10A8280073746564202830782578290A00000000B0
:10A838005B25755D1B5B313B33326D5B494E464F83
:10A848005D1B5B306D3A2053756247487A20726110
:10A8580064696F206D6F64656D2073657420746F13
:10A86800202573206D6F64650A0000005B25755D07
:10A878001B5B313B33316D5B4552524F525D1B5B65
:10A88800306D3A204661696C656420746F20736589
:10A89800742053756247487A20726164696F206D2D
:10A8A8006F64656D20746F202573206D6F64652E4D
:10A8B800204572726F723A2025750A005B25755D16
:10A8C8001B5B313B33316D5B4552524F525D1B5B15
:10A8D800306D3A2053756247487A20696E69742052
:10A8E8006661696C757265202D20756E61626C6594
:10A8F80020746F2070757420726164696F20696EAE
:10A90800746F205374616E646279205243207374AB
:10A918006174652E204572726F722025750A0000D9
:10A928005B25755D1B5B313B33316D5B4552524F87
:10A93800525D1B5B306D3A204661696C656420741A
:10A948006F20656E61626C6520534D505320636CB7
:10A958006F636B20646574656374696F6E2E204144
:10A9680070706C69656420636F6E6669673A203041
:10A9780078253032582C20726561646261636B20DF
:10A98800636F6E6669673A203078253032580A005E
:10A998005B25755D1B5B313B33336D5B5741524E15
:10A9A800494E475D1B5B306D3A2048534520544360
:10A9B800584F20706F7765722069732064697361DE
:10A9C800626C65642C2066616C6C696E67206261DC
:10A9D800636B20746F205854414C0A005B25755DE9
:10A9E8001B5B313B33316D5B4552524F525D1B5BF4
:10A9F800306D3A2053756247487A20696E69742031
:10AA08006661696C757265202D20756E61626C6572
:10AA180020746F2070757420726164696F20696E8C
:10AA2800746F205374616E64627920584F534320C9
:10AA380073746174652E204572726F722025750AD1
:10AA4800000000005B25755D1B5B313B33316D5B9E
:10AA58004552524F525D1B5B306D3A204578746504
:10AA6800726E616C207265717565737420746F20E5
:10AA780072657365742053756247487A20706572F1
:10AA88006970686572616C2072656A656374656473
:10AA9800202D20696E76616C6964206B657973205E
:10AAA800286B313A203078253038782C206B323AB0
:10AAB80020307825303878290A0000005B25755D3C
:10AAC8001B5B313B33316D5B4552524F525D1B5B13
:10AAD800306D3A204661696C656420746F20736537
:10AAE800742049525120696E6469636174696F6E9C
:10AAF8002075706F6E2053756247487A20526573CF
:10AB0800657420636F6D706C6574696F6E2E204577
:10AB180072726F722025750A000000005B25755D52
:10AB28001B5B313B33336D5B5741524E494E475D9A
:10AB38001B5B306D3A20496E76616C6964206465F0
:10AB4800657020736C6565702072657175657374C6
:10AB5800202D2069676E6F7265640A005B25755D3C
:10AB68001B5B313B33326D5B494E464F5D1B5B309F
:10AB78006D3A205369646577616C6B206F706572FC
:10AB88006174696F6E73206365617365640A0000A0
:10AB98005B25755D1B5B313B33316D5B4552524F15
:10ABA800525D1B5B306D3A204661696C65642074A8
:10ABB8006F207365742049525120696E646963611E
:10ABC80074696F6E2075706F6E2053756247487A8E
:10ABD80020536C65657020636F6D706C6574696F68
:10ABE8006E2E204572726F722025750A00000000D3
:10ABF8005B25755D1B5B313B33316D5B4552524FB5
:10AC0800525D1B5B306D3A204661696C6564207447
:10AC18006F207365742049525120696E64696361BD
:10AC280074696F6E2075706F6E2053756247487A2D
:10AC3800205374616E64627920636F6D706C657403
:10AC4800696F6E2E204572726F722025750A00009A
:10AC58005B25755D1B5B313B33316D5B4552524F54
:10AC6800525D1B5B306D3A204661696C65642074E7
:10AC78006F206170706C792053756247487A205252
:10AC88006164696F20636F6E666967757261746964
:10AC98006F6E2E2052656365697665642025752080
:10ACA8006279746573206275742065787065637461
:10ACB80065642025750A00005B25755D1B5B313BCB
:10ACC80033316D5B4552524F525D1B5B306D3A20FC
:10ACD8004661696C656420746F2061636B6E6F7781
:10ACE8006C656467652053756247487A20526164D1
:10ACF800696F20436F6E66696775726174696F6EFC
:10AD080020726571756573742E204572726F72209A
:10AD180025750A005B25755D1B5B313B33326D5B26
:10AD2800494E464F5D1B5B306D3A2052656365693D
:10AD38007665642053756247487A20636F6E66694A
:10AD48006775726174696F6E0A0000005B25755D36
:10AD58001B5B313B33316D5B4552524F525D1B5B80
:10AD6800306D3A2053756247487A2068617264777B
:10AD780061726520696E6974207265717565737496
:10AD88006564206265666F726520686F7374204D14
:10AD9800435520737570706C6965642053756247FC
:10ADA800487A20636F6E6669670A00005B25755DE7
:10ADB8001B5B313B33316D5B4552524F525D1B5B20
:10ADC800306D3A204661696C656420746F20736544
:10ADD800742049525120696E6469636174696F6EA9
:10ADE8002075706F6E2053756247487A20626173D0
:10ADF8006520485720696E697420636F6D706C65B3
:10AE080074696F6E2E204572726F722025750A0064
:10AE18005B25755D1B5B313B33316D5B4552524F92
:10AE2800525D1B5B306D3A20496E76616C69642017
:10AE38006672657175656E792062616E64207370E3
:10AE4800656369666965643A2025750A0000000033
:10AE58005B25755D1B5B313B33316D5B4552524F52
:10AE6800525D1B5B306D3A204661696C65642074E5
:10AE78006F207365742053756247487A206672653F
:10AE88007175656E637920746F2025752E20457263
:10AE9800726F722025750A005B25755D1B5B313B5F
:10AEA80033336D5B5741524E494E475D1B5B306DE6
:10AEB8003A20417474656D707420746F20636F6EEE
:10AEC8006669677572652053756247487A205478B9
:10AED80020706F776572206265666F72652074688E
:10AEE8006520636F6E6669672069732073656E7489
:10AEF8000A0000005B25755D1B5B313B33316D5BE0
:10AF08004552524F525D1B5B306D3A204661696C69
:10AF1800656420746F207365742053756247487A9E
:10AF280020547820706F77657220746F2025732500
:10AF38006464422E204572726F722025750A0000E3
:10AF48005B25755D1B5B313B33336D5B5741524E5F
:10AF5800494E475D1B5B306D3A20417474656D70D6
:10AF68007420746F20736574206D6F64656D207331
:10AF7800796E6320776F7264206265666F726520F0
:10AF880053756247487A20636F6E666967206973F4
:10AF98002073656E740A00005B25755D1B5B313B91
:10AFA80033336D5B5741524E494E475D1B5B306DE5
:10AFB8003A20496E76616C6964206D6F64656D2016
:10AFC80073706563696669656420666F722053658E
:10AFD800742053796E6320576F726420636D643AEE
:10AFE8002025750A000000005B25755D1B5B313B61
:10AFF80033336D5B5741524E494E475D1B5B306D95
:10B008003A20417474656D707420746F2073657490
:10B01800204C6F52612073796D626F6C2074696D7A
:10B02800656F7574206265666F7265205375624737
:10B03800487A20636F6E6669672069732073656E4E
:10B04800740A00005B25755D1B5B313B33316D5B1A
:10B058004552524F525D1B5B306D3A204661696C18
:10B06800656420746F206170706C79204C6F526138
:10B078002073796D626F6C2074696D656F757420CB
:10B0880073657474696E672E204572726F7220251D
:10B09800750A00005B25755D1B5B313B33336D5BC7
:10B0A8005741524E494E475D1B5B306D3A20417403
:10B0B80074656D707420746F20736574204C6F52C2
:10B0C80061206D6F64756C6174696F6E2070617258
:10B0D800616D73206265666F7265205375624748BB
:10B0E8007A20636F6E6669672069732073656E7472
:10B0F8000A0000005B25755D1B5B313B33316D5BDE
:10B108004552524F525D1B5B306D3A204661696C67
:10B11800656420746F206170706C79204C6F526187
:10B12800206D6F64756C6174696F6E2070617261F7
:10B138006D732E204572726F722025750A0000000B
:10B148005B25755D1B5B313B33336D5B5741524E5D
:10B15800494E475D1B5B306D3A20417474656D70D4
:10B168007420746F20736574204C6F526120706175
:10B17800636B657420706172616D73206265666FC0
:10B1880072652053756247487A20636F6E666967F7
:10B198002069732073656E740A0000005B25755D75
:10B1A8001B5B313B33316D5B4552524F525D1B5B2C
:10B1B800306D3A204661696C656420746F20617057
:10B1C800706C79204C6F5261207061636B657420DC
:10B1D800706172616D732E204572726F72202575D1
:10B1E8000A0000005B25755D1B5B313B33336D5BEB
:10B1F8005741524E494E475D1B5B306D3A204174B2
:10B2080074656D707420746F20736574204C6F5270
:10B21800612043414420706172616D7320626566EC
:10B228006F72652053756247487A20636F6E66694E
:10B23800672069732073656E740A00005B25755D6D
:10B248001B5B313B33316D5B4552524F525D1B5B8B
:10B25800306D3A204661696C656420746F206170B6
:10B26800706C79204C6F52612043414420706172A8
:10B27800616D732E204572726F722025750A000069
:10B288005B25755D1B5B313B33336D5B5741524E1C
:10B29800494E475D1B5B306D3A20417474656D7093
:10B2A8007420746F2046534B206D6F64756C617405
:10B2B800696F6E20706172616D73206265666F726E
:10B2C800652053756247487A20636F6E6669672008
:10B2D80069732073656E740A000000005B25755D54
:10B2E8001B5B313B33316D5B4552524F525D1B5BEB
:10B2F800306D3A204661696C656420746F20617016
:10B30800706C792046534B206D6F64756C6174695D
:10B318006F6E20706172616D732E204572726F724C
:10B328002025750A000000005B25755D1B5B313B1D
:10B3380033336D5B5741524E494E475D1B5B306D51
:10B348003A20417474656D707420746F207365744D
:10B358002046534B207061636B6574207061726185
:10B368006D73206265666F72652053756247487A0F
:10B3780020636F6E6669672069732073656E740A4F
:10B38800000000005B25755D1B5B313B33316D5B55
:10B398004552524F525D1B5B306D3A204661696CD5
:10B3A800656420746F206170706C792046534B205F
:10B3B8007061636B657420706172616D732E2045D6
:10B3C80072726F722025750A000000005B25755D9A
:10B3D8001B5B313B33316D5B4552524F525D1B5BFA
:10B3E800306D3A204661696C656420746F2073651E
:10B3F800742053756247487A2054782062756666CF
:10B4080065722E2042797465732077726974746549
:10B418006E3A2025752C2065787065637465643AEA
:10B428002025752C206572726F722025750A000020
:10B438005B25755D1B5B313B33336D5B5741524E6A
:10B44800494E475D1B5B306D3A20417474656D70E1
:10B458007420746F2073746172742054782062654C
:10B46800666F72652053756247487A20636F6E660F
:10B4780069672069732073656E740A005B25755DC2
:10B488001B5B313B33316D5B4552524F525D1B5B49
:10B49800306D3A204661696C656420746F2073745E
:10B4A8006172742053756247487A2054782E20457B
:10B4B80072726F722025752E204D6F64656D206D38
:10B4C8006F64653A2025750A000000005B25755DEC
:10B4D8001B5B313B33336D5B5741524E494E475DE1
:10B4E8001B5B306D3A20417474656D707420746F05
:10B4F800207374617274205278206265666F726579
:10B508002053756247487A20636F6E6669672069C1
:10B51800732073656E740A005B25755D1B5B313B98
:10B5280033316D5B4552524F525D1B5B306D3A2093
:10B538004661696C656420746F207374617274204D
:10B5480053756247487A2052782E204572726F727E
:10B558002025750A000000005B25755D1B5B313BEB
:10B5680033336D5B5741524E494E475D1B5B306D1F
:10B578003A20417474656D707420746F207374611F
:10B5880072742046534B206361727269657220732E
:10B59800656E7365206265666F72652053756247D4
:10B5A800487A20636F6E6669672069732073656ED9
:10B5B800740A00005B25755D1B5B313B33316D5BA5
:10B5C8004552524F525D1B5B306D3A2046534B201B
:10B5D80043532065786974206D6F64652030782541
:10B5E80058206973206E6F7420737570706F727451
:10B5F80065640A005B25755D1B5B313B33316D5B10
:10B608004552524F525D1B5B306D3A204661696C62
:10B61800656420746F207374617274204361727260
:10B628006965722053656E73652E204572726F725C
:10B638002025750A000000005B25755D1B5B313B0A
:10B6480033336D5B5741524E494E475D1B5B306D3E
:10B658003A20436F6D6D616E642053544152545FBC
:10B6680043575F5458206973206E6F742073757048
:10B67800706F727465640A005B25755D1B5B313BF6
:10B6880033336D5B5741524E494E475D1B5B306DFE
:10B698003A20436F6D6D616E642053544152545F7C
:10B6A800494E46494E4954455F50424C5F545820D4
:10B6B8006973206E6F7420737570706F727465642F
:10B6C8000A0000005B25755D1B5B313B33336D5B06
:10B6D8005741524E494E475D1B5B306D3A20436FD0
:10B6E8006D6D616E642053544152545F434F4E5404
:10B6F800494E494F55535F5258206973206E6F74F5
:10B7080020737570706F727465640A005B25755DCF
:10B718001B5B313B33336D5B5741524E494E475D9E
:10B728001B5B306D3A20436F6D6D616E642053452D
:10B73800545F52585F445554595F4359434C452010
:10B748006973206E6F7420737570706F727465649E
:10B758000A0000005B25755D1B5B313B33336D5B75
:10B768005741524E494E475D1B5B306D3A20436F3F
:10B778006D6D616E642053544152545F4C4F524179
:10B788005F434144206973206E6F74207375707035
:10B798006F727465640A00005B25755D1B5B313B45
:10B7A80033336D5B5741524E494E475D1B5B306DDD
:10B7B8003A20436F6D6D616E64204745545F4C4974
:10B7C80056455F52535349206973206E6F74207336
:10B7D8007570706F727465640A0000005B25755D92
:10B7E8001B5B313B33336D5B5741524E494E475DCE
:10B7F8001B5B306D3A20436F6D6D616E642043486A
:10B8080045434B5F4348414E4E454C5F4652454584
:10B81800206973206E6F7420737570706F72746511
:10B82800640A00005B25755D1B5B313B33336D5B40
:10B838005741524E494E475D1B5B306D3A20436F6E
:10B848006D6D616E64204745545F4348414E4E45D7
:10B858004C5F4E4F495345206973206E6F742073B7
:10B868007570706F727465640A0000005B25755D01
:10B878001B5B313B33316D5B4552524F525D1B5B55
:10B88800306D3A20526563656976656420616E2083
:10B89800756E6B6E6F776E205369646577616C6B3C
:10B8A80020526164696F20417070204F70436F644B
:10B8B800653A20307825582C20307825580A000021
:10B8C8003930322D393238204D487A005B25755D84
:10B8D8001B5B313B33326D5B494E464F5D1B5B3022
:10B8E8006D3A2053756247487A20667265717565AE
:10B8F8006E63792062616E642073657420746F20B2
:10B9080025730A005B25755D1B5B313B33316D5B2D
:10B918004552524F525D1B5B306D3A204661696C4F
:10B92800656420746F2072656164202575206279D2
:10B938007465732066726F6D2053756247487A206C
:10B948006275666665722E2048414C5F53554247C2
:10B95800485A206572723A20307825780A0000002B
:10B968005B25755D1B5B313B33316D5B4552524F37
:10B97800525D1B5B306D3A204661696C65642074CA
:10B988006F20726561642053756247487A20696E3A
:10B998007465726E616C2052414D206275666665F1
:10B9A800722E204572726F722025750A0000000001
:10B9B8005B25755D1B5B313B33316D5B4552524FE7
:10B9C800525D1B5B306D3A204661696C656420747A
:10B9D8006F20726561642053756247487A204C6F06
:10B9E8005261207061636B65742073746174757340
:10B9F8002E204572726F722025750A005B25755DD1
:10BA08001B5B313B33316D5B4552524F525D1B5BC3
:10BA1800306D3A204661696C656420746F207265E8
:10BA280061642053756247487A204C6F52612068E0
:10BA38006561646572204352432073746174757341
:10BA48002E2048616C206572726F722030782578DC
:10BA58000A0000005B25755D1B5B313B33316D5B74
:10BA68004552524F525D1B5B306D3A2052656365FB
:10BA7800697665642053756247487A205278204475
:10BA88006F6E65204952512C206275742061637471
:10BA9800697665206D6F64656D206D6F646520281B
:10BAA80025752920697320696E76616C69640A00BE
:10BAB8005B25755D1B5B313B33336D5B5741524EE4
:10BAC800494E475D1B5B306D3A20556E6578706551
:10BAD800637465642053756247487A20495251203F
:10BAE80064657465637465643A2030782530345829
:10BAF8002E204E6F2068616E646C657273206173CE
:10BB08007369676E656420746F2069742E20416CB8
:10BB18006C207265706F727465643A2030782530D5
:10BB280034580A005B25755D1B5B313B33336D5B15
:10BB38005741524E494E475D1B5B306D3A20556E5A
:10BB480068616E646C65642053756247487A204961
:10BB5800525173206964656E7469666965642E2044
:10BB68005265706F727465643A2030782530347885
:10BB78002C20756E68616E646C65643A2030782597
:10BB88003034780A000000005B25755D1B5B313B93
:10BB980033316D5B4552524F525D1B5B306D3A201D
:10BBA80053756247487A204952512070726F636515
:10BBB8007373206572726F722025752E2049525159
:10BBC8003A2030782530345820726164696F2073C8
:10BBD800746174653A2025752C206D6F64656D203D
:10BBE80025750A005B25755D1B5B313B33316D5B49
:10BBF8004552524F525D1B5B306D3A204661696C6D
:10BC0800656420746F206372656174652072616475
:10BC1800696F2074696D656F7574206D6F6E6974D6
:10BC28006F722E204572726F722025640A00000020
:10BC38005B25755D1B5B313B33316D5B4552524F64
:10BC4800525D1B5B306D3A2043616E27742063722E
:10BC580065617465204C504D2073757370656E6412
:10BC68002074696D65722E204572726F722025648A
:10BC78000A0000005B25755D1B5B313B33316D5B52
:10BC88004552524F525D1B5B306D3A2043616E271F
:10BC9800742063726561746520554454207375730C
:10BCA80070656E642074696D65722E204572726FBE
:10BCB800722025640A0000005B25755D1B5B313B23
:10BCC80033316D5B4552524F525D1B5B306D3A20EC
:10BCD80043616E277420637265617465205544540E
:10BCE800206D6573736167652071756575652E20B4
:10BCF8004E6F206D656D6F72790A00005B25755D6A
:10BD08001B5B313B33316D5B4552524F525D1B5BC0
:10BD1800306D3A2043616E277420637265617465E3
:10BD2800205544542070726F63657373696E672081
:10BD38007468726561642E204E6F206D656D6F7238
:10BD4800790A00005B25755D1B5B313B33316D5B08
:10BD58004552524F525D1B5B306D3A204661696C0B
:10BD6800656420746F20696E697469616C697A65AD
:10BD78002055445420736572766963652E20457298
:10BD8800726F722025750A005B25755D1B5B313B60
:10BD980033336D5B5741524E494E475D1B5B306DE7
:10BDA8003A20257328293A20703D307825303858B4
:10BDB8002C20733D25750A005B25755D1B5B313BA7
:10BDC80033316D5B4552524F525D1B5B306D3A20EB
:10BDD800257328293A207061796C6F61645F7369F3
:10BDE8007A653D25752065786365656473206D61A6
:10BDF800783D25750A0000005B25755D1B5B313BAE
:10BE080033316D5B4552524F525D1B5B306D3A20AA
:10BE1800257328293A20646174615F6C656E3D253D
:10BE2800752C2065787065637465643D25750A0016
:10BE38005B25755D1B5B313B33316D5B4552524F62
:10BE4800525D1B5B306D3A20257328293A206D61BD
:10BE58006C6C6F632028307825303858290A000028
:10BE68005B25755D1B5B313B33316D5B4552524F32
:10BE7800525D1B5B306D3A20257328293A206F7379
:10BE88004D65737361676551756575655075742087
:10BE98007374617475733D25640A00008541030855
:10BEA800000000000000000000000000000000008A
:10BEB800330300003800000000000000000000000C
:10BEC8000100000010000000000001000001000057
:10BED8000101000010010000C8B803080F4503085D
:10BEE8001B45030827450308334503080080000065
:10BEF80000400000002000000010000000080000C2
:10BF080000040000000200000001000000400000E2
:10BF180000200000001000000008000000040000DD
:10BF28000002000000010000800000000020000066
:10BF380000100000000800000004000000020000DB
:10BF48000001000080000000400000003F45030899
:10BF580000000000000000000000000000000000D9
:10BF6800000300003700000000000000000000008F
:10BF78007762615F6170705F736572766963655F30
:10BF88006F74615F77726974655F6368756E6B0063
:10BF98005F7564745F6164645F746F5F6F7574620A
:10BFA8006F756E645F7175657565007762615F6155
:10BFB80070705F736572766963655F73656E645FE1
:10BFC80075706C696E6B005F7564745F666174612F
:10BFD8006C005F7564745F70726F636573735F6F15
:10BFE8007574626F756E64005F7564745F666C75F6
:10BFF80073685F696E5F666C69676874005F756413
:10C00800745F70726F636573735F696E626F756E6C
:10C0180064005F7564745F73656E645F6F757462E6
:10C028006F756E64005F7564745F70726F636573BB
:10C0380073696E675F7461736B5F656E74727900A4
:10C048005F7564745F6F6E5F646174615F7265636E
:10C058006569766564007369645F686F73745F63AC
:10C068006F6D6D5F7564745F757365725F696E6916
:10C0780074006163636573736F72795F6D616E617C
:10C088006765725F6964656E7469667900616C657D
:10C0980072745F6D616E616765725F6765745F6119
:10C0A8006C657274005F616C6572745F6D616E615E
:10C0B8006765725F696E7465726E616C5F736574D3
:10C0C8005F616C657274005F616C6572745F6D6F3F
:10C0D8006E69746F725F73656E645F616C657274AC
:10C0E800005F616C6572745F6D616E616765725F38
:10C0F80074687265616400000102033D000000007D
:10C10800000000120200005400010000C0A84740CF
:10C1180031774C004EED4900006145000061450053
:10C1280000E1450A0003000000604017B7D138C796
:10C13800BA38BDD3BC63BC2B18953CDE02C9BE100F
:10C14800E9AFBFD881F3BE295C2F3FA8C64B3F9A01
:10C1580099193F9A99193F304C463F1C000200003C
:10C16800004842295C2F3FA8C64B3F9A99193F9A2D
:10C1780099193F304C463F100003000AD7A33C0AE8
:10C18800D7233B0AD7233B0D0005000000000064BD
:10C1980023291D5658000900E5D0223E0000000062
:10C1A80000000000DA1B9C3EE10B43400000A04069
:10C1B80000000000000000005E4B48BD5DFE9F408F
:10C1C800423EA0BF0000000000000000211FB4BED6
:10C1D8008AB0614041F163BE000000000000000029
:10C1E800A779473DA5BD29C0B81EBD400C000A006F
:10C1F80000000000000000002101FE0002010530DF
:10C208007564002C0170170004840364005C04400A
:10C21800014001400190013075307530753075640A
:10C228000064006400307530753075640064003057
:10C238007530752C0164006400640064003075304A
:10C24800753075640064006400307530756400648E
:10C2580000FFFF2C012C012C012C012C012C012C9E
:10C26800012C012C012C012C012C012C012C01FF8B
:10C27800FF70177017701770170807080708070866
:10C2880007701770177017701770177017FFFFFF78
:10C29800FFFFFFFFFFFFFF7017701770177017FF82
:10C2A800FFFFFFDC05DC05FFFFFFFFFFFFFFFFFFD0
:10C2B800FFFFFFFFFFDC05DC05DC05FFFFFFFFFFDD
:10C2C800FFFFFFFFFFFFFFFFFFFFFFFFFFFFFFFF76
:10C2D800FFFFFFFFFFFFFFFFFFFFFFFFFFFFFFFF66
:10C2E800FFFFFFFFFFFFFFFFFF307500050A050096
:10C2F80002000A001E0005000500050005000500F3
:10C3080005004001640064006400C800C800C8005B
:10C318004001400140010A0200000000001B130018
:10C3280000000102033D00000000000000120200AE
:10C33800005400010000C0A8474031774C004EED82
:10C348004900006145000061450000E1450A00031D
:10C35800000000604017B7D138C7BA38BDD3BC63F6
:10C36800BC2B18953CDE02C9BE10E9AFBFD881F3DB
:10C37800BE295C2F3FA8C64B3F9A99193F9A991935
:10C388003F304C463F1C00020000004842295C2F09
:10C398003FA8C64B3F9A99193F9A99193F304C4686
:10C3A8003F100003000AD7A33C0AD7233B0AD72330
:10C3B8003B0D000500000000006423291D565800AD
:10C3C8000900E5D0223E0000000000000000DA1B52
:10C3D8009C3EE10B43400000A0400000000000002C
:10C3E80000005E4B48BD5DFE9F40423EA0BF00007E
:10C3F800000000000000211FB4BE8AB0614041F176
:10C4080063BE0000000000000000A779473DA5BDFD
:10C4180029C0B81EBD400C000A0000000000000042
:10C4280000002101FE00020105307564002C017036
:10C43800170004840364005C04400140014001903B
:10C4480001307530753075307564006400640030F3
:10C45800753075307564006400307530752C016472
:10C4680000640064006400307530753075640064E1
:10C478000064003075307564006400FFFF2C012CE7
:10C48800012C012C012C012C012C012C012C012C3C
:10C49800012C012C012C012C01FFFF701770177063
:10C4A800177017080708070807080770177017702C
:10C4B80017701770177017FFFFFFFFFFFFFFFFFFD1
:10C4C800FF7017701770177017FFFFFFFFDC05DC90
:10C4D80005FFFFFFFFFFFFFFFFFFFFFFFFFFFFDC81
:10C4E80005DC05DC05FFFFFFFFFFFFFFFFFFFFFF88
:10C4F800FFFFFFFFFFFFFFFFFFFFFFFFFFFFFFFF44
:10C50800FFFFFFFFFFFFFFFFFFFFFFFFFFFFFFFF33
:10C51800FFFFFF2C0100050A050002000A001E00AB
:10C528000500050005000500050005004001640040
:10C5380064006400C800C800C80040014001400110
:10C548000A020000000000C9A30000627365635F6F
:10C55800747269676765725F696171005F627365AC
:10C56800635F7265636F6E666967757265005F62A7
:10C578007365635F72756E5F6F6E6365005F62738C
:10C5880065635F74687265616400636F6E6669678E
:10C598005F616C6572745F696E6469636174696F09
:10C5A8006E5F73657474696E67735F736574005F3B
:10C5B80072657365745F616E645F77726974655FD5
:10C5C80064656661756C747300636F6E6669675F36
:10C5D800616C6572745F696E6469636174696F6EBA
:10C5E8005F696E69740001010100780001010100B2
:10C5F80078000101010078000001010058020001E3
:10C60800010058020001010058020001010058020F
:10C618000001010058020001010058020001010058
:10C6280058020001010058020001010058020001EF
:10C6380001005802000101005802000101005802DF
:10C64800000101005802000101005802636F6E6684
:10C6580069675F627365635F64756D7000636F6EB1
:10C668006669675F627365635F73657400636F6EA5
:10C678006669675F627365635F696E69740000006D
:10C688000000D0C10000C842000000000000C842FD
:10C698000098B74700F0D2470000D0C10000C84258
:10C6A800000000000000C8420098B74700F0D247D9
:10C6B800636F6E6669675F636F6E74726163745FE0
:10C6C80073657474696E67735F736574005F6E7603
:10C6D8006D5F646174615F746F5F636F6E666967D5
:10C6E800005F72657365745F746F5F64656661751A
:10C6F8006C7400636F6E6669675F636F6E747261F6
:10C7080063745F696E6974000900000000000041ED
:10C7180009000000000080410900000000000042FC
:10C72800636F6E6669675F6C65616B6465745F7380
:10C73800657400636F6E6669675F6C65616B6465DD
:10C74800745F696E697400000300C409AC0D40068B
:10C75800B80B0000636F6E6669675F6D74625F7324
:10C76800657400636F6E6669675F6D74625F696E9A
:10C77800697400636F6E6669675F74687265736871
:10C788006F6C645F7365745F73657474696E6773E7
:10C7980000636F6E6669675F7468726573686F6C53
:10C7A800645F696E697400000000803F0000803F8C
:10C7B80000002041636F6E6669675F75706C696E13
:10C7C8006B5F7365745F73657474696E6773006318
:10C7D8006F6E6669675F75706C696E6B5F696E69AD
:10C7E80074008200200020008200820043444546F5
:10C7F8004702020304060A22220905024445467339
:10C80800687463335F726561645F68756D0073682F
:10C818007463335F726561645F74656D70005F6532
:10C8280076656E745F6E6F7469666965725F75644C
:10C83800745F63616C6C6261636B005F6576656EE3
:10C84800745F6E6F7469666965725F73656E645F45
:10C858006576656E74005F6576656E745F6E6F747D
:10C8680069666965725F74687265616400000000DA
:10C87800BC5B03080000000000000000000000008E
:10C888000000000000020000180000000000000086
:10C89800000000006672616D655F637265617465B2
:10C8A8005F656D707479006672616D655F636F6E48
:10C8B8006669675F636F6E74726163745F637265E4
:10C8C800617465006672616D655F696E666F5F634E
:10C8D80072656174655F647463006672616D655F3B
:10C8E800696E666F5F6372656174655F73746174A6
:10C8F80069737469635F67726F75705F73696400E9
:10C908005F6672616D655F696E666F5F63726561B0
:10C918007465006672616D655F696E666F5F6372EC
:10C92800656174655F76657273696F6E00000000FB
:10C9380054C903085CC9030864C903086CC903081F
:10C9480074C903087CC9030884C9030800040048A3
:10C95800800000000004004840000000001C00485F
:10C968000800000000000048100000000004004813
:10C978000010000000000048000100000008004806
:10C98800002000005F6C65616B6465745F68616EB0
:10C99800646C655F68775F70696E5F6E6F5F6C650A
:10C9A800616B005F6C65616B6465745F68616E6480
:10C9B8006C655F6C65616B005F6C65616B64657469
:10C9C8005F68616E646C655F68775F70696E5F6CE5
:10C9D80065616B005F6C65616B6465745F68616E4F
:10C9E800646C655F6E6F5F6C65616B005F6C656141
:10C9F8006B6465745F74687265616400E15E030866
:10CA0800000000000000000000000000000000001E
:10CA18000004000008000000000000000000000002
:10CA280080EE3600F4010000F401000060EA000026
:10CA3800F40100006E766D5F636F70795F746C76D9
:10CA4800006E766D5F77726974655F746C765F6986
:10CA58006E7465726E616C006E766D5F7772697464
:10CA680065006E766D5F72656164006E766D5F65F8
:10CA7800726173655F70616765006E766D5F666F82
:10CA8800726D61745F696E7465726E616C006E764A
:10CA98006D5F76616C69646174655F70616765007C
:10CAA8006E766D5F6E756D5F7061676573006E762B
:10CAB8006D5F696E697400544C56314E564D316F36
:10CAC80074615F6D616E616765725F6F6E5F6F74D1
:10CAD800615F6672616D65005F68616E646C655F59
:10CAE8006765745F637263005F6F74615F6D616E29
:10CAF800616765725F77726974655F6368756E6B8D
:10CB0800005F68616E646C655F64617461005F6F8B
:10CB180074615F6D616E616765725F777269746574
:10CB28005F6D65746164617461005F6F74615F6DEE
:10CB3800616E616765725F61646A7573745F72784C
:10CB480065645F6F74615F73697A65005F68616EC1
:10CB5800646C655F7365745F7374617465005F68A6
:10CB6800616E646C655F6765745F7374617465009A
:10CB78006F74615F6D616E616765725F70726F631C
:10CB8800657373005F6F74615F6D616E6167657275
:10CB98005F6765745F6368756E6B5F637263005F80
:10CBA8007564745F7376635F77616974005F6F6E35
:10CBB8005F7762615F736572766963655F726573DB
:10CBC800756C74005F6F74615F6D616E616765722B
:10CBD8005F726561645F6D65746164617461005F53
:10CBE8006F74615F6D616E616765725F696E6974AC
:10CBF80069616C697A655F6D65746164617461000F
:10CC08005F6F74615F6D616E616765725F74617398
:10CC18006B005F73616D706C65725F68616E646CE8
:10CC2800655F72756E5F7374617465005F73616DC3
:10CC3800706C65725F68616E646C655F776169745A
:10CC48005F636F6E74726163745F7374617465009F
:10CC58005F73616D706C65725F636F6E666967752F
:10CC680072655F636F6E7472616374005F7365747D
:10CC780075705F6163636573736F72795F706F72EC
:10CC880074005F73616D706C65725F68616E646C6F
:10CC9800655F636F6E6669677572655F73746174EB
:10CCA80065005F73616D706C65725F73656E645F5C
:10CCB800636F6E7472616374005F6F6E5F6672613A
:10CCC8006D655F756C5F737461747573005F736114
:10CCD8006D706C65725F73656E645F75706C696E9C
:10CCE8006B5F73657175656E7469616C005F736104
:10CCF8006D706C65725F73656E645F696E666F00F8
:10CD08005F6F6E5F7274635F73796E63005F7361E8
:10CD18006D706C65725F73796E635F727463005FC8
:10CD28006F6E5F6765745F76657273696F6E005FBB
:10CD380073616D706C65725F726561645F77626163
:10CD48005F76657273696F6E005F73616D706C6595
:10CD5800725F73796E635F776974685F6261636B32
:10CD6800656E64005F776169745F706F7765725F85
:10CD78006F6E5F636F6E646974696F6E005F686180
:10CD88006E646C655F646C5F636C6F75645F71750E
:10CD98006572795F6C696E6B005F6F6E5F6C696E50
:10CDA8006B735F7363616E5F726573756C74005F3C
:10CDB8006F6E5F6C696E6B5F6765745F72657375C4
:10CDC8006C74005F73656E645F6C696E6B5F696E2F
:10CDD800666F5F6672616D65005F6F6E5F6C696E2E
:10CDE8006B735F6765745F70726F66696C655F729D
:10CDF8006573756C74005F6F6E5F7369645F7374DD
:10CE08006174735F726573756C74005F6F6E5F64D5
:10CE18006F776E6C696E6B005F6F6E5F62757474AE
:10CE28006F6E5F64626C5F636C69636B5F756C5F88
:10CE3800726573756C74005F6F6E5F627574746F82
:10CE48006E5F6576656E74005F6F6E5F7762615FB7
:10CE5800736572766963655F7265626F6F74005F90
:10CE680073616D706C65725F746872656164005F90
:10CE7800706970656C696E655F656E61626C655F2F
:10CE880073656E736F7273005F706970656C696E3D
:10CE9800655F726561645F73656E736F7273005F5F
:10CEA800706970656C696E655F74726967676572D1
:10CEB8005F6D6561737572656D656E7473005F7320
:10CEC800656E645F62617463680073616D706C6540
:10CED800725F706970656C696E655F7265736574A1
:10CEE800005F6F6E5F62617463685F73656E740084
:10CEF8005F706970656C696E655F7468726561649E
:10CF080000000000448F030800000000000000003B
:10CF180000000000000000000008000018000000E9
:10CF2800000000000000000073616D706C65725FA6
:10CF380073656E736F725F6C6973745F636F756E20
:10CF4800740073616D706C65725F73656E736F7278
:10CF58005F6C6973745F6275696C645F746872652D
:10CF680073686F6C64005F73616D706C65725F737A
:10CF7800656E736F725F6275696C640073616D7062
:10CF88006C65725F73656E736F725F6C6973745FE3
:10CF98006275696C645F636F6E7472616374005F5D
:10CFA8007077726374726C5F726874005F70777206
:10CFB8006374726C5F6578740073616D706C657210
:10CFC8005F73656E736F725F6C6973745F696E69A6
:10CFD80074005F75706C696E6B5F737461747573E0
:10CFE8005F63616C6C6261636B0075706C696E6B1A
:10CFF8005F6374726C5F73656E645F6672616D65A2
:10D0080000000000A0860100400D0300801A060001
:10D0180000350C0040420F0080841E0000093D00CE
:10D0280000127A000024F40000366E010048E8017E
:10D03800006CDC020000000000000000000000009E
:10D0480000000000000000000000000000000000D8
:10D0580000000000010000000200000003000000C2
:10D0680004000000010000000300000005000000AB
:10D078000100000001000000060000000A00000096
:10D08800200000000200000004000000080000006A
:10D0980010000000400000008000000000010000B7
:10D0A80000020000010002000400060008000A0057
:10D0B8000C00100020004000800000010804020459
:10D0C8000801010101010103070100003700000008
:10D0D8004001640064006400C800C800C800400142
:10D0E80040014001307564002C017017000484036E
:10D0F80064005C04400140014001900105020A1EE1
:10D108000505050505050000FFFF7FFFFFFF7FFF01
:10D11800FFFF7FFFFFFF7FFFFFFF7FFFFFFF7FFF17
:10D12800FFFF7FFFFFFF7FFFFFFF7F7FFFFF7F7F07
:10D13800FFFF7F7FFFFF7F7FFFFF7F7FFFFF7F7FF7
:10D14800FFFF7F7FFFFF7F7F0000000000000000DF
:10D158000E000000000000000800000004000000AD
:10D1680004000000060000000400000006000000A3
:10D178000F008000140011001000050000000001DD
:10D188002000400000000001000000000102030030
:10D19800040000000506000008070807100E00003C
:10D1A8000102030400000000000000000005000068
:10D1B8000000000000060708010203040005060736
:10D1C800080000090A0B0C00000D00000E0000000A
:10D1D8000000000000000F001700170017001700DC
:10D1E8001D0000000000000000006001E0011000C8
:10D1F80010000001000315001500150015001500AA
:10D2080017000004000400040004000000040004E7
:10D2180000040004170000000E00E0000E00E0000B
:10D228000E00E0000E00E0000E00E0000400000028
:10D23800010000000200000008000000F4FF9F0049
:10D24800F6FF9F000800A0000800A000042080004E
:10D25800062080000E00E0000E00E0000E00E00056
:10D268000E00E0000E00E0000E00E0000F0080005D
:10D278000F0080000F0080000F0080000000800079
:10D288000F0080000F0080000F0080000F0080005A
:10D298000E00E000295C2F3FA8C64B3F9A99193F22
:10D2A8009A99193F304C463F0000891112239B324E
:10D2B8002446AD573665BF74488CC19D5AAFD3BE5E
:10D2C8006CCAE5DB7EE9F7F88110080193331A226E
:10D2D800A5562C47B7753E64C99C408DDBBF52AE3E
:10D2E800EDDA64CBFFF976E802218B30100299134E
:10D2F8002667AF763444BD554AADC3BC588ED19F1E
:10D308006EEBE7FA7CC8F5D983310A20911218032D
:10D31800A7772E66B5543C45CBBD42ACD99E508FFD
:10D32800EFFB66EAFDD874C904428D5316619F70FD
:10D338002004A9153227BB364CCEC5DF5EEDD7FCDD
:10D348006888E1997AABF3BA85520C4397711E60ED
:10D35800A1142805B3373A26CDDE44CFDFFD56ECBD
:10D36800E9986089FBBB72AA06638F7214409D51CD
:10D378002225AB343006B9174EEFC7FE5CCCD5DD9D
:10D388006AA9E3B8788AF19B87730E6295501C41AD
:10D39800A3352A24B1163807CFFF46EEDDDC54CD7D
:10D3A800EBB962A8F99A708B088481951AA793B68D
:10D3B8002CC2A5D33EE1B7F04008C919522BDB3A7D
:10D3C800644EED5F766DFF7C899400859BB712A64D
:10D3D800ADD224C3BFF136E0C1184809D33B5A2A5D
:10D3E800E55E6C4FF77D7E6C0AA583B4188691972D
:10D3F8002EE3A7F23CC0B5D14229CB38500AD91B3D
:10D40800666FEF7E744CFD5D8BB502A4999610870C
:10D41800AFF326E2BDD034C1C3394A28D11A580B1C
:10D42800E77F6E6EF55C7C4D0CC685D71EE597F4DC
:10D438002880A1913AA3B3B2444ACD5B5669DF78FC
:10D44800600CE91D722FFB3E8DD604C79FF516E4CC
:10D45800A9902081BBB332A2C55A4C4BD7795E68DC
:10D46800E11C680DF33F7A2E0EE787F61CC495D5AC
:10D478002AA1A3B03882B193466BCF7A5448DD59BC
:10D48800622DEB3C700EF91F8FF706E69DD414C58C
:10D49800ABB122A0B9923083C77B4E6AD5585C499C
:10D4A800E33D6A2CF11E780F6937AC3168212233CD
:10D4B800B40F14336821A2333863ED3EDA0F493FC5
:10D4C8005E987B3FDA0FC93F6042A20D0000803FA3
:10D4D800D1F71737D1F717B78071313F807131BF56
:10D4E8000000003F000000BF000FC93F000F494087
:10D4F80000CB9640000FC9400053FB4000CB1641BB
:10D5080000ED2F41000F49410031624100537B413A
:10D51800003A8A4100CB9641005CA34100EDAF413F
:10D52800007EBC41000FC94100A0D5410031E24155
:10D5380000C2EE410053FB4100F20342003A0A42A6
:10D548000083104200CB164200141D42005C2342A7
:10D5580000A5294200ED2F4200363642007E3C42AB
:10D5680000C74242000F4942A2000000F900000033
:10D57800830000006E0000004E0000004400000020
:10D588001500000029000000FC0000002700000032
:10D5980057000000D1000000F50000003400000032
:10D5A800DD000000C0000000DB0000006200000099
:10D5B80095000000990000003C00000043000000B6
:10D5C8009000000041000000FE0000005100000033
:10D5D80063000000AB000000DE000000BB0000009C
:10D5E800C500000061000000B70000002400000032
:10D5F8006E0000003A000000420000004D000000EC
:10D60800D2000000E0000000060000004900000011
:10D618002E000000EA00000009000000D100000010
:10D62800920000001C000000FE0000001D00000029
:10D63800EB0000001C000000B10000002900000001
:10D64800A70000003E000000E80000008200000083
:10D6580035000000F50000002E000000BB000000AF
:10D668004400000084000000E90000009C00000065
:10D678007000000026000000B40000005F000000F9
:10D688007E00000041000000390000009100000009
:10D69800D60000003900000083000000530000009D
:10D6A80039000000F40000009C0000008400000025
:10D6B8005F0000008B000000BD000000F9000000C2
:10D6C800280000003B0000001F000000F8000000D8
:10D6D80097000000FF000000DE00000005000000C9
:10D6E800980000000F000000EF0000002F0000006D
:10D6F800110000008B0000005A0000000A00000022
:10D708006D0000001F0000006D00000036000000E2
:10D718007E000000CF00000027000000CB000000C2
:10D7280009000000B70000004F000000460000009C
:10D738003F000000660000009E0000005F0000003F
:10D74800EA0000002D00000075000000270000001E
:10D75800BA000000C7000000EB000000E500000070
:10D76800F10000007B0000003D0000000700000001
:10D7780039000000F70000008A0000005200000095
:10D7880092000000EA0000006B000000FB000000AF
:10D798005F000000B10000001F0000008D000000C5
:10D7A8005D000000080000005600000003000000B3
:10D7B8003000000046000000FC0000007B00000074
:10D7C8006B000000AB000000F0000000CF0000007C
:10D7D800BC000000200000009A000000F4000000D7
:10D7E800360000001D000000A9000000E300000052
:10D7F80091000000610000005E000000E6000000EB
:10D808001B000000080000006500000099000000EF
:10D81800850000005F00000014000000A000000068
:10D8280068000000400000008D000000FF000000BC
:10D83800D8000000800000004D00000073000000C8
:10D84800270000003100000006000000060000006C
:10D858001500000056000000CA0000007300000018
:10D86800A8000000C900000060000000E2000000FD
:10D878007B000000C00000008C0000006B0000006E
:10D8880059F3F8C21F6EA501000000000000F03F28
:10D898000000C93F0000F0390000DA370000A23369
:10D8A8000000842E0000502B0000C2270000D02268
:10D8B8000000C41F0000C61B00004417040000003D
:08D8C800070000000900000048
:08D8D0005017FD7F010000006C
:08D8D800658D0008000000004E
:08D8E000418D0008000000006A
:10D8E800FFFFFFFF01000000FF020000AE55030824
:10D8F8000000000000000000000000000000000020
:10D9080000040000180000000000000000000000F3
:10D918004C0800205C0800206C0800200000000073
:10D92800000000004C0A00208000001C00000000DD
:10D93800000000004C0A0020400000180000000011
:10D94800000000004C0A002010000010840800208D
:10D95800900800200000000000000000CC0A002011
:10D968000000000000000000200B0020FFFFFFFF68
:10D97800020000009D3B02088D55020891370208FD
:10D9880000000000000000000300000050440020D8
:10D998009B680208F5670208576802086969020867
:10D9A800F1680208D568020809680208000000004A
:10D9B800056B0208000000005D6A0208156A02088B
:10D9C8001B6C02081D6A0208216A0208F76B02082C
:10D9D800636D020800000000676D02086B6D0208A5
:10D9E8006F6D0208736D0208776D02080000000071
:10D9F8003B6E020800000000FB6D02082D6F020854
:10DA0800B16E0208CF6D0208996D0208616E0208B6
:10DA18000F71020800000000EF710208E3710208AC
:10DA280063710208D770020887700208377102080C
:10DA38003B730208000000000F730208EB73020832
:10DA48007D73020861730208C9720208FF72020836
:10DA58002175020893740208ED740208E57502083E
:10DA6800777502085B750208A774020800000000B9
:10DA780000093D000100000010000000AAAAAAAA9F
:10DA8800B4090020000000004CAC0020B4AC002019
:10DA98001CAD002000000000000000000000000095
:10DAA800000000000000000000000000000000006E
:10DAB800000000000000000000000000000000005E
:10DAC800000000000000000000000000000000004E
:10DAD800000000000000000000000000000000003E
:10DAE800000000000000000000000000000000002E
:10DAF800000000000000000000000000000000001E
:0400000508019C89C9
:020000040800F2
:1000000000FC0020A11200080F12000811120008C5
:10001000151200081712000819120008000000004D
:10002000000000000000000000000000C1460008C1
:100030001B12000800000000614700081D120008A4
:10004000F1120008F1120008F1120008F112000884
:10005000F1120008F1120008F1120008F112000874
:10006000F1120008F1120008F1120008F112000864
:10007000F1120008F1120008F1120008F112000854
:10008000F1120008F1120008F1120008F112000844
:1000900000000000F1120008F1120008F11200083F
:1000A000F1120008F1120008F1120008F112000824
:1000B000F1120008F1120008F1120008F112000814
:1000C000F1120008F1120008F1120008F112000804
:1000D000C9640008D9640008E9640008F112000846
:1000E000F1120008F1120008F1120008F1120008E4
:1000F000F11200080000000000000000F1120008EA
:10010000F1120008F1120008F1120008F1120008C3
:10011000F1120008F1120008F1120008F1120008B3
:10012000F1120008F1120008F1120008F1120008A3
:08013000F1120008F1120008B1
:1001400010B5054C237833B9044B13B10448AFF311
:1001500000800123237010BDD801002000000000A2
:100160006874000808B5034B1BB103490348AFF39B
:10017000008008BD00000000DC0100206874000859
:1001800001F0FF01102A2BDB10F0070F08D010F848
:10019000013B013A8B422DD010F0070F42B3F6D14C
:1001A000F0B441EA012141EA014122F007047FF065
:1001B00000070023F0E80256083C85EA010586EABC
:1001C000010685FA47F5A3FA87F586FA47F6A5FAF8
:1001D00087F68EB9EED1F0BC01F0FF0102F0070204
:1001E00032B110F8013B013A83EA010313B1F8D1AF
:1001F0000020704701387047002D06BF3546033890
:10020000073815F0010F07D1013015F4807F02BFC8
:10021000013015F4C03F0130F0BC0138704700BF19
:1002200053B94AB9002908BF00281CBF4FF0FF315D
:100230004FF0FF3000F088B9ADF1080C6DE904CE45
:1002400000F006F8DDF804E0DDE9022304B07047B1
:100250002DE9F047089D0F4604468C46002B48D1F7
:100260008A42164661D9B2FA82F34BB1C3F1200239
:1002700001FA03FC20FA02F29E4042EA0C0C9C4078
:100280004FEA164EB7B2BCFBFEF1220C0EFB11CCAE
:1002900042EA0C4201FB07F0904209D9B21801F181
:1002A000FF3C80F0EE80904240F2EB800239324415
:1002B000121AA4B2B2FBFEF00EFB102244EA024472
:1002C00000FB07F7A74209D9341900F1FF3280F08B
:1002D000DA80A74240F2D7803444023840EA014035
:1002E000E41B00211DB1DC400023C5E90043BDE84B
:1002F000F0878B4206D90DB1C5E9000100210846FF
:10030000BDE8F087B3FA83F1002948D1BB4202D39C
:10031000824200F20781841A67EB030201209446AF
:10032000002DE4D0C5E9004CE1E7002A00F09280FE
:10033000B2FA82F3002B40F0A8808A1A4FEA164ED8
:100340001FFA86FC0121200CB2FBFEF70EFB1722E0
:1003500040EA02420CFB07F0904207D9B21807F1BD
:10036000FF3802D2904200F2E2804746121AA4B24D
:10037000B2FBFEF00EFB102244EA02440CFB00FC30
:10038000A44507D9341900F1FF3202D2A44500F286
:10039000CB801046A4EB0C0440EA0740A2E7C1F171
:1003A00020068B4022FA06FC4CEA030C07FA01F403
:1003B00020FA06F3F7404FEA1C49234300FA01F8FC
:1003C0001FFA8CFEB7FBF9F01C0C09FB107744EA0E
:1003D000074400FB0EF7A74202FA01F20AD91CEB10
:1003E000040400F1FF3A80F09B80A74240F298801D
:1003F00002386444E41B9FB2B4FBF9F309FB1344D5
:1004000047EA044403FB0EFEA64509D91CEB04048D
:1004100003F1FF3780F08280A6457FD9023B644418
:1004200043EA0040A4EB0E04A0FB02E7BC42734683
:10043000B94663D360D05DB1B8EB030264EB090445
:1004400004FA06F622FA01F31E43CC40C5E9006423
:1004500000214CE76208480842EAC1710B0C43EAEC
:1004600000438AB242EA0342B3FBF6F1E407B44622
:100470003746B6461F23B0FBF6F0D21B41EA0041D7
:1004800061E7614614E7104628E7C3F1200120FA2E
:1004900001F29E4027FA01F19F403A434FEA164E7F
:1004A0001FFA86FCB1FBFEF70EFB1710110C41EA98
:1004B000004107FB0CF8884504FA03F43AD9711897
:1004C00007F1FF3001D288451FD8A1EB0801B1FB2D
:1004D000FEF808FB0CF70EFB181192B242EA01423B
:1004E000BA422FD2B21808F1FF31C6D2BA42C4D2F2
:1004F000A8F102013244C0E7F0459CD2BEEB0203F2
:1005000067EB0C070138B94695E7A6EB08084144AC
:10051000B81EB1FBFEF808FB0CF7DCE73B467FE7B3
:10052000504667E70846FBE63444023832E7023FAC
:1005300032441BE7A1EB08013846B1FBFEF808FB8B
:100540000CF7C8E7414698E7704700BF08B5406818
:100550000368DB68984708BD08B5406803689B6876
:10056000984708BD08B5406803681B69984708BDEF
:1005700008B5406803685B69984708BD012A05D043
:10058000032A04D01AB90023036000E001600020B0
:100590007047704710B50446082106F081F92046DF
:1005A00010BD08B5084611461A78096800F0B8FB76
:1005B00008BD000010B588B00F4C01220692002340
:1005C00005930221049103930292019300930B4A35
:1005D0002146052005F0A8FB094BD3F88035094AD0
:1005E0002146052005F0A0FB074A2146042005F01E
:1005F0009BFB08B010BD00BFC8740008A0740008C1
:100600000070FF1FD0740008DC74000870B584B05F
:10061000012006F0BFF8044606F03EF990F82000ED
:1006200005F064FB294B186805F0BCFC05F008FBDD
:1006300006F032F9C56806F02FF9466806F02CF985
:10064000036A0293019600952346214A2149052019
:1006500005F06AFBFFF7AEFF00F0B6FB1E4804F0A2
:1006600039FE4FF47A7000F0D3FB10BB1A4804F047
:1006700063FE04F06FF900F031F90546E0B1154C66
:100680002B46164A2146012005F04EFB04F062F984
:10069000134A2146012005F047FB0F4804F01AFEDB
:1006A000002000F0B5FB00F0CFFB04F04FF904B0E0
:1006B00070BD00F0C9FBD9E70A4A0649052005F0DC
:1006C00033FB04F047F900F089FAD8E7440400202E
:1006D000F4740008C8740008F40100202C750008A8
:1006E000507500081475000800B583B00B4B0093DB
:1006F00003234FF420520021094805F0A6FC08B15D
:1007000003B000BD074B01937A230093064B074AC1
:100710000749022005F03AFAABBEFDE788750008EC
:100720000D060008B07500088C7500089C7500085F
:10073000A875000800B585B080220E490E4805F066
:1007400017FF0E4B18600E490E4B0B6048606A464F
:100750000023009301930C4B03930C4B02930C4822
:1007600004F0A8FC029B1BB1684603226946984727
:1007700005B000BD8805002000440040440400206E
:100780003C040020447C0008A30500087D05000807
:10079000F401002008B5024804F0E1FD08BD00BFE7
:1007A000F401002070B582B004463B4B3B4A3C4903
:1007B000072005F0B9FA22683A4B9A4233D16368B0
:1007C000352B37D1002101914FF0FF3300930B46B9
:1007D0000A46354804F060FF064698B331222146A8
:1007E00005F0B4F80546304604F092FFD4F83130F5
:1007F000AB4233D1D4F829202C4B9A4235D8352A34
:1008000033D9A26804322A4901F13500904233D825
:100810000B44353B93422FD3D4F82530254A9342DD
:1008200031D100200CE0244A1D49072005F07CFA54
:10083000052005E0214A1A49072005F075FA052030
:1008400002B070BD1E4B01933C230093124B1D4A16
:100850001D49022005F09AF9ABBEFDE71B4A10497D
:10086000072005F061FA0520EAE7194A0C4907203C
:1008700005F05AFA0B20E3E7164A0949072005F06C
:1008800053FA0B20DCE70092134A0549072005F0D4
:100890004BFA0520D4E700BF5876000868760008B8
:1008A000D47500080BB0FEC0B71DC1040060030082
:1008B00000880008010002006C7600087C760008C1
:1008C000907600089C750008A8750008A4760008BA
:1008D000B0760008C0760008E0760008F0B583B076
:1008E000324B334A3349072005F01EFA3248FFF7EE
:1008F00059FF0446002835D12F4B9A68136803F13D
:100900006043B3F5803F34D852682B4D05F1350371
:10091000934235D8294B2B44934231D30123019381
:100920004FF0FF33009300231A461946244804F081
:10093000B3FE074668B3204EB168D6F829202A4492
:10094000521A05F003F80546384604F0E1FED6F8E1
:100950002D30AB421AD01B4A1649032005F0E4F9AA
:10096000052413E00346184A1249032005F0DCF978
:100970000CE0164A0F49032005F0D6F9072405E0DC
:10098000134A0C49032005F0CFF90724204603B091
:10099000F0BD104B019385230093044B0E4A0F4981
:1009A000022005F0F3F8ABBEFDE700BF04770008B6
:1009B00068760008D475000800880008CB5F030043
:1009C000B71DC10450770008147700082877000885
:1009D0003C770008907600089C750008A875000810
:1009E00030B587B0274B284A2849072005F09CF9E5
:1009F000274CC4F30A0323BB264DC5F30A033BBBB4
:100A0000254A2249062005F08FF900F09BFD30BBF6
:100A1000224B4FF400421A610023029302230393F6
:100A200004F17844E40A0494ED0A059502A903A8A8
:100A300000F022FE0446C8B900F098FD204607B039
:100A400030BD174A1149012005F06EF90D24F5E774
:100A5000144A0E49012005F067F90D24EEE7124A09
:100A60000A49032005F060F90124E7E7029B00939F
:100A700003460E4A0549032005F056F900F076FDBD
:100A80000C24DBE77477000868760008D47500084A
:100A90000088000800600300E47700080040005868
:100AA00080770008B4770008F47700080C78000815
:100AB0002DE9F04782B007460E4614462C4B2D4ACE
:100AC0002D49072005F030F92C4B1F442C4A1344C4
:100AD000BB4243D93A19934244D3002E44D0002C50
:100AE00044D000F02FFD78B9264B4FF400421A6134
:100AF000013CE408A6F108054FF00008C6F108061D
:100B00003E444FF0010907E01F4A1B49032005F04E
:100B10000BF9012023E098467719F5E902233946BD
:100B2000484600F065FD824668B908F10103444576
:100B3000F1D100F01BFD90B1144A0F49042005F0DB
:100B4000F3F850460BE000903B46114A0A49032057
:100B500005F0EAF800F00AFD0C2000E00B2002B0DE
:100B6000BDE8F0870B20FAE70720F8E70720F6E753
:100B70003478000868760008D475000800880008FA
:100B80000060030000400058F47700086478000813
:100B90004078000838B505460C46084B084A094914
:100BA000072005F0C1F8FFF799FE30B9064BD3F8DE
:100BB00021202A60D3F82530236038BD7C780008D6
:100BC00068760008D47500080088000801230360D7
:100BD00003F500330B6000207047000030B585B08E
:100BE000234D244B244A2946072005F09DF8234C29
:100BF00004F11803029304F10C030193D4F8253097
:100C00000093D4F821301E4A2946062005F08CF8BE
:100C100072B61C4801F098FD00F06BFB00F0E0FBA1
:100C20004FF0E0231A6922F002021A614FF0FF32FE
:100C30001549C1F88020C3F88421C3F88821C3F87E
:100C40008C21C3F89021C3F89421C3F89821C3F8EC
:100C50009C21A3685A6801F540618B60002383F3EF
:100C60001488BFF36F8F62B6904705B030BD00BFE8
:100C7000D4750008887800086876000800880008A5
:100C80009C7800088805002000E100E008207047FB
:100C900000207047012A05D0032A04D01AB9002386
:100CA000036000E00160002070470000014B022259
:100CB0001A7070477C050020012A05D0032A04D051
:100CC0001AB90023036000E00160002070477047FC
:100CD000704710B50446042105F0E2FD204610BD22
:100CE00010B50446042105F0DBFD204610BD0000D0
:100CF00008B50A78034B1A70034B186805F006FA1A
:100D000008BD00BF7C0500208005002010B504460A
:100D1000836813B1032201469847204610BD0000A6
:100D2000032A46D930B583B00446043A8DF807202B
:100D3000CA78204BDA70012058701870022A12D03D
:100D40001D4B1B7883B3082A15D81C4B53F822007F
:100D500003689D680DF10703194A0431A847154B34
:100D6000987098B10DE00DF10703154A043115484C
:100D700003F024FEF3E700238DF807300D4B082223
:100D80009A700C4A537843F0020353709DF8072081
:100D90000432D2B28DF807200649204604F064FAE6
:100DA000054B1B78022B01D003B030BD03F0CEFD04
:100DB000FAE770477C0400207C050020847C000852
:100DC00080040020680400200C4B1B6803B17047AE
:100DD00000B583B005F08FF9084B186008B103B077
:100DE00000BD074B01937C230093064B064A07493D
:100DF000022004F0CBFEABBEFDE700BF8005002063
:100E0000EC780008E47800089C750008A8750008D4
:100E100008B501460A4B186868B111B9094B01229F
:100E20001A70084B1B78012B07D005F077F90038B2
:100E300018BF012008BD0020FCE70120FAE700BF31
:100E4000800500207C0500200A4B1B6883B10A4BFB
:100E50001B78012B0CD170B5064E4FF0FF35064CB8
:100E60002946306805F05AF92378012BF8D070BD77
:100E7000704700BF800500207C05002010B588B0B9
:100E800004AB002404940594164A174911601749CD
:100E9000116102F1040C93E803008CE8030014498B
:100EA000D160069407941846FFF730FF0094019430
:100EB000104A114911601149116102F1040CDDE978
:100EC00000018CE803000E49D16002940394684647
:100ED000FFF71CFF0B4B0C4A1A605C609C6008B06B
:100EE00010BD00BF68040020787D0008F10C0008E8
:100EF000950C000854040020C87D0008AD0C0008C3
:100F0000B90C000848040020DC7D000808B506483C
:100F1000064B40F8043BFFF7F9FE0548054B40F847
:100F2000043BFFF7F3FE08BD54040020C87D000811
:100F300068040020787D000808B5FFF7D5FB002085
:100F400002F0A6FE08BD0000084BD3F8F03013F005
:100F5000010F0AD0064AD36B43F0004343F4A05379
:100F6000D363536843F007035360704700ED00E01C
:100F7000002004E030B59BB008AD4822002128468F
:100F800005F015FE0024029403940494059406943D
:100F9000079400F009FD4FF0B042D2F8903023F0F2
:100FA0001803C2F8903002F58062136823F4C0631E
:100FB00043F400731360136803F4C0630193019B4F
:100FC0002C23089381230B930123109311948022E7
:100FD00012920F940E931394284600F00BFE70B9F2
:100FE0004F230293002303930493059306930793DF
:100FF000022102A801F038F918B91BB030BD72B651
:10100000FEE772B6FEE7000000B58FB0FFF79CFF69
:1010100000F0BEF9FFF7AEFF002406940794089491
:101020004FF0B043DA6C42F00202DA64DA6C02F09C
:1010300002020092009ADA6C42F00102DA64DA6C81
:1010400002F001020192019ADA6C42F08002DA6445
:10105000DA6C02F080020292029ADA6C42F0040228
:10106000DA64DB6C03F004030393039B41F2FC138B
:1010700004930326059604AD29462B4800F04EFB49
:1010800049F6FA7304930596069429464FF090406A
:1010900000F044FB08230493059606942946234850
:1010A00000F03CFB4FF40053049305960694294648
:1010B0001F4800F033FB1F481F4B03604FF4E13320
:1010C00043608460C46004610C2343618461C46133
:1010D00004624462846201F016FEE0B90021154802
:1010E00001F08FFEC8B90021124801F0AFFEB0B97F
:1010F000104801F067FEA0B909AC104D0FCD0FC428
:101100002B682360002109A801F0CAFE0C4B18606F
:1011100001F0C1FEFEE772B6FEE772B6FEE772B6F8
:10112000FEE772B6FEE700BF00040048001C00485E
:101130000008004888050020004400408074000832
:101140008405002072B6FEE708B500220F216FF07B
:10115000010000F05FF908BD10B596B0044600210B
:1011600011911291139114911591382203A805F051
:101170001EFD22681A4B9A4201D016B010BD022300
:1011800003934FF44023059303A801F0A1F918BB82
:101190004FF0B0439A6D42F400329A659A6D02F4B2
:1011A00000320292029ADA6C42F00102DA64DB6CDD
:1011B00003F001030193019B042311931223129363
:1011C00001231393002314930723159311A94FF0C0
:1011D000904000F0A3FAD0E7FFF7B4FFD8E700BFD4
:1011E0000044004008B50268074B9A4200D008BD91
:1011F0004FF0B042936D23F40033936504214FF018
:10120000904000F053FBF2E7004400407047FEE7D7
:1012100055BEFEE7FEE7FEE7FEE7704708B500F0C3
:10122000CDF803F0C7F8012800D108BD03F0BAFAE1
:10123000FBE70120704708B505F016FD1623036093
:101240004FF0FF3008BD08B505F00EFD1623036012
:10125000FEE7000008B503460C4A126852B10B4A7B
:10126000106803440A4A0B49521A934206D8074AA7
:10127000136008BD054A08491160F0E705F0F4FC69
:101280000C2303604FF0FF30F3E700BF1C06002083
:1012900000FC0020000400006809002070470000E6
:1012A0000D488546FFF7FAFF0C480D490D4A00230B
:1012B00002E0D458C4500433C4188C42F9D30A4A0B
:1012C0000A4C002301E013600432A242FBD305F074
:1012D000D1FCFFF799FEFEE700FC00200000002093
:1012E000D80100202C7F0008D801002068090020C8
:1012F000FEE710B54FF0B0439A6B4FF0FF329A63A0
:10130000D96BDA63996B00249C63D96BDC63196C2D
:101310001A64196C1C64596C5A64596C5C64996A3F
:101320009A62996A9C62D96ADA62D96ADC62196B3C
:101330001A631A6B1C63FFF769FF204610BD00009B
:10134000114B1B780BB90120704710B5044600F013
:1013500041FC0D4B1A784FF47A73B3FBF2F3B0FBF8
:10136000F3F000F0BFF868B90F2C01D901200AE0B2
:10137000002221464FF0FF3000F04CF8034B1C6078
:10138000002000E0012010BD180000201C000020FB
:1013900010B5032000F02CF800F01CFC064B186080
:1013A0000F20FFF7CDFF10B10124204610BD0446E9
:1013B000FFF7CAFEF9E700BF14000020034A1168D6
:1013C000034B1B780B441360704700BF20060020BE
:1013D00018000020014B1868704700BF200600204D
:1013E0004FF0E022136923F00203136170470000FD
:1013F0000749CA68030203F4E06322F4E0621204BE
:10140000120C134343F0BF6343F40033CB607047C7
:1014100000ED00E000B5184BDB68C3F30223C3F115
:10142000070CBCF1040F28BF4FF0040C03F1040EAD
:10143000BEF1060F8CBF033B00234FF0FF3E0EFAB8
:101440000CFC21EA0C0199400EFA03FE22EA0E027E
:101450001143002808DB0901C9B200F1604000F522
:10146000614080F8001300BD00F00F000901C9B20F
:10147000024B1954F7E700BF00ED00E014ED00E067
:10148000002807DB410900F01F0001238340024AC6
:1014900042F82130704700BF00E100E000280CDB7B
:1014A000430900F01F00012282402033034941F824
:1014B0002320BFF34F8FBFF36F8F704700E100E031
:1014C000BFF34F8F0549CA6802F4E062044B13432F
:1014D000CB60BFF34F8F00BFFDE700BF00ED00E022
:1014E0000400FA050138B0F1807F0BD24FF0E02301
:1014F0005861054AF02182F82310002098610722E4
:101500001A6170470120704700ED00E010B50B46EE
:101510000B4C626942F480226261EFF3108E72B666
:1015200001F5807C411A1A685A5004336345FAD198
:10153000034A136913F4803FFBD18EF3108810BD6A
:1015400000400058074B5B69002B01DB002070470F
:10155000044B054A9A6002F188329A605869C00FBC
:10156000704700BF0040005823016745044B5A698B
:1015700042F000425A615869C043C00F704700BF33
:101580000040005870B50546FFF724FF0446164E8C
:10159000336913F4803F06D0FFF71CFF001BA842FD
:1015A000F6D3032070BD104B1B6913F0010F02D05E
:1015B0000D4A012111614CF2FA3213400BD10A4E4F
:1015C000336913F4802F0CD0FFF704FF001BA842EF
:1015D000F6D30320E6E7044A1361044A536001206E
:1015E000E0E70020DEE700BF0040005824060020AE
:1015F000F8B51F46174B1B78012B29D004460D4622
:101600001646144B01221A7000225A604FF47A7069
:10161000FFF7B8FF70B9012C10D031462846FFF70C
:1016200075FF4FF47A70FFF7ADFF0B4A536923EA59
:1016300004035361074B00221A70F8BD064A536930
:1016400043F0010353612E60BFF36F8F6F60E8E7D3
:101650000220F2E72406002000400058054A5369A2
:1016600023F47E7343EAC00040F4803040F002006F
:101670005061704700400058F8B5264B1B78012B8D
:1016800046D005460E46234B01221A7000225A60AE
:101690004FF47A70FFF776FF0146002833D12B68AC
:1016A000042B18D04FF0FF3333606C68AB682344D1
:1016B0009C421ED24FF47A772046FFF7CFFF384680
:1016C000FFF760FF014698B901346B68AA681344BC
:1016D000A342F1D80DE0104A536943F4803343F03C
:1016E000040353614FF47A70FFF74CFF014607E0A3
:1016F0003460094A536923F47E7323F00203536173
:10170000054B1A681B68034B00221A700846F8BD87
:101710000221FBE724060020004000580B68002B44
:1017200000F0BF802DE9F04F4FF0000C624601251C
:101730004FF0030E07265B4C4FF00F084FE0836815
:101740000EFA0CFA23EA0A0ACB6803FA0CF343EA0E
:101750000A038360436823EA07074B68C3F3001357
:1017600093403B43436045E0002707FA0BF747EA05
:101770000A079F6023686FEA0907D1F804A01AF4EA
:10178000801F0CBF3B4049EA030323606368D1F824
:1017900004A01AF4001F0CBF3B4049EA0303636036
:1017A000D4F88030D1F804A01AF4803F0CBF3B403D
:1017B00049EA0303C4F88030D4F88430D1F804A097
:1017C0001AF4003F0CBF1F4049EA0307C4F88470B5
:1017D00001320B680CF1020C33FA02F75FD005FA04
:1017E00002F717EA0309F3D04B6803F00303013B48
:1017F000012BA4D94B6803F00303032B20D0C76847
:101800000EFA0CF327EA03078B6803FA0CF33B4349
:10181000C3604B6803F00303022B11D1D70800EB20
:1018200087073B6A02F0070B4FEA8B0B08FA0BFAAB
:1018300023EA0A0A0B6903FA0BF343EA0A033B6241
:1018400007680EFA0CF327EA03074B6803F003035B
:1018500003FA0CF33B4303604B6813F4403FB7D0EB
:1018600022F0030303F1804303F580339F6802F005
:10187000030B4FEA8B0B06FA0BFA27EA0A0AB0F1C0
:10188000904F3FF471AF084FB84206D007F580671C
:10189000B84214BF0727022767E7012765E7BDE8BD
:1018A000F08F70470008005800040048002976D0E7
:1018B0002DE9F04F8C4600234FF001094FF0070B44
:1018C0004FF0030A364F29E04FF0000808FA04F4FD
:1018D000AC4249D0046859000AFA01F10C43046093
:1018E000DD0800EB85052E6A03F00704A4004FF025
:1018F0000F0E0EFA04F426EA04042C62846824EA2B
:1019000001048460446824EA02024260C26822EA58
:101910000102C26001333CFA03F23ED009FA03F23D
:1019200012EA0C06F6D023F0030101F1804101F523
:1019300080318D6803F00304A4000BFA04FE0EEA64
:101940000505B0F1904FBFD0DFF85880404508D072
:1019500008F58068404514BF4FF007084FF00208B3
:10196000B4E74FF00108B1E7D7F8804024EA060455
:10197000C7F88040D7F8844024EA0604C7F88440BA
:101980003C6824EA06043C607C6824EA06047C6027
:101990008C6824EA0E048C609CE7BDE8F08F7047E9
:1019A0000008005800040048024A136843F480739A
:1019B0001360704700040058024B186800F4C060C0
:1019C000704700BF0004005870B584B04FF0B043BA
:1019D000D3F80831C0F3031003F00F03304A52F874
:1019E0002040304A52F82330B4FBF3F4FFF7E4FF11
:1019F00005462D4B93E8070004AB03E90700B5F556
:101A0000007F27D0294B9C423DD303F5B70303F653
:101A10007F539C423ED903F5741303F510639C4237
:101A200098BF022330D90025214A136823F0070309
:101A30002B431360FFF7CEFC04461D4E336803F0C2
:101A400007039D4228D0FFF7C5FC001B0228F5D9EB
:101A5000032022E0174B9C420CD9174B9C4210D913
:101A600003F5370303F5D8539C4298BF022302D9EC
:101A70000025D9E7002304AA02EB830353F80C5C8A
:101A8000D2E70123F7E7002304AA02EB830353F80C
:101A90000C5CC9E70123F7E7002004B070BD00BF6C
:101AA000A87C0008087D000894740008C0CF6A0074
:101AB00000400058BFEA21013F9334024FF0B0428A
:101AC0009368D26813F00C0314D00C2B0BD0042BAA
:101AD00049D0082B4AD14FF0B0431A6812F4801253
:101AE00047D139482DE002F00302012A02D000223A
:101AF000104626E04FF0B042126812F008020DD0F6
:101B00004FF0B042126812F0080226D14FF0B041F7
:101B1000D1F894102D4951F822200EE04FF0B04139
:101B2000096811F0080F14D14FF0B042D2F8942098
:101B3000C2F30322254951F82220002B0CBF104686
:101B400000204FF0B0439B6803F00C030C2B13D024
:101B500070474FF0B0410968ECE74FF0B0421268AF
:101B6000C2F30312D6E700221948EAE70022104622
:101B7000E7E700221648E4E74FF0B043DB6803F0E4
:101B80000303022B09D0032B08D14FF0B0431B688D
:101B900013F4801F15D10C4A00E00D4A4FF0B043FA
:101BA000D868D968DB68C0F3062002FB00F0C1F3F7
:101BB00002120132B0FBF2F05B0F0133B0FBF3F025
:101BC000C6E7034AEAE700BF0048E801A87C00082E
:101BD0000024F40008B5FFF771FF4FF0B0439B6895
:101BE000C3F30313024A52F82330B0FBF3F008BDED
:101BF000087D0008002800F01A832DE9F041044612
:101C00004FF0B0439D6805F00C05DE6806F0030652
:101C1000036813F0200F2BD0002D67D00C2D63D05C
:101C2000236A002B00F0C5804FF0B042136843F0E8
:101C300001031360FFF7CEFB07464FF0B048D8F81A
:101C4000003013F0020F00F0AC804FF0B0431A6880
:101C500042F008021A601A6822F0F002A16A0A43F0
:101C60001A605A68616A22F47F4242EA01225A608D
:101C7000236813F0010F00F0E180082D00F0B4801C
:101C80000C2D00F0AE804FF0B042136823F48013A7
:101C9000A1680B4313606368B3F5803F00F0AD802B
:101CA000B3F5041F00F0AE804FF0B0431A6822F481
:101CB00080321A601A6822F400121A606368002BDE
:101CC00000F0AB80FFF786FB07464FF0B048D8F82E
:101CD000003013F4003F40F0B180FFF77BFBC01BE6
:101CE0006428F4D90320AFE2012E99D1236A002B96
:101CF00000F09F82A06A4FF0B0431B6813F0080FFA
:101D00004FF0B04312BF1B68D3F894301B0903F0A7
:101D1000F00398422BD9FFF757FE002840F08B8242
:101D20004FF0B0431A6842F008021A601A6822F0B5
:101D3000F002A16A0A431A605A68616A22F47F427B
:101D400042EA01225A60FFF745FFB94B1860B94BD0
:101D50001868FFF7F5FA002840F07682236813F040
:101D6000010F8DD113F0020F00F0A2806CE04FF054
:101D7000B0431A6842F008021A601A6822F0F002B2
:101D8000A16A0A431A605A68616A22F47F4242EAF1
:101D900001225A60A06AFFF717FE0028D3D0012065
:101DA00052E2FFF717FBC01B02287FF648AF032063
:101DB0004AE24FF0B042136823F001031360FFF7CB
:101DC00009FB07464FF0B048D8F8003013F0020F77
:101DD0003FF44EAFFFF7FEFAC01B0228F4D90320F0
:101DE00032E2032E7FF44FAF6368002B00F02582B0
:101DF000236813F0020F27D15AE0136843F48033AD
:101E000013605BE74FF0B0431A6842F400121A60A7
:101E10001A6842F480321A6050E7FFF7DBFA07468F
:101E20004FF0B048D8F8003013F4003F06D0FFF769
:101E3000D1FAC01B6428F5D9032005E2236813F00A
:101E4000020F35D0042D1CD00C2D18D02369002B87
:101E500069D04FF0B042136843F480731360FFF70A
:101E6000B9FA06464FF0B0473B6813F4806F16D1BD
:101E7000FFF7B0FA801B0228F6D90320E4E1022E16
:101E8000E4D12369002B00F0DA814FF0B0425368AF
:101E9000616923F0FE4343EA0163536008E04FF0B9
:101EA000B0425368616923F0FE4343EA0163536023
:101EB000236813F0080F7ED0A369002B62D04FF087
:101EC000B043D3F8943003F01002E169914211D08D
:101ED00003F00302022A00F0B48113F0010F38D19D
:101EE0004FF0B042D2F8943023F01003E1690B4375
:101EF000C2F894304FF0B042D2F8943043F001036E
:101F0000C2F89430FFF766FA06464FF0B047D7F8AC
:101F1000943013F0020F4ED1FFF75CFA801B1128AA
:101F2000F5D9032090E14FF0B042136823F4807399
:101F30001360FFF74FFA06464FF0B0473B6813F4C3
:101F4000806FB5D0FFF746FA801B0228F6D9032030
:101F50007AE14FF0B042D2F8943023F00103C2F896
:101F60009430FFF737FA06464FF0B047D7F8943071
:101F700013F0020FB4D0FFF72DFA801B1128F5D90A
:101F8000032061E14FF0B042D2F8943023F0010316
:101F9000C2F89430FFF71EFA06464FF0B047D7F864
:101FA000943013F0020F06D0FFF714FA801B1128AB
:101FB000F5D9032048E1236813F0040F00F0B48042
:101FC0001D4B1B6813F4807F10D1FFF7EDFCFFF76A
:101FD00001FA0646184F3B6813F4807F06D1FFF7DD
:101FE000F9F9801B0228F6D903202DE1E368002BC4
:101FF00066D023F08003052B20D0FFF7EBF90646CF
:102000004FF0B042D2F8903043F00103C2F8903064
:102010001746D7F8903013F0020F18D1FFF7DAF90E
:10202000801B41F288339842F3D903200CE100BFB2
:10203000140000201C000020000400584FF0B042A3
:10204000D2F8903043F00403C2F89030D5E7E3684B
:1020500023F00403812B19D0FFF7BCF906464FF09B
:10206000B042D2F8903023F08003C2F89030174687
:1020700041F28838D7F8903013F4006F54D0FFF74E
:10208000A9F9801B4045F5D90320DDE0FFF7A2F94F
:1020900006464FF0B042D2F8903043F08003C2F8C9
:1020A0009030174641F28838D7F8903013F4006F1B
:1020B0003AD1FFF78FF9801B4045F5D90320C3E0E3
:1020C000FFF788F906464FF0B042D2F8903023F07F
:1020D0008003C2F89030174641F28838D7F8903024
:1020E00013F4006F06D0FFF775F9801B4045F5D952
:1020F0000320A9E0FFF76EF906464FF0B042D2F890
:10210000903023F00103C2F890301746D7F8903092
:1021100013F0020F08D0FFF75DF9801B41F28833FE
:102120009842F3D903208FE0E36A002B00F08B8004
:102130000C2D60D0022B16D04FF0B042136823F064
:1021400080731360FFF746F904464FF0B0452B68E3
:1021500013F0007F48D14FF0B042D168404B0B40A4
:10216000D360002070E04FF0B042136823F080731A
:102170001360FFF72FF905464FF0B046336813F0B0
:10218000007F2AD14FF0B042D068236B616B0B43C4
:10219000344901400B43E16B0B43216C0B43616CF1
:1021A0000B43A16B43EA0123D360136843F08073B0
:1021B0001360D36843F08053D360FFF70BF90446F4
:1021C0004FF0B0452B6813F0007F3FD1FFF702F9C5
:1021D000001B0A28F6D9032036E0FFF7FBF8401B66
:1021E0000A28CBD903202FE0FFF7F4F8001B0A28B8
:1021F000ADD9032028E0012B2AD04FF0B043DB6893
:1022000003F00301226B914224D103F07002616B51
:102210008A4221D103F4FE42A16BB2EB012F1DD102
:1022200003F06043606C181A18BF01200CE0012015
:102230007047012008E0012006E0012004E00120B1
:1022400002E0012000E00020BDE8F0810020FBE773
:102250000120F9E70120F7E70120F5E70120F3E786
:10226000FCFFFEEE8C80C111002800F006812DE9F4
:10227000F0410C460546834B1B6803F007038B4275
:1022800027D32B6813F0020F39D12B6813F0400FBE
:102290004DD12B6813F0040F65D12B6813F0080F94
:1022A00079D12B6813F0010F00F0C1806B68022B0D
:1022B00000F08B80032B00F09080002B40F0958085
:1022C0004FF0B042126812F0020F40F094800120EB
:1022D000D1E06C4A136823F007030B431360FFF748
:1022E00079F80646674F3B6803F00703A342C8D05E
:1022F000FFF770F8801B0228F5D90320BBE04FF0F0
:10230000B042936823F0F003A9680B439360FFF792
:1023100061F806464FF0B047BB6813F4803FB4D174
:10232000FFF758F8801B0228F6D90320A3E04FF0EE
:10233000B042D2F80831696923F00F0343EA111360
:10234000C2F80831FFF746F806464FF0B047D7F815
:10235000083113F4803F9CD1FFF73CF8801B022822
:10236000F5D9032087E04FF0B042936823F4E0638F
:10237000E9680B439360FFF72DF806464FF0B0472E
:10238000BB6813F4003F88D1FFF724F8801B0228B4
:10239000F6D903206FE04FF0B0429368296923F427
:1023A000605343EAC1039360FFF714F806464FF009
:1023B000B047BB6813F4802F7FF473AFFFF70AF8C0
:1023C000801B0228F5D9032055E04FF0B042126877
:1023D00012F4003F0FD101204DE04FF0B0421268DF
:1023E00012F0007F07D1012045E04FF0B0421268A3
:1023F00012F4806F43D04FF0B0418A6822F003029C
:1024000013438B60FEF7E6FF06464FF0B04741F2FC
:102410008838BB686A6803F00C03B3EB820F06D000
:10242000FEF7D8FF801B4045F3D9032023E0154B6E
:102430001B6803F00703A34215D9124A136823F05F
:10244000070323431360FEF7C5FF05460D4E3368AF
:1024500003F00703A34206D0FEF7BCFF401B02288F
:10246000F5D9032007E0FFF7B5FB074B1860074BD2
:102470001868FEF765FFBDE8F08101207047012074
:10248000F9E700BF00400058140000201C000020A5
:1024900008B5FFF79FFB4FF0B0439B68C3F30223DF
:1024A000024A52F82330D84008BD00BFE87C00083B
:1024B00008B5FFF78FFB4FF0B0439B68C3F3C2230F
:1024C000024A52F82330D84008BD00BFE87C00081B
:1024D00070B50446036813F4803F40F0A5800020E7
:1024E000236813F0010F0AD062684FF0B041D1F8B1
:1024F000883023EA124392B21343C1F8883023682C
:1025000013F0020F0AD0A2684FF0B041D1F8883022
:1025100023EA124392B21343C1F88830236813F0C0
:10252000200F09D04FF0B042D2F8883023F4406336
:1025300021690B43C2F88830236813F4007F0CD064
:10254000216A4FF0B042D2F888300D0C2D0423EAF6
:10255000050343EA0143C2F88830236813F4806F0F
:102560000CD0616A4FF0B042D2F888300D0C2D04C7
:1025700023EA050343EA0143C2F88830236813F4D1
:10258000006F0CD0A16A4FF0B042D2F888300D0C29
:102590002D0423EA050343EA0143C2F88830236887
:1025A00013F0400F64D1236813F0800F71D12368BA
:1025B00013F4807F7ED1236813F0100F0DD04FF0FD
:1025C000B042D2F8883023F44073E1680B43C2F87C
:1025D0008830E368B3F5807F7DD0236813F4004F23
:1025E0000FD04FF0B042D2F8883023F04043216B37
:1025F0000B43C2F88830236B1BB9D36843F0807358
:10260000D360236813F4804F0DD04FF0B042D2F85E
:10261000883023F04053E16A0B43C2F88830E36A04
:10262000B3F1005F5CD070BDFFF7BEF9FEF7D2FEDC
:102630000546444E336813F4807F56D1FEF7CAFE38
:10264000401B0228F6D903204AE7FEF7C3FE0546E1
:102650004FF0B046D6F8903013F0020F65D1FEF778
:10266000B9FE431B41F288329342F3D9032037E786
:1026700063694FF0B045D5F88820190901F47F212E
:1026800022EA01021B0103F47F231343C5F88830BB
:1026900089E7A3694FF0B045D5F88820190901F4FE
:1026A0007F2122EA01021B0103F47F231343C5F8B3
:1026B00088307CE7E3694FF0B045D5F888201909E8
:1026C00001F47F2122EA01021B0103F47F2313435B
:1026D000C5F888306FE7D36843F08073D3607CE738
:1026E000D36843F48033D3609DE74FF0B043D3F811
:1026F000903003F44073626B9A4216D04FF0B043AF
:10270000D3F8901021F44070D3F8902042F4803236
:10271000C3F89020D3F8902022F48032C3F89020A0
:10272000C3F8900011F0020F8FD14FF0B042D2F8F1
:10273000903023F44073616B0B43C2F8903000205B
:10274000CEE600BF00040058F0B138B5054624239A
:10275000C0F888300268136823F00103136003682F
:1027600000241C6003685C6003689C60FEF73AFD0F
:10277000C5F89040C5F88840C5F88C40EC662C67D9
:1027800085F88440204638BD0120704770B5044666
:1027900001680868A3682269134362691343E26908
:1027A0001343A84A024013430B602268536823F482
:1027B0004053E1680B435360A1692268A24B9A42DF
:1027C0001CBF236A1943936823F06E4323F43063DC
:1027D0000B4393602268D36A23F00F03616A0B43B3
:1027E000D3622368994A934219D0994A93422CD0D4
:1027F000954A93424AD01022E069B0F5004F00F0AC
:10280000AF80082A00F21A81DFE812F0DD00FF0035
:10281000DB001801020118011801180105014FF031
:10282000B042D2F8882002F0030242F44032A2F50E
:102830004032032A07D8DFE812F03F0017011501E4
:1028400004000822D8E71022D6E74FF0B042D2F8B1
:10285000882002F00C0242F44022A2F540220C2A09
:1028600012D8DFE812F04500110011001100030139
:102870001100110011000D001100110011000F00D6
:102880000222B9E70822B7E71022B5E74FF0B043BC
:10289000D3F8883003F44063B3F5006F5CD003D8FD
:1028A0005BB3FFF70BF92AE0B3F5406F02D14FF4A9
:1028B000004027E001209FE0012263498B429BD129
:1028C000082A00F2AB8001A353F822F0FB2800088D
:1028D0001D2A00085D2900081D2A0008A3280008F9
:1028E0001D2A00081D2A00081D2A0008F5280008D6
:1028F0000022E2E74FF4004004E0FFF7C9FD0028A2
:1029000000F08E80626A534B33F81220B0FBF2F372
:10291000656805EB4501994200F28480B3EB053F01
:1029200000F28280002633463146FDF779FC090229
:1029300041EA106100026B08C0182A46334641F193
:102940000001FDF76DFCA0F54072434B9A426DD833
:102950002368D86030464FE04048D3E73F48D1E78E
:10296000082A65D8DFE802F0072705642A64646452
:102970000B003A4803E0FFF78BFD00285AD062684D
:10298000616A344B33F81130B0FBF3F0530803EBBA
:102990004003B3FBF2F3A3F110014FF6EF72914243
:1029A0004AD823F00F0292B22168C3F342031343C3
:1029B000CB60002020E0FFF77BFDDEE7FFF77EF82D
:1029C000DBE7264803E0FFF763FD002838D06368A3
:1029D000616A204A32F81120B0FBF2F000EB53009C
:1029E000B0FBF3F0A0F110024FF6EF739A4237D824
:1029F000236880B2D86000200123A4F86A30A4F8CC
:102A0000683000236367A36770BDFFF751FDDCE703
:102A1000FFF754F8D9E74FF40040D8E70120EBE77F
:102A20000020E9E70120E7E70120E5E70120E3E7EF
:102A30000120E1E70020DFE70120DDE70120DBE7FF
:102A40000020D9E7F369FFCF008000400038014043
:102A500000440040487D0008FFFC0F000024F40003
:102A60000120C9E70222C7E60422C5E60422C3E624
:102A7000836A13F0080F06D00268536823F40043FA
:102A8000816B0B435360836A13F0010F06D0026819
:102A9000536823F40033C16A0B435360836A13F015
:102AA000020F06D00268536823F48033016B0B4396
:102AB0005360836A13F0040F06D00268536823F44E
:102AC0008023416B0B435360836A13F0100F06D0D1
:102AD0000268936823F48053C16B0B439360836A4D
:102AE00013F0200F06D00268936823F40053016CA2
:102AF0000B439360836A13F0400F0AD00268536857
:102B000023F48013416C0B435360436CB3F5801F77
:102B10000BD0836A13F0800F06D00268536823F449
:102B20000023C16C0B43536070470268536823F461
:102B3000C003816C0B435360EBE72DE9F04106467F
:102B40000C4615469846069F3268D16934EA010161
:102B50000CBF01230023AB4265D1B7F1FF3F38D052
:102B6000FEF738FCA0EB0800B8423DD8002F3BD060
:102B700033681A6812F0040FE6D0802CE4D0402CA1
:102B8000E2D0DA6912F4006FDED04FF400621A620C
:102B9000326852E8003F23F4D07342E80031002944
:102BA000F6D1326802F1080353E8003F23F0010335
:102BB000083242E800310029F3D12023C6F88830DA
:102BC000C6F88C30C6F89030002386F88430032095
:102BD00008E0D36934EA03030CBF01230023AB42AE
:102BE000F7D00020BDE8F081326852E8003F23F4BE
:102BF000D07342E800310029F6D1326802F10803AF
:102C000053E8003F23F00103083242E80031002975
:102C1000F3D12023C6F88830C6F88C30002386F81C
:102C200084300320DEE70020DCE730B583B00446C3
:102C30000023C0F89030FEF7CDFB054622681268ED
:102C400012F0080F10D123681B6813F0040F19D17C
:102C50002023C4F88830C4F88C300020E066206758
:102C600084F8840003B030BD6FF07E4300930346C8
:102C700000224FF400112046FFF75FFF0028E2D04A
:102C80000320EFE76FF07E4300932B4600224FF4C2
:102C900080012046FFF751FF0028D9D00320E1E74B
:102CA00078B310B50446D0F888300BB32423C4F8A9
:102CB00088302268136823F001031360A36AE3B924
:102CC0002046FFF763FD012811D02268536823F4E2
:102CD000904353602268936823F02A03936022682C
:102CE000136843F0010313602046FFF79EFF10BDF9
:102CF00080F88430FEF730FAD8E72046FFF7B8FEB8
:102D0000DEE701207047002834D010B50446D0F823
:102D1000883033B32423C4F888302268136823F042
:102D200001031360A36A0BBB2046FFF72FFD0128A8
:102D300016D02268536823F4904353602268936846
:102D400023F0220393602268936843F008039360A2
:102D50002268136843F0010313602046FFF765FF04
:102D600010BD80F88430FEF7F7F9D3E72046FFF76F
:102D70007FFED9E701207047436E2BB90123A0F8ED
:102D80006A30A0F86830704730B403689A68996870
:102D9000490F0A4D6B5CDB00094C615C93FBF1F35E
:102DA000A0F86A30C2F34262AB5CDB00A25C93FB2A
:102DB000F2F3A0F8683030BC704700BF687D0008AF
:102DC000607D000890F88430012B18D0012380F832
:102DD00084302423C0F8883003681A68196821F009
:102DE0000101196022F000520023436601680A6065
:102DF0002022C0F8882080F88430184670470220CE
:102E0000704738B590F88430012B1DD0044601235B
:102E100080F884302423C0F8883003681D681A685D
:102E200022F001021A600268936823F0604319439C
:102E30009160FFF7A1FF23681D602023C4F888304C
:102E4000002084F8840038BD0220FCE738B590F8F3
:102E50008430012B1DD00446012380F884302423C4
:102E6000C0F8883003681D681A6822F001021A60F1
:102E70000268936823F0606319439160FFF77CFF59
:102E800023681D602023C4F88830002084F8840063
:102E900038BD0220FCE708B500F06EFF002008BD39
:102EA00030B585B084460B464068DCF80010BCF8AD
:102EB0001020BCF908C0BCF1840F14BF0CF103044E
:102EC000002403AD0195009400F002FE01280CBF20
:102ED0000398002005B030BD10B5182001F01EFD8C
:102EE000044620B1002340F8043B00F003F92046DB
:102EF00010BD90B12DE9F0410C4616461D4607461F
:102F0000B1F1807F13D34FF0500383F31188BFF3E7
:102F10006F8FBFF34F8FABBEFEE74FF0500383F3CD
:102F20001188BFF36F8FBFF34F8FABBEFEE749B978
:102F30004FF0500383F31188BFF36F8FBFF34F8FB0
:102F4000ABBEFEE701F036FA58B9069B4BB14FF025
:102F5000500383F31188BFF36F8FBFF34F8FABBE66
:102F6000FEE700F047FFD7F8008065B904EA0803E0
:102F7000003B18BF012363B116B128EA04043C608A
:102F800000F0FCFF29E034EA08030CBF0123002312
:102F9000F1E7069B002BF3D0311E18BF0121090673
:102FA0000DB141F08061069A2143381D01F0F2F81D
:102FB00000F0E4FF48B94FF0E0234FF08052C3F82F
:102FC000042DBFF34F8FBFF36F8F01F01BFB8046C3
:102FD00010F0007F04D028F07F484046BDE8F08123
:102FE00001F080FBD7F8008045B904EA0803003BF4
:102FF00018BF012343B901F097FBECE734EA08035B
:103000000CBF01230023F5E7002EF4D028EA0404C6
:103010003C60F0E778B170B50C460546B1F1807FB1
:1030200013D34FF0500383F31188BFF36F8FBFF3B7
:103030004F8FABBEFEE74FF0500383F31188BFF311
:103040006F8FBFF34F8FABBEFEE701F04BFB2E68D7
:1030500026EA04042C6001F067FB304670BDF8B529
:1030600070B10E460546B1F1807F13D34FF0500387
:1030700083F31188BFF36F8FBFF34F8FABBEFEE7B3
:103080004FF0500383F31188BFF36F8FBFF34F8F5F
:10309000ABBEFEE700F10C0700F0ACFE2C692B681C
:1030A00033432B60A7421CD000260EE0296832EA89
:1030B000010108D113F0807F18BF1643296841F041
:1030C000007101F0DBF8A7420CD020466468036869
:1030D00023F07F4213F0806FE8D129680A42E9D1DA
:1030E000F1E700262B6823EA06032B6000F046FF79
:1030F0002868F8BD00F1080343604FF0FF3282609A
:10310000C3600361002303607047002303617047BD
:1031100043684B609A688A605160996008610368EF
:1031200001330360704730B40D68B5F1FF3F11D033
:1031300000F108031C465B681A68AA42FAD9636862
:103140004B6099608C6061600861036801330360C3
:1031500030BC70470469F2E70369416882688A609D
:10316000416851605A68824204BF82685A600022F6
:1031700002611A68013A1A601868704710B504466F
:1031800001F0B0FAA46B01F0CFFAB4FA84F0400970
:1031900010BD70B504461546866B026C5AB90368BB
:1031A0001BB100200136A66370BD806801F06EF986
:1031B0000023A360F6E76DB9406803F081FD636802
:1031C000226C13446360A268934219D3236863603E
:1031D0002846E7E7C06803F073FD226C5142E368BC
:1031E0009B1AE3602268934202D2A3680B44E36017
:1031F000022D01D00020D5E726B1013E0020D1E705
:103200002846CFE70020CDE708B50346026C62B13F
:103210000846D9681144D960D3F808C0614524BF75
:103220001968D960D96803F04BFD08BD70B5054633
:1032300001F058FA95F8454064B2002C0FDD05F115
:10324000240602E0013C64B24CB16B6A3BB13046EB
:1032500000F0CEFF0028F5D001F0A6F8F2E7FF233A
:1032600085F8453001F060FA01F03CFA95F84440E9
:1032700064B2002C0FDD05F1100602E0013C64B2DF
:103280004CB12B693BB1304600F0B2FF0028F5D0BD
:1032900001F08AF8F2E7FF2385F8443001F044FAA0
:1032A00070BD38B5E0B10D46044601F01BFA226846
:1032B000216CE36B01FB03F3D018A0600020A06336
:1032C00062605B1A1A44E260FF2384F8443084F899
:1032D000453005BB23696BB901F026FA012038BDE2
:1032E0004FF0500383F31188BFF36F8FBFF34F8FFD
:1032F000ABBEFEE704F1100000F07AFF0028EBD02F
:103300004FF0E0234FF08052C3F8042DBFF34F8FEE
:10331000BFF36F8FE0E704F11000FFF7EBFE04F15D
:103320002400FFF7E7FED7E748B94FF0500383F3D7
:103330001188BFF36F8FBFF34F8FABBEFEE770B541
:103340000C46064601FB00F0483001F0E7FA05465E
:1033500048B154B100F148032B60EE632C640121A5
:103360002846FFF79EFF284670BD0346F4E72DE987
:10337000F04F85B0019290B10E461D460446C1B192
:10338000022D23D1E36B012B20D04FF0500383F3A8
:103390001188BFF36F8FBFF34F8FABBEFEE74FF0C7
:1033A000500383F31188BFF36F8FBFF34F8FABBE12
:1033B000FEE7036C002BE3D04FF0500383F311883A
:1033C000BFF36F8FBFF34F8FABBEFEE700F0F2FF8E
:1033D000824658B9019B5BB14FF0500383F31188CB
:1033E000BFF36F8FBFF34F8FABBEFEE74FF0000A06
:1033F00002AF4FF000090DF1040837E02A463146CC
:103400002046FFF7C6FE636A83B948B14FF0E02358
:103410004FF08052C3F8042DBFF34F8FBFF36F8F6F
:1034200001F082F9012005B0BDE8F08F04F124001D
:1034300000F0DEFE0028F3D04FF0E0234FF0805282
:10344000C3F8042DBFF34F8FBFF36F8FE8E701F090
:103450006BF90020E7E7384600F056FF14E02046FD
:10346000FFF7E4FE00F08AFD4FF0010A01F03AF99F
:10347000A26BE36B9A42C1D3022DBFD0019B002BFC
:10348000E5D0BAF1000FE6D001F04EF900F0B2FC41
:1034900001F028F994F844305BB2B3F1FF3F08BF64
:1034A00084F8449094F8452052B2B2F1FF3F08BF2F
:1034B00084F8459001F038F94146384600F030FF75
:1034C00000BB01F00FF9D4F838B0D4F83CA001F0FB
:1034D0002BF9D345C3D1019904F1100000F040FE4F
:1034E0002046FFF7A3FE00F049FD0028BCD14FF0B5
:1034F000E0234FF08052C3F8042DBFF34F8FBFF38A
:103500006F8FB1E72046FFF791FE00F037FD0020F6
:1035100089E710B5024600210120FFF705FF0446A8
:1035200038B1002181600160C1600B460A46FFF797
:103530001EFF204610BD2DE9F84398B10F461646F0
:103540001C460546C1B1022C23D1EB6B012B20D0C8
:103550004FF0500383F31188BFF36F8FBFF34F8F8A
:10356000ABBEFEE74FF0500383F31188BFF36F8FBC
:10357000BFF34F8FABBEFEE7036C002BE3D04FF0E1
:10358000500383F31188BFF36F8FBFF34F8FABBE30
:10359000FEE701F093F9EFF311884FF0500383F346
:1035A0001188BFF36F8FBFF34F8FAA6BEB6B9A42FB
:1035B00006D3022C04D0002088F31188BDE8F883DC
:1035C00095F845904FFA89F9224639462846FFF783
:1035D000E0FDB9F1FF3F06D009F101035BB285F8C8
:1035E00045300120E8E76B6A0BB90120E4E705F1FB
:1035F000240000F0FDFD18B126B101203060DBE7AA
:103600000120D9E70120D7E72DE9F04784B00192E6
:1036100090B189460446C9B100F0CCFE824610BB89
:10362000019B13B34FF0500383F31188BFF36F8FE7
:10363000BFF34F8FABBEFEE74FF0500383F311880B
:10364000BFF36F8FBFF34F8FABBEFEE7036C002B52
:10365000E2D04FF0500383F31188BFF36F8FBFF3B5
:103660004F8FABBEFEE74FF0000A02AD4FF00008EF
:1036700001AE38E049462046FFF7C6FD7B1EA36336
:1036800023692BB901F050F8012004B0BDE8F087A0
:1036900004F1100000F0ACFD0028F3D04FF0E0235F
:1036A0004FF08052C3F8042DBFF34F8FBFF36F8FDD
:1036B000E8E701F039F80020E7E7284600F024FEAB
:1036C0001CE02046FFF7B2FD00F058FC09E0204660
:1036D000FFF7ACFD00F052FC2046FFF74FFD00283D
:1036E00046D14FF0010A00F0FDFFA76B002FC1D1BA
:1036F000019B002BDDD0BAF1000FDED001F014F8F1
:1037000000F078FB00F0EEFF94F844305BB2B3F1C8
:10371000FF3F08BF84F8448094F845305BB2B3F1B2
:10372000FF3F08BF84F8458000F0FEFF3146284681
:1037300000F0F6FD0028CAD12046FFF71FFD002843
:10374000BFD0019904F1240000F00AFD2046FFF7E4
:103750006DFD00F013FC0028C3D14FF0E0234FF0C3
:103760008052C3F8042DBFF34F8FBFF36F8FB8E7BC
:1037700000208AE72DE9F04385B0019160B104464D
:10378000036C9BB14FF0500383F31188BFF36F8F2D
:10379000BFF34F8FABBEFEE74FF0500383F31188AA
:1037A000BFF36F8FBFF34F8FABBEFEE700F002FE9B
:1037B000814658B9019B83B14FF0500383F31188C0
:1037C000BFF36F8FBFF34F8FABBEFEE74FF0000824
:1037D000C14602AD002701AE53E08046F9E7013B48
:1037E000A36323684BB123695BB900F09DFF4FF0E1
:1037F0000108404605B0BDE8F08300F00FFFA0606F
:10380000F1E704F1100000F0F3FC0028EDD04FF0D8
:10381000E0234FF08052C3F8042DBFF34F8FBFF366
:103820006F8FE2E7B8F1000F09D04FF0500383F338
:103830001188BFF36F8FBFF34F8FABBEFEE700F071
:1038400073FFD6E7284600F05FFD25E000F04AFF51
:10385000A06800F0BFFD804600F066FF42E0204611
:10386000FFF7E4FC00F08AFB09E02046FFF7DEFCEE
:1038700000F084FB2046FFF781FC002849D14FF07F
:10388000010900F02FFFA36B002BA8D1019B002B97
:10389000C8D0B9F1000FD5D000F046FF00F0AAFA69
:1038A00000F020FF94F844305BB2B3F1FF3F08BF53
:1038B00084F8447094F845305BB2B3F1FF3F08BF21
:1038C00084F8457000F030FF3146284600F028FDAE
:1038D0000028CAD12046FFF751FC0028BFD023683A
:1038E000002BB3D0019904F1240000F039FC2046EC
:1038F000FFF79CFC00F042FB0028C0D14FF0E02312
:103900004FF08052C3F8042DBFF34F8FBFF36F8F7A
:10391000B5E7B8F1000F3FF46CAF00F0E3FE616A69
:1039200019B1236B1968C1F10701A06800F008FE06
:1039300000F0FAFE4FF000085BE740B110B5044616
:1039400000F0D0FEA46B00F0EFFE204610BD4FF05B
:10395000500383F31188BFF36F8FBFF34F8FABBE5C
:10396000FEE708B510B100F0E5FF08BD4FF05003C9
:1039700083F31188BFF36F8FBFF34F8FABBEFEE7AA
:10398000084B1B681B6823B9074B4FF0FF321A60C6
:103990007047044B1B68DB68DB685A68024B1A608F
:1039A000704700BFAC0600204406002080B5174DCC
:1039B000174F184EDFF860802B68BBB100F092FE05
:1039C000FB68DC68201DFFF7C7FB3368013B3360F1
:1039D0002B68013B2B6000F0A7FE206B00F0AAFFD4
:1039E000204600F0A7FF2B68002BE7D1D8F8003065
:1039F000012BE1D94FF0E0234FF08052C3F8042DA2
:103A0000BFF34F8FBFF36F8FD6E700BF7C06002058
:103A10008006002064060020D806002070B5044609
:103A20000D46244B1E68244B18680430FFF794FBA6
:103A300048B9214B1A6821490B68D06A012282409B
:103A400023EA02030B60B4F1FF3F0DD034441A4B5C
:103A50001B685C60A6421FD9194B1868164B196881
:103A60000431FFF760FB70BD7DB9731E124A126806
:103A700053609E42F0D8134B18680F4B19680431FD
:103A8000FFF751FB104B1B68EDE70B4B1968043136
:103A90000E48FFF73DFBE6E70A4B1868064B19682E
:103AA0000431FFF740FB084B1B68A342DBD9064BF0
:103AB0001C60D8E760060020640700205C06002038
:103AC000A8060020AC06002044060020680600205E
:103AD0002DE9F04707460E4698469500284600F027
:103AE0001DFF002800F0B1808146502000F016FF35
:103AF0000446002800F0A380C0F83090043D4D44F7
:103B000025F00705002E72D0731E00F133010B362D
:103B100013F8012F01F8012F0AB1B342F8D10023A5
:103B200084F83F30089E062E28BF0626E6622664EB
:103B30004FF0000AC4F844A004F104094846FFF716
:103B4000E4FA04F11800FFF7E0FA2461C6F1070671
:103B5000A6616462C4F848A084F84CA04246394685
:103B6000284600F09BFD2060099B03B11C6000F01B
:103B7000B9FD3A4A136801331360394B1B68002BB7
:103B800039D0384B1B683BB9354B1B68DA6AE36A9E
:103B90009A429CBF324B1C60334A13680133136056
:103BA000E06A324A1168012383400B43136000EB43
:103BB000800049462E4B03EB8000FFF7A9FA00F086
:103BC000B3FD284B1B68002B43D0254B1B68DA6ADA
:103BD000E36A9A423FD24FF0E0234FF08052C3F89D
:103BE000042DBFF34F8FBFF36F8F01202FE0002311
:103BF00080F8343096E71A4B1C601368012BCBD148
:103C00001B4D05F18C062846FFF774FA1435B542B2
:103C1000F9D1184E3046FFF76DFA174D2846FFF7D9
:103C200069FA1648FFF766FA1548FFF763FA154870
:103C3000FFF760FA144B1E60144B1D60ACE748465A
:103C400000F078FE4FF0FF3001E04FF0FF30BDE8AC
:103C5000F0870120FBE70120F9E700BF64060020A0
:103C60006407002058060020480600205C0600205B
:103C7000D8060020C4060020B006002094060020CC
:103C80008006002068060020AC060020A806002060
:103C900038B5044600F026FD002C37D0251D2846F7
:103CA000FFF75AFA70B9E26A02EB82039B002949D6
:103CB000CB583BB928480368012101FA02F223EAF4
:103CC00002030360A36A1BB104F11800FFF744FA72
:103CD000224A136801331360214B1B68A34218D09A
:103CE000204A1368013B1360206B00F023FE20463E
:103CF00000F020FEFFF744FE00F016FD1A4B1B6893
:103D00001BB1174B1B68A3420CD038BD144B1C6869
:103D1000C4E729461548FFF7FBF9154A1368013334
:103D20001360E9E7134B1B684BB14FF0500383F36B
:103D30001188BFF36F8FBFF34F8FABBEFEE74FF01D
:103D4000E0234FF08052C3F8042DBFF34F8FBFF331
:103D50006F8FDAE7D80600205C06002048060020B6
:103D6000640700206406002058060020800600201A
:103D70007C0600203C06002000B583B0174B019361
:103D800000230093802216491648FFF7A1FE012860
:103D900004D0B0F1FF3F16D003B000BD4FF0500388
:103DA00083F31188BFF36F8FBFF34F8F0E4B4FF02C
:103DB000FF321A600D4B01221A600D4B00221A606F
:103DC00000F01AFDE8E74FF0500383F31188BFF3CA
:103DD0006F8FBFF34F8FABBEFEE700BF40060020E2
:103DE00014790008AD390008440600205806002068
:103DF00060060020024A136801331360704700BF59
:103E00003C060020014B1868704700BF6006002088
:103E1000034610B103F134007047074B1B68002BB9
:103E2000F8D14FF0500383F31188BFF36F8FBFF3C6
:103E30004F8FABBEFEE700BF640700202DE9F047BF
:103E4000434B1B68002B75D1424B1E6801361E6028
:103E5000CEB9414B1B681B684BB14FF0500383F345
:103E60001188BFF36F8FBFF34F8FABBEFEE73A4AA7
:103E700011683A4B186810601960394A13680133A9
:103E80001360FFF77DFD374B1B68B34243D8324BBD
:103E90001B681B683BB10025DFF8BC80DFF8C890C9
:103EA000DFF8C8A024E000252E4B4FF0FF321A6047
:103EB00032E02C4A13602FE0E06AD9F80020012399
:103EC00083401343C9F8003000EB800039460AEB09
:103ED0008000FFF71DF9264B1B68E26ADB6A9A42F5
:103EE00028BF45F00105D8F800301B68002BDBD057
:103EF000D8F80030DB68DC6863689E42D9D3271DA0
:103F00003846FFF729F9A36A002BD5D004F1180031
:103F1000FFF722F9D0E70025154B1B68DB6A03EB9E
:103F200083039B00114AD358012B94BF284645F0C8
:103F3000010004E00F4A13680133136000200E4BA8
:103F40001B68002B18BF40F00100BDE8F08700BFE0
:103F50003C06002060060020AC060020A8060020D9
:103F60004C060020440600205C060020D8060020F5
:103F7000640700205406002050060020384B1B68C0
:103F80004BB94FF0500383F31188BFF36F8FBFF32A
:103F90004F8FABBEFEE72DE9F04100F0A3FB304BA5
:103FA0001A68013A1A601B68002B50D12D4B1B6810
:103FB000002B52D02C4B1B684BB32B4F2B4EDFF8F2
:103FC000B08001E03B6803B3FB68DC6804F11800D3
:103FD000FFF7C2F8251D2846FFF7BEF8E06A3268F1
:103FE000012383401343336000EB8000294608EB34
:103FF0008000FFF78DF81F4B1B68E26ADB6A9A426C
:10400000E0D31D4B01221A60DCE7FFF7B9FC1B4B24
:104010001C686CB1184E012501E0013C05D0FFF78A
:104020000DFF0028F9D03560F7E7144B00221A6025
:10403000114B1C6864B14FF0E0234FF08052C3F87D
:10404000042DBFF34F8FBFF36F8F012400E00024D6
:1040500000F06AFB2046BDE8F0810024F8E700BFCD
:104060003C06002064060020940600205C06002028
:10407000D8060020640700205006002054060020C7
:1040800010B5B0B10446104B1B684BB14FF0500354
:1040900083F31188BFF36F8FBFF34F8FABBEFEE783
:1040A000FFF7A8FE00212046FFF7B8FCFFF766FFE8
:1040B00048B94FF0E0234FF08052C3F8042DBFF30E
:1040C0004F8FBFF36F8F10BD3C0600201F4B1B6846
:1040D0001BB11F4B01221A6070471D4B00221A6052
:1040E0001C4B1B68B3FA83F3DBB2C3F11F0303EB72
:1040F0008302920018498A584AB94FF0500383F35B
:104100001188BFF36F8FBFF34F8FABBEFEE7124A2C
:1041100003EB830102EB810148684068486003EBD0
:10412000830102EB81020832904209D003EB830342
:10413000094A02EB83035B68DA68084B1A60704730
:104140004068054A02EB81025060EFE73C06002020
:10415000500600205C060020D806002064070020DE
:1041600058B110B50C460A4A11681831FEF7DBFF4A
:1041700001212046FFF752FC10BD4FF0500383F39E
:104180001188BFF36F8FBFF34F8FABBEFEE700BF49
:104190006407002078B110B514460246124B1B6824
:1041A0009BB94FF0500383F31188BFF36F8FBFF3B8
:1041B0004F8FABBEFEE74FF0500383F31188BFF380
:1041C0006F8FBFF34F8FABBEFEE7084B186841F00F
:1041D00000418161196818311046FEF799FF0121ED
:1041E0002046FFF71BFC10BD3C06002064070020A2
:1041F00038B5C368DC682CB304F118052846FEF70F
:10420000ABFF184B1B683BBB251D2846FEF7A4FFE0
:10421000E06A154A1168012383400B43136000EBE9
:1042200080002946114B03EB8000FEF771FF104B15
:104230001B68E26ADB6A9A4283BF01200D4B18605B
:10424000002038BD4FF0500383F31188BFF36F8F08
:10425000BFF34F8FABBEFEE729460748FEF758FF76
:10426000E5E700BF3C0600205C060020D8060020E1
:1042700064070020500600209406002038B51D4B2E
:104280001B684BB94FF0500383F31188BFF36F8F56
:10429000BFF34F8FABBEFEE741F000410160C46841
:1042A000F4B1FEF759FF251D2846FEF755FFE06AD9
:1042B000114A1168012383400B43136000EB800017
:1042C00029460E4B03EB8000FEF722FF0C4B1B68C8
:1042D000E26ADB6A9A4202D90A4B01221A6038BDAF
:1042E0004FF0500383F31188BFF36F8FBFF34F8FED
:1042F000ABBEFEE73C0600205C060020D80600208E
:104300006407002050060020034B1B680360034B2A
:104310001B684360704700BF4C0600206006002009
:1043200038B5D0B10C46054609B300F0DBF91C4B9B
:104330001A682368B3F1FF3F2BD0696819480068F9
:10434000D5F800C0844501D0914227D9501A834244
:1043500017D80023236001241CE04FF0500383F39F
:104360001188BFF36F8FBFF34F8FABBEFEE74FF0E7
:10437000500383F31188BFF36F8FBFF34F8FABBE32
:10438000FEE79B1A0B4423602846FFF7BDFF00247D
:1043900000E0002400F0C8F9204638BD0124F9E708
:1043A000600600204C060020014B01221A60704775
:1043B00050060020054B1B6833B1054B1868B0FA56
:1043C00080F04009400070470120704758060020E7
:1043D0003C060020002850D038B50446C36A284A5D
:1043E0001268D26A93423FD28269002A05DB244ACE
:1043F0001268D26AC2F10702826103EB8303214A89
:1044000002EB830362699A4205D01D4B1B68DB6A8D
:10441000E362012030E0251D2846FEF79DFE70B9BD
:10442000E26A02EB82039B001649CB583BB916485F
:104430000368012101FA02F223EA02030360104B30
:104440001B68D86AE062104A1168012404FA00F37C
:104450000B43136000EB800029460A4B03EB8000FE
:10446000FEF756FE204607E0054B1B68006CDB6A32
:1044700098422CBF0020012038BD0020704700BFAB
:1044800064070020D80600205C06002000284DD0DC
:1044900038B50446274B1B68834209D04FF05003C0
:1044A00083F31188BFF36F8FBFF34F8FABBEFEE76F
:1044B000436C4BB94FF0500383F31188BFF36F8FF8
:1044C000BFF34F8FABBEFEE7013B4364C16A026C92
:1044D00091422DD00BB1002038BD051D2846FEF7B6
:1044E0003BFE68B9E16A01EB81039B00124AD35895
:1044F00033B91248036801228A4023EA02030360A9
:10450000206CE062C0F10703A3610C4A116801242A
:1045100004FA00F30B43136000EB80002946064BBE
:1045200003EB8000FEF7F4FD2046D5E7002070473E
:104530000020D1E764070020D80600205C06002098
:10454000002857D038B50446436C4BB94FF05003A0
:1045500083F31188BFF36F8FBFF34F8FABBEFEE7BE
:10456000026C914238BF1146C26A8A4201D0012BC7
:1045700000D038BD204B1B68834231D0C1628369B3
:10458000002BA4BFC1F10701816102EB82021B4B2A
:1045900003EB820342699A42EBD1051D2846FEF7E0
:1045A000DBFD68B9E16A01EB81039B00134AD35834
:1045B00033B91348036801228A4023EA02030360E7
:1045C000E06A0F4A1168012383400B43136000EB3C
:1045D00080002946094B03EB8000FEF799FDC8E7F0
:1045E0004FF0500383F31188BFF36F8FBFF34F8FEA
:1045F000ABBEFEE7704700BF64070020D80600206E
:104600005C060020044B1A68906919681A68CB6A26
:10461000C3F107039361704764070020054B1B68D3
:1046200023B1044B1A68536C01335364014B18686F
:10463000704700BF6407002082B0002301930E4B37
:104640001B68B3F1FF3F09D04FF0500383F311888B
:10465000BFF36F8FBFF34F8FABBEFEE74FF050033A
:1046600083F31188BFF36F8FBFF34F8F019B002B34
:10467000FCD002B0704700BF200000200648006850
:10468000006880F3088862B661B6BFF34F8FBFF34E
:104690006F8F00DF00BF000008ED00E04FF0807377
:1046A00040F8043C21F0010140F8081C034B40F89D
:1046B0000C3C40F8202C4038704700BF39460008B9
:1046C000074B19680868B0E8F00F80F30988BFF35A
:1046D0006F8F4FF0000080F311884EF00D0E704781
:1046E000640700204FF0500383F31188BFF36F8FEE
:1046F000BFF34F8F0B4A136801331360012B00D0B7
:1047000070474FF0E023D3F8043D13F0FF0FF7D0CC
:104710004FF0500383F31188BFF36F8FBFF34F8FB8
:10472000ABBEFEE720000020094B1B684BB94FF0E1
:10473000500383F31188BFF36F8FBFF34F8FABBE6E
:10474000FEE7013B024A13600BB983F311887047FF
:104750002000002000000000000000000000000019
:10476000EFF30980BFF36F8F0D4B1A6820E9F00F4C
:10477000106008B54FF0500080F31188FFF7A6FCD9
:104780004FF0000080F31188BDE808401968086800
:10479000B0E8F00F80F30988BFF36F8F704700BF58
:1047A0006407002008B54FF0500383F31188BFF36E
:1047B0006F8FBFF34F8FFFF741FB28B14FF0E0231E
:1047C0004FF08052C3F8042D002383F3118808BDF5
:1047D0004FF0E022002313619361054B1B680549EC
:1047E000A1FB03139B09013B53610723136170472E
:1047F00014000020D34D621010B582B02B4B1A78F4
:10480000D2B20192FF221A701B78DBB28DF803300E
:104810009DF8033003F05003254A1370254B0722FF
:104820001A609DF8033013F0800F11D006229DF816
:1048300003305B00DBB28DF803309DF80330114686
:10484000013A13F0800FF2D103290BD0194B1960F4
:104850004FF0500383F31188BFF36F8FBFF34F8F77
:10486000ABBEFEE7134B4FF440721A60019BDBB204
:104870000E4A13704FF0E023D3F8202D42F470025B
:10488000C3F8202DD3F8202D42F07042C3F8202D1C
:10489000FFF79EFF0024084B1C60FFF7EFFEFFF7B9
:1048A00015FCFFF7C9FE204602B010BD00E400E091
:1048B0006C0700206807002020000020EFF305832C
:1048C0000F2B0FD9124A9A5C124B1B789A4209D2CD
:1048D0004FF0500383F31188BFF36F8FBFF34F8FF7
:1048E000ABBEFEE74FF0E023D3F80C3D03F4E063EA
:1048F000094A1268934209D94FF0500383F3118893
:10490000BFF36F8FBFF34F8FABBEFEE7704700BFA3
:10491000F0E300E06C0700206807002010B50446B3
:10492000FFF768FA204601F0F9FF0446FFF726FB7F
:10493000204610BD48B110B50446FFF75BFA20468B
:1049400001F0F4FFFFF71AFB10BD704708B5FCF744
:10495000B7FD08BD024B4AF6AA221A60704700BF95
:10496000003000404FF0B043D3F89420D3F89410B7
:10497000D3F89400D3F8943012F0005F08D111F00E
:10498000805F16D113F0006F14BF0321002100E0F7
:1049900001214FF0B042D2F8943043F40003C2F842
:1049A0009430054B1B780BB9034B1970024B1878E8
:1049B00070470221EDE700BF6D07002000B585B00C
:1049C0001B78012B0FD10B78003B18BF01238DF80A
:1049D0000F30C36883B103690DF10F0104309847AC
:1049E000002005B000BD01220092044A04490320C2
:1049F00001F09AF90B20F4E701F074FF1C7900082C
:104A00003C79000810B50446064B0360C3681BB12F
:104A100004300322014698471421204601F040FF4C
:104A2000204610BD787D000810B50446044B036095
:104A3000C3681BB10430032201469847204610BDCD
:104A4000787D0008704700001878012809D109789E
:104A50001170013905294AD8DFE801F00B1C2949FA
:104A6000323D08B5244A2549032001F05DF90B20A9
:104A700008BD2349D1F89005C2F80100D1F894058A
:104A8000C2F80500D1F89815C2F809100D221A7065
:104A9000002070471A49D1F88005C2F80100D1F80A
:104AA0008415C2F8051009221A70002070471449B5
:104AB000D1F8E015A2F8011003221A700020704707
:104AC0000F49D1F8001501F01F01A2F801100322CF
:104AD0001A70002070470B490968C2F801100A4992
:104AE0000968A2F8051003221A70002070470022FE
:104AF0001A700820704700BF4879000858790008EC
:104B00000070FF1F00ED00E0002004E010B5044637
:104B1000042101F0C5FE204610BD704770B582B07B
:104B20001C461B78012B0FD10D4616464FF0FF3364
:104B3000019300930B78012B0DD0022B1CD0082081
:104B40000023237002B070BD0E4A0F49032001F00C
:104B5000EBF80B20F6E7694601A8FCF71BF80028E4
:104B6000EED12B783370019BC6F80130009BC6F85C
:104B7000053009232370E5E7694601A8FCF726F80C
:104B8000EDE700BF487900086479000810B50446D5
:104B9000042101F085FE204610BD704738B51C4643
:104BA0001B78022B16D115460B78012B03D0022B54
:104BB00008D007200FE000F04FFF68700223237039
:104BC000002008E04C7801F067FE046201F0AEFDC1
:104BD000002000E00B2038BD10B50446042101F090
:104BE0005FFE204610BD000010B51C7834B9C368C4
:104BF0005BB1036904309847204610BD044A05495B
:104C0000032001F091F80B24F6E701F06BFE00BFE2
:104C1000487900086C79000810B50446064B03601B
:104C2000C3681BB104300322014698471421204673
:104C300001F036FE204610BDC87D000810B50446C0
:104C4000044B0360C3681BB104300322014698473C
:104C5000204610BDC87D0008704710B504460C21E1
:104C600001F01EFE204610BD30B583B012F01F0FBC
:104C70000BD00C4B0193732300930B4B0B4A0C4945
:104C8000022000F083FFABBEFDE7044615468068B6
:104C9000FBF70EFF636801336360A3682B44A360D6
:104CA00003B030BD84790008787900089C7500084D
:104CB000A8750008F0B583B01D7800221A70072D82
:104CC00018D906460C460B7813F0010F49D04A68F4
:104CD000CAB913F0020F22D1082D2CD8444B0193EE
:104CE00034230093434B444A4449022000F04EFFD2
:104CF000ABBEFDE7424A4349032001F015F8072700
:104D0000384603B0F0BD404B019332230093394B3A
:104D1000394A3A49022000F039FFABBEFDE73B4B70
:104D2000019333230093334B334A3449022000F07C
:104D30002DFFABBEFDE7002343608360FBF750FE11
:104D4000074638B9A5F1080204F108013046FFF71B
:104D50008BFFD5E703462E4A2A49032000F0E4FFE3
:104D6000CEE713F0020F27D04B686BB9082D17D090
:104D7000284B01934D2300931E4B1F4A1F490220CD
:104D800000F004FFABBEFDE71F4B01934B230093E4
:104D9000184B194A1949022000F0F8FEABBEFDE796
:104DA000FBF79CFD07460028AAD003461A4A15497E
:104DB000032000F0B9FFA3E74B68426893420ED18D
:104DC000A5F108020831FFF74FFF0746002897D0EA
:104DD0000346124A0B49032000F0A6FF90E7009219
:104DE0000F4A0849032000F09FFF072788E700BF0C
:104DF000CC790008A07900089C750008A875000807
:104E00004879000858790008A8790008BC7900089A
:104E1000F0790008FC790008207A0008407A000840
:104E20002C7A0008012A02D1016000207047032A71
:104E3000FBD801A353F822F0494E00084F4E00085A
:104E4000534E00082B4E000800230360EDE701607D
:104E5000EBE70B680360E8E770B588B00446061D11
:104E6000304601F085F9FEF737F8204B186028B37B
:104E7000012323600023059304941D4B07931D4BCE
:104E8000069303AD1C4B00930523A82204A92846D2
:104E900001F084F92946304601F07BF9284601F0FB
:104EA00001FA069B1BB104A803220146984701F0B2
:104EB000ABF8A06070B1204608B070BD0F4B0193F5
:104EC000192300930E4B0F4A0F49022000F05EFE9B
:104ED000ABBEFDE70D4B019320230093084B094A1D
:104EE0000949022000F052FEABBEFDE7700700202A
:104EF00069500008254E00086C7A0008647A0008A2
:104F00004C7A00089C750008A8750008707A0008A3
:104F100000B583B04B1E1E2B0BD90A4B01932523E2
:104F20000093094B094A0A49022000F02FFEABBE4C
:104F3000FDE7012303FA01F1064B1868FEF78FF82D
:104F400003B000BD807A0008747A00089C750008E0
:104F5000A87500087007002070B504464FF0FF31B7
:104F6000806801F05DF8236801252A4602FA05F6FB
:104F700033420BD133432360A06801F05FF8314620
:104F8000064B1868FEF76BF8284670BD0135202DDA
:104F9000ECD1A06801F052F8F6E700BF70070020DE
:104FA00030B583B04B1E1E2B0BD9164B01935423E7
:104FB0000093154B154A1649022000F0E7FDABBEE1
:104FC000FDE704460D464FF0FF31806801F028F8F8
:104FD0002268012303FA05F52A420DD022EA0502D0
:104FE0002260A06801F02AF829460A4B1868FEF7EB
:104FF00036F8012003B030BDA06801F01FF8002092
:10500000F8E700BF807A0008987A00089C750008CD
:10501000A8750008700700202DE9F04182B006460F
:105020000168104D4FF47A78002701E021EA04016D
:10503000CDF800803B463A462868FDF75AFF40F01D
:10504000010421462868FDF7E5FF316831EA0403D1
:10505000ECD1FFF77FFC21462868FDF7DBFF3168C4
:10506000E6E700BF7007002008B50068FFF7D4FF2F
:10507000012A02D1016000207047032AFBD801A356
:1050800053F822F0955000089B5000089F500008EC
:105090007750000800230360EDE70160EBE70B6841
:1050A0000360E8E708B5024801F0FCF808BD00BF5E
:1050B0007C07002030B583B00446034643F8041B48
:1050C0000021416059609960D3680361956845B1DA
:1050D000031D92E8030083E80300E560002393606A
:1050E000D36004F5107001F043F8002184F84412F5
:1050F000019100910B460A4641F2210000F06AFA44
:10510000C4F82C01A0B10021019100910B460A4680
:10511000072000F000FAC4F83001A8B1002323767C
:105120000423636104F12003E361204603B030BD32
:105130000B4B0193152300930A4B0B4A0B4902209A
:1051400000F024FDABBEFDE7094B0193182300934B
:10515000044B054A0549022000F018FDABBEFDE7EF
:10516000B07A0008A87A00089C750008A8750008A5
:10517000BC7A0008C3695A1CC26119704369013BBB
:105180004361002B6CD130B583B00446037E032B02
:1051900039D8DFE803F00217343A026A314B9A42F9
:1051A00004D101230376042343612CE0032200F1A0
:1051B0002101203001F0E2FC01236361E369013B3E
:1051C000E36120E0032200F12401D0F8300100F077
:1051D000C1FA94F82730834203D194F82430012B8C
:1051E00007D9002323760423636104F12003E361DC
:1051F00009E00223237694F82530636103E003235A
:1052000003760223436103B030BD00F1280590F816
:1052100025202946D0F82C0100F010FB94F8252019
:10522000A31893F8291093F8283043EA01239842F1
:1052300007D0002323760423636104F12003E36194
:10524000E1E701958DF80320E3683BB125690DF195
:10525000030301AA2146201DA847EAE701F042FB0B
:10526000704700BF55AAAA55F8B504460E46154624
:10527000174BC0F83431012380F8383180F83921D8
:10528000002380F83A31032200F59C71D0F83001F8
:1052900000F060FA84F83B0104F59E772A46314617
:1052A000384601F00DFD2A463946D4F82C0100F0AD
:1052B000C5FA631983F83C01000A83F83D012068B0
:1052C0000368DB6805F10A0204F59A719847F8BD96
:1052D00055AAAA5590F8443203B1704730B589B049
:1052E0000446012380F844320023059304900F4BB9
:1052F00007930F4B069303AD0E4B009305234FF41A
:10530000207204A9284600F049FF294604F51070D0
:1053100000F03FFF284600F0C5FF069B1BB104A824
:1053200003220146984709B030BD00BFE154000890
:1053300071500008C87A000890F8443203B97047E9
:1053400010B5002380F8443200F51074204600F0B8
:10535000C5FF00B910BD204600F0C9FFFAE710B53F
:105360000446D0F8300100F013F9D4F82C0100F015
:1053700071F92046FFF7E0FF04F5107000F092FF8E
:10538000E3681BB1201D032201469847204610BD4B
:105390002DE9F04385B00446006803681B6998470F
:1053A000484B1B68BFF35B8F13F0010F10D04648CA
:1053B000FFF7D2FD0746D0B9444B0193A6230093D3
:1053C000434B444A4449022000F0E0FBABBEFDE7FA
:1053D0003C4801F067FA0028E9D03B48FFF73CFD64
:1053E0003E4801F094FA374801F068FADFE700F030
:1053F00007FE054694F84432002B42D00DF10F060B
:10540000DFF8C090DFF8C0800FE00023237604238C
:10541000636104F12003E36100F0F2FD431BB3F587
:105420007A7F10D894F844325BB3206803689B6895
:105430006422314698470028E7D09DF80F10204697
:10544000FFF798FEE8E7D9F80030BFF35B8F13F061
:10545000010F07D039464046FFF75AFD00F0D0FD56
:105460000546DFE7174801F01DFA0028F2D016487C
:10547000FFF7F2FC194801F04AFA124801F01EFA4F
:10548000E8E7206803685B6998470E4B1B68BFF329
:105490005B8F13F0010F06D039460B48FFF780FDF4
:1054A00005B0BDE8F083074801F0FCF90028F3D00F
:1054B0000548FFF7D1FC094801F029FA014801F03D
:1054C000FDF9E9E77407002078070020D47A000886
:1054D000CC7A00089C750008A8750008A550000843
:1054E00008B50068FFF754FF08BD014600231846C1
:1054F0004FF0010C02E00133082B0BD041FA03F20C
:1055000012F0010FF7D0C3F107020CFA02F21043B8
:10551000C0B2F0E770472DE9F843044688461746C5
:105520001E469DF824900C2001F0F8F9054660B164
:10553000047180F80580C77106729DF82030837170
:10554000B9F1000F04D1002303602846BDE8F883B9
:105550004FF4807001F0E2F90646286098B10138F6
:105560000021CBB2082213F0800F4FEA4303DBB2D5
:1055700018BF6340013AF6D100F8013F0131B1F59F
:10558000807FEED1E1E7284601F0D0F93546DCE72F
:1055900010B582B048B10446006808B101F0C6F900
:1055A000204601F0C3F902B010BD064B0193C7239A
:1055B0000093054B054A0649022000F0E7FAABBE0E
:1055C000FDE700BFE07A0008347E00089C75000803
:1055D000A87500082DE9F8430446884617461E467C
:1055E0009DF824900C2001F099F9054660B1848063
:1055F000A0F806808772C672BDF820300381B9F129
:10560000000F04D1002303602846BDE8F8834FF45F
:10561000007001F083F906462860B0B1023806F543
:10562000FF7C00210B46082213F4004F4FEA43038E
:105630009BB218BF6340013AF6D120F8023F01F552
:10564000807189B26045EDD1DEE7284601F06EF940
:105650003546D9E710B582B048B10446006808B1B4
:1056600001F064F9204601F061F902B010BD064B6B
:1056700001934FF487730093044B054A05490220B8
:1056800000F084FAABBEFDE7E07A0008207E000857
:105690009C750008A87500082DE9F8430446884663
:1056A00017461D469DF82490142001F037F9064650
:1056B00058B14460C0F8088007744574089BC36003
:1056C000B9F1000F04D1002303603046BDE8F88330
:1056D0004FF4806001F022F90546306098B104383B
:1056E00005F57F7C00210B460822002BB4BF84EA1D
:1056F00043035B00013AF8D140F8043F01F18071A7
:105700006045F0D1E1E7304601F010F92E46DCE7C4
:1057100010B582B048B10446006808B101F006F93E
:10572000204601F003F902B010BD064B019340F290
:1057300055130093044B054A0549022000F026FA50
:10574000ABBEFDE7E07A00080C7E00089C750008FF
:10575000A87500082DE9F04383B070B10746C9B1C0
:105760004479D0F80080B8F1000F20D0002A4DD045
:1057700090F807900D468E1826E02B4B019340F2CF
:1057800083130093294B2A4A2A49022000F0FEF98C
:10579000ABBEFDE7284B01934FF4C2730093234B3C
:1057A000234A2449022000F0F1F9ABBEFDE76AB3B9
:1057B000C67988468D1822E02B786340DBB218F852
:1057C00003400135B54221D0B9F1000FF4D028785B
:1057D000FFF78BFE0346F0E798F800006040C4B284
:1057E000082314F0800F4FEA4404E4B21CBF3A7956
:1057F0005440013BF5D108F10108A84506D0002E20
:10580000EAD098F80000FFF770FEE7E73B7A1BB19B
:105810002046FFF76AFE0446BB7984EA0300C0B263
:1058200003B0BDE8F08300BFE07A0008007E000806
:105830009C750008A8750008E87A00082DE9F04377
:1058400083B070B10746C9B1C488D0F80080B8F100
:10585000000F20D0002A52D090F80A900D468E18E2
:105860002AE0354B019340F2B1130093334B344A95
:105870003449022000F08AF9ABBEFDE7324B0193B8
:105880004FF4D97300932D4B2D4A2E49022000F07E
:105890007DF9ABBEFDE792B3867A88468D1827E086
:1058A0002B7883EA1423DBB238F813302402A4B235
:1058B0005C400135AE4222D0B9F1000FF0D028781B
:1058C000FFF713FE0346ECE798F8000084EA002097
:1058D00084B2082314F4004F4FEA4404A4B21CBF5E
:1058E000BA885440013BF5D108F10108A84506D01B
:1058F000002EE9D098F80000FFF7F7FDE6E7FB7A05
:105900009BB100221346012002E00133102B0BD083
:1059100044FA03F111F0010FF7D0C3F10F0100FABF
:1059200001F10A4392B2F0E714463B8984EA03008E
:1059300080B203B0BDE8F083E07A0008F47D00088F
:105940009C750008A8750008E87A00082DE9F04366
:1059500083B070B10746C9B18468D0F80080B8F14F
:10596000000F20D0002A4DD090F810900D468E18D0
:105970002AE0304B019340F2DF1300932E4B2F4A65
:105980002F49022000F002F9ABBEFDE72D4B019339
:105990004FF4F0730093284B284A2949022000F065
:1059A000F5F8ABBEFDE76AB390F810800D468E188F
:1059B00021E02B7883EA1463DBB258F8233083EAC2
:1059C00004240135AE421DD0B9F1000FF1D0287882
:1059D000FFF78BFD0346EDE7287884EA006408238F
:1059E000002CBABF7A6882EA44046400013BF7D114
:1059F0000135B54206D0B8F1000FEDD02878FFF799
:105A000074FDEAE77B7C7BB100210B4601204FF05F
:105A1000004500FA03F222421CBF25FA03F21143AB
:105A20000133202BF5D10C46F868604003B0BDE887
:105A3000F08300BFE07A0008E87D00089C7500084C
:105A4000A8750008E87A0008002070470020704719
:105A500008B5FEF7D7F908BD014B1879704700BFAC
:105A6000240000202DE9F04F87B082468B46049237
:105A70000593DFF8048108F105064FF48079D8F822
:105A8000080100F02FFAA0B14A463146D6F80301CA
:105A900000F0EEF9054656F8053C1B680146304615
:105AA000984704460146D6F8030100F00AFAA542D9
:105AB000E5D0FFF7CDFF0346304A11680391304926
:105AC00011F80A100291CDF804B052F82A20009281
:105AD0002C4A4FF480712C4800F0DEFF041E1CDBC2
:105AE000FF2CA8BFFF24C4F58075059B049A2946A6
:105AF0002548204401F034F8002813DB854214DDEA
:105B00000444FE2C13DC621C1B4B19190D20487138
:105B1000023413440A225A7110E0174BD3F81001D3
:105B200000F08CFA07B0BDE8F08F4FF48074124B90
:105B30000D2283F803210A2283F804210E4BD3F8A7
:105B4000080100F0CFF980B90F4850F8053C1B68F8
:105B500021469847A042E5D0411D074B221A19441F
:105B6000D3F8080100F03CF9DCE707492246D1F8F8
:105B7000030100F035F9D5E72400002038010020AA
:105B8000987E0008EC7A0008290000200CB430B59B
:105B900083B004460D46094BD3F80C315BB107AB1B
:105BA0000193069A29462046FFF75CFF03B0BDE843
:105BB000304002B0704700F003F8F0E72400002006
:105BC000194BD3F80C3103B1704700B583B000F026
:105BD0001BFA154BC3F8100168B14FF4007000F0C8
:105BE000E3F8114BC3F8080188B10F4B0122C3F849
:105BF0000C2103B000BD0D4B0193532300930C4BBC
:105C00000C4A0D490220FFF7C1FFABBEFDE70B4B6D
:105C1000019356230093064B064A07490220FFF7DB
:105C2000B5FFABBEFDE700BF24000020007B0008ED
:105C3000807E00089C750008A87500080C7B000891
:105C40002DE9F04383B0002832D00446224BD3F82C
:105C50000C31002B38D02368002B38D06368002B20
:105C600037D01D4D2B685B6898472C60A8466E1D89
:105C70004FF48079D8F8080100F034F9A8B14A4609
:105C80003146D6F8030100F0F3F8054656F8053C16
:105C90001B6801463046984704460146D6F8030182
:105CA00000F00FF9A542E5D0002003B0BDE8F08375
:105CB0000A4B01935C230093094B0A4A0A490220CC
:105CC000FFF764FFABBEFDE7FFF77AFFC3E70720EE
:105CD000EBE70720E9E700BF24000020187B00085D
:105CE0006C7E00089C750008A8750008072802D87B
:105CF000084B1871704700B583B0074B01937F23A1
:105D00000093064B064A07490220FFF73FFFABBE50
:105D1000FDE700BF24000020207B0008587E00081B
:105D20009C750008A87500080CB470B584B00728ED
:105D300020D804460D46174B1B79834215D3154BCB
:105D4000D3F80C3113B3134E4FF0FF31D6F81001D6
:105D500000F066F909AB0393089A29462046FFF73D
:105D600081FED6F8100100F069F904B0BDE870407A
:105D700002B07047084B0193E1230093074B084A98
:105D800008490220FFF702FFABBEFDE7FFF718FF4F
:105D9000D9E700BF24000020207B0008487E0008CF
:105DA0009C750008A875000870B5B8B106461420A7
:105DB00000F0B4FD044650B1304600F0AFFD05469A
:105DC000206030B126610023E360A3606360204659
:105DD00070BD204600F0AAFD2C46F8E70024F6E747
:105DE000002A44D02DE9F84304460F4615460669BB
:105DF000964218D9D0F80880A6EB08094A451FD862
:105E00000068404400F05CFF2369E268991A8D4203
:105E100023D8A1682944B1FBF3F003FB1011A16062
:105E20002A44E2600AE0911B32463944006800F0DF
:105E300047FF00236360A3602369E360BDE8F88344
:105E400000684A46404400F03BFFAA1B424407EB6F
:105E50000901206800F034FFD6E7A2681544B5FBBD
:105E6000F3F203FB1255A5606560E360E6E7704757
:105E70002DE9F843C56815B92846BDE8F8830446FE
:105E80000E46954228BF1546D0F810804768A8EB0B
:105E900007094D4506D801682A463944304600F0C6
:105EA0000FFFE9E701684A463944304600F008FF31
:105EB000A5EB08023A44216806EB090000F000FF58
:105EC000DAE7C36863B1994228BF19465B1AC36019
:105ED000436819440369B1FBF3F203FB12114160FB
:105EE0007047000008B1C068704700B583B0064B2A
:105EF0000193AD230093054B054A06490220FFF7A5
:105F000045FEABBEFDE700BF607B0008A07E000839
:105F10009C750008A87500080020704730B583B054
:105F20000346194A106850B10C46A3B1F9B1026892
:105F300095680A461946A847204603B030BD134B62
:105F400001930A230093124B124A13490220FFF7D0
:105F50001DFEABBEFDE7114B01930B2300930C4BD1
:105F60000C4A0D490220FFF711FEABBEFDE70C4BBA
:105F700001930C230093064B064A07490220FFF7C2
:105F800005FEABBEFDE700BF84070020707B000864
:105F9000647B00089C750008A87500087C7B0008DD
:105FA000807B000818B1094A10600948704700B5A5
:105FB00083B0084B019320230093074B074A0849FD
:105FC0000220FFF7E3FDABBEFDE700BF8407002022
:105FD00058010020A07B0008887B00089C75000801
:105FE000A875000808B54FF47A7303FB00F0034B63
:105FF000A3FB00308009FEF743F808BDD34D6210C3
:1060000008B5FDF7FFFE08BD08B50120FDF781FAD0
:1060100008BD18B108B5FDF7A4FC08BD7047000025
:1060200008B54FF47A7303FB01F1034BA3FB013175
:106030008909FDF79FFB08BDD34D621008B5002309
:106040001A461946FDF793F908BD10B584B003ACA4
:10605000019400930B4692B20699FDF739FD012891
:1060600009D04FF0500383F31188BFF36F8FBFF354
:106070004F8FABBEFEE7039808B104B010BD4FF0E0
:10608000500383F31188BFF36F8FBFF34F8FABBE05
:10609000FEE708B5FDF7FCFD08BD08B50022FDF7D9
:1060A00043F908BD18B108B5FDF75BFC08BD7047A2
:1060B00008B54FF47A7303FB02F2034BA3FB0232E1
:1060C0009209FDF7A1FA08BDD34D621000B583B067
:1060D0000023019301AAFDF72EFA019B4BB14FF06B
:1060E000E0234FF08052C3F8042DBFF34F8FBFF36E
:1060F0006F8F03B000BD08B5032200210120FDF71A
:1061000013F908BD08B5FDF72CFC08BD08B5002340
:106110001A461946FDF72BF908BD000008B54FF4E3
:106120007A7303FB01F1034BA3FB01318909FDF7EE
:1061300021FB08BDD34D621008B5FDF7FEFB08BD7D
:1061400008B5FDF765FE08BD10B504464068FFF7C9
:10615000F7FF636953B1A36904F10C009847A06885
:10616000FFF7D4FF6068FFF794FF10BD00F0BAFBA3
:1061700038B50546002404601C2000F0A2FB046032
:1061800044608460C460046144618461286028467E
:1061900038BD0B68036000230B6070472DE9F047A2
:1061A00088B00646884691469A46002505601C2020
:1061B00000F087FB0446056045608560C5600561A9
:1061C000456185613060FFF796FFA0603468A36881
:1061D000002B42D004AA0023049305930693D8F819
:1061E0000C700797D8F808304BB198E8030082E8A4
:1061F000030006930023C8F80830C8F80C3002AA40
:1062000004AD95E8030082E8030004F10C0393E871
:10621000030085E8030092E8030083E80300069A80
:10622000636906936261A2690792A7611BB1284660
:106230000322294698473468109B236000935346F5
:106240004A4621461148FFF700FF606033685B68EB
:106250007BB1304608B0BDE8F0870D4B01932B238E
:1062600000930C4B0C4A0D490220FFF78FFCABBE8C
:10627000FDE70B4B019331230093064B064A074978
:106280000220FFF783FCABBEFDE700BF49610008B9
:10629000B47B0008A87B00089C750008A87500085E
:1062A000C07B000838B504460368ABB14FF0FF313E
:1062B0009868FFF733FF23689868FFF723FF256886
:1062C00055B16B6923B105F10C00032201469847D3
:1062D0001C21284600F0E4FA204638BD08B50368C2
:1062E0009868FFF729FFB0FA80F0400908BD38B57B
:1062F0000446012502E02846FFF774FE23689868EB
:10630000FFF71AFF0028F6D038BD08B54068FFF740
:10631000CFFE08BD38B50446C5682A6852E8003F7C
:1063200043F0200342E800310029F7D1296851E801
:10633000003F43F0100341E800321046002AF6D136
:1063400095F904201E4BDB68C3F30223C3F1070158
:10635000042928BF042103F1040CBCF1060F88BFF7
:10636000D81E4FF0FF338B40DB4303F0050383401F
:10637000002A1DDB1B01DBB202F1604202F5614223
:1063800082F8003395F90400FBF77AF82A689368DD
:1063900013F0080F09D052E8003F23F00C0343F03C
:1063A000040342E800310029F5D10123237738BDE9
:1063B00002F00F021B01DBB202498B54E2E700BF7F
:1063C00000ED00E014ED00E038B50446C56895F92D
:1063D0000400FBF763F82A6852E8003F23F020032B
:1063E00042E800310029F7D12A6852E8003F23F043
:1063F000100342E800310029F7D10023237738BD8C
:1064000030B583B004460F4B0360FFF7DDFFE5684E
:106410005DB1A068FFF7FDFD6068FFF743FE002354
:106420006B71AB60204603B030BD074B01939823DE
:106430000093064B064A07490220FFF7A7FBABBEB5
:10644000FDE700BFC07E0008D47B0008CC7B0008BD
:106450009C750008A875000810B50446FFF7D0FF2A
:106460002021204600F01CFA204610BD70B582B0F5
:10647000044685680368DA6912F0100F1CBF102209
:106480001A620368DA6912F0080F04D008221A624F
:106490002B6901332B612368DA6912F0200F11D0C8
:1064A0000DF107065B6A8DF8073031466868FFF723
:1064B0000DFE10B96B6901336B612368DA6912F064
:1064C000200FEFD102B070BD08B50248FFF7CEFF34
:1064D00008BD00BF6001002008B50248FFF7C6FFF5
:1064E00008BD00BF6C01002008B50248FFF7BEFFE1
:1064F00008BD00BF7801002010B582B00446164BDD
:106500000360002303614361816103770121104629
:10651000FFF7C3FD606030B1FFF776FDA06070B19A
:10652000204602B010BD0D4B01938D2300930C4B00
:106530000C4A0D490220FFF729FBABBEFDE70B4BD0
:10654000019390230093064B064A07490220FFF768
:106550001DFBABBEFDE700BFC07E0008DC7B000872
:10656000747B00089C750008A8750008E87B00088B
:10657000F0B583B078B10E4617460546274B002488
:106580001968A94213D001340C33032CF8D100252B
:10659000284603B0F0BD224B019355230093214BB5
:1065A000214A22490220FFF7F1FAABBEFDE75A79F2
:1065B000002AE8D1202000F084F905463A46314609
:1065C000FFF79AFF04EB4402144B03EB8203EB60EA
:1065D000AB685BB16B68ABB1104B04EB440203EBEF
:1065E00082029560134601225A71D1E7104B019344
:1065F000762300930B4B0C4A0C490220FFF7C6FA96
:10660000ABBEFDE70B4B019377230093054B064A86
:1066100006490220FFF7BAFAABBEFDE76001002091
:10662000A07B0008F07B00089C750008A875000896
:10663000F87B0008047C000810B504468069FCF76C
:106640002FFBA3691A68936813F0080F09D052E86A
:10665000003F23F00C0343F0040342E8003100291B
:10666000F5D110BDF8B504460D461746C668EFF3E0
:10667000058333B9EFF310831BB9EFF31183002BBC
:106680003DD0A369D3F88830002B42D031688B68A5
:1066900013F0080F09D051E8003F23F00C0343F03A
:1066A000080341E80032002AF5D1E81957B13368F0
:1066B00015F8011B99623268D36913F0800FFBD083
:1066C0008542F4D13268D36913F0400FFBD0936850
:1066D00013F0080F09D052E8003F23F00C0343F0F9
:1066E000040342E800310029F5D1EFF305832BB90B
:1066F000EFF3108313B9EFF3118373B1F8BDFDF716
:1067000059FE0028BDD04FF0FF31A068FFF788FC8C
:10671000B7E72046FFF790FFB8E7FDF74BFE0028EC
:10672000ECD0A068FFF78AFCE8E7000030B583B042
:106730000B4B186840B10B4D0B4C2A462146FFF716
:106740007DF8285303B030BD084B019374230093A8
:10675000074B084A08490220FFF718FAABBEFDE7CD
:1067600088070020FE03000000FC00201C7C0008BD
:10677000147C00089C750008A875000808B5034A39
:106780000021034800F013FA08BD00BF0004000018
:1067900000FC0020F0B583B00446354B1B68A3B164
:1067A000FEF7E0F80646324B186838B3314F324DE9
:1067B0003A462946FFF742F82A68304B9A4229D0D8
:1067C000012C2FD0FFF7B2FF27E0002101910091AB
:1067D0000B460A4641F22100FEF7FCFE244B1860EE
:1067E0000028DDD1264B01934A230093254B264AEE
:1067F00026490220FFF7CAF9ABBEFDE7204B019303
:1068000023230093224B204A20490220FFF7BEF9A0
:10681000ABBEFDE77B5B8342D2D1012C11D00020BF
:1068200003B0F0BDFFF7AAFF134D144B2B600723F5
:106830006B62184BAB610123EB61FEF793F82861A3
:10684000C0E7012E07D00C4B9A6801329A601E6196
:10685000FFF76CFFE3E7084B1B7C012B03D0064BD3
:1068600000225A61EFE7044A536901335361EAE7B2
:1068700088070020FE03000000FC0020BEBAFE5A7C
:106880001C7C0008247C00089C750008A875000882
:106890002C7C0008010002000048704704FC002026
:1068A00000F023B80268D207034605D4427802B14B
:1068B000FFDE0120587070470020704701230360FD
:1068C0007047012838BF012010B50446204600F06B
:1068D00025F800B110BD00F00BF808B900F010F871
:1068E0008047F3E708B500F00BF800F01FB8000090
:1068F000024B1868BFF35B8F704700BF8C07002006
:1069000008B5062000F084F90120FAF79CFC00236A
:1069100001461A46184600F0E1B90000024B014654
:10692000186800F02DB800BF84010020024B01461A
:10693000186800F02DBA00BF8401002070B50F4E1A
:106940000C463168054611B900F07EF930602146E9
:10695000284600F079F9431C03D14FF0FF3420465C
:1069600070BDC41C24F00304A042F8D0211A2846AC
:1069700000F06AF90130F2D1EFE700BF9007002084
:106980002DE9F843CD1C25F0030508350C2D38BF43
:106990000C25002D064601DBA94204D90C233360E7
:1069A0000020BDE8F883DFF8D48000F069F8D8F85B
:1069B00000301C4644BB29463046FFF7BFFF431C4E
:1069C000044658D1D8F800402746002F43D1002C68
:1069D0004BD023683946304604EB030900F034F904
:1069E000814542D121686D1A29463046FFF7A6FF3E
:1069F00001303AD023682B442360D8F800305A681D
:106A000062BBC8F800700FE02268521B20D40B2A2A
:106A100017D96119A342256018BF5960636808BF80
:106A2000C8F8001062514B60304600F02FF804F1B6
:106A30000B00231D20F00700C21A1CBF1B1AA35015
:106A4000AFE76268A3420CBFC8F800205A60EBE7CA
:106A500023466468AEE73C467F68B6E71A465B6843
:106A6000A342FBD100235360DEE70C2333603046A2
:106A700000F00CF894E70560D6E700BF940700200B
:106A8000014800F01BB900BFD4080020014800F005
:106A900016B900BFD40800200CB430B5184B0C1E3A
:106AA0001D689DB008DA8B232B604FF0FF301DB0BE
:106AB000BDE8304002B070474FF40273ADF81430B7
:106AC0004FF000031B9314BF04F1FF3323460493DC
:106AD00007934FF6FF7302900690ADF81630209A98
:106AE00021AB02A92846019300F0FCF9431CBCBF6E
:106AF0008B232B60002CDAD0029B00221A70D6E781
:106B00008401002030B51446002C9BB005461A467F
:106B100005DA8B2303604FF0FF301BB030BD4FF41C
:106B20000273ADF80C304FF00003199314BF04F159
:106B3000FF332346029305934FF6FF7300910491B0
:106B4000ADF80E3069461E9B00F0CCF9431CBCBF6B
:106B50008B232B60002CE0D0009B00221A70DCE716
:106B600007B5009313460A46014603480068FFF73D
:106B7000C9FF03B000BD00BF84010020884210B5EA
:106B800001EB020402D98442234607D8431EA142E6
:106B900007D011F8012B03F8012FF8E702448242D5
:106BA00000D110BD13F8011D02F8011DF7E70244E2
:106BB0000346934200D1704703F8011BF9E71F29F0
:106BC00038B505460C4604D9162303604FF0FF3054
:106BD00038BDC26B12B152F821304BB9284600F0D3
:106BE00031F8224601462846BDE8384000F018B882
:106BF000012B0AD0591C03D1162303600120E7E7BB
:106C0000002142F82410204698470020E0E70000C9
:106C1000024B01461868FFF7D2BF00BF8401002075
:106C200038B5074D00230446084611462B60FAF795
:106C300002FB431C02D12B6803B1236038BD00BFA7
:106C4000D0080020FAF7F5BA38B5064D00230446FF
:106C500008462B60FAF7FEFA431C02D12B6803B1F9
:106C6000236038BDD0080020014B1868704700BF72
:106C70008401002070B50D4B0D4D5B1B9C10002650
:106C8000A64209D100F0F0FB0A4D0B4B5B1B9C1098
:106C90000026A64205D170BD55F8043B9847013641
:106CA000EEE755F8043B98470136F2E7147F0008F9
:106CB000147F0008147F0008207F00087047704789
:106CC0000A44914200F1FF3300D1704710B511F82A
:106CD000014B03F8014F9142F9D110BD2DE9F04766
:106CE000264E07463068924688469946FFF7E6FFEB
:106CF000234A15683DB9234B1360234A12B1126829
:106D0000C3F888201F4D6C681F2C06DD3068FFF724
:106D1000D6FF4FF0FF30BDE8F0872FB3D5F88800DD
:106D200068B91A4B002BF1D04FF48470FFF7F6FDD1
:106D30000028EBD00023C0E94033C5F888006C6818
:106D400040F824A00122D0F80031A24000EB8401D9
:106D50001343C0F80031022FC1F8809002BFD0F871
:106D600004311343C0F80431631C023430686B6093
:106D700045F82480FFF7A3FF0020CCE7D4010020D2
:106D800064090020D8080020000000001D690008E8
:106D900038B50546002941D051F8043C0C1F002BA2
:106DA000B8BFE418FFF76CFE1D4A136833B963607F
:106DB00014602846BDE83840FFF768BEA34208D9F2
:106DC000206821188B4201BF19685B68091821608F
:106DD000EDE71A465B680BB1A342FAD91168501867
:106DE000A0420BD120680144501883421160E0D1C9
:106DF00018685B68536008441060DAE702D90C2316
:106E00002B60D6E7206821188B4204BF19685B68A5
:106E1000636004BF091821605460CAE738BD00BF31
:106E2000940700202DE9F0478E681F46BE42824637
:106E30000C469046334653D8B1F90C0010F4906FCD
:106E40002BD065692368096905EB4505A3EB0109AA
:106E500005EBD5757B1C6D104B44AB422A4684BFB5
:106E60001D462A46430527D511465046FFF788FDA3
:106E7000064658B321694A46FFF722FFA38923F447
:106E8000906343F08003A381266165614E44A5EBC6
:106E900009052660A5603E463B461F4620683A46E7
:106EA0004146FFF76BFEA3689B1BA36023683B442E
:106EB00023600020BDE8F087504600F09FFA0646A8
:106EC0000028E1D121695046FFF762FF0C23CAF880
:106ED0000030A38943F04003A3814FF0FF30E9E77E
:106EE0003E46DBE72DE9F0471F468B891B069CB029
:106EF00006460D46144610D50B6973B94021FFF7BD
:106F00003FFD2860286130B90C2333604FF0FF301B
:106F10001CB0BDE8F08740236B6100230993202358
:106F20008DF8293003973023654F8DF82A304FF0C4
:106F300001082346994613F8012B0AB1252AF9D1F5
:106F4000B9EB040A0BD05346224629463046FFF7D8
:106F500069FF013000F0A480099A5244099299F81F
:106F60000030002B00F09C8000234FF0FF32CDE971
:106F7000052309F10109049307938DF853301A93FF
:106F80004C464F4814F8011B0522F9F7F9F8049B09
:106F9000D0B9D80644BF20228DF85320190744BF2A
:106FA0002B228DF8532099F800202A2A13D0079A13
:106FB0004C4600204FF00A0C214611F8013B303BB3
:106FC000092B49D968B913E0C01B08FA00F018432F
:106FD0000490A146D4E7039A111D12680391002A78
:106FE00001DB079204E0524243F00203079204934C
:106FF00023782E2B0AD163782A2B32D1039B1A1DBA
:107000001B68039243EAE37302340593DFF8B490FC
:10701000217803224846F9F7B3F838B1049BA0EB76
:1070200009004022824013430134049314F8011BE9
:1070300025488DF828100622F9F7A2F8002835D047
:10704000224818BB039B073323F00703083303933D
:10705000099B034409936CE70CFB02320C460120A8
:10706000AAE700230134059319464FF00A0C204685
:1070700010F8012B303A092A03D9002BC6D005910C
:10708000C4E70CFB012104460123F0E703AB0093A6
:107090002A460F4B04A93046AFF30080421CD7D1DB
:1070A000AB895B063FF532AF099831E703AB00933C
:1070B0002A46074B04A9304600F07AF8EEE700BFF5
:1070C000D87E0008DE7E0008E27E00080000000096
:1070D000256E00082DE9F047164698468A680B6928
:1070E000DDF820909342B8BF1346336091F84320F7
:1070F00007460C460AB1013333602368990642BF44
:10710000336802333360256815F0060506D104F1B3
:10711000190AE36832689B1AAB4226DC94F84330C4
:107120002268003B18BF012392062BD404F14302CE
:1071300041463846C84701301ED02368226903F013
:107140000603042B02BFE5683368ED1AA3680CBF81
:1071500025EAE57500259342C4BF9B1AED18002669
:107160001A34B5421AD1002008E0012352464146A4
:107170003846C847013003D14FF0FF30BDE8F087F3
:107180000135C6E7E1185A1C302081F8430022443B
:1071900094F8451082F843100233C7E701232246D2
:1071A00041463846C8470130E6D00136D9E70000ED
:1071B0002DE9F0430D7E85B0782D90460C9E074654
:1071C0000C46994601F1430207D8622D0AD8002DDA
:1071D00000F0D780582D00F0BC8004F1420684F8FE
:1071E00042503BE0A5F16303152BF6D801A151F8FD
:1071F00023F000BF4D72000861720008DB710008C7
:10720000DB710008DB710008DB71000861720008A7
:10721000DB710008DB710008DB710008DB7100081E
:10722000697300088B7200081B730008DB7100088B
:10723000DB7100088B730008DB7100088B7200089B
:10724000DB710008DB7100082373000833681A1D26
:107250001B68326004F1420684F842300123A1E049
:1072600033682068191D3160060601D51D6803E0EA
:107270004506FBD5B3F90050002D03DA2D236D42EE
:1072800084F843305B480A2311E02168336808061C
:1072900053F8045B02D4490648BFADB23360237E85
:1072A00054486F2B5CD10823002184F84310666892
:1072B000A660002E05DB21682E4321F00401216029
:1072C00050D01646B5FBF3F103FB115C10F80CC06F
:1072D00006F801CDAC4663450D46F3D9082B0BD11A
:1072E0002368DB0708D5236961689942DEBF302334
:1072F00006F8013C06F1FF36921B2261CDF80090A2
:10730000434603AA21463846FFF7E4FE01304ED13A
:107310004FF0FF3005B0BDE8F083236843F0200351
:1073200023603548782584F845502368316813F088
:10733000800F51F8045B03D113F0400F18BFADB2BA
:107340003160D90744BF43F0200323601DB11023EF
:10735000AAE72848E7E7236823F020032360F6E73D
:107360000A23A1E71646B9E7336825686169181D45
:1073700030602E061B6801D5196002E06806FBD557
:107380001980002323611646B8E733681A1D32605E
:107390001E68626800213046F8F7F2FE08B1801BD3
:1073A000606063682361002384F84330A6E72369A3
:1073B000324641463846C8470130A9D023689B076A
:1073C00013D4E068039B9842B8BF1846A2E7012394
:1073D000324641463846C847013099D00135E36806
:1073E00003995B1AAB42F2DCEBE7002504F11906C6
:1073F000F5E700BFE97E0008FA7E00082DE9F041BC
:10740000074614460D4621B9BDE8F0411146FFF785
:10741000B7BA2AB9FFF7BCFC25462846BDE8F0817B
:1074200000F01AF88442064602D8B4EB500FF4D8A4
:1074300021463846FFF7A4FA804608B94546ECE7EE
:10744000B4422246294628BF3246FFF739FC294676
:107450003846FFF79DFCF1E751F8043C181F002B5C
:10746000BCBF0B58C0187047F8B500BFF8BC08BCCB
:107470009E467047F8B500BFF8BC08BC9E467047F2
:1074800008790008390F0008000000000000000023
:107490008000000000000000010000000200000069
:1074A0004657207625642E25642E25642E256420DB
:1074B0006F6E204857207625642E25642E25642E75
:1074C000256400000000000042544C4452000000BB
:1074D0004D41432025303858000000004E4F5420C5
:1074E000412052454C45415345204255494C442189
:1074F00000000000565344282564293A2072723D4A
:1075000025642C2062633D25642C206C6C3D256431
:10751000000000007374617274696E67206170709E
:107520006C69636174696F6E000000006661696C6C
:10753000656420746F207374617274206170706C64
:1075400069636174696F6E2C206572723D256400F9
:107550006465766963652068617320612073657274
:10756000696F757320696E7465726E616C207072DC
:107570006F626C656D2C20636F6E74616374205351
:107580006D61727441430000415050006170705F42
:107590006370705F72756E74696D65002573202568
:1075A000642027257327000041535345525400009F
:1075B000626F6F745461736B000000004669726DF6
:1075C0007761726520696E666F20626C6F636B3ADB
:1075D000000000004657544F4F4C5300096D61673F
:1075E00069633A20307825303858000009686472A1
:1075F00073697A653A2025640000000009656E749D
:1076000072793A2030782530385800000976657252
:1076100066773A2030782530385800000976657250
:1076200068773A203078253038580000096677733B
:10763000697A653A202564000966776372633A20A7
:107640003078253038580000096372633A2030786A
:10765000253038580000000076616C6964617465FB
:10766000486561646572000025730000696E636F90
:107670007272656374206D6167696300696E76611B
:107680006C6964206865616465722073697A65005D
:10769000637263416C676F20213D206E756C6C7066
:1076A00074720000435243206661696C6564000097
:1076B000696E76616C69642066772073697A65000B
:1076C000696E76616C696420656E74727920706F82
:1076D000696E74206C6F636174696F6E00000000E6
:1076E0004857206D69736D617463682063757272A9
:1076F0003D3078253038582C207265713D30782522
:1077000030385800736C6F7456616C6964617465CD
:1077100000000000696E76616C69642068656164D0
:107720006572202825642900696E76616C69642081
:107730004D5350206164647265737300696E7661A5
:107740006C696420656E74727920706F696E740064
:107750004170706C69636174696F6E20696E7465E5
:10776000677269747920636865636B206661696C10
:1077700065640000736C6F7445726173650000008E
:10778000736C6F74206261736520616464726573E9
:10779000732069736E277420616C69676E6564205D
:1077A0006F6E2074686520706167652073697A6503
:1077B00000000000736C6F742073697A6520697330
:1077C000206E6F742061206D756C7469706C6965D2
:1077D00072206F6620746865207061676520736928
:1077E0007A65000065726173696E6720736C6F74EF
:1077F0002E2E2E006661696C656420746F20756E94
:107800006C6F636B20464C41534800006661696CA5
:10781000656420746F20657261736520464C415326
:10782000482C206572723D25642C20706167653D8F
:1078300025640000736C6F745772697465000000F2
:10784000464C415348207772697465206661696CC3
:1078500065642061742030782530385820282564EC
:10786000290000006661696C656420746F206C6F8C
:10787000636B20464C41534800000000736C6F74EA
:1078800056657273696F6E007374617274417070C3
:107890006C69636174696F6E000000004170706C08
:1078A00069636174696F6E3A0D0A096669726D7772
:1078B00061726520763078253038580D0A09686184
:1078C00072647761726520763078253038580D0AF9
:1078D000096275696C64202725313273202539735C
:1078E0002700000068635F696E69740072656164F7
:1078F0007953656D6170686F726520213D206E75EA
:107900006C6C70747200000064656661756C745410
:1079100061736B0049444C450000000062616420C3
:107920007265712073697A653A206163743D2564DC
:107930002C206578703D256400000000434D445FB5
:10794000424F4F5400000000626164207265712054
:1079500073697A6500000000434D445F494E464F0D
:1079600000000000434D445F56455200434D445FC4
:107970005245424F4F5400007772697465436875F1
:107980006E6B00002873697A652025206343687553
:107990006E6B53697A6529203D3D20300000000060
:1079A00070726F6365737300726571436D642E73DB
:1079B00065716E203D3D203000000000726571430E
:1079C0006D642E766679203D3D20300070647553DD
:1079D000697A65203E2073697A656F6628436D6415
:1079E000536C6F745570646174655F742900000096
:1079F0006572617365202564000000007064755332
:107A0000697A65203D3D2073697A656F6628436D0C
:107A100064536C6F745570646174655F7429000001
:107A200076657269667920256400000062616420D1
:107A30007365713A20612025642C2065202564003F
:107A40007772697465202564000000005461736BCF
:107A500073416C69766553757065727669736F7280
:107A6000000000006567416C697665005441530071
:107A70005F6D78007265706F7274416C6976650035
:107A800028696420213D2030292026262028696489
:107A9000203C20333229000072656D6F7665436C9F
:107AA00069656E7400000000496D706C0000000094
:107AB0005F637263416C676F534455005F63726329
:107AC000416C676F48647200444C4C0072756E6E76
:107AD00065720000746173436C69656E744964007B
:107AE000616C676F0000000073726300256C752085
:107AF00025735B25735D205B25635D25733A20004C
:107B00006C6F676765722E6D780000006C6F676739
:107B100065722E72620000006261636B656E6400C4
:107B20006C6C203C204C4F475F4C4153540000008C
:107B30001B5B33396D0000001B5B33316D000000AF
:107B40001B5B33336D0000001B5B33326D000000A4
:107B50001B5B33346D0000001B5B33366D0000008F
:107B600072620000756172745F77726974650000FB
:107B7000704C6F675561727400000000627566009A
:107B800073697A65000000006C6F675F6261636B08
:107B9000656E645F756172745F67657400000000F4
:107BA00075617274000000004F73546872656164FF
:107BB000000000005F74692D3E5F73656D0000007A
:107BC0005F74692D3E5F7461736B00007E55617256
:107BD0007400000070647276000000005F717565CB
:107BE00075655278000000005F6D785478000000E1
:107BF0006372656174650000696D706C2D3E5F6D28
:107C000078547800696D706C2D3E5F71756575658F
:107C100052780000636F6D6D697400006372634198
:107C20006C676F00696E6974000000007673645FB2
:107C300069735F76616C69640000000000000000F9
:107C40000000000093050008950500084D05000898
:107C500059050008650500087105000800000000CE
:107C600000000000D10C0008E10C00088D0C000899
:107C70000000000000000000CF0C0008D30C00083A
:107C8000910C0008100000200C0000206804002067
:107C900008000020040000204804002010000020FC
:107CA0005404002000000020A0860100400D0300C5
:107CB000801A060000350C0040420F0080841E0030
:107CC00000093D0000127A000024F40000366E0125
:107CD0000048E801006CDC02000000000000000029
:107CE0000000000000000000000000000000000094
:107CF0000000000000000000010000000200000081
:107D00000300000004000000010000000300000068
:107D10000500000001000000010000000600000056
:107D20000A00000020000000020000000400000023
:107D3000080000001000000040000000800000006B
:107D40000001000000020000010002000400060023
:107D500008000A000C001000200040008000000114
:107D600008040204080101010101010307010000E8
:107D70000000000000000000294A0008054A000831
:107D8000BD4900080000000000000000454A00084E
:107D90000D4B0008494A00080000000000000000E8
:107DA0001B4B00088D4B00081D4B00080000000015
:107DB000000000009B4B0008D94B00089D4B0008B9
:107DC00000000000000000003D4C0008194C0008B5
:107DD000E94B00080000000000000000594C0008BA
:107DE0005B4C0008B54C00086F66665F63726333D6
:107DF000320000006F66665F637263313600000018
:107E00006F66665F63726338000000006F66665FCE
:107E100063726333325F616C676F5F6672656500C2
:107E20006F66665F63726331365F616C676F5F6652
:107E3000726565006F66665F637263385F616C6769
:107E40006F5F6672656500006F66665F6C6F675F87
:107E50006D657373616765006F66665F6C6F675F02
:107E60007365745F6C6576656C0000006F66665FB5
:107E70006C6F675F7365745F6261636B656E6400EE
:107E80006F66665F6C6F675F696E69740000000003
:107E9000495A00084D5A0008004643455749445482
:107EA0006F66665F72696E675F6275666665725F50
:107EB00073697A6500000000000000000000000007
:107EC0000164000859640008656600080B63000837
:107ED00015630008C9630008232D302B2000686C4F
:107EE0004C006566674546470030313233343536DD
:107EF0003738394142434445460030313233343516
:0C7F000036373839616263646566000042
:087F0C007482FF7F01000000F8
:0C7F140065010008350700087D0E00081C
:0C7F200041010008950700080D0F000843
:107F2C00B47D00088C7D0008A07D0008787C0008DA
:107F3C00647C000800093D000100000010000000F6
:107F4C00AAAAAAAA907E0008050000000000000062
:107F5C000000000000000000000000000000000015
:107F6C000000000000000000000000000000000005
:107F7C0000000000000000000000000000000000F5
:107F8C0000000000000000000000000000000000E5
:107F9C0000000000000000000000000000000000D5
:107FAC0000000000000000000000000000000000C5
:107FBC0000000000000000000000000000000000B5
:107FCC0000000000000000000000000000000000A5
:107FDC000000000000000000000000000000000095
:107FEC000000000000000000000000000000000085
:107FFC000000000000000000000000000000000075
:10800C000000000000000000000000000000000064
:10801C000000000000000000000000000000000054
:10802C000000000000000000000000000000000044
:10803C000000000000000000000000000000000034
:10804C000000000000000000000000000000000024
:10805C000000000000000000307B0008387B0008A6
:10806C00387B0008387B0008407B0008487B000800
:10807C00507B0008587B00081D5F0008195F000842
:10808C0000380140240000000000000000440040C3
:10809C0025000000000000000080004026000000C9
:1080AC00000000008801002000000000980700205C
:1080BC0000080020680800200000000000000000FC
:1080CC0000000000000000000000000000000000A4
:1080DC000000000000000000000000000000000094
:1080EC000000000000000000000000000000000084
:0880FC0000000000D50800207F
:04000005080012A13C
:020000040803EF
:10F8000015000148EAFFFEB76602000099FDFFFF00
:040000050803F800F4
:00000001FF
