:020000040800F2
:1000000000080020B5A20008111700087D090008AB
:100010001317000815170008171700080000000044
:10002000000000000000000000000000F11A0108BC
:100030001917000800000000911B01081DF30008BB
:10004000B1A20008B1A200081D170008B1A2000863
:10005000B1A20008B1A200082D170008451700083A
:10006000B1A20008B1A20008B1A20008B1A2000824
:1000700091170008A1170008B1A200088117000815
:10008000B1A20008B1A20008B1A20008B1A2000804
:10009000B1A20008B1A20008B1A20008B1A20008F4
:1000A000B1A20008B1A20008B1A20008B1A20008E4
:1000B000B1A20008B1A20008B1A20008B1A20008D4
:1000C000B1A20008B1A2000895420008B1A2000840
:1000D000B1A20008B1170008B1A20008B1A200083F
:1000E000B1A20008B1A20008C1170008B1A200081F
:1000F000B1A20008B1A20008B1A20008B1A2000894
:10010000B1A20008B1A20008912C0008B1A2000819
:10011000B1A20008B1A20008B1A20008B1A2000873
:10012000B1A20008B1A20008B1A20008B1A2000863
:08013000B1A20008B1A2000811
:1001400010B5054C237833B9044B13B10448AFF311
:1001500000800123237010BDA808002000000000CB
:10016000B82B010808B5034B1BB103490348AFF393
:10017000008008BD00000000AC080020B82B01087A
:10018000034613F8012B002AFBD1181A01387047D7
:1001900053B94AB9002908BF00281CBF4FF0FF31EE
:1001A0004FF0FF3000F088B9ADF1080C6DE904CED6
:1001B00000F006F8DDF804E0DDE9022304B0704742
:1001C0002DE9F047089D0F4604468C46002B48D188
:1001D0008A42164661D9B2FA82F34BB1C3F12002CA
:1001E00001FA03FC20FA02F29E4042EA0C0C9C4009
:1001F0004FEA164EB7B2BCFBFEF1220C0EFB11CC3F
:1002000042EA0C4201FB07F0904209D9B21801F111
:10021000FF3C80F0EE80904240F2EB8002393244A5
:10022000121AA4B2B2FBFEF00EFB102244EA024402
:1002300000FB07F7A74209D9341900F1FF3280F01B
:10024000DA80A74240F2D7803444023840EA0140C5
:10025000E41B00211DB1DC400023C5E90043BDE8DB
:10026000F0878B4206D90DB1C5E90001002108468F
:10027000BDE8F087B3FA83F1002948D1BB4202D32D
:10028000824200F20781841A67EB03020120944640
:10029000002DE4D0C5E9004CE1E7002A00F092808F
:1002A000B2FA82F3002B40F0A8808A1A4FEA164E69
:1002B0001FFA86FC0121200CB2FBFEF70EFB172271
:1002C00040EA02420CFB07F0904207D9B21807F14E
:1002D000FF3802D2904200F2E2804746121AA4B2DE
:1002E000B2FBFEF00EFB102244EA02440CFB00FCC1
:1002F000A44507D9341900F1FF3202D2A44500F217
:10030000CB801046A4EB0C0440EA0740A2E7C1F101
:1003100020068B4022FA06FC4CEA030C07FA01F493
:1003200020FA06F3F7404FEA1C49234300FA01F88C
:100330001FFA8CFEB7FBF9F01C0C09FB107744EA9E
:10034000074400FB0EF7A74202FA01F20AD91CEBA0
:10035000040400F1FF3A80F09B80A74240F29880AD
:1003600002386444E41B9FB2B4FBF9F309FB134465
:1003700047EA044403FB0EFEA64509D91CEB04041E
:1003800003F1FF3780F08280A6457FD9023B6444A9
:1003900043EA0040A4EB0E04A0FB02E7BC42734614
:1003A000B94663D360D05DB1B8EB030264EB0904D6
:1003B00004FA06F622FA01F31E43CC40C5E90064B4
:1003C00000214CE76208480842EAC1710B0C43EA7D
:1003D00000438AB242EA0342B3FBF6F1E407B446B3
:1003E0003746B6461F23B0FBF6F0D21B41EA004168
:1003F00061E7614614E7104628E7C3F1200120FABF
:1004000001F29E4027FA01F19F403A434FEA164E0F
:100410001FFA86FCB1FBFEF70EFB1710110C41EA28
:10042000004107FB0CF8884504FA03F43AD9711827
:1004300007F1FF3001D288451FD8A1EB0801B1FBBD
:10044000FEF808FB0CF70EFB181192B242EA0142CB
:10045000BA422FD2B21808F1FF31C6D2BA42C4D282
:10046000A8F102013244C0E7F0459CD2BEEB020382
:1004700067EB0C070138B94695E7A6EB080841443D
:10048000B81EB1FBFEF808FB0CF7DCE73B467FE744
:10049000504667E70846FBE63444023832E7023F3D
:1004A00032441BE7A1EB08013846B1FBFEF808FB1C
:1004B0000CF7C8E7414698E7704700BF014B024A76
:1004C0001A607047C408002000240140084A1268DE
:1004D00041F20103B3EB124F09D2064B5A6892075F
:1004E00005D55A68022122F002025A60D96070478D
:1004F000002004E000080058704700BF08B54FF026
:1005000090431B699B070FD50B4A126841F2010308
:10051000B3EB124F04D2094A536843F0020353600D
:10052000BDE8084011F0BCBD0121042011F08CFD94
:10053000BDE8084011F0B4BD002004E000080058F8
:1005400010B5044612F058F801F0C2FA02288CBF28
:100550002046002010BD00BF2DE9F041064672B6CE
:10056000BFF34F8FBFF36F8F4FF0E024236923F069
:100570000103236110F07CFC80B9A36963612369E6
:100580002A4A43F0010323611368294AA2FB03238B
:100590009B09013B636162B6BDE8F081054601F04D
:1005A000ABFB022D044606F1FF362CD1FFF7A6FF68
:1005B000FFF78CFF01F0A0FB001B01F089FA4FF060
:1005C000E02307469D692C2D22D9DFF860804FF08B
:1005D000E024B7423846656128BF304610F05CF829
:1005E0002369134A43F001032361D8F80030A2FBCA
:1005F00003239B09013B636162B6BFF34F8FBFF3D7
:100600006F8FBDE8F08131460A4811F01DFFCDE73C
:10061000DFF81880012010F03FF8D8F80030044AC5
:100620002E3DA2FB032305EB9315D0E7180800200D
:10063000D34D62102C09002070B588B000210091C4
:100640004F4B0A464F4811F02DFE01F0CBF9032025
:1006500011F010FC0DF10E05284601F067FB4FF478
:100660007A74BDF80E10484A04FB0011474811F097
:1006700079FC284601F05AFBBDF80E10444A04FBF1
:100680000011444811F06EFC284601F04FFBBDF804
:100690000E10414A04FB0011404811F063FC28464B
:1006A00001F044FBBDF80E103D4E324604FB001134
:1006B0003C4811F057FC284601F038FBBDF80E10FD
:1006C000324604FB0011384811F04CFC284601F07A
:1006D0002DFBBDF80E10354A04FB0011344811F013
:1006E00041FC09F0C5FE0646284601F01FFBBDF897
:1006F0000E10C6F307230093C6F30743320E04FB24
:1007000000112C4811F02EFC04A811F007FD28461A
:1007100001F00CFBBDF80E10069B0193079B0093A4
:10072000049B059A04FB0011234811F01BFC234B8A
:100730001A68234B9A420BD0284601F0F7FABDF80D
:100740000E3004FB00311F4811F00CFC00F056F98C
:1007500002F01EF9044608B908B070BD0DF10E0094
:1007600001F0E4FABDF80E3022464FF47A7101FB35
:100770000031154811F0F6FB00F040F9ECE700BF3E
:10078000F90400082C090020DC2B0108042C0108C6
:10079000342C01083C2C01086C2C0108742C010835
:1007A000A82C0108AC2C0108E02C01081C2D010824
:1007B000242D0108502D0108802D0108C40A0020B5
:1007C00000300140C42D01085C2E010808B503F07B
:1007D0008DFB00B908BD01F04BFDFBE708B5074BE9
:1007E0001B6803B108BD06480EF064FF034B186098
:1007F0000028F7D100F002F9F4E700BF2809002033
:10080000B86F010810B50B4B4FF0FF3118680EF0B0
:10081000A0FF10B172B6002010BDEFF3108472B6C5
:10082000252009F0B9FE0F2009F0B6FE84F31088E8
:10083000012010BD2809002008B962B6704710B524
:10084000EFF3108472B60F2009F090FE252009F016
:100850008DFE84F31088034BBDE8104018680EF03D
:10086000B7BF00BF2809002000B583B04FF0B043E8
:100870009A6C42F004029A649A6C02F004020192AB
:10088000019A9A6C42F001029A649B6C03F0010396
:100890000093009B00220F21084609F023FE0F2041
:1008A00009F064FE002211460C2009F01BFE0C200A
:1008B00009F05CFE002205210D2009F013FE0D2039
:1008C00009F054FE002205210B2009F00BFE0B203D
:1008D00009F04CFE002205210E2009F003FE0E2037
:1008E00009F044FE03B000BD002810DB08B5084B3A
:1008F0009B68103053F82030064A934206D3064ACC
:10090000934203D213F0010F00D0984708BD7047FF
:1009100000ED00E0000000080000040870B501F0E0
:100920009FF806460F24252516E000BF204609F053
:100930009BFE48B9284609F097FE28B901F090F8C7
:10094000801BB0F5FA7FF0D3204609F08DFE68B920
:10095000284609F089FE68B911F07CFA28B901F03F
:100960007FF8801BB0F5FA7FE0D370BD2046FFF71B
:10097000BBFFEDE72520FFF7B7FFEDE7DFF85CC031
:100980001EF0040F0CBFEFF30888EFF30988B8E8F6
:10099000FF00ACE8FF00DFF848C0DFF848E00224C1
:1009A00060467146224651F8043B1B684CF8043BF4
:1009B000013AF8D1FFF7B2FF0B4B0C4A1A600C4A10
:1009C0005A60BFF34F8F0B49CA6802F4E0620A4BCA
:1009D0001343CB60BFF34F8F00BFFDE788080020B3
:1009E00080080020C86F010878080020EFBEADDE47
:1009F00017A0DF8200ED00E00400FA0500B583B027
:100A000072B60DF1060001F091F9BDF806304FF411
:100A10007A7101FB0031034811F0A4FAFFF77EFF61
:100A200000BFFDE7B02E0108EFF3108372B6C14A94
:100A30001168C14A914202D083F310887047BD4AC1
:100A40005168BE4A9142F7D1BA4A00211160516003
:100A5000BB4A1268B2F1004FEED070B582B00DF112
:100A60000605284601F062F94FF47A74BDF80610C5
:100A700004FB0011B34811F075FA284601F056F94D
:100A8000BDF8061004FB0011AF4811F06BFA2846C0
:100A900001F04CF9BDF80610AC4E326804FB0011B1
:100AA000AB4811F05FFA284601F040F9BDF8061096
:100AB000726804FB0011A74811F054FA284601F0AF
:100AC00035F9BDF80610B26804FB0011A24811F018
:100AD00049FA284601F02AF9BDF80610F26804FB2D
:100AE00000119E4811F03EFA284601F01FF9BDF8AA
:100AF0000610326904FB0011994811F033FA2846B8
:100B000001F014F9BDF80610726904FB0011954854
:100B100011F028FA284601F009F9BDF80610B2696B
:100B200004FB0011904811F01DFA284601F0FEF870
:100B3000BDF80610F26904FB00118C4811F012FA9E
:100B4000284601F0F3F8BDF8061004FB00118848B0
:100B500011F008FA284601F0E9F8BDF8061004FB88
:100B60000011844811F0FEF9284601F0DFF8BDF8C5
:100B70000610734D2A6804FB00117F4811F0F2F94A
:100B80002B68002B13DB6E4B1B6813F0804F1AD1C0
:100B90000DF1060001F0CAF8BDF806304FF47A7185
:100BA00001FB0031724811F0DDF9FFF727FF0DF16D
:100BB000060001F0BBF8BDF8063004FB00316F48B9
:100BC00011F0D0F9DFE70DF10604204601F0AEF890
:100BD0004FF47A75BDF8061005FB0011684811F056
:100BE000C1F9204601F0A2F8BDF80610544C626825
:100BF00005FB0011634811F0B5F96368B3F5803F58
:100C000047D24F4B5B6813F47F4F40F0F3804C4B5F
:100C10001B79002BBCD00DF1060001F087F8BDF860
:100C200006304FF47A7101FB0031574811F09AF900
:100C3000434B5B6813F0800F40F05C81404B5B6876
:100C400013F0200F40F064813D4B5B6813F0100FF0
:100C500040F06C813A4B5B6813F0080F40F07481F0
:100C6000374B5B6813F0020F40F07C81344B5B68BC
:100C700013F0010F8CD00DF1060001F057F8BDF80C
:100C800006304FF47A7101FB0031404811F06AF9E7
:100C90007EE70DF1060001F049F8BDF8063005FBCE
:100CA00000313B4811F05EF9636813F0007F26D1F4
:100CB000234B5B6813F0807F2DD1214B5B6813F4CD
:100CC000002F6DD11E4B5B6813F4802F76D11C4B27
:100CD0005B6813F4003F7FD1194B5B6813F4803FCE
:100CE0008FD00DF1060001F021F8BDF806304FF469
:100CF0007A7101FB0031274811F034F981E70DF1D9
:100D0000060001F013F8BDF8063005FB003122485B
:100D100011F028F9CCE70DF1060001F007F8BDF855
:100D200006304FF47A7101FB00311C4811F01AF9BA
:100D3000C3E700BF78080020EFBEADDE17A0DF825A
:100D400080080020F02E0108202F010888080020CC
:100D5000582F0108802F0108A82F0108D02F010863
:100D6000F82F0108203001084830010870300108D0
:100D700098300108D03001080831010834310108E9
:100D80006031010890310108E43401083836010867
:100D9000BC31010824330108E83101081832010888
:100DA0000DF1060000F0C2FFBDF806304FF47A7175
:100DB00001FB0031724811F0D5F883E70DF1060010
:100DC00000F0B4FFBDF806304FF47A7101FB00313A
:100DD0006C4811F0C7F87AE70DF1060000F0A6FFA5
:100DE000BDF806304FF47A7101FB0031664811F00E
:100DF000B9F871E70DF1060000F098FFBDF8063074
:100E00004FF47A7101FB0031604811F0ABF8604B90
:100E10005B6813F4004F27D15D4B5B6813F4005FF0
:100E200030D15B4B5B6813F4805F39D1584B5B6802
:100E300013F4006F42D1564B5B6813F4007F4BD123
:100E4000534B5B6813F4807F3FF4E1AE0DF1060075
:100E500000F06CFFBDF806304FF47A7101FB0031F1
:100E60004C4811F07FF8D2E60DF1060000F05EFF6D
:100E7000BDF806304FF47A7101FB0031464811F09D
:100E800071F8C9E70DF1060000F050FFBDF806301B
:100E90004FF47A7101FB0031404811F063F8C0E76C
:100EA0000DF1060000F042FFBDF806304FF47A71F4
:100EB00001FB00313A4811F055F8B7E70DF1060093
:100EC00000F034FFBDF806304FF47A7101FB0031B9
:100ED000344811F047F8AEE70DF1060000F026FFA8
:100EE000BDF806304FF47A7101FB00312E4811F045
:100EF00039F8A5E70DF1060000F018FFBDF806303F
:100F00004FF47A7101FB0031284811F02BF895E677
:100F10000DF1060000F00AFFBDF806304FF47A71BB
:100F200001FB0031224811F01DF88DE60DF106009D
:100F300000F0FCFEBDF806304FF47A7101FB003181
:100F40001C4811F00FF885E60DF1060000F0EEFEEA
:100F5000BDF806304FF47A7101FB0031164811F0EC
:100F600001F87DE60DF1060000F0E0FEBDF8063068
:100F70004FF47A7101FB0031104810F0F3FF75E671
:100F80004C3201087C320108D83201085C33010878
:100F900080080020A834010888330108C433010800
:100FA00008340108383401086C3401081035010890
:100FB0004C35010890350108C43501080036010898
:100FC00084B04FF0B043DA6C42F00202DA64DA6CBB
:100FD00002F002020392039ADA6C42F00402DA642D
:100FE000DA6C02F004020292029ADA6C42F0010218
:100FF000DA64DB6C03F001030193019B04B07047DA
:1010000030B59BB008AD48220021284611F0E4FC21
:101010000024019402940394049405940694079484
:101020000AF0ACF94FF0B042D2F8903023F0180338
:10103000C2F8903002F58062136823F4C06343F471
:1010400000731360136803F4C0630093009B0523CF
:10105000089381230B934FF4041309930A940223FA
:1010600013930323149310231593062316934FF41D
:10107000003317934FF0005319934FF000731893F8
:1010800028460AF061FB80B96F2301930323029382
:10109000002303930493059306930793022101A869
:1010A0000AF0AAFF20B91BB030BDFFF7A7FCEBE7A1
:1010B000FFF7A4FCF7E7000008B51048104B0360E9
:1010C0000023436083604FF4E062C26003614361C8
:1010D0004FF400728261036243624FF400528262F5
:1010E00041F22102C2620222026343630CF030F833
:1010F00000B908BDFFF782FCFBE700BFC40A00206F
:101100000030014008B509F089F9FFF779FFFFF7D2
:1011100057FFFFF7A9FBFFF7CFFF0EF009F9FFF725
:101120008BFA0EF02DF9FEE730B583B005460C467C
:1011300072B60DF1060000F0F9FDBDF806C02B46B1
:1011400022464FF47A7101FB00C1034810F00AFFF8
:10115000FFF754FC03B030BD7836010808B500F045
:1011600037FB08BD08B500F095FB08BD08B500F0D9
:10117000E7FB08BD08B500F0E5FB08BD08B500F0C9
:10118000E3FB08BD00B58DB02C22002101A811F0B1
:1011900023FC1848184B03600023836003614361FC
:1011A00083614FF08042C26103624FF480734362F7
:1011B0000BF028FCA0B90F480BF060FF98B9002293
:1011C0000892029206924FF0005307934FF48073F7
:1011D0000B9301A907480BF0F7FC38B90DB000BD1F
:1011E000FFF70CFCE7E7FFF709FCE8E7FFF706FC71
:1011F000F4E700BF280B00200028004010B590B095
:1012000004463822002102A811F0E6FB22681A4B9E
:101210009A4201D010B010BD4FF4803302934FF4C6
:1012200080730F9302A80BF0EBF808BB4FF0B043AC
:10123000D3F8902042F40042C3F890209A6D42F413
:1012400080629A659B6D03F480630193019B002289
:101250000621022009F046F9022009F087F9002250
:1012600007212A2009F03EF92A2009F07FF9D1E769
:10127000FFF7C4FBDAE700BF00280040094B1A68FB
:1012800041F20103B3EB124F00D07047064B5B698C
:1012900013F0100FF9D1044A00BF536913F0100F77
:1012A000FAD0F2E7002004E0000400587047000084
:1012B00008B5114B1A6841F20103B3EB124F0FD07E
:1012C0004FF0B0439B6803F00C030C4A136009F025
:1012D000C1F801200A4BC3F888000AF0E9F808BDFC
:1012E000074B5B6913F0100FEAD1054A00BF536941
:1012F00013F0100FFAD0E3E7002004E010080020FC
:101300000004005808B54D4B1B680C2B00F292806E
:10131000DFE803F007909090269090904490909092
:1013200066004FF0B042136843F001031360136886
:1013300013F0020FFBD04FF0B042936823F0030389
:101340009360936813F00C0FFBD14FF0B042136819
:1013500023F48073136009F005F809F082F808BDE2
:101360004FF0B042136843F480731360136813F4B2
:10137000806FFBD04FF0B042936823F0030343F03B
:1013800001039360936803F00C03042BFAD14FF030
:10139000B042136823F001031360DCE74FF0B04262
:1013A000136843F480331360136813F4003FFBD0D9
:1013B0004FF0B042936823F0030343F002039360BD
:1013C000936803F00C03082BFAD14FF0B0431A686E
:1013D00022F001021A601A6822F480721A60BAE7D9
:1013E0004FF0B042136843F480331360136813F472
:1013F000003FFBD04FF0B042136843F0807313609E
:10140000136813F0007FFBD04FF0B042936843F0B5
:1014100003039360936803F00C030C2BFAD14FF095
:10142000B0431A6822F001021A601A6822F480722E
:101430001A6090E7FFF7E2FA91E700BF100800207A
:1014400008B509F00EF808BD08B509F003F8012148
:10145000002009F09BFF08BD08B500220F216FF0A6
:10146000010009F03FF808BD2DE9F04F8BB00023D3
:1014700005930693079308930993029303930493A8
:10148000984B1C68240C0268974B9A426AD0974884
:10149000974B036001234360102383600023C360E4
:1014A000802303614FF4807343614FF48063836151
:1014B0002023C3614FF44053036209F05FF9002811
:1014C00040F0FD801021894809F034FC002840F0EC
:1014D000F9800123029341F201039C4294BF4FF42F
:1014E00000334FF4C02303930123049302A97F48E0
:1014F00009F042FC002840F0E8807E487E4B036003
:1015000002234360102383600023C36080220261B2
:10151000436183612023C3614FF44053036209F0A8
:101520002DF9002840F0D4801021724809F002FC07
:10153000002840F0D0800123029341F201039C4235
:1015400094BF4FF400344FF4C02403940123049358
:1015500002A9684809F010FC002840F0BF800BB0D9
:10156000BDE8F08F05464FF0B0431A6E42F480524A
:101570001A661A6E02F480520192019ADA6C42F0F5
:101580000102DA64DB6C03F001030093009B4FF06F
:10159000200BCDF814B00227069707974FF00309E8
:1015A000CDF820904FF0050ACDF824A00DF11408D5
:1015B0004146524809F0E8FC10230593069700269F
:1015C0000796CDF82090CDF824A041464B4809F06D
:1015D000DBFCCDF814B006970796CDF82090CDF837
:1015E00024A041464FF0904009F0CEFC05970696A6
:1015F00001230793CDF8209041464FF0904009F029
:10160000C3FC32460621222008F06CFF222008F09D
:10161000ADFF3B483B4B03600823436010238360CE
:10162000C660802303614FF4807343614FF480638D
:101630008361C6614FF44053036209F09FF80028AC
:1016400031D110212E4809F075FB00282ED12C4BEA
:101650006B659D622C482D4B03600723436000237C
:101660008360C360802303614FF4807343614FF450
:10167000806383612023C3614FF40053036209F048
:101680007DF8B0B91021204809F054FBA0B91E4BD9
:10169000AB659D6200220521072008F023FF07208B
:1016A00008F064FFF3E6FFF7A9F9CAE7FFF7A6F928
:1016B000CDE7FFF7A3F9E5E7FFF7A0F9E7E7FFF7C5
:1016C0009DF9FFE6FFF79AF903E7FFF797F914E7AB
:1016D000FFF794F928E7FFF791F92CE7FFF78EF968
:1016E0003DE700BF002004E000300140A4090020D5
:1016F0004400024044090020080002400004004861
:10170000640A00201C000240040A0020300002404D
:10171000FEE7FEE7FEE7FEE77047000008B5024877
:101720000BF0D8FC08BD00BF280B002008B5044B07
:10173000DB6813F0010F00D108BD01F0E5F8FBE70D
:101740000008005808B50C4B0222DA604FF09043B5
:101750001B6913F0020F0BD0084B1B689B6813F03A
:10176000100F06D002F096FD0021042010F06CFC52
:1017700008BD02F087FDF7E700080058C40A002002
:1017800008B5024809F066FA08BD00BF740B0020D6
:1017900008B5024809F05EFA08BD00BF640A0020DF
:1017A00008B5024809F056FA08BD00BF040A002037
:1017B00008B502480CF01EFB08BD00BFD40B00208A
:1017C00008B502480BF08EF808BD00BF280B0020BA
:1017D0002DE9F0438BB000240794089409944FF04E
:1017E000B043DA6C42F00102DA64DA6C02F0010212
:1017F0000492049ADA6C42F00202DA64DA6C02F0C3
:1018000002020392039ADA6C42F00102DA64DA6CA3
:1018100002F001020292029ADA6C42F00202DA64E9
:10182000DB6C03F002030193019B4FF48078CDF849
:101830001480012306930323089305AD144F294612
:10184000384609F0A1FB4FF04009CDF81490294625
:101850004FF0904009F098FB8026059629464FF0FE
:10186000904009F091FB224649464FF0904009F024
:101870006BFD22464146384609F066FD2246314658
:101880004FF0904009F060FD20460BB0BDE8F083BA
:101890000004004808B5032815D8DFE800F0021658
:1018A000293C002280214FF0904009F04DFD00229C
:1018B0004FF48071214809F047FD002240214FF08C
:1018C000904009F041FD002008BD012280214FF029
:1018D000904009F039FD01224FF48071174809F05A
:1018E00033FD002240214FF0904009F02DFDEAE742
:1018F000012280214FF0904009F026FD01224FF493
:1019000080710E4809F020FD012240214FF09040E7
:1019100009F01AFDD7E7012280214FF0904009F02D
:1019200013FD00224FF48071044809F00DFD0122DF
:1019300040214FF0904009F007FDC4E70004004843
:1019400000207047012070470120704708B5054806
:10195000082303600BF0DAFD00B908BDFFF74EF86D
:10196000FBE700BF600B002000B583B04FF0B04331
:101970005A6E42F001025A665B6E03F00103019356
:10198000019B00221146322008F0ACFD322008F005
:10199000EDFD03B000BD0CB400B583B004AB53F84B
:1019A000042B019310F06EFE03B05DF804EB02B05F
:1019B0007047000030B585B004460D4602A810F00F
:1019C000CDFBBDF90C300093029B054A1021204647
:1019D000FFF7E1FF2046FEF7D3FB288005B030BDBE
:1019E000B036010808B54FF0B042936823F40043C5
:1019F000936010F037FC00F047F80C4B4FF40042B6
:101A00001A6110F00BFA0A4810F02EFA022010F0BA
:101A100031FAFFF709F8FEF751FD00F03DF810F03C
:101A200009FB0121084610F025FB08BD00400058C5
:101A3000B519000808B50121022010F005FB08BD0A
:101A400008B50021022010F0FFFA08BD08B50022F9
:101A50000F214FF0FF3008F045FD002008BD0000C9
:101A600000B583B001A800F0E7F9019B054AA2FB8D
:101A700003234FF47A7202FB00F000EB931003B0E3
:101A800000BD00BFD34D621008B508F0F5FC08F0AA
:101A9000FBFC08F001FD08BD00207047EFF3108348
:101AA00072B6044A1068BFF34F8FBFF36F8F83F392
:101AB000108870476C0B00200320704708B5014662
:101AC0004FF47A720023C003490CFEF761FB08BD96
:101AD0004FF47A73A0FB0303C00B40EA4340704706
:101AE00008B58446C903044A002341EA5C41C003A7
:101AF000FEF74EFB08BD00BF40420F004B01420104
:101B0000121A43EAD06363EB01034FEA422C5B02F3
:101B10001CEB000C43EAD25341EB030300B54FEA40
:101B20008C124FEA831EB2EB0C024EEA9C6E6EEBF7
:101B3000030E101841EB0E01C00B40EA4140C90BE7
:101B400000BD00BF0246022101480BF0D9BA00BF18
:101B5000280B002010B50246EFF3108472B603483C
:101B600000210BF0CDFA84F3108810BD280B002063
:101B700010B50246EFF3108472B6034801210BF052
:101B8000BFFA84F3108810BD280B002010B5EFF3C6
:101B9000108472B64FF4807108480AF049FEBFF312
:101BA0004F8FBFF36F8F064A0121D165034A4FF073
:101BB000FF33136384F31088002010BD280B00202E
:101BC00000280040034B186800B970470248002104
:101BD0000BF0AABA700B0020280B0020034B1868EA
:101BE00000B97047024801210BF09EBA700B00202B
:101BF000280B0020034B186800B9704702480221E7
:101C00000BF092BA700B0020280B0020EFF310812C
:101C100072B60B4B186848B10A4B98689A688242B2
:101C200003D09A6898688242FBD1C043064B186083
:101C3000BFF34F8FBFF36F8F81F31088704700BFE2
:101C4000700B0020002800406C0B002038B50D4BB5
:101C50001B680BB1002038BD0B4C4FF0FF352563DE
:101C6000FFF790FAFFF792FF256320460BF0C6F9C5
:101C70000020FFF767FFFFF7C9FF024B01221A6040
:101C8000E8E700BF700B0020280B002008B5084BC8
:101C90001B680BB9002008BDFFF778FF05480BF063
:101CA000CDF9FFF7B3FF024B00221A60F2E700BF45
:101CB000700B0020280B0020EFF3108C72B60B4B3A
:101CC0000B4A1B6810684BB10A4A936891689942A5
:101CD00003D0916893689942FBD1DB43BFF34F8FE8
:101CE000BFF36F8F8CF31088181A7047700B0020A9
:101CF0006C0B002000280040EFF3108172B6094BF6
:101D0000186810B981F310887047074B98689A6873
:101D1000824203D09A6898688242FBD1C04381F323
:101D200010887047700B00200028004070B50546F1
:101D3000EFF3108672B60D4B1C684CB10C4A9468D8
:101D40009168A14203D091689468A142FBD1E44319
:101D5000FFF750FF014686F31088C4F30E00FFF72B
:101D6000B7FEE20B288042EA414070BD700B0020B4
:101D70000028004070B504468CB0EFF3108572B6B1
:101D80002C220021684610F027FEEFF3108672B671
:101D90004FF4807117480AF04BFDBFF34F8FBFF32C
:101DA0006F8F154B13490122DA654FF0FF330B6338
:101DB00086F31088114B0F481B682344DB430193C3
:101DC0004FF0005306934FF480730A936946002343
:101DD000079305930AF0F8FE20B985F310880020D8
:101DE0000CB070BDFEF70AFE85F3108800200CB021
:101DF00070BD00BF280B0020002800406C0B0020A5
:101E000010F062BB08B50A4B1B6833B9BDE8084047
:101E10000848012202210BF073B9022105480BF09A
:101E200083F9BDE80840421C022102480BF068B962
:101E3000700B0020280B0020F8B50646EFF3108742
:101E400072B60E4B1C684CB10D4A94689168A14261
:101E500003D091689468A142FBD1E443FFF7CAFE26
:101E6000054687F3108800210C19C4F30E00FFF714
:101E700045FEE40B306044EA4540F8BD700B00209D
:101E80000028004008B51748174B03604FF4E133B2
:101E9000436000238360C360036108224261836161
:101EA000C3610362436283620CF080FF70B900215A
:101EB0000C480DF09FF960B900210A480DF0E4F9D3
:101EC00050B908480DF05CF948B908BDFEF796FD19
:101ED000EDE7FEF793FDEFE7FEF790FDF1E7FEF784
:101EE0008DFDF2E7D40B00200044004030B597B0E0
:101EF00004460021119112911391149115913822E9
:101F000003A810F069FD22682D4B9A4201D017B04A
:101F100030BD022303932B4B059303A80AF070FAFC
:101F2000002844D14FF0B0439A6D42F400329A65D4
:101F30009A6D02F400320292029ADA6C42F00102C7
:101F4000DA64DB6C03F001030193019B042311931A
:101F5000022312930025139503231493072315934B
:101F600011A94FF0904009F00FF81748174B036084
:101F70001423436010238360C5608023036145619F
:101F80008561C561056208F0F9FB98B910210E481A
:101F900008F0D0FE88B90C4BE3679C6200220F2149
:101FA000252008F09FFA252008F0E0FAAFE7FEF7B9
:101FB00025FDB7E7FEF722FDE8E7FEF71FFDEAE79C
:101FC0000044004004000C00740B00205800024044
:101FD00002680C4B9A4200D0704710B504464FF08F
:101FE000B042936D23F40033936504214FF0904089
:101FF00009F0FAF8E06F08F0BFFC252008F0CCFAF1
:1020000010BD00BF0044004008B5084B1860FFF742
:1020100039FF074AD2F8803043F00063C2F88030BD
:1020200004480FF09FFF002008BD00BF6C0C00208B
:1020300000080058BC36010808B54FF0B0439A6B51
:1020400042F400329A639A6B22F400329A63044895
:10205000FFF7BEFF0F2008F09FFA002008BD00BF69
:10206000D40B002008B50A46014602480BF010FECA
:10207000002008BDD40B002010B582B0124B1860B0
:102080004FF400130093114C02AB13E906002046F5
:102090000CF0D2FF2368DA6912F4803FFBD1DA69D1
:1020A00012F4800FFBD09A6842F480029A60074CC9
:1020B00020460DF04DF80122054920460CF06CFF3A
:1020C000002002B010BD00BF680C0020D40B00201F
:1020D000700C002008B50268044B9A4200D008BD7D
:1020E000034B1B6800209847F9E700BF00440040FD
:1020F0006C0C002002680A4B9A4200D0704710B561
:102100000446084B1B682BB1D0F8902012B901216E
:10211000054898470122044920460CF03DFF10BDB8
:1021200000440040680C0020700C0020F8B54FF00F
:10213000E0260746B46975690DF056F90135104B74
:1021400005FB00F101F5FA71A3FB0121890907FBE9
:1021500001F101F5FA71A3FB013189090023B2698C
:10216000A81A944203EB040C034404D2234499427A
:1021700005D91446F3E7ACEB02039942F9D8F8BD50
:10218000D34D621010B504460DF02EF94FF47A725B
:10219000A4FB00010023FDF7FBFF01300DF06AFAFC
:1021A00000B910BDBDE8104001489421FEF7BCBF46
:1021B000C4360108844610B5BCE80F00114C82B04B
:1021C0000FC49CE80300104B84E803001868022148
:1021D0000DF06EF9041E01DB02B010BD0DF106001A
:1021E000FFF7A4FDBDF806304FF47A7C0146224685
:1021F0000CFB013105480FF0B5FE02B0BDE8104000
:10220000FEF7FCBB800C00207C0C0020E4360108AB
:1022100010B5322082B008F0BFF9124B5A68012184
:1022200022F001025A60D9600F4B102118680DF09E
:102230003FF9041E01DB02B010BD0DF10600FFF7EF
:1022400075FDBDF806304FF47A7C014622460CFB42
:10225000013106480FF086FE02B0BDE81040FEF7DF
:10226000CDBB00BF000800587C0C002038370108A7
:1022700010B5012182B010200FF0E6FE0E4B0121B7
:1022800018680DF015F9041E01DB02B010BD0DF148
:102290000600FFF74BFDBDF806304FF47A7C01468F
:1022A00022460CFB013105480FF05CFE02B0BDE890
:1022B0001040FEF7A3BB00BF7C0C00209C37010838
:1022C000F0B583B0044604F02DFAC8BBDCBB5F4C0C
:1022D00094F85D30052B00F0918094F85D30062B6A
:1022E0000DF1060631D0002110200FF0ADFE94F85C
:1022F0005D30012B4BD105254FF47A7701F0A0FC1E
:1023000004460B2C304634D1FFF710FDBDF8061003
:1023100007FB00114E480FF025FE0A20FFF732FFA1
:10232000013DEBD13046FFF701FDBDF80630014617
:102330004FF47A754748224605FB01310FF012FE33
:10234000002003B0F0BD0DF1060601F095FC044637
:102350003046002C36D1FFF7E9FCBDF806303B4C87
:1023600002464FF47A713C4801FB02310FF0FAFD4E
:10237000B9E7002CD6D1FFF7D9FCBDF806300246EC
:102380004FF47A71354801FB02310FF0EBFD344810
:102390003449354A002303700B60136004F074F86D
:1023A00004463046E4B9FFF7C1FCBDF806300246EA
:1023B0004FF47A7101FB02312C480FF0D3FD01205C
:1023C00003B0F0BDFFF7B2FCBDF8063001464FF494
:1023D0007A75224605FB013125480FF0C3FDAFE7B2
:1023E000FFF7A4FCBDF8063001464FF47A7522468B
:1023F00005FB01311F480FF0B5FDA1E70A2001F0F0
:102400006FFC0DF106060546304675B1FFF78EFCF0
:10241000BDF806304FF47A7101FB00312A461648A8
:102420000FF0A0FD94F85D308FE7FFF77FFCBDF85B
:1024300006304FF47A7101FB003110480FF092FD25
:1024400094F85D30062B7FF44EAF7EE7C40A00207F
:102450004C390108B039010814390108103A010853
:10246000A00C00209C0C0020980C0020A43A01082D
:10247000B4380108483A01080838010874380108DE
:102480002DE9F04F6B4DDFF8B0812B786B4E022BAE
:1024900008BF002383B008BF2B7001F027FD002880
:1024A00000F089802878032800F2B480DFE800F08B
:1024B0001323021001A8FFF739FCBDF804300246CF
:1024C0004FF47A715E4801FB02310FF04BFD05209D
:1024D00003B0BDE8F08F5B4801AA102101F054FD64
:1024E00000284DD1019C102C52D0032307202B70C3
:1024F00003B0BDE8F08F01F0F9FCD8F80030326885
:1025000003F10E04504BA41AA3FB0434E4088442E4
:1025100028BF0446082CA34628BF4FF0080B4FEAFB
:102520000B17484801AA394601F02EFD40BB019B1C
:102530009F42DAD1002C40D0DFF81091444F824600
:1025400013E03268D8F80040A41A0F2C28BF0F24DB
:10255000B818224607F0AAFD32680AF1010A1444AD
:10256000D345346009F1100928D919F8012C022A41
:102570004946E6D003230B202B7003B0BDE8F08F53
:1025800006284FF003032B700CBF082009209FE79B
:102590002C4B1F78012F34D0022F2ED029492C48E4
:1025A000224607F083FD2449244A0C60022314606C
:1025B0002B7000208CE701208AE73468D8F80030BF
:1025C000A34212D8022233602A70F2E71D4B204842
:1025D0001C460D22D91C07F069FD174BB4F80120E9
:1025E0001A60164B2F700D221A6001F07FFC013823
:1025F00003307FF652AF02206AE703232B700A20D4
:1026000066E7B3F80130B3F5907FDFD903232B7071
:1026100006205DE701A8FFF789FBBDF804302A78A2
:1026200001464FF47A7404FB01310A480FF09AFC1A
:102630004DE700BFA00C00209C0C0020980C00204F
:10264000E03A0108240D002089888888250D0020A3
:10265000A40D0020343B01082DE9F04F984E994F0E
:10266000DFF864B2DFF864A2DFF86482DFF8649216
:10267000012387B00022F3600521062007F032FF16
:10268000062007F073FF0DF11600FFF74FFBBDF8B2
:1026900016304FF47A7101FB00318F480FF062FC65
:1026A0004FF0FF3200211F200CF07AFF041EC0F211
:1026B0009380A0075CD53B68022B0DF1160000F05B
:1026C000E380FFF733FBBDF816103A684FF47A75D4
:1026D00005FB001181480FF045FC0DF11600FFF7D6
:1026E00025FB7B69BDF8161002933B690193FB68DB
:1026F000009305FB0011D7E9012379480FF032FC64
:10270000322007F049FF7368012223F00103736050
:1027100044F01004F2604FF090439A610520FFF7F7
:1027200005FD0DF11600FFF701FBBDF816304FF463
:102730007A7101FB00316B480FF014FCC4F3C00048
:10274000FFF7BEFD98B34FF0904301229A6204F068
:1027500083F80DF11600FFF7E9FABDF816300246CE
:102760004FF47A7101FB02315F480FF0FBFB97E7F2
:1027700014F0180F41D04FF0904301229A610520C8
:10278000FFF7D4FCE106CCD40DF11600FFF7CEFA2A
:10279000BDF816304FF47A7101FB003153480FF049
:1027A000E1FBC4F3C000FFF78BFD0028CBD10DF196
:1027B0001600FFF7BBFABDF8163002464FF47A71E7
:1027C00001FB02314A480FF0CDFB0123F36073682F
:1027D00043F00103736063E70DF11600FFF7A6FAFB
:1027E000BDF816304FF47A7101FB003122464148A2
:1027F0000FF0B8FBFEF702F95BE7620750D4E3077E
:102800007FF54EAF23E070BBD8F80010D9F8002058
:10281000394805F061FA054688B10A280FD00DF154
:102820001600FFF783FABDF816304FF47A7101FBFA
:1028300000312A4631480FF095FBFFF7E9FC0CF018
:1028400089FE08B1844236D101F050FB98B3FFF7FE
:1028500017FE01280546F2D00228D4D1D8F800107E
:102860000F29ECD9D2E70DF11600FFF75FFABDF89A
:1028700016304FF47A7101FB00312A4620480FF0E0
:1028800071FBFFF7C5FCDAE7FFF750FABDF8163029
:102890004FF47A7101FB00311A480FF063FB2FE708
:1028A000DBF80010DAF8000004F022F90028A6D0C6
:1028B000FFF7AEFCA3E7002110200FF0C5FBEFE609
:1028C00000080058800C0020740C0020780C0020B8
:1028D000980C00209C0C0020783B0108383C010833
:1028E000743C0108003D0108943D0108503D010879
:1028F000CC3D0108AC3B0108A40D00200C3E0108B2
:102900005C3E0108FC3B010870B5052482B000253F
:102910004FF090460220FFF709FC3369DB0705F111
:10292000010548BF0025013CF4D1022D04D8154B08
:102930000122DA6002B070BD322007F02DFE114B8B
:102940005A68012122F001025A60D9600E4B082119
:1029500018680CF0ADFD041EECDA0DF10600FFF76F
:10296000E5F9BDF8063001464FF47A75224605FBBD
:10297000013106480FF0F6FA02B0BDE87040FEF7EC
:102980003DB800BF000800587C0C0020C43E010880
:1029900030B587B04FF0B043DB6C13F0010F04D1BA
:1029A0004FF401714348FEF7BFFB062007F0F4FD2A
:1029B000112302930023039302230493012401941F
:1029C0004FF09045AC610520FFF7B0FB01A9284608
:1029D00008F0DAFA94FAA4F4B4FA84F404F07C036C
:1029E00003F1804303F580339A6804F00304A400E4
:1029F0000721A14022EA01029A602F4B1A6822F0B7
:102A000001021A605A6822F001025A60D3F880204D
:102A100042F00102C3F88020D3F8842022F00102A2
:102A2000C3F884202549264801F0E0F8044658B947
:102A300007F0E2FA0446B0B9224B1B6813B3FFF764
:102A4000E7FB204607B030BD01A8FFF76FF9BDF8DE
:102A5000043022464FF47A7101FB00311A480FF01E
:102A600081FA0524EDE701A8FFF760F9BDF804300D
:102A700022464FF47A7101FB003114480FF072FACC
:102A80000524DEE7124A002112480CF0B0FC0D4B81
:102A900018600028D3D101A8FFF748F9BDF8043029
:102AA0004FF47A7101FB00310B480FF05BFA0624FA
:102AB000C7E700BF303F010800080058B5210008F3
:102AC000712200087C0C0020683F0108BC3F01080F
:102AD0004070010859260008104001082DE9F04F08
:102AE00083B0002860D00D4600295DD0B1F5907FFD
:102AF00046D8834601F0B0F9102D044666D95C4BE8
:102B00006E1CA3FB0636F6080136B042C0F090807A
:102B1000DFF8609159464FF0010A0D2209F10300D8
:102B2000A9F8015089F800A007F0C0FA10270BF1AE
:102B30000D0B0D3D09EB07064FF00208013602E0D0
:102B40001036002D4DD00F2D2C4628BF0F2459468E
:102B50002246304606F8018C07F0A8FA631C1F4491
:102B60007F2FA5EB0405A344EAD93946484601F076
:102B700081FA074600283AD14E4675B38246DDE712
:102B80000DF10600FFF7D2F8BDF806404FF47A7158
:102B900001FB00414FF4907337482A460FF0E2F9E9
:102BA000032003B0BDE8F08F0DF10600FFF7BEF87B
:102BB000BDF8063002464FF47A7101FB02312F480E
:102BC0000FF0D0F9022003B0BDE8F08F00B3294622
:102BD000584601F04FFA00283AD1002003B0BDE872
:102BE000F08F2448394601F045FA0028F5D00DF160
:102BF0000600FFF79BF8BDF8063001464FF47A74E3
:102C00001F48524604FB01310FF0ACF90520C8E71C
:102C10000DF10600FFF78AF8BDF8063002464FF4C2
:102C20007A71184801FB02310FF09CF90420B8E7D3
:102C30000DF10600FFF77AF8BDF806504FF47A71EF
:102C400001FB0051234632460F480FF08BF9EDE7A8
:102C50000DF10600FFF76AF8BDF8063001464FF4A3
:102C60007A74012204FB013108480FF07BF9CDE7AB
:102C700089888888A40C0020C440010868400108A5
:102C80002042010820410108C041010870410108AB
:102C900030B585B0EFF3108472B601A8FFF7CCF819
:102CA0000546214BDB6A9B0404D5204840F22251A3
:102CB000FEF73AFA1E480FF085FB84F310881D4A90
:102CC000D16803AB02AAC1F30221322007F07EFCD7
:102CD000029B052B0BD01848184B01990560196011
:102CE00000220521322007F0FDFB05B030BD322067
:102CF00007F052FC124B042118680CF0D9FB041E9B
:102D0000F3DA0DF10200FFF711F8BDF802300146C9
:102D10004FF47A75224605FB01310A480FF022F97B
:102D2000FDF76CFE05B030BD00080058303F0108CB
:102D30003412002000ED00E0780C0020740C00201C
:102D40007C0C00206C4201082DE9F041EFF310816A
:102D500072B6214C2268536823F002035360026864
:102D6000136823F0010313601C4B02681C4ED768E4
:102D7000D3F800801B4BDFF870E03568D3F800C053
:102D800007F11003984598BF7346BDB963451AD043
:102D9000D3600268E38F9BB253600268136843F00C
:102DA0000A03136002681368022443F001031360EE
:102DB00080F8254081F31088BDE8F08167451CBF8D
:102DC00000233360E6E701221D605D609D60DD60E9
:102DD00032600268DCE700BFC40A0020E00E002079
:102DE000D00E0020E80E0020EC0E002030B5224C62
:102DF00083B020460AF04AFB204A236893422CD035
:102E000002F57842934217D14FF0B0450A202B6C5F
:102E100043F480532B64FFF789F92B6C23F4805320
:102E20002B640023144884F85D300AF091F9144BA8
:102E300000221A6003B030BD0DF10600FEF776FFE8
:102E4000BDF80630226801464FF47A750D4805FB3F
:102E500001310FF087F80120E9E74FF0B0450A2073
:102E6000AB6B43F48043AB63FFF760F9AB6B23F4C8
:102E70008043AB63D5E700BFC40A002000380040A0
:102E8000C40E0020D44201082DE9F04182B007466B
:102E9000FEF7E6FD824C834A94F85C30D2F800805D
:102EA000012B00F0A280012384F85C3094F85D309F
:102EB000012BDEB241D002267B4F7C4D384608F014
:102EC0001DF8284608F01AF83B682A68D3F800C0B5
:102ED00010681A6822F001021A6029680A6822F054
:102EE000010220230A6093FAA3F32BB1B3FA83F310
:102EF0005B00032202FA03F34FF090414FF0020E01
:102F00000A6813430B603B68276829687A6822F0D7
:102F100003027A60664ADA60664AC3F804E0CA606F
:102F2000C1F804E0C3F800C02B68186000233046E5
:102F300084F85C3002B0BDE8F081054602214FF014
:102F4000904008F0EFF9F8B90DF10600FEF7EEFE3B
:102F5000BDF806304FF47A7101FB003156480FF08E
:102F600001F87B1C67D102214FF0904008F0DAF99C
:102F700050B9EFF30583A3B300BF02214FF0904097
:102F800008F0D0F90028F4D0474807F071FF054653
:102F9000A0B9464807F06CFF054658BB2268136885
:102FA00043F04003136002214FF0904008F0BAF95B
:102FB00098B3052384F85D302E46B7E70DF106007F
:102FC000FEF7B4FEBDF806304FF47A7101FB003114
:102FD0002A463A480EF0C6FF236E43F010032366DC
:102FE0006AE701200CF046FBBDE70226304602B03E
:102FF000BDE8F0810DF10600FEF798FEBDF8063041
:103000004FF47A7101FB00312A462D480EF0AAFFD9
:10301000236E43F0100323664EE70DF10600FEF722
:1030200085FEBDF806304FF47A7101FB003125486A
:103030000EF098FF40E7C8F3CB3802214FF09040E4
:1030400007FB08F808F06EF900289DD1EFF305831F
:1030500093B100BFFEF704FD401BB84210D2B8F197
:10306000000F0DD002214FF0904008F1FF3808F01A
:1030700059F90028EAD087E701200CF0FBFAE9E7CC
:103080000DF10600FEF752FEBDF8063002464FF481
:103090007A710D4801FB02310EF064FF03260BE745
:1030A000C40A002018080020A409002044090020B8
:1030B000D80E0020D40E002030430108F043010850
:1030C00060440108CC44010898430108F8B503F1B5
:1030D000FF3C1D46354B9C4504460F46164610D80E
:1030E00094F82430012B15D094F825300120834228
:1030F00084F8240010D00023802284F82430E26376
:10310000F8BD2B484FF47771FEF70EF894F8243091
:10311000012BE9D10220F8BD022384F825300023D9
:10312000E3632368E16C1A6822F001021A60D4E9B3
:103130001402486012B1D4E916104860616C206C2A
:1031400001F01C0C012101FA0CF14160A1685D60E5
:1031500010290BBF9E609F60DF60DE601968E06A27
:1031600021F00E01196018B1196841F002011960CF
:10317000216B39B1196841F00C011960196841F0EF
:1031800008011960A16C0868C0030AD41AB111685B
:1031900041F4807111601A6842F0010200201A6047
:1031A000F8BD086840F480700860EFE7FDFF030099
:1031B000444501082DE9F041A048A14C82B007F038
:1031C0009DFEA04807F09AFE23685A6822F020026C
:1031D0005A605A6892071FD45A68D10700F1EF80ED
:1031E0000020A4F84600E087226E402A4FF000023B
:1031F00018BF20660092D9680091996800910099E3
:1032000001929B680193019A08BF0120062384F86C
:103210005D3002B0BDE8F0815A68606D22F00202B4
:1032200000215A60816307F0A3FC002840F03D8133
:10323000FEF716FC0646844F23683D689B6805EB45
:103240008505C5EBC5052D0D05EB850513F4C05FA0
:103250004FEA45050DD0FEF703FC801B09282368C3
:1032600047D8002D45D09B6813F4C05F05F1FF35AA
:10327000F1D1FEF7F5FB064623683D689B68C5F370
:10328000CB3505EB85051B064FEA45050BD5FEF74B
:10329000E7FB801B092823682BD855B39B681806C9
:1032A00005F1FF35F3D4FEF7DBFB06463D68D4F8A5
:1032B000008005EB8505D8F80830C5EBC5052D0D58
:1032C00005EB850513F4C06F4FEA450508BF43467B
:1032D00007D12EE06DB19A6812F4C06F05F1FF3589
:1032E00027D098F80C30FEF7BBFB801B0928236819
:1032F000F0D95A68A16A22F0E0025A601A68B1F562
:10330000005F22F040021A6007D11A6822F40052CE
:103310001A601A6842F400521A60012284F85D2093
:10332000226E42F0200222660021402284F85C10C6
:1033300022661A6822F040021A60FEF791FB0646E8
:103340003D68276805EB8505BB68C5EBC5052D0DF8
:1033500005EB850513F4C06F4FEA450508D1C6E0BB
:103360006DB19A6812F4C06F05F1FF353FF434AFC8
:103370003B7BFEF775FB801B09282368F0D95A6850
:10338000A16A22F0E0025A601A68B1F5005F22F0EB
:1033900040021A6007D11A6822F400521A601A68B3
:1033A00042F400521A6000214022012084F85D009E
:1033B00084F85C1022665A68D1077FF511AF5A680D
:1033C000A06D22F0010200215A60816307F0D0FB5A
:1033D000002867D12268136823F040031360FEF7CA
:1033E0003FFB0646184F23683D689B68C5F3CB3505
:1033F00005EB85051A064FEA45050CD5FEF730FBAF
:10340000801B0928236853D8002D51D09B681B06C8
:1034100005F1FF35F2D4FEF723FB06463D68276829
:1034200005EB8505BB68C5EBC5052D0D05EB8505D1
:1034300013F4C06F4FEA450510D156E0A4090020EF
:10344000C40A002044090020180800206DB19A68C1
:1034500012F4C06F05F1FF353FF4C2AE3B7BFEF7BF
:10346000FFFA801B09282368F0D95A68A16A22F064
:10347000E0025A601A68B1F5005F22F040021A605B
:1034800007D11A6822F400521A601A6842F40052F6
:103490001A6001200021402284F85D0084F85C104D
:1034A00022669DE64023236694E740232366BFE619
:1034B0005A68A16A22F0E0025A601A68B1F5005F0A
:1034C00022F040021A6007D11A6822F400521A60F2
:1034D0001A6842F400521A6001210022402384F845
:1034E0005D1084F85C20236695E73B4678E63B4612
:1034F00072E600BFF0B585B0022393FAA3F3B3FAE6
:1035000083F303F07C0202F1804202F5803291687D
:1035100003F003039B00072000FA03F321EA0303EF
:103520009360AE4B1A6822F002021A605A6822F0C9
:1035300002025A600222DA60A94B1A6841F20103C2
:10354000B3EB124F80F0BE80A44A136843F002032D
:103550001360A24BD3F8802042F00202C3F880200F
:10356000D3F8842022F00202C3F884209D4A9E49A9
:103570000A6002F5D8709D4B18609D4B9D48036012
:1035800003F5C0739C4803600B68043B9A4203D95F
:1035900003F5D8739A42FBD8984A1A60984B9B6DF2
:1035A000002B00F09980964B5B6D002B00F09A8009
:1035B000934B9B68002B40F09B80914BDB68B3F5ED
:1035C000E06F40F09B808E4B1B69002B40F09C808D
:1035D0008C4B5B69B3F5807F40F09C80894B9B6985
:1035E000B3F5806F40F09C80864BDB69202B40F068
:1035F0009D80854B5B69002B40F09E80824B9B69D0
:10360000002B40F09F80804BDB69202B40F0A08096
:103610007B4B5B6D9A69B2F5806F00F0AB80002A3E
:1036200040F09C805B69002B40F0AF80744B5B6D79
:10363000DB69002B40F0AF80714B9B6D9A69B2F54E
:10364000806F00F0BA80002A40F0AB805B69002BED
:1036500040F0BE806A4B9B6DDB69202B40F0D88028
:10366000674B93F85C30012B00F07E82644B0122A3
:1036700083F85C2093F85D30DDB2934200F0CE8099
:103680000225604F384607F039FC5F4E304607F0A0
:1036900035FC5B4C2268536823F0030353603846C3
:1036A00007F066FA304607F063FA606D07F060FADB
:1036B000A06D07F05DFA524B002283F85C2028468B
:1036C00005B0F0BD454B1A6842F002021A605A6814
:1036D00042F002025A603CE740F2BE214B48FDF73F
:1036E00023FD60E740F2BF214848FDF71DFD5FE77D
:1036F00040F2C2214548FDF717FD5EE740F2C521C3
:103700004248FDF711FD5EE740F2C6213F48FDF754
:103710000BFD5DE740F2CA213C48FDF705FD5DE782
:1037200040F2CB213948FDF7FFFC5DE74FF43371E0
:103730003648FDF7F9FC5CE740F2CF213348FDF74E
:10374000F3FC5BE74FF434713048FDF7EDFC5AE7CA
:1037500040F2D1212D48FDF7E7FC59E74FF43571D0
:103760002A48FDF7E1FC264B5B6D9A69B2F5806F44
:103770007FF458AF5B69B3F5807F3FF457AF40F2F9
:10378000D7212248FDF7D0FC50E740F2DB211F484B
:10379000FDF7CAFC4AE740F2DE211C48FDF7C4FCF5
:1037A0004AE740F2E1211948FDF7BEFC144B9B6D3E
:1037B0009A69B2F5806F7FF449AF5B69B3F5807F9A
:1037C0003FF448AF4FF439711048FDF7ADFC41E7C5
:1037D0004FF43A710D48FDF7A7FC3BE7000800588D
:1037E000002004E06C100020E40E0020DC0E00201D
:1037F000EC0E0020E80E0020E00E0020EFBEADDE53
:10380000C40A0020A40900204409002044450108FE
:1038100040F2EA21AD48FDF787FC21E7FFF7CAFC3B
:10382000002840F0E780AA4B012283F85D20A84BD6
:1038300000221A66A749996310219987D987A6495A
:1038400019644FF4D871A3F84410A3F84610DA6451
:103850001A659B6AB3F5005F00F0EE809C4A116820
:103860004B6823F4C0434B604B6823F480434B60A8
:103870004B6823F400534B60536D9B69B3F5806F25
:1038800000F0E680924B9B6D9B69B3F5806F00F072
:10389000E4804B6843F480534B608D48836D8F4ABE
:1038A0005A63826D00231363826DD362826D9363CA
:1038B000B0F846309BB2026C0C31806DFFF706FC0D
:1038C0000446002840F0D5808148436D834A5A63FE
:1038D000436D834ADA62426D00231363426D936342
:1038E000804B01221A60C38F02689BB20C32816B3D
:1038F000406DFFF7EBFB0446002840F0D080744A8F
:103900001368596821F0C0015960596841F02001DD
:10391000596000210191986801900198029198687E
:103920000290186820F040001860029B0391136811
:10393000D9680391996803910399196841F400715A
:10394000196011680B6823F480730B6013685B685F
:103950009BB2654A538043F003031380202494FAFA
:10396000A4F4B4FA84F4640024F007014FF0904604
:103970003268CA40D2B2611A032000FA01F7FFB2DE
:10398000DFF868E122EA070C022303FA01F14CEAAE
:1039900001018EF800103A438EF80120316800FAD8
:1039A00004F20A43326052484C4A426351494A6326
:1039B00000220263C26282630A63CA628A63444A63
:1039C000126804324849FFF781FB0646002840F0A0
:1039D0009D80E208022302F1904244494548FFF7E6
:1039E00075FB0446002840F0A880434B01221A6072
:1039F000054660E603A8FEF799F9BDF80C300122F0
:103A00004FF47A7101FB00313C480EF0ABFAFFF73E
:103A1000EDF9044600283FF40AAF03A8FEF786F943
:103A2000BDF80C3022464FF47A7101FB0031344866
:103A30000EF098FA254624E6254A11680B6823F40F
:103A400000530B601268136843F40053136005E7DA
:103A5000D38FC3F34E03D38714E74B6823F480530B
:103A60004B601B4AB2F84630C3F34E03A2F846300F
:103A700013E703A8FEF75AF9BDF80C3022464FF4BD
:103A80007A7101FB00311F480EF06CFA104B1A6E70
:103A900042F010021A66012283F85D20F1E503A8C6
:103AA000FEF744F9BDF80C3022464FF47A7101FB61
:103AB000003115480EF056FA054B1A6E42F010020E
:103AC0001A66012283F85D20DBE500BF444501084A
:103AD000C40A0020EC0E00206C100020793B000886
:103AE000492D0008D00E0020D80E0020D40E002052
:103AF000A409002044090020C40E002084450108C8
:103B0000E84501085C460108A84601080DF10200DD
:103B1000FEF70CF9BDF8023032464FF47A7101FB22
:103B2000003112480EF01EFA114B1A6E42F01002CC
:103B30001A66012283F85D20A3E50DF10200FEF76D
:103B4000F5F8BDF8023022464FF47A7101FB0031DE
:103B500008480EF007FA064B1A6E42F010021A6679
:103B6000012283F85D208CE50225A8E5F4460108D2
:103B7000C40A00205447010870B5164C164D236E38
:103B80002A6843F01003012186B0236684F85D1093
:103B9000A2B11249124B134A206809681B681268C7
:103BA000266E806809681B68126803930E4B0096A6
:103BB0001B6801901B68029104920593FFF7FAFAC3
:103BC0002A682AB1009B216E0B43684600939047F8
:103BD00006B070BDC40A0020C80E0020640A002090
:103BE000040A0020A40900204409002010B582B076
:103BF0000F4B1B681BB10824204602B010BD0D4BB3
:103C000018600D4B1960FFF775FC04460028F3D0CF
:103C10000DF10600FEF78AF8BDF8063022464FF493
:103C20007A7101FB003105480EF09CF90A24E3E7A4
:103C3000C40E0020CC0E0020C80E0020B0470108A2
:103C400008B50B4B1B6883B10A4B1B681B685B06EE
:103C500001D5092008BD6420FFF716F90028F9D026
:103C6000032814BF0A200B2008BD072008BD00BF91
:103C7000C40E0020C40A002010B582B0FFF79AFAE3
:103C8000FFF7B4F828B9FFF735FC0446A0B902B035
:103C900010BD04460DF10600FEF748F8BDF80630E9
:103CA00001464FF47A7C0C4822460CFB01310EF0A1
:103CB00059F90A2002B010BD0DF10600FEF736F8E2
:103CC000BDF8063001464FF47A7C22460CFB0131E8
:103CD00002480EF047F9ECE7E84501080048010802
:103CE000F8B50446FDF7BCFE0546661C03D006F099
:103CF000ABFBB4FBF0F44A4B4A491A68096841F23D
:103D00000103B3EB124F66D2474A136823F0020354
:103D10001360454B454E0222DA60326853689807BB
:103D200004D0631C67D153689907FCD1EFF3108569
:103D300072B6D6E915139A6909681B68CE685C6883
:103D40003B4BB2F5806F08BF64009E423DD3394BB8
:103D50001B68B34239D3384A3849394804F1110352
:103D6000A2FB03239B080A683649374C03EBC303C5
:103D7000A2EB43039A4298BF0B4603603348043BCF
:103D80000660002030607060B060F0608B424FF0E1
:103D90000100206003D2521A13448B42FCD32C49F9
:103DA0001F4A1960126841F20103B3EB124F1CD392
:103DB0001D4B1A6842F002021A605A6842F0020271
:103DC0005A6085F310880020F8BD22484FF4AD6199
:103DD000FDF7AAF9BFE7144B1A6822F002021A6035
:103DE0005A6822F002025A6093E70F4A136843F0C0
:103DF00002031360E5E71A2701FB07F73F0D04FBF9
:103E000007F7FDF72DFE401BA04207D237B13368FC
:103E10005B689A0707F1FF37F3D187E70320F8BD06
:103E2000002004E01808002000080058C40A002000
:103E3000EC0E0020E00E0020398EE338DC0E00206E
:103E4000E40E00206C100020D00E0020E80E0020B0
:103E5000EFBEADDE44450108F8B5EFF3108272B64F
:103E60001C4B1D49586D1B680068C4685F680D686D
:103E700082F31088194EAE4220D8194B1B68AB4212
:103E80001CD3A6420BD8164B1B68A34207D3AC42E7
:103E90000CD019D2C5F5C07525442809F8BD1148C4
:103EA0004FF4B461FDF740F9AC42F2D1BB070ED537
:103EB0000D4B1868002818BF1820F8BD094840F2BB
:103EC0009F51FDF731F9DCE7601B0009F8BD1820B0
:103ED000F8BD00BFC40A0020E80E0020EC0E002050
:103EE000E00E002044450108D00E002030B4EFF36E
:103EF000108272B61E4B9B6D99691B6858681D4BEA
:103F0000B1F5806F1C6808BF400082F310881A4A20
:103F1000231F934205D219490968891A0B44934219
:103F2000FCD31968164B99421DD11649134D00F167
:103F30001103A1FB03039B08286803EBC303A0EB59
:103F40004303984288BF1A46A24209D096BFC4F5DF
:103F5000D870101B8018A1FB0010800830BC70477F
:103F6000002030BC70474FF0FF3030BC704700BFBE
:103F7000C40A0020E40E00206C100020DC0E00209B
:103F8000EFBEADDE398EE338002868D02DE9F04F62
:103F9000904683B0002A57D00F2955D900230746F1
:103FA0004FEA11191360EFF31083019372B6FFF714
:103FB0009DFF431C4ED02B4D2B4E2C684845A4F141
:103FC000040428BF4846B44205D2284B1B689B1BFB
:103FD0001C44B442FCD380B3DFF894B0DFF88CA06B
:103FE00007EB001929681022384606F05FF82268AE
:103FF0005A452DD12A68DAF8001012322A602A6850
:104000008A4207F1100706D32A683244521A2A60FE
:104010002A688A42F8D212348C4228BF721A02D31C
:1040200014448C42FCD2D8F80020B94502F11002A9
:10403000C8F80020C4F800B0D4D10020019B83F35D
:10404000108803B0BDE8F08F022003B0BDE8F08F08
:104050000620F3E7019B83F310880620F1E7022096
:10406000704700BFE40E00206C100020DC0E002022
:10407000EFBEADDE2DE9F04F11F00F0685B00C4616
:10408000054639D0C6F1100601EB060B002839D0E1
:10409000BBF5C07F36D8EFF31083009372B6DFF81C
:1040A000B8A1DFF8B891DAF80070B94575D86C4A54
:1040B0001268BA4271D36B4A516D12680968D1F81F
:1040C0000C805268C14502F0020301931ED8644A75
:1040D000126842451AD347451FD086BFC7F5C07244
:1040E0004244A8EB07025A451DD20520009B83F3EA
:1040F000108805B0BDE8F08F20B119B18B46BBF533
:10410000C07FC8D9022005B0BDE8F08F564840F204
:104110006D61FDF709F84745DFD1019B1BB1534A9B
:104120001268002ADFD04E4B1B6804EB0708984545
:1041300039D9DA1B7DD19B46B846F91A0C1908D03B
:10414000A9184046224605F0B1FF454BD3F800B010
:10415000A04408EB06045C4532D8002E44D1A8EBFD
:104160000906C14506F00F0603D83D4B1B684345C1
:1041700004D23D4840F2EC61FCF7D6FF26B13A4844
:1041800040F2ED61FCF7D0FFCAF80080019B13B943
:104190001A46364B1A600020A8E7334840F26461A3
:1041A000FCF7C2FF87E722462946384605F07EFF26
:1041B0002B4BD3F800B0D8450ED0CAD9042095E7D0
:1041C000BBEB08021CD1A4EB0B04404622460021A5
:1041D00005F0DAFFA044C2E709EB0604A045DFF8CA
:1041E0007C80EDD3002EC0D032464046002105F041
:1041F000CBFF1B4B1B689C420ED0DFD8A046AEE71E
:104200004046002105F0C0FF154B1A685A450DD0F5
:1042100028BFD846D2D3D6E7A14504D9124840F2E8
:10422000EC61FCF781FFDFF83480ADE7DFF82C802C
:10423000C9E729463846CDE9022305F037FF084B88
:10424000029AD3F800B0039B5B4502D0B6D89846DB
:1042500073E7DFF8088070E7E80E0020EC0E00201E
:10426000E00E0020C40A002044450108D00E0020C2
:10427000EFF3108372B6024A106883F31088704718
:10428000E80E0020024B1B6803B11847704700BFBF
:10429000CC0E002030B52F4C236859689A688906E7
:1042A0008BB031D555060AD5216E002041F00401AE
:1042B00021660190D9680191996801910199900650
:1042C0000CD5216E002041F0010121660290996811
:1042D0000291196821F0400119600299D10508D5B1
:1042E000216E002041F00801216603909968039136
:1042F0000399D20606D5226E4FF6EF7142F0020204
:1043000022669960226E0AB90BB030BD124D2A6840
:104310009AB11249124A08681168226E04929A688A
:1043200003680968CDE905230E4A0F4B12681B6824
:1043300012681B680993CDE90712FEF73BFF2A6854
:10434000002AE1D0049B216E0B4304A804939047FC
:104350000BB030BDC40A0020C80E0020640A002043
:10436000040A0020A4090020440900204A7991F899
:1043700003C00B88A2F10102B2FA82F2520963442F
:1043800003EBC20391F804C08A79C979BCF1000F2C
:1043900018BF0132062906D8DFE801F01005040530
:1043A000100504000232006803EBC2034FF47A7177
:1043B000421E01FB0323B3FBF0F070470132F2E72A
:1043C0002DE9F047454D2B68022B86B05FD14FF0A9
:1043D000904301249C610520FDF7A8FE404BDC6062
:1043E0005A6822435A603F4C2378022B61D0082B35
:1043F00019D0012B0ED10DF11600FDF797FCBDF879
:1044000016304FF47A7101FB0031374B37481A6888
:104410000DF0A8FD2B680021022B217030D0002068
:1044200006B0BDE8F087304B314F1B684FEA236977
:1044300023F07F482F4B1B68A7FB03239B09A7FB97
:104440000327BF094FF47A7A0DF116000AFB1736DD
:10445000FDF76CFCBDF81610CDF80090B9F1000F17
:10446000B4BF254B254B0AFB0011CDE9017624484A
:1044700042460DF077FD2B680021022B2170CED132
:1044800008200DF0E1FD002006B0BDE8F087EFF355
:10449000108472B61B480EF005F8D0B984F310886A
:1044A000012108200DF0D0FD012108200DF0E2FDD2
:1044B0008DE70DF11600FDF739FCBDF816304FF40D
:1044C0007A7101FB0031084B0F481A680DF04AFD64
:1044D000A0E70C480DF076FFE0E700BF6413002072
:1044E00000080058541200205012002054480108BF
:1044F000D34D62105C13002084330108504801083A
:10450000AC4801081C12002080480108F8B5214A77
:10451000D2F8903023F40043C2F890300446FDF7FF
:104520009FFA0646651C03D005F08EFFB4FBF0F43D
:10453000184D6B69980704D5621C0DD16B699B07F8
:10454000FCD4144A1449D2F89030002043F40043BC
:10455000C2F890300871F8BD104A17681A2303FB9F
:1045600007F73F0D04FB07F7FDF77AFA801B84423B
:1045700006D92FB16B69990707F1FF37F4D4E0E74B
:10458000044AD2F8903043F40043C2F89030082037
:10459000F8BD00BF00040058600B00201808002080
:1045A00010B5002882B00CBF9424962411488DF8D1
:1045B000054001230DF1050240F6AC0109F00EF9AA
:1045C000044610B9204602B010BD0DF10600FDF7FB
:1045D000ADFBBDF806C04FF47A71234601FB00C164
:1045E00040F6AC0204480DF0BDFC0424204602B0A5
:1045F00010BD00BF600B0020FC48010810B582B060
:1046000004468DF8051011488DF80440022301AAD4
:1046100040F6111109F0E2F8044610B9204602B044
:1046200010BD0DF10600FDF781FBBDF806C04FF48B
:104630007A71234601FB00C140F6111204480DF0C7
:1046400091FC0424204602B010BD00BF600B002086
:10465000FC48010830B583B0002104468DF80510F0
:10466000204801230DF1050240F6231109F0FEF860
:1046700090B99DF805301B4823F006031C430DF14B
:104680000502012340F623118DF8054009F0A6F834
:104690000446A8B903B030BD05460DF10600FDF78C
:1046A00045FBBDF806404FF47A7101FB00412B46F3
:1046B0000D4840F623120DF055FC042003B030BD28
:1046C0000DF10600FDF732FBBDF806504FF47A718C
:1046D00001FB0051234640F6231204480DF042FC32
:1046E000EBE700BF600B002054490108FC480108BB
:1046F00010B582B03148012301AA40F6161109F025
:10470000B5F8002847D19DF804402C4844F04004F7
:10471000012301AA40F616118DF8044009F05EF855
:10472000044620BB254801230DF1050240F6161171
:1047300009F09CF8044678BB9DF804209DF80530EC
:104740009A4225D00DF10600FDF7F0FABDF80640BB
:104750009DF805309DF804204FF47A7101FB00416B
:1047600017480DF0FFFB0B24204602B010BD0DF1E1
:104770000600FDF7DBFABDF806C04FF47A7101FBC5
:1047800000C123460F4840F616120DF0EBFB04243F
:10479000204602B010BD04460DF10600FDF7C6FA32
:1047A000BDF806C04FF47A7101FB00C1234640F604
:1047B000161205480DF0D6FBE9E700BF600B00209C
:1047C000AC490108FC4801085449010810B584B0FF
:1047D000044601230F488DF807400DF107028021A0
:1047E00009F07AF9044610B9204604B010BD0DF165
:1047F0000E00FDF79BFABDF80EC04FF47A71234608
:1048000001FB00C1802204480DF0ACFB04242046CB
:1048100004B010BD600B00201C4A010830B59C4656
:104820000025030A63F3070560F30F250B0A63F302
:1048300017450024130A63F3070462F30F244FEAB9
:104840001C2385B063F3174408236CF31F6461F3E2
:104850001F6510480DEB03021946CDE9025409F01B
:104860003BF9044610B9204605B030BD0DF10600F5
:10487000FDF75CFABDF806504FF47A71234601FB50
:104880000051082204480DF06DFB0424204605B0B9
:1048900030BD00BF600B00201C4A01082DE9F04725
:1048A000944D03682A68934282B03DD092490968CA
:1048B000012904463DD1914882424FD9834240F2BA
:1048C0009F8001AEE9468E498E488B428CBF1823EB
:1048D0001F238DF800304A46012340F2457108F04D
:1048E0007DFF0746002840F0AC8023688648A0FB87
:1048F000037243F60951120B01FB12339B0303F6BB
:104900004273A0FB0303920302EB133212BA01922B
:104910007C4804233246862109F0DEF80746002849
:1049200040F0B18023682B600025284602B0BDE826
:10493000F0870B273D4601AE3046FDF7F7F92268B8
:10494000BDF804404FF47A7101FB00413B466F48CB
:104950000DF008FB284602B0BDE8F0876C4EB2426D
:1049600033D9834240F28880E122E923002701AE57
:1049700030468DF800208DF80130FDF7D7F9BDF8ED
:1049800004104FF47A7A0AFB001162480DF0EAFA3B
:104990005C4802236A46982109F09EF88046E94661
:1049A0003046B8F1000F7DD1FDF7C0F95A4BBDF884
:1049B000041053F827200AFB001158480DF0D2FAD2
:1049C0002368002F3FF47FAF90E7554FBA424AD893
:1049D000DFF850C1624571D8DFF84CC162457BD821
:1049E0008342C1D8B34228D8BB4248D84D4A9342EB
:1049F0006ED84D4A93423DD96B226F230427B6E708
:104A0000434A934219D8464A934238D8454A93427A
:104A10005ED8454A9342EFD801AE3046FDF786F99D
:104A2000BDF804304FF47A7101FB003105223F4894
:104A300002270DF097FA3D467EE7D722DB230F468B
:104A400095E73046FDF772F9BDF804204FF47A710E
:104A500001FB00213B46364840F245720DF082FAD8
:104A600004273D4668E783423FF67EAFB342E4D871
:104A7000BB42CBD901AE39E7B342C4D9FAE7C12270
:104A8000C523022773E76846FDF750F9BDF80020FB
:104A90004FF47A7101FB00213B46862225480DF038
:104AA00061FADDE7FDF742F9BDF8041043460AFB61
:104AB000001198221F480DF055FAD1E783423FF6C6
:104AC00053AFB342B9D8BB42D9D86345D2D8A0E7D7
:104AD0007522812303274AE783423FF645AFB3425D
:104AE000ABD8BB42CBD80F4A9342F1D80E4A93427F
:104AF00092D9BFE75C13002064130020FFE8A435BF
:104B0000C0AFD235600B002083DE1B43244B01086D
:104B10007FF8A932B84A010894700108EC4A0108EC
:104B20007F44E52DFF0A6B1B7F47A119784A0108D6
:104B3000FC4801081C4A010810B5844682B04FEABF
:104B40001C21000C8DF804008DF805100F488DF81D
:104B500006C0032301AA822108F0BEFF044610B953
:104B6000204602B010BD0DF10200FDF7DFF8BDF8E0
:104B700002C04FF47A71234601FB00C1822204482F
:104B80000DF0F0F90424204602B010BD600B0020A7
:104B90001C4A010810B584B0044601230F488DF863
:104BA00007400DF10702962108F096FF044610B960
:104BB000204604B010BD0DF10E00FDF7B7F8BDF8AA
:104BC0000EC04FF47A71234601FB00C196220448BF
:104BD0000DF0C8F90424204604B010BD600B00207D
:104BE0001C4A010810B500F0070000240B0C60F30C
:104BF000070463F30F240B0A82B063F31744042302
:104C000061F31F640F4801940DEB0302972108F034
:104C100063FF044610B9204602B010BD0DF102003A
:104C2000FDF784F8BDF802C04FF47A71234601FB0A
:104C300000C1972204480DF095F90424204602B0E3
:104C400010BD00BF600B00201C4A010810B584B0E5
:104C5000044601230F488DF807400DF10702892112
:104C600008F03AFF044610B9204604B010BD0DF11B
:104C70000E00FDF75BF8BDF80EC04FF47A712346C5
:104C800001FB00C1892204480DF06CF90424204680
:104C900004B010BD600B00201C4A010810B582B0A2
:104CA00004468DF8051010488DF80440022301AA2F
:104CB0008F2108F011FF044610B9204602B010BD44
:104CC0000DF10600FDF732F8BDF806C04FF47A7119
:104CD000234601FB00C18F2204480DF043F9042450
:104CE000204602B010BD00BF600B00201C4A010826
:104CF00010B582B000241048ADF80440022301AA88
:104D0000072108F0E9FE044610B9204602B010BDA4
:104D10000DF10600FDF70AF8BDF806C04FF47A71F0
:104D2000234601FB00C1072204480DF01BF90424AF
:104D3000204602B010BD00BF600B00201C4A0108D5
:104D400070B5994B1B68012B86B003D00B25284604
:104D500006B070BD85780446FCF708FA012811D02A
:104D600002283ED080B105A8FCF7E0FFBDF8143062
:104D700002464FF47A718D4801FB02310DF0F2F8D2
:104D80000A25E4E7002D75D02168059188480423A1
:104D900005AA952108F0A0FE0546002878D1A27842
:104DA0008348002A14BF182138218DF80F100123E1
:104DB0000DF10F0240F6E70108F010FD054600B3C3
:104DC00005A8FCF7B3FFBDF814404FF47A7101FB5E
:104DD00000412B46774840F6E7020DF0C3F8042562
:104DE000B5E7002DD0D005A8FCF7A0FFBDF8143022
:104DF00002464FF47A7101FB02316F480DF0B2F8B0
:104E0000BEE76B48012304AA40F6E60108F02EFD38
:104E10000546F8B99DF81020654822F006028DF885
:104E20001020012304AA40F6E60108F0D7FC05464D
:104E300000283DD005A8FCF779FFBDF814404FF4D9
:104E40007A7101FB00412B4640F6E60259480DF00D
:104E500089F8C4E705A8FCF769FFBDF814404FF4D2
:104E60007A7101FB00412B4640F6E60253480DF0F3
:104E700079F8B4E705A8FCF759FFBDF814300246ED
:104E80004FF47A7101FB02314D480DF06BF877E772
:104E900004A8FCF74BFFBDF810404FF47A712B4685
:104EA00001FB0041952247480DF05CF804254EE7D0
:104EB000A27894F90430002A3BD1162B61DC6FF004
:104EC00008059D42B8BF1D46AB42EEB23BD16379A7
:104ED0008DF8113036488DF8106004AA02238E2117
:104EE00008F0FAFD054600284ED1374E072231461C
:104EF000204605F087F9B44207D000283FF427AFD9
:104F000007222146304605F0D1F805A8FCF70EFF30
:104F10002E4BBDF8141093F965304FF47A72002BC4
:104F200002FB0011CCBF2A4A2A4A2B480DF01AF87E
:104F30000DE70E2B05DC6FF010059D42B8BF1D4636
:104F4000C2E70E26354605A8FCF7F0FEBDF81410A2
:104F50004FF47A7303FB001194F9040094F90630BE
:104F6000401B002BA3EB0000CCBF194A194A0028B4
:104F7000CCBF174D174DCDE9005018480CF0F2FF8B
:104F8000A5E716263546DEE705A8FCF7CFFEBDF8F7
:104F900014404FF47A7101FB00412B468E220948E0
:104FA0000CF0E0FF1BE700BF64130020244C010855
:104FB000600B0020FC480108C84B01085449010857
:104FC0006C4B01081C4A0108CB1300206C13002015
:104FD0005048010884330108C44C0108684C01089A
:104FE00030B5054683B080B31B4801230DF105029F
:104FF000152108F083FC0446A0B9184A9DF8053035
:1050000012685B425B1042B96FF07F029342B8BFF7
:10501000134620462B7003B030BD114A92F95E2032
:105020009B1AF1E70DF10600FCF780FEBDF8063093
:1050300001464FF47A75224605FB013109480CF010
:1050400091FF0424204603B030BD074840F6F771B5
:10505000FCF76AF8C8E700BF600B00206813002067
:105060006C130020344D0108FC4C010830B583B0AE
:1050700005460223104801AA172108F03FFC044608
:1050800030B9BDF8043020465BBA2B8003B030BD88
:105090000DF10600FCF74AFEBDF8063001464FF45C
:1050A0007A75224605FB013104480CF05BFF0424AD
:1050B000204603B030BD00BF600B0020344D010816
:1050C00030B583B005460223114801AA132108F028
:1050D00015FC044640B99DF804209DF80530204693
:1050E000C5E9002303B030BD0DF10600FCF71EFE3C
:1050F000BDF8063001464FF47A75224605FB0131B2
:1051000004480CF02FFF0424204603B030BD00BF3C
:10511000600B0020344D01082DE9F04F824685B028
:105120008946EFF3108B72B661B102AD2846FFF7E6
:10513000C7FF002848D004248BF31088204605B010
:10514000BDE8F08F4749DFF820810222A1F10A0073
:10515000FFF70CF94FF4FA6303FB00F701A8FCF723
:105160006BFE02AD064605E09DF80220012A55D8E7
:105170009F4255D301230DF1020240F603013B4843
:1051800008F074FB04462846FCF756FEDDE90123CF
:10519000801B9B1A08FB0033002CE5D02846FCF747
:1051A000C5FDBDF808304FF47A7101FB003140F6BF
:1051B000030223462E480CF0D5FE04248BF31088FE
:1051C000204605B0BDE8F08F9DF80C10274802235B
:1051D000524608F015FC0546044680B99AF801309D
:1051E00002338DF80330B9F1000F20D0214BCAF8FB
:1051F00002308BF31088204605B0BDE8F08F01A87F
:10520000FCF794FDBDF804304FF47A7101FB0031D6
:1052100002222B4618480CF0A5FE8CE79F4285D24F
:1052200008248BF31088204605B0BDE8F08F0F48A6
:1052300001230DF1030240F2BB6108F0CFFA0546ED
:105240000028D3D001A8FCF771FDBDF804304FF45D
:105250007A7101FB003140F2BB622B4607480CF02B
:1052600081FE68E78E13002040420F00600B002093
:1052700054490108FECABAAB7C4D0108FC4801083C
:1052800000B51D4B1B78012B85B006D0022B1DD01D
:105290001A4B00221A6005B000BD0DF10E00FCF79C
:1052A00045FD174ABDF80EC09369D2F81CE0CDF851
:1052B00004E000934FF47A7192F8203092F82120A4
:1052C00001FB00C10F480CF04DFEE1E70DF10E00AF
:1052D000FCF72CFD0A4ABDF80EC092F8443000934A
:1052E0004FF47A7192F8463092F8452001FB00C1E4
:1052F00005480CF037FECBE7601300204C1200206D
:105300006C130020D84D0108304E010870B54FF0E5
:10531000B0446420D4F8943043F40043C4F894308B
:10532000FCF704FFD4F8943023F40043C4F894301D
:10533000FCF796FB054605F087F8D4F894305C043A
:1053400019D52D4B1B681A2202FB03F31B0D0526F2
:10535000B6FBF0F606FB03F4FCF782FB401B86422B
:105360004FF0B0433BD9002C39D0D3F894305904D6
:1053700004F1FF34F0D4214CD4F8903023F40043EE
:10538000C4F89030FCF76CFB054605F05DF86369E6
:105390009A0726D5184B1B681A2202FB03F31B0D34
:1053A0000A26B6FBF0F606FB03F4FCF759FB431B99
:1053B0009E42124A0CD95CB153699B0704F1FF3439
:1053C000F3D4D2F8903043F40043C2F890300EE0AA
:1053D0000A4AD2F8903043F40043C2F890300820D3
:1053E00070BDD4F8903043F40043C4F89030044BBF
:1053F0000020187170BD00BF18080020000400587C
:10540000600B0020F0B5012883B062D0022804466A
:1054100013D0002865D00DF10600FCF787FCBDF81D
:10542000063001464FF47A754348224605FB0131A8
:105430000CF098FD022003B0F0BD0124064627467B
:10544000FBF79CFEF0B100238DF805303B480123AB
:105450000DF1050240F6231108F008FA0546002870
:1054600058D19DF80530354823F006031E430DF151
:105470000502012340F623118DF8056008F0AEF90E
:105480000546A8BB2046FBF76DFE04460028D2D097
:105490000DF106063046FCF749FC2246BDF80640F1
:1054A0004FF47A7101FB00413B4625480CF05AFD50
:1054B0003046FCF73BFCBDF8063001464FF47A74E9
:1054C000042204FB01311F480CF04CFD042003B002
:1054D000F0BD1D4B93F8613033B9032702263C46DB
:1054E000AEE707460226ABE7022704263C46A7E7BD
:1054F0000DF106063046FCF719FCBDF806304FF4F6
:105500007A7101FB003140F623122B460F480CF054
:1055100029FDCDE70DF106063046FCF707FCBDF886
:1055200006304FF47A7101FB003140F623122B460E
:1055300007480CF017FDBBE7804E0108600B002008
:10554000B04E0108144F01086C130020FC480108FC
:105550005449010810B5194BB3F85520082322FA15
:1055600003F00021D2B260F3070162F30F2184B08F
:1055700060F3174162F31F61002402911048039405
:105580000DEB0302194608F0A7FA044610B92046AD
:1055900004B010BD0DF10600FCF7C8FBBDF806C055
:1055A0004FF47A71234601FB00C1082205480CF034
:1055B000D9FC0424204604B010BD00BF6C130020A9
:1055C000600B00201C4A0108F0B56C4883B00CF059
:1055D000F9FE6B480CF0F6FE01210820694D0CF035
:1055E00033FD012108200CF045FD2C68012C3DD035
:1055F00034F002043DD0FBF7C1FD08B300218DF863
:105600000510614801230DF1050240F6231108F051
:105610002DF9044600286ED19DF805105A4821F056
:10562000060141F002018DF8051001230DF105027C
:1056300040F6231108F0D2F80446002840F08C8090
:105640000020FBF78FFD0746002874D101264E4845
:105650008DF8056033460DF10502802108F03CFA13
:10566000044678B90A20FCF761FD2E60002003B0E3
:10567000F0BD0520FEF74AFF0646B0B108202C60B9
:1056800003B0F0BD0DF10600FCF750FBBDF806209D
:105690004FF47A7101FB002123463C4880220CF034
:1056A00061FC2F60042003B0F0BD394A364892F8FF
:1056B000571000290CBF942196218DF80510012365
:1056C0000DF1050240F6AC0108F088F80446002808
:1056D00091D00DF10600FCF729FBBDF806204FF430
:1056E0007A7101FB002123462A4840F6AC020CF0F7
:1056F00039FC2E60D6E70DF106052846FCF716FBAF
:10570000BDF806304FF47A7101FB003140F62312E8
:10571000214823460CF026FC2846FCF707FBBDF881
:10572000063001464FF47A74042204FB01311B4811
:105730000CF018FCB6E70DF106052846FCF7F6FA62
:10574000BDF806304FF47A7101FB00313A46002370
:1057500013480CF007FCDFE70DF106052846FCF7BF
:10576000E5FABDF806304FF47A7101FB003140F6DE
:105770002312234607480CF0F5FBCDE73412002036
:105780001C12002064130020600B00201C4A01083A
:105790006C130020FC48010854490108144F01080B
:1057A000B04E01082DE9F047A64B1C6884B0002CD0
:1057B00065D0A54EA54831780123C91AB1FA81F107
:1057C00049098DF80A100DF10A029F2108F084F9A9
:1057D0000446002840F08280FBF7D0FC08B39B48C9
:1057E0008DF80A4001230DF10A0240F6231108F05A
:1057F0003DF80446002840F088809DF80A10934840
:1058000021F0060141F002018DF80A1001230DF18B
:105810000A0240F6231107F0E1FF0446002840F099
:10582000C8800120FBF79EFC8146002840F099804B
:10583000874F03233B604FF6FF7203ADADF80C209A
:105840008DF80E2081482A46822108F045F98246CB
:105850000446002840F09580DFF8F881D8F8003041
:1058600043B13378012B00F0B680022B00F0D180D9
:10587000C8F800000024204604B0BDE8F08703AD5E
:105880002846FCF753FABDF80C30DFF8C8814FF416
:105890007A7101FB003170480CF064FBD8F80030DD
:1058A0004BB1694B1B78012B00F0C880022B00F034
:1058B000C780C8F800400B2634462846FCF736FA65
:1058C000BDF80C304FF47A7101FB00313246634869
:1058D0000CF048FB204604B0BDE8F08703AD284635
:1058E000FCF724FABDF80C20DFF868814FF47A71D8
:1058F00001FB002123465A489F220CF033FBD8F8C5
:1059000000302BBB04263446D7E703AD2846FCF70E
:105910000DFABDF80C204FF47A7101FB00212346EB
:10592000504840F623120CF01DFB2846FCF7FEF908
:10593000BDF80C30DFF81C814FF47A7101FB0031A7
:10594000042249480CF00EFBD8F80030002BD9D0C7
:105950003378012B3ED0022B5AD00023C8F80030F8
:10596000D0E703AD2846FCF7E1F9BDF80C304FF461
:105970007A7101FB00314A4601233C480CF0F2FAEF
:10598000D3E70DF10A00FCF7D1F9BDF80A20DFF8E2
:10599000C4804FF47A7101FB0021534630488222C3
:1059A0000CF0E0FAD8F80030C7F80090002BA9D02E
:1059B000CEE703AD2846FCF7B9F9BDF80C204FF44B
:1059C0007A7101FB0021234640F6231228480CF08F
:1059D000C9FAAAE704242846FCF7A8F9254ABDF825
:1059E0000C304FF47A7101FB0031D3690193936954
:1059F000009392F82030204892F821200CF0B2FA5F
:105A00000023C8F80030002C3FF434AF264654E79A
:105A100004242846FCF78AF9164ABDF80C304FF4E6
:105A20007A7101FB003192F84430009392F84630CD
:105A3000124892F845200CF095FAE1E70B24CAE7EA
:105A40000B24E6E76813002060130020600B0020A1
:105A5000641300204C120020584F0108B04F010879
:105A60001C4A010854490108144F0108B04E0108AE
:105A7000FC4801086C130020D84D0108304E010885
:105A80002DE9F041824882B00CF09CFC814C2368E7
:105A9000022B03D1002002B0BDE8F0817C480CF05D
:105AA00091FC7D480CF08EFC012108200CF0CCFA12
:105AB000012108200CF0DEFA2568012D76D035F0A2
:105AC000020569D0FBF75AFB38BB0020FBF74AFB05
:105AD0008046002840F0B980012701AD6F488DF85D
:105AE00004703B462A46802107F0F6FF0646002850
:105AF00040F0BC800A20FCF719FB276004212A46ED
:105B00008DF8041065480123842107F0E5FF054660
:105B1000002873D102232360BCE700218DF8041014
:105B20005E48012301AA40F6231107F09FFE0546B7
:105B3000002878D19DF80410584821F0060141F062
:105B400002018DF80410012301AA40F6231107F089
:105B500045FE05460028B8D00DF106042046FCF7A6
:105B6000E5F8BDF806304FF47A7101FB003140F6DC
:105B700023124B482B460CF0F5F92046FCF7D6F8DB
:105B8000BDF8063001464FF47A74042204FB01315B
:105B900044480CF0E7F942E00520FEF7B7FC064662
:105BA00030B10820256002B0BDE8F08101ADA5E765
:105BB0003D4A3A4892F8571000290CBF942196218B
:105BC0008DF80410012301AA40F6AC0107F006FE8F
:105BD000054600283FF476AF0DF10600FCF7A6F865
:105BE000BDF806204FF47A7101FB00212B462C48AA
:105BF00040F6AC020CF0B6F9266010E00DF106009C
:105C0000FCF794F8BDF806304FF47A7101FB0031CF
:105C100084222B4625480CF0A5F90023236004209C
:105C200002B0BDE8F0810DF106042046FCF77EF8D5
:105C3000BDF806304FF47A7101FB003140F62312B3
:105C40002B461B480CF08EF997E70DF10604204611
:105C5000FCF76CF8BDF806304FF47A7101FB0031A7
:105C60004246002313480CF07DF986E70DF106004B
:105C7000FCF75CF8BDF806204FF47A7101FB0021B7
:105C800033460A4880220CF06DF9C4F80080C6E75C
:105C900034120020641300201C120020600B00202E
:105CA000FC480108144F01086C1300201C4A01082D
:105CB00054490108B04E010830B583B0EFF31084A9
:105CC00072B61C4B186838B11B4B1B68022B29D0CD
:105CD00084F3108803B030BDFFF7D2FE0546A8B1AB
:105CE0000DF10600FCF722F8BDF806304FF47A718A
:105CF00001FB00312A4611480CF034F919211048F3
:105D00000CF0A2FB84F3108803B030BD01460820DC
:105D10000CF09AF9294608200CF0ACF984F31088AD
:105D200003B030BD002108200CF08EF984F31088F8
:105D300003B030BD6813002064130020F44F010845
:105D40001C1200202DE9F047C44D04782B78A342A3
:105D500086B000F0B580C24B1B68002B00F00A81B2
:105D6000012C00F0C480022C00F01681002C40F0C1
:105D7000AC800226BB4F344603AD2846FBF7D6FF66
:105D8000BDF80C504FF47A7101FB005133463A468E
:105D9000B5480CF0E7F8204606B0BDE8F0870DF1F5
:105DA0000707B24801233A4640F6890107F05EFD35
:105DB0000446002840F0D1829DF80730AB48B9F185
:105DC000060F0CBF03F0FB0343F004038DF807300C
:105DD0003A46012340F6890107F000FD04460028F9
:105DE00040F0CB8296F84B10B6F84700003918BF48
:105DF0000121224661F30702010A61F3070496F8C4
:105E0000491060F30F2461F3174496F84C1097483B
:105E1000003918BF012161F30F22ADF8102096F868
:105E20004A20062362F31F648C212A46039407F05C
:105E300053FE0446002840F026828C4801233A464F
:105E400040F2367107F012FD0446002840F0A582AA
:105E500096F84C209DF80730002A00F06C8203F081
:105E6000FB038DF80730814801233A4640F2367132
:105E700007F0B4FC0446002840F09F8296F83E10DC
:105E80008DF80710794801233A46A02107F024FE37
:105E90000446002840F0A1829DF807103F2900F237
:105EA0008981734E2846FBF741FFBDF80C3001464F
:105EB0004FF47A746F48324604FB01310CF052F80B
:105EC0000024204606B0BDE8F08703AD2846FBF766
:105ED0002DFFBDF80C30684F4FF47A71224601FB5C
:105EE0000031052665480CF03DF8344645E70022B0
:105EF0000DF108088DF808205C48234642468A21A7
:105F000007F0EAFD0746002840F094805C4E2C70B4
:105F10000F22082386F8552003AD4FF00F2286F894
:105F200056000490039251482A46194607F0D4FDC2
:105F30000746002840F0F980777B0390082F6860BF
:105F400000F2A6803A46711D284604F0AFF8474893
:105F500008232A464FF4D86107F040FC0746002882
:105F600040F01881B269002A40F04481022634468C
:105F7000444F02E703A8FBF7D9FEBDF80C300246F8
:105F80004FF47A7101FB02313F480BF0EBFF0B2419
:105F9000204606B0BDE8F0870DF10808012333481C
:105FA0008DF8083042468A2107F096FD0746002802
:105FB00040F0D980324E2C706722082386F8552095
:105FC00003AD4FF0672286F85600049003922748ED
:105FD0002A46194607F080FD0746002840F0B480A5
:105FE000B38F22485BBAADF80830424623464FF4DF
:105FF000E86107F0F3FB074600285BD196F845906F
:1060000096F844A0B9F1040F00F0BD80B9F1050F76
:1060100004D1AAF10C07B7FA87F77F0996F8462052
:10602000531E062B00F21A82DFE803F057587D7BDF
:1060300057587B0003AD2846FBF778FEBDF80C30BF
:106040004FF47A7101FB00318A2210483B460BF075
:1060500089FF04260B4F34468FE600BF60130020F3
:10606000681300204850010818520108600B0020F6
:1060700040500108DC5101085450010880510108CA
:106080006C1300203C5001085C5001081C4A0108B8
:106090004046FBF74BFEBDF808304FF47A7101FB28
:1060A00000313A46D448D54F082306260BF05AFF54
:1060B000344662E62846FBF739FEBDF80C304FF453
:1060C0007A7101FB00314FF4E862CD483B460BF09A
:1060D00049FF0426CB4F34464FE6012400236AF3E0
:1060E000070369F30F2364F3174367F31F630393F5
:1060F000C54804232A468B2107F0EEFC04460028FD
:106100003FF44DAE4046FBF711FEBDF808304FF4AA
:106110007A7101FB00318B222346BC480BF022FF31
:10612000D7E70424DAE71446D8E74046FBF7FEFD3C
:10613000BDF808304FF47A7101FB003108223B466C
:10614000B2480BF00FFF84E74046FBF7EFFDBDF8C8
:1061500008304FF47A7101FB003108223B46AB480E
:106160000BF000FFB5E703AD2846FBF7DFFDBDF8F8
:106170000C304FF47A7101FB00318A223B46A34870
:106180000BF0F0FEA5E7AAF10B07012F8CBF00274B
:10619000012743E74046FBF7C9FDBDF808304FF43F
:1061A0007A7101FB00314FF4D8623B4694480BF002
:1061B000D9FE4EE701F0F80101318DF80810924840
:1061C0000123424640F2067107F008FB044600280E
:1061D0003FF467AE2846FBF7A9FDBDF80C304FF43D
:1061E0007A7101FB003140F20672234684480BF0BD
:1061F000B9FE6EE7F369DFF818C2ACFB03E143F6C2
:106200000950090B00FB11339B0303F6427396F808
:106210002100ACFB03C3890301EB13337D49B1FBC0
:10622000F2F2394660F30701100C60F30707180C0F
:1062300060F30F21100A60F30F2762F3174796F8F7
:106240002020714862F31F671A0A62F3174163F353
:106250001F61049108232A468B21039707F03CFC19
:106260000746F8B14046FBF761FDBDF808304FF432
:106270007A7101FB00318B2264483B460BF072FEC1
:106280000426344674E64046FBF750FDBDF808305E
:106290004FF47A7101FB00318C2223465B480BF0EE
:1062A00061FE16E70DF10707234657483A4640F6C8
:1062B000890107F0DBFA0446002840F0BF809DF812
:1062C0000730514843F004038DF807303A46012364
:1062D00040F6890107F082FA0446002840F09E80CB
:1062E000728C012A25D9013AD100C2F3471401F07A
:1062F000F801002296F82430434864F3070261F362
:106300000F2263F3174296F8253096F82A108DF87D
:106310001410DB0063F31F620392D6F82620049268
:1063200009232A468C2107F0D7FB044630B9334EA7
:10633000B8E50146DDE743F0040392E54046FBF78C
:10634000F5FCBDF808304FF47A7101FB00318C2266
:1063500023462E480BF006FE7BE64046FBF7E6FCA4
:10636000BDF808304FF47A7101FB003140F6890224
:10637000234629480BF0F6FDABE64046FBF7D6FC7A
:10638000BDF808304FF47A7101FB003140F6890204
:1063900023461B480BF0E6FD9BE64046FBF7C6FC98
:1063A000BDF808304FF47A7101FB003140F23672CB
:1063B000234619480BF0D6FD8BE64046FBF7B6FCAA
:1063C000BDF808304FF47A7101FB003140F23672AB
:1063D00023460B480BF0C6FD7BE62846FBF7A6FCE0
:1063E000BDF80C304FF47A7101FB0031A022234636
:1063F00006480BF0B7FD6CE6305101083C5001082F
:10640000FC48010840500108600B00201C4A0108AC
:1064100083DE1B430000093D544901084046FBF759
:1064200085FCBDF808304FF47A7101FB003140F66D
:106430008902234611480BF095FD21E74046FBF702
:1064400075FCBDF808304FF47A7101FB003140F65D
:10645000890223460A480BF085FD11E72846FBF721
:1064600065FCBDF80C3096F846204FF47A7101FBBC
:10647000003104480BF076FD00242FE6FC480108AB
:1064800054490108B050010800B585B0002340F21E
:10649000011240F2044C10216846CDF80230CDF8CC
:1064A0000630CDF80A30ADF80E30ADF800C0ADF8CA
:1064B0000420ADF80820FCF711FB003818BF0120BC
:1064C000800005B000BD00BFF0B58A4D2B6883B0D9
:1064D000FBB90DF10504224687483025012393219D
:1064E0008DF8055007F0F8FA044650B30DF1060098
:1064F000FBF71CFCBDF806504FF47A7101FB00510C
:1065000023467E4893220BF02DFD0424204603B041
:10651000F0BDFBF71BFA0020FEF758F904460028EF
:1065200040D00DF10600FBF701FCBDF80630014636
:106530004FF47A74042204FB013171480BF012FD10
:10654000E3E70120FEF742F9044600286FD10A2054
:10655000FBF7ECFD21462046FEF7A0FB0028D4D136
:10656000684D2B68002B40F082800DF10600FEF78D
:106570007DFD0028C9D1FEF7BBFB04460028C4D12D
:106580002B684BB1604AB2F85510034602460846E4
:10659000FEF744F90028B8D1FAF7E0FD5B4B012281
:1065A0001A60B3E70A20FBF7C1FDFAF7E7FD002800
:1065B0004DD1574AD36923F40043D3612046FEF7F7
:1065C000E9FA0028A1D1FAF7D5FD002860D04FF0F4
:1065D000B0431B689B0266D501210620FEF702FB33
:1065E000002892D17F20FEF731FB00288DD10E21AB
:1065F0000DF105048DF805103F480123224640F6B1
:106600001F1107F0EBF80DF106070646002860D1D0
:106610003846FBF78BFBBDF806304FF47A7101FB6F
:1066200000313C480BF09EFC00232B6053E70DF13A
:106630000600FBF77BFBBDF8063001464FF47A7489
:10664000042204FB013134480BF08CFC5DE7FEF7BB
:106650004FF828BB0220FDF7FDFF00287FF455AF5F
:106660002B4AD36943F400430124D361A6E7264CA7
:1066700094F85700FDF794FF00287FF446AF04F12B
:106680005F00FEF75DFB044600287FF43FAF6CE738
:1066900020210846FDF7B2FF00287FF436AFA1E7BE
:1066A000FAF7ACF9D6E70DF10600FBF73FFBBDF8B2
:1066B000063002464FF47A7101FB023117480BF0A5
:1066C00051FC20210846FDF799FF00287FF41DAFFB
:1066D00088E73846FBF72AFBBDF806204FF47A71AD
:1066E00001FB0021334640F61F120D480BF03AFC27
:1066F0008EE700BF14080020600B00201C4A010830
:1067000068520108681300206C13002064130020F5
:10671000000400581853010848530108CC520108DE
:10672000FC4801082DE9F04182B0322003F034FF2B
:1067300005250DF106084FF47A77394EFEF7E6FD90
:10674000044608282FD14046FBF7F0FABDF80610A2
:1067500007FB001130460BF005FC0A20FBF712FD89
:10676000013DEBD10DF10600FBF7E0FABDF8063074
:1067700008224FF47A7101FB00312A480BF0F2FB3A
:10678000204602B0BDE8F0810DF10600FBF7CEFA1D
:10679000BDF8063022464FF47A7101FB00312248E1
:1067A0000BF0E0FBECE7EFF3108672B666220021F7
:1067B0001E4803F0E9FC1E4B01221A6000251D4B08
:1067C0001D601D4B1D701D4B1D601D4B1D701D4B15
:1067D0001D601D4B1D601D4B1D601D4B1D60FFF797
:1067E00073FE044686F31088322003F057FF2A46D2
:1067F0002946322003F076FE322003F0B7FE002C4B
:10680000C2D10DF10600FBF791FABDF806304FF446
:106810007A7101FB00310F480BF0A4FBB0E700BF19
:10682000B0530108B0540108185401086C1300203B
:106830001408002064130020601300205C13002063
:1068400054120020501200204C1200206813002027
:10685000581200206C54010810B5114882B04FF452
:106860007A710BF0F1FD50B9012108200BF0ECFB1F
:106870000121082002B0BDE810400BF0FBBB04462C
:106880000DF10600FBF752FABDF8063001464FF451
:106890007A7C22460CFB013102480BF063FBE3E7F4
:1068A0001C120020005501082DE9F04188B04FF07E
:1068B000000C1C464FF40173CDF812C0CDF816C081
:1068C0000E9FADF81EC005460E46CDF81AC0ADF8B5
:1068D0001400ADF81610ADF81030EFF3108872B652
:1068E00022B1114606A8082203F0E0FB0CB307B35F
:1068F000B7F5907F2AD810210DEB0100ADF812708A
:10690000FCF7ECF839462046FCF7E8F8C0B9194B1B
:106910005A68012122F001025A60D9604FF0904379
:106920009962FFF799FF002088F3108808B0BDE84E
:10693000F08110210DEB0100FCF7D0F80028E6D023
:10694000042088F3108808B0BDE8F0810DF10E0036
:10695000FBF7ECF9BDF80E40009701462A464FF4CC
:106960007A750548334605FB01410BF0FBFA092017
:10697000DAE700BF00080058485501082DE9F04744
:106980000C464FF4827182B0218051496073D1F876
:106990005A1007469146984651B1B1F5807F00F0F4
:1069A000868078D8012903D0102914BFFF21022145
:1069B000484BA1731B68E373FDF75AFC1021054691
:1069C0002046FCF78BF80646824600284FD16188A6
:1069D00029B14148FCF782F80446002869D1EFF359
:1069E000108672B601A8FBF727FA019C3B4BA0EB7F
:1069F0000900A4EB080403FB00442B78042B2DD1E1
:106A00006B78012B21D16B7BBB4218D14FF47A7389
:106A100003FB04F404F543646C60314B5A680121B4
:106A200022F001025A60D9604FF090439962FFF75B
:106A300013FF86F31088504602B0BDE8F08729485E
:106A400041F2B211FAF770FBE0E7264841F2B111CA
:106A5000FAF76AFB6B7BBB42D8D0F0E7214841F2E2
:106A6000B011FAF761FB6B78012BCCD0EDE701A8F0
:106A7000FBF75CF9BDF8043001464FF47A741A480C
:106A8000324604FB01310BF06DFA4FF0040A504618
:106A900002B0BDE8F08740F20113994205D0B1F58C
:106AA000887F14BFFF21062182E7052180E70421AA
:106AB0007EE701A8FBF73AF9BDF8043001464FF430
:106AC0007A75224605FB013108480BF04BFADCE7EA
:106AD0006C130020641300205C12002040420F0061
:106AE00000080058FC4C0108CC550108205601084C
:106AF0002DE9F04F8FB005460E468D48022306AAB9
:106B0000122106F0FBFE30B1022810D004242046EA
:106B10000FB0BDE8F08F02238548BDF8188006AAA3
:106B2000194606F0D9FF044630B10228EED10C24F4
:106B300020460FB0BDE8F08F7E4F322003F0AEFD4F
:106B40003B68ADF82A40013B012B57D998FA98F8D9
:106B500018F0010F1FFA88FB5CD11BF0080F00F042
:106B60009D80DFF8D49199F80030012B00F08181ED
:106B70003BF0080A42D01BF004080BD0DFF8B891B4
:106B800099F80030012B00F08B803AF0040A35D0E0
:106B90004FF000081BF0800F00F09480DFF8989110
:106BA00099F80030022B00F0D1800B2634460AAD54
:106BB0002846FBF7BBF899F80030BDF82850019340
:106BC0003B680093014632464FF47A765B4606FBFB
:106BD00001515A480BF0C6F999E7B8F1040F40F09B
:106BE000E880039AC7F8008001234FF000083AF4C8
:106BF000C07AA2F85A80A2F85C3074D1504B0022BF
:106C00001A7000221146322003F06CFC322003F08F
:106C1000ADFC7CE74FF00108C7F80080FAF7AEFA48
:106C2000F8B143488DF81C40434607AA40F62311AB
:106C300006F01CFE8146002840F027819DF81C10BC
:106C40003B4821F0060141F0020143468DF81C103B
:106C500007AA40F6231106F0C1FD8046002840F047
:106C60000F820020FAF77EFA8046002840F02C813F
:106C70003BF0010A33D1324B4FF0010883F800801A
:106C80002A460AAD334640462946FFF777FE0028DC
:106C9000B7D0DFF8A4900426344689E7DA466AE7DD
:106CA000284A0392D2F85A20102A00F02282B2F524
:106CB000803F40F084813AF0040A9FD01BF08008A6
:106CC0007FF473AF1BF0400F23D03AF0420A40F03C
:106CD00099811B4B4FF0050883F80080D0E708AB83
:106CE0004FF0010802930298FBF720F8BDF820202E
:106CF0004FF47A7101FB0021534613485A460BF0BA
:106D000031F90F4B83F80080B8F1000F3FF479AFF1
:106D1000B6E71BF02003039300F0E7803AF0200A67
:106D200040F08382064B4FF00A0883F80080A7E703
:106D3000600B002064130020601300209C580108A1
:106D4000541200206C13002038580108C14B0393E3
:106D50001A460023B2F85520BF48110A61F3070311
:106D6000D2B262F30F2361F3174362F31F630DF195
:106D7000200C0022089308231BF4807F09921946F7
:106D800062460CBF4FF004084FF00308CDF808C06E
:106D900006F0A2FE002840F08581039BD3F85A300C
:106DA000102B3FF41AAF012B03D1B8F1030F3FF4BE
:106DB00018AFAA480BF006FBA9480BF003FB012112
:106DC00008200BF041F9012108200BF053F93B6832
:106DD000012B3ED033F0020300F01981FAF7CEF90F
:106DE000F0B100238DF81C309B48012307AA40F620
:106DF000231106F03BFD002840F01C839DF81C3059
:106E0000954823F0060343F002038DF81C3007AACF
:106E1000012340F6231106F0E1FC002840F0018434
:106E20000020FAF79FF90490002840F0E7824FF025
:106E300001038DF81C308848012307AA802106F041
:106E40004BFE002840F0C8820A20FBF76FF90123AF
:106E50003B60039A0023A2F85A303AF4C07A4FF00C
:106E60000103A2F85C307FF43EAF7E4B83F80080D4
:106E700006E77D48CBF34001FEF74EF900283FF4CA
:106E800077AE064604460AAD92E608AB1846029372
:106E9000FAF74CFFBDF820204FF47A7101FB002176
:106EA0004B46724840F623120BF05CF80298FAF752
:106EB0003DFFBDF820304FF47A7101FB0031042210
:106EC0006B480BF04FF8D3E608AB18460293FAF77D
:106ED0002DFFBDF820304FF47A7101FB003142469E
:106EE000002364480BF03EF8E0E71BF0020F00F0CF
:106EF0009C804FF00109C7F80090FAF73FF900B302
:106F0000039B8DF81C3054484B4607AA40F62311CA
:106F100006F0ACFC8046002840F0C7829DF81C10AB
:106F20004D4821F0060141F002018DF81C104B463E
:106F300007AA40F6231106F051FC8046002840F0D5
:106F400086830020FAF70EF98046002840F08382FD
:106F5000DFF8249199F80080B8F1010F00F0C781A3
:106F6000B8F1020F40F0AF8107AB1A4604933A48DC
:106F70004346132106F0C2FC8146002840F0A78258
:106F80009DF81D009DF81C3003934FF003098446C3
:106F90000398049A02231321002840F0BB82B9F120
:106FA000010900F0E1812C4806F0A8FC002840F01F
:106FB000A0829DF81C309DF81DC00393E8E708AB44
:106FC0004FF0000802931A46039BB3F855100023B4
:106FD000080A60F30703C9B261F30F2360F3174394
:106FE00061F31F6308930021082309911A48194689
:106FF00006F072FD002840F046813AF0040A3FF4A2
:1070000080AEC7E54FF0050808AB02936BE605209C
:107010000593FDF77BFA0490002800F00B81059B97
:107020003B60082426460AADC2E508AB1846029329
:10703000FAF77CFEBDF820304FF47A7101FB003185
:1070400052460E485B460AF08DFFBAF1000F7FF4FE
:107050004AAE56E66C130020600B0020341200206C
:107060001C120020541200205D1200205449010817
:10707000144F0108B04E010860130020C4570108E6
:1070800008AB18460293FAF751FEBDF820204FF4E2
:107090007A7101FB0021434640F62312C1480AF0F1
:1070A00061FF03E7049007A8FAF740FEBDF81C2033
:1070B000049B4FF47A7101FB0021BB4808220AF0BF
:1070C00051FF039BD3F85A30102B00F00B81012B9A
:1070D0007FF46FAEB8F1030F7FF46BAE039AC7F87D
:1070E00000800023A2F85A300123A2F85C300AADD8
:1070F000D1E5AE49AE48A1F85C300DF11C0C002280
:10710000A1F85A2062461521CDF810C006F0F6FB12
:107110008046002840F0C880A64B1A689DF81C30B5
:107120005B425B101AB1039991F95E209B1A6FF0D4
:107130007F029342B8BF13469F4AA0485BB28DF8C6
:107140003130D3700BF03EF99D480BF03BF9012133
:1071500008200AF079FF012108200AF08BFF3B6824
:10716000012B40D033F0020300F09381FAF706F8C8
:1071700000B300238DF81C308D48049A012340F69B
:10718000231106F073FB8046002840F079849DF8B7
:107190001C308748049A23F0060343F002038DF85D
:1071A0001C3040F62311012306F018FB804600280E
:1071B00040F03B840020F9F7D5FF0590002840F00F
:1071C00016844FF001087A48049A8DF81C804346D3
:1071D000802106F081FC002840F072820A20FAF734
:1071E000A5FFC7F80080039B7148B3F85520002322
:1071F000110A61F30703D2B262F30F2361F317435D
:1072000062F31F63089308AB194602930022082318
:1072100009920A46194606F05FFC8046002840F0B5
:107220001182029A4FF00808CEE608AB4FF00A0828
:10723000029358E5039B5E4893F85730002B0CBF30
:10724000942396238DF81C3007AA012340F6AC0145
:1072500006F0C4FA00283FF4C1AD03900298FAF793
:1072600065FDBDF82020039B4FF47A7101FB0021DE
:107270004C4840F6AC020AF075FE049B3B600426C5
:1072800034460AAD94E4029007A8FAF74FFD029B3A
:10729000BDF81C204FF47A7101FB002142480822FE
:1072A0000AF060FE0AADF6E408A8FAF73FFDBDF863
:1072B00020304FF47A7101FB0031424641480AF018
:1072C00051FE0AADE7E408A8FAF730FDBDF820301A
:1072D00099F800204FF47A7101FB00313A480AF026
:1072E00041FE62E4B8F1040F7FF463ADF6E6374A7D
:1072F000374B1146D2F803209A4246D10A464978C4
:1073000092F8029005910023C2F803300B09029312
:1073100040F0F780B9F1040F37D907AB1A46049350
:1073200023480223132106F0E9FA8046002840F0A2
:10733000B1829DF81CC09DF81D004FF00308049A0F
:1073400002231321BCF1000F40F00782B8F10108BD
:107350001BD0174806F0D2FA002840F0EF819DF8C4
:107360001CC09DF81D00EAE708AB4FF00608029329
:107370000298FAF7DBFCBDF820304FF47A7101FB7C
:107380000031424613480AF0EDFD0B4B00212AF074
:10739000020A19604FF00508BAF1000F7FF434AE0D
:1073A00063E500BFFC4801081C4A01086C1300207B
:1073B000600B0020681300205012002034120020BF
:1073C0001C120020344D0108685701085C1200208F
:1073D000FECABAAB7456010803900298FAF7A6FCED
:1073E000BDF82020039B4FF47A7101FB0021BD48BA
:1073F00080220AF0B7FD049B3B6040E70298FAF751
:1074000095FCBDF82030049A4FF47A7101FB0031ED
:10741000B54800230AF0A6FD0298FAF787FCBDF8EC
:1074200020304FF47A7101FB00310422AF480AF09A
:1074300099FD24E703900298FAF778FCBDF8202024
:10744000039B4FF47A7101FB002140F62312A848F8
:107450000AF088FDE0E708AB18460293FAF766FCED
:10746000BDF820304FF47A7101FB003142469E484E
:1074700000230AF077FD0298FAF758FCBDF8203097
:107480004FF47A7101FB0031042298480AF06AFD3A
:107490005EE505200293FDF739F88046002800F0EC
:1074A000E880029B3B600824BCE508AB18460293C9
:1074B000FAF73CFCBDF820204FF47A7101FB002163
:1074C000434640F623128A480AF04CFDD3E708AB46
:1074D00018460293FAF72AFC4A46BDF820304FF4CA
:1074E0007A7101FB003183480AF03CFD4FF004083B
:1074F0003EE708AB039018460293FAF717FC039A8D
:10750000EBE7029B012B7FF408AFB9F1020F3FF6C6
:1075100004AF3AE7BDF80C90774A784861464B468D
:1075200006F06EFA002840F0F78008AB1A46029386
:1075300072480323142106F0E1F9002857D19DF980
:1075400021209DF920306E489DF9221002329210C0
:107550005B42002A4FEA63038DF83220B8BF9B18C4
:107560000268C1F100014FEA6101A8BF1BB21AB164
:10757000644A92F95E209B1A02686FF07F00834292
:10758000B8BF03465BB2ADF830301AB15D4B93F92A
:107590005E30C91A6FF07F039942B8BF19468DF863
:1075A0003310049A5548012340F26B7106F05EF9DE
:1075B000002840F00A829DF81C30039A13F0100F47
:1075C000514B1A60514B09F1010908BF4FF00108F6
:1075D0000321ADF82A902AF0020A8DF83480197040
:1075E0004FF00208BAF1000F7FF40EAD3DE40390B6
:1075F0000498FAF79BFBBDF81C10039A4FF47A78B5
:1076000008FB00113B480AF0ADFC0298FAF78EFB2C
:10761000BDF82010042208FB00113D480AF0A2FC2E
:10762000B3E603900298FAF781FBBDF82020039B94
:107630004FF47A7101FB002140F6231235480AF01D
:1076400091FCE9E60498FAF771FB434620E608ABA3
:1076500018460293FAF76AFBBDF820204FF47A71BE
:1076600001FB0021434640F623122A480AF07AFC27
:1076700001E7039B214893F85730049A002B0CBF75
:10768000942396238DF81C3040F6AC01012306F0BC
:10769000A5F800283FF46AAD029008A8FAF746FB67
:1076A000BDF82020029B4FF47A7101FB002119489C
:1076B00040F6AC020AF056FCC7F800800424B1E49E
:1076C000029008A8FAF732FBBDF82020029B4FF485
:1076D0007A7101FB0021034880220AF043FC059BDC
:1076E0003B60EBE71C4A0108B04E0108144F01084B
:1076F00054490108344D01085D120020600B002040
:10770000681300206C130020501200205C1200202F
:10771000C4560108FC48010808AB049018460293BF
:10772000FAF704FBBDF820C04FF47A7101FB00C1E9
:10773000DDE90323C6480AF015FCD7E6029008A845
:10774000FAF7F4FA029ABDF820304FF47A7101FB8F
:107750000031C0480AF006FC17E609F10203634550
:107760007FF413AE811CBC4ABC48C9B24B4606F03C
:1077700047F98046002840F01981059B1B0700F15E
:10778000D380029B002B00F08A80012B7FF4FDAD9B
:10779000B9F1020C1BD0B249039A002341F2210037
:1077A00011F801EF82EA0E224FF0080E12F4004F9A
:1077B0004FEA420816BF80EA42021FFA88F292B2EC
:1077C000BEF1010EF2D101339C45E9D80392DDF8F8
:1077D0000C800222A9EB020399B20391A049013A5D
:1077E000D20011FA83F328FA02F113F8010FC9B29B
:1077F0008842A2F108027FF4C8AD12F1080FF2D15D
:1078000008AB1A46029395480323142106F076F834
:10781000814600287AD193489DF821209DF8223096
:10782000016852425B4252105B1019B18E4991F9C6
:107830005E10521A01686FF07F008242B8BF0246A4
:107840008DF8312019B1884A92F95E209B1A874938
:10785000039A0A606FF07F018B42B8BF0B468DF828
:1078600030307F4900238DF8323003230B70531CD6
:107870002AF0020AADF82A30002A7FF4B1AE039B49
:10788000ADF82A30BAF1000F3FF423AA4FF00508F3
:10789000FFF729BA08A8FAF749FA424653E7B9F1BF
:1078A000040825D0029B0893B8F1030F22D9DFF812
:1078B000A8E1C4464FF0FF330022424536BF1EF810
:1078C0000210002109064B400821002B4FEA430318
:1078D00007DA83F0986383F48E3383F4DB7383F0E9
:1078E00001030139F1D101326245E6D16FEA0308A3
:1078F00004226FE708AB584902934246184602F04B
:10790000D5FBDDF808E04FF0040CD3E70498FAF754
:107910000DFABDF81C304FF47A7101FB00314A4674
:107920004C480AF01FFB30E5DFF83481014640F295
:10793000FF1C2CE042EA131C520842EA531250B2D8
:1079400043004FEAC00E03F010030EF0200E43EA8E
:107950000E0343EAC013400100F040000343C2F3AA
:10796000C0100343C2F3421000F002000343C2F30D
:10797000C40000F00400C2F3460202F00802034310
:10798000134318F8012F5340013188F800308CEA76
:107990005C135B0103F4F07343EA1C1383EA531294
:1079A0005201894502F4F072C4D8EAE608A8FAF751
:1079B000BDF9BDF820C04FF47A7101FB00C1434608
:1079C0004A4623480AF0CEFADFE4039000230298E7
:1079D0008DF83430FAF7AAF9BDF82030039A4FF445
:1079E0007A7101FB003122480AF0BCFACDE408AB01
:1079F00018460293FAF79AF9BDF82030059A4FF429
:107A00007A7101FB00311B4800230AF0ABFA02989F
:107A1000FAF78CF9BDF820304FF47A7101FB003190
:107A2000042215480AF09EFA48E608AB184602936D
:107A3000FAF77CF9BDF820204FF47A7101FB0021A0
:107A4000434640F623120D480AF08CFADFE700BFE8
:107A50007C4D0108344D01085D120020600B0020B0
:107A60005C120020681300206C13002050120020CC
:107A700010570108B04E0108144F0108FC480108D6
:107A800008AB18460293FAF751F9BDF820204FF4DD
:107A90007A7101FB0021434640F6231201480AF0A7
:107AA00061FAB4E75449010830B587B000238DF876
:107AB0000730404B1B68033B012B01D907B030BD99
:107AC000EFF310831C4672B66846FAF7B5F905461F
:107AD000322002F0B7FD10B184F31088EEE73220B7
:107AE00002F05AFD84F310880023ADF80A30324BBF
:107AF000D3F85A30B3F5803F0AD10120FCF766FE77
:107B000058B12C4B00221A60322002F02FFDD5E72D
:107B10000DF10700FDF764FAEFE70020FDF772FCB6
:107B2000244B1A6801211960032A06D00620009B05
:107B30002A4602A9FEF722FFE6E71F4BD3F85A3088
:107B4000B3F5803F31D01D4B1B788B4209D01A4BC7
:107B5000D3F85A30102BD7D0B3F5803FD4D10720BB
:107B6000E5E7FDF7F7FC0028CED1134BD3F85A30E8
:107B7000102BF1D1114B1B78012BC5D10E4B0022DC
:107B8000A3F85A200122A3F85C209DF9072012F1E6
:107B9000500F0CDB8DF8112009490B6823F07F434F
:107BA00043EA02630B600820C1E70720BFE7092012
:107BB000BDE700BF641300206C1300206013002099
:107BC00050120020F0B5682985B0054663D068469C
:107BD0000C46FAF7ABF8BDF800304FF47A7101FBB0
:107BE00000312246682336480AF0BCF96B786E46AD
:107BF0001BB90624204605B0F0BD06221546002319
:107C0000CDF80230CDF80630CDF80A30ADF80E30A0
:107C10004FF401710623ADF80010ADF80430ADF853
:107C20000620EFF3108772B610213046FAF756FFA0
:107C3000044608B387F310883046FAF777F8BDF8A2
:107C400000304FF47A7101FB003104221D480AF024
:107C500089F90424002DCCD13046FAF767F8BDF835
:107C6000003002464FF47A7101FB023116480AF0E7
:107C700079F9204605B0F0BD144B5A68012122F075
:107C800001025A60D9604FF090439962FEF7E4FD1B
:107C900087F31088DEE7EFF3108472B60C48662293
:107CA000A91C02F003FA0B4B01221A6084F310881E
:107CB0006C780CB96E46CFE7002215466E469EE7FB
:107CC000F858010860590108BC590108000800581B
:107CD0006C130020681300202DE9F04F8DB050B3D5
:107CE0004AB303780D460446212B00F2F285DFE803
:107CF00013F0C00035003500F005F304E804DF049C
:107D0000BF04B70550059D054A0490052805910458
:107D10005704FD041F040204D80383035403AD0376
:107D20000303CA02BB029A02ED0572024A02040270
:107D30004601C2003700022528460DB0BDE8F08F8D
:107D400009A8F9F7F3FFBDF82430627801464FF433
:107D50007A75A84805FB01310AF004F90525EBE71F
:107D6000102D04D0A44841F69E11F9F7DDF909AEB3
:107D7000D4F8013009933046FCF790FD002801F05B
:107D8000808080463046F9F7D1FFBDF824304FF4AB
:107D90007A7101FB0031424698480AF0E3F8102D51
:107DA00004D0954841F6A711F9F7BEF9944B1C6829
:107DB000002C00F07187934F93483A780123D21A30
:107DC000B2FA82F252090DF120088DF820209F218D
:107DD000424605F081FE0446002840F0F885F9F798
:107DE000CDF9F8B188488DF820400123424640F68D
:107DF000231105F03BFD0446002841F0AF839DF8B8
:107E00002020814822F0060242F002028DF8202054
:107E10000123424640F6231105F0E0FC0446002809
:107E200041F040860120F9F79DF98146002840F095
:107E3000E485764C032323604FF6FF72ADF82420CF
:107E40008DF8262070483246822105F045FE054611
:107E5000002841F08484DFF8B881D8F8002042B1CE
:107E60003A78012A01F08D82022A01F04D83C8F888
:107E70000000002560E7102D04D05F4841F6D911BD
:107E8000F9F752F909AE002309933220736002F02A
:107E900083FBFDF799FB0546002840F09485D4F854
:107EA0000130089308A8FCF7F9FC0546002840F0CB
:107EB0008A85FDF777FC0546002840F08485DFF8C9
:107EC0004091DFF850A1202407460DF118084E48D4
:107ED00001234246152105F011FD0546002840F01A
:107EE0000D879DF81830D9F800205B425B106FF0C9
:107EF0007F011E20002A00F05A859AF95E209B1A05
:107F00008B42B8BF0B4647FA83F7FAF70FF9013CEB
:107F1000DDD1002FB8BF1F377F11ADF82470FDF7FA
:107F200053FB02234FF60772ADF81820002818BF44
:107F3000054642463448194605F0CEFD0446002861
:107F400041F07A81322002F011FB00942346324640
:107F500029462020FEF7A8FC0446002800F07B8478
:107F600008A8F9F7E3FEBDF820304FF47A7101FB61
:107F700000312246284809F0F5FF00F06CBC102DB6
:107F800004D01D4841F6CF11F9F7CEF809AE002311
:107F900009933220736002F0FFFAFDF715FB0546E6
:107FA000002840F00D85D4F80130089308A8FCF7AC
:107FB00075FC0546002840F00385FDF7F3FB0546F8
:107FC000002840F0FD840DF11C094846F9F734FF04
:107FD000079B124AE0FB02359846D4F80530002B87
:107FE00041F0158518F1010845F1000ADFF810B0DD
:107FF00005AF36E0445E0108FC4C0108A0650108AD
:108000006813002060130020600B00206413002020
:108010004C1200206C1300202067010840420F0022
:108020009DF81430DBF800C0A54A5B425B10BCF140
:10803000000F02D092F95E209B1A8B42B8BF0B460C
:1080400094F909205BB29A4228DBF9F7F5FE07990B
:108050009C4A0023E0FB0213414573EB0A0381F0C5
:1080600098850120FAF762F81521974801233A46CE
:1080700005F044FC05466FF07F014846002DCFD047
:1080800006A8F9F753FEBDF818304FF47A712A4666
:1080900001FB00318D4809F065FF0425FDF794FAD6
:1080A00002234FF60772ADF81420002818BF0546CA
:1080B0003A468548194605F00FFD0446002841F070
:1080C0009C80322002F052FA009423463246294620
:1080D0001F20FEF7E9FB0446002800F0BC8308A837
:1080E000F9F724FEBDF820304FF47A7101FB00311E
:1080F0002246774809F036FFADE3102D04D07548CD
:1081000041F6C511F9F710F847F6FF710025ADF8F3
:1081100024106D48CDF82650012307AA1521ADF88B
:108120002A5005F0EBFB0446002841F0FF806A4B23
:108130009DF81C201B68524252101BB1604B93F9F2
:108140005E30D21A6FF07F018A42B8BF0A46002320
:1081500050B2ADF82400009309AA19461E20FEF77C
:10816000A3FB054600283FF4E7AD08A8F9F7DEFDBC
:10817000BDF820304FF47A7101FB00312A46544893
:1081800009F0F0FED8E5102D04D0524841F6BB119D
:10819000F8F7CAFF504B1B68002B00F0EA8502205D
:1081A000FDF730F90546002800F0E7874B4B1B68C8
:1081B0000BB1FDF765F82C4609AE3046F9F7B6FD70
:1081C000BDF824304FF47A7101FB00312246444857
:1081D00009F0C8FEB0E5102D04D03E4841F6B111BB
:1081E000F8F7A2FF3C4B1B68002B00F0AD85022086
:1081F000FDF708F90546002800F0A587374B1B68F6
:108200000BB1FDF73DF82C4609AE3046F9F78EFD6F
:10821000BDF824304FF47A7101FB00312246314819
:1082200009F0A0FE88E5102D04D02A4841F69411EB
:10823000F8F77AFF09AED4F8013009933046FCF71D
:108240002DFB0546002800F077832C463046F9F7D1
:108250006DFDBDF824304FF47A7101FB00312246E8
:10826000214809F07FFE67E509A8F9F75FFDBDF831
:10827000243002464FF47A711C4801FB023109F0A8
:1082800071FE0A2558E5102D04D0124841F68511DB
:10829000F8F74AFF164B1B78012B00F08F8509AECB
:1082A0000B2425463046F9F741FDBDF824304FF444
:1082B0007A7101FB003122460E4809F053FE3BE57E
:1082C0006C13002040420F00600B0020344D010869
:1082D000C0660108FC4C0108681300204C12002005
:1082E00084660108B04F0108A065010824650108F3
:1082F00060130020E0640108102D04D0B3484FF44F
:10830000CC51F8F711FFB24A1368002B00F0E9874F
:10831000B04DB14FD4F801400023A5F85A300123E5
:10832000A5F85C303B78022B00F0B486012B00F0FE
:108330008C860220FDF766F80546002840F0EE84A2
:10834000A64F03233B60621C09AE01F03880ADF8F4
:1083500024008DF826003246A148822105F0BCFB9E
:108360000546002841F03C80631E033301F234804F
:108370002B469C48DFF8708204F110020AF052F993
:10838000D8F80030002840F07F86D8F80030002B65
:108390003FF46FADFCF774FF6BE5B0F801300333C9
:1083A000102B38BF10239A4204D0884841F2FC6158
:1083B000F8F7BAFE8D4E3368E91E9942A1EB03052A
:1083C000C0F0EF82002D3FF454AD31688448CA1CE0
:1083D0002244C9B2ABB205F0D1FA002841F0448280
:1083E0003368B4F801202B44934233607FF441ADED
:1083F0007F4A306013603CE5102D04D0734841F68D
:108400007211F8F791FE724B1B68002B40F07D83D0
:1084100009AE3046F9F78AFCBDF8243002464FF425
:108420007A71744801FB023109F09CFD0B2425464A
:108430003046F9F77BFCBDF824304FF47A7101FB2C
:10844000003122466C4809F08DFD75E4102D04D0F2
:108450005E4841F67B11F8F767FE5D4B1B68002B09
:1084600000F07F875C4F3C78012C00F0F787022CEE
:1084700001F0A4805C4B1B680BB1FCF701FF0B24DF
:10848000254609AE3046F9F751FC2246BDF8244096
:108490003B784FF47A7101FB0041584809F062FDC6
:1084A0004AE4102D04D0494841F66D11F8F73CFE1E
:1084B000474B1B68002B40F0BF8309AE3046F9F7ED
:1084C00035FCBDF8243002464FF47A714C4801FB6C
:1084D000023109F047FD0B2425463046F9F726FC0A
:1084E000BDF824304FF47A7101FB00312246454833
:1084F00009F038FD20E4102D04D0344841F668110D
:10850000F8F712FE344B1B78022B00F0788409AE8A
:108510000B2425463046F9F709FCBDF824304FF40A
:108520007A7101FB00312246374809F01BFD03E454
:10853000102D04D0254841F66311F8F7F5FD244BC2
:108540001B68002B40F0858209AE3046F9F7EEFB40
:10855000BDF8243002464FF47A712C4801FB0231F9
:1085600009F000FD0B2425463046F9F7DFFBBDF886
:1085700024304FF47A7101FB00312246244809F07F
:10858000F1FCFFF7D9BB102D04D0104841F645117E
:10859000F8F7CAFD601C0DB0BDE8F04FFDF7D2BB87
:1085A000102D04D0094841F65911F8F7BDFD084BCC
:1085B0001B68002B00F07A86064B627893F83E1019
:1085C00091423FF456AC83F83E2052E4FC4C010843
:1085D000681300206C130020601300206413002037
:1085E000600B0020341200204C1200205812002092
:1085F00050120020D461010830620108686301084C
:108600002C61010888610108E8600108EC5F01083D
:1086100048600108102D04D0B64841F65411F8F70F
:1086200083FDB54B1B68002B00F071866378012B2E
:1086300000F06285022B7FF483ABB04D6188AB8F75
:108640008B423FF416ACAE4B1B78022B01F0BE8080
:1086500009A8A987F9F76AFBBDF8243062880146AA
:108660004FF47A7505FB0131A64809F07BFC00E464
:10867000102D04D09F484FF4CA51F8F755FD9E4B7A
:108680001D68002D40F0CB8209AE3046F9F74EFB55
:10869000BDF824304FF47A7101FB00319A4809F09B
:1086A00061FC6378002B40F0CC860B25FFF744BBC0
:1086B000AA427FF4DEAB11460DB0BDE8F04FFFF7E4
:1086C00081BA102D04D08B4841F61D11F8F72CFD0E
:1086D000FBF776FEFFF7CDBB102D3FF4CAAB854804
:1086E00041F61711F8F720FDFFF7C3BB102D04D09A
:1086F000804841F65E11F8F717FD7F4B1B68002B91
:1087000040F03C8209AE3046F9F710FBBDF824304A
:1087100002464FF47A717D4801FB023109F022FCD8
:108720000B2425463046F9F701FBBDF824304FF401
:108730007A7101FB00312246754809F013FCFFF7FE
:10874000FBBA102D04D06B4841F64F11F8F7ECFC42
:10875000694B1B68002B00F02383601CFCF7F0FAC8
:10876000054600283FF485AB09A8F9F7DFFA94F92C
:108770000730BDF8241000954FF47A72002B02FBED
:108780000011ACBF634A644A644809F0EBFBFFF791
:10879000D3BA102D04D0574841F62711F8F7C4FC7E
:1087A000657B002D00F0D683D4F8010028B9D4F8F9
:1087B00005205B4B9A4200F0BC8609A8F9F7B6FA8F
:1087C000BDF8243002464FF47A7101FB023155485E
:1087D00009F0C8FB02210D46002300931A46092028
:1087E000FEF762F8044600283FF4A6AA09AE304618
:1087F000F9F79CFABDF824304FF47A7101FB00318F
:108800002246494809F0AEFB002D08BF2546FFF778
:1088100093BA102D04D0374841F64A11F8F784FC7A
:10882000601C0DB0BDE8F04FFCF738B8102D04D037
:10883000304841F62C11F8F777FCFCF7C5FE002311
:108840000146054600931A460A20FEF72DF8044615
:10885000002840F04B83002D08BF2546FFF76CBA77
:10886000102D04D0234841F62211F8F75DFCD4F80E
:1088700001202E4B9A420AD103F11953D4F8052056
:1088800003F5621303F605039A4200F0578709AE19
:108890003046F9F74BFABDF82430D4F801204FF4F4
:1088A0007A7101FB0031D4F80530214809F05AFBF8
:1088B000002300931A4607210820FDF7F5FF05461F
:1088C000002840F008820725FFF736BA09AEFFF707
:1088D00066BA09A8F9F72AFABDF8243022784FF4CD
:1088E0007A7101FB00316378124809F03BFB0325E4
:1088F000FFF722BAFC4C0108681300206C1300201B
:10890000601300200C5E0108005C0108405F010854
:10891000A05F01085048010884330108205D010868
:108920003A259AE4CC5A0108405B0108ABD5D6271A
:10893000F4590108886701080120FCF763FD05462A
:1089400000287FF482ACC54F4FF00409C7F80090AF
:10895000C3482B462A46D12105F0BEF8804608A818
:10896000B8F1000F40F06E87F9F7E0F9BD4BBDF8A4
:10897000201093F965500195002DCCBFBA4BBB4B2D
:108980000246D4F8010000934FF47A7303FB0211FE
:10899000B0FBF3F203FB1203B54809F0E3FAFFF76B
:1089A00068BAB44841F20271F8F7BEFB0AE51E202E
:1089B0001F44F9F7BBFB013C7FF489AAFFF7A9BA72
:1089C00005AFFFF76BBB0DF11808FFF7A8BA3046EB
:1089D000F9F7ACF9BDF82420DFF89C824FF47A71E6
:1089E00001FB00212346A5489F2209F0BBFAD8F8D5
:1089F00000301BBB0424254607E43046F9F796F9FE
:108A0000BDF824304FF47A7101FB00314A469C488E
:108A1000012309F0A7FA3046F9F788F9BDF82430A8
:108A2000DFF854824FF47A7101FB0031042295483B
:108A300009F098FAD8F80030002BDBD03B78012BF6
:108A400000F09E84022B00F05E850023C8F8003001
:108A5000D0E7651C8C480622294601F0D3FB00288C
:108A60003FF407AAB4F80120E078110A002361F36B
:108A70000703617962F30F232279003960F317430A
:108A800018BF012162F31F634FF0000261F3070278
:108A9000A17909930B1E18BF012363F30F2209AEBE
:108AA000ADF828206E48062332468C2105F014F8D4
:108AB0000746002840F0B1870DF11C0968480123E2
:108AC0004A4640F2367104F0D1FE0746002841F0D4
:108AD0000E81A3799DF81C10002B01F0538001F04A
:108AE000FB018DF81C105E4801234A4640F23671A6
:108AF00004F074FE0446002841F0248162480622F6
:108B0000294601F0D3FAFFF7B4B9651C5F48092282
:108B1000294601F077FB00283FF4ABA9B4F80130F7
:108B2000012B40F2CF86013BD90001F0F801C3F3DD
:108B30004713D4F805200A92002263F30702E37872
:108B4000474861F30F2263F317422379617A8DF866
:108B50002C10DB0063F31F6209AE09920923324631
:108B60008C2104F0B9FF0446002841F017804748E3
:108B70000922294601F09AFAFFF77BB9651C44489F
:108B80000322294601F03EFB00283FF472A9A77892
:108B900094F80190042F00F02F87052F03BFA9F14F
:108BA0000C08B8FA88F84FEA58184FF00008E37834
:108BB0005A1E062A01F2F881DFE802F02B04052E86
:108BC0002B042E00022309AE002269F3070267F38B
:108BD0000F2263F3174268F31F62099220480423AF
:108BE00032468B2104F078FF0446002800F09E876F
:108BF00008A8F9F79BF8BDF820304FF47A7101FB13
:108C000000318B221D48234609F0ACF90424254687
:108C100088E5012309AED7E7042309AED4E7FDF7C1
:108C200053FC63780746002B40F0F0830025002FAB
:108C300018BF3D46FFF780B8651C16480A22294632
:108C400001F0E0FA00283FF414A9D4F80130002B19
:108C500040F086860224254609AE3EE464130020D7
:108C6000600B00206C130020504801088433010879
:108C700064650108FC4C01084C1200201C4A0108E4
:108C8000B04E0108144F0108B31300208E130020CA
:108C9000B0130020841300203046F9F747F8BDF8E0
:108CA0002430DFF864824FF47A7101FB0031974879
:108CB00009F058F9D8F800304BB1954B1B78012BCF
:108CC00000F06487022B00F07B87C8F800400B247B
:108CD0002546FFF79ABA07243046F9F727F8BDF87A
:108CE00024304FF47A7101FB00312A46894809F09B
:108CF00039F9002C18BF2546FFF71EB807A8F9F769
:108D000015F8BDF81C304FF47A712A4601FB00318A
:108D1000814809F027F90425FFF701B97A4B1B6850
:108D20000BB1FCF7ADFA2C4609AE3046F8F7FEFF62
:108D3000BDF824304FF47A7101FB003122467748A8
:108D400009F010F9FEF7F8BF09AE3046F8F7EEFF6C
:108D5000BDF8243002464FF47A7101FB02317048AD
:108D600009F000F9684B1B68002BB0D0FCF788FABB
:108D7000ADE709AE3046F8F7D9FFBDF8243002461A
:108D80004FF47A7101FB0231664809F0EBF85E4B53
:108D90001B680BB1FCF774FA0B242546FFF70DBADC
:108DA00009A8F8F7C3FFBDF8243002464FF47A71E2
:108DB00001FB02315C4809F0D5F876E45B4A1268A1
:108DC000002A00F0AB846278002A40F09A84584D63
:108DD000A5F85A20A5F85C2009AE3046F8F7A6FFA2
:108DE000BDF82430D5F85A204FF47A7101FB0031D8
:108DF0000A24504809F0B6F82546FFF753BA4B4B02
:108E00001B68002B00F06D846378267AA578E178E2
:108E10006268002B40F054844548A0F85A30A0F80E
:108E20005C300023002066F3070065F30F2061F338
:108E3000174063F31F60110A09AE8DF82A20140C45
:108E400009908DF829103C488DF8284007233246B8
:108E5000882104F041FE054600283EF46DAF08A8C5
:108E6000F8F764FFBDF820304FF47A7101FB003150
:108E700088222B463148042509F074F82C46FFF768
:108E800049BB0120FCF7BEFA804600287EF47AAF89
:108E90002B4F4FF0040AC7F800A02748434642462C
:108EA000D12104F019FE814608A8B9F1000F40F065
:108EB000B784F8F73BFF1E4BBDF82010024693F92C
:108EC00065000028CCBF1F4B1F4BCDE90030D4F804
:108ED00001004FF47A7303FB0211B0FBF3F203FBC2
:108EE00012031A4809F03EF8FEF759BF09A8F8F72F
:108EF0001DFFBDF824304FF47A7101FB003122468A
:108F0000134809F02FF8A6E44C120020584F01082E
:108F1000601300206C5A0108344D010804640108F4
:108F2000E065010830660108C45C01086813002090
:108F30006C130020A0640108600B00201C4A01088B
:108F40006413002050480108843301086465010857
:108F5000A05B0108C84809F035FA2C46C74F3B68AA
:108F6000022B65D0C44809F02DFAC54809F02AFA49
:108F70000121082009F068F80121082009F07AF899
:108F80003B68012B00F0A28433F0020300F08B84D5
:108F9000F8F7F4F800B300238DF82030B948012326
:108FA00008AA40F6231104F061FC8046002840F036
:108FB0009B879DF82030B34823F0060343F002035B
:108FC0008DF8203008AA012340F6231104F006FC96
:108FD0008046002840F099870020F8F7C3F88146C2
:108FE000002840F041874FF0010A0DF12008A54804
:108FF0008DF820A053464246802104F06DFD0646C0
:10900000002840F020870A20F9F790F8C7F800A060
:1090100044F004018DF820109A480123424684212F
:1090200004F05AFD0446002840F07B8602233B6092
:10903000002300931A4619460920FDF735FC044623
:1090400000283EF416AFFFF7D1BBFF218DF82010AA
:109050008C4808AA40F2BB6104F0C0FB054600281A
:109060003FF467A909AE3046F8F760FEBDF824303A
:109070004FF47A7101FB003140F2BB622B4682480B
:1090800008F070FF814B1B680BB1FCF7F9F8042462
:1090900025464AE695F83E60002E3FF44AA912683C
:1090A000002A00F0218595F84530032B40F27C869C
:1090B00095F844300C2B00F28C8695F8458095F895
:1090C0004450A8F10408B8F1020FC5F10C0500F2F4
:1090D0007986072D00F26F866D4A3B7805EBC8054F
:1090E00052F8252006FB02F2944200F21086002C72
:1090F00008BF1446FFF71AB9664DA27A6B7B9A42F5
:1091000000F02484644B1B78012B09AE00F04683E9
:10911000671C791C614800F0C9FFA37A6B73304665
:10912000F8F704FEBDF824306C7B6A794FF47A714D
:1091300001FB0031E879AB79CDE90004584808F02B
:1091400011FFFEF796BE4D4F03233B604FF6FF72B3
:1091500009AEADF824208DF826204A4832468221F7
:1091600004F0BAFC0446002840F04283474B1B68D9
:10917000002B7FF40FA9FEF77CBE02234FF6077188
:10918000ADF820103F4808AA194604F0A5FC09AE26
:109190000446002840F08082424A099208230A903F
:1091A00032463848194604F097FC0446002840F03F
:1091B0006484324F05233B60C52103460246314893
:1091C00004F08AFC05460028D0D03046F8F7AEFD02
:1091D000BDF824204FF47A7101FB00212B46324860
:1091E000C52208F0BFFE294B3C601B680BB1FCF7A1
:1091F00047F804242546FEF7E0BF06A8F8F796FDD9
:10920000BDF818304FF47A7101FB00310222234679
:10921000254808F0A7FE322001F0A8F900230093AA
:10922000324604211F20FDF73FFB04250446002899
:109230003EF482ADFEF753BF07A8F8F777FDBDF8FF
:109240001C304FF47A7101FB00310222234616488C
:1092500008F088FE322001F089F90023009332469D
:1092600004212020FDF720FB0425044600283EF4BD
:1092700063ADFEF775BE00BF3412002064130020FA
:109280001C120020600B0020FC4801084C1200203A
:10929000A87001086C1300206013002071130020D7
:1092A000C45D010801E701E71C4A010809A8F8F7B5
:1092B0003DFDBDF824304FF47A74014604FB0131C2
:1092C000AF4808F04FFE09A8F8F730FDBDF824308C
:1092D00001460B2204FB0131AA4808F043FEFFF7C8
:1092E000E4B909AE3046F8F721FDBDF82430024656
:1092F0004FF47A7101FB0231A34808F033FEA34B0F
:109300001B680BB1FBF7BCFF0B2425460DE509A834
:10931000F8F70CFDBDF8243002464FF47A7101FBDA
:1093200002319B4808F01EFEFFF7BFB908A8F8F706
:10933000FDFCBDF820104FF47A76224606FB0011A2
:10934000944808F00FFE00952B4609AA04211E2020
:10935000FDF7AAFA0446002840F098820425FEF79B
:10936000EBBC09A8F8F7E2FCBDF8243002464FF444
:109370007A7101FB0231884808F0F4FDFFF795B9D6
:1093800004253046F8F7D2FC844ABDF824304FF467
:109390007A7101FB0031D36901939369009392F8CC
:1093A00020307F4892F8212008F0DCFD0023C8F827
:1093B00000302C46002D3EF45CADFEF726BF4FF684
:1093C000FF71ADF8244032468DF826107548822191
:1093D00004F082FB054618B9DFF8B081FEF7D5BF6F
:1093E00008A8F8F7A3FCBDF820204FF47A7101FB20
:1093F00000212B4682226C4808F0B4FD634B1B68A9
:1094000000223A60002B7FF440AE40E60023014684
:1094100000931A460720FDF747FA054600283FF457
:1094200005AC09AE3046F8F781FCBDF824304FF4A6
:109430007A7101FB00312A465C4808F093FDFFF782
:10944000F6BB00952B462A460B210720FDF72CFA88
:10945000054600283FF429A90B27E3E74F4B93F873
:109460006120D3F81090002A40F0938103244FF03C
:1094700002082646F7F782FE00B300238DF820305D
:109480004848012308AA40F6231104F0EFF90546E5
:10949000002840F0D4829DF82030424823F0060393
:1094A00048EA03038DF8203008AA012340F623116F
:1094B00004F094F90546002840F054843046F7F74C
:1094C00051FE8046002840F07D83394D04232B60F7
:1094D00009AEADF824008DF826000323314832464A
:1094E000832104F0F9FA0446002840F0EC8209F1E7
:1094F000FF33033340F27484244B1B68002B7EF44B
:1095000049AFFEF7B6BC04253046F8F70FFC234AF6
:10951000BDF824304FF47A7101FB003192F84430E9
:10952000009392F84630234892F8452008F01AFD3F
:109530003CE703F12F43D4F80920A3F5DE036FF4D1
:109540007B710B449A427FF438A9FCF799FA0546DF
:10955000002800F05A840146FFF73EB93046F8F77C
:10956000E5FBBDF824204FF47A7101FB002123466E
:1095700040F62312104808F0F5FCFFF74CBA00BF84
:10958000945E0108F05E0108B86301084C120020E7
:109590006C5D0108344D0108DC6201086C13002089
:1095A000D84D0108600B00201C4A0108605C0108CE
:1095B00064130020304E010854490108CD4B93F844
:1095C0006120D3F83F80002A40F079814FF00309F1
:1095D00026464C46F7F7D2FDF8B100238DF820302F
:1095E000C548012308AA40F6231104F03FF90546B7
:1095F000002840F024829DF82030BF4823F0060365
:1096000033438DF8203008AA012340F6231104F0DB
:10961000E5F80546002840F0A5832046F7F7A2FDAF
:109620000446002840F07683DFF8D0920423C9F87E
:10963000003009AEADF824008DF826000323AE48B3
:109640003246832104F048FA0546002840F05D8246
:1096500008F1FF3303333FF64FAFA94808F110027A
:109660002B4608F0DFFF00283FF446AF3046F8F7FE
:109670005DFBBDF824304FF47A7101FB0031042208
:10968000A04808F06FFCA04B1B680BB1FBF7F8FD7E
:1096900004242546FEF7F6BE3046F8F747FBBDF832
:1096A00024304FF47A7101FB00310222234697489F
:1096B00008F058FC944B1B68002B7FF498AD98E59C
:1096C000013BDBB2052B40F205818A4B00210122D0
:1096D000A3F85A10A3F85C200524254609AEFEF72E
:1096E00019BF09AE3046F8F721FBBDF82430024619
:1096F0004FF47A7101FB0231854808F033FCFEF724
:1097000007BF013AD2B2052A40F20C81794D0022FE
:10971000A5F85A20A5F85C30FFF75EBB09AE3046CD
:10972000F8F704FBBDF8243002464FF47A7101FBD0
:109730000231784808F016FCFEF7B2BDFCF7F2FFE4
:1097400000230146044600931A460820FDF7ACF8B2
:1097500009AE054600283FF4CCAAFFF7BDBA039036
:109760004046F8F7E3FABDF82020DFF89C81039B20
:109770004FF47A7101FB00216448822208F0F2FB69
:10978000D8F80030C4F80090002B3FF433A9FFF75D
:1097900055B902244FF0040826466BE60023082A38
:1097A0000993736000F28282A11C304600F07EFCB7
:1097B0005148082332464FF4D86104F00FF8671C73
:1097C0008046002840F07F83A27AA2E40A0A8DF83E
:1097D00020208DF82110484808AA4FF4E86103F0D2
:1097E000FDFF0646002840F0CE826188FEF730BFBC
:1097F00008A8F8F79BFABDF820204FF47A7101FB16
:10980000002123464148822208F0ACFB3E4B3D60DC
:109810001B68002B3FF4EEA8FBF732FDFFF7EAB818
:10982000F8F784FABDF820204FF47A7101FB00218B
:109830004B463648D12208F095FBC7F80080D04649
:10984000FEF7A0BAF8F772FABDF820204FF47A714B
:1098500001FB002143462D48D12208F083FB4C46F2
:109860003D604D46FEF7F2BC09A8F8F75FFABDF877
:10987000243032684FF47A7101FB0031B4F80130C2
:1098800025480424009408F06DFB67E508A8F8F764
:109890004DFABDF820300146224606FB01311F4833
:1098A00008F060FB5AE50520FAF730FE064600286E
:1098B00000F0B7813D6008252946FEF78DBFA1461F
:1098C000042687E600210B46FFF733B90DF1200887
:1098D000FFF79EBB124850F823300648012BC0F812
:1098E0005A303FF49FAA102B3FF49CAA002B3FF460
:1098F00098AAF1E66C130020600B0020641300208E
:1099000034120020286301084C1200201C4A010870
:10991000906001084464010878620108C06601088B
:109920007C700108D34BD44D53F82230C5F85A301F
:10993000102B7FF451AA0220FBF764FD0546002896
:1099400000F0C681044609AEFEF7ACBCA11C681D40
:1099500000F058FC00283EF48CAAA27AFFF7D2BB94
:10996000D4F80520C549C648B0FBF3F0A1FB02635B
:109970001B0B43F6095606FB1322920302F64272B2
:10998000A1FB02129B03A17A647A03EB123300223B
:10999000060C61F30702002166F307011E0C66F353
:1099A0000F22060A66F30F2160F3174164F31F616B
:1099B0000991190A61F3174263F31F6209AE0A9213
:1099C000B048082332468B2104F086F8044600286C
:1099D00000F0088108A8F8F7A9F9BDF820304FF485
:1099E0007A7101FB00318B22A748234608F0BAFAAE
:1099F00004242546FEF771BDA9F10B08B8F1010F4B
:109A00008CBF4FF000084FF00108FFF7D0B813EB00
:109A1000080845F1000AFEF7E9BA08A8F8F786F940
:109A2000BDF820304FF47A7101FB00318C2296484A
:109A30003B4608F097FA04242546FEF795BD09AE8B
:109A40003046F8F773F9BDF824204FF47A7101FB22
:109A500000212B468D4840F6231208F083FA304649
:109A6000F8F764F9BDF824304FF47A7101FB003146
:109A70000422874808F076FAF8E508A8F8F756F9BE
:109A8000BDF820304FF47A7101FB003108222346E3
:109A90007D4808F067FA7F4B1B68002B7FF4A7AB6B
:109AA000FFF7A7BB3046F8F741F9BDF824204FF483
:109AB0007A7101FB0021234640F62312764808F014
:109AC00051FAFEF7A8BF08A8F8F730F9BDF8202032
:109AD0004FF47A7101FB002123466B48832208F082
:109AE00041FAC5F80080C1E51846FBF78BFC054636
:109AF00000287FF413A9694F03233B6009AE324667
:109B0000ADF824008DF8260060E408A8F8F70EF9F7
:109B1000BDF820204FF47A7101FB00212B465A48F2
:109B2000832208F01FFAC9F800409FE50DF11C09D7
:109B3000544801234A4640F6890103F097FE044643
:109B4000002840F0AF819DF81C104E48062F0CBF36
:109B500001F0FB0141F004018DF81C1001234A467D
:109B600040F6890103F03AFE0446002840F0EB81FC
:109B70004B480322294600F099FA464B01221A600D
:109B8000FEF777B941F00401FEF7ABBF0B25FFF7F5
:109B9000F8BB01238DF82430FEF780BA08A8F8F747
:109BA000C5F8BDF820304FF47A7101FB00318C22EA
:109BB00023463548042408F0D5F92546FEF738BC7D
:109BC0000B25A1E409AE3046F8F7B0F8234642462B
:109BD000BDF824404FF47A7101FB0041314808F090
:109BE000C1F93CE72748012307AA40F6890103F0A1
:109BF0003DFE0446002840F0C7819DF81C10214816
:109C000041F004018DF81C10012307AA40F68901D8
:109C100003F0E4FD0446002840F0A68122480A2211
:109C2000A8E7154B174893F85730002B0CBF942327
:109C300096238DF8203008AA012340F6AC0103F0EA
:109C4000CDFD804600283FF4A3A909A8F8F76EF8D7
:109C5000BDF824204FF47A7101FB002143460E48E1
:109C600040F6AC0208F07EF93E6004210D46FEF796
:109C7000B3BD00BF647001086C13002083DE1B437A
:109C80000000093D600B00201C4A010854490108EE
:109C9000144F01084C120020FC48010864130020F6
:109CA000B0130020B04E01088413002008A80392CE
:109CB000F8F73CF8BDF82040039A4FF47A7101FBA5
:109CC00000410823C14808F04DF90625FEF734B8D5
:109CD0000421034602460846FAF7A0FD054600287F
:109CE00000F088800424254609AEFEF7DBBA08A8F8
:109CF000F8F71CF8BDF820304FF47A7101FB003101
:109D000040F236723B46B24808F02CF993E614460E
:109D1000FEF70CBB09AE3046F8F708F84B46224672
:109D200056E709A8F8F702F8BDF824304FF47A7125
:109D300001FB003184222346A64808F013F90023D2
:109D40003B6092E708A8F7F7F1FFBDF820304FF429
:109D50007A7101FB003140F2367223469E4808F0CA
:109D600001F968E609AE3046F7F7E0FFBDF82420B8
:109D70004FF47A7101FB00212B4640F623129648DE
:109D800008F0F0F86BE609A8F7F7D0FFBDF824401B
:109D90004FF47A7101FB004133464FF4E8628E487C
:109DA00008F0E0F8FFF7DABA8C4840F67261F7F78E
:109DB000BBF9FFF77DB9894840F67B61F7F7B4F945
:109DC000FFF78AB9854840F67A61F7F7ADF9FFF7F2
:109DD00080B9824840F67561F7F7A6F9FFF76DB9CB
:109DE0007F4809F11002234608F01CFC00283FF4CC
:109DF00083AB3BE47B4E03233360FAF79DFE0346BF
:109E0000002800F0938035606CE709AE3046F7F724
:109E10008DFFBDF824304FF47A7101FB0031724898
:109E200008F0A0F82946082008F024F900952B46F0
:109E30002A4629460920FCF737FD044600283EF44F
:109E400018A8FEF7D4BC09A8F7F770FFBDF82420C6
:109E50004FF47A7101FB002133465E48802208F0FE
:109E600081F8C7F8009000E709AE3046F7F75EFFCB
:109E7000BDF824304FF47A7101FB00314A465B484B
:109E8000002308F06FF83046F7F750FFBDF8243094
:109E900001464FF47A74042204FB0131544808F05F
:109EA00061F8E2E608A8F7F741FFBDF820304FF46B
:109EB0007A7101FB003140F689022346444808F0DC
:109EC00051F8FEF7A3BE08A8F7F730FFBDF8204011
:109ED0004FF47A7101FB004143464FF4D8623E488B
:109EE00008F040F8FFF73ABA09AE3046F7F71EFF20
:109EF000BDF824304FF47A7101FB003140F6231293
:109F00004346334808F02EF8BDE709AE3046F7F770
:109F10000DFFBDF824304FF47A7101FB003140F69B
:109F2000231243462C4808F01DF8ACE7E268511EA6
:109F300003313DF69EAF2A48103208F073FB00282B
:109F40003DF497AFCEE608A8F7F7F0FEBDF8203055
:109F50004FF47A7101FB003140F6890223461E4816
:109F600008F000F8FEF752BE08A8F7F7DFFEBDF8CC
:109F700020304FF47A7101FB003140F6890223460C
:109F8000154807F0EFFF33E508A8F7F7CFFEBDF857
:109F900020304FF47A7101FB003140F689022346EC
:109FA0000B4807F0DFFF23E509AE3046F7F7BEFEAA
:109FB000BDF82430E2784FF47A7101FB00310D488E
:109FC00007F0D0FF0023FEF7FFBD00BF30510108AE
:109FD000544901081C4A0108FC480108FC4C0108CE
:109FE00034120020641300200C5B0108B04E0108FD
:109FF000144F0108B050010810B584B00022244B62
:10A0000024480092114608F04DF900BB0022224B73
:10A0100022480092114608F045F9044628B9FCF799
:10A0200053FA044620BB04B010BD0DF10E00F7F743
:10A030007DFEBDF80E3001464FF47A7C184822466A
:10A040000CFB013107F08EFF042004B010BD044664
:10A050000DF10E00F7F76AFEBDF80E3001464FF421
:10A060007A7C22460CFB01310E4807F07BFFCDE7DE
:10A070000DF10E00F7F75AFEBDF80E3001464FF411
:10A080007A7C22460CFB0131074807F06BFFDBE7C7
:10A09000A97A000834120020B95C00081C120020C4
:10A0A00028680108DC67010818540108032A2ED922
:10A0B00030B50B68036000F00303C3F104042044CF
:10A0C0002144043A1A448E4611F0030F26D1032A84
:10A0D00016D90439151F25F0030C0CF1040C844427
:10A0E000034651F8044F43F8044B6345F9D102F09D
:10A0F000030225F003030EF104011944043018444F
:10A10000022A26D0032A36D0012A26D030BD022AC0
:10A110002AD0032A24D0012A2AD07047032AEFD953
:10A12000151F25F0030C0CF1040C8444034651F870
:10A13000044B43F8044B6345F9D102F0030225F0C8
:10A1400003030EF1040E0EEB030104301844022A3F
:10A15000D8D111F8013B00F8013B0B78037030BDFA
:10A1600011F8013B00F8013B11F8013B00F8013BFD
:10A170000B780370704711F8013B00F8013B11F8B0
:10A18000013B00F8013BE8E7032A27D910B501EBB2
:10A19000012404EB0444046000F00303C3F1040C45
:10A1A0006044043A1A44032A11D9A2F1040E2EF095
:10A1B000030C0CF1040C8444034643F8044B634540
:10A1C000FBD102F0030204302EF0030E7044022A89
:10A1D00013D0032A0FD0012A11D010BD022A06D0B5
:10A1E000032A02D0012A04D0704700F8011B00F8AE
:10A1F000011B0170704700F8011B00F8011B017082
:10A2000010BD00BF032A10B4034614D90C68D0F85F
:10A2100000C0A44518D010BC7047D1F800C01C681D
:10A2200064451846A2F1040203F1040301F104019C
:10A23000F1D1032AF1D8022A27D0032A1FD0012AFC
:10A2400029D0002010BC704700F00300C0F10404C6
:10A250002144043A0244880723448C46E9D1032A66
:10A2600002D8E8E7032A21D91C685CF8041B8C4259
:10A270001846A2F1040203F10403F3D0CBE71878E7
:10A280000A7890420FD10133013118780A78904250
:10A2900009D1013301311C780A78944214BF184661
:10A2A000002010BC7047184610BC70476146C2E7DA
:10A2B000FEE700001E491F4A4AF65523CAF65523F9
:10A2C000914202DA41F8043BFAE71B491B4A4BF67C
:10A2D000EF63CDF6AD63914202DA41F8043BFAE751
:10A2E0001749184A45F2AA53C5F2AA53914202DA15
:10A2F00041F8043BFAE71448854600F031F813486A
:10A300001349144A002302E0D458C4500433C4183B
:10A310008C42F9D3104A114C002301E0136004323F
:10A32000A242FBD308F0BEFBF6F7ECFEFEE700000E
:10A330000000002000080020000800201008002075
:10A340002068002000B00020000800201008002035
:10A3500078080020F0710108A8080020206800207B
:10A36000704700004FF0B0431B6813F0080F4FF028
:10A37000B04307BFD3F89430C3F303231B68C3F380
:10A3800003134FF0B042926802F00C02082A39D051
:10A390001D4951F823300C2A10D01C49042A08BF4B
:10A3A0000B464FF0B0429268C2F30312184951F8BD
:10A3B0002220B3FBF2F3174A136070474FF0B0420C
:10A3C000D16801F00301D268C2F3021201320229FE
:10A3D00004D0032912D0B3FBF2F202E00B4BB3FB23
:10A3E000F2F24FF0B041CB68C968C3F3062302FB19
:10A3F00003F34A0F0132B3FBF2F3D2E7064BB3FB90
:10A40000F2F2EEE7044BCCE7087101080024F400F7
:10A4100068710108180800200048E80110B5032001
:10A4200000F042F801F080F9064B18600F20F7F7B2
:10A430000DFB10B10124204610BD0446F7F70CF8BF
:10A44000F9E700BF18080020014B1878704700BFDB
:10A450001C0800204FF0E022136923F0020313616F
:10A4600070474FF0E022136943F002031361704715
:10A470000048704700010301024A536823F00103BA
:10A4800053607047002004E0024A536823F002033F
:10A4900053607047002004E0024A536823F004032D
:10A4A00053607047002004E010B50446C31E042B1F
:10A4B0000FD80A49CA68230203F4E06322F4E06279
:10A4C0001204120C134343F0BF6343F40033CB6018
:10A4D00010BDBB210248F6F727FEEAE700ED00E0D9
:10A4E000A868010870B505460C4616460F2A26D8FE
:10A4F0000F2C29D81A4BDB68C3F30223C3F10702E0
:10A50000042A28BF0422191D06298CBF033B0023FF
:10A510004FF0FF3101FA02F224EA02049C40994014
:10A5200026EA010644EA0602002D12DB1201D2B22D
:10A5300005F1604505F5614585F8002370BDD4211E
:10A540000848F6F7F1FDD3E7D5210648F6F7ECFD0C
:10A55000D0E705F00F051201D2B2034B5A55EDE7D3
:10A5600000ED00E0A868010814ED00E008B500283F
:10A5700008DB410900F01F0001238340044A42F830
:10A58000213008BDEA210348F6F7CEFDF9E700BF08
:10A5900000E100E0A868010808B500280DDB4309C8
:10A5A00000F01F00012282402033064941F8232099
:10A5B000BFF34F8FBFF36F8F08BDFB210248F6F743
:10A5C000B3FDF9E700E100E0A8680108F8B5074627
:10A5D0000C4616461D46CB1E042B22D8002F26DB28
:10A5E00007F1604707F5614797F80003000904F099
:10A5F0000701C1F10703042B28BF04230A1D062A03
:10A600008CBF033900214FF0FF3202FA03F320FA26
:10A6100001F424EA030333608A4020EA0200286040
:10A62000F8BD40F25D110548F6F77EFDD6E707F06C
:10A630000F07034BD85D0009D9E700BFA8680108E0
:10A6400014ED00E000280BDB43098033054A52F883
:10A65000233000F01F0023FA00F000F001007047E3
:10A660000020704700E100E008B500280BDB43093B
:10A670004033084A52F8233000F01F0023FA00F05C
:10A6800000F0010008BD40F291110348F6F74CFDBF
:10A690000020F7E700E100E0A868010808B50028FD
:10A6A00009DB430900F01F000122824060330549A5
:10A6B00041F8232008BD4FF4D1710348F6F734FD6B
:10A6C000F8E700BF00E100E0A868010810B4C46C1E
:10A6D000D0F850C0C4F804C0446D24B1846DD0F8E3
:10A6E0005CC0C4F804C0446C04F01C0C012404FADF
:10A6F0000CF4D0F840C0CCF8044004686360836870
:10A70000102B05D0036899600368DA6010BC7047AD
:10A7100003689A600368D960F8E700000368134A89
:10A72000934216D8426C22F0030202F1804202F5F5
:10A730000232DBB2083B0E49A1FB03131B09826402
:10A740000C4AC26403F01F03012202FA03F30365FB
:10A750007047426C22F00301074A0A44DBB2083B0F
:10A760000349A1FB03131B090733E8E70704024071
:10A77000CDCCCCCC800802401C080240002800F060
:10A78000E48010B504460368714A93422BD014321A
:10A79000934228D01432934225D01432934222D0CF
:10A7A000143293421FD0143293421CD0143293427D
:10A7B00019D002F56272934215D01432934212D02E
:10A7C000143293420FD0143293420CD0143293427D
:10A7D00009D01432934206D01432934203D0A121FF
:10A7E0005C48F6F7A1FCA36833F0100202D0B3F581
:10A7F000804F7AD1E36833F0400303D0A32155485A
:10A80000F6F792FC236933F0800303D0A42151486A
:10A81000F6F78AFC636933F4807202D0B3F5007FE7
:10A8200068D1A36933F4806202D0B3F5006F66D1BA
:10A83000E36933F0200303D0A7214648F6F774FC00
:10A84000236A33F4805306D0B3F5005F03D0A82108
:10A850004048F6F769FC63682A2B55D822683E4BBE
:10A860009A4256D83D4B13443D49A1FB03131B09A3
:10A870009B003C4963642164022384F825301368FB
:10A880006FF30E13136022681168A368E068034336
:10A890002069034360690343A0690343E0690343FC
:10A8A000206A03430B4313602046FFF737FFA3687A
:10A8B000B3F5804F04BF00236360A26C636803F0AC
:10A8C0007F031360E36C226D5A6063685A1E032A8B
:10A8D00028D900236365A365E3650020E0630123B5
:10A8E00084F8253084F8240010BDA2211948F6F719
:10A8F0001BFC7FE7A5211748F6F716FC91E7A62178
:10A900001448F6F711FC93E7AA211248F6F70CFC5D
:10A91000A4E7154B13441249A1FB03131B099B0029
:10A920001249A7E703F07F03114A1A4492006265B7
:10A930001049A165013B012101FA03F3E3650023FE
:10A940001360A36DE26D5A60C7E70120704700BF36
:10A95000080002400069010807040240F8FFFDBF3B
:10A96000CDCCCCCC00000240F8FBFDBF000402407F
:10A970003F82001040090240002800F0838038B573
:10A9800004460368404A93422CD01432934229D0A3
:10A990001432934226D01432934223D0143293427D
:10A9A00020D0143293421DD0143293421AD002F5B3
:10A9B0006272934216D01432934213D014329342EF
:10A9C00010D0143293420DD0143293420AD0143274
:10A9D000934207D01432934204D04FF484712B4831
:10A9E000F6F7A2FB2268136823F0010313602268C4
:10A9F000274B9A422CD8274B13442749A1FB03131A
:10AA00001B099B0025496364216400251560216CA6
:10AA1000636C03F01C02012393404B602046FFF758
:10AA20007DFEA36C1D60E36C226D5A6063685A1E44
:10AA3000032A16D900206065A065E065E062206306
:10AA40006063A063E06384F8250084F8240038BDC7
:10AA5000134B13441049A1FB03131B099B0011491D
:10AA6000D1E703F07F03104A1A4492000F49A16511
:10AA7000013B012101FA03F3E3651560A36DE26D6B
:10AA80005A60D7E7012070470800024000690108BA
:10AA900007040240F8FFFDBFCDCCCCCC0000024043
:10AAA000F8FBFDBF000402403F8200104009024055
:10AAB000F8B504460E4617461D46581E2A4B9842C6
:10AAC00011D894F82430012B4BD0012384F8243082
:10AAD00094F82530012B0CD08023E363002384F805
:10AAE00024300120F8BD4FF4D5712048F6F71CFB47
:10AAF000E7E7022384F825300023E3632268136824
:10AB000023F0010313602B463A4631462046FFF7F7
:10AB1000DDFD236BD3B12268136843F00E0313608D
:10AB2000A36C1A6812F4803F03D01A6842F4807252
:10AB30001A60636D1BB11A6842F480721A60226851
:10AB4000136843F0010313600020CBE72268136809
:10AB500023F0040313602268136843F00A031360B0
:10AB6000DEE70220BEE700BFFDFF03000069010829
:10AB70000346002833D090F82520022A06D004226C
:10AB8000C263002280F824200120704701680A680F
:10AB900022F00E020A60816C0A6822F480720A6058
:10ABA00001680A6822F001020A60006C5A6C02F027
:10ABB0001C0101228A404260DA6C196D51605A6DA5
:10ABC00032B1116821F4807111609A6DD96D5160B4
:10ABD000012283F82520002083F8240070470120FB
:10ABE000704708B590F82530022B03D00423C363C7
:10ABF000012008BD0268136823F00E031360026889
:10AC0000136823F001031360826C136823F48073CC
:10AC10001360016C436C03F01C02012393404B60F2
:10AC2000C36C026D5A60436D33B11A6822F48072AE
:10AC30001A60836DC26D5A60012380F825300023AD
:10AC400080F82430836B13B198470020D1E70020AF
:10AC5000CFE7000038B5036C196804682568436CB9
:10AC600003F01C0304229A400A4215D015F0040F89
:10AC700012D0236813F0200F03D1236823F00403BC
:10AC80002360016C436C03F01C02042393404B606F
:10AC9000036B03B1984738BD02229A400A4223D081
:10ACA00015F0020F20D0236813F0200F06D123687F
:10ACB00023F00A032360012380F8253002681A4B31
:10ACC0009A42436C03F01C024FF0020303FA02F3B2
:10ACD0008CBF164A164A5360002380F82430C36A9A
:10ACE000002BD8D09847D6E7082202FA03F30B428C
:10ACF000D1D015F0080FCED0236823F00E032360C7
:10AD0000016C436C03F01C03012202FA03F34B6055
:10AD1000C26380F82520002380F82430436B002B89
:10AD2000B9D09847B7E700BF800002400004024056
:10AD300000000240D8B138B50C46054621F4801316
:10AD4000102B0ED12B681A6814F0100F06D014F4D3
:10AD5000801F14BF42F4801222F480121A60002077
:10AD600038BD4FF482610348F6F7DEF9EAE70120C7
:10AD7000704700BF0069010870B504460D4690F8A1
:10AD80002560F6B20368384A93422BD014329342BE
:10AD900028D01432934225D01432934222D0143258
:10ADA00093421FD0143293421CD01432934219D0D4
:10ADB00002F56272934215D01432934212D01432CB
:10ADC00093420FD0143293420CD01432934209D0E4
:10ADD0001432934206D01432934203D09721234871
:10ADE000F6F7A2F92B68142B1AD86B6833F40033EA
:10ADF00006D0B3F5802F03D09B211C48F6F794F9B9
:10AE0000AB68013B1F2B10D8636D9BB11A6812F41D
:10AE1000803F01D1012E11D08023E363012070BD5A
:10AE200099211248F6F780F9DFE79C210F48F6F7E1
:10AE30007BF9E9E74023E3630120F0E794F824205D
:10AE4000012A0ED0012284F82420AA68511E2A6803
:10AE50006868024342EAC1421A60002084F8240074
:10AE6000DDE70220DBE700BF08000240546901086B
:10AE700010B5044603681F4A93422BD01432934204
:10AE800028D01432934225D01432934222D0143267
:10AE900093421FD0143293421CD01432934219D0E3
:10AEA00002F56272934215D01432934212D01432DA
:10AEB00093420FD0143293420CD01432934209D0F3
:10AEC0001432934206D01432934203D0CE210A4862
:10AED000F6F72AF994F825303BB1636D3BB11A6857
:10AEE00042F480321A60002010BD0120FCE70120EE
:10AEF000FAE700BF080002405469010810B5044693
:10AF000003681F4A93422BD01432934228D0143244
:10AF1000934225D01432934222D0143293421FD050
:10AF2000143293421CD01432934219D002F562724B
:10AF3000934215D01432934212D0143293420FD060
:10AF4000143293420CD01432934209D014329342FB
:10AF500006D01432934203D0EA210A48F6F7E4F807
:10AF600094F825303BB1636D3BB11A6822F480320E
:10AF70001A60002010BD0120FCE70120FAE700BFA5
:10AF800008000240546901082DE9F84F80460C463C
:10AF9000B0F1904F0ED0904B98420BD003F58063E8
:10AFA000984207D003F5A053984203D0A6218B48BE
:10AFB000F6F7BAF823689AB212B1B3F5803F03D31B
:10AFC000A7218648F6F7B0F86368B3F5041F1AD0D6
:10AFD0000DD8B3F5881F16D005D8032B13D9113B14
:10AFE000012B10D90BE0B3F5901F0CD007E0B3F59F
:10AFF000441F08D023F48013B3F5081F03D0A82101
:10B000007648F6F791F8A368022B0BD82568002D37
:10B0100000F0E0804FF000094F46DFF8C4A1DFF8F0
:10B02000B8B196E0A9216D48F6F77EF8EEE7E3683F
:10B03000032B18D8D8F80820032303FA09F322EACF
:10B040000302E36803FA09F31343C8F80830D8F899
:10B05000042022EA06026368C3F30013BB401343D3
:10B06000C8F8043080E0B8215C48F6F75DF8E1E705
:10B0700023690F2B00F2A580FA0808EB8202106A00
:10B0800007F0070189000F238B4020EA03002369A2
:10B090008B4003431362D8F80020032303FA09F31B
:10B0A00022EA0302636803F0030303FA09F313437C
:10B0B000C8F80030636813F4403F43D027F003031F
:10B0C00003F1804303F58033986807F0030189009A
:10B0D00007228A4020EA0200B8F1904F76D0D84586
:10B0E00076D0404A904514BF072202228A4002438C
:10B0F0009A60DAF80030EA43616811F4801F0CBFEF
:10B1000013402B43CAF80030DAF80430616811F4B8
:10B11000001F0CBF13402B43CAF80430DAF880300C
:10B12000616811F4803F0CBF13402B43CAF8803094
:10B13000DAF88430616811F4003F0CBF13402B43F0
:10B14000CAF884300137256809F1020935FA07F396
:10B1500040D00126BE403540F4D0636803F00303BD
:10B16000013B012B7FF663AF636803F00303032BFE
:10B1700091D0D8F80C20032303FA09F322EA030242
:10B18000A36803FA09F31343C8F80C30636803F0AB
:10B190000303022B7FF47FAFB8F1904F3FF468AF09
:10B1A000D8453FF465AF0F4B98453FF461AF03F5C9
:10B1B000A05398453FF45CAFD3210848F5F7B4FF9E
:10B1C00056E7D4210548F5F7AFFF55E700228DE794
:10B1D00001228BE7BDE8F88F00040048AC69010844
:10B1E00000080058000800482DE9F84F04460D46B5
:10B1F000B0F1904F0FD0484B98420CD003F58063CC
:10B20000984208D003F5A053984204D04FF49971A6
:10B210004248F5F789FFABB213B1B5F5803F06D3CD
:10B2200040F233113D48F5F77FFF002D72D0002327
:10B230004FF001094FF0070B4FF0030A384F2AE097
:10B240004FF0000808FA00F0B0424AD020685900D8
:10B250000AFA01F108432060DE0804EB8606D6F8FE
:10B2600020C003F0070080004FF00F0E0EFA00F030
:10B270002CEA00003062A06820EA0100A06060684B
:10B2800020EA02026260E26822EA0102E26001331F
:10B2900035FA03F23ED009FA03F212EA050CF6D0B1
:10B2A00023F0030101F1804101F580318E6803F044
:10B2B000030080000BFA00FE0EEA0606B4F1904F80
:10B2C000BED0DFF85480444508D008F58068444576
:10B2D00014BF4FF007084FF00208B3E74FF0010822
:10B2E000B0E7D7F8800020EA0C00C7F88000D7F854
:10B2F000840020EA0C00C7F88400386820EA0C00BB
:10B300003860786820EA0C007860886820EA0E00CF
:10B3100088609BE7BDE8F88F00040048AC6901082D
:10B320000008005838B505460C4629B12869204068
:10B33000003818BF012038BD40F287110148F5F7E9
:10B34000F3FEF3E7AC69010870B5054614460E46F6
:10B3500021B1012C08D864B9AE620BE040F2A5110E
:10B360000548F5F7E1FEF4E74FF4D3710248F5F72D
:10B37000DBFEAE6170BD00BFAC690108024A136814
:10B3800043F48073136070470004005810B50C46F6
:10B3900008B3B0F5804F13D1631EDBB2012B38D850
:10B3A000244B5B6913F4007F10D0234A136923F008
:10B3B00004031361012C0CD040BF20BF20BF10BD7F
:10B3C0004FF4F1711D48F5F7AFFEE5E700F040F8E6
:10B3D000EBE730BFF3E74B1EDBB2012B09D8154B6F
:10B3E0005B6913F4007FE0D000F03AF80028DCD06D
:10B3F000E5E740F2E3111148F5F796FE0D4B5B6966
:10B4000013F4007FF0D10C4A136923F00403136195
:10B41000D2E740F2E3110948F5F786FE054B5B6978
:10B4200013F4007FD2D0044A136923F0040313619C
:10B43000C2E700BF0004005800ED00E0006A010808
:10B44000024B186800F4C060704700BF0004005849
:10B45000024A136843F480431360704700040058A5
:10B46000104A136823F4804313600F4B1B6832218A
:10B4700001FB03F30D49A1FB03139B0C526912F46A
:10B48000007F06D0074923B1013B4A6912F4007FCF
:10B49000F9D1044B5B6913F4007F14BF0320002033
:10B4A000704700BF000400581808002083DE1B43CB
:10B4B00008B5431EDBB2012B0FD8154A136823F0E1
:10B4C000070343F001031360124A136943F00403B6
:10B4D0001361012812D130BF13E040F2D1310E4880
:10B4E000F5F722FE0A4A136823F0070343F001032D
:10B4F0001360084A136943F00403136140BF20BF7F
:10B5000020BF044A136923F00403136108BD00BF80
:10B510000004005800ED00E0546A010870B584B0E2
:10B520004FF0B043D3F80831C0F3031003F00F031A
:10B53000304A52F82040304A52F82330B4FBF3F43A
:10B54000FFF77EFF05462D4B93E8070004AB03E9A8
:10B550000700B5F5007F27D0294B9C423DD303F56A
:10B56000B70303F67F539C423ED903F5741303F5EA
:10B5700010639C4298BF022330D90025214A1368EA
:10B5800023F007032B431360F6F76AFA04461D4EB7
:10B59000336803F007039D4228D0F6F761FA001BD9
:10B5A0000228F5D9032022E0174B9C420CD9174BF7
:10B5B0009C4210D903F5370303F5D8539C4298BF3A
:10B5C000022302D90025D9E7002304AA02EB830352
:10B5D00053F80C5CD2E70123F7E7002304AA02EB3F
:10B5E000830353F80C5CC9E70123F7E7002004B09C
:10B5F00070BD00BF0871010868710108D02B0108F7
:10B60000C0CF6A0000400058BFEA21013F933402D6
:10B610004FF0B0429368D26813F00C0314D00C2B97
:10B620000BD0042B49D0082B4AD14FF0B0431A68F5
:10B6300012F4801247D139482DE002F00302012AAA
:10B6400002D00022104626E04FF0B042126812F0FD
:10B6500008020DD04FF0B042126812F0080226D155
:10B660004FF0B041D1F894102D4951F822200EE04E
:10B670004FF0B041096811F0080F14D14FF0B042FB
:10B68000D2F89420C2F30322254951F82220002B3E
:10B690000CBF104600204FF0B0439B6803F00C0332
:10B6A0000C2B13D070474FF0B0410968ECE74FF016
:10B6B000B0421268C2F30312D6E700221948EAE743
:10B6C00000221046E7E700221648E4E74FF0B043B7
:10B6D000DB6803F00303022B09D0032B08D14FF0E2
:10B6E000B0431B6813F4801F15D10C4A00E00D4ACB
:10B6F0004FF0B043D868D968DB68C0F3062002FB7E
:10B7000000F0C1F302120132B0FBF2F05B0F013323
:10B71000B0FBF3F0C6E7034AEAE700BF0048E801E0
:10B72000087101080024F40008B5FFF771FF4FF01D
:10B73000B0439B68C3F30313024A52F82330B0FBB3
:10B74000F3F008BD68710108002800F075832DE949
:10B75000F04104460368002B00F0108433F02F03FF
:10B760006BD14FF0B0439D6805F00C05DE6806F024
:10B770000306236813F0200F42D0236A012B62D8FE
:10B78000636AFF2B65D8A36A73B1602B0CD06BD8AA
:10B79000302B09D063D923F01003402B04D04FF491
:10B7A000B4719048F5F7C0FC002D6CD00C2D68D01A
:10B7B000236A002B00F0C1804FF0B042136843F0C1
:10B7C00001031360F6F74CF907464FF0B048D8F87C
:10B7D000003013F0020F00F0A8804FF0B0431A6859
:10B7E00042F008021A601A6822F0F002A16A0A43C5
:10B7F0001A605A68616A22F47F4242EA01225A6062
:10B80000236813F0010F00F0C1836368002B00F080
:10B810006B8323F40013B3F5803F00F0A38340F261
:10B82000D1117048F5F780FC082D40F05F83636804
:10B83000002B40F0AB83012009E340F25D11694821
:10B84000F5F772FC8DE74FF4B3716648F5F76CFCC1
:10B8500096E740F267116348F5F766FC93E7102B13
:10B86000A2D0202B9BD19FE7902B9DD004D923F011
:10B870001003A02B93D197E7702B95D0802B8ED1FE
:10B8800092E7012E94D1236A002B00F0D782A06AA0
:10B890004FF0B0431B6813F0080F4FF0B04312BFD6
:10B8A0001B68D3F894301B0903F0F003984222D9A7
:10B8B000FFF734FE002840F0C3824FF0B0431A680F
:10B8C00042F008021A601A6822F0F002A16A0A43E4
:10B8D0001A605A68616A22F47F4242EA01225A6081
:10B8E000FFF722FF404B1860404B1868F6F7AEF8A0
:10B8F000002885D0ABE24FF0B0431A6842F008024E
:10B900001A601A6822F0F002A16A0A431A605A68A3
:10B91000616A22F47F4242EA01225A60A06AFFF77C
:10B92000FDFD0028DCD0012091E2F6F799F8C01B5C
:10B9300002287FF64CAF032089E24FF0B042136833
:10B9400023F001031360F6F78BF807464FF0B04879
:10B95000D8F8003013F0020F3FF452AFF6F780F83A
:10B96000C01B0228F4D9032071E2032E40F0C182EB
:10B970005DE7136843F480331360DEE24FF0B043B9
:10B980001A6842F400121A601A6842F480321A608F
:10B99000D3E2F6F765F807464FF0B048D8F8003024
:10B9A00013F4003F00F0F282F6F75AF8C01B642847
:10B9B000F4D903204BE24FF403710A48F5F7B4FBC6
:10B9C000F6E2022E40F0FA822369002B00F03A8260
:10B9D0004FF0B0425368616923F0FE4343EA0163CC
:10B9E00053600EE0AC6A010818080020200800200F
:10B9F0004FF0B0425368616923F0FE4343EA0163AC
:10BA00005360236813F0080F00F09180A369012BA5
:10BA100055D8A369002B71D04FF0B043D3F8946090
:10BA2000E36933F0100304D040F255219148F5F753
:10BA30007BFB06F01003E2699A4211D006F0030383
:10BA4000022B00F0018216F0010F3ED14FF0B04200
:10BA5000D2F8943023F01003E1690B43C2F894301C
:10BA60004FF0B042D2F8943043F00103C2F8943062
:10BA7000F5F7F6FF06464FF0B047D7F8943013F0CD
:10BA8000020F54D1F5F7ECFF801B1128F5D90320E4
:10BA9000DDE14FF0B042136823F480731360F5F7D3
:10BAA000DFFF06464FF0B0473B6813F4806FA8D025
:10BAB000F5F7D6FF801B0228F6D90320C7E140F234
:10BAC0004D216C48F5F730FBA3E74FF0B042D2F8B8
:10BAD000943023F00103C2F89430F5F7C1FF064615
:10BAE0004FF0B047D7F8943013F0020FAED0F5F70F
:10BAF000B7FF801B1128F5D90320A8E14FF0B04211
:10BB0000D2F8943023F00103C2F89430F5F7A8FF7F
:10BB100006464FF0B047D7F8943013F0020F06D026
:10BB2000F5F79EFF801B1128F5D903208FE12368CC
:10BB300013F0040F00F0A280E368002B00F0AD8149
:10BB400023F08002012A00F09081852B00F0C5814E
:10BB5000052B06D1484B1B6813F4807F00F08B81C6
:10BB600012E040F29D214348F5F7DEFA424B1B6894
:10BB700013F4807F00F07F81E368002B00F0928156
:10BB800023F08003052B07D14FF0B042D2F890305C
:10BB900043F00403C2F89030F5F762FF06464FF019
:10BBA000B042D2F8903043F00103C2F8903017460B
:10BBB000D7F8903013F0020F08D1F5F751FF801B32
:10BBC00041F288339842F3D9032040E1E36823F03F
:10BBD0000403812B19D0F5F743FF06464FF0B0421E
:10BBE000D2F8903023F08003C2F89030174641F22B
:10BBF0008838D7F8903013F4006F3FD0F5F730FF56
:10BC0000801B4045F5D9032021E1F5F729FF0646C1
:10BC10004FF0B042D2F8903043F08003C2F8903039
:10BC2000174641F28838D7F8903013F4006F25D1C9
:10BC3000F5F716FF801B4045F5D9032007E1F5F71E
:10BC40000FFF06464FF0B042D2F8903023F00103C8
:10BC5000C2F890301746D7F8903013F0020F0DD08D
:10BC6000F5F7FEFE801B41F288339842F3D903209A
:10BC7000EDE000BFAC6A010800040058E36A022B43
:10BC80006ED8E36A002B00F0E1800C2D00F0B88044
:10BC9000022B40F09780236B013B022B66D8636B2D
:10BCA00033F040020CD0402B66D8202B08D023F074
:10BCB0002003102B04D040F21E31AC48F5F734FAC3
:10BCC000A36B063B792B5ED8E36BA3F50033B3F58A
:10BCD000701F5ED8236C03F17E43B3F1406F5ED8D2
:10BCE000636C03F16043B3F1404F5ED84FF0B04254
:10BCF000136823F080731360F5F7B2FE05464FF02A
:10BD0000B046336813F0007F55D14FF0B042D06891
:10BD1000236B616B0B43964901400B43E16B0B4373
:10BD2000216C0B43616C0B43A16B43EA0123D3608D
:10BD3000136843F080731360D36843F08053D3607B
:10BD4000F5F78EFE04464FF0B0452B6813F0007FE8
:10BD50007FD1F5F785FE001B0A28F6D9032076E08F
:10BD600040F213318148F5F7DFF98AE740F21D31DF
:10BD70007E48F5F7D9F992E7602BA1D023F0200394
:10BD8000502B98D19CE740F21F317848F5F7CCF959
:10BD90009AE74FF448717548F5F7C6F99AE740F20B
:10BDA00021317248F5F7C0F99AE740F222316F4825
:10BDB000F5F7BAF99AE7F5F753FE401B0A28A0D920
:10BDC000032044E04FF0B042136823F08073136007
:10BDD000F5F746FE04464FF0B0452B6813F0007FA0
:10BDE00007D14FF0B042D168624B0B40D3600020C6
:10BDF0002DE0F5F735FE001B0A28EED9032026E0DA
:10BE0000012B28D04FF0B043DB6803F00301226B15
:10BE1000914222D103F07002616B8A421FD103F478
:10BE2000FE42A16BB2EB012F1BD103F06043606CAB
:10BE3000181A18BF01200AE001207047012006E00F
:10BE4000012004E0012002E0012000E00020BDE824
:10BE5000F0810020FBE70120F9E70120F7E701204E
:10BE6000F5E70120F3E70120F1E7434B1B6813F4EA
:10BE7000807F7FF491AEFFF781FAF5F7F1FD06467A
:10BE80003D4F3B6813F4807F7FF476AEF5F7E8FD15
:10BE9000801B0228F5D90320D9E7374B1B6813F420
:10BEA000807FE8D0F5F7DCFD06464FF0B042D2F8CF
:10BEB000903023F08003C2F89030174641F2883862
:10BEC000D7F8903013F4006F3FF4B9AEF5F7C8FD22
:10BED000801B4045F4D90320B9E7274B1B6813F4B6
:10BEE000807F7FF451AEC6E7082DBCD00C2D3FF407
:10BEF0003CADA36833F4801304D04FF4F0711B48B9
:10BF0000F5F712F94FF0B042136823F48013A168DB
:10BF10000B4313606368B3F5803F3FF42AADB3F57C
:10BF2000041F3FF42BAD4FF0B0431A6822F4803267
:10BF30001A601A6822F400121A606368002B3FF43A
:10BF400028ADF5F78DFD07464FF0B048D8F8003022
:10BF500013F4003F1AD1F5F783FDC01B6428F5D90F
:10BF6000032074E7082DC1D110E000BFAC6A0108BE
:10BF70008C80C111FCFFFEEE000400584FF0B0436E
:10BF80009D6805F00C05DE6806F00306236813F0D3
:10BF9000020F3FF436AD236933F4807304D040F2CE
:10BFA0000B211448F5F7C0F863697F2B3FF603AD0A
:10BFB000042D3FF409AD0C2D3FF403AD2369002B94
:10BFC0003FF467AD4FF0B042136843F480731360E1
:10BFD000F5F746FD06464FF0B0473B6813F4806F17
:10BFE0007FF406ADF5F73CFD801B0228F5D9032050
:10BFF0002DE700BFAC6A0108002800F0D4812DE9CC
:10C00000F0410D4604460368013B6E2B36D8022DE5
:10C010003AD8924B1B6803F00703AB423AD323682C
:10C0200013F0020F60D0A36883B1902B0ED04CD8D0
:10C03000602B0BD044D8202B08D023F04003102BCA
:10C0400004D040F2C6318648F5F76EF84FF0B042A2
:10C05000936823F0F003A1680B439360F5F700FDAC
:10C0600006464FF0B047BB6813F4803F3CD1F5F76C
:10C07000F7FC801B0228F6D9032092E14FF46A7185
:10C080007748F5F751F8C2E740F2A9317448F5F75F
:10C090004BF8BEE7714A136823F007032B43136084
:10C0A000F5F7DEFC06466D4F3B6803F00703AB4235
:10C0B000B5D0F5F7D5FC801B0228F5D9032070E137
:10C0C000702BC3D0802BBCD1C0E7D02BBED006D8FC
:10C0D00023F01002A02AB9D0C02BB2D1B6E723F0CA
:10C0E0001003E02BADD1B1E7236813F0200F41D04E
:10C0F000636983B1902B0ED02DD8602B0BD025D83F
:10C10000202B08D023F04003102B04D04FF476717D
:10C110005348F5F709F84FF0B042D2F8083123F050
:10C12000F00361690B43C2F80831F5F799FC064644
:10C130004FF0B047D7F8083113F4003F1AD1F5F7A4
:10C140008FFC801B0228F5D903202AE1702BE2D056
:10C15000802BDBD1DFE7D02BDDD006D823F0100217
:10C16000A02AD8D0C02BD1D1D5E723F01003E02BE3
:10C17000CCD1D0E7236813F0400F42D0A36923B39A
:10C18000902B22D00ED8602B1FD006D8202B1CD08D
:10C1900023F04003102B13D117E0702B15D0802B08
:10C1A0000ED112E0D02B10D006D823F01002A02A16
:10C1B0000BD0C02B04D108E023F01003E02B04D0F7
:10C1C00040F2EA312648F4F7AFFF4FF0B042D2F820
:10C1D0000831A16923F00F0343EA1113C2F80831B3
:10C1E000F5F73EFC06464FF0B047D7F8083113F498
:10C1F000803F06D1F5F734FC801B0228F5D90320D7
:10C20000CFE0236813F0040F2CD0E36833F480628E
:10C210000CD023F40072B2F5A06F07D0B3F5C06F55
:10C2200004D040F2FB310E48F4F77EFF4FF0B042ED
:10C23000936823F4E063E1680B439360F5F710FC27
:10C2400006464FF0B047BB6813F4003F0AD1F5F73C
:10C2500007FC801B0228F6D90320A2E0004000580A
:10C26000AC6A0108236813F0080F29D0236933F45E
:10C2700080620CD023F40072B2F5A06F07D0B3F542
:10C28000C06F04D040F20C414948F4F74DFF4FF025
:10C29000B0429368216923F4605343EAC103936079
:10C2A000F5F7DEFB06464FF0B047BB6813F4802F6E
:10C2B00006D1F5F7D5FB801B0228F6D9032070E0E4
:10C2C000236813F0010F48D06368032B0DD863680F
:10C2D000022B10D0032B16D0EBB94FF0B0421268EE
:10C2E00012F0020F1DD101205BE040F21D413048E9
:10C2F000F4F71AFFEBE74FF0B042126812F4003F78
:10C300000FD101204DE04FF0B042126812F0007FD3
:10C3100007D1012045E04FF0B042126812F4806F5F
:10C3200043D04FF0B0418A6822F0030213438B6080
:10C33000F5F796FB06464FF0B04741F28838BB68E8
:10C34000626803F00C03B3EB820F06D0F5F788FBAD
:10C35000801B4045F3D9032023E0164B1B6803F0F4
:10C360000703AB4215D9134A136823F007032B4385
:10C370001360F5F775FB04460E4E336803F00703B0
:10C38000AB4206D0F5F76CFB001B0228F5D9032061
:10C3900007E0FFF7C9F9084B1860084B1868F5F774
:10C3A00055FBBDE8F081012070470120F9E700BF8F
:10C3B000AC6A01080040005818080020200800203E
:10C3C00008B5FFF7B1F94FF0B0439B68C3F3022300
:10C3D000024A52F82330D84008BD00BF4871010816
:10C3E00008B5FFF7A1F94FF0B0439B68C3F3C22330
:10C3F000024A52F82330D84008BD00BF48710108F6
:10C4000070B5044602681F4B1A4202D01E4B1340FF
:10C410001BB179211D48F4F787FE236813F4803F90
:10C4200038D0636B33F4807306D0B3F5007F03D04C
:10C4300080211648F4F778FEFEF7A0FFF5F710FB11
:10C440000546134E336813F4807F40F0C381F5F73F
:10C4500007FB401B0228F5D903251CE0F5F700FB7C
:10C4600005464FF0B046D6F8903013F0020F40F07A
:10C47000D281F5F7F5FA431B41F288329342F2D9A3
:10C48000032508E0F3CF01000C30FEFF006B01082C
:10C49000000400580025236813F0010F10D06368D2
:10C4A000A3F54033032B00F2588162684FF0B0418E
:10C4B000D1F8883023EA124392B21343C1F888308E
:10C4C000236813F0020F18D0A368A3F540230C2BA8
:10C4D00000F2488141F2111222FA03F313F0010F26
:10C4E00000F04081A2684FF0B041D1F8883023EAD3
:10C4F000124392B21343C1F88830236813F0200F1F
:10C5000014D0236933F4806306D0B3F5006F03D0F1
:10C51000DE21AA48F4F708FE4FF0B042D2F8883086
:10C5200023F4406321690B43C2F88830236813F475
:10C53000007F1AD0236AA3F540230C2B00F2178149
:10C5400041F2111222FA03F313F0010F00F00F81F0
:10C55000216A4FF0B042D2F88830080C000423EA78
:10C56000000343EA0143C2F88830236813F4806F64
:10C570001BD0636A924A93420AD000F2FD8023F0F6
:10C580001003B3F5401F03D0F2218C48F4F7CCFD23
:10C59000616A4FF0B042D2F88830080C000423EAF8
:10C5A000000343EA0143C2F88830236813F4006FA4
:10C5B00019D0A36A23F04003B3F5400F06D0814A97
:10C5C000934203D0FC217D48F4F7AEFDA16A4FF001
:10C5D000B042D2F88830080C000423EA000343EA92
:10C5E0000143C2F88830236813F0400F19D0636903
:10C5F00023F48072B2F5403F03D0734A934240F077
:10C60000C08063694FF0B040D0F88820190901F468
:10C610007F2122EA01021B0103F47F231343C0F8A8
:10C620008830236813F0800F19D0A36923F4806247
:10C63000B2F5402F03D0654A934240F0A880A36929
:10C640004FF0B040D0F88820190901F47F2122EA88
:10C6500001021B0103F47F231343C0F888302368D1
:10C6600013F4807F19D0E36923F48052B2F5401FA0
:10C6700003D0574A934240F09080E3694FF0B040B6
:10C68000D0F88820190901F47F2122EA01021B0158
:10C6900003F47F231343C0F88830236813F0100F8E
:10C6A0001BD0E36823F40072B2F5807F07D0B3F5A6
:10C6B000007F04D04FF492714048F4F735FD4FF0FD
:10C6C000B042D2F8883023F44073E1680B43C2F8DB
:10C6D0008830E368B3F5807F65D0236813F4004F9A
:10C6E0001BD0236B33F0804307D0B3F1004F04D04D
:10C6F00040F233113148F4F717FD4FF0B042D2F851
:10C70000883023F04043216B0B43C2F88830236B01
:10C710001BB9D36843F08073D360236813F4804F50
:10C7200019D0E36A33F0805307D0B3F1005F04D02F
:10C7300040F241112148F4F7F7FC4FF0B042D2F833
:10C74000883023F04053E16A0B43C2F88830E36A33
:10C75000B3F1005F2CD0284670BDCA211748F4F70A
:10C76000E3FCA2E6D4211548F4F7DEFCBAE6E821A2
:10C770001248F4F7D9FCEBE6B3F1301F3FF408AFF1
:10C7800002E74FF483710D48F4F7CEFC39E74FF41C
:10C7900088710A48F4F7C8FC51E74FF48D710748D7
:10C7A000F4F7C2FC69E7D36843F08073D36094E781
:10C7B000D36843F48033D360CDE700BF006B01083A
:10C7C000200030008000C0000002030000080C00C0
:10C7D000002030004FF0B043D3F8903003F44073A2
:10C7E000626B9A4217D04FF0B043D3F8901021F407
:10C7F0004070D3F8902042F48032C3F89020D3F8F0
:10C80000902022F48032C3F89020C3F8900011F0F9
:10C81000020F7FF423AE4FF0B042D2F8903023F4F1
:10C820004073616B0B43C2F89030002533E600BFC4
:10C8300010B50446B1F5807F32D0B1F5007F25D127
:10C8400094F82C30012B29D0012384F82C300221BC
:10C8500084F82D10214BCA225A6253225A629A69D7
:10C8600022F408529A61DA6C22F00042DA64226BF8
:10C8700022F002022263D965184BFF225A6201237B
:10C8800084F82D30002084F82C0010BD40F20461A3
:10C890001348F4F749FCD3E70220F6E70220F4E757
:10C8A00090F82C30012BF7D0012184F82C100223B2
:10C8B00084F82D30094BCA225A6253225A629A696F
:10C8C00022F488529A615A6C22F000425A64226B18
:10C8D00022F001022263D965CEE700BF00280040A4
:10C8E000586B010838B504460D4B5D6D036B1D4058
:10C8F00015F0010F06D115F0020F09D1012384F8BC
:10C900002D3038BD064B0122DA65F5F779FAF2E7EA
:10C91000034B0222DA65204600F0F0FBEEE700BF91
:10C920000028004038B50B4AD36823F02003D360B9
:10C93000F5F796F80446074DEB6813F0200F07D182
:10C94000F5F78EF8001BB0F57A7FF5D9032000E0EB
:10C95000002038BD002800402DE9F041154BDB6870
:10C9600013F0400F03D000273846BDE8F08106469B
:10C97000104AD36843F08003D360F5F771F804469A
:10C980000027DFF83080D8F80C3013F0400FEBD1DF
:10C99000032FE9D0074DF5F763F8031BB3F57A7F52
:10C9A00004D8EB6813F0400FF5D0DDE7032786F8D5
:10C9B0002D70E8E70028004010B50446104BDA68F7
:10C9C00022F08002DA609B6913F0200F06D1FFF796
:10C9D000A9FF98B1032084F82D000FE0084A93695D
:10C9E00023F020039361FFF79DFF10B1032084F82B
:10C9F0002D00034A936943F02003936110BD00BFEB
:10CA000000280040002800F0C08010B504464368AC
:10CA100033F0400303D0FA215D48F4F785FBA368A7
:10CA20007F2B58D8E368B3F5004F59D2236933F40C
:10CA3000001205D0B2F5800F02D0B3F1806F54D14F
:10CA4000636933F0004303D0FE215148F4F76CFBD7
:10CA5000A36933F4801303D0FF214D48F4F764FB3E
:10CA6000E36933F0804304D04FF480714848F4F711
:10CA70005BFB236A33F0005304D040F201114448B9
:10CA8000F4F752FB636A33F4807202D0B3F5007F8F
:10CA900030D1A36A33F480630DD0B3F5006F0AD0B0
:10CAA000B3F5805F07D0B3F5C05F04D040F2031147
:10CAB0003748F4F739FB94F82D300BB3022384F890
:10CAC0002D30344BDB6813F0100F1FD0012384F896
:10CAD0002D30002010BDFB212D48F4F725FBA1E7E8
:10CAE000FC212B48F4F720FBA0E7FD212848F4F7B0
:10CAF0001BFBA5E74FF481712548F4F715FBC8E748
:10CB000084F82C302046F4F779FBD7E7214BCA2272
:10CB10005A6253225A622046FFF71EFF18B11D4B7E
:10CB2000FF225A62D6E71B4B9A6922F08E6222F0EE
:10CB300040029A6199696268206902430A43A169C7
:10CB40000A439A61A168E26842EA01421A61D9681F
:10CB5000626AA06A024321F4F8510A43DA6020466F
:10CB6000FFF72AFF18B10B4BFF225A62B2E7094ABE
:10CB70009169236AE069034321F060410B436169D5
:10CB80000B439361FF235362A0E70120704700BF6E
:10CB9000586B010800280040092809D900230133F7
:10CBA0000A38C0B20928FAD840EA0310C0B2704768
:10CBB0000023F9E7030903EB830300F00F0000EB08
:10CBC0004300C0B27047000090F82C30012B00F0F9
:10CBD000E3812DE9F04105460C461646012380F815
:10CBE0002C30022380F82D30A34BDB6813F4407FF8
:10CBF0003FD1012A25D8A36AB3F5807F02D0B3F5CF
:10CC0000007F24D1636913F07F3F26D1236A33F07C
:10CC1000804304D040F249519848F4F785FA63689C
:10CC2000B3F5004F1FD2A369002B47D003F17F4318
:10CC3000B3F1785F42D940F24B519048F4F774FA5F
:10CC40003CE040F246518D48F4F76EFAD3E740F2EB
:10CC500047518A48F4F768FAD4E74FF4A961874846
:10CC6000F4F762FAD2E740F24A518448F4F75CFAEA
:10CC7000D9E7814BDB6803F44073B3F5807F3BD089
:10CC8000012A50D8A36AB3F5807F02D0B3F5007FA4
:10CC90004FD1636913F07F3F51D1236A33F0804352
:10CCA00004D040F257517548F4F73EFA724BDB68F6
:10CCB000E27EC3F3822308339A4246D86E4BDB6888
:10CCC00003F44073B3F5807F00F07E81002E40F0C6
:10CCD000D980694B9B6913F0400F42D02378013B08
:10CCE000DBB20B2B37D8E378012B3FD940F26751E9
:10CCF0006248F4F719FA39E08B6923B103F17F43F5
:10CD0000B3F1F85F09D8E36933F00043D6D04FF4AC
:10CD1000AA615A48F4F708FAD0E740F24F51574851
:10CD2000F4F702FAEFE740F254515448F4F7FCF9F3
:10CD3000A8E740F255515148F4F7F6F9A9E740F257
:10CD400056514E48F4F7F0F9A7E740F259514B48D5
:10CD5000F4F7EAF9B2E740F266514848F4F7E4F92B
:10CD6000C1E70023E3702378172B61D863783B2B4E
:10CD700064D8A3783B2B67D86369B3F1004F08D020
:10CD8000236A002B6CD194F82430013BDBB21E2BBC
:10CD900060D82078FFF700FF07466078FFF7FCFEB9
:10CDA0000646A078FFF7F8FE804694F82400FFF7C7
:10CDB000F3FE236A62691343E27843EA825343EA4B
:10CDC000080343EA074343EA062343EA00602A4B89
:10CDD000CA225A6253225A62A36AB3F5807F00F0D6
:10CDE000DD80254B9A6922F408529A610222DA65A5
:10CDF0009864A269DA6462681F4B5A672A6B42F032
:10CE000002022A639A6942F408529A611C4AD2F8D3
:10CE1000803043F40033C2F88030174BFF225A624F
:10CE2000012385F82D30002085F82C00BDE8F08125
:10CE300040F26C511148F4F777F997E740F26E51E0
:10CE40000E48F4F771F994E740F26F510B48F4F78C
:10CE50006BF991E740F275510848F4F765F998E7E6
:10CE600094F82430013BDBB2062B92D940F2795181
:10CE70000248F4F759F98CE700280040586B010884
:10CE8000000800586369B3F1803F3FD0B3F5000F4D
:10CE900021D0584B9B6913F0400F15D02078FFF735
:10CEA00089FE431EDBB20B2B08D8E378012B12D985
:10CEB00040F28E515048F4F737F90CE040F28D51B2
:10CEC0004D48F4F731F9F0E70023E3702078FFF7DD
:10CED00071FE17282ED86078FFF76CFE3B282FD8FC
:10CEE000A078FFF767FE3B2830D86369B3F1803F35
:10CEF0000CD0B3F1004F09D0236A9BBB94F82400F7
:10CF0000FFF758FE431EDBB21E2B25D8236A626949
:10CF100043EA0200A3781843237840EA0340637889
:10CF200040EA0320E37840EA835094F8243040EA52
:10CF300003604CE740F293512F48F4F7F5F8CAE745
:10CF400040F297512C48F4F7EFF8C9E74FF4B3617A
:10CF50002948F4F7E9F8C8E74FF4B4612648F4F734
:10CF6000E3F8D3E794F82400FFF724FE431EDBB276
:10CF7000062BCBD940F2A4511F48F4F7D5F8C5E7EA
:10CF80001C4B9A6922F488529A610122DA65A269DF
:10CF9000E1690A435A640BE002207047154B9A6915
:10CFA00022F488529A610122DA651864A2695A64EF
:10CFB0006268104B1A672A6B42F001022A639A6971
:10CFC00042F488529A6121E70A4BCA225A625322DC
:10CFD0005A62A36AB3F5807FD2D0064B9A6922F4D5
:10CFE00008529A610222DA65A269E1690A43DA64A9
:10CFF00001E700BF00280040586B010890F82C3072
:10D00000012B17D0012180F82C10022380F82D303D
:10D01000094BCA225A6253225A629A6942F020028C
:10D020009A61FF225A6280F82D10002380F82C307C
:10D0300018467047022070470028004090F82C30B6
:10D04000012B17D0012180F82C10022380F82D30FD
:10D05000094BCA225A6253225A629A6922F020026C
:10D060009A61FF225A6280F82D10002380F82C303C
:10D0700018467047022070470028004090F82C3076
:10D08000012B20D010B4012180F82C10022380F84D
:10D090002D300E4BCA225A6253225A629A6942F0CC
:10D0A00080029A610A4CD4F8802042F48022C4F8AD
:10D0B0008020FF225A6280F82D10002380F82C3047
:10D0C000184610BC70470220704700BF002800407F
:10D0D0000008005810B50446074B5B6D13F0400F75
:10D0E00003D1012384F82D3010BD034B4022DA65B3
:10D0F000F4F788FEF5E700BF002800407047000005
:10D1000038B50C461546132906D8A10001F1804117
:10D1100001F531410D6038BD40F64D010148F4F78D
:10D1200003F8F2E7AC6B010810B50C46132906D8DA
:10D13000A10001F1804101F53141086810BD40F6C0
:10D1400064010248F3F7F0FFF2E700BFAC6B01089F
:10D15000002800F0948110B5044603686B4A93429E
:10D160000BD0A2F57842934207D0694A934204D08B
:10D1700040F245116748F3F7D7FF636813B1B3F581
:10D18000827F49D1A36833F4806202D0B3F5004FA7
:10D1900048D1E368B3F5706F1CD023F40062B2F598
:10D1A000C06F17D023F48072B2F5406F12D0B2F581
:10D1B000206F0FD0B2F5006F0CD023F48063B3F56D
:10D1C000407F07D0B2F5806F04D04FF4A47151486E
:10D1D000F3F7AAFFA36933F4007202D0B3F5802FEE
:10D1E00026D1636B33F0080304D04FF4A57149488E
:10D1F000F3F79AFFE3695BB3182B1FD8072B05D908
:10D20000454A22FA03F313F0010F21D140F24B11EA
:10D210004048F3F789FF1BE04FF4A3713D48F3F753
:10D2200083FFAFE740F247113A48F3F77DFFB0E7DD
:10D2300040F249113748F3F777FFD2E7203B182B2C
:10D24000E4D84FF0013222FA03F313F0010FDDD0DE
:10D25000236A33F0800304D04FF4A6712D48F3F70E
:10D2600063FF636AE3B1102B12D1E369002B5FD037
:10D27000182B53D8072B05D9274A22FA03F313F0AA
:10D28000010F55D140F25F112248F3F74DFF4FE0F7
:10D2900040F24D111F48F3F747FF636A002BE4D1BA
:10D2A000236933F0020304D04FF4A8711948F3F74F
:10D2B0003BFF6369012B06D86368B3F5827F08D012
:10D2C0000023E36137E040F251111248F3F72CFFDD
:10D2D000F2E7E3697BB3182B0DD8072B05D90E4A6B
:10D2E00022FA03F313F0010F25D140F2551109483A
:10D2F000F3F71AFF1FE0203B182BF6D84FF001324E
:10D3000022FA03F313F0010F15D1EEE700300140CC
:10D3100000000158046C010800010101203B182B9A
:10D32000B0D84FF0013222FA03F313F0010FA9D065
:10D33000002323616361A36A9BB1B3F5005F70D1E1
:10D34000E36A591E4FF6FE72914202D813F0010FA4
:10D3500004D140F269114B48F3F7E6FE236B022B30
:10D3600069D894F85D30002B6BD0022384F85D30CF
:10D370002268136823F040031360E368B3F5E06F9D
:10D380008CBF00210121090323F40063B3F5E06F92
:10D390001CBF0023A3622268636803F48273A06841
:10D3A00000F404400343206900F002000343606975
:10D3B00000F001000343A06900F400700343E0693A
:10D3C00000F038000343206A00F080000343A06AA5
:10D3D00000F4005003431360A36AB3F5005F36D036
:10D3E0002268636A03F01003606B00F008000343D7
:10D3F000E06800F470600343608B00F004000343B6
:10D400000B435360A36AB3F5005F34D02268D3693D
:10D4100023F40063D36100202066012384F85D308B
:10D4200010BD4FF4B3711748F3F77EFEA36AB3F54E
:10D43000005F96D184E74FF4B5711248F3F774FE9C
:10D440008FE784F85C302046F4F70EF88DE7236B05
:10D4500073B9E368B3F5E06F07D902232363226849
:10D46000136843F400631360BAE701232363B7E74B
:10D47000022BB5D1F3E72368A28D1A61C6E701201C
:10D48000704700BF046C01087047000018B310B566
:10D4900004460368114A93420BD0A2F578429342A6
:10D4A00007D00F4A934204D04FF4F9710D48F3F7B7
:10D4B0003BFE022384F85D302268136823F04003AA
:10D4C00013602046FFF7E0FF0020206684F85D002F
:10D4D00084F85C0010BD0120704700BF003001409F
:10D4E00000000158046C0108074B1A6822F0400242
:10D4F0001A6040F4417018604FF4B8525A601A68CC
:10D5000042F040021A60704700000158002843D0E2
:10D5100010B582B004460368C3B1182B0CD8072B92
:10D5200005D9474A22FA03F313F0010F0ED1EC217B
:10D530004448F3F7F9FD09E0203B182BF7D84FF0EA
:10D54000013222FA03F313F0010FF0D0A37903F0B4
:10D55000FF021BB3032A61D03B4B4FF400629A6178
:10D560002068FFF7C1FF012323710020A060012381
:10D57000A37102B010BD0120A060334BD3F89020FE
:10D5800042F40042C3F890209A6842F400629A6024
:10D590004FF400629A61EAE701207047002363714B
:10D5A0002046F4F7E1F9294BD3F8902042F4805259
:10D5B000C3F890205A6A42F400525A620223A371BF
:10D5C0004FF0B042D2F8943023F40043C2F89430C4
:10D5D0001F4B1B68C3EBC303C3F34C43642202FB22
:10D5E00003F301934FF0B042019B002BC3D0019B8A
:10D5F000013B0193D2F8943013F4804FF4D1124BD5
:10D60000D3F8902042F40042C3F890209A6842F484
:10D6100000629A604FF400629A61A1E7002363718F
:10D620002046F4F7A1F9094BD3F8902042F4805238
:10D63000C3F890205A6A42F400525A628CE700BF45
:10D6400000010101586C010800040058000800584E
:10D650001808002082B084461B4B1B68C3EBC30331
:10D66000C3F34C43642202FB03F30193174A019B6B
:10D6700043B1019B013B0193936813F0020FF6D075
:10D68000002002E00120CCF80800104B19730E4B6B
:10D690001B68C3EBC303C3F34C43642202FB03F3D5
:10D6A00001930A4A019B3BB1019B013B01939368A3
:10D6B00013F0010FF6D002E00120CCF80800034B74
:10D6C000DB6802B0704700BF180800200000015856
:10D6D00082B084461C4B1B68C3EBC303C3F34C43AB
:10D6E000642202FB03F30193184A019B43B1019B9F
:10D6F000013B0193936813F0020FF6D0002002E083
:10D700000120CCF80800114BFF221A730E4B1B6846
:10D71000C3EBC303C3F34C43642202FB03F3019343
:10D720000A4A019B3BB1019B013B0193936813F0B3
:10D73000010FF6D002E00120CCF80800034BDB68B3
:10D740000B7002B0704700BF18080020000001589D
:10D7500082B00379012B1AD01E4B1B6803EB4303E5
:10D76000C3F34F33642202FB03F301931A4B5B694B
:10D7700013F0020F27D0184A019B3BB3019B013BDA
:10D780000193536913F0020FF6D100201CE0114BF6
:10D790001B6803EB4303C3F34F3301930E4AD2F8E4
:10D7A000903023F40043C2F89030019B013B019379
:10D7B000019B002BF9D1084AD2F8903043F4004382
:10D7C000C2F89030C8E7002002B07047022383609F
:10D7D0000120F9E71808002000040058F8B50446B5
:10D7E000807901283CD10D4616461F466379012BEE
:10D7F00038D0012363710223A3712046FFF7A8FFED
:10D80000A36843B1A068003818BF01200123A371A9
:10D8100000236371F8BD144AD2F8903023F400431A
:10D82000C2F890300D212046FFF714FF290A204648
:10D83000FFF710FFE9B22046FFF70CFF47B135466E
:10D840003E4415F8011B2046FFF704FFB542F8D10E
:10D85000054AD2F8903043F40043C2F89030D1E743
:10D860000220D7E70220D5E700040058F8B5144697
:10D870008279012A3CD105460F461E464379012B89
:10D8800038D001234371FFF763FFAB6843B1A86849
:10D89000003818BF01200123AB7100236B71F8BD64
:10D8A000154AD2F8903023F40043C2F890301D217D
:10D8B0002846FFF7CFFE390A2846FFF7CBFEF9B21C
:10D8C0002846FFF7C7FE00212846FFF7C3FE3EB1FA
:10D8D000264421462846FFF7FBFE0134A642F8D134
:10D8E000054AD2F8903043F40043C2F89030CEE7B6
:10D8F0000220D4E70220D2E700040058F8B514460D
:10D900008279012A34D105460F461E464379012B00
:10D9100030D001234371FFF71BFFAB6843B1A86808
:10D92000003818BF01200123AB7100236B71F8BDD3
:10D93000114AD2F8903023F40043C2F890303946AF
:10D940002846FFF787FE00212846FFF783FE3EB1F9
:10D95000264421462846FFF7BBFE0134A642F8D1F3
:10D96000054AD2F8903043F40043C2F89030D6E72D
:10D970000220DCE70220DAE700040058F8B504468C
:10D980008079012836D10D4616461F466379012B52
:10D9900032D0012363712046FFF7DAFEA36843B15A
:10D9A000A068003818BF01200123A3710023637110
:10D9B000F8BD124AD2F8903023F40043C2F89030F8
:10D9C0000E212046FFF746FE29462046FFF742FE7D
:10D9D00047B135463E4415F8011B2046FFF73AFE95
:10D9E000B542F8D1054AD2F8903043F40043C2F86A
:10D9F0009030D5E70220DBE70220D9E70004005889
:10DA0000F8B514468279012A38D105460F461E46DC
:10DA10004379012B34D001234371FFF799FEAB68A2
:10DA200043B1A868003818BF01200123AB7100235F
:10DA30006B71F8BD134AD2F8903023F40043C2F85A
:10DA400090301E212846FFF705FE39462846FFF78D
:10DA500001FE00212846FFF7FDFD3EB12644214688
:10DA60002846FFF735FE0134A642F8D1054AD2F820
:10DA7000903043F40043C2F89030D2E70220D8E758
:10DA80000220D6E70004005882B0104B1B6803EB5D
:10DA90004303C3F34F33642202FB03F301930C4AA5
:10DAA0000C4904E0019B6BB1019B013B0193D36ADC
:10DAB00013F4005FF6D04B6913F0020FF2D100208F
:10DAC00002B07047022383600120F9E718080020A4
:10DAD00000080058000400582DE9F0470F468179EE
:10DAE000012940F08480044691461E465FFA81F881
:10DAF0004379012B7ED001234371FFF729FED4F82F
:10DB000008A0BAF1000F63D1082F3FD8062F12D812
:10DB1000022F10D0394B5B68C3F3804A3220FCF7E8
:10DB20003BFD374B4FF40052DA62D3F8902042F4B9
:10DB30000052C3F89020334AD2F8903023F40043C7
:10DB4000C2F8903039462046FFF784FD46B14D4675
:10DB50004E4415F8011B2046FFF77CFDB542F8D175
:10DB6000284AD2F8903043F40043C2F89030082F8E
:10DB70000FD8062F01D8022F10D1A36883BB942F92
:10DB80002AD04FF0000884F8048029E0842FD2D0F6
:10DB9000C0E7842F02D1A36813BB1DE02046FFF726
:10DBA00073FF174BD3F8902022F40052C3F8902053
:10DBB0004FF40052DA623220FCF770FDBAF1000F28
:10DBC00002D1A36863B9DAE73220FCF7CFFCF8E7AB
:10DBD000A3682BB9842FD2D1012323714FF0000801
:10DBE0000123A371002363714046BDE8F0874FF025
:10DBF0000208F9E74FF00208F6E700BF00E100E095
:10DC00000008005800040058026852E8003F23F062
:10DC1000C00342E800310029F6D1026802F108038E
:10DC200053E8003F23F40003083242E800310029A2
:10DC3000F3D12023C0F888307047026852E8003FD3
:10DC400023F4907342E800310029F6D1026802F112
:10DC5000080353E8003F23F0805323F00103083208
:10DC600042E800310029F1D1C36E012B06D02023F8
:10DC7000C0F88C300023C36643677047026852E8DF
:10DC8000003F23F0100342E800310029F6D1EEE70F
:10DC90001346D0F88820202A3DD110B5044600292B
:10DCA0003BD0002B3BD00165A0F85430A0F8563093
:10DCB0000022C0F890202122C0F88820C26FCAB18B
:10DCC0001849D162C26F18491163C26F1749516375
:10DCD000C26F0021916302682832016DC06FFCF7AA
:10DCE000E7FE38B11023C4F890302023C4F8883000
:10DCF00001200FE0236840221A62226802F1080323
:10DD000053E8003F43F08003083242E80031002925
:10DD1000F3D1002010BD022070470120FAE7012056
:10DD2000F8E700BF31DD00087BDD000887DD000873
:10DD300008B50346806A1B681B6813F0200F18D1D2
:10DD40000023A0F85630026802F1080353E8003FB0
:10DD500023F08003083242E800310029F3D1026841
:10DD600052E8003F43F0400342E800310029F6D179
:10DD700008BDF4F7AFF9FBE7704708B5806AFFF715
:10DD8000FBFF08BD704738B5846AD4F88820D4F802
:10DD90008C5023689B6813F0800F01D0212A10D08B
:10DDA00023689B6813F0400F01D0222D10D0D4F8C7
:10DDB000903043F01003C4F890302046FFF7E2FFA4
:10DDC00038BD0023A4F856302046FFF71DFFE7E7D3
:10DDD0000023A4F85E302046FFF72FFFE7E708B5E1
:10DDE000806A0023A0F85E30A0F85630FFF7CAFF23
:10DDF00008BD704770B504460268D3691168906821
:10DE000040F60F0C13EA0C0F0ED113F0200F14D0B4
:10DE100001F0200C00F080555CEA050C0DD0636F1A
:10DE2000A3B32046984731E0B74D0540DFF8DCC288
:10DE300001EA0C0C5CEA050C29D1E56E012D00F01D
:10DE4000C58013F4801F03D010F4800F40F062816E
:10DE500013F0800F06D001F0800200F400000243AE
:10DE600040F05F8113F0400F03D011F0400F40F0FD
:10DE70005F8113F4000F03D011F0804F40F06A81EE
:10DE800013F0807F02D00029C0F2688170BD13F0CA
:10DE9000010F09D011F4807F06D001261662D4F854
:10DEA00090203243C4F8902013F0020F71D010F08C
:10DEB000010F74D0226802251562D4F8902042F038
:10DEC0000402C4F8902013F0040F08D0226804253F
:10DED0001562D4F8902042F00202C4F8902013F0AA
:10DEE000080F07D0226808251562D4F890202A432D
:10DEF000C4F8902013F4006F0CD011F0806F09D09B
:10DF000022684FF400651562D4F8902042F0200298
:10DF1000C4F89020D4F89020002AB7D013F0200F36
:10DF200009D001F0200100F08050014303D0636F5D
:10DF30000BB120469847D4F8902023689B6803F0E3
:10DF4000400302F02802134339D02046FFF775FE44
:10DF500023689B6813F0400F2DD0226802F108035C
:10DF600053E8003F23F04003083242E80031002923
:10DF7000F3D1D4F88030D3B1654A9A63D4F88000E5
:10DF8000FCF72FFE002881D0D4F88000836B9847DF
:10DF90007CE713F0040F02D010F0010F96D113F0BC
:10DFA000080FA7D001F020022A43A3D09AE7204609
:10DFB000FFF7E8FE6AE72046FFF7E4FE66E7204643
:10DFC000FFF7E0FE0023C4F890305FE713F0100F76
:10DFD0003FF437AF11F0100F3FF433AF102313624B
:10DFE00023689B6813F0400F52D0D4F88020136848
:10DFF0005B689BB2002B3FF449AFB4F85C109942C8
:10E000007FF644AFA4F85E3013681B6813F0200F4E
:10E0100032D1226852E8003F23F4807342E8003195
:10E020000029F6D1226802F1080353E8003F23F0EB
:10E030000103083242E800310029F3D1226802F1DD
:10E04000080353E8003F23F04003083242E8003160
:10E050000029F3D12023C4F88C300023E366226822
:10E0600052E8003F23F0100342E800310029F6D1C6
:10E07000D4F88000FCF77CFD02232367B4F85E30FF
:10E08000B4F85C10C91A89B22046FFF7B2FEFDE66B
:10E09000B4F85E309AB2B4F85E309BB2002B3FF415
:10E0A000F5AEB4F85C10891A89B200293FF4EEAEDF
:10E0B000226852E8003F23F4907342E800300028C1
:10E0C000F6D1226802F1080353E8003F23F08053A1
:10E0D00023F00103083242E800300028F1D1202368
:10E0E000C4F88C300023E3666367226852E8003F7F
:10E0F00023F0100342E800300028F6D10223236702
:10E100002046FFF776FEC1E6010000102001000462
:10E11000DFDD00084FF480131362204600F088FF13
:10E12000B4E6A36F002B3FF4B1AE20469847ADE6AE
:10E13000226852E8003F23F0400342E80031002902
:10E14000F6D12023C4F888300023A3672046F3F7D4
:10E15000C1FF9BE6204600F06DFF97E6204600F0E9
:10E1600068FF93E608B5D0F88C30222B05D0026802
:10E17000936943F00803936108BD03685B6A826D8D
:10E18000B0F860100B401370836D01338365B0F8F5
:10E190005E30013B9BB2A0F85E30B0F85E309BB2BF
:10E1A000002BE9D1026852E8003F23F4907342E863
:10E1B00000310029F6D1026802F1080353E8003F5C
:10E1C00023F00103083242E800310029F3D1202373
:10E1D000C0F88C300023436703670368164A9342F4
:10E1E0000CD05B6813F4000F08D0026852E8003FBF
:10E1F00023F0806342E800310029F6D1C36E012B81
:10E2000016D10023C366026852E8003F23F01003D2
:10E2100042E800310029F6D10368DA6912F0100FE4
:10E220001CBF10221A62B0F85C10FFF7E2FDA3E7F2
:10E23000F3F760FFA0E700BF0080004008B5D0F80A
:10E240008C30222B05D00268936943F00803936158
:10E2500008BD03685B6A826DB0F860100B401380E4
:10E26000836D02338365B0F85E30013B9BB2A0F84A
:10E270005E30B0F85E309BB2002BE9D1026852E804
:10E28000003F23F4907342E800310029F6D1026880
:10E2900002F1080353E8003F23F00103083242E88B
:10E2A00000310029F3D12023C0F88C3000234367CC
:10E2B00003670368164A93420CD05B6813F4000F9F
:10E2C00008D0026852E8003F23F0806342E8003142
:10E2D0000029F6D1C36E012B16D10023C366026854
:10E2E00052E8003F23F0100342E800310029F6D144
:10E2F0000368DA6912F0100F1CBF10221A62B0F81E
:10E300005C10FFF776FDA3E7F3F7F4FEA0E700BF8C
:10E31000008000402DE9F84F0368D969D3F80090D8
:10E32000D3F80880D0F88C20222A05D09A6942F0D0
:10E3300008029A61BDE8F88F0446B0F8683013B956
:10E34000B0F85E30F6E711F0200F00F0A880B0F8CA
:10E35000606000274FF0040BDFF888A11BE015F088
:10E36000040F0BD018F0010F08D02368C3F820B0B9
:10E37000D4F8903043F00203C4F89030D4F89030D1
:10E38000002B3BD1B4F85E309BB2002B3CD015F093
:10E39000200F00F0848023685B6AA26D3340137005
:10E3A000A36D0133A365B4F85E30013B9BB2A4F8C2
:10E3B0005E302368DD6915F0070FE3D015F0010F1B
:10E3C00009D019F4807F06D001221A62D4F8903067
:10E3D0001343C4F8903015F0020FC0D018F0010FAD
:10E3E000CCD0236802221A62D4F8903043F00403A0
:10E3F000C4F8903015F0040FB7D1BFE72046FFF7FF
:10E40000C1FCC4F89070BDE7226852E8003F23F4D5
:10E41000807342E800310029F6D1226802F1080336
:10E4200053E8003F23F0805323F00103083242E811
:10E4300000310029F1D12023C4F88C3067672767A9
:10E440002368534503D05B6813F4000F06D1E36ED5
:10E45000012B0DD02046F3F74DFE98E7226852E8D5
:10E46000003F23F0806342E800310029F6D1EEE757
:10E47000E766226852E8003F23F0100342E80031CB
:10E480000029F6D12368DA6912F0100F1CBF1022A0
:10E490001A62B4F85C102046FFF7ABFC77E7B4F8DB
:10E4A0005E309BB2002B3FF445AFB4F868209A422F
:10E4B0007FF640AF226802F1080353E8003F23F0E3
:10E4C0008053083242E800310029F3D1064B6367DC
:10E4D000226852E8003F43F0200342E8003100295F
:10E4E000F6D127E70080004065E100082DE9F84FEC
:10E4F0000368D969D3F80090D3F80880D0F88C204D
:10E50000222A05D09A6942F008029A61BDE8F88F84
:10E510000446B0F8683013B9B0F85E30F6E711F091
:10E52000200F00F0A880B0F8606000274FF0040BC7
:10E53000DFF888A11BE015F0040F0BD018F0010FD5
:10E5400008D02368C3F820B0D4F8903043F0020319
:10E55000C4F89030D4F89030002B3BD1B4F85E3042
:10E560009BB2002B3CD015F0200F00F08480236874
:10E570005B6AA26D33401380A36D0233A365B4F8C8
:10E580005E30013B9BB2A4F85E302368DD6915F074
:10E59000070FE3D015F0010F09D019F4807F06D0E2
:10E5A00001221A62D4F890301343C4F8903015F069
:10E5B000020FC0D018F0010FCCD0236802221A62DB
:10E5C000D4F8903043F00403C4F8903015F0040FF1
:10E5D000B7D1BFE72046FFF7D5FBC4F89070BDE781
:10E5E000226852E8003F23F4807342E8003100299A
:10E5F000F6D1226802F1080353E8003F23F080536C
:10E6000023F00103083242E800310029F1D1202330
:10E61000C4F88C30676727672368534503D05B686D
:10E6200013F4000F06D1E36E012B0DD02046F3F753
:10E6300061FD98E7226852E8003F23F0806342E8DA
:10E6400000310029F6D1EEE7E766226852E8003F84
:10E6500023F0100342E800310029F6D12368DA697B
:10E6600012F0100F1CBF10221A62B4F85C10204682
:10E67000FFF7BFFB77E7B4F85E309BB2002B3FF4A7
:10E6800045AFB4F868209A427FF640AF226802F1A5
:10E69000080353E8003F23F08053083242E800317A
:10E6A0000029F3D1064B6367226852E8003F43F02C
:10E6B000200342E800310029F6D127E7008000401E
:10E6C0003DE2000870B504464268934B9A4200F25E
:10E6D0009680A368B3F1805F07D033F4805304D0F1
:10E6E00040F633418D48F2F71FFD22688C4B9A4269
:10E6F00000F08B80E36833F4805307D0B3F5005FFC
:10E7000004D040F63A418548F2F70EFD236A33F40F
:10E71000006304D040F63B418048F2F705FD2369D1
:10E7200033F4806202D0B3F5C06F78D1636933F0FF
:10E730000C0200D123B940F63F417848F2F7F4FCCF
:10E74000A36933F4807307D0B3F5007F04D04FF48E
:10E7500044617248F2F7E8FCE36933F4004304D003
:10E7600040F641416D48F2F7DFFC636A0B2B5CD841
:10E7700021680868A3682269134362691343E26948
:10E780001343684A024013430B602268536823F422
:10E790004053E1680B435360A1692268604B9A4281
:10E7A0001CBF236A1943936823F06E4323F430633C
:10E7B0000B4393602268D36A23F00F03616A0B4313
:10E7C000D3622368584A934235D0584A934248D07E
:10E7D000534A934266D01022E069B0F5004F00F032
:10E7E000DA80082A00F24581DFE812F008012A01E8
:10E7F000060143012D01430143014301300140F66D
:10E8000032414648F2F790FC63E7E36833F4005383
:10E8100085D040F636414148F2F786FC7FE740F666
:10E820003E413E48F2F780FC80E740F642413B48DB
:10E83000F2F77AFC9CE74FF0B042D2F8882002F061
:10E84000030242F44032A2F54032032A07D8DFE83F
:10E8500012F040001801160104000822BCE7102243
:10E86000BAE74FF0B042D2F8882002F00C0242F42E
:10E870004022A2F540220C2A12D8DFE812F047000D
:10E8800011001100110004011100110011000D0010
:10E890001100110011000F0002229DE708229BE7E2
:10E8A000102299E74FF0B043D3F8883003F4406367
:10E8B000B3F5006F6BD004D8002B39D0FCF7A8FE5D
:10E8C00038E0B3F5406F02D14FF4004035E001204D
:10E8D000ADE0012212498B427FF47EAF082A00F29C
:10E8E000B88001A353F822F031E9000853EA000888
:10E8F00093E9000853EA0008BDE8000853EA00085D
:10E9000053EA000853EA000811E900080022E1E791
:10E910004FF4004011E000BF808D5B00B06C010837
:10E9200000800040F369FFCF003801400044004000
:10E93000FDF746FD002800F08E80626A534B33F8E5
:10E940001220B0FBF2F3656805EB4501994200F235
:10E950008480B3EB053F00F28280002633463146C7
:10E96000F1F716FC090241EA106100026B08C018B9
:10E970002A46334641F10001F1F70AFCA0F5407246
:10E98000434B9A426DD82368D86030464FE04148E7
:10E99000D3E74048D1E7082A65D8DFE802F0072727
:10E9A00005642A6464640B003A4803E0FDF708FD3F
:10E9B00000285AD06268616A344B33F81130B0FBDA
:10E9C000F3F0530803EB4003B3FBF2F3A3F11001A0
:10E9D0004FF6EF7291424AD823F00F0292B22168AB
:10E9E000C3F342031343CB60002020E0FDF7F8FCA3
:10E9F000DEE7FCF70DFEDBE7264803E0FDF7E0FC71
:10EA0000002838D06368616A204A32F81120B0FBD0
:10EA1000F2F000EB5300B0FBF3F0A0F110024FF660
:10EA2000EF739A4229D8236880B2D860002001236E
:10EA3000A4F86A30A4F8683000236367A36770BD48
:10EA4000FDF7CEFCDCE7FCF7E3FDD9E74FF400402F
:10EA5000D8E70120EBE70020E9E70120E7E7012004
:10EA6000E5E70120E3E70120E1E70020DFE70120FF
:10EA7000DDE70120DBE70020D9E70120D7E702220C
:10EA8000AAE60422A8E60422A6E600BFA8710108AF
:10EA9000FFFC0F000024F40010B50446836AFF2B2E
:10EAA00000F2B280A36A13F0080F0FD0A36B33F407
:10EAB000004304D040F608516048F2F735FB226865
:10EAC000536823F40043A16B0B435360A36A13F014
:10EAD000010F0FD0E36A33F4003304D040F60F5136
:10EAE0005648F2F721FB2268536823F40033E16AA9
:10EAF0000B435360A36A13F0020F0FD0236B33F460
:10EB0000803304D040F616514C48F2F70DFB2268D2
:10EB1000536823F48033216B0B435360A36A13F0D3
:10EB2000040F0FD0636B33F4802304D040F61D51E3
:10EB30004248F2F7F9FA2268536823F48023616BA4
:10EB40000B435360A36A13F0100F0FD0E36B33F441
:10EB5000805304D040F624513848F2F7E5FA226891
:10EB6000936823F48053E16B0B439360A36A13F023
:10EB7000200F0FD0236C33F4005304D040F62B51F8
:10EB80002E48F2F7D1FA2268936823F40053216CDF
:10EB90000B439360A36A13F0400F20D02368284AE8
:10EBA000934208D0A2F57442934204D040F6325109
:10EBB0002248F2F7B9FA636C33F4801304D040F6BC
:10EBC00033511E48F2F7B0FA2268536823F48013D9
:10EBD000616C0B435360636CB3F5801F1AD0A36A5A
:10EBE00013F0800F0FD0E36C33F4002304D04FF404
:10EBF00054611248F2F798FA2268536823F400230C
:10EC0000E16C0B43536010BD40F603510B48F2F723
:10EC10008BFA47E7A36C33F4001307D0B3F5800FEA
:10EC200004D040F638510548F2F77EFA226853685E
:10EC300023F4C003A16C0B435360D0E7B06C010810
:10EC4000003801402DE9F04106460C46154698462D
:10EC5000069F3268D16934EA01010CBF0123002309
:10EC6000AB4265D1B7F1FF3F38D0F2F7F9FEA0EB28
:10EC70000800B8423DD8002F3BD033681A6812F024
:10EC8000040FE6D0802CE4D0402CE2D0DA6912F4F4
:10EC9000006FDED04FF400621A62326852E8003F23
:10ECA00023F4D07342E800310029F6D1326802F132
:10ECB000080353E8003F23F00103083242E8003123
:10ECC0000029F3D12023C6F88830C6F88C30C6F866
:10ECD0009030002386F88430032008E0D36934EABA
:10ECE00003030CBF01230023AB42F7D00020BDE893
:10ECF000F081326852E8003F23F4D07342E80031DB
:10ED00000029F6D1326802F1080353E8003F23F0EE
:10ED10000103083242E800310029F3D12023C6F86C
:10ED20008830C6F88C30002386F884300320DEE774
:10ED30000020DCE730B583B004460023C0F89030F3
:10ED4000F2F78EFE05462268126812F0080F10D105
:10ED500023681B6813F0040F19D12023C4F88830EE
:10ED6000C4F88C300020E066206784F8840003B08B
:10ED700030BD6FF07E430093034600224FF4001134
:10ED80002046FFF75FFF0028E2D00320EFE76FF097
:10ED90007E4300932B4600224FF480012046FFF76C
:10EDA00051FF0028D9D00320E1E70000002857D008
:10EDB00010B504468369002B36D00368294A934274
:10EDC0000CD0A2F57442934208D002F570529342DF
:10EDD00004D04FF49F712448F2F7A6F9D4F8883094
:10EDE000002B33D02423C4F888302268136823F022
:10EDF00001031360A36A7BBB2046FFF763FC012875
:10EE000011D02268536823F49043536022689368BA
:10EE100023F02A0393602268136843F00103136010
:10EE20002046FFF787FF10BD03680E4A9342D5D0F6
:10EE3000A2F574429342D1D002F570529342CDD0E4
:10EE400040F243110848F2F76FF9C7E784F88430BD
:10EE50002046F3F74BF8C5E72046FFF71DFECBE74A
:10EE60000120704700380140B06C010810B4816582
:10EE7000A0F85C20A0F85E20002343678368B3F508
:10EE8000805F07D0002B38D10369002B0CBFFF2314
:10EE90007F2305E00369002B40F2FF1318BFFF2317
:10EEA000A0F860300023C0F890302223C0F88C30E6
:10EEB000016801F1080353E8003F43F00103083102
:10EEC00041E80034002CF3D1436EB3F1005F1FD052
:10EED0008368B3F5805F42D02B4B43670369002BF7
:10EEE00047D0026852E8003F43F4907342E8003193
:10EEF0000029F6D1002010BC7047B3F1805F01D02B
:10EF00000023CDE70369002B0CBF7F233F23C7E716
:10EF1000B0F868309342DBD88368B3F5805F19D0CE
:10EF20001A4B4367036943B1026852E8003F43F458
:10EF3000807342E800310029F6D1026802F108032B
:10EF400053E8003F43F08053083242E80031002983
:10EF5000F3D1CFE703693BB10C4B4367E4E70369A7
:10EF60002BB1094B4367BCE7094B4367E5E7094B06
:10EF70004367026852E8003F43F0200342E8003153
:10EF80000029F6D1B6E700BF65E1000815E30008E7
:10EF9000EDE400083DE2000838B5D0F88C30202BB5
:10EFA00017D1C1B1CAB10023C36603680C4CA34298
:10EFB0000CD05B6813F4000F08D0046854E8003FDD
:10EFC00043F0806344E80035002DF6D1FFF74EFF93
:10EFD00000E0022038BD0120FCE70120FAE700BF75
:10EFE00000800040436E2BB90123A0F86A30A0F8DE
:10EFF0006830704730B403689A689968490F0A4DC1
:10F000006B5CDB00094C615C93FBF1F3A0F86A30A8
:10F01000C2F34262AB5CDB00A25C93FBF2F3A0F8AC
:10F02000683030BC704700BFC8710108C07101086A
:10F03000704770477047000070B584B0044604AB59
:10F0400003E906000D4603683F4A93420CD0A2F53F
:10F050007442934208D002F57052934204D040F2B9
:10F06000B1113A48F2F760F8002D44D025F480132E
:10F07000B3F5001F04D040F2B3113448F2F754F84E
:10F0800094F88430012B32D0012384F88430242377
:10F09000C4F888302268136823F0010313602268E3
:10F0A000936823F440132B4393602268136843F062
:10F0B00001031360F2F7D4FC03466FF07E42009226
:10F0C00000224FF480012046FFF7BCFD68B92023E1
:10F0D000C4F88830002384F8843004B070BD4FF445
:10F0E00082611A48F2F720F820E00320F2E70220BC
:10F0F000F3E70220F1E794F88430012BF9D00123E3
:10F1000084F884302423C4F888302268136823F0FC
:10F11000010313602268936823F440139360BDF8E1
:10F120000C509DF80E6035F01003D8D1226853685A
:10F1300023F010032B4353602268536823F07F436E
:10F1400043EA06635360B0E700380140046D0108EC
:10F1500090F88430012B10D0012380F884300268AD
:10F1600052E8003F43F0020342E800310029F6D1A3
:10F17000002380F884301846704702207047000052
:10F1800010B504460368194A93420CD0A2F57442A4
:10F19000934208D002F57052934204D040F20D2100
:10F1A0001348F1F7C1FF94F88430012B1CD00123E0
:10F1B00084F884302423C4F88830226813681168E6
:10F1C00021F00101116043F000534FF000526266DC
:10F1D000226813602046FFF705FF2023C4F888301B
:10F1E000002084F8840010BD0220FCE700380140B4
:10F1F000046D010870B504460D460368204A934229
:10F200000CD0A2F57442934208D002F5705293429A
:10F2100004D04FF419711B48F1F786FF35F0005305
:10F220000AD0B3F1804F07D0B3F1004F04D040F2C1
:10F2300065211448F1F778FF94F88430012B1DD034
:10F24000012384F884302423C4F8883023681E689E
:10F250001A6822F001021A602268936823F0604362
:10F260002B4393602046FFF7BDFE23681E602023DA
:10F27000C4F88830002084F8840070BD0220FCE7C8
:10F2800000380140046D010870B504460D4603685E
:10F29000204A93420CD0A2F57442934208D002F562
:10F2A0007052934204D040F295211B48F1F73CFF85
:10F2B00035F000730AD0B3F1806F07D0B3F1006F5F
:10F2C00004D040F296211448F1F72EFF94F88430D0
:10F2D000012B1DD0012384F884302423C4F8883006
:10F2E00023681E681A6822F001021A602268936877
:10F2F00023F060632B4393602046FFF773FE23687F
:10F300001E602023C4F88830002084F8840070BD7B
:10F310000220FCE700380140046D010808B501F047
:10F32000D1FD012800D108BD02F054FCFBE700002C
:10F3300008B5EFF3058313B16FF0050013E001F09A
:10F34000C1FD012806D0EFF31083002BF4D1EFF3B9
:10F3500011834BB901F0B6FD012808D1074B18689D
:10F3600040B901221A6008BD6FF00500FBE74FF0BD
:10F37000FF30F8E74FF0FF30F5E700BF241800201A
:10F38000EFF3058313B16FF00500704710B501F07E
:10F3900099FD012805D0EFF31083EBB9EFF311834A
:10F3A0008BB901F08FFD012810D10D4B1B68012B8B
:10F3B0000FD100240B4BDC77094B02221A6001F0BD
:10F3C0000BF9204610BD6FF00500FBE74FF0FF3052
:10F3D000F8E74FF0FF30F5E76FF00500F2E700BF08
:10F3E0002418002000ED00E04FF47A707047F0B56B
:10F3F00087B0144600220592EFF3058212B10598FA
:10F4000007B0F0BD06460D4601F05CFD012807D0AF
:10F41000EFF31083002BF2D1EFF31183002BEED129
:10F42000002EECD0002C30D0A3692BB11846013B44
:10F43000372B02D90020E3E71820636813F0010F8F
:10F4400034D16369BBB19A08D4F800C0A768A7B1EA
:10F45000E168A729D3D92469002CD0D0002BCED0C5
:10F4600002970194013800902B466146304601F026
:10F470002BF80590C3E78022E6E7E368002BBED1B6
:10F480002369002BBBD1644601E01820802205AB24
:10F490000193013800902B4692B22146304601F08C
:10F4A00067F801281CBF00230593A8E70020A7E701
:10F4B00070B584B018B10C460546002905DA6FF026
:10F4C00003030393039804B070BD4FF0FF3303931D
:10F4D000EFF305830BB30026029602AB019300966F
:10F4E000012322463146284601F026FF019603AB50
:10F4F0000093334632463146284601F01DFF029BF9
:10F50000002BDFD04FF0E0234FF08052C3F8042DE2
:10F51000BFF34F8FBFF36F8FD4E701F0D3FC012807
:10F5200007D0EFF31083002BD5D1EFF31183002B1D
:10F53000D1D100260096012322463146284601F00B
:10F540004BFE03AB0093334632463146284601F06A
:10F5500043FEB7E700B585B0EFF305832BB16FF03D
:10F5600005030393039805B000BD01F0ABFC01282F
:10F5700007D0EFF31083002BF1D1EFF31183002BB1
:10F58000EDD101F099FC03AB009300231A46194614
:10F5900001F022FE01281CBF4FF0FF330393E1E787
:10F5A0002DE9F04F87B00291EFF3058303932BB160
:10F5B0006FF00504204607B0BDE8F08F824615467F
:10F5C00001F080FC012807D0EFF31083002BEFD16E
:10F5D000EFF31183002B42D1BAF1000F42DB029B03
:10F5E00013F0020F039C0CBFD146A14601F04EF868
:10F5F00083462E460DF114080027029B03F00103F9
:10F60000029312E004EA0A04059B1C43029BF3B137
:10F610003AEA0403CED045B301F038F8A0EB0B036F
:10F620009D4225D305EB0B06361A009643464A4603
:10F630003946384601F06CFD0128E3D0002D14BF97
:10F640006FF001046FF002040028EED1B2E71AEA6D
:10F65000040FAFD1002DDFD16FF00204AAE76FF0E5
:10F660000504A7E76FF00304A4E76FF00204A1E725
:10F67000039EDAE7EFF3058313B16FF005007047DF
:10F6800010B5044601F01EFC012805D0EFF31083ED
:10F690006BB9EFF311833BB90CB9002010BD2046C4
:10F6A00001F0F8F90020F9E76FF00500F6E76FF0D8
:10F6B0000500F3E770B5EFF3058616B1002528467F
:10F6C00070BD044601F0FEFB012807D0EFF3108364
:10F6D000002BF3D1EFF31183002B36D184B366688E
:10F6E00016F0080F33D106F00106A56825B1E368CE
:10F6F0004F2B16D80025E2E7E368002BDFD1FEB1DF
:10F70000042000F01DFB0546002DD8D024B121684F
:10F7100011B1284600F0EAFC002ED0D045F00105DA
:10F72000CDE73EB12946042000F015FB0546002D2B
:10F73000EDD1C4E72946012000F00DFB0546F6E7B0
:10F74000012000F0FDFA0546DEE70025B7E70025B9
:10F75000B5E7F8B5EFF3058313B16FF005001FE0CF
:10F7600004460D4620F0010600F0010701F0AAFB57
:10F77000012806D0EFF31083002BEED1EFF31183B5
:10F78000E3B9012C1DD967B12946304600F08EFC43
:10F79000012819D0002D0CBF6FF002006FF001009E
:10F7A000F8BD2946304600F0B5FB01280ED0002DEB
:10F7B0000CBF6FF002006FF00100F1E76FF0050081
:10F7C000EEE76FF00300EBE70020E9E70020E7E752
:10F7D000EFF3058313B16FF00500704770B5044671
:10F7E00020F0010500F0010601F06CFB012805D0B6
:10F7F000EFF3108303BBEFF31183BBB9012C18D9CE
:10F8000046B1284600F0B6FA012814BF6FF0020096
:10F81000002070BD00231A461946284600F0C0F9A2
:10F82000012814BF6FF002000020F2E76FF005001E
:10F83000EFE76FF00300ECE76FF00500E9E7000089
:10F84000034B0360034B0B6080231360704700BFC2
:10F850007C1700207C150020034B0360034B0B60DA
:10F8600040231360704700BFD4140020D41300203D
:10F8700000F1080343604FF0FF328260C360036110
:10F8800000230360704700230361704710B40C68C5
:10F89000B4F1FF3F16D000F10803C2681268944229
:10F8A00004D35B685A681268A242FAD95A684A605F
:10F8B0004A6891608B605960086103680133036096
:10F8C00010BC70470369F1E7036942688168916081
:10F8D0008268416851605A68824204BF82685A60F7
:10F8E000002202611A68013A1A601868704710B560
:10F8F000044602F00FF9A46B02F02EF9B4FA84F07A
:10F90000400910BD70B504461546866B026C5AB9A5
:10F9100003681BB100200136A66370BD806801F04A
:10F9200039FB0023A360F6E76DB9406803F0E0F807
:10F930006368226C13446360A268934219D32368FE
:10F9400063602846E7E7C06803F0D2F8226C5142B2
:10F95000E3689B1AE3602268934202D2A3680B44D7
:10F96000E360022D01D00020D5E726B1013E002042
:10F97000D1E72846CFE70020CDE708B50346026C63
:10F9800062B10846D9681144D960D3F808C061450E
:10F9900024BF1968D960D96803F0AAF808BD70B50A
:10F9A000054602F0B7F895F8454064B2002C0FDD2B
:10F9B00005F1240602E0013C64B24CB16B6A3BB134
:10F9C000304601F089F90028F5D001F04BFAF2E752
:10F9D000FF2385F8453002F0BFF802F09BF895F858
:10F9E000444064B2002C0FDD05F1100602E0013C3A
:10F9F00064B24CB12B693BB1304601F06DF900287F
:10FA0000F5D001F02FFAF2E7FF2385F8443002F039
:10FA1000A3F870BD38B550B10D460446C36B63B949
:10FA200040F263112248F1F77FFB002038BD4FF40C
:10FA300097711F48F1F778FBF2E7026CA2FB0323F2
:10FA4000002BEDD102F066F82268216CE36B01FB1C
:10FA500003F3D018A0600020A06362605B1A1A4410
:10FA6000E260FF2384F8443084F84530B5B9236957
:10FA70001BB902F071F80120D8E704F1100001F081
:10FA80002BF90028F5D04FF0E0234FF08052C3F857
:10FA9000042DBFF34F8FBFF36F8FEAE704F110001F
:10FAA000FFF7E6FE04F12400FFF7E2FEE1E700BF06
:10FAB0005C6D0108F0B583B0E3B106460F4615460C
:10FAC0001C46E0B115B3D7B150230193019B502BD5
:10FAD0002ED1019B012184F846102560E66327643E
:10FAE0002046FFF797FF9DF8203084F84C302046E1
:10FAF00003B0F0BD40F277111148F1F715FB4FF458
:10FB0000D0710F48F1F710FB0020F1E7002FF6D17C
:10FB100050230193019B502B02D1019B2546D9E72D
:10FB200040F289110648F1F7FFFA019B2546D1E71B
:10FB300040F289110248F1F7F7FA019BCAE700BFCA
:10FB40005C6D0108F8B508B30C4616460746A1FBE4
:10FB50000023DBB901FB00F010F1510F16D8503033
:10FB600001F0A4FE0546B8B1002380F846305CB130
:10FB700000F150032B60EF632C6401212846FFF74E
:10FB800049FF85F84C6007E00346F3E740F2152192
:10FB90000248F1F7C9FA00252846F8BD5C6D010856
:10FBA0002DE9F04F85B0894601921D46044678B193
:10FBB000B9F1000F12D0022D19D001F083F908B964
:10FBC000019BEBB94FF0000A02AED04601AF55E001
:10FBD00040F27D315348F1F7A7FAE9E7236C002B97
:10FBE000E9D040F27E314F48F1F79EFAE3E7E36B4C
:10FBF000012BE2D040F27F314A48F1F795FADCE779
:10FC000040F282314748F1F78FFADBE72A4649464E
:10FC10002046FFF777FE636A83B948B14FF0E023CF
:10FC20004FF08052C3F8042DBFF34F8FBFF36F8F97
:10FC300001F092FF012005B0BDE8F08F04F124002F
:10FC400001F04AF80028F3D04FF0E0234FF0805243
:10FC5000C3F8042DBFF34F8FBFF36F8FE8E701F0B8
:10FC60007BFF0020E7E7304601F0B0F814E02046C3
:10FC7000FFF795FE00F03AFE4FF0010A01F04AFF4F
:10FC8000A26BE36B9A42C1D3022DBFD0019B002B24
:10FC9000E5D0BAF1000FE6D001F05EFF00F0EEFC17
:10FCA00001F038FF94F844305BB2B3F1FF3F08BF76
:10FCB00084F8448094F8450040B2B0F1FF3F08BF9B
:10FCC00084F8458001F048FF3946304601F08AF853
:10FCD00000BB01F01FFFD4F838B0D4F83CA001F00D
:10FCE0003BFFD345C3D1019904F1100000F0AEFFF2
:10FCF0002046FFF754FE00F0F9FD0028BCD14FF07C
:10FD0000E0234FF08052C3F8042DBFF34F8FBFF3B1
:10FD10006F8FB1E72046FFF742FE00F0E7FD0020BD
:10FD200089E700BF5C6D010848B108B5002181601A
:10FD30000160C1600B460A46FFF732FF08BD7047FD
:10FD400010B5024600210120FFF7FCFE0446FFF734
:10FD5000EBFF204610BD10B582B00B46009000228C
:10FD600011460120FFF7A6FE0446FFF7DDFF2046FF
:10FD700002B010BD38B5044630B1A56801F09CF85A
:10FD8000854207D0002038BD40F2D2210848F1F763
:10FD9000CBF9F2E7E368013BE3600BB10120F2E746
:10FDA0001A4619462046FFF7FBFE0120EBE700BF8D
:10FDB0005C6D01082DE9F04784B088460192044645
:10FDC00068B1B8F1000F10D001F07CF808B9019BC0
:10FDD000A3B94FF0000A02AD574601AE4EE040F223
:10FDE0009C514B48F1F7A0F9EBE7236C002BEBD0CB
:10FDF0004FF4B4614648F1F797F9E5E740F2A551B1
:10FE00004348F1F791F9E4E741462046FFF7B5FD95
:10FE100009F1FF33A36323692BB901F09DFE012093
:10FE200004B0BDE8F08704F1100000F055FF002891
:10FE3000F3D04FF0E0234FF08052C3F8042DBFF30E
:10FE40004F8FBFF36F8FE8E701F086FE0020E7E7F2
:10FE5000284600F0BBFF1EE02046FFF7A0FD00F0A3
:10FE600045FD09E02046FFF79AFD00F03FFD2046E2
:10FE7000FFF73DFD002848D14FF0010A01F04AFE8E
:10FE8000D4F83890B9F1000FBED1019B002BDBD024
:10FE9000BAF1000FDCD001F05FFE00F0EFFB01F0E3
:10FEA00039FE94F844305BB2B3F1FF3F08BF84F8E9
:10FEB000447094F845305BB2B3F1FF3F08BF84F85B
:10FEC000457001F049FE3146284600F08BFF0028BE
:10FED000C8D12046FFF70BFD0028BDD0019904F1E1
:10FEE000240000F0B3FE2046FFF759FD00F0FEFCB1
:10FEF0000028C1D14FF0E0234FF08052C3F8042D09
:10FF0000BFF34F8FBFF36F8FB6E7002088E700BFC6
:10FF10005C6D01082DE9F04385B00191044668B19C
:10FF2000236C8BB900F0CEFF08B9019B93B94FF059
:10FF30000008C14602AD474601AE58E040F22E61CE
:10FF40005948F1F7F1F8EBE740F232615648F1F722
:10FF5000EBF8E7E740F237615348F1F7E5F8E6E7F9
:10FF6000013BA36323684BB123695BB901F0F4FD46
:10FF70004FF00108404605B0BDE8F08301F0BAF843
:10FF8000A060F1E704F1100000F0A6FE0028EDD01B
:10FF90004FF0E0234FF08052C3F8042DBFF34F8F92
:10FFA000BFF36F8FE2E701F0D7FD4FF00008E1E704
:10FFB000284600F00BFF25E001F0ACFDA06800F042
:10FFC00091FF804601F0C8FD42E02046FFF7E7FCC4
:10FFD00000F08CFC09E02046FFF7E1FC00F086FC15
:10FFE0002046FFF784FC002849D14FF0010901F0B9
:10FFF00091FDA36B002BB3D1019B002BD3D0B9F1A2
:020000040801F1
:10000000000FD5D001F0A8FD00F038FB01F082FD13
:1000100094F844305BB2B3F1FF3F08BF84F84470FA
:1000200094F845305BB2B3F1FF3F08BF84F84570E8
:1000300001F092FD3146284600F0D4FE0028CAD1D6
:100040002046FFF754FC0028BFD02368002BB3D014
:10005000019904F1240000F0F9FD2046FFF79FFC10
:1000600000F044FC0028C0D14FF0E0234FF0805254
:10007000C3F8042DBFF34F8FBFF36F8FB5E7B8F10F
:10008000000F3FF477AF01F045FD616A19B1236BB2
:100090001968C1F13801A06800F0CEFF01F05CFDE5
:1000A0004FF0000866E700BF5C6D010870B50D46B3
:1000B000044668B1A66800F0FFFE86420ED02946CD
:1000C0002046FFF727FF68B1E3680133E36009E0EA
:1000D00040F20A310448F1F727F8EBE7E36801330F
:1000E000E360012070BD00BF5C6D010838B50D46AE
:1000F000044620B1F5B1104B002002460DE040F659
:1001000015310E48F1F710F8F4E70B4800EBC20088
:100110000EE001320833082A09D05968A142F4D010
:100120000028F6D11968002908BF1846F1E708B180
:100130000560446038BD00BF281800205C6D0108D0
:1001400070B504460D46164601F0E4FC94F84430C0
:100150005BB2B3F1FF3F04BF002384F8443094F84E
:1001600045305BB2B3F1FF3F04BF002384F8453054
:1001700001F0F2FCA36B1BB12046FFF710FC70BD31
:100180003246294604F1240000F07AFDF4E700002D
:10019000094B1A68094B1B68D86A50B9084B1B6891
:1001A000012B07D832B9074B1868074B1B68C01AD8
:1001B00070470020704700BF84180020601D002099
:1001C000001900206C18002088180020074B1B68BD
:1001D0001B6823B9064B4FF0FF321A607047034B80
:1001E0001B68DB681A68024B1A607047D41800203D
:1001F0006C1800202DE9F04707468A469846089D6E
:10020000DDF824900A9C96003246A521206B02F06E
:10021000E3FB043E236B1E4426F00706BAF1000FF1
:100220000FD00AF1FF3C04F133030AF10F0A1CF866
:10023000012F03F8012F0AB1D445F8D1002384F827
:100240004330372D27D8E562E564201DFFF71BFBFF
:1002500004F11800FFF717FB2461C5F13805A5610B
:1002600064624C22002104F1540002F0B5FB0D4BF6
:10027000A36503F16802E265D0332366424639463E
:10028000304601F023FC2060B9F1000F01D0C9F81D
:100290000040BDE8F08740F296310348F0F744FF94
:1002A0003725D0E7DC660020B06D010870B5054643
:1002B00001F030FC374A136801331360364B1B687A
:1002C000002B43D0354B1B683BB9334B1B68DA6AB4
:1002D000EB6A9A429CBF304B1D60314A1368013370
:1002E00013606B64EB6A2F4A1268934284BF2D4AF5
:1002F00013602D4A03EB830302EB83035B68AB605F
:100300009968E9609868291D41609960EB6A03EB80
:100310008301880002EB810169611158013111509C
:1003200001F01AFC1D4B1B687BB11B4B1B68DA6A82
:10033000EB6A9A4209D24FF0E0234FF08052C3F8A3
:10034000042DBFF34F8FBFF36F8F70BD124B1D6035
:100350001368012BC1D1144C04F58C662046FFF7BD
:1003600087FA1434B442F9D1104E3046FFF780FAC0
:100370000F4C2046FFF77CFA0E48FFF779FA0E483B
:10038000FFF776FA0D48FFF773FA0D4B1E600D4B21
:100390001C60A2E78C180020601D0020801800203F
:1003A000701800208418002000190020EC1800208C
:1003B000D8180020BC180020A81800209018002091
:1003C000D4180020D018002010B504460E4B186831
:1003D000543002F009FB94F8A5304BB1012B0ED03C
:1003E000022B0BD040F6D9710848F0F79DFE05E0CE
:1003F000206B01F0F5FA204601F0F2FA10BD20461C
:1004000001F0EEFAFAE700BF601D0020B06D0108B0
:1004100070B504460D46264B1E68264B18680430FE
:10042000FFF752FAB4F1FF3F0DD03444214B1B6863
:100430005C60A6421DD9204B18681E4B1968043118
:10044000FFF724FA70BD15B31C4A5168194B1868A0
:10045000816018688C68C46018688C6804306060BB
:100460001868043088601B685A6113680133136090
:10047000E8E7134B18680F4B19680431FFF706FAC9
:10048000104B1B68A342DDD90E4B1C60DAE7731ECC
:10049000084A126853609E42CDD8094B1868054B34
:1004A00019680431FFF7F2F9064B1B68CAE700BF71
:1004B00088180020601D0020D0180020901800200F
:1004C000D41800206C1800202DE9F04387B00546B1
:1004D000894690461F460F9E109C0EB334B3A82346
:1004E0000493049BA82B32D1049B56B3A82200216D
:1004F000204602F071FA2663022384F8A530002317
:100500000393029405AB01930E9B00933B46424636
:1005100049462846FFF76EFE2046FFF7C7FE12E069
:1005200040F243211148F0F7FFFDD7E74FF4117176
:100530000E48F0F7F9FDA8230493049BA82B0DD1D6
:10054000049B00230593059807B0BDE8F0834FF4A2
:1005500013710648F0F7E8FD049BC6E74FF41371EA
:100560000248F0F7E1FD049BEBE700BFB06D010826
:100570002DE9F04385B00746884614461E46900094
:1005800001F094F918B38146A82001F08FF90546CF
:10059000B8B1A822002102F01FFAC5F8309000235C
:1005A000039302950D9B01930C9B009333462246C7
:1005B00041463846FFF71EFE2846FFF777FE01202A
:1005C00007E0484601F00CFA4FF0FF3001E04FF031
:1005D000FF3005B0BDE8F08310B588B00024059465
:1005E000069407AA06A905A8FFF72AF9059B029316
:1005F000069B019300942346079A17491748FFF773
:1006000063FF30B101F0F2F8012806D0B0F1FF3FEE
:100610001CD0134B1B6808B010BD4FF0500383F380
:100620001188BFF36F8FBFF34F8F0E4B1B6854338E
:100630000D4A13600D4B4FF0FF321A600C4B012234
:100640001A600C4B1C6001F0EFFAE2E74FF4026114
:100650000948F0F769FDDCE7046E0108DD0A0108CE
:10066000D0710108601D0020280800206C180020AF
:100670008018002088180020B06D0108024A136815
:1006800001331360704700BF68180020014B1868E1
:10069000704700BF8818002010B50446194B1B682E
:1006A000194A1268034493420BD8164B1B68164A2A
:1006B0001268234493420AD0124A136823441360F9
:1006C00010BD40F657211148F0F72EFDEDE7104B15
:1006D0001B6853B17CB101F01DFA0E4A1368013357
:1006E000136001F039FA013CE6E740F65E21074865
:1006F000F0F71AFDEEE740F65F210448F0F714FD2D
:10070000E9E700BF881800206C180020B06D0108D0
:10071000681800207C1800202DE9F843674B1B68FF
:10072000002B40F0C480664B1C6801341C607CB90F
:10073000644B1B681B68E3B9624A1168624B186816
:1007400010601960614A136801331360FFF73EFDC2
:100750005F4B1B68A34200F294805A4B1B681B68D6
:100760006BB14FF0000C574865465A4E5A495B4FE3
:100770005FE040F6F4215A48F0F7D6FCDCE74FF092
:10078000000C534B4FF0FF321A607CE0504B1A6064
:1007900079E09A6AD3F81C80D3F82090C8F80890C2
:1007A000D3F82080D3F81C90C8F80490D2F80490B5
:1007B00003F11808C14504BFD3F82080C2F80480B3
:1007C0009D62D2F8008008F1FF38C2F80080DA6A32
:1007D000D6F80080424588BF326002EB820201EB0E
:1007E000820252689A60D2F80880C3F80C80D2F86E
:1007F0000880C8F804E0C2F808E0DA6A02EB820E6A
:1008000001EB8E08C3F8148051F82EE00EF1010EB2
:1008100002EB820241F822E0D7F800E0DA6ADEF863
:100820002C309A4288BF4CF0010C03681B68002BE7
:10083000A7D00368DB68DB685A689442A6D35A697C
:10084000D3F808E0D3F80C80CEF80880D3F80CE099
:10085000D3F80880CEF80480D2F8048003F1040EA7
:10086000F04504BFD3F80C80C2F804805D61D2F873
:10087000008008F1FF38C2F800809A6A002A88D107
:10088000A5E74FF0000C154B1B68DB6A03EB8303F5
:100890009B00114AD358134A1068012B98BF0028B7
:1008A00014BF0120002040EA0C00BDE8F8830E4A86
:1008B0001368013313600020F7E700BF68180020B9
:1008C00088180020D4180020D018002074180020A8
:1008D0006C1800208418002000190020601D0020E2
:1008E000B06D0108781800207C1800202DE9F04137
:1008F0005F4B1B68002B00F0928001F00BF95C4B02
:100900001A68013A1A601B68002B40F0A880594B06
:100910001B68002B00F0A980574B1B68002B78D078
:10092000554C0020554D5649564EDFF85CC1012705
:10093000E368DB689A6AD3F81CE0D3F82080CEF82D
:100940000880D3F820E0D3F81C80CEF80480D2F8D9
:10095000048003F1180EF04504BFD3F820E0C2F87C
:1009600004E09862D2F800E00EF1FF3EC2F800E029
:100970005A69D3F808E0D3F80C80CEF80880D3F891
:100980000CE0D3F80880CEF80480D2F8048003F19C
:10099000040EF04504BFD3F80C80C2F804805861FF
:1009A000D2F8008008F1FF38C2F80080DA6AD5F882
:1009B0000080424588BF2A6002EB820201EB82027E
:1009C00052689A60D2F80880C3F80C80D2F8088088
:1009D000C8F804E0C2F808E0DA6A02EB820E01EB24
:1009E0008E08C3F8148051F82EE00EF1010E02EBD0
:1009F000820241F822E0D6F800E0DA6ADEF82C3014
:100A00009A4288BFCCF800702368002B90D1FFF782
:100A1000DDFB1E4B1C689CB11B4E012507E040F618
:100A200093011B48F0F780FB67E7013C05D0FFF717
:100A300073FE0028F9D03560F7E7144B00221A60E6
:100A4000114B1C6864B14FF0E0234FF08052C3F8A3
:100A5000042DBFF34F8FBFF36F8F012400E00024FC
:100A600001F07AF82046BDE8F0810024F8E700BFE5
:100A7000681800208C180020BC1800208418002062
:100A800000190020601D0020781800207C1800202C
:100A9000B06D010810B560B104460E4B1B689BB9E0
:100AA000FFF7ECFD00212046FFF7B2FCFFF71EFF29
:100AB00048B94FF0E0234FF08052C3F8042DBFF344
:100AC0004F8FBFF36F8F10BD4FF4A4610248F0F752
:100AD0002BFBE5E768180020B06D01082DE9F04117
:100AE000264C274F274EDFF8A0800FE04FF0E02381
:100AF0004FF08052C3F8042DBFF34F8FBFF36F8FB9
:100B0000EFF764FEFFF744FB02281BD82368A3B16C
:100B100001F000F8FB68DD68281DFEF7D5FE33689C
:100B2000013B33602368013B236001F015F8284640
:100B3000FFF74AFC2368002BEAD1D8F80030012BDC
:100B4000D4D8DDE7FFF79AFD104B1A68104B1B68ED
:100B50009A420CD3FFF71CFB0546EFF7F1FC022D80
:100B600002D92846EFF7F8FCFFF7C0FECEE740F6C3
:100B7000F1510848F0F7D8FAECE700BFA4180020BC
:100B8000A81800208C180020001900206C180020E4
:100B900088180020B06D0108F8B5254B1B681BB103
:100BA000244B01221A60F8BD224B00221A60224B0E
:100BB0001C6804EB84039B00204AD3588BB9204F58
:100BC00040F63346154605E0013C04EB840355F836
:100BD000233033B9002CF7D131463846F0F7A4FA68
:100BE000F2E7164B04EB840203EB8202516849687A
:100BF0005160526804EB840103EB810308339A428D
:100C00000FD004EB84020D4B03EB82035B68DA68C0
:100C10000C4B1A60084A14601B6854330A4A13606C
:100C2000C1E7064B03EB8103DA685A60E9E700BFCE
:100C3000681800207818002084180020001900206F
:100C4000B06D0108601D00202808002038B50C4652
:100C5000054650B1084B196818312846FEF716FEB4
:100C600001212046FFF7D4FB38BD40F64B41034835
:100C7000F0F75AFAEEE700BF601D0020B06D0108E2
:100C800070B50E4614460546D8B16A68104B19680F
:100C9000CA611968906808621968906818314160E3
:100CA0001968183191601B689D622B6801332B60B5
:100CB000002C21460CBF30464FF0FF30FFF7A8FB59
:100CC00070BD40F681410348F0F72EFADDE700BF22
:100CD000601D0020B06D010810B5C368DC68002CF1
:100CE00052D0A36AE269216A9160226AE169516087
:100CF0005A6804F118018A4204BF226A5A6000222D
:100D0000A2621A68013A1A60294B1B68002B41D174
:100D10006369A268E1689160E268A16851605A68FD
:100D2000211D8A4204BFE2685A60002262611A688B
:100D3000013A1A60E36A1F4A1268934284BF1D4A4F
:100D400013601D4A03EB830302EB83035B68A3601C
:100D50009868E060986841609960E36A03EB8301FA
:100D6000880002EB81016161115801311150FFF7D8
:100D70002DFA124B1B68E26ADB6A9A4283BF01209C
:100D80000F4B1860002010BD40F6B1410D48F0F740
:100D9000CBF9A6E70C4B5A68E26190682062906834
:100DA00041609160A3621A6801321A60E1E700BFF6
:100DB000681800208418002000190020601D002001
:100DC00078180020B06D0108BC180020034B1B6888
:100DD0000360034B1B684360704700BF741800201A
:100DE0008818002038B50C460546A8B1D4B100F0EB
:100DF00091FE194B1A682368B3F1FF3F27D0696849
:100E000016480068D5F800C0844511D091420FD82B
:100E10000023236001241BE040F62C511048F0F71A
:100E200083F9E3E740F62D510D48F0F77DF9DEE751
:100E3000501A834203D800232360012408E09B1A40
:100E40000B4423602846FFF7C1FF002400E0002484
:100E500000F082FE204638BD88180020741800205B
:100E6000B06D0108014B01221A607047781800200C
:100E70000C4B1B687BB90C4B1B6873B90B4B1B6885
:100E80006BB90B4B18680B4B1B68013B98420CBFAE
:100E9000022001207047002070470020704700208A
:100EA000704700BFBC180020781800207C18002074
:100EB000901800208C180020014B1868704700BF64
:100EC000601D0020054B1B6833B1054B1868B0FA54
:100ED00080F04009400070470120704780180020D2
:100EE0006818002000284DD038B50446C36A264A49
:100EF0001268D26A93423CD28269002A05DB224AF8
:100F00001268D26AC2F138028261616903EB83031D
:100F10001E4A02EB8303994205D01B4B1B68DB6A18
:100F2000E36201202DE0251D2846FEF7CDFC164B7F
:100F30001B68DB6AE362164A1268934284BF144A54
:100F40001360124A03EB830302EB83035B68A36025
:100F50009968E16099684D609D60E36A03EB8301E5
:100F6000880002EB810161611158013111500120AB
:100F700007E0054B1B68C06CDB6A98422CBF002061
:100F8000012038BD00207047601D0020001900209E
:100F900084180020002843D038B50446224B1B6833
:100FA000834204D041F28C012048F0F7BDF8236D54
:100FB0004BB1236D013B2365E16AE26C914231D074
:100FC0003BB1002038BD41F28D011848F0F7ACF874
:100FD000EFE7251D2846FEF777FCE36CE362C3F1DB
:100FE0003802A261124A1268934284BF104A136009
:100FF000104A03EB830302EB83035B68A3609968E9
:10100000E16099684D609D60E36A03EB83018800AD
:1010100002EB810161611158013111500120D1E7CA
:10102000002070470020CDE7601D0020B06D010852
:101030008418002000190020002851D038B50C4633
:101040000546036D53B1EB6C9C4238BF1C46EB6AFE
:10105000A34202D02B6D012B06D038BD41F2DC013A
:101060002048F0F761F8EEE71F4B1B68AB4231D028
:10107000EB6AEC62AA69002AA4BFC4F13804AC612F
:10108000696903EB8303194A02EB83039942E4D1B4
:101090002C1D2046FEF718FCEB6A154A1268934295
:1010A00084BF134A1360114A03EB830302EB8303EB
:1010B0005B68AB609968E96099684C609C60EB6A1A
:1010C00003EB8301880002EB810169611158013152
:1010D0001150C2E741F2F7010248F0F725F8C7E7DF
:1010E000704700BFB06D0108601D0020001900208E
:1010F00084180020054B1B6823B1044B1A68136D3C
:1011000001331365014B1868704700BF601D002054
:10111000F8B50E4617461D460446002837D100F0A4
:10112000F9FC2B4B1B68234493F8A430022B10D0FE
:1011300027490B6803EB8403D3F8A02022EA0602B8
:10114000C3F8A0200B682344012283F8A420069B47
:101150001BBB00F001FD00F0DDFC35B11C4B1B6832
:1011600004F1280253F822302B60194B1B682344EA
:1011700093F8A430022B1FD00025154B1B68234485
:10118000002283F8A42000F0E7FC2846F8BD41F2D5
:10119000E7211048EFF7C8FFC1E711461846FFF7EF
:1011A00037F94FF0E0234FF08052C3F8042DBFF31E
:1011B0004F8FBFF36F8FCCE7054B1B6803EB8403A6
:1011C000D3F8A02022EA0702C3F8A0200125D4E723
:1011D000601D0020B06D01082DE9F04104469046E5
:1011E0001D46069F0E46B1B9DCB100F093FC27B155
:1011F00006F1280354F823303B60A31993F8A47038
:10120000FFB2022283F8A420042D32D8DFE805F0D3
:10121000170F1F272B0041F23F314248EFF784FFA1
:10122000E2E74FF49A513F48EFF77EFFDDE704EB2A
:101230008606D6F8A03043EA0803C6F8A030012F8E
:1012400021D0012400F088FC2046BDE8F08104EBA9
:101250008606D6F8A0300133C6F8A030EFE728366E
:1012600044F82680EBE7022F57D0283644F8268032
:10127000E5E72D4B1B68002BE1D041F27531294881
:10128000EFF752FFDBE76369A268E1689160E2680B
:10129000A16851605A68211D8A4204BFE2685A6001
:1012A000002262611A68013A1A60E36A1F4A1268F2
:1012B000934284BF1D4A13601D4A03EB830302EB74
:1012C00083035B68A3609868E060986841609960F8
:1012D000E36A03EB8301880002EB8101616111582D
:1012E00001311150A36A23B141F284310D48EFF767
:1012F0001BFFFEF76BFF0F4B1B68E26ADB6A9A422B
:101300000DD94FF0E0234FF08052C3F8042DBFF306
:101310004F8FBFF36F8F012494E7002492E70124DD
:1013200090E700BFB06D01088818002084180020E5
:1013300000190020601D00202DE9F8430C4691465D
:101340001E46089F054600B32CBB00F0E1FCEFF3FE
:1013500011884FF0500383F31188BFF36F8FBFF3F1
:101360004F8F27B104F1280355F823303B602B1928
:1013700093F8A470FFB2022283F8A420042E31D87F
:10138000DFE806F0170F1E262A0041F2BC3148485C
:10139000EFF7CAFED8E741F2BD314548EFF7C4FE8A
:1013A000D3E705EB8404D4F8A03043EA0903C4F87A
:1013B000A030012F20D0012088F31188BDE8F883E8
:1013C00005EB8404D4F8A0300133C4F8A030F0E772
:1013D000283445F82490ECE7022F65D0283445F8EE
:1013E0002490E6E7334B1B68002BE2D041F2044126
:1013F0002F48EFF799FEDCE7AB6A23B141F20F41CA
:101400002B48EFF791FE2C4B1B68002B3DD16B69ED
:10141000AA68E9689160EA68A96851605A68291D5C
:101420008A4204BFEA685A6000226A611A68013A77
:101430001A60EB6A214A1268934284BF1F4A136004
:101440001F4A03EB830302EB83035B68AB6098687E
:10145000E860986841609960EB6A03EB830188005B
:1014600002EB81016961115801311150154B1B6864
:10147000EA6ADB6A9A4219D9099B13B10123099AD6
:1014800013600120104B186096E7104B5A68EA6110
:1014900091682962906805F1180141609160AB6222
:1014A0001A6801321A60E1E7002085E7012083E72E
:1014B000B06D0108881800206818002084180020EA
:1014C00000190020601D002078180020BC180020A2
:1014D00008B54160006191420CD8D21A83699A42E2
:1014E00001D3012008BD011D094B1868FEF7CEF994
:1014F0000020F7E79A4201D2994206D2011D054B1E
:101500001868FEF7C3F90020ECE70120EAE700BF06
:10151000601E0020641E002070B504460D4616466D
:1015200004E0A3691D44236A20469847A1692B461D
:10153000324629442046FFF7CBFF0028F1D170BD89
:1015400070B505460E460D4B1B68DB68DC68201D38
:10155000FEF7BAF994F8283013F0040F07D123F0FE
:10156000010384F82830236A2046984770BD32462C
:1015700029462046FFF7D0FFF5E700BF641E002094
:10158000F8B50546FFF782F80446104B1B68834206
:1015900005D800232B600D4B1C602046F8BD0C4B7A
:1015A0001B681A685AB14FF0FF37094EDB6818689C
:1015B0003946FFF7C5FF33681A68002AF6D1054A95
:1015C00010680349086013600123E3E7541E0020FC
:1015D000641E0020601E00202DE9F04387B0634F99
:1015E00002AC634E3B68D3F80080B8F1000F00F006
:1015F0009780DB68D3F80080FFF740F82046FFF7BC
:10160000BFFF0546029A4AB9804500F29980FFF76C
:101610006DF929464046FFF793FF01E0FFF766F9B1
:10162000002506E005990498039B9847029B002B30
:1016300009DA2A4621463068FEF7BCFB0028D1D0E3
:10164000029B002BEEDBDDF81080D8F814301BB1C4
:1016500008F10400FEF738F901A8FFF791FF814671
:10166000029B013B082BE4D8DFE803F005052C338F
:101670004C05052C330098F8283043F0010388F816
:101680002830039BD8F81810024619444046FFF74B
:101690001FFF0028CDD098F8283013F0040F08D190
:1016A00023F0010388F82830D8F8203040469847C6
:1016B000BFE7D8F818304A46039919444046FFF767
:1016C0002BFFF1E798F8283023F0010388F8283041
:1016D000AFE798F8283043F0010388F82830039BDF
:1016E000C8F8183043B1D8F818104B464A46494458
:1016F0004046FFF7EDFE9CE74FF45D711D48EFF7A4
:1017000013FDF0E798F8283013F0020F04D023F00F
:10171000010388F828308CE7404600F061F988E73B
:10172000FEF7ACFF2046FFF72BFF0546029B002B80
:101730007FF474AF104B1B681A68B2FA82F2520938
:10174000A8EB05013068FEF7FBFCFFF7CFF8002897
:101750007FF466AF4FF0E0234FF08052C3F8042DC2
:10176000BFF34F8FBFF36F8F5AE700BF641E002097
:101770005C1E00200C6E0108601E002030B583B096
:1017800000F0C8F9114B1B681BB100F0E5F903B07C
:1017900030BD0F4D2846FEF76BF80E4C2046FEF785
:1017A00067F80D4B1D600D4B1C60002300930C4B24
:1017B0000C4A10210A20FEF77DF9044B186000281E
:1017C000E3D00949FEF792FCDFE700BF5C1E002072
:1017D0007C1E0020681E0020641E0020601E002069
:1017E000641D0020B41D0020606E010810B588B093
:1017F000FFF7C4FF114B1B68C3B100240594069486
:1018000007AA06A905A8FEF727F8059B0293069BE1
:101810000193022300932346079A09490948FEF7DA
:1018200053FE094B186008B1012005E040F2191180
:101830000648EFF779FC002008B010BD5C1E0020C0
:10184000686E0108D9150108581E00200C6E0108A9
:1018500010B4144B1A461B688342FBD35468111909
:10186000884209D0446801198B420FD0036082423C
:1018700000D0106010BC70474168214451600C4694
:1018800011448B4201D01360F4E710460649096801
:101890008B4205D05B682344436013681B68E5E70F
:1018A0000B46E3E7A41E0020A01E0020F8B5044666
:1018B000FEF7E4FE434B1B68ABB1631E13F10A0F46
:1018C0000CD804F1080514F0070371D0A3F1090244
:1018D000AA4203D31034E51A002D6BDCFFF706F89B
:1018E00000263046F8BD384A12F0070F1AD0D11D35
:1018F00021F0070102F58042531A0A46334802607C
:10190000002141601344083B23F007032D48036086
:1019100059601960991A516013602D4B19602D4B55
:101920001960CAE74FF48043E8E722461C46636823
:10193000AB4202D22368002BF7D1224B1B68A34293
:10194000CCD0166808362368136063685B1B102BC5
:101950000AD9671917F0070F25D163685B1B7B60F5
:1019600065603846FFF774FF62681A490B689B1A76
:101970000B60174909688B423CBF15490B6042F068
:101980000042626000232360134A1368013313602E
:10199000FEF7ACFF16F0070FA3D04FF497710F4876
:1019A000EFF7C2FB9DE7EE210C48EFF7BDFBD4E754
:1019B000002D93DB074B1B68AB428FD3034A14689F
:1019C000B5E700BFA01E0020AC1E0020A41E002012
:1019D000981E00209C1E0020941E0020706E01089E
:1019E00000283CD010B5044650F8043C002B0FDA18
:1019F00050F8083CD3B14FF4A1711948EFF794FBAC
:101A000054F8043C002B10DA54F8082C6AB90FE0A3
:101A100040F241111248EFF787FB54F8083C002BC5
:101A2000E9D154F8043C002B02DB10BD54F8043C0F
:101A300023F0004344F8043CFEF720FE094A54F822
:101A4000043C11680B441360A4F10800FFF700FF89
:101A5000054A136801331360FEF748FFE5E7704756
:101A6000706E01089C1E0020901E00200648006831
:101A7000006880F3088862B661B6BFF34F8FBFF38A
:101A80006F8F00DF00BF000008ED00E000B583B0FD
:101A9000002301930B4B1B68B3F1FF3F0CD14FF0B8
:101AA000500383F31188BFF36F8FBFF34F8F019BF8
:101AB000002BFCD003B000BDCB210348EFF734FB73
:101AC000EDE700BF24080020D46E01084FF08073BA
:101AD00040F8043C21F0010140F8081C034B40F899
:101AE0000C3C40F8202C4038704700BF8D1A01088C
:101AF000074B19680868B0E8F00F80F30988BFF356
:101B00006F8F4FF0000080F311884EF00D0E70477C
:101B1000601D002008B54FF0500383F31188BFF318
:101B20006F8FBFF34F8F0A4A136801331360012B85
:101B300000D008BD4FF0E023D3F8043D13F0FF0FB1
:101B4000F7D04FF4C5710348EFF7EEFAF1E700BFA5
:101B500024080020D46E010808B5084B1B683BB16F
:101B6000064A1368013B13600BB983F3118808BD63
:101B700040F291110248EFF7D7FAF1E7240800206C
:101B8000D46E01080000000000000000000000000A
:101B9000EFF30980BFF36F8F0D4B1A6820E9F00F48
:101BA000106008B54FF0500080F31188FEF7F4FF85
:101BB0004FF0000080F31188BDE8084019680868FC
:101BC000B0E8F00F80F30988BFF36F8F704700BF54
:101BD000601D002008B54FF0500383F31188BFF358
:101BE0006F8FBFF34F8FFEF797FD28B14FF0E023C3
:101BF0004FF08052C3F8042D002383F3118808BDF1
:101C00004FF0E022002313619361054B1B680549E7
:101C1000A1FB03139B09013B536107231361704729
:101C200018080020D34D621010B582B00023019334
:101C3000324B1A78D2B28DF80220FF221A701B782C
:101C4000DBB28DF803309DF8033003F050032C4ACB
:101C50001370002B45D09DF80330DB4313F0500F79
:101C600045D19DF8033013F0800F0DD0019B013357
:101C700001939DF803305B00DBB28DF803309DF8D3
:101C8000033013F0800FF1D1019B082B1ABF019B89
:101C9000C3F1070300231B0203F4E063194A136036
:101CA0009DF80230DBB2154A13704FF0E023D3F8F1
:101CB000202D42F47F02C3F8202DD3F8202D42F0CE
:101CC0007F42C3F8202DFFF79BFF00240E4B1C60C2
:101CD000FFF7CCFEFEF760FFFFF7D8FE204602B00C
:101CE00010BD40F225110948EFF71EFAB3E740F2A4
:101CF00029110648EFF718FAB3E700BF00E400E047
:101D0000B05E0020AC5E002024080020D46E0108E4
:101D100008B5EFF305830F2B05D90E4A9A5C0E4BDD
:101D20001B789A420AD34FF0E023D3F80C3D03F41A
:101D3000E0630A4A1268934206D808BD40F2F121D6
:101D40000748EFF7F1F9EEE740F201310448EFF709
:101D5000EBF9F2E7F0E300E0B05E0020AC5E0020BB
:101D6000D46E010808B5EEF74DFD034AD38A013B56
:101D7000D382EEF761FD08BDB466002008B5EEF72A
:101D800041FD034AD38A0133D382EEF755FD08BDE6
:101D9000B466002038B504460D46EEF733FD1E4B01
:101DA0005A8A1B8A9A420FD09A421BD9C2F5006107
:101DB00089B2A1421AD8A34227D9174B01219970A1
:101DC0001A8000225A8211E0C2F5006189B28C4269
:101DD0000CD3A34216D9104B012199701A8000220E
:101DE0005A8203E09B1A9BB2A34211D90A4A538A32
:101DF0002B802344C3F30A0353820024EEF71CFD17
:101E0000204638BD4FF0FF34F8E74FF0FF34F5E7D8
:101E10004FF0FF34F2E700BFB466002008B5182287
:101E200000210848F8F7B0F94FF400620021064895
:101E3000F8F7AAF9EEF7D2FC044B1B680448984760
:101E400008BD00BFB4660020B45E002030700108F9
:101E5000911F0108034B588A1B8A984214BF002027
:101E600001207047B4660020014B5860704700BFE6
:101E7000B4660020014B1872704700BFB4660020A2
:101E800070B5EEF7BFFC0446214BDB8A002B3BD13B
:101E9000FFF774FF1E4B1A8A5B8A9A422DD01C49A9
:101EA0008978012916D031B9194A128A93421FD96B
:101EB0009B1A174A9382164E358A164B1D442046AC
:101EC000EEF7BAFCEFF7B6FD134BDB68B18A284694
:101ED00098471CE00E4801888A1A92B28282022139
:101EE000817000210180002AE5D181700182DBE749
:101EF000C2F50062064B9A82DDE7FFF733FF20460A
:101F0000EEF79AFC002002E0EEF796FC002070BD90
:101F1000B4660020B45E00203070010830B583B094
:101F200005460C46FFF72AFF0DF106012046FFF794
:101F300031FFB0F1FF3F0DD0BDF8063022462946F3
:101F400007481844F8F7B2F8FFF70CFFFFF798FFBF
:101F500003B030BDFFF706FF6FF00200F8E700BFE7
:101F6000B45E00200FB410B5C2B044AB53F8042BDC
:101F7000019302AC4FF48071204600F083FB81B2E4
:101F80002046FFF7CBFF42B0BDE8104004B07047D9
:101F900038B5EEF737FC244B9B78022B15D0224A3C
:101FA000138A928A1344C3F30A031F4A1382528A84
:101FB0009A4203D01C49C98A01290AD0EEF73CFC99
:101FC000EFF73EFDFFF7CEFE38BD0023164A9370B3
:101FD000EBE715498978012913D031B9124B1B8AD7
:101FE0009A421CD9D21A104B9A820F4D2C8A0F4B51
:101FF0001C44EEF721FC0E4BDB68A98A204698476B
:10200000E2E7094C2188CB1A9BB2A3820221A1707E
:1020100000212180002BE8D1A1702182DEE7C3F5E9
:102020000063014A9382E0E7B4660020B45E0020BA
:10203000307001080023024A1360024A136070479F
:10204000D0660020CC660020EFF3108372B641B159
:10205000012903D106490A6802430A6083F3108804
:10206000704703490A6822EA00020A60F6E700BFE7
:10207000D0660020EFF3108372B641B1012903D17D
:1020800006490A6802430A6083F3108870470349CF
:102090000A6822EA00020A60F6E700BFCC66002068
:1020A00038B5EFF3108472B60C4B1B683BB10C4D86
:1020B0002B6898476B68984784F3108838BD094BA4
:1020C0001B682BB1064DAB689847EB689847F3E760
:1020D000034D2B6998476B699847EDE7D066002060
:1020E000D06F0108CC66002040F29743984201D09F
:1020F0000748704741F20103994205D041F20303BA
:10210000994203D00248704702487047024870471E
:10211000446F01084C6F01083C6F0108F8B5044694
:102120000B4B1D68C5F30B0540F297439D420CBF56
:10213000084F094F064B1E68360C31462846FFF7FC
:10214000D3FF25606760A660E0602046F8BD00BF51
:10215000002004E0546F0108446F010870B582B09C
:10216000054600230093ADF804300E4E336901A8F4
:1021700098470090F3689847044673689847009B17
:102180001844BDF8043023449AB21BB2B3F57A7FE9
:1021900003DB0130A2F57A7213B22860AB802846C7
:1021A00002B070BDF06F010870B50C4E82B0336A9A
:1021B00005469847B3690446984704442868B368BD
:1021C0000193A0424FF0010238BF20462A7238BF67
:1021D0002C6002B0BDE87040184700BF04700108D1
:1021E0000D4B19684B6993B110B4046803E05A6948
:1021F00019463AB113461A689442F8D8486110BC9F
:10220000436170475861002310BC4361704700234D
:1022100048614361704700BFD866002070B50F4A1F
:10222000136882B004460BB1002119720C4E636131
:10223000336A14609847B369054698470544206897
:10224000B3680193A8424FF0010238BF28462272BA
:1022500038BF256002B0BDE870401847D86600203E
:102260000470010810B5EFF3108472B60A4B1B68B6
:102270004BB90A4B00221A60094B1B68984738B9C2
:10228000074B1B699847044A136801331360002009
:1022900084F3108810BD00BFD4660020D8660020EB
:1022A000047001082DE9F041EFF3108872B630B3E5
:1022B0001E4623B305461746EFF3108272B6144B41
:1022C0001C6814B920E0646914B1A542FBD1012453
:1022D00082F310889CB90F4B00245B6A2C6008467F
:1022E0009847069B2B6101236860EE602C81EF729A
:1022F0006C612046AB7288F31088BDE8F081012044
:1023000088F31088BDE8F08182F31088E3E700BF0E
:10231000D8660020047001082DE9F041EFF3108524
:1023200072B678B10446EFF3108272B6234E33686A
:1023300013B90CE05B6913B1A342FBD1012382F313
:10234000108833B1012085F31088BDE8F08182F355
:102350001088EFF3108272B6E37A43B3A37AB3FA2C
:1023600083F35B0982F31088002BEBD1144FD4F870
:1023700004803B6A98474FF480732381E37ABA69FB
:102380004045B3FA83F34FEA531338BF4046A37274
:1023900020609047226833681044206013B11B68A6
:1023A000984206D22046FFF739FF0020CBE7637A38
:1023B000D8E72046FFF714FFF7E700BFD8660020F4
:1023C0000470010870B5EFF3108472B618B34FF4BF
:1023D0008073A0F80930EFF3108272B6184D2B68A5
:1023E00013B92AE05B6913B19842FBD1012382F350
:1023F000108863B12B68984211D0194613B906E0D2
:10240000114623B11A4690425B69F9D14B61002015
:1024100084F3108870BD012084F3108870BD466974
:102420000023037226B130462E60FFF7BDFEEEE7B3
:10243000044BDB6898472E60E9E782F31088E6E7F3
:10244000D86600200470010870B5EFF3108672B6EC
:1024500008B304460D46EFF3108272B6C37A8BB10F
:10246000837AB3FA83F35B0982F310887BB90C4B50
:1024700028465B6A984760602046FFF74DFF86F369
:10248000108870BD437A82F31088002BEFD020466D
:10249000FFF798FFEBE7012086F3108870BD00BFBF
:1024A00004700108EFF3108372B610B1C27A1AB942
:1024B000407A83F310887047807AB0FA80F0400940
:1024C00083F31088704700BF2DE9F843EFF31087BE
:1024D00072B6314C636998472369804698478146B4
:1024E0002E4E236A98473468A9EB0803002C32D09B
:1024F000226803EB50009042636946D300252560B3
:1025000065612581002B44D01A6819465B69A44691
:1025100082422FD90D46A8EB090002E01A6819463D
:102520005B6902440A60002BF8D135607CB14FF042
:10253000010825466469EB680BB128699847AB68C8
:1025400003F0FF23B3F1807F09D0002CF1D1306874
:1025500008B1FFF729FE87F31088BDE8F883AB7A4E
:10256000002BF2D185F80A802846FFF7D5FE002C13
:10257000DFD1ECE70D604D610D81CCF8141043B153
:102580001A688C4619465B69C2E725462146002435
:10259000C1E700233360CAE704700108D866002051
:1025A000EFF3108272B6084B1B6813B907E05B6942
:1025B0002BB19842FBD1012082F310887047184656
:1025C00082F31088704700BFD866002038B50446F3
:1025D000FFF7E6FF58B1074B9B690D469847236804
:1025E000984294BF1B1A00232B60002038BD0120A5
:1025F00038BD00BF0470010810B582B04FF0FF3342
:102600000193EFF3108472B6054B186810B101A95D
:10261000FFF7DCFF84F31088019802B010BD00BF03
:10262000D8660020F8B5EFF3108772B6B8B104464B
:1026300016461D46FFF736FFC0B9B5F1FF3F08BF8C
:10264000B6F1FF3F0FD00E4B30461B682946984726
:1026500060602046FFF760FE87F31088F8BD012018
:1026600087F31088F8BD4FF0FF30F1E72046FFF701
:10267000A9FEB5F1FF3F08BFB6F1FF3FE3D1F2E796
:10268000E86F01082DE9F04F97B016460A1E039235
:1026900040F39A81824601930446571EB9462CE0C6
:1026A000A4EB0A08C8452BDA252B23D106F1010C2F
:1026B0007778302F14BF00200120A7F13003DBB260
:1026C000092B24D9A7F15803202B00F2CD80DFE895
:1026D00003F0A3CBCBCBCBCBCBCBCBCBCB6BB6CB8A
:1026E000CBCBCBB6CBCBCBCBCBCBCBCBCB70CBEB8A
:1026F000CBCB5C0004F8013B01363378002BCFD103
:1027000000232370A4EB0A0017B0BDE8F08F394610
:10271000002505EB850501EB4503A3F130051CF809
:10272000011FA1F13002D2B2092AF2D9A1F1580257
:10273000202A00F29780DFE802F06D959595959537
:1027400095959595951180959595958095959595E7
:1027500095959595953A95B595952A00312B11DD6E
:10276000313BE0182246202102F8011B8242FBD1B6
:1027700023446646019A1C4652F8043B04F8013B88
:102780000192B9E766462346F4E74FF0FF35102182
:10279000019FA4EB0A03A9EB030357F8042B664639
:1027A0000197DFF828E28DE066462346E2E76646B9
:1027B00002E066464FF0FF35DDF804B05BF8047BBD
:1027C000834B002F08BF1F463846EDF7D9FC039B0B
:1027D000013BA3EB0803984228BF1846A8420ADA37
:1027E00029462D1A25442346202203F8012BAB420B
:1027F000FBD163181C1A002840F3E380631E3918CC
:1028000017F8012B03F8012F8F42F9D10444CDF8BA
:1028100004B071E7664602E066464FF0FF3540F0CF
:1028200040000199A4EB0A03A9EB030351F8042B20
:1028300001911021DFF89CE144E0664602E0664623
:102840004FF0FF35019951F8042BA9EB0803302F05
:1028500052D00191804640F002000A21DFF86CE17D
:1028600020273EE00F4601E04FF0FF35252F08D02E
:10287000252304F8013BA4EB0A03994501DC0A2156
:1028800086E79CF8003053B104F8013BA4EB0A033F
:102890009945C8BF66463FF72FAF0A2178E70CF18C
:1028A000FF3629E7664602E066464FF0FF3501999C
:1028B000A4EB0A03A9EB030351F8042B01910A21AD
:1028C000DFF808E110F001080AD12027D2B94FF053
:1028D00030028DF81420A44600220292012024E048
:1028E000302710F0020FF1D0002AEFDA5242013DFA
:1028F000A4462D20029008E0019180460A21DFF8CD
:10290000CCE0F1E7A446002002900C460DF1140B38
:1029100000200130B2FBF4F104FB11221EF802206A
:102920000BF8012B0A460029F3D140EAE0716D1A39
:10293000B8F1000F15D0029A42B164464FF02D0253
:1029400004F8012B013B3FF4D7AEA4466446AC44E7
:10295000ACEB0402002A19DD04F8017B013BF7D13E
:10296000CAE6644605EB0C0EAEEB0402002A06DD57
:102970004FF0200204F8012B013BF5D1BCE60CF12D
:10298000FF3CAC44ACEB0405A446D4E72144254607
:102990000A1B904206DA4FF0300204F8012B013B8B
:1029A000F5D1A9E605AA024420441D44031B002BCF
:1029B0007FF7A2AE12F8013D04F8013BAC42F5D11D
:1029C0009AE6CDF804B097E600209DE6686F01080E
:1029D000606F0108906F010802440346934200D1E2
:1029E000704703F8011BF9E72D4B1B68834270B554
:1029F000044653D0C3691BB3DB6863B10025E369A8
:102A0000DB685959B1B90435802DF8D1E369204606
:102A1000D96800F07BF8E369196811B1204600F02D
:102A200075F8E3699D685DB1294620462D6800F080
:102A30006DF8F8E70E68204600F068F83146E1E7E7
:102A4000616911B1204600F061F8E16911B12046D9
:102A500000F05CF8216B11B1204600F057F8616B73
:102A600011B1204600F052F8A16B11B1204600F0E0
:102A70004DF8A16C11B1204600F048F8616C11B11D
:102A8000204600F043F8E16A11B1204600F03EF81C
:102A9000236A1BB12046BDE87040184770BD00BFD7
:102AA0002808002070B50D4B0D4D5B1B9C100026B7
:102AB000A64209D100F080F80A4D0B4B5B1B9C101D
:102AC0000026A64205D170BD55F8043B9847013653
:102AD000EEE755F8043B98470136F2E7E07101084C
:102AE000E0710108E0710108E47101087047704766
:102AF0000A44914200F1FF3300D1704710B511F83C
:102B0000014B03F8014F9142F9D110BD38B505468C
:102B1000002941D051F8043C0C1F002BB8BFE41829
:102B200000F03EF81D4A136833B96360146028460C
:102B3000BDE8384000F03AB8A34208D9206821180F
:102B40008B4201BF19685B6809182160EDE71A46DE
:102B50005B680BB1A342FAD911685018A0420BD19F
:102B600020680144501883421160E0D118685B6806
:102B7000536008441060DAE702D90C232B60D6E7D3
:102B8000206821188B4204BF19685B68636004BF2A
:102B9000091821605460CAE738BD00BF18680020DA
:102BA0000148FFF7A3BF00BF146800200148FFF7EA
:102BB0009EBF00BF14680020F8B500BFF8BC08BC79
:102BC0009E467047F8B500BFF8BC08BC9E467047EB
:102BD0000000000001000000020000007369645F53
:102BE000646961676E6F73746963735F637562654F
:102BF0006964655F536D61727441435F776C6535DD
:102C0000636300005B25755D1B5B313B33326D5B9D
:102C1000494E464F5D1B5B306D3A204170706C69C8
:102C2000636174696F6E206E616D653A2025730A69
:102C300000000000312E312E300000005B25755D54
:102C40001B5B313B33326D5B494E464F5D1B5B3046
:102C50006D3A204170706C69636174696F6E2076A3
:102C6000657273696F6E2025730A00004465627592
:102C7000670000005B25755D1B5B313B33326D5B8C
:102C8000494E464F5D1B5B306D3A204170706C6958
:102C9000636174696F6E206275696C642074797009
:102CA000653A2025730A00004E2F41005B25755DB3
:102CB0001B5B313B33326D5B494E464F5D1B5B30D6
:102CC0006D3A204170706C69636174696F6E206346
:102CD0006F6D6D697420686173683A2025730A000E
:102CE0005B25755D1B5B313B33326D5B494E464F57
:102CF0005D1B5B306D3A204170706C696361746973
:102D00006F6E20636F6D6D697420646573637269A3
:102D10007074696F6E3A2025730A00005631302EA8
:102D2000362E32005B25755D1B5B313B33326D5BAC
:102D3000494E464F5D1B5B306D3A204672656552C9
:102D4000544F53204B65726E656C3A2025730A0010
:102D50005B25755D1B5B313B33326D5B494E464FE6
:102D60005D1B5B306D3A2053544D333243756265C1
:102D7000574C3A2025752E25752E25750A00000022
:102D80005B25755D1B5B313B33326D5B494E464FB6
:102D90005D1B5B306D3A20486F7374204D43553A8C
:102DA000202573202830782558292C2072657669D3
:102DB00073696F6E3A202573202830782558290AC8
:102DC000000000005B25755D1B5B313B33316D5BA3
:102DD0004552524F525D1B5B306D3A204D69736D09
:102DE00061746368206265747765656E2053494439
:102DF0004557414C4B5F524144494F5F5350495FE7
:102E0000494E5354414E43455F4241534520616E04
:102E100064205349444557414C4B5F524144494F0C
:102E20005F5350492E496E7374616E63652E205056
:102E30006C6561736520636865636B20696E74659A
:102E4000722D4D43552053504920636F6E6669675C
:102E500075726174696F6E0A000000005B25755D14
:102E60001B5B313B33316D5B4552524F525D1B5BF7
:102E7000306D3A2053544D3332574C78782052619C
:102E800064696F2041707020696E697420666169A1
:102E90006C65642E204572726F722025750A0000E1
:102EA000416476205472616365204D7574657800C5
:102EB0005B25755D1B5B313B33316D5B4552524F7A
:102EC000525D1B5B306D3A201B5B313B33316D46ED
:102ED0004154414C204552524F522E205379737425
:102EE000656D2068616C7465641B5B306D0A000061
:102EF0005B25755D1B5B313B33316D5B4552524F3A
:102F0000525D1B5B306D3A204861726420466175EA
:102F10006C74206F636375727265640A0000000050
:102F20005B25755D1B5B313B33316D5B4552524F09
:102F3000525D1B5B306D3A202D2D2D2D2D2D2053F4
:102F40005441434B204652414D452044554D50205D
:102F50002D2D2D2D2D2D0A005B25755D1B5B313B25
:102F600033316D5B4552524F525D1B5B306D3A20E1
:102F7000723020203D203078253038780A0000005B
:102F80005B25755D1B5B313B33316D5B4552524FA9
:102F9000525D1B5B306D3A20723120203D2030782D
:102FA000253038780A0000005B25755D1B5B313BDE
:102FB00033316D5B4552524F525D1B5B306D3A2091
:102FC000723220203D203078253038780A00000009
:102FD0005B25755D1B5B313B33316D5B4552524F59
:102FE000525D1B5B306D3A20723320203D203078DB
:102FF000253038780A0000005B25755D1B5B313B8E
:1030000033316D5B4552524F525D1B5B306D3A2040
:10301000723132203D203078253038780A000000A7
:103020005B25755D1B5B313B33316D5B4552524F08
:10303000525D1B5B306D3A206C7220203D20307851
:10304000253038780A0000005B25755D1B5B313B3D
:1030500033316D5B4552524F525D1B5B306D3A20F0
:10306000706320203D203078253038780A00000039
:103070005B25755D1B5B313B33316D5B4552524FB8
:10308000525D1B5B306D3A20707372203D203078AA
:10309000253038780A0000005B25755D1B5B313BED
:1030A00033316D5B4552524F525D1B5B306D3A20A0
:1030B0002D2D2D2D2D2D2D2D2D2D2D2D2D2D2D2D40
:1030C0002D2D2D2D2D2D2D2D2D2D2D2D2D2D0A0080
:1030D0005B25755D1B5B313B33316D5B4552524F58
:1030E000525D1B5B306D3A202D2D2D2D2D2D2D2069
:1030F0004641554C542044455441494C53202D2DB4
:103100002D2D2D2D2D2D0A005B25755D1B5B313B73
:1031100033316D5B4552524F525D1B5B306D3A202F
:103120005343422D3E48465352203D2030782530AF
:1031300038780A005B25755D1B5B313B33316D5B75
:103140004552524F525D1B5B306D3A2020202020AB
:103150004465627567206576656E740A000000003C
:103160005B25755D1B5B313B33316D5B4552524FC7
:10317000525D1B5B306D3A2020202020466F726329
:10318000656420486172644661756C740A000000D1
:103190005B25755D1B5B313B33316D5B4552524F97
:1031A000525D1B5B306D3A205343422D3E434653E4
:1031B00052203D203078253038780A005B25755D37
:1031C0001B5B313B33316D5B4552524F525D1B5B94
:1031D000306D3A202020202055736167652066619C
:1031E000756C743A200A00005B25755D1B5B313BF2
:1031F00033316D5B4552524F525D1B5B306D3A204F
:103200002020202020202020446976206279207A06
:1032100065726F0A000000005B25755D1B5B313B2A
:1032200033316D5B4552524F525D1B5B306D3A201E
:103230002020202020202020556E616C69676E655B
:1032400064206163636573730A0000005B25755D2C
:103250001B5B313B33316D5B4552524F525D1B5B03
:10326000306D3A2020202020202020204E6F206327
:103270006F70726F636573736F720A005B25755DA3
:103280001B5B313B33316D5B4552524F525D1B5BD3
:10329000306D3A20202020202020202045786365B2
:1032A0007074696F6E2072657475726E20776974C0
:1032B000682061206261642076616C756520696EAA
:1032C00020746865204558435F52455455524E203E
:1032D0006E756D6265720A005B25755D1B5B313B27
:1032E00033316D5B4552524F525D1B5B306D3A205E
:1032F0002020202020202020416E20617474656DE4
:10330000707420746F2073776974636820746F2001
:10331000616E20696E76616C696420737461746596
:103320000A0000005B25755D1B5B313B33316D5B33
:103330004552524F525D1B5B306D3A2020202020B9
:1033400020202020556E646566696E656420696E74
:10335000737472756374696F6E0A00005B25755D26
:103360001B5B313B33316D5B4552524F525D1B5BF2
:10337000306D3A2020202020427573204661756C04
:10338000743A200A000000005B25755D1B5B313B31
:1033900033316D5B4552524F525D1B5B306D3A20AD
:1033A0002020202020202020427573204661756C4B
:1033B0007420416464726573732056616C69640A99
:1033C000000000005B25755D1B5B313B33316D5B9D
:1033D0004552524F525D1B5B306D3A202020202019
:1033E00020202020466C6F6174696E672D506F69D4
:1033F0006E74206C617A7920737461636B696E6797
:10340000206572726F720A005B25755D1B5B313B34
:1034100033316D5B4552524F525D1B5B306D3A202C
:103420002020202020202020537461636B206661BF
:10343000756C740A000000005B25755D1B5B313BF9
:1034400033316D5B4552524F525D1B5B306D3A20FC
:103450002020202020202020556E737461636B692A
:103460006E67206572726F720A0000005B25755DE1
:103470001B5B313B33316D5B4552524F525D1B5BE1
:10348000306D3A20202020202020202050726563BB
:10349000697365206461746120616363657373207F
:1034A0006572726F720A00005B25755D1B5B313BB4
:1034B00033316D5B4552524F525D1B5B306D3A208C
:1034C0002020202020202020496E737472756374A0
:1034D000696F6E20616363657373206572726F72CA
:1034E0000A0000005B25755D1B5B313B33316D5B72
:1034F0004552524F525D1B5B306D3A2020202020F8
:103500004D656D6F7279204661756C743A200A00C2
:103510005B25755D1B5B313B33316D5B4552524F13
:10352000525D1B5B306D3A2020202020202020207F
:103530004D656D6F7279204661756C7420416464CD
:10354000726573732056616C69640A005B25755D52
:103550001B5B313B33316D5B4552524F525D1B5B00
:10356000306D3A202020202020202020466C6F61E2
:1035700074696E672D506F696E74206C617A792062
:103580006D656D6F7279206572726F720A0000004E
:103590005B25755D1B5B313B33316D5B4552524F93
:1035A000525D1B5B306D3A202020202020202020FF
:1035B0004D656D6F727920737461636B2066617500
:1035C0006C740A005B25755D1B5B313B33316D5BB1
:1035D0004552524F525D1B5B306D3A202020202017
:1035E000202020204D656D6F727920756E73746197
:1035F000636B696E67206572726F720A000000006B
:103600005B25755D1B5B313B33316D5B4552524F22
:10361000525D1B5B306D3A2020202020202020208E
:1036200044617461206163636573732076696F6CB4
:103630006174696F6E0A00005B25755D1B5B313B31
:1036400033316D5B4552524F525D1B5B306D3A20FA
:103650002020202020202020496E7374727563740E
:10366000696F6E206163636573732076696F6C6147
:1036700074696F6E0A0000005B25755D1B5B313B52
:1036800033316D5B4552524F525D1B5B306D3A20BA
:103690001B5B313B33356D4153534552541B5B30FB
:1036A0006D206C696E652025752025730A00000069
:1036B000256473253033643A000000001B5B306DD5
:1036C0000A0000002F70616C2F73742F636F6D6D93
:1036D0006F6E2F7369645F70616C2F64656C6179C4
:1036E0002E6300005B25755D1B5B313B33316D5BE9
:1036F0004552524F525D1B5B306D3A20556E6162F0
:103700006C6520746F206E6F746966792068616ED5
:10371000646C6572207461736B2061626F757420D4
:10372000535049206572726F722E204572726F720B
:1037300020307825780A00005B25755D1B5B313BE6
:1037400033316D5B4552524F525D1B5B306D3A20F9
:10375000556E61626C6520746F206E6F7469667956
:103760002068616E646C6572207461736B20746F85
:1037700020656E746572204750494F2048616E6421
:103780007368616B6520726571756573742E204571
:1037900072726F7220307825780A00005B25755DA3
:1037A0001B5B313B33316D5B4552524F525D1B5BAE
:1037B000306D3A20556E61626C6520746F206E6FBB
:1037C000746966792068616E646C657220746173D7
:1037D0006B2061626F7574206E65776C79207265FD
:1037E00063656976656420686F737420636F6D6DBF
:1037F0002053504920646174612E204572726F72AB
:1038000020307825780A00005B25755D1B5B313B15
:1038100033336D5B5741524E494E475D1B5B306DF4
:103820003A204661696C656420746F20636C656141
:103830007220686F737420636F6D6D205350492040
:1038400054782F5278206275666665722E20457214
:10385000726F722025752E2057696C6C20747279F6
:103860002066756C6C20535049207265696E6974CE
:103870000A0000005B25755D1B5B313B33346D5BDB
:1038800044454255475D1B5B306D3A20436C656192
:1038900072656420686F737420636F6D6D20535080
:1038A000492054782F527820627566666572730AD3
:1038B000000000005B25755D1B5B313B33316D5BA8
:1038C0004552524F525D1B5B306D3A204661696C28
:1038D000656420746F20726573657420686F7374FB
:1038E00020636F6D6D205350492E204572726F72A8
:1038F0002025752E2048616E647368616B652073A6
:103900007461746520656E747279206661696C6596
:10391000640A00005B25755D1B5B313B33346D5BD6
:1039200044454255475D1B5B306D3A20486F7374C8
:1039300020636F6D6D20535049207265696E697404
:1039400069616C697A65640A000000005B25755D39
:103950001B5B313B33336D5B5741524E494E475DE4
:103960001B5B306D3A2043616E2774207374617263
:103970007420686F737420636F6D6D2053504920FD
:1039800062757320636F6D6D756E69636174696FC5
:103990006E2E20412072657472792077696C6C20DC
:1039A000626520617474656D707465640A0000005E
:1039B0005B25755D1B5B313B33316D5B4552524F6F
:1039C000525D1B5B306D3A2043616E277420737427
:1039D00061727420686F737420636F6D6D20535033
:1039E000492062757320636F6D6D756E69636174D4
:1039F000696F6E2E20556E7265636F7665726162B7
:103A00006C65206572726F722025750A00000000D7
:103A10005B25755D1B5B313B33346D5B4445425523
:103A2000475D1B5B306D3A20486F737420636F6D88
:103A30006D205350492078666572732073746172EB
:103A40007465640A000000005B25755D1B5B313BFB
:103A500033316D5B4552524F525D1B5B306D3A20E6
:103A60004661696C656420746F20736574204861D9
:103A70006E647368616B6520526573706F6E7365F9
:103A800020535049207061796C6F61642E20534936
:103A90004420526164696F206572726F72202575CF
:103AA0000A0000005B25755D1B5B313B33346D5BA9
:103AB00044454255475D1B5B306D3A205365742089
:103AC00048616E647368616B6520526573706F6ED8
:103AD000736520535049207061796C6F61640A00EE
:103AE0005B25755D1B5B313B33316D5B4552524F3E
:103AF000525D1B5B306D3A2052756E6E696E6720A9
:103B0000686F737420636F6D6D20527820534D2061
:103B1000696E2073746174652048435F52585F5327
:103B2000544154455F4D53475F52454345495645BF
:103B3000440A00005B25755D1B5B313B33316D5BD7
:103B40004552524F525D1B5B306D3A20486F737483
:103B500020636F6D6D20527820534D20697320696A
:103B60006E20756E6B6E6F776E2073746174653A3C
:103B70002025750A000000005B25755D1B5B313B4D
:103B800033326D5B494E464F5D1B5B306D3A2053BF
:103B9000544D3332574C787820526164696F20411C
:103BA000707020737461727465640A005B25755DC2
:103BB0001B5B313B33316D5B4552524F525D1B5B9A
:103BC000306D3A20556E61626C6520746F207265AD
:103BD00074726965766520486F737420436F6D6DEC
:103BE000206576656E7420666C6167732E20457261
:103BF000726F7220307825780A0000005B25755DB1
:103C00001B5B313B33316D5B4552524F525D1B5B49
:103C1000306D3A20486F737420636F6D6D20535080
:103C20004920435243206572726F72206F6363753F
:103C3000727265640A0000005B25755D1B5B313B99
:103C400033316D5B4552524F525D1B5B306D3A20F4
:103C5000486F737420636F6D6D20535049206572F7
:103C6000726F72206F636375727265643A20307888
:103C700025780A005B25755D1B5B313B33346D5B3A
:103C800044454255475D1B5B306D3A2053504920F7
:103C900053523A203078253038782C20444D41203A
:103CA0005478204343523A203078253038782C20FD
:103CB000444D41205278204343523A2030782530F9
:103CC00038782C20444D41204E5353204465746570
:103CD0006374204343523A203078253038782C20C2
:103CE000444D412053434B20436F6E74726F6C20E0
:103CF0004343523A203078253038780A00000000DB
:103D00005B25755D1B5B313B33326D5B494E464F26
:103D10005D1B5B306D3A20456E746572696E67207D
:103D20004750494F2048616E647368616B6520732A
:103D30007461746520627920616E20696E746572A9
:103D40006E616C20726571756573740A0000000005
:103D50005B25755D1B5B313B33336D5B5741524EC9
:103D6000494E475D1B5B306D3A20476F7420657884
:103D70007465726E616C207265717565737420660E
:103D80006F72204750494F2048616E647368616BC1
:103D9000650A00005B25755D1B5B313B33346D5B51
:103DA00044454255475D1B5B306D3A20456E746556
:103DB000726564204750494F2048616E64736861A2
:103DC0006B652073746174650A0000005B25755D86
:103DD0001B5B313B33316D5B4552524F525D1B5B78
:103DE000306D3A204661696C656420746F20656EA1
:103DF000746572207468652048616E647368616BD5
:103E0000652073746174650A000000005B25755DB0
:103E10001B5B313B33316D5B4552524F525D1B5B37
:103E2000306D3A204661696C656420746F20707251
:103E30006F63657373205369646577616C6B20529F
:103E40006164696F2061707020636F6D6D616E6475
:103E50002E204572726F722025750A005B25755DF4
:103E60001B5B313B33316D5B4552524F525D1B5BE7
:103E7000306D3A20486F737420636F6D6D2053501E
:103E8000492052782070726F63657373696E672082
:103E9000666174616C206572726F722025752E20C8
:103EA000496E7465722D4D435520636F6D6D2072A0
:103EB00065736574206973207265717569726564D4
:103EC0000A0000005B25755D1B5B313B33316D5B88
:103ED0004552524F525D1B5B306D3A20556E616208
:103EE0006C6520746F206E6F746966792068616EEE
:103EF000646C6572207461736B2061626F757420ED
:103F000065787465726E616C204750494F20486136
:103F10006E647368616B6520726571756573742E6C
:103F2000204572726F7220307825780A00000000F8
:103F30002F617070732F73742F636F6D6D6F6E2FA1
:103F400073746D3332776C3535785F726164696F85
:103F50002F5369646577616C6B2F686F73745F634F
:103F60006F6D6D2E630000005B25755D1B5B313B43
:103F700033316D5B4552524F525D1B5B306D3A20C1
:103F8000556E61626C6520746F20696E6974696139
:103F90006C697A65205369646577616C6B20526146
:103FA00064696F20535049206472697665722E20CF
:103FB0004572726F722025750A0000005B25755DE1
:103FC0001B5B313B33316D5B4552524F525D1B5B86
:103FD000306D3A204661696C656420746F207065AD
:103FE00072666F726D2053756247487A20647269F9
:103FF00076657220696E697469616C697A61746949
:104000006F6E2E204572726F722025750A000000B7
:104010005B25755D1B5B313B33316D5B4552524F08
:10402000525D1B5B306D3A20556E61626C65207489
:104030006F20637265617465205369646577616C94
:104040006B20526164696F20636F6D6D756E69637B
:104050006174696F6E2070726F63657373696E67E8
:10406000207461736B0A00005B25755D1B5B313B3F
:1040700033336D5B5741524E494E475D1B5B306D8C
:104080003A2052657175657374656420746F2061A0
:104090006464206E756C6C206461746120746F20A0
:1040A000686F737420636F6D6D205350492054788E
:1040B000207175657565202D2069676E6F72656466
:1040C0000A0000005B25755D1B5B313B33316D5B86
:1040D0004552524F525D1B5B306D3A20556E616206
:1040E0006C6520746F2073656E642025752062797D
:1040F0007465732076696120686F737420636F6DD7
:104100006D205350492E204D54552073697A6520F7
:104110006C696D69742069732025750A00000000C0
:104120005B25755D1B5B313B33316D5B4552524FF7
:10413000525D1B5B306D3A204661696C656420748A
:104140006F20656E71756575652073696E676C6546
:1041500020535049205478206672616D652E20549A
:1041600078204649464F2069732066756C6C0A00BA
:104170005B25755D1B5B313B33316D5B4552524FA7
:10418000525D1B5B306D3A204661696C656420743A
:104190006F20656E71756575652073696E676C65F6
:1041A00020535049205478206672616D652E20504E
:1041B000414C206572726F722025750A0000000064
:1041C0005B25755D1B5B313B33316D5B4552524F57
:1041D000525D1B5B306D3A204661696C65642074EA
:1041E0006F20656E71756575652025752053504982
:1041F000205478204C4454206672616D65732E20E3
:104200005478204649464F20686173206F6E6C7960
:10421000202575206672656520736C6F74730A00C3
:104220005B25755D1B5B313B33316D5B4552524FF6
:10423000525D1B5B306D3A204661696C6564207489
:104240006F20656E717565756520535049205478EF
:10425000204C4454206672616D65732E2050414C91
:10426000206572726F722025750A00005B25755DEE
:104270001B5B313B33316D5B4552524F525D1B5BD3
:10428000306D3A20556E61626C6520746F206E6FE0
:10429000746966792068616E646C657220746173FC
:1042A0006B20746F2068616E646C65205375624783
:1042B000487A204952512E204572726F7220307810
:1042C00025780A0053494420486F7374436F6D6D1D
:1042D000000000005B25755D1B5B313B33316D5B7E
:1042E0004552524F525D1B5B306D3A2043616E6EFA
:1042F0006F7420686172642D726573657420535009
:10430000492E20556E6B6E6F776E20535049206991
:104310006E7374616E6365202862617365206164E9
:1043200064726573732030782578290A00000000D4
:104330005B25755D1B5B313B33336D5B5741524EE3
:10434000494E475D1B5B306D3A20535049204E5318
:1043500053206973206163746976617465642062B7
:1043600065666F72652053504920697320737461CC
:10437000727465642E2057616974696E6720666F78
:1043800072204E5353206465616374697661746969
:104390006F6E2E2E2E0A00005B25755D1B5B313B78
:1043A00033316D5B4552524F525D1B5B306D3A208D
:1043B000535049204E5353206973206163746976CA
:1043C00061746564206265666F7265205350492090
:1043D000697320737461727465642E2054696D650D
:1043E0006F7574206F6E20776169740A0000000099
:1043F0005B25755D1B5B313B33316D5B4552524F25
:10440000525D1B5B306D3A204661696C65642074B7
:104410006F20656E61626C6520444D414D5558209A
:104420007265717565737420666F722053504920F0
:10443000444D41205265717565737420436F6E74ED
:10444000726F6C206368616E6E656C2E2048414C03
:10445000206572726F7220307825780A00000000A3
:104460005B25755D1B5B313B33316D5B4552524FB4
:10447000525D1B5B306D3A204661696C6564207447
:104480006F20656E61626C6520444D414D5558202A
:104490007265717565737420666F72205350492080
:1044A00053434B2050696E20436F6E74726F6C20C3
:1044B0006368616E6E656C2E2048414C2065727297
:1044C0006F7220307825780A000000005B25755D4A
:1044D0001B5B313B33316D5B4552524F525D1B5B71
:1044E000306D3A20535049204E535320676F74204B
:1044F000616374697661746564207768696C6520AE
:10450000535049206973207374617274696E672E09
:104510002053504920776173206E6F74207374614B
:104520007274656420746F2061766F696420756EA3
:10453000646566696E6564206265686176696F723C
:104540000A0000002F617070732F73742F636F6DFA
:104550006D6F6E2F73746D3332776C3535785F7293
:104560006164696F2F5369646577616C6B2F736544
:104570007269616C5F6275735F7370695F70616CA3
:104580002E6300005B25755D1B5B313B33336D5B38
:104590005741524E494E475D1B5B306D3A20466194
:1045A000696C656420746F20706572666F726D202F
:1045B0005350492061626F72742E2048414C20652F
:1045C00072726F7220307825782E2057696C6C20BB
:1045D00074727920686172642072657365742069F1
:1045E0006E73746561640A005B25755D1B5B313B0E
:1045F00033316D5B4552524F525D1B5B306D3A203B
:104600004661696C656420746F20706572666F72B4
:104610006D2053504920686172642072657365741F
:104620002E2048414C206572726F722030782578B8
:104630002E204675727468657220696E69746961AE
:104640006C697A6174696F6E206973206E6F742073
:10465000706F737369626C650A0000005B25755D9D
:104660001B5B313B33316D5B4552524F525D1B5BDF
:10467000306D3A204661696C656420746F207374F4
:104680006172742053504920444D41205278206378
:1046900068616E6E656C2E2048414C206572726FA9
:1046A0007220307825780A005B25755D1B5B313BF5
:1046B00033316D5B4552524F525D1B5B306D3A207A
:1046C0004661696C656420746F2073746172742034
:1046D00053504920444D41205478206368616E6EE8
:1046E000656C2E2048414C206572726F72203078C4
:1046F00025780A005B25755D1B5B313B33316D5BB3
:104700004552524F525D1B5B306D3A204661696CD9
:10471000656420746F207374617274205350492053
:10472000444D4120526571756573747320436F6EFB
:1047300074726F6C20444D41206368616E6E656CCD
:104740002E2048414C206572726F72203078257897
:104750000A0000005B25755D1B5B313B33316D5BEF
:104760004552524F525D1B5B306D3A204661696C79
:10477000656420746F2073746172742053504920F3
:1047800053434B2050696E20436F6E74726F6C20E0
:10479000444D41206368616E6E656C2E2048414C2B
:1047A000206572726F7220307825780A0000000050
:1047B0005B25755D1B5B313B33316D5B4552524F61
:1047C000525D1B5B306D3A20486F737420636F6DD0
:1047D0006D2053504920696E697469616C697A6112
:1047E00074696F6E206661696C65642E2048414C67
:1047F000206572726F7220307825780A0000000000
:104800005B25755D1B5B313B33316D5B4552524F10
:10481000525D1B5B306D3A20486F737420636F6D7F
:104820006D20535049207265696E697469616C69C5
:104830007A6174696F6E206661696C65642E2048C8
:10484000414C206572726F7220307825780A000022
:104850002B0000005B25755D1B5B313B33346D5BCA
:1048600044454255475D1B5B306D3A2054782064C7
:104870006F6E652E204C656E3A2025750A0000008B
:104880005B25755D1B5B313B33346D5B44454255A5
:10489000475D1B5B306D3A20527820646F6E652E49
:1048A000204C656E3A2025750A0000005B25755D79
:1048B0001B5B313B33346D5B44454255475D1B5BAD
:1048C000306D3A205478206F662025752062797407
:1048D00065732061626F727465642C206368206266
:1048E0007573793A202573256464422C2025752E32
:1048F000253033754D487A0A000000005B25755D50
:104900001B5B313B33316D5B4552524F525D1B5B3C
:10491000306D3A204661696C656420746F2077724F
:104920006974652053756247487A207265672E2046
:104930005265673A203078253034582C2048414C55
:104940005F53554247485A206572723A20307825A5
:10495000780A00005B25755D1B5B313B33316D5B75
:104960004552524F525D1B5B306D3A204661696C77
:10497000656420746F2072656164205375624748D6
:104980007A207265672E205265673A20307825308C
:1049900034582C2048414C5F53554247485A2065B3
:1049A00072723A20307825780A0000005B25755D28
:1049B0001B5B313B33316D5B4552524F525D1B5B8C
:1049C000306D3A204661696C656420746F20656EB5
:1049D00061626C6520534D505320636C6F636B2094
:1049E000646574656374696F6E2E204170706C69C4
:1049F000656420636F6E6669673A203078253032CF
:104A0000582C20726561646261636B20636F6E660F
:104A100069673A203078253032580A005B25755D89
:104A20001B5B313B33316D5B4552524F525D1B5B1B
:104A3000306D3A204661696C656420746F2065783A
:104A400065637574652053756247487A20636D64A9
:104A50002E20436D643A203078253032582C20487F
:104A6000414C5F53554247485A206572723A203094
:104A70007825780A000000005B25755D1B5B313BE3
:104A800033316D5B4552524F525D1B5B306D3A20A6
:104A9000496E76616C6964206672657175656E79C0
:104AA0002062616E64207370656369666965643A4B
:104AB0002025750A000000005B25755D1B5B313BFE
:104AC00033346D5B44454255475D1B5B306D3A2086
:104AD00052756E6E696E672053756247487A20631F
:104AE000616C6962726174696F6E0A005B25755D45
:104AF0001B5B313B33326D5B494E464F5D1B5B3078
:104B00006D3A2053756247487A2066726571756503
:104B10006E63792062616E642073657420746F2007
:104B200025730A005B25755D1B5B313B33316D5B83
:104B30004552524F525D1B5B306D3A204661696CA5
:104B4000656420746F207365742053756247487ADA
:104B5000206672657175656E637920746F202575A6
:104B60002E204572726F722025750A005B25755DD7
:104B70001B5B313B33316D5B4552524F525D1B5BCA
:104B8000306D3A2052657175657374696E6720489F
:104B9000504120666F722053756247487A205478DE
:104BA0002C206275742074686520626F61726420C5
:104BB000646F6573206E6F7420737570706F72749C
:104BC0002069740A000000005B25755D1B5B313BAA
:104BD00033316D5B4552524F525D1B5B306D3A2055
:104BE00052657175657374696E67204C504120661B
:104BF0006F722053756247487A2054782C20627572
:104C0000742074686520626F61726420646F6573DC
:104C1000206E6F7420737570706F72742069740ADF
:104C2000000000005B25755D1B5B313B33316D5B24
:104C30004552524F525D1B5B306D3A20556E6B6E84
:104C40006F776E2053756247487A2052424920544C
:104C500078206361706162696C697469657320288A
:104C600030782558290A00005B25755D1B5B313BB8
:104C700033336D5B5741524E494E475D1B5B306D80
:104C80003A20547820706F77657220736174757262
:104C9000617465642066726F6D20257325646442BB
:104CA0006D20746F202573256464426D20647565E2
:104CB00020746F204857206C696D69746174696F46
:104CC0006E730A005B25755D1B5B313B33326D5B98
:104CD000494E464F5D1B5B306D3A20537562474825
:104CE0007A20547820706F77657220736574207411
:104CF0006F202573256464420A0000002F617070E4
:104D0000732F73742F636F6D6D6F6E2F73746D33AC
:104D100032776C3535785F726164696F2F536964DF
:104D20006577616C6B2F7369645F726164696F2E64
:104D3000630000005B25755D1B5B313B33316D5BB0
:104D40004552524F525D1B5B306D3A204661696C93
:104D5000656420746F2061636365737320537562AB
:104D600047487A2E2048414C5F53554247485A20C5
:104D70006572723A20307825780A00005B25755DEF
:104D80001B5B313B33316D5B4552524F525D1B5BB8
:104D9000306D3A204661696C656420746F207265DD
:104DA00061642025752062797465732066726F6D69
:104DB0002053756247487A206275666665722E20B8
:104DC00048414C5F53554247485A206572723A2019
:104DD000307825780A0000005B25755D1B5B313B50
:104DE00033346D5B44454255475D1B5B306D3A2063
:104DF00046534B206D6F6420706172616D73207536
:104E00007064617465642E2062773A3078253032A0
:104E100058207368703A3078253032582062723AE0
:104E2000257520666465763A2025750A0000000025
:104E30005B25755D1B5B313B33346D5B44454255EF
:104E4000475D1B5B306D3A204C6F5261206D6F6483
:104E500020706172616D7320757064617465642E79
:104E60002062773A3078253032582063723A3078B1
:104E7000253032582073663A3078253032580A008F
:104E80005B25755D1B5B313B33316D5B4552524F8A
:104E9000525D1B5B306D3A20496E76616C6964200F
:104EA00046454D206D6F64653A2025750A00000067
:104EB0005B25755D1B5B313B33316D5B4552524F5A
:104EC000525D1B5B306D3A204661696C65642074ED
:104ED0006F20636F6E6669677572652053756247F0
:104EE000487A20616E74656E6E61207377697463B1
:104EF000682E20524249206572726F722025642C00
:104F000020737769746368206366673A2025750AA1
:104F1000000000005B25755D1B5B313B33316D5B31
:104F20004552524F525D1B5B306D3A204661696CB1
:104F3000656420746F207365742053756247487AE6
:104F400020726164696F206D6F64652E20457272F6
:104F50006F722025750A00005B25755D1B5B313B78
:104F600033336D5B5741524E494E475D1B5B306D8D
:104F70003A20417474656D707420746F207374618D
:104F8000727420636F6E74696E756F7573205278DA
:104F9000206265666F72652053756247487A2063A8
:104FA0006F6E6669672069732073656E740A00000E
:104FB0005B25755D1B5B313B33316D5B4552524F59
:104FC000525D1B5B306D3A204661696C65642074EC
:104FD0006F20737461727420636F6E74696E756F85
:104FE00075732052782E204572726F722025750AD3
:104FF000000000005B25755D1B5B313B33336D5B4F
:105000005741524E494E475D1B5B306D3A20466119
:10501000696C656420746F207075742053756247E5
:10502000487A20696E746F20536C6565702E204538
:1050300072726F722025750A0000000046534B0003
:105040004C6F526100000000556E646566696E65C4
:1050500064000000756E6B6E6F776E005B25755D8A
:105060001B5B313B33336D5B5741524E494E475DBD
:105070001B5B306D3A20417474656D707420746FE1
:1050800020736574206D6F64656D206D6F6465209D
:105090006265666F72652053756247487A20636F58
:1050A0006E6669672069732073656E740A0000007C
:1050B0005B25755D1B5B313B33316D5B4552524F58
:1050C000525D1B5B306D3A205F7369645F7261648F
:1050D000696F5F636F6E766572745F746F5F70681F
:1050E000795F6C6F72615F6D6F645F706172616D2B
:1050F000733A20636F64696E672072617465207310
:10510000656C6563746F72206973206E6F742073B1
:105110007570706F727465642C207265717565733B
:1051200074656420435220697320307825780A0022
:105130005B25755D1B5B313B33316D5B4552524FD7
:10514000525D1B5B306D3A2043616E6E6F7420615F
:1051500070706C792046534B2073796E6320776FA3
:105160007264202D6974277320746F6F206C6F6ECA
:105170006720282575207673202575290A000000F0
:105180005B25755D1B5B313B33316D5B4552524F87
:10519000525D1B5B306D3A204661696C656420741A
:1051A0006F207365742053756247487A206D6F6471
:1051B000656D206D6F64652E20556E6B6E6F776E1A
:1051C000206D6F64652072657175657273746564B6
:1051D000202830782578290A000000005B25755DBD
:1051E0001B5B313B33326D5B494E464F5D1B5B3081
:1051F0006D3A2053756247487A20726164696F2066
:105200006D6F64656D2073657420746F2025732045
:105210006D6F64650A0000005B25755D1B5B313BAB
:1052200033316D5B4552524F525D1B5B306D3A20FE
:105230004661696C656420746F20736574205375D2
:105240006247487A20726164696F206D6F64656D92
:1052500020746F202573206D6F64652E2045727257
:105260006F723A2025750A005B25755D1B5B313B2B
:1052700033316D5B4552524F525D1B5B306D3A20AE
:1052800053756247487A20696E6974206661696C5B
:10529000757265202D20756E61626C6520746F20BB
:1052A00070757420726164696F20696E746F205329
:1052B00074616E6462792052432073746174652E48
:1052C000204572726F722025750A00005B25755D9E
:1052D0001B5B313B33336D5B5741524E494E475D4B
:1052E0001B5B306D3A20485345205443584F207083
:1052F0006F7765722069732064697361626C65649D
:105300002C2066616C6C696E67206261636B20742F
:105310006F205854414C0A005B25755D1B5B313B87
:1053200033346D5B44454255475D1B5B306D3A201D
:1053300053756247487A20636F6C6420737461729E
:105340007420646F6E650A005B25755D1B5B313BE5
:1053500033316D5B4552524F525D1B5B306D3A20CD
:1053600053756247487A20696E6974206661696C7A
:10537000757265202D20756E61626C6520746F20DA
:1053800070757420726164696F20696E746F205348
:1053900074616E64627920584F5343207374617452
:1053A000652E204572726F722025750A000000007C
:1053B0005B25755D1B5B313B33336D5B5741524E53
:1053C000494E475D1B5B306D3A2043616E27742068
:1053D00072657365742053756247487A20706572F0
:1053E0006970686572616C202D206F7065726174E0
:1053F000696F6E2074696D656F75742E204120721F
:10540000657472792077696C6C20626520617474B0
:10541000656D707465640A005B25755D1B5B313BCF
:1054200033316D5B4552524F525D1B5B306D3A20FC
:105430004661696C656420746F20706572666F7276
:105440006D2053756247487A206861726477617293
:105450006520696E697469616C697A6174696F6EDF
:105460002E204572726F722025750A005B25755DCE
:105470001B5B313B33346D5B44454255475D1B5BE1
:10548000306D3A2053756247487A207065726970B2
:10549000686572616C20726573657420616E64204A
:1054A000696E697469616C697A65640A000000005C
:1054B0005B25755D1B5B313B33316D5B4552524F54
:1054C000525D1B5B306D3A2043616E27742072651C
:1054D0007365742053756247487A207065726970ED
:1054E000686572616C2E20556E7265636F766572A9
:1054F00061626C65206572726F722025750A00000A
:105500005B25755D1B5B313B33336D5B5741524E01
:10551000494E475D1B5B306D3A204661696C65649E
:1055200020746F2061726D204C504D207375737024
:10553000656E642074696D65722E204572726F729B
:105540002025750A000000005B25755D1B5B313B63
:1055500033316D5B4552524F525D1B5B306D3A20CB
:105560004661696C656420746F20736574205265B0
:1055700071756573742050726F6365737365642011
:105580007061796C6F6164202D20737570706C6927
:105590006564206461746120657863656564732067
:1055A0004D54552073697A652E205265713A20302A
:1055B0007825782C20737461743A2025752C206529
:1055C00078745F6C656E3A2025750A005B25755D01
:1055D0001B5B313B33316D5B4552524F525D1B5B60
:1055E000306D3A204661696C656420746F20656E89
:1055F00071756575652053756247487A2049525127
:105600002073746174757320535049206672616D04
:10561000652E204843206572726F722025750A003E
:105620005B25755D1B5B313B33316D5B4552524FE2
:10563000525D1B5B306D3A204661696C6564207475
:105640006F20656E71756575652053756247487A80
:105650002049525120666F6C6C6F772D75702064F5
:105660006174612E204843206572726F7220257527
:105670000A0000005B25755D1B5B313B33316D5BC0
:105680004552524F525D1B5B306D3A204661696C4A
:10569000656420746F2072656164205375624748A9
:1056A0007A20696E7465726E616C2052414D206281
:1056B00075666665722E204572726F722025750AB6
:1056C000000000005B25755D1B5B313B33316D5B7A
:1056D0004552524F525D1B5B306D3A204661696CFA
:1056E000656420746F207265616420537562474859
:1056F0007A204C6F5261207061636B657420737403
:10570000617475732E204572726F722025750A00C0
:105710005B25755D1B5B313B33316D5B4552524FF1
:10572000525D1B5B306D3A204661696C6564207484
:105730006F20726561642053756247487A204C6F10
:10574000526120686561646572204352432073741E
:10575000617475732E2048616C206572726F7220BF
:10576000307825780A0000005B25755D1B5B313BB6
:1057700033316D5B4552524F525D1B5B306D3A20A9
:1057800052656365697665642053756247487A207F
:10579000527820446F6E65204952512C20627574F6
:1057A00020616374697665206D6F64656D206D6F2F
:1057B0006465202825752920697320696E76616CDF
:1057C00069640A005B25755D1B5B313B33336D5BA0
:1057D0005741524E494E475D1B5B306D3A20556E26
:1057E00065787065637465642053756247487A20F4
:1057F0004952512064657465637465643A20307859
:10580000253034582E204E6F2068616E646C6572AE
:10581000732061737369676E656420746F206974A7
:105820002E20416C6C207265706F727465643A2032
:105830003078253034580A005B25755D1B5B313BA1
:1058400033336D5B5741524E494E475D1B5B306DA4
:105850003A20556E68616E646C65642053756247CA
:10586000487A2049525173206964656E746966698B
:1058700065642E205265706F727465643A203078CA
:10588000253034782C20756E68616E646C65643ADE
:10589000203078253034780A000000005B25755DE3
:1058A0001B5B313B33316D5B4552524F525D1B5B8D
:1058B000306D3A2053756247487A20495251207022
:1058C000726F63657373206572726F722025752E17
:1058D000204952513A203078253034582072616482
:1058E000696F2073746174653A2025752C206D6F83
:1058F00064656D2025750A005B25755D1B5B313B7A
:1059000033316D5B4552524F525D1B5B306D3A2017
:105910004661696C656420746F206170706C7920D9
:1059200053756247487A20526164696F20636F6ED5
:1059300066696775726174696F6E2E205265636562
:1059400069766564202575206279746573206275B7
:10595000742065787065637465642025750A00009D
:105960005B25755D1B5B313B33316D5B4552524F9F
:10597000525D1B5B306D3A204661696C6564207432
:105980006F2061636B6E6F776C656467652053751C
:105990006247487A20526164696F20436F6E66697E
:1059A0006775726174696F6E207265717565737465
:1059B0002E204572726F722025750A005B25755D79
:1059C0001B5B313B33326D5B494E464F5D1B5B3099
:1059D0006D3A205265636569766564205375624748
:1059E000487A20636F6E66696775726174696F6E5D
:1059F0000A0000005B25755D1B5B313B33316D5B3D
:105A00004552524F525D1B5B306D3A2045787465AC
:105A1000726E616C207265717565737420746F208D
:105A200072657365742053756247487A2070657299
:105A30006970686572616C2072656A65637465641B
:105A4000202D20696E76616C6964206B6579732006
:105A5000286B313A203078253038782C206B323A58
:105A600020307825303878290A0000005B25755DE4
:105A70001B5B313B33316D5B4552524F525D1B5BBB
:105A8000306D3A204661696C656420746F207365DF
:105A9000742049525120696E6469636174696F6E44
:105AA0002075706F6E2053756247487A2052657377
:105AB000657420636F6D706C6574696F6E2E204520
:105AC00072726F722025750A000000005B25755DFB
:105AD0001B5B313B33336D5B5741524E494E475D43
:105AE0001B5B306D3A20496E76616C696420646599
:105AF000657020736C65657020726571756573746F
:105B0000202D2069676E6F7265640A005B25755DE4
:105B10001B5B313B33326D5B494E464F5D1B5B3047
:105B20006D3A205369646577616C6B206F706572A4
:105B30006174696F6E73206365617365640A000048
:105B40005B25755D1B5B313B33316D5B4552524FBD
:105B5000525D1B5B306D3A204661696C6564207450
:105B60006F207365742049525120696E64696361C6
:105B700074696F6E2075706F6E2053756247487A36
:105B800020536C65657020636F6D706C6574696F10
:105B90006E2E204572726F722025750A000000007B
:105BA0005B25755D1B5B313B33316D5B4552524F5D
:105BB000525D1B5B306D3A204661696C65642074F0
:105BC0006F207365742049525120696E6469636166
:105BD00074696F6E2075706F6E2053756247487AD6
:105BE000205374616E64627920636F6D706C6574AC
:105BF000696F6E2E204572726F722025750A000043
:105C00005B25755D1B5B313B33316D5B4552524FFC
:105C1000525D1B5B306D3A2053756247487A2068AD
:105C20006172647761726520696E69742072657152
:105C3000756573746564206265666F726520686F50
:105C40007374204D435520737570706C69656420C2
:105C500053756247487A20636F6E6669670A000071
:105C60005B25755D1B5B313B33316D5B4552524F9C
:105C7000525D1B5B306D3A204661696C656420742F
:105C80006F207365742049525120696E64696361A5
:105C900074696F6E2075706F6E2053756247487A15
:105CA000206261736520485720696E697420636FB4
:105CB0006D706C6574696F6E2E204572726F722004
:105CC00025750A005B25755D1B5B313B33336D5BCE
:105CD0005741524E494E475D1B5B306D3A2041742F
:105CE00074656D707420746F20636F6E666967757C
:105CF00072652053756247487A20547820706F7718
:105D00006572206265666F72652074686520636FD6
:105D10006E6669672069732073656E740A000000FF
:105D20005B25755D1B5B313B33316D5B4552524FDB
:105D3000525D1B5B306D3A204661696C656420746E
:105D40006F207365742053756247487A2054782019
:105D5000706F77657220746F202573256464422EFE
:105D6000204572726F722025750A00005B25755DF3
:105D70001B5B313B33336D5B5741524E494E475DA0
:105D80001B5B306D3A20417474656D707420746FC4
:105D900020736574206D6F64656D2073796E632068
:105DA000776F7264206265666F7265205375624713
:105DB000487A20636F6E6669672069732073656E29
:105DC000740A00005B25755D1B5B313B33346D5BF2
:105DD00044454255475D1B5B306D3A2046534B208E
:105DE00073796E6320776F72642073657420746FAB
:105DF0002030782530325825303258253032582C12
:105E0000206C656E3A2025750A0000005B25755DE3
:105E10001B5B313B33346D5B44454255475D1B5B37
:105E2000306D3A204C6F52612073796E6320776F2A
:105E300072642073657420746F2030782530345874
:105E40000A0000005B25755D1B5B313B33336D5BE6
:105E50005741524E494E475D1B5B306D3A20496EAB
:105E600076616C6964206D6F64656D207370656325
:105E7000696669656420666F722053657420537982
:105E80006E6320576F726420636D643A2025750A33
:105E9000000000005B25755D1B5B313B33336D5BA0
:105EA0005741524E494E475D1B5B306D3A2041745D
:105EB00074656D707420746F20736574204C6F521C
:105EC000612073796D626F6C2074696D656F757494
:105ED000206265666F72652053756247487A206359
:105EE0006F6E6669672069732073656E740A0000BF
:105EF0005B25755D1B5B313B33316D5B4552524F0A
:105F0000525D1B5B306D3A204661696C656420749C
:105F10006F206170706C79204C6F52612073796DC5
:105F2000626F6C2074696D656F757420736574742D
:105F3000696E672E204572726F722025750A000007
:105F40005B25755D1B5B313B33336D5B5741524EB7
:105F5000494E475D1B5B306D3A20417474656D702E
:105F60007420746F20736574204C6F5261206D6FC4
:105F700064756C6174696F6E20706172616D7320FD
:105F80006265666F72652053756247487A20636F59
:105F90006E6669672069732073656E740A0000007D
:105FA0005B25755D1B5B313B33316D5B4552524F59
:105FB000525D1B5B306D3A204661696C65642074EC
:105FC0006F206170706C79204C6F5261206D6F642E
:105FD000756C6174696F6E20706172616D732E20D3
:105FE0004572726F722025750A0000005B25755D91
:105FF0001B5B313B33336D5B5741524E494E475D1E
:106000001B5B306D3A20417474656D707420746F41
:1060100020736574204C6F5261207061636B6574EE
:1060200020706172616D73206265666F72652053C6
:10603000756247487A20636F6E66696720697320CE
:1060400073656E740A0000005B25755D1B5B313B58
:1060500033316D5B4552524F525D1B5B306D3A20C0
:106060004661696C656420746F206170706C792082
:106070004C6F5261207061636B6574207061726156
:106080006D732E204572726F722025750A00000014
:106090005B25755D1B5B313B33336D5B5741524E66
:1060A000494E475D1B5B306D3A20417474656D70DD
:1060B0007420746F20736574204C6F5261204341CB
:1060C0004420706172616D73206265666F72652035
:1060D00053756247487A20636F6E666967206973FB
:1060E0002073656E740A00005B25755D1B5B313B98
:1060F00033316D5B4552524F525D1B5B306D3A2020
:106100004661696C656420746F206170706C7920E1
:106110004C6F52612043414420706172616D732E57
:10612000204572726F722025750A00005B25755D2F
:106130001B5B313B33336D5B5741524E494E475DDC
:106140001B5B306D3A20417474656D707420746F00
:106150002046534B206D6F64756C6174696F6E20BF
:10616000706172616D73206265666F726520537530
:106170006247487A20636F6E66696720697320738F
:10618000656E740A000000005B25755D1B5B313B8A
:1061900033316D5B4552524F525D1B5B306D3A207F
:1061A0004661696C656420746F206170706C792041
:1061B00046534B206D6F64756C6174696F6E20700F
:1061C0006172616D732E204572726F722025750A9F
:1061D000000000005B25755D1B5B313B33336D5B5D
:1061E0005741524E494E475D1B5B306D3A2041741A
:1061F00074656D707420746F207365742046534B02
:10620000207061636B657420706172616D732062D0
:1062100065666F72652053756247487A20636F6EBA
:106220006669672069732073656E740A0000000058
:106230005B25755D1B5B313B33316D5B4552524FC6
:10624000525D1B5B306D3A204661696C6564207459
:106250006F206170706C792046534B207061636BC6
:10626000657420706172616D732E204572726F7259
:106270002025750A000000005B25755D1B5B313B26
:1062800033316D5B4552524F525D1B5B306D3A208E
:106290004661696C656420746F2073657420537562
:1062A0006247487A205478206275666665722E20AF
:1062B0004279746573207772697474656E3A20252B
:1062C000752C2065787065637465643A2025752C9B
:1062D000206572726F722025750A00005B25755D5E
:1062E0001B5B313B33336D5B5741524E494E475D2B
:1062F0001B5B306D3A20417474656D707420746F4F
:10630000207374617274205478206265666F7265C0
:106310002053756247487A20636F6E66696720690B
:10632000732073656E740A005B25755D1B5B313BE2
:1063300033316D5B4552524F525D1B5B306D3A20DD
:106340004661696C656420746F2073746172742097
:1063500053756247487A2054782E204572726F72C6
:106360002025750A000000005B25755D1B5B313B35
:1063700033316D5B4552524F525D1B5B306D3A209D
:106380004661696C656420746F2073746172742057
:1063900053756247487A2054782E204572726F7286
:1063A0002025752E204D6F64656D206D6F64653AF4
:1063B0002025750A000000005B25755D1B5B313BE5
:1063C00033336D5B5741524E494E475D1B5B306D19
:1063D0003A20417474656D707420746F2073746119
:1063E0007274205278206265666F72652053756200
:1063F00047487A20636F6E6669672069732073650A
:106400006E740A005B25755D1B5B313B33316D5B40
:106410004552524F525D1B5B306D3A204661696CAC
:10642000656420746F2073746172742053756247C1
:10643000487A2052782E204572726F722025750A94
:10644000000000005B25755D1B5B313B33336D5BEA
:106450005741524E494E475D1B5B306D3A204174A7
:1064600074656D707420746F20737461727420464B
:10647000534B20636172726965722073656E736538
:10648000206265666F72652053756247487A2063A3
:106490006F6E6669672069732073656E740A000009
:1064A0005B25755D1B5B313B33316D5B4552524F54
:1064B000525D1B5B306D3A2046534B2043532065A1
:1064C000786974206D6F6465203078255820697371
:1064D000206E6F7420737570706F727465640A003B
:1064E0005B25755D1B5B313B33316D5B4552524F14
:1064F000525D1B5B306D3A204661696C65642074A7
:106500006F207374617274204361727269657220C6
:1065100053656E73652E204572726F722025750A61
:10652000000000005B25755D1B5B313B33336D5B09
:106530005741524E494E475D1B5B306D3A20436FC9
:106540006D6D616E6420555345525F444154412046
:106550006973206E6F7420737570706F72746564E8
:106560000A0000005B25755D1B5B313B33346D5BBE
:1065700044454255475D1B5B306D3A205374617250
:106580007465642043572054782061742025752E4B
:1065900025754D487A2C202573256464426D0A00C8
:1065A0005B25755D1B5B313B33316D5B4552524F53
:1065B000525D1B5B306D3A204661696C65642074E6
:1065C0006F2073746172742053756247487A204358
:1065D000572054782E204572726F722025750A005C
:1065E0005B25755D1B5B313B33336D5B5741524E11
:1065F000494E475D1B5B306D3A20417474656D7088
:106600007420746F20737461727420527820444334
:10661000206265666F72652053756247487A206311
:106620006F6E6669672069732073656E740A000077
:106630005B25755D1B5B313B33336D5B5741524EC0
:10664000494E475D1B5B306D3A20417474656D7037
:106650007420746F207374617274204C6F526120C7
:10666000434144206265666F7265205375624748F6
:106670007A20636F6E6669672069732073656E7434
:106680000A0000005B25755D1B5B313B33316D5BA0
:106690004552524F525D1B5B306D3A204661696C2A
:1066A000656420746F207374617274204C6F526142
:1066B000204341442E204572726F722025750A00D6
:1066C0005B25755D1B5B313B33316D5B4552524F32
:1066D000525D1B5B306D3A204661696C65642074C5
:1066E0006F207365742049525120696E646963613B
:1066F00074696F6E2075706F6E206C6976652053BB
:10670000756247487A205253534920726561646F1D
:1067100075742E204572726F722025750A00000074
:106720005B25755D1B5B313B33316D5B4552524FD1
:10673000525D1B5B306D3A204661696C6564207464
:106740006F207365742049525120696E64696361DA
:1067500074696F6E2075706F6E2053756247487A4A
:10676000206368616E6E656C206E6F697365206D65
:106770006561737572656D656E742E204572726FFA
:10678000722025750A0000005B25755D1B5B313B9F
:1067900033316D5B4552524F525D1B5B306D3A2079
:1067A000526563656976656420616E20756E6B6EF7
:1067B0006F776E205369646577616C6B20526164FA
:1067C000696F20417070204F70436F64653A2030CC
:1067D0007825582C20307825580A00005B25755DF7
:1067E0001B5B313B33316D5B4552524F525D1B5B3E
:1067F000306D3A204661696C656420746F20637265
:106800006561746520726164696F2074696D656F7C
:106810007574206D6F6E69746F722E204572726F81
:10682000722025640A0000005B25755D1B5B313B0F
:1068300033316D5B4552524F525D1B5B306D3A20D8
:1068400043616E277420637265617465204C504DFE
:106850002073757370656E642074696D65722E2087
:106860004572726F722025640A0000003930322DA3
:10687000393238204D487A003836332D38373020B9
:106880004D487A003737392D373837204D487A0050
:106890003437302D353130204D487A003433302DA7
:1068A000343430204D487A002F706C6174666F72FA
:1068B0006D2F7369645F6D63752F73742F73746DBF
:1068C0003332776C2F447269766572732F53544D4F
:1068D0003332574C78785F48414C5F447269766533
:1068E000722F5372632F73746D3332776C78785FC5
:1068F00068616C5F636F727465782E6300000000DE
:106900002F706C6174666F726D2F7369645F6D6355
:10691000752F73742F73746D3332776C2F447269D3
:10692000766572732F53544D3332574C78785F48E5
:10693000414C5F4472697665722F5372632F737492
:106940006D3332776C78785F68616C5F646D612E4F
:10695000630000002F706C6174666F726D2F736935
:10696000645F6D63752F73742F73746D3332776C3E
:106970002F447269766572732F53544D3332574CDE
:1069800078785F48414C5F4472697665722F537224
:10699000632F73746D3332776C78785F68616C5FE6
:1069A000646D615F65782E63000000002F706C617C
:1069B00074666F726D2F7369645F6D63752F737486
:1069C0002F73746D3332776C2F44726976657273EE
:1069D0002F53544D3332574C78785F48414C5F44C5
:1069E00072697665722F5372632F73746D333277C9
:1069F0006C78785F68616C5F6770696F2E63000008
:106A00002F706C6174666F726D2F7369645F6D6354
:106A1000752F73742F73746D3332776C2F447269D2
:106A2000766572732F53544D3332574C78785F48E4
:106A3000414C5F4472697665722F5372632F737491
:106A40006D3332776C78785F68616C5F7077722E27
:106A5000630000002F706C6174666F726D2F736934
:106A6000645F6D63752F73742F73746D3332776C3D
:106A70002F447269766572732F53544D3332574CDD
:106A800078785F48414C5F4472697665722F537223
:106A9000632F73746D3332776C78785F68616C5FE5
:106AA0007077725F65782E63000000002F706C6154
:106AB00074666F726D2F7369645F6D63752F737485
:106AC0002F73746D3332776C2F44726976657273ED
:106AD0002F53544D3332574C78785F48414C5F44C4
:106AE00072697665722F5372632F73746D333277C8
:106AF0006C78785F68616C5F7263632E630000007E
:106B00002F706C6174666F726D2F7369645F6D6353
:106B1000752F73742F73746D3332776C2F447269D1
:106B2000766572732F53544D3332574C78785F48E3
:106B3000414C5F4472697665722F5372632F737490
:106B40006D3332776C78785F68616C5F7263635F16
:106B500065782E63000000002F706C6174666F72A0
:106B60006D2F7369645F6D63752F73742F73746D0C
:106B70003332776C2F447269766572732F53544D9C
:106B80003332574C78785F48414C5F447269766580
:106B9000722F5372632F73746D3332776C78785F12
:106BA00068616C5F7274632E630000002F706C610B
:106BB00074666F726D2F7369645F6D63752F737484
:106BC0002F73746D3332776C2F44726976657273EC
:106BD0002F53544D3332574C78785F48414C5F44C3
:106BE00072697665722F5372632F73746D333277C7
:106BF0006C78785F68616C5F7274635F65782E6330
:106C0000000000002F706C6174666F726D2F7369E5
:106C1000645F6D63752F73742F73746D3332776C8B
:106C20002F447269766572732F53544D3332574C2B
:106C300078785F48414C5F4472697665722F537271
:106C4000632F73746D3332776C78785F68616C5F33
:106C50007370692E630000002F706C6174666F7230
:106C60006D2F7369645F6D63752F73742F73746D0B
:106C70003332776C2F447269766572732F53544D9B
:106C80003332574C78785F48414C5F44726976657F
:106C9000722F5372632F73746D3332776C78785F11
:106CA00068616C5F73756267687A2E63000000002C
:106CB0002F706C6174666F726D2F7369645F6D63A2
:106CC000752F73742F73746D3332776C2F44726920
:106CD000766572732F53544D3332574C78785F4832
:106CE000414C5F4472697665722F5372632F7374DF
:106CF0006D3332776C78785F68616C5F7561727440
:106D00002E6300002F706C6174666F726D2F736953
:106D1000645F6D63752F73742F73746D3332776C8A
:106D20002F447269766572732F53544D3332574C2A
:106D300078785F48414C5F4472697665722F537270
:106D4000632F73746D3332776C78785F68616C5F32
:106D5000756172745F65782E630000002F706C613E
:106D600074666F726D2F7369645F6D63752F7374D2
:106D70002F73746D3332636F6D6D6F6E2F4D696459
:106D8000646C6577617265732F54686972645F50D3
:106D9000617274792F4672656552544F532F536F49
:106DA000757263652F71756575652E63000000004F
:106DB0002F706C6174666F726D2F7369645F6D63A1
:106DC000752F73742F73746D3332636F6D6D6F6EC7
:106DD0002F4D6964646C6577617265732F546869BF
:106DE00072645F50617274792F4672656552544FB8
:106DF000532F536F757263652F7461736B732E63BA
:106E00000000000049444C45000000002F706C61F8
:106E100074666F726D2F7369645F6D63752F737421
:106E20002F73746D3332636F6D6D6F6E2F4D6964A8
:106E3000646C6577617265732F54686972645F5022
:106E4000617274792F4672656552544F532F536F98
:106E5000757263652F74696D6572732E630000002F
:106E6000546D725100000000546D7220537663001F
:106E70002F706C6174666F726D2F7369645F6D63E0
:106E8000752F73742F73746D3332636F6D6D6F6E06
:106E90002F4D6964646C6577617265732F546869FE
:106EA00072645F50617274792F4672656552544FF7
:106EB000532F536F757263652F706F727461626CBC
:106EC000652F4D656D4D616E672F686561705F342C
:106ED0002E6300002F706C6174666F726D2F736982
:106EE000645F6D63752F73742F73746D3332636FCA
:106EF0006D6D6F6E2F4D6964646C6577617265733B
:106F00002F54686972645F50617274792F4672659C
:106F10006552544F532F536F757263652F706F72A4
:106F20007461626C652F4743432F41524D5F434D5F
:106F3000332F706F72742E63000000005265762E3E
:106F400020590000556E6B6E6F776E005265762E7D
:106F5000205A000053544D3332574C7878000000CB
:106F60003C4E554C4C3E00003031323334353637D0
:106F700038396162636465666768696A6B6C6D6EF7
:106F80006F707172737475767778797A000000008B
:106F9000303132333435363738394142434445464F
:106FA0004748494A4B4C4D4E4F50515253545556F9
:106FB0005758595A00000000A02E01080100000097
:106FC00000000000000000002CED00E028ED00E0D3
:106FD0004914000841140008B11200080513000804
:106FE0007D120008AD120008E11A0008FD1A000821
:106FF000551B0008C51B0008711B0008DD1B00089D
:107000002D1D00084D1C00088D1C0008751D000872
:107010008D1B00080D1C00089D1A0008B91C0008F3
:10702000F91C0008B91A0008BD1A0008D11A000896
:107030000920000839200008792000086520000890
:10704000C442010800000000000000000000000031
:1070500000000000330300003800000000000000C2
:10706000000000000100000010000000000001000E
:1070700000010000010100001001000001000000FB
:1070800010000000000001000001000001010000EC
:10709000100100006C680108786801088468010824
:1070A000906801089C680108008000000040000012
:1070B0000020000000100000000800000004000094
:1070C000000200000001000000400000002000005D
:1070D0000010000000080000000400000002000092
:1070E00000010000800000000020000000100000EF
:1070F0000008000000040000000200000001000081
:107100008000000040000000A0860100400D030048
:10711000801A060000350C0040420F0080841E00DB
:1071200000093D0000127A000024F40000366E01D0
:107130000048E801006CDC020000000000000000D4
:10714000000000000000000000000000000000003F
:10715000000000000000000001000000020000002C
:107160000300000004000000010000000300000014
:107170000500000001000000010000000600000002
:107180000A000000200000000200000004000000CF
:107190000800000010000000400000008000000017
:1071A00000010000000200000100020004000600CF
:1071B00008000A000C0010002000400080000001C0
:1071C0000804020408010101010101030701000094
:0871D000370000000000000080
:0871D800A88FFE7F01000000FA
:0871E000650100080000000039
:0871E800410100080000000055
:1071F000FFFFFFFF0100000000093D00010000004B
:1072000010000000AAAAAAAA2C0800200000000072
:10721000DC66002044670020AC670020000000000E
:10722000000000000000000000000000000000005E
:10723000000000000000000000000000000000004E
:10724000000000000000000000000000000000003E
:08725000000000000000000036
:107258000000000000000000000000000000000026
:107268000000000000000000000000000000000016
:107278000000000000000000000000000000000006
:040000050800A2B598
:00000001FF
