:020000040800F2
:1000000000070020E1D2000815860008BDD70008CF
:10001000DD860008DF860008E1860008BD90000844
:10002000000000000000000000000000D17901087D
:10003000E38600080000000061790108F94B01081F
:10004000BD900008BD900008ED860008BD90000836
:10005000BD900008BD900008E5860008BD9000082E
:10006000BD900008BD900008BD90000819870008E9
:10007000238700082D87000837870008418700087C
:100080004B870008558700085F87000869870008CC
:1000900075870008818700088D8700089987000808
:1000A000A5870008B1870008BD870008BD9000083B
:1000B000BD900008C9870008D9870008E9870008B3
:1000C000BD900008F987000809880008BD90000865
:1000D000BD900008BD900008BD900008BD900008CC
:1000E000BD900008BD900008BD900008BD900008BC
:1000F000BD9000089D88000819880008BD90000880
:10010000BD900008BD900008BD900008BD9000089B
:10011000BD900008BD900008BD900008BD9000088B
:10012000BD900008BD900008BD900008BD9000087B
:10013000BD90000851880008BD900008BD900008DF
:10014000BD900008BD90000829880008BD900008F7
:10015000BD900008BD900008BD900008BD9000084B
:1001600010B5054C237833B9044B13B10448AFF3F1
:1001700000800123237010BDC00E0020000000008D
:10018000EC57030808B5034B1BB103490348AFF311
:10019000008008BD00000000C40E0020EC570308DA
:1001A00010B5040010461A4618BF00290AD00028CE
:1001B00018BF002A06D021610146204603F019FD30
:1001C000014B636110BD00BFFEAF1C5E10B50400A3
:1001D00007D003F052FD20461821BDE8104034F04E
:1001E0001EBC10BDFEB504000D4616461F4618BFC6
:1001F000002D0DD0002E18BF002F09D0A0692A684D
:100200000168886801688A4224BF3B688B4201D23A
:100210000120FEBD3A466FF0010103F0BDF9A0696F
:100220002246D0F81CC0206A0290E1690096284658
:100230000191DCF80430DCF800403946A047FEBDEF
:10024000002810B518BF002901D1012010BD0024DD
:1002500044618161C2610362002010BD0246906961
:10026000D36900684168006803F0F6BB02469069F4
:10027000D3690068C168806803F0EEBBC16903F010
:1002800072BC70B50546E8690E46142203F0C1FC45
:10029000040049D1316800200861AA691068036828
:1002A000E8691A6805F066FD040038D1A86901689C
:1002B00030680A6800F10801E869126805F05AFD23
:1002C000040028D1A86931684268D369032B30D073
:1002D0000068091D0268E869126805F04BFD04001A
:1002E00013D1A86931684268D369022B1ED1006816
:1002F0000C310268E869126805F03CFD040013D077
:100300003068011DE86905F040FD306800F1080122
:10031000E86905F03AFD3168E86905F036FDE869FD
:100320001422314603F094FC204670BD0020C860C2
:10033000FAE700224A60CA60F6E770B50C4600256D
:10034000002C06461ABF20680028012523D0B16979
:100350004A68D369022B04D100F10C01F06905F061
:1003600014FDB0694168C869032804D02168F069A8
:10037000091D05F00AFD206800F10801F06905F08B
:1003800004FD2168F06905F000FDF06914222146A2
:1003900003F05EFC2560284670BD0000F8B50F46EE
:1003A00000251646002F044618BF002E0BD03968D2
:1003B00000291CBFB868002805D03268002A1CBF7D
:1003C000B068002801D1012519E03B69204633615E
:1003D00005F016FD796800291FBF7268002A2046C3
:1003E00005F00EFDB268B968204605F009FDF96810
:1003F00000291FBFF268002A204605F001FD2846AB
:10040000F2BD70B50E46B169154604460A68012072
:10041000D3693BB1022B01D007D370BD4968CB69CA
:10042000032B14D0126869680CE012682968204612
:1004300003F0E4FAB1694A68D369022B07D108686E
:10044000E96802682046BDE8704003F0D7BA70BD85
:1004500070B506460D462869002440F00100286169
:10046000B1690868C2691AB1022A08D018D32DE010
:100470002868002105F0B5FC686801210BE0496897
:100480002868CA69032A08BF012104D0002105F0A9
:10049000A8FC0121686805F0A4FC0021A86812E00E
:1004A0002868002105F09DFC6868012105F099FC91
:1004B000A868012105F095FCB0694168C869022867
:1004C00005D10021E86805F08CFC00E001242046FD
:1004D00070BD2DE9FC4B16460025002E80468B464C
:1004E0001C461CBF0B9F002F05D0396800291CBF7C
:1004F000B868002803D101252846BDE8F68B0A9884
:1005000038614A683168404603F045FB3A685060FC
:10051000786838B156F82B104268404603F03BFB30
:1005200079684860B868002C426840460CBF0121D9
:10053000216803F030FBB9684860F86838B156F8B4
:100540003B104268404603F026FBF96848604FF0D4
:100550000209361F15E0404603F01DFBB96841F85B
:100560002900F86858B150F8292009EB4B0056F8DB
:100570002010404603F00FFBF96841F8290009F10B
:100580000109CB45B8D3386856F8291050F829200E
:10059000404603F000FB396841F82900786858B1FB
:1005A00050F829200BEB090056F82010404603F0C4
:1005B000F2FA796841F82900B868002C50F829202F
:1005C0000EBF0021201F50F82910C4E770B5044663
:1005D000A0690D4600264168C869032818D8DFE8DD
:1005E00000F00707020C226AE868214603F04DFA82
:1005F000226A6868214603F048FA226A2868214680
:1006000003F043FA226AA868214603F03EFA00E0AC
:100610000126286940F004002861304670BD0000C2
:1006200038B50446A0690D464168C86903281FD83B
:10063000DFE800F009090210236AE269E868214650
:1006400003F02BFAA8B9236AE2696868214603F02F
:1006500024FA70B9236AE2692868214603F01DFA7A
:1006600038B9236AE269A868214603F016FA00E067
:100670000120296921F00401296132BDF8B5044641
:1006800000260D46002C18BF002D5ED0287C0021CE
:1006900000F0010003F087FA012856D0A868002175
:1006A00005F04AFC012850D0A06901682868096853
:1006B00005F001FC002848D5A0694168CA69032AF1
:1006C00006D000680168686805F0F5FB00283CD595
:1006D000A1690968086900281CBF4869002835D04D
:1006E000C86918B1022831D032D32EE06069236A7C
:1006F00022460168286803F015FAA069616900685C
:100700000B6802680169184602F002FE6069216AFE
:100710002346026800912968104603F0E0F9A069B9
:100720006269016810680A684969034602F0F0FDD1
:100730006069236A22464168686803F0F3F96069DA
:100740004168006805F0B7FB00B104263046F2BDF1
:100750006069236A22460168286803F0E3F960694A
:10076000236A22464168686803F0DCF96069226AFE
:10077000234601680092A0690A460768386903F0B9
:10078000AEF9A26961691768086849683A68034662
:1007900002F0BEFD6069216A234640680091296825
:1007A000024603F09CF96069216A23464068009183
:1007B0002968024603F093F96069216A234640687C
:1007C0000091A76902463F68796903F088F9A16939
:1007D00060690A68A96840681268034602F098FDDB
:1007E000ADE70000F0B50F4685B000210646039145
:1007F0000491B06903A901250368F0691C682268A7
:1008000005F0B8FA040040F0C680B0690168F069EC
:100810000A6804A9126805F0ADFA040040F0B78038
:10082000387C002100F0040003F0BDF920B93946FE
:1008300030460025FFF7CAFEDFF87821D2E9003400
:100840005649CDE900340878554B00280EBF0021E9
:10085000042004211A585DF80100524982181160E1
:100860001068012191605A68009950401A6841400F
:100870004D4880EA010C01994C484A404240B06919
:1008800094444B4A036892EA0C0F049A186814BF08
:100890006FF002016FF0010102F07EFEB069324696
:1008A000C469306A0290F16903980191049900903B
:1008B0006368B8682468A0470446B0694168C8699D
:1008C00003284AD8DFE800F0021F2940336A049960
:1008D0000398324603F026F9306A3A68049900908A
:1008E0003346104603F0FBF8306A049A3346009012
:1008F0000398114603F0F3F8316A786833460091A3
:100900000246049926E0316A38683346009103991B
:10091000024603F0E4F8786817E0316A3868334635
:1009200000910399024603F0DAF8316A7868334699
:1009300000910399024603F0D2F8306A33460090E2
:10094000FA687968386805E03868316A33460246E3
:100950000091039903F0C3F800E00124316AB868FC
:10096000334600910399024603F0B9F8002D08BF01
:10097000002C04D139463046FFF752FE0446386950
:1009800004A940F002003861F06905F0FEF9F06951
:1009900003A905F0FAF9204605B0F0BDDC0E0020F1
:1009A000DC6403082C7E82AD04850012FC68017AA9
:1009B000A8E29B8E781F00082DE9F04788B0064614
:1009C000B0691D4689469246016A006809EB0A0231
:1009D00012F8017C0368F069D1F808801A6806A94A
:1009E000FF0905F0C7F9040040F04181B0690168D2
:1009F000F0690A6807A9126805F0BCF9040040F024
:100A00003281B0690168F0690A6803A9126805F0CB
:100A1000B1F9040040F02381B0690168F0690A6807
:100A200005A9126805F0A6F9040040F01481B06928
:100A30000168F0690A6804A9126805F09BF90400CE
:100A40001AD1039A5146484605F092FB0398039940
:100A5000006851F8202022F0004241F82020B069BF
:100A600001680398096805F026FA002805D4F069A2
:100A700004A9042405F089F9E9E06868002105F07B
:100A8000B0F96A680399012005F0BAF9326A03984F
:100A9000314602F0FAFF336A05990398324603F0B3
:100AA00041F8B0690168C0680A68011D04981268BD
:100AB00005F076F9B069079B016805980A68049902
:100AC00002F0B7FC306A069A33460090B0690168BC
:100AD0000598496903F003F8B069069B01680A6844
:100AE0000499184602F014FC336A039906983246BA
:100AF00003F018F8306A039A0699009033461046BE
:100B000002F0EDFF306A059A03990090079833468A
:100B100002F0E5FF0399336A3246084603F002F813
:100B2000306A039A069900903346104602F0D7FFC8
:100B3000306A039A079900903346104602F0CFFFBF
:100B4000B069049A6FF004010368186802F024FD8C
:100B5000049A0321104602F0B0FBB069C469306A00
:100B60000290F169039801912A68049900926368E0
:100B700024683246A0470446F06904A905F005F947
:100B8000002C64D1316A28683346009105990246E9
:100B900002F0A5FF336A03992868324602F0C2FFCB
:100BA000306A039A334600900698114602F097FF88
:100BB0000799039805F07FF998B1B069059A0799EC
:100BC0000368186802F0B4FC0599039805F073F9FE
:100BD000B8B9316A2868334600910246414602F0AE
:100BE0007EFF336AF2692868314602F056FF04003E
:100BF0002DD1012F07D12868002105F09DF901288A
:100C000001D1042423E0B0692968026808791268D8
:100C100000F00100784002F0F1FE2869012140F067
:100C200002002861A86805F0DCF8B0694168C8696D
:100C300002280CD1306A33460090EA686968286857
:100C400002F04DFF326AE868314602F01EFFF0699B
:100C500005A905F09AF8F06903A905F096F8F0697E
:100C600007A905F092F8F06906A905F08EF820466C
:100C700008B0BDE8F0872DE9F0431F4605468846D9
:100C8000914687B008EB090010F8016CA86905A926
:100C9000F6090368E8691C68226805F06BF804002F
:100CA00040F01381A8690168E8690A6806A912681A
:100CB00005F060F8040040F00481A8690168E86963
:100CC0000A6803A9126805F055F8040040F0F580A1
:100CD000A8690168E8690A6804A9126805F04AF879
:100CE000040040F0E6807A68A9F10101404605F071
:100CF0003FFAA86901687868096805F0DCF80028FF
:100D000040F1BF800398002105F06BF8039A7968E1
:100D1000012005F075F82A6A0398294602F0B5FE0D
:100D20002B6A049903982A4602F0FCFEA869016820
:100D3000C0680A68011D3868126805F031F8A869B2
:100D4000069B016804980A68396802F072FB286AF9
:100D5000059A2B460090A86901680498496902F039
:100D6000BEFEA869059B01680A683968184602F04A
:100D700060FB2B6A039906982A4602F0D3FE03997A
:100D80002B6A2A46084602F0CDFE286A039A069985
:100D900000902B46104602F0A2FE2B6A049905989B
:100DA0002A4602F0BFFE286A049A2B460090059856
:100DB000114602F094FE286A039A049900902B468B
:100DC000104602F08CFEA869049A6FF002010368D5
:100DD000186802F0E1FB049A0221104602F06DFA55
:100DE000A869C469286A0290E969039801913A6880
:100DF00004990092636824682A46A047040054D1ED
:100E0000286A039A0599009006982B4602F067FE1F
:100E10002B6A049906982A4602F084FE286A039AEF
:100E2000049900902B46104602F059FE296A386852
:100E30002B4600910399024602F051FE2B6A03995A
:100E400038682A4602F06EFE286A039A2B46009004
:100E50000598114602F043FE0699039805F02BF819
:100E600078B92B6AEA693868294602F016FE040050
:100E70001BD1012E07D13868002105F05DF801284B
:100E800001D1042411E0A869396802680879126860
:100E900000F00100704002F0B1FDB868012104F0DB
:100EA000A0FF386940F002003861E86904A904F045
:100EB0006CFFE86903A904F068FFE86906A904F07B
:100EC00064FFE86905A904F060FF204607B0BDE8AB
:100ED000F08370B50646B0690C461546016808688F
:100EE000026850F8220002F06AFEB16962680B687D
:100EF0004FF0FF319E69761E4E4032406260C0F175
:100F00002002D14022680126401E54F8223086403B
:100F10000B4044F82230226854F82230334344F81E
:100F200022302868026850F82230194040F8221018
:100F300070BD2DE9F44F05460E461F4684B0686922
:100F4000D0F80080D0F80490D0F808A0C0680E9CBB
:100F50002A4601907968D7F800B00391B8684146F5
:100F600002902B6AB06802F0DDFD286A2B464A46E3
:100F70000090B068414602F0B2FD286A04992B4601
:100F8000009009684246404602F0A9FD286A04998B
:100F90002B46009049684A46484602F0A0FDA869E1
:100FA0004346016840460A68316802F042FAA8697F
:100FB0004B46016848460A68716802F03AFAECB19B
:100FC0000021404604F0B8FF20603A68494604F02A
:100FD0006DFF83467A682068494604F067FF0390F6
:100FE000BA682068494604F061FF02900021484633
:100FF00004F0A2FF216841EA40012160286A029AB8
:101000002B460090B068414602F069FD2B6A2A46E3
:101010005146404602F086FD286A019A2B46009010
:101020005146404602F05BFD286A2B46524600902E
:101030003068514602F053FDA869434601685046A6
:101040000A68514602F064F92B6A2A465946484616
:1010500002F068FDA8695B46016858460A68414687
:1010600002F0E7F9A8695B46016858460A680199E9
:1010700002F0DFF9A8695346016850460A685946EC
:1010800002F0D7F9286A2B4652460090514648464E
:1010900002F025FD286A019A2B46009071681046DF
:1010A00002F01DFDA869039B016850460A6801997A
:1010B00005B0BDE8F04F02F0BCB92DE9F84F044689
:1010C00060691E46D0F80090D0F804A0D0F80880DF
:1010D000D0F80CB0236A0D46A86817462246494648
:1010E00002F020FD206A23465246009038684946A7
:1010F00002F0F5FC206A23464A460090A86849465B
:1011000002F0EDFC206A23464A4600907868494682
:1011100002F0E5FC236AB8682246414602F002FD6F
:10112000206A23465A4600902868414602F0D7FCC0
:10113000206A234642460090B868414602F0CFFC40
:10114000206A2346424600906868414602F0C7FC88
:10115000A0695346016850460A68594602F069F989
:10116000A0694B46016848460A68414602F061F9A9
:10117000206A2346514600903268B86802F0AFFCFE
:10118000206A23460090B2683168A86802F0A7FC84
:10119000236A31682246504602F0C4FC206A234686
:1011A000009072683168504602F099FC206A23462C
:1011B000524600903168584602F091FC236A31682B
:1011C0002246484602F0AEFCA16930680A687168A0
:1011D0000346126802F02DF9206A716823460090D8
:1011E0000A46404602F07BFCA06942460168504630
:1011F000096802F0A4FBA16930680A684146034609
:10120000126802F016F9A0695346016850460A6850
:10121000316802F00EF9206A23464A460090514692
:10122000484602F05CFCA0697168026848460B46BB
:10123000126801B0BDE8F04F02F0FBB82DE9FE4F97
:1012400004460D4660691646984681680768D0F8DE
:10125000049001913168D0F80CA03A46404604F061
:1012600025FE716883463A46404604F01FFE029010
:10127000B1683A46404604F019FE0646236AA8685B
:101280002246394602F04EFCA0694B4601682868A8
:101290000A68394602F03CF8A0693B4601682868B4
:1012A0000A68394602F0C5F8206A23463A4600909B
:1012B0004946384602F013FCA0694A4601683846A0
:1012C000096802F0EAFAA0693B46016838460A68F4
:1012D000494602F01DF8236A68682246494602F032
:1012E00021FC206A019A234600902868494602F0B2
:1012F000F6FB236A22465146384602F013FCA069E9
:101300005346016850460A68019902F092F8A069B4
:101310005B46016850460A68019902F08AF8206A23
:10132000234632460090A968686802F0D8FB236A19
:1013300022464946484602F0F5FBA069534601683B
:1013400001980A68594602F074F8206A23463A4622
:1013500000905146384602F0C2FBA069029B01682A
:1013600038460A68494603B0BDE8F04F02F061B85C
:101370002DE9FE4F044660690768D0F80480D0F874
:101380000890C0680D4616460190316802983A46AA
:1013900004F08CFD8246716802983A4604F086FD9E
:1013A0008346B16802983A4604F080FD0646A0697B
:1013B0003B46016868680A68A96801F0A9FF236ACA
:1013C00028682246414602F0ADFB236A686822463F
:1013D000494602F0A7FBA0695346016828680A68DD
:1013E000494601F095FF236A0199A868224602F058
:1013F00099FB236A22465146504602F093FBA069AE
:101400005346016850460A68414602F012F8A06946
:101410005A4601684046096802F091FAA0694346BD
:10142000016840460A68594601F072FF236A224665
:101430005946484602F076FB236A2246394638462A
:1014400002F070FBA0693B46016838460A684946CD
:1014500001F0EFFFA0693346016838460A68019938
:1014600001F0E7FF0199236A2246084602F05AFB81
:10147000206A019A23460090A069114605682869F0
:1014800002F02DFBA0693B46016840460A680199BD
:1014900001F03EFFA069434601680A68594650467C
:1014A00001F0C7FFA069424601684046096802F0A2
:1014B00046FA236A22464946384602F033FBA069C1
:1014C000019A01684046096802F039FAA06953465A
:1014D000016848460A68019901F0ABFFA0694346DC
:1014E000016840460A68514601F0A3FFA0694A46D8
:1014F00001685846096802F022FAA0694A46016864
:101500004846096802F01BFAA0694A460168484645
:10151000096802F014FA206A23463A4600904146D0
:10152000384602F0DCFAA0695B46016838460A6872
:10153000494603B0BDE8F04F01F07BBF2DE9FC4701
:10154000044665690A98D5F80080D5F80490D5F866
:1015500008A008B1002505601646226A0F461D4600
:101560000092316838682346424602F0B8FAA06912
:101570004B46016838680A68796801F0C9FEA069BD
:101580002B68016830680A68716801F0C1FE206A42
:10159000234600906A687168786802F0A0FA206AB1
:1015A0002346524600906968404602F098FA206A45
:1015B000234652460090A06951460668706902F0C1
:1015C0008EFA206A23464A4600902968484602F06F
:1015D00086FAA0694B46016848460A68414601F010
:1015E00028FFA0694B46016848460A68696801F00F
:1015F00020FF206A234642460090A06941460668C3
:10160000306902F06CFAA16968680A6841460346CD
:10161000126801F00EFF236A2968B868224602F0BA
:1016200081FAA0694346016828680A68514601F0BA
:1016300000FFA0695346016828680A68514601F016
:1016400067FE206A23464A4600904946404602F01B
:1016500046FA206A2346494600902A68B86802F094
:101660003EFA206A23464A4600906968504602F0D6
:1016700036FA206A2346494600906A68B86802F044
:101680002EFA206A234651460090AA68404602F08E
:1016900026FABDE8F3872DE9FC4704466069D0F8D7
:1016A00000A0D0F80480D0F80890206A0D461746B4
:1016B0000090B968A8681E462346524602F00FFA09
:1016C000206A23460090B2683968286802F007FA59
:1016D000A0694346016828680A68696801F018FE35
:1016E000A0693368016838680A68796801F010FEFB
:1016F000206A2346009072687968686802F0EFF902
:10170000206A23464A4600907168B06802F0E7F903
:10171000206A23464A460090A069494605686869E0
:1017200002F0DDF9206A23464246009031684046C7
:1017300002F0D5F9A0694346016840460A68B168DD
:1017400001F077FEA0694346016840460A68716867
:1017500001F06FFE206AB16823460090A0690A4636
:101760000568286902F0BBF9A16970680A68B16868
:101770000346126801F05DFE236A31682246504636
:1017800002F0D0F9A069B368016830680A68494678
:1017900001F04FFEA0694B46016830680A6849466F
:1017A00001F0B6FD206A234642460090B0684146EB
:1017B00002F095F9206A234641460090326850466F
:1017C00002F08DF9206A234642460090716848462F
:1017D00002F085F9206A234641460090726850461F
:1017E00002F07DF9216AB06823460091024649461D
:1017F00002F075F9BDE8F3872DE9F84F04466069FA
:101800000D461746066839689B46D0F804A0324654
:10181000584604F04BFB796880463246584604F03F
:1018200045FBB96881463246584604F03FFB0746FF
:10183000A0693346016828680A68696801F068FD94
:10184000236A28682246514602F06CF9206A234632
:1018500042460090A0695146D0F800E0DEF8100042
:1018600002F03DF9236A22463146304602F05AF929
:10187000A0693346016830460A68514601F0D9FD37
:10188000236A68682246494602F04CF9A06953462B
:10189000016840460A68494601F03AFDA06943469E
:1018A000016840460A68494601F0C3FDA069334615
:1018B000016830460A68494601F0BBFD236AA86802
:1018C0002246394602F02EF9A0693A4601683846A8
:1018D000096802F034F8206A23464A4600904146DF
:1018E000504602F0FCF8A0693B46016850460A6881
:1018F000394601F09EFD206A234642460090394653
:10190000304602F0ECF8206A23463A460090394609
:10191000504602F0E4F8BDE8F18F2DE9F8430D469A
:1019200004466169089817461E46D1F80080D1F830
:10193000049008B100210160A0692968434600684D
:101940000268686801F075FDA0694B460168786817
:101950000A68396801F0DCFC206A234642460090A0
:101960004946404602F0BBF8A0694B4601686868EA
:101970000A68296801F0CCFCA069336801687868BE
:101980000A68396801F055FD206A23464A460090EE
:101990003168484602F0A3F8A069336801684846F8
:1019A0000A68414601F045FDA0694B46016848467A
:1019B0000A68414601F0ACFCA06972680168F868E9
:1019C000096801F0BCFF206A716823460090A8688E
:1019D0000A4602F084F8A069F2680168E8680968BC
:1019E00001F0ADFFA06943460168F0680A687168BC
:1019F00001F08EFCA169F0680A68716803461268FC
:101A000001F017FD206A234649460090B26830680D
:101A100002F065F8206A3168234600900A46404685
:101A200002F05DF8206A234600907268F16848462B
:101A300002F055F8206AF168234600900A464046B5
:101A400002F04DF8BDE8F1832DE9F84304466069E2
:101A500017460D46D0F80490D0F80080A069296898
:101A60001E46006843460268686801F0E2FCA0690F
:101A70004B46016878680A68396801F049FC206AB9
:101A80002346424600904946404602F028F8A069A5
:101A90004B46016868680A68296801F039FCA0694A
:101AA0003368016878680A68396801F0C2FC206A06
:101AB00023464A4600903168484602F010F8A06973
:101AC0003368016848460A68414601F0B2FCA069E3
:101AD0004B46016848460A68414601F019FCA06976
:101AE00072680168F868096801F029FF206A716866
:101AF00023460090A8680A4601F0F1FFA069B26889
:101B00000168B868096801F01AFF206A234600904E
:101B1000F268B168E86801F0E2FFA0694346016835
:101B2000F0680A68716801F0F3FBA169F0680A685F
:101B300071680346126801F07CFC206A234649461E
:101B40000090B268306801F0CAFF206A316823460D
:101B500000900A46404601F0C2FF206A23460090EA
:101B60007268F168484601F0BAFF206AF1682346BE
:101B700000900A46404601F0B2FFBDE8F1832DE92E
:101B8000FE4F0446984660690D461646436807684E
:101B90004046019331683A4604F088F971688146FD
:101BA0003A46404604F082F9B16882463A464046D9
:101BB00004F07CF9F16883463A46404604F076F931
:101BC0000646236A28682246394601F0ABFF236A9D
:101BD00068682246314601F0A5FF236AA8682246BC
:101BE000594601F09FFFA0695A46016858460968A6
:101BF00001F0A5FEA0694B46016828680A6869687B
:101C000001F086FB236A22464946484601F08AFFD6
:101C1000A0694B46016848460A68394601F009FC4C
:101C2000A069524639460368186801F081FCA06932
:101C30003B46016848460A68314601F0FAFBA06954
:101C4000019B016850460A68314601F061FBA069BA
:101C50003346016850460A68314601F0EAFBA06944
:101C60005346016801980A68594601F0E2FB206A70
:101C70000199234600905A46504601F030FF206AF1
:101C800023464A4600905146384601F028FF206A14
:101C90002346524600900198314601F020FF206A09
:101CA0002346324600903146384601F018FFBDE821
:101CB000F78F2DE9F8430446606916460D46D0F8C3
:101CC0000490D0F80080A0691F46B96800684346B8
:101CD0000268386801F01CFBA0694B46016838684F
:101CE0000A68B96801F0A5FBA0693B680168306823
:101CF0000A68B16801F00CFBA069BB680168306834
:101D00000A68B16801F095FB216AB8682346009122
:101D10000246414601F0E3FE236A22464146404620
:101D200001F000FF216A38682346009102464946C7
:101D300001F0D5FE236A22464946484601F0F2FEEC
:101D4000A06933680168B8680A68396801F0E0FA88
:101D5000A169B8680A6839680346126801F069FB2E
:101D60003068236A2246014601F0DCFEB868236A27
:101D70002246014601F0D6FE206A23460090B26852
:101D8000B968286801F0ABFE206A234649460090F6
:101D90003A68404601F0A3FEA0694B460168404600
:101DA0000A68494601F045FB206A23460090A06975
:101DB000BA6801684846096901F091FEA069434686
:101DC000016840460A68B96801F0A2FA206A234611
:101DD00049460090BA68404601F081FEBDE8F183B3
:101DE000FEB5064600200C461746019022691D46A6
:101DF00000212A61207C00F0010001F0D4FE0128BE
:101E000007D1387C002100F0010001F0CCFE012850
:101E100036D0207C002100F0010001F0C4FE012832
:101E200002D12A46394609E0387C002100F0010041
:101E300001F0B9FE012804D12A462146FEF7AEFA88
:101E4000F7BD3A4601A80090B7692B462146D7F85E
:101E500004C03046DCF80470B8470198C10713D5B8
:101E6000C0F3400060B13046B66901232A46776866
:101E70002146D7F800C0E04720694008400002E052
:101E8000286940F001002861F7BDF8B506460F4605
:101E900038691D4614462861387C002100F0010095
:101EA00001F081FE012807D1207C002100F0010013
:101EB00001F079FE01283BD0387C002100F00100C0
:101EC00001F071FE012802D12A46214609E0207C5A
:101ED000002100F0010001F066FE012805D12A462C
:101EE0003946BDE8F840FEF759BA3946B7692B467E
:101EF0002246D7F804C03046DCF80870B847A86816
:101F0000002104F019F8012816D12868002104F0F6
:101F100013F801280CD13046B66901232A467768A8
:101F20002146D7F800C0E04720694008400002E0A1
:101F3000286940F001002861F1BDF8B505460E465C
:101F40003069144600212061307C00F0010001F06E
:101F50002AFE012803D1206940F001000AE028464A
:101F6000AD69314601236E6822463768B84720695B
:101F7000400840002061F1BD04B001010017014597
:101F80002DE9F84F0C468EB00025002C02950095E7
:101F900001951CBF0492002A4FF4C0283DD0002BAD
:101FA00003931CBF189F002F37D0DDF864A0BAF14F
:101FB000000F1CBFDDF86890B9F1000F2DD00500AF
:101FC0002BD068696549884227D12869C169606A50
:101FD000014208BFDFF8888121D094F8280001076A
:101FE00058BFDFF880811AD52168086803F0BAFF6E
:101FF000C61D2068F608806803F0B4FF6168C01D44
:10200000C969032901D1B24507D1032912BFBAEB2F
:10201000460F0399B1EBD00F02D0DFF84C8199E065
:1020200020682B692A46C16905A8022921464F4C20
:1020300007BFDFF83CB1DFF83CA1DFF83CB1DFF8C7
:102040003CA1FEF7FDF805A8FEF708F908B1A04687
:1020500080E001A905A8FEF714F908B1A04676E0D2
:10206000694605A8FEF70DF908B1A0466BE00B988C
:10207000016828468A6802A9126803F07BFE08B14D
:10208000A0465CE0029A03990498D847009831462C
:1020900002683846D8470B984168C869032804D0BD
:1020A000009831464268B819D847009801218068E5
:1020B00003F097FE0098016941F0020101610B985D
:1020C0000168CA69022A04D1009A029905A8FEF79C
:1020D00000FF0B9F019B009ABF69029905A8D7F8E2
:1020E00000B0D84748B1042808BFDFF8948022D058
:1020F000012807D1DFF870801DE0019905A8FEF7DF
:1021000071FB08B1A04616E001981B9C324600689E
:102110004946D04704B126600B984168C869032836
:1021200009D00198324609EB06014068D04714B146
:1021300020683618266002A9284603F026FE694664
:1021400005A8FEF7FAF801A905A8FEF7F6F805A814
:10215000FEF794F840460FB0BDE8F08FFEAF1C5E6E
:102160000E0006000F000600030006000C0006002B
:10217000716100080962000875600008FB600008D2
:10218000080006002DE9F04F0C468DB00021002C10
:10219000009102919B461CBF0392002A4FF4C02A73
:1021A0000BD0169900291CBF189D002D05D0019059
:1021B00018B14169564A914202D0DFF858A1A2E015
:1021C0000169C869616A084208BFDFF84CA1F6D00E
:1021D00094F82800C10758BFDFF840A1EFD5206868
:1021E0008068016850F8210001F0E9FC8046206811
:1021F000816800680A68521E08EB421903F0B2FEBB
:10220000C61D179809F10707F608FF0800B1076017
:10221000199808B1710001605846C000DFF800B19C
:10222000484538BFDA466ED3019803692146024615
:1022300004A8FEF705F804A83A4CFEF70FF808B119
:10224000A24660E00A98016801988A6869461268A7
:1022500003F090FD08B1A24652E002A904A8FEF7DF
:1022600010F808B1A24647E0009A03983946C8F131
:10227000200803F0FFFE009A08F00701104601F065
:102280001CF8009A0221104601F086F938B90A9824
:1022900001680098896803F00EFE012801DBDA4628
:1022A00026E0009A4FF0FF31104601F075F91699BB
:1022B00000983A4603F021FF0A9B029A00991B6995
:1022C00004A8D3F800C0E04720B9029904A8FEF79B
:1022D00089FA08B1A2460BE0029832462946006806
:1022E00003F00BFF02983246A919406803F005FF7E
:1022F00002A904A8FEF721F80198694603F045FDFC
:1023000004A8FDF7BBFF50460DB0BDE8F08F00BF3D
:10231000FEAF1C5E030006000E0006000F00060064
:102320000B0006000C0006002DE9F04F1C468FB094
:1023300000230E460593019302934FF4C0280393A4
:10234000BEB3110000921CBF1899002931D01A9910
:1023500000291CBFDDF87090B9F1000F29D00500ED
:1023600027D068699249884223D12869C169706A77
:10237000014208BFDFF83C821DD096F82800C10753
:1023800058BFDFF8348216D53068DDF864A0806865
:10239000016850F8210001F012FC3168834688681A
:1023A0000268511E0BEB4113DF1DFF080493BA4571
:1023B00002D0DFF80882F6E02046C0001D9C98425B
:1023C00004D204B12760DFF8F881ECE005A92846C3
:1023D000DFF8F0A103F0CEFC08B1D046E3E03068AE
:1023E000816828460A6801A903F0C4FC08B1D046F8
:1023F000D5E03068816828460A6802A903F0BAFC73
:1024000008B1D046C7E0029A00983946CBF1200BBC
:1024100003F030FE029A0BF00701DFF8A4B110467A
:1024200000F04BFF3068019A6FF00101806801F005
:10243000B3F80199029803F03EFD0128A8BFD846E1
:1024400010DA029A0121104601F0A6F82B692A46FB
:10245000314606A8FDF7F4FE03A906A8FDF711FF13
:1024600008B1D04693E006A8FDF7F8FE08B1D046C3
:1024700089E00C9B039A02991E6906A8D6F800C051
:10248000E047B0B9039906A8FEF7ACF988B906A8E9
:10249000FDF7F4FE06A8FDF7E9FE0E9A029806A9DC
:1024A00001F0F3FA019B059A029906A8FDF79AFE3E
:1024B00008B1D04664E00C98029B016803988968D3
:1024C00000680A4600F0B5FF0298002103F034FDD1
:1024D00001284AD002981B9E3A46494603F00DFE59
:1024E000019A1898394603F0C5FD0E9A029806A97C
:1024F00001F0CBFA0E98029A0199009006AB1046B3
:1025000001F0EDFA0498019AB0EBC60F0BD21A98BD
:10251000394603F0AFFD019A0499C1EBC70110469B
:1025200000F0CBFE03E01A98314603F0A3FD0C98AF
:10253000019B0168896818460A4600F07AFF0C98EA
:10254000019B01688A680299184600F0E1FE0E9826
:10255000019A06AB00900598114601F0C0FA019867
:10256000002103F0E9FC012801D1D84608E00198D8
:102570003A4609EB070103F0C0FD0CB17F0027606C
:1025800006A8FDF77BFE03A906A8FDF7D6FE02A963
:10259000284603F0FAFB01A9284603F0F6FB05A93B
:1025A000284603F0F2FB40460FB0BDE8F08F00BFB5
:1025B000FEAF1C5E0E0006000F00060003000600C2
:1025C0000B0006000C0006002DE9F84F92B0002425
:1025D0000D4605940494089407940694A5B3160038
:1025E0001FBF1C9F002FDDF87880B8F1000F2BD0A3
:1025F000040029D06069A449884225D12069C169B5
:10260000686A014208BFA14E1FD095F82800C10793
:1026100058BF9F4E7AD500932968886803F0A2FCC2
:10262000814609F107004FEAD00A2868006803F0E4
:1026300099FCC01D4FEAD00B0098B0EB4B0F04BFC4
:102640001F98B0EB4A0F01D0924E5FE023692246FB
:10265000294609A8FDF7F4FD0F988F4D0168204623
:102660008A6805A9126803F085FB08B12E464DE083
:102670000F98016820468A6804A9126803F07AFB63
:1026800008B12E463EE00F98016820468A6808A9E6
:10269000126803F06FFB002840F08880059A5146CD
:1026A00008EB0A0003F0E6FC0598002103F044FC67
:1026B000012807D00F9801680598896803F0FBFB93
:1026C000002801D4754E15E009A8FDF7CFFD08B12B
:1026D0002E460FE0119A059809A901F0D6F9049B3E
:1026E000089A059909A8FDF77DFD98B12E4609A81D
:1026F000FDF7C4FD08A9204603F047FB04A92046C6
:1027000003F043FB05A9204603F03FFB304613B01E
:10271000BDE8F08F1D99049AB9EBC10F0BD2514659
:10272000384603F0A7FC049AC9EBCA09494610468B
:1027300000F0C3FD02E0384603F09CFC0F98049BB8
:102740000168896818460A4600F073FE1198049AD9
:102750000899009009AB104601F0C1F9059A51465D
:10276000404603F087FC0598002103F0E5FB0128B3
:1027700007D00F9801680598896803F09CFB002832
:1027800001D4464EB3E71198059A0899009009AB19
:10279000104601F0A4F909A8FDF770FD08A920462C
:1027A00003F0F3FA09A8FDF759FD08B12E46A5E795
:1027B00007A909A8FDF765FD08B12E465FE006A947
:1027C00009A8FDF75EFD08B12E4654E0069859466B
:1027D0000268304603F04EFC06985946426806EB04
:1027E0000B0003F047FC06980121806803F0F9FA1A
:1027F0000698016941F0020101610F9E0799049B4F
:10280000069A00917769059909A8D7F800C0E047B2
:1028100018B1042810D1224E29E007980021214E3A
:10282000007C00F0010001F0BEF901281FD00799DB
:1028300009A8FDF7D7FF08B12E4618E00F98049BB2
:1028400001680798896800680A4600F0F2FD209840
:10285000154A136803900498144902960191009355
:102860000368021D5146404603F00CFA064606A9CD
:1028700009A8FDF762FD07A909A8FDF75EFD09A8F3
:10288000FDF7FCFC3AE700BFFEAF1C5E0E00060041
:102890000F000600030006000C00060009000600F9
:1028A00008000600936E06004869030826C7060064
:1028B0002DE9F04F8FB000240F4604944FF4C02947
:1028C0000394029497B1110005921CBFDDF860805B
:1028D000B8F1000F0AD01A99002918BF5FEA000B5F
:1028E00004D0DBF814007949884202D0DFF8E09187
:1028F000E7E0DBF81000C169786A014208BFDFF841
:10290000D491F5D097F82800810758BFDFF8C89117
:10291000EED5009338680068016850F8210001F096
:102920004EF939680546199C0868DDF86CA0026804
:10293000009805EB4216183EF608B04209D204B1E1
:102940002660BAF1000FDFF8949118BFCAF8006052
:10295000B7E0DBF810305A46394606A8FDF770FCA0
:10296000F21C920804A9584603F004FA10B1DFF8EB
:102970007091A6E0324602A9584601F04AF90028B3
:1029800058D1019000960C98029B0599006A324636
:102990007700D0F800E0DEF8000000F00FFCB0F5A2
:1029A000003F07D03A4602A95846DFF8389101F0B7
:1029B0004FF982E0029805F00705ED1D01780C98AB
:1029C00002689369029A581E80F0FF00014011705E
:1029D000012000FA05F50298ADB26A1E401E815D25
:1029E00001EA122181550299681E891E8A5D024002
:1029F0008A550299491E8A5D42EA15228A55029932
:102A0000881E825D314615438555049A029803F06D
:102A1000AFFB324602A9584601F01AF90C98049A05
:102A20005B4601681046896800F0D5FD06A8FDF7F1
:102A300015FC10B1DFF8A8903FE003A906A8FDF748
:102A400020FC10B1DFF8989034E00C9B039A0499B5
:102A50001B6906A81D68A84720B9039906A8FDF7B9
:102A6000C1FE10B1DFF8789020E003981A99324641
:102A7000406803F0C9FB039A1A981368401E815DF1
:102A80005A68BAF1000F41EAC2113246815518BFA7
:102A9000CAF800600599404631F0BFFF1A993246E6
:102AA00008EB060031F0B9FF04B1276003A906A8BE
:102AB000FDF743FC06A8FDF7E1FB04A9584603F027
:102AC00064F948460FB0BDE8F08F00BFFEAF1C5E52
:102AD000030006000E0006000F0006000B000600B3
:102AE0000C000600010006002DE9F04F93B0002411
:102AF0000E460594049407944FF4C02A0694029459
:102B000003949EB3110008921FBF1C990029DDF8A1
:102B10007880B8F1000F29D0040027D06069DFF871
:102B20009813884222D12069C169706A014208BFA6
:102B3000DFF888A31CD096F82800810758BFDFF87B
:102B400080A315D530689B460068016850F82100C5
:102B500001F035F8316807460868026807EB42154E
:102B6000183DED084FEA4509CB4502D0DFF854A3E4
:102B70009DE123692246314609A8FDF761FBEA1C65
:102B8000920805A9204603F0F5F810B1DFF838A344
:102B90008DE14A4602A9204601F03BF810B1DFF86A
:102BA00028A380E101900F98CDF80090029B066A5F
:102BB00008992A463668306800F000FBB0F5003FFF
:102BC00071D102981D9E07F0070701780F98FF1D2D
:102BD00002689369029A581E80F0FF00014011704C
:102BE000012000FA07F70298BFB27A1E401E415D2D
:102BF00001EA122141550299781E891E4A5D024060
:102C00004A550299491E4A5D42EA17224A550299DD
:102C1000881E425D294617434755059A029803F0DE
:102C2000A7FA0F98016A2046CA6803A9AA18B21821
:102C300000F0EFFF002842D10F98006AC2680169D6
:102C4000039831F0EAFE0298039B2A4641190F9837
:102C5000076AF868184431F0E0FE0F9B03981C994E
:102C60001F6A3246FB68EB18184431F0D6FE0F9805
:102C70000021029B006A0191CDF80090C2680068B3
:102C80000399AA180068B21800F098FA07460F983E
:102C9000016A2046CA6803A9AA18B21800F0D8FF32
:102CA000B7F5003F02D0DFF824A2F7E00F980168E3
:102CB00020468A6807A9126803F05CF810B1DFF8B3
:102CC00008A2EBE0E81C80081290420004A920460C
:102CD00003F050F8A8B9049A0298494603F048FA5C
:102CE0000F98079A234601680498896800F073FCDE
:102CF00004A9204603F049F806A909A8FDF7C1FA7E
:102D000010B1DFF8C4A1C5E009A8FDF7A7FA6E4F1E
:102D1000002840F080800F9B069A07991B6909A83C
:102D2000D3F800B0D84700BB069909A8FDF75AFDB3
:102D3000D8B909A8FDF7A2FA06982A464146406884
:102D400003F062FA069AA8F10100415D13685A681F
:102D500041EAC21141550F98016A2046CA6803A989
:102D60004A44B21800F055FF20B109A8BA46FDF751
:102D700085FA8BE00F98006AC2680169039831F008
:102D80004CFE0F9B03982A46D3F820C04146DCF83E
:102D90000C30184431F041FE0898039B2A46411933
:102DA0000F98D0F820C0DCF80C002818184431F037
:102DB00034FE0F9B03981C99D3F820C03246DCF8F0
:102DC0000C304B44184431F028FE0F980021029B30
:102DD000006A0191CDF80090C268006803994A44E6
:102DE0000068B21800F0EAF983460F98016AC868D3
:102DF00003A948443218204600F02AFFBBF5003FE3
:102E000018BFDFF8C8A041D1129A04A92046520089
:102E100002F0B0FF08B1BA4638E0049A0298494679
:102E200003F0A6F90F98049A2346016810468968B2
:102E300000F0D1FB09A8FDF719FA08B1BA4621E064
:102E4000119A05981F9E09A900F01FFE1198059A76
:102E500009AB00900498114600F041FE0F98059BC5
:102E600001688A680799184600F052FA05982A46C0
:102E700008EB050103F0C8F90EB1C6F8009009A8E7
:102E8000FDF7FCF904A9204602F07FFF06A909A876
:102E9000FDF753FA07A9204602F077FF4A4602A938
:102EA000204600F0D5FE05A9204602F06EFF5046F0
:102EB00013B0BDE8F08F00BFFEAF1C5E0E00060031
:102EC0000F000600030006000C00060001000600CB
:102ED0002DE9F84F94B000250C460A950995089500
:102EE00006950795059504956CB3110002921FBFD6
:102EF0001E9F002FDDF880B0BBF1000F23D005002E
:102F000021D06869A24988421DD12869C169606AD7
:102F1000014208BF9F4C17D094F82800810758BF82
:102F20009D4C11D503932168086803F01BF8083005
:102F30004FEAD0090398484502BFDDF884A04FEA64
:102F40004908C24501D0954C1EE12B692A4621460D
:102F50000BA8FDF775F9424605A9284600F059FE71
:102F60008F4C0028F0D111981F9E016A2846CA682C
:102F700004A94244B21800F04CFE00284ED111982A
:102F8000006AC2680169049831F047FD119B0498FA
:102F90004A46D3F820C05946DCF80C30184431F0CA
:102FA0003CFD119B04980299D3F820C04A46DCF8F6
:102FB0000C304B44184431F030FD119B39460498D5
:102FC0001F6A3246FB684344184431F026FD1198CD
:102FD0000021059B006A0191CDF80080C26800685D
:102FE000049942440068B21800F0E8F807461198C6
:102FF000016AC86804A940443218284600F028FE37
:10300000B7F5003F18BF674C08D1119801682846F2
:103010008A680AA9126802F0ADFE002840F0AF806D
:1030200009F10307BF087A0009A9284602F0A2FEA9
:10303000002816D1099A0598414603F099F811988D
:103040000A9A2B4601680998896800F0C4FA09A910
:10305000284602F09AFE3A4608A9284602F08AFE5F
:10306000002840F088800BEB0800801E417807782C
:1030700011984FF6FF7647EA01270168886802F049
:1030800071FFC0EBC900C640F64337420DD1089A24
:1030900049460BEB090003F06BF81198016808989A
:1030A000896802F008FF002801D43F4C5FE006A9C0
:1030B0000BA8FDF7E6F8002859D107A90BA8FDF7E2
:1030C000E0F800284FD10BA8FDF7C8F8002846D13A
:1030D000119F079B039A3E6A02990BA87768B8472D
:1030E00018B1042838D1314C36E0079A0BA90120D9
:1030F000FDF787F9119F0698089B079A0A99009097
:103100007F690BA83E68B04730BB06990BA8FDF756
:1031100069FB08BB069805994A46406803F074F8B5
:10312000069A05981368224A401E10F809105C6838
:10313000204B41EAC41100F80910229801921E495F
:1031400003901868059A029100904B464FEA5A0185
:10315000584602F097FD04460BA8FDF78FF807A923
:103160000BA8FDF7EAF806A90BA8FDF7E6F808A9F1
:10317000284602F00AFE0AA9284602F006FE424648
:1031800005A9284600F064FD204615B0BDE8F08F83
:10319000FEAF1C5E0E0006000F00060003000600D6
:1031A0000C000600010006000900060008000600E9
:1031B00026C7060038690308936E060038B50C462A
:1031C000002811461A46094B1CBF0568002D0AD07D
:1031D0004AB104B939B9049828B1059B0093034654
:1031E0002046A8470346184632BD00BF0300020030
:1031F0002DE9F04104460E46216817461D464A68EF
:1032000090478046B8F5003F19D1226806992046BC
:10321000936898478046B8F5003F10D1236831463F
:103220003A46DE682046B0478046B8F5003F06D1F2
:1032300023682946079A1D692046A84780462168C9
:1032400020460A6890474046BDE8F08140B10168D9
:1032500029B1044A914202D10121034B19704068FF
:1032600018F014BC00003748DC0E002010B5002216
:1032700004E050F8224043F82240521C8A42F8D31E
:1032800010BDF0B503460E4601274FF0030C022493
:103290001F22002507FB03F000210CEA0000001BA1
:1032A000A94124EA0101CF1964004FEA4C0080F0E3
:1032B000010C521EEED13760F0BD00232029F0B57D
:1032C00028BF012322D214680568AC4238BF03230B
:1032D0001CD301240AE000EB84077F68C1F1200EB3
:1032E00007FA0EF73E4342F824602C4650F824605B
:1032F0000768651CCE40BC42EDD342F8246002E072
:1033000042F825306D1C1068A842F9D21846F0BD6D
:103310002DE9FF4E8246002017469C46CDE902006B
:103320003A68DCF800300E460021934221BFDAF8FB
:1033300000B093453568954201D2032076E0AB4555
:1033400003D3CDF804A0009503E0CDF800B00196BA
:10335000AB465B454FF0010E38BF9B46002515E09C
:103360005AF82E2056F82E40801841EB0509021914
:1033700057F82E0049EB05030021101A63EB0101F9
:103380004CF82E000846C9170EF1010E3A68724536
:10339000E6D2009C74451CD35AF82E2056F82E40D5
:1033A0000023002514195D41001969414CF82E00D5
:1033B0000846C9170EF1010EEBE7019C002354F8F3
:1033C0002E20801859414CF82E000846C9170EF1DE
:1033D000010EF345F1D2664686464FF0010CDDE959
:1033E0000201002510E057F82C2056F82C4000234D
:1033F00002EA0E02A2186B418018594146F82C00CF
:10340000084600210CF1010C3A686245EBD23468A1
:1034100064450AD356F82C208018694146F82C00E0
:10342000084600210CF1010CF1E7002004B0BDE8D2
:10343000F08E2DE9F44F8E4684B0049A0021CDE938
:1034400002111C6815688346AC4238BF03206CD358
:10345000DEF80050DBF80090A94506D3CDF80090C7
:10346000CDF804B0A9468C4604E0CDF804E0009500
:103470004FF0FF3C009D98464FF0010AAC4238BF28
:1034800000940022002300250FE05BF82A005EF87C
:103490002A40161843EB0107321B67EB050348F877
:1034A0002A201A46DB170AF1010AD145EDD200980D
:1034B000504511D3019E56F82A0020EA0C04121937
:1034C0006B4100EA0C00121A8B4148F82A201A4678
:1034D000DB170AF1010AEAE716460127DDF810C0FA
:1034E000DDE902010EE05CF8272058F827400023B0
:1034F0003240A2186B418018594148F8270008460D
:1035000000217F1CDCF80020BA42ECD2D8F8004041
:10351000BC4209D358F827208018694148F8270091
:10352000084600217F1CF1E7002005B0BDE8F08FC0
:10353000F0B51368066800240025B34201D20320C9
:10354000F0BD8E464FF0010C0646174600210FE0F5
:1035500056F82C2000235EF82C00A2186B41141A98
:1035600063EB010547F82C402C46ED170CF1010CDC
:10357000DEF800006045EBD2326862450AD356F8A7
:103580002C0024184D4147F82C402C46ED170CF127
:10359000010CF1E70020F0BDF0B504466668154661
:1035A0000027721847EBE1736A6002261A46DB17A0
:1035B00008E054F8260012187B4145F826201A46E8
:1035C000DB17761C2068B042F3D21046524222EA42
:1035D0000000C00FF0BD2DE9FE4F8AB00C462168F7
:1035E000054654F8210000F0EAFA002106900991FE
:1035F00022680C98694602F0BDFB10B102200990C8
:1036000047E10121049502940AE0049A1468201A03
:10361000081802EB80004268009840F82120491CFD
:10362000029800688142F0D30098002240F82120DF
:103630000499029B0A681868121A0698521C05928F
:10364000C0F120008DF804001AE058F8262000236D
:1036500082185AF826004B41794208400021101A7E
:1036600063EB010148F826000846C917761CDAF812
:103670000020B242E9D20598CDF808A0401E05907E
:103680000598002800F0F78004980599009C2368AD
:1036900050F821209DF8040054F82350211F51F8C0
:1036A000236085400698C64035430795029D2E68E5
:1036B00054F826000890039405E051F82300039C79
:1036C00044F823005B1E012BF7D8039800271F2422
:1036D0004260029A9DF804509DF8046010681346F9
:1036E00053F820201B1F53F8200002FA05F5069A14
:1036F000D04005430398039A006852F8203051F8EF
:103700002000069903FA06F6C840064307982946A2
:1037100000F049FA00F044FA079A002100F03BFA61
:103720008046C4F1200908FA09F126FA04F040EABB
:10373000010A5146284600F03BFA00F031FA0146F2
:1037400028FA04F040EA010BAAEB050020FA09F17F
:103750004246584600F01FFA804605FA04F0311A36
:103760003246584600F017FA06460BFA04F00743B3
:10377000641ED6D13146284600F01AFA00F010FA3D
:10378000074348EA07070021384600F00CFA00F02A
:1037900007FA7A1E002100F0FEF904460798294630
:1037A000012700F000FA00F0FBF922464FF0FF314C
:1037B00000F0F1F9039E00240025B846DDF808A0CA
:1037C000039024E05AF82800039A029056F8281033
:1037D000E2FB0045A1EB04092C464846002500F019
:1037E000E7F946F82890029924186D41484600F000
:1037F000DFF902998346484600F0D5F900F0D0F988
:103800005A46394600F0C7F9074608F10108DAF8C8
:1038100000004045D6D2B04608992646304600F012
:10382000C7F940EA050408983146264600F0C0F979
:1038300020EA05052F43A743002000214FF0010C8B
:10384000002510E05AF82C2058F82C4073421A40FA
:103850000023A2186B418018594148F82C000846F3
:10386000C9170CF1010CDAF800206245EAD20020F9
:1038700000210126FBE60B9C0021204602F0B1FA54
:1038800000992246012002F0BBFA0C98694602F02A
:103890007CFA09980DB0BDE8F08F2DE9F04515468A
:1038A00042688E460168DEF8003002F0010676427A
:1038B000994202D12C688C4201D201203DE0DEF811
:1038C0000470002300243740D219634104466A6023
:1038D00000214FF00208184618E007465EF828005D
:1038E00054F828200023304010185CF8042C59416B
:1038F0003818594145F8280055F828300846002165
:10390000DB0743EA5203D0464CF8043C226805EB3F
:10391000880C08F1010A4245DFD25CF8043CC0077C
:1039200040EA53004CF8040C03E045F82A100AF171
:10393000010A28685045F8D20020BDE8F0852DE93D
:10394000F047904602680B689A4203D1D8F80040CD
:10395000944201D201204FE044684A680023640089
:103960004FF00009A21A69EB030315461A46DB174C
:10397000022784468E4618E00CEB870454F8040CAA
:103980005CF827105EF82740C00F40EA4100161887
:1039900043EB090A08EB8700321B40F8045C6AEB32
:1039A000090315461A46DB177F1CDCF80000B842F5
:1039B000E2D2644654F82010464646F8205002EB06
:1039C000D173C84600254FF0010C11E05EF82C00C1
:1039D00056F82C2000211840101849EB010118EB73
:1039E00000004D4146F82C00A846ED170CF1010CE3
:1039F00020686045EAD20020BDE8F0872DE9F84351
:103A000000240025002918BF002A03D00B6816687F
:103A1000B34201D201201DE0012781460E469046A7
:103A200013E058F82700002156F827202018694194
:103A30000023841A61EB03052146484600F0ABF8E9
:103A400046F827002C46ED177F1CD8F80000B84236
:103A5000E7D20020BDE8F283F8B5174605462A688C
:103A60000E461846520007F1080102F083F90400DF
:103A700009D17E603D60686807F10C01FFF701FC29
:103A8000F8684042F8602046F2BD0B4680B50092CF
:103A90005968024600F023F802BD2DE9FC411F469B
:103AA00000230546904601932A680E4601A9404628
:103AB00002F060F904000FD10198012102F091F9A0
:103AC0000097019933462A46284600F008F8044634
:103AD00001A9404602F059F92046BDE8F681FEB53D
:103AE00014461D462A6823681668B34201D2032093
:103AF000FEBDEB68089F121D01930092AA68D7F8DB
:103B000000C0091D131D3246001DE047E868231D53
:103B100000902968A8687C680A1D3146001DA047EE
:103B20000020FEBDF8B50C461546296822681F46E0
:103B30000E68B24201D20320F2BDEA680B1D001DDF
:103B40000092A968D7F808C00A1D3146E047E86826
:103B5000231D00902968A868FC680A1D3146001DD5
:103B6000A0470020F2BD0A4600210160C1608168C3
:103B700021B100F10801104602F007B9704710B5F5
:103B800082B0049C009313460A460194014602F059
:103B90006CFB02B010BD404251400840504070479D
:103BA00080F001007047484041420843C00F704711
:103BB0000A1A4140504008405040C00F704701462B
:103BC00010B5202001221F2321FA03F404F0010480
:103BD00084F001042240801A5B1E13F1010FF3D11F
:103BE00010BD0146484201EAE07200EAE17010436C
:103BF00070470023002918BF002A04D0016000216B
:103C000042608360C1607047014648688968401A15
:103C1000704720B511B11AB900200860012020BDFD
:103C20008368D21C4568920803EB8202954203D256
:103C300000200860022020BD05682B440B608260D4
:103C40001146C268914238BF1146C160002020BDB4
:103C500010B50446002000291CBF0B68002B03D0C0
:103C600012B1A368934201D2012010BDD21C920868
:103C70000860A3EB8202A26010BD10B50446616823
:103C8000206830F0CCFE002000210022002384E8D0
:103C90000F0010BD04B00101001701450000000035
:103CA000000000002DE9F24F83468AB001208DF814
:103CB00008000A9800240126DDF8549017460025D4
:103CC000079501950168AA46012988BFDEB2012146
:103CD000701E8140890009910A4601A94846FFF7F4
:103CE00098FF0490002840F0EF80A8460CE0386868
:103CF00001990268484601EB880102F03BF8049004
:103D0000002875D108F101080120721E904006902C
:103D10008045ECD30198CDF80CB00021006802F08A
:103D200060F81498002102F05CF801980399026889
:103D3000012002F065F8DDF858B00097002707E091
:103D40000198009A5B4600687F1C0146FFF7EAFE77
:103D5000701E8742F4D3009958460596731E0127BA
:103D60008DF809308B4606460CE00096019850F815
:103D70002720039900EB870C5CF8040C5B467F1C42
:103D8000FFF7ADFE06988742EFD316960A980168B2
:103D900014980691002102F024F8149A0399012046
:103DA00002F02EF80120089015E00A9806992022CA
:103DB00050F8210006998DF808200790491E0691B9
:103DC00007980799C00F490007912A003BD10028A6
:103DD00001D043D001259DF80800411E8DF8081040
:103DE0009DF808000028EBD106980028DDD1022DAF
:103DF0001CD1E0B2D0B1E5B2149C169E059F3346AB
:103E00005A4621462046FFF78DFE08994FEA4A0A96
:103E10005FFA8AF0B940084206D0009603995B46E3
:103E200022462046FFF75BFE6D1EE8D1B8F1000F79
:103E300045D0019800EB8801091F484601F0A5FF15
:103E4000A8F10108F2E7012D08BF002806D1149956
:103E5000169B5A460846FFF765FEBCE70599641CA9
:103E6000059A091B884040EA0A0A0225E0B29042FE
:103E7000B1D10027149D169C164606E023465A46EB
:103E800029462846FFF74EFE7F1CB742F6D314950D
:103E900016940596169A089D9DF9090001990092BD
:103EA0005FFA8AF48540149A24EA050A51F82A1028
:103EB0005B4610460024FFF712FEA2468AE7099AE5
:103EC00001A94846FFF7C4FE04980BB0BDE8F08F87
:103ED0002DE9F8430D469146089FD9F80010804619
:103EE00038680A68904238BF012022D30A9C012119
:103EF000384601F076FF224649463846FFF7C5FDB1
:103F00002E6800E0761E002E03DD55F826000028FE
:103F1000F8D0760108E0281D710950F8212006F03C
:103F20001F00C240D10706D4761EF4D5002E02D55C
:103F30000020BDE8F28323464A4639463846FFF75B
:103F4000F1FD281D710950F8212006F01F00C24024
:103F5000D10706D500944B463A4641463846FFF70E
:103F6000BEFD761EE2E72DE9F44F07468CB0012036
:103F70008B460990B96900221C4688690021466871
:103F80000492584601F0D8FF50B9B8690068C16979
:103F9000012908D08168584601F08DFF002802D41D
:103FA0004FF00108D7E1B8694168F8698A6907F1FB
:103FB00014019200FFF72DFE5FEA0008F2D1002500
:103FC0000CE009680A687969126801EB850101F063
:103FD000D1FE5FEA000840F0B3816D1CB969F86951
:103FE0004A6893699D42ECD34FF00109721E09FAA9
:103FF00002F29200089201A9FFF70BFEAA465FEABF
:10400000000840F09481002510E0019800EB850144
:104010003846FCF736F95FEA000840F081810198E4
:1040200050F8251038466D1CFCF712FA711E09FA7B
:1040300001F18D42E9D302970B9503940298214632
:104040004FF00008FCF704FA9BF80400344600F037
:10405000010007900298816907980A685946C0F1E3
:1040600001009268FFF7CAFCDBF80000C6EB4015C0
:104070005BF82000FFF7A3FDDBF8001009FA06F259
:10408000491E00EB4110711E09FA01F1491E05910C
:1040900006920A902DE04246611C584601F07BFFD3
:1040A00006460698301AFFF79CFD074604EB080009
:1040B000009001462846FFF77BFD06990022E64066
:1040C000FFF769FD40EA57070A98414606F00106E6
:1040D000FFF76EFD059A631E9E4046EA0701FFF753
:1040E0005AFD03464246611C584601F078FFDDF850
:1040F0000080A845CFD3651C42462946584601F0AA
:104100004AFF430842462946584601F068FF0C988A
:104110000021007C00F00400FFF745FD20B9099064
:104120000C990298FCF752FA0C990298FCF7A6FA3F
:104130005FEA000840F0E98001980C9901230268C9
:104140000298866975682E68B04701990020009032
:1041500002984B680C9A866909687568D5F804C09E
:104160000225E047611E8DF800109DF80000029FB7
:1041700009FA00F60EE0D7F818C000EB850151F8F7
:10418000041CDCF804E050F825303846DEF808C09E
:104190006D1CE0470198B5420268ECD30C990120F0
:1041A000FCF7FCF8DBF80050611E58466D012A1B35
:1041B00001F0F1FE0199039AA5EB440551F8201096
:1041C0000120FCF7EBF802952EE0D7F818C0012388
:1041D0004A46DCF804E049463846DEF800C0E047CD
:1041E0006D1EF2D1049D06980199F54005F0010578
:1041F000CDF80C90454085F0010551F82620394650
:104200002846FCF7FEF80498B540039B454001980A
:104210000495BD6950F8262019466E683846B56881
:10422000A8470298001B02900298A04210D30246B1
:104230002146584601F0AFFE9DF800200599250063
:1042400020FA02F3069301EA0006DDF80C90C8E7B5
:1042500000222146584601F09EFE9DF80020059957
:1042600020FA02F3254601EA000B0198394650F87E
:104270002B20049820FA0BF000F00100434083F05B
:104280000100FCF7BEF8039C07E0D6F800C001234C
:10429000224621463846E0476D1EB869002D466823
:1042A000F3D102970198B568036850F82B20214696
:1042B0003846A847019800210268906801F03CFE4A
:1042C0000346019821460268029886697568D5F808
:1042D00000C0E0470198224601680120FCF75EF823
:1042E000079802992246C0F10100FCF78AF8099864
:1042F00058B90C990298FCF793F980460C98A042A3
:1043000003D002982146FCF78BF9029F0B9D07E032
:10431000019800EB8501091F3846FCF70EF86D1E69
:10432000002DF5D1089AF86901A9FFF791FC5546CF
:1043300006E0796901EB8502111F01F026FD6D1E73
:10434000F869002DF5D1B9694A6807F1140192693D
:104350009200FFF77DFC40460DB0BDE8F08F2DE9DF
:10436000F64F8BB006468946B16900270A68906807
:1043700001F0F8FDB1698A681368B0FBF3F81D46D7
:104380005A1E05FB18058DF810209DF810000093AB
:10439000012383405B1E09930A6813681C6802238B
:1043A0000297059407938A6806924868C1690229B2
:1043B00004BF032007900021484601F0BDFD50B91D
:1043C000B0690068C169012907D08168484601F0D9
:1043D00072FD002801D4012493E1B0694168F069BD
:1043E0008A6906F114019200FFF713FC0400F3D16F
:1043F000BA460DE00068016870690A6800EB8A013E
:10440000F06901F0B7FC040040F06F810AF1010A85
:10441000B06941688A699245ECDBCDF828A002A911
:104420003046FBF72EFF040040F0548102993046DD
:104430004446FCF70DF899F80400B84600F0010076
:104440000890B1690868494682680898C0F101007F
:10445000FFF7D4FADDF800A00BE008F1010B04FB34
:104460000B520121484601F096FD00FA08F007437F
:10447000D846AAF101008045EFD30C9930467F1C45
:10448000FBF7E6FF0C98069A062101900798009129
:10449000131D111D4743059A01207F1C574301EB53
:1044A00087020599A71EFCF714F852E07A1904FB5D
:1044B0000B2201214846521C01F06DFD00FA0BF061
:1044C00040EA08080BF1010BD345EFD3D6F818E00A
:1044D0009DF810000C9ADEF804C028FA00F000F0F5
:1044E000010BDCF800C0012311463046E04702987A
:1044F0000621009101900698ABF10101DDF81CE066
:10450000021D099881EA0801DDF814C00840401C2A
:1045100000FB0EF000236146401C00FB0CF0CBF1C9
:10452000010B7F1E02EB80020120FBF7D2FF029AF3
:1045300031465846FBF765FF0C9B0020029A00901D
:10454000D6F818C019463046DCF804E0DEF804C09E
:10455000E047681E8041B7EBD07F03DB4FF00008D7
:10456000C346B1E79DBB002709E004FB07F2012128
:104570004846521C01F00FFDB84005437F1C5745CB
:10458000F3D3B4690C9A0123646811469DF81000B6
:10459000D4F800C025FA00F73046E047029806211B
:1045A00007F00107019006980091791E021D0998F5
:1045B000DDF81CA04D4005406D1C05FB0AF5059C6F
:1045C00000236D1C6543214602EB85024BE00698F3
:1045D000059A6F1E011D01EB82040C9D924629E095
:1045E00001232A4629463046E0477A1C01214846E5
:1045F00001F0D1FC80460298062100910190002331
:10460000224651460120FBF764FF029AC8F10108D7
:1046100031464046FBF7F5FE0020029A0090D6F89E
:1046200018C02B462946DCF804E030467F1EDEF831
:1046300004C0E047B069002F4168D1F800C0CFDC6A
:104640002A460C95012311463046E04701220121FC
:10465000484601F0A0FC074602980621009101900F
:104660000023224651460120FBF733FF029AC7F18F
:10467000010731463846FBF7C4FE0C9B03A8029A9B
:104680000090B4691946304665686C68A047B46903
:10469000039B0C9A656803F001031146D5F800A04E
:1046A0003046D047B069089C0168C4F10104204637
:1046B0008A684946FFF7A2F90C9A31462046FBF773
:1046C000A0FE0C993046FBF7ABFF044602A930462A
:1046D000FBF733FEDDF828A007E0716901EB8A02E1
:1046E000111F01F052FBAAF1010AF069BAF1000FA3
:1046F000F3DCB1694A6806F1140192699200FFF790
:10470000A7FA20460DB0BDE8F08F00002DE9F04F6C
:104710000E4699B04FF0FF3117461291119110914A
:104720000191012100220546179107920692A9697D
:104730001C464FF002090868026813680A93CA68A9
:1047400013680992DFF83C2604930498401E400841
:1047500002EB80031A1F0C92DFF82C2602EB80007C
:10476000031F0B934868DDF88880C1692846022939
:10477000414608BF4FF00309FBF76AFE4146284651
:10478000FBF724FFA86900680894C169012910D0CB
:104790008168304601F08FFB002807D5A8690168C1
:1047A0000898896801F087FB002802D40120059051
:1047B000E3E2A8694168E8698A6905F11401920099
:1047C000FFF727FA05900028F2D100240CE00968D1
:1047D0000A686969126801EB840101F0CBFA05905F
:1047E000002840F0BF82641CA969E8694A6893699F
:1047F0009C42ECD3049B0122A346991E8A4092005E
:10480000159202A9FFF705FA0590002840F0A18251
:10481000049901200024891E00FA01FA10E0029890
:1048200000EB84012846FBF72CFD0590002840F0A2
:104830008982029850F824102846641CFBF708FE71
:104840005445ECD3039518943C46207C002100F09D
:104850000400FFF7A8F920B9179003982146FBF749
:10486000B5FE03982146FBF709FF0590002840F0AC
:104870005E820398029F012385693A6821466D682C
:10488000EF68B84702990020009003984B680968C8
:10489000856922466D682F690225B847039F10E09D
:1048A000D7F818C00298DCF804E050F82530026808
:1048B00000EB8500DEF814C050F8041C38466D1C6F
:1048C000E04701200E905545EAD3089801F04AFBD5
:1048D0000546304601F046FB85422CBF089830461D
:1048E00001F040FB0D960F94019DCDF85890129C5D
:1048F000119EDDF840A0814675E0DDF830C0039AD6
:1049000006980191169E101AA0F1010E4FEADE0ED4
:10491000401E8000099A00F01C00062100915CF8FE
:104920002EC0131D111D2CFA00F000F00F0046439D
:104930000A9A0120761C724301EB82020A99FBF766
:10494000C8FD0298394602680120FBF75AFD3AE09B
:104950000399081A0B99421ED20851F82250401EA2
:10496000800000F01C00C5409DF8026005F00F05B6
:10497000761B76B2AEBB0298069A01680198824215
:10498000BBDADDF818C00C9E169A4FEADC0C0191D8
:104990000621009156F82C60DDF818C00A99099894
:1049A0004FEA8C0E0EF01C0E26FA0EF606F00F06DD
:1049B0007243031D001D521C514300EB81020A99F2
:1049C0000120FBF786FD029900200090BE690A686D
:1049D0004346D6F804C041463846DCF81060B0477C
:1049E000109EA9F10109B9F1000FD8BF002C06DC17
:1049F000BAF1000FDCBF002E002D40F33C81B9F16D
:104A0000000F0AD4D7F818C001234246DCF804E0AE
:104A100041463846DEF80CC0E047002C02DD641E3B
:104A200064B206E0BAF1000FC4BFAAF101004FFA68
:104A300080FA002E02DD761E76B203E0002DC4BFA0
:104A40006D1E6DB204990E98491C8840401E8DF869
:104A5000030004980E99421E049891400191411E52
:104A60008DF802100E980499049A884004990390D6
:104A7000A2EB0902A9EB0101149104998DF8012020
:104A80000498A9EB0101C9F1010212918DF80020EF
:104A9000401C002CA9F101014FF0FF321390C8BF58
:104AA000BAF1000F1191109256DCB9F1000F06DD3A
:104AB000119A0D98022101F06EFAC0B207E00D982C
:104AC00041689DF8000001FA00F000F00300002C9E
:104AD00041D5BAF1000F3FDC00F0010191EA600F0F
:104AE00000F082801498002805D4129A13990D982A
:104AF00001F051FA08E00D9841689DF8010001FAB3
:104B000000F09DF803100840019A0199801AC0B284
:104B1000079088420BDA07990B98C90850F82120B2
:104B20000798810001F01C0122FA01F00CE00399C2
:104B3000081A0B99421ED20851F82210401E80001C
:104B400000F01C0021FA00F09DF8024000F00F0A6E
:104B5000A4EB0A0464B2002C46D10798019988425C
:104B600018DA07990C984346C90850F821000799AC
:104B70008A00B96902F01C02D0404A6810F00F00A8
:104B8000546901D10F9A02E0029951F82020414660
:104B9000384627E003980799411A0C984A1ED20814
:104BA00050F82200491E890001F01C01C8400299FA
:104BB00010F00F000A680CBF0F9951F82010012067
:104BC000FBF7ECFB0298394602680120FBF719FC61
:104BD000BC6902984346D4F804C00268414638468E
:104BE000DCF81440A047109C002EC8BF002D15DC37
:104BF000B9F1000F06DD119A0898022101F0CBF9F6
:104C0000C0B207E0089841689DF8000001FA00F082
:104C100000F00300002E7FF5ADAE002D3FF7E1AEB2
:104C200000F0010191EA600F3FF4DBAE1498002818
:104C300005D4129A1399089801F0ADF908E0089884
:104C400041689DF8010001FA00F09DF8031008404A
:104C5000019A0199801AC0B206908842BFF678AED8
:104C600006990B98C90850F821500698810001F068
:104C70001C01CD4078E603970D9C0F9E089FDDF840
:104C800028A0099DB9F1000F46D10398012342469F
:104C9000D0F818E04146DEF80490D9F80CC0E0479F
:104CA0002079C10717D50298314602680120FBF729
:104CB00075FB0298039902680120FBF7A2FB039899
:104CC000029A4346D0F818C012684146DCF8044006
:104CD000D4F814C0E0473879C1071DD502980622E0
:104CE0002B1D01680092281D019100EB8A0251469C
:104CF0000120FBF7EEFB0298039902680120FBF705
:104D000080FB02990020009003980A684346876957
:104D100041467C682769B847179840B903983146DF
:104D2000FBF77EFC059003984146FBF779FC039D59
:104D3000189C07E0029800EB8401091F2846FBF746
:104D4000FCFA641E002CF5D1159AE86902A9FEF759
:104D50007FFF5C4606E0696901EB8402111F01F0E8
:104D600014F8641EE869002CF5D1A9694A6805F1B8
:104D7000140192699200FEF76BFF059819B0BDE827
:104D8000F08F00BF8C4D0008984D00081001000006
:104D900040245215613673070120000003100120E2
:104DA000021001402DE9FC47814600200F46924643
:104DB00000903A681E4669464846002500F0DAFF32
:104DC0005FEA000838D100980021012401F009F8B9
:104DD000009A39460120AAF1010701F011F804FAFE
:104DE00007F71CE00021715513E000984168C807DF
:104DF000F8D504FA0AF0421E11404AB27BB29A4238
:104E0000A8BFC91B7155009A49B249421046FEF726
:104E1000C3FB009A01216D1C1046FEF74EFA009864
:104E2000002101F089F80028DFD00A9800B1056060
:104E30006946484600F0A9FF4046BDE8F6872DE9DF
:104E4000FE4F054600200F460090A96991461C467A
:104E5000486805F114014FF0010A8269E86992007F
:104E6000FEF7D7FE5FEA000840F09D8000260CE0C8
:104E70000068016868690A6800EB8601E86900F06B
:104E800079FF5FEA00080BD1761CA86941688A693E
:104E90009642EDDB69462846FBF7F3F95FEA000826
:104EA00076D199F81000002100F00400FEF77BFE97
:104EB00028B9494628464FF0000AFBF787FB0099BE
:104EC0002846FBF7C5FA009A49460120FBF766FA27
:104ED00021462846FBF7BCFA21462846FBF776FB1D
:104EE00049462846FBF7CAFB5FEA000843D1386809
:104EF00057F82000FEF763FE3968019700EB411078
:104F00002138074629E00198790900EB81025168B0
:104F100007F01F007F1E21FA00F0009900F0010B3E
:104F200058460A68216800F0A3FF0098A1688268CB
:104F3000584600F09DFF009A234649462846FCF754
:104F4000B8FE009821680268584600F091FF00986A
:104F5000A1688268584600F08BFF002FD3D54946E0
:104F6000BAF1000F07D12846FBF75AFB80462146CD
:104F70002846FBF755FB69462846FBF7DEF907E0B4
:104F8000686900EB8601E869091F761E00F0FDFEE6
:104F9000002EF5DCA8694168E8698A6905F1140109
:104FA0009200FEF755FE4046BDE8FE8F00B581B089
:104FB0000168074A914200D110B9064801B000BD0E
:104FC0007C212FF02CFD4FF4003001B000BD00BF5C
:104FD000BC500008030002000D4A2DE9F04792E89A
:104FE000F85188B0694681E8F851D0F80090DFF8B0
:104FF00024A0D14500D118B9074808B0BDE8F08712
:105000002022083001F05EFD08B0BDE8F08700BF47
:105010009C500008BC50000803000200212904D263
:105020000268044B9A4200D108B90348704708301F
:1050300001F057BDBC5000080300020010B481B05D
:1050400013460268074CA24200D118B901B00648C5
:1050500010BC704700F1240201B0083010BC01F010
:1050600045BD00BFBC5000080300020010B481B071
:1050700013460268074CA24200D118B901B0064895
:1050800010BC70470A4600F1240101B0083010BC82
:1050900001F080BDBC5000080300020067E6096A09
:1050A00085AE67BB72F36E3C3AF54FA57F520E5149
:1050B0008C68059BABD9831F19CDE05BAD4F000811
:1050C000D94F00081D5000083D5000086D500008E1
:1050D000F0B50446A3B00B480D4616461F46029095
:1050E000094B0822402104A801F0E8FC2898009709
:1050F000334601902A46214602A8FEF779F823B0EC
:10510000F0BD00BFBC5000084C6603082DE9F04F0D
:10511000C1B00B68024601A81BBA01934B680DF1A0
:10512000440C1BBA43608B681BBA8360CB681BBA04
:10513000C3600B691BBA03614B691BBA43618B697E
:105140001BBA8361CB691BBAC3610B6A1BBA0362CA
:105150004B6A1BBA43628B6A1BBA8362CB6A1BBA67
:10516000C3620B6B1BBA03634B6B1BBA43638B6B42
:105170001BBA8363C96B09BAC16318205CF808ECD9
:105180004FEAFE4191EA7E435CF83C1C4FEAB1478E
:1051900097EAF11683EA9E235CF81CEC86EAD106B6
:1051A0007344F3185CF8406CF318CCF800305CF8EA
:1051B00004EC4FEAFE4696EA7E435CF8386C4FEA10
:1051C000B64A8AEAF61783EA9E235CF818EC87EA67
:1051D000D6077344FB18C918CCF804100CF1080C5E
:1051E000401ECBD100921046C16DC36ED0F860E076
:1051F000D0F87080426E446FD0F868A0856FDFF8F9
:10520000FC900DF1040C20204FEAB31686EAF32639
:105210005CF8047B4EEA010B86EA73660BEA020B2C
:10522000751984EA08061E406640751959F8046B22
:1052300075197E194FEAB10787EA71370EEA010541
:105240004BEA050587EAB157EF19454606EB0A0810
:105250009246724607EB060E4FEAB81686EAF82623
:105260005CF8047B41EA0E0B86EA78660BEA020BD7
:10527000341985EA030606EA08066E40341959F81F
:10528000046B34193E194FEABE0787EA7E3701EAFC
:105290000E044BEA040487EABE57E7191C4606EBE6
:1052A0000A0392460A46B919401EADD10098D0F8BB
:1052B0005C904944C1650099086E8644C1F860E07D
:1052C0000098416E521842660099886E8244C1F877
:1052D00068A00098C16E5B18C3660099086F80448F
:1052E000C1F870800098416F641844670099886F16
:1052F0002D188D6741B0BDE8F08F00BF4C650308E5
:1053000000B581B00168074A914200D110B9064842
:1053100001B000BD7C212FF082FB4FF4003001B0C2
:1053200000BD00BFF8530008030002000F4A2DE93A
:10533000F04790B0B2E8F8516946DFF834A0A1E830
:10534000F851B2E8F851A1E8F851D0F80090D145F1
:1053500000D118B9074810B0BDE8F087402269466F
:10536000083001F0AFFB10B0BDE8F08760660308BD
:10537000F853000803000200412904D20268044BDC
:105380009A4200D108B903487047083001F0A9BB20
:10539000F85300080300020010B481B013460268FD
:1053A000074CA24200D118B901B0064810BC7047A2
:1053B00000F1240201B0083010BC01F097BB00BF1F
:1053C000F85300080300020010B481B013460268CD
:1053D000074CA24200D118B901B0064810BC704772
:1053E0000A4600F1240101B0083010BC01F0D2BB24
:1053F000F853000803000200015300082D53000871
:105400007953000899530008C9530008F0B50446C1
:10541000BDB00B480D4616461F460290094B1022A0
:10542000802104A801F04AFB42980097334601907E
:105430002A46214602A8FDF7DBFE3DB0F0BD00BFC5
:10544000F8530008286903082DE9F14FADF5327DC6
:105450000A6812A80DF1C80C13BA4A684FF0100E72
:1054600012BACDE912238A6813BACA6812BAC0E91F
:1054700002230A6913BA4A6912BAC0E904238A6985
:1054800013BACA6912BAC0E906230A6A13BA4A6A89
:1054900012BAC0E908238A6A13BACA6A12BAC0E902
:1054A0000A230A6B13BA4A6B12BAC0E90C238A6B3F
:1054B00013BACA6B12BAC0E90E230A6C13BA4A6C4B
:1054C00012BAC0E910238A6C13BACA6C12BAC0E9C6
:1054D00012230A6D13BA4A6D12BAC0E914238A6DF9
:1054E00013BACA6D12BAC0E916230A6E13BA4A6E0D
:1054F00012BAC0E918238A6E13BACA6E12BAC0E98A
:105500001A230A6F13BA4A6F12BAC0E91C238A6FB2
:10551000C96F13BA91FA81F2C0E91E235CE9040154
:10552000C70C43034FEAC10AC60047EA413743EAC2
:10553000D1434AEA507A46EA5176800940EA8160CE
:105540007E4083EA0A0A86EA00078AEA911B5CE940
:105550000E015CE91E4838184BEB010122465FEA58
:1055600058034FEA3202250A45EA08654FEA046A01
:1055700043EAC4734AEA182A82EA0506E20942EAC3
:10558000486283EA0A0A8AEAD81372405CE9207BFF
:1055900080185941C01941EB0B01CCE900015CE9CD
:1055A000026AF70C47EA4A374FEA463949EADA49CC
:1055B0005CE91C23F500CDE900794FEACA0949EA04
:1055C000567945EA5A75DDE9007BB60946EA8A66EE
:1055D0007D408BEA0909754089EA9A195CE90C6AF1
:1055E000AE19154649EB0A0A5FEA53094FEA350539
:1055F000CDE9006A2F46150A4FEA026A49EAC27BE2
:1056000045EA03654AEA132AD60946EA43667D401D
:105610008BEA0A096E4089EAD31ADDE90059AE190E
:1056200049EB0A0A34194FEA40394AEB0808C70C1B
:1056300047EA413749EAD149CCE902485CE91A6AAC
:10564000CDE900794FEAC109C50049EA507945EA38
:105650005175DDE9007B800940EA81607D408BEA7D
:105660000909454089EA91195CE90A01281835467B
:1056700049EB01015FEA5A094FEA3505CDE900011E
:105680002F46350A310649EAC67B45EA0A6541EAF2
:105690001A21F00940EA4A607D408BEA010968401E
:1056A00089EADA11DDE90059281849EB010182186D
:1056B0004B41CCE90423E50C5CE9180145EA483785
:1056C000630343EAD84B4FEAC803E20043EA54734A
:1056D00042EA5872A40944EA88647A408BEA0303D8
:1056E000544083EA98185CE90823A71848EB030B99
:1056F00004465FEA510848EAC0734FEA34044FEAAF
:105700000068050A48EA112845EA0165C00940EA2F
:10571000416083EA0809654089EAD1116840381878
:105720004BEB0101801941EB0A01CCE906010CF1B8
:10573000200CBEF1010E7FF4F1AEB298B29EDDF8FE
:10574000C8C2D0E92848D0E92A23DCE93259DDF87B
:10575000C8E2D0E92C01D6E92E6ADCE9307BCDE93C
:105760000859DEE93459DDF8C8E2DFF858C3CDE95D
:105770000659DEE93659CDE90401CDE90A6ACDE9D9
:1057800010592825CDF838C00DF1480E3846594635
:10579000DDE9106AAC460E9D08350E95083DD5E949
:1057A0000059CDE90C59FEE8027BCDE9006A850B72
:1057B000CDE9027B4FEA804A870C4FEA803945EAFF
:1057C00081464AEA913A47EA813749EA914986EAAD
:1057D0000705C6058AEA09094FEAC15A4AEA502A6A
:1057E00046EA51266E4089EA0A0ADDE90059AE19F7
:1057F00049EB0A0ADDE9085900EA050701EA090B45
:10580000DDE9065985437D4029EA01098BEA09094A
:1058100075194AEB0909DDE90C6ACDE90C48AD19A7
:1058200049EB0A09DDE9026AAE1949EB0A0A270FBA
:105830004FEA041947EA081749EA1879A50745EA23
:105840009805CDE900794FEA887949EA9409DDE9BC
:10585000007B7D408BEA0909CDE900594FEA486990
:10586000650649EAD41945EAD815DDE9007B7D4093
:105870008BEA0909CDE90059DDE90459554004EAEC
:10588000050783EA090908EA090BDDE9045915400F
:105890007D4003EA09098BEA0909DDE9007B0E9CDA
:1058A0007D194BEB0909DDE9067BCDE9107BDDE9CC
:1058B000087BCDE90801DDE90A01CDE9067BDDE9D8
:1058C000047B801941EB0A01CDE9042372194AEBEC
:1058D000090308340E94DDE91059CDE90A7B083C30
:1058E000D4E90048FEE8026ACDE90259870B4FEA85
:1058F000804947EA814749EA9139CDE90079870C27
:1059000047EA81354FEA803949EA9149DDE9007B70
:105910007D408BEA0909CDE900594FEAC159C50517
:1059200049EA502945EA5125DDE9007B7D408BEAB3
:105930000909DDE9027B7D194BEB0909CDE9005925
:10594000DDE9085900EA050701EA090BDDE9065916
:10595000854329EA01097D408BEA0909DDE9007BDD
:105960007D194BEB09092C1949EB0808A41948EBE0
:105970000A08150F45EA03164FEA021A4FEA83791F
:1059800095074AEA137A49EA920945EA9305754070
:105990008AEA09094FEA436A56064AEAD21A46EAEF
:1059A000D3166E4089EA0A0ACDE9006ADDE90C598E
:1059B000DDE9046ADDE90C7B6E4089EA0A0ADDE96B
:1059C0000459164003EA0A0A3D400BEA09096E40F1
:1059D0008AEA090ADDE90059DDE9087BCDE9080119
:1059E000AD1949EB0A09DDE9066ACDE9067BDDE977
:1059F0000A01DDE9047B001941EB0801CDE90A7BCE
:105A0000DDE90C7B641948EB0908CDE9047BBCF1A6
:105A1000010C7FF4C0AEDDF8C8C2CDE90C23DDE98E
:105A20000823DCE9287BDDE906593C194BEB080823
:105A3000CCE92848B29CDDF8C8C2D4E92A7BDDE96C
:105A40000C483C194BEB0808CCE92A48B29CDDF81D
:105A5000C8C2D4E92C7BDDE904483C194BEB0808AB
:105A6000CCE92C48B29CDDF8C8C2D4E92E7BDDE934
:105A70000A483C194BEB0808CCE92E48B29CD4E903
:105A8000307B38184BEB0101C4E93001B298D0E902
:105A90003248A21848EB0303C0E93223B299D1E996
:105AA0003423521943EB0903C1E93423B299D1E9F4
:105AB0003623921943EB0A03C1E936230DF5337DF2
:105AC000BDE8F08FA8660308F8B501240094002310
:105AD00000240DE0009D065D0F5D641C7E40F643D2
:105AE000761CF60F86F0010635400095009DEB18F8
:105AF0009442EFD31846F2BDF8B500230124009478
:105B0000002A11E0009C851815F8016C8F1817F811
:105B1000015C6E40F643761CF60F86F001063440B9
:105B20000094009CE318521EECD11846F2BD2DE9FA
:105B3000F84101240B46009496080021A2EB86064A
:105B400000241D1F1CE002F1030C4FEA9C0C009B7B
:105B500055F82CE0A6EB0408075DA8F1010C4FEA0C
:105B6000CC0C2EFA0CFE8EEA0707FFB2FF437F1C17
:105B7000FF0F87F001073B400093009B641C5918FE
:105B8000B442E0D30026920822E0031903EB860713
:105B90007B7897F800C01B0443EA0C6397F802C0B7
:105BA000FF7843EA0C233B43971B55F82770761C7C
:105BB0007B406FEA030E0EF1010E009F4EEA0303D5
:105BC000DB0F83F001033B400093009B01EB83015B
:105BD0009642DAD30846BDE8F281FCB50125960865
:105BE0000095A2EB860603460024019615461DE0AB
:105BF0005819061F70783778000440EA0760B778B4
:105C0000F67840EA07203043561BB60851F8267054
:105C1000009E2D1F7840C7437F1C3843C00F80F083
:105C2000010030400090009804EB8004032DDFD881
:105C3000019800281CE0019D009E5F1E17F800C01F
:105C4000D71C4FEA970E01EB8E0757F8047C2D1AEC
:105C5000ED0027FA05F585EA0C05EDB2ED436D1C64
:105C6000ED0F85F001052E400096009D2C19401E79
:105C7000E1D12046F6BD0000C95A0008F95A0008D3
:105C8000010000002DE9F84F1D46DDF828900B9F1C
:105C90000D9C4FF0FF330093D9F800B00E469246AA
:105CA000804632465146D847834664B3D9F804301B
:105CB00032465146404698476FEA0B02521C009903
:105CC00042EA0B026FEAD2735B1C1940C243009197
:105CD000521C009902436FEAD2735B1C1940009179
:105CE00086F05531484087EA000181F05531216046
:105CF00080F05531C943491C009A08436FEAD070BF
:105D0000401C82430092D9F80800012809D175404F
:105D1000E943491C00980D436FEAD572521C904329
:105D20000AE0F11C85EA91020098D243521C154307
:105D30006FEAD5735B1C984386F0AA3686EA0B0699
:105D400086F0AA33F243DB43C2F3C0725B1C0090BF
:105D500042EAD3720C980099D243521C91430091AD
:105D60000099774087F0AA37884300990F4038435D
:105D7000BDE8F28F38B51546AA000C46121DFDF796
:105D800048FF08B921680D6032BD10B50C46236884
:105D90001A689200121DFDF75BFF0023236010BDFF
:105DA00003460020002B70B518BF002900D00AB9A7
:105DB000012070BD1C68A24228BF2246012406E0D3
:105DC00001EB840555F8046C43F82460641CA2427E
:105DD000F6D21968A14224BF43F82400641CF8D20B
:105DE00070BD024600200AB90120704751600221AF
:105DF00002E042F82100491C13688B42F9D2704737
:105E00002DE9F84307461646306888460025401CB1
:105E10007A42D8F8004004E058F82010401C1140A5
:105E20000D438442F8D23068A04238BF04465FEA8E
:105E300004090AE056F8292058F829103846FDF7D9
:105E4000AAFE46F82900B9F10109F3D1641C791EB4
:105E500005E056F82400084046F82400641C306829
:105E6000A042F6D2002D14BF03200020BDE8F2832B
:105E700070B5044664420020002918BF002A01D1F1
:105E8000012070BD0B68002B0EE051F8235052F832
:105E900023606E402640754041F8235052F823504D
:105EA0006E4042F823605B1EEFD170BD404251400E
:105EB0000840504070472DE9F04784468E46DEF892
:105EC0000050DCF8001000270126BA46A9420FD383
:105ED000084664460121854224D254F8202000233C
:105EE000524263EB430303F001031F43401EF2E7FA
:105EF00028460D4674464FF0FF31EEE75CF820204F
:105F00005EF8204000250023B4EB020865EB03098E
:105F10006240521E06EA090563F1000345EA0A0AD7
:105F20001E40401E0028E9D106EB4A023846521EA8
:105F3000BDE8F047FDF72FBE10B50A460023016803
:105F400003E050F82140491E23430229F9D240685A
:105F50000021424042EA0300FDF725FEBDE8104063
:105F6000FDF71EBEF8B505462E68002234000BE092
:105F70005742174355F82410FF43F80FFDF70BFE67
:105F80000246A6EBD776641EF2D11046FDF717FE47
:105F900000EB4610F2BDF8B5064630680C465709CE
:105FA00002F01F05791CFDF703FEBB1C41420B40AC
:105FB00056F82310002204F01F04FDF7ECFD06EB59
:105FC00087014A68EA40C5F1200500FA05F501207D
:105FD00000FA04F41543641E04EA0500F2BD2DE93D
:105FE000F0478046012001F01F0600FA06F6550929
:105FF000D8F80000761E6D1C06EA030902F01F0A9D
:1060000001F01F0729465744FDF7D2FD203F044603
:10601000F843C0F3C07058F825100440784206FADF
:106020000AF604EAD07421EA060648F8256009FA5F
:106030000AF006434FF0FF3248F8256002FA07F1F4
:106040002046FDF7A8FD6D1C61420D4058F8252043
:10605000CAF1200A29FA0AF1104048F82500002266
:106060002046FDF798FD58F82510084348F825000C
:10607000BDE8F087F8B50AB110B909B10120F2BD49
:106080001368CC1CB3EB940F01D20320F2BD79B39B
:106090008B085B1C01240FE0A1EB840505446F789D
:1060A0002E783F0447EA0667AE78ED7847EA062780
:1060B0002F4342F82470641C9C42EDD31568A5421E
:1060C00022BF002642F82460641CF7D211F00301BD
:1060D00011D0047842F8234001248C420BD252F8AC
:1060E0002350065D641C46EA052642F82360F4E767
:1060F0001046FFF776FE0020F2BD2DE9F04105467F
:10610000286817463C4680003E1A8846A04206D2C0
:10611000641E31464046A41B2EF081FC641C14F022
:10612000030021D0A10805EB81025168421ED20074
:1061300021FA02F33A1B641E08F80230401EF5D122
:1061400012E0A10855F82120381B4044120E0270BD
:1061500055F82130241F1B0C437055F82120120ADA
:10616000827055F82110C170002CEAD1BDE8F08191
:10617000F8B500230AB110B909B10120F2BD1468C5
:10618000CD1CB4EB950F01D20320F2BDB9B30024AE
:1061900010E0061996F802C0F77802EB85054FEA81
:1061A0000C4C4CEA076C77783678241D4CEA0727AC
:1061B0003E436E60A508CE1EB442EAD311F0030F31
:1061C00011D06D1C42F825300BE0075D52F82560B8
:1061D0004FEAC30C07FA0CF73E4342F825605B1CFC
:1061E000641C8C42F1D3E41CA408641C00211068D8
:1061F000A04224BF42F82410641CF8D202E01046EA
:10620000FFF7EFFD0020F2BDF0B5034618684C1E05
:106210000025800001E0A554521E9042FBD312F0ED
:1062200003001FD0950803EB85067568461EF6002F
:1062300025FA06F7A754521E401EF7D112E0940823
:1062400053F824508818001F2D0EC57053F82450A1
:10625000121F2D0C857053F824502D0A457053F8E9
:1062600024400470002AEAD1F0BD2DE9F14F91E8F5
:10627000C05F2DE900509C46DDF830E020C80D9C41
:10628000DEF80000A5FB062302FB04F44FF000013A
:10629000E4FB6021DEF804004FF00002E5FB67320A
:1062A000E0FB6413CCF80010DEF808004FF00001AA
:1062B000E5FB6821E0FB6432CCF80430DEF80C002A
:1062C0004FF00003E5FB6913E0FB6421CCF80820E4
:1062D000DEF810004FF00002E5FB6A32E0FB6413C9
:1062E000CCF80C10DEF814004FF00001E5FB6B2138
:1062F000E0FB6432CCF8103000984FF00003E5FB6F
:106300006013DEF81800E0FB6421CCF8142001983B
:106310004FF00002E5FB6032DEF81C00E0FB641386
:10632000CCF81810D118CCF81C104FF0000141EB3C
:1063300001010C91029DDCF800206D680D9CDEF8D7
:1063400000004FF00003E5FB662302FB04F44FF06E
:106350000001E4FB6021DCF80420DEF80400E5FB2A
:106360006732E0FB6413CCF80010DCF80810DEF8AC
:106370000800E5FB6821E0FB6432CCF80430DCF86F
:106380000C30DEF80C00E5FB6913E0FB6421CCF86F
:106390000820DCF81020DEF81000E5FB6A32E0FB94
:1063A0006413CCF80C10DCF81410DEF81400E5FBD4
:1063B0006B21E0FB6432CCF81030DCF81830009828
:1063C000E5FB6013DEF81800E0FB6421CCF8142034
:1063D000DCF81C200198E5FB6032DEF81C00E0FBD5
:1063E0006413CCF818100C984FF00004801844EB9C
:1063F0000401C01844EB0402CCF81C0001EB0200BD
:106400000C90029DDCF80020AD680D9CDEF80000C9
:106410004FF00003E5FB662302FB04F44FF000019C
:10642000E4FB6021DCF80420DEF80400E5FB6732C1
:10643000E0FB6413CCF80010DCF80810DEF808006C
:10644000E5FB6821E0FB6432CCF80430DCF80C306A
:10645000DEF80C00E5FB6913E0FB6421CCF80820B2
:10646000DCF81020DEF81000E5FB6A32E0FB641374
:10647000CCF80C10DCF81410DEF81400E5FB6B21EE
:10648000E0FB6432CCF81030DCF818300098E5FB03
:106490006013DEF81800E0FB6421CCF81420DCF86F
:1064A0001C200198E5FB6032DEF81C00E0FB641361
:1064B000CCF818100C984FF00004801844EB04013D
:1064C000C01844EB0402CCF81C0001EB02000C9055
:1064D000029DDCF80020ED680D9CDEF800004FF016
:1064E0000003E5FB662302FB04F44FF00001E4FB2C
:1064F0006021DCF80420DEF80400E5FB6732E0FBF5
:106500006413CCF80010DCF80810DEF80800E5FB96
:106510006821E0FB6432CCF80430DCF80C30DEF8A3
:106520000C00E5FB6913E0FB6421CCF80820DCF8E3
:106530001020DEF81000E5FB6A32E0FB6413CCF8B3
:106540000C10DCF81410DEF81400E5FB6B21E0FB06
:106550006432CCF81030DCF818300098E5FB60139A
:10656000DEF81800E0FB6421CCF81420DCF81C20D5
:106570000198E5FB6032DEF81C00E0FB6413CCF808
:1065800018100C984FF00004801844EB0401C01858
:1065900044EB0402CCF81C0001EB02000C90029DBD
:1065A000DCF800202D690D9CDEF800004FF00003A0
:1065B000E5FB662302FB04F44FF00001E4FB6021DD
:1065C000DCF80420DEF80400E5FB6732E0FB64132E
:1065D000CCF80010DCF80810DEF80800E5FB6821B4
:1065E000E0FB6432CCF80430DCF80C30DEF80C0050
:1065F000E5FB6913E0FB6421CCF80820DCF81020EF
:10660000DEF81000E5FB6A32E0FB6413CCF80C10F6
:10661000DCF81410DEF81400E5FB6B21E0FB6432BB
:10662000CCF81030DCF818300098E5FB6013DEF889
:106630001800E0FB6421CCF81420DCF81C20019841
:10664000E5FB6032DEF81C00E0FB6413CCF81810A8
:106650000C984FF00004801844EB0401C01844EB80
:106660000402CCF81C0001EB02000C90029DDCF847
:1066700000206D690D9CDEF800004FF00003E5FB83
:10668000662302FB04F44FF00001E4FB6021DCF818
:106690000420DEF80400E5FB6732E0FB6413CCF86D
:1066A0000010DCF80810DEF80800E5FB6821E0FBCC
:1066B0006432CCF80430DCF80C30DEF80C00E5FB7A
:1066C0006913E0FB6421CCF80820DCF81020DEF828
:1066D0001000E5FB6A32E0FB6413CCF80C10DCF828
:1066E0001410DEF81400E5FB6B21E0FB6432CCF8FB
:1066F0001030DCF818300098E5FB6013DEF8180065
:10670000E0FB6421CCF81420DCF81C200198E5FBA8
:106710006032DEF81C00E0FB6413CCF818100C9813
:106720004FF00004801844EB0401C01844EB04024D
:10673000CCF81C0001EB02000C90029DDCF800205C
:10674000AD690D9CDEF800004FF00003E5FB662309
:1067500002FB04F44FF00001E4FB6021DCF80420AC
:10676000DEF80400E5FB6732E0FB6413CCF80010B0
:10677000DCF80810DEF80800E5FB6821E0FB643275
:10678000CCF80430DCF80C30DEF80C00E5FB6913C3
:10679000E0FB6421CCF80820DCF81020DEF81000C3
:1067A000E5FB6A32E0FB6413CCF80C10DCF8141043
:1067B000DEF81400E5FB6B21E0FB6432CCF810300E
:1067C000DCF818300098E5FB6013DEF81800E0FBF9
:1067D0006421CCF81420DCF81C200198E5FB603221
:1067E000DEF81C00E0FB6413CCF818100C984FF096
:1067F0000004801844EB0401C01844EB0402CCF8F8
:106800001C0001EB02000C90029DDCF80020ED69F9
:106810000D9CDEF800004FF00003E5FB662302FB51
:1068200004F44FF00001E4FB6021DCF80420DEF802
:106830000400E5FB6732E0FB6413CCF80010DCF8E1
:106840000810DEF80800E5FB6821E0FB6432CCF8B4
:106850000430DCF80C30DEF80C00E5FB6913E0FBDB
:106860006421CCF80820DCF81020DEF81000E5FBED
:106870006A32E0FB6413CCF80C10DCF81410DEF87C
:106880001400E5FB6B21E0FB6432CCF81030DCF83F
:1068900018300098E5FB6013DEF81800E0FB642177
:1068A000CCF81420DCF81C200198E5FB6032DEF8FF
:1068B0001C00E0FB6413CCF818104FF000040C9897
:1068C000801844EB0401C01844EB0402CCF81C000F
:1068D00001EB0200BCE8F000BEE8000FB4EB0801D9
:1068E00075EB090176EB0A0177EB0B01BCE8F000D0
:1068F000BEE8000F74EB080175EB090176EB0A01A5
:1069000077EB0B0161EB010108446FEA0000ACF189
:10691000200CAEF1200EBCE8F000BEE8000F08EA43
:106920000008B4EB080409EA000975EB09050AEA56
:10693000000A76EB0A060BEA000B77EB0B07BEE8C2
:10694000000FBCE80E4008EA000871EB080809EAED
:10695000000972EB09090AEA000A73EB0A0A0BEA5A
:10696000000B7EEB0B0BACF1200C8CE8F00F03B0AE
:10697000BDE8F08F20225C302EF04FB84022A030CE
:106980002EF04BB8F0B5836800249A0803F0030397
:106990000FE000EB8406F76D01EB8405641CEF70DB
:1069A000F76D3F0AAF70F76D3F0C6F70F66D360EE6
:1069B0002E709442EDD300240BE000F15C0555F8F5
:1069C0002260E500C5F11805EE4004EB8207CE55C4
:1069D000641C9C42F1D3F0BD2DE9F84F826800257C
:1069E0008346970802F0030200927A0102F0200821
:1069F000C8F120080E4629E0A900680801F004014A
:106A000001EBC001741869010BEBC00A01F0200909
:106A1000DAE92801C9F120094A4600F0EFF9E070EF
:106A2000DAE928014A466D1C00F0E8F9000AA07076
:106A3000DAE928014A4600F0E1F9000C6070DAE971
:106A400028014A4600F0DAF9000E2070BD42D3D387
:106A50000024009D11E00BF1A0017A0801EBC203B4
:106A6000D3E90001424600F0C9F9E100C1F1180183
:106A7000C84004EB8702B054641CAC42EBD3BDE8C1
:106A8000F18F30B5C46803690022E31A8C5CD51815
:106A90000544521C2C77082AF8D330BD70B5C46861
:106AA000036900220025E31AD418044404F81C5F8B
:106AB0008E5C521C082A2672F6D370BD0360C1603A
:106AC0000261704738B515460446002262602368AB
:106AD0005A68904700206061A061A5604FF40030C3
:106AE00032BD81604FF40030704700002DE9F8435B
:106AF00004462079D4F80C80450748BF244844D484
:106B000066691D46A8F1010000EAD60306EBC5063A
:106B10006661B6EBC50F02D2A669761CA661A669AE
:106B2000174606EB5576A6610E46E918884224D230
:106B3000A8EB03094A463146F8182DF06EFF22688B
:106B400039460EE0424638462DF067FF2368394645
:106B500020461A68904707E0311811F00300F1D180
:106B60002268204613689847484600EB0809A9F1B7
:106B70000101A942F0D3002300E000202A1A3118B5
:106B8000F8182DF04AFF4FF40030BDE8F28300BF43
:106B9000040002002DE9FC4F85B00246D06813695D
:106BA0000027DFF86CC1A0EB030A50680DF10C0E52
:106BB000DFF8608140F00400506003A80290D8E93B
:106BC000003403A8544DC0E900342878534D002800
:106BD0000CBF0023042399465CF803305EF809409B
:106BE000012623441D601C689E60DCF80430039D70
:106BF000DCF80090DEF804605D406540484C65407C
:106C000089EA0606474C66407519474CD8E9006B7F
:106C10006540002803ACC4E9006B029E0EBF00244F
:106C2000042004245CF800003459012620183F4C4D
:106C30000460046886600398029E43406340706865
:106C4000374C634089EA0000364C604003443848C2
:106C50004340280018BF01205B1E9B41042F2CBF1E
:106C6000C0B2D80F02F1140353F8200007F0030359
:106C7000C3F10303DB00D8400DF807007F1C082F89
:106C80009DD315466A69AB69E868D20842EA437247
:106C9000401E002300EA020702400C469B420AD82D
:106CA000524508D28020E0557F1C574516D2AAEBEA
:106CB0000701E01910E08020E05500E0E355E868A6
:106CC0007F1C8742FAD32A68284613689847BAF18E
:106CD000000F03D0514620462DF0A1FE2A68069EE3
:106CE000059F93686946284698472A6821462846A2
:106CF000D2F80090C8472B6839462846DA68904792
:106D00000EB1A86830604FF4003007B0BDE8F08FD6
:106D1000DC640308346D0008DC0E00205FC51093AE
:106D200004850012FC68017AC0F524FF24AF33D437
:106D300026AF698B04B001010017014510F8012B43
:106D400011F8013B012A28BF9A42F7D0D01A7047A8
:106D500070B4840746D04C1E002941D0D5B20346FA
:106D600002E0611EE4B30C4603F8015B9907F8D119
:106D7000032C2ED9D5B245EA05250F2C45EA054549
:106D800019D9264603F11001103E0F2E41F8105C70
:106D900041F80C5C41F8085C41F8045C01F1100119
:106DA000F2D8A4F1100121F00F0104F00F0410310A
:106DB000032C0B440DD91E4621460439032946F8FD
:106DC000045BFAD8211F21F0030104310B4404F0C5
:106DD00003042CB1D2B21C4403F8012BA342FBD113
:106DE00070BC70470C460346C2E7034613F8012BFC
:106DF000002AFBD1181A013870470000D0400B0060
:106E0000D1409C46203AD3401843524263469340B7
:106E10001843704753B94AB9002908BF00281CBF5E
:106E20004FF0FF314FF0FF3000F0C6B9ADF1080C64
:106E30006DE904CE00F01AF8DDF804E0DDE9022384
:106E400004B07047430803F05533C01A830800F0BC
:106E5000333003F03333184400EB101000F00F30E0
:106E600000EB002000EB0040000E70472DE9F04FD2
:106E70008C46099E04460F46002B48D18A4215468F
:106E80005ED9B2FA82F33BB1C3F120029F409D402C
:106E90009C4020FA02F217434FEA154E1FFA85FC78
:106EA000220CB7FBFEF10EFB117701FB0CF042EA5E
:106EB0000742904207D9AA1801F1FF3702D2904247
:106EC00000F258813946121AA4B2B2FBFEF00EFB52
:106ED000102200FB0CFC44EA0244A4450BD92C19F7
:106EE00000F1FF322CBF01270027A44502D9002F53
:106EF00000F04381104640EA0140A4EB0C0400215D
:106F00001EB1DC400023C6E90043BDE8F08F8B4290
:106F100006D90EB1C6E9000100210846BDE8F08F90
:106F2000B3FA83F1002951D16345C0F01681824242
:106F300040F213810846002EE7D0C6E90047E4E797
:106F4000002A00F0AF80B2FA82F3002B40F0C2803A
:106F50008A1A4FEA154EAFB20121200CB2FBFEFC9B
:106F60000EFB1C2240EA024207FB0CF090420ED9B5
:106F7000AA180CF1FF382CBF4FF001094FF000099F
:106F8000904203D9B9F1000F00F0F080C446121A04
:106F9000A4B2B2FBFEF00EFB102200FB07F744EA9E
:106FA0000244A7420ED92C1900F1FF322CBF4FF03A
:106FB000010E4FF0000EA74203D9BEF1000F00F002
:106FC000D2801046E41B40EA0C4099E7C1F120054D
:106FD0008B400CFA01F400FA01F922FA05F72CFAB9
:106FE00005FC8A401F4320FA05F3380C23431FFA9F
:106FF00087FE1C0CBCFBF0F800FB18CC44EA0C44E8
:1070000008FB0EFCA4450ED93C1908F1FF3A2CBF31
:107010004FF0010B4FF0000BA44503D9BBF1000F5B
:1070200000F0B880D046A4EB0C041FFA83FCB4FB3C
:10703000F0F300FB134403FB0EFE4CEA0444A645A8
:107040000ED93C1903F1FF302CBF4FF0010C4FF06B
:10705000000CA64503D9BCF1000F00F09F80034649
:1070600043EA0840A4EB0E04A0FB02EC644573461F
:10707000E04602D307D1F14505D2BEEB02036CEB2B
:10708000070C0138E0465EB1B9EB030264EB08047B
:1070900004FA05F522FA01F3CC401D43C6E9005479
:1070A000002132E742082F464B08AC4642EAC17243
:1070B000AE46C407110C92B241EA034142EA0142D2
:1070C000B1FBF5F1B3FBF5F01F23A2EB0C0241EA93
:1070D000004142E79D40C3F1200299409C402CFAB8
:1070E00002FC4FEA154E20FA02F2AFB2BCFBFEF8EA
:1070F0000A430EFB18CC110C41EA0C4108FB07FCBB
:107100008C4550D9691808F1FF302CBF4FF00109A8
:107110004FF000098C4502D9B9F1000F30D0A1EB36
:107120000C01B1FBFEF808FB07FC0EFB181192B234
:1071300042EA0142624534D2AA1808F1FF312CBF5D
:107140004FF001094FF000096245BED2B9F1000FBE
:10715000BBD1A8F102012A44B7E7841A6CEB030201
:1071600001201746E7E62C4402382BE7ACF1020C6D
:107170002A440CE702392A44A5E62C440238BAE630
:10718000A5EB0C0CA8F102006144B1FBFEF808FB72
:1071900007FCCAE7A8F102083C4444E7023B3C4430
:1071A0005EE7414691E7A1EB0C014046B1FBFEF8DA
:1071B00008FB07FCB9E700BF704700BF034AD2F8DD
:1071C000F43043F40003C2F8F4307047000C024678
:1071D00082B0064BD3F898200243C3F89820D3F826
:1071E000983003400193019B02B07047000C0246A7
:1071F000014B01229A63704700080246014BFF22AF
:107200009A64704700080246704700BF00B583B01B
:107210000020019001A905F053F920B10C200AF0DB
:1072200093FA03B000BD019B987B0AF08DFAF8E752
:1072300008B51A4AD2F8F43043F40003C2F8F43027
:1072400020F0CEFD164B93E8030003F093FF06F009
:10725000F9FA01F003FF13480DF03BFE124B1860E2
:10726000B0B104F0EFFC11480DF033FE104B186084
:1072700088B1104B00221A6004F08AFE0E4B5A6847
:1072800022F002025A605A6822F004025A6008BDD5
:1072900006F0CAFAE5E706F0C7FAEAE7000C02468C
:1072A000C8C40308C8C30308E40E0020D8C30308F9
:1072B000EC0E0020E80E0020004004E008B550B9B4
:1072C000094A136843F080031360084A136843F4C3
:1072D0008043136008BD05F029FC20F0B5FB0121B7
:1072E000084620F031FCEBE700080246002002408F
:1072F00008B5114803F086FF90B9104A002101201B
:107300000DF08DFE0E4B18600E4A00210E480DF058
:10731000D0FC0E4B186030B1094B1B681BB108BD87
:1073200006F082FAE9E70A4A0221012003F008FF89
:1073300006F07AFAF3E700BF9007002094C4030830
:107340000C0F0020A4C40308A5730008100F002030
:107350005C69030808B50D4A002101200DF05FFEAD
:107360000B4B18600B4A00210B480DF0A2FC0B4B95
:10737000186018B1064B1B6803B108BD084A02210A
:10738000012003F0DDFE06F04FFAF6E7E8C303083C
:10739000F00E0020F8C3030805750008F40E002065
:1073A0008069030808B54FF0FF31034B18680DF0F2
:1073B00093FE04F02FF9F6E70C0F002008B510201B
:1073C00002F08CF902F0FAF802F0B4F8114A002148
:1073D00001200DF024FE104B1860104A01210846D0
:1073E0000DF01DFE0E4B18600E4A00210E480DF0E8
:1073F00060FC0E4B186028B1074B1B6813B1084B9B
:107400001B6833B90A4A0221012003F099FE06F0F5
:107410000BFA08BD60C40308040F002050C4030821
:10742000000F002070C4030835740008080F002006
:10743000A469030808B54FF0FF31064B18680DF03A
:107440004BFE02F01FF90028F5D1034B18680DF030
:1074500077FEF0E7040F0020000F002008B51C4A5B
:10746000002101200DF0DBFD1A4B18601A4A0021A3
:107470001A480DF01EFC1A4B186000B3154B1B6820
:10748000EBB1184B1A6B42F080421A631A6B42F050
:1074900080721A6300220521062006F027FB0620D1
:1074A00006F062FB0121084602F0B4FB0021022035
:1074B00002F0B0FB0021084602F0ACFB08BD0A4A0E
:1074C0000221012003F03CFE06F0AEF9D9E700BF2F
:1074D0001CC40308F80E00202CC40308ED74000837
:1074E000FC0E002000200240C869030808B54FF0D8
:1074F000FF31034B18680DF0EFFD02F017FDF6E7C2
:10750000F80E002008B54FF0FF31034B18680DF05E
:10751000E3FD01F015FCF6E7F00E002008B504F0DD
:1075200017F908BD08B5800004F0B2F808BD00BF27
:1075300008B5890004F030F908BD00BF08B5FFF7B1
:1075400065FE08BD10B582B0002001F0B8FDFFF760
:107550006FFE0120FFF7B2FE05F0A0FDFFF7C8FEA9
:10756000FFF72CFFFFF77AFF0321002005F0DAFC7C
:10757000FFF7F0FE0F4803F057FC06F041FAB0F5B4
:10758000805F0FD0002400940B4B224621460B480D
:1075900020F064FC01F028FA204601F091FD20461D
:1075A00002B010BD064A0221002003F0C9FD06F01A
:1075B0003BF9E7E700A00F0809720008E41A002071
:1075C000EC69030808B5024B18680DF0B9FD08BD59
:1075D000F00E002008B5024B18680DF0B1FD08BD93
:1075E000040F0020034B0360034B4360034B836095
:1075F000704700BF31750008257500081D7500082B
:1076000008B5024B18680DF09BFD08BD0C0F00205B
:1076100008B5024B18680DF093FD08BDF80E002068
:107620000121022020F0B4BA0021022020F0B0BADB
:10763000024B4FF0FF3118680DF04EBD000F0020D7
:1076400000B5104B83B04FF0FF3118680DF08DFC82
:1076500038B90D4A13683BB100200133136003B001
:1076600000BD012003B000BD0849D1F8880040F4F6
:107670008050C1F88800D1F8881001F48051019140
:107680000199E9E7EC0E0020E80E0020000C02460C
:1076900008B50C4B18680DF099FC58B90A4A1368E4
:1076A00053B90A4AD2F8883023F48053C2F888309C
:1076B000002008BD012008BD013B1360002BF7D15D
:1076C000EFE700BFEC0E0020E80E0020000C0246A1
:1076D00008B5054B4FF0FF3118680DF046FC003837
:1076E00018BF012008BD00BFE40E002008B5044B00
:1076F00018680DF06BFC003818BF012008BD00BFF2
:10770000E40E002008B5074B1B6803B108BD06480E
:107710000DF0DFFB034B18600028F7D106F084F86A
:10772000F4E700BFE00E0020B8C3030808B50B4B18
:107730004FF0FF3118680DF018FC58B914F0E8F953
:107740002E2006F01FFA212006F01CFA14F016FA7B
:10775000012008BD14F0DCF9002008BDE00E002077
:1077600080B108B514F0D4F9212006F0FDF92E20DF
:1077700006F0FAF914F002FA034B1868BDE8084065
:107780000DF024BC14F0FAB9E00E002070B50446E8
:107790000D4620F0AFF9B5F1FF3F08BFB4F1FF3F50
:1077A00006462AD002280BD834D001284BD0962286
:1077B0000023A242AB410ED2A21A65F1000359E0A8
:1077C00040F22341434800F0D7FB4FF47A72002384
:1077D000A242AB41F0D322462B463F4820F006FDA3
:1077E00000284CD1FFF704FDFFF708FDFFF7E6FC8A
:1077F000BDE87040002020F08FB9FFF7F9FCFFF7DB
:10780000FDFC022EF2D10DF0DBF90028EED004F0E1
:10781000EDFAEBE740F2E9339C4275F100033ED309
:1078200000212E48B4F57A7245F1FF339042994118
:1078300040D2294820F0DAFC002840D1FFF7D8FCDC
:10784000FFF7DCFCDFE740F25F139C4275F10003B9
:1078500029D3B4F5AF7245F1FF33B2F52F7F73F141
:10786000000107D20021202020F0FEF8B4F196029A
:1078700045F1FF33184820F0B9FC0028B2D0154874
:1078800040F24A4100F078FBFFF7B2FCFFF7B6FC8C
:10789000FFF794FCBDE87040002020F03DB90121C5
:1078A000202020F0E1F80021202020F0DDF89622B1
:1078B00000237EE70121202020F0D6F8C9E740F21E
:1078C0004A41044800F058FBFFF792FCFFF796FC92
:1078D00099E700BF386A0308E41A00202F57050013
:1078E00008B50D4820F048FB0DF06AF928B9BDE84D
:1078F00008400221202020F0B7B80120FFF768FCE3
:107900000DF016F90021042020F01EF9BDE8084012
:107910000221202020F0A8B8E41A002030B583B05E
:1079200020F024FC002101F0F3FF05460C460DF089
:1079300047F918B92846214603B030BD01A822F006
:1079400067FD68B9019B5A1CF4D00022AB4272EB70
:1079500004013CBF1D4614462846214603B030BDF5
:1079600040F29141014800F007FBEBE7386A030859
:1079700008B50B4672B6044A0121002015F0A8FF95
:1079800005F052FF08BD00BF706B030810B5044638
:10799000FFF7C4FF4FF47A720023FFF73BFA00238E
:1079A00084428B4138BF204610BD00BF2DE9F04115
:1079B000064672B6BFF34F8FBFF36F8F4FF0E023D1
:1079C00006221A610FF00EF80746FFF7A7FFB0F581
:1079D000FA6F71F1000300D397B94FF0E022002451
:1079E000072095692F4B5561946110611B682E49E2
:1079F000A1FB03139B09013B536162B6BDE8F08113
:107A000005460C4602F052F8022F804606F1FF367A
:107A100009D04FF47A73A6FB0332AB4272EB040138
:107A20003CBF1D46144628462146FFF7AFFEFFF730
:107A300057FF02F03BF80021A0EB080001F068FFBF
:107A400010F5FA704FF0000341F100014FF47A7223
:107A5000FFF7E0F94FF0E0239B69124D5D2B07D84B
:107A60002A6811495F3BA1FB0212013003EB92131C
:107A70004FF0E024B042636128BF30460EF054FC62
:107A800000210723A16123612B68074AA2FB03237E
:107A90009B09013B636162B6BFF34F8FBFF36F8FEA
:107AA000BDE8F081B8080020D34D6210704700BFD8
:107AB00008B500220521432006F018F8432006F0FF
:107AC00053F808BD00B599B04022002108A82CF059
:107AD00078FE2022002168462CF073FE022008F078
:107AE00081F94FF4803008F037F9002837D108F0D9
:107AF0002BF91F4AD2F8F03023F0180343F00803A3
:107B0000C2F8F030052308934FF480330993002323
:107B10000A9381220B920222109203211191129258
:107B20001822139214920C22159204221692179383
:107B300008A808F05FFAA8B93F2300930323019334
:107B4000002302930393049305930522069207935F
:107B50000221684608F092FE38B919B000BD05F060
:107B600063FEC4E705F060FEE6E705F05DFEF4E7BE
:107B7000000C024610B592B04822002168462CF055
:107B800020FE4FF4004300934FF480231193684686
:107B900009F00AF808B912B010BD05F045FEFAE781
:107BA00000B583B01B4BD3F8882042F00102C3F824
:107BB0008820D3F8883003F001030193019B002251
:107BC00006211D2005F092FF1D2005F0CDFF0022AB
:107BD00006211E2005F08AFF1E2005F0C5FF0022A9
:107BE00005211F2005F082FF1F2005F0BDFF0022A8
:107BF0000821212005F07AFF212005F0B5FF0022A1
:107C00000721222005F072FF222005F0ADFF03B00E
:107C100000BD00BF000C0246074A536823F480737E
:107C20005360064B1A6842F004021A601A6842F068
:107C300001021A60704700BF0008024600040340BA
:107C400008B50948094B036008F00CF930B9084839
:107C5000084B036008F006F918B908BD05F0E4FD0B
:107C6000F5E705F0E1FDF8E73C1F00200060024069
:107C7000301F00204060024000B583B00023009315
:107C800001931648164A026043604FF40072826006
:107C90004FF6FF724261026243628362C362036312
:107CA000436307F00FFE78B9002200920192694603
:107CB0000A4807F0EBFF50B901226946074807F070
:107CC000E5FF38B903B000BD05F0AEFDECE705F007
:107CD000ABFDF1E705F0A8FDF4E700BFE81C0020CC
:107CE0000044004610B594B000240D940E940F94F7
:107CF00010941194129413943022214601A82CF070
:107D000060FD1F481F4B036084600461446184610F
:107D10004FF08043C36104624FF48073436209F003
:107D20000DFE08BB00230D931093119312930DA920
:107D300013480AF093F9D0B911480AF037F9C8B9D5
:107D40004FF0004308930023029306934FF07C53B7
:107D500007934FF480730C93012201A9084809F09E
:107D6000F5FE50B914B010BD05F05EFDDAE705F080
:107D70005BFDE1E705F058FDE2E705F055FDF1E7B1
:107D8000481F00200078004600B585B0002301930D
:107D9000029303934FF0805202921848184A0260EF
:107DA0004FF48002426083600722C2600361436136
:107DB0004FF0806282614FF00052C2610362436201
:107DC00043638363C3638364C364036543654FF4A0
:107DD00000428265C36503660AF02AFA40B90023AF
:107DE000019301A905480AF049FE20B905B000BD7C
:107DF00005F01AFDF3E705F017FDF7E7381D002041
:107E00000030014008B51948194B03604FF4E133C5
:107E1000436000238360C36003610C22426183617D
:107E2000C3610362436283620BF034FE88B94FF092
:107E300080410E480BF0A8FF70B900210B480BF0F1
:107E4000F7FF60B909480BF063FF58B905F060F916
:107E500008BD05F0E9FCEAE705F0E6FCEDE705F012
:107E6000E3FCEFE705F0E0FCF0E700BFFC1A0020C0
:107E70000038014000B585B0144BD3F88C2042F097
:107E80000202C3F88C20D3F88C2002F00202019287
:107E9000019AD3F88C2042F00102C3F88C20D3F869
:107EA0008C2002F001020292029AD3F88C2042F058
:107EB0000402C3F88C20D3F88C3003F0040303933E
:107EC000039B01F0FEF805B000BD00BF000C0246A8
:107ED00008B505F075FDFFF731FBFFF7F3FDFFF780
:107EE00049FEFFF7E5FDFFF797FEFFF7C3FFFFF73A
:107EF00057FEFFF7A5FEFFF7F5FEFFF783FF0CF037
:107F000085FEFFF7D3FD0020FFF71CFB0CF0AAFE57
:107F1000FEE7000010B5134B1B6B13F4800F0DD15F
:107F20004FF000630F4A146BC4F313041C440E4B50
:107F30009C4205D02BF0CEFC60B910BD0B4BF1E795
:107F40002BF0C8FC0128F8D9094A0021022015F0BD
:107F5000BFFCF2E72346074A0121084615F0B8FCAA
:107F6000EBE700BF00200240001FFA0B0080F80B77
:107F70008C6B0308B86B030800B583B00B4672B670
:107F80000090044A0221002015F0A2FC05F04CFCF0
:107F900003B000BDEC6B03080FF058BA0FF0D6BA6F
:107FA00008B54121024B034A03482CF0EDF800BF0D
:107FB00004A30308D0C403080C6C030800B583B005
:107FC000134BD3F8942042F00402C3F89420D3F862
:107FD000943003F004030193019B00220F216FF002
:107FE000010005F083FD00220521422005F07EFD01
:107FF000422005F0B9FD074B9B6B13F0040F04D032
:10800000044A936B43F00103936303B000BD00BFC8
:10801000000C02460008024682B0074BD3F88820C5
:1080200042F40032C3F88820D3F8883003F40033D8
:108030000193019B02B07047000C024610B594B04A
:1080400004464822002102A82CF0BBFB2268214BE9
:108050009A4201D014B010BD4FF48053029302A88D
:1080600008F0A2FD00282FD11B4BD3F8A82042F422
:108070000062C3F8A820D3F8A83003F4006301938A
:10808000019B1648164B03602E2343600023836038
:108090004FF48062C260036143618361C361036224
:1080A000012242628262C3620363436306F01AF8EC
:1080B00068B90A482064C465102106F035FB002821
:1080C000C8D005F0B1FBC5E705F0AEFBCCE705F085
:1080D000ABFBEEE700440046000C0246C81D002042
:1080E0005001024008B50268074B9A4200D008BD13
:1080F000064AD2F8A83023F40063C2F8A830006C16
:1081000006F004F9F3E700BF00440046000C024605
:1081100010B594B004464822002102A82CF051FB6F
:108120002268144B9A4201D014B010BD4FF4804322
:1081300002934FF48073129302A808F035FDA8B99A
:108140000D4BD3F8A82042F40012C3F8A820D3F8AE
:10815000A83003F400130193019B002205210220A3
:1081600005F0C4FC022005F0FFFCDDE705F05CFB38
:10817000E6E700BF00780046000C02462DE9F0411A
:10818000B0B0044600212B912C912D912E912F916E
:10819000482203A82CF015FB22686C4B9A4202D0AF
:1081A00030B0BDE8F0810123039303A808F0FCFC84
:1081B000002840F0AF80664BD3F8A42042F4804200
:1081C000C3F8A420D3F8A42002F480420092009ABD
:1081D000D3F88C2042F00202C3F88C20D3F88C2014
:1081E00002F002020192019AD3F88C2042F00102BF
:1081F000C3F88C20D3F88C3003F001030293029B68
:108200004FF480532B934FF00208CDF8B080012536
:108210002D952E9507272F972BAE31464D4807F009
:10822000FDF84FF480732B93CDF8B0802D952E95EB
:108230002F973146484807F0F1F8212315930B2377
:10824000169300231793189319934FF400221A9250
:108250001B931C931E951F95209321932293269385
:10826000239324933D4915A806F0D4FC002854D14B
:108270003A4A00213A4806F0B7FD002850D1384864
:1082800006F040FE00284ED13648374B03600023ED
:108290008363C363036443648123836406F0AAFB9E
:1082A000002843D12E492F4806F06CFE002840D10B
:1082B0002C48C4F88000C465102106F035FA002867
:1082C0003AD12A482A4B03600C2343600023836081
:1082D0004FF48062C2600822026143618361C3611E
:1082E0000362012242628262C3620363436305F058
:1082F000F9FE20BB1D48E067C465102106F014FAA2
:1083000000BB00220E212E2005F0F0FB2E2005F0F0
:108310002BFC45E705F088FA4DE705F085FAA7E75D
:1083200005F082FAABE705F07FFAADE705F07CFADD
:10833000B8E705F079FABBE705F076FAC1E705F092
:1083400073FAD7E705F070FADBE700BF00380140A9
:10835000000C02460004024200000242CC1C002035
:10836000B41C00203C1C0020D0020240C41B002092
:10837000500202400268114B9A4200D0704710B57B
:1083800004460F4AD2F8A43023F48043C2F8A43044
:108390004FF480510B4807F061F94FF480710A489F
:1083A00007F05CF9D4F8800005F0B0FFE06F05F04D
:1083B000ADFF2E2005F0E6FB10BD00BF00380140E8
:1083C000000C024600040242000002422DE9F04384
:1083D0009BB004460021159116911791189119919F
:1083E000482203A82CF0EDF922685D4B9A4202D096
:1083F0001BB0BDE8F0831023039303A808F0D4FB5F
:10840000002840F09E80574BD3F8A42042F48052BD
:10841000C3F8A420D3F8A42002F480520092009A5A
:10842000D3F88C2042F00202C3F88C20D3F88C20C1
:1084300002F002020192019AD3F88C2042F001026C
:10844000C3F88C20D3F88C3003F001030293029B15
:108450001023159302251695179518954FF00508CA
:10846000CDF8648015AF404E3946304606F0D6FF51
:108470004FF00809CDF85490169517951895CDF83A
:1084800064803946304606F0C9FF4FF40043159327
:108490001695002617961895CDF86480394633480E
:1084A00006F0BCFF3248334B0360456086604FF4F2
:1084B0008063C360C0F8109046618661C6614FF466
:1084C000400303620123436283624FF04023C3628F
:1084D0000663466305F006FE002835D12448C4F83B
:1084E0008000C465102106F01FF900282FD1224812
:1084F000224B03600122426000238360C36003615A
:108500004FF4002141618361C3614FF400010162B6
:1085100042628262C3620363436305F0E3FDC8B94C
:108520001548C4F88400C465102106F0FDF8A0B910
:10853000002211462D2005F0D9FA2D2005F014FB5C
:1085400056E705F071F95EE705F06EF9C6E705F04C
:108550006BF9CCE705F068F9E2E705F065F9E7E7C4
:1085600000300140000C02460004024200000242BA
:10857000B81E002050000240401E0020D0000240E3
:108580000268114B9A4200D0704710B504460F4A5A
:10859000D2F8A43023F48053C2F8A43018210C4838
:1085A00007F05CF84FF400410A4807F057F82D2017
:1085B00005F0E8FAD4F8800005F0A8FED4F88400AD
:1085C00005F0A4FE10BD00BF00300140000C0246C3
:1085D000000402420000024208B500220F214FF0C1
:1085E000FF3005F083FA002008BD70477047000097
:1085F00000B583B001A801F0F5FA019B044AA2FB83
:1086000003239B094FF47A7202FB003003B000BDD4
:10861000D34D621008B5264B1B6B002B00DBFEE729
:10862000234B1B6B13F4800F1DD14FF00062204BC6
:108630001B6BC3F3130313441E4A9A4202D81E4A0B
:108640009A4212D81D4A9A4202D81D4A9A4214D818
:108650001C4A93421CD01C4A0121002015F038F915
:1086600005F0E2F8DBE7194AE1E7194A1360104A1E
:10867000136B43F00043136308BD164A0121002029
:1086800015F026F90A4A136B43F000431363F3E72E
:108690002BF020F9012805D8054A136B43F000435D
:1086A0001363E9E70C4A0021022015F011F9F3E702
:1086B0000020024000A00E0800A00F0800A00F0834
:1086C00000E00F08801FFA0BBC6C03080080F80B59
:1086D000542300204C6C0308906C0308FEE7FEE76F
:1086E000FEE7704708B506F0F9FC08BD08B5084B71
:1086F0005B6D13F0030F03D113F0400F04D108BDDD
:10870000044809F089F8FAE7024809F069FCF6E73D
:1087100000780046481F002008B5012014F096FE9E
:1087200008BD08B5022014F091FE08BD08B504206C
:1087300014F08CFE08BD08B5082014F087FE08BDB3
:1087400008B5102014F082FE08BD08B5202014F0F2
:108750007DFE08BD08B5402014F078FE08BD08B5C0
:10876000802014F073FE08BD08B54FF4807014F03B
:108770006DFE08BD08B54FF4007014F067FE08BD2B
:1087800008B54FF4806014F061FE08BD08B54FF4E1
:10879000006014F05BFE08BD08B54FF4805014F083
:1087A00055FE08BD08B54FF4005014F04FFE08BD4B
:1087B00008B54FF4804014F049FE08BD08B54FF4E9
:1087C000004014F043FE08BD08B5024805F0D2FE93
:1087D00008BD00BFB81E002008B5024805F0CAFE5B
:1087E00008BD00BF401E002008B5024805F0C2FECB
:1087F00008BD00BFC81D002008B5024805F0BAFE3C
:1088000008BD00BFC41B002008B5024805F0B2FE39
:1088100008BD00BF3C1C002008B502480AF0CAFB96
:1088200008BD00BFFC1A002008B5074B1B6803B148
:108830009847064AD2F8083223F48033C2F8083247
:10884000BFF36F8F08BD00BF28210020000C024637
:1088500008B50F4B4FF00052C3F88420BFF34F8F81
:10886000BFF36F8F0B4B1B6803B198470A4B1B7804
:1088700023B9074B4FF000525A6008BD0022052172
:108880003D2005F033F9044B00221A70F1E700BFD8
:1088900000E100E0242100200921002008B5024861
:1088A00009F0C8FF08BD00BF381D00200120704737
:1088B00008B52CF085F8162303604FF0FF3008BD93
:1088C00008B54FF0FF31FFF7F3FFFEE770B50C4638
:1088D0001646002506E0AFF30080214601F8010BA3
:1088E00001350C46B542F6DB304670BD4FF0FF3027
:1088F00070474FF400534B600020704701207047D1
:108900000020704708B503460B4A126842B10A4A74
:1089100010680344094A934206D8074A136008BD09
:10892000054A07491160F2E72CF04AF80C2303606E
:108930004FF0FF30F3E700BF781F00200000022057
:1089400088D1002070B584B00446154610F1110F8F
:108950000DDA6FF01006124B1B68A34201D0A6423D
:1089600007D1AE710E4B1C60002004B070BD0646EE
:10897000F1E72AF0AFFF0028F3D0002E0CDB094B03
:10898000002C0BDB074A029401920096064A042150
:10899000012014F09DFFE4E7044BF1E7034AF2E7FE
:1089A000B0070020F86C0308FC6C0308D0B403087F
:1089B00000487047E0C4030808B526F0C5F926F062
:1089C000C1F829F065FA2AF085FF012804D814F0CF
:1089D0005FFF26F039F9FAE7024A0021022014F07D
:1089E00077FFF4E7446D030810B590B00FA82AF0A4
:1089F00069FFBDF83C30022B4DD12AF06BFF0128F6
:108A000050D82AF067FF012853D82AF063FF0128C5
:108A100056D82AF05FFF012859D82AF05BFF0128B9
:108A20005CD82AF057FF01285FD82AF053FF0128AD
:108A300067D804F0E1FF04460E902AF04BFF0128AE
:108A400066D80AA81FF002F92AF044FF01286CD862
:108A500005AC002305930693079308930993424BB3
:108A60000593424B0693FFF7A3FF099020462AF097
:108A700005FD0346002865D13D4C3E4A21463E484F
:108A80000CF017F92060002865D0012108461FF07E
:108A90007FF810B010BD0223ADF83C300FA82AF0CB
:108AA00007FFAAE7354B364A0121022014F010FFD8
:108AB000A7E7344B344A0121022014F009FFA4E750
:108AC000324B334A0121022014F002FFA1E7314B5F
:108AD000314A0121022014F0FBFE9EE72F4B304A61
:108AE0000121022014F0F4FE9BE7142302930421D9
:108AF00001911323009301232A4A022014F0E8FE77
:108B000093E7294B294A0121022014F0E1FE90E766
:108B1000C4F307230193C4F307430093230E244AAD
:108B20000321022014F0D4FE8BE70C9B02930D9BD3
:108B300001930A9B00930B9B1E4A0421022014F010
:108B4000C7FE85E71C4A0121002014F0C1FE1B4925
:108B5000A52012F091FF1A4A0021084614F0B8FE31
:108B60001649AC2012F088FF00E00F080000100842
:108B70009C200020A4C50308B98900086C6D030877
:108B80009C6D0308B46D0308BC6D0308D46D030825
:108B9000DC6D0308F86D03082C6E0308486E0308AB
:108BA0004C6E0308706E03088C6E0308946E030805
:108BB000A86E0308C06E0308EC6E03080C6F030870
:108BC0004C6F030808B500F01DF808BD08B500F0AB
:108BD00031F808BD08B51FF047FE00F0B9F808BD30
:108BE00008B503F067F908BD08B503F04FF908BDF3
:108BF00008B500F02BFB024B00221A7008BD00BF25
:108C00000121002030B50A4C844604F14005A646F7
:108C1000BEE80F00CCF80000CCF80410CCF8082017
:108C2000CCF80C3074460CF1100CAE45EFD130BDD1
:108C3000A02000200F4B1B78C3B910B484460E4C03
:108C40000FCCCCF80000CCF80410CCF80820CCF8FD
:108C50000C300FCCCCF81000CCF81410CCF8182045
:108C6000CCF81C3000205DF8044B70476FF0020018
:108C7000704700BF00210020A020002008B52B4B2A
:108C80001B780BB9002008BD00F0C0FA002849D0BD
:108C9000264B1B78013B042B09D8DFE803F0030EB9
:108CA0001B2A3B002249A1F1200000F0A3FBFFF7A3
:108CB00091FFFFF79DFF0020E5E700F0FFFA002895
:108CC000F5D01C4800F0E0FA184B03221A706FF040
:108CD0000100D8E700F0F2FA0028E8D01549A1F128
:108CE000200000F0F7FA114B04221A706FF0010017
:108CF000C9E700F025FB0028D9D00E4AA2F12001D7
:108D0000A2F1400000F028FB084B05221A706FF01A
:108D10000100B8E70021084800F06CFB074B002277
:108D20001A70C4E76FF00100ADE700BF0121002019
:108D3000C0200020E0200020A020002000210020F2
:108D400008B5FFF79BFF00B908BDFEF73BFCFBE74A
:108D500008B5074B1B7823B9064B18680CF0F0F9DF
:108D600008BD034B00221A7003201FF002FCF3E73A
:108D7000112900203CA6002000B1704708B5B3219E
:108D80000148FFF7F9F808BD946F030808B5074BD1
:108D90001B78012B00D008BD044B00221A7022F072
:108DA000E7FA034B1B689842F9D0F4E7082100204A
:108DB0000421002008B50BF003FF58B10C4BD3F889
:108DC000003113F0020F06D1094BD3F80031094BE3
:108DD00001221A7008BD084BD3F8C03013F0010F00
:108DE000F8D1054BD3F8083213F4803FF2D1EEE707
:108DF0000008024608210020000C024608B50BF0CE
:108E0000DFFE10B1044B1B7803B908BD22F0B0FAA5
:108E1000024B1860F9E700BF082100200421002060
:108E200008B520B103F02EFD08F0A6FC08BD08F03F
:108E3000ADFCFBE7F0B583B006460D460C4609E0F5
:108E40000023019301A9012000F08EFB2B1B019A46
:108E5000F250043C032CF3D80CB903B0F0BD00234E
:108E6000019301AF3946012000F07EFB2D1B224605
:108E7000394670192BF0D6FDEFE70000084B1B6850
:108E8000002B0BDD064B1B68013B054A1360136882
:108E90001BB9044B1B6883F3108870470023F4E769
:108EA0001021002020210020064B1B681BB9EFF386
:108EB0001082054B1A6072B6024A136801331360C0
:108EC000704700BF102100202021002010B504466B
:108ED00010F0010F05D0124B1A68013A1A601B6896
:108EE000B3B114F0020F05D00E4B1A68013A1A60A4
:108EF0001B688BB114F0040F09D00B4B1A68013AB0
:108F00001A601B681BB9094B1B6883F3118810BDDD
:108F1000422004F029FEE4E73D2004F025FEE9E7C5
:108F20001C21002018210020142100200C210020E9
:108F300010B5044610F0010F06D0164B1A68013226
:108F40001A601B68012B14D014F0020F06D0124BCC
:108F50001A6801321A601B68012B0ED014F0040F3E
:108F600006D00E4B1A6801321A601B68012B08D01C
:108F700010BD422004F006FEE6E73D2004F002FEAC
:108F8000ECE7EFF31182064B1A60502383F312884B
:108F9000EEE700BF1C210020182100201421002032
:108FA0000C21002008B5422004F0DEFD08BD08B504
:108FB000422004F0E7FD08BD08B5074AD2F8C030EA
:108FC00043F00103C2F8C030044B002283F842236F
:108FD000012004F017F808BD000C024600E100E093
:108FE00008B5074AD2F8C03023F00103C2F8C030F8
:108FF000044B502283F84223002004F003F808BDFC
:10900000000C024600E100E008B500F041FC01213F
:1090100008201EF0BDFD0221084603F083FF00E09A
:1090200033B9044BDB6813F40043F9D00123F7E7AD
:1090300008BD00BF0008024608B500F01BFC002177
:1090400008201EF0A5FD0121022003F06BFF08BDE2
:1090500008B500F01FF808BD7047704708B5074B0A
:109060001B6803B108BD06480BF033FF034B1860C3
:10907000003818BF01200BF07FFDF3E730210020FE
:10908000C8C5030808B5024B18680CF059F808BDAC
:109090003821002008B5074B1B782BB904F00CF8D9
:1090A000044B01221A7008BD034B18680CF048F8F5
:1090B000F9E700BF2C21002034210020FEE7704793
:1090C000704770476FF001007047000008B5024B11
:1090D0001B680020984708BD3C2100200368154A02
:1090E000934216D08032934215D08032934214D0EE
:1090F0008032934213D08032934212D08032934216
:1091000011D08032934210D0803293420FD066202B
:1091100070471D2070471E2070471F207047202079
:109120007047212070472220704723207047242059
:10913000704700BF5000024008B5054B1860054B52
:10914000054AC3F8982005481EF0EAFB002008BD38
:109150003C210020FC1A0020CD9000085470030828
:1091600008B5064809F06EFE08B9002008BD034B9B
:109170000022C3F898206FF00300F7E7FC1A0020E4
:1091800038B504460D460B4BD86FFFF7A7FFA0F18B
:109190001D03DBB2072B06D82A462146054809F0F5
:1091A00095FE18B938BD6FF00100FBE76FF00100C4
:1091B000F8E700BFFC1A002000F58070014B43F86F
:1091C0002010704700200C42064B03EB800004E0A7
:1091D00052F8043B40F8043B01390029F8DC002335
:1091E0000360704700240C42074B1A6822F47C523B
:1091F00042EA00221A609A6842F400329A601A68C1
:1092000042F002021A60704700200C42034B58687B
:1092100010F4003000D00120704700BF00200C4245
:1092200000F58070014B53F82000704700200C427D
:10923000054B03EB800004E050F8043B42F8043B8C
:1092400001390029F8DC704700240C420B4B1B78D5
:109250009BB10B4A136823F001031360EFF31081F5
:1092600072B6084AD2F88C3023F40013C2F88C305E
:1092700081F31088014B00221A70704740210020B2
:1092800000200C42000C024610B504464FF48071D9
:109290000220FFF791FF224608214FF4CA70FFF722
:1092A00093FF054A082140F21A20FFF78DFF0C209A
:1092B000FFF79AFF10BD00BFB4C6030808B540F21F
:1092C0009E20FFF7ADFF49F26A13984214BF0020B9
:1092D000012008BD38B505460C464FF480710220C8
:1092E000FFF76AFF01210420FFF766FF104A0821FB
:1092F0000620FFF769FF0F4A08214820FFF764FFA7
:109300000D4A08211C20FFF75FFF2A4608215E2036
:10931000FFF75AFF224608217420FFF755FF074A3E
:1093200008213220FFF750FF2820FFF75DFF38BDEE
:1093300034C6030814C60308B4C6030894C6030859
:1093400008B5A020FFF76CFF4DF20D63984214BFE3
:109350000020012008BD000070B506460D461446E9
:109360004FF480710020FFF727FF4FF48071022037
:10937000FFF722FF01210420FFF71EFF174A0821F3
:109380000620FFF721FF164A08214820FFF71CFF9F
:10939000144A082140F22230FFF716FF3246082116
:1093A0004FF46A70FFF710FFA5B12A4608215E202E
:1093B000FFF70AFF84B1224608211C20FFF704FFB3
:1093C000094A082140F2E220FFF7FEFE2020FFF7C5
:1093D0000BFF70BD054DE8E7054CECE734C603080C
:1093E00014C60308B4C60308F4C5030874C603080A
:1093F00054C6030810B50C4620B1024608215E2071
:10940000FFF716FF24B1224608217420FFF710FF52
:1094100010BD82B0B223019302E0019B013B019396
:10942000019B002BF9D102B07047704708B5EFF3EC
:10943000108172B6114B93F88220C04340B20240B3
:1094400083F8822081F3108893F8823093B1EFF390
:10945000108372B6094A92F8822032B90849D1F8CD
:109460008C2022F48022C1F88C2083F31088FFF72F
:10947000DCFF08BDFFF7CDFFE9E700BF4421002076
:10948000000C024608B5042002F0B2F9054A136840
:1094900023F0040313600120FFF7C8FF042002F04B
:1094A000A8F908BD00080C4270B50446204B5B6863
:1094B00013F0020F15D01E4B6FF020025A6040F2DD
:1094C00001151B4B5B6813F0400F0ED0184B6FF06B
:1094D00040025A600C23002B05DD154A9268013BBF
:1094E000F9E70025EDE74FF48175EFF3108672B6CA
:1094F000052002F07DF994F880301F2B0CD80C4A1F
:10950000526812F0010FF6D0094A926844F82320FD
:10951000013384F88030EEE7052002F06AF986F323
:109520001088FFF7AFFF002384F88130284670BD14
:1095300000080C4210B50B4B002283F8802083F802
:109540008120C3F8842083F88220064C2046FFF750
:10955000ABFFC4F8840094F881300BB10028F4D03C
:1095600010BD00BF4421002010B50BE0013BDBB271
:10957000114C84F8803054F8233080F3108841F87F
:10958000043B1046421ED2B290B1EFF3108072B687
:10959000094B93F88030002BE8D1074B40F20314BD
:1095A000C3F88440C2F1200453F82430DB43E4E7DD
:1095B000FEF710F810BD00BF4421002000B583B0B5
:1095C000032002F015F92B4BD3F8E42022F440528B
:1095D00042F40052C3F8E420D3F88C2042F48022F5
:1095E000C3F88C20D3F88C3003F480230193019BC3
:1095F000214A136823F00403136000E033B11E4BCB
:109600001B6813F00403F9D00123F7E71A4B1B4A38
:109610001A601A6842F0804242F020021A601A680A
:1096200022F080421A601A6822F080421A6000E03C
:1096300033B1114B1B6813F08043F9D00123F7E7D6
:109640000D4B4AF6C7221A611A6842F004021A60EA
:1096500000E033B9084B5B6813F00103F9D0012334
:10966000F7E7074B012283F88120032002F0C1F8BD
:1096700003B000BD000C024600080C42202DF04053
:109680004421002010B5134B93F88020124B1B7817
:109690009A4202D30024204610BDFFF78FFFEFF35C
:1096A000108272B60B4BD3F884400021C3F88410AB
:1096B00082F3108854B91846FFF7F6FE044628B91D
:1096C000044B93F88130002BE5D00124FDF782FF95
:1096D000E1E700BF442100206C0800201F2801D8CA
:1096E000014B1870704700BF6C080020034B1868CE
:1096F00010F4003000D00120704700BF000C02467B
:10970000034A136823F0070303431360704700BF45
:1097100000080246034B986B10F0020000D00120B5
:10972000704700BF00080246034BD86B10F400409E
:1097300000D00120704700BF00080246024A1369AA
:1097400023F004031361704700ED00E0024A13693F
:1097500043F004031361704700ED00E0024A136810
:1097600043F001031360704700040340024A13688A
:1097700023F001031360704700040340034B186893
:1097800010F0010000D00120704700BF000403402A
:10979000704700BF704700BF08B5062002F028F8E8
:1097A000FFF708FBFFF7E2FF002002F0D3FFFEF710
:1097B0001CFFFFF7CBFFFFF7B7FF0028FBD001200E
:1097C000FFF79EFF062002F014F8082002F010F8C0
:1097D00030BFBDE80840082002F00BB8072008B5EC
:1097E00002F006F8FFF70AFBFFF7B8FFFFF7C6FF26
:1097F0000028FBD0FFF78EFF012809D0012002F0DE
:10980000A9FFFEF7F3FEBDE80840072001F0F1BF15
:1098100003F020F850B903F02FF803F053F8FEF7E7
:10982000E5FEBDE80840072001F0E3BFFFF75EFF5B
:109830000028F0D0F1E700BF08B5064B1B6803B164
:1098400008BDFFF7B7FAFEF7D0FEFFF777FF30BF8E
:1098500008BD00BFD021002008B5054B1B6803B12F
:1098600008BDFEF7C3FEBDE80840FFF7C7BA00BF5A
:10987000D0210020EFF3108172B6044A13680BB1B7
:10988000013B136081F31088704700BFD021002096
:10989000EFF3108172B6034A13680133136081F34A
:1098A00010887047D02100200020704780687047E2
:1098B000EFF3108372B6044A1068BFF34F8FBFF303
:1098C0006F8F83F310887047D821002005207047E0
:1098D000014608B54FF47A720023C003490CFDF726
:1098E00099FA08BD4FF47A73A0FB0303C00B40EA5A
:1098F00043407047844608B5C9030023034A41EA40
:109900005C41C003FDF786FA08BD00BF40420F006E
:1099100042014B01121A43EAD06363EB01034FEAA1
:10992000422C5B021CEB000C43EAD25341EB0303D5
:1099300000B54FEA8C124FEA831EB2EB0C024EEADE
:109940009C6E6EEB030E101841EB0E01C00B40EA4B
:109950004140C90B00BD00BF02460221014808F08A
:1099600055BB00BF481F0020024610B5EFF310841E
:1099700072B60021024808F049FB84F3108810BD3C
:10998000481F0020024610B5EFF3108472B6012183
:10999000024808F03BFB84F3108810BD481F0020EC
:1099A00010B5EFF3108472B64FF48071064807F0DB
:1099B000F7FEBFF34F8FBFF36F8F0122034BDA65C2
:1099C00084F31088002010BD481F00200078004656
:1099D0000A4B186800B9704710B50948FFF766FFD1
:1099E000044603E00648FFF761FF04460448FFF71A
:1099F0005DFFA042F6D1E04310BD00BFDC21002096
:109A00000078004610B5EFF3108472B6FFF7E0FF60
:109A1000044A1060BFF34F8FBFF36F8F84F3108839
:109A200010BD00BFD821002008B50A4B1B680BB140
:109A3000002008BDFEF756F9FFF7B2FF064808F010
:109A400081FA0020FFF788FFFFF7DCFF014B0122BE
:109A50001A60EDE7DC210020481F002008B5084B04
:109A60001B680BB9002008BDFFF79AFF054808F0F6
:109A700083FAFFF7C7FF024B00221A60F2E700BF2C
:109A8000DC210020481F002038B5EFF3108572B6A6
:109A9000054B1C68FFF79CFFBFF34F8FBFF36F8F21
:109AA00085F31088001B38BDD821002010B5EFF3D6
:109AB000108472B6054B186810B984F3108810BD75
:109AC000FFF786FF84F3108810BD00BFDC21002063
:109AD000034B186800B970470221024808F0AABA7F
:109AE000DC210020481F002070B50546EFF31086EA
:109AF00072B6FFF76DFF0446FFF7EAFF014686F3F3
:109B00001088C4F30E00FFF7EDFEE20B288042EA56
:109B1000414070BD034B186800B9704700210248EE
:109B200008F088BADC210020481F0020034B186889
:109B300000B970470121024808F07CBADC210020FE
:109B4000481F002070B504468CB0EFF3108572B644
:109B50003022002168462AF034FEEFF3108672B6F8
:109B60004FF48071154807F01BFEBFF34F8FBFF312
:109B70006F8F0122124BDA6586F31088114B4FF478
:109B80008076186800232044C0434FF07C54019035
:109B900069460A480B9607930593069407F0D6FF8B
:109BA00020B985F3108800200CB070BD03F03CFE96
:109BB00085F3108800200CB070BD00BF481F002046
:109BC00000780046D82100201EF038BA10B5EFF317
:109BD000108472B6FFF77CFF0130FFF7BDFE84F3FF
:109BE000108810BDF8B50646EFF3108772B6FFF780
:109BF000EFFE0446FFF76CFF054687F3108800214F
:109C00000C19C4F30E00FFF783FEE40B306044EA46
:109C10004540F8BDEFF3108372B651B1012905D16B
:109C2000012282400749086802430A6083F31088D2
:109C30007047012181400348026822EA0102026064
:109C4000F4E700BFE0210020014B1868704700BF17
:109C5000E021002010B50A460E4B1B6813F0020FDE
:109C600004D00C4B1B6813F0040F10D1094B1B6878
:109C700013F0010FFAD10146012005F0FBFA04466A
:109C800010B10124204610BD05F09AFDFAE7012429
:109C9000F8E700BFE021002010B584B0214BB3F8F5
:109CA000A0304FF6FF72934202D003B3DB0800E00E
:109CB0008023834231D31C4B1B6813F0020F04D066
:109CC000194B1B6813F0040F29D1174B1B6813F0B5
:109CD000010FFAD102230093124BB3F8A0304FF6D4
:109CE000FF72934205D09BB1DB08013B02E0802369
:109CF000DFE77F23034001930123029303A9684612
:109D000005F030FB044628B10124204604B010BD04
:109D10007F23EFE705F054FDF7E70124F5E7012481
:109D2000F3E700BF0007F90BE021002008B501218F
:109D3000044B1970044A032001F002FAFDF768FC95
:109D400008BD00BF142200205C70030838B504462B
:109D5000EFF3108572B61F4B1B7843B11E4B1B7877
:109D600003BB1E4B1B784BB185F310881CE01C48CD
:109D700003F058F9174B01221A70EFE70123164A36
:109D80001370164A137085F31088B4B1A368A3B199
:109D9000EFF3108372B6A168124A116083F3108842
:109DA000002009E085F3108884B1A36883B12146BF
:109DB0000B4803F046F9012038BDEFF3108372B66B
:109DC0000020084A106083F31088F5E70120F3E7CC
:109DD0000120F1E708220020162200201522002091
:109DE0000C22002004220020F8B5B1F1006F2AD324
:109DF00006460C461546214AB2F8A0104FF6FF72EF
:109E0000914204D0E1B1890201F1006101E04FF01B
:109E100001618C4217D862198A4214D816F0030FD8
:109E200019D114F00F0F16D11846FFF78FFF074610
:109E3000C0B13B46124A0121032001F081F908E03C
:109E40004FF00161E5E70F4A0121084601F078F97A
:109E500002273846F8BD0C4A0121084601F070F986
:109E60000227F6E7094B1E605C609D600023084AEC
:109E70001370084A1370FDF7CBFBDAE70007F90B04
:109E8000F070030878700308B0700308EC2100201C
:109E900000220020E821002070B504460D4610463F
:109EA0001C4BB3F8A0304FF6FF72934202D0A3B11F
:109EB000DB0800E08023A34211D362199A420ED836
:109EC000A5B1FFF743FF0646B8B13346124A012158
:109ED000032001F035F9304670BD8023EBE70F4ACF
:109EE0000121084601F02CF90226F4E70B4A012172
:109EF000084601F025F90226EDE7094BDC601D61FB
:109F0000084B01221A70084B00221A70FDF780FBE3
:109F1000DBE700BF0007F90B387103081471030871
:109F2000EC21002000220020E821002030B583B081
:109F300000230193874B1C789CB1012C7FD0864A6B
:109F40000121032001F0FCF8FFF77EFE10F0040F62
:109F500000F0FA808149824B186800F047F903B09D
:109F600030BD804A0121032001F0EAF87E4B1D78C4
:109F7000002D2CD17D4A0121032001F0E1F8784B1E
:109F800040F24C421A60734B01221A7005F01AF924
:109F9000774B9B68002B13DD95B9754B1968586892
:109FA000FFF758FE05460028F2D1714B5A6810326F
:109FB0005A601A6810321A609A68043A9A60E7E7A1
:109FC00005F018F96A4B9B68002BB8DC26E0694A5B
:109FD0000121032001F0B4F8614B41F204021A6040
:109FE0005C4B01221A7005F0EDF8614B1B697BB1E7
:109FF00074B95F4BD868FFF74FFE04460028F4D1D0
:10A000005B4B1A69013A1A61DA680132DA60ECE7EF
:10A0100005F0F0F8564B1B69002B90D1EFF310823E
:10A0200072B6002354490B7054490B7082F31088A8
:10A03000534B1B68002B77D00020984774E0514A9F
:10A040000121032001F07CF84F4B1C78ACB94F4A3A
:10A050000121032001F074F8FFF7F6FD10F0040F62
:10A0600005D03E493E4B186800F0C0F867E7394B11
:10A0700000221A70FFF75AFE61E7454A01210320CA
:10A0800001F05EF8384B1B7863BB424A0121032084
:10A0900001F056F805F096F809E0354B5A68103291
:10A0A0005A601A6810321A609A68043A9A60304B03
:10A0B0009B68002B06DD2E4B19685868FFF7CAFD18
:10A0C0000028EAD02A4B9B68002B00DD002405F015
:10A0D00091F800F0E3F82C4B00221A70002C3FF4AA
:10A0E0002EAF9BE72C4A0121032001F029F805F04F
:10A0F00069F81F4BD868FFF7CFFD30B91C4B1A69C0
:10A10000013A1A61DA680132DA60194B1B6903B14E
:10A11000002405F06FF8DCE701A9204802F0A9FF50
:10A12000019B9B68012098471C4802F07EFF002895
:10A130007FF415AF104B1B78002B7FF410AF0F4B43
:10A140001B78002BE8D00AE7024B00221A70FFF7B9
:10A15000EDFD04E7E8210020B07303082D9D000801
:10A16000E42100205C7103080022002094710308A0
:10A17000EC210020E07103081622002015220020A7
:10A18000042200202C7203081422002064720308A9
:10A19000C872030818730308647303080C220020B4
:10A1A00008B501210846FFF735FDEFF3108372B6BD
:10A1B000024A0021117083F3108808BD3422002068
:10A1C00008B500210120FFF725FD03481DF080FEA2
:10A1D000024B1B68984708BD1C2200203822002033
:10A1E00008B5FFF7EDFF002008BD0000002944D0AE
:10A1F00010B592B00C46EFF3108272B6204B1B786C
:10A2000023B182F31088012012B010BD1C4B012134
:10A21000197082F310881B4B1C6000220023CDE9CB
:10A220000223CDE90423CDE90623089009920A927E
:10A230008DF82C2005238DF82D300C92124B0D93A8
:10A240000E920F92114BA3FB00310092104B890923
:10A2500010481DF003FE02A81FF090FE0E4B186080
:10A2600008B10020D0E7EFF3108372B6044A002152
:10A27000117083F310880120C6E70120704700BFEA
:10A280003422002038220020E1A10008D34D6210C2
:10A29000A1A100081C2200201822002010B50C48A3
:10A2A0001DF06AFE0B4B18681FF0C0FE70B9002449
:10A2B00001210846FFF7AEFCEFF3108372B6064AA1
:10A2C0000021117083F31088204610BD0224EFE7AF
:10A2D0001C220020182200203422002002884FF681
:10A2E000FF739A4216D0B0F8053002891344B0F8D3
:10A2F0000B201344C2891344214A02EB8112527885
:10A30000B3EBC22F37D803798A00B3EB810F20D08B
:10A310000020704742889A42E5D1436823F07F438A
:10A320006FF07F429342DED1C379FF2BDBD183688C
:10A3300013409342D7D1B0F80B204FF6FF739A42E7
:10A34000D1D1C36823F0FF0313F5807FCBD1002068
:10A350007047C179531C994201D000207047817A1F
:10A36000931C994201D000207047437B03329342F3
:10A3700003D000207047002070470120704700BFC5
:10A380002C080020844600230120934211D278B18A
:10A3900030B403E00133934208D238B15CF8234073
:10A3A00051F82350AC42F5D00020F3E730BC7047A1
:10A3B00070477047F8B505460E4600240DE0EFF3F0
:10A3C000108172B61E4B03EB85139A7822EA0702BE
:10A3D0009A7081F310880134E4B2194A02EB8512B5
:10A3E000927862B3032C2AD8231D4FF0010C0CFA8B
:10A3F00003FC5FFA8CF71CEA020FECD0E24012F08B
:10A40000010FE8D104EB051304330D4A52F8233051
:10A41000002BD4D0304698472B460A4A012103200E
:10A4200000F08EFEEFF3108272B604EB05130433D6
:10A430000349002041F8230082F31088BFE7F8BDEC
:10A440002C08002008740308F0B583B005460026E8
:10A45000019600F11007424A0121032000F070FE2E
:10A46000344603E0B5F8052082B90134032C67D8DF
:10A47000032CFBD801A353F824F000BF65A4000807
:10A48000B3A40008E1A4000813A5000801AB3946F5
:10A49000344801F0B3FD38B9B5F80560B6000F36A1
:10A4A00026F00F060134E1E70228DFD003F0BCF903
:10A4B000DCE72A890AB90134D8E701ABB919294880
:10A4C00001F0DAFD38B92B899B000F3323F00F031D
:10A4D0001E440134CAE70228C8D003F0A5F9C5E735
:10A4E000B5F80B200AB90134C0E701ABB9191D4812
:10A4F00001F0C2FD40B9B5F80B309B000F3323F0DB
:10A500000F031E440134B1E70228AFD003F08CF9E9
:10A51000ACE7EA890AB90134A8E701ABB9191148D7
:10A5200001F0AAFD38B9EB899B000F3323F00F032C
:10A530001E4401349AE7022898D003F075F995E794
:10A540006A88019B9A4208D00024074A012103200F
:10A5500000F0F6FD204603B0F0BD0124F5E700BF92
:10A5600038740308040800205474030809B9002053
:10A570007047F8B506460F464C1E04F023FE002532
:10A58000BC4208D23DB9A019FFF786FB054600285A
:10A59000F6D10134F4E704F02DFEBC4202D31DB124
:10A5A000002000E00020F8BD0120FCE730B583B0BA
:10A5B000054600240194354B1C605C609C60DC60A7
:10A5C00018E0022816D003F02FF913E004EBC503BE
:10A5D00004332F4A02EBC30201AB52682D4801F04D
:10A5E0004BFD08B9013405E0022803D003F01CF943
:10A5F00000E00134032C18D804EBC5030433244ACB
:10A6000052F833100029F4D0019B002BDED104EB6B
:10A61000C503043302EBC30201AB52681D4801F0CD
:10A62000EDFC0028CDD10134E4E7EFF3108172B6E0
:10A63000174B03EB8513DB6823B11B685B78013391
:10A64000124A5370BDF8043010484380AB00DBB2AF
:10A6500003710F4A02EB8512546AA0F805405C1C96
:10A66000C471D46A04819C1C8472546BA0F80B40A2
:10A6700003334373D36BC38181F310889168064B16
:10A6800004220968FFF7B0FB03B030BD8022002030
:10A690002C080020040800207022002038B5044651
:10A6A0009A4B9B78032B00F26B83DFE813F00400D6
:10A6B000A70073023103964A0121032000F040FDF8
:10A6C000002C71D1914B1A78924B03EB82139B684B
:10A6D000042219689048FFF755FE68BBEFF310821B
:10A6E00072B68A4B0321997082F310881A78894BCD
:10A6F00003EB82139A68106800F17840874A597812
:10A70000400BFFF7C9FB022840F03A837F4C012140
:10A710002078FFF74FFEEFF3108072B62378012206
:10A720009A407F490B6823EA02030B607D4B0022AD
:10A730001A7080F3108823E3EFF3108272B6734B24
:10A740000121997078490020087082F310881878E8
:10A750005B78704C04EB8012916803EBC00004300E
:10A7600004EBC00201EB83016C4B5268496854F85A
:10A770003000FFF739FB022840F00283634C0121CF
:10A780002078FFF717FEEFF3108072B623780122CE
:10A790009A4063490B6823EA02030B60614B002275
:10A7A0001A7080F31088EBE2604A0121032000F068
:10A7B000C7FC564B1A78574B03EB82139968574BDB
:10A7C000042209685448FFF70FFB022840F0D882A2
:10A7D0004E4C01212078FFF7EDFDEFF3108072B6AB
:10A7E000237801229A404E490B6823EA02030B604A
:10A7F0004C4B00221A7080F31088C1E24C4A0121B0
:10A80000032000F09DFC002C40F09181EFF31080BC
:10A8100072B613E03D4B00225A70434A137801335D
:10A82000DBB21370394A1178527802EBC10204325C
:10A83000384951F832204AB9032B07D8334B5B789B
:10A84000022BE7D80133314A5370E6E780F31088D2
:10A85000354B1B78032B2DD82C4B18785B782D4C5F
:10A8600004EB8012916803EBC000043004EBC002DB
:10A8700001EB8301294B5268496854F83000FFF717
:10A88000B3FA022840F07C82204C01212078FFF7A7
:10A8900091FDEFF3108072B6237801229A4020498F
:10A8A0000B6823EA02030B601E4B00221A7080F330
:10A8B000108865E2154B1A78164B03EB82139B68E0
:10A8C0001868FFF7C1FD002836D0EFF3108E72B67E
:10A8D0000E4B93F800C00F494FEA8C1501EB8C1317
:10A8E000D868144A10609A68DA6058684B5D03EBC8
:10A8F00083039B00143B03449A424BD0054B03EB6C
:10A900008C1314329A6023464AE000BF6C22002068
:10A910007C7403082C080020802200207022002074
:10A92000902200209422002040220020C8740308B6
:10A930002C7503083C220020EFF3108272B6AC4B5A
:10A940000321997082F310881A78AA4B03EB8213C3
:10A950009A68106800F17840A74A5978400BFFF7D1
:10A960009BFA022840F00C82A14C01212078FFF7CD
:10A9700021FDEFF3108072B6237801229A409F499F
:10A980000B6823EA02030B609D4B00221A7080F3D0
:10A990001088F5E101EB8C139860B4E70133DBB26A
:10A9A000032B14D8934A02EB8C12D56805EB830273
:10A9B0005268002AF2D08F4901EB8C11896808682F
:10A9C0002D68521B104401EB83014860E6E78EF3CB
:10A9D00010888C4B1B6873B3EFF3108272B6844BF4
:10A9E0000221997082F31088864A1268106800F17B
:10A9F00078401A787F4B03EB82137F4A5978400BDB
:10AA0000FFF74AFA022840F0BB81794C01212078F7
:10AA1000FFF7D0FCEFF3108072B6237801229A4042
:10AA200076490B6823EA02030B60754B00221A700B
:10AA300080F31088A4E16E4D00212878FFF7BAFC5E
:10AA40002A786C4B03EB82139B7863B9EFF3108089
:10AA500072B62B7801229A4068490B6823EA0203F8
:10AA60000B6080F31088654B1968002947D1EFF31C
:10AA7000108372B6624A0021117083F310887FE15F
:10AA80005B4B5C7081F310885F4A0121032000F06A
:10AA900057FB574B1878FFF789FD022831D0EFF3A9
:10AAA000108172B6524B1B78524A02EB8312937894
:10AAB00043EA0313DBB2937023F00F03937081F327
:10AAC00010885DE10133DBB21F2BDDD8184601226F
:10AAD0009A401142F6D0EFF3108172B6444A1370D7
:10AAE00000239370032CCDD8424B03EB80139B784B
:10AAF000E34013F0010FC3D10134E4B2F2E723467F
:10AB0000E2E73B4C01212078FFF754FCEFF3108083
:10AB100072B6237801229A4038490B6823EA02036F
:10AB20000B60374B00221A7080F3108828E1374AF7
:10AB30000121032000F004FB2D4B18785B782D4C8D
:10AB400004EB8012916803EBC000043004EBC002F8
:10AB500001EB8301284B5268496854F83000FFF735
:10AB600043F9022840F00C81214C01212078FFF7A5
:10AB700021FCEFF3108072B6237801229A401F491E
:10AB80000B6823EA02030B601D4B00221A7080F34E
:10AB90001088F5E01E4A0121032000F0D1FA002CB4
:10ABA00040F08F80124D00212878FFF703FC2A78AF
:10ABB000104B03EB82139B7863B9EFF3108072B6EE
:10ABC0002B7801229A400D490B6823EA02030B609F
:10ABD00080F31088094B1968002951D1EFF31083D5
:10ABE00072B6074A0021117083F31088C8E000BFD5
:10ABF0006C2200202C0800207022002090220020CF
:10AC0000942200203C22002078750308E875030890
:10AC10004C760308EFF3108172B67A4A1370002362
:10AC2000937001E00134E4B2032C09D8764B03EBB6
:10AC300080139B78E34013F0010FF3D0714B5C70ED
:10AC400081F31088714A0121032000F079FA6D4BDD
:10AC50001878FFF7ABFC02281DD0EFF3108172B615
:10AC6000684B1B78684A02EB8312937843EA03131C
:10AC7000DBB2937023F00F03937081F310887FE0B1
:10AC800023461F2BDED8184601229A401142C1D11B
:10AC90000133DBB2F5E75B4C01212078FFF78AFB3B
:10ACA000EFF3108072B6237801229A4058490B685E
:10ACB00023EA02030B60574B00221A7080F31088BE
:10ACC0005EE0554B1B681868A0F500504D4B1A7894
:10ACD0004D4B03EB8213514A5978400BFFF7DCF8D8
:10ACE00002284DD1474C01212078FFF763FBEFF399
:10ACF000108072B6237801229A4045490B6823EAF6
:10AD000002030B60434B00221A7080F3108837E077
:10AD1000434A0121032000F013FA002C47D1EFF33E
:10AD2000108172B6374B00229A7001E00134E4B210
:10AD3000032C0BD8334B1A78334B03EB82139B78DD
:10AD4000E34013F0010FF1D02E4B5C7081F31088BB
:10AD50002C4B1878FFF72AFC022812D0EFF3108151
:10AD600072B6284B1B78284A02EB8312937843EA89
:10AD70000313DBB2937023F00F03937081F31088F9
:10AD800038BD204C01212078FFF714FBEFF3108031
:10AD900072B6237801229A401D490B6823EA020308
:10ADA0000B601C4B00221A7080F31088E8E71D4AE4
:10ADB0000121032000F0C4F9124B1A78124B03EB67
:10ADC00082139A681068A0F50050144A5978400B15
:10ADD000FFF762F80228D3D10A4C01212078FFF74F
:10ADE000E9FAEFF3108072B6237801229A400849FD
:10ADF0000B6823EA02030B60064B00221A7080F3F3
:10AE00001088BDE76C2200202C08002094760308EF
:10AE100090220020942200203C220020702200205A
:10AE2000007703084C770308A74B1B78012B00F031
:10AE300041812DE9F04F87B00446002800F03C81A5
:10AE400010F00F0540F03A81A04BB3F8A0304FF658
:10AE5000FF72934205D023B19A02B2F5804FC0F041
:10AE6000318104F580424FF6FF718B4204D04BB123
:10AE70009B0203F1006301E04FF001639A4204D9A1
:10AE800008201CE14FF00163F8E7914801F098F8C1
:10AE900018B1032801D00C2011E1EFF3108672B62F
:10AEA0008C4B8D4A9A6004F17848282200218B4807
:10AEB00029F087FC2F46002399469A460120024636
:10AEC000A6461C46002C40F0EA80012A40F0E780AC
:10AED000A3468348A30100EB8411C35C9A441FFA84
:10AEE0008AFA497803FB0155012B40F2D080BAF170
:10AEF000020F00F2D080002900F0CF80022D01D98E
:10AF00000E22C5E009EB8903744901EB830100EBD4
:10AF1000841359600295CDF80CA02546049605923D
:10AF2000F24636E007EB08006D4B03EB8B135978C4
:10AF3000400BFFF71BFB0028F4D06A4A01210846AA
:10AF400000F0FEF8664B03EB8B13DA68002A00F082
:10AF50008D8063484FEA8B1300EB8B114968C35C0B
:10AF600003EB83039B00143B0B449A4200F0848064
:10AF700014325B4B03EB8B139A60594B03EB8B132F
:10AF80005B7807EB433709F101091FFA89F90135AD
:10AF9000EDB24FEA8B13524AD35CAB4270D90AEB45
:10AFA0000706CDF8049009EB89034C4A42F8236068
:10AFB00021463046FFF792F90028B3D03046FFF71C
:10AFC00043FAB8B1464B03EB8B13DE681EB309EBB3
:10AFD0008903424A02EB8303316809EB890052F886
:10AFE000202049785278914220D2521AFF2A1ED14D
:10AFF00033461CE007EB0800394B03EB8B13597801
:10B00000400BFFF7B3FA0028F4D0374A0121084675
:10B0100000F096F896E7019B03EB83032F4A02EBBF
:10B0200083022F4B03EB8B13DA608BE733462C4AFA
:10B0300002EB8B12D3609E420CD0306800F1784056
:10B04000274B03EB8B135978400BFFF78FFA00283F
:10B05000F3D077E707EB0800214B03EB8B1359780C
:10B06000400BFFF783FA0028F4D06BE71C4B03EB8F
:10B070008B135A689A6080E700EB8B1399607CE72A
:10B08000029D049E059AD646DDF80CA000E00D2234
:10B090000134E4B216E70D22FAE70E22F8E7104673
:10B0A000012A02D086F3108809E0074B01221A70AA
:10B0B0000020F7E703207047062000E0072007B0D4
:10B0C000BDE8F08F0820FAE7952200200007F90B71
:10B0D00004080020702200209DA6000844220020C1
:10B0E0002C080020B0770308E4770308B0F1FF3F95
:10B0F00002D0012303FA00F07047000070B5B6B02B
:10B100000D4C2468844208D316461D460846FFF7B6
:10B11000EDFF0A4B1B68184201D136B070BD01AC7F
:10B120002B463246D221204629F014FB81B220461C
:10B130001CF0D2FBF1E700BFBC220020C02200209F
:10B140000CB400B583B004AB53F8042B0193FFF7A4
:10B15000D5FF03B05DF804EB02B07047014B1860F7
:10B16000704700BFBC220020014B1860704700BF31
:10B17000C022002000B583B002AB03E903001CF03D
:10B1800031FB084B084A92E8030083E8030000986B
:10B19000FFF7E4FF0198FFF7E7FF044B00221A6076
:10B1A00003B000BD9C22002034C703089822002071
:10B1B00000B583B00023019307E001A9064801F020
:10B1C00058FF0199054801F03CFF034801F02DFFAD
:10B1D0000028F2D003B000BDCC220020C422002001
:10B1E00000B583B000230193054801F01EFF10B1A4
:10B1F000019803B000BD01A9014801F03AFFF7E74B
:10B20000C4220020F8B5594B1B78012B00F09C801C
:10B210000446002800F09A800568002D00F0988010
:10B2200015F0030540F096804768002F00F09480E9
:10B2300086681EB1C368002B00F0908006EB460CB8
:10B240002B46012001E0042001339E4211D9012840
:10B250000FD1E26802EBC30149688C4412F8332035
:10B26000002AF0D019B16745EED20420ECE70420A3
:10B27000EAE7012869D100233D4A13603D4A136083
:10B280003D4A13603D4A13603D4A13603D4A1360D6
:10B290003D4E33607360B3603C4A136053603C4A78
:10B2A000136053603046FCF79DF93368002B57D08C
:10B2B0007268002A56D0B268002A55D020682C4AFD
:10B2C000106061682B4A116098477368A06800EBB2
:10B2D000400098472B4B186078B12C4801F0A2FE33
:10B2E0002B4801F09FFEA668254B1E6006EB460327
:10B2F000214A11680B4413601FE0A368002BECD0B7
:10B30000062022E0E06805EB45011E4B1A6802EBBF
:10B31000810310F8350002F82100E26802EBC50253
:10B320005268C3F80120002159719971D9711972BD
:10B33000124B19680A441A600135AE42E2D80B4B31
:10B3400001221A70002000E00C20F8BD0220FCE76A
:10B350000320FAE70320F8E70320F6E70420F4E7E8
:10B360000520F2E70520F0E70520EEE7F8220020AF
:10B37000F4220020F0220020EC220020E82200200D
:10B38000E4220020E0220020D4220020CC22002051
:10B39000C42200202DE9F84F9846002313605B4B30
:10B3A0001B78002B00F0AC8005460E46174600299E
:10B3B00000F0A980002838D1EFF3108472B6544B06
:10B3C0001B68544A12689B1A534A12689B1A8B4294
:10B3D0001ED9524B5B68481C9847034678B126F04B
:10B3E0007F4242EA056243F8042B3B60494A1368F6
:10B3F000334401331360284684F3108881E0B8F1A8
:10B40000000F0ED04146464801F01BFE0B20F3E72B
:10B41000B8F1000F07D04146414801F012FE0A2062
:10B42000EAE70B20E8E70A20E6E7EFF3108B72B6B5
:10B430000024A246092011E0B8F1000F59D041467E
:10B44000374801F0FEFD0B2007E0B8F1000F52D0A5
:10B450004146334801F0F5FD0A200134314B1B68A9
:10B46000A3424AD9092848D104EB44034FEA83098F
:10B470002D4A126802EB830112F82330AB42ECD163
:10B48000D1F80530D1F80120934201D2A2EB030A92
:10B490001F4B1B681F4A12689B1A1F4A12689B1A8F
:10B4A0005344B342D1D91D4B5B68701C9847034687
:10B4B0000028C1D026F07F4242EA056243F8042BFF
:10B4C0003B60194B1A684A44D2F8053033440133C3
:10B4D000C2F80530D2F80120934208D90D4A13680A
:10B4E0003344A3EB0A03013313600020B5E70020C7
:10B4F000B3E70B20B1E70A20AFE78BF3108800E039
:10B500000D20BDE8F88F0A20FBE700BFF8220020DD
:10B51000F0220020EC220020E8220020D42200208B
:10B52000CC220020E4220020E02200202DE9F0417E
:10B53000314B1B78002B53D0002855D010F003045A
:10B5400054D12E4B1A682E4B1B6802EB83038342A7
:10B550004ED382424ED8EFF3108872B650F8046C86
:10B56000370E26F07F460136264B9B6804389847F5
:10B57000002F33D1244A13689B1B13603D46FFF70D
:10B5800017FE88F31088FCF73BF82AE01E48026893
:10B59000921B02609B1BC1F80530002501341B4B38
:10B5A0001B68A342EBD9092DE9D104EB4403184AE7
:10B5B000126802EB830112F82330BB42EED1D1F8BE
:10B5C0000530D1F80120981A0028E3DDB042DDD221
:10B5D000D21A0D4D286802442A60DBE70925DEE710
:10B5E0000D252846BDE8F0810225FAE70725F8E792
:10B5F0000825F6E70825F4E7F8220020F4220020C9
:10B60000F0220020D4220020EC220020E42200209E
:10B61000E022002010B500E03CB1FFF7E1FD044658
:10B620000028F9D083689847F6E710BD164B1A46F4
:10B630001B688342FBD3516802EB010C844509D09F
:10B64000416800EB010C634509D00360904219D0BA
:10B65000106070474068014451601046F0E710B434
:10B660000A4C2468A3420BD05B68194441601368FC
:10B670001B680360904200D010605DF8044B704777
:10B680000460F7E7704700BF142300201023002058
:10B6900038B5294B1B68184242D1002843D000F12D
:10B6A000080210F0070F02D022F007020832002A29
:10B6B0003BD0224B1B68934239D321490C6801E0EF
:10B6C00021461C466368934202D22368002BF7D1BF
:10B6D0001C4B1B68A3422CD00D68083523680B60F7
:10B6E00063689B1A102B15D8626814490B689B1A63
:10B6F0000B60154909688B4201D213490B600E4B50
:10B700001B681343636000232360104A13680133EE
:10B71000136006E0A01843606260FFF787FFE3E76D
:10B720000025284638BD0025FBE70025F9E7002560
:10B73000F7E70025F5E700BFFC2200200C230020DE
:10B7400014230020102300200823002004230020BD
:10B75000D8B10346083853F8042C0C4909680A424A
:10B7600013D010B553F8084C04B110BD22EA010201
:10B7700043F8042C06490B6813440B60FFF756FF8F
:10B78000044A136801331360EFE77047FC2200207E
:10B790000C23002000230020024610F0070F04D0E5
:10B7A000C21D22F00702801A01440C4B1A600020CF
:10B7B00058605318083B23F0070309490B60586091
:10B7C0001860991A51601360064B1960064B196096
:10B7D000064B4FF000421A60704700BF1423002050
:10B7E00010230020082300200C230020FC2200202E
:10B7F00070477047704770477047000008B50120D8
:10B80000FFF7F6FFEFF3108172B61E4B1A689368CC
:10B8100013F0010F2FD0936823F0004323F0170398
:10B8200043F0020393600123136000E03BB193688F
:10B8300013F00103FAD00123F8E7012B05D1936837
:10B8400013F01003F9D00123F7E7936823F01043B6
:10B8500023F01703936001E0012B05D1936813F0E7
:10B860008053F9D00123F7E7074AD2F8943023F048
:10B870002003C2F8943081F310880120FFF7B9FF4C
:10B8800008BD00BF70080020000C024600B583B060
:10B8900000200190FFF7ACFFEFF3108C72B6314B34
:10B8A0001A68906810F0010054D12F4BD3F8E810BB
:10B8B00021F4E041C3F8E810D3F8941041F02001DE
:10B8C000C3F89410D3F8943003F020030093009B46
:10B8D000936823F0104323F0170343F080539360E1
:10B8E00000E02BB9936813F08053FAD00123F8E7F6
:10B8F000D16801F003010191D16821F00301D16009
:10B90000916821F0004121F0170141F00041916060
:10B9100001E0194621B191680029FADB0146F9E7F7
:10B920000199D06820F003000143D1600046004631
:10B930000C4A11688A6822F0004222F0170242F095
:10B9400001028A6000E02AB90A6812F00102FAD006
:10B950001A46F8E78CF310880020FFF74AFF03B07F
:10B9600000BD00BF70080020000C024630B58BB04F
:10B9700004460023099307930893019302930393CA
:10B980000493059306935C4B186808F0A5FA002809
:10B9900040F0AD80584B1A68D36803F00303099355
:10B9A000D36823F00303D360936823F0004323F0AC
:10B9B000170343F00043936001E0012323B1936830
:10B9C000002BFADB0023F9E7099BD16821F0030182
:10B9D0000B43D36000460046E3680793236908934E
:10B9E00063690193636B0293A36B0393E36904930D
:10B9F000236A0593636A0693636C404A934217D0A7
:10BA00003F4A93421ED03F4AD2F8083323F4400302
:10BA1000C2F80833384B1868A368026922F0005254
:10BA20001343036107A908F0EDFAA8B101205FE014
:10BA3000344AD2F8083323F4400343F48003C2F8B5
:10BA40000833E7E72F4AD2F8083323F4400343F4DE
:10BA50000003C2F80833DDE7274B1868236BC26880
:10BA600022F400121343C36001A908F007FB002869
:10BA700040D1214B1B6894F83C20596C21F0010106
:10BA80000A435A64226C596C21F002010A435A6439
:10BA9000A26A596921F007010A435A61E16A5A69A9
:10BAA00022F0700242EA01125A61616C9A6AA56C36
:10BAB00005F01F0C4FF00F0E0EFA0CFE22EA0E02DC
:10BAC000C1F3836101FA0CF10A439A62656CE26C7E
:10BAD000596921EA052102EA052222F07C4222F07E
:10BAE000FF020A435A612268074B1A6000E00120F6
:10BAF0000BB030BD0120FBE7700800200100008082
:10BB0000002000B4001002462023002008B5134B8B
:10BB10001B689A6812F0010F10D09A6812F0020F99
:10BB20000CD19A6812F0040F08D19A6822F00042F2
:10BB300022F0170242F004029A6003E001F074FE62
:10BB400000E03BB9054B1A68136813F00403F8D002
:10BB50000123F6E70423136008BD00BF700800202E
:10BB600010B582B004460023ADF80630FFF7CEFFD3
:10BB7000E3680C2B13D8DFE803F007121212171238
:10BB80001212231212122E004FF48053ADF8063019
:10BB9000164B1B681B6CC3F30B03ADF80630BDF8E6
:10BBA000060080B202B010BD4FF48063ADF80630DD
:10BBB0000E4B1B681B6CC3F30903ADF80630EEE7B0
:10BBC0004FF48073ADF80630084B1B681B6CDBB27A
:10BBD000ADF80630E3E74023ADF80630034B1B68B1
:10BBE0001B6C03F03F03ADF80630D8E77008002067
:10BBF00038B5EFF3108572B689B9036801229A400F
:10BC00000F48036823EA020303600C460C4B1B68D1
:10BC100093B9FFF7F3FD85F31088204638BD01295D
:10BC200001D00824F2E7036801229A4004490B6816
:10BC300013430B600024E9E7FFF728FEEBE700BFA2
:10BC40002423002010B5FBF743FD044608B120462D
:10BC500010BD0023054A1360054A06491160064AD3
:10BC60001360FFF7CBFDFBF741FDF0E72023002039
:10BC700070080020001002462423002038B598B137
:10BC800004460379012B11D0FBF722FD054608B1CC
:10BC9000284638BD064A1368013313602360012328
:10BCA0002371FBF723FDF3E70625F1E70325EFE713
:10BCB0001C23002070B582B004460E460023ADF868
:10BCC00006300220FFF794FD002C74D0002E74D0B3
:10BCD0002379002B73D023683D4A1268934272D8AF
:10BCE000002B72D0012202FA03F33A4A126813427F
:10BCF00001D1082564E0FBF7EBFC054600285FD185
:10BD00002268354B1B689A4204D195B10725FBF791
:10BD1000EDFC55E02046FFF729FE05462F4B1A683B
:10BD2000936823F0004323F0170343F0010393606B
:10BD3000EBE72046FFF714FFADF80600284B198A01
:10BD4000B3F84220914217D0BDF806309BB2E068AC
:10BD50004008834040F6E44000FB03F32148A0FB89
:10BD60000303C1EB9313642000FB03F3521A93FB0C
:10BD7000F2F31E333380CAE7BDF806309BB240F6BB
:10BD8000E44202FB03F3E168490840F6FF72CA404F
:10BD9000B3FBF2F34FF47A7202FB03F3A3F53923FA
:10BDA000A3F50C63104A82FB0312DB17C3EBA2233B
:10BDB0001E333380ABE7062502E0062500E00425AC
:10BDC000284602B070BD0525FAE70525F8E700BF53
:10BDD0001C230020242300202023002070080020A2
:10BDE0000007F90BF1197605AD8BDB6800B583B060
:10BDF0000023019308F0E4FE08B903B000BD08F089
:10BE000071FE0028F9D101A81EF002FB58B9019B70
:10BE1000B3F1FF3F0CD00B4A106883420DD9181ABA
:10BE200008F066FEE9E73F210748FCF7A5F8EEE7D2
:10BE30004FF0FF3008F05CFEDFE7012104201BF02B
:10BE400083FEDAE7740800201478030808B5034B72
:10BE50001860034B186809F073F908BD2C23002003
:10BE60002823002030B583B004460D4603680193B3
:10BE700002E001A901F009F90198A04203D0038969
:10BE8000AB42F6D100E0002003B030BD10B5014652
:10BE90000748FFF7E7FF48B104460C301CF06CF888
:10BEA000204601F0DAF82046FFF740FB10BD00BF46
:10BEB0003023002030B585B005460C46FFF7E6FF7D
:10BEC0000023039303AA09210120FFF763FA20BB93
:10BED00003990D81124801F0B4F803980090114BBA
:10BEE000002221460C301BF0B9FF30B903980C300A
:10BEF0001BF0EEFF48B905B030BD039801F0ADF876
:10BF00000398FFF713FB9120F5E7039801F0A5F8DC
:10BF10000398FFF70BFB9120EDE76420EBE700BFF0
:10BF2000302300204DBE000810B50446154B5B7F42
:10BF300023B1144801F088FF0246B8B9636911487B
:10BF4000C360637B4371237B037123698360A369AF
:10BF50000361E3694361236A8361636A036201F0F9
:10BF6000F3FE024620B92168074B1960104610BD48
:10BF7000064B0021196059609960D96019615961B7
:10BF8000D961F3E7780800203C2300207C080020DA
:10BF900010B5FBF755FB044608B1204610BD002242
:10BFA000044B1A60044B5A77044A1A60FBF770FB83
:10BFB000F3E700BF3C230020780800200030024057
:10BFC00038B5A8B10446037A012B13D0FBF738FB30
:10BFD000054608B1284638BD074A13680133136087
:10BFE0002360A369636001232372FBF751FBF1E730
:10BFF0000625EFE70325EDE7382300202DE9F04182
:10C0000040B30F4690461E46054629B333B3037A24
:10C0100033B30368154A1268934225D80BB9052437
:10C020001FE0FBF70DFB0446D8B92A68104B1B68CC
:10C030009A4203D02846FFF777FF48B9424639466F
:10C040000C4801F048FF30606860FBF721FB08E016
:10C050000724FAE7062404E0062402E0062400E0B0
:10C0600004242046BDE8F0810524FAE738230020A7
:10C070003C230020780800202DE9F041002836D02C
:10C080000F4690461E460546002932D0002B32D07E
:10C09000037A002B31D003681B4A1268934230D8D0
:10C0A0000BB905242AE0FBF7CBFA044630BB2A681B
:10C0B000164B1B689A4207D02846FFF735FF58B148
:10C0C0000724FBF7E5FA19E042463946104801F02B
:10C0D000E1FE30606860F4E70D4803686A681A6141
:10C0E0004246394601F0F7FE30606860E9E7062411
:10C0F00004E0062402E0062400E004242046BDE813
:10C10000F0810524FAE700BF382300203C230020FB
:10C110007808002002460349034B08681A7009F0AA
:10C120000FB800BF502300204C23002008B503F0B7
:10C1300047FB00B908BD034601210020024A11F067
:10C14000C7FB6FF0040008BD5C780308254A70B592
:10C15000520B541804D2244B02EB5332944208D9A8
:10C16000234601210020214A11F0B2FB6FF0150097
:10C1700070BD08F065FD02281FD11D4D1D4E07E062
:10C180004FF0FF31286808F0A7FF00BB3378E3B118
:10C1900001212046184AFDF77FFE0228F0D1002138
:10C1A000164A084611F094FB234601210020144A48
:10C1B00011F08EFB6FF0040070BD03F003F8204611
:10C1C000FDF76AFD50B903F015F8002070BD034675
:10C1D000012100200B4A11F07BFBE5E703F00AF890
:10C1E000E2E700BF00A00E0000000100887803080D
:10C1F000502300204C23002040230020B87803085F
:10C2000024790308E47803082DE9F04706469846A8
:10C21000D0E90673B2FBF7F007FB1020DFF830C15E
:10C2200082B00CEB020503FB01550A9C002870D17B
:10C23000B4FBF7F307FB1343002B71D1AC450DD9C9
:10C24000013C2C442B4602210020384A009411F076
:10C250003FFB6FF0150002B0BDE8F087344B9D4204
:10C26000EED22A199445EBD89A42E9D208F0E8FCBC
:10C2700002281FD1DFF8DC90DFF8DCA0A7080AE075
:10C280004FF0FF31D9F8000008F026FF002839D11F
:10C290009AF80030A3B33A4629464046254BFDF7AD
:10C2A000A3FD06460028EBD00021234A084611F0E2
:10C2B0000FFB19E002F086FF04B3A1462F4605E00C
:10C2C000B269B9EB02091744904417D04146384689
:10C2D000FDF7C0FC0028F3D03B4601210020174A9F
:10C2E00011F0F6FA02F086FF002023460221144ADC
:10C2F000009511F0EDFA6FF00400ACE702F07AFF60
:10C300000020A8E70346012130460E4A11F0E0FA6A
:10C31000EAE71346012100200B4A11F0D9FA98E709
:10C3200023460121094A11F0D3FA92E7CC79030898
:10C3300000A00F0840230020147A0308807A030825
:10C34000AC7A0308407A03084C7903088C79030817
:10C3500000A00E08502300204C230020F0B5184DFB
:10C36000C0692A4400FB012183B08D42089C02D899
:10C37000144EB1420CD3013C0C440B460020022168
:10C38000114A009411F0A4FA6FF0150003B0F0BD4B
:10C390000A199542EFD8B242EDD2002722460B4C43
:10C3A0001846276028F03EFB23689D4206D8B3421A
:10C3B00004D201213846064A11F08AFA0020E5E746
:10C3C00000A00E0800A00F08EC7A030854230020F8
:10C3D000307B03080000000070B51B4B1B4C002194
:10C3E0001B4A01209C6008F01AFE00220121194C12
:10C3F0004FF4005520604FF47A7410269FED107BA7
:10C40000154BC3E91022C3E91222144A59615A603C
:10C41000134A14495A63144A490B9A63134AC3E9ED
:10C4200007515C621249134CDA63134A184683EDD4
:10C430000A7BC3E902419E611A6170BDAFF30080BF
:10C4400000010000000100004023002015C1000889
:10C450007CC7030850230020582300205DC3000838
:10C46000AC25002000000100AC240020AC230020FB
:10C470004DC1000809C200082DC10008E2B110B486
:10C48000013A0E4C01F1FF3C11441CF8013F83EAD4
:10C49000000202F00F0254F82220614582EA1010D7
:10C4A00080EA131303F00F0354F8233083EA1010CB
:10C4B000EBD15DF8044B7047704700BF3CC70308E1
:10C4C0000E4B0B600B68DA7B824211D010B40C4C1F
:10C4D000A34205D0103B0B600B68DA7B8242F6D199
:10C4E000824203D100205DF8044B70470120FAE737
:10C4F000824201D10020704701207047F001F90B02
:10C500000000F90B024A136843F48033136070474C
:10C51000000C0246034B186810F4003000D00120D4
:10C52000704700BF000C0246024A136843F48013B0
:10C5300013607047000C0246034B186810F480101B
:10C5400000D00120704700BF000C0246024A136869
:10C5500023F4801313607047000C0246024A1368EC
:10C5600043F4807313607047000C0246024A13685C
:10C5700023F4807313607047000C0246034B186865
:10C5800010F4806000D00120704700BF000C02460C
:10C59000034AD36923F003030343D361704700BF09
:10C5A000000C0246024BD86900F00C00704700BF37
:10C5B000000C0246044AD2F8003223F01003034371
:10C5C000C2F80032704700BF000C0246024BD3F89D
:10C5D000000200F007007047000C0246024A136890
:10C5E00023F0807313607047000C0246034B1868F9
:10C5F00010F0007000D00120704700BF000C024610
:10C60000034A936A23F0030303439362704700BF16
:10C61000000C0246024B586BC0F308000130704713
:10C62000000C0246024B586BC0F3462001307047A5
:10C63000000C0246024B586BC0F3064001307047B5
:10C64000000C0246024B586BC0F306600130704785
:10C65000000C0246024B986AC0F30220013070477A
:10C66000000C0246024A936A43F4802393627047A7
:10C67000000C0246024B986BC0F3CC00704700BF21
:10C68000000C0246034AD36823F480330343D3608B
:10C69000704700BF00080246034BD86810F4004002
:10C6A00000D00120704700BF00080246054B1878F3
:10C6B0005A789B78904238BF1046984238BF184647
:10C6C000704700BFB026002008B5FFF747FFFFF70F
:10C6D00055FF0028FBD008BDFFF748BF704700BFDB
:10C6E000704700BF704700BF08B5FFF7BBFF0320CE
:10C6F000FFF786FF144A136843F080731360FFF757
:10C7000075FF0028FBD0114A1378032B03D0BDE836
:10C710000840FFF763BF0E4B196821F00F0141F08D
:10C7200003011960186800F00F000328FAD1506067
:10C73000FFF72EFFFFF736FF0C28FBD101F0C2F800
:10C74000FFF7D0FF08BD00BF000C0246B82600204E
:10C750000020024010B5042818D8DFE800F0275B5D
:10C760003F031800374B1A6822F00F021A601C684A
:10C7700014F00F04FBD12146334803F095FB21460A
:10C78000324803F091FB324BC3E9014410BD2D4AFE
:10C79000136823F00F0343F003031360136803F0DF
:10C7A0000F03032BFAD12A4A536010BD254A1368A0
:10C7B00023F00F0343F003031360136803F00F0328
:10C7C000032BFAD14FF480311F4803F06DFBBDE815
:10C7D00010404FF480311D4803F066BB194B1A68B6
:10C7E00022F00F0242F001021A601C6804F00F04EC
:10C7F000012CFAD14FF48031134803F055FB4FF46C
:10C800008031124803F050FB4FF48032104BC3E9E3
:10C81000014210BD0B4A0E4C1368616823F00F03F0
:10C820000B431360136803F00F039942FAD1A16818
:10C83000054803F039FBA1680448BDE8104003F047
:10C8400033BB00BF00200240A80800209C08002045
:10C85000B8260020014B1878704700BFAC26002096
:10C86000014B1868704700BFE82600200122014BE9
:10C870001A607047E82600200022014B1A607047BA
:10C88000E826002070B5EFF3108672B6FFF7E8FFD8
:10C8900010B186F3108870BDFDF708F90446FFF764
:10C8A00039FE0028F8D0064DFDF700F92B68001B73
:10C8B0009842F9D3FFF7DAFF86F3108870BD00BF06
:10C8C000E426002038B5924D0F20FEF791FF2B781B
:10C8D000002B4CD08F4A12681AB18F4A1278012A65
:10C8E0006CD0012B3ED1FFF70DFEFFF7CBFF1120DF
:10C8F000FEF77EFFFFF756FE60BBFFF7CDFE002878
:10C90000FBD02B78012B33D0FFF720FE0220FFF75E
:10C910003FFEFFF747FE0828FBD100F0D3FF7F4B17
:10C920001A6822F00F021A601C6814F00F04FBD181
:10C9300021467B4803F0B8FA21467A4803F0B4FA5E
:10C940002046C5E90144FFF735FE2C78032C7DD045
:10C95000FFF7C2FE1120FEF74CFFBDE838400F2064
:10C96000FEF747BF4FF48030FFF78CFEBBE738BDC2
:10C970006A4B1A6822F00F0242F001021A601C682A
:10C9800004F00F04012CFAD14FF48031644803F015
:10C990008BFA4FF48031634803F086FA4FF480330A
:10C9A000C5E90143FFF7C0FD0220FFF7F1FDFFF7E6
:10C9B000F9FD0828FBD100F085FFC9E7FFF7A2FDCC
:10C9C0001120FEF715FFFFF7EDFD0028C2D1FFF79C
:10C9D00063FE0028FBD02B78012B60D0FFF7B6FD5B
:10C9E0000220FFF7D5FDFFF7DDFD0828FBD100F0A1
:10C9F00069FF4A4B1A6822F00F021A601C6814F093
:10CA00000F04FBD12146464803F04EFA2146454823
:10CA100003F04AFA2046C5E90144FFF7CBFD2C7824
:10CA2000032C95D1FFF71EFE2046FFF7E9FD3E4A95
:10CA3000136843F080731360FFF7D8FD0028FBD024
:10CA40002B78032B4FD0FFF7C9FD81E7FFF70AFED4
:10CA50002046FFF7D5FD344A136843F08073136016
:10CA6000FFF7C4FD0028FBD02B78032BEBD12B4B19
:10CA70001A6822F00F0242F003021A60186800F0F0
:10CA80000F000328FAD16860FFF782FDFFF78AFDE7
:10CA90000C28FBD100F016FFFFF724FE58E71F4BD0
:10CAA0001A6822F00F0242F001021A601C6804F0BA
:10CAB0000F04012CFAD14FF48031194803F0F4F936
:10CAC0004FF48031174803F0EFF94FF48033C5E994
:10CAD0000143FFF729FD0220FFF75AFDFFF762FD32
:10CAE0000828FBD167E70D4B1A6822F00F0242F0CD
:10CAF00003021A60186800F00F000328FAD168607A
:10CB0000FFF746FDFFF74EFD0C28FBD1C2E700BF43
:10CB1000B8260020E8260020AC2600200020024095
:10CB2000A80800209C080020000C0246F0B5202236
:10CB300083B00021414827F044FE414B3F4F1B6822
:10CB4000A7F10C0403F00F033E48636003F0EEF915
:10CB5000002201263C4BA0601A703C4BC820D3F841
:10CB60008820002142F40032C3F88820D3F88830AE
:10CB700003F400330193364B019A1E60FCF7BAFEB2
:10CB8000344B1860FFF70EFD08282FD00C280546FF
:10CB900007D0002835D017F80C2C2F4B1A7003B093
:10CBA000F0BD0323254A02F80C3CFFF753FD20613A
:10CBB000FFF730FD6061FFF735FDA061FFF73AFD3B
:10CBC000E061FFF73FFD2062FFF754FD6062FFF771
:10CBD000FDFC636A2278022B14BF012302236373D6
:10CBE0001D4BA06226731A7003B0F0BDFFF7A4FCC2
:10CBF000D8B13246114B03F80C6C174B1A7003B0C6
:10CC0000F0BD0E4B1C4603F80C6CFFF78DFC10209A
:10CC1000FFF7D0FCFFF756FE2846FFF733FD14F868
:10CC20000C2C0D4B1A7003B0F0BD02231A460349B9
:10CC300001F80C3C084B1A7003B0F0BDC42600206C
:10CC400000200240A8080020AC260020000C02466C
:10CC5000E8260020E4260020B026002038B5AC4DA0
:10CC60001020FEF7C5FD2C78022C6CD0032C4DD083
:10CC7000012C46D1FFF796FC0C2800F029811020EA
:10CC8000FFF798FCA34B1A6822F00F0242F0010252
:10CC90001A601C6804F00F04012CFAD14FF48031A3
:10CCA0009D4803F001F94FF480319C4803F0FCF8F3
:10CCB0004FF48033C5E90143FFF706FDFFF70EFD92
:10CCC0000020FFF765FCFFF76DFC0028FBD100F0AA
:10CCD000F9FDFFF717FCFFF7D5FDFFF701FDFFF7A3
:10CCE00023FC0220FFF754FCFFF75CFC0828FBD173
:10CCF00000F0E8FDFFF7F0FC0020FFF7C3FC00F0B8
:10CD0000E1FDBDE838401020FEF773BDFFF714FCCD
:10CD1000002840F09E80FFF7A5FC0320FFF770FC81
:10CD20007F4A136843F080731360FFF75FFC0028AD
:10CD3000FBD02B78032B74D0FFF750FCBDE83840B4
:10CD40001020FEF756BDFFF7F7FB002844D04FF444
:10CD50008030FFF797FCFFF79FFC0028FBD0FFF720
:10CD6000B3FCFFF7BBFC0020FFF712FCFFF71AFC37
:10CD70000028FBD100F0A6FDFFF7C4FBFFF782FD02
:10CD8000FFF7AEFCFFF7E2FB0220FFF701FCFFF725
:10CD900009FC0828FBD100F095FDFFF79DFC5D4BD9
:10CDA0001A6822F00F021A601C6814F00F04FBD1FD
:10CDB0002146594803F078F82146584803F074F8A2
:10CDC0002046C5E90144FFF7F5FB00F07BFDBDE817
:10CDD00038401020FEF70DBDFFF7E4FB0C28ABD167
:10CDE0002046FFF7D5FBFFF7DDFB0828FBD100F05D
:10CDF00069FDFFF7F3FB474B1A6822F00F021A6038
:10CE00001C6814F00F04FBD12146434803F04CF892
:10CE10002146424803F048F8C5E9014400F052FDBC
:10CE20006FE73C4B1A6822F00F0242F003021A60CF
:10CE3000186800F00F000328FAD16860FFF7A8FB1C
:10CE4000FFF7B0FB0C28FBD100F03CFDFFF74AFCDC
:10CE500057E74FF48030FFF715FCFFF71DFC002863
:10CE6000FBD0FFF731FCFFF739FC0020FFF790FB08
:10CE7000FFF798FB0028FBD100F024FDFFF742FBF1
:10CE8000FFF700FDFFF72CFCFFF760FB0220FFF728
:10CE90007FFBFFF787FB0828FBD100F013FDFFF7AE
:10CEA0001BFC1C4B1A6822F00F021A601C6814F05D
:10CEB0000F04FBD12146184802F0F6FF214617481F
:10CEC00002F0F2FF2046C5E90144FFF773FB22E7B9
:10CED0000220FFF75DFBFFF765FB0828FBD100F0A0
:10CEE000F1FCFFF77BFB0B4B1A6822F00F021A6074
:10CEF0001C6814F00F04FBD12146074802F0D4FF50
:10CF00002146064802F0D0FFC5E90144B7E600BF5C
:10CF1000B826002000200240A80800209C0800201D
:10CF2000000C02462DE9F041EFF31185102383F345
:10CF30001288304B304C1954FFF7B8FB23788342EA
:10CF400003D185F31188BDE8F0812070FFF72AFB3B
:10CF5000002842D12378012B45D04FF48030FFF7D1
:10CF600091FB264B1B78002BEBD0FFF795FB00289D
:10CF7000FBD0EFF3108772B6FFF772FCD0B187F3E6
:10CF80001088FFF7E3FA0220FFF702FBFFF70AFB26
:10CF90000828FBD100F096FC0320FFF7DBFB002004
:10CFA000FFF708FBFFF798FB2378032BC9D1FFF7A6
:10CFB0009BFBC6E7FCF77AFD0646FFF7ABFA0028B5
:10CFC000F8D0DFF83C80FCF771FDD8F80030801B0A
:10CFD0009842F8D3FFF74AFCD1E7FFF73FFE85F30D
:10CFE0001188BDE8F081FFF74DFB85F31188BDE89E
:10CFF000F08100BFB0260020B8260020AC2600201B
:10D00000E426002028B10120054B02211870FFF70B
:10D0100089BF0121024B18700846FFF783BF00BF8C
:10D02000AC260020006040607047EFF3108372B6BA
:10D030000268824203D0002083F3108870470120E9
:10D04000FAE7EFF3108372B6086042684A60416005
:10D050004A68116083F310887047EFF3108372B64B
:10D0600042680168116002684168516083F310886A
:10D07000704710B5EFF3108472B603680B60006858
:10D08000FFF7EBFF84F3108810BDEFF3108372B647
:10D0900002680A6083F310887047000008B50548ED
:10D0A000FEF7ECFD032801D010B908BD0020FCE715
:10D0B0000220FAE7B407002000B583B00023ADF8E2
:10D0C000063001210B48FEF793FD08B103B000BD07
:10D0D0000DF106010748FEF7EDFD0028F6D100210D
:10D0E0000448FEF785FDBDF90600283021F012F94D
:10D0F000ECE700BFB4070020EFF3108372B6012104
:10D10000024A116083F31088704700BFEC260020AC
:10D1100008B5114BD3F8803073B10F480F4BC0F8EE
:10D12000A0300F4B00221A604FF400720D4906F038
:10D13000A1FD034640B908BD0B4A0021084610F086
:10D14000C7FB00F071FBE8E7084A0121002010F05E
:10D15000BFFB00F069FBEEE7FC1A0020F9D00008E5
:10D16000EC260020F0260020787B03089C7B030837
:10D17000034600B583B001210DF107008DF807309B
:10D180001AF0AAFB003818BF0120404203B000BDCE
:10D190002DE9F843EFF30589B9F1000F44D1EFF31E
:10D1A0001083002B38D1EFF31183002B34D107F01B
:10D1B0007DFD804607F07AFDEFF3108372B6354DA2
:10D1C000D5F880201268126D334C2168914220D32B
:10D1D000324A4FEA480800EB8000A2FB0818A2FB85
:10D1E00000202F4E4FEA9818870932688AB983F3D6
:10D1F00010884F4519D9404607F05BFEC144EFF354
:10D20000108372B6D5F880201268116D22688A42A8
:10D21000EBD283F3108808E007F012FD0028C6D097
:10D2200007F00EFD0128C2D01A4DEFF3108772B639
:10D23000D5F880301B681A6DD5F880301B681969E5
:10D2400011F4807112D1144C154E2368306893424A
:10D250000AD2B8B9134A13F8010B934209D22360DA
:10D2600087F31088BDE8F8830028F3D14FF0FF3032
:10D27000F6E70023A2F500722260336087F310887E
:10D28000BDE8F8830846084A10F022FBF020074961
:10D290000EF0F2FBFC1A0020B4080020D34D6210FF
:10D2A000EC260020F0280020C87B0308E47B03085C
:10D2B00010B5104699B21C461AF00EFB00280CBFA0
:10D2C00020464FF0FF3010BDD458C4500433C4186A
:10D2D0008C42F9D37047036004308842FBD3704717
:10D2E0002E490968002900D008462D4908602D48BC
:10D2F0008546FCF7D9FA012802D100F019F82BE095
:10D3000000F016F82848854600F0CEFA00F010F834
:10D3100026482749274A0023FFF7D9FF26482749EF
:10D320000023FFF7DAFF27F051FBFAF7D1FDFEE704
:10D330002349244A4BF6EF63CDF6AD639142A8BF73
:10D34000704741F8043BF9E72DE9F05F1E4C6B464E
:10D350002360BFF34F8F30BF1B4C2468A546BDE848
:10D36000F09F1A481A49096850F8042B126804B44F
:10D370000139F9D17047154815490968A1F1010132
:10D380004FEA810108444FEA910101F1010150F88F
:10D39000042908BC13600139F9D17047F40C024626
:10D3A000CC210020200700200007002020070020BB
:10D3B000840E002064F40308C00E002084D10020F5
:10D3C0000007002020070020D4210020DCC503082E
:10D3D000D8C50308BFF34F8F0549CA6802F4E0625D
:10D3E000044B1343CB60BFF34F8F00BFFDE700BF7B
:10D3F00000ED00E00400FA05002810DB08B5084B3A
:10D400009B68103053F82030064A9A4206D8064AE4
:10D410009A4203D913F0010F00D0984708BD704716
:10D4200000ED00E00000000800A00E0800283CD03D
:10D4300010B504461D4A0021084610F049FA236839
:10D440001B4A0121002010F043FA6368194A0121A8
:10D45000002010F03DFAA368174A0121002010F0C7
:10D4600037FAE368154A0121002010F031FA2369E8
:10D47000134A0121002010F02BFA6369114A01219F
:10D48000002010F025FAA3690F4A0121002010F0B6
:10D490001FFAE3690D4A0121002010F019FA0C4A25
:10D4A0000021084610F014FA10BD7047187C0308DC
:10D4B000387C0308487C0308587C0308687C030810
:10D4C000787C0308887C0308987C0308A87C030800
:10D4D000B87C0308002800F0098110B50446844A8E
:10D4E0000021084610F0F4F92368824A0121002047
:10D4F00010F0EEF92368002B09DB236813F0804F4E
:10D500000BD17D4A0021084610F0E2F910BD7B4A9C
:10D510000021084610F0DCF9EFE7794A00210846BF
:10D5200010F0D6F96368774A0121002010F0D0F995
:10D530006368B3F5803F2ED2636813F47F4F75D1D3
:10D540002379002BDDD0704A0021084610F0C0F985
:10D55000636813F0800F40F0AB80636813F0200F16
:10D5600040F0AC80636813F0100F40F0AD8063684A
:10D5700013F0080F40F0AE80636813F0020F40F024
:10D58000AF80636813F0010FBBD0604A00210846EA
:10D5900010F09EF9B5E75E4A0021084610F098F9B0
:10D5A000636813F0007F1DD1636813F0807F1FD183
:10D5B000636813F4801F21D1636813F4002F23D113
:10D5C000636813F4802F25D1636813F4003F27D1DB
:10D5D000636813F4803FAFD04E4A0021084610F034
:10D5E00077F9A9E74C4A0021084610F071F9DBE70A
:10D5F0004A4A0021084610F06BF9D9E7484A002151
:10D60000084610F065F9D7E7464A0021084610F0B1
:10D610005FF9D5E7444A0021084610F059F9D3E7ED
:10D62000424A0021084610F053F9D1E7404A002150
:10D63000084610F04DF9636813F4004F1AD163687F
:10D6400013F4005F1CD1636813F4805F1ED163681C
:10D6500013F4006F20D1636813F4007F22D1636854
:10D6600013F4807F3FF46CAF324A0021084610F07B
:10D670002FF965E7304A0021084610F029F9DEE766
:10D680002E4A0021084610F023F9DCE72C4A00213D
:10D69000084610F01DF9DAE72A4A0021084610F082
:10D6A00017F9D8E7284A0021084610F011F9D6E703
:10D6B000264A0021084610F00BF94EE7244A0021C3
:10D6C000084610F005F94DE7224A0021084610F0FF
:10D6D000FFF84CE7204A0021084610F0F9F84BE724
:10D6E0001E4A0021084610F0F3F84AE7704700BFD1
:10D6F000D87C0308F87C0308B87C03080C7D030879
:10D700001C7D0308347D0308287F0308E87F030895
:10D71000487D0308347E03085C7D0308707D0308A0
:10D720008C7D0308A47D0308BC7D0308007E0308EC
:10D73000547E0308047F0308647E0308847E030884
:10D74000B07E0308C47E0308E07E03083C7F030824
:10D75000607F03088C7F0308A87F0308C87F030845
:10D7600010B5FAF745FF044616E000BF212000F08F
:10D7700017FA48B92E2000F013FA28B9FAF738FF43
:10D78000001BB0F5FA7FF0D3212000F009FA68B948
:10D790002E2000F005FA68B91AF040F828B9FAF717
:10D7A00027FF001BB0F5FA7FE0D310BD2120FFF763
:10D7B00023FEEDE72E20FFF71FFEEDE7DFF864C044
:10D7C0001EF0040F0CBFEFF30888EFF30988B8E8E8
:10D7D000FF00ACE8FF000E4C0E4D4FF0020C20464F
:10D7E0002946624651F8043B1B6844F8043B013A61
:10D7F000F8D1636813F4801F06D0074B074A1A60FC
:10D80000074A5A60FFF7E6FDFFF7AAFFF5E700BFFA
:10D810008C0E00208CC70308840E0020EFBEADDE06
:10D8200017A0DF82940E002008B572B6044A0021CA
:10D83000084610F04DF8FFF793FF00BFFDE700BF6B
:10D840001080030808B5EFF3108372B6104A116810
:10D85000104A914202D083F3108808BD0C4A5168E7
:10D860000D4A9142F7D10A4A0021116051600B4ADA
:10D870001268B2F1004FEED0094A084610F028F8BD
:10D880000848FFF7D3FD0548FFF724FEFFF7CCFF5C
:10D89000840E0020EFBEADDE17A0DF828C0E0020CC
:10D8A00038800308940E0020044BD3F8882042F4FB
:10D8B0007002C3F88820024A9A60704700ED00E0C9
:10D8C00000000008364BDB6903F00C03082B05D081
:10D8D0000C2B0CD0334B344A1A604CE0304B1A6896
:10D8E000C2F30052314BD3402E4A136043E02C4B1D
:10D8F000996A5B6BC1F30222013207EE102AC3F36F
:10D900000802013207EE902AC3F30663013311F0D7
:10D91000100F3BD0224A926BC2F3CC0206EE902A43
:10D92000F8EE666A01F00301022932D0032933D1EF
:10D930001B4A1168C1F300511C4ACA4006EE102A66
:10D94000B8EE466AB8EE477AC6EE075AF8EE677A3E
:10D950009FED177A26EE877A77EE877A65EEA76ACB
:10D9600007EE903AF8EE677A86EEA77ABCEEC77AB1
:10D970000C4B83ED007A0A4B1B6A03F007030D4A38
:10D98000D15C084A1368CB4013607047DFED0A6A28
:10D99000C8E79FED056AD3E79FED086AD0E700BFAF
:10D9A000000C0246B80800200024F4000048E801FA
:10D9B000000000399CC703080000000000000000C0
:10D9C00010B50C4A136843F480731360032000F011
:10D9D0006FF8FFF777FF042000F0F4F80F20FAF754
:10D9E000FBFD10B10124204610BD0446FAF7E6FA0B
:10D9F000F9E700BF0020024000487047000007011F
:10DA0000014B1868000C7047004004E0002807DB59
:10DA100000F01F02400901239340024A42F82030DF
:10DA2000704700BF00E100E000280CDB00F01F029F
:10DA30004009012393402030034A42F82030BFF3CD
:10DA40004F8FBFF36F8F704700E100E0002808DBC5
:10DA50000901C9B200F1604000F5614080F800138F
:10DA6000704700F00F000901C9B2014B195470470B
:10DA700014ED00E000B500F00700C0F1070CBCF1A8
:10DA8000040F28BF4FF0040C031D062B0ED9C31E34
:10DA90004FF0FF3E0EFA0CF021EA000199400EFA19
:10DAA00003FE22EA0E0241EA020000BD0023EFE776
:10DAB00010B50446C31E042B0FD80A4AD36823F4BA
:10DAC000E0631B041B0C240204F4E064234343F0D2
:10DAD000BF6343F40033D36010BDB7210248FAF7A7
:10DAE0004BFAEAE700ED00E04C800308F8B5074682
:10DAF0000D4616461A4BDC68C4F30224022C18D8D3
:10DB0000B2FA82F35B09E3B1C4F10702032A1DD81C
:10DB100001239340AB4294BF00230123DBB1324683
:10DB200029462046FFF7A6FF01463846FFF78EFF3D
:10DB3000F8BDE21E01239340B34294BF00230123AA
:10DB4000E1E7D1210748FAF717FADDE70F2D8CBF7F
:10DB500000230123E2E7D2210248FAF70DFADEE7BB
:10DB600000ED00E04C80030810B5041E03DB2046E6
:10DB7000FFF74CFF10BDE3210148FAF7FDF9F6E786
:10DB80004C80030810B5041E03DB2046FFF74CFF52
:10DB900010BDF3210148FAF7EFF9F6E74C800308CE
:10DBA00000280BDB43094033054A52F8233000F0CC
:10DBB0001F0023FA00F000F00100704700207047BA
:10DBC00000E100E010B50446431E012B15D90428DE
:10DBD00022D068B94FF0E022136923F004031361E7
:10DBE000214AD2F8E03023F44003C2F8E03010BDFF
:10DBF0004FF4D0711D48FAF7BFF9042CF7D801A3F0
:10DC000053F824F0D5DB000827DC000847DC0008C7
:10DC1000EFDB000819DC00084FF0E022136943F045
:10DC200004031361E3E74FF0E022136923F00403D8
:10DC300013610D4AD2F8E03023F4400343F480032B
:10DC4000C2F8E030D3E74FF0E022136923F0040379
:10DC50001361054AD2F8E03023F4400343F4000393
:10DC6000C2F8E030C3E700BF000C02464C80030856
:10DC700010B54FF0000C14E011F82C4001EB8C0EA5
:10DC80009EF801301B0443EA04639EF8024043EA15
:10DC900004239EF803E043EA0E03046823600CF1BA
:10DCA000010CBCEB920FE7D312F0030205D0012A5E
:10DCB00006D0022A09D0032A11D00368186810BDC3
:10DCC000036811F82C401C70F3E711F82C4001EBAD
:10DCD0008C035B7843EA042304682380EBE711F8A4
:10DCE0002C2001EB8C014B7843EA0223026813805D
:10DCF00003688A781A70E0E70023B3EB520F18D25A
:10DD000030B431F823C001EB8304648844EA0C4446
:10DD100005682C600133B3EB520FF2D312F0010F00
:10DD200003D0026831F8233013800368186830BCD0
:10DD3000704712F0010F03D0026831F823301380CE
:10DD40000368186870477047002873D010B5044600
:10DD50000268394B9A4203D070213848FAF70CF91F
:10DD6000637F002B3BD0022363772379012B3BD8C1
:10DD70002379002B3DD12368314A5A612268936888
:10DD800023F0180393606379012B3BD86379002B50
:10DD90003DD123684FF0FF321A6163692BB1202B0C
:10DDA00003D0402B01D0602B35D12268936823F03B
:10DDB000600361690B439360A3690BB1802B2FD182
:10DDC0002268936823F08003A1690B439360236A60
:10DDD000013B022B29D801236377002010BD237754
:10DDE0002046FFF7B0FFBEE77E211448FAF7C4F8DB
:10DDF000BEE7E268A168204600F096F80028C2D08D
:10DE00000120EBE790210D48FAF7B6F8BEE723684A
:10DE100022691A61C1E79C210848FAF7ADF8C4E706
:10DE2000A0210648FAF7A8F8CAE7A5210348FAF79F
:10DE3000A3F8D0E70120704700300240A480030817
:10DE4000B71DC10470470000F0B138B50446026840
:10DE50000E4B9A4203D0BC210D48FAF78DF8637F30
:10DE6000D8B2022B0FD0022363772268936843F065
:10DE700001039360236800255D602046FFF7E2FF01
:10DE800065772577284638BD01207047003002406D
:10DE9000A480030838B5044602234377036A022BA3
:10DEA00016D0032B0FD0012B0FD000200123637756
:10DEB00038BD206851F82350056001339342F8D3F0
:10DEC00023681868F2E70023F8E7FFF7D1FEEDE7D3
:10DED000FFF712FFEAE738B50446022343770068EC
:10DEE000836843F001038360236A022B17D0032B5E
:10DEF0000FD0012B0FD000200123637738BD20689D
:10DF000051F82350056001339342F8D32368186811
:10DF1000F2E70023F8E72046FFF7AAFEECE72046E9
:10DF2000FFF7EAFEE8E70000F8B507460D4616469B
:10DF3000182A24D84FF00133D34013F0010F1ED01C
:10DF400015F0010F34D01F231C46013B34B103F000
:10DF50001F0C25FA0CFC1CF0010FF5D0182E29D847
:10DF6000DFE806F01428282828282828222828282E
:10DF7000282828281E2828282828282812005F2139
:10DF80000E48F9F7F9FFDBE7062B15D83B685D6112
:10DF90003A68936823F0180333439360002008E045
:10DFA000072BF3D9012004E00F2BEFD9012000E06B
:10DFB0000120F8BD0120FCE70120FAE7FC800308FE
:10DFC00030B40568AC6C4FEA144C4FEA0C4C9BB271
:10DFD0004CEA0303AB6403684FF4FE44DC6003685F
:10DFE000D96403681A6530BC7047000010B4016A38
:10DFF0000268536923F443030B4353614369C269C5
:10E00000134302691343826913430168334A9142FF
:10E0100014D08032914211D0803291420ED08032A1
:10E0200091420BD08032914208D08032914205D08B
:10E030008032914202D0803291420FD1826A013AFD
:10E04000120502F07C72C46A44EA020C426A013A88
:10E05000120102F47C724CEA020213430A6C02F0D1
:10E06000802213430B648368426802F03F0213432B
:10E07000026B1343C268B2F5806F10D0B2F5007F17
:10E0800029D001684C6C164A22401A434A6402683F
:10E09000002393640268D3675DF8044B70470268FD
:10E0A0000E498A4214D080318A4211D080318A428E
:10E0B0000ED080318A420BD080318A4208D0803124
:10E0C0008A4205D080318A4202D080318A42D8D13A
:10E0D00043F48063D5E743F40073D2E75000024075
:10E0E000C031E03C38B50446FAF782FA002C00F063
:10E0F000068105462368834A934218D080329342B2
:10E1000015D08032934212D0803293420FD08032A9
:10E1100093420CD08032934209D08032934206D091
:10E120008032934203D0FB217748F9F725FFE3685B
:10E1300033B1B3F5806F03D0B3F5007F40F0888032
:10E14000E368B3F5007F06D06368B3F5007F02D0C3
:10E15000332B00F28280A3681BB1B3F5006F40F04F
:10E160008180236913B1082B40F0828063691BB161
:10E17000B3F5002F40F08280A369022B00F2848067
:10E18000E36933B1B3F5803F03D0B3F5003F40F00E
:10E190008180236A43B1B3F5800F05D0B3F5000F3A
:10E1A00002D0B3F5400F7BD1236B2BB1B3F1004FFD
:10E1B00002D0B3F1404F79D1636B002B7CD123683F
:10E1C000504A934214D08032934211D0803293420D
:10E1D0000ED0803293420BD08032934208D08032EE
:10E1E000934205D08032934202D0803293420BD1C9
:10E1F000636A013B3F2B65D8A36A013B3F2B67D87D
:10E20000E36A33F0402369D1002384F84C3094F85A
:10E21000543023B923666366A366E366236702234B
:10E2200084F854302268536943F00603536123682D
:10E230005B6913F0010F57D0FAF7DAF9401B052894
:10E24000F5D91023A365032384F85430012055E049
:10E25000FC212D48F9F790FE72E7FF212A48F9F7D3
:10E260008BFE78E740F201112748F9F785FE78E741
:10E270004FF481712448F9F77FFE77E740F20311EC
:10E280002148F9F779FE77E74FF482711E48F9F7D4
:10E2900073FE75E740F205111B48F9F76DFE78E74C
:10E2A0004FF483711848F9F767FE7DE740F20711D4
:10E2B0001548F9F761FE7FE74FF484711248F9F7CA
:10E2C0005BFE7CE740F20F110F48F9F755FE93E72C
:10E2D0004FF488710C48F9F74FFE91E740F21111A5
:10E2E0000948F9F749FE8FE72046FFF77FFE636B89
:10E2F00023650020A065012384F8543038BD012037
:10E30000FCE700BF500002405481030870B504468A
:10E31000FAF76EF9002C6AD005462368354A934215
:10E3200019D08032934216D08032934213D080327B
:10E33000934210D0803293420DD0803293420AD063
:10E340008032934207D08032934204D040F25D1174
:10E350002948F9F711FE236823F47F6626F00F069B
:10E360005A6942F006025A6123685A6912F0010F95
:10E370000BD0FAF73DF9431B052BF5D91023A36504
:10E38000032384F85430012030E000221A6023680F
:10E390005A6123681A6423685A6423689A6423685C
:10E3A000DA6423681A652368DA6771682368C3F33F
:10E3B0000B03503BC3F3C413012000FA03F321EA1B
:10E3C0000303736023684FF4FE41D96022666266DE
:10E3D000A266E26622676267E36D03B1E265002030
:10E3E0002065A06584F8540084F84C0070BD0120BD
:10E3F000FCE700BF5000024054810308002846D0CB
:10E40000F8B50F4616461D4604465A1E4FF6FE73D3
:10E410009A4211D894F84C30012B3AD0012384F859
:10E420004C3094F85430012B0CD04023A3650023CA
:10E4300084F84C300120F8BD40F217211648F9F756
:10E440009BFDE7E7022384F854300023A3652B46A5
:10E45000324639462046FFF7B3FD2268536943F43C
:10E46000BA435361636E23B12268536943F4007366
:10E470005361236F23B12268536943F400535361FE
:10E480002268536943F0010353610020D3E7012060
:10E4900070470220CFE700BF5481030838B5044617
:10E4A000FAF7A6F8002C4CD0054694F85430022B0D
:10E4B00006D02023A365002384F84C30012038BD0A
:10E4C0002268536943F004035361052384F85430F0
:10E4D00023681A6912F4005F17D1FAF789F8431B11
:10E4E000052BF5D9A36D43F01003A365032384F82E
:10E4F0005430236D13F0800F02D0636F01221A7322
:10E50000002384F84C300120D9E75A6942F0020216
:10E510005A61042384F8543023684FF4FE42DA60D1
:10E52000012384F85430236D13F0800F05D0636FFE
:10E5300001221A73236800229A64002084F84C0098
:10E54000BDE70120BBE798B190F85420022A03D020
:10E550002022826501207047042280F8542002683E
:10E56000536943F4005343F00403536100207047A0
:10E570000120704710B50446026822F47F6020F045
:10E580000F00C2F30B03503BC3F3C413012101FA84
:10E5900003F3C168194200F0C480136913F4806F5B
:10E5A0000AD0536913F4806F06D04FF48063D360B0
:10E5B000A36D43F00103A36523681A6912F4006F89
:10E5C0000AD05A6912F4006F06D04FF40062DA6084
:10E5D000A36D43F00203A36523681A6912F4805FF8
:10E5E0000AD05A6912F4805F06D04FF48052DA6084
:10E5F000A36D43F00403A36523681A6912F4804FE6
:10E600000AD05A6912F4804F06D04FF48042DA6083
:10E61000A36D43F00803A36523681A6912F4007F11
:10E620000AD05A6912F4007F06D04FF40072DA6003
:10E63000636E0BB12046984723681A6912F4005F95
:10E6400011D05A6912F4005F0DD04FF40052DA6015
:10E6500094F85430042B1DD0052384F85430236FD4
:10E660000BB12046984723681A6912F4807F40D086
:10E670005A6912F4807F3CD0226D12F0800F28D0AE
:10E68000DA6F5ABB9B6C4BBB012384F85430626F2A
:10E69000137323E02268536923F400535361226803
:10E6A000536943F002035361012384F85430236D0E
:10E6B00013F0800F05D0636F01221A7323680022C4
:10E6C0009A64002384F84C30E36E53B32046984795
:10E6D00027E09B6C13B9012384F8543023684FF46E
:10E6E0004072DA60002384F84C30236E0BB1204670
:10E6F0009847A36DABB12268536943F0020353619D
:10E70000012384F85430236D13F0800F02D0636F1F
:10E7100001221A73002384F84C30A36E0BB12046FB
:10E72000984710BD806D704750B338B50C4605460C
:10E73000A1F11003012B18D82B6823F47F6121F07D
:10E740000F01C3F30B03503BC3F3C41301229A40E0
:10E7500014F0100F16D004F01104112C0BD04B68DC
:10E7600023EA02034B6000200DE040F26A510648A4
:10E77000F9F702FCE0E74B6813434B60002002E02E
:10E7800001207047002038BD54810308816BC36BA2
:10E7900019430368164A934214D08032934211D031
:10E7A000803293420ED0803293420BD0803293421B
:10E7B00008D08032934205D08032934202D080321A
:10E7C000934201D1026C11435A6922F443020A4375
:10E7D0005A610268002313640268416C5164026844
:10E7E00093640268D364026813650268D367704754
:10E7F0005000024010B44369C2691343C26B134313
:10E8000002691343826913430B60026812F0200F00
:10E8100016D0C26A846B2243846A04F1FF3C4FEA3B
:10E820000C5C0CF07C7C42EA0C02446A04F1FF3C74
:10E830004FEA0C1C0CF47C7C42EA0C0213430B6084
:10E84000036B426822F4E0729205920D13434B6011
:10E85000C268B2F5806F1FD0B2F5007F24D0436C40
:10E860004BB1026C1343826C120402F4F81213438E
:10E870004A6813434B60B0F854308B60C36CCB6074
:10E88000036D0B6100234B6103688B6143F4A0634C
:10E890008B615DF8044B7047026812F0200FDED0E8
:10E8A00043F480634B60DAE743F400734B60D6E7D0
:10E8B000844640EA0103134330B183EA0C03B3F505
:10E8C000803F0AD20020704709B18C46F5E70AB1B3
:10E8D0009446F2E74FF0000CEFE70120704750B18B
:10E8E000037E11B1097E99420DD172B1127E9A4216
:10E8F0000DD10020704709B10B7EF3E70AB1137EFA
:10E90000EFE70023EDE70220704700207047032067
:10E91000704700000B4609B1024919600AB105238E
:10E9200013607047000001F830B5844615680C4646
:10E93000E1B14FF0000E7146734627E0BCF80200CB
:10E9400001EB004050F825008E464FF6FC71014067
:10E950000133DCF8080098422AD9002BEED1DCF80C
:10E96000001021F003010904090CF1E74FF0000E3B
:10E9700071467346EDE7BCF8020001EB004050F829
:10E9800025008E464FF6FC7101400133DCF808008B
:10E9900098420DD94FF6FC702040884208D0002BD9
:10E9A000E9D1DCF8001021F003010904090CECE7BF
:10E9B0002CB124F003042404240C8C4218D193605D
:10E9C000BCF802304EEA03435360BCF8023041EA1F
:10E9D0000341D16051F8250058B120F00300000434
:10E9E000000CBCF8023040EA03401061002000E057
:10E9F000012030BD38B50446F9F7FAFD002C00F0CF
:10EA00009D80054623684E4A934219D08032934236
:10EA100016D08032934213D08032934210D080328D
:10EA200093420DD0803293420AD08032934207D075
:10EA30008032934204D040F241214248F9F79CFAD7
:10EA4000A36B43B1B3F5800F05D0B3F5000F02D02F
:10EA5000B3F5400F49D1E36B13B1B3F5803F4AD111
:10EA6000636C2BB1B3F1004F02D0B3F1404F48D1EA
:10EA7000A36C803B012B4AD82368314A934214D0BF
:10EA80008032934211D0803293420ED08032934232
:10EA90000BD08032934208D08032934205D080322E
:10EAA000934202D08032934203D1236C33F400337B
:10EAB00033D1002384F84C30022384F85430226888
:10EAC000536943F00603536123685B6913F0010F38
:10EAD00029D0F9F78DFD431B052BF5D91023A3652C
:10EAE000032384F85430012027E040F242211548E6
:10EAF000F9F742FAAFE740F243211248F9F73CFA3E
:10EB0000AEE74FF411710F48F9F736FAB0E740F26B
:10EB100045210C48F9F730FAAEE740F24A2109489E
:10EB2000F9F72AFAC5E72046FFF730FEA36C236504
:10EB30000020A065012384F8543038BD0120FCE793
:10EB400050000240AC81030800285DD010B582B0AF
:10EB50000446416F002959D090F85420D0B2236860
:10EB60005B6903F48033012A03D0022845D1002BCE
:10EB700043D094F85430012B07D02268536943F0F6
:10EB800001035361002002B010BD94F84C30012BFA
:10EB90003ED0012384F84C30022384F854300B73A8
:10EBA0000023A365626F13612268536943F4BA437B
:10EBB0005361636E23B12268536943F40073536158
:10EBC000236F23B12268536943F400535361636F89
:10EBD000002201A91868FFF79DFE636F22685B8819
:10EBE0001B041360636F1B6823F003031B041B0CDF
:10EBF000226801990B43D367BFE74023A365002335
:10EC000084F84C300120BEE7012070470120BAE7AC
:10EC10000220B8E7002800F0E18038B50D46044630
:10EC2000002900F0DD800368212B6BD123690BB133
:10EC3000082B6DD1636913B1B3F5002F6ED1A369B1
:10EC4000022B71D8E3692BB1B3F5803F02D0B3F545
:10EC5000003F6FD1E36B2BB1B3F5006F02D0B3F57A
:10EC6000805F6DD16368B3F5007F01D0332B6DD821
:10EC7000E3682BB1B3F5806F02D0B3F5007F6BD1A1
:10EC8000236B2BB1B3F1004F02D0B3F1404F69D1E8
:10EC9000A36813B1B3F5006F6AD1636B002B6DD11C
:10ECA000236813F0200F12D0636A013B3F2B6BD80F
:10ECB000A36A013B3F2B6DD8A36B23F0406323F481
:10ECC0000053002B6CD1E36A33F040236ED1636CA8
:10ECD0002BB1B3F1807F02D0B3F1007F6CD1636CB4
:10ECE00053B1236C2BB1B3F5004F02D0B3F5404FB5
:10ECF00068D1A36C1E2B6BD829462046FFF77AFDFE
:10ED0000002038BD40F2F3313648F9F735F98DE788
:10ED100040F2F6313348F9F72FF98BE740F2F7313B
:10ED20003048F9F729F98AE74FF47E712D48F9F751
:10ED300023F987E740F2F9312A48F9F71DF989E705
:10ED400040F2FA312748F9F717F98BE740F2FB3127
:10ED50002448F9F711F98BE74FF47F712148F9F74F
:10ED60000BF98DE740F2FD311E48F9F705F98FE701
:10ED700040F2FE311B48F9F7FFF88EE740F2FF3111
:10ED80001848F9F7F9F88BE740F205411548F9F70B
:10ED9000F3F88DE740F206411248F9F7EDF88BE7FA
:10EDA00040F207410F48F9F7E7F88CE74FF481612B
:10EDB0000C48F9F7E1F88AE740F20D410948F9F704
:10EDC000DBF88CE74FF482610648F9F7D5F890E755
:10EDD00040F211410348F9F7CFF88DE70120704761
:10EDE00001208EE7AC810308002800F08780F0B591
:10EDF00089B00D4614460646002A00F0818043691A
:10EE0000012B0ED007683846FFF752FD68B922463D
:10EE100029463846FFF763FD60B1042333610120C2
:10EE200006E004230361012002E005233361012091
:10EE300009B0F0BD022333730023336106AA07A98A
:10EE40002046FFF767FD3368E3B16DB3069B01937E
:10EE500001AA29463046FFF767FD00284AD1B3686A
:10EE6000039A9A4232D0069B55F8232044F8232077
:10EE700024F003042404240C079B1C43069B45F840
:10EE800023401BE065B1356024F003042404240C06
:10EE9000079B1C43069B45F823400223B36010E008
:10EEA00034600123B3600CE023F003031B041B0C4C
:10EEB000079A1343069A44F822303460B36801334A
:10EEC000B3600020306101233373B1E7736843B14D
:10EED00023F003031B041B0C079A1343069A44F800
:10EEE00022304FF6FC732340079A1343069A45F8E5
:10EEF0002230E3E706233361012099E701207047C0
:10EF0000012095E7002839D030B589B00446006863
:10EF100040B1636853B1984232D004232361012089
:10EF200009B030BD022323610120F9E76369012B99
:10EF300020D0022323730025256106AA07A9FFF725
:10EF4000E9FC069B019301AA29462046FFF7ECFC49
:10EF5000236823F003031B041B0C079A1343049A32
:10EF6000069942F8213023686360256101232373E9
:10EF70002846D5E7042323610120D1E7012070470B
:10EF80000020CDE7034640B349B390F85420D2B2F5
:10EF900090F8540002280DD0052A0BD00A7B022AD3
:10EFA0000FD01A6D812A0FD04A687AB104230B6101
:10EFB0000120704740229A65002283F84C200120EE
:10EFC00070470120086170474A6812B159670020F4
:10EFD000704704230B610120704701207047012016
:10EFE0007047000038B505460C46B0F1006F16D3E7
:10EFF000194BB3F8A0304FF6FF72934204D03BB3E5
:10F000009B0203F1006301E04FF0016383420BD8E0
:10F0100000F1744000F5E020B0F5007F04D340F229
:10F0200035310E48F8F7A8FF0D4A936A43F0010303
:10F030009362EFF3108172B6042354F8042B45F861
:10F04000042B013B13F0FF03F7D181F3108838BD87
:10F050004FF00163DAE700BF0007F90B04820308F1
:10F060000020024038B505460C46B0F1006F0FD3C2
:10F07000164BB3F8A0304FF6FF72934204D013B38F
:10F080009B0203F1006301E04FF00163834204D867
:10F0900040F262310E48F8F76FFF0E4A936A43F46C
:10F0A000804343F001039362EFF3108172B6202393
:10F0B00054F8042B45F8042B013B13F0FF03F7D160
:10F0C00081F3108838BD4FF00163DFE70007F90BCB
:10F0D00004820308002002407047704738B5374B60
:10F0E0009C6824F00044364B1B6A23F4F85323F049
:10F0F00005039B049B0C022C07D0012C32D044F258
:10F100000102944231D0002501E02C4A15692C49B6
:10F110008A6A44F47E7022EA00028A6243BB284B6A
:10F120001B6A13F0010F0AD0254B01221A62022C30
:10F130002AD0224B00229A602846FFF7CDFF1F4BB2
:10F140009B683BB91E4A936A23F0407393621B4B42
:10F1500000221A701A4B1B6B03F08243B3F1824FEB
:10F1600023D038BD154AD568D1E7144AD568CEE713
:10F17000124A51681943516011490B620023936090
:10F180002846FFF7AAFFCAE70C4A5369013B5361BF
:10F190002BB90A4B00229A604FF0FF35CCE710697B
:10F1A0000130106100F0B2F8C6E7F8F7B3FE044A88
:10F1B000136B43F080431363D3E700BFF0280020B4
:10F1C00000200240094B9B6A002B01DB00207047A6
:10F1D000064B074A9A6002F188329A609B6A002BBC
:10F1E00001DB002070470120704700BF0020024073
:10F1F00023016745054B9A6A42F000429A629B6A76
:10F20000002B01DB012070470020704700200240E6
:10F2100038B50446F9F7ECF90546144B1B6A13F4AC
:10F22000403F09D0B4F1FF3FF7D0F9F7E1F9401BB7
:10F23000A042F2D3032016E00C4B1B6A42F2FA0202
:10F24000134009D1094B1B6A13F0010F0CD0074B77
:10F2500001221A62002006E005494A681A434A6002
:10F26000024A1362012038BD0020FCE70020024062
:10F27000F028002070B504460D461646012803D03C
:10F2800044F20103984224D1184B1B78012B2AD059
:10F29000164B01221A7000225A604FF47A70FFF761
:10F2A000B7FF90B9114B9C6024F00044012C15D09D
:10F2B00031462846FFF7D6FE4FF47A70FFF7A8FFD5
:10F2C0000B4A936A23EA04039362084B00221A70E4
:10F2D00070BDB5210748F8F74FFED5E731462846FF
:10F2E000FFF780FEE8E70220F2E700BFF0280020E9
:10F2F0000020024004820308034A936A43F48033E7
:10F3000043F00403936270470020024010B50446A6
:10F31000114BB3F8A0304FF6FF72934202D093B175
:10F32000DB0800E08023A3420FD90C4A936A23F440
:10F33000813323F4FD7343EAC40040F4803040F08D
:10F340000200906210BD8023EDE740F26251044854
:10F35000F8F712FEE9E700BF0007F90B00200240B2
:10F360005C82030870B505460E460368022B01D087
:10F37000042B2AD1264B1B78012B45D0244B01228C
:10F380001A7000225A604FF47A70FFF741FF8446EA
:10F39000002834D12B681E4A936023F00043042BCD
:10F3A00018D04FF0FF3333606C686B68AA68134461
:10F3B000A34218D92046FFF7A9FF4FF47A70FFF750
:10F3C00027FF844670B90134EFE7C5211148F8F7EB
:10F3D000D3FDCFE7FFF790FF4FF47A70FFF718FFE8
:10F3E000844600E034600C498A6A2B6823F00043AD
:10F3F00023F47E7343F47E7322EA03038B62044B8F
:10F4000000221A70604670BD4FF0020CFAE700BF90
:10F41000F02800205C820308002002402DE9F04122
:10F4200080460C46894B98420FD003F58063984282
:10F430000BD003F58063984207D003F5A0539842A0
:10F4400003D0AF218248F8F797FD23689AB212B132
:10F45000B3F5803F03D3B0217D48F8F78DFD636895
:10F46000B3F5041F1BD00DD8B3F5881F17D005D8EE
:10F47000032B14D9113B012B11D90CE0B3F5901FCC
:10F480000DD008E0B3F5441F09D0B3F5481F06D0EE
:10F49000B3F5081F03D0B1216D48F8F76DFD0025C5
:10F4A00058E0E368022B17D8D8F808206900032336
:10F4B0008B4022EA0302E3688B401343C8F808300C
:10F4C000D8F8042022EA07026368C3F30013AB40B4
:10F4D0001343C8F804304BE0C0215D48F8F74CFDF9
:10F4E000E2E7A368012B48D156E0D3215848F8F74A
:10F4F00043FD45E0554B98450FD003F58063984593
:10F500000BD003F58063984507D003F5A0539845C9
:10F5100003D0E0214E48F8F72FFD23690F2B10D8B8
:10F52000EA08083258F8220005F0070189000F2385
:10F530008B4020EA030023698B40034348F82230C4
:10F540002FE0E1214248F8F717FDE9E7414AC2F808
:10F5500080300135266836FA05F275D00127AF40B4
:10F560003E40F6D0636803F00303013B012B98D9BA
:10F57000636803F00303032BB3D0A368022BB4D852
:10F58000D8F80C20690003238B4022EA0302A36809
:10F590008B401343C8F80C30636803F00303022B5D
:10F5A000A8D0D8F80020690003238B4022EA030288
:10F5B000636803F003038B401343C8F800306368AB
:10F5C00013F4403FC5D0AA082248183250F82270E0
:10F5D00005F00301C9000F238B4027EA03071E4BE8
:10F5E00003EA98238B403B4340F822300268F34300
:10F5F00022EA0601606810F4801F01D046EA020189
:10F60000144A1160526803EA0201606810F4001F96
:10F6100001D046EA02010F4A5160D2F8842003EA81
:10F620000201606810F4003F01D046EA0201094A75
:10F63000C2F88410D2F880201340616811F4803F32
:10F6400084D046EA020381E7BDE8F081000002426F
:10F65000B8820308002002467F7F2F00F8B50446D9
:10F660000D46404B984210D003F5806398420CD071
:10F6700003F58063984208D003F5A053984204D064
:10F6800040F22F113848F8F777FCABB213B1B5F55B
:10F69000803F04D34FF498713348F8F76DFC002392
:10F6A00022E020685E000321B14008432060D808B2
:10F6B000083054F8206003F0070E4FEA8E0E4FF02A
:10F6C0000F0C0CFA0EFC26EA0C0644F82060A06829
:10F6D00020EA0100A060606820EA02026260E2683D
:10F6E00022EA0102E260013335FA03F238D0012246
:10F6F0009A4012EA0507F6D04FEA930E0EF1180071
:10F700001A4951F8206003F00300C0004FF00F0CBD
:10F710000CFA00FC0CEA0606154901EA9421814026
:10F72000B142BED11149D1F8800020EA0700C1F8EA
:10F730008000D1F8840020EA0700C1F884004868FE
:10F7400020EA07004860086820EA070008600EF118
:10F75000180E51F82E0020EA0C0041F82E00A0E708
:10F76000F8BD00BF00000242B88203080020024634
:10F770007F7F2F00114B5B6813F0010F04D1002035
:10F780000E4B0222DA60704710B5F8F731FF0446DD
:10F790000A4B5B6813F0020F0BD1F8F729FF001B2F
:10F7A0000128F5D9054B5B6813F0020FF0D1032057
:10F7B00000E00020014B0222DA6010BD000403408B
:10F7C00008B5064B5B6813F0010F04D1034A1368B8
:10F7D00043F002031360FFF7CDFF08BD00040340B0
:10F7E00084460C4B1B680C4AA2FB03239B0B4FF473
:10F7F0007A7202FB03F3002006E0DCF800201268B6
:10F8000031EA020204D01BB1013BF6D10320F4E738
:10F81000704700BFB80800205917B7D138B5044663
:10F820000B460268D16A21F00D015D6841EA850549
:10F83000116941F0010111610268082151600268FB
:10F840001B685361FFF7CCFF03280FD02368DA6AE7
:10F8500012F0020F07D1DA6A12F4003F03D11A69DD
:10F8600022F001021A612368DD62002038BD38B53C
:10F8700004460B460268D16A21F450215D6841EAD2
:10F880008545116941F00101116102684FF40021C1
:10F89000516002681B685363FFF7A2FF78B92368C1
:10F8A000DA6A12F0020F07D1DA6A12F4003F03D1CC
:10F8B0001A6922F001021A612368DD6238BD032053
:10F8C000FCE70000002800F07881F8B504460368E2
:10F8D000A04A934206D0A04A934203D0F7219F4802
:10F8E000F8F74AFB236A013B4FF6FE72934200F29F
:10F8F000F8806368012B00F2F980A368ABB1B3F51F
:10F90000007F12D0B3F5806F0FD0B3F5C06F0CD06D
:10F91000B3F5006F09D0B3F5206F06D0B3F5406F93
:10F9200003D0B3F5606F40F0E6806368012B00F010
:10F93000E780A36AB3F5000F00F0E28063694FF639
:10F94000FF72934216D0ABB1B3F5005F12D0B3F59E
:10F95000804F0FD0B3F5C04F0CD0B3F5004F09D096
:10F96000B3F5204F06D0B3F5404F03D0B3F5604F49
:10F9700040F0E48062694FF6FF739A4213D0A369A6
:10F98000B3F5003F06D0B3F5802F03D0B3F5C02FF9
:10F9900040F0DA80E36933B1402B04D0802B02D0F1
:10F9A000C02B40F0E180636A1BB1B3F5800F40F0DB
:10F9B000E180A36A1BB1B3F5000F40F0E180636BF7
:10F9C000FF2B00F2E38094F84A30002B00F0E48033
:10F9D000022384F84A302268136943F0010313615B
:10F9E00023684FF4807159602368626B9A622046E5
:10F9F000FFF7F6FE032873D02368102159602368AF
:10FA0000226A9A612046FFF7EBFE032868D023683C
:10FA1000DA6A12F0020F07D1DA6A12F4003F03D15A
:10FA20001A6922F001021A612568EB6861680129F0
:10FA300003D0A26AB2F5000F01D123F01E03626960
:10FA40004FF6FF70824203D023F4604323F0C003DB
:10FA500043481840A3680B43666A3343A66A33439E
:10FA6000034319B9E069276938430343012902D0E8
:10FA7000B6F5000F03D1E168206901430B434FF64F
:10FA8000FF718A4204D0A1690A43E1690A43134322
:10FA9000EB6023682F4A934200F084802E4A934201
:10FAA00000F0808040F279112C48F8F765FA23685D
:10FAB000284A93427BD0284A934278D04FF4BD71B4
:10FAC0002648F8F759FAE36A216B22680B43536220
:10FAD000012384F84B3084F84C3084F84A300020FD
:10FAE000F8BDF8211D48F8F747FA02E7FA211B484C
:10FAF000F8F742FA01E7FB211848F8F73DFA14E756
:10FB0000E3681BB1022B01D0042B12D12369002B17
:10FB10003FF414AF182B06D8124A22FA03F313F05D
:10FB2000010F7FF40BAF4FF480710C48F8F724FA03
:10FB300004E7FF210948F8F71FFAE7E74FF481715E
:10FB40000648F8F719FA15E740F205110348F8F7E7
:10FB500013FA1FE700440046009400401083030896
:10FB6000FEF139FF000101014FF483711448F8F7E9
:10FB700003FA18E74FF484711148F8F7FDF918E714
:10FB800040F209110E48F8F7F7F918E74FF48571BC
:10FB90000B48F8F7F1F916E784F849302046F8F7F2
:10FBA0004DFA15E7E36A012B3FF67CAF7FE7236B45
:10FBB000002B88D0102B81D185E70120704700BF32
:10FBC0001083030800285AD038B50446022380F871
:10FBD0004A300268136943F0010313610368294A3C
:10FBE000934202D0284A934201D10022DA6223686C
:10FBF00008215960236800225A612046FFF7F0FD72
:10FC000003282FD023681F4A93422CD01E4A9342C8
:10FC100029D0236810215960236800229A61204668
:10FC2000FFF7DEFD03281DD02368DA6A12F0020F09
:10FC300007D1DA6A12F4003F03D11A6922F00102F7
:10FC40001A6123680025DD6023685D622046F8F7AD
:10FC500049FA84F84B5084F84C5084F84A5084F8A0
:10FC60004950284638BD4FF40021596023680022CE
:10FC70005A632046FFF7B4FD0328CAD1F2E70120FA
:10FC8000704700BF004400460094004070B5044631
:10FC90000D4616460368294A934219D0284A9342D2
:10FCA00016D040F664112748F8F766F96B68012B07
:10FCB00011D82B68B3F5803F13D2022384F84A3061
:10FCC000AEB1012E26D0012384F84A30002070BD49
:10FCD000012EE6D8EAE740F665111A48F8F74CF924
:10FCE000E7E740F666111748F8F746F9E5E72368B5
:10FCF000124A934207D0124A934204D040F66F1141
:10FD00001048F8F739F929462046FFF787FD002803
:10FD1000D9D0DCE72368094A934207D0084A9342C6
:10FD200004D040F67C110748F8F726F9294620460A
:10FD3000FFF79DFD0028C6D0C9E700BF004400467C
:10FD40000094004010830308024A936A43F00103C1
:10FD5000936270470008024610B50446B0F5803F34
:10FD600000D0B8B91B4BDB6B03F480339C422DD021
:10FD7000184AD36823F480332343D360164B1B689F
:10FD8000322202FB03F3154AA2FB03239B0C01332F
:10FD90001A4606E04FF480711148F8F7EDF8E1E7F4
:10FDA000013A0C49C96811F4004F01D1002AF7D17A
:10FDB00012B9032009E0013B064AD26B12F4004F4E
:10FDC00001D1002BF7D11BB1002010BD0020FCE7B2
:10FDD0000320FAE700080246B808002083DE1B4330
:10FDE0006883030810B5044608B1022810D1194BE6
:10FDF0001B68322202FB03F3174AA2FB03239B0C6E
:10FE00000133B4B915498A6822F002028A6006E01B
:10FE100040F243111248F8F7AFF8E8E7013B0F4A08
:10FE2000D26B12F0020F01D0002BF7D183B100206A
:10FE300010BD0A498A6842F002028A6000E0013B74
:10FE4000064AD26B12F0020FF0D1002BF7D1EDE78A
:10FE50000320EDE7B808002083DE1B4300080246BC
:10FE600068830308D0B110B5044603680C4A934276
:10FE70000AD04032934207D002F58072934203D0F9
:10FE8000DC210848F8F778F8022323712046F8F7B8
:10FE9000C3F80020A0600123237110BD012070472A
:10FEA00000600240C083030838B504460D4603686D
:10FEB0001C4A93420BD04032934208D002F5807224
:10FEC000934204D040F253211748F8F755F8A5B1F2
:10FED000B5F5803F11D0B5F5003F0ED0B5F5403FE8
:10FEE0000BD0B5F5802F08D0B5F5A02F05D0B5F50E
:10FEF000C02F02D0B5F5E02F0AD12379012B0DD107
:10FF00000223237123681D6001232371002038BD63
:10FF10004FF415710448F8F72FF8EEE70223A360B9
:10FF20000120F4E700600240C083030810B50446D6
:10FF300003680A4A93420BD04032934208D002F53C
:10FF40008072934204D040F277210548F8F714F804
:10FF50002368186800F4E02010BD00BF0060024074
:10FF6000C08303081E4A536BC3F30803013307EE33
:10FF7000903AB8EE677A926AC2F30223013307EE31
:10FF8000903AF8EE676A12F0100303D0144B9B6BA3
:10FF9000C3F3CC0307EE903AF8EE677A02F003025F
:10FFA000022A16D0032A17D10D4B1A68C2F3005249
:10FFB0000C4BD34006EE103AB8EE466A86EE260A9F
:10FFC000DFED096A67EEA67A77EE877A20EE270AD8
:10FFD00070479FED066AF1E79FED056AEEE700BF07
:10FFE000000C02460048E801000000390024744B70
:10FFF00000000000002800F0C8832DE9F04383B022
:020000040801F1
:10000000044603680F2B34D8874BDD6905F00C05D7
:100010009E6A06F00306236813F0010F3DD0636863
:1000200013B1B3F5803F2AD1082D30D00C2D2CD040
:100030006368002B00F08380A36813B1B3F5801FC1
:1000400077D179490B6823F488136268A06802436A
:1000500013430B60F8F7CCFA0746734B1B6813F495
:10006000003F1AD1F8F7C4FAC01B6428F5D9032061
:100070009FE34FF4AB716D48F7F77EFFC4E740F2A2
:100080005F116A48F7F778FFCEE7032ED0D1636897
:10009000002B00F08983082D28D0236813F0020F6D
:1000A0007CD0236913B1B3F5807F5DD163691F2BC9
:1000B00060D8002D66D00C2D62D02369002B00F093
:1000C0009880594A136843F480731360F8F790FAE4
:1000D0000646554B1B6813F4806F40F08180F8F79B
:1000E00087FA801B0228F4D9032062E3A36813B1C6
:1000F000B3F5801F17D14C4A136823F48813A16805
:100100000B4343F4803313601268C2F30052484B30
:10011000D340484A1360484B1868F8F75DFA002846
:10012000BBD0012045E34FF4B7714048F7F724FFF7
:10013000E1E740F283113D48F7F71EFF81E73A49B6
:100140000A6822F4881213430B60F8F751FA074645
:10015000354B1B6813F4003F9FD0F8F749FAC01BDA
:100160006428F5D9032024E34FF4D6712F48F7F71C
:1001700003FF9BE740F2AD112C48F7F7FDFE98E72F
:10018000022E9AD12369002B00F01083264A1369AE
:1001900023F4F813616943EA01431361236813F000
:1001A000080F00F0E380A3692BB1B3F1806F02D098
:1001B000B3F1005F31D11C4BD3F8943013F0040F2E
:1001C0003CD1194BD3F8942042F00402C3F8942098
:1001D000D3F8943003F004030093009B01272EE032
:1001E000114A136923F4F813616943EA0143136167
:1001F000D4E70D4A136823F480731360F8F7F8F915
:100200000646094B1B6813F4806FC7D0F8F7F0F966
:10021000801B0228F5D90320CBE24FF4F771034885
:10022000F7F7AAFEC7E700BF000C024618840308D0
:100230000048E801B8080020BC0800200027A04BB7
:100240009B6A13F0010F32D09E4BD3F8F060A36984
:10025000002B74D013F0806F10D0E36913B1B3F1A9
:10026000805F38D1E26906F080539A4202D016F0DE
:10027000006F36D126F08056E3691E43A3691E4302
:10028000904BC3F8F060F8F7B3F980468D4BD3F884
:10029000F020A3694FEA430912EA430237D1F8F785
:1002A000A7F9A0EB08001428F0D9032081E2844AC2
:1002B000936A43F001039362F8F79AF90646804B7C
:1002C0009B6A13F0010FBFD1F8F792F9801B022847
:1002D000F5D903206DE240F21A217B48F7F74CFE76
:1002E000C0E726F08066774BC3F8F060F8F780F936
:1002F0008046744BD3F8F03013F0006FBAD0F8F7A3
:1003000077F9A0EB08001428F3D9032051E283F019
:100310001053DB4333406B4AC2F8F030F8F768F90A
:100320000646684BD3F8F02089F090431A421BD060
:10033000F8F75EF9801B1428F3D9032039E226F080
:100340001056604BC3F8F060F8F752F906465D4B63
:10035000D3F8F03013F0904F06D0F8F749F9801B2E
:100360001428F4D9032024E2002F43D1236813F08A
:10037000040F00F0B580E368012B05D9812B03D071
:10038000052B01D0852B3DD14E4BD3F8943013F083
:10039000040F3DD14B4BD3F8942042F00402C3F834
:1003A0009420D3F8943003F004030193019B0126B9
:1003B000434B9B6A13F0010F2CD0E368002B5FD0F6
:1003C0004049D1F8F02022F080021343C1F8F03008
:1003D000F8F70EF907463B4BD3F8F03013F0020F55
:1003E0002CD1F8F705F9C01B41F288339842F2D9B5
:1003F0000320DEE1334AD2F8943023F00403C2F83C
:100400009430B3E74FF41F712F48F7F7B5FDBBE702
:100410000026CDE72A4A936A43F001039362F8F776
:10042000E7F80746264B9B6A13F0010FC5D1F8F792
:10043000DFF8C01B0228F5D90320BAE1E36813F006
:10044000800F0ED11F4BD3F8F03013F4006F44D05F
:10045000F8F7CEF8C01B41F288339842F2D9032056
:10046000A7E1184BD3F8F03013F4006F35D1F8F74B
:10047000BFF8C01B41F288339842F2D9032098E1BB
:10048000104BD3F8F02022F08102C3F8F020D3F80B
:10049000F02022F00402C3F8F020F8F7A9F807468C
:1004A000084BD3F8F03013F0020F0FD0F8F7A0F894
:1004B000C01B41F288339842F2D9032079E100BF92
:1004C00000080246000C024618840308B04BD3F81B
:1004D000F03013F0800F40F09780002E40F0A480A1
:1004E000236A022B00F2A880236A002B00F06081AF
:1004F0000C2D00F0FC80022B40F0DC80636A023B94
:10050000012B00F29F80A36A013B072B00F2A08021
:10051000E36A043BB3F5FE7F00F2A080236B013B4E
:100520007F2B00F2A180636B013B7F2B00F2A28046
:10053000A36B013B7F2B00F2A380954A136823F045
:1005400080731360F8F754F80646914B1D68F8F76E
:100550004FF8801B022800F22F8115F00077F4D1AC
:10056000636A032B00F092808A4DA36AB5FBF3F512
:10057000A5F57413A3F51063874A934200F28C80AB
:10058000864B9D4200D90C2781498A6A22F4E36296
:1005900022F00702636A3B43A06A013843EA002362
:1005A000134343F480238B62E36A013B226B013ADD
:1005B00043EA4223626B013A43EA0243A26B013AE7
:1005C00043EA02634B63E36B53B1B3F5005F69D257
:1005D000E26BD2006E4B9A639A6A42F010029A6202
:1005E0006B4A136843F080731360F8F701F8044610
:1005F000674B1B6813F0007F5AD1F7F7F9FF001B18
:100600000228F5D90320D4E0614BD3F8F03013F47D
:10061000006F3FF462AFF7F7EBFFC01B41F2883386
:100620009842F1D90320C4E0594AD2F8943023F01B
:100630000403C2F8943053E740F2EB215848F7F72F
:100640009BFC51E740F2F5215548F7F795FC5AE736
:1006500040F2F6215248F7F78FFC59E740F2F721B4
:100660004F48F7F789FC59E74FF43E714C48F7F7CC
:1006700083FC58E740F2F9214948F7F77DFC57E73A
:1006800040F2FA214648F7F777FC56E7C5F30055E4
:10069000444B23FA05F568E740F21B314048F7F771
:1006A0006BFC6DE74FF44E713D48F7F765FC8FE743
:1006B00000207EE0364A136823F080731360F7F75A
:1006C00097FF0446324B1B6813F0007F06D0F7F704
:1006D0008FFF001B0228F5D903206AE02C4A936A99
:1006E00023F4E02323F003039362002061E0012B55
:1006F00064D0274A936A506B03F00301626A914207
:100700005ED1C3F30223A26A013A93425AD1C0F3E5
:100710000802E36A013B9A4256D1C0F34622236B9A
:10072000013B9A4252D1C0F30642636B013B9A42AD
:100730004ED1C0F30660A36B013B98424AD1144BE3
:100740009B6BC3F3CC03E26B9A4245D0B2F5005FDA
:1007500015D20F4A936A23F010039362F7F748FF0C
:100760000546F7F745FFA842FBD0E26BD200084BE5
:100770009A639A6A42F010029A62002019E040F2ED
:1007800083310748F7F7F8FBE3E70120704700BF24
:10079000000C02460024F400001BB70000127A008F
:1007A000188403080048E801012002E0012000E06D
:1007B000002003B0BDE8F0830320FAE70120F8E74A
:1007C0000120F6E70120F4E70120F2E70120F0E73D
:1007D0000120EEE70120ECE70020EAE710B5074B27
:1007E0005C6BC4F346240134FFF7BCFBFCEEC07A1B
:1007F00017EE900AB0FBF4F010BD00BF000C0246EB
:1008000010B5074B5C6BC4F306440134FFF7AAFB39
:10081000FCEEC07A17EE900AB0FBF4F010BD00BFFA
:10082000000C024610B5074B5C6BC4F30664013440
:10083000FFF798FBFCEEC07A17EE900AB0FBF4F0DD
:1008400010BD00BF000C024608B5094BDB6913F070
:100850000C030BD0082B06D1054B1B68C3F30053C8
:100860000448D84003E0FFF7DDFF00E0024808BD80
:10087000000C02460048E8010024F400002800F0C3
:10088000398170B50D460446036813F03F0F01D05F
:100890003F2B04D940F2D5319B48F7F76DFB0F2D64
:1008A00059D89A4B1B6803F00F03AB420BD2974AFF
:1008B000136823F00F032B431360136803F00F0337
:1008C000AB4240F01981236813F0200F13D0E36985
:1008D0000BB1102B45D1A36913B1043B032B46D8B0
:1008E0008B49D1F8003223F01703A269E069024373
:1008F0001343C1F80032236813F0010F5DD0636821
:100900001BB1022B01D0032B37D1814B1A686368CE
:10091000032B38D0022B49D012F4806F00F0F08006
:100920007B4AD36923F0030361680B43D361F7F774
:100930005FFE0646764BDB6903F00C036268B3EB9F
:10094000820F38D0F7F754FE801B41F2883398426B
:10095000F0D90320A6E040F2D6316B48F7F70CFB44
:100960009FE740F2EF316848F7F706FBB3E74FF433
:100970007C716548F7F700FBB2E74FF47E7162487F
:10098000F7F7FAFAC1E712F0007F00F0B780604A8B
:10099000D26902F00C02B2EB830FC1D05C4A936AB9
:1009A00023F4401343F480139362B9E712F4003F39
:1009B000B6D1012076E0032A75D0554B1E6A236814
:1009C00013F0020309D0A36813B1043B032B7FD8B3
:1009D00026F00706A3681E430123226812F0040FC5
:1009E00012D0E3685BB1602B09D077D8402B06D0DA
:1009F000502B04D040F261414348F7F7BDFA26F08E
:100A00007006E3681E430123226812F0080F6BD0C2
:100A100023695BB1602B09D063D8402B06D0502BE3
:100A200004D040F26C413848F7F7A6FA26F4E066A5
:100A3000236946EA0316364B1E62236813F0100F33
:100A400010D063695BB1602B09D050D8402B06D021
:100A5000502B04D040F27D412B48F7F78DFA6269A4
:100A60002B4B5A62294B1B6803F00F03AB420AD988
:100A7000264A136823F00F032B431360136803F017
:100A80000F03AB423ED1FFF7DFFE214B1B6A03F0A1
:100A90000703204AD35CD8401F4B18601F4B1868CF
:100AA000F7F79AFD70BD1A4A936A23F48013936294
:100AB000F7F79EFD0646164B9B6A13F4800F7FF4F2
:100AC0007CAFF7F795FD801B0A28F4D90320E9E7EE
:100AD00040F255410C48F7F74FFA79E7702B8ED06A
:100AE00088E7702BA2D09CE7002BA6D0A3E7702B41
:100AF000B5D0AFE7012070470120D3E70120D1E74F
:100B00000120CFE70120CDE7188403080020024030
:100B1000000C02469CC70308B8080020BC0800204F
:100B200008B5FFF791FE054B1B6A03F00703044A63
:100B3000D35CD840034B186008BD00BF000C0246D0
:100B40009CC70308B808002008B5FFF7E9FF044B6D
:100B50001B6AC3F30213034AD35CD84008BD00BF2D
:100B6000000C024694C7030808B5FFF7D9FF044BF1
:100B70001B6AC3F30223034AD35CD84008BD00BFFD
:100B8000000C024694C7030808B5FFF7C9FF044BE1
:100B90005B6AC3F30213034AD35CD84008BD00BFAD
:100BA000000C024694C70308F0B583B004460268FF
:100BB00022F07F4323F45F0313B1A54B13401BB115
:100BC0007821A448F7F7D8F9236813F0010F0CD067
:100BD0006368032B00F2A8819F4AD2F8E03023F02B
:100BE000030361680B43C2F8E030236813F0020F7F
:100BF00016D0A3685BB1043B082B00F29A8140F247
:100C0000111222FA03F313F0010F00F09281924ABD
:100C1000D2F8E03023F00C03A1680B43C2F8E030B7
:100C2000236813F0040F11D0E36833B1B3F5806F7C
:100C300003D0B3F5006F40F08181874AD2F8E030ED
:100C400023F44063E1680B43C2F8E030236813F0FB
:100C5000080F14D023694BB1B3F5802F06D0B3F53C
:100C6000002F03D0B3F5402F40F06D817A4AD2F8BF
:100C7000E03023F4402321690B43C2F8E0302368BD
:100C800013F0100F11D0636933B1B3F5801F03D097
:100C9000B3F5001F40F05C816F4AD2F8E03023F4D6
:100CA000401361690B43C2F8E030236813F0200F52
:100CB00011D0A36933B1B3F5800F03D0B3F5000FA2
:100CC00040F04B81644AD2F8E03023F44003A1693C
:100CD0000B43C2F8E030236813F0400F0ED0E369F5
:100CE0001BB1B3F1004F40F03D815B4AD2F8E030D8
:100CF00023F00043E1690B43C2F8E030236813F0AE
:100D0000800F1BD0236A43B1202B06D0602B04D068
:100D1000402B02D0802B40F02A814F4AD2F8E43099
:100D200023F0E003216A0B43C2F8E430236A002B6E
:100D300040F02281936A43F480339362236813F472
:100D4000807F19D0636A4BB1B3F5805F06D0B3F5ED
:100D5000005F03D0B3F5405F40F017813E4AD2F800
:100D6000E43023F44053616A0B43C2F8E430636A11
:100D7000B3F5405F00F00F81236813F4001F16D015
:100D8000A36A1BB1B3F1804F40F00A81324AD2F816
:100D9000E43023F08043A16A0B43C2F8E430A36A35
:100DA000002B40F00381936A43F4803393622368FD
:100DB00013F4007F0CD0E36A032B00F20181264A72
:100DC000D2F8E83023F00303E16A0B43C2F8E830BD
:100DD000236813F4806F0FD0236B23B1082B02D04C
:100DE000102B40F0F3801C4AD2F8E83023F01803AF
:100DF000216B0B43C2F8E830236813F4006F0FD067
:100E0000636B23B1402B02D0802B40F0E580124A67
:100E1000D2F8E83023F0C003616B0B43C2F8E8302E
:100E2000236813F4805F1BD0A36B4BB1B3F5806FC5
:100E300006D0B3F5006F03D0B3F5406F40F0D28019
:100E4000054AD2F8E83023F44063A16B0B4305E078
:100E50000000DFFF70840308000C0246C2F8E8308F
:100E6000236813F4005F1CD0E36B63B1B3F5805FBC
:100E700009D0B3F5005F06D0B3F5405F03D0B3F5FA
:100E8000804F40F0B580964AD2F8E83023F4E04332
:100E9000E16B0B43C2F8E830E36BB3F5005F00F0A1
:100EA000AD80236813F4804F00F0D480236C4BB1E5
:100EB000B3F5807F06D0B3F5007F03D0B3F5407F54
:100EC00040F0A180864BD3F8F06006F44076236CA6
:100ED000B34200F0BF80824BD3F8943013F0040F7C
:100EE00040F097807E4BD3F8942042F00402C3F880
:100EF0009420D3F8943003F004030193019B01275D
:100F0000784A936A43F001039362F7F771FB054651
:100F1000744B9B6A13F0010F7DD1F7F769FB401BFF
:100F20000228F5D90320D7E07E216F48F7F724F88F
:100F300052E689216C48F7F71FF868E6A1216A4854
:100F4000F7F71AF879E6D1216748F7F715F88DE633
:100F5000DD216548F7F710F89EE6E8216248F7F7CB
:100F60000BF8AFE6F2216048F7F706F8BDE6FD2181
:100F70005D48F7F701F8D0E6202B7FF4DFAE584A42
:100F8000936A43F400339362D8E640F2171156484F
:100F9000F6F7F2FFE2E6936A43F400339362EBE67E
:100FA00040F23F115048F6F7E7FFEFE6B3F1804F0C
:100FB0007FF4FDAE4A4A936A43F400339362F6E647
:100FC0004FF4AC714848F6F7D7FFF8E64FF4B1712B
:100FD0004548F6F7D1FF06E740F26D114248F6F7B3
:100FE000CBFF14E740F277113F48F6F7C5FF27E73C
:100FF00040F281113C48F6F7BFFF44E7936A43F49F
:10100000803393624DE740F293113748F6F7B4FF0F
:1010100058E7002774E7324BD3F8F05025F44072BC
:101020007EB1D3F8F800D3F8F01041F48031C3F862
:10103000F010D3F8F01021F48031C3F8F010C3F8A9
:10104000F800236C1343264AC2F8F030274B1D40AA
:1010500021D197BB236813F4004F3CD0636C43B19C
:10106000B3F5802F05D0B3F5002F02D0B3F5402F94
:101070002BD11B4AD2F8F03023F44023616C0B4390
:10108000C2F8F030D2F8F03003F44023626C93429F
:1010900024D1002020E0F7F7ABFA0646104BD3F836
:1010A000F03013EA4503D4D1F7F7A2FA801B41F2DE
:1010B00088339842F2D903200EE0094AD2F89430DE
:1010C00023F00403C2F89430C4E740F2E911064863
:1010D000F6F752FFCDE7002003B0F0BD0120FBE79B
:1010E000000C024600080246708403080100002438
:1010F00010B5044620F07F4323F45F0313B1A84BDF
:10110000034023B140F29E21A648F6F735FFB4F51F
:10111000807F00F0BF8146D8202C28D8002C00F01A
:10112000FA82013C1F2C00F2F882DFE814F09E00E6
:10113000C000F602E200F602F602F602FE00F60237
:10114000F602F602F602F602F602F6024301F60293
:10115000F602F602F602F602F602F602F602F602CF
:10116000F602F602F602F602F602F6025F01402CE3
:1011700000F07281802C14D18B4BD3F8E43013F043
:10118000E00300F07681202B00F07681402B00F008
:101190007681602B00F0CA82802B00F073810020E2
:1011A000BCE20020BAE2B4F5005F00F029823AD830
:1011B000B4F5006F00F0E58117D8B4F5007F00F0BA
:1011C000B081B4F5806F0ED1774BD3F8E83013F0CF
:1011D000180300F0C881082B00F0C881102B00F024
:1011E000C88100209AE2002098E2B4F5805F18D10F
:1011F0006D4BD3F8E83013F4406300F0DC81B3F5B5
:10120000806F00F0DB81B3F5006F00F0F181664B79
:10121000D3F8F00010F0020000F080824FF400409C
:101220007CE200207AE2B4F5004F00F03C82B4F595
:10123000001F00F06A81B4F5804F14D15A4BD3F8E7
:10124000F03003F44073B3F5807F00F00B82B3F508
:10125000007F00F01082544B186810F4003000F04A
:101260005D8252485AE2002058E24F4BD3F8E030FA
:1012700013F003030DD0012B0ED0022B0FD04A4BDD
:10128000D3F8F00010F0020000F048824FF4004064
:1012900044E2FFF769FC41E2FFF7D6FA3EE2424B37
:1012A000186810F4806000F03982414836E23E4B05
:1012B000D3F8E03013F00C030DD0042B0ED0082B24
:1012C0000FD0394BD3F8F00010F0020000F0268266
:1012D0004FF4004022E2FFF737FC1FE2FFF7B4FAB9
:1012E0001CE2314B186810F4806000F0178230481F
:1012F00014E22D4BD3F8E03013F4406307D0B3F57C
:10130000806F07D0B3F5006F07D0002006E2FFF72B
:101310001BFC03E2FFF798FA00E2234B186810F475
:10132000806000F0FB812248F8E11F4BD3F8E030E9
:1013300013F440230FD0B3F5802F0FD0B3F5002F57
:1013400026D0194BD3F8F00010F0020000F0E6812F
:101350004FF40040E2E1FFF7F7FBDFE1124BD3F877
:10136000F03013F0006F09D00F4BD3F8F03013F0CA
:10137000805F40F0D4814FF4FA40CFE10A4BD3F8BC
:10138000F00010F0804000F0C9814FF4FA40C5E150
:10139000054B186810F4806000F0C0810448BDE17E
:1013A0000000DFFF70840308000C024640420F007B
:1013B0000024F400A84BD3F8E03013F4401307D016
:1013C000B3F5801F07D0B3F5001F07D00020A5E1BB
:1013D000FFF7CAFBA2E1FFF737FA9FE19E4B1868BF
:1013E00010F4806000F09A819C4897E19A4BD3F802
:1013F000E03013F4400307D0B3F5000F08D0B3F585
:10140000800F0FD0002089E1FFF78AFBC00885E13B
:10141000914BD3F8F00010F0020000F07F814FF400
:1014200000407BE18C4BD3F8F03013F0006F09D013
:10143000894BD3F8F03013F0805F40F072814FF4A5
:10144000FA406BE1844BD3F8F00010F0804000F0DC
:1014500065814FF4FA4061E17F4BD3F8E0201868D2
:1014600010F4806000F05A81002AC0F25C817B4851
:1014700054E1FFF7B3F951E1FFF7C2F94EE1FFF78D
:10148000E3F94BE1744B186810F4806000F046817A
:10149000724843E1704BD3F8E43013F4405309D160
:1014A0006D4BD3F8F00010F0020000F037814FF4DC
:1014B000004033E1B3F5805F0AD0B3F5005F21D17E
:1014C000654B186810F4806000F02881634825E1BE
:1014D000614BD3F8F03013F0006F09D05E4BD3F8B6
:1014E000F03013F0805F40F024814FF4FA4015E1B2
:1014F000594BD3F8F00010F0804000F00F814FF40A
:10150000FA400BE1FFF77CF908E1534BD3F8E430E4
:1015100013F0804F02D1FFF761F9FFE0FFF770F998
:10152000FCE04D4BD3F8E83013F003030DD0012B52
:101530000ED0022B0FD0484BD3F8F00010F0020071
:1015400000F0EC804FF40040E8E0FFF71DFBE5E021
:10155000FFF77AF9E2E0404B186810F4806000F081
:10156000DD803E48DAE0FFF70FFBD7E0FFF76CF9CC
:10157000D4E0394B186810F4806000F0CF80374811
:10158000CCE0354BD3F8E83013F0C00305D0402B46
:1015900006D0802B07D00020C0E0FFF7F5FABDE0B1
:1015A000FFF752F9BAE02C4B186810F4806000F095
:1015B000B5802A48B2E0FFF7E7FAAFE0264BD3F850
:1015C000F03013F0006F09D0234BD3F8F03013F054
:1015D000805F40F0B0804FF4FA409FE01E4BD3F89C
:1015E000F00010F0804000F099804FF4FA4095E050
:1015F000194B186810F4806000F0908017488DE057
:10160000154BD3F8E83013F4E0430DD0B3F5805F09
:101610000DD0B3F5005F0DD0B3F5405F0DD0B3F53D
:10162000804F11D0002079E0FFF77AFA76E0FFF7DB
:101630000BF973E0FFF7D2F870E0074B186810F46D
:1016400000306BD0064869E0034B186810F48060E6
:1016500064D0024862E000BF000C02460024F4009F
:101660000048E801374BD3F8F00010F0020055D0E5
:101670004FF4004052E0334BD3F8F03013F0006FDA
:1016800008D0304BD3F8F03013F0805F55D14FF4D1
:10169000FA4043E02B4BD3F8F00010F080403DD0EF
:1016A0004FF4FA403AE0274BD3F8F03003F44023EC
:1016B000B3F5402F07D0B3F5802F0CD0B3F5002F32
:1016C00011D000202AE01F4B186810F4003025D0FC
:1016D0004FF4FA4022E01B4BD3F8F00010F0020068
:1016E0001CD020461AE0174BD3F8F03013F0006FEF
:1016F00008D0144BD3F8F03013F0805F1FD14FF4B3
:10170000FA400BE00F4BD3F8F00010F0804005D00A
:101710004FF4FA4002E0002000E0002010BDFA2063
:10172000FCE7FA20FAE74FF22440F7E74BF6803067
:10173000F4E7FA20F2E7FA20F0E7FA20EEE7FA20E1
:10174000ECE700BF000C024610B504463F2809D85C
:10175000074AD2F8103223F47C1343EA0443C2F858
:10176000103210BD40F2CD510248F6F705FCEFE70C
:10177000000C024670840308034AD2F8083243F092
:101780000203C2F808327047000C0246034AD2F83E
:10179000083223F00203C2F808327047000C0246F8
:1017A00038B504460D46B1F5807F02D0B1F5007F13
:1017B0001CD194F82C30012B28D0012384F82C3034
:1017C000022384F82D30B5F5807F15D0104B9A692F
:1017D00022F408529A61DA6C22F00042DA640123A2
:1017E00084F82D30002084F82C0038BD40F2D461FC
:1017F0000848F6F7C1FBDCE7054B9A6922F48852EA
:101800009A615A6C22F000425A64E8E70220ECE741
:1018100000780046C884030838B504460B4B5D6D5C
:1018200015F0010F06D115F0020F08D1012384F83D
:101830002D3038BD0122DA65F8F7C6F9F3E7034B1E
:101840000222DA65204600F0DFFBEFE70078004671
:1018500038B505460F4AD36823F02003D360F6F766
:10186000C7FE04460B4BDB6813F0200F10D1F6F7D0
:10187000BFFE001BB0F57A7FF4D9064BDB6813F08E
:10188000200F01D0002004E0032085F82D0000E0A7
:10189000002038BD0078004670B5144BDB6813F0AB
:1018A000400F02D00024204670BD05460F4AD36881
:1018B00043F08003D360F6F79BFE064600240B4BF3
:1018C000DB6813F0400FEED1032CECD0F6F790FE5E
:1018D000831BB3F57A7FF2D9044BDB6813F0400F1A
:1018E000E1D1032485F82D40E9E700BF00780046E8
:1018F00010B50446104BDA6822F08002DA609B696A
:1019000013F0200F06D1FFF7A3FF98B1032084F84E
:101910002D000FE0084A936923F020039361FFF73D
:1019200097FF10B1032084F82D00034A936943F018
:101930002003936110BD00BF00780046002800F02E
:10194000EB8010B504460268744B9A4204D040F212
:1019500005117348F6F710FB6368402B01D0002B8C
:1019600059D1A3687F2B5CD8E368B3F5004F5ED2F2
:1019700023695BB1B3F5001F08D0B3F5800F05D024
:10198000B3F5C00F02D0B3F1806F56D1A36913B184
:10199000B3F5801F57D1E369B3F1804F01D0002B1D
:1019A00057D1236A13B1B3F1005F58D1636913B102
:1019B000B3F1004F59D1636A2BB1B3F5807F02D0E8
:1019C000B3F5007F57D1A36AA3B1B3F5806F11D0EF
:1019D000B3F5006F0ED0B3F5406F0BD0B3F5805F59
:1019E00008D0B3F5A05F05D0B3F5C05F02D0B3F562
:1019F000E05F46D194F82D30002B48D0022384F8C4
:101A00002D30464BDB6813F0100F46D0012384F8CD
:101A10002D30002010BD4FF483714148F6F7ACFA29
:101A20009FE740F207113E48F6F7A6FA9CE74FF40D
:101A300084713B48F6F7A0FA9AE74FF4857138486D
:101A4000F6F79AFAA2E740F20B113548F6F794FA46
:101A5000A1E74FF486713248F6F78EFAA1E740F21B
:101A60000D112F48F6F788FAA0E74FF488712C483B
:101A7000F6F782FA9FE74FF489712948F6F77CFA66
:101A8000A1E740F213112648F6F776FAB2E784F898
:101A90002C302046F6F73CFBB0E7204BCA225A62B6
:101AA00053225A622046FFF7F7FE18B11B4BFF2264
:101AB0005A62AFE7194B9A6922F08E6222F0400217
:101AC0009A619969626820690243A06902430A43E6
:101AD0009A61E268A16842EA01421A61DA6822F476
:101AE000F852616AA06A01430A43DA602046FFF7B0
:101AF000FFFE18B1094BFF225A628BE707498B6939
:101B000023F06043226AE0690243606902431343A1
:101B10008B61FF234B6279E7012070470078004614
:101B2000C8840308002302E001330A38C0B2092840
:101B3000FAD81B01DBB218437047030903EB830398
:101B400000F00F0000EB4300C0B27047F8B590F80A
:101B50002C30012B00F0F08105460C46174601237E
:101B600080F82C30022380F82D30974BDB6813F47B
:101B7000407F41D1012A21D8E36AB3F5807F02D0AA
:101B8000B3F5007F20D1636913F07F3F22D1236A30
:101B900013B1B3F1804F23D16368B3F5004F25D261
:101BA000A369002B49D003F17F43B3F1785F44D997
:101BB00040F219618548F6F7DFF93EE040F2146122
:101BC0008248F6F7D9F9D7E740F215617F48F6F772
:101BD000D3F9D8E740F216617C48F6F7CDF9D6E79D
:101BE00040F217617948F6F7C7F9D5E74FF4C361BA
:101BF0007648F6F7C1F9D3E7734BDB6803F440731B
:101C0000B3F5807F36D0012A4DD8E36AB3F5807FE3
:101C100002D0B3F5007F4CD1636913F07F3F4ED102
:101C2000236A13B1B3F1804F4FD1E27E664BDB687C
:101C3000C3F3822308339A424DD8634BDE6806F41F
:101C40004076B6F5807F00F01681002F40F0A2802C
:101C50009B6913F0400F4AD02378013BDBB20B2B7A
:101C60003FD8E378012B47D940F237615748F6F760
:101C700083F941E08B6923B103F17F43B3F1785FCE
:101C80000BD8E369002BD8D0B3F1004FD5D040F288
:101C90001E614E48F6F770F9CFE740F21D614B48E0
:101CA000F6F76AF9EDE740F222614848F6F764F981
:101CB000ABE740F223614548F6F75EF9ACE740F246
:101CC00024614248F6F758F9AAE740F225613F48F7
:101CD000F6F752F9A9E74FF4C5613C48F6F74CF91D
:101CE000ABE740F236613948F6F746F9B9E7002329
:101CF000E3702378172B29D863783B2B2CD8A37853
:101D00003B2B2FD8236A002B38D194F82430013B89
:101D1000DBB21E2B2CD82078FFF704FF0704607875
:101D2000FFF700FF47EA0027A078FFF7FBFE074315
:101D3000E37847EA835794F82400FFF7F3FE47EA75
:101D40000063226A13436269134395E040F23C61E9
:101D50001E48F6F711F9CFE740F23E611B48F6F74F
:101D60000BF9CCE740F23F611848F6F705F9C9E7EF
:101D700040F243611548F6F7FFF8CCE794F82430B9
:101D8000013BDBB2062BC6D940F247610F48F6F79C
:101D9000F3F8C0E70C4B9B6913F0400F18D0207884
:101DA000FFF7CBFE08B10C2804D940F25561074873
:101DB000F6F7E2F8E378012B11D940F256610348B7
:101DC000F6F7DAF80BE000BF00780046C884030895
:101DD0000023E3702078FFF7B0FE172818D860784A
:101DE000FFF7ABFE3B2819D8A078FFF7A6FE3B28EB
:101DF0001AD8236AF3B994F82400FFF79EFE08B1BD
:101E00001F281FD940F264614C48F6F7B5F819E075
:101E100040F25B614948F6F7AFF8E0E740F25E61F7
:101E20004648F6F7A9F8DFE740F25F614348F6F766
:101E3000A3F8DEE794F82400FFF77FFE0138C0B274
:101E4000062812D8227863781B0243EA0243A2785C
:101E50001343E27843EA825394F8242043EA02636E
:101E6000226A13436269134306E04FF4CD6133489D
:101E7000F6F782F8E6E70023E26AB2F5807F24D025
:101E80002F4A916921F4085191610221D165B6F57B
:101E9000807F45D02A4A9364A369D3646268284B43
:101EA0005A67A36A012B41D0254A936923F08053D6
:101EB0009361234A936943F408539361012385F89E
:101EC0002D30002085F82C00F8BD1D4A916921F4C1
:101ED000885191610121D165B6F5807F14D0184AEF
:101EE0001364A36953646268154B1A67A36A012BD4
:101EF00010D0134A936923F000639361104A9369E9
:101F000043F488539361D9E7A369E26913430C4A08
:101F10005364E8E70A4A936943F000639361EDE78D
:101F2000A369E2691343064AD364B7E7044A936995
:101F300043F080539361BCE70220C5E7C8840308DF
:101F40000078004690F82C30012B11D0012280F847
:101F50002C20022380F82D3006498B6943F02003A2
:101F60008B6180F82D20002380F82C3018467047B4
:101F7000022070470078004690F82C30012B11D0D9
:101F8000012280F82C20022380F82D3006498B692D
:101F900023F020038B6180F82D20002380F82C3063
:101FA00018467047022070470078004690F82C30A1
:101FB000012B11D0012280F82C20022380F82D3033
:101FC00006498B6943F080038B6180F82D20002344
:101FD00080F82C3018467047022070470078004681
:101FE00010B50446074B5B6D13F0400F03D101237E
:101FF00084F82D3010BD034B4022DA65F7F7E6FD7B
:10200000F5E700BF007800467047000038B50C4681
:1020100015461F2906D8A10001F18C4101F5FA41AE
:102020000D6038BD4FF421610148F5F7A5FFF2E7D7
:102030002085030810B50C461F2906D8A10001F120
:102040008C4101F5FA41086810BD40F62A2102488A
:10205000F5F792FFF2E700BF2085030810B50C46A4
:102060000B68B3F5004F01D0002B33D1636823F424
:10207000C04323F00F03002B32D1A368B3F1004F0C
:1020800001D0002B32D1A369B3F5004F01D0002B52
:1020900032D1E36833F0C04334D123691F2B37D8E2
:1020A00063691F2B3AD82368626813431E4AD361C1
:1020B000A368E2681343A26913431C4A5362136A7C
:1020C00003F0FF232169606941EA00410B43136279
:1020D000002010BD40F6F3211548F5F74DFFC5E788
:1020E00040F6F4211248F5F747FFC6E740F6F52120
:1020F0000F48F5F741FFC6E740F6F6210C48F5F723
:102100003BFFC6E740F6F7210948F5F735FFC4E77E
:1021100040F6F8210648F5F72FFFC1E740F6F92110
:102120000348F5F729FFBEE700780046007C00462B
:102130002085030803685A69996941F0080199618B
:1021400001688B6943F010038B6101680B6823F011
:1021500001030B6001680B6923F45B7323F0030335
:102160000B6101688B6823F440438B6090F88930E1
:10217000042B0DD012F0200F0AD0D0F88C3043F091
:102180008003C0F88C3001688B6943F020038B61B9
:1021900090F88930032B11D012F0400F0AD0D0F8FC
:1021A0008C3043F00403C0F88C3001688B6943F035
:1021B00040038B61836AB3F5800F21D012F4007F56
:1021C0000AD0D0F88C3043F00103C0F88C3001689D
:1021D0008B6943F400738B6112F4807F0AD0D0F8CE
:1021E0008C3043F00803C0F88C300268936943F4E4
:1021F000807393610023A0F86A30A0F872307047B2
:1022000012F0800FDAD0D0F88C3043F00203C0F81F
:102210008C3001688B6943F080038B61CEE7C36B20
:102220005B09C0680830C00803FB0000704700006D
:10223000002800F0BD8238B504460368964A9342F0
:1022400006D0964A934203D0FB219548F5F794FEB9
:10225000636813B1B3F5800F42D1A36843B1B3F5FE
:10226000802F05D0B3F5C02F02D0B3F5003F3CD18D
:1022700022688A4B9A423DD0E368033B1C2B00F254
:10228000F880E36B002B4CD0202B4AD0402B48D059
:10229000602B46D0802B44D0A02B42D0C02B40D006
:1022A000E02B3ED0B3F5807F3BD0B3F5907F38D0A4
:1022B000B3F5A07F35D0B3F5B07F32D0B3F5C07F92
:1022C0002FD0B3F5D07F2CD0B3F5E07F29D0B3F574
:1022D000F07F26D04FF483717148F5F74DFE20E072
:1022E000FC216F48F5F748FEB7E7FD216C48F5F78C
:1022F00043FEBDE7E3680F2B02D0072B40F0AD8013
:10230000E36B73B1202B0CD0402B0AD0602B08D08C
:10231000802B06D0A02B04D0C02B02D0E02B40F0A5
:10232000A280A369B3F1806F04D01BB1B3F1005F49
:1023300040F0A580636BB3F1804F02D0002B40F0DA
:10234000A480E369B3F1004F16D0ABB1B3F1805F65
:1023500012D0B3F1005F0FD0B3F1405F0CD0B3F1F6
:10236000804F09D0B3F1A04F06D0B3F1C04F03D0D6
:10237000B3F1E04F40F09680236A1BB1B3F5000F34
:1023800040F09680636A1BB1B3F5002F40F0968051
:10239000636A5BB923691BB1B3F1007F40F094809D
:1023A00063691BB1B3F1807F40F09480A36A1BB1D5
:1023B000B3F5800F40F09480A36AB3F5800F00F06E
:1023C0009580E36D1BB1B3F5005F40F01B81236E78
:1023D0001BB1B3F5804F40F01B81236D1BB1B3F5EA
:1023E000807F40F01B8125682C4B9D4200F01C81B2
:1023F0002046FFF714FF294B9D4200F01B81264B1E
:102400009D4200F01C81A36AB3F5800F00F01C818F
:10241000E5682D0494F88930002B00F0298102230F
:1024200084F889302268136823F001031360A369DC
:10243000B3F1806F00F02281636813F4800F00F025
:102440003781E368062B40F233812268136823F456
:102450008073216D0B4313602FE14FF4807110489E
:10246000F5F78AFD4CE740F201110D48F5F784FDC0
:1024700057E740F205110A48F5F77EFD01E74FF4F2
:1024800084710748F5F778FD54E740F209110448D4
:10249000F5F772FD55E700BF00300140002000460F
:1024A000788503084FF485717F48F5F765FD63E78C
:1024B00040F20B117C48F5F75FFD63E74FF486713E
:1024C0007948F5F759FD63E740F20F117648F5F7C3
:1024D00053FD65E74FF488717348F5F74DFD65E7E7
:1024E00040F213117048F5F747FD65E722686F4B1E
:1024F0009A425FD0236B002B63D0B3F5F81F60D0F6
:10250000B3F5F01F5DD0B3F5E81F5AD0B3F5E01F67
:1025100057D0B3F5D81F54D0B3F5D01F51D0B3F571
:10252000C81F4ED0B3F5C01F4BD0B3F5B81F48D06D
:10253000B3F5B01F45D0B3F5A81F42D0B3F5A01F27
:102540003FD0B3F5981F3CD0B3F5901F39D0B3F509
:10255000881F36D0B3F5801F33D0B3F5702F30D03D
:10256000B3F5602F2DD0B3F5502F2AD0B3F5402FFF
:1025700027D0B3F5302F24D0B3F5202F21D0B3F5D9
:10258000102F1ED0B3F5002F1BD0B3F5E02F18D0BD
:10259000B3F5C02F15D0B3F5A02F12D0B3F5802F0F
:1025A0000FD0B3F5403F0CD04FF48E713E48F5F795
:1025B000E3FC06E0236BB3F5E02F02D0B3F5702FF8
:1025C0000ED1E36A93B1236C012B15D8636C012BF8
:1025D0007FF6F7AE4FF490713348F5F7CDFCF0E697
:1025E0004FF48C713048F5F7C7FCEAE74FF48F7170
:1025F0002D48F5F7C1FCE6E740F21F112A48F5F730
:10260000BBFCE3E74FF493712748F5F7B5FCDEE632
:1026100040F227112448F5F7AFFCDEE64FF4947141
:102620002148F5F7A9FCDEE6E3680F2B7FF6E0AE64
:10263000012085E008287FF6E2AE012080E0102826
:102640007FF6E1AE01207BE0184B9D420AD0256B5E
:102650000DB9E5682D04E368B3EB154F7FF6DAAEEC
:1026600001206DE0236BB3F5702FF0D9012067E0F6
:1026700084F888302046F5F7A9FED0E66368B3F504
:10268000800F08D0002B7FF4D7AEA36BB3F1805F2F
:102690007FF4D2AE02E0A26B002AF3D12268136865
:1026A00043F480531360C7E6788503080020004692
:1026B0002268136823F480731360E369A26A1343EA
:1026C0002B43E26B1343E16822680B439360636B17
:1026D000626A1343A26B1343A26913432269134333
:1026E00062691343226A134362681343E26C134323
:1026F000A2681343A26C1343A26D1343E26D13430C
:10270000216E22680B43D360A36AB3F5800F18D003
:10271000636823B92268936843F400739360636825
:1027200013F4800F06D02268D36823F00043616D54
:102730000B43D3600020C4F88C00012384F8893057
:1027400038BD236C012B1BD02268136823F400438F
:102750001360636C012B19D02268136823F4804343
:1027600013602368134A934216D0134A93421BD036
:102770001A6822F400521A602368E26A1A64C7E7F2
:102780002268136843F400431360E2E72268136889
:1027900043F480431360E4E7B5F5702FE5D11A6880
:1027A00042F400521A60E7E7B5F5F81FE0D1F6E70A
:1027B00001207047002000460030014000B310B5F2
:1027C000044603680F4A934207D00F4A934204D04D
:1027D0004FF4FA710D48F5F7CFFB022384F88930E6
:1027E0002268136823F0010313602046F5F7C8FE42
:1027F0000020C4F88C0084F8890084F8880010BD9B
:102800000120704700300140002000467885030811
:10281000704770477047704708B5C06D0023A0F837
:102820007230A0F86A30012380F88930FFF7F3FF97
:1028300008BD70472DE9F84304460668326973699C
:1028400002EA0305D6F8089090F88970FFB213F4F5
:10285000006F02D012F0080F3FD105F06403042B83
:1028600042D0002305F04508B8F1010F44D005F02F
:102870002602022A45D0002B46D115F0080F79D048
:102880002268936943F0080393612268936943F0D7
:10289000100393612268936943F400639361226893
:1028A000136923F00803136123689B6813F4404FF6
:1028B0003BD02046FFF73EFC012384F88930D4F852
:1028C0008C30002B4AD1052F4CD0042F4ED0032F33
:1028D0001AD12046FFF79CFF16E0B36943F400636A
:1028E000B361FFF7A6FF0FE0E36F20469847A36FA1
:1028F000204698470123B5E7A36F204698474346F3
:10290000B5E7E36F20469847BDE8F883072B1CD94D
:10291000E36E328E1A80E36E0233E366B4F87230EF
:102920009BB2013B9BB2A4F87230B4F872309BB2F8
:10293000002BBED0E3680F2BE8D92268E36E126B40
:102940001A60E36E0433E366E8E72268E36E92F808
:1029500030201A70E36E0133E366DFE72046FFF7AD
:102960005AFFD1E72046FFF755FFCDE72046FFF796
:1029700050FFC9E715F4587FC6D015F0400F0AD0B4
:10298000D4F88C3043F00403C4F88C302268936987
:1029900043F04003936115F4007F0AD0D4F88C30E3
:1029A00043F00103C4F88C302268936943F4007348
:1029B000936115F4807F0AD0D4F88C3043F008037B
:1029C000C4F88C302268936943F48073936115F0E6
:1029D000200F0AD0D4F88C3043F08003C4F88C3038
:1029E0002268936943F020039361D4F88C30002B64
:1029F0008AD02268136823F00103136022681369E8
:102A000023F45A7323F00303136109F44049B9F521
:102A1000404F29D12268936823F440439360D4F84F
:102A2000843063B1144ADA66D4F88400FBF78BFD76
:102A300028B1D4F88C3043F04003C4F88C30D4F87B
:102A40008030002B3FF460AF0B4ADA66D4F8800088
:102A5000FBF779FD00283FF457AFD4F88C3043F0F2
:102A60004003C4F88C304FE7012384F889302046B6
:102A7000FFF7D1FE48E700BF1928010838B590F8E4
:102A80008930012B40F0968004460D4690F888303E
:102A9000012B00F09180012380F88830022380F818
:102AA00089300368454A934206D0454A934203D091
:102AB000E7214448F5F760FA2268414B9A424CD02E
:102AC0006B68B3F1805F2ED03F4A93422BD002F562
:102AD0008032934227D002F58032934223D002F510
:102AE000803293421FD002F5803293421BD002F510
:102AF0008032934217D002F58032934213D002F510
:102B0000803293420FD002F5803293420BD002F50F
:102B10008032934207D002F58032934203D0E821FD
:102B20002848F5F729FAAB6813B1B3F5801F3CD1FB
:102B30002268136823F0010313602B686A6802F4AB
:102B400070221343A96822680B43D361012384F8E0
:102B50008930002084F888002DE06B68B3F1005FB5
:102B6000E1D01A4A9342DED002F580329342DAD0A5
:102B700002F580329342D6D002F580329342D2D011
:102B800002F580329342CED002F580329342CAD011
:102B900002F500329342C6D002F500329342C2D011
:102BA00002F580329342BAD1BDE7E9210548F5F735
:102BB000E3F9BDE7012038BD0220FCE70030014009
:102BC00000200046D085030800000110000001200D
:102BD000704770477047704770477047704770473D
:102BE0007047026852E8003F23F0C00342E800311A
:102BF0000029F6D1026802F1080353E8003F23F4EC
:102C00000003083242E800310029F3D12023C0F844
:102C100088307047026852E8003F23F4907342E81E
:102C200000310029F6D1026802F1080353E8003FA1
:102C300023F0805323F00103083242E800310029D9
:102C4000F1D1C36E012B06D02023C0F88C300023B5
:102C5000C36643677047026852E8003F23F01003E1
:102C600042E800310029F6D1EEE708B50346C06D11
:102C70001B6D812B18D00023A0F85630026802F19A
:102C8000080353E8003F23F08003083242E8003194
:102C90000029F3D1026852E8003F43F0400342E8C4
:102CA00000310029F6D108BDD0F898309847FAE7EE
:102CB00008B5C06DD0F89430984708BD08B5844673
:102CC000C06DDCF85030812B29D00023A0F85E3095
:102CD000026852E8003F23F4807342E80031002983
:102CE000F6D1026802F1080353E8003F23F0010324
:102CF000083242E800310029F3D1026802F10803EA
:102D000053E8003F23F04003083242E80031002935
:102D1000F3D12023C0F88C30C36E012B08D00023E0
:102D20000367C36E012B0DD0D0F8A030984708BDC3
:102D3000026852E8003F23F0100342E80031002906
:102D4000F6D1ECE70023A0F85E30DCF800309B6C95
:102D50009BB2B0F85C10994201D9A0F85E30D0F86F
:102D6000BC20B0F85E309BB2C91A89B29047DEE74A
:102D700008B50346C06D01220267C26E012A03D066
:102D8000D0F89C30984708BDB0F85C104A08A0F80D
:102D90005E201B689B6C9BB2994201D3A0F85E3009
:102DA000D0F8BC20B0F85E309BB2C91A89B2904707
:102DB000E9E738B5C46DD4F88820D4F88C5023687E
:102DC0009B6813F0800F01D0212A11D023689B68E3
:102DD00013F0400F01D0222D11D0D4F8903043F0E1
:102DE0001003C4F89030D4F8A4302046984738BD7A
:102DF0000023A4F856302046FFF7F3FEE6E7002351
:102E0000A4F85E302046FFF705FFE6E708B5C06D81
:102E10000023A0F85E30D0F8A430984708BD08B56C
:102E2000026852E8003F23F0400342E800310029E5
:102E3000F6D12023C0F8883000238367D0F898307B
:102E4000984708BD002837D010B5044603681B4AD0
:102E500093420BD0A2F57442934207D0184A934292
:102E600004D040F283211748F5F786F82423C4F8EC
:102E700088302268136823F001031360226800235E
:102E800013602268536022689360D4F8C4307BB129
:102E9000D4F8C430204698470020C4F89000C4F805
:102EA0008800C4F88C00E066206784F8840010BDB8
:102EB000054BC4F8C430EBE70120704700380140EF
:102EC000002400462886030875830008D0F888305F
:102ED000202B62D110B50446002960D0002A60D0B2
:102EE0000165A0F85420A0F856200023C0F89030C7
:102EF0002123C0F88830C36F002B3DD02A491966C2
:102F0000C36F2A495966C36F29499966C36F002167
:102F1000D9668368B3F5805F20D0E06F036D13F04E
:102F2000800F21D0436F8BB11B687BB19A60226DFB
:102F3000E36F5B6F1B68DA6023682833E26F526FC0
:102F400012681361E06FFBF7FFFDA8B11023C4F80E
:102F500090302023C4F88830012010BD0369002B75
:102F6000DBD1520092B2D8E72168134601F1280262
:102F7000216DFBF743FAE8E7236840221A622268D2
:102F800002F1080353E8003F43F08003083242E8AF
:102F900000310029F3D10020DFE702207047012033
:102FA000DBE70120D9E700BF6B2C0108B12C010839
:102FB000B32D010870B504460268D36911689068A2
:102FC00040F60F0C13EA0C0F0FD113F0200F12D0A4
:102FD00011F0200F02D110F0805F0CD0636F002B36
:102FE00000F08281204698477EE19D4D05402BD11F
:102FF0009C4E314228D1E56E012D00F0C28013F0C5
:10300000800F07D011F0800F40F06A8110F4000F9C
:1030100040F0668113F0400F03D011F0400F40F0F4
:10302000648113F4000F03D011F0804F40F06181F0
:1030300013F0807F00F05881002980F25581D4F888
:10304000B430204698474FE113F0010F09D011F436
:10305000807F06D001261662D4F890203243C4F84F
:10306000902013F0020F0BD010F0010F08D022684F
:1030700002261662D4F8902042F00402C4F8902090
:1030800013F0040F0BD010F0010F08D022680426B3
:103090001662D4F8902042F00202C4F8902013F097
:1030A000080F0BD011F0200F00D13DB12268082588
:1030B0001562D4F890202A43C4F8902013F4006FCE
:1030C0000CD011F0806F09D022684FF400651562B2
:1030D000D4F8902042F02002C4F89020D4F8902038
:1030E000002A00F0018113F0200F09D011F0200F09
:1030F00002D110F0805F03D0636F0BB12046984778
:10310000D4F8902023689B6813F0400F02D112F08E
:10311000280F2ED02046FFF77DFD23689B6813F013
:10312000400F21D0226802F1080353E8003F23F04A
:103130004003083242E800310029F3D1D4F880304E
:103140006BB1494ADA66D4F88000FBF7FCF9002835
:1031500000F0CA80D4F88000C36E9847C4E0D4F869
:10316000A43020469847BFE0D4F8A43020469847C2
:10317000BAE0D4F8A430204698470023C4F8903031
:10318000B2E013F0100F3FF43AAF11F0100F3FF41C
:1031900036AF1023136223689B6813F0400F65D08D
:1031A000D4F8802013689B6C9BB2002B49D0B4F8F4
:1031B0005C10994245D9A4F85E30136D812B32D052
:1031C000226852E8003F23F4807342E8003100296E
:1031D000F6D1226802F1080353E8003F23F001030F
:1031E000083242E800310029F3D1226802F10803D5
:1031F00053E8003F23F04003083242E80031002941
:10320000F3D12023C4F88C300023E366226852E80F
:10321000003F23F0100342E800310029F6D1D4F832
:103220008000FBF73BF902232367D4F8BC20B4F8F5
:103230005C10B4F85E309BB2C91A89B22046904740
:1032400052E0B4F85C1099424ED1136D812B4BD1F2
:1032500002232367D4F8BC302046984744E000BFDF
:1032600001000010200100040D2E0108B4F85C10CC
:10327000B4F85E309BB2C91A89B2B4F85E309BB222
:10328000002B31D081B3226852E8003F23F49073C1
:1032900042E800300028F6D1226802F1080353E822
:1032A000003F23F0805323F00103083242E800304E
:1032B0000028F1D12023C4F88C300023E366636733
:1032C000226852E8003F23F0100342E80030002853
:1032D000F6D102232367D4F8BC302046984703E098
:1032E000A36F0BB12046984770BD2046FFF797FDAE
:1032F000FAE7D4F8B83020469847F5E7104BC0F805
:103300009430104BC0F898300F4BC0F89C300F4BE6
:10331000C0F8A0300E4BC0F8A4300E4BC0F8A83057
:103320000D4BC0F8AC300D4BC0F8B0300C4BC0F8B2
:10333000B4300C4BC0F8B8300B4BC0F8BC30704701
:10334000D32B0108D12B0108D72B0108D52B01085D
:10335000D92B0108DB2B0108DD2B0108DF2B01082D
:103360000D3D01080F3D0108E12B010870B5044631
:103370004268924B9A4200F29D80A368B3F1805F4D
:1033800004D01BB1B3F5805F40F09A8022688C4B6B
:103390009A4200F09B80E368B3F5805F07D033B1B9
:1033A000B3F5405F03D0B3F5005F40F09D80236A22
:1033B0001BB1B3F5006F40F09D80236933B1B3F5C5
:1033C000806F03D0B3F5C06F40F09A80636933F02B
:1033D0000C0200D123B940F63D417A48F4F7CCFD08
:1033E000A3694BB1B3F5807F06D0B3F5007F03D05E
:1033F000B3F5407F40F08A80E3691BB1B3F5004F1D
:1034000040F08A80636A0B2B00F28C80A3682269EB
:10341000134362691343E2691343216808686A4AE7
:1034200002401A430A602268536823F44053E1685B
:103430000B435360A1692268614B9A4201D0236A11
:103440001943936823F06E4323F430630B43936076
:103450002268D36A23F00F03616A0B43D3622368A7
:103460005A4A934264D05A4A934274D0544A93427F
:1034700000F08980202252498B4200F0AD80E06943
:10348000B0F5004F00F0EA80102A00F24F81DFE82B
:1034900012F01C0121014D014D011A014D014D0198
:1034A0004D0124014D014D014D014D014D014D01D5
:1034B0004D0127014FF443614248F4F75DFD5CE79D
:1034C00040F631413F48F4F757FD5FE7E368002BD2
:1034D0003FF473AFB3F5005F3FF46FAF40F6344194
:1034E0003848F4F749FD68E740F638413548F4F7C5
:1034F00043FD5CE740F639413248F4F73DFD5CE7B7
:1035000040F63C412F48F4F737FD5FE740F63E4177
:103510002C48F4F731FD6FE740F63F412948F4F7B6
:103520002BFD6FE74FF444612648F4F725FD6DE766
:10353000284AD2F8E02002F00302032A09D8DFE883
:1035400002F002043606012295E7082293E71022D2
:1035500091E720228FE71F4AD2F8E02002F00C0208
:103560000C2A0ED8DFE802F0070D0D0D090D0D0D28
:10357000250D0D0D0B0000227DE708227BE71022B0
:1035800079E7202277E702F5F432D2F8E82002F05A
:103590000302032A09D8DFE802F002040E06022221
:1035A00069E7082267E7102265E7202263E7042223
:1035B00061E704225FE704225DE700BF1FBCBE0095
:1035C0000024004628860308F369FFCF0038014035
:1035D00000440040000C0246023A0E2A00F2988095
:1035E000DFE802F00B9613969696109696969696AE
:1035F000969608004FF4004008E0FDF7C5FA28B998
:10360000002094E0FDF720F9F9E74E48626A4E4B3E
:1036100033F81220B0FBF2F3656805EB45019942DF
:1036200078D8B3EB053F77D8002633463146F3F719
:10363000F1FB090241EA106103026A0898182A4660
:10364000334641F10001F3F7E5FBA0F540723F4B33
:103650009A4263D82368D860304668E0102A5FD861
:10366000DFE802F00B2B5E5E095E5E5E2E5E5E5E44
:103670005E5E5E5E0F00334803E0FDF765FA0028EA
:1036800050D0626A304B33F81230B0FBF3F062680E
:10369000530803EB4003B3FBF2F3A3F110014FF621
:1036A000EF72914240D89AB222F00F02C3F3420364
:1036B00013432268D360002039E0FDF755FADEE7B6
:1036C000FDF7C2F8DBE71F480CE0FDF73DFA48B90B
:1036D00000202CE0FDF748FAF9E7FDF7B5F8F6E72A
:1036E0004FF40040626A184B33F81230B0FBF3F02D
:1036F000636800EB5300B0FBF3F0A0F110024FF64B
:10370000EF739A421CD8236880B2D86000200EE084
:1037100001200CE001200AE0012008E0012006E081
:10372000012004E0002002E0012000E0012001234C
:10373000A4F86A30A4F8683000236367A36770BDFB
:103740000120F4E70024F400A4C70308FFFC0F00E5
:1037500010B50446836AFF2B00F29480A36A13F02D
:10376000080F0CD0A36B1BB1B3F5004F40F0908055
:103770002268536823F40043A16B0B435360A36A90
:1037800013F0010F0CD0E36A1BB1B3F5003F40F01A
:1037900085802268536823F40033E16A0B43536049
:1037A000A36A13F0020F0BD0236B13B1B3F5803F64
:1037B0007AD12268536823F48033216B0B43536022
:1037C000A36A13F0040F0BD0636B13B1B3F5802F12
:1037D00070D12268536823F48023616B0B435360DC
:1037E000A36A13F0100F0BD0E36B13B1B3F5805F36
:1037F00066D12268936823F48053E16B0B43936096
:10380000A36A13F0200F0BD0236C13B1B3F5005F44
:103810005CD12268936823F40053216C0B439360BE
:10382000A36A13F0400F1CD023683E4A934208D08D
:10383000A2F57442934204D040F636513A48F4F768
:103840009BFB636C13B1B3F5801F45D122685368AD
:1038500023F48013616C0B435360636CB3F5801FDA
:1038600040D0A36A13F0800F0BD0E36C13B1B3F513
:10387000002F50D12268536823F40023E16C0B43DE
:10388000536010BD40F605512748F4F775FB65E716
:1038900040F60A512448F4F76FFB69E740F61151EE
:1038A0002148F4F769FB74E740F618511E48F4F715
:1038B00063FB7EE740F61F511B48F4F75DFB88E78A
:1038C00040F626511848F4F757FB92E740F62E5180
:1038D0001548F4F751FB9CE740F637511248F4F7CE
:1038E0004BFBB3E7A36C43B1B3F5001F05D0B3F5B1
:1038F000800F02D0B3F5C00F07D12268536823F4BC
:10390000C003A16C0B435360ABE740F63C51064843
:10391000F4F732FBF1E740F644510348F4F72CFB8F
:10392000A8E700BF00380140288603082DE9F843C6
:1039300005460E4617469946DDF820802B68DC695F
:1039400036EA04040CBF01240024BC4236D1B8F18D
:10395000FF3FF3D0F4F74CFEA0EB0900404530D810
:10396000B8F1000F2FD02B681A6812F0040FE5D0C1
:10397000802EE3D0402EE1D0DA6912F0080F11D189
:10398000DA6912F4006FD9D04FF400621A62284647
:10399000FFF740F92023C5F89030002385F88430E4
:1039A00003200CE008241C622846FFF733F9C5F811
:1039B0009040002385F88430012000E00020BDE81D
:1039C000F8830320FBE70320F9E730B583B0044612
:1039D0000023C0F89030F4F70BFE05462268126809
:1039E00012F0080F10D123681B6813F0040F28D1C0
:1039F0002023C4F88830C4F88C300020E0662067AB
:103A000084F8840003B030BD6FF07E43009303461A
:103A100000224FF400112046FFF788FF0028E2D073
:103A2000226852E8003F23F0800342E80031002979
:103A3000F6D12023C4F88830002384F88430032092
:103A4000E0E76FF07E4300932B4600224FF48001A5
:103A50002046FFF76BFF0028CAD0226852E8003FDB
:103A600023F4907342E800310029F6D1226802F174
:103A7000080353E8003F23F00103083242E8003115
:103A80000029F3D12023C4F88C30002384F884303B
:103A90000320B7E7002861D010B504468369002BE6
:103AA00036D003682E4A93420BD0A2F5744293425B
:103AB00007D02C4A934204D04FF4A0712A48F4F75F
:103AC0005BFAD4F88830002B33D02423C4F8883034
:103AD0002268136823F001031360A36A002B39D115
:103AE0002046FFF743FC012811D02268536823F4D5
:103AF000904353602268936823F02A0393602268FE
:103B0000136843F0010313602046FFF75EFF10BD0A
:103B10000368134A9342D4D0A2F574429342D0D0A2
:103B2000104A9342CDD040F245110F48F4F724FAE1
:103B3000C7E784F884302046FFF7E0FBD4F8C030B4
:103B400023B1D4F8C03020469847BEE7074BC4F8ED
:103B5000C030F6E72046FFF7FBFDC1E701207047C4
:103B60000038014000240046288603087D810008B3
:103B700010B5044613468165A0F85C200022C0F809
:103B800090202222C0F88C20D0F88020002A31D04A
:103B900035491166D0F8802034495166D0F880202C
:103BA00033499166D0F880200021D1668268B2F551
:103BB000805F44D0D4F88000026D12F0800F44D0B2
:103BC000426F002A47D01268002A44D093602368CD
:103BD0002433D4F88020526F1268D360A26DD4F8D9
:103BE00080305B6F1B681A61D4F88000FAF7ACFF75
:103BF000002830D1236943B1226852E8003F43F4E2
:103C0000807342E800310029F6D1226802F10803EE
:103C100053E8003F43F00103083242E80031002935
:103C2000F3D1226802F1080353E8003F43F0400358
:103C3000083242E800310029F3D1002010BD0269AA
:103C4000002AB7D15B009BB2B4E72168A26D243192
:103C5000FAF7D4FBCCE71023C4F890302023C4F843
:103C60008C300120EAE700BFBD2C0108712D01084E
:103C7000B32D010838B5D0F88C30202B17D1C1B145
:103C8000CAB10023C36603680C4CA3420CD05B6826
:103C900013F4000F08D0046854E8003F43F0806339
:103CA00044E80035002DF6D1FFF762FF00E0022066
:103CB00038BD0120FCE70120FAE700BF00240046E0
:103CC000436E2BB90123A0F86A30A0F86830704722
:103CD00030B403689A68C2F342629968490F094D8B
:103CE0006B5CDB00084C615C93FBF1F3A0F86A307D
:103CF000AB5CDB00A25C93FBF2F3A0F8683030BC55
:103D0000704700BFC4C70308BCC7030870477047AB
:103D100010B504460368194A93420BD0A2F57442C9
:103D2000934207D0164A934204D040F2F711154847
:103D3000F4F722F994F88430012B1CD0012384F885
:103D400084302423C4F8883022681368116821F075
:103D50000101116043F000534FF000526266226887
:103D600013602046FFF7ACFF2023C4F88830002002
:103D700084F8840010BD0220FCE700BF0038014039
:103D8000002400468086030870B504460D4603688B
:103D9000244A93420BD0A2F57442934207D0224AA0
:103DA000934204D040F24E212048F4F7E5F875B173
:103DB000B5F1005F0BD0B5F1804F08D0B5F1C04F21
:103DC00005D0B5F1004F02D0B5F1204F21D194F8C4
:103DD0008430012B23D0012384F884302423C4F8B9
:103DE000883023681E681A6822F001021A6022686F
:103DF000936823F060432B4393602046FFF760FFF6
:103E000023681E602023C4F88830002084F88400D2
:103E100070BD40F24F210548F4F7AEF8D7E7022015
:103E2000F6E700BF00380140002400468086030802
:103E300070B504460D460368244A93420BD0A2F5A0
:103E40007442934207D0224A934204D040F27F2129
:103E50002048F4F791F875B1B5F1007F0BD0B5F1BA
:103E6000806F08D0B5F1C06F05D0B5F1006F02D0FA
:103E7000B5F1206F21D194F88430012B23D0012398
:103E800084F884302423C4F8883023681E681A68B4
:103E900022F001021A602268936823F060632B43CA
:103EA00093602046FFF70CFF23681E602023C4F8B0
:103EB0008830002084F8840070BD4FF420710548DC
:103EC000F4F75AF8D7E70220F6E700BF00380140C0
:103ED000002400468086030810B582B00446002303
:103EE0000193454B984204D04FF494714348F4F742
:103EF00043F8A36813F0010F2ED0A36823F000430A
:103F000023F0170343F01003A3604FF460630193A1
:103F1000A36813F0100F07D0019B013B0193019B95
:103F2000002BF5D1012000E00020A36823F000431E
:103F300023F0170343F00203A3604FF4606301937F
:103F4000A36813F0020F08D0019B013B0193019B72
:103F5000002BF5D1012000E00020A36813F0170F1B
:103F600047D1636823F4396323F00F036360236848
:103F700043F4396343F00F032360A36823F08053B5
:103F8000A360E2681E4B1340E360236923F47F7350
:103F900023F001032361636923F07F7323F47F33EC
:103FA00023F45D7323F003036361A36A6FF30D03CE
:103FB000A362236A03F0F02343F07F6343F470238A
:103FC0002362636A03F0F02343F07F6343F47023BA
:103FD0006362E36A03F0F02343F07F6343F47023EA
:103FE000E362D4F8C43023F07F03C4F8C43002B0D5
:103FF00010BD0120FBE700BF00100246DC8603086D
:1040000000821E8338B504460D461A4B984204D0F0
:1040100040F2D7111848F3F7AFFF2B684BB1043BC0
:10402000082B18D840F2111222FA03F313F0010FF3
:1040300011D06B680BB1202B13D1A36813F0010FC3
:1040400015D1E36823F02C032A6869680A431343F7
:10405000E360002038BD40F2D9110748F3F78CFF28
:10406000E7E74FF4ED710448F3F786FFE5E7012039
:10407000F0E700BF00100246DC86030838B50546AD
:104080000C46594B984204D040F232215748F3F77E
:1040900073FF236873B1B3F5806F0BD0B3F5886FEE
:1040A00008D0B3F5906F05D0B3F5A86F02D0B3F583
:1040B000B86F5DD1E36813B1B3F5005F5ED12369DA
:1040C000012B01D9032B5FD1636913B1B3F5805F75
:1040D00060D1EB6813F4001F16D06368F02B13D087
:1040E000B3F5706F10D0B3F5704F0DD0B3F5702FDE
:1040F0000AD0B3F5700F07D0B3F1706F04D0B3F1ED
:10410000704F01D0002B4BD1EB6813F4001F02D08D
:104110006368F02B09D0A36813B1B3F5803F45D194
:10412000E36813B1A368002B46D1AB6813F0010F0D
:1041300055D1EB6813F4001F02D06368F02B41D017
:10414000EB682B4A1A402368A1680B43E1680B43D4
:1041500021690B4361690B431A43EA60EB6813F46E
:10416000001F3ED06368AA6A1343AB62002037E0A9
:1041700040F233211D48F3F7FFFE9BE74FF40D712A
:104180001A48F3F7F9FE9AE740F235211748F3F79A
:10419000F3FE99E740F236211448F3F7EDFE98E775
:1041A00040F23A211148F3F7E7FEADE740F2412132
:1041B0000E48F3F7E1FEB3E740F245210B48F3F771
:1041C000DBFEB2E7EB680A4A1A402368E1680B435A
:1041D00021690B4361690B431A43EA60BEE7012082
:1041E00038BD0020FCE700BF00100246DC86030853
:1041F0003CC2FEFF10B40B4C54F821100844016C73
:1042000021F07C7121F47C71013A120102F47C727C
:10421000013B1B0503F07C731A43114301645DF8F5
:10422000044B7047CCC70308F8B506460F46144642
:10423000A24B984200F0F9804FF4C671A048F3F702
:104240009BFEA368B3F5007F04D01BB1B3F5806F6C
:1042500040F0F280A368B3F5007F03D0236C332BCA
:1042600000F2F080236933B1B3F5006F03D0B3F5EA
:10427000805F40F0ED80E369022B00F2EF80236A5B
:1042800033B1B3F5803F03D0B3F5003F40F0EC808D
:10429000636A13B1082B40F0ED80A36A1BB1B3F53C
:1042A000002F40F0ED80E36A4BB1B3F5800F06D0EC
:1042B000B3F5000F03D0B3F5400F40F0E780236B58
:1042C000B3F5803F80F0E880A36B33B1B3F1807F1A
:1042D00003D0B3F1007F40F0E580E3681BB1B3F594
:1042E000006F40F0E580636C4BB1B3F1804F06D0B6
:1042F000B3F1004F03D0B3F1404F40F0E780236E9D
:104300001BB1B3F5803F40F0E780B4F86430002B78
:1043100040F0E880A36E13F0030F40F0E980674B94
:104320009E4200F0EB80A36B7BB1636B4BB1B3F5A6
:10433000804F06D0B3F5004F03D0B3F5404F40F0A7
:104340003981E36B1E2B00F23B815E4B53F8272033
:10435000B518B3589BB2B4F8661043EA0143B350A2
:10436000E36AE26D1343226E13436A6922F4430247
:1043700013436B61A36DA26C1343E26C1343A26AF7
:104380001343226A1343626D1343226D1343226960
:104390001343626A1343E2691343296C4A4A0A4091
:1043A00013432B64454B9E4200F01081636CA26B5B
:1043B0001343E2681343A26813436A6C22F043423A
:1043C00022F44E4213436B64A368B3F5007F05D01B
:1043D000236C6A6C22F03F0213436B64A36B73B1CE
:1043E000E26B6B6C23F4F813120402F4F81213431B
:1043F0006B64636B6A6C22F4404213436B64236BFF
:10440000AA6C6FF30F021343AB6422686368EA641B
:104410002B65A26EEB6F6FF38F0322F00302120481
:10442000120C1343EB670020F8BD07297FF609AF94
:1044300010297FF401AF04E740F28F112048F3F711
:104440009BFD07E74FF4CA711D48F3F795FD09E797
:1044500040F297111A48F3F78FFD0CE74FF4CC7137
:104460001748F3F789FD0AE740F299111448F3F76A
:1044700083FD0DE74FF4CD711148F3F77DFD0CE797
:1044800040F29B110E48F3F777FD0CE74FF4CE7125
:104490000B48F3F771FD12E740F29D110848F3F75E
:1044A0006BFD11E74FF4CF710548F3F765FD14E795
:1044B00040F29F110248F3F75FFD14E7000002404D
:1044C00030870308CCC70308F487F4B34FF4D071E6
:1044D0004348F3F751FD12E740F2A1114048F3F7CA
:1044E0004BFD12E74FF4D1713D48F3F745FD11E75D
:1044F00040F2A3113A48F3F73FFD10E7072F3FF6CC
:1045000012AF6369013B3F2B2AD8A369013B3F2BC4
:104510002CD8A36C13B1B3F1006F2DD1E36C13B1A0
:10452000B3F1806F2ED1236D13B1B3F5005F2FD19E
:10453000E36D13B1B3F5003F30D1636D13B1B3F543
:10454000804F31D1A36D002B3FF4EDAEB3F1804F1E
:104550003FF4E9AE4FF4D8712148F3F70DFDE2E6E0
:1045600040F2A9111E48F3F707FDCEE74FF4D571CD
:104570001B48F3F701FDCCE740F2AB111848F3F705
:10458000FBFCCBE74FF4D6711548F3F7F5FCCAE70F
:1045900040F2AD111248F3F7EFFCC9E74FF4D771C1
:1045A0000F48F3F7E9FCC8E740F2AF110C48F3F706
:1045B000E3FCC7E740F2B7110948F3F7DDFCC0E6BA
:1045C0004FF4DC710648F3F7D7FCBEE6072F3FF641
:1045D000EDAEA369626939463046FFF70BFEE5E6AA
:1045E000308703080023036043604FF40072826049
:1045F000C3600361012242618261C361036243625D
:104600008362C362036343638363C363036443647A
:104610008364C364036543658365C365036643665A
:104620008366704700230360436083600122C26099
:10463000036143618361C361036242628362C36257
:10464000036343638363C36303644FF40071416492
:104650008364C36403654365014B8365C26570472A
:10466000000001F838B504460D46C36D012B40F03B
:10467000C580636CB3F5007F04D01BB1B3F5806FC8
:1046800040F0C280636CB3F5007F03D0A36C332B82
:1046900000F2C080236A33B1B3F5006F03D0B3F5E5
:1046A000805F40F0BD80E36A022B00F2BF80636947
:1046B00033B1B3F5803F03D0B3F5003F40F0BC8089
:1046C000A36A13B1082B40F0BD8023691BB1B3F579
:1046D000002F40F0BD80E36CB3F5803F80F0BE80DA
:1046E000636B33B1B3F1807F03D0B3F1007F40F04F
:1046F000BB80236C1BB1B3F5006F40F0BB80236B14
:104700004BB1B3F1804F06D0B3F1004F03D0B3F1FA
:10471000404F40F0B580A36D13F0FF7F00D123B967
:104720004FF448718E48F3F727FC636B7BB1E36B62
:104730004BB1B3F5804F06D0B3F5004F03D0B3F5BE
:10474000404F40F0A380A36B1E2B00F2A580E36DC9
:10475000012B00F0A780A36D002BC0F2DD800023A9
:10476000A26D12F0804F22D0226B616B0A43216C44
:104770000A43616C0A4345F82320626CB2F5007F5E
:1047800007D055F82320A16C01F03F010A4345F8FA
:104790002320626B52B155F82310A26B120402F46D
:1047A000F812E06B02430A4345F823200133A26D5F
:1047B00012F0005F03D0E26C45F823200133A26DB4
:1047C00012F0805F03D0226D45F823200133A26DE3
:1047D00012F0006F03D0626D45F823200133A26D03
:1047E00012F4803F00F0B88022F0FF6222F4C02271
:1047F000120C120445F82320002038BD4FF44371F9
:104800005748F3F7B9FB34E740F20F315448F3F758
:10481000B3FB37E74FF445715148F3F7ADFB39E788
:1048200040F217314E48F3F7A7FB3CE74FF44671CF
:104830004B48F3F7A1FB3AE740F219314848F3F748
:104840009BFB3DE740F21A314548F3F795FB3CE707
:1048500040F21B314248F3F78FFB3CE74FF44771BE
:104860003F48F3F789FB3BE740F21D313C48F3F743
:1048700083FB3EE740F21E313948F3F77DFB3EE70C
:1048800040F21F313648F3F777FB44E740F22A3114
:104890003348F3F771FB56E740F22B313048F3F71A
:1048A0006BFB54E7636813B1B3F1006F1CD1A368CD
:1048B00013B1B3F1806F1DD1E36913B1B3F5005F9C
:1048C0001ED1A36913B1B3F5804F1FD12368002B0C
:1048D0003FF441AFB3F1804F3FF43DAF4FF44E7121
:1048E0001F48F3F749FB36E74FF44D711C48F3F7C7
:1048F00043FBDCE740F235311948F3F73DFBDBE7DA
:1049000040F236311648F3F737FBDAE740F2373139
:104910001348F3F731FBD9E7236962691343226A2D
:104920001343A26A1343E26A13432B602A68236885
:1049300061680B43A1680B43E168013943EA015305
:10494000A1690B43E1690B43616A013943EA011331
:1049500013432B60012303E7002245F823204BE794
:10496000308703084FF6FC7C02EA0C0C52F8233027
:1049700023F0FF6323F4C0231B0C1B044CEA030346
:1049800040F821307047000010B504460368B3F5C5
:10499000000F36D22379012B38D86379022B3AD80D
:1049A0002079002875D0A379032B39D82368002BF0
:1049B0007FD06079012838D0022845D0002851D115
:1049C0003E4AD2F8841021EA0303C2F884302368F7
:1049D000D2F880100B43C2F88030A379002B67D047
:1049E000022B41D0032B4AD0012B64D12168334BD9
:1049F0005A6822EA01025A60226819680A431A605A
:104A000056E06C212E48F3F7B7FAC3E76D212C4826
:104A1000F3F7B2FAC1E76E212948F3F7ADFABFE721
:104A200073212748F3F7A8FAC0E7244AD2F8801088
:104A300021EA0303C2F880302368D2F884100B43C4
:104A4000C2F884300020C8E71C4AD2F880100B431B
:104A5000C2F880302368D2F884100B43C2F8843047
:104A60000020BAE70120B8E72168144B1A6822EA4F
:104A700001021A60226859680A435A6018E02268E5
:104A80000E4B19680A431A60226859680A435A6033
:104A90000EE02168094BD3F8802022EA0102C3F816
:104AA00080202168D3F8842022EA0102C3F8842000
:104AB00010BD0020FCE70120FAE700BF00200246FD
:104AC0008487030808B5F4F701FA08BD08B5F4F7C0
:104AD0002FFA08BD08B5F4F7BFFA08BD08B5F4F71A
:104AE000BCFA08BD014B1878704700BF08290020A8
:104AF00008B5B0F1FF3F09D080000A4BA3FB00319D
:104B0000C908094B186817F0B5FF38B9012019F02A
:104B100006FC28B9054B01221A7008BD0120FCE7EC
:104B20000120FAE7D34D62100C290020082900204B
:104B300010B5F4F73CFA0E4B1C781CB9F4F732FAB6
:104B4000204610BD002019F0EAFB78B90024084B7C
:104B50001C70084B18680028F0D018F0C2F8022822
:104B6000ECD0044B186818F025F8E7E70124F0E7CB
:104B7000082900200C29002008B5F4F7FDF808BD2D
:104B800008B5F4F74DF908BD08B5F4F7FFF808BD0E
:104B900008B5F4F74FF908BD08B510B1F4F70CFAF1
:104BA00008BDF4F71DFAFBE708B510B1F4F72CFACD
:104BB00008BDF4F741FAFBE708B5F4F749FA08BD78
:104BC000014B1878704700BF1029002010B5EFF393
:104BD000058414B10124204610BD01F02DFF0128E9
:104BE000F9D0EFF310832BB9EFF31184002CF2D03E
:104BF0000124F0E70124EEE708B501F01DFF0128CC
:104C000000D108BD02F052FDFBE7000008B5FFF738
:104C1000DDFF48B901F010FF012808D1074B1868E3
:104C200040B901221A6008BD6FF00500FBE74FF0A4
:104C3000FF30F8E74FF0FF30F5E700BF742D00209C
:104C400008B501F0F9FE40B10346022806D0044B36
:104C50001B68012B02D0002300E00323184608BD87
:104C6000742D002010B5FFF7B1FF88B901F0E4FE04
:104C7000012810D10B4B1B68012B0FD100240A4BCC
:104C8000DC77084B02221A6001F0E8FA204610BDDA
:104C90006FF00500FBE74FF0FF30F8E74FF0FF3013
:104CA000F5E700BF742D002000ED00E04FF47A70AE
:104CB0007047F0B587B006460D46144600220592AF
:104CC000FFF784FF18BB16B3002C39D02168A36905
:104CD0002BB11846013B372B02D9002018E01820D1
:104CE000636813F0010F45D167699FB14FEA970ED2
:104CF000A36843B1E268AF2A05D9D4F810C0BCF16B
:104D0000000F00D087B943B14FF0FF331BB30598B4
:104D100007B0F0BD4FF0800EEAE7E368B3B923694E
:104D2000BBB14FF0FF33F1E701380293CDF804C077
:104D300000902B467246304601F0BEF90590E6E73A
:104D40002146002318204FF0800EDFE74FF0FF339D
:104D5000DCE70023DAE7013805AB019300902B462E
:104D60001FFA8EF2304601F0EFF90128CFD0002370
:104D70000593CCE70020CBE708B5002001F018FA36
:104D8000FEE770B584B018B10C460546002905DA77
:104D90006FF003030393039804B070BD4FF0FF332B
:104DA0000393FFF713FFE8B10026029602AB0193CD
:104DB0000096012322463146284602F061F801960A
:104DC00003AB0093334632463146284602F058F88A
:104DD000029B002BDFD04FF0E0234FF08052C3F84E
:104DE000042DD8E7002600960123224631462846A6
:104DF00001F0A2FF03AB009333463246314628460A
:104E000001F09AFFC7E72DE9F04F87B081468A4647
:104E10001746FFF7DBFE039000283ED18046B9F12C
:104E2000000F40DB1AF0020F00D1C84601F070FA03
:104E300083463D46039E21E006EA0906059B1E4384
:104E40001AF0010F0DD039EA060328D077B301F02C
:104E50005FFAA0EB0B039F420BD3ABEB0000C5192D
:104E60000BE019EA060F1AD1002FF0D16FF00206FD
:104E700015E0039D01E06FF0010684B1009505ABDC
:104E800042460021084601F0FBFE04460128D3D02B
:104E9000002FF0D16FF00206EFE76FF00506304605
:104EA00007B0BDE8F08F6FF00306F8E76FF0020679
:104EB000F5E710B50446FFF789FE38B90CB90020B4
:104EC00010BD204601F0CAFB0020F9E76FF0050095
:104ED000F6E770B50446FFF779FE00283ED1064696
:104EE0000CB3636813F0010600D0012613F0080F1D
:104EF00037D154B3A16811B1E3684F2B1AD8A1B1CF
:104F00004FF0FF337BBB26B3042000F011FC0546B5
:104F10002DB324B1216811B1284600F085FEF6B109
:104F200045F001051BE00346E0E7E3687BB14FF085
:104F3000FF33E7E726B1042000F005FC0546E7E76C
:104F4000012000F000FC0546E2E70023DAE7002339
:104F5000D8E7012000F0ECFB0546D9E700252846FC
:104F600070BD0025FBE70025F9E7F8B504460D46BE
:104F700020F0010600F00107FFF728FEB0B9012C70
:104F800017D94FB12946304600F0AEFD012813D0A5
:104F9000A5B16FF0010010E02946304600F0F4FCA6
:104FA00001280ED07DB16FF0010006E06FF0050022
:104FB00003E06FF0030000E00020F8BD6FF0020096
:104FC000FBE70020F9E76FF00200F6E770B5044652
:104FD00020F0010500F00106FFF7F8FD98B9012C5B
:104FE00014D936B1284600F0BDFB012811D10020AC
:104FF00070BD00231A461946284600F0EBFA012836
:105000000AD10020F4E76FF00500F1E76FF003002C
:10501000EEE76FF00200EBE76FF00200E8E7F0B5B3
:1050200083B004460F461646FFF7D0FD002849D14D
:10503000002C4BD0BC424BD34EB1B56815B1F368D0
:105040004F2B15D8002D45D1F3680BB13BE0002361
:10505000012C0FD07BBB3946204600F0A5FA05464F
:105060008DB386B3316871B3284600F0DDFD2AE0C8
:105070000123EDE7ABB903220021012000F04CFA37
:10508000054605B3002FEBD000231A4619462846E3
:1050900000F0A0FA0128E3D0284600F013FE002516
:1050A00011E003230093B36800221146012000F0B1
:1050B000FDF90546E5E7B2683946204600F05AFAA0
:1050C0000546CDE70025284603B0F0BD0025FAE7E8
:1050D0000025F8E70025F6E720B330B583B00C468D
:1050E0000546FFF773FD98B1FCB90021019101AAB3
:1050F000284600F019FD01281AD1019830B14FF06F
:10510000E0234FF08052C3F8042D002003B030BDDF
:105110002146284600F038FC01280CD06CB16FF015
:105120000100F3E76FF0030070476FF00300EDE755
:105130006FF00200EAE70020E8E76FF00200E5E721
:1051400010B310B582B00446FFF740FD88B10023CC
:10515000019301A9204600F025FB012817D10198F1
:1051600080B14FF0E0234FF08052C3F8042D0020AF
:1051700008E000231A461946204600F02BFA0128C1
:1051800008D1002002B010BD6FF0030070476FF02F
:105190000200F7E76FF00200F4E760B110B50446D3
:1051A000FFF714FD18B1204600F030FD10BD204679
:1051B00000F01AFDFAE70020704710B50446FFF72B
:1051C00005FD40B954B1204600F05CFD204600F0DA
:1051D00079FD002010BD6FF00500FBE76FF00300C4
:1051E000F8E70000034B0360034B0B608023136060
:1051F000704700BFC42C0020C42A0020034B03606A
:10520000034B0B6040231360704700BF142A00203B
:105210001429002000F1080343604FF0FF32826040
:10522000C36003610023036070470023036170477C
:1052300043684B609A688A605160996008610368AE
:1052400001330360704730B40D68B5F1FF3F11D0F2
:1052500000F108031C465B681A68AA42FAD9636821
:105260004B6099608C606160086103680133036082
:1052700030BC70470469F2E70369416882688A605C
:10528000416851605A68824206D0002202611A6861
:10529000013A1A601868704782685A60F5E7034659
:1052A000406A18B11B6B1868C0F13800704710B520
:1052B000044602F0D3F9A26BE36B9A4204D00024B7
:1052C00002F0DAF9204610BD0124F9E710B50446D2
:1052D00002F0C4F9A36B23B9012402F0CDF92046F2
:1052E00010BD0024F9E770B504461546866B026CC4
:1052F0005AB903681BB100200136A66370BD8068EF
:1053000001F002FC0023A360F6E76DB940681FF0CE
:1053100089FB6368226C13446360A268934219D3CB
:10532000236863602846E7E7C0681FF07BFBE368FB
:10533000226C51429B1AE3602268934202D2A36816
:105340000B44E360022D01D00020D5E726B1013ED9
:105350000020D1E72846CFE70020CDE70346026CC6
:105360006AB110B50846D9681144D9609C68A14259
:1053700001D31968D960D9681FF054FB10BD70477C
:1053800038B5054602F06AF995F8454064B201E087
:10539000013C64B2002C0ADD6B6A43B105F12400C4
:1053A00001F056FA0028F3D001F016FBF0E7FF23D6
:1053B00085F8453002F060F902F050F995F8444064
:1053C00064B201E0013C64B2002C0ADD2B6943B1F8
:1053D00005F1100001F03CFA0028F3D001F0FCFACE
:1053E000F0E7FF2385F8443002F046F938BD0000AD
:1053F00038B550B10D460446C36B63B940F2631132
:105400002048F2F7B9FD002038BD4FF497711D48D0
:10541000F2F7B2FDF2E7026C0021A2FB0323E3B92D
:105420000029EBD102F01AF92368E26B216C01FB31
:105430000230A0600020A0636360013A02FB0133E8
:10544000E360FF2384F8443084F8453085B923694C
:105450002BB902F011F90120D6E70121E0E704F1B0
:10546000100001F0F5F90028F3D002F0EBF8F0E7B6
:1054700004F11000FFF7CEFE04F12400FFF7CAFE8E
:10548000E7E700BFDC87030838B51D46049C0B46E0
:1054900049B92460E063236401212046FFF7A8FF97
:1054A00084F84C5038BD2260F4E70000F0B585B0B8
:1054B00005460F4616461C46BBB1F5B1ECB1D6B158
:1054C000DFB150230393039B502B1DD1039B01237A
:1054D00084F8463000949DF82830324639462846F4
:1054E000FFF7D2FF204605B0F0BD40F27711094822
:1054F000F2F742FDE1E7002FE3D04FF4D071054809
:10550000F2F73AFD0020EEE740F289110148F2F788
:1055100033FDDBE7DC870308F0B583B0F8B10C4658
:10552000174605460023A4FB0012B2B9BBB904FB21
:1055300005F010F1510F12D8503001F087FF0646E8
:1055400098B1002380F8463000903B4600F15002AD
:1055500021462846FFF798FF07E00123E6E740F2DF
:1055600015210348F2F708FD0026304603B0F0BDD0
:10557000DC87030810B582B060B10C46884209D3BD
:1055800002230093134600221146FFF78FFF38B124
:10559000846305E040F247310248F2F7EDFC002059
:1055A00002B010BDDC87030810B548B10C46884234
:1055B00006D302220021FFF7AFFF38B1846305E074
:1055C00040F26A310248F2F7D7FC002010BD00BF5C
:1055D000DC870308F0B585B00F4601921D460446EE
:1055E00048B177B1022D15D001F026FA08B9019B18
:1055F000CBB900264CE040F27D314648F2F7BCFCC6
:10560000EFE7236C002BEDD040F27E314148F2F7FA
:10561000B3FCE7E7E36B012BE6D040F27F313D4876
:10562000F2F7AAFCE0E740F282313A48F2F7A4FC34
:10563000DFE72A4639462046FFF755FE636A2BB955
:1056400068B902F019F8012005B0F0BD04F124009A
:1056500001F0FEF80028F4D001F0F4FFF1E701F0CA
:10566000F1FFEEE702F008F80020EDE702A801F0F4
:1056700067F9012619E0002384F8443021E0002373
:1056800084F8453023E02046FFF77AFE00F048FF1B
:1056900001F0E4FFA26BE36B9A42CAD3022DC8D09B
:1056A000019B002BDED0002EE0D001F0E5FF00F0E2
:1056B00027FE01F0D3FF94F8440040B2B0F1FF3F61
:1056C000D9D094F8450040B2B0F1FF3FD7D001F0F7
:1056D000D3FF01A902A801F03FF998B92046FFF7CE
:1056E000E6FD0028CFD0019904F1100001F06CF81C
:1056F0002046FFF745FE00F013FF0028C8D101F057
:10570000A1FFC5E72046FFF73BFE00F009FF0020A0
:105710009AE700BFDC87030848B108B50021816023
:105720000160C1600B460A46FFF754FF08BD704791
:1057300010B5024600210120FFF7EEFE0446FFF7F8
:10574000EBFF204610BD10B582B00B460090002242
:1057500011460120FFF7AAFE0446FFF7DDFF2046B1
:1057600002B010BD38B5044630B1A56801F05EF94D
:10577000854207D0002038BD40F2D2210848F2F718
:10578000FBFBF2E7E368013BE3600BB10120F2E7CA
:105790001A4619462046FFF71DFF0120EBE700BF20
:1057A000DC870308F8B50E460446C0B1236CE3B9A4
:1057B000236803B302F05CF802F0BCF80546A36B63
:1057C000E26B9A423BD994F845707FB20133A363F0
:1057D000B7F1FF3F21D1636AB3B9012430E040F251
:1057E000FA411D48F2F7C8FBE0E740F2FE411A48D3
:1057F000F2F7C2FBDCE7A368002BDBD040F20351D9
:105800001548F2F7B9FBD5E704F1240001F020F8C0
:10581000D8B1E6B10124346012E000F07FFD874288
:1058200017D27F2F05D001377FB284F8457001244D
:1058300006E040F282510848F2F79EFBF3E70024AD
:10584000284602F082F82046F8BD0124F8E701243A
:10585000F6E70124F4E700BFDC870308F0B585B064
:105860000F460192044638B167B101F0E5F808B976
:10587000019B83B900264BE040F29C514148F2F76E
:105880007BFBF1E7236C002BEFD04FF4B4613D4874
:10589000F2F772FBE9E740F2A5513A48F2F76CFBE8
:1058A000E8E739462046FFF759FD013DA563236926
:1058B00023B901F0E1FE012005B0F0BD04F11000B4
:1058C00000F0C6FF0028F4D001F0BCFEF1E701F0C3
:1058D000D3FE0020F0E702A801F032F8012621E013
:1058E000002384F8443029E0002384F845302BE07D
:1058F0002046FFF745FD00F013FE09E02046FFF7C4
:105900003FFD00F00DFE2046FFF7E0FC002837D1F8
:1059100001F0A4FEA56B002DC3D1019B002BD6D0B6
:10592000002ED8D001F0A8FE00F0EAFC01F096FEAF
:1059300094F844305BB2B3F1FF3FD1D094F84530D6
:105940005BB2B3F1FF3FCFD001F096FE01A902A8F0
:1059500001F002F80028D1D12046FFF7B7FC00285B
:10596000C6D0019904F1240000F02EFF2046FFF775
:1059700007FD00F0D5FD0028CAD101F063FEC7E79E
:10598000002099E7DC87030870B584B001910446D4
:1059900048B1236C6BB901F04FF808B9019B73B99A
:1059A0000026354653E040F22E614E48F2F7E4FA05
:1059B000EFE740F232614B48F2F7DEFAEBE740F2F4
:1059C00037614848F2F7D8FAEAE7013BA363236856
:1059D00033B1236943B901F04FFE012004B070BD1B
:1059E00001F040F9A060F4E704F1100000F030FF8E
:1059F0000028F0D001F026FEEDE701F03DFE00208A
:105A0000ECE702A800F09CFF01252AE0002384F8BF
:105A1000443032E0002384F8453034E001F01EFECB
:105A2000A06801F019F8064601F026FE3BE020468A
:105A3000FFF7A6FC00F074FD09E02046FFF7A0FC8C
:105A400000F06EFD2046FFF741FC00283AD101F03E
:105A500005FEA36B002BB8D1019B002BCDD0002DF0
:105A6000CFD001F009FE00F04BFC01F0F7FD94F8F7
:105A700044305BB2B3F1FF3FC8D094F845305BB21D
:105A8000B3F1FF3FC6D001F0F7FD01A902A800F075
:105A900063FF0028D1D12046FFF718FC0028C6D0AC
:105AA0002368002BBAD0019904F1240000F08CFE89
:105AB0002046FFF765FC00F033FD0028C7D101F058
:105AC000C1FDC4E70EB9002088E701F0C7FD2046FC
:105AD000FFF7E5FB0146A06801F068F801F0CCFD96
:105AE000F1E700BFDC87030870B50D46044668B1D6
:105AF000A66800F09BFF86420ED029462046FFF79D
:105B000043FF68B1E3680133E36009E040F20A3122
:105B10000448F2F731FAEBE7E3680133E360012070
:105B200070BD00BFDC8703082DE9F8430C4617461B
:105B3000804678B1A4B101F09BFE01F0FBFE054662
:105B4000D8F83860B6B90024284601F0FEFE204699
:105B5000BDE8F88340F293712248F2F70DFAE9E7C5
:105B6000D8F84030002BE6D040F294711D48F2F78F
:105B700003FAE0E798F844904FFA89F92146404645
:105B8000FFF7ECFB013EC8F83860B9F1FF3F0DD1DB
:105B9000D8F810300BB90124D6E708F1100000F056
:105BA00057FEC0B1CFB101243C60CDE700F0B6FB99
:105BB000814514D2B9F17F0F07D009F101094FFADD
:105BC00089F988F844900124BEE740F2D77105486E
:105BD000F2F7D2F9F1E70124B6E70124B4E7012492
:105BE000B2E700BFDC87030810B5044630B101F00E
:105BF00035FDA46B01F040FD204610BD40F62301A9
:105C00000148F2F7B9F9F2E7DC87030810B504465A
:105C100008B1A06B10BD40F645010248F2F7ACF99F
:105C2000F7E700BFDC87030838B50D46044618B116
:105C30001DB3002003460AE040F615310F48F2F785
:105C40009BF9F5E70E4800EBC30014E00133072B86
:105C500010D80B4A02EBC3025268A242F2D00028CD
:105C6000F4D1074A52F83320002AEFD1044800EB60
:105C7000C300EBE708B10560446038BDDC8703086A
:105C8000782D002010B5044650B10023072B14D8FE
:105C90000A4A02EBC3025268A24207D00133F5E779
:105CA00040F661310648F2F767F9EEE7034A002152
:105CB00042F8331002EBC302516010BD782D002072
:105CC000DC87030810B5044630B12046FFF7DAFF41
:105CD00094F8463033B110BD4FF405610348F2F734
:105CE0004BF9F2E7204601F031FCF4E7DC870308CA
:105CF00070B504460D46164601F0B0FC94F84430E9
:105D00005BB2B3F1FF3F0DD094F845305BB2B3F115
:105D1000FF3F0BD001F0B0FCA36B5BB12046FFF757
:105D20002FFB70BD002384F84430EDE7002384F896
:105D30004530EFE73246294604F1240000F05EFDCD
:105D4000ECE700000A4B1B6803B10123094A126803
:105D5000D06A50B9084A1268012A07D833B9074BEC
:105D60001868074B1B68C01A70470020704700BFB7
:105D7000D82D0020B4320020542E0020C02D002049
:105D8000DC2D0020074B1B681B6823B9064B4FF026
:105D9000FF321A607047034B1B68DB681A68024BBE
:105DA0001A607047282E0020C02D00202DE9F047F2
:105DB00080460D4617469946089EDDF824A00A9CA9
:105DC0009200A521206B1EF0FCFC236B07F18042A2
:105DD000013A03EB820727F007078DB14FF0000C63
:105DE000BCF1170F09D815F80C3004EB0C0282F83F
:105DF000343013B10CF1010CF2E7002384F84B307E
:105E0000372E28D8E6626665201DFFF70EFA04F1EA
:105E10001800FFF70AFA2461C6F13806A661646229
:105E20004C22002104F15C001EF0CBFC0D4B2366DC
:105E300003F168026266D033A3664B464246216B8B
:105E4000384601F059FC2060BAF1000F01D0CAF8C1
:105E50000040BDE8F08740F296310348F2F78CF835
:105E60003726CFE738D000203088030838B5002423
:105E700007E004EB840293000E481844FFF7CAF9C8
:105E80000134372CF5D90C4D2846FFF7C3F90B4CDC
:105E90002046FFF7BFF90A48FFF7BCF90948FFF7AA
:105EA000B9F90948FFF7B6F9084B1D60084B1C60AB
:105EB00038BD00BF542E0020402E00202C2E002084
:105EC000102E0020FC2D0020E42D0020282E002084
:105ED000242E002010B5044601F0C0FB254A1368AB
:105EE00001331360244B1B685BB1244B1B686BB9F7
:105EF000214B1B68DA6AE36A9A4207D81E4B1C6082
:105F000004E01D4B1C601368012B2DD01C4A136844
:105F100001331360E364E36A1A4A1268934201D9B9
:105F2000184A1360184A03EB830302EB83035B6890
:105F3000A3609868E060211D41609960E36A03EB0B
:105F40008301880002EB8101616111580131115018
:105F500001F092FB094B1B682BB1074B1B68DA6AF7
:105F6000E36A9A4203D310BDFFF780FFCEE701F04A
:105F700069FBF8E7E02D0020B4320020D42D00208A
:105F8000C42D0020D82D0020542E002010B504462A
:105F90000E4B18685C301EF091FC94F8AD304BB19C
:105FA000012B0ED0022B0BD040F6D9710848F1F727
:105FB000E3FF05E0206B01F0C9FA204601F0C6FAC4
:105FC00010BD204601F0C2FAFAE700BFB43200204B
:105FD000308803080F4B1B68D3B110B501F03EFBAE
:105FE0000D4BDB68DC68201DFFF746F90B4A136890
:105FF000013B1360074A1368013B136001F03CFB4F
:106000002046FFF7C3FF034B1B68002BE6D110BDF2
:10601000704700BFF82D0020FC2D0020E02D00204F
:1060200070B504460D461E4B1E681E4B18680430A2
:10603000FFF722F9B4F1FF3F0DD03444194B1B6830
:106040005C60A6421DD9184B1868164B19680431BC
:10605000FFF7F9F870BD002DEFD0144A5168114BCD
:106060001868816018688C68C460186804306060C3
:106070001868043088601B685A6113680133136024
:10608000E8E70B4B1868074B19680431FFF7DBF89A
:10609000084B1B68A342DDD9064B1C60DAE700BF42
:1060A000DC2D0020B4320020242E0020E42D00201E
:1060B000282E0020C02D00202DE9F04387B0814616
:1060C0000E46174698460F9D109C15B33CB3B02260
:1060D0000492049AB02A28D1049B64B35DB3B02221
:1060E000002120461EF06DFB2563022384F8AD30AD
:1060F00000230393029405AB01930E9B0093434648
:106100003A4631464846FFF751FE2046FFF7E2FE89
:1061100013E040F243210B48F1F72EFFD6E74FF48E
:1061200011710848F1F728FFD1E74FF413710548C2
:10613000F1F722FFD0E700230593059807B0BDE8EB
:10614000F08300BF308803082DE9F04385B007468F
:10615000884614461E46900001F078F918B381462F
:10616000B02001F073F90546B8B1B02200211EF04D
:1061700028FBC5F830900023039302950D9B0193F3
:106180000C9B00933346224641463846FFF70EFEED
:106190002846FFF79FFE012007E0484601F0D6F9A8
:1061A0004FF0FF3001E04FF0FF3005B0BDE8F08365
:1061B00038B5044601F052FA44B3251D2846FFF7CE
:1061C0005BF8A36A1BB104F11800FFF755F81B4AEE
:1061D0001368013313601A4B1B68A34219D0194A84
:1061E0001368013B1360FFF7CDFD01F045FA144B36
:1061F0001B68A34202D02046FFF7C8FE124B1B6863
:106200001BB10F4B1B68A3420CD038BD0C4B1C6854
:10621000D3E729460D48FFF70BF80D4A1368013301
:106220001360E2E70B4B1B6813B901F00BFAECE7C4
:1062300040F2B3410848F1F79FFEF6E7C42D002075
:10624000B4320020E02D0020D42D0020FC2D0020B1
:10625000F82D0020B82D00203088030810B588B034
:1062600000240594069407AA06A905A8FEF7BAFF1C
:10627000059B0293069B019300942346079A1649B7
:106280001648FFF719FF164B1860B8B101F04CF82B
:10629000012814D101F04EFB124B1B685C33124AEB
:1062A0001360124B4FF0FF321A60114B01221A603B
:1062B000104B00221A6001F067FA03E00020B0F1F1
:1062C000FF3F03D00C4B1B6808B010BD4FF40261B8
:1062D0000A48F1F751FEF5E784880308956601083E
:1062E000BC2D0020B4320020340E0020C02D002030
:1062F000D42D0020DC2D0020ECC7030830880308D3
:10630000024A136801331360704700BFB82D0020A4
:10631000014B1868704700BFDC2D0020014B186846
:10632000704700BFE02D002010B50446194B1B68D4
:106330000344194A126893420BD8164B1B68234436
:10634000154A126893420AD0124A13682344136014
:1063500010BD40F657211148F1F70EFEEDE7104B46
:106360001B6853B17CB101F079F90E4A136801330F
:10637000136001F081F9013CE6E740F65E21074831
:10638000F1F7FAFDEEE740F65F210448F1F7F4FD7E
:10639000E9E700BFDC2D0020C02D00203088030875
:1063A000B82D0020D02D0020514B1B68002B40F051
:1063B000968070B54F4B1C6801341C607CB94E4B05
:1063C0001B681B6803BB4C4A11684C4B1868106073
:1063D00019604B4A136801331360FFF7D3FC494B34
:1063E0001B68A34216D90020474B1B68DB6A03EBEE
:1063F00083039A00454B9B58012B00D90120444B45
:106400001B68002B71D170BD40F6F4214148F1F7B3
:10641000B3FDD8E7002037E03A4B4FF0FF321A6067
:10642000E2E7384B1A60DFE7D968516042E00021AB
:106430009962116801391160DA6A374909688A423C
:1064400001D935490A60314902EB82024FEA820CD8
:106450008C44DCF804209A609668DE607560956074
:10646000DA6A02EB820C4FEA8C056E185E614D59B8
:1064700001354FEA8C0C41F80C50DA6A224B1B684C
:10648000DB6A9A4200D901201B4B1B681B68002B5A
:10649000C2D0194B1B68DB68DB685A689442C0D3D2
:1064A0005A699D68D968A9609D684D6051681D1D35
:1064B000A942B9D0002159611168013911609A6A65
:1064C000002AB9D0DE69196AB160DE694E6056688B
:1064D00003F118018E42AAD1196A5160A7E70F4A49
:1064E0001368013313600020704701208BE700BF61
:1064F000B82D0020DC2D0020282E0020242E002086
:10650000C82D0020C02D0020B4320020542E0020C1
:10651000CC2D002030880308D82D0020D02D00205D
:1065200010B5454B1B686BB101F098F8424B1A68E7
:10653000013A1A601B68002B78D1404B1B686BB97D
:10654000002474E040F693013D48F1F715FDEBE7B8
:10655000196A516015E0D968516021E00023394A79
:106560001268002A47D0374BDB68DB689A6AD86923
:10657000196A8160D8694860506803F1180188423F
:10658000E6D0002199621168013911605A69986852
:10659000D9688160986848605168181D8142DAD0D6
:1065A00000215961116801391160DA6A26490968C8
:1065B0008A4201D924490A60244902EB820201EB94
:1065C000820252689A609468DC6060609060DA6A67
:1065D00002EB8200840001EB800058610859013011
:1065E0000851D96A1A4A1268D26A9142B7D9194A2F
:1065F00001211160B3E70BB1FFF7C4FB164B1C6818
:1066000044B9144B1C6894B101F01CF801240EE04D
:10661000013C07D0FFF7C8FE0028F9D00D4B01223E
:106620001A60F5E70C4B00221A60EAE7002401F03B
:1066300023F8204610BD00BFB82D0020E02D00201B
:1066400030880308102E0020D82D0020542E002062
:10665000B4320020CC2D0020D02D002010B560B128
:1066600004460A4B1B685BB9FFF74AFE002120462F
:10667000FFF7D6FCFFF754FF08B900F0E3FF10BDA9
:106680004FF4A4610248F1F777FCEDE7B82D002044
:106690003088030808B503E0FFF754FB012808D849
:1066A000FFF798FC0F4B1B68012BF5D900F0CAFFD0
:1066B000F2E7FFF725FE0C4B1A680C4B1B689A4259
:1066C0000AD3FFF73FFBF1F761F9012801D9F1F790
:1066D0006DF9FFF725FFE3E740F6F1510448F1F7C4
:1066E0004BFCEEE7542E0020C02D0020DC2D0020B6
:1066F000308803082D4B1B681BB12D4B01221A60FB
:10670000704710B52A4B00221A602A4B1B681B6B7E
:106710001A68B2F1A53F03D15A68B2F1A53F08D07B
:10672000244B186819683431F1F722F9224B1C68A0
:1067300009E09A68B2F1A53FF2D1DB68B3F1A53F59
:10674000EED1F3E7013C04EB840293001B4AD358DB
:106750003BB9002CF6D140F633411948F1F70CFC57
:10676000F0E7114604EB840293000B445A68526828
:106770005A6004EB8400830008330B449A420FD024
:1067800004EB84039A000D4B13445B68DA68094BF1
:106790001A60094A14601B685C330A4A136010BD12
:1067A00082000B461344DA685A60E9E7B82D0020EE
:1067B000CC2D0020B4320020D82D0020542E0020F3
:1067C00030880308340E002038B50C46054650B119
:1067D000084B196818312846FEF735FD012120467F
:1067E000FFF71EFC38BD40F64B410348F1F7C4FBF0
:1067F000EEE700BFB43200203088030870B50E46C3
:1068000014460546C8B16A680F4B1968CA61196811
:1068100090680862196818314160196818319160F0
:106820001B689D622B6801332B600CB14FF0FF3663
:1068300021463046FFF7F4FB70BD40F68141034826
:10684000F1F79AFBDFE700BFB4320020308803087D
:1068500010B5C368DC68002C4AD0A36AE169226ADB
:106860008A60E16951605A6804F118018A4245D092
:106870000022A2621A68013A1A602A4B1B68002B98
:1068800042D16369A168E2688A60A16851605A6870
:10689000211D8A4235D0002262611A68013A1A60CD
:1068A000E36A214A1268934201D91F4A13601F4AC2
:1068B00003EB830302EB83035B68A3609868E060EB
:1068C00041609960E36A03EB8301880002EB810178
:1068D0006161115801311150FFF754FAE26A144B0B
:1068E0001B68DB6A9A421BD90120124B186010BD4D
:1068F00040F6B1411048F1F73FFBAEE7226A5A601B
:10690000B6E7E2685A60C6E70C4B5A68E2619068E5
:10691000206241609160A3621A6801321A60DDE76B
:106920000020E4E7B82D0020D82D0020542E0020B0
:10693000B4320020CC2D002030880308102E002017
:10694000034B1B680360034B1B684360704700BF29
:10695000C82D0020DC2D0020F8B50C460546A8B156
:10696000D4B100F07BFE194B19686B68C81A226815
:10697000B2F1FF3F24D0164E36682F68B74211D0CF
:106980008B420FD80023236001241AE040F62C51DB
:106990001048F1F7F1FAE3E740F62D510D48F1F711
:1069A000EBFADEE7824203D800232360012408E0EB
:1069B0005B1A134423602846FFF7C2FF002400E05F
:1069C000002400F059FE2046F8BD00BFDC2D002059
:1069D000C82D002030880308014B01221A6070473F
:1069E000CC2D00200C4B1B6873B90C4B1B686BB98A
:1069F0000B4B1B6863B90B4B1A680B4B1B68013BB5
:106A00009A4207D00120704700207047002070474D
:106A10000020704702207047102E0020CC2D00204F
:106A2000D02D0020E42D0020E02D0020014B18681F
:106A3000704700BFB4320020054B1B6833B1054BD3
:106A40001B680BB10020704702207047012070477F
:106A5000D42D0020B82D002000284BD038B5044696
:106A6000C36A264A1268D26A93423BD28269002ADC
:106A700005DB224A1268D26AC2F13802826161697A
:106A800003EB83031E4A02EB8303994205D01B4BA1
:106A90001B68DB6AE362012038BD251D2846FEF72E
:106AA000EBFB164B1B68DB6AE362164A12689342E3
:106AB00001D9144A1360124A03EB830302EB8303E8
:106AC0005B68A3609968E1604D609D60E36A03EBD9
:106AD0008301880002EB810161611158013111507D
:106AE0000120D9E7426D054B1B68DB6A9A4203D34C
:106AF0000020D1E7002070470120CDE7B43200200C
:106B0000542E0020D82D0020002842D038B504464D
:106B1000224B1B68834204D041F28C012048F1F7DC
:106B20002BFAA36D4BB1A36D013BA365E16A626DC6
:106B3000914230D03BB1002038BD41F28D01184860
:106B4000F1F71AFAEFE7251D2846FEF795FB636D6E
:106B5000E362C3F13802A261124A1268934201D97A
:106B6000104A1360104A03EB830302EB83035B6854
:106B7000A3609968E1604D609D60E36A03EB830167
:106B8000880002EB8101616111580131115001202F
:106B9000D2E7002070470020CEE700BFB4320020CB
:106BA00030880308D82D0020542E0020002850D013
:106BB00070B50D460446836D53B1666DAE4200D28A
:106BC0002E46E36AB34202D0A36D012B06D070BDFE
:106BD00041F2DC011F48F1F7CFF9EEE71E4B1B68CD
:106BE000A34230D0E36AE662A269002A02DBC6F162
:106BF0003806A661616903EB8303184A02EB83033D
:106C00009942E4D1251D2846FEF736FBE36A144A73
:106C10001268934201D9124A1360104A03EB8303AE
:106C200002EB83035B68A3609968E1604D609D603F
:106C3000E36A03EB8301880002EB81016161115873
:106C400001311150C3E741F2F7010248F1F794F91D
:106C5000C8E7704730880308B4320020542E002063
:106C6000D82D0020054B1B6823B1044B1A68936D87
:106C700001339365014B1868704700BFB4320020A0
:106C8000F8B50E4617461D460446002837D100F0D9
:106C9000E5FC274B1B68234493F8AC30022B10D043
:106CA000234A116804F12A0051F8203023EA060330
:106CB00041F8203013682344012283F8AC20069B5E
:106CC0001BBB00F0D9FC00F0C9FC35B1184B1B68A8
:106CD00004F12A0253F822302B60154B1B68234421
:106CE00093F8AC30022B17D00025114B1B682344BE
:106CF000002283F8AC2000F0BFFC2846F8BD41F22A
:106D0000E7210C48F1F738F9C1E711461846FFF7BB
:106D100087F900F097FCD4E7054B1A6804F12A01C3
:106D200052F8213023EA070342F821300125DCE73D
:106D3000B4320020308803082DE9F0410446904623
:106D40001F46069E0D46B1B9DCB100F087FC26B1A6
:106D500005F12A0354F823303360631993F8AC60CB
:106D6000F6B2022283F8AC20042F30D8DFE807F017
:106D7000160F1E25290041F23F313C48F1F7FCF87F
:106D8000E2E74FF49A513948F1F7F6F8DDE72A3592
:106D900054F8253043EA080344F82530012E20D06A
:106DA000012400F069FC2046BDE8F0812A3554F842
:106DB0002530013344F82530F0E72A3544F82580A2
:106DC000ECE7022E50D02A3544F82580E6E7284B20
:106DD0001B68002BE2D041F275312448F1F7CCF862
:106DE000DCE76369A168E2688A60A16851605A685B
:106DF000211D8A4231D0002262611A68013A1A606C
:106E0000E36A1C4A1268934201D91A4A13601A4A6B
:106E100003EB830302EB83035B68A3609868E06085
:106E200041609960E36A03EB8301880002EB810112
:106E30006161115801311150A36A23B141F28431CB
:106E40000A48F1F799F8FEF79DFFE26A0B4B1B68C1
:106E5000DB6A9A4204D80124A3E7E2685A60CAE7D1
:106E600000F0F0FB01249CE700249AE73088030837
:106E7000DC2D0020D82D0020542E0020B43200201C
:106E80002DE9F8430C4691461E46089F0546C8B1B9
:106E9000F4B900F0EDFC00F04DFD804627B104F19F
:106EA0002A0355F823303B602B1993F8AC70FFB2DE
:106EB000022283F8AC20042E31D8DFE806F0160F4A
:106EC0001F262A0041F2BC314748F1F755F8DFE7A9
:106ED00041F2BD314448F1F74FF8DAE72A3455F86A
:106EE000243043EA090345F82430012F21D001243E
:106EF000404600F02AFD2046BDE8F8832A3455F8C4
:106F00002430013345F82430EFE72A3445F8249043
:106F1000EBE7022F63D02A3445F82490E5E7334BA2
:106F20001B68002BE1D041F204412F48F1F724F80F
:106F3000DBE7AB6A23B141F20F412B48F1F71CF8B4
:106F40002B4B1B68002B3CD16B69A968EA688A60EF
:106F5000A96851605A68291D8A422FD000226A61AF
:106F60001A68013A1A60EB6A224A1268934201D900
:106F7000204A1360204A03EB830302EB83035B6820
:106F8000AB609868E86041609960EB6A03EB83014D
:106F9000880002EB81016961115801311150EA6AE0
:106FA000164B1B68DB6A9A421BD9099B13B101235C
:106FB000099A13600124124B1C6099E7EA685A6031
:106FC000CCE7104B5A68EA619068286205F1180115
:106FD00041609160AB621A6801321A60DFE70024F9
:106FE00086E7012484E700BF30880308DC2D0020F9
:106FF000B82D0020D82D0020542E0020B4320020BF
:10700000CC2D0020102E0020064B1A6813682BB9D7
:107010000123036023B9D368186870470023F8E799
:1070200000207047B833002008B5416000619142EC
:107030000CD8D21A83699A4201D3012008BD011DE0
:10704000094B1868FEF7FFF80020F7E79A4201D2D3
:10705000994206D2011D054B1868FEF7F4F800208E
:10706000ECE70120EAE700BFB4330020B83300208A
:1070700070B504460D46164604E0A3691D44236A14
:1070800020469847A1692B46324629442046FFF7FF
:10709000CBFF0028F1D170BD70B505460E460D4BF3
:1070A0001B68DB68DC68201DFEF7E6F894F82830E2
:1070B00013F0040F07D123F0010384F82830236A6A
:1070C0002046984770BD324629462046FFF7D0FF3C
:1070D000F5E700BFB833002008B505E0DB684FF0E6
:1070E000FF311868FFF7D8FF054B1B681A68002AA4
:1070F000F4D1044A106802490860136008BD00BF5B
:10710000B8330020B433002038B50546FFF700F946
:107110000446074B1B68834205D800232B60044BB1
:107120001C60204638BDFFF7D7FF01232B60F6E730
:10713000A833002070B582B006460C46FFF7E0F891
:1071400001A8FFF7E1FF019B03BB05469CB9B042D4
:107150000AD22246711B0F4B1868FEF7C9FDFFF7D4
:10716000DFF980B102B070BDFFF7DAF92946304689
:10717000FFF792FFF6E7084A126812680AB901247D
:10718000E7E71C46E5E700F05DFAEBE7FFF7C8F933
:10719000E8E700BFB0330020B433002030B587B03B
:1071A00002E0029B002B0FDA002202A93A4B18687A
:1071B000FEF754FB00286CD0029B002BF1DA0599F6
:1071C0000498039B9847ECE7049C636913B1201D66
:1071D000FEF752F801A8FFF797FF0546029B013B17
:1071E000082BE1D8DFE803F005052930470505291C
:1071F000300094F8283043F0010384F82830039BD2
:10720000A169024619442046FFF70EFF0028CBD0A3
:1072100094F8283013F0040F07D123F0010384F809
:107220002830236A20469847BEE7A3692A46039977
:1072300019442046FFF71CFFF3E794F8283023F0A9
:10724000010384F82830AFE794F8283043F00103B5
:1072500084F82830039BA3613BB1A1692B462A46E1
:1072600029442046FFF7E0FE9EE74FF45D710B488E
:10727000F0F782FEF1E794F8283013F0020F04D003
:1072800023F0010384F828308EE7204600F05EF9F1
:107290008AE707B030BD00BFB03300208C880308F8
:1072A00000B583B001A8FFF7AFFE0199FFF742FFD9
:1072B000FFF774FFF6E7000030B583B000F0CEF9B9
:1072C000114B1B681BB100F0D7F903B030BD0F4D57
:1072D0002846FDF79FFF0E4C2046FDF79BFF0D4B08
:1072E0001D600D4B1C60002300930C4B0C4A1021B9
:1072F0000A20FEF7DBF8044B18600028E3D00949A8
:10730000FEF792FCDFE700BFB0330020D03300204F
:10731000BC330020B8330020B4330020B832002042
:1073200008330020E088030810B588B0FFF7C4FFD9
:10733000114B1B68C3B100240594069407AA06A943
:1073400005A8FDF75BFF059B0293069B01930223B3
:1073500000932346079A09490948FEF7ADFE094BF9
:10736000186008B1012005E040F219110648F0F755
:1073700003FE002008B010BDB0330020E8880308E9
:10738000A1720108AC3300208C880308114A12F066
:10739000070F1BD0D11D21F00701C1F5CF430433E6
:1073A00013440A460C480260002141601344083B24
:1073B00023F007030948036059601960991A516066
:1073C0001360074B1960074B1960704746F28473CE
:1073D000E8E700BF00340020F8330020F433002039
:1073E000EC330020F0330020164B1A461B68834212
:1073F000FBD3516802EB010C844509D0416800EBD6
:10740000010C634509D00360904219D010607047A9
:107410004068014451601046F0E710B40A4C2468FB
:10742000A3420BD05B681944416013681B6803607A
:10743000904200D010605DF8044B70470460F7E79D
:10744000704700BFF8330020F4330020F8B505463C
:10745000FEF756FF374B1B688BB1A5B115F1090F2D
:1074600010D8083515F0070305D0C3F10802093B11
:10747000AB4211D31544002D05DA002641E0FFF799
:1074800085FFEAE70025002D47D02B4B1B68AB4258
:1074900045D32A4A146803E00025F4E722461C4637
:1074A0006368AB4202D22368002BF7D1214B1B68E3
:1074B000A34236D0166808362368136063685B1BE6
:1074C000102B0AD9671917F0070F21D163685B1BCE
:1074D0007B6065603846FFF787FF626816490B6876
:1074E0009B1A0B60164909688B4201D214490B6044
:1074F00042F00042626000232360124A13680133A5
:107500001360FFF70DF816F0070F0CD13046F8BDE9
:10751000EE210D48F0F730FDD8E70026F1E7002610
:10752000EFE70026EDE74FF497710748F0F724FDE9
:10753000ECE700BFF4330020F0330020F8330020E4
:10754000EC330020E8330020F0880308A0B338B5FE
:107550000446A0F1080550F8043C002B0CDA54F85E
:10756000083C23B14FF4A1711448F0F705FD54F81D
:10757000043C002B06DB38BD40F241110F48F0F708
:10758000FBFCECE754F8082C002AF4D123F000436C
:1075900044F8043CFEF7B4FE54F8041C084A13688F
:1075A0000B4413602846FFF71FFF064A1368013398
:1075B0001360FEF7B5FFDEE7704700BFF0880308F1
:1075C000F0330020E43300204FF0E023D3F8882D7F
:1075D00042F47002C3F8882DD3F8342F42F04042B1
:1075E000C3F8342F7047000000B583B00023019327
:1075F000084B1B68B3F1FF3F06D100F09BF9019BDC
:10760000002BFCD003B000BD40F20E310248F0F771
:10761000B3FCF2E7C0080020548903084FF0E022D1
:10762000002313619361054B1B680549A1FB0313FC
:107630009B09013B5361072313617047B808002081
:10764000D34D62104FF0E0234FF08052C3F8042D69
:10765000BFF34F8FBFF36F8F7047000008B500F086
:1076600069F9044A136801331360BFF34F8FBFF306
:107670006F8F08BDC008002008B50A4B1B6833B1E6
:10768000084B1A68013A1A601B6833B108BD4FF401
:1076900070710548F0F770FCF2E7002000F055F932
:1076A000F4E700BFC00800205489030810B500F0BB
:1076B00041F90446FEF778FE28B14FF0E0234FF081
:1076C0008052C3F8042D204600F03FF910BD0000A1
:1076D00008B5836913F8023C662B05D040F24D4192
:1076E0000448F0F749FC08BDFFF76EFF00F0F0F822
:1076F000F9E700BF5489030810B44FF0807440F8D4
:10770000044C40F8082C1F4A40F80C2C4FF0123261
:1077100040F8102C4FF0033240F8142C4FF0023296
:1077200040F8182C4FF0013240F81C2C40F8203C57
:107730004FF0113340F8243C4FF0103340F8283C10
:107740004FF0093340F82C3C4FF0083340F8303C00
:107750004FF0073340F8343C4FF0063340F8383CE4
:107760004FF0053340F83C3C4FF0043340F8403CC8
:107770006FF0430340F8443C40F8481C48385DF83B
:10778000044B7047E975010810B584B000230393DA
:107790004FF0E023D3F81C2D02924FF07F42C3F844
:1077A0001C2DD3F81C3D1B0E8DF807309DF80730BB
:1077B00003F050032A4A13705BB19DF80730DB4396
:1077C00013F0500F14D040F23C612648F0F7D4FB80
:1077D0000EE04FF4C7612348F0F7CEFBEDE7039BC3
:1077E000013303939DF807305B00DBB28DF807305F
:1077F0009DF8073013F0800FF1D1039B082B2AD09E
:10780000039BC3F10703184A1360174A13681B024E
:10781000136003F4E0631360029A4FF0E023C3F8AF
:107820001C2DD3F8202D42F47F02C3F8202DD3F86D
:10783000202D42F07F42C3F8202DFFF7EFFE0024F9
:107840000A4B1C6000F064F8FEF754FFFFF7CCFE13
:10785000204604B010BD044B00221A60D5E700BFDB
:10786000889B002054890308849B0020C0080020C6
:1078700008B5EFF305830F2B05D90E4A9A5C0E4B22
:107880001B789A420AD34FF0E023D3F80C3D03F45F
:10789000E0630A4A1268934206D808BD4FF4F161CA
:1078A0000748F0F769FBEEE74FF4F3610448F0F79F
:1078B00063FBF2E7F0E300E0889B0020849B00205C
:1078C00054890308000000000000000000000000D0
:1078D0000B4A1168086806C881F30B88022181F3FE
:1078E0001488203080F30988BFF36F8F4FF00000B9
:1078F00080F31188104700BFAFF30080AFF3008022
:10790000B432002000000000000000000000000071
:1079100007480068006880F3088862B661B6BFF364
:107920004F8FBFF36F8F66DF00BF00BFAFF30080E4
:1079300008ED00E0EFF311804FF0500181F3118862
:10794000BFF34F8FBFF36F8F704780F31188BFF382
:107950004F8FBFF36F8F70470000000000000000E2
:10796000EFF309801EF0100F08BF20ED108AEFF32F
:107970000B82734620E9FC0F114A116808604FF032
:10798000500080F31188BFF34F8FBFF36F8FFEF766
:10799000B1FE4FF0000080F31188094A11680868B1
:1079A000B0E8FC0F13F0100F08BFB0EC108A82F3A0
:1079B0000B8880F309881847AFF30080AFF300808D
:1079C000B4320020000000000000000000000000B1
:1079D0001EF0040F0CBFEFF30880EFF30980044999
:1079E000084700BFAFF30080AFF30080AFF3008023
:1079F000D176010803680A68934204D049688B4233
:107A000015D00020704730B444684D68AC420AD0AD
:107A100049688B4202D0002030BC704743689A42CC
:107A200003D00020F8E70120F6E70120F4E74368DF
:107A30009A4201D0002070470120704703681B0D57
:107A400013F4E06F0FD043680A6893420DD080684A
:107A5000496888420BD08B420BD0824201D0002073
:107A600070470120704700207047012070470120B7
:107A700070470120704782B0019001AA01E01A46C8
:107A8000186818B113688B42F9D1012002B0704711
:107A900000F12802836A01E01A461B682BB11368C3
:107AA0008B42F9D11B68136070477047836A0B6083
:107AB00081627047004870470100020008B5FFF777
:107AC000F9FF000C08BD08B5FFF7F4FF80B208BD50
:107AD000C36E0366704708B500228265C265FFF772
:107AE000F7FF08BD436DC91AC36E1944B1FBF3F229
:107AF00003FB1211836D8B420DD910B4446EC8087C
:107B0000235C01F0070101228A4013432354002023
:107B10005DF8044B704700207047000010B411F06E
:107B2000805F1CD0194A036883EA0104144218D00C
:107B300043F30902B2F1FF3F13D0144C0C40144A36
:107B40001A4042F09F4242F4E002944209D00A0DEA
:107B500002F4E064B4F5806F09D0002004E00D4A1F
:107B6000E1E70023036001205DF8044B7047C1F397
:107B70008921C3F389248C4205D352B203EB8223BB
:107B800003600020F0E70020EEE700BF00FCFF7F6D
:107B900000FC0F0000FC0F7041F30903B3F1FF3F3D
:107BA00008BF0131C1F30901043103680B440360CC
:107BB00000207047836E5B6A002B0BDD8A68013200
:107BC000013343F00103B2FBF3F103FB11221AB1BD
:107BD000002070470020704701207047036B23F49A
:107BE000007343EA412303637047036B6FF39E23E3
:107BF00040F2FF3C614511D04FEA812C4CF09F4C84
:107C00004CF4E00C43EA0C03036340F2FF33994267
:107C100007D0136843635368836370474FF0000CC9
:107C2000F0E700234363F7E70368013303600020B4
:107C30007047000008B5C36E8B4205D9806EC368DB
:107C40009847002805DC08BD04494FF48A7003F00A
:107C500013FF02494FF48B7003F00EFFCC89030829
:107C600008B5036BC3F309020AB9002912DBB2F5A8
:107C7000FF7F01D9002912DC1944016321F0004380
:107C8000C1F30901003918BF012143EAC17303633D
:107C9000002008BD044941F21B3003F0EDFE02490B
:107CA00041F21C3003F0E8FECC89030810B50C4605
:107CB000836E9A6AFF21E0681CF083FD4FF0FF336A
:107CC000236010BD38B505460C461830FFF792FE0C
:107CD00040B9A268E3689A4210D0A3680133A36058
:107CE000002038BD1BF0F6FD10B96FF05300F8E727
:107CF000074A0021012005F0EBFDF6E7AA692260A2
:107D0000EA6962600022A2605B00E360E5E700BF11
:107D1000148A0308F8B50D68836EDF69083FB5FB68
:107D2000F7F0BD4212D30E460138EFF78BF8841CF2
:107D3000A5EB8404B4FBF7F404FB17552046EFF7DA
:107D400081F8A5EB800535602046F8BD0020FCE7F2
:107D50002DE9F04F87B014469B46109F119DDDF82A
:107D60004CA005EB0A02836EDB699A4200F2C680E2
:107D70008946C36E002B00F0BD80BB4240F2C1803B
:107D800003907FE0D9F80430D9F808209918A94267
:107D90001ED9AB4205D95B1B534528BF53469846B5
:107DA0007CE0591B02EB0108D04528BFD046D9F82A
:107DB0000C10EB1A4246194412981CF033FE129B29
:107DC000434412934544AAEB080A5BE0D04665E0C1
:107DD000D04663E06368A2689918A94261D9AB42B2
:107DE00004D95B1B984528BF98465AE0591B0A44A2
:107DF000904528BF9046E168EB1A42461944129814
:107E00001CF010FE129B434412934544AAEB080A4F
:107E100038E01299049B194412911D44059AA2EB73
:107E200008039A442EE0039BDB6E0BB1BB4259D989
:107E30002760039EB36E5B69B5FBF3F203FB02F2AE
:107E4000626005EB0B03B16E48690344013BB3FB71
:107E5000F0F300FB03F3C869984294BFC2EB000C37
:107E6000C2EB030C8B6A634528BF6346A360B06E08
:107E7000D0F804800093E3683946C047031E35DC20
:107E8000002B41D1BAF1000F36D0B9F1000F9DD0CF
:107E9000D9F80030BB423FF475AFD0462368BB42EF
:107EA00098D0DA45BFD3039B986E4269B5FBF2F3D5
:107EB00002FB1353002BB6D15245B4D8B8FBF2F3F2
:107EC00002FB03F3A8EB03020592426816460493F3
:107ED0000093129B2A463946B047002899D007B034
:107EE000BDE8F08F09496B2003F0C6FD07497620F5
:107EF00003F0C2FD0390C5E70020F0E76FF05300E8
:107F0000EDE76FF05300EAE71846E8E7CC8903088D
:107F10002DE9F04F87B00646894617469A46CD6848
:107F20000B6905933C30FFF789FD002800F08E8037
:107F3000C7F38923002B00F08C80F36BC3F38F23EE
:107F4000CAF38F2283EA0201C1F30901002900F07C
:107F50008C80C3F30903C2F3090293427CD34FF030
:107F6000000B04E0AAEB0B0363403B4249D0059CA5
:107F700044F30908B8F1FF3F14BF2346631CC3F361
:107F8000090303F10802AA4269D80433ED1AD9F8AB
:107F900000200423039305A9029101950092324623
:107FA00000213046FFF7D4FE0346002859D1059B37
:107FB0001BBA634023F000430593C7F38923002BCA
:107FC000D0D0230D03F4E062B2F5806FCAD1C4F3C0
:107FD0008921AAEB0B02C2F389208842C2D322F086
:107FE0007F4222F4700222F47F7222F0030242F0F8
:107FF000804242F48012A2423AD05BB20BEB832B58
:10800000B0E7B8F1FF3F36D0C4F30907129B9F4297
:1080100028BF1F46D9F80020109B2B440433039738
:1080200011990291019300923B463246002130465D
:10803000FFF78EFE0346A0B9129BDA1B0021119BAD
:10804000D8191CF0BEFB0BEB04030AE04FF0000B49
:108050008DE74FF0000B8AE7DFF820B087E76FF07D
:108060000103184607B0BDE8F08F6FF00103F8E791
:108070006FF00103F5E76FF00103F2E700FCFFFF8B
:1080800010B584B0C3F309040294069C0194002443
:108090000094FFF73DFF04B010BD000010B586B09E
:1080A000144603AB00930D4B0D4AFFF7E9FF002880
:1080B0000EDB2368039A534023606368049A53409D
:1080C0006360A368059A5340A360002006B010BD0A
:1080D00010F1020FFAD10020F8E700BF0C00F07F8A
:1080E0000000F07F2DE9F04F89B01C46129B139ED3
:1080F000149F23B90023184609B0BDE8F08F8046CD
:1081000089469246013B079307A9FFF703FE054600
:1081100021463846B04703460028ECD1002DEAD06E
:1081200005F0010BCBF102039B00039305AA029219
:10813000002201920094524649464046FFF708FE4D
:108140000446C8B9EB4303F00103A3420BDD08ABBF
:1081500003EB840353F80C1C3846B0470346002851
:10816000C9D10134EEE708AA02EB830353F80C4CA3
:10817000ABF1020B5D44CBE70346BCE730B587B0FB
:1081800004460068836EDB69116852680825039510
:1081900004AD029501920091024600F11001FFF733
:1081A000D7FD034670B9049A6168914208D0059DD5
:1081B000A068854204D0824202D0A94200D00123A7
:1081C000C3F30003184607B030BD00002DE9F04F9F
:1081D000AFB007900E4617461C46DDF8E080DDF88C
:1081E000E4B0DDF8E8A0BDF8F0300493BDF8F43059
:1081F0000593BDF9F830069300250D950E9544F3CF
:108200000903B3F1FF3F14BFA14604F10109C9F30B
:10821000090909F10409B944F36899455ED3BBF132
:10822000000F40F3F880D8F800300F93D8F804908E
:1082300008F108080BF1FF3B0F99A84B0AEA03036A
:108240003B9A4A401A40DAD1CAF38923002B00F046
:108250001481022D62D8C5EB05132EA800EB830311
:1082600043F8786C43F8747C43F8704C43F86C8C9A
:1082700043F868BC43F864AC3B9843F8600C04983E
:1082800023F85C0C059823F85A0C069823F8580C30
:108290003F9843F8540C409843F8500C43F84C1C5A
:1082A00043F8489C443B0DA903C983E80300C5EB90
:1082B00005139B00283310A90B4404334093013568
:1082C0003B929246864B3F9300230693059304937B
:1082D00095E7089D099E0A9F0B9C90E7326804234E
:1082E00003930FA90291CDF804900092079A002100
:1082F0001046FFF72DFD0346002840F0EA800F9B53
:108300001BBA634043F000440F9433680D9309F1A6
:1083100004030E934F460DF134098DE7714940F285
:10832000BF3003F0A9FB6E4B3F9A9A423FF467AF10
:10833000C5EB05132EAA02EB83033C22002109930F
:10834000A3F178001CF03DFA099B43F8786C43F8E0
:10835000747C43F8704C43F86C8C43F868BC43F869
:1083600064AC3B9A43F8602C049A23F85C2C059A81
:1083700023F85A2C069923F8581C3F9A43F8542C9A
:10838000409A43F8502C0135089BC3F3090204922C
:10839000C3F38923501C05909B1A11FA83F31BB277
:1083A00006934E464FF000533B93DFF83CA14FF04D
:1083B000000BD8464FF0FF345F4620E700230895B6
:1083C00009960A970B941C46069D3F9E409F0F9B63
:1083D000C3F30902944219D204EB440109EB810270
:1083E00019F8211001F54071C3F389232B449B0236
:1083F00043EA01539168526819433846B047002850
:1084000066DB00287FF465AF0134E0E7089D099E34
:108410000A9F0B9CF3E60023002D5AD0013DC5EBCB
:1084200005132EAA02EB830353F8786C53F8747C7F
:1084300053F8704C53F86C8C53F868BC53F864AC28
:1084400053F8602C3B9233F85C2C049233F85A2C8E
:10845000059233F9582C069253F8542C3F9253F856
:10846000502C409253F84C2C0F9253F8489C0DAA74
:10847000443B93E8030082E80300CAF3892353B125
:108480000F9BC3F38923049A9A423FF6B8AE059A2C
:108490009A427FF6B4AE0F9B0893C3F30A53002BA6
:1084A0003FF4ADAE40F2011293423FF43CAFB3F55E
:1084B000817F83D04A46089B069903EB812140982F
:1084C0003F9B9847031E04DB002B3FF498AEA3E7C5
:1084D000034618462FB0BDE8F08F00BF0000F07FC4
:1084E0001D7B0108CC89030800FC0F602DE9F04FCB
:1084F00087B006468A4617461C46DDF840B0DDF8D0
:108500004890139DDDF8548005EB0802836EDB690B
:108510009A424BD96FF0530074E07B68BA6899189F
:10852000A9421CD9AB4204D95B1B434528BF434633
:1085300046E0591B0A44424528BF4246F968EB1AF7
:108540000592194414981CF06DFA1499059B19446E
:1085500014911D44A8EB030828E0434630E043464D
:108560002EE06FF001032360B36E5B69B5FBF3F29D
:1085700003FB02F2626005EB0B03B16E4869034432
:10858000013BB3FBF0F300FB03F3896A8B4228BF86
:108590000B46A360E1680293019100924B46119A49
:1085A00051463046FFF7B4FC00282BDBB8F1000F32
:1085B00027D0002FD1D03B6813F1020FADD0434636
:1085C000226812F1020FCCD16268A1685018A8424B
:1085D000C7D9AA42C5D8501B0144994228BF1946A1
:1085E0000846E368A91A05900246194414981CF03D
:1085F00019FA1499059B194414911D44A8EB03081A
:10860000D4E7002007B0BDE8F08F2DE9F04F89B026
:108610008246894605921F46DDF84C80DDF850B051
:10862000159E002402E0012323E02C44B4421FD213
:10863000351B082D28BF0825039506AB029304EBD4
:1086400008030193129B00933B1B059A4946504631
:10865000FFF77EFB034660B92A460BEB040106A830
:108660001CF086F80028E0D00028DCDB022300E0C4
:108670000023184609B0BDE8F08F00002DE9F04353
:1086800085B00C46096811F1030F3AD807469146A8
:108690009846C36E99422CD2A568806E83691D44AA
:1086A000013DB5FBF3F503FB05F586680095E3682E
:1086B0006268B047061E20DC26BBB8F1000F13D05D
:1086C0004FF0FF33C9F80030E36803950293636805
:1086D0000193236800932B464A4600213846FFF752
:1086E00094FF002812DB98B921463846FFF7DEFADE
:1086F00008E00949B32003F0BFF90749B72003F0A8
:10870000BBF90026304605B0BDE8F0830646F9E720
:108710006FF05306F6E700BFCC8903082DE9F04F50
:1087200083B007460C4601929B460C9D0D9EDDF8DA
:1087300038A0DDF83C8015F1020F02D0C36EAB42C9
:1087400009D906EB0803BA6ED269934214D92849B5
:10875000E92003F091F92649E82003F08DF9B3F1FF
:10876000FF3F3BD12560BB6E9A69B6FBF2F302FB7B
:1087700003F363600023A360B8F1000F33D02368D4
:10878000AB42ECD16268B242E9D8B96E896A50183E
:10879000B042E4D9931B01EB0309C14528BFC14690
:1087A000E368B01A4A46514618441CF03BF9CA44E3
:1087B0004E44A8EB0908A2686368F31A934238BFD5
:1087C0001346A360BA6E926A9A42D5D15B46019A6B
:1087D00021463846FFF752FF30B9CDE704494FF440
:1087E000837003F049F9002003B0BDE8F08F00BFAB
:1087F000CC89030838B504464FF0FF351560FFF704
:108800003DFF034620B9A06E03699847031E01DCB3
:10881000184638BD0149DD2003F02EF9CC89030844
:1088200070B584B0044694460068A368C1F3090596
:10883000AB4228BF2B461268DCF80410039366682D
:1088400002960191009202460021FFF7DEFE20B958
:10885000A368AB4201D002D2012004B070BD022057
:10886000FBE72DE9F04389B00593109B53B94FF016
:10887000FF33129A13600023139A1360184609B04D
:10888000BDE8F083074688469146013B079307A958
:10889000FFF740FA054611A93846FFF73BFA0646AE
:1088A000B5421FD9AC1BB4FA84F4C4F11F0495FA85
:1088B000A5F3B3FA83F39C4228BF1C46A20004230D
:1088C000039305A902910192059A00924A464146F6
:1088D0003846FFF73DFA03460028CFD10123A340D5
:1088E000ED1ADDE7059B129A1360119B139A136032
:1088F0000023C3E72DE9F04387B00C461746496BC8
:10890000E26A914272D28046A2EB0109994528BFE2
:1089100099464E4637E013F4801F41D06FF00103B3
:10892000A363636BE363236B43F480232363D8F86F
:108930006830DB69E26B9D1AB54228BF3546216B72
:1089400011F4801F41D0A188890241F0005141F407
:1089500080110595049703920291274A0192009392
:1089600004F14003002204F108014046FFF7BEFD78
:10897000034600283BD1636B2B446363E36B2B44BA
:10898000E3632F44761B002E2ED0236B13F4802F2D
:10899000C1D0E16BD8F86820D2699142C7D1BAE75B
:1089A000636B04F13C02039204F1380202920193DA
:1089B000E36A0093A36A04F1400200214046FFF7F6
:1089C00050FF03460028AED011E0039502970192B4
:1089D000A26B009204F1400200214046FFF7B8F973
:1089E00003460028C7D002E04B4600E000231846AB
:1089F00007B0BDE8F08300BF00FCF7FF2DE9F04FA2
:108A000089B083468A4605929846DDF84C90149EBC
:108A1000159F002406E02A4606A93868F3F72EFDC4
:108A200038602C44B44216D2351B082D28BF0825C7
:108A3000039506AB029304EB09030193129B009389
:108A4000A8EB0403059A51465846FFF781F90346FF
:108A50000028E0D000E00023184609B0BDE8F08F00
:108A60002DE9F04F97B005460E4617460693C36EA4
:108A70003BB11268934240F260827A68934240F2BE
:108A80005F82002412941394A04610E018F10103B1
:108A900003F0010348BF5B4216A901EB830353F8BF
:108AA000103CD21A002A00DD444608F10108B8F152
:108AB000010F1DDC4FEA880912AA02EB8802042389
:108AC000039302920021019157F8282000922A4630
:108AD0002846FFF73DF909F158030DEB030959F852
:108AE000102C83460028D1D010F1540FDDD020E2A5
:108AF000002C04F00103B8BF5B4257F8232032601A
:108B000014F1010C0CF0010C48BFCCF1000C57F82B
:108B10002C20726016AA02EB830353F8103CB3605A
:108B20000024F4604FF0FF3BCDF81CC0A146B9F122
:108B3000010F00F3F481994A0EAB92E8030083E839
:108B40000300042206F108014FF0FF30F3F796FC12
:108B50000B90CDF814B000231C46089309934FF0F6
:108B6000FF381F4622E110F1540F01D100231FE00E
:108B70008346DEE14FEA185303F4F063B3F5A06FC8
:108B800014BF0023012313E0221D042103910DA92A
:108B900002910192326800922A4600212846FFF78E
:108BA000D7F8002841D10D9A0B9B9A4242D000235E
:108BB000F268002A00F076810021B17553B1A86EE9
:108BC0008169B2FBF1F301FB13231BB9089B002B56
:108BD00040F07681314605F13C00FEF72FFF68B189
:108BE000EB6BC3F38F23CBF38F2181EA0302C2F334
:108BF0000902002A40F082814BF0004B219B3BB1DF
:108C0000CBF38923B28A934228BF1346219A13805B
:108C1000BBF1000F80F28D81CBF38923B28A9A4297
:108C200040F27A816FF0010B83E110F1540FBED056
:108C300083467EE10C9BC3F307538AEAC378042280
:108C40000BA9E86AF3F71AFCE8620C9B43F30902EC
:108C5000B2F1FF3F08BF0133C3F3090304332344D8
:108C6000F360C6F81080B7820E9BB3610F9BF3616F
:108C7000099BF3754FF0FF330B93DDF814B095E0CB
:108C800010F1540F01D1002392E7834651E1B1F571
:108C9000806F21D0B1F5C06F46D0C0F30A0240F218
:108CA000FF539A4240F0E380AB6EDB6908220392E7
:108CB00010AA0292CDF80480326800922A46002160
:108CC0002846FFF745F800284AD010F1540F00F06D
:108CD000E78001230893CAE040B217FA80F297B206
:108CE000059A22F07F4222F4700222F47F7222F071
:108CF000030242F09F4242F4E00293420FD00599F2
:108D0000B1F1FF3F00F0B380C3F38923C1F389229F
:108D10009A42C0F0AC8001EB80230593A7E0059B4D
:108D200043F000430593A2E000F001030993AB6E0A
:108D3000DB69082203920EAA0292CDF80480326801
:108D400000922A4600212846FFF702F8002800F08A
:108D50008E8010F1540F01D1002329E78346E8E00B
:108D60000123089383E010F1540F01D100231FE782
:108D70008346DEE00C9A059B82EA0301084B0B4018
:108D800083B1022811D1C2F389230599C1F3892146
:108D900099420AD342F00043059306E008580308BD
:108DA00000FCFF7F4FF0FF330593D04648F30902E4
:108DB000B2F1FF3F14BF434608F10103C3F30903B7
:108DC00004331C44AB6EDB69042203920CAA0292AA
:108DD0000194326800922A4600212846FEF7B8FF27
:108DE00000287FF4C0AE04220CA90B98F3F746FBD1
:108DF0000B900C9B1BBA88EA030ACDF830A0BAF19D
:108E0000000FFFF6B7AE4AF30903B3F1FF3F14BFFB
:108E100052460AF10102C2F30902111D2144AB6E50
:108E2000DB6999423AD84FEA1A5101F4F061B1F581
:108E3000A06F3FF4A9AE04F104080BA903910292BC
:108E4000CDF80480326800922A4600212846FFF7B8
:108E5000D5FD00287FF414AF0C9B180D10F4E061D1
:108E60007FF415AFC3F389239F4200D85F1C0C9990
:108E7000209B4B40069A134297D133681493CDF848
:108E8000548014AA2398229B98470028FFF66BAFC2
:108E900000287FF46FAF0C9B059386E7002387E6DD
:108EA000002385E6336872683260736016AA079BF8
:108EB00002EB830353F8103CB36009F1010936E675
:108EC0004FF0FF330D93C3690DA9039110990291DF
:108ED0000192326800922A4600212846FFF78EFD53
:108EE00020B110F1540F01D0834622E0119A0D9B5E
:108EF000934214BF00230123B3756BE6BBF1FF3F20
:108F00003FF47CAEC3F30903C1F3090199427FF634
:108F100075AEABF5806B71E64FF0000B09E073683E
:108F200000933368084A0221002004F0D1FC6FF05E
:108F3000530B584617B0BDE8F08F6FF0530BF8E7AE
:108F40006FF0530BF5E700BF3C8A030870B58CB097
:108F500006460D461446002393610123D3610DF1AB
:108F6000140C194B0FCB8CE80F00A369B3F1FF3F32
:108F700023D0E369B3F1FF3F23D005A92046FEF7D4
:108F8000A1FE00281BDB09962B680A936B680B93E4
:108F900009AB03930D4B0293002301930C4B0093F9
:108FA0000C4B04F1180221463046FFF759FD00280A
:108FB000DBD010F1020FD8D001E06FF001000CB04F
:108FC00070BD6FF00100FAE7105803087D810108B9
:108FD00008000020FF03F07F00B585B00023039355
:108FE000029301934FF0FF330093FFF739FD05B073
:108FF00000BD00002DE9F04792B005460E46174629
:109000009846202200210AA81BF0DBFB01231193C4
:1090100006AC534B0FCB84E80F00109BB3F1FF3F1E
:1090200064D0119BB3F1FF3F60D006A90AA8FEF7F8
:1090300049FE0028C0F291800024012C0CDCA31D05
:1090400012AA02EB830353F8201C3846B0470246AD
:1090500000287CD10134F0E710AA0AA92846FFF7BE
:10906000BBFF8146002876D1002404E012F1020FF4
:109070006DD10134A4B2BDF83C30A342CDD9A302D6
:1090800004AA009243F0005343F00803354A0AA9AA
:109090002846FEF7F5FF021EE8DBC2F30A5240F253
:1090A00002239A4214D0B8F1000FE2D0B2F5007F4B
:1090B000DFD1CA46BAF1010FDBDC04AB53F82A104A
:1090C0003846B0470246002841D10AF1010AF1E7CB
:1090D00002970196059B0093049B2A46002128468F
:1090E000FFF700F802460028C3D030E0AC6A0EE07B
:1090F000A36A02970196E26A00922A4604F14001AF
:109100002846FEF7EFFF024658B120E02468ECB194
:10911000A379012BFAD1236B03F48813B3F5803FB5
:10912000E6D0236B03F49013B3F5003FEED1626BEE
:10913000A36B0297019600922A4604F1400128464B
:10914000FEF7D0FF02460028E0D000E000221046E3
:1091500012B0BDE8F0870246F9E76FF05302F6E778
:109160001058030800FC0F7038B50446436DC26DFB
:109170001344C26EB3FBF2F102FB113343650021CD
:10918000C165826ED36ADB00006E834228BF03464E
:10919000A365D26A606E1BF014FB012322460649C8
:1091A0002046FFF727FF054608B9284638BD204668
:1091B000FEF791FCF9E700BFE57A010838B50446EF
:1091C0000D46E36DA26D93422BD2616EDA088A5C84
:1091D00003F00701CA4012F0010F05D00133E36527
:1091E000236E013B2366ECE7626D1344E26EB3FB32
:1091F000F2F102FB11332B60E36D0133E365226E64
:10920000013A2266A26D934222D2616EDA088A5C2C
:1092100003F0070322FA03F313F0010FECD100204F
:1092200017E0226E2AB12046FFF79EFF0028C8D023
:109230000FE0626D1344E26EB3FBF2F102FB1133F7
:10924000044A0121002004F043FB6FF01B0000E002
:10925000002038BD6C8A030870B584B006460C4601
:109260000025012D0DDC013505F0010148BF494203
:1092700004EB81013046FFF7A1FF03460028F0D040
:109280002CE00021224642F8081F04230393029297
:1092900001912268009232463046FEF759FDA268DD
:1092A000034610B110F1540F18D1B36E5B6A002B56
:1092B00009DD013343F001015318013BB3FBF1F326
:1092C00001FB03F3A3600423E3604FF0FF3222614C
:1092D0000023A382A261E261A375E375184604B07E
:1092E00070BD0000F0B589B005460E464AE0012287
:1092F00003920DF11B0202920194B26B00921B1BB0
:109300002A4606F140012846FEF722FD002849D1F1
:10931000012303930DF11B0202920194079A00921C
:109320002A4605F110012846FFF7F8F920BB013461
:10933000F36BA3423CD9326B12F4801FD7D01B1BB6
:10934000B288920242F0005242F48012012105914B
:109350000DF11B01049103940292224A01920093A1
:1093600006F14003002206F108012846FFF7BEF887
:109370000028CDD0074632E010F1540F14D14FF041
:10938000FF332B6107A92846FFF718FF074630BBBC
:1093900007992846FEF74EFC074638B110F1540FE6
:1093A000EDD01CE007461AE0074618E00024BFE7AE
:1093B000AB6E9A6AE969F06C1BF034FB2B6933647D
:1093C0006B697364AB69B36405F110012846FEF75D
:1093D0006DFC079BB363336B43F400333363384650
:1093E00009B0F0BD00FCF7FF38B505460C464B6BE5
:1093F000CB63FEF76DFB21462846FFF773FF18B9D4
:10940000236B23F48013236338BD2DE9F04F8BB019
:1094100005460F461646059344E0149B002B32D0B8
:10942000149B013B089308A92846FEF773FC089B90
:1094300001330893AA6ED269934252D00024B946F0
:10944000059F089BA34241D90122039209AA0292D7
:10945000019400971B1B324600212846FEF778FC3A
:109460000346002830D10123039309AA02920194F4
:10947000079A0092324649462846FFF74FF90346BD
:1094800048B90134DDE78246079B159A1360002333
:10949000169A136021E04F4610F1540F14D14FF08B
:1094A000FF333B6007A92846FFF788FE002859D103
:1094B00007992846FEF7BEFB80460028ADD010F184
:1094C000540FECD0824608E09A4606E0C246079B5D
:1094D000159A1360089B169A136050460BB0BDE8AE
:1094E000F08F013090FAA0F9B9FA89F909F1010A6F
:1094F000059B09930024AB4606E05D4610F1540F2E
:10950000CDD08246E9E70134544521D2A500042399
:10951000039309AB02930195079B00930123324605
:1095200039465846FFF7FAF8099A0028E5D14C4524
:10953000E9D00423039309A90291019500923246D0
:1095400000215846FEF704FC0028DCD08246C4E720
:10955000D146C246079B159A13604FEA8901169BB4
:109560001960BAE78246B8E72DE9F04387B00546AF
:109570000C46174699460B6B13F4801F08D04B6BB3
:109580004B44CA6A934238BF1346C26F9A422DD3E6
:10959000C846B8F1000F00F09480236B13F400323A
:1095A00004D0E06BA96EC969884250D113F4801FC2
:1095B00044D10AB9636B1BBB2846FEF789FA636B7B
:1095C00004F13C02029204F1380201920093A36B71
:1095D0002A4604F140012846FFF717FF01460028FC
:1095E00031D0236B43F40023236359E0FFF7FCFEE3
:1095F00001460028CCD0236B43F4002323634FE0C3
:1096000004F14006E26A013B0021059105A80390A0
:1096100004F13800029001930092A36A3246284672
:10962000FFF71FF9014620B931462846FEF73EFBF9
:10963000C2E7236B43F40023236331E06FF001039F
:10964000A363636BE363236B43F400332363AB6E69
:10965000DE69E36BF61A464528BF46460396029735
:10966000E36B0193A36B009301232A4604F14001AD
:109670002846FFF753F80146B0B110F1540F0BD153
:1096800021462846FFF72EFE01460028E6D0236B30
:1096900043F40023236303E0236B43F40023236399
:1096A000084607B0BDE8F083636B33446363E36B44
:1096B0003344E3633744A8EB06082846FEF708FA6C
:1096C00067E74946ECE770B596B005460C460B6B6C
:1096D00013F4802F08D013F4801F02D14FF0FF3213
:1096E0000A6423F480232363236B13F4003F5FD0C9
:1096F000666B13F4801F48D15422002101A81BF08F
:1097000060F8A36A0B93E36A0C9301230D93636BD8
:109710000E930DF1440C95E80F008CE80F004FF00C
:10972000FF332B60626BE36A9A421AD201230DF178
:10973000030201A92846FFF7DDF8031E39DB0123E8
:109740000DF1030221462846FFF70EFF031E30DB12
:109750002B68B3F1FF3FE5D04FF0FF3311932B603F
:10976000E0E701232A4604F140012846FEF786FF80
:10977000034678B110F1540F1BD121462846FFF75C
:10978000B1FD03460028ECD013E0E36AB34238BFD2
:1097900033466363A36BA362636BE362236B23F4BF
:1097A0000033236343F4803323636663002300E0C4
:1097B0000023184616B070BDF8B51F460B6B13F0AA
:1097C000010F0FD005460C46164613F4003F02D099
:1097D000FFF779FF28B93B46324621462846FFF776
:1097E00089F8F8BD024940F6DF5002F045F900BFA4
:1097F000CC8903082DE9F04182B01F460B6B13F0B2
:10980000020F2AD005460C46904613F4802F29D12A
:10981000236B13F4006F04D0616BE26A914200D2B3
:109820006263666BF1196A6F91422FD813F4003F9F
:109830001DD1E36A9E421AD96363616B8E4216D9C9
:1098400000238DF8073001230DF107022146284639
:10985000FFF78AFE0028F0DA15E00E4940F6466070
:1098600002F00AF9FFF72FFF0028D1D00BE03B46AA
:10987000424621462846FFF777FE002803DB236B8C
:1098800023F40023236302B0BDE8F0816FF01A00D7
:10989000F9E700BFCC89030800B583B0002301932A
:1098A00001AA0349FFF7A6FB00B9019803B000BD68
:1098B000297C010870B584B006460D461446002385
:1098C00093610123D3611D4B0FCB0DF1100C0CE9FB
:1098D0000F00A369B3F1FF3F29D0E369B3F1FF3F64
:1098E00029D069462046FEF7EDF9002814DBA3696C
:1098F0002A68934213D0E0696968884211D08B428C
:1099000011D0824211D004F1180221463046FFF7EF
:1099100063FB0028DDD00CE06FF0530009E000206D
:1099200007E0002005E0002003E0002001E06FF0E8
:10993000010004B070BD6FF00100FAE71058030891
:10994000F0B585B00C4616461D46039302924B684F
:1099500001930B6800930023024600F11001FEF70B
:10996000DDFE074610B1384605B0F0BD2A46314647
:10997000E068F2F783FDE06063682B446360F2E720
:109980002DE9F04F87B014461F4642F30903B3F1A7
:10999000FF3F14BF904602F10108C8F3090808F11F
:1099A00004094B684B444A69934241D805460E4628
:1099B00024F0004B8B688BEA03031BBA0593042346
:1099C00005AAFFF7BDFF824660BB002C21DA002408
:1099D000444525D2A9EB040339687A680120039035
:1099E0000DF113000290224401920091043B2A469B
:1099F00000212846FEF7ACF90346B8B901230DF162
:109A0000130231462846FFF79BFF034670B9013425
:109A1000DEE743463A4631462846FFF791FF50B904
:109A2000C6F808B0504607B0BDE8F08F9A46F9E78F
:109A30006FF01B0AF6E78246F4E708B513460A46BC
:109A400041680068FFF79CFF08BD00002DE9F04F5A
:109A50008BB007460E464B6803F11402836ED9693A
:109A60009B698A4294BF03EB020803EB010808F1EB
:109A7000FF38B8FBF3F803FB08F8002305939B4677
:109A80003CE0012203920DF11B0202920194326824
:109A900000923A4600213846FEF75AF9034618B1BB
:109AA00010F1540F40F0C080BB6E9B6907934FF0DC
:109AB000FF32089208AA039202930194326800923E
:109AC0003A4600213846FEF799FF034618B110F1D7
:109AD000540F40F0A98007AB584A31463846FFF78B
:109AE0004FFF034648B39FE000233A4651463846AD
:109AF000FEF780FE0346002840F0968074684445D7
:109B000068D2A8EB0403043B40F2FE32934294BFB8
:109B1000E418A4180434444504D2A8F114039C4268
:109B200028BF1C46FF238DF81B30444505D3BB6E70
:109B3000DA699B69D21AA242A3D29DF81B20D243B4
:109B4000C2F3C01202F5A0627368E51A043D45EA4B
:109B5000025545F47F2545F44065B3686B401BBA58
:109B600007930DF11C0904224946F068F2F786FCC0
:109B7000F060089007F1100A08230393CDF80890CD
:109B8000736801933368009300233A465146384680
:109B9000FEF7C4FD0346002846D1BBF1000F04D1F7
:109BA000736803F1040BF368059374609DF81B3030
:109BB000DB431B0603F000436B40B3604FF0FF3301
:109BC000F360444590D27B69BA6E926A1344A34213
:109BD00094D889E733694FF0FF320992ABEB030267
:109BE00009A9039102920193336800930BF10403D6
:109BF0003A4600213846FEF701FF0346A0B9099B0B
:109C0000059A934214D109AB039304230293CDF830
:109C100004B0326800923A4600213846FEF7EEFE64
:109C2000034608B9099A32B918460BB0BDE8F08F5F
:109C30006FF05303F8E76FF05303F5E708FCFF5F9D
:109C40002DE9F04F9BB005460C4616461F46BDF861
:109C50009480BDF89890FDF7ADFFA3680133A36031
:109C6000824690B30023149301231593236863B3B2
:109C70006268012A29D0012B27D032B34FF0FF337D
:109C80002B6100231893012319932368002B00F004
:109C9000F8806268012A00F0F480012B00F0F18066
:109CA000002A00F0EE80211D2846FFF787FA0346C0
:109CB000002800F0EC8010F11C0F1FD1BAF1000F4A
:109CC0001CD0D3464FF0000A01E04FF0000B636850
:109CD0000E9300230F934FF0FF32109211921293C4
:109CE000AA6ED36C73B1083B139361682846FDF7E5
:109CF000A1FF034648B110F1540FBFD018461BB066
:109D0000BDE8F08FD369083BEEE7042304F10802B5
:109D10000EA92846FFF714FE034618B110F1540FA0
:109D2000ECD1ABE716950EAB179316AB08935E4BD1
:109D30000793C8F100031BB20693CDF81490CDF839
:109D4000108000220392594B0293019700964FF026
:109D5000FF3324992846FEF739FA034618B110F16B
:109D6000540FCBD18AE7A369B3F1FF3F15D0E36964
:109D7000B3F1FF3F11D0E27D02F5C06204F1180398
:109D80004B4941EA02520EA92846FFF7F9FD034666
:109D900018B110F1540FB1D170E700230B930C935D
:109DA0000D93BBF1000F0ED1E86B0B90296C0C9159
:109DB0006A6C0D922B6B43400B936B6B4B400C9377
:109DC000AB6B53400D93AA6C0B9B53400B93E96C08
:109DD0000C9A4A400C92296D0D9A4A400D926FF3ED
:109DE00009030B930BAA21462846FEF757F90346B1
:109DF000002883D10B9B1BB90C9B0BB90D9B63B146
:109E00000BAB2C4A0EA92846FFF7BAFD034620B13A
:109E100010F1540F7FF472AF30E70EA92846FFF718
:109E200015FE034620B110F1540F7FF467AF25E70C
:109E30000F9BAA6E9269B3FBF2F102FB1133DBB9FF
:109E40002368626822606360A9EB0808A4F81480A4
:109E50000F9BE360109B23610022AA64EA642A65D9
:109E6000BBF1000F06D105F13C03303595E8070042
:109E700083E807005B4641E70F4940F61E0001F00A
:109E8000FBFD19F027FD38B96FF01B0336E74FF0E3
:109E9000000A4FF0010B1AE76368084A01210846DF
:109EA00003F016FDF0E700BF3B9A010800FC0F40ED
:109EB00008FC0F000CFCFF7FCC890308908A030884
:109EC0002DE9F0438DB005460C4691461E46BDF87F
:109ED000548004A9FFF7C0F9074618B138460DB001
:109EE000BDE8F083E37D8DF82730A3690A93E36929
:109EF0000B93BDF858300293CDF80480149B009367
:109F000033464A4604A92846FFF79AFE002817DB85
:109F10000499A161059AE2610123E3752368286A27
:109F2000834207D066686C6AA64203D0A34201D080
:109F3000B042D3D1B8F1000FD0D129626A62CDE727
:109F40000746CBE72DE9F04F91B0074615469946F5
:109F5000DDF868A0BDF86CB0BDF870600B9148E00A
:109F600004EB5804A6EB0408B8F1010F31D9002224
:109F70000D92A1B20DAB08934E4B07934B421BB20F
:109F800006930596049103924B4B0293CDF80490EF
:109F900000954FF0FF3351463846FEF717F9034658
:109FA000002866D1B96ECB6C03B9CB69B8F1FE0F4E
:109FB000D6D8A3F12802896901EB5303013BB3FB17
:109FC000F1F301FB03F39A4228BF1A460D9B93421B
:109FD000C6D85C4522D0A4B202960194CDF800A068
:109FE0004B462A460B993846FFF76AFF034610B9DD
:109FF00026465C46B6E7DDF82C8010F11C0F38D100
:10A0000019F068FC60B1D8F804300093D8F800303B
:10A010002A4A0221012003F05BFC01E0DDF82C80DC
:10A0200041463846FDF7C6FDB8B100230E93012323
:10A030000F93D8F8002032B1D8F80430012B02D0A9
:10A04000012A00D04BB93846FFF726FC031E10DB6F
:10A05000FA6ED31AB3EBD20F0FD80296CDF804B034
:10A06000CDF800A04B462A4641463846FFF7E8FDAA
:10A070000346184611B0BDE8F08F0296CDF804B043
:10A08000CDF800A04B462A4641463846FFF718FF58
:10A09000034660B110F11C0FEBD119F01BFC002836
:10A0A000DBD0074A0021012003F012FCD5E701268E
:10A0B000D3E700BF997B010800FC0F40C48A030866
:10A0C000F08A03082DE9F04F9BB007460E469146F3
:10A0D0000A93DDF8908000221446184603E0B38A04
:10A0E0000133B382013242452CDA00EBC20C50F846
:10A0F0003230190DC3F30A5340F20145AB42EED0A2
:10A1000040F2FF45AB4212D001F4E061B1F5C06FFF
:10A11000E8D1DCF804301B68B361DCF804305B681C
:10A12000F36150F83230C3F30053F375DAE7B38AC2
:10A130001BB1013BB3820124D4E78E4940F6C20033
:10A1400001F09AFCCCB1B38ABBB9259B5BB1259ACF
:10A1500031463846FFF7AEFB034648B110F1020F17
:10A1600040F0508109E0834940F6CF0001F084FCC3
:10A17000259BDB7D002B40F0BE80B37D002B2FD0D4
:10A1800033681093F3681193326912924FF0FF32E3
:10A1900013921493BA6ED36C002B3ED0083B1593E8
:10A1A000189710AB199318AB0893734B07930023C0
:10A1B00006930593049303930293CDF804800A9BBE
:10A1C00000933369F26831463846FDF7FFFF0346D6
:10A1D00030B310F11C0F03D010F1540F40F0128176
:10A1E0004FF0FF333B61B38A029300230193009643
:10A1F00043460A9A31463846FFF7A4FE051EC0F2D0
:10A200000081D9F800A0CDF858A0D9F804B0CDF855
:10A210005CB0BC6A0B950A9DD4E0D369083BBEE7ED
:10A2200000230D930E930F933A6B0D92796B0E9161
:10A23000BB6B0F93F86B50400D903A6C4A400E92F6
:10A24000796C59400F91BB6C43400D93F86C80EAD8
:10A2500002040E943C6D84EA010CCDF83CC06FF30F
:10A2600009030D931BB9904201D18C4218D00DAA5D
:10A2700031463846FDF712FF0346002840F0C28001
:10A280000DAB3E4A10A93846FFF77AFB034638B1BA
:10A2900010F11C0FA4D010F1540F40F0B3809FE7D1
:10A2A00010A93846FFF7D2FB034638B110F11C0F56
:10A2B00096D010F1540F40F0A58091E7119AB96E35
:10A2C0008869B2FBF0F100FB112179B9F260129AB2
:10A2D000326107F13C0407F1300207CA84E8070045
:10A2E0000021B964F96439651D468AE7214940F6C1
:10A2F000191001F0C1FB022583E7B4F804C0C1F3D3
:10A30000892084451CD1A079022819D04FF0FF3252
:10A31000A260E26009E0A088C1F3892C604513D9EE
:10A320000138A080A279022A20D00133434531DAD6
:10A3300055F83310C1F30A5240F2FF408242DCD09C
:10A3400040F2FF408242E6D040F201408242ECD12E
:10A35000A288C1F389218A42E7D30132A280A2797F
:10A36000022AE2D1A26A0132A262DEE7A26A013ABF
:10A37000A262DAE7CC8903083B9A01080CFCFF7F54
:10A3800004F1200204F108013846FEF725FE0346D9
:10A39000002837D1A388A18B8B4212D3E27F82B1F0
:10A3A000226A386A8242EBD0D4F824E0D7F824C07D
:10A3B000E645E5D06245E3D07045E1D05B1AA38065
:10A3C000DEE72468D4B1A3689A4506D0E2689345D5
:10A3D00003D09B4501D09245F3D104F1080CB64659
:10A3E000BEE80F00ACE80F009EE80F008CE80F00FD
:10A3F00004F108034B45CDD0002397E70B9D2B4676
:10A4000000E02B4618461BB0BDE8F08F2DE9F04365
:10A41000A1B005460E4690469946846A03E0A379AA
:10A42000012B12D024684CB304F10801B142F9D0D9
:10A43000A16833688B42F2D0E06872688242EED045
:10A440008A42ECD09842EDD1E9E7236B13F4801FE8
:10A45000E8D0E26AAB6E9B6A9A42E3D9214628466D
:10A46000FEF7C2FF0746002840F0828121462846B9
:10A47000FFF729F907460028D4D079E1336814930F
:10A48000736815930CAC37460FCF0FC497E80F00D5
:10A4900084E80F0004AB0193CDF8009043463246A8
:10A4A0000CA92846FFF70EFE071EC0F26181336833
:10A4B000149A9A4207D070681599814203D0994244
:10A4C00001D0904209D134460DF1300CBCE80F00A8
:10A4D0000FC49CE80F0084E80F00022F01D0002673
:10A4E000B6E005F1480231462846FDF7D7FD07469C
:10A4F000002840F03D81049B1493059B1593F27D49
:10A5000002F5C0629F4B43EA025316931836179622
:10A51000002301930123009316AB14AA04A9284633
:10A52000FFF7D0FD071EC0F223810CAC04AE0FCEA6
:10A530000FC496E80F0084E80F00D0E70C9A9A60E9
:10A540000D9ADA609A79022A0DD01B68DBB19A68FD
:10A550009142F3D01598DC688442EFD08C42EDD064
:10A560009042EFD1EAE7DA6A8A4207D0159C186B6D
:10A57000A04203D0884201D09442E6D10C9ADA621C
:10A580000D9A1A63E1E704AA14A92846FEF7DEFC37
:10A59000041E72DA14F1020F40F0F08014F1020888
:10A5A00018BF4FF00108002704AA14A92846FFF796
:10A5B00081F9034618B110F1020F40F0E18014F167
:10A5C000020F00F0B88013F1020F00F0AF802B6B88
:10A5D000C3F30903002B40F0B38004A905F1300058
:10A5E000FDF72CFA002840F0B58040F2FF34049BC0
:10A5F0001493059B159340F2FF339C4200F0B48006
:10A60000A30243F09F4343F4E0031C9300211D91F8
:10A610009DF8272002F5C0625A4B43EA02531E936D
:10A620000CAB1F930191022300931CAB14AA04A945
:10A630002846FFF747FD071EC0F29A800CAC0DF1CB
:10A64000100CBCE80F000FC49CE80F0084E80F005A
:10A65000012F40F08B8014992B6A8B4207D01598FC
:10A660006A6A824203D08A4201D0984203D10C9B8D
:10A670002B620D9B6B62AB6A68E714F1020818BF8E
:10A680004FF0010801212846FDF7EAFA07460028A5
:10A690006ED104A905F13000FDF7D0F9002831D1C1
:10A6A000224640F2FF37049B0293059B039340F23E
:10A6B000FF339F4238D0BB0243F09F4343F4E00393
:10A6C0001893002319931A920CAA1B920193022348
:10A6D000009318AB02AA04A92846FFF7F3FC071E53
:10A6E00046DB012F7FF460AF029B1493039B15930D
:10A6F0000CAC04AE0FCE0FC496E80F0084E80F0038
:10A700000126A5E72F6BC7F38927002240F2FF310E
:10A710002846FDF76AFAC4F38923BB4202D9A4F59F
:10A720008062C0E72246BEE70023C9E7164940F62B
:10A73000F61001F0A1F913F1020F7FF448AF87E79B
:10A74000C8F100012846FDF78BFA074600283FF4C0
:10A7500044AF0DE02C6BC4F38924002240F2FF319A
:10A760002846FDF742FA42E700234EE726B90027C4
:10A77000384621B0BDE8F0830327F9E72746F7E71D
:10A780000746F5E708FC0F00CC8903082DE9F041E6
:10A79000A2B0036BC3F30903002B00F0BA80064696
:10A7A000884600247DE014AA0AA93046FEF7CEFBB5
:10A7B000051E2FDB14B915F1020F2FD1012C40F02B
:10A7C000908015F1020F40F08C80B8F1000F00F07E
:10A7D000888006F148020CA93046FDF75FFC05466B
:10A7E000002840F097809DF8472002F5C0624B4B4F
:10A7F00043EA0253209312AB2193012320AA04A918
:10A800003046FFF703FE051EC0F28480032D54D1AD
:10A81000474652E015F1020FCCD07BE002AB00932B
:10A820002B463F4A14A93046FDF72AFC002834DBAA
:10A830000AA902A8FDF7DEF80028BFD104A906F195
:10A840003000FDF7FBF898B900231C9300231D93FB
:10A85000344B1E9302AB1F9302231CAA04A930465B
:10A86000FFF7D4FD051E55DB032D26D1012724E07B
:10A87000356BC5F38925002240F2FF313046FDF7E4
:10A88000B4F940F2FF339D4205D0AB0243F09F4341
:10A8900043F4E003D9E70023D7E705463AE06FBB6E
:10A8A0000134012C2CDC2022002104A819F089FF9E
:10A8B00001238DF827300B9300270A9BB3F1FF3F4C
:10A8C000EDD00B9BB3F1FF3FE9D00AAA0CA93046AB
:10A8D000FEF782FB0546E8B99DF82730002B3FF4D0
:10A8E00062AF0DF1100C0DF1300EBEE80F00ACE8B8
:10A8F0000F009EE80F008CE80F00DEE70024D0E791
:10A9000096F83010494249B23046FDF7A9F905469C
:10A9100000E00025284622B0BDE8F08108FC0F00C9
:10A9200000FCFF7F08FC0F6010B50446FFF76EFDCA
:10A93000002800DB00B910BD00212046FFF726FFEC
:10A94000F9E7000030B591B0036B13F4007F03D139
:10A950000025284611B030BD044600F1200206A9AA
:10A96000FEF73AFB05460028F3D12046FDF7A2F892
:10A970000090A36EDB690193E36E0293236F039350
:10A98000636F0493A36F0593084B0E93CDF83CD0EF
:10A9900001230EAA06A92046FFF7C6FF0546002898
:10A9A000D7D100212046FDF719F9D2E71800102071
:10A9B000C36B1B0D13F4E06F2DD030B58BB0044684
:10A9C000C3F30A0340F2FF42934207D100F1400271
:10A9D0006946FEF701FB30B10BB030BD0F4941F2C3
:10A9E000643001F049F8E56BC5F38925002240F297
:10A9F000FF312046FDF7F9F8AB0243F09F4343F4E3
:10AA0000E003089300230993012308AA694620461E
:10AA1000FFF78AFFE0E70020704700BFCC890308FA
:10AA200010B50446FFF78EFF034608B1184610BD67
:10AA30002046FFF7BDFF03460028F7D1012120463D
:10AA4000FFF7A4FE0346F1E770B582B005460E4657
:10AA5000144600F148022146FDF720FB08B102B080
:10AA600070BDE27D02F5C062064B43EA02530093DB
:10AA70001834019401236A4631462846FFF754FFF3
:10AA8000EDE700BF08FC0F000B6B13F4002F01D0A3
:10AA90000020704730B587B005460C46FEF713FE20
:10AAA000002832D1236B13F4803F32D0A268B2F178
:10AAB000FF3F2ED0E268B2F1FF3F2AD013F4801F8F
:10AAC00029D0236B13F4801F2FD0E16CE06A40F291
:10AAD0000122A3889B0243EA02520243029203919D
:10AAE000226D91680B4343F081530493536805939F
:10AAF000022302AA04F108012846FFF715FFF8B95E
:10AB0000236B23F48033236303E0236B43F400239C
:10AB1000236307B030BD00232A4605F11001284603
:10AB2000FDF768FE0028CCD0F3E704F1280292E894
:10AB30000300CDE900010820694640F20222C8E77F
:10AB4000236B43F400232363E3E710B50446836ECD
:10AB50005B6B3BB1A36E9B6B43B1A36EDB6B4BB1E5
:10AB6000002010BDC068EDF719FAF3E7E069EDF7D2
:10AB700015FAF2E7606EEDF711FAF1E770B50446E9
:10AB800081660B6AC3664B68002B00F0D8800D46C7
:10AB90008B68002B00F0D880CB68002B00F0D980A8
:10ABA0000B69002B00F0DA804969002900F0DB8096
:10ABB000AE69002E00F0DC80A86A002800F0DD807D
:10ABC000B0FBF1F301FB1303002B40F0DB80B0FB83
:10ABD000F6F306FB1303002B40F0D980EA69B2FBC1
:10ABE000F0F300FB1323002B40F0D6807F2A40F2C5
:10ABF000D880A2F1080C4FF0FF33B3FBFCF3013B0C
:10AC0000B3FA83F3C3F12003B2EB830FC0F0CE801D
:10AC10006B6A002B00F0CF802B6B1BB1B3EB520F94
:10AC2000C0F0CE80B3F1FF3F02D09A42C0F0CD8099
:10AC3000EB6C33B1B3FBF1FC01FB1C31002940F09C
:10AC4000C98033B1B3FBF6F106FB1131002940F0A6
:10AC5000C68033B1B2FBF3F103FB1122002A40F0AE
:10AC6000C3806B6B002B00F0C480E360AB6B002BE8
:10AC700000F0CB80E36121462046FDF717F804F190
:10AC800010012046FDF712F8A56EE86A002800F0D2
:10AC9000C480EB6B002B00F0C58063662B6CFF2B30
:10ACA00000F2C78023670BB9FF2323676B6C002B6F
:10ACB000C0F2C480636713B96FF000436367AB6C85
:10ACC00040F2FE32934200F2BE80A36713B940F215
:10ACD000FE33A367E96CEA69914200F2B9802B6DFB
:10ACE000B3F1FF3F03D0A86A834200F2B680B3F10C
:10ACF000FF3F03D0A06F834200F2B480B3F1FF3F67
:10AD000006D0002900F0B380CA08934200F2B18057
:10AD1000E367B3F1FF3F00F0B180002B40F0B0805B
:10AD2000AA6AA16FEB6C002B00F0BB80DB088B42A2
:10AD300028BF0B46934228BF1346E367A0E05A4959
:10AD400041F2770000F098FE574941F2790000F097
:10AD500093FE554941F27A0000F08EFE524941F2CD
:10AD60007B0000F089FE50494FF4845000F084FECF
:10AD70004D4941F2810000F07FFE4B4941F28200D3
:10AD800000F07AFE484941F2860000F075FE46491F
:10AD900041F2870000F070FE434941F2880000F064
:10ADA0006BFE414941F28B0000F066FE3E4941F2E4
:10ADB0008E0000F061FE3C4941F2970000F05CFE1D
:10ADC000394941F29D0000F057FE374941F29F009A
:10ADD00000F052FE344941F2A40000F04DFE324929
:10ADE00041F2A60000F048FE2F4941F2A80000F011
:10ADF00043FEEDF7D1F8E06000287FF437AF20463E
:10AE0000FFF7A3FE6FF00B004AE0A86AEDF7C4F865
:10AE1000E06100287FF42FAFF1E7234941F2C7003A
:10AE200000F02AFEEDF7B8F8606600287FF436AF30
:10AE3000E5E71D4941F2D30000F01EFE1A4941F238
:10AE4000D90000F019FE184941F2DF0000F014FEAD
:10AE5000154941F2E50000F00FFE134941F2E70009
:10AE600000F00AFE104941F2E90000F005FED208A8
:10AE70004BE70D4941F2EB0000F0FEFD0023E367D4
:10AE80004FF0FF33236263620020A062E062E06360
:10AE90002064606420636063A063A064E064206554
:10AEA00070BDEB69DB0842E7CC89030870B596B04A
:10AEB00004460D46FFF762FE0646F0B92B6AFBB169
:10AEC000A36EDA6A0021606E19F07BFC00226265D5
:10AED000A36EDB6ADB00E16E8B4228BF0B46A365E5
:10AEE000E2652046FCF7F4FD06A92046FEF7B4F91A
:10AEF000064650B12046FFF728FE304616B070BD1A
:10AF00001F4941F22B1000F0B7FD2046FCF7D2FD9F
:10AF10000090A36EDB690193E36E0293236F0393AA
:10AF2000636F0493A36F0593164B0E9300230F9347
:10AF3000154B1093154B1193154B1293CDF84CD024
:10AF400003230EAA06A92046FFF7EEFC06460028BA
:10AF5000D0D100228DF82E20134606A92046FFF7F7
:10AF6000E3FC06460028C5D1002314930123159362
:10AF700014AA06A92046FEF72FF80646BAE700BF36
:10AF8000CC890308000010400800F00F188B03085C
:10AF90001800102008B5FFF7D8FD08BD2DE9F047CF
:10AFA0009AB00446FFF7EAFD0546002840F0E88025
:10AFB000202200210FA819F004FC012316930DF1A3
:10AFC0002C0C714B0FCB8CE80F00159BB3F1FF3F9E
:10AFD00000F0C180169BB3F1FF3F00F0BC800BA9CD
:10AFE0000FA8FCF76FFE0028C0F2B0801794674BE3
:10AFF00018930823199317AB0393654B029300230F
:10B000000193644B0093644B15AA0FA92046FDF7EA
:10B0100027FD0028C0F2988020B140F30900B0F16C
:10B02000FF3F09D104F130020FA92046FDF736F8A1
:10B030000028CAD005468AE00F9B2362109B6362FA
:10B0400005AB0093554B544A0FA92046FDF718F85D
:10B05000002877DB059E4FEA16481FFA86F920463E
:10B06000FCF72CFD0746404536D12046FCF72BFD6A
:10B07000484531D348453FD800212046FCF7AEFD76
:10B08000089B1BB1226F934238D82367099B1BB1E1
:10B09000626F93423BD863670A9B43B1A26F9342AE
:10B0A0003ED8A367E26F934228BF1346E367A26EC0
:10B0B000116A11B1079B99423BD1079BE366069B3E
:10B0C000D2699342AED00092354A0221002002F0AC
:10B0D000FFFB6FF015053AE02046FCF7F4FC029008
:10B0E0000197B6B2009643462E4A0421002002F092
:10B0F000EFFB6FF015052AE00121BEE700922A4A16
:10B100000221002002F0E4FB6FF015051FE0009221
:10B11000264A0221002002F0DBFB6FF0150516E045
:10B120000092234A0221002002F0D2FB6FF01505A5
:10B130000DE000911F4A0221002002F0C9FB6FF0D0
:10B14000150504E0054602E0054600E005462046F8
:10B15000FFF720FF14E0236B03EBD373236304F1A9
:10B160003C0304F1300207CA83E80700E36AE26E99
:10B17000B3FBF2F102FB113363652046FCF7ABFC35
:10B1800028461AB0BDE8F08710580308188B03084A
:10B19000218801080800F00F00FCFF7F1800102034
:10B1A000048C0308248B0308548B0308808B03084A
:10B1B000AC8B0308D88B030870B506460C46FFF726
:10B1C00063FC054621463046FCF762FC236D1B6894
:10B1D0000BB1284670BDE06CECF7E0FEF9E700002B
:10B1E0002DE9F04F91B009920A9312680592036A13
:10B1F0008B61436ACB611378002B00F0A880DFF8E5
:10B200007CB105468A465C460794C4F30A5306930C
:10B21000022B12D05549059819F0F7FA83460128F8
:10B2200014D0BBF1020F19D0059B5B440B931F4652
:10B230004FF00109CDF820B023E04C49059E30467F
:10B2400019F006FB334603440593E3E7059B1B789F
:10B250002E2BE6D1059B03440593D5E702224449F2
:10B26000059819F085FA0028DED16FF0150B79E00A
:10B2700017F80B302E2B14D101E009F1010908EB6E
:10B2800006073A4E3146384619F0E2FA834607EB94
:10B2900000083146404619F0B8FA064688B1012840
:10B2A000E6D0022EE9D102223149404619F060FA77
:10B2B0000028E2D1B9F10109E1D108EB06030593B9
:10B2C000A2E7DDF820B0059E3378002B45D0099B1E
:10B2D0001E60069B022B3DD1079BC3F3892340F2DE
:10B2E000FF3293421DD1059E5C460A9F0D950E9636
:10B2F0000F940DAB03931F4B0293019700944FF0F3
:10B30000F0430AF1180251462846FDF7A9FB002830
:10B3100027DBC0B99AF81730002BE7D16FF0010B8B
:10B3200020E09B020AF11802009243F0005343F020
:10B330000803114A51462846FCF7A2FE041E0EDB04
:10B340005C460A9FD2E704460B9B05935CE76FF0CF
:10B35000150B07E06FF0130B04E0A34602E0A346D1
:10B3600000E08346584611B0BDE8F08F308C0308EA
:10B37000686D03082188010800FC0F7000FC2F0095
:10B3800070B59AB004460391FFF74AFB034610B12B
:10B3900018461AB070BD002303AA10A92046FFF773
:10B3A0001FFF031EF4DBC3F3892540F2FF329542F1
:10B3B00036D0A26A0692C3F30A56022E33D0AB02ED
:10B3C00043F09F4343F4E0031893002319930123B0
:10B3D00018AA10A92046FFF7A7FA034600284ED165
:10B3E000069AA262226BC2F30902002AD0D0022E72
:10B3F00048D14FF0FF312046FCF732FC03460028CD
:10B40000C6D110AA08A92046FEF754FA0346002820
:10B41000BED108AA10A92046FFF716FB0346B7E7DE
:10B420006FF01503B4E7AB0204AA009243F0005397
:10B4300043F00803164A10A92046FCF721FE031E1C
:10B44000A6DB04AA08A92046FDF7C6FD034600288E
:10B450009ED10D9B33F47F0302D06FF0260397E754
:10B4600001212046FCF7FCFB0346002890D1002375
:10B470008DF81E30ADF81C3006ABA3629FE7069A2C
:10B48000A26285E7034940F65D7000F0F5FA00BF5F
:10B4900000FC0F70CC89030870B50446074E314696
:10B4A00019F0B3F905463146201819F0D1F92844AE
:10B4B000205CB0FA80F0400970BD00BF308C0308FA
:10B4C00010B50446034919F0A0F9205C003818BFF4
:10B4D000012010BD308C03082DE9F0438BB00746E6
:10B4E0000C4603921E4613F0020F05D0FFF798FAA0
:10B4F0000546002840F01181129B23652663002336
:10B500006363E363E36404F10808231D03AA41466F
:10B510003846FFF765FE051E09DA15F1020F40F007
:10B52000F4800398FFF7B8FF002800F0EE800123B5
:10B53000A37121463846FCF7B9FA15F1020F19D06C
:10B5400016F4007F40F0DF80C5F30A55012D40F06E
:10B55000E88016F4806F4AD0B4F804904FEA892945
:10B5600049F0005949F48019236B43F48033236375
:10B5700000266CE016F4807F00F0C780039D28460B
:10B58000FFF79EFF80BB6A49284619F03EF93B6FE2
:10B59000834202D26FF02305B7E0A3889B0243F0F9
:10B5A000804242F48012049200220592184340F433
:10B5B00080100690079543F0005343F480130893DE
:10B5C0000992032304AA41463846FFF7ADF9054620
:10B5D00010F11C0F05D0002840F09780DFF85C9137
:10B5E000C6E76FF0230590E06FF013058DE0A388A8
:10B5F0009B0204F12802009243F0005343F0080339
:10B600004C4A41463846FCF73BFDB0F10009AFDA41
:10B610004D467AE05B6806EB460203EB820113F8C5
:10B62000222002F54072A3889B0243EA02538A68F3
:10B63000496800911343404A41463846FCF720FDD3
:10B64000051E0CDA15F1020F09D05EE00136236DFC
:10B650009A68B24215D9226B12F0010FDAD1236B2E
:10B6600013F0020FF2D0226D526806EB460102EB96
:10B6700081029168BA6F914256D843F480332363B4
:10B68000E4E71B686BB1E36404F140013846FCF762
:10B690000DFBC9F30A5240F201239A420BD0002558
:10B6A0003BE0BB6E986AECF777FCE0640028EBD1D6
:10B6B0006FF00B0529E06FF00101A162C9F30902E7
:10B6C000E262236B43F480132363216400236364E9
:10B6D000BB6E9B6AA3640AB900251EE0A18840F2F4
:10B6E000FE32934228BF134643EA8123E26C009264
:10B6F00043F000530F4A41463846FCF7C1FC051E93
:10B7000003DB002509E06FF01005236B43F40023F1
:10B71000236321463846FFF74FFD28460BB0BDE8AE
:10B72000F0836FF01405F0E76FF01B05EDE700BF45
:10B73000308C030800FC0F7000FCFF7F000010201D
:10B7400010B582B0024C0094FFF7C6FE02B010BDE7
:10B75000F0C7030870B5AAB005460191FFF760F97C
:10B76000044610B120462AB070BDAB6A1C930DF19F
:10B770006E0301AA1EA92846FFF732FD044610F108
:10B78000020F2DD1019E3046FFF786FE40B3494996
:10B79000304619F03AF806462B6F8342C0F0878096
:10B7A0002846FCF795F913A92846FDF755FD0446F0
:10B7B0000028D7D10BAC0DF1780CBCE80F000FC4FA
:10B7C0009CE80F0084E80F009DF843306BB111AA8C
:10B7D0000BA92846FDF700FC04460028F4D0C1E779
:10B7E000002CBFDB6FF01004BCE7334B269311AB8A
:10B7F0002793012326AA13A92846FFF795F80446A4
:10B800000028AFD19DF88F3033BBBDF86E309B025E
:10B8100043F0804242F480120392002204921E43BD
:10B8200046F400160596019A069243F0005343F041
:10B830000803079313AB08939DF88F30002B34D186
:10B840001D4B099313AB0A93042303AA1EA9284690
:10B85000FFF76AF8044685E701212846FCF700FA5D
:10B86000044600287FF47EAF00238DF87630ADF8D3
:10B8700074301CABAB62104B289313AB299301239C
:10B8800028AA0BA92846FFF74FF8044610B11C9BC5
:10B89000AB6267E71C9BAB624FF0FF312846FCF7B9
:10B8A000DFF904460028B0D05CE70023C9E76FF059
:10B8B000230457E7308C030808FC0F60F0B585B00F
:10B8C0001D4640F2FF339A422BD004460E469702A3
:10B8D000036F013305F10801009143EA8223194AFD
:10B8E0003146FCF7CDFB002821DBC0F30A522A7059
:10B8F00002AB009347F0005343F00803124A31466D
:10B900002046FCF7BDFB002811DBC0F30A5340F2D0
:10B91000022293420DD040F2012293420DD000202A
:10B9200005E00A4B1B882B8102232B70002005B0F9
:10B93000F0BD039B6B600020F9E7C0F3090068606D
:10B940000020F4E700FC0F7800FC0F70308C030837
:10B9500070B58AB0054601911646002301AA02A9D6
:10B96000FFF73EFC041E10DB2F21019818F040FF6A
:10B9700018B1C4F30A53022B0AD13346C4F3892207
:10B9800002A92846FFF79AFF044620460AB070BD78
:10B990006FF01304F9E708B5FFF788FA08BD08B59A
:10B9A000FFF7FCFA08BD08B5FFF7EAFC08BD08B5CB
:10B9B000FFF7CEFF08BD0000F8B504460D46164659
:10B9C0001F46806AFCF757F830B93B463246294695
:10B9D0002046FFF7B5FEF8BD02494FF4C05000F015
:10B9E0004BF800BFCC89030838B504460D46806A81
:10B9F000FCF741F820B129462046FFF7DDFB38BDB2
:10BA0000024941F6240000F037F800BFCC89030852
:10BA1000F8B504460D4616461F46806AFCF72BF81B
:10BA200030B13B46324629462046FDF7C5FEF8BDFB
:10BA3000024941F6460000F01FF800BFCC89030818
:10BA4000F8B504460D4616461F46806AFCF713F803
:10BA500030B13B46324629462046FDF7CBFEF8BDC5
:10BA6000024941F6580000F007F800BFCC890308EE
:10BA700008B5FFF76FFE08BD08B50B46014618462E
:10BA8000ECF77AFA01F004FF72B6FEE70020704787
:10BA900038B570B1054603689BB102F0EBFD044672
:10BAA000B8B10346124A0121002001F011FF2046DF
:10BAB00038BD104A0021084601F00AFF6FF00B0460
:10BAC000F5E70D4A0021084601F002FF6FF00B0474
:10BAD000EDE7286805F090FF03F022F904460028FE
:10BAE000E5D00346054A0121002001F0F1FEDEE722
:10BAF000908C0308348C03085C8C0308BC8C03080E
:10BB0000024BD868C0F30220704700BF00ED00E090
:10BB100070B5EFF3108572B6BFF34F8FBFF36F8F21
:10BB2000134C236863B12368013323602368082B17
:10BB300015D885F31088BFF34F8FBFF36F8F70BD9B
:10BB4000EFF31186FFF7DCFF01231844834013F065
:10BB5000FF0308D083F31288064B1E60E3E76820DA
:10BB60000549FFF789FF5D200349FFF785FF00BF07
:10BB7000909B00208C9B0020E88C030808B5EFF315
:10BB8000108172B6BFF34F8FBFF36F8F0B4B1A68E4
:10BB9000002A0FDD1A68013A1A601B681BB9084BAE
:10BBA0001B6883F3118881F31088BFF34F8FBFF3B5
:10BBB0006F8F08BD84200349FFF75EFF909B002034
:10BBC0008C9B0020E88C030808B50020E7F73EFBBB
:10BBD00000B908BD4FF0FF30FBE700BF2DE9F04F83
:10BBE00003780446032B97B006D0042B25D0504C85
:10BBF000204617B0BDE8F08F4E4940F698034E4AF4
:10BC000009684E48E4F7CCFA00234D4A4B481168C6
:10BC1000A26904936369CDE90232D4E90332CDE924
:10BC20000032D4E90123E7F753F904464348E4F727
:10BC3000CDFA204617B0BDE8F08F4FF0010AD0E9E9
:10BC400003234FF02008CDE90A233E4B0DF13809BC
:10BC50001B68CDF8309007938DF824A0CDF8348080
:10BC6000EBF7EEFC074600285BD1374D374E2B68CB
:10BC700033606B6873602B693361AB68B3606B6969
:10BC800073614FF0FF332B61314B6B616860C5F816
:10BC900008A00DAB01930798DDE90B230A99CDF8B5
:10BCA0000080E7F78BFA336883462B61C5F808A05C
:10BCB00073686B6033692B6173696B61B368AB60E8
:10BCC000EBF7E6FCBBF5003F0AD0224C0121002037
:10BCD000204B214A01F0FCFD204617B0BDE8F08F53
:10BCE000144B154A1968154840F698036668D4F84D
:10BCF00008A0D4E90554E4F753FA184953463246EC
:10BD0000CDE903470968CDE9009802950B48E6F7AD
:10BD10005BFC04460948E4F759FA204617B0BDE831
:10BD2000F08F0346514600200D4A01F0D1FDCCE7CB
:10BD30000300060004650308AC9B002044A4002017
:10BD40002C6103084865030800300240949B0020E2
:10BD5000B71DC10401000600348D03087864030890
:10BD6000148D03082DE9F04700250378AAB0032BB2
:10BD70000646CDE9095506D0042B19D06C4C204657
:10BD80002AB0BDE8F0876B4940F698036A4A096813
:10BD90006A48E4F705FAB368202B56D0402B78D0D8
:10BDA000634C6648E4F712FA20462AB0BDE8F087F3
:10BDB0004FF001082024C3680DF1480A1B93036962
:10BDC000CDF874A01C935E4B8DF868801B681E94A0
:10BDD0000793EBF735FC002840F0A380594D5A4FEC
:10BDE0002A683A606A687A602A693A61AA68BA6021
:10BDF0006A697A614FF0FF322A61544A6A61686069
:10BE0000C5F808801EAB01930798DDE91C231B9938
:10BE10000094E7F7D3F93B6881462B61C5F80880A9
:10BE20007B686B603B692B617B696B61BB68AB6056
:10BE3000EBF72EFCB9F5003F34D001210020444B34
:10BE4000444A01F045FD424C99E743490AAA03924E
:10BE500022AA02920F6809AA1AAD009501923946EA
:10BE600072683648E6F724FDB0F5C02F044698D135
:10BE7000D6E9044306F118020392F0682A46CDE998
:10BE800000040293394640232C48E6F72DFE044671
:10BE900087E71AAD1A462846716802F023FA2E4B3E
:10BEA0001F68E5E7B646234B0DF12C0CD3F8009044
:10BEB0002A4B2B4FD3F80080BEE80F00ACE80F00F0
:10BEC0009EE807001AAD8CE8070011AECDF838A047
:10BED0000F94EBF7ADFB29460820EDF745FB40F644
:10BEE00098034946144A1548E4F75AF9DDE90F2149
:10BEF000CDE904160392DDE90D21CDE901210C996C
:10BF000020232A4600910D484146E6F70DFA0446E3
:10BF10000A48E4F75BF9BC42DBD020462AB0BDE812
:10BF2000F0870346414628460E4A01F0D1FC84E7DB
:10BF30000300060004650308AC9B002044A4002015
:10BF40004865030800300240949B0020B71DC104DF
:10BF500001000600348D03082C610308786403088F
:10BF60000B000600148D030870B50E4D82B02B78BF
:10BF70001BB10024204602B070BDFFF725FE044629
:10BF80000028F7D1012601902E70EBF751FB3046C7
:10BF900001A9EDF7E9FA019818F014F9204602B06A
:10BFA00070BD00BF5CA40020184B1B785BB3F0B5DC
:10BFB000064683B020B30D4611B3154FEBF738FB9F
:10BFC000032D4FEA950311D9A7FB0324E40804EBE2
:10BFD00044141C1B3146E0B2EDF7C6FAB5EB8405FC
:10BFE00006EB8406EAD1002003B0F0BD01A90120D0
:10BFF000EDF7BAFA2A46304601A902F073F9F2E7E2
:10C000006FF00800F0E76FF0180070475CA40020A4
:10C01000E1830F3E3C4B1B78002B6DD02DE9F043A4
:10C02000044683B0002864D04368002B61D0C36805
:10C03000002B5ED08368002B58D00769002F55D0A5
:10C040000378012B4DD0022B46D140232F4AD2F842
:10C0500000909F4253D1EBF7F3FA002836D12C4DD4
:10C060002C4E2B6833606B6873602B693361AB684F
:10C07000B3606B6973614FF0FF334FF001082B61C0
:10C08000254B6B616860C5F8088004F110030097C8
:10C090000193D4E9022361684846E7F78FF83368D3
:10C0A00004462B61C5F8088073686B6033692B61A7
:10C0B00073696B61B368AB60EBF7EAFAB4F5003013
:10C0C00018BF4FF0FF3003B0BDE8F08303460121F5
:10C0D0000020124A01F0FCFB4FF0FF3003B0BDE836
:10C0E000F0830F4A2023D2F80090B2E76FF00A00E5
:10C0F000F4E76FF00800F1E76FF018007047FC20DC
:10C100000849FFF7B9FC00BF5CA40020A46603083F
:10C1100000300240949B0020B71DC104148D030819
:10C1200048650308588D0308944B1B78002B00F0DA
:10C130000A812DE9F0410446002800F0018143689E
:10C14000002B00F0FD80C368002B00F0F9804369EC
:10C15000002B00F0F5800369002B00F0EE800378DF
:10C16000032B41D0042B3BD14378022B00F0AE804F
:10C17000012B40F0E280EBF763FA0746002840F01D
:10C18000F5807F4D7F4E2B6833606B6873602B6941
:10C190003361AB68B3606B6973614FF0FF324FF08E
:10C1A0000108794B2A616B616860C5F808802046F8
:10C1B000FFF7D8FD336804462B61C5F80880736823
:10C1C0006B6033692B6173696B61B368AB60EBF7CC
:10C1D0005FFAB4F5C02F40F0B9800020BDE8F081CF
:10C1E0006FF00500BDE8F0814378022B3BD0012BB6
:10C1F00040F0A380EBF724FA002840F0AE80604DB9
:10C20000604E2B6833606B6873602B693361AB6879
:10C21000B3606B6973614FF0FF324FF00008012784
:10C22000594B2A616B61C5F80480AF602046FFF767
:10C2300099FD336804462B61AF6073686B603369A6
:10C240002B6173696B61B368AB60EBF721FAB4F5EE
:10C25000C02FC2D02346394640464C4A01F038FB35
:10C260004FF0FF30BAE7EBF7EBF9002875D1444DFA
:10C27000444E2B6833606B6873602B693361AB6825
:10C28000B3606B6973614FF0FF3201273E4B2A6147
:10C290006B616860AF602046FFF7A0FC336804461E
:10C2A0002B61AF6073686B6033692B6173696B617D
:10C2B000B368AB60EBF7ECF9354B9C428DD023466D
:10C2C00001210020334A01F003FBC9E7EBF7B8F97D
:10C2D000002842D12A4D2B4E2B6833606B68736067
:10C2E0002B693361AB68B3606B6973614FF0FF32E8
:10C2F0004FF000080127244B2A616B61C5F80480C8
:10C30000AF602046FFF76AFC336804462B61AF60DC
:10C3100073686B6033692B6173696B61B368AB6081
:10C32000EBF7B6F91A4B9C423FF457AF2346394618
:10C330004046194A01F0CCFA92E76FF00A004DE747
:10C340006FF008004AE76FF0180070472346414637
:10C350003846124A01F0BCFA82E703460121002068
:10C360000F4A01F0B5FA6FF0270037E703460121C5
:10C3700000200B4A01F0ACFAF5E700BF5CA40020F6
:10C3800000300240949B0020B71DC104A88D030813
:10C3900026C706007C8D0308D08D0308008E030895
:10C3A000148D0308A94B1B78002B00F08C812DE91C
:10C3B000F04704468CB0002800F082814368002BCF
:10C3C00000F07E81C368002B00F07A810278531E52
:10C3D000032B00F27B81DFE803F0650265028368CE
:10C3E000202B40F06A810369402B40F06681984D14
:10C3F000984EDFF8809204AFEBF71AF9394608201F
:10C40000EDF7B2F8EBF71CF9002840F045812B68F6
:10C4100033606B6873602B693361AB68B3606B69C1
:10C4200073614FF0FF334FF0010A2B61C5F8149090
:10C430006860C5F808A0884940F69803874A0968EB
:10C440008748E3F7ADFE874A20231168E2688448F5
:10C45000029204F1100203926268009204F1080251
:10C4600001923A46E5F78EFE80467D48E3F7AEFE40
:10C4700033682B61C5F808A073686B6033692B6162
:10C4800073696B61B368AB60EBF702F9764B984563
:10C49000B2D0B8F5C02F08BF002040F005810CB025
:10C4A000BDE8F0878368202B40F007810369202BCB
:10C4B00040F00381032A664D664EDFF8B89104AF61
:10C4C00040F09280EBF7B4F839460820EDF74CF8CD
:10C4D000EBF7B6F8002840F0DF802B6833606B681C
:10C4E00073602B693361AB68B3606B6973614FF044
:10C4F000FF334FF0010A2B61C5F814906860C5F84E
:10C5000008A0554940F69803544A09685448E3F78F
:10C5100047FE564A20231168E2685148029204F10E
:10C52000100203926268009204F1080201923A46F6
:10C53000E6F7BEF980464A48E3F748FE33682B61C8
:10C54000C5F808A073686B6033692B6173696B6110
:10C55000B368AB60EBF79CF8434B9845B2D098E7D3
:10C560000CAB934200F0928012F8013BFF2BF7D006
:10C5700040462022394601F0B5FE20233C4ADFF830
:10C58000F8C0116898F81F20354802F07F0242F089
:10C59000400288F81F2098F8002022F0070288F84F
:10C5A0000020CDF800C004F1100C4246CDF808A0E0
:10C5B000A3600193CDF80CC0E5F7E2FC8046284863
:10C5C000E3F704FE012332682A61AB6073686B6095
:10C5D00033692B6173696B61B368AB60EBF758F833
:10C5E000214B98457FF455AFEBF722F839460820E8
:10C5F000ECF7BAFFEBF724F800284DD12B68336035
:10C600006B6873602B693361AB68B3606B6973618E
:10C610004FF0FF3201232A61C5F814906860AB60C7
:10C620000D4940F698030D4A09680D48E3F7B8FD37
:10C63000D4F80480B8F1000F2BD0D4F80CA0BAF1D4
:10C64000000F26D03A463B461BE000BF5CA400200A
:10C6500000300240949B002004650308AC9B00203E
:10C6600044A40020786403080B0006002C61030832
:10C6700024590308B71DC104FCC703080CA999423B
:10C6800004D013F8011B0029F8D06DE7DFF84C80C7
:10C6900095E7DFF84C8092E70346012100200D4A20
:10C6A00001F016F9DFF83C800020434601210A4AD8
:10C6B00001F00EF96FF00C00F1E66FF00A00EEE603
:10C6C0006FF00800EBE66FF0180070476FF00500A0
:10C6D000E5E600BF148D0308288E03080B00060052
:10C6E0000300060001000600F8B54FF0E0260746FB
:10C6F000B4697569F8F7DAFA0022013505FB00F034
:10C700000E4B00F5FA70A3FB0010800907FB00F048
:10C7100000F5FA70A3FB00308009B36902EB040C4A
:10C72000E91A9C42114404D26218904205D91C4671
:10C73000F3E7ACEB03029042F9D8F8BDD34D621099
:10C7400010B50446F8F7B2FA4FF47A720023A4FB4E
:10C750000001EAF75FFB0130F8F7ABFB00B910BD51
:10C760009421BDE810400148EBF706BC608E030839
:10C7700000280ADB4209064B53F8223000F01F0064
:10C7800023FA00F000F0010070470020704700BF5E
:10C7900000E100E0436823EA010302FB01F10B43DF
:10C7A00043607047024A936803439360704700BF39
:10C7B00000200246014B1861704700BF002002466E
:10C7C000014BD860704700BF0020024610B401F052
:10C7D0000302094C183254F82230090C4FF0FF0CB8
:10C7E0000CFA01FC23EA0C038840034344F822308E
:10C7F0005DF8044B704700BF0020024610B4846807
:10C8000091FAA1F3A3B1B3FA83F35B004FF0030CE9
:10C810000CFA03F324EA030391FAA1F151B1B1FA3E
:10C8200081F149008A40134383605DF8044B7047EF
:10C830002023EAE72021F4E710B4046891FAA1F379
:10C84000A3B1B3FA83F35B004FF0030C0CFA03F3CC
:10C8500024EA030391FAA1F151B1B1FA81F149003F
:10C860008A40134303605DF8044B70472023EAE7D6
:10C870002021F4E710B4C46891FAA1F3A3B1B3FA8C
:10C8800083F35B004FF0030C0CFA03F324EA030379
:10C8900091FAA1F151B1B1FA81F149008A401343F3
:10C8A000C3605DF8044B70472023EAE72021F4E7DA
:10C8B000314B84B0984238D01AD8A3F5006398421F
:10C8C00046D003F58063984228D12C4BD3F88C20B6
:10C8D00090070BD4D3F88C2042F00202C3F88C20CE
:10C8E000D3F88C3003F002030093009B04B0704730
:10C8F000234B984212D1214BD3F88C201206F5D449
:10C90000D3F88C2042F08002C3F88C20D3F88C300E
:10C9100003F080030293029B04B070470346012199
:10C920000020184A04B000F0D3BF144BD3F88C2079
:10C930005107DBD4D3F88C2042F00402C3F88C20DA
:10C94000D3F88C3003F004030193019B04B07047CB
:10C950000A4BD3F88C20D207C8D4D3F88C2042F0ED
:10C960000102C3F88C20D3F88C3003F00103039349
:10C97000039B04B0704700BF00080242000C02464F
:10C98000001C0242808E0308002877D030B5030CCB
:10C99000013B0A4685B0072B1BD8DFE803F0531F85
:10C9A000041A1A1A1A3E84B2002C6CD0384BD3F8F1
:10C9B0008C1048070BD4D3F88C1041F00401C3F855
:10C9C0008C10D3F88C3003F004030193019B314D9C
:10C9D00019E040F2AD203049FFF74EF884B2002C48
:10C9E00051D02B4BD3F88C108D070BD4D3F88C106F
:10C9F00041F00201C3F88C10D3F88C3003F002032D
:10CA00000093009B254D012A3AD882BB2846214637
:10CA1000FFF712FF002005B030BD84B29CB31C4B61
:10CA2000D3F88C1009060BD4D3F88C1041F0800198
:10CA3000C3F88C10D3F88C3003F080030293029B70
:10CA4000174DE0E784B2F4B1114BD3F88C10C9074D
:10CA50000BD4D3F88C1041F00101C3F88C10D3F83B
:10CA60008C3003F001030393039B0E4DCBE70222AE
:10CA700021462846FFF7C2FE0122C7E70020704783
:10CA80006FF00A00C7E740F2AE200349FEF7F4FF5B
:10CA9000000C024600080242CC8E03080004024249
:10CAA000001C024200000242002874D001290B46FB
:10CAB0006ED800B5020C013A85B0072A1BD8DFE812
:10CAC00002F03D1F041A1A1A1A5281B2002964D0CA
:10CAD000344AD2F88C0040070BD4D2F88C0040F0D6
:10CAE0000400C2F88C00D2F88C2002F004020192FB
:10CAF000019A2D4819E040F2D9202C49FEF7BCFFDD
:10CB000081B2002949D0274AD2F88C0080070BD483
:10CB1000D2F88C0040F00200C2F88C00D2F88C20D1
:10CB200002F002020092009A2148002B14BF032257
:10CB30000022FFF781FE002005B000BD81B261B385
:10CB4000184AD2F88C00C0070BD4D2F88C0040F001
:10CB50000100C2F88C00D2F88C2002F0010203928E
:10CB6000039A1448E1E781B2B9B10E4AD2F88C00B9
:10CB700000060BD4D2F88C0040F08000C2F88C0084
:10CB8000D2F88C2002F080020292029A0A48CCE786
:10CB90006FF00A0070470020704740F2DA20034926
:10CBA000FEF76AFF000C024600080242CC8E030822
:10CBB0000004024200000242001C0242002870D021
:10CBC00001290A466AD800B5030C013B85B0072B42
:10CBD0001BD8DFE803F0391F041A1A1A1A4E81B263
:10CBE000002960D0324BD3F88C0040070BD4D3F827
:10CBF0008C0040F00400C3F88C00D3F88C3003F0B4
:10CC000004030193019B2B4819E040F2FF202A49BD
:10CC1000FEF732FF81B2002945D0254BD3F88C00B6
:10CC200080070BD4D3F88C0040F00200C3F88C00CE
:10CC3000D3F88C3003F002030093009B1F48FFF7EA
:10CC4000A9FD002005B000BD81B261B3184BD3F837
:10CC50008C00C0070BD4D3F88C0040F00100C3F85F
:10CC60008C00D3F88C3003F001030393039B14482A
:10CC7000E5E781B2B9B10E4BD3F88C0000060BD4B6
:10CC8000D3F88C0040F08000C3F88C00D3F88C30CF
:10CC900003F080030293029B0A48D0E76FF00A007A
:10CCA0007047002070474FF440700349FEF7E4FEE0
:10CCB000000C024600080242CC8E03080004024227
:10CCC00000000242001C0242002878D002290A46D5
:10CCD00072D800B5030C013B85B0072B1BD8DFE8E9
:10CCE00003F0411F041A1A1A1A5681B2002968D09B
:10CCF000364BD3F88C0040070BD4D3F88C0040F0AF
:10CD00000400C3F88C00D3F88C3003F004030193C3
:10CD1000019B2F4819E04FF449702E49FEF7ACFEF5
:10CD200081B200294DD0294BD3F88C0080070BD459
:10CD3000D3F88C0040F00200C3F88C00D3F88C309C
:10CD400003F002030093009B2348012A05D0A2F1BF
:10CD50000202B2FA82F252095200FFF78BFD002064
:10CD600005B000BD81B261B3184BD3F88C00C00789
:10CD70000BD4D3F88C0040F00100C3F88C00D3F83A
:10CD80008C3003F001030393039B1448DDE781B269
:10CD9000B9B10E4BD3F88C0000060BD4D3F88C003D
:10CDA00040F08000C3F88C00D3F88C3003F080038F
:10CDB0000293029B0A48C8E76FF00A007047002000
:10CDC000704740F225300349FEF756FE000C02463C
:10CDD00000080242CC8E0308000402420000024216
:10CDE000001C024218B308B5030C013B072B20D8E6
:10CDF000DFE803F02D24141F1F1F1F0480B200283A
:10CE000033D01C4BD3F88C301B0629D51A4B1B6929
:10CE1000034018BF01230B70002008BD80B220B36F
:10CE2000144BD3F88C305A071AD5144BEFE7002077
:10CE3000704740F24F301249FEF71EFE80B2A0B19B
:10CE40000C4BD3F88C309B070AD50E4BDFE780B232
:10CE500058B1084BD3F88C30DA0701D50A4BD6E726
:10CE600040F251300649FEF707FE4FF45470044972
:10CE7000FEF702FE000C0246001C024200080242BD
:10CE8000CC8E0308000402420000024220B308B521
:10CE9000030C013B072B21D8DFE803F02E251120DE
:10CEA0002020200480B2002834D01D4BD3F88C30D1
:10CEB0001B062AD51B4B61B19861002008BD80B2CA
:10CEC00040B3174BD3F88C305A071ED5164B0029A8
:10CED000F2D19862002008BD0020704740F26A300D
:10CEE0001249FEF7C9FD80B2A0B10D4BD3F88C30CA
:10CEF0009B070AD50E4BDEE780B258B1084BD3F83A
:10CF00008C30DA0701D50B4BD5E74FF45B7007493E
:10CF1000FEF7B2FD40F26B300449FEF7ADFD00BFF5
:10CF2000000C0246001C024200080242CC8E03089C
:10CF3000000402420000024200286CD0F0B5070C49
:10CF4000013F0D4685B0072F4DD8DFE807F05B5E47
:10CF5000044C4C4C4C61444E84B2002C6DD0304695
:10CF6000FFF7A6FC0023CDE90233032D6AD8DFE8E2
:10CF700005F03F0202023D4B9E424ED003F5806316
:10CF80009E424ED03848864214BF0720022094FAB1
:10CF9000A4F323B1B3FA83F3DB0403F4C01394FACC
:10CFA000A4F100293BD0B1FA81F189081943FFF7B8
:10CFB0000DFC631EB3F5004F13D294FAA4F424B110
:10CFC000B4FA84F4012303FA04F4012302A80294BE
:10CFD0008DF80E50ADF80C30F7F7D6FC002005B0F8
:10CFE000F0BD0024F1E740F29F302149FEF744FDF7
:10CFF000631EB3F5004F16D3002402A80294F7F77E
:10D00000C3FCEBE7194E84B2A7E71A4E84B2A4E73B
:10D01000194E84B2A1E7002070470020B7E708212D
:10D02000C4E70120B3E794FAA4F4002CE5D0B4FAE5
:10D0300084F4012303FA04F4DFE74FF468700C4929
:10D04000FEF71AFD94FAA4F4B4FA84F40B4B002012
:10D05000032153F827300A4A0195009400F038FC68
:10D060006FF00500BBE700BF00080242000002426B
:10D07000CC8E030800040242001C02425CC8030874
:10D08000EC8E0308002800F0C6802DE9F04787B237
:10D0900099467B1EB3F5004F044680F013810D4680
:10D0A00097FAA7F19046002900F0B380B1FA81F118
:10D0B00001F10B06042D0BD0052D69D02946204621
:10D0C000FFF73AFF00286ED06FF00500BDE8F0874B
:10D0D00002212046FFF730FF0028F5D197FAA7F389
:10D0E000002B00F09F80B3FA83F30F2B00F39A809C
:10D0F000EFF3108272B6DFF8ECA119010AEB03130B
:10D100004AF80180C3F804901D739C6082F3108874
:10D11000002270B20E21F0F7E9FC97FAA7F0230C79
:10D12000013B072B96BF6C4A002252F82320B0FA2D
:10D1300080F308B10120984097FAA7F5002D00F080
:10D14000BF80B5FA85F50B3564498A4200F0A180AD
:10D1500001F580618A4200F0A78001F580618A4272
:10D160007ED001F5A0518A4240F0B1805C49D1F8EF
:10D170008C1009067BD50AEB031399688C427BD08F
:10D1800068B2F0F7F1FCBFF34F8FBFF36F8F3DE054
:10D1900001212046FFF7D0FE002895D197FAA7F38A
:10D1A000002BA0D13EE0002D98D1240C013C072C8F
:10D1B00033D8DFE804F03B454D3232323204484B7D
:10D1C000D3F88C301B0636D597FAA7F0002871D01B
:10D1D000B0FA80F00B3040B2F0F7D4FCBFF34F8FC1
:10D1E000BFF36F8F97FAA7F7002F59D0B7FA87F7D9
:10D1F0000F2F55DCEFF3108472B63A48102200214D
:10D2000000EB071001F0A2F884F310880020BDE8BD
:10D21000F0872B264EE70020704740F25D403249F0
:10D22000FEF72AFCE4203049FEF726FC2C4BD3F80D
:10D230008C30DA07C8D440F25F402B49FEF71CFC63
:10D24000274BD3F88C30C3F34003002BBCD1F2E75B
:10D25000234BD3F88C30C3F38003002BB4D1EAE71F
:10D260001F49D1F88C10C1F38001002983D140F20D
:10D270003A401D49FEF700FC1B7B042B1CD0052BFC
:10D280007FF47EAF13691F423FF47AAFFFF78AFA4B
:10D2900076E71349D1F88C10CE073FF56CAFE6E77F
:10D2A000FB201149FEF7E8FB0D49D1F88C10C1F3C2
:10D2B0004001DAE72B208EE713691F42E6D05FE7D3
:10D2C0002B2541E740F2EA300749FEF7D5FB4FF442
:10D2D00087600549FEF7D0FB3CC803080000024206
:10D2E000000C024660A40020CC8E030828B308B5C9
:10D2F000030C013B072B24D8DFE803F028343C2340
:10D300002323230480B200283ED0224BD3F88C3054
:10D310001B0622D5431EB3F5004F10D290FAA0F0A1
:10D3200080B3B0FA80F00B3040B2F0F72BFCBFF3C3
:10D330004F8FBFF36F8F002008BD00207047002083
:10D34000F3E740F25D401449FEF796FB80B2D8B196
:10D35000104BD3F88C30DB07DCD440F25F400E4931
:10D36000FEF78AFB80B278B10A4BD3F88C3099076C
:10D37000D0D4F2E780B238B1064BD3F88C305A07DC
:10D38000C8D4EAE72B20CFE740F25E400249FEF71F
:10D3900073FB00BF000C0246CC8E030888B308B5AF
:10D3A000030C013B072B30D8DFE803F03C341F2F80
:10D3B0002F2F2F0480B200283ED0224BD3F88C3080
:10D3C0001B0619D5431EB3F5004F1CD290FAA0F0EE
:10D3D00080B3B0FA80F00B3040B2F0F787FBBFF3B8
:10D3E0004F8FBFF36F8F002008BD80B220B3154B65
:10D3F000D3F88C305B07E5D440F279401249FEF750
:10D400003BFB002070470020E7E740F277400E49E1
:10D41000FEF732FB80B278B10A4BD3F88C309B0711
:10D42000D0D4E9E780B238B1064BD3F88C30DB07B3
:10D43000C8D4E1E72B20CFE74FF48F600249FEF715
:10D440001BFB00BF000C0246CC8E03082DE9F843FD
:10D4500000F1FF38B8F5004F044639D290FAA0F633
:10D4600026B1B6FA86F6012303FA06F63046FFF730
:10D47000A7F93046FFF79EF9BFF34F8FBFF36F8FC9
:10D4800094FAA4F3002B46D0B3FA83F30F2B42DCBB
:10D49000264D1F0105EB03139868030C013B072B76
:10D4A00096BF234A4FF0000952F82390B8F5004F79
:10D4B00010D34FF00008EB59EA190BB151689847A7
:10D4C0003D442B7B042B0DD0052B19D0BDE8F883F0
:10D4D0000026CBE794FAA4F313B3B3FA83F808F168
:10D4E0000B08E8E7D9F810302342EFD14FFA88F063
:10D4F000FFF73EF9B8B13046BDE8F843FFF752B93F
:10D50000D9F810302342E1D04FFA88F0FFF730F914
:10D510000028F0D1DAE740F295400649FEF7ACFA70
:10D520004FF02B08C7E72B7BCEE700BF60A400209D
:10D530001CC80308CC8E03080CB400B583B004AB40
:10D5400053F8042B01930AF021FF03B05DF804EBBC
:10D5500002B0704770B5144D2B7813B100242046EB
:10D5600070BDEEF739FF114E0146306020B1104812
:10D57000FEF715FAA0B131680D48FEF70CFA044623
:10D5800028B931680A48FEF70AFA044640B100217A
:10D59000084A084600F09CF9002320462B7070BD15
:10D5A00001232B70DAE700BF60A5002064A50020EE
:10D5B00068A500203C8F03082DE9F0410546ADF534
:10D5C0001C7D0E46904600214FF484725AA81F46D7
:10D5D00017F0F7F840F20112002119A817F0F1F83E
:10D5E0005422002104A817F0ECF8002D7DD0002E65
:10D5F0007BD0B8F1000F78D040F6FE739F4274D80C
:10D6000029463E485AAAFEF7D2F9831C044649D05F
:10D61000ECB92B4640F20111394A009619A8FFF7E0
:10D620008BFF40F20253354819AA04A9FEF7C4F94A
:10D630000446C0B119AD034602210020314A0095CD
:10D6400000F046F920460DF51C7DBDE8F0812B4623
:10D65000022100202C4A009400F03AF920460DF5F2
:10D660001C7DBDE8F08103AA0223244804A9178089
:10D67000FEF7E6F902281DD00028B4BF04466FF07B
:10D68000530419AB022100200093204A234600F0E6
:10D690001FF91A4804A9FEF7A7F919A91748FEF7B8
:10D6A00082F9CFE729461548FEF7E2F90446002C37
:10D6B000AFD0CCE742463B46104804A9FEF7C0F97C
:10D6C000B84215D00028B4BF04466FF0530419AB1C
:10D6D000CDE900730321002023460D4A00F0F8F83D
:10D6E00004A90648FEF780F9D7E76FF01504A9E70B
:10D6F00004A90248FEF778F9A4E700BF68A5002056
:10D70000948F03089C8F0308608F0308CC8F030855
:10D71000FC8F03082DE9F04104460025DAB00E46DF
:10D720009046002140F2011219A81F4617F049F84F
:10D730005422002104A817F044F8ADF80C50002C36
:10D740006CD0002E6AD0B8F1000F67D0234640F2AB
:10D750000111354A009619A8FFF7EEFE0123334860
:10D7600019AA04A9FEF728F9831C04464AD0F0B987
:10D7700002232E4803AA04A9FEF74AF9022824D05E
:10D780000028B4BF04466FF0530419AB02212846A9
:10D790000093274A234600F09BF8244804A9FEF78B
:10D7A00023F907B13D6020465AB0BDE8F08119AABF
:10D7B00003460092022128461E4A00F089F8002FF5
:10D7C000F0D120465AB0BDE8F081BDF80C30424699
:10D7D000164804A9FEF71CF9BDF80C30984214D085
:10D7E0000028B4BF04466FF0530419AA0321284649
:10D7F00001920093104A234600F06AF80B4804A9EE
:10D80000FEF7F2F8002FCDD1CDE7084804A9FEF7C6
:10D81000EBF8002FC7D0BDF80C50C3E76FF015042C
:10D82000002FC0D00025BDE7948F030868A5002015
:10D830006C9003083C9003089C90030830B50546A3
:10D840000C46C5B0002140F2011203A816F0B9FF42
:10D850002B46064A40F20111009403A8FFF76CFE24
:10D8600003A90348FEF79FF845B030BD948F030825
:10D8700068A500200CB400B583B004AB53F8042BAA
:10D8800001930AF083FD03B05DF804EB02B070472A
:10D8900008B5EFF3058373B9EFF3108313B9EFF312
:10D8A000118383B1F7F7CCF968B1F7F7C9F901280B
:10D8B00001D108E000BF09F0B1FF0028FAD008BD8F
:10D8C0000120FEF73DFF09F0A9FF0028F8D0F6E798
:10D8D0000CB470B5B8B0064603A815F0F3FF9DF878
:10D8E0000E3023B938B0BDE8704002B07047002355
:10D8F00005AC20468DF81C300AF0DEF994E80300F0
:10D900000AF0F0F9C0210346384A07A8FFF7B2FF32
:10D91000041E60DBBF2C3DD807AB032EC4F1C0054D
:10D920001C443DD8324B53F82620324B53F8263056
:10D9300031490092019120462946304AFFF79AFF6B
:10D9400000284DDBA8422ED22D1A294604443DABB7
:10D9500020463C9A04930AF019FD00282EDBA842C9
:10D9600026D36B1E02251C4420462946244B254AFB
:10D97000FFF780FF002829DBA8421DD2291AC1F138
:10D98000C10189B207A809F0A7FF38B0BDE870400F
:10D9900002B07047032E4FF001050DF1DB04C1D931
:10D9A000194B1A4AC4E70121013D2C440D46CEE72C
:10D9B000013504442D1AD7E7C021E3E701210020F7
:10D9C0003C9B134AFFF784FF0135CDE740F253102B
:10D9D0001049FEF751F840F20B100E49FEF74CF8D3
:10D9E0004FF491700B49FEF747F800BFF090030821
:10D9F0008CC803087CC80308249103081891030805
:10DA000058700308F46D0308DC900308E4900308E1
:10DA10002C910308F89003082DE9F04182B01746D5
:10DA200012F00F0620D104460D46F1F7CBFB20BBC8
:10DA3000274B1A6B42F040421A6342F2FA021A6212
:10DA40004FF00108BE422FD214F00F0F1CD115F079
:10DA5000030F1ED129462046ECF7FCF88046E8B9B2
:10DA6000103410351036EDE700921023194A0221C8
:10DA70000020FFF72DFF00201CE0174A0021084678
:10DA8000FFF726FF002015E0144940F2AB20FDF718
:10DA9000F3FF12494FF42B70FDF7EEFF2346104AB7
:10DAA00001210020FFF714FFF1F7A4FB28B9B8FA11
:10DAB00088F0400902B0BDE8F08115F00BFF0028A6
:10DAC000F5D0084A00210120FFF702FFEFE700BF71
:10DAD00000200240A49103082492030854920308F2
:10DAE0007C920308AC92030808B515F0F3FE10B958
:10DAF0004FF0FF3008BD00210120034AFFF7E8FE88
:10DB00004FF0FF3008BD00BFDC920308072933D077
:10DB100010B508290C46034682B024D1174AD2E931
:10DB20000010233121F00F0101F11002824220D8B0
:10DB30004FF6FF7403E0A6451BD0824219D84A88ED
:10DB4000B1F800E052BA92B29EFA9EFC133222F073
:10DB50000F021FFA8CFC11449C4501F11002EAD11E
:10DB6000012002B010BD02210020054A0094FFF7F9
:10DB7000AFFE002002B010BD00207047E8A50020D5
:10DB80000C930308F0B5784D85B08DE80F002B7825
:10DB90004BBB9DE80F00754C84E80F002AB30422AC
:10DBA0007349206800F002FC236818B91A69B2F1C1
:10DBB000006F1DD0990740F0D18061688A0740F05E
:10DBC000C88003E01A6801323CD104339942F9D885
:10DBD00015F080FE012804D900210220654AFFF7D4
:10DBE00077FE01232B7005B0F0BD634BA360D6E731
:10DBF00003F123014FF6FF7C46F6FE7E666821F0B6
:10DC00000F010EE0B0F5007FD4D040BA80B270456D
:10DC1000D0D8002FCED0133222F00F021144B142DF
:10DC2000C8D8B14207D24F8808887ABA604592B204
:10DC3000E8D16745BED108210420FFF767FF58B936
:10DC40002368B7E715F046FE0028CAD0002101205E
:10DC50004A4AFFF73DFEC4E708212620FFF756FF9A
:10DC60000028EDD008210620FFF750FF0028E7D05C
:10DC700008210720FFF74AFF0028E1D008210846C5
:10DC8000FFF744FF0028DBD008210920FFF73EFF03
:10DC90000028D5D008210A20FFF738FF0028CFD070
:10DCA00008210B20FFF732FF0028C9D008210E20E1
:10DCB000FFF72CFF0028C3D008210C20FFF726FF18
:10DCC0000028BDD008210D20FFF720FF0028B7D085
:10DCD00008211120FFF71AFF0028B1D008210F20DA
:10DCE000FFF714FF0028ABD008211020FFF70EFF2C
:10DCF0000028A5D008211420FFF708FF00289FD096
:10DD000008211220FFF702FF002899D008211320D4
:10DD1000FFF7FCFE002893D008211720FFF7F6FE3E
:10DD200000288DD008211520FFF7F0FE002887D0AD
:10DD300008211620FFF7EAFE002881D015F0CAFD61
:10DD400001287FF64EAF002102200D4AFFF7C0FDEB
:10DD500047E740F2A6400B49FDF78EFE40F2A54092
:10DD60000849FDF789FE00BFF8A50020E8A50020BE
:10DD70009CC80308E4930308E9DA01087C930308CC
:10DD80005C93030854920308D2B14FF6FF732DE958
:10DD9000F0479842054692B015D00E4699B1144608
:10DDA000954A1178A1B1DFF87C820228D8F800707A
:10DDB00015D03A69B2F1006F2CD06FF0050004E085
:10DDC0006FF00A0070476FF00A0012B0BDE8F087EC
:10DDD00008468A4AFFF77CFD6FF01800F5E7BA079E
:10DDE00040F00081D8F804108B0740F00081B94260
:10DDF00088BF3B4603D837E00433994234D91A68C8
:10DE00000132F9D000217E4A0846FFF761FD6FF02C
:10DE10002700DAE72337D8F8040027F00F0707F1C7
:10DE20001002824200F28580394609E09E4555D0B5
:10DE3000133222F00F02114401F1100282424DD838
:10DE4000B1F800E04A889EFA9EFC1FFA8CFC52BA98
:10DE5000AC4592B2EAD100202B460121694AFFF776
:10DE600037FD6FF01A00B0E70DF10809102200210C
:10DE7000484600F06BFA04224846634900F032FA43
:10DE8000102238464946FFF7C7FD00284ED004F15E
:10DE90000F07D8F8003027F00F07BC4203F1100835
:10DEA00004D03A460021484600F050FA2246314656
:10DEB000484600F017FA49463A464046FFF7ACFD9F
:10DEC000014680B315F006FD012805D92B46012136
:10DED00002204E4AFFF7FCFC002076E74FF6FF7168
:10DEE00007E0133323F00F031F4407F110038342AD
:10DEF0001FD87B883A885BBA8A429BB2F1D104F181
:10DF0000130828F00F0807EB0803834218D9C71B32
:10DF10002B4603210020CDE900873D4AFFF7D8FCBE
:10DF20006FF0200051E73B4AFFF7D2FC6FF01E0074
:10DF30004BE72B4601210020374AFFF7C9FCEFE7EA
:10DF40000DF108094022FF21484600F0FFF90023A7
:10DF5000B8F1400FC24628BF4FF0400A2A0A62F3C8
:10DF6000070365F30F23220A62F3174364F31F6369
:10DF7000314603A8AAF10402029300F0B3F938462F
:10DF800052464946FFF748FDB8F1400F57441DD9A6
:10DF90004024A246E8B1A8EB040ABAF1400F28BF1A
:10DFA0004FF0400A4022FF21484600F0CFF9211FE0
:10DFB00052464846314400F095F95444384652469A
:10DFC0004946FFF729FDA0455744E3D800287FF4D0
:10DFD00079AF02210020114A0095A7EB0A03FFF751
:10DFE00077FCA3E740F2A5400D49FDF745FD40F25F
:10DFF000A6400B49FDF740FDF8A500200894030852
:10E00000AC950308709403089CC803088095030826
:10E01000F094030848940308B89403084095030853
:10E0200054920308E8A500202DE9F043424B07462F
:10E030001B780D46144683B0002B42D03F4E31680A
:10E040000B6901F11000B3F1E06F3FD0B3F1006F45
:10E050004AD1022F51D001F12303706823F00F033E
:10E0600003F1100282424DD84FF6FF7806E04B4490
:10E07000424503F1100C45D0844543D81A88B3F8C3
:10E0800002C092FA92FE9CFA9CFC1FFA8EFE1FFAC6
:10E090008CFC0CF11309BE4529F00F09E7D164454A
:10E0A000A14628BFE1466445A3EB010835D84A469E
:10E0B000284608F10408414403B0BDE8F04300F0ED
:10E0C00011B9194618461E4AFFF702FC2246284697
:10E0D000FF2100F03BF93B4601210020194A03B023
:10E0E000BDE8F043FFF7F4BB1ABA00923B460221A9
:10E0F0000020154AFFF7ECFBE8E70146284600F050
:10E10000F1F8E3E715F0E6FB0028DFD001213B46FC
:10E1100008460E4AFFF7DCFBD8E715F0DBFB08B931
:10E120003168C4E73B4603210120094A0194CDF838
:10E130000090FFF7CDFBF3E7F8A50020E8A500204D
:10E14000E49503081C970308D49603082496030853
:10E1500064960308164A10B513681969B1F1006F87
:10E1600020D12333546823F00F0303F110029442AB
:10E1700016D386464FF6FF7C09E0614510D0133078
:10E1800020F00F00034403F11002A24208D81988BE
:10E1900058884ABA92B240BA724580B2EDD110BDE9
:10E1A000002010BD40F23A400249FDF765FC00BF77
:10E1B000E8A50020549203082DE9F0413F4B82B0BE
:10E1C0001978002965D03E4BD3E90063A3EB06081C
:10E1D00046EA0803C3F30C031BB115F07BFB0028D0
:10E1E00065D115F077FB08F5FF5806F1784608F180
:10E1F0001F0801284FEA56364FEA583422D8F0F764
:10E20000E1FF50BB002C35D042F2FA072D4D06EB52
:10E21000040805242B6B304643F040432B632F62E8
:10E22000EBF73AFD18B3013CF4D1F0F7E3FF002817
:10E2300038D015F04FFBA8B100210120224AFFF78A
:10E2400047FB0FE0022133460846204A0094FFF7BF
:10E250003FFBF0F7B7FF0028D4D000211C4A084646
:10E26000FFF736FB6FF00C0002B0BDE8F08101361D
:10E270004645CED1F0F7BEFF0028DAD115F02AFBD3
:10E28000012804D900210220124AFFF721FB0020B7
:10E29000EAE70846104AFFF71BFB6FF0180002B0D0
:10E2A000BDE8F0816FF01F0002B0BDE8F0810021F1
:10E2B00001200A4AFFF70CFB93E700BFF8A50020F6
:10E2C000E8A50020002002405C980308E8970308B6
:10E2D0002C9803088C9803085C9703089C97030804
:10E2E00001207047032A15D90B68036000F003036F
:10E2F000C3F1040C60446144043B1A4411F0030F61
:10E3000014D1032A06D951F8043B40F8043B043ADF
:10E31000032AF8D8022A0DD0032A12D0012A0DD0E0
:10E32000704751F8043B40F8043B043A032AF8D8FC
:10E33000022AF1D111F8013B00F8013B0B78037080
:10E34000704711F8013B00F8013BF3E701EB0123B3
:10E3500003EB0343032A16D900B5036000F0030C56
:10E36000CCF1040E7044ACF1040C624402E040F8BD
:10E37000043B043A032AFAD8022A13D0032A0FD006
:10E38000012A11D000BD022A06D0032A02D0012A98
:10E3900004D0704700F8011B00F8011B01707047A2
:10E3A00000F8011B00F8011B017000BD032A0346A1
:10E3B00030B413D90C680568A54218D030BC70473A
:10E3C000D1F800C01C6818466445A2F1040203F1AC
:10E3D000040301F10401F1D1032AF1D8022A27D064
:10E3E000032A1FD0012A29D030BC0020704700F03A
:10E3F0000300C0F104042144043A024488078C4617
:10E400002344E9D1032A02D8E8E7032A21D91C686A
:10E410005CF8041B18468C42A2F1040203F10403C9
:10E42000F3D0CBE718780A7890420FD1013301314D
:10E4300018780A78904209D1013301311C780A78A2
:10E44000944214BF1846002030BC7047184630BCB8
:10E4500070476146C2E700BF0CB400B583B004AB9F
:10E4600053F8042B019309F091FF03B05DF804EB1E
:10E4700002B0704710B5074C23780BB1002010BDD7
:10E48000FFF768F810B901232370F7E74FF0FF306A
:10E4900010BD00BFF9A50020844630B50D461446D6
:10E4A00087B00193072163460C4A04A8FFF7D4FF05
:10E4B0002B4606210A4A02A8FFF7CEFF01AB2246EF
:10E4C00002A904A8FFF726F9243024288EBF4FF0B4
:10E4D000FF30044B185607B030BD00BFB898030892
:10E4E000C0980308A0C80308844670B50E461446B9
:10E4F0001D4684B0634607210C4A02A8FFF7ACFF13
:10E500003346062168460A4AFFF7A6FF2B462246F5
:10E51000694602A8FFF750F8243024288EBF4FF038
:10E52000FF30044B185604B070BD00BFB898030804
:10E53000C0980308A0C8030810B50C4684B0034671
:10E5400007210B4A02A8FFF787FF2346094A062145
:10E550006846FFF781FF694602A8FFF76FF924308C
:10E5600024288EBF4FF0FF30034B185604B010BD67
:10E57000B8980308C0980308A0C8030838B5084D28
:10E580004FF0FF3200210320F6F73DFCC30704469D
:10E5900002D52B6803B19847A207F1D5F6F7ECFB3B
:10E5A00004A600200F4B1B780BB10020704710B55C
:10E5B0000D4A00210D48F6F77CFB044650B1FDF7EB
:10E5C000A7FA0B4B1C60074B01221A70FDF7D6FA15
:10E5D000002010BD074A00210846FFF779F96FF0C7
:10E5E0002700F6E700A60020C8C803087DE501085B
:10E5F000FCA50020C898030868B1084B10B51B782B
:10E6000004461BB1064B00201C6010BDFFF7CAFF7B
:10E610000028F7D010BD6FF00800704700A600205A
:10E6200004A600200F4B1B78CBB10F4B1B68B3B176
:10E630000E4B10B501211868F6F7A3FB041E01DB91
:10E64000002010BD002023460121094AFFF740F9B0
:10E65000043414BF4FF0FF306FF00A0010BD6FF0AC
:10E660002700704700A6002004A60020FCA500207B
:10E670002C99030810B5064C207830B900F022FB25
:10E6800000B110BD0123237010BD6FF0190010BD43
:10E6900008A6002000220023F0B589B0CDE90023B0
:10E6A000002800F0B7805F4B1B78002B00F0AF8094
:10E6B00004460430EBF796FA4FF47A7263682060F0
:10E6C00002FB03F36360FDF723FA574902A81822FF
:10E6D000FFF708FEFDF752FA544B214606A8B3F99E
:10E6E000005014F017FF002840F09780D4E9000292
:10E6F0006D422DB2069B85EAE571A1EBE571079E9F
:10E70000C31A89B2002848D1961B494A4FF47A7C33
:10E71000A2FB03E0474F800C07FB103301FB03F320
:10E72000A2FB03E2920C07FB123301FB00224248DA
:10E730000092A0FB0662920901FB02F20CFB03F3BC
:10E74000A0FB0202684603EB9213019314F00EFF44
:10E75000002D2168009A636801984DDB0A44034448
:10E760002046C4E9002314F001FF02A904A814F014
:10E77000D1FEC8B1DDE90421039B42BB0298CB1A4C
:10E78000121AD4E9001099B3834231D90139891A98
:10E790002A4A21600244D31A12E0B242B4D2274876
:10E7A000013B801B8618B0E7DDE90220DDE9041398
:10E7B000B2B9511AC31AD4E900200A4422600344B2
:10E7C0002046636014F0D2FE002009B0F0BD9942EB
:10E7D000D4D20298013A121A18480844C31AD0E752
:10E7E0009842E6D2013A511A144A0244D31AE2E797
:10E7F000891A2160C31AE3E78A1A31B1834204D22D
:10E800000E49013A091A0B44AAE71B1AA8E76FF050
:10E810001800DAE76FF00A00D7E7A4200849FDF7EF
:10E820002BF900BF08A600200CA600200AA6002095
:10E8300083DE1B4340420F00D34D621000CA9A3B57
:10E840006899030878B170B50446FDF761F9D4E919
:10E850000A56FDF793F92DB1214630462B46BDE807
:10E860007040184770BD7047E0B170B50446FDF7C1
:10E870004FF9D4E90A56104B01212046E36009F014
:10E88000BDFB80B9D4E90823204609F0AFFC70B97C
:10E89000FDF774F92DB1214630462B46BDE8704096
:10E8A000184770BD70476E200449FDF7E5F87320E6
:10E8B0000249FDF7E1F800BF45E801089099030817
:10E8C000F0B5044685B0FDF723F9002C4AD0E36982
:10E8D000BBB1A369ABB13A4D03AE28463146EEF762
:10E8E000D4FB0398A8420AD004F1180738B1B84203
:10E8F00007D03146EEF7C9FB0398A842F6D1E2698A
:10E9000042BBFDF705F9204609F086FB68BBFDF721
:10E9100035F90023E269C4E90333AAB1A3699BB1C5
:10E92000274D03AE28463146EEF7AFFB0398A842C9
:10E930000AD004F1180738B1B84230D03146EEF7AA
:10E94000A4FB0398A842F6D10024FDF717F920464E
:10E9500005B0F0BDA369002BD3D09342D1D014F001
:10E96000B9FF18BB6FF00A04EFE7204609F004FB7B
:10E9700003460028CBD001210020124AFEF7A8FF51
:10E98000FDF7FCF823466FF00C04012100200E4A2D
:10E99000FEF79EFFFDF7F2F8204605B0F0BDEEF75A
:10E9A0005CFB00220023C4E90623CDE7A56A2346C9
:10E9B00002210120054A0095FEF78AFFD2E700BF39
:10E9C000C8080020F8990308249A0308B49903089A
:10E9D0002DE9F043044687B00F469046FDF798F8BE
:10E9E000002C65D0002F63D0E369ABB1A3699BB164
:10E9F000354D05AE28463146EEF747FB0598A8424F
:10EA00000AD004F1180938B148453AD03146EEF73A
:10EA10003CFB0598A842F6D100252C4BA762C4F810
:10EA20002C802046CDE901344FF0FF324FF0FF3308
:10EA3000009509F0B1FB00283DD1E369ABB1A369B2
:10EA40009BB1214D05AE28463146EEF71EFB0598D9
:10EA50001834A8420AD048B1A0420BD03146EEF794
:10EA600014FB0598A842F6D100E018342146164858
:10EA7000EEF7E7FA0025FDF781F8284607B0BDE874
:10EA8000F08314F027FF58B92046FFF719FF054619
:10EA90000028C1D0FDF772F8284607B0BDE8F08322
:10EAA0002346022101200A4A0097FEF711FFEBE7F7
:10EAB0006FF00A05DFE7034601212846054AFEF705
:10EAC00007FF6FF01805D6E7C808002045E80108E1
:10EAD000409A0308889A03082DE9F041044684B05F
:10EAE00015461E46FDF714F864B15DB1204609F0E5
:10EAF00093FA78B16FF02707FDF740F8384604B075
:10EB0000BDE8F0816FF00A07FDF738F8384604B029
:10EB1000BDE8F0816846FFF7BDFD074638B16FF0EC
:10EB20000C07FDF72BF8384604B0BDE8F0816946C4
:10EB3000284614F00BFDE0B1B8463D4626B33046FA
:10EB400014F090FDA94208BF4045C4E9080127D050
:10EB50000021204609F052FA0028E0D11949424626
:10EB60002B462046E160246109F040FB0028D6D105
:10EB7000CAE729466A4602A814F046FD02A814F026
:10EB800071FD80460D46D9E700220023314620461C
:10EB9000C4E9082309F032FA0028C0D10A49DEE7A7
:10EBA0000121204609F02AFA0028B8D1064B204658
:10EBB000C4E90334D4E9082309F018FB0028AED1D6
:10EBC000A2E700BF69E8010845E8010810B504465E
:10EBD000FCF79EFFB4B1204609F01EFA20B90024CC
:10EBE000FCF7CCFF204610BD204609F0C5F90028EF
:10EBF000F5D0034601210020044AFEF769FE6FF0BC
:10EC00000C04EDE76FF00A04EAE700BFF899030887
:10EC100010B50446FCF77CFF2CB1204609F0FCF946
:10EC2000041E18BF0124FCF7A9FF204610BD00BF39
:10EC300030B5214D83B0FCF76BFF2B6833B96FF013
:10EC40001804FCF79BFF204603B030BD043528466E
:10EC500001A9EEF71AFA06E001A9EEF716FA204626
:10EC6000FFF72EFE78B90198A842A0F11804F3D15D
:10EC700009F0D6F890B9044645F8040CFCF77EFF7D
:10EC8000204603B030BD14F025FE0028EBD0012152
:10EC900023460846094AFEF71BFEE4E76FF00C0422
:10ECA000034601210020064AFEF712FEFCF766FF2C
:10ECB000204603B030BD00BFC4080020C09A03083E
:10ECC000F89A030810B5FCF723FF0F4B1B681BB124
:10ECD000FFF7AEFF044650B90C48EEF7A3F909F070
:10ECE0007FF840B901230446084A42F8043CFCF787
:10ECF00045FF204610BD034601210020044AFEF7CF
:10ED0000E7FD6FF00C04F2E7C4080020C8080020FB
:10ED1000249B0308FFF7BEBC4FF03F000BF092BBF3
:10ED200000207047F0B5067885B0022E24D0042E5E
:10ED30002CD10B33194A1944194B8C0893600546A2
:10ED400013462146022003AAECF724FB0746B0B97C
:10ED5000039BEBB11E726A7803F10B005A72AA781A
:10ED6000E91C9A72FFF7BEFA0E480399EEF769F9AB
:10ED70000D4B1868F6F7E4F9002005B0F0BD234606
:10ED800002210020094A0097FEF7A2FD9120F4E736
:10ED900040F69D600649FCF76FFE00BF24A60020E8
:10EDA00019ED010830A6002038A60020009C0308B9
:10EDB000509B0308036943F001030361704700BFE0
:10EDC000036923F001030361704700BF036923F067
:10EDD00006030B430361704743696FF30F030B4353
:10EDE00043617047436B6FF30F030B4343637047FB
:10EDF000C36823F460630B43C3607047436843F008
:10EE000001034360704700BF436843F400734360ED
:10EE1000704700BF044B53F821301844436943F056
:10EE200001034361704700BF18C90308044B53F83E
:10EE300021301844436943F006034361704700BF23
:10EE400018C90308044B53F821301844036C23F409
:10EE5000403313430364704718C90308044B53F845
:10EE600021301844036C23F00303134303647047F9
:10EE700018C90308044B53F821301844436C23F09D
:10EE8000407313434364704718C90308064B53F893
:10EE900021301844436C23F4F813120402F4F812DE
:10EEA00013434364704700BF18C90308044B53F869
:10EEB00021301844836C6FF30F031343836470474E
:10EEC00018C9030810B4044C54F821100844C26453
:10EED00003655DF8044B704718C9030810B4084C6B
:10EEE00054F821100844C46F0649214023F003035D
:10EEF0001B041B0C13431943C1675DF8044B704797
:10EF000018C903080300FE07002108B50846034A94
:10EF1000FEF7DEFC6FF0050008BD00BF409C030853
:10EF20002DE9F04701204FF0000A0323C2E90EA0AB
:10EF3000C2E9103A556AD1F804801446454589461D
:10EF4000D66A576B0DD042465346A7FB0501E7F73B
:10EF500061FF534607464246A6FB0501E7F75AFF05
:10EF600006463F4BC4E912769D4269D01820002323
:10EF7000A5FB00013A4AE7F74DFF864231D33E44F4
:10EF800009200023A5FB0001354AE7F743FF301AAB
:10EF90004545266B2769E0644AD0A6FB0501424639
:10EFA0000023E7F737FF064620655FB1E08A424657
:10EFB00000F01F0001300023A0FB0501E7F72AFF46
:10EFC00030442065264B0B209D4205D00023A5FB35
:10EFD0000001234AE7F71EFF0023C4E91503BDE83B
:10EFE000F08714F077FC88B1D9F804101C4B9942D3
:10EFF00034D018200023A1FB0001194AE7F70AFFCB
:10F0000003460121174A0846FEF762FC656A144B65
:10F010009D421AD018200023A5FB0001104AE7F7F3
:10F02000F9FED4E91263D9F804801E44E062A7E730
:10F030002665002FC6D0E08A00F01F000130BFE730
:10F04000172ECED909203E44A1E71823A66CE26C06
:10F05000D9F8048009201644E36298E71823D0E722
:10F0600000366E01689C030838B50025C0E90155DB
:10F070000446FCF74DFD064B064A1968914203D140
:10F080001C22C4E901321D60BDE83840FCF776BDA2
:10F0900020070020EFBEEEF9D8B110B50446C069D4
:10F0A00010B1216AF0F7DAFA63686BB1FCF730FD52
:10F0B000084963688B4209BF00230A68064AC4E90D
:10F0C00001330A60FCF75AFD2046BDE81040E8F71E
:10F0D00065BF704720070020EFBEEEF970B582B023
:10F0E0000446FCF715FD002C78D03E4B9C4206D020
:10F0F00014F0F0FB002869D16FF0070432E0E368F8
:10F100009B6863B11B68DA6A12F0020F07D1DA6AF2
:10F1100012F4003F03D11A6922F001021A6104F1CE
:10F1200020063046EDF781FF08B3E3681B681A68D4
:10F13000136823F001031360E3689868A0B390F8A4
:10F140004A3003F0FF051BBBE368186890F889306C
:10F1500063BB0C2200212046FFF7F8F80023E36090
:10F160008DBB0024FCF70AFD204602B070BD01A94A
:10F170003046EDF78AFF07E0A0F15C0501A9EDF745
:10F1800084FF2846FFF788FF01988642F4D1CCE738
:10F19000F0F718FD05460028D6D00346124A012193
:10F1A0000020FEF795FBCFE70025CDE7F3F706FB40
:10F1B000284310F0FF05CCD02B460C4A012100203B
:10F1C000FEF786FBC5E76FF00C04CBE7084A002189
:10F1D0000120FEF77DFB6FF00704C3E76FF00A0420
:10F1E000C0E700BF44A60020B89C0308049D0308A4
:10F1F0003C9D030838B5C5682B68002B00F0CF8014
:10F2000004466A68002A00F0CD8093F88930002B0C
:10F2100040F0CB8090472B68DA68072A3ED19A6885
:10F22000002A40D11A6D002A42D15A68B2F5800FE7
:10F2300043D15A6B002A45D19A69B2F1806F46D109
:10F24000DA6D002A48D15A6A002A4AD1D3F88020C0
:10F25000002A4BD0D3F88430002B4FD0116D11F021
:10F26000800F53D11B6D13F0800F57D11368504A94
:10F2700093425DD08032934277D08032934276D0F1
:10F280008032934275D08032934274D08032934260
:10F2900073D08032934249D01B234AE0454940F263
:10F2A0001140FCF7E9FB434940F21240FCF7E4FB54
:10F2B000404940F21340FCF7DFFB3E4940F2144066
:10F2C000FCF7DAFB3B4940F21540FCF7D5FB394926
:10F2D00040F21640FCF7D0FB364940F21740FCF7ED
:10F2E000CBFB34494FF48360FCF7C6FB324A002164
:10F2F0000846FEF7EDFA6FF0080045E02F4A0021BE
:10F300000846FEF7E5FA6FF008003DE02C4A0021C0
:10F310000846FEF7DDFA6FF00B0035E0294A0021C0
:10F320000846FEF7D5FA6FF00B002DE01A2300E037
:10F330001423A3612B68D3F884301B681C4A9342C2
:10F340001FD08032934220D0803293421FD080322F
:10F3500093421ED0803293421DD0803293421CD003
:10F36000803293420BD01B230CE01523E1E71623D8
:10F37000DFE71723DDE71823DBE71923D9E71A2393
:10F3800000E01423E361002038BD1523FAE71623BB
:10F39000F8E71723F6E71823F4E71923F2E76FF0ED
:10F3A0000A00F1E76FF00A00EEE76FF02700EBE7E5
:10F3B00050000240809D0308C09D0308EC9D030897
:10F3C000189E0308689E030808B50C4B98420FD09E
:10F3D0000B4B984206D000210A4A0846FEF778FAFD
:10F3E000002008BD4FF48060BDE80840F1F780BE02
:10F3F0001020BDE80840F1F77BBE00BF003001409F
:10F4000000200046B89E030808B50C4B98420FD068
:10F410000B4B984206D000210A4A0846FEF758FADC
:10F42000002008BD4FF48050BDE80840F1F760BEF1
:10F430000820BDE80840F1F75BBE00BF0094004023
:10F4400000440046F09E030870B59CB0C568AB68E8
:10F45000002B00F0F6800446EA68002A00F0F580F0
:10F4600093F84A30002B40F0F3809047AB6859691D
:10F470004FF6FF72914240F08A805A6A002A40F0AB
:10F480008B809A6A002A40F08C80DA6A002A40F069
:10F490008D801A6B002A40F08E80196A4FF6FF7239
:10F4A000914240F08D805E6B002E40F08E801A6C91
:10F4B000002A00F08F801A68D36843F48013D36069
:10F4C000AB681A68936843F001039360AB681A68ED
:10F4D000936843F400739360AB681A68D36A43F08F
:10F4E0000203D362AB681A68D36A43F40033D36271
:10F4F000AB681B68584A934274D0584A934276D1FD
:10F500000B2323610C236361AB681B6C1D68544C97
:10F51000544B6340B3F5803F74D201A8F5F762F80D
:10F520000023019302934FF400720392049301228B
:10F5300006920792022208924FF4003209924FF489
:10F5400000020C920D930E930F934FF040421292D3
:10F5500016931793189319936FF30F041A941B9330
:10F56000414B9D4256D080339D4252D080339D42C4
:10F5700059D080339D4258D080339D4257D080333C
:10F580009D4256D080339D4241D0072642E0374904
:10F5900040F29230FCF770FA344940F29330FCF7B5
:10F5A0006BFA32494FF46570FCF766FA2F4940F266
:10F5B0009530FCF761FA2D4940F29630FCF75CFA81
:10F5C0002A4940F29730FCF757FA28494FF4667001
:10F5D000FCF752FA264A00210846FEF779F96FF047
:10F5E000080030E00D2323610E2363618CE7214A7C
:10F5F00000210846FEF76CF90023236163616FF078
:10F600000A0020E0194940F2D230FCF735FA06260C
:10F6100000E0012601AA31461748F4F705FE03462B
:10F6200048B900200FE00226F4E70326F2E704269B
:10F63000F0E70526EEE7114A01210020FEF748F920
:10F64000EFE76FF00A001CB070BD6FF00A00FAE738
:10F650006FF02700F7E700BF009400400044004629
:10F66000200700209007002050000240809D0308E2
:10F670002C9F03085C9F0308000002409C9F030826
:10F680002DE9F04F81462DED028BD9F80C300C4658
:10F690001A689B689BB015681B6802A80093002736
:10F6A0009FED6B8B4E68F4F7BDFF17950425A3689B
:10F6B00004F13802052B8DED0E8B169211971595DE
:10F6C00040F2B2806368DFF8A88106F1040B594666
:10F6D000CDF8608002A8C3F80080F4F7C3FF02A849
:10F6E000F4F7A0FF04F14402A3681692009A0A2BD3
:10F6F00002F110028DED0E8B06F1180A1197159587
:10F700000192179240F28880514602A8CDF860809D
:10F71000F4F7A8FF2B46524658462946F5F722F93A
:10F7200002A8F4F77FFFA36804F13C020D2B06F159
:10F730002C0B159516927DD9474B594602A8189364
:10F74000F4F790FF022350465A462946F5F70AF986
:10F7500002A8F4F767FF009B04F1580214331793D3
:10F76000A36806F1380A112B1595169268D93B4B00
:10F77000514602A81893F4F775FF03230221584657
:10F780005246F5F7EFF802A8F4F74CFF4FF040406F
:10F790004FF08071019B04F140021793D9F81C309F
:10F7A000CDE90E01CDE91037A36806F1480B162B01
:10F7B0001595169230D9594602A8CDF86080F4F715
:10F7C00051FF2B465A4603215046F5F7CBF802A8C5
:10F7D000F4F728FFE36920341833179354F8183CE2
:10F7E0008DED0E8B1B2B06F15C0911971595169468
:10F7F00012D9494602A8CDF86080F4F733FF584685
:10F800002B464A462946F5F7ADF83846F7661BB051
:10F81000BDEC028BBDE8F08F0021114A0846FEF7CF
:10F8200057F86FF01100F2E7394638460D4AFEF7F7
:10F830004FF8F6E7394638460B4AFEF749F8F0E745
:10F8400039463846094AFEF743F8EAE7AFF3008045
:10F85000000000C00000000000000130000001387E
:10F8600024A00308E49F030858A0030890A00308FD
:10F87000000001782DE9F04383B0002800F01581E5
:10F88000C7680646002F00F01A810D46002900F0D7
:10F89000118164209046E8F77FFB0446002800F0C1
:10F8A000138100232A68C361C0E900233B681868FC
:10F8B000FFF78AFD0746002800F09D806A688242B3
:10F8C00012D2531E0344B3FBF2F3013B00F0E0807D
:10F8D000B3FA83F9C9F12003DF40BA4240F0B580A2
:10F8E000C9F11F031B0703E040F0A3804FF0004362
:10F8F0002A68E360130C013B072B32D90023E36134
:10F900002B690022002B6FD0196821615968616151
:10F910009968A161D968E162196921635B696363D0
:10F9200092B1294622463046FFF7FAFA2046FFF701
:10F930009BFB6168002900F09A8021463046FFF762
:10F940009FFE002840F09A8004F15C0106F120003F
:10F95000EDF777FB00252846C8F8004003B0BDE866
:10F96000F083694951F82330E361002BC8D092B28B
:10F9700022629A6100212868FDF720F901460028DB
:10F9800040F0B3802868FDF79FF9002840F0B2806E
:10F9900001212868FCF7F8FF002840F0B080F368E8
:10F9A0009B68002B00F097801868FFF72DFD6B68AF
:10F9B00081465F1E0744B7FBF3F7013F0BD0B7FA50
:10F9C00087F71F2F4ED0C7F11E07072F00F2888040
:10F9D00020FA07F97F02B9EB830F1CD12B69C4E928
:10F9E0000997E269002B8FD100200021C4E90B3375
:10F9F000C4E9040193E70146444AFDF769FF6FF04B
:10FA000007052046FFF748FB00242846C8F80040B9
:10FA100003B0BDE8F08313F05DFF0028DED0CDF821
:10FA200000906B6802210120394A9B00FDF750FFCE
:10FA3000D4E713F04FFF00283FF458AF01213B46B5
:10FA40000846344AFDF744FF50E713F043FF00280F
:10FA50003FF446AF0097022101206B682E4AFDF764
:10FA600037FF3DE74FF400774FEA5009B3E7084608
:10FA70002A4AFDF72DFF6FF00305C2E76FF011036F
:10FA800001210020264AFDF723FF6FF01105B8E79A
:10FA900013F020FF00283FF429AF00970221012036
:10FAA0006B681D4AFDF714FF20E740F202601D4914
:10FAB000FBF7E2FF40F204601A49FBF7DDFF40F27A
:10FAC00003601849FBF7D8FF0146174AFDF700FF0E
:10FAD0006FF003053FE74FF4CC601249FBF7CCFF12
:10FAE00040F26D600F49FBF7C7FF4FF4CA600D4944
:10FAF000FBF7C2FF40F253600A49FBF7BDFF40F23B
:10FB000056600849FBF7B8FFECC80308FCA00308DF
:10FB10006CA1030828A1030824A20308C0A10308BC
:10FB2000FCA10308809D0308C8A00308F0B50D469A
:10FB3000036889B05F699A69044642F008029A61D5
:10FB40009A69086842F010029A611A6822F001026C
:10FB50001A601A6922F45B7222F003021A619A6831
:10FB600022F440429A60FFF72BF92868FFF746F924
:10FB70002868FFF749F92A6C9A4B1168994200F0FE
:10FB8000FD808033994215D08033994200F0058181
:10FB90008033994200F003818033994200F0FB806A
:10FBA0008033994200F011818033994214BF0721BC
:10FBB000062100E001218C48FFF738F92B6C04A8DE
:10FBC0001A68D4F88060D36843F4FE43D360FFF72B
:10FBD000A1F8002840F0008146B196F85430022B7D
:10FBE00000F09580202386F84C00B3656846D4F871
:10FBF0008460FFF78FF8002840F0EE803EB196F861
:10FC00005430022B53D0202386F84C00B36594F86F
:10FC10008930042B0CD0BE060AD5D4F88C3022686B
:10FC200043F08003C4F88C30936943F02003936160
:10FC300094F88930032B12D07D06236809D5D4F8B7
:10FC40008C2042F00402C4F88C209A6942F04002F1
:10FC50009A619A68500202D5390600F19180BA057E
:10FC60000AD5D4F88C30226843F00103C4F88C30F4
:10FC7000936943F400739361FB050AD5D4F88C3083
:10FC8000226843F00803C4F88C30936943F480730E
:10FC9000936100210123A4F86A10A4F8721084F87B
:10FCA0008930D4F88C30002B61D109B0F0BD3368B5
:10FCB0005A69D1071AD505215A6942F004025A61DE
:10FCC00086F854100FE002A8FFF724F80546002834
:10FCD0007DD1694602A813F075FC02A813F09CFCC4
:10FCE000052868D833681A699204ECD55A69042546
:10FCF00042F002025A614FF4FE400121002286F8D0
:10FD00005450D86086F8541086F84C207FE733684A
:10FD10005A69D5071AD505215A6942F004025A6179
:10FD200086F854100FE006A8FEF7F4FF05460028F9
:10FD30004DD104A906A813F045FC06A813F06CFCED
:10FD400005282ED833681A699004ECD55A69042521
:10FD500042F002025A614FF4FE400121002286F86F
:10FD60005450D86086F8541086F84C203EE7084678
:10FD70001E4A09B0BDE8F040FDF7AABD00211AE710
:10FD8000D4F88C2042F00202C4F88C209A6942F028
:10FD900080029A6163E704210DE702210BE703214A
:10FDA00009E7B36D86F84C5043F01003B3650323A5
:10FDB00086F854301AE7B36D86F84C5043F01003C0
:10FDC000B365032386F8543021E70521F3E640F2BA
:10FDD00093100749FBF750FE4FF4B8700449FBF746
:10FDE0004BFE00BF500002400000024070A203081A
:10FDF000809D030838B5C46DEEF794FC20B10A4B22
:10FE0000DB681D68A54200D038BD99682846FFF719
:10FE10008DFE0122D5F88C3043F01003C5F88C30EC
:10FE200085F8892038BD00BF44A600202DE9F04F99
:10FE300000248BB007460594002800F0BC800D46D6
:10FE4000002900F0BD804968002960D09846C36849
:10FE50001C68002C01F0318007F120069146FBF769
:10FE600057FE3046EDF7E1F8002840F0D4823046E6
:10FE700008A9EDF70AF90898864207D1CBE208A94C
:10FE8000EDF703F90898864200F0C5822A6850F819
:10FE90005C3CA0F15C019A42F1D1059194F8883064
:10FEA000012B00F0D782012384F88830FBF766FE2F
:10FEB000059ED6F81CB0BBF1000F00F0A482FB68D1
:10FEC000D3F808A0BAF1000F01F00680DAF840B0CC
:10FED000BBF1000F00F0FB870023DAF80000B16AE5
:10FEE0000361FEF785FFDAF80000FEF763FF059E69
:10FEF000F168B1F1004F2AD031F0405327D0B3F16F
:10FF0000804F24D040F2CE709849FBF7B5FD0846EB
:10FF1000974AFDF7DDFC00266FF00A053446B2462D
:10FF2000AB462B4601210020924AFDF7D1FC5146F9
:10FF30002046FFF7FBFD1EB1F3690BB1326A9A61EF
:10FF4000002384F8883058460BB0BDE8F08F226853
:10FF5000936823F070430B4393606B7A032B0CD8A8
:10FF6000DFE803F0241D1602D16841F04071D16032
:10FF7000297A002968D0012927D06FF00A0B0121C6
:10FF800000207D4AFDF7A4FC58460BB0BDE8F08F79
:10FF9000D16821F0407141F00071D160E8E7D1688B
:10FFA00021F0407141F08071D160E1E7D16821F02A
:10FFB0004071D160DCE70146704AFDF789FCAAE791
:10FFC00008466F4AFDF784FCA5E7D36843F40003B5
:10FFD000D36033690193002B3ED1936823F4BE03B1
:10FFE00043F4E0239360F369002B65D07368002B22
:10FFF00000F07787B16CDAF80000FEF7EDFEF16CE7
:020000040802F0
:10000000DAF80000FEF7EEFE5E4ADBF800309342BD
:1000100000F02A828032934200F02C838032934297
:1000200000F074848032934200F00983803293425E
:1000300000F01F868032934200F0508652498B4276
:1000400014BF0721062110E2D36823F40003D36014
:1000500033690193002BC0D0716931F4802060D0E6
:1000600021F48013B3F5702F5BD0B1F5F01F58D099
:10007000B1F5E81F55D0B3F5402F52D021F44033ED
:10008000B3F5C01F4DD0B3F5A01F4AD0B3F5801F04
:1000900047D021F4002CBCF5C02F42D0BCF5A02FD6
:1000A0003FD0B3F5002F3CD0B0F5403F39D040F2FF
:1000B000EE702E49FBF7E0FC336B0193002B00F050
:1000C000BE810023019372683969D36D23F4F8135C
:1000D00043EA014323F0407343F08073D365D6E9CC
:1000E0001432934294BF01239B1AB365A3687769C6
:1000F000002B40F08A81E368072B04D040F24221B4
:100100001A48E7F739FF94F88810012944D00123F1
:100110006FF00C05002019461C4AFDF7D9FBAB46D1
:10012000FFE6B369002B40F09081136823F440434D
:100130001360019B1364164B9A4200F08E82154B9C
:100140009A4200F09982136823F400531360936875
:1001500023F4BE030B4343F480039360F369002B45
:1001600000F05E820123019340E700BF809D0308F9
:10017000D4A2030858A403088CA3030884A203088C
:10018000ACA2030850000240500302401CA4030824
:10019000002000460030014094F88930012B40F0E7
:1001A0005082149B9BB2B9F1000F00F0BF83002B6B
:1001B00000F03982C4F86490A4F86830B8F1000FF8
:1001C00000F03385052284F889200022C4F88C20B1
:1001D000A4F86A30C4F86C80A4F87030A4F87230C7
:1001E0000020B4F86A10C4E91E0089B22268002910
:1001F00000F09583D16821F4C021D160916821F489
:10020000404191609A0740F08383019B002B00F0EE
:100210005F84B7F5B81F00F25B84A7F5E027013FC4
:10022000B7F5002F80F0BE83D4F88030A24A1B6857
:10023000934200F0B5858032934200F0D68580323B
:10024000934200F0EB858032934200F006868032C4
:10025000934200F014868032934200F0238697493F
:100260008B4214BF072106214FF480329448FEF7D9
:10027000E9FDD4F88030904A1B68934200F09685DF
:100280008032934200F0AE858032934200F0C38505
:100290008032934200F0D8858032934200F0E885A6
:1002A0008032934200F0F88584498B4214BF0721C5
:1002B000062101228248FEF7D1FDD4F884307E4A1F
:1002C0001B68934200F075858032934200F084856C
:1002D0008032934200F0A5858032934200F0A485DD
:1002E0008032934200F0D0858032934200F0D7856F
:1002F00072498B4214BF072106214FF480327048A7
:10030000FEF7A0FDD4F884306B4A1B68934200F0DE
:100310004A858032934200F062858032934200F039
:1003200077858032934200F086858032934200F0D8
:10033000AE858032934200F0B88560498B4214BF8D
:100340000721062101225E48FEF788FD23689A688E
:1003500022F4F07242F020029A60B4F86A2092B25D
:1003600001325208A4F86A20B4F8722092B2013225
:100370005208A4F872200020D4E920720197E76E99
:1003800011680297149FDFF848E11FFA87FC019F6C
:10039000C2E91800D066C2F868E0C7E91800F8663C
:1003A000C7F868E0086CB8F1000F00F04D8440F425
:1003B0000020086403F130094FF6FE700CF1FF389D
:1003C000804500F2938592F84C0001280ED0012060
:1003D00082F84C0092F85400C7B20128039700F04D
:1003E000598140230021936582F84C10002101229D
:1003F000D4F88C3084F8881043F01003C4F88C30A3
:1004000084F8892083E6DA4672E540F23F212D48E0
:10041000E7F7B2FD6FE62946384605AAFFF72AFA44
:10042000834600283FF43AAD034601210020264AC6
:10043000FDF74EFA5D464FF0000A059E71E57268C1
:10044000D36D23F04073D36550E6136843F4404303
:1004500013606EE6FBF792FB00211C4A0846FDF78D
:1004600037FA6FF00E0B6EE50021F36906F12002FA
:1004700028331348FEF726FD0F4ADBF8003093427D
:1004800028D08032934200F0F1808032934200F015
:1004900039828032934200F0CE808032934200F065
:1004A000ED838032934200F0168404498B4214BFDE
:1004B000072106210FE000BF500002405003024018
:1004C00000000240809D030808A3030838A3030826
:1004D000F5FD0108002104226A48FEF7E7FC716B74
:1004E000DBF80030684A002944D0934200F00682CD
:1004F0008032934200F09B808032934200F0B783B9
:100500008032934200F0DD838032934200F0158404
:100510008032934200F02C845C498B4214BF072147
:1005200006214FF080725748FEF7A4FC564ADBF8CC
:100530000030934200F0E4818032934200F07383F4
:100540008032934200F091838032934200F0BD8369
:100550008032934200F0F4838032934200F00D84A5
:100560004A498B4214BF072106213A694548FEF7E4
:100570008DFC1DE0934217D08032934259D08032D7
:10058000934200F06E838032934200F09C8380326D
:10059000934200F0D9838032934200F0EC833B49D0
:1005A0008B4214BF0721062100223648FEF762FC69
:1005B0007368F16A5A6839B3796922F4F81242EA29
:1005C000014222F0407242F08072DBF800102E48A7
:1005D0005A6081421A681AD08030814248D08030F7
:1005E000814200F091818030814226D0803081426A
:1005F00000F042838030814200F06B838030814282
:1006000014BF0721062103E022F04072DDE700213C
:1006100004331C48FEF762FC019B002B3FF44CADF9
:10062000012301934FE5002384F888306FE5012111
:1006300077E70121B8E703214DE70321E8E703212C
:1006400013E700206FF00E0594F88930104A84F803
:100650008800FDF73DF9AB4663E4B1F5702F7FF4F8
:1006600072AD136843F40053136070E5012132E763
:100670000121CDE70121F8E6B1F5F81F7FF463AD64
:10068000EFE700BF0000024050000240500302406C
:10069000C4A303084FF00208002782F8548097652E
:1006A0008A6CA0F10110024042EA0C028A64029AAC
:1006B000C1F84C900A654A6922F4FE424A614FF43F
:1006C000FE42CA604A6942F001024A619A6842F4F5
:1006D00080429A60B4F86A2092B2002A40F0D88230
:1006E0005A686FF30F0242EA0C025A601A6842F02D
:1006F00001021A60F269002A00F0E3800021DBF8B1
:1007000000305A6922F4FE425A61DA6842F4FE422D
:10071000DA60CBE91811CBF868E0CBF86C102268EE
:1007200005981268DBF8003042F400728263954A43
:10073000934218D08032934200F073828032934209
:1007400000F091828032934200F0C1828032934265
:1007500000F0F8828032934200F008838A498B428D
:1007600014BF072106218948FEF754FB0221DAF85D
:100770000000FEF72BFB059E002184F88810844AB8
:100780006968149BA2FB01213269DB00890922B14F
:10079000F28A013302F01F0213444FF47A77D6E94C
:1007A0000B201518726B07FB03F3154407FB05F5C7
:1007B00003EB510305EB5105B5FBF1F5B3FBF1F389
:1007C0001D446D00BD4206A838BF3D46FEF7A2FAA3
:1007D0008346002840F076832268BAF1000F75D076
:1007E000DAF84070D2F8148007BB5DE010F4787F2F
:1007F00034D113F4B84F40F0AC8011F4B84F40F04E
:10080000B580D20502D5030700F1258208A8FEF7BE
:1008100081FA002840F04C8306A908A812F0D2FE05
:1008200008A812F013FF854253D32268D4F8803011
:10083000D4F884101B6809681B69096950693A6813
:10084000126912F4B84FD1D0134601210020514A49
:10085000FDF73EF8BB6E0BB1384698476FF00C03BE
:10086000012100204C4AFDF733F86FF00C0B059E78
:10087000FFF75DBB13F4B84F6BD111F4B84F75D1CE
:10088000110700F1E88108A8FEF744FA074600289E
:1008900040F00E8306A908A812F094FE08A812F0F2
:1008A000D5FE854215D32268D4F88030D4F8841060
:1008B0001B6809681B690969526912F4787FD9D0ED
:1008C000CCE71A6842F400721A6055E7D2F8148037
:1008D000EAE76FF00103012100202F4AFCF7F8FF3F
:1008E000059E3FB123685B6988EA0303B3F5803F47
:1008F000C0F0F7816FF0010BFFF719BB002110E684
:10090000002132E60221E6E5022181E60221ACE582
:10091000D80747D4019B002B3FF486AC7DE4D16817
:1009200021F4C02141F48021D16067E4B8F1000FC7
:100930003FF479AE002B3FF476AE0422C4F8649005
:1009400084F88920A4F86890C4F88C90A4F86A9080
:1009500040E400200121114AFCF7BAFFD4F88000DE
:10096000836E002B3FF47AAF984777E70B46002061
:1009700001210B4AFCF7ACFFD4F88400836E002BF6
:10098000F2D16BE7500002405003024000000240E9
:10099000D34D62106CA40308A4A40308C4A40308E4
:1009A000ECA40308D4F88030B54A1B68934200F0E9
:1009B000D3818032934200F0E9818032934200F08B
:1009C00005828032934200F013828032934200F01D
:1009D0003E828032934200F04982AA498B4214BF82
:1009E000072106210022A848FEF72CFAD4F880300F
:1009F000A34A1B68934200F0AD818032934200F01D
:100A0000C3818032934200F0DD818032934200F056
:100A1000F9818032934200F01C828032934200F0D0
:100A20001F8298498B4214BF072106210022964855
:100A3000FEF714FAD4F88430914A1B68934200F010
:100A400087818032934200F09D818032934200F092
:100A5000B5818032934200F0D1818032934200F020
:100A6000E6818032934200F0FD8186498B4214BFBB
:100A70000721062100228448FEF7E4F9D4F88430E7
:100A80007F4A1B68934200F061818032934200F0FC
:100A900077818032934200F08F818032934200F060
:100AA000B5818032934200F0CD818032934200F0D4
:100AB000DB8174498B4214BF072106210022724852
:100AC000FEF7CCF923689A6822F4F0729A6052E437
:100AD000D4F880306A4A1B68934200F04581803226
:100AE000934200F05B818032934200F06981803252
:100AF000934200F085818032934200F0A1818032E0
:100B0000934200F0BA815F498B4214BF072106214E
:100B10004FF400325C48FEF795F9D4F88030584A1B
:100B20001B68934200F01E818032934200F03481B2
:100B30008032934200F04E818032934200F05C811B
:100B40008032934200F075818032934200F09381AD
:100B50004C498B4214BF0721062102224A48FEF766
:100B60007DF9D4F88430464A1B68934200F0F8803F
:100B70008032934200F00E818032934200F028814F
:100B80008032934200F036818032934200F05681E9
:100B90008032934200F07E813A498B4214BF072194
:100BA00006214FF400323848FEF74CF9D4F884306F
:100BB000334A1B68934200F0D1808032934200F0A8
:100BC000E7808032934200F0FF808032934200F051
:100BD0001B818032934200F03E818032934200F0CC
:100BE000518128498B4214BF072106210222264841
:100BF000FEF734F923689A6822F4F07242F060023A
:100C00009A60B4F86A2092B203329208A4F86A207B
:100C1000B4F8722092B203329208A4F87220FFF75F
:100C2000AABB01219FE501219FE4032284F88920CA
:100C3000164AC4F88C80A4F87080A4F86A30E26682
:100C4000A4F87280FFF7CCBA20F40020086403F106
:100C50003009FFF7B1BB51462046FEF767FFFFF7AB
:100C600072B90221A0E402217DE502217DE4022186
:100C700057E40421FFF7F9BB0421C9E404212AE465
:100C800050000240500302400000024040A60020F5
:100C9000019F97F84C20012A3FF4A8AB3A4697F8F9
:100CA0005410039F0129D4F8649082F84C7023D02B
:100CB0004FF00003019A82F84C3040239365FFF710
:100CC00095BB03212DE403216EE403214DE40321B0
:100CD00049E505219CE40521FFF7FDBB0521FFF750
:100CE000C4BB12F0F7FD00283FF404AE0021012040
:100CF0007F4AFCF7EDFDFDE5002182F85480916507
:100D0000116803F12007D1F8488008EA000040EAA2
:100D10000C008864C1F84C900F654A6922F4FE42C9
:100D20004A614FF4FE42CA604A6942F001024A61D8
:100D30009A6842F400429A60D2E40421FFF7F1BBC2
:100D4000042112E404210EE504212DE40021B5E67E
:100D500000218FE6002169E6002143E6002145E7F6
:100D600000211EE70021F8E60021D1E60521FAE482
:100D70000521FFF7D6BB052116E40521FFF7F5BBDA
:100D800001219BE6012175E601214FE6012129E6BB
:100D900001212BE7012104E70121DEE60121B7E66D
:100DA0000021FFF761BA0021FFF7CCBA0021FFF75D
:100DB00080BA0021FFF7A1BA02217FE6022159E69D
:100DC0000221A5E6022131E602210FE7022109E610
:100DD0000221E6E60221C0E60121FFF78EBA0121D9
:100DE000FFF7B0BA0121FFF764BA0121FFF73CBA5F
:100DF0000321F7E50321D4E60321AEE6032139E61A
:100E0000032185E6032111E60321EFE6032155E6E0
:100E10000221FFF797BA0221FFF74BBA0221FFF731
:100E200023BA0221FFF769BA0321FFF766BA04214A
:100E300020E6042191E60321FFF784BA0421B0E6FD
:100E4000042165E6042139E60321FFF732BA0421C3
:100E5000C8E50421EAE50421C8E60321FFF704BA46
:100E60000521E3E5052105E6052127E60521B9E58C
:100E70000421FFF71EBA05216FE6052148E604218B
:100E8000FFF7F2B90521B1E60421FFF736BA0421D4
:100E9000FFF758BA052184E60521FFF70ABA0521B4
:100EA000FFF72BBA0521FFF7DFB90521FFF74ABA93
:100EB00040F25C700F49FAF7DFFD40F29B700D497C
:100EC000FAF7DAFD40F205700A49FAF7D5FD40F26B
:100ED000C2700849FAF7D0FD40F2BE700549FAF732
:100EE000CBFD40F614000349FAF7C6FDFFDE00BF54
:100EF00014A50308809D030870B5054688B181B12B
:100F00001F4B1B68FBB11F48C160FEF79DFA0446EA
:100F1000F8B103461C4A01210020FCF7D9FC4CB172
:100F200006E01A4A00210846FCF7D2FC4FF0FF34D5
:100F300000232B60204670BDC3EBC302120114488E
:100F4000144C84500133002BF6D00D4B01221A6053
:100F5000D9E70C48FEF74EF9044630B103460E4A75
:100F600001210020FCF7B4FCD9E70C4E3046ECF729
:100F700059F8203E0A4A07CA86E807002E60D9E7DA
:100F80006CA6002044A60020A4A5030878A50308A9
:100F900020070020EFBEEEF9E8A5030864A60020B4
:100FA0000CC903080023F0B583B00646009300285F
:100FB00000F087800C46002900F08A80C3681F6813
:100FC000002F00F08A8006F12005FAF7A1FD2846DF
:100FD000ECF72BF8002859D1284601A9ECF755F871
:100FE0000198A84206D151E001A9ECF74EF801980A
:100FF00085424BD0226850F85C3CA0F15C019A42DB
:10100000F2D1009197F88830012B4ED0012387F858
:101010008830FAF7B3FD009BDB6933B1637A032BA9
:1010200060D8DFE803F02D251D0A6FF005050023C9
:1010300087F88830284603B0F0BD3B68DA6842F094
:101040004072DA60DA6822F4C022DA60DA6842F0CC
:101050000042DA60009B0025D3E907239362E6E7AC
:101060003B68DA6822F0407242F00072DA60E9E729
:101070003B68DA6822F0407242F08072DA60E1E7A1
:101080003B68DA6822F04072DA60DBE721463046DE
:101090006A46FEF7EFFB05460028B3D00346012160
:1010A0000020144AFCF714FCC4E7FAF767FD00219E
:1010B0006FF00E050846104AFCF70AFC284603B0FC
:1010C000F0BD01460D4AFCF703FC6FF00A05B1E7DD
:1010D00008460B4AFCF7FCFBF7E740F6A11009496C
:1010E000FAF7CAFC01210020074AFCF7F1FB6FF078
:1010F0000A059CE708A3030888A6030828A6030896
:1011000058A60308809D03088CA303080023F0B5AC
:1011100083B006460093002864D00C4600295AD0BC
:10112000C3681F68002F62D006F12005FAF7F0FCB3
:101130002846EBF77AFF002832D1284601A9EBF7C1
:10114000A4FF0198854206D12AE001A9EBF79DFF93
:101150000198854224D0226850F85C3CA0F15C01E3
:101160009A42F2D1009197F88830012B27D00123C1
:1011700087F88830FAF702FD009AD3696BB1002432
:10118000116A3A689961D36823F00043D360002361
:1011900087F88830204603B0F0BD6FF00504F6E70D
:1011A000214630466A46FEF765FB04460028DAD041
:1011B000034601210020104AFCF78AFBEAE7FAF710
:1011C000DDFC00216FF00E0408460C4AFCF780FBA2
:1011D000204603B0F0BD0846094AFCF779FB6FF0E2
:1011E0000A04D7E70146074AFCF772FBF7E740F627
:1011F000F8100549FAF740FC08A303083CA70308C8
:1012000008A70308D4A60308809D0308F0B591F849
:1012100003E00B78BEF1000E18BF4FF0010E062B55
:10122000CCBF002201228C78C7780579042C8678FF
:1012300007EB4505A3F1020CA3EB4E0E4FEA420269
:1012400021D9072C08BF0134012E48D01344073B95
:101250009B0023F00703B3EBC50F4FEAC50603DA83
:10126000FF00BB42A8BF3B46F31A23EAE3734FEAF1
:101270004E1514FB035404EB8E044FEA8E03013C1D
:1012800094FBF3F314E01344023B9B00012E18BFC0
:10129000143BC3EBC50323EAE37303EB8E03013B6B
:1012A0004FEA8E0E93FBFEF3043404FB03F3083382
:1012B0004C780A2C35D8018804310A444FF47A71ED
:1012C0001344184A9B0052F82420013303FA0CF30C
:1012D000013B501E01FB0300B0FBF2F0F0BD15FB1B
:1012E00004F40CEB0205C5EBC506B600B6EBC40F63
:1012F0004FEAC4074FEAC50306DB07EB8507013F4A
:10130000AD0097FBF5F3D3E704EB8E04C3EB440386
:101310009B0003EB8E03013B4FEA8E0E93FBFEF323
:10132000C6E7FFDE38C9030800B590F805C0C278EB
:10133000ACF1010CBCFA8CFC038890F804E0134477
:101340008279C0794FEA5C1CBEF1000F18BF0132F0
:1013500003EBCC03062806D8DFE800F010050405EF
:101360001005040002324FF47A7C086803EBC203D4
:10137000421E0CFB0323B3FBF0F000BD0132F2E789
:1013800030B57C488DB003F029F9044650B10346CE
:1013900001210020784AFCF79BFA6FF005042046F3
:1013A0000DB030BD12F096FA012829D800237148FB
:1013B0001A4608A904F094FB40BB6E4804F00AFDED
:1013C000044630B10346012100206C4AFCF780FA44
:1013D000E3E74FF4C871674804F0E6FD18BB9DF8D9
:1013E0002030042B02D1BDF821401CB36FF006045D
:1013F00001210020624AFCF76BFA20460DB030BD97
:10140000214602205F4AFCF763FACFE70346012139
:1014100000205D4AFCF75CFA564804F0DBFC044609
:101420000028D6D0CEE7034601212046574AFCF7D4
:101430004FFAB2E712F04EFA012804D921460220F1
:10144000534AFCF745FA4B4B524D1B682A685B6EBA
:101450000692002B37D00DF1230106A898470446C9
:10146000002853D112F036FA01280CD9BDF8251006
:101470009DF824200220CDE900219DF8233003218E
:10148000454AFCF725FA3B4B2A681B6807929B6E7E
:1014900033B10DF1270107A89847044600284CD125
:1014A00012F018FA01280CD9BDF829209DF828401F
:1014B0000192032102209DF82730384A0094FCF75E
:1014C00007FA00246BE79DF82330012B03D19DF828
:1014D0002430012B48D012F0FDF90028C2D0BDF80D
:1014E0001A209DF819309DF81810CDE90332BDF887
:1014F00025309DF82420CDE90131009206210120FC
:101500009DF82330264AFCF7E3F9ABE7BDF81A0053
:101510009DF819309DF81810BDF825209DF824502D
:10152000CDE90330CDE90121002006219DF82330CB
:101530001C4A0095FCF7CCF931E7BDF81E009DF878
:101540001D309DF81C10BDF829209DF82850CDE9CC
:101550000330CDE90121002006219DF82730124AF1
:101560000095FCF7B5F91AE7BDF82530002B3FF4DC
:1015700079AFB0E770A6002088A703083CA803084D
:10158000C4A80308B8A7030804A8030878A8030898
:1015900034A903082058030810AA030890AA0308D6
:1015A0005CA90308BCA9030844AA03082DE9F04775
:1015B000074688469AB0002840F0AB80584C04F1AA
:1015C00054056222002101A813F0FBF823680822C9
:1015D00000932379611D0DF105008DF80430FCF7AF
:1015E00081FE637B42468DF80D306369B4F80E804E
:1015F0000493A369B4F825A00593E369D4F82A906D
:101600000693236A94F84CC00793238D94F83CE02A
:10161000ADF82230238FADF80E80ADF82B30638FFC
:10162000B4F83480ADF82D30236C8DF834C00C93B1
:10163000B4F84D30ADF820A0CDF82490ADF8298055
:101640008DF82FE0ADF835302B68364ECDF83730B9
:101650002B7930468DF83B30EB886946ADF83C304D
:101660002B7A8DF83E30EB68CDF83F302B69CDF802
:101670004330AB8AADF84730EB69D5F816C0CDF8EA
:101680004D30CDF849C02B6AD6F800C0CDF85130A6
:101690009CF800308DF85730F38AADF85530B36BB5
:1016A000CDF85A309CF801308DF85E30F36BCDF8F0
:1016B0005F3096F840308DF8633096F841308DF801
:1016C000643096F842308DF8653004F073FFA8B9A5
:1016D0001FB900201AB0BDE8F087FAF719FA2146C1
:1016E00006F14C005422FCF7FDFD2422294606F1A8
:1016F000A000FCF7F7FDFAF741FAEAE703460121FB
:101700000020094AFCF7E4F86FF002001AB0BDE8C7
:10171000F08701F0D1FF044605F0F4FF054650E7DD
:10172000BCA6002070A60020C8AA03082DE9F0413D
:10173000994C0D46D4F8DC3084B000285CD1002BE5
:1017400057D0013BC4F8DC30062B52D912F0C2F856
:1017500000285BD100239048637502F0EBFE06463B
:1017600000283ED18C4802F0E5FE0746002840F0F4
:1017700090806668002E4FD0B168002900F0EE809E
:1017800030468847002840F0A880834805F0A2FD35
:101790000646002840F08B8023685968002900F035
:1017A000BB807D4805F046FD002840F0AC802368F2
:1017B0007A489B68D3E900219047666800287DD16C
:1017C000002E7BD005266075FFF7DAFD431C012B48
:1017D0002CD9013EF8D1034601210020704AFCF7C4
:1017E00077F8002108466F4A04B0BDE8F041FCF7E5
:1017F0006FB804B0BDE8F081023304F1E000C4F832
:10180000DC30FDF787FAD4F8DC309DE700210120B9
:10181000654AFCF75DF89DE712F05CF80028B4D04B
:1018200031460120614AFCF753F8AEE7002840F04A
:10183000B080594802F09CFE06460028D1D1564897
:1018400005F01AF8074630B1034601213046584AE0
:10185000FCF73EF8C5E74FF00108014684F8158013
:10186000FFF7A4FE064638B16FF002034146384642
:10187000504AFCF72DF8B4E70146474804F0E4FE6F
:10188000074698B30346414630464B4AFCF720F8DA
:10189000A7E7034601213046484AFCF719F86FF0E4
:1018A000050301210020464AFCF712F899E7034698
:1018B00001210020434AFCF70BF8F0E70346022120
:1018C0000020414A0096FCF703F86FF00203012163
:1018D00000203E4AFBF7FCFF83E703460121384620
:1018E0003B4AFBF7F5FF6FF00203DAE7217D2A4858
:1018F00003F05AF80646A8B1034641463846354A31
:10190000FBF7E6FF6DE7034601213046324AFBF75D
:10191000DFFF6FF00503DAE7304AFBF7D9FF6FF01E
:101920000103D4E7616C1C4803F02CF90346E8B9C5
:1019300045B102460146184804F0D8FF034600BBF3
:10194000022363750025C4F8DC5011F0C3FF0128A1
:101950007FF64FAF29460220214A45E7039111F057
:10196000B9FF039940B94FF0FF339AE7414630463B
:101970001C4AFBF7ADFF34E701201B4AFBF7A8FF29
:10198000F1E701210020194AFBF7A2FF002363754C
:1019900027E74FF0FF301EE770A6002074A6002056
:1019A00014AE030894AF030800AB030820AC03088F
:1019B00048AE030878AE0308A8AE030838AB0308A6
:1019C000C4AC03087CAC030884AD0308DCAD030899
:1019D000D0AB0308E4AE030830AD0308F8AC03084D
:1019E0007CAF030814AF030888AB030844AF0308B7
:1019F0000048704770A6002008B583780BB9C178FD
:101A000011B1064B186008BD0846054AFBF760FF98
:101A100040F25D400349FAF72FF800BF70A600209E
:101A2000E4AF03083CB00308014B587D704700BF8A
:101A300070A6002008B5074B1B7D012B08D0022B98
:101A400004D00021044A0846FBF742FF012008BDEC
:101A5000002008BD70A6002080B0030838B5284DCE
:101A600004462B7D012B29D0022B13D00021254ABF
:101A70000846FBF72DFF012C2ED07CB90121204810
:101A800002F092FF60BB01220F232A75EB82002433
:101A9000204638BD0128FAD0002CEFD02346012182
:101AA0000020194AFBF714FF4FF0FF3423460121B1
:101AB0000020164AFBF70CFF204638BD0028E6D070
:101AC0000128EBD102210E4802F06EFF88B90222F4
:101AD00067232A75EB82DAE72B7D002BF2D0D6E75D
:101AE0000346012100200A4AFBF7F2FE6FF00204D0
:101AF000DCE7034601210020064AFBF7E9FEF5E793
:101B000070A6002080B003084CB1030890B1030810
:101B1000C4B0030808B1030810B582B0104801A989
:101B200004F078FA019B044633B90D4802F020FD19
:101B300060B9002002B010BD00200121094AFBF766
:101B4000C7FE074802F014FD0028F2D02346012109
:101B50000020054AFBF7BCFE002002B010BD00BF0C
:101B600070A60020BCB10308F8B1030870B53C4C66
:101B7000A37E012B66D1237D94F8281094F82720AA
:101B8000012B94F826506175A2633CD0022B61D1E1
:101B900094F82330A168B4F9212094F924000B7142
:101BA00094F825308B71A36CB3F91030002B11DB46
:101BB0002C4E3233A6FB03635B09D21AC01A53B210
:101BC0004B8048716B1EDBB2072B0BD90A2D09D055
:101BD000BDB10DE0234E323B86FB03C6DB17C3EBE2
:101BE0006613EAE7012300211020637505F0D0FF9A
:101BF0001B4805F0EBFB1A4805F024FC2846E36877
:101C00009847002070BD94F82330A26894F9210011
:101C100094F922109372A36CB3F91030002B09DBF6
:101C2000104E3233A6FB03635B09C01ACB1A107245
:101C30005372C7E70B4E323B86FB03C6DB17C3EB81
:101C40006613F2E701210020074AFBF741FE6FF01F
:101C5000060070BD0021054A0846FBF739FEF6E78D
:101C600070A600201F85EB5128B203086CB2030850
:101C70002DE9F043A34C0546677D85B0012F70D157
:101C8000636C834264D1D4F8DC30002B5BD0002637
:101C9000013BC4F8DC30062B56D911F01BFE00289E
:101CA0007AD100239748637502F044FC054600286A
:101CB00040D1944802F03EFC0746002840F0AF8037
:101CC0006568002D6ED0A968002900F004812846BF
:101CD0008847002840F0C7808A4805F0FBFA05468F
:101CE000002840F0AA8023685968002900F0DA80B3
:101CF000844805F09FFA002840F0CB802368824892
:101D00009B68D3E9002190476568002840F09C80DB
:101D1000002D00F0998005256075FFF731FB431C0D
:101D2000012B49D9013DF8D1034601210020774A12
:101D3000FBF7CEFD0021764A0846FBF7C9FD304689
:101D400005B0BDE8F0831E46304605B0BDE8F0831F
:101D50000146204602F016FFC0B16FF00506677D10
:101D600001E06FF006062B4603210020694ACDE909
:101D70000067FBF7ADFDD4F8DC3067480233C4F8E8
:101D8000DC30FCF7C7FFD4F8DC3084E7D4F8DC3073
:101D90006564002BD7D07AE7002101205F4AFBF76A
:101DA00097FD7EE711F096FD002895D02946012089
:101DB0005B4AFBF78DFD8FE7002840F0A08051487B
:101DC00002F0D6FB05460028B4D14E4804F054FD7D
:101DD000074630B1034601212846524AFBF778FDF9
:101DE000A8E74FF00108014684F81580FFF7DEFBF5
:101DF000054638B16FF00203414638464A4AFBF7C0
:101E000067FD97E701463F4804F01EFC074698B37C
:101E1000034641462846454AFBF75AFD8AE70346F2
:101E200001212846424AFBF753FD6FF005030121CB
:101E30000020404AFBF74CFD7CE7034601210020CF
:101E40003D4AFBF745FDF0E70346022100203B4AEF
:101E50000095FBF73DFD6FF0020301210020384A99
:101E6000FBF736FD66E7034601213846354AFBF7A6
:101E70002FFD6FF00203DAE7217D224802F094FD86
:101E80008146A8B10346414638462F4AFBF720FD5C
:101E900050E70346012128462C4AFBF719FD6FF055
:101EA0000503DAE72A4AFBF713FD6FF00103D4E7D5
:101EB000616C144802F066FE0546A0B9C4F8DC0067
:101EC00011F008FD01287FF63FAF29460220214A84
:101ED000FBF7FEFC38E7039111F0FCFC039948B9CD
:101EE0004FF0FF33A3E70346414648461A4AFBF743
:101EF000EFFC1FE70120194AFBF7EAFCF0E74FF07F
:101F0000FF3011E770A6002074A6002014AE03086D
:101F100094AF0308B8B2030850A7002000AB030831
:101F200020AC030848AE030878AE0308A8AE030847
:101F300038AB0308C4AC03087CAC030884AD0308C9
:101F4000DCAD0308D0AB0308E4AE030830AD0308F2
:101F5000F8AC03087CAF030814AF030888AB030890
:101F60002DE9F0478B4C82B0A36CD4F83C9094F9E7
:101F70004270B4F84080002B00F00681627D064676
:101F8000012A40F0EC8094F84320002A67D11A78A7
:101F9000012A00F0B280022A71D03546DFF8F8A19C
:101FA0000722FF215046FCF7D1F95AF83C3C524633
:101FB00028465B68A16C9847002840F0E18094F8BF
:101FC0003C2094F94230FF2A2AD094F83D20FF2A81
:101FD00026D094F83E20FF2A22D094F83F20FF2AF2
:101FE0001ED094F9402001321AD0013330D122683A
:101FF0006BB284F842309178D278C1B9C2B1162B55
:1020000084F83E106ADD1622134684F8422040F21E
:102010000471012284F84030A18784F83F2017E042
:102020005A1CE4D022689178D2780029E6D082BB8D
:1020300001220F2B84F83E2041DD0F2384F842302B
:10204000072101220E23A18784F83F2084F8403025
:1020500094F84130FF2B02D1022384F841304E49DD
:10206000A1F13C0002F0A6FB0546002861D12846FC
:102070000021FFF75BFB284602B0BDE8F087B3F90B
:102080001030C31A43D4454A3233A2FB03256D09ED
:1020900084E70F2B10DD0022162B84F83E20B2DCE3
:1020A000112B4FDC40F202310122053384F840301D
:1020B000A18784F83F20CBE7012284F83E200A2B39
:1020C0002DDC03335BB2012213F1110FB8BFEF23F4
:1020D000A28784F83F2084F84030B9E70E2BDFDC7C
:1020E00040F20221012213F1090FA18784F83F2059
:1020F000F1DAF72384F84030AAE7B3F91030B3F5EA
:10210000167F7FF74AAFA3F51673C31ABBD5234AD0
:10211000323B82FB0312DB17C3EB62153EE70F2B4A
:102120008ED00421012284F84030A18784F83F201A
:102130008EE7034601210020194AFBF7C9FB6FF027
:10214000050594E7142B3FF762AF40F203510122DB
:10215000023384F84030A18784F83F2078E76FF09D
:10216000060501923346032100200E4A0095FBF735
:10217000AFFBC4F83C90A4F8408084F8427076E746
:102180006FF00105627DECE740F23A200649F9F76D
:1021900073FC00BF70A60020ACA600201F85EB5189
:1021A00070B3030828B303083CB0030870B5254C8E
:1021B0000146637D258B022B17D0421C18D025F0D9
:1021C000010300221F48238304F090FB014638BB23
:1021D000102005F0DDFC0223637500263046012146
:1021E0002583FFF7A3FA304670BD0028F5D1E6E756
:1021F000012B0ED025F001032046238304F03CFB85
:10220000B8B9204605F0E2F8204605F01BF9012395
:1022100063750026002130462583FFF787FADDE746
:10222000034601210020084AFBF752FB6FF0050628
:10223000D4E7034601210020044AFBF749FB6FF075
:102240000506E7E770A60020ACB3030848AE030814
:102250002DE9F043A34C85B0637D012B64D1D4F804
:10226000DC30002B5BD00025013BC4F8DC30062BB2
:1022700056D911F02FFB00287DD1002399486375B2
:1022800002F058F90646002840D1964802F052F96B
:102290000746002840F0B2806668002E71D0B16811
:1022A000002900F0078130468847002840F0CA80A6
:1022B0008C4805F00FF80646002840F0AD802368F2
:1022C0005968002900F0DD80864804F0B3FF00283B
:1022D00040F0CE80236884489B68D3E90021904772
:1022E0006668002840F09F80002E00F09C80052644
:1022F0006075FFF745F8431C012B4CD9013EF8D11E
:10230000034601210020794AFBF7E2FA0021784ACE
:102310000846FBF7DDFA284605B0BDE8F0831D4608
:10232000284605B0BDE8F083258B204625F0010343
:10233000238304F0A1FA034648B9204605F046F885
:10234000204605F07FF801232583637587E7012187
:102350000020684AFBF7BCFAD4F8DC3004F1E00056
:1023600002332583C4F8DC306FF00505FCF7D2FC9E
:10237000D4F8DC307BE7002101205F4AFBF7A8FAA4
:102380007BE711F0A7FA002892D0314601205B4A82
:10239000FBF79EFA8CE7002840F0A080514802F03D
:1023A000E7F806460028B1D14E4804F065FA074622
:1023B00030B10346012130464E4AFBF789FAA5E7C2
:1023C0004FF00108014684F81580FFF7EFF8064644
:1023D00038B16FF0020341463846494AFBF778FAB4
:1023E00094E701463F4804F02FF9074698B30346A7
:1023F00041463046434AFBF76BFA87E70346012123
:102400003046414AFBF764FA6FF0050301210020D2
:102410003E4AFBF75DFA79E70346012100203C4A7A
:10242000FBF756FAF0E7034602210020394A0096EE
:10243000FBF74EFA6FF0020301210020364AFBF74A
:1024400047FA63E7034601213846344AFBF740FA6E
:102450006FF00203DAE7217D224802F0A5FA8146F7
:10246000A8B10346414638462D4AFBF731FA4DE7FD
:102470000346012130462B4AFBF72AFA6FF0050389
:10248000DAE7294AFBF724FA6FF00103D4E7616C1D
:10249000144802F077FB0646A0B9C4F8DC0011F03E
:1024A00019FA01287FF63CAF314602201F4AFBF79C
:1024B0000FFA35E7039111F00DFA039948B94FF07F
:1024C000FF33A3E7034641464846194AFBF700FAA3
:1024D0001CE70120174AFBF7FBF9F0E74FF0FF304C
:1024E0000EE700BF70A6002074A6002014AE0308FB
:1024F00094AF030848AE030800AB030820AC030800
:1025000078AE0308A8AE030838AB0308C4AC0308D0
:102510007CAC030884AD0308DCAD0308D0AB030832
:10252000E4AE030830AD0308F8AC03087CAF030841
:1025300014AF030888AB03082DE9F04385B008B158
:1025400000296ED16FF001031D469D4C0121002032
:102550009C4AFBF7BDF9D4F8DC309B480233C4F841
:10256000DC30FCF7D7FBD4F8DC30062B03D8284648
:1025700005B0BDE8F08311F0ADF9002869D1002362
:102580008F48637501F0D6FF0646002840D18C487D
:1025900001F0D0FF0746002840F09E806668002EBC
:1025A0005DD0B168002900F0F380304688470028EC
:1025B00040F0B680824804F08DFE0646002840F0C8
:1025C000998023685968002900F0C9807C4804F08C
:1025D00031FE002840F0BA8023687C489B68D3E92C
:1025E000002190476668002840F08B80002E00F0A4
:1025F000888005266075FEF7C3FE431C012B38D981
:10260000013EF8D1034601210020714AFBF760F931
:102610000021704A0846FBF75BF9284605B0BDE883
:10262000F083674C0A460146204602F0A1F80546B1
:1026300058B9D4F8DC3023B91D46284605B0BDE8AA
:10264000F083013BC4F8DC308FE76FF002031D46D6
:102650007CE700210120604AFBF73AF98FE711F08F
:1026600039F90028A6D0314601205C4AFBF730F941
:10267000A0E7002840F0A080514801F079FF06460D
:102680000028C5D14E4804F0F7F8074630B103469C
:1026900001213046524AFBF71BF9B9E74FF0010818
:1026A000014684F81580FEF781FF064638B16FF0C9
:1026B0000203414638464B4AFBF70AF9A8E70146B0
:1026C0003F4803F0C1FF074698B3034641463046F2
:1026D000454AFBF7FDF89BE7034601213046434A94
:1026E000FBF7F6F86FF0050301210020404AFBF7E5
:1026F000EFF88DE70346012100203E4AFBF7E8F89A
:10270000F0E70346022100203B4A0096FBF7E0F881
:102710006FF0020301210020384AFBF7D9F877E770
:10272000034601213846364AFBF7D2F86FF0020320
:10273000DAE7217D224802F037F98146A8B1034645
:10274000414638462F4AFBF7C3F861E703460121AB
:1027500030462D4AFBF7BCF86FF00503DAE72B4A49
:10276000FBF7B6F86FF00103D4E7616C144802F090
:1027700009FA0646A0B9C4F8DC0011F0ABF801284C
:102780007FF6F5AE31460220214AFBF7A1F8EEE6CE
:10279000039111F09FF8039948B94FF0FF33A3E775
:1027A0000346414648461B4AFBF792F830E70120B2
:1027B000194AFBF78DF8F0E74FF0FF3022E700BF32
:1027C00070A60020E0B3030850A7002074A60020E4
:1027D00014AE030894AF030800AB030820AC030851
:1027E00048AE030878AE0308A8AE030838AB030868
:1027F000C4AC03087CAC030884AD0308DCAD03085B
:10280000D0AB0308E4AE030830AD0308F8AC03080E
:102810007CAF030814AF030888AB030810B5104859
:1028200003F062F898B904230D4A117D537501290C
:1028300009D00B4804F0ACFD002420460021FEF72F
:1028400075FF204610BD102005F0A2F9F1E7034600
:1028500001210020034AFBF73BF86FF00504ECE789
:1028600070A6002010B4030838B505460C4611F0D8
:1028700031F8012804D9002102200F4AFBF728F87B
:102880002046FFF76DFB044608B1204638BD2946B7
:102890000A4804F067F930B904230848437504F086
:1028A00077FD204638BD034601212046044AFBF748
:1028B0000FF86FF00504E8E740B4030870A60020A5
:1028C0006CB4030838B505460C4611F003F801282E
:1028D00004D9002102200F4AFAF7FAFF2046FFF739
:1028E0003FFB044608B1204638BD29460A4804F09B
:1028F00023FA30B904230848437504F049FD204603
:1029000038BD034601212046044AFAF7E1FF6FF083
:102910000504E8E7A4B4030870A60020D4B40308B3
:10292000014610B5104803F0C9F898B903230E4AC0
:10293000117D5375012909D00B4804F065FD002471
:1029400020460021FEF7F2FE204610BD102005F0C3
:102950001FF9F1E7034601210020044AFAF7B8FF06
:102960006FF00504ECE700BF70A6002018B503085F
:1029700008B50E4804F0CAFA70B903230B4A117D5A
:102980005375012904D0094804F03EFD002008BD1C
:10299000102005F0FDF8F6E7034601210020044A67
:1029A000FAF796FF6FF0050008BD00BF70A6002083
:1029B0004CB503082DE9F041DFF87C80044682B075
:1029C00040461D460F46164604F01EFDD8F8483016
:1029D000B3F910C0BCF1000F18DB164B0CF1320C30
:1029E000A3FB0C3C4FEA5C1CBC44009533462146DB
:1029F00011480FFA8CF204F073FB054680B90E48BB
:102A000004F020FD284602B0BDE8F081094BACF18E
:102A1000320C83FB0C234FEAEC7CCCEB631CE3E72A
:102A20000095234602210020044AFAF751FF6FF077
:102A30000505E4E71F85EB5170A600208CB503085F
:102A400070B50C46064682B0184804F0DDFC2246FC
:102A50003146164804F0A6FBE0B9144BB4F9002047
:102A60009B6C1349B3F91030002B0CDB3233A1FB04
:102A700003135B090025D31A23800C4804F0E2FC01
:102A8000284602B070BD323B81FB0301DB17C3EB6C
:102A90006113EFE705463346009502210020054A01
:102AA000FAF716FF6FF00505E7E700BF70A60020F4
:102AB0001F85EB51C4B50308F8B54D4D284601F00C
:102AC00039FD0446002858D16E68002E46D0B768FC
:102AD000002F7CD03046B84700286FD1444804F01E
:102AE000F9FB002863D1286BF2F767FB0346002847
:102AF00079D1E86A2B63F2F760FB0446002837D1EE
:102B000001460F223B48EC62A5F8CD40C5F81640BF
:102B100085F8CF40AC606C64AC82FBF717FC0C22EC
:102B200021463548FBF712FC5422214633486C639A
:102B3000FBF70CFC242221463148FBF707FC10F080
:102B4000C9FE012804D9214602202E4AFAF7C0FE08
:102B50000021102005F01CF82046F8BD10F0BAFE48
:102B60000028BBD031460120274AFAF7B1FEB5E76D
:102B700040F671202549F8F77FFF03460121002028
:102B8000234AFAF7A5FE6FF0050423460121002031
:102B9000204AFAF79DFE23461F4A01210020FAF73A
:102BA00097FE0021102004F0F3FF2046F8BD0346F5
:102BB00001210020194AFAF78BFEE4E703460121C0
:102BC0002046174AFAF784FE6FF00204DDE710F0A2
:102BD00081FE10B94FF0FF34D7E739460120114A82
:102BE000FAF776FEF6E740F66C200849F8F744FF5E
:102BF00070A600208AA600204CA70020BCA60020BA
:102C000010A700202CB6030820AC03083CB0030832
:102C100038AB0308C4AC0308F8B503087CAC030860
:102C2000D0AB030888AB03082DE9F04182B000283F
:102C300000F08E800F46002900F08A801646002A98
:102C400000F08680DFF82483054698F8CD3053B134
:102C500010F040FE002840F09F80FFF72DFF044653
:102C6000002840F09280C14801F064FC002840F048
:102C70008980D8F83030002B40F01B820121BC4AFB
:102C80000846F2F7CCF90146C8F83000002800F0F9
:102C90009880D8F82C40002C40F006822146012074
:102CA000B44AF2F7BCF90146C8F82C00002800F03D
:102CB000828002206721C8F80860D8F80060C8E95F
:102CC000035796F8583088F814005A1ED2B2824240
:102CD000A8F8161000F2A581F56D002D62D02146EE
:102CE000326E04E001318D4202F112025AD01078A6
:102CF0009842F7D1002488F815407168C8F8482038
:102D0000002900F09A81994804F094FA002840F0D4
:102D10007F81D8F8003098489B68D3E9002190471C
:102D2000D8F80440002840F0DC800525002C00F095
:102D3000D880FEF725FB431C012B044645D9013DF5
:102D4000F7D12346012100208C4AFAF7C1FD06E0A5
:102D500000218B4A0846FAF7BBFD6FF001042346B9
:102D600001210020874AFAF7B3FDFFF7A5FE2046B0
:102D700002B0BDE8F0816FF0050301212046824AD0
:102D8000FAF7A6FD6FF00504E9E7034601210020EC
:102D90007E4AFAF79DFDE2E7002101207C4AFAF71E
:102DA00097FD5AE74FF0FF34234601210020794A6E
:102DB000FAF78EFDD3E7784AFAF78AFD6FF004043C
:102DC000CDE7764AFAF784FDF8E7002840F08C81D9
:102DD000664801F0CDFB04460028D3D10F23A8F8A4
:102DE0001830FFF735FA0028C5D1D8F84830002B45
:102DF00000F0728198F81520012A40F04C8198F873
:102E00004320002A42D11A7893F90340012A00F0A6
:102E1000EE80022A09D1B3F91030E31A4FF06404AE
:102E200000F1F2803233B3FBF4F45D4D0722FF2151
:102E30002846FBF78BFA55F83C3C2A4620465B684F
:102E4000D8F848109847002840F04B8198F83C206B
:102E500098F94230FF2A24D098F83D20FF2A20D04C
:102E600098F83E20FF2A1CD098F83F20FF2A18D05F
:102E700098F94020013214D0013300F0DA8098F83C
:102E80004130FF2B02D1022388F84130012108464E
:102E9000FEF78CFB0446002800F088806FF00204E7
:102EA0005DE75A1C00F0C580D8F800209178D278F0
:102EB00039B3002A48D00F2B40F386800022162B0E
:102EC00088F83E2022DC112B00F3F88040F202311A
:102ED0000122053388F84030A8F83C1088F83F20DC
:102EE000CDE703460094022100202E4AFAF7F0FCB9
:102EF0006FF002042346012100202B4AFAF7E8FC78
:102F00002DE70AB3162B88F83E100DDD1622134666
:102F100088F8422040F20471012288F84030A8F875
:102F20003C1088F83F20AAE70E2BCCDC40F20221AF
:102F3000012213F1090FA8F83C1088F83F2053DA5A
:102F4000F72388F840309AE701220F2B88F83E20BB
:102F50003DDD0F2388F84230072101220E23A8F817
:102F60003C1088F83F2088F8403088E770A60020A1
:102F700074C9030864C9030874A6002014AE0308CA
:102F80004CB6030858B80308E8B70308D4B60308DA
:102F90008CB60308B8B7030880B7030840B7030826
:102FA000ACA6002084AD0308DCAD03080121504825
:102FB00003F04AFB0546002846D00346012120467F
:102FC0004C4AFAF785FCDDE6012288F83E200A2B00
:102FD00047DC03335BB2012213F1110FB8BFEF23BB
:102FE000A8F83C2088F83F2088F8403047E7B3F93C
:102FF0001030B3F5167F7FF718AFA3F51673E31AF9
:103000004FF064047FF50EAF323B93FBF4F40CE712
:10301000034601212046384AFAF75AFC6FF00504AE
:1030200068E720460121354AFAF752FC6FF00104A7
:10303000BAE663B288F8423036E70846304AFAF713
:1030400047FC6FF0010455E798F81410284801F088
:10305000ABFC034688B1012128462A4AFAF738FC1E
:1030600090E60F2B3FF478AF0421012288F840301E
:10307000A8F83C1088F83F2001E7012388F8CD30FC
:1030800010F028FC01287FF672AE214602201E4A6D
:10309000FAF71EFC6BE66FF00604234601210020C0
:1030A0001A4AFAF715FC5AE640F68B101849F8F759
:1030B000E3FC40F67E101649F8F7DEFC142B3FF7D0
:1030C00029AF40F203510122023388F84030A8F8BA
:1030D0003C1088F83F20D2E640F28B500C49F8F7BC
:1030E000CBFC6FF00104D8E74FF0FF3429E600BFB6
:1030F00070A60020A8AE030830AD030804B303088F
:10310000F8AC0308E4AE030888B8030818B803084D
:103110003CB003084CF250320368934219D0154A70
:10312000934209D0144A934204D14FF22443426897
:103130009A4219D00020704749F27C2342689A4293
:10314000F8D1807AA0F11900B0FA80F0400980002F
:10315000704746F2A81342689A42EBD1837A1A2B41
:103160000CBF032000207047837A092B0CBF052079
:1031700000207047F049020090D00300E8B10168D8
:10318000D9B14368CBB1C268BAB100B540F2053CD1
:10319000FF204FF0010EC3F802C09871A3F80CE0B5
:1031A00055234FF04E0C13708B7882F802C05B42AF
:1031B00083F090035370002000BD6FF00100704752
:1031C000002800F086812DE9F0470768054684B0A5
:1031D000002F00F07B814668002E00F07781C368E5
:1031E000002B00F073810469002C00F06F81B2792C
:1031F000002A00F06B813388002B00F067813B7858
:10320000002B00F08480012B40F05B81FD2A00F24E
:103210005D8120464FF0000E41F2210102EB040CCB
:1032200010F8013B8EEA032313F4004F0CBF5B0040
:1032300081EA43039BB213F4004F0CBF5B0081EAA9
:1032400043039BB213F4004F0CBF5B0081EA4303BE
:103250009BB213F4004F0CBF5B0081EA43039BB2A7
:1032600013F4004F0CBF5B0081EA43039BB213F4DD
:10327000004F0CBF5B0081EA43039BB213F4004F85
:103280000CBF5B0081EA43039BB213F4004F0CBFF9
:103290005B0081EA430384451FFA83FEC0D1531CBF
:1032A000023254FA83F35FFA82F84FEA1E228CF856
:1032B000022083F802E0B2792146A01CED6811F0EB
:1032C00067FA3B781B01DBB223707A7884F80180BF
:1032D00003EBC20323707B78002B40F0A0805523C2
:1032E00000214E202B7003220124BB78A8700846D1
:1032F0005B4208F1020883F090036B70A6F803208C
:10330000717186F80680B48104B0BDE8F087FB2AAD
:1033100000F2DC80032A039340F2C8809046A14665
:103320004FF0FF334245944628BFC4466A4809EB34
:10333000030E71461EF801AF023183EA0A634FEAB9
:10334000430A002BB8BF8AEA000A4FEA4A03BAF1DF
:10335000000FB8BF43404FEA430A002BB8BF8AEAC8
:10336000000A4FEA4A03BAF1000FB8BF43404FEAE0
:10337000430A002BB8BF8AEA000A4FEA4A03BAF1AF
:10338000000FB8BF43404FEA430A002BB8BF8AEA98
:10339000000ABAF1000F4FEA4A03A1EB0901B8BFD6
:1033A00043408C45C5D8424525D24B495800002B97
:1033B000B8BF484043000028B8BF4B405800002B1E
:1033C000B8BF484043000028B8BF4B405800002B0E
:1033D000B8BF484043000028B8BF4B405800002BFE
:1033E000B8BF484000284FEA40030CF1010CB8BFB9
:1033F0004B40E045DAD1DB43A018D11C4FEA136CF7
:10340000C9B280F802C004324FEA134C04F801C07C
:103410005FFA82F86218190A017193704BE740F263
:10342000FF12013404EB080182EA5210400100F45B
:10343000F07040EA121080EA5012520102F4F07269
:1034400042EA1012530823F00F0343EA5013D8B294
:103450004FEA400CC3F3C01343EAC0130CF0100C46
:1034600043EA0C034FEAC00C0CF0200C43EA0C03B7
:103470004FEA401C0CF0400C43EA0C034FEA501C8E
:103480000CF0020C43EA0C034FEAD00C0CF0040CD5
:10349000400843EA0C0300F0080014F801CF03438E
:1034A00083EA0C03A1422370BED118E7214603A88A
:1034B00001924FF00408FAF715FF0DF10C09019A7B
:1034C0002EE74FF0FF3004B0BDE8F0876FF0010049
:1034D0001AE76FF001007047B71DC10470B50D46C3
:1034E0000646FEF785FA90F859300446AB4210D0F4
:1034F0002B4632460121204601F02EFC88B92A468F
:10350000314684F8595004F15100FAF7EBFE0020DF
:1035100070BD2A4631465130FAF748FF0028E7D1FE
:10352000F5E76FF0050301210020034AFAF7D0F90F
:103530006FF0050070BD00BFE0B8030808B540F2A9
:10354000FF13984201D1002008BD40F2FD1001494F
:10355000F8F792FA08B9030870B5044684B0FEF78C
:1035600047FA6268A37A0292627A21688DF80C2089
:10357000DA1F019100F16806132A0CD8DFE802F087
:103580001A0B0B0B0B0B0B0B0B0B0B0B0B0B0B0B7C
:103590000B0B0A1C0A2301A98DF80D3002F0B4F8B8
:1035A000054658B930460C222146FAF79BFE2846BC
:1035B00004B070BD1723EEE70B23ECE700206FF09B
:1035C00005030121024AFAF783F96FF00500EFE7DE
:1035D00050B9030870B5044684B0FEF709FAD4F870
:1035E00002302288CDF80630237BADF804208DF818
:1035F0000B30A279637B8DF80A208DF80C3004AB78
:1036000013E90E0000F1740603F0BAF940B905465B
:10361000102230462146FAF765FE284604B070BDF8
:1036200000206FF005030121024AFAF751F96FF00B
:103630000500F3E780B9030800283BD0002937D004
:103640000B880022012B98BF002330B584BF03F103
:10365000FF33DB0087B088BF9BB28C78ADF80030B9
:10366000CB788D7991F804E0DB0064F3070291F8E0
:1036700005C08DF8065063F30F220D7BB0F80930BA
:10368000497B6EF317428DF80810ADF814306CF3D7
:103690001F62D0E900136846039103A98DF8075013
:1036A000CDF802200493FDF73FFE023007B030BD95
:1036B00008467047704700BF0048704784C9030838
:1036C00070B582B0D8B10646032400250120F9F771
:1036D0000BF833680DF107011869F9F783FB60B93E
:1036E0009DF807304BB10546013CEFD1012D94BF49
:1036F00001209DF8070002B070BD0135F4E74FF4DA
:103700007A700149F8F7B8F9ACB9030810B582B07E
:1037100068460C46FBF7FEFA002C46D0A368002B47
:103720003ED094F8D0205ABBF8F7F2F92368186914
:10373000F9F7DCFD70B1F8F721FA0423012100202C
:103740001C4AFAF7C5F894F8CF30A3B92369984713
:1037500002B010BD03460246014620680069F9F731
:1037600091FC0028E7D184F8CE00F8F707FA94F826
:10377000CF30002BEAD0E06AF1F7E2FC02B010BDD6
:103780000C339DE8030083E8030023680022597D81
:103790001869F9F703FE002384F8D03002B010BD99
:1037A00040F226400449F8F767F940F22540024903
:1037B000F8F762F9F4B90308ACB903082DE9F04F42
:1037C00093B0002800F0E88143680446002B00F025
:1037D000DE811B68002B00F0D581002690F8CE70AA
:1037E000CDE90A66CDE90C66F8F792F92368186905
:1037F000F9F77CFD054648B3F8F7C0F96663002F7A
:1038000000F0958004250127F8F782F9236884F8F1
:10381000D0701869042123467C4AF9F733FC064628
:10382000002840F0A380236884F8CE700246197DFA
:103830001869F9F7B3FD002870D0034639463046C1
:10384000734AFAF745F8F8F799F963E023682A46CE
:10385000186929462B46F9F715FC002861D184F830
:10386000CE00F8F78BF9637D022B62D0002B3FD19D
:10387000636B002B3CD12368DA6853681269556981
:10388000644A02FB0535B5FBF3F52846F8F72CFF33
:1038900023686068D968FDF785FB002834D1B5F549
:1038A0002F7FC0F0A180102322686068D1680EAD20
:1038B000009306682B460AAAB04728BB23686068B5
:1038C000D968FDF723FCF8B99DF83860012E56D071
:1038D000022E68D029460025102206A8FAF702FD1C
:1038E0006563002F67D10025284613B0BDE8F08F2F
:1038F0000EAD102322686068D168009306682B46DD
:103900000AAAB0470028DFD0002305256363002FF3
:103910007FF479AF284613B0BDE8F08FF8F72EF9A1
:10392000F8E7F8F72BF96563002F7FF46BAF0425F8
:10393000F0E7666B002EDBD14FF003080EAD0120DF
:10394000F8F7D2FE236829461869F9F74BFA10B93F
:103950009DF838306BBB0136B8F10108EFD1012E6C
:1039600089D99DF83830002BC3D084E733463946D7
:103970000020294AF9F7ACFFF8F700F9CAE7BDF8CB
:1039800039B0BBF10D0F08D9BBF1100F31D90023AD
:1039900009256363002FBDD035E75B463146002023
:1039A0001E4AF9F795FF002308256363002FB1D065
:1039B00029E70646D0E70127F8F7AAF8236884F834
:1039C000D070186904212346104AF9F75BFB0646BC
:1039D000002800F0E6803346394628460E4AF9F7BB
:1039E00077FFF8F7CBF8A2E7C5F52F70F8F77CFE64
:1039F00059E70D220DF13B0106A8FAF773FC4FF0D1
:103A0000100A66630DF125080D264FE00D370208F8
:103A10009CBA030840420F0068BA030824BA03089E
:103A2000002B69D1636B002B66D12368DB681969B1
:103A30005A684B696E4901FB0329B9FBF2F9484604
:103A4000F8F752FE23686068D968FDF7ABFA0028E2
:103A50005ED1B9F52F7FC0F08E8023680AAAD9689D
:103A6000CDF800A060682B46D0F80090C847002829
:103A70004ED123686068D968FDF748FB002847D11C
:103A80009DF83830022B7BD1ABEB0609B9F10F0F53
:103A900028BF4FF00F0940464A460DF139014E4408
:103AA000FAF720FCB345C84440F29380637D022BB3
:103AB000B6D1636B03BB9946032303954D469946E4
:103AC0000120F8F711FE22680DF117011069F9F7CE
:103AD00089F900284DD19DF81720002A49D00546C4
:103AE000B9F10109ECD1A946B9F1010F039D9CD9A7
:103AF0009DF81730002B98D123680AAAD968CDF811
:103B000000A060682B46D0F80090C8470028B7D0C6
:103B1000052500236363002F3FF4FCAE4FF001083E
:103B2000F7F7F6FF236884F8D0801869042123464C
:103B3000304AF9F7A7FA074678B9236884F8CE80A7
:103B40000246197D1869F9F729FC0346B0BBF8F75E
:103B500015F8002D3FF4C7AEDCE6034641460020D1
:103B6000254AF9F7B5FEF8F709F8002D3FF4DFAE66
:103B7000D0E60135B4E7C9F52F70F8F7B5FD6CE76D
:103B80000825C6E740F2DF101C49F7F775FF4FF430
:103B9000EF701A49F7F770FF40F2DD101749F7F799
:103BA0006BFF236884F8CE700246197D1869F9F717
:103BB000F5FB034698B9F7F7E1FF94E6414638462E
:103BC0000F4AF9F785FEF7F7D9FF002D3FF4AFAEA6
:103BD000A0E600256563002F3FF485AE9EE73946D9
:103BE0003046074AF9F774FEF7F7C8FF9FE600BFB3
:103BF00040420F000D37020868BA0308ACB9030849
:103C00009CBA03082DE9F04F8FB0002800F0B18175
:103C10001E4643680446002B00F0A6811B68002B5B
:103C200000F09D8100230D469146CDE90633CDE994
:103C3000083390F8CE7000294ED0002A4ED00EB135
:103C400000233360F7F764FF23681869F9F74EFB28
:103C5000034600284AD12268194610691A46F9F726
:103C600011FA002842D184F8CE00F7F787FF637D70
:103C7000022B66D0002B66D1636B002B63D12368C7
:103C80006C49DB6818695A68436901FB0328B8FB73
:103C9000F2F84046F8F728FD23686068D968FDF718
:103CA00081F9B8B9B8F52F7FC0F04281102322689E
:103CB0000DF12808D168009360684346D0F800A051
:103CC00006AAD04730B923686068D968FDF71EFAA4
:103CD000002846D0052502E0002AB0D002250026A3
:103CE000666357B928460FB0BDE8F08F0026F7F796
:103CF00045FF04256663002FF4D04FF00108F7F765
:103D000007FF236884F8D0801869042123464A4AB3
:103D1000F9F7B8F90746002839D1236884F8CE802E
:103D20000246197D1869F9F739FB002837D1044696
:103D3000002D08BF2546F7F721FF28460FB0BDE844
:103D4000F08F636B93B30DF1280810232268D168BC
:103D5000009360684346D0F800A006AAD047002828
:103D6000B8D19DF82810012946D002293CD065B170
:103D7000B9F1100F28BF4FF01009414628464A46B6
:103D8000FAF7B0FA0EB1C6F800900025A7E703468F
:103D900041463046294AF9F79BFD0424C8E703460B
:103DA00041463846264AF9F793FDF6E79A464FF022
:103DB000030B0DF128080120F8F796FC2368414613
:103DC0001869F9F70FF8A0B99DF828308BB1824631
:103DD000BBF1010BEFD1BAF1010F7FF650AF9DF8A7
:103DE0002830002BB1D04AE70EB1002333600825FC
:103DF00075E70AF1010AEBE7BDF829300D2B40F217
:103E00009C805DB1994501D2092568E70D222846BD
:103E10000DF12B010293FAF765FA029B01224FF094
:103E20000D09CDE90276626347462E46984605EBBA
:103E3000090A49E040420F000D37020868BA03083A
:103E40009CBA0308002B5DD1636B002B5AD1236809
:103E5000DB681A695B685569484A02FB0535B5FBA2
:103E6000F3F52846F8F740FC23686068D968FDF749
:103E700099F8002851D1B5F52F7F63D3236806AA9E
:103E8000D9681023009360683B460568A84700285E
:103E900043D123686068D968FDF738F900283CD120
:103EA0009DF82830022B56D1A8EB09050F2D28BF0D
:103EB0000F252EB12A4650460DF12901FAF712FAC4
:103EC000A944C845AA4442D9637D022BBAD1656B87
:103ED000C5B94FF0030B0120F8F706FC23680DF17C
:103EE00017011869F8F77EFF00BB9DF81730EBB19A
:103EF0000546BBF1010BEED1012DA8D99DF8173075
:103F0000002BA4D1236806AAD96810230093606807
:103F10003B460568A8470028C2D0DDE902760525A2
:103F2000002E3FF4DCAEC6F80090D8E60135E0E79D
:103F3000C8F52F70F8F7D8FBB8E60020104AF9F75B
:103F4000C7FC54E7C5F52F70F8F7CEFB96E70025C0
:103F5000DDE90276E4E70825DDE90276E0E740F2F4
:103F6000DF100849F7F788FD4FF4EF700549F7F7C0
:103F700083FD40F2DD100349F7F77EFD40420F005C
:103F800024BA0308ACB903082DE9F04F8FB000281C
:103F900000F0BC8243680446002B00F0C1821B681D
:103FA000002B00F0B8820E4690F8CE7009B115468D
:103FB0003AB902260025656397B930460FB0BDE8CF
:103FC000F08FF7F7A5FD23681869F9F78FF9034615
:103FD00040B30025F7F7D2FD04266563002FECD02F
:103FE0004FF00108F7F794FD236884F8D080186932
:103FF00004212346A14AF9F745F8074648BB236840
:1040000084F8CE800246197D1869F9F7C7F940BBDC
:104010000446002E08BF2646F7F7B0FD30460FB025
:10402000BDE8F08F2268194610691A46F9F72AF898
:1040300080460028CDD184F8CE00F7F79FFD102DE3
:1040400000F09B8140F25681B5F5803F10D30626E3
:10405000B0E7034641462846894AF9F739FC04246B
:10406000D7E7034641463846864AF9F731FCF6E77A
:1040700001230D2231460DF11B008DF81830ADF8EB
:104080001950FAF72FF9637D022B00F0EA81002B1B
:1040900040F00782636B002B40F0038223687A496B
:1040A000DB6818695A68436901FB0328B8FBF2F81A
:1040B0004046F8F719FB23686068D968FCF772FF7F
:1040C000002840F0A680B8F52F7FC0F01A82102398
:1040D00022686068D1680DF1180A009352460023E7
:1040E000D0F80080C047002840F0938023686068C3
:1040F000D968FDF70BF8002840F08B80012363633B
:1041000002234FF0100B0D360D3D8DF8183048E0AE
:104110000DF12809042200214846FAF717F9514603
:1041200048466A1CFAF7DEF8637D022B00F0AE8089
:10413000002B40F0D180636B002B40F0CD802368D2
:10414000DB6819695A684B694F4901FB0323B3FBCC
:10415000F2F318460293F8F7C7FA22686068D1684C
:10416000FCF720FF029B002853D1B3F52F7FC0F04E
:10417000B481102321684A46C9680093606800230F
:10418000D0F80090C847002843D123686068D968F8
:10419000FCF7BCFF00283CD1B5EB0805464400F015
:1041A000EA800F2DA84628BF4FF00F08314642463F
:1041B0000DF11900FAF796F80E2DA9D9637D022B9F
:1041C00029D0002B4CD1636B002B49D12368DB68CD
:1041D00019695A684B692C4901FB0329B9FBF2F9AB
:1041E0004846F8F781FA23686068D968FCF7DAFE78
:1041F00078B9B9F52F7FC0F0758110232268D16896
:104200000093606800235246D0F80090C847002809
:10421000BBD00526CEE6636B13BB0322CDE9026556
:104220001D4616460DF128090120F8F75DFA2168B0
:1042300008694946F8F7D6FD002840F042819DF80C
:104240002810002900F03D810546013EECD12B46A7
:10425000012B029E039DB9D99DF82830002BB5D1C2
:1042600023685246D968CDF800B060680023D0F8C2
:104270000090C84700288FD0CBE700BF0D37020859
:1042800068BA03089CBA030840420F00636B1BBB6B
:104290000322CDE902651D4616460120F8F724FAEF
:1042A000216808690DF11701F8F79CFD002840F01E
:1042B0000A819DF81710002900F005810546013E8E
:1042C000EBD12B46012B029E039D7FF638AF9DF864
:1042D0001730002B7FF433AF23684A46D968CDF8F6
:1042E00000B060680023D0F80090C84700283FF471
:1042F00053AF8EE741460DF1280804224046FAF7F5
:1043000025F82A4631464046F9F7ECFF637D022B3B
:104310005AD0002B74D1636B002B71D12368DA68FB
:10432000536812695569814A02FB0535B5FBF3F5FF
:104330002846F8F7D9F923686068D968FCF732FE97
:1043400000287FF466AFB5F52F7FC0F0D0802268DB
:104350001023D16842466068009305680023A8478F
:1043600000287FF456AFD4E90030D968FCF7CEFEC0
:1043700000287FF44EAF00261CE6637D022B4BD055
:10438000002B68D1636B002B65D12368DA68536812
:1043900012695569654A02FB0535B5FBF3F52846F8
:1043A000F8F7A2F923686068D968FCF7FBFD0028DC
:1043B0007FF42FAFB5F52F7FC0F09E8022681023C9
:1043C000D16860683246C7E7656BCDB903260DF149
:1043D000180A0120F8F788F9236851461869F8F798
:1043E00001FD002871D19DF81830002B6DD00546D5
:1043F000013EEED1012D91D99DF81830002B8DD1C1
:1044000022681023D1684246606800930568002343
:10441000A8470028AFD0FCE6636BE3B94FF0000972
:1044200003250DF128080120F8F75EF923684146BD
:104430001869F8F7D7FC002849D19DF82830002BDF
:1044400045D08146013DEED1B9F1010F9DD99DF8CE
:104450002830002B99D122681023D1686068324639
:10446000D3E7636BEBB999464FF0030A0DF12808C7
:104470000120F8F739F9236841461869F8F7B2FCCA
:1044800040BB9DF828302BB38146BAF1010AEFD129
:10449000B9F1010F7FF602AE9DF82830002B7FF4B2
:1044A000FDAD102322686068D1680DF1180A0093F1
:1044B00052460023D0F80080C04700283FF41EAECB
:1044C000A7E60135C1E60135F9E6013590E709F1C6
:1044D0000109B7E709F10109D7E7C3F52F70F8F72C
:1044E00003F946E6C9F52F70F8F7FEF885E6C5F53D
:1044F0002F70F8F7F9F82AE7C5F52F70F8F7F4F8F8
:104500005CE7C8F52F70F8F7EFF8E0E540F24510EA
:104510000749F7F7B1FA40F247100549F7F7ACFA47
:104520004FF4A3700249F7F7A7FA00BF40420F000B
:10453000ACB9030838B50446F7F7EAFA23681869F6
:10454000F8F7D4FE20B10425F7F718FB284638BD4C
:1045500025680346024601462869F8F793FD0028BE
:10456000F1D1054684F8CE00F7F708FB284638BDA0
:1045700070B504460126F7F7CBFA236884F8D060BB
:10458000186904212346124AF8F77CFD054668B9EC
:10459000236884F8CE600246197D1869F8F7FEFE9C
:1045A00078B90446F7F7EAFA204670BD034631466B
:1045B0000020084AF9F78CF90424F7F7DFFA2046BF
:1045C00070BD034631462846034AF9F781F9F3E7FF
:1045D0000D37020868BA03089CBA030830B583B0E7
:1045E00050B10446036863B102211869F8F76CFB07
:1045F00060B1032003B030BD5A4940F24F60F7F775
:104600003BFA58494FF4CA60F7F736FA236800219D
:104610001869F8F749FA08B10320EBE7236800218D
:104620001869F8F7B1F908B10320E3E74B20F8F770
:104630005BF823680DF107011869F8F7D3FB002830
:1046400040F08B809DF807303BB923680121186941
:10465000F8F73AFB40B10320CCE7434A0021084673
:10466000F9F736F90420C5E74B20F8F73DF8236841
:104670000DF107011869F8F7B5FB00286FD1002587
:1046800020E0F0F7DDFA002840D10120F8F758F8D3
:104690000135236800211869F8F706FA002846D189
:1046A000236800211869F8F76FF9002841D14B20E1
:1046B000F8F71AF823680DF107011869F8F792FB6B
:1046C000002838D19DF80730002B36D0C72D26D8CA
:1046D000236800211869F8F7D9FB10BB2368012172
:1046E0001869F8F76BFAF0B9236801211869F8F72F
:1046F0004BF9D0B9EFF3058363B9EFF31083002BC7
:10470000BFD1EFF31183002BBFD0BAE7F0F798FACF
:104710000128BAD04FF47A70F7F7E6FFB8E7012026
:104720000CE003200AE0032008E0032006E0032059
:1047300004E0032002E0032000E0012001287FF4D0
:1047400059AF9DF8070000283FF454AF074A0021F5
:104750000846F9F7BDF804204CE703204AE7032098
:1047600048E700BFACB90308CCBA030810BB030884
:10477000036870B51D6D8DB1FF2A144613D815233B
:104780000646A5F80120E81C2B70F9F7ABFD294679
:104790003046E21CBDE87040FFF7F6BB40F24470C3
:1047A0000349F7F769F940F245700149F7F764F9F1
:1047B000ACB9030800230D222DE9F041044688B06E
:1047C000CDE906338DF810204B780A788DF8123039
:1047D0008DF81120CB788A7808798DF813208DF820
:1047E00014304A798B798DF815008DF816208DF8E4
:1047F0001730002C00F0BF806368002B00F0C580EC
:104800001B68002B00F0BC8094F8CE70F7F780F99D
:1048100023681869F8F76AFD50B1F7F7AFF9042576
:1048200000266663002F45D1284608B0BDE8F08118
:1048300003462268194610691A46F8F723FC002837
:10484000EBD184F8CE00F7F799F9637D022B55D0B0
:10485000002B6CD1636B002B69D12368DB681A696C
:104860005B6855694B4A02FB0535B5FBF3F52846F5
:10487000F7F73AFFD4E90030D968FCF793FBA0B909
:10488000B5F52F7F72D3D4E900301025D968009593
:104890000DEB050200230568A84730B9D4E90030C4
:1048A000D968FCF733FC00284DD000260525666347
:1048B000002FB9D04FF00108F7F72AF9236884F8E0
:1048C000D080186904212346334AF8F7DBFB0746FA
:1048D00000283AD1236884F8CE800246197D1869F1
:1048E000F8F75CFD002838D10446002D08BF2546A6
:1048F000F7F744F9284608B0BDE8F081656BB5B913
:1049000003260120F7F7F0FE23680DF10F01186967
:10491000F8F768FA10B99DF80F302BBB0135013E4E
:10492000EFD1012D99D99DF80F30002B95D1D4E905
:1049300000301025D96800950DEB050200230568AD
:10494000A8470028B1D100256AE703464146304612
:10495000124AF8F7BDFF0424C7E70346414638462C
:104960000F4AF8F7B5FFF6E70546D8E7C5F52F700B
:10497000F7F7BAFE87E740F245100A49F7F77CF8E7
:1049800040F247100749F7F777F84FF4A37005494D
:10499000F7F772F840420F000D37020868BA0308B3
:1049A0009CBA0308ACB9030800230B222DE9F0419F
:1049B00088B0CDF81230CDF81630CDF81A308DF819
:1049C00010208DF81110ADF81E30002800F0C080C6
:1049D00043680446002B00F0C5801B68002B00F0E4
:1049E000BC8090F8CE70F7F793F823681869F8F751
:1049F0007DFC50B1F7F7C2F8042500266663002F4E
:104A000045D1284608B0BDE8F08103462268194622
:104A100010691A46F8F736FB0028EBD184F8CE006F
:104A2000F7F7ACF8637D022B55D0002B6CD1636B8C
:104A3000002B69D12368DB681A695B6855694C4AA9
:104A400002FB0535B5FBF3F52846F7F74DFED4E933
:104A50000030D968FCF7A6FAA0B9B5F52F7F72D35C
:104A6000D4E900301025D96800950DEB050200232C
:104A70000568A84730B9D4E90030D968FCF746FB8F
:104A800000284DD0002605256663002FB9D04FF0D1
:104A90000108F7F73DF8236884F8D08018690421ED
:104AA0002346344AF8F7EEFA074600283AD123683D
:104AB00084F8CE800246197D1869F8F76FFC00284B
:104AC00038D10446002D08BF2546F7F757F8284689
:104AD00008B0BDE8F081656BB5B903260120F7F792
:104AE00003FE23680DF10F011869F8F77BF910B97F
:104AF0009DF80F302BBB0135013EEFD1012D99D927
:104B00009DF80F30002B95D1D4E900301025D968DD
:104B100000950DEB050200230568A8470028B1D1D8
:104B200000256AE7034641463046134AF8F7D0FEAF
:104B30000424C7E7034641463846104AF8F7C8FE42
:104B4000F6E70546D8E7C5F52F70F7F7CDFD87E7FF
:104B500040F245100A49F6F78FFF40F24710084926
:104B6000F6F78AFF4FF4A3700549F6F785FF00BFFB
:104B700040420F000D37020868BA03089CBA0308C8
:104B8000ACB9030800230C222DE9F04188B0CDF820
:104B90001930CDF8153007938DF81020CDF811108D
:104BA000002800F0C08043680446002B00F0C58058
:104BB0001B68002B00F0BC8090F8CE70F6F7A8FFC1
:104BC00023681869F8F792FB50B1F6F7D7FF042570
:104BD00000266663002F45D1284608B0BDE8F08165
:104BE00003462268194610691A46F8F74BFA00285E
:104BF000EBD184F8CE00F6F7C1FF637D022B55D0D0
:104C0000002B6CD1636B002B69D12368DB681A69B8
:104C10005B6855694B4A02FB0535B5FBF3F5284641
:104C2000F7F762FDD4E90030D968FCF7BBF9A0B909
:104C3000B5F52F7F72D3D4E900301025D9680095DF
:104C40000DEB050200230568A84730B9D4E9003010
:104C5000D968FCF75BFA00284DD00026052566636D
:104C6000002FB9D04FF00108F6F752FF236884F8FF
:104C7000D080186904212346334AF8F703FA07461F
:104C800000283AD1236884F8CE800246197D18693D
:104C9000F8F784FB002838D10446002D08BF2546CC
:104CA000F6F76CFF284608B0BDE8F081656BB5B932
:104CB00003260120F7F718FD23680DF10F0118698D
:104CC000F8F790F810B99DF80F302BBB0135013E75
:104CD000EFD1012D99D99DF80F30002B95D1D4E952
:104CE00000301025D96800950DEB050200230568FA
:104CF000A8470028B1D100256AE70346414630465F
:104D0000124AF8F7E5FD0424C7E703464146384652
:104D10000F4AF8F7DDFDF6E70546D8E7C5F52F7031
:104D2000F7F7E2FC87E740F245100A49F6F7A4FEE0
:104D300040F247100749F6F79FFE4FF4A37005496C
:104D4000F6F79AFE40420F000D37020868BA0308D2
:104D50009CBA0308ACB903088C462DE9F0414FF02A
:104D6000000E0E2488B0BCF1010F8DF810401146E2
:104D70000446CDF812E0CDF816E0CDF81AE0ADF813
:104D80001EE08DF811C000F0B480BCF1020F04D019
:104D90000225284608B0BDE8F081022B40F0DD80F6
:104DA0001388ADF81230002C00F0C3806368002B2C
:104DB00000F0C4801B68002B00F0C58094F8CE7012
:104DC000F6F7A6FE23681869F8F790FA002866D16E
:104DD00003462268194610691A46F8F753F9002865
:104DE0005DD184F8CE00F6F7C9FE637D022B2ED08C
:104DF000002B46D1636B002B43D12368DB681A6913
:104E00005B685569574A02FB0535B5FBF3F5284643
:104E1000F7F76AFCD4E90030D968FCF7C3F800283A
:104E20003BD1B5F52F7F78D3D4E900301025D96870
:104E300000950DEB050200230568A84768BBD4E97F
:104E40000030D968FCF762F938BB00252AE0656BB1
:104E5000BDB903260120F7F747FC23680DF10F01C8
:104E60001869F7F7BFFF18B99DF80F30002B52D122
:104E70000135013EEED1012DBFD99DF80F30002B39
:104E8000BBD1D4E900301025D96800950DEB05029F
:104E900000230568A8470028D7D0052502E0F6F7CB
:104EA0006DFE042500266663002F3FF472AF4FF0BD
:104EB0000108F6F72DFE236884F8D08018690421D4
:104EC0002346294AF8F7DEF80746E0B9236884F854
:104ED000CE800246197D1869F8F760FA10BB0446C7
:104EE000002D08BF2546F6F749FE284608B0BDE864
:104EF000F081082B2CD81A460DF112008DF81A30CB
:104F0000F9F7F0F94FE7034641463046174AF8F7FC
:104F1000DFFC0424E4E70546ABE7C5F52F70F7F79F
:104F2000E3FB81E7034641463846114AF8F7D0FCD7
:104F3000EFE740F245100F49F6F79EFD4FF4A370DE
:104F40000C49F6F799FD40F247100A49F6F794FD2F
:104F500040F6D6000749F6F78FFD40F6DC0005491C
:104F6000F6F78AFD40420F000D37020868BA0308C1
:104F70009CBA0308ACB9030800230F222DE9F041C5
:104F800088B0CDF81230CDF81630CDF81A308DF843
:104F900010208DF81110ADF81E30002800F0C080F0
:104FA00043680446002B00F0C5801B68002B00F00E
:104FB000BC8090F8CE70F6F7ABFD23681869F8F75F
:104FC00095F950B1F6F7DAFD042500266663002F47
:104FD00045D1284608B0BDE8F0810346226819464D
:104FE00010691A46F8F74EF80028EBD184F8CE0085
:104FF000F6F7C4FD637D022B55D0002B6CD1636B9B
:10500000002B69D12368DB681A695B6855694C4AD3
:1050100002FB0535B5FBF3F52846F7F765FBD4E948
:105020000030D968FBF7BEFFA0B9B5F52F7F72D36A
:10503000D4E900301025D96800950DEB0502002356
:105040000568A84730B9D4E90030D968FCF75EF8A4
:1050500000284DD0002605256663002FB9D04FF0FB
:105060000108F6F755FD236884F8D08018690421FB
:105070002346344AF8F706F8074600283AD1236851
:1050800084F8CE800246197D1869F8F787F9002860
:1050900038D10446002D08BF2546F6F76FFD284697
:1050A00008B0BDE8F081656BB5B903260120F7F7BC
:1050B0001BFB23680DF10F011869F7F793FE10B978
:1050C0009DF80F302BBB0135013EEFD1012D99D951
:1050D0009DF80F30002B95D1D4E900301025D96808
:1050E00000950DEB050200230568A8470028B1D103
:1050F00000256AE7034641463046134AF8F7E8FBC5
:105100000424C7E7034641463846104AF8F7E0FB57
:10511000F6E70546D8E7C5F52F70F7F7E5FA87E714
:1051200040F245100A49F6F7A7FC40F2471008493B
:10513000F6F7A2FC4FF4A3700549F6F79DFC00BFFB
:1051400040420F000D37020868BA03089CBA0308F2
:10515000ACB90308002310222DE9F04188B0CDE955
:1051600005338DF8102007930A888B78ADF811204D
:105170008DF81330002800F0C08043680446002BEF
:1051800000F0C5801B68002B00F0BC8090F8CE704A
:10519000F6F7BEFC23681869F8F7A8F850B1F6F7DF
:1051A000EDFC042500266663002F45D1284608B093
:1051B000BDE8F08103462268194610691A46F7F7E0
:1051C00061FF0028EBD184F8CE00F6F7D7FC637DB1
:1051D000022B55D0002B6CD1636B002B69D1236857
:1051E000DB681A695B6855694B4A02FB0535B5FBFC
:1051F000F3F52846F7F778FAD4E90030D968FBF7D9
:10520000D1FEA0B9B5F52F7F72D3D4E900301025B7
:10521000D96800950DEB050200230568A84730B951
:10522000D4E90030D968FBF771FF00284DD0002683
:1052300005256663002FB9D04FF00108F6F768FC2A
:10524000236884F8D080186904212346334AF7F78D
:1052500019FF074600283AD1236884F8CE80024619
:10526000197D1869F8F79AF8002838D10446002DFE
:1052700008BF2546F6F782FC284608B0BDE8F08155
:10528000656BB5B903260120F7F72EFA23680DF1F7
:105290000F011869F7F7A6FD10B99DF80F302BBB69
:1052A0000135013EEFD1012D99D99DF80F30002B2A
:1052B00095D1D4E900301025D96800950DEB050291
:1052C00000230568A8470028B1D100256AE70346F6
:1052D00041463046124AF8F7FBFA0424C7E7034672
:1052E000414638460F4AF8F7F3FAF6E70546D8E79D
:1052F000C5F52F70F7F7F8F987E740F245100A492E
:10530000F6F7BAFB40F247100749F6F7B5FB4FF442
:10531000A3700549F6F7B0FB40420F000D370208B5
:1053200068BA03089CBA0308ACB903082DE9F04138
:10533000002311258AB00DF1080C8CE80600BCF89A
:1053400004200446ADF81D208DF827308DF8185044
:10535000CDF81F30CDF82330CDF81910002800F01B
:10536000BD804368002B00F0C3801B68002B00F059
:10537000BA8090F8CE70F6F7CBFB23681869F7F780
:10538000B5FF50B1F6F7FAFB042500266663002F3F
:1053900044D128460AB0BDE8F08103462268194688
:1053A00010691A46F7F76EFE0028EBD184F8CE009C
:1053B000F6F7E4FB637D022B54D0002B6BD1636BBB
:1053C000002B68D12368DB681A695B6855694B4A12
:1053D00002FB0535B5FBF3F52846F7F785F9D4E967
:1053E0000030D968FBF7DEFD98B9B5F52F7F70D393
:1053F000D4E900301025D96800950023056806AA75
:10540000A84730B9D4E90030D968FBF77FFE0028FF
:105410004CD0002605256663002FBAD04FF0010856
:10542000F6F776FB236884F8D080186904212346B8
:10543000334AF7F727FE0746002839D1236884F856
:10544000CE800246197D1869F7F7A8FF002837D1EA
:105450000446002D08BF2546F6F790FB28460AB003
:10546000BDE8F081656BB5B903260120F7F73CF97B
:1054700023680DF117011869F7F7B4FC10B99DF80E
:10548000173023BB0135013EEFD1012D9AD99DF88C
:105490001730002B96D1D4E900301025D96800953B
:1054A0000023056806AAA8470028B2D100256CE7AA
:1054B000034641463046134AF8F70AFA0424C8E77F
:1054C000034641463846104AF8F702FAF6E7054621
:1054D000D9E7C5F52F70F7F707F989E740F24510CE
:1054E0000A49F6F7C9FA40F247100849F6F7C4FA34
:1054F0004FF4A3700549F6F7BFFA00BF40420F0012
:105500000D37020868BA03089CBA0308ACB903084F
:10551000002312222DE9F04188B0CDF8193007930D
:10552000CB7804468DF810202BB1012B03D0102B23
:1055300014BFFF2302234A7888788DF811308DF844
:1055400012200B784A688DF8130005928DF81830F8
:10555000002C00F0C9806368002B00F0C0801B683D
:10556000002B00F0B78094F8CE70F6F7D1FA2368DC
:105570001869F7F7BBFE50B1F6F700FB04250026CB
:105580006663002F45D1284608B0BDE8F081034688
:105590002268194610691A46F7F774FD0028EBD106
:1055A00084F8CE00F6F7EAFA637D022B55D0002B83
:1055B0006CD1636B002B69D12368DB681A695B6867
:1055C00055694C4A02FB0535B5FBF3F52846F7F75C
:1055D0008BF8D4E90030D968FBF7E4FCA0B9B5F545
:1055E0002F7F72D3D4E900301025D96800950DEBD8
:1055F000050200230568A84730B9D4E90030D9680E
:10560000FBF784FD00284DD0002605256663002F9A
:10561000B9D04FF00108F6F77BFA236884F8D08000
:10562000186904212346344AF7F72CFD0746002861
:105630003AD1236884F8CE800246197D1869F7F7BD
:10564000ADFE002838D10446002D08BF2546F6F7E8
:1056500095FA284608B0BDE8F081656BB5B9032618
:105660000120F7F741F823680DF10F011869F7F7EA
:10567000B9FB10B99DF80F302BBB0135013EEFD1BE
:10568000012D99D99DF80F30002B95D1D4E9003028
:105690001025D96800950DEB050200230568A84781
:1056A0000028B1D100256AE7034641463046134A37
:1056B000F8F70EF90424C7E7034641463846104A76
:1056C000F8F706F9F6E70546D8E7C5F52F70F7F7BE
:1056D0000BF887E740F247100A49F6F7CDF94FF487
:1056E000A3700849F6F7C8F940F245100549F6F7E6
:1056F000C3F900BF40420F000D37020868BA030823
:105700009CBA0308ACB90308002313222DE9F04129
:10571000044688B00868CDF81B308DF81F308DF82E
:1057200010200B894A68CDF81100CDF81520ADF88E
:105730001930002C00F0BF806368002B00F0C5809A
:105740001B68002B00F0BC8094F8CE70F6F7E0F9EF
:1057500023681869F7F7CAFD50B1F6F70FFA042568
:1057600000266663002F45D1284608B0BDE8F081C9
:1057700003462268194610691A46F7F783FC002889
:10578000EBD184F8CE00F6F7F9F9637D022B55D002
:10579000002B6CD1636B002B69D12368DB681A691D
:1057A0005B6855694B4A02FB0535B5FBF3F52846A6
:1057B000F6F79AFFD4E90030D968FBF7F3FBA0B9FC
:1057C000B5F52F7F72D3D4E900301025D968009544
:1057D0000DEB050200230568A84730B9D4E9003075
:1057E000D968FBF793FC00284DD000260525666399
:1057F000002FB9D04FF00108F6F78AF9236884F832
:10580000D080186904212346334AF7F73BFC07464A
:1058100000283AD1236884F8CE800246197D1869A1
:10582000F7F7BCFD002838D10446002D08BF2546F7
:10583000F6F7A4F9284608B0BDE8F081656BB5B964
:1058400003260120F6F750FF23680DF10F011869B8
:10585000F7F7C8FA10B99DF80F302BBB0135013EA0
:10586000EFD1012D99D99DF80F30002B95D1D4E9B6
:1058700000301025D96800950DEB0502002305685E
:10588000A8470028B1D100256AE7034641463046C3
:10589000124AF8F71DF80424C7E703464146384684
:1058A0000F4AF8F715F8F6E70546D8E7C5F52F7063
:1058B000F6F71AFF87E740F245100A49F6F7DCF8D9
:1058C00040F247100749F6F7D7F84FF4A37005499F
:1058D000F6F7D2F840420F000D37020868BA030805
:1058E0009CBA0308ACB90308002316222DE9F04145
:1058F00088B0CDF81930CDF81130CDF815300793B8
:105900008DF81020002800F0C08043680446002B6A
:1059100000F0C5801B68002B00F0BC8090F8CE70B2
:10592000F6F7F6F823681869F7F7E0FC50B1F6F7D8
:1059300025F9042500266663002F45D1284608B0C6
:10594000BDE8F08103462268194610691A46F7F748
:1059500099FB0028EBD184F8CE00F6F70FF9637DB0
:10596000022B55D0002B6CD1636B002B69D12368BF
:10597000DB681A695B6855694B4A02FB0535B5FB64
:10598000F3F52846F6F7B0FED4E90030D968FBF706
:1059900009FBA0B9B5F52F7F72D3D4E900301025EB
:1059A000D96800950DEB050200230568A84730B9BA
:1059B000D4E90030D968FBF7A9FB00284DD00026B8
:1059C00005256663002FB9D04FF00108F6F7A0F85F
:1059D000236884F8D080186904212346334AF7F7F6
:1059E00051FB074600283AD1236884F8CE8002464E
:1059F000197D1869F7F7D2FC002838D10446002D2C
:105A000008BF2546F6F7BAF8284608B0BDE8F08189
:105A1000656BB5B903260120F6F766FE23680DF124
:105A20000F011869F7F7DEF910B99DF80F302BBB9D
:105A30000135013EEFD1012D99D99DF80F30002B92
:105A400095D1D4E900301025D96800950DEB0502F9
:105A500000230568A8470028B1D100256AE703465E
:105A600041463046124AF7F733FF0424C7E703469E
:105A7000414638460F4AF7F72BFFF6E70546D8E7C9
:105A8000C5F52F70F6F730FE87E740F245100A495A
:105A9000F5F7F2FF40F247100749F5F7EDFF4FF435
:105AA000A3700549F5F7E8FF40420F000D370208E3
:105AB00068BA03089CBA0308ACB9030800B585B0FE
:105AC0000022009201920292039217228DF8002088
:105AD000CDF8011010226946FEF756FA05B000BD58
:105AE0002DE9F04F8DB0002800F092800D4600297E
:105AF00000F08E8004461F46042300208DF81030ED
:105B00006368CDF81900CDF81100CDF815000790A5
:105B1000002B00F048811B68002B00F049811646DD
:105B200094F8CE80F5F7F4FF23681869F7F7DEFBE9
:105B3000034650B1F6F722F8B8F1000F6ED14FF0DE
:105B4000040840460DB0BDE8F08F22681946106980
:105B50001A46F7F797FA0028ECD184F8CE00F6F74A
:105B60000DF8637D022B7ED0002B39D1636B002BA7
:105B700036D123689149DB6818695A68436901FB8B
:105B80000329B9FBF2F94846F6F7AEFD23686068D1
:105B9000D968FBF707FA002830D1B9F52F7FC0F09C
:105BA000C98010232268D1680093606808ABD0F8E0
:105BB000009004AAC84708BB23686068D968FBF74F
:105BC000A5FAD8B9B8F1000F40F091809DF82030C7
:105BD000042B6BD04FF0080840460DB0BDE8F08FA5
:105BE0000DF12009102221684B46C96800926068B7
:105BF0006A44D0F80090C8470028E3D0B8F1000FFD
:105C000040F090804FF0050840460DB0BDE8F08FA1
:105C10004FF0020840460DB0BDE8F08F4FF0040889
:105C20000126F5F775FF236884F8D0601869042110
:105C30002346634AF7F726FA0546002840F091808C
:105C4000236884F8CE600246197D1869F7F7A6FB31
:105C5000002864D00346314628465A4AF7F738FEF2
:105C6000F5F78CFF6DE7636B002BB9D19A464FF0C7
:105C7000030B0DF120090120F6F736FD2368494694
:105C80001869F7F7AFF818B99DF82030002B4FD1FD
:105C90000AF1010ABBF1010BEDD1BAF1010F7FF658
:105CA00068AF9DF82030002B9CD062E70F22284679
:105CB0000DF12101F8F716FBB5F80120AAB30EB1DA
:105CC000BA4257D900222046114603ABFDF79AFF8E
:105CD000804600287FF435AFB5F80130039CA3421D
:105CE00056D116B3BB4220D94FF0090829E74FF02F
:105CF0000109F5F70DFF236884F8D0901869042195
:105D000023462F4AF7F7BEF98046C0B143464946BD
:105D100000202D4AF7F7DCFDF5F730FF0FE7F5F728
:105D20002DFF0EE74FF005087AE74FF0000808E76F
:105D30008246AFE7C9F52F70F6F7D6FC31E7236846
:105D400084F8CE900246197D1869F7F727FB0346C1
:105D500030B3494640461B4AF7F7BAFDF5F70EFF48
:105D6000EDE62B4631460020174AF7F7B1FDF5F76F
:105D700005FFE6E63146204603ABFDF743FF8046CC
:105D800000287FF4DEAEB5F80130039CA342CCD0EE
:105D900002210E4A0094F7F79BFD4FF00A08D0E667
:105DA000F5F7ECFE12E740F2BE200949F5F764FE74
:105DB00040F2BF200649F5F75FFE00BF40420F00EA
:105DC0000D3702089CBA030868BA030864BB0308CD
:105DD000ACB90308002305222DE9F04188B0CDF8C5
:105DE0001930CDF81130CDF8153007938DF810200B
:105DF000002800F0C08043680446002B00F0C580F6
:105E00001B68002B00F0BC8090F8CE70F5F780FE88
:105E100023681869F7F76AFA50B1F5F7AFFE042561
:105E200000266663002F45D1284608B0BDE8F08102
:105E300003462268194610691A46F7F723F9002825
:105E4000EBD184F8CE00F5F799FE637D022B55D097
:105E5000002B6CD1636B002B69D12368DB681A6956
:105E60005B6855694B4A02FB0535B5FBF3F52846DF
:105E7000F6F73AFCD4E90030D968FBF793F8A0B9FB
:105E8000B5F52F7F72D3D4E900301025D96800957D
:105E90000DEB050200230568A84730B9D4E90030AE
:105EA000D968FBF733F900284DD000260525666335
:105EB000002FB9D04FF00108F5F72AFE236884F8C7
:105EC000D080186904212346334AF7F7DBF80746E8
:105ED00000283AD1236884F8CE800246197D1869DB
:105EE000F7F75CFA002838D10446002D08BF254694
:105EF000F5F744FE284608B0BDE8F081656BB5B9FA
:105F000003260120F6F7F0FB23680DF10F01186955
:105F1000F6F768FF10B99DF80F302BBB0135013E35
:105F2000EFD1012D99D99DF80F30002B95D1D4E9EF
:105F300000301025D96800950DEB05020023056897
:105F4000A8470028B1D100256AE7034641463046FC
:105F5000124AF7F7BDFC0424C7E70346414638461A
:105F60000F4AF7F7B5FCF6E70546D8E7C5F52F70F9
:105F7000F6F7BAFB87E740F245100A49F5F77CFDD2
:105F800040F247100749F5F777FD4FF4A370054934
:105F9000F5F772FD40420F000D37020868BA03089A
:105FA0009CBA0308ACB903082DE9F041002682B081
:105FB0008DF8076051B380460F463546D8F800305B
:105FC0000DF107011869F6F70DFF0446C0B99DF8F9
:105FD00007300320012B06D00335F6F785FBAF42CF
:105FE00014D92646EAE70335F6F77EFBAF4206F101
:105FF000010609D9032EE1D1002002B0BDE8F081ED
:10600000032002B0BDE8F081032EF5D00B2002B0D2
:10601000BDE8F0812DE9F04786B028B30E4604466E
:1060200009B100230B602046FDF74AFB0746002814
:1060300040F0B9812368E3B11A6DFAB15B6D13B317
:1060400004F11A012046FFF74BFD054600BB94F80A
:106050001A80B8F1080F00F2B880DFE808F02232A9
:106060007AB681B6B6B69400AB4940F26540F5F712
:1060700003FDA94940F27D40F5F7FEFCA64940F238
:106080007E40F5F7F9FCA44940F27F40F5F7F4FCB7
:106090000346A24A01210020F7F71AFCB946BA4686
:1060A0009CE00DF017FC18B9B946BA460E2595E0EC
:1060B0009B4A00210120F7F70BFCB946BA460E2592
:1060C0008CE0238B18EA030F00F0A680A06808B3C9
:1060D00000230293D4F81D30039302A90C300DF075
:1060E00035FAE0B1A2680023D360A2681361B4F866
:1060F0001B3033B32268116D0A78032A15D0009241
:106100000323884A02210020F7F7E2FBB946BA468A
:10611000082563E0804940F29740F5F7ADFCA068A0
:1061200002A90C300DF04EFAE1E7A268013B82F8BB
:106130001331A06890F8132101311430F8F7D2F828
:1061400003E0A368002283F81321B9464FF0010A47
:1061500044E0238B18EA030F61D1B946BA463DE00B
:10616000238B18EA030F02D1B946BA4636E00DF088
:10617000B1FB08B901273AE06B4A00210120F7F78B
:10618000A7FB012733E0238B18EA030F4BD0D4F889
:10619000D430002B4AD02268106D0278192A09D118
:1061A000B4F81B10D4F8D820013901309847B9460B
:1061B000BA4613E0009219235C4A02210020F7F747
:1061C00087FBB946BA46454608E04346584A01218E
:1061D0000020F7F77DFBB946BA460E251DB12046D3
:1061E000FDF7ECFA18B92046FFF7F4FD08B3002DCF
:1061F0003AD1002F7FD0667D2046FFF7EBFD0546A4
:10620000002855D02B464B4A01210020F7F760FBB0
:10621000284606B0BDE8F087B946BA46DEE7BA467A
:106220004FF00109DAE7B946BA46D7E7B946BA46A8
:10623000D4E74FF4C8712046FFF7B6FE0028D6D148
:10624000002DD4D1BAF1000F06D1B9F1000F09D059
:10625000002384F8CF30CAE7FBF788FC002EF4D087
:106260003060F2E74F46C2E70DF034FBA0B920469C
:10627000FEF7B4F905460028BBD100231A4602A94F
:106280002046FFF72DFC05460028B2D19DF80830C6
:10629000042B07D00E25ACE7274A00210120F7F791
:1062A00017FBE4E7BDF80930002BA4D00E25A0E7CA
:1062B0004FF4C8712046FFF777FE05460028A1D1AC
:1062C0000123637500210846FBF770F9034630B1DE
:1062D0001A4A01210020F7F7FBFA042592E7002172
:1062E000204600F0B1F9054640B10346144A0121A9
:1062F0000020F7F7EDFA002D8AD083E7217D2046B4
:10630000FEF752FB0546F8B103460E4A0121002074
:10631000F7F7DEFAEFE700BFACB9030804A80308FB
:10632000B0BB0308F4BB030840BC03086CBC030803
:10633000BCBC030860BD030804BD030878AE0308B5
:10634000A8AE0308E4AE0308616C2046FEF71AFC11
:10635000054670B9022E13D00023C4F8DC300DF0CE
:10636000B9FA0128C7D9114A00210220F7F7B0FA7B
:10637000C1E703460E4A01210020F7F7A9FABAE760
:1063800000221146204600F0B1FA054610B902235A
:106390006375E1E70346074A01210020F7F798FA01
:1063A00000236375A7E7002532E700BF34BD03086B
:1063B00014AF030844AF03082DE9F04182B000296F
:1063C00000F09B801646002A00F0978004460D4698
:1063D000006B00211F46EEF77FFE002840F0B180E1
:1063E00094F8CE80EFF3058303BBEFF3108313B96A
:1063F000EFF3118313B1EEF723FC98B9B8F1000F56
:106400004FD12046FEF796F8002800F0878004253B
:10641000002384F8CF30206BEEF792FE284602B0BE
:10642000BDE8F081EEF70CFC0128E7D02046FEF72E
:1064300081F8002866D101460F2204F11A00F7F70F
:1064400085FF012329463246204684F8CF30FDF7E8
:106450009BFD0546C0B94FF47A76002507FB06F68A
:1064600009E09DF80710002972D064206435F6F722
:106470003BF9B5427ED223680DF107011869F6F7A2
:10648000B1FC0028EDD00425B8F1000FC0D02046A3
:10649000FEF76EF8BCE70021E06AEEF71DFE00286B
:1064A00037D1E06AEEF779FE0028F4D101460F22D9
:1064B00004F11A00F7F74AFF012329463246204625
:1064C00084F8CF30FDF760FD05460028DFD1EEF7F8
:1064D000EDFB014607FB01F1334BE06AA3FB013101
:1064E0008909EEF7F9FD0146002849D0043156D05C
:1064F0002046FEF73DF80B258AE70225284602B024
:10650000BDE8F081B8F1000F81D02046FEF730F8E9
:106510007DE72046FEF72CF8012579E70F2241465A
:1065200004F11A00F7F712FF0123294632462046EC
:1065300084F8CF30FDF728FD054600287FF468AFCA
:1065400089E70021194A0846F7F7C2F90C25D5E773
:106550002046FFF75FFD0546002895D194F8CF50FF
:10656000CDB9B8F1000F3FF453AF2046FEF700F865
:1065700005464DE70B25B8F1000F3FF449AF86E71C
:106580002046FFF747FD0546002880D194F8CF301C
:10659000002BADD1E9E7B8F1000FACD0A8E74FF47C
:1065A00061700349F5F768FAD34D621090BD030896
:1065B000ACB9030870B5036882B01E6D96B35B6D0D
:1065C000672B03D80922104602B070BD062315467A
:1065D00004467270B01C66223370F7F783FECDB1AB
:1065E0006822022331462046FFF7E6FE02460028D5
:1065F000E9D1A57EB4F81D60022D01D1062E15D07B
:106600000F4A062303210020CDE90056F7F760F971
:106610000822D8E768223146204602B0BDE8704023
:10662000FDF7B2BC0222104602B070BDB4F81F30B4
:10663000002BC8D0034A0121F7F74AF90D22C2E71F
:10664000E4BD030844BE0308002307222DE9F041FE
:1066500088B004468DF81020CDF81230CDF81630F1
:10666000CDF81A30ADF81E308DF81110B9B11022E6
:106670001E230DEB0201FFF79FFE054658B9A67ECB
:10668000B4F81D70022E6AD1072F68D1B4F81F30FC
:10669000002B40F0BF80284608B0BDE8F0810028FC
:1066A00000F0BE804368002B00F0CD801B68002BFB
:1066B00000F0CE8090F8CE60F5F72AFA23681869CA
:1066C000F6F714FE20BB03462268194610691A46E5
:1066D000F6F7D8FCE0B984F8CE00F5F74FFA637D01
:1066E000022B49D013B9636B002B61D0D4E9003081
:1066F0001025D96800950DEB050200230568A84711
:1067000000287DD100250027656346B93D46C2E7D4
:10671000F5F734FA042700256563002EF6D04FF014
:106720000108F5F7F5F9236884F8D0801869042189
:1067300023464A4AF6F7A6FC0646002862D123689B
:1067400084F8CE800246197D1869F6F727FE0546C3
:1067500000286CD1F5F712FA002F9CD0D6E7082557
:10676000072303210020CDE900673D4AF7F7B0F881
:10677000284608B0BDE8F081656B002DB6D103272F
:106780000120F5F7B1FF23680DF10F011869F6F745
:1067900029FB002849D19DF80F30002B45D0054634
:1067A000013FEDD1012D03D99DF80F30002B9DD075
:1067B0002368DB681A695B6855692A4A02FB05355C
:1067C000B5FBF3F52846F5F78FFFD4E90030D9681B
:1067D000FAF7E8FBA0B9B5F52F7F2FD3D4E9003045
:1067E0001025D96800950DEB050200230568A84720
:1067F00030B9D4E90030D968FAF788FC002881D094
:10680000052788E7034641462846174AF7F760F808
:1068100004259FE70121154AF7F75AF80D253AE7B5
:1068200040F245101249F5F727F90135B8E703465C
:10683000414630460F4AF7F74BF8E9E7C5F52F70A8
:10684000F5F752FFCAE74FF4A3700949F5F714F9B9
:1068500040F247100649F5F70FF900BF0D3702085F
:1068600084BE030840420F0068BA0308ECBE030868
:10687000ACB903089CBA030870B54FF0000C4FF098
:106880000A0E86B01022142302A9CDF811C00446C6
:10689000CDF809C0CDF80DC0CDF814C08DF808E0D2
:1068A000FFF78AFD024678B9A57EB4F81D60022D77
:1068B00001D10A2E0BD00B4A0A2303210020CDE977
:1068C0000056F7F705F80822104606B070BDB4F878
:1068D0001F30002BF8D0044A0121F6F7F9FF0D22F2
:1068E000F2E700BF34BF030890BF030870B5002370
:1068F000092486B08DF80840CDF811300446CDF853
:106900000D300593CDF809104AB119BB0123184980
:10691000184ACDF80D10CDF811208DF81530102241
:106920000523204602A9FFF747FD024678B9A57E58
:10693000B4F81D60022D01D1092E0FD00E4A092393
:1069400003210020CDE90056F6F7C2FF08221046C9
:1069500006B070BD0222104606B070BDB4F81F30FC
:10696000002BF4D0054A0121F6F7B2FF0D22EEE725
:106970003A259AE44D212B93C8BF030820C0030891
:106980002DE9F0418CB00DF10C0C8CE80E001421B7
:106990006346002204468DF8201003CB1B78CDF807
:1069A0002A20ADF82E20CDF82100CDF825108DF845
:1069B0002930002C00F0BD806368002B00F0C380FC
:1069C0001B68002B00F0BA8094F8CE70F5F7A0F8A1
:1069D00023681869F6F78AFC50B1F5F7CFF804255B
:1069E00000266663002F44D128460CB0BDE8F08134
:1069F00003462268194610691A46F6F743FB002839
:106A0000EBD184F8CE00F5F7B9F8637D022B54D0B2
:106A1000002B6BD1636B002B68D12368DB681A698C
:106A20005B6855694A4A02FB0535B5FBF3F5284614
:106A3000F5F75AFED4E90030D968FAF7B3FA98B9F5
:106A4000B5F52F7F70D3D4E900301025D9680095B3
:106A50000023056808AAA84730B9D4E90030D968EE
:106A6000FAF754FB00284CD0002605256663002F5A
:106A7000BAD04FF00108F5F74BF8236884F8D080BE
:106A8000186904212346334AF6F7FCFA0746002822
:106A900039D1236884F8CE800246197D1869F6F74B
:106AA0007DFC002837D10446002D08BF2546F5F7A8
:106AB00065F828460CB0BDE8F081656BB5B90326D2
:106AC0000120F5F711FE23680DF11F011869F6F793
:106AD00089F910B99DF81F3023BB0135013EEFD174
:106AE000012D9AD99DF81F30002B96D1D4E90030A2
:106AF0001025D96800950023056808AAA847002832
:106B0000B2D100256CE7034641463046124AF6F7FB
:106B1000DFFE0424C8E70346414638460F4AF6F72D
:106B2000D7FEF6E70546D9E7C5F52F70F5F7DCFD8A
:106B300089E740F245100A49F4F79EFF40F24710FA
:106B40000749F4F799FF4FF4A3700549F4F794FF50
:106B500040420F000D37020868BA03089CBA0308C8
:106B6000ACB9030800231A222DE9F04188B0CDF812
:106B70001930CDF8153007938DF81020CDF811108D
:106B8000002800F0C08043680446002B00F0C58058
:106B90001B68002B00F0BC8090F8CE70F4F7B8FFB3
:106BA00023681869F6F7A2FB50B1F4F7E7FF042554
:106BB00000266663002F45D1284608B0BDE8F08165
:106BC00003462268194610691A46F6F75BFA002850
:106BD000EBD184F8CE00F4F7D1FF637D022B55D0C2
:106BE000002B6CD1636B002B69D12368DB681A69B9
:106BF0005B6855694B4A02FB0535B5FBF3F5284642
:106C0000F5F772FDD4E90030D968FAF7CBF9A0B9ED
:106C1000B5F52F7F72D3D4E900301025D9680095DF
:106C20000DEB050200230568A84730B9D4E9003010
:106C3000D968FAF76BFA00284DD00026052566635F
:106C4000002FB9D04FF00108F4F762FF236884F8F1
:106C5000D080186904212346334AF6F713FA074611
:106C600000283AD1236884F8CE800246197D18693D
:106C7000F6F794FB002838D10446002D08BF2546BE
:106C8000F4F77CFF284608B0BDE8F081656BB5B924
:106C900003260120F5F728FD23680DF10F0118697F
:106CA000F6F7A0F810B99DF80F302BBB0135013E67
:106CB000EFD1012D99D99DF80F30002B95D1D4E952
:106CC00000301025D96800950DEB050200230568FA
:106CD000A8470028B1D100256AE70346414630465F
:106CE000124AF6F7F5FD0424C7E703464146384645
:106CF0000F4AF6F7EDFDF6E70546D8E7C5F52F7024
:106D0000F5F7F2FC87E740F245100A49F4F7B4FEC4
:106D100040F247100749F4F7AFFE4FF4A37005495E
:106D2000F4F7AAFE40420F000D37020868BA0308C4
:106D30009CBA0308ACB90308002321222DE9F041D5
:106D400088B0CDF81930CDF8153007938DF81020A4
:106D5000CDF81110002800F0C08043680446002BD5
:106D600000F0C5801B68002B00F0BC8090F8CE704E
:106D7000F4F7CEFE23681869F6F7B8FA50B1F4F7C5
:106D8000FDFE042500266663002F45D1284608B085
:106D9000BDE8F08103462268194610691A46F6F7E5
:106DA00071F90028EBD184F8CE00F4F7E7FE637D9B
:106DB000022B55D0002B6CD1636B002B69D123685B
:106DC000DB681A695B6855694B4A02FB0535B5FB00
:106DD000F3F52846F5F788FCD4E90030D968FAF7CE
:106DE000E1F8A0B9B5F52F7F72D3D4E900301025B2
:106DF000D96800950DEB050200230568A84730B956
:106E0000D4E90030D968FAF781F900284DD000267E
:106E100005256663002FB9D04FF00108F4F778FE1E
:106E2000236884F8D080186904212346334AF6F792
:106E300029F9074600283AD1236884F8CE80024613
:106E4000197D1869F6F7AAFA002838D10446002DF2
:106E500008BF2546F4F792FE284608B0BDE8F08149
:106E6000656BB5B903260120F5F73EFC23680DF1EB
:106E70000F011869F5F7B6FF10B99DF80F302BBB5D
:106E80000135013EEFD1012D99D99DF80F30002B2E
:106E900095D1D4E900301025D96800950DEB050295
:106EA00000230568A8470028B1D100256AE70346FA
:106EB00041463046124AF6F70BFD0424C7E7034665
:106EC000414638460F4AF6F703FDF6E70546D8E790
:106ED000C5F52F70F5F708FC87E740F245100A4921
:106EE000F4F7CAFD40F247100749F4F7C5FD4FF427
:106EF000A3700549F4F7C0FD40420F000D370208AA
:106F000068BA03089CBA0308ACB9030800231B2223
:106F10002DE9F04188B0CDF81930CDF81130CDF819
:106F2000153007938DF81020002800F0C0804368CA
:106F30000446002B00F0C5801B68002B00F0BC80CD
:106F400090F8CE70F4F7E4FD23681869F6F7CEF9EF
:106F500050B1F4F713FE042500266663002F45D1D7
:106F6000284608B0BDE8F08103462268194610693A
:106F70001A46F6F787F80028EBD184F8CE00F4F72C
:106F8000FDFD637D022B55D0002B6CD1636B002B74
:106F900069D12368DB681A695B6855694B4A02FB53
:106FA0000535B5FBF3F52846F5F79EFBD4E900302F
:106FB000D968F9F7F7FFA0B9B5F52F7F72D3D4E9F7
:106FC00000301025D96800950DEB050200230568F7
:106FD000A84730B9D4E90030D968FAF797F8002803
:106FE0004DD0002605256663002FB9D04FF001086B
:106FF000F4F78EFD236884F8D080186904212346B5
:10700000334AF6F73FF8074600283AD1236884F858
:10701000CE800246197D1869F6F7C0F9002838D1EC
:107020000446002D08BF2546F4F7A8FD284608B001
:10703000BDE8F081656BB5B903260120F5F754FB77
:1070400023680DF10F011869F5F7CCFE10B99DF812
:107050000F302BBB0135013EEFD1012D99D99DF8A1
:107060000F30002B95D1D4E900301025D968009558
:107070000DEB050200230568A8470028B1D10025C3
:107080006AE7034641463046124AF6F721FC0424DB
:10709000C7E70346414638460F4AF6F719FCF6E7BC
:1070A0000546D8E7C5F52F70F5F71EFB87E740F2D8
:1070B00045100A49F4F7E0FC40F247100749F4F79D
:1070C000DBFC4FF4A3700549F4F7D6FC40420F00F7
:1070D0000D37020868BA03089CBA0308ACB9030864
:1070E000F0B51F2487B0CDF8091000218DF80840B5
:1070F0000C9CCDF81210CDF80D308DF81120ADF8A4
:107100001610002C41D012F1800F39DB7F2A32DCBF
:10711000204A03F2E733A2FB03239B091022193311
:1071200002A90546FFF748F9024678B9AE7EB5F8E0
:107130001D70022E01D11F2F0BD0174A1F230321D0
:107140000020CDE90067F6F7C3FB0822104607B020
:10715000F0BDB5F81F3043B995F821301046003B1B
:1071600018BF0123237007B0F0BD0C4A0121F6F7C8
:10717000AFFB0D22EAE740F63C300949F4F77CFC0E
:1071800040F63B300649F4F777FC40F63A300449C4
:10719000F4F772FCD34D621058C00308C4C0030852
:1071A000ACB903080023F0B587B0CDF81130CDF8A5
:1071B0000D3005932023CDF809108DF8083072B3F7
:1071C00002A91546322310220446FFF7F5F80146BE
:1071D00078B9A67EB4F81D70022E01D1202F0BD0F5
:1071E000032120230020CDE900670F4AF6F770FB4A
:1071F0000821084607B0F0BDB4F81F304BB9084667
:1072000094F8213094F8222043EA02232B8007B01F
:10721000F0BD0121054AF6F75BFB0D21E9E740F6D9
:107220007D300349F4F728FC10C103087CC1030832
:10723000ACB9030838B50368044601211869F5F7AD
:1072400043FD08B1032038BD236801461869F5F7EE
:107250002BFC0028F6D1236801461869F5F794FB4A
:1072600005460028EED12368986918B9186AE0B974
:10727000002038BDD969B1FA81F14909F5F706FE58
:10728000236829469869F5F799FC0028DAD1236824
:1072900001219869F5F778FB0028D3D12368186A93
:1072A0000028E5D09A699042E2D0596AB1FA81F19A
:1072B0004909F5F7EBFD23680021186AF5F77EFC14
:1072C0000028BFD123680121186AF5F75DFB00286B
:1072D000CED0B7E738B50368044601211869F5F741
:1072E000F3FC08B1032038BD236801461869F5F79F
:1072F000DBFB0028F6D1236801461869F5F744FB4B
:1073000005460028EED12368986978B9186A40BB11
:1073100001211869F5F7C8FB0028E3D12368022191
:107320001869F5F7D1FC0028DCD138BDD969B1FA6C
:1073300081F14909F5F7AAFD236829469869F5F70F
:107340003DFC0028CED1236801219869F5F71CFB8C
:107350000028C7D12368186A0028D9D09A699042BA
:10736000D6D0596AB1FA81F14909F5F78FFD236842
:107370000021186AF5F722FC0028B3D12368012107
:10738000186AF5F701FB0028ACD12368C0E700BFFD
:1073900008B598B1036863B1986948B1D9690039F3
:1073A00018BF0121F5F772FD003818BF01208000D9
:1073B00008BD40F66D400449F4F75EFB40F66C40B2
:1073C0000149F4F759FB00BFACB9030808B5A0B1F7
:1073D00003686BB1986900B908BDD969B1FA81F148
:1073E0004909F5F753FD003818BF0120800008BD9A
:1073F00040F688400349F4F73FFB40F687400149D7
:10740000F4F73AFBACB9030808B598B1036863B167
:10741000186A48B1596A003918BF0121F5F736FDDD
:10742000003818BF0120800008BD40F6A340044981
:10743000F4F722FB40F6A2400149F4F71DFB00BF20
:10744000ACB9030808B5A0B103686BB1186A00B9FC
:1074500008BD596AB1FA81F14909F5F717FD0038FD
:1074600018BF0120800008BD40F6BE400349F4F774
:1074700003FB40F6BD400149F4F7FEFAACB903083E
:1074800042780346062A01D000207047827802F035
:10749000FB00012809D0022AF6D11878A0F10700D4
:1074A000B0FA80F04009400070471B780B2BECD0FD
:1074B000082B0CBF06200020704700BF10B582B01B
:1074C000ADF80600FAF794FABDF80630B0F8A62039
:1074D0009A4202D1002002B010BD02230DF1060233
:1074E00019460446FDF738FC20B9BDF80630A4F86B
:1074F000A630EFE700206FF005030121024AF6F7FE
:10750000E7F96FF00500E6E7C8C1030838B504469F
:10751000FAF76EFA90F8A830A34201D1002038BDE6
:107520000546FAF765FA2146FDF726FD10B985F8FC
:10753000A840F3E7034601210020064AF6F7C8F900
:107540006FF0050301210020034AF6F7C1F96FF03F
:10755000050038BDF4C1030824C2030870B5054610
:1075600082B0FAF745FA2A88AB7801A900F1B10692
:10757000ADF804208DF80630FDF7ECFD40B9044667
:10758000032230462946F6F7ADFE204602B070BD14
:1075900000206FF005030121024AF6F799F96FF018
:1075A0000500F3E754C2030870B5054682B0FAF748
:1075B0001FFA2A88D5F80230ADF80020CDF8023045
:1075C00002AB13E9060000F1B406FDF7AFFE40B9C7
:1075D0000446062230462946F6F784FE204602B0CD
:1075E00070BD00206FF005030121034AF6F770F922
:1075F0006FF00500F3E700BF88C2030870B50446CA
:10760000FAF7F6F9E3780546012B01D9102B15D1CD
:1076100005F1BC06082221463046AB63F6F7C6FEEC
:1076200008B9002070BD21462846FDF771FF40B91A
:10763000082221463046F6F755FEF2E74FF0FF30BC
:1076400070BD6FF0050070BD08B330B50C4685B055
:10765000D1B1038815461A0A042AADF80430DBB20A
:1076600040D0052A05BF0C3BB3FA83F300235B0926
:1076700081788DF807304A1E062A3AD8DFE802F0F2
:107680002A262E082A260800084605B030BD704775
:1076900004238DF8063022796379003A18BF01225D
:1076A000003B18BF01232188A078ADF808108DF8A1
:1076B0000A0001A902A88DF80B508DF80C208DF856
:1076C0000D30F9F7A3FD023005B030BD02238DF86F
:1076D0000630E0E701238DF80630DCE703238DF860
:1076E0000630D8E70B3BDBB2012B8CBF0023012314
:1076F000BEE70B4600200121014AF6F7E9F8CAE788
:10770000B8C2030800487047D8C90308024BD88A9A
:10771000003818BF0120704728B5002008B5E0F7F1
:1077200005F8034AD38A013BD382E0F719F808BD74
:1077300028B5002008B5DFF7F9FF034AD38A0133E3
:10774000D382E0F70DF808BD28B5002038B504460F
:107750000D46DFF7EBFF214B598A1A8A914212D06E
:10776000914221D9C1F55D639BB2A3421ED8A242CA
:107770001CD91A4B4FF0010C83F802C0198000216C
:107780005982134612E0C1F55D639BB29C420DD352
:10779000A2420BD9114B4FF0010C83F802C01980A3
:1077A00000215982134601E0521A93B2A34212D922
:1077B0000A4A538A2B801C4423090949A1FB03135D
:1077C0001B094FF45D6101FB134353820024DFF773
:1077D000C7FF204638BD4FF0FF34F8E728B500203A
:1077E00013B0881208B5182200210848F6F7AEFD3C
:1077F0004FF45D6200210648F6F7A8FDDFF782FF2F
:10780000044B1B680448984708BD00BF28B50020FA
:1078100058A70020E4C503084D790208044B5A8A92
:107820001B8A9A4201D0002070470120704700BF98
:1078300028B5002070B5DFF779FF0446FFF766FF33
:1078400000283DD1FFF776FF204B1A8A5B8A9A42C7
:107850002FD01E498978012918D01C4A927832B954
:107860001A4A128A93421FD99B1A184A9382174EBA
:10787000358A174B1D442046DFF772FFDFF7D0FE35
:10788000144BDB68B18A284698471DE00F480188F1
:107890008A1A92B282820221817000210180002A1C
:1078A000DBD181700182D8E7C2F55D62074B9A8215
:1078B000DDE7FFF733FF2046DFF752FF002003E04C
:1078C0002046DFF74DFF002070BD00BF28B5002027
:1078D00058A70020E4C5030830B583B005460C4620
:1078E000FFF728FF0DF106012046FFF72FFFB0F14B
:1078F000FF3F0DD0BDF80630224629460748184400
:10790000F6F7F0FCFFF70AFFFFF794FF03B030BD76
:10791000FFF704FF6FF00200F8E700BF58A7002050
:107920000FB410B5B6B038AB53F8042B009301ACCC
:10793000D221204600F02AFD81B22046FFF7CCFF7D
:1079400036B0BDE8104004B07047000038B5DFF72E
:10795000EDFE2A4B9B78022B1DD028490A8A8B8A80
:107960001A441309264CA4FB03431B094FF45D641E
:1079700004FB13230B82214B1A8A5B8A9A4203D0A1
:107980001E49C98A01290BD0DFF7EAFEDFF74CFE5A
:10799000FFF7C4FE38BD194B00229A701A82EAE73D
:1079A00016498978012915D0144A927832B9134AB8
:1079B000128A93421CD99B1A104A93820F4D2C8A2B
:1079C000104B1C44DFF7CCFE0F4BDB68A98A204626
:1079D0009847DFE7094C21888A1A92B2A2820221D5
:1079E000A17000212180002ADED1A1702182DBE775
:1079F000C2F55D62014B9A82E0E700BF28B5002026
:107A000013B0881258A70020E4C5030810B5034C32
:107A1000236898476368984710BD00BFD4C6030821
:107A200010B5034CA3689847E368984710BD00BFA2
:107A3000D4C6030810B5034C236998476369984777
:107A400010BD00BFD4C60308002304E0054A00218E
:107A500042F823100133022BF8D9024B4FF0FF32CA
:107A60009A60704748B5002002293CD810B4EFF363
:107A7000108C72B6002307E01B4C54F8232022EA36
:107A8000000244F8232001339942F5D8164C54F8EB
:107A90002320024344F8232001290FD0022917D0C4
:107AA00039B9124A136803431360114A1368034338
:107AB00013608CF310885DF8044B70470B4A136811
:107AC00023EA000313600A4A136803431360F0E7D4
:107AD000064A136823EA00031360054A136823EA81
:107AE00000031360E5E7704748B5002040B500206B
:107AF00044B50020EFF3108272B6002001E001309F
:107B0000C0B2044B53F820300BB90228F7D982F3E6
:107B10001088704748B5002010B5EFF3108472B696
:107B2000002300E00133064A52F823200AB9022B51
:107B3000F8D9044A52F82330984784F3108810BDCE
:107B400048B50020FCC90308EFF3108C72B6A1B948
:107B50000C4A136823EA000313600A4B1B680A4AA5
:107B6000116843EA0100C043084A906023EA010318
:107B7000536011608CF310887047024A1368034306
:107B80001360EAE744B5002040B5002048B5002066
:107B9000EFF3108C72B6A1B90C4A136823EA000304
:107BA00013600B4B1B68094A116843EA0100C0438C
:107BB000084A906023EA0103536011608CF3108837
:107BC0007047024A136803431360EAE740B5002098
:107BD00044B5002048B5002040F29243984204D0BA
:107BE000B0F5966F09D00B487047B1F5805F0CD0A7
:107BF000B1F5005F0BD10848704741F2010399428B
:107C000001D004487047054870470548704701484F
:107C1000704700BF30C3030828C3030840C30308EC
:107C200038C3030840F29243984204D0B0F5966FEF
:107C300003D103487047034870470348704700BFAB
:107C400054C3030848C3030830C3030870B504468F
:107C5000084E3568C5F30B0505602846FFF7E2FFBF
:107C600060603168090CA1602846FFF7B5FFE0604D
:107C7000204670BD004004E082B082B00DF1080CD7
:107C80000CE906000393002202608280CB1A036095
:107C9000BDF80420BDF81010521A91B212B28280C1
:107CA000002A02DB02B002B07047013B036001F51D
:107CB0007A718180F6E7000030B583B00446002376
:107CC0000093ADF80430064B1B6901A8984700905B
:107CD000DDE9000184E80300204603B030BD00BFA9
:107CE000F4C6030830B589B002AC84E803000C4D3B
:107CF000EB689847ADF81C006B6898470346069000
:107D0000079A009294E8060004A8FFF7B5FFBDF9B2
:107D10001430049A4FF47A7000FB023009B030BD81
:107D2000F4C6030870B50B4E82B0336A0546984717
:107D3000B36904469847044428680122A04238BF2A
:107D40002046B3682A7238BF2C60019302B0BDE8A8
:107D50007040184708C703080E4B19684B69A3B158
:107D600010B4046803E05A69194642B113461A6810
:107D70009442F8D848615DF8044B436170475861FC
:107D800000235DF8044B4361704700234861436161
:107D9000704700BF74B5002070B50F4A04461368E1
:107DA00082B00BB1002119720C4E6361336A14600A
:107DB0009847B36905469847054420680122A842C0
:107DC00038BF2846B368227238BF2560019302B0DD
:107DD000BDE87040184700BF74B5002008C703080D
:107DE00010B5EFF3108472B60A4B1B684BB90A4BFF
:107DF00000221A60094B1B68984738B9074B1B696A
:107E00009847044A136801331360002084F31088F4
:107E100010BD00BF70B5002074B5002008C703086E
:107E200010B5EFF3108472B60A4B1B6873B1012BC7
:107E300004D0013B074A1360002008E0064B5B6852
:107E4000984720B9034B00221A6000E0002084F319
:107E5000108810BD70B5002008C703082DE9F04157
:107E6000EFF3108772B638B31E462BB30546904623
:107E7000EFF3108272B6144B1C6814B921E06469E8
:107E800014B1A542FBD1012482F31088A4B90024C7
:107E90000E4B08465B6A2C6098470123069A68607F
:107EA000EE602C812A6185F80B8020466C61AB72F4
:107EB00087F31088BDE8F081012087F31088BDE8C2
:107EC000F08182F31088E2E774B5002008C7030848
:107ED0002DE9F041EFF3108572B678B10446EFF367
:107EE000108272B6224E336813B90CE05B6913B18D
:107EF000A342FBD1012382F3108833B1012085F323
:107F00001088BDE8F08182F31088EFF3108272B61A
:107F1000E37A3BB3A37AB3FA83F35B0982F3108865
:107F2000002BEBD1134FD4F804803B6A9847E37AD7
:107F30004045B3FA83F338BF40464FF480715B0984
:107F4000BA69A37221812060904722683368104487
:107F5000206013B11B68984206D22046FFF71CFF31
:107F60000020CCE7637AD9E72046FFF7F5FEF7E774
:107F700074B5002008C7030870B5EFF3108472B61B
:107F800018B34FF48073A0F80930EFF3108272B683
:107F9000184D2B6813B92AE05B6913B19842FBD1E5
:107FA000012382F3108863B12B68984211D01946DF
:107FB00013B906E0114623B11A4690425B69F9D124
:107FC0004B61002084F3108870BD012084F3108879
:107FD00070BD00234669037226B130462E60FFF75C
:107FE000A1FEEEE7044BDB6898472E60E9E782F3D9
:107FF0001088E6E774B5002008C703080346EFF3CE
:10800000108272B620B10020D97282F310887047B6
:10801000012082F310887047EFF3108372B610B11D
:10802000C27A1AB9407A83F310887047807AB0FA1E
:1080300080F0400983F31088704700BF2DE9F843B2
:10804000EFF3108772B6314C636998472369804615
:10805000984781462E4E236A98473468A9EB080357
:10806000002C32D0226803EB50009042636946D363
:108070000025256065612581002B44D0A446194662
:108080001A685B6982422FD90D46A8EB090002E00D
:1080900019461A685B6902440A60002BF8D1356002
:1080A0007CB14FF001082546EB6864690BB1286983
:1080B0009847AB6803F0FF23B3F1807F09D0002C11
:1080C000F1D1306808B1FFF72DFE87F31088BDE8C5
:1080D000F883AB7A002BF2D1284685F80A80FFF7A7
:1080E000F7FE002CDFD1ECE70D604D610D81CCF87F
:1080F000141043B18C461A6819465B69C2E72546DD
:1081000021460024C1E700233360CAE708C70308FB
:1081100074B50020EFF3108272B6084B1B6813B9D8
:1081200007E05B692BB19842FBD1012082F31088F4
:108130007047184682F31088704700BF74B500205E
:1081400038B50446FFF7E6FF58B1074B0D469B696B
:108150009847236898428CBF00231B1A2B6000208D
:1081600038BD012038BD00BF08C703084FF0FF33FA
:1081700010B582B00193EFF3108472B6054B186806
:1081800010B101A9FFF7DCFF84F31088019802B059
:1081900010BD00BF74B500202DE9F04182B0164635
:1081A00007461D469DF820200A99EFF3108872B605
:1081B0000091099B0021FFF751FE044658B9B5F123
:1081C000FF3F08BFB6F1FF3F0BD0074B30462946B3
:1081D0001B689847786088F31088204602B0BDE895
:1081E000F0814FF0FF30F5E7ECC60308F8B5EFF388
:1081F000108772B6C0B1044616461D46FFF70CFF45
:10820000C8B9B5F1FF3F08BFB6F1FF3F10D00F4B23
:1082100030461B6829469847034620466360FFF7AF
:1082200057FE87F31088F8BD012087F31088F8BD4A
:108230004FF0FF33F1E72046FFF79EFEB5F1FF3F19
:1082400008BFB6F1FF3FE2D1F2E700BFECC603087A
:108250000146002008E000EB8000531C0B601378FF
:1082600003EB4003A3F130000A681378303BDBB224
:10827000092BF0D9704700002DE9F04593B01B9D04
:108280001C9E16F0400F10D1DFF8F8A09F1E222F81
:1082900075D816F001040BD04FF0300E16F0020F17
:1082A0000FD0002A07DB00270CE0DFF8DCA0EDE7A9
:1082B0004FF0200EF2E752421A9E013E1A962D27E9
:1082C00000E000275ABB30238DF804304FF0010C3A
:1082D000AC4500DD65461A9B5B1B1CB31FB100F863
:1082E000017B013907D0002B03F1FF3324DD00F8B7
:1082F00001EB0139F7D113B0BDE8F085B2FBF3F61D
:1083000003FB16221AF802800CF148026A4402F8B4
:10831000448C32460CF1010C002AEFD1D8E74FF023
:10832000000CF9E7002B03F1FF33D7DD202200F822
:10833000012B0139F6D1DEE7654505F1FF3505DD95
:10834000302200F8012B0139F6D1D4E76246002A29
:108350000CF1FF3C09DD0CF148026A4412F8442C90
:1083600000F8012B0139F1D1C5E7002B03F1FF33F0
:10837000C1DD202200F8012B0139F6D1BBE7002036
:10838000B9E700BF60C3030888C303082DE9F047BD
:1083900086B0059204930E1E40F3DD800546044628
:1083A00004E004F8013B059B01330593059A13781B
:1083B00023B9611B701E8142C0F2C780A4EB05087F
:1083C000771EB84580F2C180252BEAD1531C059356
:1083D0005378302B10D04FF00009303BDBB2092B23
:1083E0000DD94FF0FF3A059B1A786C2A0CD0682AF9
:1083F0000AD04FF0FF3209E04FF00109EDE705A880
:10840000FFF726FF8246EEE701330593059B1978B7
:10841000A1F15803202B4ED8DFE803F0454D4D4D18
:108420004D4D4D4D4D4D4D16494D4D4D4D494D4DBB
:108430004D4D4D4D4D4D4D224D114D4D63000A2377
:1084400052E0202304F8013B0AF1FF3ABAF1000F91
:10845000F7DC049B1A1D04921B7804F8013BA2E789
:10846000049B1A1D04921F684FB13846DEF7BDFC0D
:10847000A6EB0803013B984228BF184605E0374F9A
:10848000F3E7202204F8012B9A460AF1FF338245D4
:10849000F7DC002304E017F8012B04F8012B01336B
:1084A0008342F8DB7FE749F0400910231CE049F0E4
:1084B00002090A2318E0252902D0252304F8013BEC
:1084C000631B9F420FDD059B197839B104F8011B2E
:1084D000631B9F423FF767AF0A2305E0013B05930B
:1084E000F6E7102300E00A236C2A09D0682A19D085
:1084F00019F0020F24D0049A111D0491126803E0B0
:10850000049A111D04911268611BCDF808904FF078
:10851000FF300190CDF800A0791A2046FFF7ACFE9D
:10852000044640E719F0020F05D0049A111D04918A
:10853000B2F90020E8E7049A111D04911288E3E7DC
:10854000049A111D04911268DEE700232370601B5A
:1085500006B0BDE8F0870020FAE700BFB0C303080B
:108560004170042100220023017081780331F6F765
:10857000D9BB80B5C2B001218DF809000DF106000C
:108580008DF808101021FFF7EBFF42B080BD10B549
:10859000C2B00DF106048DF80A004022601D05F0FE
:1085A00053FD08203E218DF80900422000F035F8E7
:1085B00042B010BD10B5C2B00DF106048DF80A002E
:1085C0002022601D05F040FD09203E218DF80900A4
:1085D000222000F022F842B010BD80B5C2B000F0F9
:1085E00011F801218DF80C000DF106008DF809102D
:1085F000062100F002F842B080BD8DF80810FF217E
:10860000FFF7AEBF8DF80D1004218DF80B00000AA6
:108610008DF80E208DF80A1070478DF8080020465E
:10862000FFF79EBF0548B0F8200280075CBF00201E
:108630007047084611461A46FFF7CFBFA8B500207D
:10864000BFB5104D044600200390CDE901008DF820
:108650000300686A30B9A08801A90DF1030200F097
:1086600013F838B105F12400214600F0D3F90020B9
:1086700004B0B0BD9DF8032001A9204600F062F8C7
:10868000F6E700BFD4B700202DE9F84380B20C46CE
:10869000FB2100279046FA30B0FBF1F900205FFA89
:1086A00089F5042D38BF0120012102F009FE244E76
:1086B000BD4214D0304603F0E7FF44F8270098B1DC
:1086C0000021102205F006FD01F0B6FE54F8271037
:1086D000086054F827000068D0B10137E8E70020AF
:1086E00088F80090BDE8F88300250026B74223D023
:1086F00054F82600016839B1081F03F0C7FF54F889
:108700002600056054F8260003F0C0FF0136EDE7AF
:1087100000250026BE420FD854F82600016839B162
:10872000081F03F0B3FF54F82600056054F8260034
:1087300003F0ACFF0136EDE70720BDE8F88300BF8A
:1087400018B800202DE9F84FB0F804A090460E4666
:1087500081464FF0000BFB2701250024A04546D0A1
:10876000B8B21FFA8AF71FFA8BF1B84238BF074632
:1087700056F824003A460068031D484600F008F900
:1087800056F8241004204881E8078F8105D099F815
:108790000A00013818BF012000E000208873B9F8F2
:1087A0000800013880B201F003FE0546000605D13D
:1087B000BB44AAEB070A01340025CFE7A8F1010763
:1087C0004FF0000AA74210DD56F82700016841B1BA
:1087D000081F03F05BFF56F82700C0F800A056F80A
:1087E000270003F053FF013FECE7444505D304485D
:1087F00049461C3000F00EF90025E8B2BDE8F88FBC
:10880000D4B70020B0B50D4608461146144600F016
:1088100055FA0848417A890604D590F90A00B0F162
:10882000FF3F00DDB0BD28462146BDE8B040FFF760
:10883000AEBE00BFD4B70020B0B50D460846114605
:10884000144600F04FFA0748417A890602D5C07AEB
:10885000C00700D1B0BD28462146BDE8B040FFF7B3
:10886000A9BE00BFD4B70020B0B590B0124D95F8A6
:108870005C0002280BD0012819D16C462046E0F795
:10888000A1F9002000212246FFF7BCFF0FE0684657
:10889000E0F79CF930B16846FF21202205F01AFC70
:1088A000122100E000216A460020FFF7C5FF0020EA
:1088B00085F85C0010B0B0BDA8B500208B880A6AAE
:1088C000043B13701B0A5370020A0B6A9870022053
:1088D000DA7088720846FFF7B3BE70B50E460546DB
:1088E00002F11F000121144601EB5011284600F04F
:1088F00005F810B106818571848070BDB0B50C4655
:10890000054600F065F8A0423CBF0020B0BD0C4811
:1089100000EB4501B1F86A202244A1F86A20426FB9
:10892000B0F87010091BA0F8701089B202EB81003A
:1089300040681EBF52F8211000220A62B0BD00BF7D
:10894000A8B50020817900F001B8000070B50F4A89
:10895000B2F870301BB1546F54F8234020621C46AB
:1089600040B10134556FA6B2A2F8704045F8260018
:10897000006AF5E701F00301181B02EB4101B1F8B1
:108980006A201044A1F86A0070BD00BFA8B500209D
:10899000F8B51C461546064614E088B2202801D3D7
:1089A00020390FE03218C1F12000AFB280B2114679
:1089B000B84238BF074620463A4605F045FBED1B56
:1089C0003C44002128041CBF366A002EE5D1F8BDC6
:1089D00010B50F49B1F87020BAB1B0FA80F35B0955
:1089E00001EB4303B3F86A40B3F864301B1B23EA7E
:1089F000E373D21A022809D0B1F86E00B1F86810FA
:108A0000081A20EAE070121A00E0002290B210BDAD
:108A1000A8B5002000220A600268002A024618BF9A
:108A2000426811604160704703688B420AD01A4661
:108A30001B688B42FBD10B68136043688B4208BFF5
:108A4000426002E00968016001B1704700214160A5
:108A500070470388081D82B201201946FFF73DBF09
:108A600070B506460D4606203146FFF727FF04463F
:108A700018B13046FFF766FF11E085B109484FF4A1
:108A80004061D0F8B800281A41EAD01085B22846D3
:108A9000E0F7AAF8284647F23051E0F7A1F820465F
:108AA00070BD00BFA8B500200549D1F8B810401A24
:108AB0004FF4406141EAD01080B2E0F795B800BFB2
:108AC000A8B50020C27D203AD02A04D8C27F120760
:108AD00048BF00F035B9704770B50C460221164604
:108AE0000546FFF7B6FF50B1062105228180016AD5
:108AF0000A71016A4C710021FFF7B2FF00E06420A7
:108B00000EB900B170BD2846214600F002F80020E1
:108B100070BDB0B50C460546FFF7C6FF28460221DA
:108B2000FFF7D0FFE87DF1280FD0284600F018F8B5
:108B3000284600F02FF80020E97FE875687F01F0F3
:108B4000010100F02F00E9776877002029880222D0
:108B5000234628840120BDE8B040FFF763BD000034
:108B6000F8B504460A48D0F8807000F180056FB16E
:108B70003E4620883F6831898142F8D128463146F7
:108B8000FFF752FF3046FFF7DDFEF0E7F8BD00BF0C
:108B9000A8B50020F8B5384991F89420920702D47E
:108BA000C27DBC2A00D1F8BD822A9CBFC27F402A68
:108BB000F9D3027E01F1BC06C41C002742F0010279
:108BC00035460276F81C08D0A81C2146062205F07E
:108BD000B7FA58B10835013FF4E700253046032DB8
:108BE0001BD0017819B308300135F8E77C420D201D
:108BF00060F31F242046DFF7F7FF297801F03F00DC
:108C000060F07F0293072A7013D4D2B2D20714D136
:108C100060F07E0043F6982115E000253046032DD4
:108C200014D00178490602D408300135F7E706462A
:108C300011E060F07E00114905E001F03C004AF6C9
:108C4000C87160F07D002870A0B211E04FF4506050
:108C5000DFF7CAFF0025B01C2146062205F0F4F913
:108C6000802041F2883130700D2060F31F252846A6
:108C7000BDE8F840DFF7B4BFA8B50020580F0200E8
:108C800010B50D4A0B49D2F8B820897F02F11F03B5
:108C90000022914209D033F81F4C844202D01C7844
:108CA000A40702D480330132F3E700208A4238BFA0
:108CB000012010BD78B50020A8B50020084A92F820
:108CC000963003F07F0382F8963020B143F04000E5
:108CD00082F89600704702F58E70402205F0B4B914
:108CE000A8B5002010B5144C94F89620D20621D5D2
:108CF00060B11248817FD4F8B800D9B1028812B1AE
:108D0000028C92060CD480300139F6E704F1FC00A5
:108D1000202205F099F994F8960040F0200007E031
:108D20000B210122FFF7D8FE94F8960020F03000C6
:108D300084F8960010BD00BFA8B5002078B50020CB
:108D4000B0B50C46C17F01F0FD01C1770088FFF787
:108D500097FF00B1B0BD134D95F8961095F89700A8
:108D600001F0FB0285F896202CB101F0CB01103008
:108D700085F8961000E0013000F00F01032285F81D
:108D80009700C0B2B1FBF2F101EB10100328E1D360
:108D900005F58E7000214022002405F09BF985F82E
:108DA0009740B0BDA8B50020BCB51448406A006922
:108DB0008047134D044600200121CDE90000A8782A
:108DC000013801F0C6F9C4B1684604F033F8E87818
:108DD000C00708D10B4864210522806841436846DA
:108DE00003F082FA05E068464FF47A51052203F059
:108DF000F5FADDE90001C4E91401BCBD48B8002062
:108E0000A0BC0020D8B80020B0B505460B48406A89
:108E10000069804704460020022D38BF012001F080
:108E200095F94CB194F844000DB1012101E018B15D
:108E3000FF21084484F84400B0BD00BF48B80020BA
:108E40002DE9F04F89B000200490CDE90200CDE972
:108E50000000072002F079FA072002F091FADFF80B
:108E600058B3DBF8280040B1072002F087FA07204A
:108E700002F06DFA09B0BDE8F08FDFF84493D24DEF
:108E800004AE02AF0DF1180A01F07FF9002800F0DE
:108E90000F81044604F000F990B101F05FF901F090
:108EA00074F90028E0D00446304603F0C3FF503484
:108EB0000499204603F0BAFAB0F1FF3FE4DC0BE17D
:108EC00094F898000028CFD1D4E9241081F480725E
:108ED000024303D081F08001084307D1626F022072
:108EE00001214B4603F08EFB0128CDD09B20D046BC
:108EF00002F02FFA304603F09DFF0498B1498842F2
:108F00009CBF204601F01EFAD4E91401D4E92423C1
:108F1000CDE9020183F020001043A84808BF05F105
:108F2000140001680522384603F058FADDE9020111
:108F3000EA460522CDE900016969504603F0D4F9FB
:108F40000499504603F072FA012803DB01F006F998
:108F5000C24699E7DDE902010522CDE9000150464C
:108F6000042103F03BFA0499504603F05FFAB0F194
:108F7000FF3F00F3C480DBF82400C06A8047C2468C
:108F800028B30020049DCDE90600DBF82400C16869
:108F900000208847D8B1064690F84E00B8B9DDE900
:108FA00002010522CDE90601B06B7D2101EB8000B5
:108FB000B0FBF1F9504609F1040103F00FFA5046F5
:108FC000294603F033FAB0F1FF3F40F3DB80049E03
:108FD0003846314603F02AFAB0F1FF3F05DD0020A4
:108FE0000121002502F06CF904E00298314603F0FB
:108FF00041FA05467548807810B14FF000093EE00F
:10900000DBF824000069804790B3824602F0ECF957
:10901000DAE914210AF134034746CDE906219AF82A
:109020004C10401A0ECBC0B201FB00207D21184429
:1090300001EB8000B0FBF1F96548007D012808BF15
:1090400009F10A0940464946052203F04DF9A945B0
:1090500012D202A8394603F0D1F8012808DB052016
:1090600002F077F99AF8440001308AF8440001E0F0
:109070004FF00009C24602E04FF00009BA4605A8C9
:1090800003F0D8FE05983146A5EB090503F0F2F987
:10909000854234D9059902AF0646384603F0C6F931
:1090A000B0F1FF3F40DDDFF81891474D04AEEBE62D
:1090B000DBF82400006980470446012002210022D9
:1090C000012504F065FD002002F09CF9002C3FF41E
:1090D000CBAE84F84D50C7E62068049903F0CAF976
:1090E00036490968411A98BF0146DBF82C0003F0A5
:1090F000E3FD01F056F8042002F02BF9B4E6DBF8AA
:109100002400C06A804748B1DBF82400C168012010
:10911000884718B1054690F84E00D0B101F035F8F7
:10912000002100F057F89FE6DBF82C00A91B03F0A4
:10913000C3FD0446042002F00CF9B4FA84F00121C6
:10914000400902F0BDF801200221012204F020FDB7
:109150008AE6D4E924012E6C81F02001084304BF83
:10916000012084F84F0000F0F9FF2846314600F056
:1091700031F8D5E9240101F00CF87FF475AE95F8CB
:10918000460015E096F84600012805D102982946C8
:1091900003F070F9A0F104093046494600F01AF8CE
:1091A000D6E9240100F0F5FF7FF45EAE96F84600A4
:1091B00001287FF459AE5AE648B80020D0080020B4
:1091C00023E30208FF47E801D8B80020A0BC002034
:1091D000C0BC00202DE9F04F8FB0814600208846AA
:1091E000CDE90400112002F0B0F8102002F0ADF833
:1091F000DFF84C77B86AC8B10124112002F0A7F853
:10920000B9F1000F09D000F0DBFF06D302F07AFAC3
:10921000012802D102F07CFAF8E70CB904F0E2F977
:10922000102002F094F80FB0BDE8F08FB9F1000FF4
:10923000E2D0D9E9240100F0ACFF07D199F84E0043
:109240000128D9D099F84600012806D00020022133
:10925000012204F09DFC04F051FD97F8390070B133
:10926000386BADF81400D9E9241004224B42824136
:1092700027D381F40001084319D104201FE000F036
:109280009FFF1ED3B8F1000F00F0598204AC2046B6
:1092900003F0D0FDDFF8AC5620460522296803F024
:1092A00023F82868A8EB0000A0F10A084CE2484621
:1092B00001F056F801460220012908BF042003F0FE
:1092C000C1FE484601F006FFD9E924650020D6F129
:1092D0000801A8413CD286F08000284300F0B48009
:1092E00086F48070284300F0AF8085F0080030439A
:1092F00000F0348185F02000304340F0D882D9E975
:109300000501814240F29682091AD9F878000028B6
:1093100000F07982026DD0E9240383F02003184322
:10932000DFF82036DFF8200608BF00F114031868C4
:10933000D9F85030121AD9F8600003445C18A242E0
:1093400000F263829A4240F263821044C01A5DE2E6
:109350000120B04010F48B7FBDD0D9F874B0DFF895
:10936000EC75CDF80C80B9F8084024219BF8190061
:109370009BF818809BF835A0C7F800B00190381D05
:1093800002900BF04CFB07F133000D21C7E90A6591
:1093900087F832803C860BF042FB5E46DDF804B075
:1093A00007F14100072187F840A00BF038FBBBF123
:1093B000040F0DD8012000FA0BF010F0150F07D0A4
:1093C00006F14C0007F108010DF11E0200F076FFD6
:1093D00006F138000DF11E02029900F06FFF012026
:1093E000DDF80C8087F83400D9E9240180F004000E
:1093F00008430CD197F8320000F074FF796802221C
:10940000531E834203D247F822100132F8E7347E1C
:109410000023727E650104F0020004F001010A934A
:1094200008936DB2012A8DF826008DF82510C5F33A
:10943000C1158DF827505DD16207032303EAE2725C
:10944000120142EA8000B1E0DFF800A5DFF8F8B4CD
:109450000024CAE90265D9F874600BF13000CAF83B
:1094600020408AF81E40AAF81C408AF814408AF866
:109470000040CAF810400290CAF8180096F833016C
:10948000012807D196F83B01D9F80040012104F0EA
:10949000E7F80444D6F84C0109F158010A9009F1A3
:1094A000500002F0EDFE20440B90708B0C90D9F828
:1094B00000000D90F08A0E9002F024F9012808BFF8
:1094C00002F026F90AF1200006F59D71042204F04D
:1094D000BBFD96F83801002800F08F80B6F8E61042
:1094E000DFF8682406F1280000F0C4FF002840F0EF
:1094F000D88186E00AA8012101F016F810B10020F9
:1095000000F024FE0A980DF1250A00F00300C11EA8
:1095100018BF01460A911AF8015008A8012101F06C
:1095200003F810B1002000F011FE9DF8201005F0A6
:109530000300C9070A9928D14A1E002908BF022240
:10954000511E002A08BF02211AF802201AF8011041
:10955000302303EA011162F3830127E0C7F8289062
:109560000020012489F89900C8EB4810D9E90923A3
:1095700089F88D4000EB98014846984700283FF451
:109580003CAE484600F052FD36E60131022988BF64
:1095900000210AEB010212F8013B012988BF524663
:1095A0001178302202EA011163F38301084487F83D
:1095B000334087F8320002F0A5F8012808BF02F016
:1095C000A7F8D9E92410DE4F81F00402024312D03B
:1095D00081F08052024300F0CD8081F400520243BA
:1095E00000F0CA8081F00062024300F0C78000F002
:1095F000D0FD40F0C5800120C3E096F825008AF830
:10960000000096F83B01D9F8004096F8205001215F
:1096100001F06EF999F818108AF81C1040F2E24136
:10962000694301EB440108440830CAF81000786A25
:10963000816B484688470028044618BF012000F087
:1096400085FD00204FF0FF3189F81800C048006800
:1096500001F09CFE09F10C0A504600F061FE07463D
:10966000D9E92401CDF80C80019680F4807008437C
:1096700010D1B448043087420BD0B87B800708D59E
:10968000788939680844B989084400790B2808BFEB
:1096900001240134AB480BF150055FFA84FB4FF015
:1096A0000008029E041DAFB1D84513D2384631469A
:1096B0002A4600F003FE99F8180008F1010801306D
:1096C00089F81800A742504618BF381D07680436AD
:1096D0000235E8E79A4FDFF874A2D84509D2204650
:1096E00031462A4600F0EAFD0436023508F1010849
:1096F000F3E7954E00204146019D029B072906D8BD
:1097000003EB410243F8210001311084F6E7904851
:10971000006801F041FE8AF8148001F0F3FF01288F
:1097200008BF01F0F5FFD5F8C80001F0B7FDDDF87E
:109730000C8005283DD006283DD101243DE0D9F814
:1097400050004FF000080490B9F85400ADF8140030
:1097500000208DF81600012003F03AFF04A9002034
:1097600003F0E4FC002840F0A2800120002104F076
:1097700011F878E5022004E0032002E0042000E074
:109780000020BBF1010118BF0121BBF1040218BF89
:1097900001221140002204F09DFD707E6B490338C8
:1097A00018BF012086F8250006F11B0000F0EAFE34
:1097B0007CE0002401E000F00FFD0AA82146002211
:1097C00004F020FD01F09EFF012808BF01F0A0FF7A
:1097D0005E4C05F1280005F59671224601F09AF8D5
:1097E00000285ED195F82E010138012858D895F847
:1097F0003311607F00293ED000F07F006077A07FAA
:1098000060F07F003DE0D9F860000844C9F86000CE
:10981000D9F81C1071B14B4A4B4B1268DB691A44E2
:10982000D9F850301844801A884282BFC81A1044B0
:10983000C9F8600000F0BBFC43484249D9E909235C
:10984000C06909680844D9F86010081AC0EB4011D3
:1098500001EB90014846984700283FF4CDAC044600
:10986000D9F84850484600F0E1FB002D3FF4C4AC65
:109870002046A847C0E440F080006077A07F00F059
:109880007F00A0772F48316B4068814203D1207F51
:1098900008B1013820772D4905F1EC0001F018FBE3
:1098A000002099F89F10013189F89F1048B301F00A
:1098B00017FC0020002403F08BFE012003F0C2FB04
:1098C000122089F8984001F044FD0020002103F0A7
:1098D00061FF99F8990010B1013889F89900786A08
:1098E000816948468847B8F1000F7FF485AC01E0F4
:1098F00001F00EFF01F006FF0128F9D0FFF7A0FAF2
:109900007AE4D9E924010422434272EB01010ED327
:1099100010F4C07F1ABFD9F8740090F8350101F037
:10992000FBFB0138B0FA80F0400901F0DFFB00F0EA
:109930003EFC97F8390000287FF45EAC00245CE41C
:1099400048B80020D0080020D8B8002090B80020E7
:10995000A0BD00202DE9F84F83460C201D46174678
:10996000894601F0F2FC00F03FFC002880460446E6
:1099700018BF4FF0010840460121012601F0A0FC6C
:1099800089F01000DDF828A050EA0B0002BF84F82F
:1099900046604FF008094FF0000BC4E924B90021DC
:1099A0000C98C4E91CA784F89810C4E91A505FB158
:1099B0008BF0804050EA090006D197F83E002074F1
:1099C000002087F83E0038E019F0280F2CD0386AC4
:1099D0007D25F968794E8000B0FBF5F0A060B8688D
:1099E000B047E060D7E90401B0472061B869800062
:1099F000B0FBF5F06061F86979688000B0FBF5F0C4
:109A0000A0613868B047E061386BE06297F82500E4
:109A100084F82100B86A606297F8240084F8200076
:109A2000F86AA062786B20631BF4C07F05D0012028
:109A300020750020C4E903006076012084F88400CA
:109A40000020C4E91F00D4E9240180F0020008438B
:109A500006D1606F407E012802BF59480021016095
:109A6000574F786AC1692046884730B189F0200095
:109A700050EA0B0039D100248BE0786A806A804775
:109A80000546786AC06A80472844012804BFF86AFE
:109A900000280ED14B480021002202F095FF00283B
:109AA000F86218BF012000F051FBF86A012102F0B2
:109AB000CFFF786A806A8047012804BF012003F045
:109AC000A3FED4E9240100F0404301F00502D218BE
:109AD0005AD180F400220A430CD000F05AFB0ED178
:109AE00094F8460001280AD14EE0204600F08CFB95
:109AF00000255DE0786A806A8047012842D04046B0
:109B00000021002501F0DCFBD4E92401D0F108029A
:109B100075EB01022BD280F480720A432FD080F4BF
:109B200000120A432ED080F400020A432AD080F0AB
:109B300080420A4326D080F000420A4322D081F0BE
:109B4000010202431ED081F0040202431AD081F0C8
:109B50000802024316D081F01002024312D081F0B5
:109B6000200108430ED0002000F0F0FA0AE00122A4
:109B7000824012F48B7FCED0606FC46202E0606FCF
:109B8000C0F8CC40FFF75CF989F0200050EA0B00E8
:109B900003D1204601F0F0FA0446BAF1000F18BFD5
:109BA000002C01D1254603E0256F002D18BF254666
:109BB0000C2001F0CCFB2846BDE8F88FE9D702085D
:109BC00048B80020C99B020880B55F2001F0BDFBAA
:109BD0000120FFF719F9FFF733F90020FFF714F917
:109BE0005F20BDE8804001F0B2BB00002DE9FC41E0
:109BF00004460F2001F0A9FB002C204618BF0120CD
:109C000000F0A4FADFF83881042084F89800D8F82E
:109C10002C0020B102F0CEFF08B11F2567E094F8B8
:109C2000940010F0280F08D0D8F82800A04204D1E2
:109C3000002084F88D00C8F82800032001F0A0FB64
:109C4000D8F82800A0422CD194F88D00012828D102
:109C5000042084F8980098F83800013088F838001B
:109C600000F0ABFA204600F06FF803F0BBF80746AF
:109C7000019003F0C9F8009001AD6E4694F88D0094
:109C8000012856D1002F54D0002002F06DFC10B1F5
:109C9000002002F093FC2846314600F0F6F8019FC0
:109CA000ECE700F08AFA032001F06AFBD8F8240000
:109CB000016A204688470546C8B9204600F0A4FA44
:109CC00000F07BFA00F069FA50B9D8F82400C06AB5
:109CD000804728B908F12C0002F0E1FF054630B9B1
:109CE00000F05BFA002510B9002003F08DFD00F0B4
:109CF00054FA20B9D8F82400C06A8047B0B1FFF701
:109D00009FF8D8F8240058B1806A804740B90D48C0
:109D100042682AB10078C00702D000200021904795
:109D20000F2001F014FB2846BDE8FC8100F04FFA3B
:109D3000E7E7002F18BF0127384600F007FAB2E71F
:109D400048B80020D8B800202DE9F0410446D0E9F9
:109D500024100022D1F1080382410AD301228A4053
:109D600012F48B7F05D0206EC0EB401101EB900404
:109D700082E081F08002024303D081F480710843C5
:109D800012D1656F95F83A0195F82E81042816D006
:109D900002280CD001281ED140F64806B8F1000F69
:109DA00008BF40F6280623E000F016FA64E04FF4FE
:109DB0008566B8F1000F08BF4FF4836618E0B5F868
:109DC0003C0101280DD141F2BE16B8F1000F08BFC9
:109DD00041F27E160CE000200121002601F070FA0D
:109DE00006E044F29026B8F1000F08BF44F2901646
:109DF00095F83B01042813D0022809D001281BD173
:109E000040F64807B8F1000F08BF40F6280720E0E9
:109E10004FF48567B8F1000F08BF4FF4836718E06F
:109E2000B5F83C0101280DD141F2BE17B8F1000F81
:109E300008BF41F27E170CE000200121002701F04D
:109E40003FFA06E044F29027B8F1000F08BF44F251
:109E50009017D4E9240180F48070084307EB0600D2
:109E6000C0EBC00000F29E7004BF216800EB41000F
:109E7000EC8AA04238BF044604F58C60B0F5E03FA0
:109E800098BF4FF4E030BDE8F081B0B50C46054610
:109E900002F0BAFF21684A42884238BFCA4311180B
:109EA0002A68511A38BF002129602060B0BD000027
:109EB00070B5002805460C4618BF012000F046F991
:109EC000002C204618BF012000F040F9B5F89000A2
:109ED00010F4C07F04BF112070BD0F4E00F043F995
:109EE000686F90F82F11072904D090F830010738D7
:109EF000012802D805F17C0001E005F10C00A17BEE
:109F0000890742BF697E01316976214600F0F2F986
:109F100000F067F9002070BDA0BD0020B0B5044678
:109F2000032001F012FA002C204618BF012000F097
:109F30000DF9114D002084F89800A86AA04209D1BB
:109F4000D4E9240100F025F904D1002084F88D0023
:109F5000A86203E0686A016B2046884795F83900DB
:109F600018B1013885F8390001E0FEF769FF0320D8
:109F700001F0EDF90020B0BD48B800207FB5002801
:109F8000044618BF012000F0E1F8D4E902210520C1
:109F900084F8250052EA01001CBFD4E9043053EADA
:109FA000000533D1A069A0B3E3690BB1984230D862
:109FB000D4E9005355EA030606D0121841F1000116
:109FC000AA1A73EB010124D3216A59B1154A164B21
:109FD0001268DB691A4400EB9200C2EB4212104493
:109FE000814216D3E06AA0B103A802F023FFD4E9AE
:109FF000040150EA01020FD003F0F6FB039905318A
:10A00000884209D2032084F8250002E09B1A884187
:10A01000C8D2002004B070BD0020202100F0A8F8B4
:10A02000F8E700BFD0080020D8B8002010B50028FD
:10A03000044618BF012000F089F8D4E9240181F01A
:10A04000080281F02001024308430121B2FA82F2A2
:10A05000B0FA80F052094009104301F031F9D4E917
:10A06000240181F02001084304BFA068002804D027
:10A070002046FFF753FF002010BD2046BDE81040EA
:10A08000FFF7B4BD80B50849896A41B191F88D10D8
:10A09000012904D1432001F05CF90C2080BDBDE80A
:10A0A000804002F0A1BF00BF48B8002070B586B064
:10A0B000044600200590CDE9020001F063F902F0AA
:10A0C00049FB05460DF1070001F02CF81D4EB06A62
:10A0D00018B190F88D0001281DD09DF807000938AF
:10A0E000022818D303F04EFD012814D0706A80684E
:10A0F0008047D0B100F043F81348016802AE304603
:10A1000002F06CF905A802F095FE0599304602F0C0
:10A110008DF900280CDD0020A84238BF05462560D7
:10A1200001F032F9002006B070BD4FF0FF30F3E7C8
:10A130000599029802F09EF9C0EB401101EB9000E6
:10A14000EAE700BF48B80020D0080020012101F054
:10A15000B7B8B0FA80F0400901F0B2B8DBF82400DB
:10A160008169204608474FF0FF31306801F00EB991
:10A1700022460023029000900020FFF7EBBBD0E9BD
:10A1800014010522CDE902017047DBF82400806844
:10A19000004781F0080108437047D8F82400806A1E
:10A1A0000047B0FA80F00121400901F089B8C7F8F2
:10A1B0002890786A416948460847032001F0DEB8D4
:10A1C000D9E924010422404272EB010070470120CA
:10A1D0000221002203F0DCBC00200121002401F058
:10A1E0006FB8306801F0D8B810B5064802F04CFAE4
:10A1F000044620B120460021A82203F06BFF204630
:10A2000010BD00BF08B8002070B538B30446D0F8C0
:10A21000900010F4C07F1BD0134E04F10C05286889
:10A2200038B1284600F022F8B042F8D001F018F812
:10A23000F5E704F17C05286838B1284600F016F8E7
:10A24000B042F8D001F00CF8F5E7D4E9240101E0C0
:10A25000D4F8941080F40050084300D170BD20461B
:10A26000BDE8704002F012BAD408002070B5114E5B
:10A27000044600F08FF8217A206821B10E4DA0B17C
:10A280000020207211E038B16168884207D041682F
:10A2900021600021416007E000F077F805E001212E
:10A2A00021720021C4E900110546306801F074F8FC
:10A2B000284670BDA0BD0020D408002070B500283D
:10A2C00005460E4618BF0120144600F068F81EB17E
:10A2D00068892968084430600CB1A8892080002072
:10A2E00070BD0000024900F00F00085C704700BF1D
:10A2F00008CA030870B5094E0C46054600F04AF836
:10A30000286818B155F8040F446000E010C52C60AF
:10A310003068BDE8704001F03FB800BFA0BD00202C
:10A32000B0B5064D00F03EF8207A08B1044C00E0CC
:10A330002468286801F030F82046B0BDA0BD002098
:10A34000D408002010B50028044618BF012000F0F2
:10A3500026F800201CB184F85600A46FFAE710BD5F
:10A36000D0E92432014683F4807010434FF000009E
:10A3700003D083F080031A4306D1496F91F82E1160
:10A380000139022938BF0120704700200121002532
:10A3900000F096BF4FF0FF31306800F0F7BF0121A9
:10A3A00000F08EBF04464FF0FF31286800F0EEBF8A
:10A3B000B0B505462B200C4600F0C7FF7CB1B5F5C3
:10A3C000706F09D22846214603F0B4FF04462B20C3
:10A3D00000F0BDFFE0B2B0BD204600F002F8122050
:10A3E000B0BD10B504462C2000F0AFFF206800F08F
:10A3F0006DFF2168002818BF0439084602F046F9AD
:10A40000204602F043F92C20BDE8104000F09FBF29
:10A41000FFF74CBE10B50446CE2000F096FF012C8D
:10A4200001D9122403E02046FFF72CFE0446CE207B
:10A4300000F08DFF204610BD014802F029B900BF91
:10A4400028B8002010B50446800703D50720002156
:10A4500002F094F8E00703D00620002102F08EF805
:10A46000A00658BF10BD08200021BDE8104002F032
:10A4700085B800002DE9FF410646A92090460D460B
:10A4800000F063FF01200421012403F083F9244834
:10A49000244F0522395864F30201395006F10801AE
:10A4A00002A803F0D1FD029802220123F860B868E7
:10A4B0000399400960F35F11B96040F67401706858
:10A4C0003860B8686FF3541040EA4510B860786897
:10A4D00040F400007860B86940F00100B86100F015
:10A4E00032FE054680B9786A40F002007862786AE8
:10A4F00020F0020078627868C0F3C52088F8000078
:10A50000B86920F00100B8610020042103F042F98D
:10A51000A92000F01CFF284604B0BDE8F08100BF70
:10A520002CFCFFFF5408024880B500F0E5FE002037
:10A5300080BD000010B586B00C21C0F34102104C64
:10A540000DF1160301EAD0111144A27C02F0F002D1
:10A5500011440DF11702A17401A900F0F9FD01AB3E
:10A560000FCB6176A276E37620769DF817009DF8F2
:10A57000161000F00F0040EA0110607406B010BD24
:10A5800054BC00202DE9FE4F0D460646D1E90A01D4
:10A5900000F092F9DFF8B89280464FF40070DFF8CF
:10A5A000B4B200212C220024A9F84800FF2089F829
:10A5B0004500584603F08EFD4FF0FF30A74F02963E
:10A5C000ABF80000B07AD8B1A5490020002400F013
:10A5D00019FE0028C9F80C0000F034814481046899
:10A5E0009D490422E619B0B2ABF81E60084300F0A2
:10A5F000BAFD54F8040C66F30F0044F8040C05E0AF
:10A600004FF6FF70C9F80C40ABF81E00CDF804807F
:10A6100001F078F8012808BF01F07AF8D5E90A01BD
:10A62000C9E90E01A88895F834800438ABF81C00FD
:10A63000B8F1030F04BF4FF0040885F8348008EB2D
:10A64000082000F58030FFF775FF95F834000428E6
:10A6500006D1DBF808004FF0604120F07F400AE0AF
:10A66000804931F810004FF0D85101EB0060DBF861
:10A67000081021F07F410843CBF80800D5E90A0211
:10A68000411E62F100000022D1F1070372EB0000CD
:10A6900006D376A07DA250F8210052F8211003E0E5
:10A6A000714901F10C0008310968012201238BF87E
:10A6B0001310012100688BF8020095F9400002F0A8
:10A6C0005FFBDBF808007949794BD9F8202061F36A
:10A6D000170099F82510012908BF1346CBE901306E
:10A6E00001F010F8012808BF01F012F8714B4FF685
:10A6F000FF7A98692968D5E90A2C20EA0A000C79C2
:10A700004E79204440EA0620986108784C788E788B
:10A71000C97840EA042040EA064040EA0160D86176
:10A720000298007A996960F3104182F0020050EAC1
:10A730000C00996115D1186A1C46029B20EA0A0098
:10A7400019795A79084440EA022020621878597829
:10A750009A78DB7840EA012040EA024040EA036050
:10A760006062BBF81C6005F1080968684FF0000BD7
:10A77000A8B3BBF1060F32D800F0C4FF012808BF10
:10A7800000F0C6FF3448002104223418204603F0AC
:10A79000A1FC59F82B00014600B96968CE1922685E
:10A7A00022EA0A02B1B2B8F1040F1144216002BFDB
:10A7B000216841F000612160D5E90A2182F400534B
:10A7C0000B4303D082F40042114305D195F83210B7
:10A7D000226861F3154222600BF1010BC8E7029871
:10A7E000344C407A216B60F30201216395F83210FA
:10A7F00095F83300626861F30502626001F042FC83
:10A8000014492820C87300F07DFF012808BF00F01C
:10A810007FFF2068019961F30400012120600C484A
:10A82000006C02F05FFF0B493022044603F00CFC81
:10A830000949D1F8080464F30F00C1F808040020A6
:10A84000BDE8FE8F422000F084FD0720BDE8FE8FAA
:10A8500040B9002054BC002000000248FCFFFDB7B6
:10A8600040B8002018CA030864BA002068BA002063
:10A8700068BA002070BA002068BA002070BA0020C0
:10A8800070BA002070BA002068BA002064BA0020B4
:10A8900064BA00206CBA002064BA00206CBA0020B0
:10A8A0006CBA00206CBA002064BA002055555500DF
:10A8B000D6BE898E0C080248F8B5002605460C461F
:10A8C000B0F1806071F100004FF0000038BF01204E
:10A8D0000121012700F0F4FC1A2E06D007FA06F039
:10A8E0006840204302D00136F6E70026F0B2F8BDFA
:10A8F00010B52B220B234A4301FB03F4042808BFA5
:10A9000001FB0324024931F81000204410BD00BFB0
:10A9100018CA03082DE9F04F87B003910446D2E925
:10A9200002019246FFF7C8FF8146DFF828054FF67F
:10A93000FF7101601E2000F008FDDFF81C550021AA
:10A940002C22284603F0C6FBD448002114221030E4
:10A9500003F0C0FB4FF0FF30288000F08DFADFF8E5
:10A960000085D8F82C0010B1012088F84800039920
:10A970000220897888F84900D8F840000139012977
:10A980000BD8022102F0AEFEDFF8CC14009030307C
:10A990003022088000F0E7FB03E0012102F0A2FE74
:10A9A0000090DFF8B434039A1078196A00F00100BF
:10A9B00021F0007141EA4060186220F08070517807
:10A9C00001F0010140EA016018629AF821000428B0
:10A9D00002D14FF0614007E0DFF8881431F8100031
:10A9E0004FF0E85101EB0060DFF87C14DFF86834C9
:10A9F000D1E90221DA749970996821F07F4101430D
:10AA00009960DAF8101006315961216821F07F4110
:10AA10000843986060685860FB20D873A0480168BC
:10AA200069F3040101609AF8001088F845100A29BA
:10AA3000426861F3050242604FF0010088BF0220C6
:10AA4000012208440121C0B201F0B6FADAF8200070
:10AA5000FFF770FD0DF11B0003F0DAFD9DF91B00FF
:10AA600000F084FBDAE902014FF000094FF0000B1F
:10AA700080F4807008434FF0000008BF4FF0FF30B3
:10AA80000190002400250027002002909AF814006D
:10AA900001990844814580F0378100F033FE012898
:10AAA00008BF00F035FE2FB1B9F1000F0AD0002227
:10AAB000012721E094B1DFF8BC13204600F0A2FB8F
:10AAC000044613E0DFF890134FF6FF704746C88343
:10AAD0000020C8F81000012005907CE0DFF89413F6
:10AAE000002000F08FFB0446C8F810006CB3B9F1E9
:10AAF000000F61D001220027E8B2012822D8DAF83D
:10AB00001800D046059750F829A0D44882451ED099
:10AB100004955546264617460021042255F8044D53
:10AB2000284603F0D7FAA00E29683A46344660F367
:10AB30009A61CF4829600AEB0005C246DFF82083FE
:10AB4000059F23E004955D4694E00024ACE72806C9
:10AB5000284648F2082508BF4FF402450130BBF5EE
:10AB6000024F0490E9D04FF6FF70C049C246DFF8AB
:10AB7000F0828345B7481ABFC0F800B05846006855
:10AB80000844059F017901F0EF010171B7495BF8B5
:10AB9000010065F30F004BF801009AF8200004282B
:10ABA00068D1BAF8220001285FD0022862D1AF49EB
:10ABB000685820F000605CE02088A74904224746DE
:10ABC0000438C88380B261890844A8490843002139
:10ABD000059100F0C8FADAF81800A049A04600680C
:10ABE000884219D0DFF870B20438A04C002104224A
:10ABF0002E46ABF81C0080B22043056803F06AFAC9
:10AC0000BBF81C10A80E354621430A6860F39A620F
:10AC10000A60BBF81CB005E08F484FF4024B0135C9
:10AC2000A0F81CB08C48C08B02909AF82000042831
:10AC30000FD1BAF82200444601280CD00228B846A9
:10AC400011D18A4840EA0B00016821F000610160DF
:10AC500009E0444606E0854840EA0B00016841F0FF
:10AC600000610160B846059F1EE08049685840F0C9
:10AC700000606850B2B12646246800210422201FDB
:10AC800003F028FA7A48029AAB462044774C1159CF
:10AC900060F30F0111513446029004E00082024833
:10ACA0000C080248AB46049DDAF8180050F8290059
:10ACB000017801F00301032908D1017941F0200155
:10ACC000222902BF6A490844C8F814000398807812
:10ACD000012816D1654804305BF80010C1F3072144
:10ACE00079B1624A5BF8022052010AD44FF48063C2
:10ACF0005BF8002003EB0121090A61F30F224BF8F6
:10AD0000002009F10109C1E6DAE9020180F480704E
:10AD100008430CD1E8B201280BD8DAF818004F49E3
:10AD200050F82900884206D05149084418E0584696
:10AD300048E058462FE00135BBF5024F0ED04FF6E4
:10AD4000FF704A49834543481ABFC0F800B05846CF
:10AD500000680844017901F0EF01017148F2082010
:10AD6000424A5BF8021060F30F014BF802109AF8A8
:10AD7000201004290FD1BAF82210012906D0022987
:10AD800009D13A4A815821F0006103E0374A8158DD
:10AD900041F00061815003998978012912D133492A
:10ADA00004314258C2F3072262B1304BC3585B01F1
:10ADB00008D44FF48064435804EB0222120A62F371
:10ADC0000F234350290605D0E9B2012908D1B9F172
:10ADD000000F05D0254B4FF6FF72C1581143C150EB
:10ADE00003988078012807D11B4A4FF08061D07BFF
:10ADF00001EB0060000ED0734FF6FF70029B1B4DFD
:10AE000083421FBF194A995808439850DAE9020152
:10AE1000C8E90E01104909F01F00009CCA7802F031
:10AE2000E0021044C870888B2843C27802F0FC020C
:10AE3000C2702046302203F007F9D5F8080464F305
:10AE40000F00C5F808041E2000F081FA002007B0AA
:10AE5000BDE8F08FE408002054BC002000820248C6
:10AE600040B9002018CA030864BA00200000024854
:10AE7000FCFFFDB740B80020BCB50120134C0021F9
:10AE800004220190204603F025F948F2082004220C
:10AE90002080E07840F00400E07001AD201D2946DC
:10AEA00003F0D2F804F108000021042203F012F9A3
:10AEB0004FF40240294604222081E07A40F0140039
:10AEC000E07204F10C0003F0BFF8BCBD0082024840
:10AED0002DE9F84F83467A488A46006C02F05EFFFF
:10AEE0000446DAE90201DBF80C809AF81E9080F043
:10AEF0008000084394F8201004F1210022D141F091
:10AF0000800100F029F9877890F800C043EA012118
:10AF100043784CEA0323927841EA0241C27847EA37
:10AF20000222074617F8046F43EA0242437946EAD1
:10AF30000323BE78FF7846EA072643EA064323F058
:10AF4000800320E001F07F0100F006F98678C778E1
:10AF500046EA072643EA01214378927841EA024112
:10AF6000027842EA0322437942EA0642064616F88C
:10AF7000047F47EA0323B778F67847EA062643EAD0
:10AF8000064343F08003160E0270C670160C120AB8
:10AF90004270024686701E0E02F8043FD6701E0CE8
:10AFA00096701A0A42710A0A427200F8081F090CC8
:10AFB00010228170201D0BF1100103F045F89AF862
:10AFC0001C00DBF8081094F826204FEA1867DFF819
:10AFD000F48094F82BC0084494F82010E0619AF8AB
:10AFE0001D3001F0800103F07F03194484F8201024
:10AFF000214611F8253FDBF80CE043EA02228B786A
:10B00000CE7843EA0623264606F821EF42EA0342B9
:10B01000734667F31F63F7701D0C69F306021B0A82
:10B020000A70B57084F82230DBF800006061DBF84C
:10B03000040084F822300A70B570F77086F800E0DA
:10B04000A061B8F81C0060801F481040030C00F598
:10B0500080708B700023000ACB704FF4600184F87D
:10B0600026004FEA0C4001EA0C4184F82900012037
:10B0700084F82A0001F58021090C84F82B10B8F817
:10B080001E10218011490A6822F001020A608A69B3
:10B0900060F302028A610A6822F018020A60D1F89D
:10B0A000A02360F345020320C1F8A02302F00AFBAD
:10B0B0000748016841F008010160BDE8F88F00BF52
:10B0C00040B9002054BC0020FF8080006804024882
:10B0D0007C08024801490864704700BF40B900205D
:10B0E000014800210164704740B900200849012847
:10B0F0000A6809D1074890F8240060F398420A6072
:10B10000086840F0007001E022F0007008607047AD
:10B110002008024840B90020014890F825007047F7
:10B1200040B9002010B50028044618BF012000F0E7
:10B1300007F8024890F84400207010BD40B9002084
:10B14000012100F0BDB800200090C82001F0D4BF5C
:10B150000091012102F04EBA024684F8201012F844
:10B16000083F417A7047002102F0B4BF002101225C
:10B17000012301F005BE000058B1074A02F10C019D
:10B1800092F838202AB108C9013A834208BF7047B3
:10B19000F8E70020704700BF98B9002070B500287C
:10B1A000044618BF012000F02AF82068002818BFC4
:10B1B000012000F024F8608921680422A589002676
:10B1C00008440021083802F085FF6089216808449E
:10B1D00000F8046DC67086704670A17B4570C90783
:10B1E0004FF0120108BF11210170E81C20F003008C
:10B1F0000430A081608904386081002070BD012185
:10B2000000F05EB870B5054614480E4601F03CFAF1
:10B210000028044618BF0120012100F051F87CB13C
:10B2200020460021102202F055FF304601F030FA8E
:10B23000206010B13088208103E0204601F026FA1A
:10B24000002405B16C6034B1206820B104380021BD
:10B25000042202F03FFF204670BD00BF18B8002056
:10B26000B0B50028044618BF0120012100F028F8DD
:10B27000A07B40070CD42068002818BF01200121C2
:10B28000012500F01DF82068043801F0FFF900E006
:10B290000025204601F0FAF92846B0BD80B50749DF
:10B2A0008A1C904204D30B3188429CBF007880BD39
:10B2B0000020012100F004F80E2080BDD8B9002044
:10B2C000012908BFE9F758BC704700000649002271
:10B2D000064B88424FF0000138BF0121984288BFD9
:10B2E000012202EA0100704700C00248FFFF014846
:10B2F000E9F746BCE9F748BC80B5E9F749FC00200E
:10B3000080BD10B5022804D000280CBF0124002401
:10B3100003E000200024E9F72FFC2046BDE81040A0
:10B32000E9F73ABC10B5022804D000280CBF01246C
:10B33000002403E000200024E9F71EFC2046BDE8BD
:10B340001040E9F731BCE9F737BCE0F753BAE0F752
:10B3500052BAE0F751BA30B1022806D0012818BF1E
:10B360007047E9F7B7BBE9F7B9BB0020E9F704BCC0
:10B3700001480068704700BF14000248E9F7A2BB0B
:10B38000E9F7A4BBDDF790BDDDF778BD80B50320FC
:10B39000DDF7CEFD002080BD80B50320DDF796FDF2
:10B3A000002080BD0020704780B5DDF76BFE0020D7
:10B3B00080BD000070B500F017F80A4E044600206A
:10B3C000726A96F8575086F859002AB1601B2946D0
:10B3D000B0FA80F040099047AC4204BF002086F8E4
:10B3E000570070BD54BA002010B50548046800200D
:10B3F000FF2C38BF012000F0F1FEE0B210BD00BF0D
:10B40000F0CC030870B520B11B4991F85820CAB19F
:10B4100070BD1A4C2068022822D10320FFF7B0FF2C
:10B42000154D0020164E286285F858002068022825
:10B430000BD13068C0074FF00200F8D000F022F8BE
:10B440002068F4E781F8580070BD00206A6A85F82A
:10B45000590012B10120FF2190470320FFF78EFF12
:10B46000054800212822A0F856102E300021BDE802
:10B47000704002F02FBE00BF54BA0020E4B9002093
:10B48000400402487FB500250395FFF7ADFF8DF816
:10B490000A50ADF80850194D04462F202E6A019627
:10B4A000FFF753FF164800F0A0FE00F001FA00F08D
:10B4B00069FC95F85700013085F8570003A801F0A2
:10B4C000B9FC95F85700A0420AD2701C0CD095F830
:10B4D0002D000399014401A800F0A8FF002803DD16
:10B4E000002000F0D3FC05E000F094FC02210022D3
:10B4F00000F00CFC2F20FFF72AFF7FBD54BA00207C
:10B5000044040248012A08BF00F0AEB822B98908F5
:10B510000022002300F004B800200121FFF7D0BE74
:10B520002DE9F84F814600200029009000F08C8022
:10B5300049489A4693460E46012990F84C8004D11A
:10B54000D9F80000AE2800F07F80B8F1010F01D0DB
:10B5500000F047FE4148006818B1002000F03EFEB0
:10B560006FE03F4F786A40F00100786200F0BAF86F
:10B5700038680024002540F020003860B4420AD228
:10B580003868C0F380400090009801281EBF59F829
:10B590002400B86001343868BBF1000FC0F30050DC
:10B5A00000902CD0009850BBAAEB0501F868032945
:10B5B00007D8DFE801F00210141B002000F00EFE97
:10B5C0001DE00BEB0501020E0BF805000435CA70F7
:10B5D000020C000A11E00BF8050001350FE00BF832
:10B5E00005000BEB0501000A023507E00BF805002A
:10B5F0000BEB0501020C000A03358A7048705545B3
:10B6000028BFB442BAD317494FF0FF304A1CFB6938
:10B61000013003F001030093009B0BB99042F6D375
:10B62000884202D9002000F0D9FD386A40F00100BC
:10B630003862386A20F001003862386820F0200053
:10B640003860B8F1010F01D1BDE8F88F0020022168
:10B65000BDE8F84F02F09EB8F8BB0020E4B9002026
:10B6600024040248A1FE2600F8B5002805460C4631
:10B6700018BF012000F0B2FD7CB3042C02D1286871
:10B68000AE282AD0154E96F8680096F86910013059
:10B69000B0F10C0718BF0746F8B2401A18BF0120D6
:10B6A00000F09CFD96F8680006EBC000C0E902546B
:10B6B000306886F8687050B900F093FD084801685A
:10B6C00041F001010160012000F02CF830680128F0
:10B6D00003D1BDE8F84000F01BB8F8BDE4B9002084
:10B6E000480402480648724600F07FFD964601680D
:10B6F00041F002010160016821F002010160704720
:10B700002404024801480068704700BFE4B90020E3
:10B7100003480068C0071CBF012000F003B8704751
:10B72000400402482DE9F84FDFF878C107465E4A29
:10B730009CF86900DCF804600CEBC001D1E902540C
:10B74000116A41F001011162116A21F001011162D7
:10B75000411CB1F10C0A18BF8A469CF86810884257
:10B7600003D1BDE8F84F00F0A3B8DCF800009CF866
:10B770006A8030B90120CCF80000FFF7B3FFDFF892
:10B7800024C1494A106820F020001060B0081168F8
:10B79000002F60F39C511160106840F010001060A1
:10B7A00066D00020414F5FEA08616ED0C4F3870184
:10B7B0005FFA88FB594538BF8B46A8EB0B0908B1E7
:10B7C00000241CE09CF86B005FFA89F1814209D2E9
:10B7D000A8EB00042946E0B238B104C90138F2519F
:10B7E0000436F9E70024002009E0FFF7CBFD2E49DD
:10B7F000DFF8B0C0086840F0200008600120ABF11D
:10B800000102E1B28A4205DD55F821100134F151FF
:10B810000436F6E75FEA096218D09CF868305FFAF0
:10B820008AF29A4212D055F82110C84621F0100130
:10B83000F151511C8CF869A0B1F10C0A18BF8A466D
:10B840000CEBC2010436D1E90254ACE79CF8692044
:10B850000CEBC202134653F80C4FBBEB940F0DD206
:10B86000A4EB8B041C6005EB81030433936007E0B9
:10B8700028680E4970508CF869A00CE08CF869A01B
:10B8800055F8211041F01001F151012803D1BDE814
:10B89000F84FFFF779BD0449086840F020000860C0
:10B8A000BDE8F88FE4B900202404024800000248F3
:10B8B00008480021084A0160136823F02003136040
:10B8C000A0F868100221106820F01000106000201D
:10B8D00001F060BFE4B9002024040248F8B54A48EA
:10B8E0004B4B00224FF4805400688108474829B12F
:10B8F0009D588618013904323551F8E7454C41F21C
:10B900000401454E0025114402F5805224681318A5
:10B91000A408A54207D056F8257004330431013538
:10B9200017500432F5E73D4C3D4E2468A50800242D
:10B9300025B13759013D1F510434F9E71D19394B21
:10B94000394F844600261B689B0823B1B859013B38
:10B95000A8510436F9E721442244344C9319AA191A
:10B960003144334E00252468A408A54209D056F876
:10B970002500674604320431013543F80C000433D6
:10B98000F3E72C482C4C00688308002023B125588D
:10B99000013B15500430F9E7284B294D02441B6840
:10B9A0009C08002324B1EE58013CD6500433F9E73B
:10B9B0000844D118234A1844234B1268920822B134
:10B9C00010CB0430013A10C1F9E7204A204C002581
:10B9D000B0F5905F12680A6060604FF0000098BF99
:10B9E000012000F0FBFB6068C0F50070810800F4E6
:10B9F0007C7284F86A106FF00B012C2A88BF01EB6F
:10BA0000900584F86B50F8BDCCCC030800000248C8
:10BA1000600C0020DCCC0308E00C0020B8CC03084C
:10BA2000980B0020C0CC0308C40B0020BCCC03083A
:10BA3000F00B0020D0CC0308800C0020D4CC0308ED
:10BA4000A00C0020D8CC0308C00C002080CC030838
:10BA5000E4B9002070B5054600200C46022D38BF21
:10BA6000012000F0BBFBDDB1294800220024016861
:10BA70002848FFF747FD2948274D90F8500048B95E
:10BA800095F85800022805D025480022016825486D
:10BA9000FFF738FD6C600020BDE8704001F054B93C
:10BAA0009920FFF756FC0CB900F09BFB1B481A4D80
:10BAB00090F8500098B995F8580002280FD01A480D
:10BAC0001B4E224601681948B0471A4822460168B1
:10BAD0001948B0471948224601681948B047194823
:10BAE000224601681848FFF70DFD184822460168F4
:10BAF0001748FFF707FD012068601CB900200221EC
:10BB000001F048FE9920BDE87040FFF722BC00BF5D
:10BB1000E4CC030874CC030854BA0020F8BB00201E
:10BB200088CC030834CA030890CC03084CCA030825
:10BB300005B502089CCC030864CA0308FC0C00206D
:10BB4000E8080020B0CC03084C0A0020E0CC030831
:10BB500064CC030805480022016821F01C01016043
:10BB6000034801680348FFF7CDBC00BF2404024826
:10BB700094CC030858CA030880B505480022016820
:10BB80000448FFF7BFFCBDE8804000F005B800BFE7
:10BB900098CC030860CA030809484FF4FE51406876
:10BBA00001EB001007490A68800960F38C1206480F
:10BBB0000A600A69007822F0FF02104408617047A9
:10BBC000E4B9002024040248F4CC0308BCB50120E9
:10BBD0008DF807002D20FFF7B8FB00F002FB0DF1F8
:10BBE00007010020002400F01FF80D480568A54259
:10BBF00008D0E0B20021012200F088F800F0C2F87D
:10BC00000134F4E70DF10701012000F00DF80548BB
:10BC1000002180F858102D20FFF799FBBCBD00BF14
:10BC2000F0CC030854BA002070B5274D0C46274AC3
:10BC300095F85810023918BF012192F85020B2FA35
:10BC400082F252091140012814D12C4A2C480029B3
:10BC50002C4918BF10462C4A18BF0A461168002408
:10BC60000022FFF74FFC6C6000200221BDE870400D
:10BC700001F090BD79B11648174E002201681548B1
:10BC8000B0471648002201681548B0471548002201
:10BC900001681548B04774B1207801280BD11348CA
:10BCA0000022002601681248FFF72CFC01202670B4
:10BCB00085F8580070BD0F48002201680E48BDE8A5
:10BCC0007040FFF71FBC00BF54BA0020F8BB002033
:10BCD0008CCC030840CA030805B502089CCC0308B5
:10BCE00064CA0308FC0C0020E8080020A0CC03086C
:10BCF000B4CB0308B4CC0308900B002034CA03086B
:10BD00005CCC030888CC0308A8CC03082DE9F041DB
:10BD10000646302014460D46FFF717FB154F022D3F
:10BD2000BE701FD1154D01214FF001082868B0FAEF
:10BD300080F04009FFF7C4FA01200221022601F039
:10BD400029FD0F48016821F0010101600A48A5F8AA
:10BD500068802E600068C5E902702046BDE8F041A9
:10BD6000FFF7E0BC04482A4601680248BDE8F041FC
:10BD7000FFF7C8BB080A0020A4CC0308E4B90020E0
:10BD800048040248F8B51C48022385781B4800EB9C
:10BD900045041B480068224681081A48FFF7C0FB8B
:10BDA000194805F129060068C0F387070020BE4244
:10BDB00038BF012000F012FA681CB84204D21349BF
:10BDC00001EB800061788170BE4204D20F48217877
:10BDD00000EB860081700020282D38BF0120012152
:10BDE0000124FFF76DFA0A48284480F82E403020DD
:10BDF000BDE8F840FFF7ABBA080A0020B0BA00204F
:10BE0000ACCC0308440A0020B0CC03084C0A002044
:10BE100054BA002070B51C4D95F85660FFF7E4FA4F
:10BE2000A96A044621B105F12E008847FF2822D1D6
:10BE30000020292C38BF012000F0D0F995F85600D9
:10BE40000146A14209D2421C6B1885F8562093F88E
:10BE50002E3083B101311046F3E7C8B2201A18BF63
:10BE6000012000F0BBF995F85700001B18BF012016
:10BE700000F0B4F9304695F85610C0B2A14204BFA4
:10BE8000002185F8561070BD54BA002070B50446E4
:10BE9000FFF7AAFA0A4D95F85710884204BF002010
:10BEA00085F85800012000210126FFF7BDFE1CB1D6
:10BEB000BDE87040FFF77EBA85F8596070BD00BFDD
:10BEC00054BA00201FB500240194FFF707FD26484F
:10BED000002201682548FFF715FB2548007808284F
:10BEE00010D14DF613708DF80B400DF10B020121AE
:10BEF0000123039003A8FFF713FB9DF80B0008280C
:10BF000012D114E01B4801AC0423224600688108CA
:10BF10001948FFF705FB19492046042202F010F9E1
:10BF200028B1012000F05AF9002000F057F9144818
:10BF300000213C22203002F0CDF812480022016896
:10BF40001148FFF7DFFA00F021F80020012101225B
:10BF500001F01EFEFFF73AFE01200121002201F050
:10BF600017FEFFF719FE1FBD8CCC030840CA03085B
:10BF7000FBCC030884CC030824CA0308FCCC0308C8
:10BF800054BA002088CC030834CA030808490020AA
:10BF9000B0F5907F0AD00A58D30604D422B1AE2A55
:10BFA00001D00430F4E7043002490860704700BF54
:10BFB000E8080020FC0C002070B5134E054614461E
:10BFC000307801280DD11148224601681048FFF74A
:10BFD00099FA1048224601680F48FFF793FA0020AB
:10BFE00030707078012803D0022804D1012000E0CD
:10BFF000002000F017F80A490848224685700968B1
:10C00000BDE87040FFF77EBA54BA0020CCCC0308DC
:10C01000600C0020E4CC030874CC0308F40C00206E
:10C02000E8CC0308B0B5044601F02AFBB0FA80F072
:10C0300001214009FFF744F900250020022C38BFF8
:10C04000012000F0CBF80A490A480C4A002C08BF2E
:10C050000846094908BF0A4611680022FFF752FA4C
:10C0600001200021FFF7F6FC05484570B0BD00BF78
:10C070001C0C00203C0C0020C4CC0308C8CC0308D6
:10C0800054BA002010B5084C207801280BD107487D
:10C0900001680748FFF7E8FA064801680648FFF715
:10C0A000E3FA0020207010BD54BA0020CCCC030865
:10C0B000600C0020E4CC030874CC030810B51E4BC0
:10C0C00000241B689B080129C2E9024332D11B4CA2
:10C0D000010AC0B2246803EB9403C41E022C08D2E8
:10C0E0001748006803EB9000164B1B6800EB9303A6
:10C0F00006E002281248006803EB900008BF0346E0
:10C100001360104BC9B21B6800EB93000E4B1B6809
:10C1100000EB9300CB1E022B05D20C49096800EB03
:10C1200091000B4902E0022903D10849096800EB9C
:10C130009100506010BD00BFCCCC0308DCCC0308DC
:10C14000B8CC0308C0CC0308BCCC0308D0CC03088F
:10C15000D4CC030801291CD1B0B5C0F346010D4C65
:10C160000D4DC0F34620012908BF25460B4C002980
:10C1700018BF2C462178117009490A4A012808BFC6
:10C180000A460949002818BF114608781870BDE80A
:10C19000B0407047F7CC0308F9CC0308F5CC03088E
:10C1A000F8CC0308FACC0308F6CC03080148406831
:10C1B000704700BF54BA00200A460549096841EAA1
:10C1C00000410448016004490968FFF79BB900BFBA
:10C1D000F80C002050BA0020ECCC03080121FFF736
:10C1E0006FB80120022101F0D5BA016841F00101C8
:10C1F0000160016821F00101016070478A7983794B
:10C2000093420DD89A4204D80A680368934207D82B
:10C2100002D24FF0FF30704789888088884201D968
:10C22000012070474FF0000038BF4FF0FF307047DB
:10C2300070B5044680790D46012804D008B9A87964
:10C2400020B1002009E0A879012803D128682168DD
:10C25000081A08E0B0FA80F0400901212E68FFF7C3
:10C260002FF82068801BA988A2888A423CBF013829
:10C270001F32511A01EB9001C0EB4010084470BD11
:10C2800010B58A79012A04BF8279002A0CD00A6885
:10C29000084B9A420AD30368074CA34298BF9342C3
:10C2A0003CBF0122827101E000228A71BDE810408A
:10C2B000FFF7BEBF00B817FEFF47E801B0B500F0BA
:10C2C000E7F8A088A9880A18206829680144202A6C
:10C2D000A280216021BF1F3AA280013121608842E3
:10C2E00084BF0120A071B0BD1CB500F0E5F807D8EF
:10C2F000DFE800F003090E12180000F0BDF804E0BA
:10C3000000F0CFF80FE000F0D0F8ADF804000AE03C
:10C3100001EB8100C00003E00020ADF804004801FB
:10C32000009000E0009169462046FFF7C7FF1CBD62
:10C3300070B500F0ADF8204629462668FFF75EFF8D
:10C34000B0F1FF3F07DC1E48864202D80120A071F1
:10C3500001E000F0A6F8A07908B9A97921B12A680E
:10C3600021680132914208D92046294600F02AF876
:10C3700028682168081A206014E0012811BF0020F5
:10C38000A879B0FA80F040090121FEF799FF2868EA
:10C390002168081A294688BF01302060204600F035
:10C3A00011F82068B04209D9A07901210138B0FA0A
:10C3B00080F04009FEF784FF0020A07170BD00BF2F
:10C3C000FF47E801898882888A423FBF0368013BB2
:10C3D00003601F32511A8180704700001CB500F0C5
:10C3E0006BF807D8DFE800F003090C161C0000F01A
:10C3F00043F80CE000F055F813E000F056F806E0C2
:10C4000001EB81004100C0000090A1EB9000ADF86D
:10C41000040006E00020ADF804004801009000E0B0
:10C42000009169462046FFF783FF1CBD026892EA2F
:10C43000010006D48A4204BF002070474FF001007B
:10C440000CE0501A03D96FF00043984204D3881AC5
:10C4500008D9074B984205D801208A4288BF4FF07F
:10C46000FF3070474FF0FF308A4288BF012070478D
:10C47000FEFFFF7F401A704788007D22B0FBF2F07C
:10C480004FF6E172A1EB9001009000FB02107047A3
:10C49000044688790D460121B0FA80F04009FEF784
:10C4A0000FBF00200121FEF70BBF01EB81008100CF
:10C4B000A0EB91000091704704460020CDE90000F8
:10C4C000501E042870470000B0B50D4D04464FF0D3
:10C4D000FF312868FEF75AFF04EB8400094901EB9D
:10C4E0008000027A22B1D1F8C820013AC1F8C820F0
:10C4F00000F0D6F804462868FEF74EFF2046B0BD8F
:10C50000A0BD002000BB002070B504462120FEF72E
:10C510001CFF04EB8400124901EB8005687C08B124
:10C52000012417E00F4E4FF0FF313068FEF72EFF69
:10C53000287A58B12046FFF7C7FF04463068FEF757
:10C540002BFFE96829B12046884702E03068FEF7F2
:10C5500023FF00242120FEF7FAFE204670BD00BF15
:10C5600000BB0020A0BD002000EB8000024901EBD1
:10C570008000007A704700BF00BB0020B0B50C46B9
:10C5800000EB80000B4901EB8005B4FA84F1490906
:10C59000687CB0FA80F0400908430121FEF790FE64
:10C5A0006C7404B1B0BD04484068BDE8B040FEF70B
:10C5B000FBBE00BF00BB0020CCBB0020B0B50F4DC0
:10C5C00004464FF0FF316868FEF7ECFE04EB840090
:10C5D0000B4901EB8000007A60B12046FFF794FF21
:10C5E0002878000609D06868FEF7DEFE2878013852
:10C5F0002870F6E7287801302870B0BDCCBB002049
:10C6000000BB00202DE9F84F00F02CF807EB870065
:10C61000DFF84C904FF0000A09EB800B5BF80C6BD5
:10C62000B6B100F02CF80128FAD1DBF800000028A0
:10C63000F6D0D9F8C800D7F800A000F01AF8DBF857
:10C640000010504688474FF0010AB8F1010FE7D1BA
:10C650000320FEF793FE5FFA8AF0BDE8F88F00BF73
:10C6600000BB0020074603201C4615468846FEF7FF
:10C6700087BE0138C9F8C800384600F02FB83746E1
:10C68000D6E900062946204701F066BC01F092BCBD
:10C6900080B501F061FC002818BF043080BD0000A7
:10C6A00070B50D4E044600F043F825686DB1606822
:10C6B000854212BF686800206060206000F03DF88D
:10C6C00028462C68FFF7E2FF03E03068FEF764FEBF
:10C6D0000024204670BD00BFA0BD0020B0B588B1C9
:10C6E000124D04464FF0FF312868FEF74FFEA06858
:10C6F0000268A24208D011465268A242FBD1626889
:10C700004A6003E000250FE0616801604268A242D0
:10C7100008BF4160017A013901722868FEF73CFECA
:10C7200020462568FFF7B2FF2846B0BDA0BD002017
:10C730004FF0FF313068FEF729BE207A01382072B1
:10C740003068FEF729BE000001490860704700BF4D
:10C75000D8BB0020F8B5FEF715FE00F03FF81E4AE2
:10C76000536883B19A689B8A03F0010382EA00044C
:10C7700083EA01052C4303D0141A73EB010407D29A
:10C780000020002107E04FF0FF344FF0FF351DE09F
:10C79000101A63EB01011F22C1EB4114A0FB02231D
:10C7A000800840EA81702344161843EB910701F09A
:10C7B0005DFF04468F4238BF30460D46A64238BF63
:10C7C00034468F4218BF044638BF3D46FEF7DCFDB5
:10C7D00020462946F8BD00BFD8BB002010B501F0A7
:10C7E0003FFF0446FEF7CEFD0A4881688C420AD21C
:10C7F000011D096821B18A8A22F001028A82F8E7C4
:10C80000054900220A608460FEF7BEFD2046002133
:10C8100010BD00BFD8BB002090BC00202DE9F84F10
:10C82000DFF890A14FF0FF31DAF80000FEF7AEFD1F
:10C83000DFF884916248DFF884B100258046D9F89A
:10C8400004402746FFF7CAFF9BF800100144ACB331
:10C85000A28A02F00103A2688E1A75EB030305D2C7
:10C86000404543462AD8B2F1FF3F27DCA27D012A8A
:10C8700001D12468EBE701205646D4F800A0A0754A
:10C88000D4E903108847E07DC10707D0A18A21F4CD
:10C89000F862403101F4F8611144A182800708D4A4
:10C8A0002068D9F804105446504518BF0F46B246C8
:10C8B000C8E7D9F80440B2462746C3E7DAF80000D3
:10C8C000FEF76AFD00F00EF9DAF800004FF0FF31D4
:10C8D000FEF75CFDD9F804408FB1A7420FD0B97DB7
:10C8E00059B138463F68C27DD20704D0012902D130
:10C8F000416800F01FF9002FF1D1D9F80440002C55
:10C9000041D09820FEF721FDD9F80400B0B32D4D99
:10C910000026FFF763FF2A68033246F10003101A6E
:10C9200073EB0100F5D2A07DD9F80410002818BFE0
:10C930000C461CB3A068896881421FD3E27DA18A9E
:10C94000D20717D0C1F38412C1F344035A4302EB58
:10C95000D1221F2A0ED38A094B0801305A43A06006
:10C9600001EBC22201F03F0102F478420A4402F5D1
:10C970000062A28201F0010101F05FFE9820FEF743
:10C98000E6FC002401E04FF0FF34D9F8005055B127
:10C9900000F06EF9012801D1022003E0D9F804006B
:10C9A00008B90020A847DAF80000FEF7F5FC204699
:10C9B000BDE8F88FA0BD0020D8BB0020000D0020EE
:10C9C000FEFFFF3F90BC0020F8B5074653201646F7
:10C9D0000D46FEF7BAFC1A48FFF756FE48B3044668
:10C9E00027B3002002212661C4E90000C4E9020740
:10C9F000A08AA175E17D00F0010001F0FC01A08298
:10CA000005F001000F4D08444FF0FF31E075286834
:10CA1000FEF7BCFC0C4E307820B90C4801F000FE4B
:10CA2000012030702868FEF7B7FC03E02046FFF7CE
:10CA30002DFE00245320FEF78AFC2046F8BD00BFDF
:10CA400004BD0020A0BD0020D4BB00201DC80208EA
:10CA5000B0B5002805460C4618BF01200121FEF79D
:10CA60002FFCE97D04F0010001F0FD0141EA4000E6
:10CA7000E875B0BDF8B520B30446807D08B3174E05
:10CA80000D464FF0FF313068FEF780FC00F02AF8C9
:10CA900020462946A77D00F04DF8114DD5E900212B
:10CAA00022B1A14202D1012090476968A1420BD175
:10CAB000012F09D08868898A01F0010101F0BDFDCC
:10CAC00007E04FF0FF30F8BDA14202D1E07DC00782
:10CAD000F0D03068FEF760FC0020F8BDA0BD00205B
:10CAE000D8BB0020B0B5114C4FF0FF312068FEF7E5
:10CAF0004DFC0F48011D0022096889B18B7D013B67
:10CB0000012B0BD8034653F8045FA94218BF134604
:10CB100001D0002AEFD00D681D60EDE70A46EBE773
:10CB20002068BDE8B040FEF737BC00BFA0BD0020C4
:10CB3000D8BB00202DE9F04104464160C07D0D4680
:10CB4000C0071CBFA068002802D1FFF747FE00E025
:10CB500000212D18A08ADFF8548041F1000600273B
:10CB60004FF0FF31A56066F30000A775A082D8F8EA
:10CB70000000FEF70BFC0E48021D3946176847B14E
:10CB8000BA8ABB6802F00102EB1A76EB02023A465F
:10CB9000F3D2276050F8042F974208BF01460C607B
:10CBA000D8F80000BDE8F041FEF7F6BBA0BD0020BC
:10CBB000D8BB002018B32DE9F041867D0446012E34
:10CBC00002D1E07DC00701D00220A0750020A06046
:10CBD000A08A00F00100A082FFF784FFDFF88880C0
:10CBE0004FF0FF31D8F80000FEF7D0FB1F4F3D6833
:10CBF00065B100F03DF8012804D1022005E04FF0B6
:10CC0000FF307047796819B90020A8477968E1B109
:10CC10002068814208BF002E1FD1C87D8A8AC007C4
:10CC200016D0C2F38410C2F34403584300EBD2235E
:10CC30001F2B0DD302F03F04886844EAC323013060
:10CC4000886003F500638B8203E001F003FD04E0DC
:10CC5000886802F0010101F0F0FCD8F80000FEF74E
:10CC60009BFB0020BDE8F081A0BD0020D8BB0020C8
:10CC70000448011D4FF0FF30013009680029FBD145
:10CC8000704700BFD8BB002080B518B1817D19B1B5
:10CC9000FFF7FCFC002080BD4FF0FF3080BDB0B539
:10CCA00004460068FFF786FF05462068FFF7ECFFA3
:10CCB000002128432160B0BD70B5054603200C4615
:10CCC000FEF75EFB2846FFF775FF0646284621461D
:10CCD000FFF7D0FE04460320FEF750FB44EA0600AF
:10CCE00070BD807D70470000B0B5164AD368127CD5
:10CCF000013AD2B203EB820494F903508542A8BFF3
:10CD0000054693F903408442C8BF2546281BC0B29C
:10CD1000904238BF0246012911D103EB8200E9B2EB
:10CD2000C07881420BD04AB1013AD1B2101903EB5D
:10CD30008101C0B2C9788842F5D100E00022D0B2AA
:10CD4000B0BD00BFE4BB0020B0B50C4D2A796AB17C
:10CD5000A96859B16B79012803D1012A08BF002BBA
:10CD600005D018B9012A08BF012B02D0B0BD01249B
:10CD700000E00024204688476C71B0BDE4BB002071
:10CD800070B514460022FFF7AFFF0E4E0546214650
:10CD9000F06800EB85004078FFF70EFA0A4AF06869
:10CDA00010F8251000EB8500947CD37804F00F0474
:10CDB00044EA0111917403F07F01807841EAC010C8
:10CDC000D07070BDE4BB002054BC002010B500281A
:10CDD000044618BF012001F063F80148046010BD4B
:10CDE000F8BB0020074991F85420012A05D1096CAD
:10CDF0004FF47E62B1FBF2F101E080007D21B0FBD7
:10CE0000F1F0704780BC002080B50848012190F8FF
:10CE10004D000138B0FA80F04009FEF751FAFEF7F4
:10CE200069FA03480068013080BD00BFF8BB0020EC
:10CE3000140002482DE9F04781461A20FEF785FAD2
:10CE4000334D95F84D00012805D1FEF753FA3148CE
:10CE50000068461C00E000262F4F97F85400002879
:10CE600041D0022818D0012822D13C6C2C4A002342
:10CE7000E0076108D9F7CEFF4FEA4008A87F0128F4
:10CE800018D12648864215D20020A877A88B00F139
:10CE9000010AA5F81CA00FE0A87F012819D11F489E
:10CEA000864216D20020A877A88B0130A88311E013
:10CEB000002618E0B5F81CA0A4FB0601184A0023C0
:10CEC000D9F7A8FF396D401A1FFA8AF108FB01064D
:10CED00009E0A88B4FF4FA71A6FB012300FB013097
:10CEE000510A41EAC05695F82200C9F800600128AD
:10CEF00008D10C48864205D8002085F82200288CED
:10CF0000013028841A20BDE8F047FEF720BA00BFA0
:10CF1000F8BB00201400024880BC00202FDD24064E
:10CF200018F00100FF47E80110B5064C0021182257
:10CF300004F1400001F0CEF8022084F854000248C9
:10CF4000206410BD80BC0020FB2A0500B0B5154C44
:10CF5000606E68B1FFF72EFE00F0A5FF606EFFF770
:10CF600093FEB0FA80F000216166400900F098FF5E
:10CF70000020002500F0EEFC00F0A9FF04F15800AD
:10CF80000021242201F0A6F843F69820C4E90A55AE
:10CF900084F8725084F871506561A066182084F896
:10CFA0006000B0BD80BC002070B5044601200126A1
:10CFB00000F048F80A4D012C6FF00401D5F8080480
:10CFC00066F35030C5F808040648016003D1FEF747
:10CFD000C1FDFEF777FF286840F02000286070BD93
:10CFE0001C0002484804024810B5154C012894F86A
:10CFF000231008BF002921D000B9F9B9012803D1B5
:10D00000002000F01FF819E0C0B9CF20FEF79DF90D
:10D01000052084F838000320FEF7B2F90020FFF75E
:10D02000C3FFFEF7A9FD606C00B1804701F068F90D
:10D030000320FEF7A3F9CF20FEF789F9002010BDE9
:10D04000F8BB002010B5104991F82320824218D077
:10D05000012803D191F85020012A12D00D4B0BA2C8
:10D060001C68125CC4F30614944208D01C6860F378
:10D0700002041C601C68C4F30614A242FAD181F8B1
:10D080002300002010BD00BFF8BB002001030F23C8
:10D090002F171F3F08000248034890F82300B0FAFA
:10D0A00080F04009704700BFF8BB0020B0B50E4DBE
:10D0B0000C4685F87000002085F844000B48FFF707
:10D0C00043FB7F2000F02CFD094895F8441011B96E
:10D0D00001688906F9D524B1286C0649B1FBF0F046
:10D0E00020800020B0BD00BF80BC0020EDDA020827
:10D0F0004004024800B83BF2F8B50B4E0130069CE4
:10D10000084D013808D04F591740DF40BC42376006
:10D110001CBF0020F8BDF4E7002000F0C1FE4FF076
:10D12000FF30F8BD0000024850BC00202DE9F04F50
:10D130008BB0074691F807A091F806B0B1F80490BB
:10D1400019200A910E68FEF700F9FEF71BF9DFF8C7
:10D150000084E54C98F85400022819D0012821D108
:10D16000D8F8402000204FF60C010023CDF81CA079
:10D170000992D9F74FFEDFF8E0334FF47E61BBF13F
:10D18000000F0897B3F820A01AD093F822501CE0A3
:10D19000DFF8C453BBF1000F288C00F08C8095F8A9
:10D1A00022208CE0A64240F25381DFF8AC0390F8D5
:10D1B0002210002940F04C81012180F8221047E123
:10D1C00093F82250A64240F2C181099A15B901256F
:10D1D00083F8225044000A98B2FBF1F8DF4900239B
:10D1E0000068A0FB01713846D9F714FE099A06467B
:10D1F0004FF47E63BBF1000F18BF4FF0010B00FB33
:10D200001270B0FBF3F08144681EB0FA80F0400960
:10D2100000EA0B00B2F57E6F50440ED31FFA89F27C
:10D22000C6469045DDE907A70AD2B2FBFEF2B61862
:10D2300002FB1E9941F1000102E0DDE907A7C646A5
:10D24000E0FB0461DFF808834FF0000B002F40F093
:10D25000FF8098F87200012840F0FA80D8E9160C97
:10D260008B46D8E90A2198F87850CDF804E0B31A33
:10D27000012DB0FBFCF4069463D1251D00204FF076
:10D28000000A9D4208D2671C043BB3FBF7FAEAFB95
:10D290000721B31AC8E90A219D4228BF012000F0E6
:10D2A000FFFD98F87800D8E90A21D8E916EC434642
:10D2B0005C4604905EE095F82220A64203D912B99C
:10D2C000012285F822204002BBF1000F40EAD6512E
:10D2D00018BF4FF0010B501E4FF4FA72B0FA80F0F5
:10D2E00040091BEA000F18BF01F500714FF0000B59
:10D2F000740200234FF4FA762046D9F78BFD00FB29
:10D300001642C2EB0212520092B2B2FBF6F24A444B
:10D3100093B21E3B38BF5B461E261D339CB2B4FB46
:10D32000F6F4C4EB0416A3EB4606F31A061903EB56
:10D33000020941F10000A98B884288BF4FF0010B20
:10D3400086E0CDE90450651EE01C4FF0000A00277E
:10D3500083420BD9B3FBF4F3E3FB05211AEB030A79
:10D3600047F10007C8E90A21B31AF1E7DDF814E034
:10D3700043465C46B51A4FEAEC72D3F86CB0CDF870
:10D3800014E0A5FB0C7064EB010805FB0200039799
:10D3900008FB0C02A7FB0B0193F86070029202FBE2
:10D3A0000B11AEFB07235B0143EAD2635201D9F7AD
:10D3B00031FD049941B1012907D1013E64F1000416
:10D3C0007901BBFBF1F1081A8144DDE902316048C3
:10D3D000059A4FF0000B876CA1FB070103FB0711B7
:10D3E0000023D9F717FD0AFB070006998144681A44
:10D3F00078F1000019D2DDE907A7481E099A019BC0
:10D40000B2F57E6F13D31FFA89F18B420FD201352B
:10D4100048F1000885EA000151EA080109D0013607
:10D42000A9EB030944F10004EAE7DDE907A7284670
:10D4300001E04FF0000806990431081A7BEB080060
:10D440004FF0000028BF012000F02AFDDFF8008126
:10D45000434C4FB1D8F81000032100F08DF8E0687C
:10D4600020F02000E06016E00A993B4AD1E9000173
:10D4700082F81BA082F81AB0A2F818900C3243C2AE
:10D480001FFA89F037490860FEF790FE18B90020AE
:10D490000121FEF7DFFA616900220BF00103081D8C
:10D4A00042F10002351A73EB020228BF3046012F09
:10D4B00014BF3046BBF1010F08D027498A7FAAB9B3
:10D4C000244A904212D901228A7710E011F1050F07
:10D4D000F3D8254A9142F0D31F480121817780F883
:10D4E0004E106FF001000DE0FFB717FE38B14FB9D5
:10D4F000421C07D101204FF0FF3488771DE0002F38
:10D50000F8D0002019A1012F51F82710085102D09E
:10D5100098F8030080B907EB47001649012551F838
:10D52000202001EB8000D0E9011013598B4305FA4C
:10D5300000F00840184410510024FDF725FF192081
:10D54000FDF705FF20460BB0BDE8F08F099A41E6D4
:10D5500080BC0020FFB717FEF8BB002018F00100C8
:10D56000000002485C040248FDFFFFFE10000000BE
:10D570001800000000CD0308F8B5054600200C4651
:10D580000090FDF7FFFE6F426E463046FFF752FCFB
:10D5900000983946A84238BFE9430844A042F4D372
:10D5A000BDE8F840FDF7F0BE10B500EB40000649BD
:10D5B000064B51F8202001EB8000D458406824EA43
:10D5C0000000D05010BD00BF00CD0308000002488D
:10D5D000034918B1CA78022A00D17047C870704751
:10D5E00080BC00200248016841F0010101607047E1
:10D5F0000C000248B0B50546054800F05AFC049AF4
:10D6000028462146FEF75AFD024900F064BC00BFDF
:10D6100080040248F8BB002010B50B4A0B4B0228CF
:10D620000D4C08BF13460A4A012818BF1A46094B79
:10D63000022808BF1C46094B012818BF23460029B1
:10D6400008BF1346187810BDF7CC0308F9CC0308BF
:10D65000F5CC0308F8CC0308FACC0308F6CC030891
:10D6600010B5064A002902F10C0408BF02F10804B3
:10D67000FFF7D2FF21680844023010BD64BA0020D1
:10D6800010B50E4804681D20FDF75FFE04F007008A
:10D69000042818BF02280AD1094C206C002818BFA2
:10D6A000012000F0FDFB206C8047044600E00024D0
:10D6B0001D20FDF74CFE204610BD00BF08000248AB
:10D6C000F8BB00200649042808BF03200A6860F35D
:10D6D00042020A60086840F001000860704700BF1D
:10D6E000680402482DE9F0410028054618BF0120D2
:10D6F0000C4601210127FDF7E3FDFDF743FE234E14
:10D70000002002220021022816D006EBC00393F865
:10D7100034303BB9012F05D10131012C0DD0002748
:10D72000024607E013B10021012703E00131CBB22B
:10D73000A34227D00130E6E71046C9B2A14218BF84
:10D7400002205FFA80F80020B8F1020F38BF0120F4
:10D7500001210127FDF7B4FD06EBC80080F8354034
:10D7600034302CB140F8045C07700830013CF8E715
:10D7700008EB4800064901EB0014FDF705FE2046C2
:10D78000BDE8F08110462146D7E700BF80BC0020ED
:10D7900038820248B0B500F0010201238A4003FA42
:10D7A00001F10F4B5C7A24EA01010E4C114394F80D
:10D7B0004C205972C9B200290D4642EA010318BF34
:10D7C000012513B1012A01D101B1B0BD0138B0FA70
:10D7D00080F04009FDF78CFD84F84C50B0BD00BFCF
:10D7E00080BC0020F8BB0020B0B57D220023044699
:10D7F0007D25D9F70FFB00FB1541890089B2B1FBEC
:10D80000F5F101EB8000B0BD70B50A4E044600F0A2
:10D8100059FB094D30686C71FDF7BEFD95F8540059
:10D82000012805D1A86E18B1BDE8704000F006B817
:10D8300070BD00BFA0BD002080BC002070B53620A8
:10D84000FDF783FD404C4FF0FF312068FDF79EFD52
:10D850003E4D297921B195F87100C8B16A7906E089
:10D860006A7995F87100012A08BF002810D0012AB2
:10D8700033D091BB012830D13520FDF76AFD00205F
:10D8800085F87100002000F065F800F020FB41E011
:10D890003320FDF75EFD686E30B92D48002100226F
:10D8A000FFF792F86866A8B3FFF71BFA90B302205F
:10D8B00085F8700095F8600000F032F9D5E919019B
:10D8C0004901FFF7D7F8B0FA80F00121012640099D
:10D8D000FDF7F6FC85F871601CE0012A1AD00128DA
:10D8E00018D13320FDF735FDFFF7C2F9012811D11A
:10D8F000686EFFF7F6F968B9686EFFF75BF900F03C
:10D90000D2FA0026002085F8716000F023F800F0BC
:10D91000DEFAAE806879022804BF287900280BD18E
:10D9200095F87100012807D1FFF7FEFAFFF70EFB0B
:10D9300000200021FFF7BAFB2068FDF72DFD3620FF
:10D94000BDE87040FDF703BDA0BD002080BC0020F5
:10D950005DDB0208B0B5124D104C88B10120A86102
:10D960000020FDF7DFFC01200521FFF713FF6869A8
:10D970000221FFF701FE206840F001002060B0BDE9
:10D980000020A8610120FDF7CDFC206820F00100F7
:10D990002060044820586861B0BD00BF840402487C
:10D9A00080BC002090FBFFFF2DE9F04F85B00128DF
:10D9B000039101904CD14A4890F87200012847D158
:10D9C00047484FF47E614FF0000BD0E90A89006CA4
:10D9D000B0FBF1F002900398C61C0020049042486E
:10D9E000848B4048D0F800A0B8EB0A0079EB040023
:10D9F0004FF0000038BF012000F052FA384832469C
:10DA0000D0E90A89BAEB0807384664EB0904002319
:10DA10002146D9F7FFF93546029EA2FB0601039A7B
:10DA200003FB061100232E46D9F7F4F9103871F1E3
:10DA300000000DD30498824518BF0BF1010BB81BF1
:10DA400074F1000004D2BBF10B0FCDF810A0C6D3C7
:10DA5000FDF798FC234C224E206920F48030206191
:10DA6000002086F872002568FDF78EFC01980128D9
:10DA70001CBF05B0BDE8F08FD6E91601B0FBF1F090
:10DA8000E06096F8780048B10128206919BF4FF688
:10DA9000FF718843012161F30F0003E020694FF615
:10DAA000FF710843206128460221FFF765FDFDF75D
:10DAB00069FC21680846814201D12068FBE7012109
:10DAC00086F872100849898BC6E90A01206940F47A
:10DAD0008030206105B0BDE8F04FFDF755BC00BFB8
:10DAE00080BC002014000248F8BB002070B50A4E2C
:10DAF000044600F0E7F9094D30682C71FDF74CFC45
:10DB000095F85400012805D1A86E18B1BDE8704001
:10DB1000FFF794BE70BD00BFA0BD002080BC0020F8
:10DB200010B504460020FFF715FF0B48016C64F3A5
:10DB300047010164416821F020014160016841F022
:10DB400020010160016821F0200101600120BDE891
:10DB50001040FFF7FFBE00BF4404024880B57020AC
:10DB6000FDF7F3FB0648022180F8701090F8600082
:10DB7000FFF7D6FF7020BDE88040FDF7E8BB00BF8F
:10DB800080BC002001488069C0B2704780BC002082
:10DB90002DE9F04100270646324C884615460228FA
:10DBA0004FF0000038BF01200121A047B8F1030F5A
:10DBB0004FF0000038BF01200121A047022D38BFDF
:10DBC000012738460121A047274F012E05D1B86C07
:10DBD00018B1804708B1BDE8F08197F84F00012ED9
:10DBE00008BF0228F7D0B0420DD0FEF7DFFA18B117
:10DBF00001200021FDF72EFF97F8230001281CBF0C
:10DC00000120FFF71FFA012E12D026BB97F84F0014
:10DC100028B100200024FDF774FB87F84F40B8F1CD
:10DC2000010F0CBF00200120BDE8F041FFF78CB8C8
:10DC300015B9002000F01AF897F84F000128CAD053
:10DC40000020FFF781F801200124FDF75AFB87F837
:10DC50004F40BDE8F08100200121BDE8F041FDF713
:10DC60002FBB00BFC1B20208F8BB0020B0B504460C
:10DC70000020022C38BF012000F012F9054D95F864
:10DC80005100A04204D02046FDF765FB85F85140C5
:10DC9000B0BD00BFF8BB002070B506464720144653
:10DCA0000D46FDF752FB0B48AE42016866F3451185
:10DCB0000160016821F0006118BF01F1006101609D
:10DCC000016864F3040101604720BDE87040FDF77E
:10DCD0003EBB00BF8804024810B504464620FDF74D
:10DCE00034FB0548016864F3C71101604620BDE8B4
:10DCF0001040FDF72CBB00BF88040248054890F88F
:10DD00002210012905D190F82300800748BFFDF7B4
:10DD10001ABB704780BC0020B0B51F4D044695F873
:10DD20002200012835D195F82300C10731D1298C73
:10DD30004FF6FF72914212D1002001210122FFF71C
:10DD400027FFFDF743FF012001210022FFF720FFFD
:10DD50000020FDF757FBFBF727F82C8419E0621A27
:10DD600000F0FE0038BF0A1B0021052AC8BF0121B0
:10DD70000844062A85F8230009DB00F0FD002C8406
:10DD800085F82300FBF710F8FBF75AF801E0FBF7E2
:10DD90000BF80020B0BD00BF80BC0020F8B5002803
:10DDA000044618BF012000F07BF8144E0025022D18
:10DDB00004BF0020F8BD06EBC50797F83400012822
:10DDC00004BF386BA04201D00135F0E797F8350069
:10DDD000022803D2002000F063F8F5E7012121EAD0
:10DDE000000000F05DF897F83500054905EB50009C
:10DDF000C0B200EB400001EB0010F8BD80BC002079
:10DE000038820248B0B5214D4FF0FF3495F84E00EE
:10DE100068B1FDF7B7FA1E481E4A0068411C9142DE
:10DE200008D8002085F84E004FF0FF3528E04FF06D
:10DE3000FF3527E06FF00101081A174991F85420C7
:10DE4000022A09D0012A0ED1096C144A0023A1FB31
:10DE50000001D8F7DFFF07E04FF4FA71A0FB0101E2
:10DE6000400A40EAC15000211F22C1EB4114A0FB2F
:10DE70000223800840EA81702344141843EB910583
:10DE8000FDF782FA20462946B0BD00BFF8BB00204E
:10DE900014000248FF47E80180BC002018F0010090
:10DEA0000121FDF70DBAB0FA80F001214009FDF71C
:10DEB00007BA0C46016864F3020101602846214656
:10DEC000FEF748B94FF0FF313068FDF75FBA002028
:10DED0000121FFF769BD280C88874D8781F83840FC
:10DEE000B0BD0000F8B50446FDF74CFA6288194948
:10DEF00004F1040C00264FF06E430025C2F3852088
:10DF000001EB8000816B17466FF39F27BD4216D24D
:10DF1000278805FB0717F878B3EB006F0DD016B113
:10DF20007760628801E0CCF8007002F47C403E46E5
:10DF3000800100F12A40386062880135E3E7002E55
:10DF400018BF06F1040C0020CCF80000BDE8F84032
:10DF5000FDF71ABA30BD0020B0B50028044618BF3E
:10DF6000012000F06DF8FDF70DFA6068D0B10546AC
:10DF700001680F4B55F8042F62606288920102F12C
:10DF80006E421A40026001F07F40B0F12A4F06D085
:10DF900000200021FDF794F92046FFF7A3FF0020A1
:10DFA000286000E00025FDF7EFF92846B0BD00BF6E
:10DFB00000003FEE70B5044610F8010C0006B0F109
:10DFC0002A4018BF01200021FDF77AF9254655F8AF
:10DFD000040D00F07F41B1F16E4F0EBF000C2846DA
:10DFE00000F012F80749C0B251F82060FDF7CAF9F5
:10DFF000706875602060AA2004F8010CBDE87040CC
:10E00000FDF7C2B930BD0020F0B50C4A0021002355
:10E0100000240E2904BFD8B2F0BD02EB8105002612
:10E020000027AD6BA54288BF0126854298BF012716
:10E030003E401CBF2C460B460131EAE730BD0020B4
:10E040000121FDF73DB90000F0B5EAB100F0D2F8CA
:10E0500038BF1546042A28BF25462E1F01F00304A9
:10E0600018BF2E469C4211D1A2EB060C04228C193B
:10E070008319F6B200279CFBF2FEBAB2B2420DD26F
:10E080008D5C01378554F8E70020F0BD00231404AF
:10E09000FBD0CC5C013AC4540133F8E71FFA8EF18F
:10E0A00000268E4205D254F8262043F82620013659
:10E0B000F7E7074901EA8E02A11813440CF00302A6
:10E0C0000024A242E1D90D5D1D550134F9E700BFDE
:10E0D000FCFF0300F0B500F00303C3F104039A4210
:10E0E0001C4638BF1446042A28BF1C46231F18BFED
:10E0F0002346D21A0024A5B29D4202D241550134D2
:10E10000F9E74FF001340344002701FB04F5042430
:10E1100092FBF4F4A6B2B74203D243F8275001377A
:10E12000F9E7064D02F0030205EA840423440024C3
:10E13000A24298BFF0BD19550134F9E7FCFF030076
:10E14000F0B500F057F838BF1546042A28BF254619
:10E150002E1F01F0030418BF2E469C4213D1A2EBE0
:10E16000060E04228B198419F6B200279EFBF2FCDE
:10E17000BAB2B24213D28D5C825CAA4232D301376A
:10E18000AA42F5D919E0002314042DD09CB20D5DEC
:10E19000045DAC4226D310D8013A0133F4E71FFAEC
:10E1A0008CF0002181420AD253F8216054F82150AA
:10E1B000B54217D30131B542F4D9012015E00C481E
:10E1C0000EF0030200EA8C00191823180024012025
:10E1D000A24209D90D5D1E5DAE4203D30134AE42A9
:10E1E000F6D902E0FF2000E0002040B2F0BD00BF01
:10E1F000FCFF030000F00303C3F10404A242254620
:10E2000070470000F8B504463148427E32B101291A
:10E2100005D051B9007EC0F3800446E0F8BD54B18A
:10E220002068002818BF012006E0002001210024FA
:10E23000FDF746F83DE000200121FDF741F8256893
:10E240002878042822D1012001216F780126FDF7CA
:10E2500037F8D4E9011042F2107278434243642047
:10E26000B2FBF0F291420FD2D4E9031240F2E24342
:10E2700000265A436FF0950303EB52027A43B2FB38
:10E28000F0F0814228BF0126287800E0002601280E
:10E2900003D00024042801D106B10124022807D0AC
:10E2A00003280DD0042800D116B10022214602E037
:10E2B0000024002100222046BDE8F840FFF7ECBC16
:10E2C0006A78002A144618BF01240021F3E700BF32
:10E2D000A4BD002009494A7E42B1012807D0002888
:10E2E00012BF0020087E00F0010003E07047087EA6
:10E2F000C0F3400001460022FFF7CEBCA4BD0020C1
:10E300000348407E012804BF0120FFF7E5BC7047A9
:10E31000A4BD002080B580B2FFF7FEFC80BDFCF7F5
:10E3200079B828B10068401AB0FA80F04009704707
:10E33000002070472DE9F04F85B00E46082813D80D
:10E340001AD0AC4901EB80008768AFB1D7F8CC0098
:10E3500090B197F84B01012815D1B07BE8B10020AE
:10E360000021FCF7ADFF1AE03046FCF779FF4220B0
:10E37000FCF7EFFF072003E03046FCF771FF0220B7
:10E3800005B0BDE8F08FB08960B9012087F84B0176
:10E390003046FCF765FF0020F2E70120B073002053
:10E3A00087F84B0197F84201D8B1012000F02CF911
:10E3B000012000F029F997F8421197F83A51052900
:10E3C0002DD897F8A800DFE801F05003491D505000
:10E3D00097F8331109B197F8A900002818BF05462E
:10E3E00043E097F83A11B7F8BC0097F82E5104298A
:10E3F00019D0022923D0012926D16FF00D0101EB9C
:10E40000D00426E097F83311012908D197F8A91014
:10E4100011EA000278480CBF455C855C25E00020CD
:10E4200000F0F2F821E0B7F83C1102291DBF734952
:10E4300008440409724904BF0844840909E06FF0E4
:10E440000E0101EB900404E0002001210024FCF700
:10E4500037FFB5FA85F04009850043E097F833119E
:10E46000012902D1644928430D5C681E022804D2A8
:10E47000B7F8BE00A7F8BC000DE0042D06D1B7F830
:10E48000C00097F82E41A7F8BC0011E0002000F072
:10E49000BBF8B7F8BC0097F82E41042D08D0022D28
:10E4A00012D0012D15D16FF00D0101EBD00515E053
:10E4B000B7F83C1102291DBF5049084405095049CD
:10E4C00004BF0844850909E06FF00E0101EB9005D7
:10E4D00004E0002001210025FCF7F2FEB4FA84F0EC
:10E4E000400984006019B7F8BA4080B2A04238BF32
:10E4F0000446B089A04256D9002C2046009718BF88
:10E50000012000F081F8B2893168708904960025F5
:10E510000026A3180844A1F10109013BB3FBF4F75D
:10E520007B1E039703FB040803FB142AE01C4FF631
:10E53000FC7210400C30019060420290002F42D0DB
:10E54000B7F1010B17D02F48FEF79EF8B0B30021AA
:10E55000019A46608173049949890BFB02110431C9
:10E560004181514649B14A1E468918F802304E444D
:10E5700073541146F6E704984660064603988742AE
:10E580001EBFB07B40F00400B073A6F80CA0049846
:10E59000006830603046FCF701FE0298013D5F469E
:10E5A000A2468044CAE73046FCF7F8FD0546D7F896
:10E5B000CC003146FBF77CFC2846E1E60498006875
:10E5C0000438FEF763F8009E049C002D3FF4E3AE90
:10E5D00037B92CB1D6F8CC002146FBF769FC03E033
:10E5E0002CB12046FEF752F864680135EDE70024AF
:10E5F000FBE700BFC4BD002010CA0308F2FD0F00F6
:10E6000030FC3F0018B800200121FCF759BE000083
:10E610000249497801700020704700BFECBD00201E
:10E6200010B50028044618BF01200121FCF748FE60
:10E630002046FEF7CBFB002010BDE0B58DF806109C
:10E64000002100900120ADF804106946FEF76EFD30
:10E6500000208CBD80B50120FEF7A6FF002080BD04
:10E66000E0B501A8FEF7E6FB01988CBDFFF7CABB39
:10E6700008B50A460146192000F0DCFC002008BD60
:10E6800008B50A460146182000F0D4FC002008BD59
:10E6900008B50A460146172000F0CCFC002008BD52
:10E6A00008B50A460146132000F0C4FC002008BD4E
:10E6B00008B50A460146122000F0BCFC002008BD47
:10E6C00008B50A460146112000F0B4FC002008BD40
:10E6D00008B50A460146152000F0ACFC002008BD34
:10E6E00002280A4608B505D10146072000F0A2FC21
:10E6F000002008BD0021074A0846EFF7E9F805F0B9
:10E70000E9F80028F4D000210120034AEFF7E0F8EF
:10E71000EEE700BF18CD030826CD03080A46011E08
:10E7200008B504DB062000F085FC002008BD0021B0
:10E73000064A0846EFF7CCF805F0CCF80028F4D0EC
:10E7400000210120024AEFF7C3F8EEE718CD0308D5
:10E7500042CD03080A46011E08B504DB042000F080
:10E7600069FC002008BD0021064A0846EFF7B0F812
:10E7700005F0B0F80028F4D000210120024AEFF79C
:10E78000A7F8EEE718CD03086DCD03080A46011E71
:10E7900008B504DB032000F04DFC002008BD00217B
:10E7A000064A0846EFF794F805F094F80028F4D0EC
:10E7B00000210120024AEFF78BF8EEE718CD03089D
:10E7C0008DCD03080A46011E08B504DB022000F0C7
:10E7D00031FC002008BD0021064A0846EFF778F812
:10E7E00005F078F80028F4D000210120024AEFF764
:10E7F0006FF8EEE718CD030873CE030803280A4626
:10E8000008B505DC0146012000F014FC002008BD1D
:10E810000021074A0846EFF75BF805F05BF800288F
:10E82000F4D000210120034AEFF752F8EEE700BFD1
:10E8300018CD0308C4CE030801280A4608B505DC34
:10E840000146002000F0F6FB002008BD0021074A29
:10E850000846EFF73DF805F03DF80028F4D0002118
:10E860000120034AEFF734F8EEE700BF18CD0308A4
:10E87000E4CE030801280A4608B505DC0146142049
:10E8800000F0D8FB002008BD0021074A0846EFF73A
:10E890001FF805F01FF80028F4D000210120034ADA
:10E8A000EFF716F8EEE700BF18CD030814CF030802
:10E8B00008B520F00403012B0A460ED00021094AB6
:10E8C0000846EFF705F805F005F820B10021012012
:10E8D000054AEEF7FDFF002008BD0146102000F0BC
:10E8E000A9FBF8E718CD030855CF030802280A460C
:10E8F00008B505D101460F2000F09CFB002008BDA3
:10E900000021074A0846EEF7E3FF04F0E3FF002882
:10E91000F4D000210120034AEEF7DAFFEEE700BF52
:10E9200018CD030896CF030807280A4608B505DC6A
:10E9300001460E2000F07EFB002008BD0021074AA2
:10E940000846EEF7C5FF04F0C5FF0028F4D000210B
:10E950000120034AEEF7BCFFEEE700BF18CD030825
:10E96000DCCF030801280A4608B505D101460D2071
:10E9700000F060FB002008BD0021074A0846EEF7C2
:10E98000A7FF04F0A7FF0028F4D000210120034ACC
:10E99000EEF79EFFEEE700BF18CD030838D003085E
:10E9A00008B5431E032B0A4605D801460C2000F08B
:10E9B00041FB002008BD0021064A0846EEF788FF0B
:10E9C00004F088FF0028F4D000210120024AEEF76D
:10E9D0007FFFEEE718CD030845D0030801280A465B
:10E9E00008B505DC01460B2000F024FB002008BD23
:10E9F0000021074A0846EEF76BFF04F06BFF002882
:10EA0000F4D000210120034AEEF762FFEEE700BFD9
:10EA100018CD03087ED0030801280A4608B511D096
:10EA2000031F012B0ED90021094A0846EEF750FFBB
:10EA300004F050FF20B100210120064AEEF748FF04
:10EA4000002008BD01460A2000F0F4FAF8E700BFF4
:10EA500018CD03088DD0030801280A4608B505D152
:10EA60000146092000F0E6FA002008BD0021074A0F
:10EA70000846EEF72DFF04F02DFF0028F4D000210A
:10EA80000120034AEEF724FFEEE700BF18CD03088C
:10EA9000E2D0030801280A4608B505D1014608203E
:10EAA00000F0C8FA002008BD0021074A0846EEF72A
:10EAB0000FFF04F00FFF0028F4D000210120034ACB
:10EAC000EEF706FFEEE700BF18CD03080BD10308F1
:10EAD00008B5431E012B0A4605D80146162000F052
:10EAE000A9FA002008BD0021064A0846EEF7F0FE0C
:10EAF00004F0F0FE0028F4D000210120024AEEF7D5
:10EB0000E7FEEEE718CD030830D103080A46011EE0
:10EB100008B504DB052000F08DFA002008BD0021B7
:10EB2000064A0846EEF7D4FE04F0D4FE0028F4D0DE
:10EB300000210120024AEEF7CBFEEEE718CD0308D4
:10EB400042CD030808B501F0D3F9BDE8084004211F
:10EB5000014800F001B900BF4CED03088A4273B5CB
:10EB60000446154608461E4622D0B2F5407F20686E
:10EB700007D1984202D0D9F711FA26604FF44070BD
:10EB800016E0984216D01146D9F70AFA70B904F087
:10EB9000A1FE012808D94FF44073022100930846D2
:10EBA0002B460E4AEEF794FE2068E4E720602846E4
:10EBB00002B070BD1046D9F7EFF920600028F6D1F9
:10EBC00004F088FE0128D8D94FF440730221009345
:10EBD00008462B46014AEEF77BFECEE700D6030837
:10EBE00091422DE9F04107460C46984603D9254647
:10EBF0002846BDE8F0814E00B6F5C05F0CD9B1F5EE
:10EC0000C05F07D34FF4C053012100200D4AEEF737
:10EC10005FFEECE74FF4C056434632462146384685
:10EC2000FFF79CFFB4F5407F0546E1D1B6F5407F84
:10EC3000DED08642DCD122464146386805F0F2FE3D
:10EC4000D6E700BF3CD603082DE9F341374B384CDB
:10EC50000193237893B104F03DFE012804D90021EB
:10EC60000220344AEEF734FE334805F0CDFC334B36
:10EC70001B68986805F0DEFB002323704FF4407496
:10EC80002F4E304D294FDEF783FAC0B2FF2802D154
:10EC900002B0BDE8F081222802BF337883F001037F
:10ECA000337096F80080B8F1000F1BD10A2819D1F3
:10ECB00001982B6800F803805BB104F041FB21460A
:10ECC0004FF44072194B01A8C5F80080FFF746FFCA
:10ECD0000446194805F098FC184B1B68986805F025
:10ECE000A9FBD0E7082801D07F280CD12B68002B86
:10ECF000C9D02020DEF73CFA0820DEF739FA2B686D
:10ED0000013B2B60BFE70D28BDD02A68019B21463F
:10ED100098543B46013201A82A60FFF761FF2B6837
:10ED200004468342AFD3431EEBE700BF05BE00207D
:10ED300005C1002062D603087DD60308340E0020EA
:10ED400004BE002000BE00200122024B00201A70E9
:10ED5000704700BF05C100202DE9F04F89B00E4675
:10ED6000009078B171B1704B1B68002B40F0B580FA
:10ED70006E4D286830440001D9F70EF9044600288A
:10ED800040F0B1804FF0FF3009B0BDE8F08F00993E
:10ED90001A01885801EB03130193A8B1D8F725F89D
:10EDA0000023DFF884B106900493BDF810301B01F6
:10EDB0000293029ADBF800309D5855B909F1010918
:10EDC0005FFA89F3B342E2DB039B002BD0D0002033
:10EDD000DAE79DF81840019B22462846196805F09D
:10EDE00025FD8246002871D12846D7F7FEFFA042B4
:10EDF0006CD1019A02991268019B0592DBF8002000
:10EE0000DB680A44D2F80C80B8F1000F47D05046B6
:10EE100082B2120158F8022004460130002AF7D1CC
:10EE2000A4B2E4B2002B3CD0002291B2090159589F
:10EE3000154601320029F8D1ADB23A78EDB222B9C7
:10EE40003B4AC7E9012201223A70601901300001F2
:10EE50000793D9F7A1F88246002893D024012246CF
:10EE6000414605F0DFFD079B6A1C194612010AEBBB
:10EE7000040005F0D7FDB8F1000F1DD0BC682C4B85
:10EE800065689C420FD11020D9F786F8059BC0E930
:10EE900002387B68C0E90034586078600CE0444672
:10EEA000BFE71D46C9E70599A068D7F747FF204B84
:10EEB00080B94046D9F772F8DBF80030029A134463
:10EEC000C3F80CA0039B0133DBB20393049B013313
:10EED00004936AE72C466D68D3E74FF00009154F9D
:10EEE000CDF80C906CE7104F396819B12A681201FF
:10EEF00005F098FD28680099320104EB001005F038
:10EF000091FD204604F0B0FA18B12046D9F746F832
:10EF100038E7386808B1D9F741F82B683C60013B05
:10EF200033442B6053E700BF14C1002018C10020F8
:10EF30000CC1002008C100202DE9F04115461F46F4
:10EF400080460E46D7F751FF00231A4690420FD84D
:10EF5000404604F0CFFBB84225DBA842D8BF306062
:10EF6000A842CCBF00200120BDE8F081012302228D
:10EF700018F802405AB9022817D998F80010302919
:10EF800013D198F8011001F0DF015829EED073B9C0
:10EF900003E098F800102D2903D0303C092C02D84A
:10EFA00000230132D2E70020DEE7002BF1D0A4F1EC
:10EFB0003003092B04D924F02004413C052CF2D85D
:10EFC0000123EEE773B500240D4601A9089E0194C4
:10EFD000FFF7B2FF38B9334601210A4AEEF778FC51
:10EFE000012002B070BD019B079A934202DB069A92
:10EFF000934204DD334601210020034AEEE7204618
:10F000002B60EEE782D60308A6D60308431E012B29
:10F0100010B50C4604D802F005FB2368187010BD2B
:10F020000021BDE810400846014AEEF751BC00BF80
:10F03000C1D603082DE9F04119280D4614468CB0BD
:10F0400009D90021A74A0846EEF742FC6FF00700F5
:10F050000CB0BDE8F0810138002318281AD8DFE889
:10F0600010F037009C00C301340393031B048E048B
:10F07000B904D104E90452057A0533064F06540653
:10F080007E06E806EC06F006F4060C0718071E07D5
:10F0900022072607012906DD0021934A0846EEF7DC
:10F0A00017FC0020D4E710D1904A0091CDE901323D
:10F0B0008DF81C30FF220023206807A9FFF782FF8C
:10F0C0000028EED107A801F011FE01F0BDFEE8E72F
:10F0D00001294FF000033DD90329DDD1834A07A957
:10F0E000CDE90132012200922068FF228DF81C3008
:10F0F00008938DF82430FFF765FF03460028D0D130
:10F100007B4A08A902927B4A019202F1D47202F56D
:10F110004752009260686FF00042FFF753FF0028EB
:10F12000BFD1754B7F2202936FF07F03CDE900239F
:10F1300009A9A068FFF746FF0028B2D107A802F08E
:10F14000D9F89DF81C0001F095FE9DF81C0001F017
:10F15000A9FEA6E751B901F077FEF2F76BFC01F0CA
:10F1600089FEF2F767FC01F09DFE9AE75F4A07A966
:10F17000CDE90132012200922068FF228DF81C3077
:10F18000FFF720FF00288CD19DF81C40204601F09D
:10F1900071FE204601F086FE83E78DF8183031B904
:10F1A00001F052FEF2F746FC01F094FE79E70129E6
:10F1B00011D14E4A0091CDE9013206A90023FF2268
:10F1C0002068FFF7FFFE00287FF46BAF9DF8180062
:10F1D00001F080FE65E77FF764AF4FF00108434A16
:10F1E000CDF80080CDE9013206A90023FF22206876
:10F1F000FFF7E8FE074600287FF453AF9DF818603C
:10F20000002E40F09180052D40F0E8804FF41677F5
:10F210003A4B6FF000420293394B07A9CDE9003712
:10F2200033466068CDE907660996FFF7CBFE0346D3
:10F2300000287FF436AF4FF49655324A0890029278
:10F24000314A08A9CDE900256FF00042A068FFF718
:10F25000B9FE034600287FF424AF8DF82500FF2275
:10F26000E0680DF12501FFF767FE28B94146274BFD
:10F27000274AEEF72DFB14E73346FF2220690DF1F4
:10F2800026018DF82660FFF757FE28B90121214B92
:10F290001F4AEEF71DFB04E79DF82530042B06D925
:10F2A000012100201C4B1D4AEEF712FBF9E69DF8E8
:10F2B0002630142B06D901210020194B174AEEF7EE
:10F2C00007FBEEE600F082FF07A801F0C9FC20B1C1
:10F2D0000021144A0846EEF7FBFA304601F0FAFD29
:10F2E000DFE600BFD0D60308C1D60308ECD603087A
:10F2F000BDD9030800E9A435F7D60308FDD60308F5
:10F30000E093040006D703083820070015D7030848
:10F3100082D6030821D703082BD70308A6D60308F3
:10F3200039D7030883D70308012E57D1042D55D1AF
:10F3300003468DF81C00FF22606807A9FFF7FCFD5B
:10F3400028B931469B4B9C4AEEF7C2FAA9E63B46E8
:10F35000FF22A0680DF11D018DF81D70FFF7ECFD77
:10F3600028B93146954B944AEEF7B2FA99E63B46F6
:10F37000FF22E0680DF11E018DF81E70FFF7DCFD25
:10F3800028B901218E4B8C4AEEF7A2FA89E69DF846
:10F390001C30072B06D9012100208A4B8A4AEEF740
:10F3A00097FA7EE69DF81D30092B06D90121002031
:10F3B000864B854AEEF78CFA73E69DF81E30062BD5
:10F3C00006D901210020824B7F4AEEF781FA68E6D8
:10F3D00000F0FCFE07A801F0DDFB78E700217D4A84
:10F3E0000846EEF775FA5CE68DF8183031B901F091
:10F3F0002BFDF2F71FFB01F0BDFD52E6012911D1F3
:10F40000754A0091CDE9013206A90023FF22206848
:10F41000FFF7D8FD00287FF444AE9DF8180001F0F6
:10F42000A9FD3EE67FF73DAE01276B4A0097CDE987
:10F43000013206A90023FF222068FFF7C3FD03461F
:10F4400000287FF42EAE9DF81860002E40F0DA8080
:10F45000092D40F034811022314607A805F0B1F99A
:10F460005E4B4FF00808029341F6FF73CDE9003878
:10F470004FF6FF723346606807A9FFF7A3FD054604
:10F4800000287FF40EAE03468DF81E00FF22A06810
:10F490000DF11E01FFF750FD28B93946504B464A81
:10F4A000EEF716FAFDE59DF81E30042B06D9394615
:10F4B00028464B4B444AEEF70BFAF2E5494BCDF8A0
:10F4C0000080CDE90163FF223346E0680DF11F01A2
:10F4D0008DF81F60FFF776FD00287FF4E2AD00276E
:10F4E000FF223B46206908A98DF82070FFF724FD14
:10F4F00028B901213C4B304AEEF7EAF9D1E59DF8F5
:10F500002030022B06D901213846384B2E4AEEF71F
:10F51000DFF9C6E50125364B0095CDE90173FF22E1
:10F520003B4660690DF121018DF82170FFF74AFD1E
:10F53000034600287FF4B5AD2E4A8DF82200CDE9B0
:10F540000102F9220092A069FF220DF12201FFF7CA
:10F5500039FD034600287FF4A4AD274A0095CDE984
:10F5600001028DF82800FF22E0690AA9FFF72AFDB1
:10F57000034600287FF495AD204A0095CDE90102AD
:10F580008DF82900FF22206A0DF12901FFF71AFDED
:10F5900000287FF486AD00F019FE07A801F074FB87
:10F5A00020B10021164A0846EEF792F9304601F0E4
:10F5B000E1FC76E545D7030882D6030821D7030886
:10F5C00056D7030862D70308A6D6030839D703081D
:10F5D00075D70308C1D60308ECD60308A0D70308E3
:10F5E000B0D70308C0D70308D0D70308DAD7030879
:10F5F000E4D70308F0D70308FFD7030808D80308A7
:10F6000037D80308012E5AD1062D58D1B14AADF88A
:10F610001C000292082041F6FF72CDE9002007A9E4
:10F620004FF6FF726068FFF7CDFC034600287FF4B9
:10F6300038ADA94A0096CDE901028DF81E00FF22DF
:10F64000A0680DF11E01FFF7BDFC034600287FF402
:10F6500028ADA24A0096CDE901028DF82000FF22D4
:10F66000E06808A9FFF7AEFC00287FF41AAD00237C
:10F670009B4A0DF12101CDE901320122009220695E
:10F68000FF228DF82130FFF79DFC034600287FF410
:10F6900008AD944A8DF81F00CDE90102F9220092CD
:10F6A0006069FF220DF11F01FFF78CFC00287FF439
:10F6B000F8AC00F08BFD07A801F002FB70E7002119
:10F6C000894A0846EEF704F9EBE48DF8183031B9B1
:10F6D00001F0BAFBF2F7AEF901F04EFDE1E40129C9
:10F6E00011D1824A0091CDE9013206A90023FF22FF
:10F6F0002068FFF767FC00287FF4D3AC9DF8180062
:10F7000001F03AFDCDE4022938D10126774A00966E
:10F71000CDE901328DF81C3006A90023FF222068B4
:10F72000FFF750FC014600287FF4BBAC9DF8185051
:10F7300005BB2B46FF22606807A9FFF7FDFB28B930
:10F7400031466B4B6B4AEEF7C3F8AAE49DF81C40B8
:10F75000022C06D9234631462846674AEEF7B8F808
:10F760009FE400F033FD204601F01EFF284601F023
:10F7700003FD96E4614AEEF7ABF892E400215A4AA1
:10F780000846EEF7A5F88CE431B901F05DFBF2F71D
:10F7900051F901F075FC84E4012913D10023534A87
:10F7A0000091CDE9013207A9FF2220688DF81C30B5
:10F7B000FFF708FC00287FF474AC9DF81C0001F0F2
:10F7C0005FFC6EE400297FF76CACF2F733F9012897
:10F7D00006467FF461AC052D7FF45EAC0025FF2268
:10F7E0002B46206807A98DF81C50FFF7A5FB28B908
:10F7F0003146434B3F4AEEF76BF852E42B46FF226B
:10F80000E0680DF11F018DF81F50FFF795FB28B937
:10F8100031463C4B374AEEF75BF842E42B46FF2279
:10F8200060680DF11D018DF81D50FFF785FB28B9AB
:10F830003146354B2F4AEEF74BF832E42B46FF2288
:10F84000A0680DF11E018DF81E50FFF775FB28B959
:10F8500031462E4B274AEEF73BF822E42B466FF059
:10F860000042206908A90895FFF766FB28B9012125
:10F87000274B204AEEF72CF813E400F0A7FC07A86A
:10F8800004F0BCFA20B10021224A0846EEF720F825
:10F89000012001F0F5FB04E48DF8183029B9F2F7E6
:10F8A000C9F801F02FFCFFF7FCBB012934D10F4A46
:10F8B0000091CDE9013206A90023FF222068FFF75D
:10F8C00081FB00287FF4EDAB9DF8180001F01AFCD5
:10F8D000FFF7E7BB17D80308E4D7030824D80308C9
:10F8E0002DD80308F0D70308C1D60308ECD60308C7
:10F8F00050D8030882D603085CD8030885D80308CB
:10F900009BD80308AAD80308B8D80308C8D80308A6
:10F91000D7D80308E3D80308022929D1C14A06A988
:10F92000CDE9013201230093FF2200232068FFF775
:10F9300049FB034600287FF4B4ABBB4A0521029281
:10F94000FF22CDE900218DF81C0007A96068FFF7B0
:10F9500039FB00287FF4A5AB9DF81C109DF818001A
:10F9600001F0D6FDF2F766F801F0CCFBFFF799BB8A
:10F970000021AE4A0846EDF7ABFFFFF792BB022924
:10F980007FF48AABA74A8DF81830CDE90132012304
:10F990000093FF220023206806A9FFF713FB03460C
:10F9A00000287FF47EABA24A8DF81C00CDE901024D
:10F9B000F92200926068FF2207A9FFF703FB0028E5
:10F9C0007FF46FAB9DF81C109DF8180001F0B8FB98
:10F9D000FFF767BB01297FF45FAB964A0091CDE941
:10F9E00001328DF81C30FF220023206807A9FFF7A1
:10F9F000E9FA00287FF455AB9DF81C0001F012FCD9
:10FA0000FFF74FBB01297FF447AB8B4A0091CDE94B
:10FA100001328DF81C30FF220023206807A9FFF770
:10FA2000D1FA00287FF43DAB9DF81C0001F01AFCD0
:10FA3000FFF737BB0893ADF824300A934FF0FF333C
:10FA400001290B9309D00B1F012B06D90021774AFE
:10FA50000846EDF73DFFFFF724BB784B01220293E8
:10FA60000023CDE9002306A9FF222068FFF7AAFAA8
:10FA7000034600287FF415AB9DF81820003A18BF04
:10FA80000122032D8DF81C2004DC07A801F094F856
:10FA9000FFF707BB6FF00046694A0096CDE9010207
:10FAA00008A932466068FFF78DFA00287FF4F9AAAA
:10FAB000644B7F2202936FF07F03CDE9002309A9F5
:10FAC000A068FFF77FFA034600287FF4EAAA5E4A9F
:10FAD0000096CDE901020AA93246E068FFF772FA02
:10FAE000034600287FF4DDAA052DCED1574A0096A3
:10FAF000CDE901020BA932462069FFF763FA00281D
:10FB0000C3D0FFF7CEBA01298DF81C3006DD0021E5
:10FB1000464A0846EDF7DCFEFFF7C3BA11D14C4B5D
:10FB2000FF22CDE90113052300932068002307A9D4
:10FB3000FFF748FA00287FF4B4AA9DF81C0001F0F2
:10FB400003FCF1F771FF01210346424A0220EDF761
:10FB5000BFFEFFF7A6BA4A1E032A3FF69DAA3E4AF9
:10FB60008DF81230CDE9013202230093FF220023E9
:10FB700020680DF11201FFF725FA034600287FF4F3
:10FB800090AA012D0BD105239DF8120019460128DA
:10FB900014BF1E220F2201F0FFFBFFF782BA022DD5
:10FBA00060682E4A17D1CDE901326FF0004207A9F3
:10FBB00000920793FFF706FA00287FF472AA9DF8D7
:10FBC00012000523012814BF1E220F22079901F0FD
:10FBD000E3FBFFF766BA032D44D16FF00045CDE992
:10FBE000013200952A4606A90693FFF7EBF9034672
:10FBF00000287FF456AA1A4A0095CDE90102079021
:10FC00002A46A06807A9FFF7DDF900287FF449AA72
:10FC1000DDE9061205239DF8120001F0BDFBFFF798
:10FC200040BA00BFECD60308DBD80308C1D60308EE
:10FC3000F0D7030802D9030805D903080AD9030835
:10FC40000ED903081DD9030827D9030832D90308A0
:10FC500040D9030846D903085DD9030867D90308CA
:10FC600078D903086FF00045CDE9013200952A46A6
:10FC700005A90593FFF7A6F9034600287FF411AA0A
:10FC80008D4A0095CDE9010206902A46A06806A992
:10FC9000FFF798F9034600287FF403AA874A0095E6
:10FCA000CDE9010207902A46E06807A9FFF78AF923
:10FCB00000287FF4F6A9DDE9062305999DF81200D6
:10FCC00001F06AFBFFF7EDB901297FF4E5A98DF892
:10FCD0001C307B4B7F2202936FF07F03CDE9002322
:10FCE00007A92068FFF76EF900287FF4DAA9F1F779
:10FCF000A1FE01469DF91C0001F0D4FAFFF7D1B92D
:10FD000007297FF7CEA9FFF7C7B902297FF4C4A955
:10FD10006D256C4A0095CDE901328DF81830FF222F
:10FD20000023206806A9FFF74DF9034600287FF459
:10FD3000B8A9654A0095CDE901028DF81C00FF22A3
:10FD4000606807A9FFF73EF900287FF4AAA99DF88B
:10FD50001C109DF8180001F0E9FBFFF7A2B921F093
:10FD60000402012A06D00021584A0846EDF7B0FDEA
:10FD7000FFF797B956490092CDE90131CDE9053336
:10FD80000793ADF812308DF81130FF220023206860
:10FD90000DF11101FFF716F9034600287FF481A940
:10FDA000052D0BD0BDF81230059900939DF8110078
:10FDB000DDE9062301F082FBFFF773B9454D464E9E
:10FDC000464ACDE90056029260686FF0004205A9EC
:10FDD000FFF7F8F8034600287FF463A9404A00952E
:10FDE000CDE9016206A96FF00042A068FFF7EAF8CA
:10FDF000034600287FF455A93A4A0095CDE901024F
:10FE000007A96FF00042E068FFF7DCF8034600281E
:10FE10007FF447A9344A0DF11201CDE901024FF6F2
:10FE2000FF7200922069FFF7CDF80028BAD0FFF7E3
:10FE300038B900F0DFFCFFF734B900F0BDFCFFF784
:10FE400030B900F08FFCFFF72CB901293FF724A946
:10FE500004D0002000F0F6F8FFF723B90A2120684B
:10FE600003F03AFCC0B2022803D100F057F9FFF7C3
:10FE700018B90028EDD00A20ECE7CDE90233CDE92E
:10FE80000033052100230220184AEDF721FDFFF77A
:10FE900008B921462846FFF7B9F8FFF702B900F084
:10FEA00059FFFFF7FEB800F093FFFFF7FAB800F034
:10FEB000BBFFFFF7F6B800BF78D9030886D903085F
:10FEC000F7D6030894D90308A2D90308C1D60308BA
:10FED0000AD90308C01A4D3700E9A435AED9030882
:10FEE000B9D90308C2D90308CDD90308D8D9030862
:10FEF00008B5012103230220054AEDF7E9FC00F0D3
:10FF00000BF801F07BFB00F063FF002008BD00BF91
:10FF1000EFD9030801F084BB01F078BB10B500F005
:10FF200015FF044600F004FC012801D100F04EF951
:10FF300000F0C2FB00F07CFD94F82E301BB1BDE850
:10FF4000104001F06DBB10BD094B93F90020632AEE
:10FF5000C4BF00221A7093F90020991801321A7058
:10FF60009A6E887002449A66DA6E0132DA667047D9
:10FF7000040D0020F1F7D0BD2DE9F04100278AB033
:10FF800080460C461646CDE90077F1F753FD05464D
:10FF900000283DD10146202202A804F012FC03F003
:10FFA00055FE8DF8180003F071FEF3F7B3F88DF8E5
:10FFB000080003F07DFE0388CDF81C80DB00ADF85F
:10FFC0000C308DF8204003F04DFE4FF47A73B0FBF7
:10FFD000F3F0099002A803F0FFFD034680B1012170
:10FFE0002846154AEDF774FC0322144B022168469B
:10FFF0001A8083F8186100F093FC0AB0BDE8F08124
:020000040803EF
:10000000204603F059FE6946033003F011FBEBE78D
:10001000F1F710FD01280546EFD12146404603F0D7
:1000200078FF034618B129463846054ADAE72046E4
:1000300003F0F6FEE7E700BF05DA03081CC3002063
:1000400031DA03082DE9F04F304C91B005463C22DF
:10005000002101A804F0B5FB94F90130013308D167
:1000600094F90030632BCEBF632303F1FF335BB2FF
:1000700063700026002D08BF6425B34637464FF055
:100080000A08DFF89090DFF890A073B29D420DDC73
:10009000BBF1000F05D0012102201D4A01ABEDF795
:1000A00017FC013F677011B0BDE8F08F93FBF8F2C9
:1000B00008FB12335FB257B94CF25030ECF714FB27
:1000C0004A460121022001ABEDF702FCBB46642247
:1000D00094F9013064339B1B93FBF2F102FB113363
:1000E000DFB254FA83F393F9022001AB03EB0B0068
:1000F000514604F09BFA10AB58445FFA80FB53FA68
:1001000080F00023013600F83C3CBEE7040D0020DF
:10011000BCD60308BCDB03085ADA030807B50B4B4F
:10012000D3E91A233BB919460220094A03B05DF806
:1001300004EBEDF7CDBB92FBF3F2022100920846EF
:10014000044AEDF7C5FB03B05DF804FB040D002085
:100150005FDA030895DA0308014B1870704700BF97
:10016000740D0020014B1878704700BF740D0020FB
:1001700038B50C46054603F03BFD003C18BF012492
:1001800080F84C5080F84D4038BD0000014B587845
:10019000704700BF1CC300201FB56C46094B0FCB36
:1001A00084E80F00204603F0F9FB034630B101213B
:1001B0000020054AEDF78CFB04B010BD00F070FB89
:1001C000FAE700BF4C690308BCDA030810B500F079
:1001D000BDFD044603F019FC0023024AE3701380BE
:1001E00010BD00BF1CC3002010B500F0AFFD0446D9
:1001F000002003F0FDFB0122024B1A800023E37074
:1002000010BD00BF1CC3002010B500F09FFD0222EE
:10021000044608210248FFF7AFFE0323237110BDF7
:100220007D0D002010B500F091FD0222044608214A
:100230000248FFF7A1FE0423237110BD750D0020B5
:100240002DE9F34100241D4E1D4F337807F11808A6
:10025000FB823278A5B2AA4223D80432121B12F0D4
:10026000FF040BD003F0DCFF33780190E81A80B272
:100270001830224601A9384404F0D4FB32781149E1
:10028000114803F04DFA104B012102200F4AEDF7FF
:100290001FFB012231780B48FFF76EFE02B0BDE86C
:1002A000F08103F0BDFF042201900DEB020108EB89
:1002B000040004F0B7FB0434CBE700BF740D00204A
:1002C0001CC3002034C300201CC10020E0DA030856
:1002D00070B5044600F03AFD0546F1F7ABFB30B9C6
:1002E00021460D4803F0E8FB80B10C4B07E00128E4
:1002F00010D12146084803F0C9FD38B1084B01214F
:10030000BDE870400020074AEDF7E2BA0222064B32
:10031000EC701A8070BD00BFC0FF3F0043E50308CA
:100320003AEA0308EBDA03081CC300202DE9F04188
:10033000421E034686B0062A00F2AD81DFE812F0C5
:100340000700AD00AB01AB017301A001A50100F0F6
:10035000FDFC04230446B94AB94D01216B701368B2
:10036000022001331360B74AEDF7B2FAA678BEB1A6
:10037000E36B002BC4BF03F1FF33E363E36B5BB1BB
:10038000206B20B106B0BDE8F04100F02DBB06B0F7
:10039000BDE8F041FFF754BFA37006B0BDE8F0819F
:1003A00094F84230002B3BD0FFF710FF324604A9EF
:1003B000304603F051FA04A803F02EF90646F1F78F
:1003C00039FB0346A87D23BB03F076FC04460146B7
:1003D000304602F03FFDC8B102F0EAFD02210346BB
:1003E0000546994A08460094EDF772FAF1F722FBA8
:1003F00090B9284603F000FC28B12B4601210020CB
:10040000924AEDF765FA304602F01EFDFFF718FF3D
:10041000C3E703F005FDD9E7284603F089FCEBE7C5
:100420002379032B14D1A368894A012102200133C7
:10043000EDF74EFA4FF47A70636A0621584300F0E4
:1004400091FA0120FFF744FFA3680133A360A4E7FA
:10045000042BA2D1E3687F4A013301210220EDF78A
:1004600037FA236AE268013B9A42636A0BD34FF47E
:100470007A700921584300F075FAFFF7A7FEE36888
:100480000133E36089E74FF4FA600521584300F037
:1004900069FA0120FFF71CFFF1E700F057FC064660
:1004A00003F0C6FADFF89481654DD8F804300446AD
:1004B0000133C8F804302B79DA0707D50021012071
:1004C000654A06B0BDE8F041EDF702BA0127D0E970
:1004D000030105F108023B4382E803006F702B71B2
:1004E000F1F7A8FA002852D194F908302B8294F938
:1004F0000A30AB7494F9090094F813312875EB8233
:10050000FFF722FD95F912300521039395F9143078
:1005100002200293B5F91030504A0193EB8A009300
:10052000D8F80430EDF7D4F994F813214C4804F1CD
:10053000140103F0F5F839460220494B494AEDF71A
:10054000C7F9FFF7E7FC3379062B48D194F813215C
:10055000454804F1140104F00BF900283FD1F36879
:100560000220424A01330121EDF7B2F9336AB26841
:100570004FF47A709A42736A2AD30921584300F0E3
:10058000F1F9FFF723FEF3680133F36005E7F1F7B4
:1005900051FA01280746D6D1B4F90200288294F90D
:1005A000043040B2AB7494F81331EB82FFF7CCFC0B
:1005B00095F9123004210293B5F91030022001930D
:1005C000EB8A2B4A0093D8F80430EDF781F9ABE7BA
:1005D000082201215843327100F0C4F9D3E735797C
:1005E000052D7FF4DAAE94F81321224804F11401AA
:1005F00004F0BEF800287FF4D0AEB36801210220D9
:100600001D4A0133EDF764F94FF47A73706A0221E1
:1006100058430A233571B0FBF3F000F0A3F9B36837
:100620000133B360B9E60322054B5A70034A93685D
:1006300001339360114A0021022042E738C40020B0
:100640001CC300200BDB030819DB03083BDB03089A
:1006500057DB030865DB030873DB03087FDB030854
:100660001CC10020B4DB0308750D0020E6DB030885
:10067000BFDB03087D0D0020F8DB03080ADC03085C
:100680000522094B5A70094AD5E70220064B002182
:10069000074A587015E701210220064A06B0BDE856
:1006A000F041EDF715B900BF1CC3002011DC0308B1
:1006B0001CDC030827DC030870B500F0EDF80646E3
:1006C00000F044FB90F82E300446184D73B1367894
:1006D000022E1FD103790BB1092B01D1FFF776FD53
:1006E00000266E7000F016F984F82E606B78032BEC
:1006F00002BF2B7923F001032B712B79DA0744BF5A
:1007000023F001032B7194F82E3013B1002384F8E9
:100710002E3070BD012EE9D100F0FCF800233046E8
:1007200084F82E30FFF7D4FDE0E700BF1CC30020A3
:10073000014B1878704700BF1CC3002008B503F0B8
:10074000ADF90422014B1A8008BD00BF1CC3002074
:1007500008B503F0AAF90522014B1A8008BD00BFB5
:100760001CC3002030B5104C85B094F912300F4DE9
:10077000029394F9143004210193B4F9103002204B
:100780000093E38A0A4AEDF7A3F82846E28A04F1C7
:10079000180102F0C5FF2B4601210220054A05B0D1
:1007A000BDE83040EDF794B81CC300201CC1002008
:1007B00043DC030879DC030810B50A4C01212368E7
:1007C0000220094AEDF784F8636801210220074AF4
:1007D000EDF77EF8A3680121BDE810400220044A2D
:1007E000EDF776B838C400208CDC03089CDC0308E5
:1007F000ACDC030810B50024094BC3E900449C603D
:10080000FFF7DAFF4FF47F4306482146C0E91A4458
:1008100003806422BDE81040023003F0D2BF00BF65
:1008200038C40020040D002003F00EB910B50C46AA
:1008300000F08CFA054B9C4206D1012380F82D3044
:10084000BDE81040FFF766BB10BD00BFB0C400207C
:1008500010B50C4600F07AFA054B9C4206D10123F4
:1008600080F82830BDE81040FFF754BB10BD00BF32
:1008700080C4002010B50C4600F068FA054B9C427D
:1008800006D1012380F82E30BDE81040FFF742BBAF
:1008900010BD00BF50C400200048704748C400206D
:1008A00010B5002212491348EEF792F8044638B109
:1008B0000346114A01210020EDF70AF8204610BD39
:1008C00002460E490E48EEF783F8034620B1012197
:1008D00020460C4AECF7FCFF00220B490B48EEF7D0
:1008E00077F804460028E9D00346094AE2E700BF4A
:1008F0007508030850C40020BCDC03085108030835
:1009000080C40020D2DC03082D080308B0C40020F6
:10091000EEDC03080022014B1A70704748C4002027
:1009200037B50E4D0446284600F8081BEEF770F95F
:1009300018B105F10800EEF749F9002269461046A2
:1009400002F08AFF2146684602F022FE00236A4632
:1009500019460348EEF7C0F803B030BD48C4002084
:1009600050C400207FB5002306460D46CDE9023372
:1009700000F0ECF904460E48EEF74AF910B10C48C5
:10098000EEF724F900226946104602F065FF304672
:1009900002A902F04DFE684602A902F0F9FD00230B
:1009A0006A4601210248EEF797F8257104B070BD40
:1009B00080C4002007B50022094BCDE90023FFF7D2
:1009C000E5FB0138C0B2022807D80648EEF720F947
:1009D00018B901216846FFF7A3FF03B05DF804FBD7
:1009E00080C3C90150C400201FB5002304460F482E
:1009F000CDE90233EEF70CF910B10C48EEF7E6F84A
:100A000000226946104602F027FF204602A902F0A4
:100A10000FFE684602A902F0BBFD00236A460121D1
:100A20000248EEF759F804B010BD00BFB0C4002072
:100A300070B500F08BF9C2780546037912B9053B11
:100A4000012B01D8FFF7B6FF95F82830002B42D0D4
:100A500000F07CF90446FFF7B9FB63792279012B9A
:100A600052D1032A4CD0062A45D0012A01D1FFF7E2
:100A7000CBFB2379092B2BD13B48EEF7A7F800F0ED
:100A800065F904463948EEF7A1F8FFF79FFB01210D
:100A90000220236A364AECF71BFF6679012E46D105
:100AA00031460220A368334AECF712FF3146022098
:100AB000E368314AECF70CFF3146022023692F4AE4
:100AC000ECF706FF31460220A3692D4AECF700FF40
:100AD000002385F8283095F82D305BB1A96BB5F966
:100AE000340002F0CAFF00283AD0FFF7A9FB002328
:100AF00085F82D3070BDA2690132A2612371B8E77B
:100B0000226901322261F9E7022BB2D1042A0AD00C
:100B1000052A04D0022AACD1FFF784FBA9E7E269D9
:100B20000132E261EAE7626901326261E6E7022EC0
:100B3000CED101213046E368124AECF7C9FE01210B
:100B40003046A368104AECF7C3FE012130466369C2
:100B50000E4AECF7BDFE01213046E3690C4AB5E7C9
:100B6000286BFFF741FFC2E750C4002080C400207B
:100B70000CDD030825DD030833DD030845DD03082C
:100B800060DD03087EDD03088CDD03089EDD0308BD
:100B9000B9DD030810B5044603F00CF938B9044B6D
:100BA00022881A80A2789A700122024B1A7010BD16
:100BB00011C5002014C5002030B504460378224D2D
:100BC00085B0AB7043682B63B0F90830AB86C3685F
:100BD000AB630369EB63FFF7F9FA217879B9022077
:100BE0001A4AECF775FEFFF7E7FD0FCC184D0FC55D
:100BF000012223682B60174B1A7005B030BD2069A5
:100C000063680028B4F90820E16810DDCDE901101F
:100C1000009204210220104AECF75AFEA96BB5F9A4
:100C2000340002F02AFF50B1FFF70AFBDDE7CDE9FF
:100C3000002102200321094AECF74AFEEEE7286B67
:100C4000FFF7D2FED1E700BF38C50020D7DD03088B
:100C5000E0C40020F4C40020E2DD030833DE030812
:100C600038B5044603F004F8034638B994E80700A1
:100C7000034D85E807000121024A1170184638BD6E
:100C800018C5002024C5002070B504468079FFF700
:100C900063FA617B207BFFF76BFA204602F0FAFFD4
:100CA000054638B994E80F00034E86E80F0001228C
:100CB000024B1A70284670BD00C5002010C50020E8
:100CC00010B50446C078FFF747FA204603F084F8D1
:100CD00038B9044B22681A60A2889A800122024B1C
:100CE0001A7010BDF6C40020FCC4002010B50446E4
:100CF000FFF76CFA237853B902F0E6FF98B10D4A7A
:100D000021780D4B002908BF13460C4A05E0012B42
:100D100002D103F08DF8F1E7094A0121BDE8104046
:100D20000020ECF7D5BD0122064B1A702278064B45
:100D30001A7010BD43E5030873DE030894DE030850
:100D400078DE030836C5002035C50020004870470E
:100D500038C500202DE9F84300210220174AECF79E
:100D6000B7FD07250021164CDFF85C80DFF85C90AA
:100D700027683E7876B1D4E902234FF40050A18869
:100D8000EDF7B2FB88B14A46012100206369ECF718
:100D90009FFD3146013D04F11804E9D159B9BDE880
:100DA000F8430120074AECF793BD38704246012111
:100DB00002206369EBE7BDE8F88300BFB0DE0308FB
:100DC0007CEF030804DF0308F7DE0308E4DE030812
:100DD0002DE9F04100210220104AECF779FD0726A9
:100DE0000F4CDFF84080D4E902734FF400503A46CC
:100DF000A188EDF751FB054650B94246012102207A
:100E00006369ECF765FD23693846984723681D70D0
:100E1000013E04F11804E6D1BDE8F0813EDF03088D
:100E20007CEF030874DF030838B50724054DA98853
:100E30004FF40050EDF780FB013C05F11805F6D1A9
:100E400038BD00BF7CEF030810B5F0F7F3FDBDE837
:100E50001040054A054B0121002808BF1346022017
:100E6000034AECF735BD00BF43E503084FE503082F
:100E70007FDF030810B548B902F0D0FE0346074AE9
:100E80000121BDE810400220ECF722BD012804D169
:100E900002F060FF024A0346F2E710BD8FDF03084D
:100EA0009EDF030810B548B902F0D0FE0346074A9A
:100EB0000121BDE810400220ECF70ABD012804D151
:100EC00002F060FF024A0346F2E710BDAEDF0308FE
:100ED000C0DF030870B5044608BB02F0D7FE054624
:100EE000214602201B4AECF7F3FC012102202B686B
:100EF000194AECF7EDFC012102206B68174AECF768
:100F0000E7FC6B7A164A01210220ECF7E1FCAB7A90
:100F1000144A0121BDE870400220ECF7D9BC012839
:100F200016D102F055FF0546002102200E4AECF7CB
:100F3000CFFC214602202B780C4AECF7C9FC6B78D9
:100F4000084A21460220ECF7C3FCAB78084AE0E7E8
:100F500070BD00BFD3DF0308E9DF0308F8DF030833
:100F600007E0030819E0030828E003083FE003084E
:100F700055E0030870B50446002840D102F098FE01
:100F8000054602F035FE21460646314A0220ECF7BE
:100F90009FFC012102202B882E4AECF799FC0121AD
:100FA0000220AB782C4AECF793FC01210220EB786D
:100FB0002A4AECF78DFC012102202B79284AECF714
:100FC00087FC01216B79274A0220ECF781FCFFF7AF
:100FD000C9F801210346244A0220ECF779FC96F86F
:100FE0004C30224A01210220ECF772FC96F84D3079
:100FF0001F4A0121BDE870400220ECF769BC0128BE
:1010000024D102F0F7FE054600210220194AECF730
:101010005FFC214602202B880E4AECF759FC214642
:101020000220AB780F4AECF753FC214602202B79C3
:10103000114AECF74DFC6B79104A21460220ECF77F
:1010400047FCFFF78FF8084A0346D2E770BD00BFA0
:1010500066E0030878E003088DE00308A6E00308D3
:10106000BCE00308CBE00308DCE00308F0E0030881
:10107000FEE0030818E103082BE1030839E1030847
:10108000012870B5044627D102F0C6FE05460021AE
:101090000220154AECF71CFC21462B780220134A4B
:1010A000ECF716FC21466B780220114AECF710FC95
:1010B0002146AB7802200F4AECF70AFC2146EB7878
:1010C00002200D4AECF704FC21466B680220BDE8C3
:1010D00070400A4AECF7FCBB0021BDE870400846AE
:1010E000074AECF7F5BB00BF48E1030858E10308E5
:1010F0006DE1030882E1030897E10308ACE103080E
:1011000085D8030810B558B902F0ACFD094B0A4A5E
:10111000B0FBF3F3BDE8104001210220ECF7D8BB8F
:10112000012806D102F040FE024B044AB0FBF3F363
:10113000F0E710BD40420F00C2E10308D7E1030809
:1011400013B50C4658B9084602F0B6FD2346084AC6
:10115000009002210846ECF7BBFB02B010BD01284D
:10116000FBD1084602F05CFE2346024A0090F0E7FD
:10117000EDE1030816E2030870B5054600283AD1F0
:1011800002F084FD1E4A0368044693420AD01D4AB9
:10119000934227D04CF25032934225D12B46012165
:1011A000194A02E001231946174A0220ECF790FB86
:1011B000236801210220154AECF78AFB63680121AC
:1011C0000220134AECF784FB637A01210220114AC2
:1011D000ECF77EFBA37A0121BDE8704002200E4AA5
:1011E000ECF776BB0223DAE70C4A0021BDE8704039
:1011F0000846ECF76DBB012801D1094AF5E770BD3F
:10120000F049020090D0030040E20308E9DF030840
:10121000F8DF030807E0030819E0030862E20308A7
:1012200085D8030810B50C4B1A78824212D060B1F1
:1012300001221A70FEF7CAFFFFF780FA074A002161
:10124000BDE810400220ECF743BB1870FEF7BEFF6C
:10125000034AF4E710BD00BF38C5002082E203084E
:1012600088E2030810B50C4B5A78824212D060B164
:1012700001225A70FEF7AAFFFFF76AFA074A002117
:10128000BDE810400220ECF723BB5870FEF79EFF2C
:10129000034AF4E710BD00BF38C500208FE2030801
:1012A00097E2030800F11403DBB22A2B13B50446BE
:1012B0000FD859B902F0B8FC58B9234601210220D1
:1012C0000A4A02B0BDE81040ECF702BB02F048FD4C
:1012D000F2E76FF0130316220321CDE9003202205A
:1012E0002346034AECF7F4FA02B010BDA0E203086B
:1012F000C0E2030810B50446FEF768FF94F9080041
:101300002178FFF7CFFF2378606853B902F074FCAF
:1013100050B163680121BDE810400020074AECF796
:10132000D7BA02F005FDF3E70122054B1A70054B11
:1013300094E8070083E8070010BD00BF3BDB03080B
:1013400034C5002028C50020022808B50ED0032887
:1013500010D0012815D1FFF79FFA0830EDF736FCC1
:10136000FEF734FF00220A4B1A6008BDBDE80840B2
:10137000FEF73ABFFEF72AFFBDE808400120FEF75E
:10138000A7BF0021BDE808400220024AECF7A0BA3E
:1013900038C50020F5E203082DE9FF410E46174647
:1013A0009846054670B90146374A0220ECF790FA94
:1013B00009214FF47A70FFF7D5FA04B0BDE8F04187
:1013C000FEF704BF0328314C35D16579012D1AD1C0
:1013D00029460220A3682E4AECF77AFA2946022011
:1013E000E3682C4AECF774FA294623692A4A02205A
:1013F000ECF76EFA2946A369284A022004B0BDE83A
:10140000F041ECF765BA022D33D101212846E3689B
:10141000234AECF75DFA01212846A368214AECF73C
:1014200057FA01216369204A2846ECF751FA012155
:10143000E3691E4AE1E728220021201D03F0C1F9DB
:10144000012DC4E90868657116D125714FF47A70D1
:1014500021797843FFF786FA154A164B0421012DAE
:1014600018BF13460220CDE90178134A0096ECF725
:101470002FFA04B0BDE8F081052301202371FEF7A7
:1014800027FFFFF797FAE1E724E3030838C50020B8
:101490003CE303084AE303085CE3030877E303083B
:1014A00095E30308A3E30308B5E30308D0E30308C7
:1014B0001FE303081AE30308EEE3030810B504462C
:1014C000084611461A46BDF808305CB90C4B83F843
:1014D000424001F053FD0B4A0021BDE810400220BC
:1014E000ECF7F6B901F0A0FD08B1074AF4E70122D4
:1014F000034B83F84220FEF7A3FE044AECE700BF4B
:1015000038C500205FE403086BE4030894E4030893
:1015100018B90548484302F09FBB012803D102488F
:10152000484302F03BBC704740420F006D282DE954
:10153000F74304460D4629D86D2927D8884225D27D
:10154000009102210346134A0846ECF7C1F9124FF5
:10155000DFF84C80DFF84C90E3B29D4207D80021C1
:1015600002200E4A03B0BDE8F043ECF7B1B907FB27
:1015700004863046FFF758F92346CDE900604A4615
:1015800003210220ECF7A4F90134E5E703B0BDE83C
:10159000F08300BF9FE4030890D00300EEE403084B
:1015A00000E9A435C9E403081FB503460020012B58
:1015B000CDE90100039009D0022B10D09BB101218D
:1015C0000B4AECF785F905B05DF804FB4DF6A8630E
:1015D000084A01A8CDE9012302F04AFBF3E74FF2E4
:1015E0002443054AF5E74CF2503246F2A813F0E7DF
:1015F00010E50308F049020090D0030008B5FEF79B
:10160000CBFDBDE808400020FFF7CEBF08B5ECF7E2
:10161000C9FFBDE808400148ECF7EEBF1DFF020816
:10162000EDF700B8F0B5431E012B05460F4685B017
:1016300012D8086802F05EF80026012D04468DF8E5
:101640000F601ED13146EBF79FF938B123460121D7
:1016500030461D4AECF73CF9FF250FE020460DF11E
:101660000F01EBF7BFFB0028F6D123469DF80F5082
:10167000164A009502210846ECF72AF9284605B0DB
:10168000F0BD786802F036F801218DF80F00204691
:10169000EBF77AF905460028D8D19DF80F102046BF
:1016A000003918BF0121EBF7F1FB20B123460121DE
:1016B0002846074ACEE79DF80F50064A2B1E18BF52
:1016C000012300932346D5E778E5030895E5030851
:1016D000A7E50308BAE5030870B505460C4692B0C5
:1016E00009A801F0B3FACDE909542025114E0121D2
:1016F00009A8CDF830D00D9501F0B2FA044610B12A
:1017000010F1120F13D100220C9B1A7002F0E2F8B4
:10171000012805D96B46324601210220ECF7D8F8A2
:10172000ECF7B6F8002CE2D1204612B070BD4FF0B5
:10173000FF34F9E7CDE5030837B5054620200190D1
:10174000D6F72AFC044648B3014601AA284600F011
:101750002FFE054688B102F0BDF8012805D92B46B9
:10176000012102200F4AECF7B3F82046D6F716FC09
:10177000ECF78EF8002003B030BD20460199FFF74A
:10178000ABFF05460028E6D102F0A4F80128ECD909
:1017900029460220044AECF79BF8E6E76FF00300C5
:1017A000E9E700BFD9E50308E9E503080220FFF7F0
:1017B000C3BF0320FFF7C0BF0120FFF7BDBF00007C
:1017C000F8B5064640BB1C4D6B68C3B11B4F28469D
:1017D0007B69AB6000F068FF044638466E6001F03C
:1017E00035FA74B902F076F8012804D921460220AE
:1017F000134AECF76DF8ECF74BF80020F8BD6FF0EA
:10180000180402F067F80128F5D9234601210220C7
:101810000C4AECF75DF8EEE700210B4A0846ECF7BE
:1018200057F802F057F80028E7D000210120074AB6
:10183000ECF74EF8E1E700BFC4C50020A0C50020CA
:10184000E9E50308D9E5030818CD0308F3E5030823
:1018500038B50446A0B9124D284601F0F7F9114BEE
:10186000EB6020232B6102F035F8012804D92146D2
:1018700002200D4AECF72CF8ECF70AF8002038BDEE
:1018800000210A4A0846ECF723F802F023F8002862
:10189000F4D000210120064AECF71AF8EEE700BF69
:1018A0007CC5002075CB0020E9E5030818CD0308AE
:1018B00005E60308012838B50C463CD10868D5F781
:1018C00094FA431E1F2B30D8224D6B6883B32368D4
:1018D000214CC4E90030204601F03CFA30B963687D
:1018E00023B92369A3B9237F072B11D900231A48F1
:1018F0006B606FF00A0401F0A9F901F0EBFF012819
:101900000FD9234601210220144AEBF7E1FF08E03A
:1019100001F0E0FF012804D900210220104AEBF772
:10192000D7FFEBF7B5FF002038BD6FF00904E4E7FF
:101930006FF01804E1E700210A4A0846EBF7C8FFF8
:1019400001F0C8FF0028EED000210120064AEBF785
:10195000BFFFE8E7C4C50020A0C50020D9E5030803
:10196000E9E5030818CD030818E60308012838B58F
:101970000D4639D10868D5F738FA431E1F2B2DD8EC
:10198000214CE3686BB32B68C4E90030204601F0BA
:10199000E1F930B9636823B9236993B9237F072B31
:1019A0000FD9194801F052F96FF00A0401F092FFC3
:1019B00001280FD9234601210220144AEBF788FFA2
:1019C00008E001F087FF012804D900210220104A15
:1019D000EBF77EFFEBF75CFF002038BD6FF00904EA
:1019E000E4E76FF01804E1E700210A4A0846EBF744
:1019F0006FFF01F06FFF0028EED000210120064AA2
:101A0000EBF766FFE8E700BF7CC50020D9E50308D7
:101A1000E9E5030818CD030838E60308012838B5BE
:101A200004460D4636D123492868D5F787F988B191
:101A300021492868D5F782F958B101F04BFF0128F8
:101A400024D96FF00A03214602201C4AEBF740FF1D
:101A50001CE002241A4D284601F0F8F840F2E54156
:101A600040F2A553012C08BF0B462B61154B164ABB
:101A70001C700024EA605A609C6001F02BFF012872
:101A800004D921460220114AEBF722FFEBF700FFB1
:101A9000002038BD00210E4A0846EBF719FF01F07F
:101AA00019FF0028F4D0002101200A4AEBF710FFAB
:101AB000EEE700BF5AE6030862E60308D9E503082B
:101AC000A0C50020C4C50020D0C50020E9E503085A
:101AD00018CD030869E6030810B540BB1B4B5A69D3
:101AE000202A16D11B69A3B9194800F005FF044646
:101AF000164801F0ABF87CB901F0ECFE012804D9DE
:101B000021460220134AEBF7E3FEEBF7C1FE00206B
:101B100010BD6FF01804EBE701F0DCFE0128F4D9EA
:101B20002346012102200C4AEBF7D2FEEDE700210B
:101B30000A4A0846EBF7CCFE01F0CCFE0028E6D0BE
:101B400000210120064AEBF7C3FEE0E77CC5002038
:101B500075CB0020E9E50308D9E5030818CD030893
:101B600082E6030810B5D8B900F028FB044660B936
:101B700001F0B0FE012804D921460220104AEBF7FB
:101B8000A7FEEBF785FE002010BD01F0A3FE0128A3
:101B9000F7D92346012102200A4AEBF799FEF0E724
:101BA0000021094A0846EBF793FE01F093FE002856
:101BB000E9D000210120054AEBF78AFEE3E700BFE8
:101BC000E9E50308D9E5030818CD030896E60308FC
:101BD00010B5D8B900F0B0FE044660B901F07AFE45
:101BE000012804D921460220104AEBF771FEEBF7D9
:101BF0004FFE002010BD01F06DFE0128F7D92346ED
:101C0000012102200A4AEBF763FEF0E70021094AAE
:101C10000846EBF75DFE01F05DFE0028E9D00021EB
:101C20000120054AEBF754FEE3E700BFE9E50308AE
:101C3000D9E5030818CD030896E6030830B5012856
:101C400004460D46ABB035D1A02322492868019344
:101C5000D5F774F8F8B120492868D5F76FF8E0B9DE
:101C6000022001AA02A900F093FC0446B8B9019928
:101C700002A8FFF731FD044688B901F02BFE0128C8
:101C800004D921460220154AEBF722FEEBF700FEAD
:101C900000202BB030BD2046E3E76FF00A0401F0CE
:101CA00019FE0128F2D92346012102200C4AEBF744
:101CB0000FFEEBE700210B4A0846EBF709FE01F0A7
:101CC00009FE0028E4D000210120074AEBF700FEBE
:101CD000DEE700BF5AE6030862E60308E9E5030809
:101CE000D9E5030818CD0308A1E6030830B5032899
:101CF0000C468DB049D10868D5F777F805462A48D3
:101D0000D5F773F828440130D6F746F9054678B37D
:101D100000232168037002F05CFD2349284602F08D
:101D200058FD636820220293A368FF2104A803934F
:101D3000019502F046FD04A901A800F08BFB0446C2
:101D400020B9202104A8FFF7C7FC04462846D6F78F
:101D500025F97CB901F0BEFD012804D921460220F5
:101D6000124AEBF7B5FDEBF793FD00200DB030BD47
:101D70006FF0030401F0AEFD0128F4D923460121E0
:101D800002200B4AEBF7A4FDEDE70021094A0846C3
:101D9000EBF79EFD01F09EFD0028E6D0002101201A
:101DA000054AEBF795FDE0E7B2E60308E9E503082D
:101DB000D9E5030818CD0308BEE6030810B50446AC
:101DC00070B900F039FB01F085FD012804D92146E6
:101DD00002200B4AEBF77CFDEBF75AFD002010BD0B
:101DE0000021084A0846EBF773FD01F073FD002857
:101DF000F4D000210120044AEBF76AFDEEE700BFB2
:101E0000E9E5030818CD0308E3E6030810B528BB8D
:101E100000F0FAFA0446B0B901F05CFD012805D9DA
:101E2000202301210220154AEBF752FD01F052FD5B
:101E3000012804D900210220114AEBF749FDEBF7F4
:101E400027FD002010BD01F045FD0128F7D92346EC
:101E5000012102200B4AEBF73BFDF0E700210A4A83
:101E60000846EBF735FD01F035FD0028E9D00021EB
:101E70000120064AEBF72CFDE3E700BFEFE603087D
:101E8000E9E50308D9E5030818CD030804E70308CA
:101E900002210148FCF760BF24F00308002230B59E
:101EA0001446451810F8013B4BB90134A8421A44B6
:101EB000F8D1A1420AD08B1A5842584130BDA3F143
:101EC000FF0CDCF1000343EB0C03EFE70120F5E727
:101ED000F8B500246827104D07FB04F62B6833443F
:101EE000D3F8D80130B1D6F759F800222B68334423
:101EF000C3F8D821882666432B683344D3F80004FE
:101F000030B1D6F74BF800222B683344C3F80024D5
:101F10000134052CE0D1F8BD98CB00202DE9F04F1D
:101F2000DBB018220021009003A802F04AFC4024F4
:101F300002235D4D2022296811A874318DF80D30DF
:101F4000099402F06FFD29682022013119A802F0DE
:101F500069FD03234FF0200B8DF80C302B6803A88C
:101F600003F5BA720492943311AACDE90624CDF890
:101F700014B00893EAF7D8F820B14FF0FF305BB007
:101F8000BDE8F08F29682246F43111A802F04AFD1D
:101F900029685A46013121A802F044FD04238DF836
:101FA0000C302B6803A803F55F72CDE9042411AA55
:101FB0000692602203F59A7307920893EAF7B4F841
:101FC00004460028D9D14FF4BA794FF45F7A042C33
:101FD00008BF26464FF068082F6818BF661C08FB2C
:101FE000067308FB047803F5BA7307EB0901202296
:101FF00029A8019302F016FDB8F8D421D8F8D81119
:1020000031A802F00FFD40F20322019BADF8282019
:10201000CDE90B3B29AB0D93B8F8D4310AA8203396
:102020000E9309F120031F4440230F971093EAF702
:102030007BF80028A1D14FF0880840232F681A466A
:1020400008FB067608FB047807EB0A0129A802F0D2
:10205000E9FCB8F8FC23D8F8001439A802F0E2FC37
:102060004FF401724023ADF8282006F55F7629AAC7
:102070000B960C930D92B8F8FC230AA81A440E9202
:102080000AEB03021744CDE90F73EAF74DF8002875
:102090007FF473AF009B0134A3420AF1880A09F16F
:1020A000680994DC6BE700BF98CB00202DE9F04174
:1020B00080460F461646EBF767FE0446A8B9304641
:1020C000D5F76AFF0546A8B1014632464046EBF710
:1020D000ABFF32462946384602F04AFB041E18BFC1
:1020E000012428466442D5F759FFB4FA84F0400928
:1020F000BDE8F0814FF0FF34F7E7000000232DE941
:10210000F04188B0ADF8063001238DF80530FF238B
:10211000CDE9053240232025DFF860800793D8F809
:10212000003004280CBFD433543304468DF8040027
:1021300001A80F461646049102930395E9F7F4FFB0
:10214000C8B9022340228DF80530FF23042C08BFB4
:102150001546CDE90536D8F80030ADF806000CBFBD
:10216000F433743301A8CDE902358DF804400497A7
:102170000792E9F7D9FF08B0BDE8F08198CB0020BD
:1021800070B5D0B010AD01F07DFBFF242E46FF20CE
:1021900001F07EFB013C14F0FF0405F8010BF6D1C1
:1021A0006A4631460420FFF7A9FF20B96A46314646
:1021B0000320FFF7A3FF50B070BD00002DE9F84FDA
:1021C0007A4C2168002900F0ED80202204200131A2
:1021D000EBF72AFF2168042226202131EBF724FFA8
:1021E0002168052034312022EBF71EFF20680421EE
:1021F0002130FFF753FE20B16FF009052846BDE8F6
:10220000F88F2720EBF7A6FF431E0D2B0246F3D8CD
:10221000216827202531EBF707FF2668202106F1EA
:102220003400FFF73BFE05460028E5D10A460620AC
:1022300006F15401EBF7F8FE2168202207207431E3
:10224000EBF7F2FE2168402208209431EBF7ECFE18
:10225000216820220920D431EBF7E6FE21684022D4
:102260000A20F431EBF7E0FE216840220B2001F553
:102270009A71EBF7D9FE4FF45F784FF4BA790C26D8
:102280004FF0680B27682022304607EB0901EBF777
:10229000CBFE06F1020A09F12001701C40223944EC
:1022A00080B21FFA8AFAEBF7BFFE5046EBF752FFF7
:1022B0000BFB0573A3F8D40150B96FF01D05FFF7B0
:1022C00007FE40F224620021206802F07AFA95E7C6
:1022D000D3F8D80108B1D5F761FE0BFB0577B7F845
:1022E000D401D5F759FE0146C7F8D8010028E4D03B
:1022F0005046B7F8D421EBF797FE2768F01C402230
:1023000007EB080180B2EBF78FFE06F1050A08F132
:102310004001301D4022394480B21FFA8AFAEBF79F
:1023200083FE5046EBF716FF882303FB0573A3F8E3
:10233000FC030028C1D0D3F8000408B1D5F72EFE65
:10234000882303FB0577B7F8FC03D5F725FE014684
:10235000C7F800040028B0D05046B7F8FC23013578
:10236000EBF762FE0636042DB6B209F1680908F1F2
:10237000880887D121682022242001F54571EBF7D8
:1023800053FE21684022252001F29C51EBF74CFEC0
:102390002846FFF7C3FD0546002890D1FFF7F0FE61
:1023A00005468CE76FF0180528E700BF98CB0020A2
:1023B00038B514460D4609B302B302280CD00328E1
:1023C0000ED0012815D10423262013602946228827
:1023D000EBF72AFE002010E0202305201360F5E72C
:1023E0002720EBF7B7FE206001380D2809D82720F9
:1023F000ECE700236FF00A00136038BD6FF00800AF
:10240000FBE76FF00900F8E710B50A4C23683BB111
:1024100040F224620021206802F0D3F9002010BDB0
:1024200040F22460D5F7B8FD20600028F0D16FF0AD
:102430000300F4E798CB002010B5054C236833B1B6
:10244000FFF746FD2068D5F7A9FD0023236010BDE6
:1024500098CB00202DE9F04F8846834689B00028AC
:1024600000F08680002900F083800268002A7FD077
:102470004268002A7CD08268002A79D0424F3A68AC
:10248000002A78D0002111700068D4F7AEFC054610
:10249000DBF80400D4F7A9FC8246DBF80800D4F787
:1024A000A4FC81463948D4F7A0FC854207D32C1AF6
:1024B000DBF8000035492044D4F740FC00B12C463D
:1024C0000AF10102112A59D8B9F1040F56D10E2C84
:1024D00054D805EB0A030093043318460193D5F74B
:1024E0005BFD064600284CD02A46DBF8001002F0BF
:1024F00099FA5246DBF80410701902F093FA00982A
:102500004A46DBF80810304402F08CFA4FF0200AFB
:102510000122019B03A8CDE905388DF80C20049613
:10252000CDF81CA0E9F776FD0546D0B938684A46D3
:10253000DBF80810213002F075FA38682246DBF823
:102540000010253002F06EFA3868524680F83340A9
:102550004146013002F066FA3A68137843F001030D
:1025600013703046D5F71AFD284609B0BDE8F08F44
:102570006FF00805F8E76FF01805F5E76FF00A054A
:10258000F2E76FF00305EFE798CB0020B2E603080F
:102590002DE9F04F064615460C468DB0002974D043
:1025A000002A72D000213F4FD2F800A0D7F8008057
:1025B0001160B8F1000F6BD098F80030DB076AD5D6
:1025C0001422684602F0FDF8012E22D143464FF056
:1025D000030B202013F8742B08F1540102F0EB02D6
:1025E0004FF0200988F80020CDE9033068468DF8C7
:1025F00000B00191CDF80890E9F7D4FE30B9049A03
:1026000002F16008C24511D26FF00A000DB0BDE8BA
:10261000F08F022E42D1434613F8F42B4FF0040BF7
:10262000402002F0D70208F1D401D9E720460399EF
:1026300002F0F8F9DDF810A039684A4604EB0A0008
:10264000013102F0EFF901228DF81520019A0AF10B
:1026500020030692029A0993CDE907241C444023E3
:1026600005A88DF814B00A940B93E9F75DFD0028D6
:10267000CCD13A68C5F800801378012E0CBF43F026
:10268000040343F008031370C0E76FF00800BDE7D0
:102690006FF01800BAE76FF02700B7E76FF00B0094
:1026A000B4E700BF98CB00202DE9F047064600288C
:1026B00000F016814368002B00F012818D4D2868D0
:1026C000002800F010813378012B1DD1037823F00E
:1026D000100202705A0703D46FF02700BDE8F0879C
:1026E000B368A3F51D7340F27122934209D8D6E96D
:1026F000014320222146013004EB030802F038F8A0
:1027000078B16FF00A00E9E7022B40F0EF80037820
:1027100023F020021B070270DED5B368A3F54D73CA
:10272000E1E733782868012B04F120016CD12022E5
:10273000743002F01DF806460028E2D140222868D5
:10274000A118943002F06EF94FF068098034E278F5
:102750002B6802F0F002B02A29D1A27802F07F02A1
:10276000911E7D2906D9682202FB06330022A3F8B8
:10277000D421C6E7023209FB0633D3F8D801A3F807
:10278000D42108B1D5F70AFC09FB06F72B6803EB47
:10279000070ABAF8D401D5F7FFFB2B68CAF8D801AD
:1027A0003B44D3F8D80120B96FF0030096E7042228
:1027B000E1E7B3F8D42102F1600323449845A0D3A4
:1027C000214602F02FF92B6807F5BA70DA19B2F832
:1027D000D421184414442146202202F023F9286809
:1027E00007F5CA7704F1200140223844013602F08F
:1027F00019F9052E04F16004A9D12A68137843F071
:1028000010030020137069E74022F43001F0B0FF9C
:10281000064600287FF475AF286804F16001402265
:1028200000F59A7002F0FEF84FF08809A034E278C3
:102830002B6802F0F002B02A50D1A27802F07F0299
:10284000911E7D2906D9882202FB06330022A3F8B7
:10285000FC2356E7023209FB0633D3F80004A3F841
:10286000FC2308B1D5F79AFB09FB06F72B6803EBAD
:10287000070ABAF8FC03D5F78FFB2B68CAF80004E7
:102880003B44D3F8000400288ED0B3F8FC2302F1B7
:10289000800323449845FFF434AF214602F0C2F888
:1028A0002B6807F55F70DA19B2F8FC23184414445A
:1028B0002146402202F0B6F84022286807F56F77DB
:1028C000A1183844013602F0ADF8052E04F1800459
:1028D000ADD12A68137843F0200392E70422BAE7C7
:1028E0006FF00800FAE66FF01800F7E66FF00B00E3
:1028F000F4E600BF98CB0020014638B588B10D4DF5
:10290000286888B1037813F0020410D120223430F3
:1029100002F088F820462A68137843F00203137007
:1029200038BD6FF00800FBE76FF01800F8E76FF0B4
:102930002700F5E798CB002073B5BE4C2368002B29
:1029400000F075811B7803F03D033D2B40F074814E
:102950000520FFF7E3FA0546002840F05C81EBF71D
:102960002BFC002840F06B81EBF7BAFC0422002816
:102970000CBF4FF0E0634FF0006302200DEB02014B
:102980000193EBF701FA0646002840F05B812168CD
:10299000202204200131FFF789FB002839D021686B
:1029A000042226202131FFF781FB90B321682720E4
:1029B00091F833202531FFF779FB50B321682022AD
:1029C00006205431FFF772FB18B32168202207203C
:1029D0007431FFF76BFBE0B121684022082094318D
:1029E000FFF764FBA8B1216820220920D431FFF74A
:1029F0005DFB70B1216840220A20F431FFF756FBDD
:102A000038B1216840220B2001F59A71FFF74EFB87
:102A1000064621680B789B0700F1008106F0010053
:102A2000002800F0F680216820220C2001F5BA7100
:102A3000FFF73CFB002800F0EC80216840220D20CD
:102A400001F5CA71FFF732FB002800F0E28023682D
:102A50000E20B3F8D421D3F8D811FFF727FB0028B4
:102A600000F0D780216840220F2001F55F71FFF749
:102A70001DFB002800F0CD8021684022102001F5C8
:102A80006F71FFF713FB002800F0C380236811204B
:102A9000B3F8FC23D3F80014FFF708FB002800F07C
:102AA000B88021682022122001F5EE71FFF7FEFAAE
:102AB000002800F0AE8021684022132001F5FE714D
:102AC000FFF7F4FA002800F0A48023681420B3F87C
:102AD0003C22D3F84012FFF7E9FA002800F0998071
:102AE00021684022152001F20441FFF7DFFA002897
:102AF00000F08F8021684022162001F24441FFF748
:102B0000D5FA002800F0858023681720B3F88424C4
:102B1000D3F88814FFF7CAFA00287AD02168202257
:102B2000182001F51171FFF7C1FA002871D0216852
:102B30004022192001F51971FFF7B8FA002868D072
:102B400023681A20B3F8A422D3F8A812FFF7AEFA2C
:102B500000285ED0216840221B2001F28C41FFF743
:102B6000A5FA002855D0216840221C2001F2CC4152
:102B7000FFF79CFA00284CD023681D20B3F80C25E1
:102B8000D3F81015FFF792FA002842D021682022CE
:102B90001E2001F52B71FFF789FA002839D0216832
:102BA00040221F2001F53371FFF780FA88B32368B4
:102BB0002020B3F80C23D3F81013FFF777FA40B3B3
:102BC00021684022212001F21451FFF76FFA00B36F
:102BD00021684022222001F25451FFF767FAC0B168
:102BE00023682320B3F89425D3F89815FFF75EFAED
:102BF00078B121682022242001F54571FFF756FAAB
:102C000038B121684022252001F29C51FFF74EFA8D
:102C100008B96FF01E05284602B070BD20220520BD
:102C20003431FFF743FA304000F00100F8E66FF06E
:102C30001805F0E798CB00206FF02705EBE76FF061
:102C40001F05E8E76FF00505E5E700BF10B5242292
:102C50000021044601F0B5FD0123236210BD0000F0
:102C6000F0B5026A0346012A04D0022A04D06FF0AC
:102C70002700F0BD02220262354D00201A7F052A8E
:102C800001D91C6954B91A7F182A01D85C68DCB9CB
:102C90000028F2D149BB6FF01100EAE7901F9A6952
:102CA000DC68C24002F03F02AA5C01202270DA68B0
:102CB0000132DA601A69013A1A611A7F063A1A7704
:102CC0005A6901325A61D9E71868083210F8016B65
:102CD0009F691A779A6846EA0726013C0132186014
:102CE0009E6101205C609A60CDE759680029D2D1CD
:102CF000AAB1196999B19969C2F106029140144AC1
:102D000001F03F01DC68525C2270DA68187701320A
:102D1000DA601A69013A1A615A6901325A613D2131
:102D2000586910F0030001D01A692AB91B7F002BE3
:102D3000B1D100289DD0AEE7DA681170DA680132AF
:102D4000DA601A69013A1A615A6901325A61E7E791
:102D5000A4F10308F0B5026A0346012A05D0033A3C
:102D6000022A04D96FF027000EE003220262052533
:102D7000042600201A7F072A01D9196929B91C7F66
:102D80001A2C50D90028F4D1F0BD9969D868083AB6
:102D9000D1400170DA6801200132DA601A69013A23
:102DA0001A611A7F083A1A775A6901325A61E1E7C3
:102DB000A2F13007092F43D8043204E05A2A0DD873
:102DC000402A3DD9413A1F6A043F012F38D99F69F3
:102DD000063442EA87129A611C770EE0A2F161077D
:102DE000192F2DD8473AEEE71A6A032A12D19A68AA
:102DF00002F00302022A09D11E629A6801300139E9
:102E000001321860596001209A60B8E7032A17D18F
:102E10001D62F2E7042AFBD0052AEED110E03F2222
:102E2000D1E73E22CFE759680029ABD01868027875
:102E30003D2AD9D0C2D82F2AF1D0B9D82B2AF0D028
:102E40006FF00A00A0E70000014B1860704700BF58
:102E5000A8CB0020F0B53F4B05461B7885B0014458
:102E60001BB13D4E336853B930603C4B1C883C4B22
:102E70001B681C448C422CBF0024012418E003F57D
:102E80001C5310339942F0D3364F3C7854BB364B29
:102E90001B7883B1EEF7CEFD01280CD0FDF796F933
:102EA00000F0C6FF38B121462046304AEAF710FD4F
:102EB000204605B0F0BD01253D7000F089FF0322DA
:102EC000014601A801F0AEFD06238DF80530FDF79F
:102ED0007DF901A800F06EFF002838D00021244AB7
:102EE0000846E3E71D4B1E4A1B8812680024134462
:102EF0008B42DDD21C4B3C701B7873B1EEF79AFD10
:102F000058B1FDF763F900F0DFFE30B12146194AF0
:102F10000846EAF7DDFC0024CAE7356000F0B6FE9B
:102F20000C22014601A801F07DFD4CF2503246F220
:102F3000A813CDE901231A238DF80E30FDF746F9C9
:102F400001A800F095FE10B100210B4AE0E7012432
:102F5000AEE700BFADCB0020A4CB00209CCB00206F
:102F6000A8CB0020AECB0020ACCB002021EA030888
:102F70003FEA030861EA03087EEA03080023064AE1
:102F80001370064A1360064A1370064A1360064A15
:102F90001360064A13707047ADCB0020A8CB002009
:102FA000AECB0020A4CB0020A0CB0020ACCB0020D7
:102FB00010B5134B1B7873B1124B1B785BB1124BDE
:102FC000196831B1114A1248914218BF1046186071
:102FD00010BD0F48FBE70F4A0F48137804680F49EC
:102FE0000F48C95C0068013304FB01000D49DBB2E6
:102FF0000978B3FBF1F401FB14331370E8E700BF69
:10300000ADCB0020AECB0020A0CB0020800D4A37F6
:103010000088C935B0CB002050CC0020B1CB0020B7
:1030200058CC0020AFCB00202DE9F04F06460D46CE
:1030300085B0CDE9001217461C4603210346524ACB
:103040000220EAF745FCAE4204D94FF0FF3005B04C
:10305000BDE8F08FAB1BBB42F7D3002FF5D0002C9F
:1030600014BF22464FF4C872484B01211A802346F0
:10307000474C0220474AEAF72BFC25600025464BC7
:10308000DFF830811F60DFF83091444B122229466F
:1030900043481D70C8F8006089F8005001F091FBAA
:1030A0008C2229463F4801F08CFB2468D8F8003078
:1030B000E41AB4FBF7F401348C2CC6D82A4602A9D2
:1030C000284600F0C9FB02A800F0A6FA064601F067
:1030D00079F8334601210220334AEAF7F9FBA84682
:1030E000DFF8BCA0DFF8BCB044450AD8022199F84B
:1030F0000030084600932D4A2346EAF7E9FB0020FA
:10310000A5E701F08DF8B0FBF4F3012703FB1406EB
:10311000C6F3C401C6F1070303F0070301EB0A007D
:103120001AF8011007FA03F30B42F5B2DAB218D01D
:10313000BC460135EDB2A54228BF0025BC4220D9CE
:10314000C5F10703E9081AF8011003F007030CFAA8
:1031500003F30B422E46DAB20AEBD50007F1010762
:10316000E7D10A430221027043460BF80850084693
:103170000F4A0096EAF7ACFB99F80030013389F862
:10318000003008F10108AFE79FEA03089CCB00205C
:1031900054CC0020CFEA030850CC0020B0CB002054
:1031A0003DCC0020B1CB0020E0EA03082AEB030865
:1031B00017EB030858CC0020AFCB00202DE9F84FC7
:1031C0000E461F4907469146984601F041FB0546C9
:1031D0003846D3F70AFEA8422FD907EB050A504616
:1031E000174901F012FB0446DEB13846154901F0DB
:1031F0003FFBB0B105F1010B124907EB0B0001F0E9
:1032000004FB9AF800300646222B13D048B18442C2
:1032100007D9A81C30440B49384401F0F6FAF41CD5
:103220000444201E18BF0120C9F80050C8F800400F
:10323000BDE8F88F04465D46F3E70020F8E700BFDD
:1032400052EB030857EB030873B504460E460025FE
:103250006A460121204601ABFFF7B0FF70B1009B29
:103260001C44019B46F82540E25C013532B1002246
:103270001E2DE25403F101031C44E9D1284602B09B
:1032800070BD00002DE9F74F04468A4617460646F2
:103290004FF0000B4FF0FF356FF000493368B04638
:1032A0006BB96A1C22D0124B2A011B68A158114825
:1032B00004EB05189847404603B0BDE8F08F184668
:1032C0003A465146019301F0B1FA019B28B14846B4
:1032D00081460BF1010B1036E0E71846D3F785FD68
:1032E0008742E8D08145F2DD5D46F1E79846E2E7A6
:1032F000880D002059EB030808B5054B1B682BB15E
:10330000820703D4984700F0010008BD0020FAE7C7
:103310005CCC002070B50446074D084E236803B905
:1033200070BD207AFFF7E8FF20B9D4E900123046DB
:103330002B6898471034F1E7880D002075EB0308DF
:103340002DE9F041404B0646D3F80080A0B0B8F11B
:10335000000F27D007466A460021384601ABFFF729
:103360002DFF28B9394B31461B683948984716E07C
:10337000009D40463D44019F29463A46FFF782FFA3
:103380000446A8B9314B012F1C682FD0AA1B002A74
:10339000334631462F48C8BF02F1FF32A0474046AE
:1033A000FFF7B8FF6FF00705284620B0BDE8F081B1
:1033B000007AFFF7A1FF01460028E3D1237A2F44CA
:1033C000DB073DD56A46384601ABFFF7F7FEC0B1D3
:1033D000019B012B15D1009BFB5C3F2B11D1D4E944
:1033E00000121A4B1C481B68984708E02B783F2BAB
:1033F000CCD131461948A0474046FFF78BFF184D06
:10340000D2E77822002102A801F0DBF9384602A9B0
:10341000FFF71AFFE36800B27BB102A9984705469F
:103420000028C1D0094F31463B680E489847D4E97F
:1034300000123B6808489847B6E76FF00A05F1E7C5
:10344000D4F80C8087E700BF60CC0020880D0020F6
:10345000CCEB03087FEB030875EB0308EAEB0308EA
:10346000A8FDFFFFABEB030818B1034B1860002069
:1034700070476FF00A00704760CC00202DE9F043E0
:103480001F4E0546377885B0A7BBA8B31030E8F7C4
:10349000FFFA0446814620B103461A4A0121384604
:1034A00008E0EAF7E7FF0446804648B103460121F9
:1034B0004846154AEAF70CFA204605B0BDE8F08305
:1034C000E8F752FD0446074620B103460121404675
:1034D0000E4AEFE7EBF766F8044610B103460C4AD4
:1034E000DCE76C4695E80F0084E80F00EAF74AFB3A
:1034F000012333700024DFE76FF00A04DCE700BF2C
:1035000064CC0020F0EB03080FEC03082EEC03085A
:103510004FEC030802680B689A4207D808D140684C
:103520004B68984294BF00200120704701207047EB
:103530000020704702680B689A4205D140684B68CA
:10354000C31A5842584170470020704710B50446CE
:10355000FFF7E0FF40B92046FFF7ECFF80F00100E5
:10356000C0B200F0010010BD0020FAE710B5064916
:10357000064C43688B4200D810BD026823440132D8
:1035800002604360F5E700BFFFC99A3B003665C49F
:1035900013B56B46044603C983E803001846FFF7DA
:1035A000E5FF2046FFF7E2FF2368009A13442360FB
:1035B000019A63681344636002B0BDE81040FFF7EE
:1035C000D5BF000013B56B46044603C983E803006A
:1035D0001846FFF7CBFF6168019A914205D2236834
:1035E000013B2360074B0B4463602046236800992E
:1035F0005B1A236063689B1A636002B0BDE81040E9
:10360000FFF7B4BF00CA9A3B034603C983E803002F
:1036100011461846FFF7D6BF0449D0E900234FF4FE
:103620007A70B3FBF1F300FB0230704740420F00A9
:103630004FF47A72B0FBF2F302FB13000B60024B03
:1036400058434860704700BF40420F004FF47A7102
:10365000D0E90023B3FBF1F3014800FB02307047CF
:1036600040420F004FF47A7143680246B3FBF1F019
:1036700000211268014BE2FB0301704740420F003A
:10368000421E002010B512F8013F13F0DF0F03D0E7
:103690000A2B01D00D2B00D110BD2E2BF3D01029F9
:1036A00001FB00F00ED1402B0CD9462B04D8073B70
:1036B000DBB230381844E6E7A3F16104052C05D8E5
:1036C000273BF5E7A3F13004092CF2D90020E3E70A
:1036D00008B1FFF7D5BF704708B530B102782D2A81
:1036E00004D10130FFF7F4FF404208BDBDE80840B7
:1036F000FFF7EEBF0378302B06D1437803F0DF03EA
:10370000582B0AD1022304E003F0DF03582B04D125
:10371000012310211844FFF7DFBF0A21FBE7000057
:10372000F0B50B460546174C87B001AE04F1100CFE
:10373000374620686168083403C764453E46F7D1C0
:1037400021786C1C3970591E002398B2824204D82B
:10375000002305F8123007B0F0BD11F8010F06AED6
:1037600006EB101010F8140C05F81300087800F0A0
:103770000F001830684410F8140C04F813000133DB
:10378000E3E700BF6EEC03087FB56D4600230446F7
:103790002846CDE90233EBF7BDFA08BB04F1100669
:1037A000E8F7B6F929463046FFF7B4FEB0B922690A
:1037B000009B02A89B1A0B4AB2F9002053434FF416
:1037C0007A7253430393FFF7D1FE02A904F1180064
:1037D000FFF7DEFE95E8030086E80300E8F7CEF980
:1037E00004B070BD8C0D00202DE9F0439368804635
:1037F0000F4614468BB063B3E9461046FFF7C4FF8B
:103800004846EBF787FA0646F8B902ADE8F780F9C3
:103810000FCC0FC594E80F0085E80F00E8F7AEF96C
:10382000B8F1000F0BD0484602A9FFF7CBFE48467F
:1038300004A9FFF7ADFE99E8030088E8030027B16B
:103840000AAB13E9030087E8030030460BB0BDE87C
:10385000F0836FF01806F8E70346012B084611467F
:1038600004D0022B05D033B9EBF754BA034AFFF763
:10387000BBBF034AFBE76FF00500704788CC002010
:1038800068CC002004210148E8F78EBB900D002091
:1038900010B5044638B1054800F000FD90FBF4F384
:1038A00003FB1404A4B2204610BD00BF900D0020FD
:1038B0000288022A9FBF024B81781A809970704754
:1038C000940D0020024B9A781B8882700380704709
:1038D000940D0020014B1888704700BF940D002004
:1038E0007FB5144D2B7813B3002469462246204639
:1038F000CDE90044CDE90244FFF7AEFF05F10C002D
:10390000FFF78AFE6A7802AEC2F16403584331467B
:10391000B0FBF2F0FFF78CFE69463046FFF738FE49
:1039200096E803002B1D83E80300C5E9034404B0B7
:1039300070BD00BF980D002070B5174D044695F876
:1039400030313BBB0128287010D100F097FB00F00C
:103950009BFB0646FFF7C4FF304600F0ABFBD5F8F3
:103960002431BBB12046BDE8704018470228F6D18B
:10397000EEF760F800F009FB0628F0D1AA7C012AD6
:10398000EDD1D5F82831002BE9D085F83021BDE8FC
:103990007040184770BD00BFA8CC002038B5044661
:1039A000F0B10023104DC5F82031436805F108013E
:1039B000C5F824318368C5F82831C368281DC5F8C7
:1039C0002C3100F0C4FA2168084805F10C02EFF729
:1039D0002BF938B9EEF72EF8BDE8384000F0C1BA3F
:1039E0006FF0010038BD00BFA8CC002039390308B2
:1039F00010B50446EEF718F8022804D02046BDE8BA
:103A00001040EEF7D3BB002010BD08B5EEF70CF860
:103A1000082807D0EEF708F8012806D0BDE80840CE
:103A2000EEF716BC6FF0030008BD0020FCE70000B5
:103A300008B5EDF7FFFF00F0A8FA024B03F80C0FF2
:103A4000184608BDA8CC002013B500240DF10601CE
:103A5000ADF80640EEF7F4FF08B1ADF80640EDF71B
:103A6000E9FF00F08DFAEEF703F910B10023ADF88D
:103A70000630BDF9060002B010BD37B50D4604464C
:103A8000EDF7D8FF00F07CFA2A4621460DF1070336
:103A9000EEF790FF9DF8070003B030BD08B5EDF7D5
:103AA000C9FFBDE8084000F061BA08B5EDF7C2FFF4
:103AB000BDE8084000F05FBA10B586B00C4600F0D3
:103AC00097F800F14C03019300F128030293431D82
:103AD000049300230593836901A80393EFF74EFB3A
:103AE00060B90298EFF776FD40B9029B0498D97847
:103AF000EFF7F4FC10B91CB1EEF73AFF06B010BDB9
:103B00000398EEF70DFFF9E710B500F087F80446CB
:103B100000F09CF801462046BDE81040EEF7A4BE38
:103B200010B500F07BF8044600F090F801462046FE
:103B3000BDE81040EEF7C6BE70B5C6B0054600F051
:103B400057F8044600F0B4F8064685B1AB88214A20
:103B5000DB082385AB6853434FF47A72A3612B7E55
:103B600084F82E306B692363EB695343636106ADC0
:103B7000FF220021284600F024FEB279F92A26D837
:103B80002846B16800F04EFF04F14C03019304F1A4
:103B900028030293631DCDE90435B37901A884F8A5
:103BA0002E3063690393EFF70BFB70B90298EFF7C0
:103BB00011FD50B9029B0498D978EFF78FFC20B91A
:103BC000029B05989979EEF7B7FC46B070BD6FF08F
:103BD0000100FAE740420F0008B5FFF7ADFF30B92A
:103BE00000F006F8BDE808404069EEF717BE08BDD2
:103BF00000487047AC0D002010B50446EDF714FFE7
:103C0000082806D0044B20461C60BDE81040EEF7A3
:103C10002FB86FF0030010BDAC0D0020014B1868E9
:103C2000704700BFAC0D002010B50446EDF7FCFE58
:103C3000082806D0044B20461C71BDE81040EEF762
:103C40008FB96FF0030010BDAC0D0020014B93F94C
:103C500004007047AC0D0020014B5861704700BF55
:103C6000AC0D0020014B5869704700BFAC0D00201F
:103C700010B5044601460C22034800F0D3FE20464E
:103C8000BDE81040EFF768BCC80D00200048704741
:103C9000C80D002010B5044601461022034800F06C
:103CA000C1FE2046BDE81040EFF794BCD40D0020C3
:103CB00000487047D40D002002490246A1F10C00D3
:103CC000EFF7BABCD40D002010B5EEF7C1FA0346E9
:103CD00030BBEDF7C3FE034610BB124C2068EDF776
:103CE000C7FF0346E0B994F90400EEF739F903463B
:103CF000B0B90321601DEFF7F1FB034680B904F171
:103D00001C00EFF729FC034650B904F12800EFF737
:103D100061FC034620B9E089BDE81040EFF70EBC16
:103D2000184610BDAC0D002000487047000E002062
:103D300010B50446EDF778FE082806D0044B20465F
:103D40001C60BDE81040EDF793BF6FF0030010BD9D
:103D5000000E0020014B1868704700BF000E0020C5
:103D600010B50446EDF760FE082806D0044B204647
:103D70001C71BDE81040EEF7F3B86FF0030010BD02
:103D8000000E0020014B93F904007047000E002044
:103D9000014B187A704700BF000E0020014BD8601D
:103DA000704700BF000E0020014BD868704700BF6D
:103DB000000E002010B5044601460322034800F01F
:103DC00031FE2046BDE81040F3F7C8BB110E0020BD
:103DD00000487047110E002010B504460146062227
:103DE000034800F01FFE2046BDE81040F3F7DCBB9F
:103DF000140E002000487047140E002010B5054C2A
:103E000001460822204600F00DFE2046BDE8104085
:103E1000F3F7F4BB1C0E0020004870471C0E002076
:103E200002490246C81EF3F70FBC00BF140E002063
:103E300010B5EEF70DFA28BB0120EDF70FFE08BB19
:103E4000114C2068EDF714FFE0B994F90400EEF787
:103E500087F8B8B9E088F3F731FB98B9207AF3F71F
:103E600055FB78B904F11100F3F778FB50B904F170
:103E70001400F3F799FB28B904F11C00BDE81040C9
:103E8000F3F7BCBB10BD00BF000E002037B50D46D8
:103E90000446FFF7AFFF06220146684600F0C2FD68
:103EA0009DF8023013B9FA238DF803306846F3F712
:103EB0007BFB034638B94DB1F3F728FB034610B935
:103EC000EEF756FD0346184603B030BDFFF760FF1E
:103ED000F3F71CFB03460028F5D12046EEF720FD42
:103EE000F0E710B5FFF736FF0446FFF74BFF01463A
:103EF0002046BDE81040EEF7B7BC10B5FFF72AFF2B
:103F00000446FFF73FFF01462046BDE81040EEF7AC
:103F1000D9BC73B50D460646FFF76CFF0622014675
:103F2000684600F07FFD68468DF80350FFF754FFA8
:103F3000044648B929463046EEF7FEFA044618B959
:103F4000FFF732FFEEF76AFC204602B070BD38B5CD
:103F50000C460546FFF7E8FE2860FFF749FE2060A3
:103F600038BD08B9FFF7B0BEFFF762BF08B9FFF769
:103F7000CBBDFFF7B6BF08B9FFF7D2BDFFF7BDBF96
:103F800008B9FFF74BBEFFF7E5BE08B528B9FFF744
:103F90007DFEBDE80840EFF7BDB8FFF719FFBDE8AB
:103FA0000840F3F76DBA0346002210B59C7D54B16A
:103FB0005C8A8C4207D29C8A8C4204D9062303FB7C
:103FC0000200123010BD0132032A03F10603EDD1C5
:103FD0000020F7E72DE9FF4104466F460D46D1E981
:103FE000000187E803002146384690461E46FFF749
:103FF000E9FA20461249FFF79DFAD0B10023304676
:1040000002A9CDE90233FFF713FB95E8030084E82A
:104010000300204602A9FFF7D5FA4FF4B472B8F8AE
:104020000C305343A360A3689B1BA36004B0BDE89E
:10403000F0813846FFF7F0FA024B9842DED8F2E7FB
:10404000E8F1030880EE3600F7B50F466E46002112
:10405000C2F51C5410345C430546CDE90011B4FB95
:10406000F2F03146FFF7E4FA39463046FFF790FAAE
:1040700096E8030085E8030003B0F0BD014B187813
:10408000704700BF240E0020074B02461B78834276
:1040900007D9064B187828B1C421054801FB020056
:1040A00070470020704700BFDCCD002034D00020D6
:1040B000E0CD0020002230B585B00446CDE90022D5
:1040C00000285BD0456869461046FFF7C5FB2B8981
:1040D0005B0707D52A4B2A4669461B6804F108008E
:1040E000FFF778FF2B8958060BD5264B2A46187800
:1040F0000C2303FB0040224B69461B680830FFF786
:1041000069FF2B89D90607D51D4B69461B68AA890B
:1041100004F10800FFF798FF2B891A060AD5194BFE
:1041200069461878164B01301B68AA8904EBC00059
:10413000FFF78AFF2B899B0602D4002005B030BD13
:104140000F4B284619680023CDE90233FFF72BFFF8
:1041500008B90720F2E7007902AD012804BF0A2060
:1041600048432946FFF764FABC3469462846FFF7FE
:104170000FFA95E8030084E80300DEE70E20DDE790
:1041800030D000202CD000201FB514461A46094B11
:1041900005461B68D8684CB1074B00910749CDE92B
:1041A00001342B4600F000FA00F049FC044B1C4699
:1041B000F3E700BF340E00207FEC03088CEC03080B
:1041C00025CD030838B5104B04461D682A6BB2B9DB
:1041D0001820D3F7E1FE0246286320B90B4B462195
:1041E0000B48FFF7D1FF0B490B4BC0E900130B4BFA
:1041F000002183600B2383810120C2E90401002395
:104200001461536138BD00BF340E0020BBEC0308BD
:10421000D2EC03080E33CDAB34126DE6ECDE0500B4
:10422000164B10B51C68226BB2B91820D3F7B4FE38
:104230000246206320B9124B52211248FFF7A4FF17
:104240001149124BC0E90013114B002183600B236D
:1042500083810120C2E9040113690E4854690E49A3
:10426000584301FB0400A3FB0131013340EB010083
:10427000C2E9043020F0004010BD00BF340E002021
:10428000BBEC0308D2EC03080E33CDAB34126DE661
:10429000ECDE05002DF451582D7F954C02680D4B36
:1042A0000D49002A08BF1A460C4B92FBF3F301FBA1
:1042B00003220B494B4344F2A71101FB0233002BAD
:1042C000BCBF03F1004303F1FF33036023F0004060
:1042D000704700BF87593412E30CFEFF1DF3010045
:1042E000ECF4FFFFB1F90C202DE9F041160705466B
:1042F0000C4651D44B68002B02DC0B6C002B49DDC3
:10430000E66A002E46D0002312F480522F682B60FC
:1043100031D0626DA389590705D56368D21A636BE2
:104320000BB1236CD21A0023E66A216A2846B047F3
:10433000421CB4F90C3006D129681D2945D8284AF9
:10434000CA40D60741D50022D904626022692260A2
:1043500004D5421C01D12B6803B96065616B2F60E5
:10436000C1B104F14403994202D0284600F06EFB2B
:10437000002363630EE00123216A2846B04702460A
:10438000501CC7D12B68002BC4D01D2B01D0162B7D
:1043900019D12F6000201DE00F69002FFAD093077C
:1043A0000E680F600CBF4B690023A6EB07088B60FB
:1043B000B8F1000FEEDD43463A46216A2846A66A68
:1043C000B047002808DCB4F90C3043F040034FF04C
:1043D000FF30A381BDE8F0810744A8EB0008E7E7C0
:1043E0000100402038B50B6905460C4613B900257D
:1043F000284638BD18B1036A0BB900F0BDF8B4F90E
:104400000C30002BF3D0626ED00704D4990502D48F
:10441000A06D00F000FB28462146FFF763FF636EA6
:104420000546DA07E4D4A3899B05E1D4A06D00F02A
:10443000F3FADDE7014620B9044A0549054800F0D2
:10444000C5B8054B1868FFF7CDBF00BF280E002088
:10445000E5430308380E0020340E0020002310B579
:1044600004468360818119464366C28108228361C4
:10447000C0E90033C0E904335C3000F0A2F90D4B11
:10448000246263620C4BA3620C4BE3620C4B23630C
:104490000C4B9C4206D003F16802944202D0D03308
:1044A0009C4205D104F15800BDE8104000F0B2BABA
:1044B00010BD00BF7146030893460308CB460308AE
:1044C000F146030838D00020024A0349034800F0AF
:1044D0007DB800BF280E0020E5430308380E0020F9
:1044E00041680C4B994210B5044601D0FFF77AFFA2
:1044F000A168094B994202D02046FFF773FFE1689B
:10450000064B994204D02046BDE81040FFF76ABF31
:1045100010BD00BF38D00020A0D0002008D100205E
:104520000C4B04210C4A0D4810B51A600022FFF70D
:1045300095FF0A4B012209211C4603F16800FFF791
:104540008DFF022204F1D0001221BDE81040FFF7D8
:1045500085BF00BF70D10020C944030838D00020B7
:10456000014800F058BA00BF79D10020014800F09E
:1045700053BA00BF79D1002010B50446FFF7F0FF11
:10458000236A1BB1BDE81040FFF7F0BF044B236264
:10459000044B1B68002BF5D1FFF7C2FFF2E700BF09
:1045A000E144030870D100200EB403B503AB01460B
:1045B000054853F8042B0068019300F0C1FC02B0D9
:1045C0005DF804EB03B07047340E00202DE9F8438A
:1045D0000746884614460026D4E90195B9F1010939
:1045E00005D52468002CF7D13046BDE8F883AB89A7
:1045F000012B07D9B5F90E30013303D029463846CF
:10460000C04706436835E9E70FB407B5064904AB70
:10461000086853F8042B8168019300F091FC03B003
:104620005DF804EB04B07047340E00200EB410B5F2
:104630009DB06FF0004100241FAB029006900791DF
:1046400004910948094953F8042B059102A900680F
:1046500001931B9400F052FB029B1C701DB0BDE83F
:10466000104003B0704700BF340E00200802FFFF67
:1046700010B50C46B1F90E1000F090F90028ABBF50
:10468000636DA3891B1823F48053ACBF6365A381BA
:1046900010BD2DE9F0411F468B8905460C46DB0510
:1046A000164605D502230022B1F90E1000F064F978
:1046B000A3893246B4F90E10284623F48053A3810F
:1046C0003B46BDE8F041D8F7F3BD10B50C46B1F953
:1046D0000E1000F051F9421CB4F90C3015BF6065A2
:1046E00023F4805343F48053A38118BFA38110BDEA
:1046F000B1F90E1000F0D2B830B514469BB00546A3
:104700001A46002C05DA8B2303604FF0FF301BB0F4
:1047100030BD4FF40273009104916946ADF80C303E
:104720004FF00003199314BF04F1FF3323460293A3
:1047300005934FF6FF73ADF80E301E9B00F0DEFAC6
:10474000431CBCBF8B232B60002CE0D0009B0022BD
:104750001A70DCE707B5009313460A460146034882
:104760000068FFF7C9FF03B000BD00BF340E002092
:104770000139024410B5904201D1002005E00378D0
:1047800011F8014FA34201D0181B10BD0130F2E710
:10479000884210B501EB020402D98442234607D8AF
:1047A000431EA14207D011F8012B03F8012FF8E7AF
:1047B0000244824200D110BD13F8011D02F8011D10
:1047C000F7E702440346934200D1704703F8011B08
:1047D000F9E7024610B5147813460132002CFAD1DD
:1047E000013B11F8012B03F8012F002AF9D110BD6C
:1047F000C9B20346184613F8012B12B18A42F9D107
:104800007047002918BF00207047034670B51E4648
:1048100013F8014B44B14A1E01E0A54204D012F83E
:10482000015F002DF9D1F2E7301A70BD10B56AB101
:104830000139841810F8012B11F8013F9A4203D175
:10484000A04201D0002AF5D1D01A10BD1046FCE7D5
:10485000034670B51E4613F8014B3CB14A1E01E0F9
:10486000A542F7D012F8015F002DF9D1301A70BDC2
:104870000A7870B56AB970BD9A4209D10C460546EE
:1048800014F8013F002BF6D015F8016F9E42F7D0C7
:1048900001300378002BEFD11846ECE738B5002340
:1048A000054D044608462B60D4F720F8431C02D17E
:1048B0002B6803B1236038BD74D100202D4B1B68D9
:1048C000834270B5044653D0C3691BB3DB6863B140
:1048D0000025E369DB685959B1B90435802DF8D159
:1048E000E3692046D96800F0B1F8E369196811B1AD
:1048F000204600F0ABF8E3699D685DB1294620468B
:104900002D6800F0A3F8F8E70E68204600F09EF846
:104910003146E1E7616911B1204600F097F8E1699D
:1049200011B1204600F092F8216B11B1204600F041
:104930008DF8616B11B1204600F088F8A16B11B1C0
:10494000204600F083F8A16C11B1204600F07EF8FB
:10495000616C11B1204600F079F8E16A11B120468E
:1049600000F074F8236A1BB12046BDE87040184778
:1049700070BD00BF340E002038B50446064D084611
:10498000114600222A601A46D3F7BAFF431C02D10F
:104990002B6803B1236038BD74D1002038B50446BC
:1049A000064D0846114600222A601A46D3F78EFFAC
:1049B000431C02D12B6803B1236038BD74D10020A1
:1049C000014B1868704700BF340E002070B50D4BC6
:1049D00000260D4D5B1B9C10A64209D10B4D00F02B
:1049E00005FF0B4B00265B1B9C10A64205D170BD3A
:1049F00055F8043B01369847EEE755F8043B01367D
:104A00009847F2E75CF403085CF403085CF40308DD
:104A100060F4030870477047704700F003B8002245
:104A2000D2F796B90A44431E914200D1704710B59F
:104A300011F8014B914203F8014FF9D110BD062046
:104A400008B500F0E3FD0120D3F73AFF38B505467D
:104A5000002941D051F8043C0C1F002BB8BFE418CA
:104A600000F0E0F81D4A136833B96360146028460B
:104A7000BDE8384000F0DCB8A34208D9206821180E
:104A80008B4201BF19685B6809182160EDE71A467F
:104A90005B680BB1A342FAD911685018A0420BD140
:104AA00020680144501811608342E0D118685B68A7
:104AB000084453601060DAE702D90C232B60D6E774
:104AC000206821188B4202BF19685B68091863606F
:104AD00008BF21605460CAE738BD00BF80D1002004
:104AE00070B50F4E0C460546316811B900F0AAFDAD
:104AF00030602146284600F0A5FD431C03D14FF04D
:104B0000FF34204670BDC41C24F00304A042F8D03A
:104B1000211A284600F096FD0130F2D1EFE700BFE0
:104B20007CD100202DE9F843CD1C064625F0030575
:104B300008350C2D38BF0C25002D01DBA94204D906
:104B40000C2333600020BDE8F883DFF8D48000F048
:104B500069F8D8F800301C4644BB29463046FFF7B8
:104B6000BFFF431C044658D1D8F800402746002F09
:104B700043D1002C4BD023683946304604EB03095F
:104B800000F060FD814542D1216830466D1A29460A
:104B9000FFF7A6FF01303AD023682B442360D8F8F2
:104BA00000305A6862BBC8F800700FE02268521BE0
:104BB00020D40B2A17D96119A342256018BF596068
:104BC000636808BFC8F8001062514B60304600F0BF
:104BD0002FF804F10B00231D20F00700C21A1CBFA0
:104BE0001B1AA350AFE76268A3420CBFC8F80020AD
:104BF0005A60EBE723466468AEE73C467F68B6E759
:104C00001A465B68A342FBD100235360DEE70C2306
:104C10003046336000F00CF894E70560D6E700BF3B
:104C200080D100200148FFF7F6BE00BF78D10020F8
:104C30000148FFF7F1BE00BF78D100202DE9F04711
:104C40001F468E6882460C46BE429046334653D875
:104C5000B1F90C0010F4906F2BD0656923680969D5
:104C600005EB4505A3EB010905EBD5757B1C6D1024
:104C70004B442A46AB4284BF1D462A46430527D5EE
:104C800011465046FFF74EFF064658B34A46216983
:104C9000FFF7C8FEA38923F4906343F08003A38148
:104CA00026614E4465613B46A5EB090526603E46FC
:104CB000A5601F463A4641462068FFF769FDA36894
:104CC00000209B1BA36023683B442360BDE8F08762
:104CD000504600F0D5FC06460028E1D12169504637
:104CE000FFF7B4FE0C234FF0FF30CAF80030A38961
:104CF00043F04003A381E9E73E46DBE72DE9F047B7
:104D00001F468B899CB006461B060D46144610D5DF
:104D10000B6973B94021FFF705FF2860286130B99E
:104D20000C2333604FF0FF301CB0BDE8F087402308
:104D30006B61002303974FF00108674F099320230D
:104D40008DF8293030238DF82A302346994613F800
:104D5000012B0AB1252AF9D1B9EB040A0BD053462D
:104D6000224629463046FFF769FF013000F0A48053
:104D7000099A5244099299F80030002B00F09C8067
:104D800000234FF0FF3209F10109049307938DF8D6
:104D900053301A93CDE905234C4605224E4814F8AA
:104DA000011B00F05FFC049BD0B9D80644BF202251
:104DB0008DF85320190744BF2B228DF8532099F802
:104DC00000202A2A13D0079A4C4600204FF00A0CE4
:104DD000214611F8013B303B092B49D968B913E052
:104DE000C01BA14608FA00F018430490D4E7039AC8
:104DF000111D1268002A039101DB079204E0524260
:104E000043F002030792049323782E2B0AD1637890
:104E10002A2B32D1039B02341A1D1B6843EAE37329
:104E200003920593DFF8C09003222178484600F0F2
:104E300019FC38B1A0EB09004022049B01348240E8
:104E40001343049314F8011B062224488DF82810FC
:104E500000F008FC002835D0214818BB039B07331D
:104E600023F0070308330393099B034409936CE77A
:104E70000CFB02320C460120AAE7002301344FF05C
:104E80000A0C19460593204610F8012B303A092ADE
:104E900003D9002BC6D00591C4E70CFB01210446C1
:104EA0000123F0E703AB2A4604A9304600930D4BDB
:104EB000AFF30080421CD7D1AB895B063FF532AF20
:104EC000099831E703AB2A4604A930460093054B05
:104ED00000F0BCF9EEE700BF2AED030834ED03084B
:104EE000000000003D4C030830ED03089368013BCF
:104EF000002B10B4936008DA9469A34201DB0A29FD
:104F000003D15DF8044B00F0C7BA1368581C106059
:104F1000084619705DF8044B7047F8B506460F4611
:104F20001446D518AC4201D1002007E03A4614F8E7
:104F3000011B3046FFF7DAFF431CF3D1F8BD000038
:104F40002DE9F0470D469CB014461F46064618B1A1
:104F5000036A0BB9FFF710FB6B6ED90705D4AB8959
:104F60009A0502D4A86DFFF756FDAB891B0701D542
:104F70002B699BB92946304600F0CCFA70B16B6EB4
:104F8000DC0704D54FF0FF301CB0BDE8F087AB89DB
:104F90009805F7D4A86DFFF73FFDF3E700230397CB
:104FA0004FF001086B4F099320238DF829303023EF
:104FB0008DF82A302346994613F8012B0AB1252A89
:104FC000F9D1B9EB040A0BD05346224629463046A4
:104FD000FFF7A3FF013000F0A480099A5244099220
:104FE00099F80030002B00F09C8000234FF0FF3236
:104FF00009F10109049307938DF853301A93CDE911
:1050000005234C460522534814F8011B00F02AFBE7
:10501000049BD0B9D90644BF20228DF853201A072B
:1050200044BF2B228DF8532099F800202A2A13D050
:10503000079A4C4600204FF00A0C214611F8013B1C
:10504000303B092B49D968B913E0C01BA14608FAC7
:1050500000F018430490D4E7039A111D1268002A47
:10506000039101DB079204E0524243F002030792EE
:10507000049323782E2B0AD163782A2B32D1039BF9
:1050800002341A1D1B6843EAE37303920593DFF8A9
:10509000D49003222178484600F0E4FA38B1A0EB1E
:1050A00009004022049B013482401343049314F806
:1050B000011B062228488DF8281000F0D3FA00289A
:1050C0003ED0264818BB039B073323F00703083361
:1050D0000393099B034409936CE70CFB02320C46D3
:1050E0000120AAE7002301344FF00A0C194605936A
:1050F000204610F8012B303A092A03D9002BC6D0DC
:105100000591C4E70CFB012104460123F0E703AB42
:105110002A4604A930460093114BAFF30080431C8C
:10512000D7D16B6ED90705D4AB899A0502D4A86D87
:10513000FFF772FCAB895B063FF524AF099823E7C4
:1051400003AB2A4604A930460093054B00F07EF8D5
:10515000E5E700BF2AED030834ED03080000000076
:105160001B4F030830ED03082DE9F047164698461B
:105170008A6807460B690C46DDF820909342B8BF59
:105180001346336091F843200AB10133336023683A
:10519000990642BF336802333360256815F006056F
:1051A00006D104F1190AE36832689B1AAB422BDC82
:1051B00094F843302268003B18BF0123920630D494
:1051C00004F1430241463846C847013023D02368E2
:1051D0001A3454F80A2C03F00603042B0ABF54F8BF
:1051E0000E5C002533684FF0000608BFED1A54F836
:1051F000123C08BF25EAE5759342C4BF9B1AED181F
:10520000B5421AD1002008E00123524641463846F3
:10521000C847013003D14FF0FF30BDE8F0870135BA
:10522000C1E7E1185A1C30200233224481F84300C0
:1052300094F8451082F84310C2E701232246414604
:105240003846C8470130E6D00136D9E72DE9F043AA
:105250000D7E85B090460746782D0C4699460C9EEB
:1052600001F1430207D8622D0AD8002D00F0D78043
:10527000582D00F0BC8004F1420684F842503BE017
:10528000A5F16303152BF6D801A151F823F000BF57
:10529000E9520308FD5203087752030877520308C6
:1052A0007752030877520308FD5203087752030828
:1052B000775203087752030877520308055403080E
:1052C00027530308B753030877520308775203089C
:1052D000275403087752030827530308775203081B
:1052E00077520308BF53030833681A1D1B683260E6
:1052F00004F1420684F842300123A1E033682068BB
:10530000191D3160060601D51D6803E04506FBD571
:10531000B3F90050002D03DA2D236D4284F8433099
:105320005B480A2311E021683368080653F8045BE0
:1053300002D4490648BFADB23360237E54486F2B78
:105340005CD10823002184F843106668002EA66013
:1053500005DB21682E4321F00401216050D0164660
:10536000B5FBF3F103FB115C10F80CC006F801CD9E
:10537000AC460D466345F3D9082B0BD12368DB07F8
:1053800008D5236961689942DEBF302306F8013CE5
:1053900006F1FF36921B2261434603AA2146384696
:1053A000CDF80090FFF7E0FE01304ED14FF0FF3016
:1053B00005B0BDE8F083236843F02003236078251F
:1053C0003448236884F8455013F0800F316851F851
:1053D000045B03D113F0400F18BFADB23160D907A1
:1053E00044BF43F0200323601DB11023AAE72848DF
:1053F000E7E7236823F020032360F6E70A23A1E709
:105400001646B9E733682568181D616930602E06B5
:105410001B6801D5196002E06806FBD519800023DE
:1054200016462361B8E7336800211A1D32601E68F2
:105430006268304600F016F908B1801B606063684E
:105440002361002384F84330A6E7236932464146AE
:105450003846C8470130A9D023689B0713D4E068B9
:10546000039B9842B8BF1846A2E701233246414643
:105470003846C847013099D00135E36803995B1A73
:10548000AB42F2DCEBE7002504F11906F5E700BFBB
:105490006EEC03083BED0308F8B50E4614460546CE
:1054A00018B1036A0BB9FFF767F8A369A360A38972
:1054B0001A0701D5236943B92146284600F02AF886
:1054C00018B14FF0FF373846F8BD2368F6B22269AD
:1054D0003746981A6369834205DC21462846FEF761
:1054E00081FF0028EDD1A368013BA36023685A1C0B
:1054F00022601E70431C62699A4204D0A389DB07B4
:10550000E1D50A2EDFD121462846FEF76BFF0028A1
:10551000D9D0D6E738B5284B05460C46186818B1DF
:10552000036A0BB9FFF728F8B4F90C301A0721D435
:10553000D80607D409222A6043F040034FF0FF3019
:10554000A38130E0590712D5616B41B104F14403E6
:10555000994202D02846FFF779FA002363630022BC
:10556000B4F90C30626023F024032269226043F016
:105570000803A38122693AB99A0501D5180603D513
:105580002146284600F0CEF8B4F90C3013F00102A1
:105590000AD00022A26062695242A261226942B925
:1055A00013F08000C8D138BD990758BF6269A26066
:1055B000F4E70020F7E700BF340E00201F2938B5BC
:1055C00005460C4604D9162303604FF0FF3038BD62
:1055D000C26B12B152F821304BB9284600F030F8B6
:1055E000224601462846BDE8384000F017B8012B96
:1055F0000AD0591C03D1162303600120E7E70021DC
:10560000204642F8241098470020E0E7024B01466C
:105610001868FFF7D3BF00BF340E002038B5002351
:10562000064D0446084611462B60D3F741F9431C4A
:1056300002D12B6803B1236038BD00BF74D10020B4
:10564000D3F734B938B50023054D044608462B601E
:10565000D3F758F9431C02D12B6803B1236038BD3E
:1056600074D10020C9B20346024410B593421846D3
:1056700001D1002003E0047801338C42F6D110BD43
:105680002DE9F041074614460D4621B91146BDE803
:10569000F041FFF747BA2AB92546FFF7D7F9284660
:1056A000BDE8F08100F09AF88442064602D8B4EBD7
:1056B000500FF4D821463846FFF734FA804608B92F
:1056C0004546ECE7B4422246294628BF3246FFF75A
:1056D000A9F929463846FFF7B9F9F1E770B50C4644
:1056E000B1F90E1096B0154600291E460ADAA189B6
:1056F00011F0800113D14FF48062002031602A60E4
:1057000016B070BD6A4600F047F80028EFDB01993B
:1057100001F47041A1F5005359425941EBE70021D2
:105720004022EAE78B8973B59E0705460C4607D5EC
:1057300004F14703236023610123636102B070BD5C
:1057400001AB6A46FFF7CAFF009E28463146FFF7C5
:10575000E9F9B4F90C3038B99A05EFD423F0030312
:1057600043F00203A381E3E743F080032060A381B9
:10577000019BC4E90406002BE0D0B4F90E102846C2
:1057800000F01CF80028D9D0A38923F0030343F0CC
:105790000103A381D2E7000038B50023064D04467B
:1057A000084611462B60D3F7A4F8431C02D12B689E
:1057B00003B1236038BD00BF74D1002038B5002389
:1057C000054D044608462B60D3F798F8431C02D1D8
:1057D0002B6803B1236038BD74D1002051F8043C1C
:1057E000181F002BBCBF0B58C0187047F8B500BF7E
:1057F000F8BC08BC9E467047F8B500BFF8BC08BCB2
:045800009E46704709
:10580800FFFFFFFFFFFFFFFFFFFFFFFFFFFFFFFFA0
:105818000100000001000000010100000800000074
:10582800EDFFFFFFFFFFFFFFFFFFFFFFFFFFFFFF92
:10583800FFFFFFFFFFFFFFFFFFFFFFFFFFFFFF7FF0
:1058480008000000A405000000000000000000009F
:105858000000000000000000000000000000000040
:105868000000000008000000EDD3F55C1A63125830
:10587800D69CF7A2DEF9DE1400000000000000004C
:10588800000000000000001008000000010F9C4408
:10589800E31106A447938568A71B0ED065BEF517CC
:1058A800D273ECCE3D9A307C1B419903080000006E
:1058B800A68B460000000000000000000000000069
:1058C80000000000000000000000000000000000D0
:1058D80024580308485803086C58030890580308CC
:1058E800B45803080000000008000000020000008F
:1058F800D8580308BC64030800000000000000003A
:1059080000000000000000003C650308086503086B
:10591800000000000B00000008000000F858030811
:1059280008000000EDFFFFFFFFFFFFFFFFFFFFFF85
:10593800FFFFFFFFFFFFFFFFFFFFFFFFFFFFFFFF6F
:10594800FFFFFF7F08000000A40500000000000022
:10595800000000000000000000000000000000003F
:10596800000000000000000008000000EDD3F55C16
:105978001A631258D69CF7A2DEF9DE140000000064
:1059880000000000000000000000001008000000F7
:10599800010F9C44E31106A447938568A71B0ED00A
:1059A80065BEF517D273ECCE3D9A307C1B41990346
:1059B80008000000C7FFFFFFFFFFFFFFFFFFFFFF1B
:1059C800FFFFFFFFFFFFFFFFFFFFFFFFFFFFFFFFDF
:1059D800FFFFFF7F08000000FAE947DFFE8BED803C
:1059E8007329C6AF7787A110908618BC079293E5F4
:1059F80026C59F725A2B822C040000002600000046
:105A0800000000000000000000000000000000008E
:105A180000000000000000000000000087A29D3F79
:105A280055BCCAE289E496235698A59CB7B5E4AD5F
:105A38006B937998D077607E70239E754A333333A1
:105A4800333333333333333333333333333333331E
:105A58003333333333333333333333336CE84A99A3
:105A6800AA96084F6E5012B611ADB7E392C483F1EF
:105A780022A9C7460D93B3FE591C185E0FA178B72B
:105A88008DE5686C2BFAD66977CAAA304518C3C960
:105A9800223951579E7D433A0A9CB05C16AEC6A97E
:105AA800E89FB98A781BE8FB8ACF37C488AF209B68
:105AB80062E7AD2F225214278756304C48DA5174CA
:105AC800296AD43EA8EB9A85AB8F4EB8C6E0C94484
:105AD8003C7F761D259A27E2A564821F5940F3274B
:105AE800757E48FCDA89EB0EEF6444F8D893EDDE56
:105AF80095120E09E63691CDABB2F251C590969645
:105B0800E95649330EBD2BE263119DDFEB95C13891
:105B1800886C737F647533FA4A364131CCA29E177C
:105B2800D815C05EF47FA68715B98E43B060474587
:105B3800FD6FA7178BE97F15671D42626C3AF44A1F
:105B480090BAC3388F4A7C3324E80D1B11142D3AC0
:105B5800C71811D218956E17D6F86A48795F1618C3
:105B6800B6B79FD910CFE438835D891D7283C816F4
:105B7800050847B1FBEF279AA4A467472CA2AAD32C
:105B880010473C37B9882976204285B2846993D07A
:105B9800270E51AB8919B2C6C8714D6B9775D65986
:105BA800FDF466A6EC42765A7832D46BD11D1FD725
:105BB800A3EABFD5F40628F613934F35E9BC45622E
:105BC8009E3E0CA23C818ED3841A50464BB1DC44D5
:105BD800C9FC9694F3D947E09F26AE40F7113C9450
:105BE80015C293842B75BDC2CFE08F0A0A3D9CCBAA
:105BF800331189B25BC63036B0DF790A59EB6624B7
:105C08002730A8DD000DA00456E12EFB826CCA6F78
:105C1800ECD6A5499500EB09BAE669322B992268BA
:105C2800C63886A5CD59DD00F53B6EF0E0BA815B3C
:105C380019394900271DA8C94BDE5326E8C041C2BF
:105C4800C7D08396C172AF16E9051DE77352A479D0
:105C5800070EF8A47700F0AC8A876A4F2B66BC520F
:105C6800A0B2D2C9FA2FB67E29FC959BB58761A947
:105C780028F4FCBCADEA849E5AFC2310119EBED3C6
:105C88003382A71F6A157201247C2E5E154B26F6F7
:105C98007197A2CE600223D1DB50330E627A56B9D7
:105CA8007E67369E6BBBEA4EC778F4B0D2B6E5BBCA
:105CB800E156E0BC2FE727CB0695737094B5C48DE9
:105CC800F1C7D354E39E2B31B2B380CCBF6BA7622C
:105CD80046021714DEE1E14887B00C1D4C62D8BCBF
:105CE800BEB0F2FC2CD32562730B0C860C85EA1E21
:105CF8000148615BA3176103CE2354735CFB0875ED
:105D08003F524A2ADC69F99C3F558EC1B6D27FDFE3
:105D1800FB175418CA71340A42C889115D4B404DAB
:105D280041EDDEC2DBEC94B3AB51BBEBB7293C03CE
:105D380027DC1A326EE00BF45530D85DDF7063EA69
:105D48000186D2CD677CE52FA1099365A7DC40CDFC
:105D5800085B2C364A271018FA594305627BE81F5E
:105D6800836A10734C6541A67695497204E355948D
:105D7800D5E69285092C281183972F5C0500000031
:105D880026000000000000000000000000000000E5
:105D980000000000000000000000000000000000FB
:105DA80087A29D3F55BCCAE289E496235698A59CD4
:105DB800B7B5E4AD6B937998D077607E70239E7504
:105DC8004A33333333333333333333333333333384
:105DD800333333333333333333333333333333338B
:105DE8006CE84A99AA96084F6E5012B611ADB7E3FF
:105DF80092C483F122A9C7460D93B3FE591C185EBD
:105E0800E29BF17639BE9696FDC39634C99308BCD9
:105E1800AAB8795441E551BEDA44C1210133EB6394
:105E2800D7D778F4C17A01699872584F790B679D72
:105E3800C198BB4522FBBBEB79AF63CD1765643BCB
:105E4800C05CAAEA2D55F7921A736945C7F2D1AD1D
:105E5800D72379C98B3D82058320E466C2596E47F2
:105E680021F5F7728744978F937E2338FFDAF3ADD5
:105E7800019FC60CC98C8C8B6722BFCF4DD3A67BE4
:105E880042D5A1D591AD307FD0AFF35F10F2F64B7C
:105E98002B73B66B0C5798469BE4CDB58298B52406
:105EA800664770340CFCC1DB68C05B01BEA7811576
:105EB80010AF2112F4C762544F193F359FCAB44539
:105EC8007CA71D600094B41C2BAAE4E52D7A71947C
:105ED8001D276126C157D5B7B619548CE3F7D704E7
:105EE8005AA88EA3F53235C910F585C3886C36B427
:105EF800C9B71DD690E7A2280EA5A96CB8D34C63E4
:105F080061322DB2D04A187CDA79F48A40B8064258
:105F1800C4B6B97552CB762419F851514AC4851DB7
:105F2800C5D4CE19F0324573176294DFAE2112043E
:105F38006427FD8F50251A2602D510B0BDE685705E
:105F48003FE52FA3A42B9E953D1F5E42D762E5AB8C
:105F580092510BE8A28A59885212D0ECE84E13638A
:105F6800FF48904A8E60CAB0C17EA7BAE48FB18458
:105F78003B7FA8B4D29D3591164728D0D272C53838
:105F880094308CD2AA4819E151AAF15389983E65F8
:105F98006F60CBD40D1FBB2285DB4329490A041A45
:105FA800C92D7ABC01CB40357F2F35FF303A1DB95A
:105FB8009658DCA5BB898C6C7778FF5E4F5373438A
:105FC8006675A58FF4C0DCF54CB8577BEF460036F4
:105FD80067CA5DEF57C0149414084002118D3C7EC7
:105FE8007A3D8E462D51213D584527F384D4133AE6
:105FF800CE2BB5F6A5D1AB89684221C25FEB3D71C6
:106008005FAD84C5F67F9B2D46CFE10672D49E33E3
:106018005871704C2B4572DA49B3663A11229C4C80
:10602800BB07FB9090C6A8327439E9E82848118567
:106038005D3AC97A84DCA05A5DE6428679FFF02B86
:106048005B0CFB3B43E3786E37743AAA49E3B444EC
:1060580094BDC9D2038979B5FE1FF10EDFD04A3D40
:1060680079C9E1B431653908FCF3F2FCA7FD17AA38
:106078005FD941F734AAB0146A30DFBDAE48474A49
:106088001762C8BD9FE100FA60229ED95B19CD2A2C
:10609800B10F86B715937D679F4D3B1F1CA2B57B3B
:1060A800285903084C5903087059030894590308E0
:1060B800B8590308DC590308080000000100000073
:1060C8000800000004DB2BFED407583BEDE91BB5A4
:1060D800FD90F503D1026233BF166E6DA81BC7D6BB
:1060E8000B6B7775A4660308B9090008C860030834
:1060F8000000000000000000A86003089C6403087A
:10610800005A0308845D03082C65030830650308FA
:106118000000000014650308EC6003080B00000091
:10612800020000000061030808000000FFFFFFFFF5
:10613800FFFFFFFFFFFFFFFF00000000000000005F
:106148000000000001000000FFFFFFFF0800000042
:106158000300000000000000FFFFFFFFFBFFFFFF40
:10616800FEFFFFFFFFFFFFFFFDFFFFFF0400000032
:1061780008000000512563FCC2CAB9F3849E17A722
:10618800ADFAE6BCFFFFFFFFFFFFFFFF00000000C6
:10619800FFFFFFFF08000000A2EE79BE954C2483A4
:1061A800A66FBD499C79994659EC6B2B39B24528A5
:1061B8002056D9F3942DE16608000000FCFFFFFF8C
:1061C800FFFFFFFFFFFFFFFF0300000000000000CC
:1061D8000000000004000000FCFFFFFF08000000B2
:1061E800DFBDC42962DF9CD890308478CD05F0AC3F
:1061F800D62E21F7AB20A2E5344887041D0630DCF3
:106208000500000001000000000000000000000080
:10621800FFFFFFFFFFFFFFFFFFFFFFFFFEFFFFFF87
:10622800000000003C14A918D430E77901B6ED5FEE
:10623800FC95BA75102562772B73FB79C65537A57F
:10624800765F90180A5695CE5753F2DD5CE419BA7A
:10625800E4B84A8B25F321DD8886E8D2855D882558
:1062680018FF718527C1EB4E903FACFFFB817D087D
:106278004AF827B098BCCB87DD77AD667E74FFB649
:106288003F6A9326EBA783C91F5C4CB01AFE6108CE
:10629800AD473E588EE92E1A3108827807CC87E53B
:1062A800296AF0D5F5615CC4AE8A1BBE7D53B994EA
:1062B8009A64EC900CC276D0AAB51C94C8230589C0
:1062C800059607C9104FBAE74A9B30EB2B88EBE5D8
:1062D800EF68C573681F7A7E87A9403516E9D12D06
:1062E800BB76A0734F3B17A04E354607F7003CD24C
:1062F8001302D22B08BB230CB5AA3EF4033E12C3EB
:106308001951BA134D9D5B3F30D04728DD7BA65D00
:10631800F2F242679541C977DC3B93EF6708246E38
:1063280015D9EDEAE8204E268F6EC97541A8A75900
:10633800EDBFE6AB00EBC844049CC02C6BE1C4F095
:1063480080305BE014335FA47A77B71EE3455DCEF7
:10635800ED7BAF561A2FB1889A016E2B9B5F83FD98
:10636800CD59660804E445620A267DEAE0DF7F6EBF
:106378009507E49DB51AAC8D15A4F31F73909C6422
:10638800F190703E884E942B6185761AC8617FE53E
:106398009E930F253D64AD1E89AA0D0C8EB825E18C
:1063A8002300936809D72E4B6325C4CC0DD36F8582
:1063B8006967350E11989E553FD4BCBC59B79553A3
:1063C800AC7784737FE10EC0902B7535E3D22E74C1
:1063D80090837468C15B1FBD2264D07C97B7E7C9FE
:1063E8006987C0FB5B0560BCB7D8BC724B7EE256C0
:1063F800EE23CC03709381E4247433EE09DAD30AD4
:10640800430EAAE25DC483634F52B840251BA442E1
:10641800543566D797478A77DEA6EF64F4AD79706E
:106428000A174220306103085461030878610308A1
:106438009C610308C0610308E461030801000000CF
:10644800000000002C6403087C640308F0F10308D2
:10645800086203082C6503083065030834650308DF
:1064680020650308000000000B0000000900000080
:106478004C6403083D120008330F0008BB100008E5
:106488003B1F0008E11D00088B1E000804000000E7
:10649800000000007F1B00081B190008491A0008AB
:1064A8007F1B00081B190008491A00080200000099
:1064B80002000000000000000000000000000000D2
:1064C80000000000000000000000000002000000C2
:1064D80003000000FC7F003F003501136B620008D9
:1064E8006D3200087F3B00086D3200080000000094
:1064F800000000000000000002000000E46403083F
:10650800D13E00080000000002000000A53C000881
:106518000200000002000000A53C00080400000082
:10652800020000005F4300080D470008673F0008AD
:10653800040000003F4E000800000000D150000891
:1065480044650308982F8A4291443771CFFBC0B540
:10655800A5DBB5E95BC25639F111F159A4823F9226
:10656800D55E1CAB98AA07D8015B8312BE8531247F
:10657800C37D0C55745DBE72FEB1DE80A706DC9B40
:1065880074F19BC1C1699BE48647BEEFC69DC10FEC
:10659800CCA10C246F2CE92DAA84744ADCA9B05C28
:1065A800DA88F97652513E986DC631A8C82703B0EB
:1065B800C77F59BFF30BE0C64791A7D55163CA06F9
:1065C80067292914850AB72738211B2EFC6D2C4D05
:1065D800130D385354730A65BB0A6A762EC9C281F3
:1065E800852C7292A1E8BFA24B661AA8708B4BC289
:1065F800A3516CC719E892D1240699D685350EF4B3
:1066080070A06A1016C1A419086C371E4C77482769
:10661800B5BCB034B30C1C394AAAD84E4FCA9C5BDF
:10662800F36F2E68EE828F746F63A5781478C88430
:106638000802C78CFAFFBE90EB6C50A4F7A3F9BE12
:10664800F27871C60D51000875690008836A000860
:10665800856900080000000008C9BCF367E6096AFC
:106668003BA7CA8485AE67BB2BF894FE72F36E3CD9
:10667800F1361D5F3AF54FA5D182E6AD7F520E5136
:106688001F6C3E2B8C68059B6BBD41FBABD9831FF0
:1066980079217E1319CDE05B0D540008A06603082C
:1066A80022AE28D7982F8A42CD65EF2391443771BF
:1066B8002F3B4DECCFFBC0B5BCDB8981A5DBB5E931
:1066C80038B548F35BC2563919D005B6F111F159FE
:1066D8009B4F19AFA4823F9218816DDAD55E1CAB2F
:1066E800420203A398AA07D8BE6F7045015B8312C4
:1066F8008CB2E44EBE853124E2B4FFD5C37D0C557F
:106708006F897BF2745DBE72B196163BFEB1DE8076
:106718003512C725A706DC9B942669CF74F19BC167
:10672800D24AF19EC1699BE4E3254F388647BEEF04
:10673800B5D58C8BC69DC10F659CAC77CCA10C24BC
:1067480075022B596F2CE92D83E4A66EAA84744A2E
:10675800D4FB41BDDCA9B05CB5531183DA88F97666
:10676800ABDF66EE52513E981032B42D6DC631A89B
:106778003F21FB98C82703B0E40EEFBEC77F59BF7F
:10678800C28FA83DF30BE0C625A70A934791A7D56A
:106798006F8203E05163CA06706E0E0A67292914D6
:1067A800FC2FD246850AB72726C9265C38211B2E1E
:1067B800ED2AC45AFC6D2C4DDFB3959D130D38534B
:1067C800DE63AF8B54730A65A8B2773CBB0A6A765E
:1067D800E6AEED472EC9C2813B358214852C7292F4
:1067E8006403F14CA1E8BFA2013042BC4B661AA871
:1067F8009197F8D0708B4BC230BE5406A3516CC72A
:106808001852EFD619E892D110A96555240699D6E1
:106818002A20715785350EF4B8D1BB3270A06A10A2
:10682800C8D0D2B816C1A41953AB4151086C371E51
:1068380099EB8EDF4C774827A8489BE1B5BCB0346C
:10684800635AC9C5B30C1C39CB8A41E34AAAD84E4E
:1068580073E363774FCA9C5BA3B8B2D6F36F2E6815
:10686800FCB2EF5DEE828F74602F17436F63A578DB
:1068780072ABF0A11478C884EC39641A0802C78C8A
:10688800281E6323FAFFBE90E9BD82DEEB6C50A49C
:106898001579C6B2F7A3F9BE2B5372E3F27871C625
:1068A8009C6126EACE3E27CA07C2C021C7B886D156
:1068B8001EEBE0CDD67DDAEA78D16EEE7F4F7DF51E
:1068C800BA6F1772AA67F006A698C8A2C57D630AB0
:1068D800AE0DF9BE04983F111B471C13350B711BF5
:1068E800847D0423F577DB289324C7407BABCA3229
:1068F800BCBEC9150ABE9E3C4C0D109CC4671D4306
:10690800B6423ECBBED4C54C2A7E65FC9C297F5935
:10691800ECFAD63AAB6FCB5F1758474A8C19446CE0
:10692800495400087D6900089D6A0008D969000873
:10693800785C00082F5B0008DB5B0008040000009F
:106948003C69030875FF02082D03030800000000D6
:1069580000000000414D4D2052544F53206F626A91
:1069680065637473206372656174696F6E20464154
:10697800494C45440000000042504B412052544FBE
:1069880053206F626A65637473206372656174690A
:106998006F6E204641494C4544000000524E472046
:1069A80052544F53206F626A656374732063726533
:1069B8006174696F6E204641494C454400000000EF
:1069C800464C4153482052544F53206F626A6563C6
:1069D8007473206372656174696F6E204641494C17
:1069E8004544000050726F6A6563742069732062C1
:1069F80075696C7420666F722053544D3332574258
:106A080041357820706F7374205265762E412C20A2
:106A18006275742064657465637465642072657654
:106A28006973696F6E206973205265762E410A007A
:106A38002F617070732F73742F73746D3332776294
:106A4800612F7369645F646961676E6F73746963EA
:106A5800732F436F72652F5372632F6170705F6578
:106A68006E7472792E6300004164762054726163FB
:106A780065204D7574657800414443204354524C59
:106A8800204D757465780000435243204354524C9E
:106A9800204D75746578000042504B412053656D58
:106AA8006170686F7265000042504B4120546173F9
:106AB8006B000000464C415348204D616E6167658C
:106AC800722053656D6170686F726500464C415362
:106AD80048204D616E61676572205461736B0000D8
:106AE80052616E646F6D204E756D626572204765E8
:106AF8006E657261746F7220506F6F6C2053656D94
:106B08006170686F7265000052616E646F6D204E2F
:106B1800756D6265722047656E657261746F72206B
:106B280053656D6170686F726500000052616E6434
:106B38006F6D204E756D6265722047656E65726176
:106B4800746F72205461736B00000000414D4D203A
:106B580053656D6170686F7265000000414D4D208E
:106B68005461736B00000000537461636B206F768F
:106B78006572666C6F7720696E2025732074687261
:106B88006561640053696E676C6520454343206501
:106B980072726F7220636F7272656374696F6E20B0
:106BA8007465737420737563636565646564000058
:106BB80045434320636F7272656374696F6E206F1B
:106BC80063637572656420696E20666C6173682002
:106BD800617420616464726573732030782530387D
:106BE800580000001B5B313B33356D415353455210
:106BF800541B5B306D206C696E65202575202573EC
:106C0800000000002F617070732F73742F73746D00
:106C180033327762612F636F6D6D6F6E2F6D656DA7
:106C28006F72795F616C6C6F636174696F6E2F6DE1
:106C3800616C6C6F635F77726170706572732E63DD
:106C480000000000556E636F727265637461626C58
:106C58006520454343206572726F722064657465D0
:106C68006374656420696E20424C45204E564D2061
:106C78006172656120617420616464726573732058
:106C88003078253038580000446F75626C652045AF
:106C98004343206572726F7220646574656374691A
:106CA8006F6E2074657374207375636365656465BE
:106CB80064000000556E636F727265637461626C84
:106CC8006520454343206572726F72206465746560
:106CD8006374656420696E20666C617368206174F2
:106CE80020616464726573732030782530385800E9
:106CF8002B00000053756247487A20547820706F43
:106D08007765722073657420746F20257325646419
:106D1800426D20696E7374656164206F6620257307
:106D2800256464426D2064756520746F20746865FD
:106D3800204857206C696D69747300007369645F3B
:106D4800646961676E6F7374696373206170706CD6
:106D580069636174696F6E20737461727465642EFF
:106D68002E2E00007369645F646961676E6F7374C7
:106D78006963735F637562656964655F64656661AD
:106D8800756C745F736D61727461635F776261358E
:106D9800356367004170706C69636174696F6E2058
:106DA8006E616D653A20257300000000312E312E8A
:106DB800300000004170706C69636174696F6E2007
:106DC80076657273696F6E2025730000446562757D
:106DD800670000004170706C69636174696F6E20B0
:106DE8006275696C6420747970653A2025730000B7
:106DF8003236613236353364363934626139366356
:106E080061663664616166353433346334613934BC
:106E18006466646633393137202864697274792965
:106E2800000000004170706C69636174696F6E20C6
:106E3800636F6D6D697420686173683A202573000B
:106E48004E2F41004170706C69636174696F6E20E8
:106E5800636F6D6D697420646573637269707469BA
:106E68006F6E3A20257300005369646577616C6B17
:106E78002053444B3A2025752E25752E25752D2532
:106E8800750000005631302E362E32004672656588
:106E980052544F53204B65726E656C3A202573002F
:106EA80053544D3332437562655742413A20257534
:106EB8002E25752E25750000486F7374204D435597
:106EC8003A202573202830782558292C2072657699
:106ED8006973696F6E3A2025732028307825582900
:106EE800000000005369646577616C6B20506C6129
:106EF80074666F726D20496E6974206572723A20EB
:106F0800256400002F617070732F73742F73746D74
:106F180033327762612F7369645F646961676E6F8A
:106F280073746963732F53544D33325F5750414E16
:106F38002F4170702F6170705F7369646577616C41
:106F48006B2E630043616E277420637265617465FC
:106F5800205369646577616C6B2070726F63657329
:106F680073696E67207468726561642E204E6F20A5
:106F78006D656D6F727900005369646577616C6B3C
:106F880020537461636B205461736B002F617070C0
:106F9800732F73742F73746D33327762612F636F3D
:106FA8006D6D6F6E2F53544D33325F5750414E2FD6
:106FB8005461726765742F6C696E6B6C6179657268
:106FC8005F706C61742E63004C696E6B204C617944
:106FD8006572204D757465780000000054656D7009
:106FE80065726174757265204D6561737572656D42
:106FF800656E74204C4C2053656D6170686F7265C6
:107008000000000054656D706572617475726520CA
:107018004D6561737572656D656E74204C4C2054B6
:1070280061736B004C696E6B204C617965722053FB
:10703800656D6170686F7265000000004C696E6B69
:10704800204C61796572205461736B001B5B306D55
:107058000A0000000D0A464D5F57696E646F77415C
:107068006C6C6F7765645F43616C6C6261636B0025
:107078000D0A464D5F5772697465202D204465736B
:1070880074696E6174696F6E20616464726573738C
:10709800206E6F742070617274206F66207468654A
:1070A80020666C61736800000D0A464D5F5772696F
:1070B8007465202D20536F75726365206F7220648C
:1070C800657374696E6174696F6E2061646472655A
:1070D8007373206E6F742070726F7065726C792094
:1070E800616C69676E6564000D0A464D5F57726989
:1070F8007465202D2052657475726E656420766102
:107108006C7565203A202564000000000D0A464D84
:107118005F4572617365202D20496E636F6E7369D8
:107128007374656E74207265717565737400000000
:107138000D0A464D5F4572617365202D20526574B6
:1071480075726E65642076616C7565203A202564D9
:10715800000000000D0A464D5F4261636B67726F65
:10716800756E6450726F63657373202D204361736D
:107178006520464D5F424B474E445F4E4F57494E40
:10718800444F575F464C4153484F50000D0A464DF7
:107198005F4261636B67726F756E6450726F63658F
:1071A8007373202D204361736520464D5F424B4722
:1071B8004E445F4E4F57494E444F575F464C4153DC
:1071C800484F50202D205772697465206F70657282
:1071D8006174696F6E0000000D0A464D5F4261637D
:1071E8006B67726F756E6450726F63657373202D71
:1071F800204361736520464D5F424B474E445F4EC6
:107208004F57494E444F575F464C4153484F5020C3
:107218002D204572617365206F7065726174696FA6
:107228006E0000000D0A464D5F4261636B67726F26
:10723800756E6450726F63657373202D204361739C
:107248006520464D5F424B474E445F57494E444F79
:107258005745445F464C4153484F50000D0A464D30
:107268005F4261636B67726F756E6450726F6365BE
:107278007373202D204361736520464D5F424B4751
:107288004E445F57494E444F5745445F464C41531F
:10729800484F50202D204E6F2074696D6520776906
:1072A8006E646F77206772616E74656420796574A7
:1072B8002C2072657175657374206F6E650000000F
:1072C8000D0A464D5F4261636B67726F756E64505D
:1072D800726F63657373202D204361736520464D7B
:1072E8005F424B474E445F57494E444F5745445FB2
:1072F800464C4153484F50202D2054696D652077E6
:10730800696E646F77206772616E7465640000004F
:107318000D0A464D5F4261636B67726F756E64500C
:10732800726F63657373202D204361736520464D2A
:107338005F424B474E445F57494E444F5745445F61
:10734800464C4153484F50202D2057726974652090
:107358006F7065726174696F6E0000000D0A464DAA
:107368005F4261636B67726F756E6450726F6365BD
:107378007373202D204361736520464D5F424B4750
:107388004E445F57494E444F5745445F464C41531E
:10739800484F50202D204572617365206F706572CB
:1073A8006174696F6E0000000D0A464D5F426163AB
:1073B8006B67726F756E6450726F63657373202D9F
:1073C80020466C617368206F7065726174696F6EB6
:1073D800206E6F7420636F6D706C657465207965BD
:1073E800742C20726571756573742061206E6577E1
:1073F8002074696D652077696E646F7700000000FE
:107408000D0A534E564D41202D20496E766F6B65FF
:1074180042756666657243616C6C6261636B206677
:107428006F72204E564D204944203A2025640A00A8
:107438000D0A5374617274206F66204352432063AF
:107448006F6D7075746174696F6E00000D0A456E1A
:1074580064206F662043524320636F6D70757461BA
:1074680074696F6E2C2076616C7565203A202564EE
:10747800000000000D0A534E564D415F466C617383
:10748800684D616E6167657243616C6C6261636BC4
:10749800202D20466C617368206F70657261746975
:1074A8006F6E207374617465203A20534E564D41B7
:1074B8005F4845414445525F5752495445000000D2
:1074C8000D0A534E564D415F466C6173684D616EAF
:1074D8006167657243616C6C6261636B202D204645
:1074E8006C617368206F7065726174696F6E207368
:1074F80074617465203A20534E564D415F5245548D
:1075080052595F5752495445202D2052657472795B
:10751800207772697465206F7065726174696F6E27
:10752800000000000D0A534E564D415F466C6173D2
:10753800684D616E6167657243616C6C6261636B13
:10754800202D20466C617368206F706572617469C4
:107558006F6E207374617465203A20534E564D4106
:107568005F4255464645525F575249544500000010
:107578000D0A534E564D415F466C6173684D616EFE
:107588006167657243616C6C6261636B202D204694
:107598006C617368206F7065726174696F6E2073B7
:1075A80074617465203A20534E564D415F425546EA
:1075B8004645525F5752495445202D2053746172F5
:1075C80074207468652070656E64696E67207772D0
:1075D800697465206F7065726174696F6E00000070
:1075E8000D0A534E564D415F466C6173684D616E8E
:1075F8006167657243616C6C6261636B202D204624
:107608006C617368206F7065726174696F6E207346
:1076180074617465203A20534E564D415F42554679
:107628004645525F5752495445202D205265747281
:1076380079207772697465206F7065726174696FFB
:107648006E0000000D0A534E564D415F466C617343
:10765800684D616E6167657243616C6C6261636BF2
:10766800202D20466C617368206F706572617469A3
:107678006F6E207374617465203A20534E564D41E5
:107688005F45524153455F42414E4B000D0A534EF0
:10769800564D415F466C6173684D616E61676572F6
:1076A80043616C6C6261636B202D20466C6173686A
:1076B800206F7065726174696F6E20737461746590
:1076C800203A20534E564D415F45524153455F4243
:1076D800414E4B202D2053746172742074686520CC
:1076E80070656E64696E67207772697465206F7063
:1076F80065726174696F6E000D0A534E564D415F95
:10770800466C6173684D616E6167657243616C6C4C
:107718006261636B202D20466C617368206F706511
:10772800726174696F6E207374617465203A2053B6
:107738004E564D415F52455452595F575249544530
:10774800000000000D0A534E564D415F466C6173B0
:10775800684D616E6167657243616C6C6261636BF1
:10776800202D20466C617368206F706572617469A2
:107778006F6E207374617465203A20534E564D41E4
:107788005F52455452595F5752495445202D205253
:1077980065747279206572617365206F70657261B6
:1077A80074696F6E000000000D0A534E564D415F1C
:1077B800496E6974202D20436F7272757074656408
:1077C8002062616E6B7320657261736573205B491B
:1077D800734865616465724F6B5D00000D0A534E16
:1077E800564D415F496E6974202D20436F72727542
:1077F800707465642062616E6B7320657261736575
:1078080073205B49734372634F6B5D002F706C612B
:1078180074666F726D2F7369645F6D63752F73740F
:107828002F73746D33327762612F50726F6A65639C
:1078380074732F436F6D6D6F6E2F5750414E2F4DE0
:107848006F64756C65732F6170705F7379732E63E5
:10785800000000004C6974746C6546533A2043611B
:1078680063686520696E76616C69646174696F6EBE
:10787800206572726F72203078253032580000000F
:107888004C6974746C6546533A20506167652025CD
:107898007520646F6573206E6F742062656C6F6EFF
:1078A8006720746F204C465320726567696F6E00BD
:1078B8004C6974746C6546533A204661696C65641A
:1078C80020746F20696E69746961746520666C61E3
:1078D8007368206572617365000000004C697474F8
:1078E8006C6546533A204661696C656420746F2064
:1078F8007761697420666F7220666C6173682065B1
:107908007261736520636F6D706C6574696F6E2E3C
:10791800204572726F722025640000004C697474EF
:107928006C6546533A20466C6173682065726173D2
:1079380065206661696C6564206F6E20706167659B
:10794800202575004C6974746C6546533A2057724B
:10795800697465206F6666736574203078253038E1
:1079680058206973206E6F7420616C69676E656456
:1079780020746F20666C61736820776F726420735F
:10798800697A65004C6974746C6546533A2057727D
:1079980069746520646174612073697A652025754E
:1079A800206973206E6F7420616C69676E6564204E
:1079B800746F20666C61736820776F7264207369D6
:1079C8007A6500004C6974746C6546533A205772A6
:1079D80069746520616464726573732072616E678F
:1079E80065203078253038582D30782530385820A3
:1079F8006973206265796F6E6420746865204C46EF
:107A08005320726567696F6E000000004C697474DA
:107A18006C6546533A204661696C656420746F2032
:107A2800696E69746961746520666C617368207732
:107A380072697465000000004C6974746C65465383
:107A48003A204661696C656420746F2077616974B7
:107A580020666F7220666C6173682077726974653E
:107A680020636F6D706C6574696F6E2E204572723D
:107A78006F722025640000004C6974746C6546536D
:107A88003A204661696C656420746F2070726F6774
:107A980072616D20666C617368206174203078258E
:107AA800303858004C6974746C6546533A20466106
:107AB800696C656420746F2073746F726520257516
:107AC80020627974657320746F20666C6173682016
:107AD8007374617274696E67206174203078253020
:107AE800385800004C6974746C6546533A205265E6
:107AF800616420616464726573732072616E676586
:107B0800203078253038582D30782530385820697D
:107B180073206265796F6E6420746865204C4653E3
:107B280020726567696F6E004C6974746C654653A2
:107B38003A20556E636F727265637461626C65207A
:107B4800454343206572726F7220617420616464DA
:107B58007265737320307825303858004C465320AE
:107B6800464D2053656D6170686F726500000000B6
:107B78004E6F20444D41206368616E6E656C2061D4
:107B8800737369676E656420666F7220554152543D
:107B9800205278004661696C656420746F207374A4
:107BA80061727420554152542052782E2048414C1D
:107BB800206572726F7220307825303258000000CC
:107BC8005541525420434C492052782062756666CC
:107BD8006572206F76657272756E00002F61707025
:107BE800732F73742F73746D33327762612F636FE1
:107BF8006D6D6F6E2F53797374656D2F4D6F64754E
:107C08006C65732F756172745F696F2E6300000075
:107C18002D2D2D2D2D2D20535441434B20465241BF
:107C28004D452044554D50202D2D2D2D2D2D000036
:107C3800723020203D203078253038780000000050
:107C4800723120203D20307825303878000000003F
:107C5800723220203D20307825303878000000002E
:107C6800723320203D20307825303878000000001D
:107C7800723132203D2030782530387800000000FD
:107C88006C7220203D2030782530387800000000C4
:107C9800706320203D2030782530387800000000BF
:107CA800707372203D20307825303878000000004D
:107CB8002D2D2D2D2D2D2D2D2D2D2D2D2D2D2D2DEC
:107CC8002D2D2D2D2D2D2D2D2D2D2D2D2D2D000036
:107CD8002D2D2D2D2D2D2D204641554C542044451C
:107CE8005441494C53202D2D2D2D2D2D2D2D000087
:107CF8005343422D3E48465352203D20307825308C
:107D08003878000020202020446562756720657659
:107D1800656E740020202020466F726365642048D9
:107D28006172644661756C74000000005343422D13
:107D38003E43465352203D203078253038780000A5
:107D4800202020205573616765206661756C743A40
:107D580020000000202020202020202044697620B8
:107D68006279207A65726F00202020202020202050
:107D7800556E616C69676E656420616363657373D2
:107D88000000000020202020202020205374616360
:107D98006B206F766572666C6F770000202020205C
:107DA800202020204E6F20636F70726F636573739D
:107DB8006F72000020202020202020204578636555
:107DC8007074696F6E2072657475726E207769744D
:107DD800682061206261642076616C756520696E37
:107DE80020746865204558435F52455455524E20CB
:107DF8006E756D62657200002020202020202020F2
:107E0800416E20617474656D707420746F2073778F
:107E18006974636820746F20616E20696E76616C86
:107E280069642073746174650000000020202020BC
:107E380020202020556E646566696E656420696E31
:107E4800737472756374696F6E00000020202020BF
:107E5800427573204661756C743A200020202020FA
:107E680020202020427573204661756C742041647F
:107E780064726573732056616C6964002020202049
:107E880020202020466C6F6174696E672D506F69E1
:107E98006E74206C617A7920737461636B696E67A4
:107EA800206572726F720000202020202020202080
:107EB800537461636B206661756C74002020202008
:107EC80020202020556E737461636B696E6720658E
:107ED80072726F72000000002020202020202020D5
:107EE80050726563697365206461746120616363BE
:107EF800657373206572726F720000002020202065
:107F080020202020496E737472756374696F6E2027
:107F1800616363657373206572726F72000000009D
:107F2800202020204D656D6F7279204661756C7434
:107F38003A20000020202020202020204D656D6F51
:107F48007279204661756C7420416464726573733C
:107F58002056616C69640000202020202020202009
:107F6800466C6F6174696E672D506F696E74206C12
:107F7800617A79206D656D6F7279206572726F72A2
:107F88000000000020202020202020204D656D6F5B
:107F9800727920737461636B206661756C7400007C
:107FA80020202020202020204D656D6F72792075BB
:107FB8006E737461636B696E67206572726F7200AD
:107FC80020202020202020204461746120616363E8
:107FD8006573732076696F6C6174696F6E00000059
:107FE8002020202020202020496E7374727563742D
:107FF800696F6E206163636573732076696F6C6166
:1080080074696F6E000000001B5B313B33316D46B5
:108018004154414C204552524F522E20537973748B
:10802800656D2068616C7465641B5B306D000000D1
:1080380048617264204661756C74206F6363757261
:10804800726564002F706C6174666F726D2F73694E
:10805800645F6D63752F73742F73746D3332776239
:10806800612F447269766572732F53544D333257BA
:10807800424178785F48414C5F4472697665722F57
:108088005372632F73746D333277626178785F68E7
:10809800616C5F636F727465782E63002F706C611A
:1080A80074666F726D2F7369645F6D63752F737477
:1080B8002F73746D33327762612F447269766572FB
:1080C800732F53544D333257424178785F48414CAF
:1080D8005F4472697665722F5372632F73746D33C0
:1080E8003277626178785F68616C5F6372632E6370
:1080F800000000002F706C6174666F726D2F7369D9
:10810800645F6D63752F73742F73746D3332776288
:10811800612F447269766572732F53544D33325709
:10812800424178785F48414C5F4472697665722FA6
:108138005372632F73746D333277626178785F6836
:10814800616C5F6372635F65782E63002F706C618A
:1081580074666F726D2F7369645F6D63752F7374C6
:108168002F73746D33327762612F4472697665724A
:10817800732F53544D333257424178785F48414CFE
:108188005F4472697665722F5372632F73746D330F
:108198003277626178785F68616C5F646D612E63C5
:1081A800000000002F706C6174666F726D2F736928
:1081B800645F6D63752F73742F73746D33327762D8
:1081C800612F447269766572732F53544D33325759
:1081D800424178785F48414C5F4472697665722FF6
:1081E8005372632F73746D333277626178785F6886
:1081F800616C5F646D615F65782E63002F706C61E0
:1082080074666F726D2F7369645F6D63752F737415
:108218002F73746D33327762612F44726976657299
:10822800732F53544D333257424178785F48414C4D
:108238005F4472697665722F5372632F73746D335E
:108248003277626178785F68616C5F666C617368C9
:108258002E6300002F706C6174666F726D2F7369E6
:10826800645F6D63752F73742F73746D3332776227
:10827800612F447269766572732F53544D333257A8
:10828800424178785F48414C5F4472697665722F45
:108298005372632F73746D333277626178785F68D5
:1082A800616C5F666C6173685F65782E63000000BF
:1082B8002F706C6174666F726D2F7369645F6D6384
:1082C800752F73742F73746D33327762612F447214
:1082D80069766572732F53544D333257424178781B
:1082E8005F48414C5F4472697665722F5372632F01
:1082F80073746D333277626178785F68616C5F6739
:1083080070696F2E630000002F706C6174666F7265
:108318006D2F7369645F6D63752F73742F73746D3C
:1083280033327762612F447269766572732F5354C2
:108338004D333257424178785F48414C5F44726907
:108348007665722F5372632F73746D33327762615F
:1083580078785F68616C5F6C7074696D2E6300007B
:108368002F706C6174666F726D2F7369645F6D63D3
:10837800752F73742F73746D33327762612F447263
:1083880069766572732F53544D333257424178786A
:108398005F48414C5F4472697665722F5372632F50
:1083A80073746D333277626178785F68616C5F707F
:1083B80077725F65782E63002F706C6174666F72D8
:1083C8006D2F7369645F6D63752F73742F73746D8C
:1083D80033327762612F447269766572732F535412
:1083E8004D333257424178785F48414C5F44726957
:1083F8007665722F5372632F73746D3332776261AF
:1084080078785F68616C5F72616D6366672E630080
:108418002F706C6174666F726D2F7369645F6D6322
:10842800752F73742F73746D33327762612F4472B2
:1084380069766572732F53544D33325742417878B9
:108448005F48414C5F4472697665722F5372632F9F
:1084580073746D333277626178785F68616C5F72CC
:1084680063632E63000000002F706C6174666F7286
:108478006D2F7369645F6D63752F73742F73746DDB
:1084880033327762612F447269766572732F535461
:108498004D333257424178785F48414C5F447269A6
:1084A8007665722F5372632F73746D3332776261FE
:1084B80078785F68616C5F7263635F65782E6300CC
:1084C8002F706C6174666F726D2F7369645F6D6372
:1084D800752F73742F73746D33327762612F447202
:1084E80069766572732F53544D3332574241787809
:1084F8005F48414C5F4472697665722F5372632FEF
:1085080073746D333277626178785F68616C5F721B
:1085180074632E63000000002F706C6174666F72C4
:108528006D2F7369645F6D63752F73742F73746D2A
:1085380033327762612F447269766572732F5354B0
:108548004D333257424178785F48414C5F447269F5
:108558007665722F5372632F73746D33327762614D
:1085680078785F68616C5F7274635F65782E63000A
:108578002F706C6174666F726D2F7369645F6D63C1
:10858800752F73742F73746D33327762612F447251
:1085980069766572732F53544D3332574241787858
:1085A8005F48414C5F4472697665722F5372632F3E
:1085B80073746D333277626178785F68616C5F736A
:1085C80070692E63000000002F706C6174666F7212
:1085D8006D2F7369645F6D63752F73742F73746D7A
:1085E80033327762612F447269766572732F535400
:1085F8004D333257424178785F48414C5F44726945
:108608007665722F5372632F73746D33327762619C
:1086180078785F68616C5F7370695F65782E630056
:108628002F706C6174666F726D2F7369645F6D6310
:10863800752F73742F73746D33327762612F4472A0
:1086480069766572732F53544D33325742417878A7
:108658005F48414C5F4472697665722F5372632F8D
:1086680073746D333277626178785F68616C5F75B7
:108678006172742E630000002F706C6174666F72F3
:108688006D2F7369645F6D63752F73742F73746DC9
:1086980033327762612F447269766572732F53544F
:1086A8004D333257424178785F48414C5F44726994
:1086B8007665722F5372632F73746D3332776261EC
:1086C80078785F68616C5F756172745F65782E6336
:1086D800000000002F706C6174666F726D2F7369F3
:1086E800645F6D63752F73742F73746D33327762A3
:1086F800612F447269766572732F53544D33325724
:10870800424178785F48414C5F4472697665722FC0
:108718005372632F73746D333277626178785F6C4C
:108728006C5F6164632E63002F706C6174666F7296
:108738006D2F7369645F6D63752F73742F73746D18
:1087480033327762612F447269766572732F53549E
:108758004D333257424178785F48414C5F447269E3
:108768007665722F5372632F73746D33327762613B
:1087780078785F6C6C5F646D612E63002F706C613C
:1087880074666F726D2F7369645F6D63752F737490
:108798002F73746D33327762612F44726976657214
:1087A800732F53544D333257424178785F48414CC8
:1087B8005F4472697665722F5372632F73746D33D9
:1087C8003277626178785F6C6C5F657874692E6364
:1087D800000000002F706C6174666F726D2F7369F2
:1087E800645F6D63752F73742F73746D3332636FA9
:1087F8006D6D6F6E2F4D6964646C6577617265731A
:108808002F54686972645F50617274792F4672657B
:108818006552544F532F536F757263652F71756589
:1088280075652E63000000002F706C6174666F72AE
:108838006D2F7369645F6D63752F73742F73746D17
:108848003332636F6D6D6F6E2F4D6964646C65773D
:10885800617265732F54686972645F5061727479CC
:108868002F4672656552544F532F536F7572636567
:108878002F7461736B732E630000000049444C45EC
:10888800000000002F706C6174666F726D2F736941
:10889800645F6D63752F73742F73746D3332636FF8
:1088A8006D6D6F6E2F4D6964646C65776172657369
:1088B8002F54686972645F50617274792F467265CB
:1088C8006552544F532F536F757263652F74696DDA
:1088D8006572732E63000000546D72510000000031
:1088E800546D7220537663002F706C6174666F72DA
:1088F8006D2F7369645F6D63752F73742F73746D57
:108908003332636F6D6D6F6E2F4D6964646C65777C
:10891800617265732F54686972645F50617274790B
:108928002F4672656552544F532F536F75726365A6
:108938002F706F727461626C652F4D656D4D616E3D
:10894800672F686561705F342E6300002F706C615B
:1089580074666F726D2F7369645F6D63752F7374BE
:108968002F73746D3332636F6D6D6F6E2F4D696445
:10897800646C6577617265732F54686972645F50BF
:10898800617274792F4672656552544F532F536F35
:10899800757263652F706F727461626C652F4743DF
:1089A800432F41524D5F434D33335F4E545A2F6E20
:1089B8006F6E5F7365637572652F706F72742E6367
:1089C800000000002F706C6174666F726D2F736900
:1089D800645F6D63752F73742F73746D3332636FB7
:1089E8006D6D6F6E2F4D6964646C65776172657328
:1089F8002F54686972645F50617274792F6C69745E
:108A0800746C6566732F6C66732E63004C6974749E
:108A18006C6546533A204379636C652064657465D8
:108A28006374656420696E207461696C206C697375
:108A3800740000004C6974746C6546533A20436FA7
:108A480072727570746564206469722070616972ED
:108A5800206174207B3078256C782C203078256C48
:108A6800787D00004C6974746C6546533A204E6FEB
:108A7800206D6F726520667265652073706163652D
:108A8800203078256C7800004C6974746C65465306
:108A98003A205375706572626C6F636B203078256D
:108AA8006C7820686173206265636F6D6520756EF0
:108AB8007772697461626C65000000004C697474B7
:108AC8006C6546533A20556E61626C6520746F2060
:108AD80073706C6974207B3078256C782C20307822
:108AE800256C787D000000004C6974746C654653F1
:108AF8003A20556E61626C6520746F2065787061EC
:108B08006E64207375706572626C6F636B00000031
:108B18006C6974746C656673000000004C69747449
:108B28006C6546533A20496E76616C6964207665B7
:108B38007273696F6E20762568752E2568752021F9
:108B48003D20762568752E25687500004C6974747B
:108B58006C6546533A20556E737570706F72746504
:108B680064206E616D655F6D61782028256C7520C5
:108B78003E20256C752900004C6974746C65465359
:108B88003A20556E737570706F72746564206669EB
:108B98006C655F6D61782028256C75203E20256CFA
:108BA800752900004C6974746C6546533A20556EFB
:108BB800737570706F7274656420617474725F6D20
:108BC80061782028256C75203E20256C75290000C9
:108BD8004C6974746C6546533A20496E76616C69C9
:108BE8006420626C6F636B20636F756E7420282538
:108BF8006C7520213D20256C752900004C69747422
:108C08006C6546533A20496E76616C696420626CE3
:108C18006F636B2073697A652028256C7520213D68
:108C280020256C75290000002F000000706C61740D
:108C3800666F726D5F696E69745F706172616D6590
:108C4800746572732063616E6E6F74206265204E66
:108C5800554C4C00706C6174666F726D5F696E691B
:108C6800745F706172616D65746572732D3E7261B7
:108C780064696F5F6366672063616E6E6F742062FC
:108C880065204E554C4C00005369646577616C6BE8
:108C98002073797374656D2074696D657220696ECF
:108CA8006974206661696C6564206572723A202572
:108CB800640000005369646577616C6B20424C4521
:108CC8002073756273797374656D20696E69742099
:108CD8006661696C6564206572723A2025640000DB
:108CE8002F70616C2F73742F73746D3332776261D8
:108CF8002F7369645F70616C2F6372697469636153
:108D08006C5F726567696F6E2E630000556E6162F5
:108D18006C6520746F206C6F636B20435243206135
:108D280063636573733A20256400000048617368C3
:108D38002063616C63756C6174696F6E2E20434D9E
:108D48004F58206572723A20307825303878000004
:108D58002F70616C2F73742F73746D333277626167
:108D68002F7369645F70616C2F63727970746F2EF2
:108D78006300000045434320766572696669636154
:108D880074696F6E20454432353531392E20434D94
:108D98004F58206572723A203078253038780000B4
:108DA800454343207369676E696E672045443235D1
:108DB8003531392E20434D4F58206572723A203094
:108DC800782530387800000045434320766572697D
:108DD8006669636174696F6E205345435032353656
:108DE80052312E20434D4F58206572723A20307808
:108DF8002530387800000000454343207369676ECA
:108E0800696E67205345435032353652312E204320
:108E18004D4F58206572723A2030782530387800E6
:108E2800556E61626C6520746F2067656E6572614E
:108E380074652063727970746F206B657920706136
:108E480069722E20434D4F58206572726F723A2016
:108E580030782530387800002F70616C2F73742FAC
:108E6800636F6D6D6F6E2F7369645F70616C2F64D3
:108E7800656C61792E6300006770696F5F636C6B66
:108E88005F636865636B5F616E645F656E61626C8A
:108E9800652829206661696C6564202D20756E6BD4
:108EA8006E6F776E204750494F20706F7274207232
:108EB80065666572656E636564202830782530388C
:108EC800582900002F70616C2F73742F73746D33E1
:108ED800327762612F7369645F70616C2F677069A4
:108EE8006F2E63004572726F7220636F6E666967DA
:108EF8007572696E672050257325642E2030782599
:108F0800303258206973206E6F7420612076616C4E
:108F18006964207472696767657200004100000027
:108F28004200000043000000756E6B6E6F776E00A4
:108F3800480000006C66733A204661696C656420DD
:108F4800746F20666F726D6174204C465320706197
:108F580072746974696F6E006C66733A2046616951
:108F68006C656420746F206F70656E2F6372656125
:108F78007465206469726563746F72792025732E35
:108F8800204572726F7220256400000025732F251A
:108F9800730000006C66733A204572726F72202568
:108FA80064207768696C65206F70656E696E6720EC
:108FB80066696C6520257320666F72207772697404
:108FC800696E67006C66733A204572726F7220256D
:108FD80064207768696C652077726974696E6720A8
:108FE800686561646572206F662066696C65202516
:108FF800730000006C66733A204572726F72202508
:1090080064207768696C652077726974696E672077
:1090180064617461206F66206C656E6774682025D2
:109028007520627974657320746F2066696C652099
:10903800257300006C66733A204572726F722025A2
:1090480064207768696C65206F70656E696E67204B
:1090580066696C6520257320666F7220726561648D
:10906800696E67006C66733A204572726F722025CC
:1090780064207768696C652072656164696E672031
:10908800686561646572206F662066696C65202575
:10909800730000006C66733A204572726F72202567
:1090A80064207768696C652072656164696E672001
:1090B80064617461206F66206C656E677468202532
:1090C8007520627974657320746F2066696C6520F9
:1090D800257300001B5B313B33376D00554E44450B
:1090E80046494E45440000005B25755D00000000C0
:1090F8002F70616C2F73742F73746D3332776261C4
:109108002F7369645F70616C2F6C6F672E6300004A
:1091180025735B25735D25733A2000001B5B306D5A
:10912800000000004661696C656420746F206C6FF4
:1091380067206D6573736167652C20656E636F6466
:10914800696E67206572726F7220666F7220666F33
:10915800726D617420222573220000001B5B313B75
:1091680033316D001B5B313B33336D001B5B313B8F
:1091780033326D001B5B313B33346D004552524F27
:10918800520000005741524E494E4700494E464F43
:109198000000000044454255470000004D46472066
:1091A80073746F726167653A20696E76616C696481
:1091B8002064617461206C656E67746820666F72E4
:1091C80020666C6173682077726974652E20497413
:1091D8002063616E206F6E6C7920626520777269FA
:1091E8007474656E20696E206D756C7469706C6539
:1091F80073206F662025752062797465732E20525E
:109208006571756573746564206C656E6774683A1A
:109218002025752062797465730000004D4647204B
:1092280073746F726167653A206661696C65642062
:10923800746F20756E6C6F636B20666C6173682049
:10924800666F722077726974696E67002F70616C3F
:109258002F73742F73746D33327762612F7369645F
:109268005F70616C2F6D66675F73746F72652E63D4
:10927800000000004D46472073746F726167653ABD
:1092880020666C61736820777269746520657272F4
:109298006F72206174206F6666736574203078255C
:1092A800303858004D46472073746F726167653ACD
:1092B800206661696C656420746F206C6F636B2035
:1092C800666C617368206166746572207772697470
:1092D800696E67004D46472073746F726167653A1F
:1092E800206E6F20737570706F727420666F7220B5
:1092F8006170705F76616C75655F746F5F6F6666CD
:10930800736574004D46472073746F726167653AE0
:109318002063616E277420636865636B206966202B
:109328007461672030782530345820657869737403
:1093380073202D20756E6B6E6F776E204D4647201B
:1093480073746F7261676520666F726D617420282F
:10935800257529004D46472073746F726167653A19
:109368002076616C69646174696F6E2070617373D3
:10937800656400004D46472073746F726167653AF3
:109388002076616C69646174696F6E206661696CCE
:1093980065642E205369646577616C6B206C696E17
:1093A8006B2077696C6C2072656D61696E20696EDF
:1093B8006F70657261626C6520756E74696C207679
:1093C800616C6964204D464720646174612069734B
:1093D800207772697474656E000000004D4647205E
:1093E80073746F726167653A2073746F7261676531
:1093F800206172656120697320656D707479000061
:109408004D46472073746F726167653A2063616ED9
:109418006E6F742077726974652073746F726167F8
:10942800652C204D4647206973206E6F7420696E45
:10943800697469616C697A656420796574000000F3
:109448004D46472073746F726167653A206661699B
:109458006C656420746F207772697465204D464787
:1094680020686561646572004D46472073746F72A9
:109478006167653A20746865207461672076616C5D
:10948800756520257520616C726561647920657841
:10949800697374732E2057652063616E2774207773
:1094A80072697465206475706C6963617465000025
:1094B8004D46472073746F726167653A2063616E29
:1094C8002774207772697465207461672025752E6A
:1094D800204D46472073746F726167652069732059
:1094E80066756C6C000000004D46472073746F72FF
:1094F8006167653A206E6F7420656E6F75676820C6
:10950800737061636520746F2073746F7265207265
:1095180065636F726420257520287265717569729C
:1095280065643A2025752C20617661696C61626CEE
:10953800653A2025752900004D46472073746F72DF
:109548006167653A206661696C656420746F20778D
:10955800726974652064617461206174206F666645
:109568007365742030782530385820666F722074FF
:1095780061672025750000004D46472073746F729F
:109588006167653A207375636365737366756C6CA0
:10959800792073746F726564207265636F726420DA
:1095A800257500004D46472073746F726167653AF0
:1095B800204D4647206D7573742062652065726181
:1095C800736564206265666F726520777269746975
:1095D8006E672076657273696F6E00004D4647208E
:1095E80073746F726167653A2063616E6E6F742081
:1095F800726561642073746F726167652C204D46D3
:1096080047206973206E6F7420696E697469616C94
:10961800697A656420796574000000004D4647202A
:1096280073746F726167653A207265616420666160
:10963800696C65642C207461672030782530345853
:10964800206E6F7420666F756E6420696E204D46BB
:10965800472073746F726167650000004D464720AC
:1096680073746F726167653A20696E76616C6964BC
:109678002072656164206C656E677468207265711C
:10968800756573746564207768696C6520726561B7
:1096980064696E6720746167203078253034582EED
:1096A800205265636F7264206C656E6774683A2037
:1096B80025752C20726571756573746564206C65F9
:1096C8006E6774683A202575000000004D464720F3
:1096D80073746F726167653A2063616E27742072D4
:1096E8006561642074616720307825303458202DF6
:1096F80020756E6B6E6F776E204D46472073746FC2
:109708007261676520666F726D61742028257529FE
:10971800000000004D46472073746F726167653A18
:109728002063616E2774207265616420746167200C
:10973800307825303458202D206E6F7420666F7570
:109748006E6420696E204D46472073746F7261679E
:10975800650000004D46472073746F726167653A73
:109768002063616E6E6F7420657261736520737417
:109778006F726167652C204D4647206973206E6FB4
:109788007420696E697469616C697A6564207965A9
:10979800740000004D46472073746F726167653A24
:1097A8002065726173696E6720656E7469726520E1
:1097B800636F6E74656E7473206F6620616C6C20C5
:1097C800706167657320776869636820636F6E747A
:1097D80061696E204D464720646174610000000095
:1097E8004D46472073746F726167653A20657261F0
:1097F80073696E6720666C6173682E20537461729A
:1098080074696E6720706167653A2025752C207031
:109818006167657320746F2065726173653A2025EE
:10982800750000004D46472073746F726167653A92
:10983800206661696C656420746F20756E6C6F6357
:109848006B20666C61736820666F72206572617345
:10985800696E67004D46472073746F726167653A99
:10986800206661696C656420746F206C6F636B207F
:10987800666C6173682061667465722065726173D5
:10988800696E67004D46472073746F726167653A69
:109898002073746F726167652065726173656420F7
:1098A8007375636365737366756C6C79000000008B
:1098B8002F472530345800004B253034580000001D
:1098C80043616E277420637265617465205369640F
:1098D8006577616C6B2053574920746872656164C1
:1098E8002E20436865636B20617661696C61626CE8
:1098F800652052414D20737061636520616E64205C
:10990800656E737572652063616C6C657220636F38
:109918006E74657874206973206E6F742049525193
:10992800000000004661696C656420746F207472E1
:109938006967676572205357492E204572726F72A6
:1099480020636F64653A20256400000053696465EC
:1099580077616C6B20535749205461736B0000008A
:109968002F70616C2F73742F73746D33327762614B
:109978002F7369645F70616C2F7379735F74696D9D
:1099880065722E63000000002F70616C2F73742FB6
:1099980073746D33327762612F7369645F70616CC1
:1099A8002F74696D65722E630000000054696D653F
:1099B8007220776173206E6F7420637265617465BD
:1099C80064206279205369646577616C6B207374D5
:1099D80061636B2E2054696D6572203078253038AC
:1099E800582C206362203078253038580000000059
:1099F8004661696C656420746F2063616E63656C91
:109A080020736F6674776172652074696D65722E54
:109A180020526561736F6E3A202564004661696C57
:109A2800656420746F2073746F702074696D65723B
:109A38002030782530385800496E697469616C693E
:109A48007A696E672074696D657220746861742024
:109A5800697320696E697469616C697A65642061EB
:109A68006C72656164792E2054696D657220307856
:109A7800253038582C20636220307825303858003B
:109A8800556E61626C6520746F20696E69746961D6
:109A98006C697A65205349442074696D6572206940
:109AA8006E7374616E63652E204572726F722063E7
:109AB8006F64653A202564004661696C65642074AA
:109AC8006F206465696E69742074696D65722030F1
:109AD80078253038582E204D656D6F7279206C6569
:109AE800616B20697320706F737369626C65000025
:109AF8004661696C656420746F206465696E697479
:109B080069616C697A65205554494C5F54494D45E3
:109B1800522E204572726F72202575004661696C5D
:109B2800656420746F20696E697469616C697A650F
:109B3800205554494C5F54494D45522E2045727268
:109B48006F722025750000002F70616C2F73742FC1
:109B580073746D33327762612F7369645F70616CFF
:109B68002F626C655F616461707465722F736964DC
:109B78005F70616C5F626C655F616461707465726F
:109B88005F73746D33327762612E63004661696C6E
:109B9800656420746F2073746F7020424C45206197
:109BA80064766572746973656D656E742074696D29
:109BB80065722E204572726F7220257500000000B4
:109BC8006863695F6C655F7365745F61647665720D
:109BD800746973696E675F64697361626C65202D6F
:109BE800206661696C2C20726573756C743A20303C
:109BF8007825303258000000414D4D206661696C6F
:109C0800656420746F20616C6C6F636174652025D6
:109C18007520627974657320746F2073746F726530
:109C280020424C45206576656E742E204572726F11
:109C380072202564000000005350492068616C665A
:109C48002D6475706C6578206D6F6465206973206C
:109C58006E6F7420737570706F72746564000000A5
:109C6800535049204E53532D746F2D53434B20644A
:109C7800656C617920697320746F6F2073686F72E7
:109C8800742E204D696E696D756D2064656C6179FF
:109C9800206F662025752053434B206379636C65DC
:109CA800732077696C6C20626520757365640000A9
:109CB800556E61626C6520746F206465696E6974A5
:109CC80069616C697A65204C5054494D2077686900
:109CD8006C65206465696E697469616C697A696E1E
:109CE8006720535049206275732E2048414C2065E7
:109CF80072726F722030782578000000556E6162AC
:109D08006C6520746F206465696E697469616C693B
:109D18007A65205350492070657269706865726170
:109D28006C2E2048414C206572726F722030782565
:109D380078000000556E61626C6520746F20646560
:109D48007374726F792053504920627573202D20E7
:109D5800756E6B6E6F776E206275732072656665BF
:109D680072656E63656420696E207468652072652B
:109D780071756573740000002F70616C2F73742FF8
:109D880073746D33327762612F7369645F70616CCD
:109D98002F73657269616C5F6275732F7369645F95
:109DA80070616C5F73657269616C5F6275735F7314
:109DB80070692E6300000000535049207065726975
:109DC80070686572616C20686173206E6F206C69C1
:109DD8006E6B656420444D41205478206368616E41
:109DE8006E656C00535049207065726970686572C1
:109DF800616C20686173206E6F206C696E6B65649E
:109E080020444D41205278206368616E6E656C0075
:109E180053504920444D41205478206368616E6E48
:109E2800656C207368616C6C20626520636F6E6678
:109E380069677572656420696E206E6F726D616CFA
:109E4800206D6F64652C206E6F7420696E20612010
:109E58006C696E6B65642D6C697374206F6E650038
:109E680053504920444D41205278206368616E6EFA
:109E7800656C207368616C6C20626520636F6E6628
:109E880069677572656420696E206E6F726D616CAA
:109E9800206D6F64652C206E6F7420696E206120C0
:109EA8006C696E6B65642D6C697374206F6E6500E8
:109EB80053504920636C6F636B206366672066614B
:109EC800696C6564202D20756E6B6E6F776E2053FC
:109ED8005049207065726970686572616C2073659D
:109EE8006C656374656400004C5054494D20636C84
:109EF8006F636B20636667206661696C6564202DFB
:109F080020756E6B6E6F776E204C5054494D2070E3
:109F180065726970686572616C2073656C656374DD
:109F2800656400004C5054494D2070657269706832
:109F38006572616C20686173206E6F206C696E6B4E
:109F4800656420444D4120434331206368616E6E4F
:109F5800656C0000444D4120747269676765722022
:109F68007365747570206661696C6564202D207551
:109F78006E6B6E6F776E204C5054494D2070657231
:109F88006970686572616C2073656C65637465647B
:109F9800000000004661696C656420746F20696E7A
:109FA800697469616C697A652053504920547261FB
:109FB8006E73616374696F6E20436F6E74726F6C39
:109FC80020444D41206368616E6E656C2E20457299
:109FD800726F7220636F6465202575004E6F742060
:109FE800656E6F75676820737061636520746F2094
:109FF80066697420444D41204C4C4E20666F722097
:10A008005350492043535441525420777269746520
:10A01800206F7065726174696F6E00004E6F7420F6
:10A02800656E6F75676820737061636520746F2053
:10A0380066697420444D41204C4C4E20666F722056
:10A0480064697361626C696E67204C5054494D00B5
:10A058004E6F7420656E6F756768207370616365F5
:10A0680020746F2066697420444D41204C4C4E206A
:10A07800666F722072652D656E61626C696E67200D
:10A088004C5054494D0000004E6F7420656E6F753A
:10A09800676820737061636520746F206669742037
:10A0A800444D41204C4C4E20666F72207265636FA0
:10A0B8006E6669677572696E67204C5054494D0029
:10A0C800556E61626C6520746F20616C6C6F6361A2
:10A0D8007465206D656D6F727920666F72205350BC
:10A0E8004920636C69656E7420636F6E746578745B
:10A0F80000000000556E61626C6520746F20646515
:10A108007465726D696E652053504920696E737469
:10A11800616E6365206261736520636C6F636B00B9
:10A128005265717565737465642053504920737066
:10A138006565642069732061626F7665206D61785A
:10A14800696D756D2E20436C6F636B2077696C6C3D
:10A15800206265206C696D6974656420746F2025C0
:10A1680075487A00556E61626C6520746F2073655E
:10A178007420535049204E535320636F6E74726F8E
:10A188006C206672657175656E637920746F202521
:10A19800752E205573696E67206E656172657374DC
:10A1A80020706F737369626C652076616C756520C9
:10A1B8006F66202575000000556E61626C6520741D
:10A1C8006F20616C6C6F6361746520444D41204C55
:10A1D8004C4E206D656D6F727920666F72205350FA
:10A1E8004920636C69656E7420636F6E746578745A
:10A1F800000000004661696C656420746F20636F1D
:10A208006E66696775726520444D41204C4C4E2E30
:10A21800204572726F72202564000000556E6162DD
:10A228006C6520746F207365742053504920534324
:10A238004B206672657175656E637920746F202591
:10A24800752E205573696E67206E6561726573742B
:10A2580020706F737369626C652076616C75652018
:10A268006F66202575000000535049205472616EB6
:10A2780073666572204572726F72000053504920F0
:10A2880078666572206661696C6564202D20696650
:10A298006163652063616E6E6F74206265206E7500
:10A2A8006C6C0000535049207866657220666169BD
:10A2B8006C6564202D20636C69656E742063616E23
:10A2C8006E6F74206265206E756C6C005350492067
:10A2D80078666572206661696C6564202D20646506
:10A2E800736972656420636C6F636B207370656556
:10A2F800642063616E6E6F74206265203000000018
:10A30800556E61626C6520746F2063726561746557
:10A318002053504920636C69656E7420636F6E74B6
:10A328006578742E204572726F72202564000000D3
:10A33800556E61626C6520746F206C6F636B20537F
:10A348005049206265666F726520636F6E66696743
:10A358007572696E6720746865207472616E7361C6
:10A368006374696F6E2E20506F737369626C652019
:10A3780061636365737320636F6C6C6973696F6E77
:10A3880000000000496E76616C69642053504920D2
:10A398006D6F646520737065636966696564202DF7
:10A3A80020786665722061626F727465642E204D34
:10A3B8006F64653A2030782578000000556E616238
:10A3C8006C6520746F20636F6E66696775726520AF
:10A3D800535049207065726970686572616C2066B7
:10A3E8006F7220786665722E20535049207065720E
:10A3F8006970686572616C20697320627573792E63
:10A4080020535049207374617475733A203078254D
:10A4180078000000556E61626C6520746F20636F70
:10A428006E66696775726520535049207065726958
:10A4380070686572616C20666F7220786665722E2E
:10A448002048414C206572726F7220307825780060
:10A458005350492070726570206572726F722025A2
:10A4680064000000535049205472616E7361637434
:10A47800696F6E20436F6E74726F6C20444D41207B
:10A488006368616E6E656C206572726F722E20460D
:10A498006C6167733A203078257800005350492062
:10A4A8007472616E73666572206661696C65642E8C
:10A4B800204572726F7220256400000053504920B5
:10A4C800547820444D41206368616E6E656C206548
:10A4D80072726F722E20466C6167733A203078254D
:10A4E8003038580053504920527820444D41206359
:10A4F80068616E6E656C206572726F722E20466C94
:10A508006167733A20307825303858005350492015
:10A518006661696C656420746F2073746172742E4F
:10A5280020436865636B205472616E7366657220A0
:10A53800436F6E74726F6C20444D41206368616E86
:10A548006E656C2068617320656E6F75676820742E
:10A55800696D6520746F2072656C6F6164206C6929
:10A568006E6B6564206C697374206E6F646573002C
:10A578004661696C656420746F20637265617465F7
:10A5880020535049206275732C20696E76616C697E
:10A598006420617267756D656E7473004661696CDD
:10A5A800656420746F206372656174652053504937
:10A5B800206275732E204C5054494D207065726985
:10A5C80070686572616C20696E697469616C697A1A
:10A5D8006174696F6E206572722025640000000046
:10A5E8004661696C656420746F2063726561746587
:10A5F80020535049206275732E20535049207065AE
:10A60800726970686572616C20696E697469616CE1
:10A61800697A6174696F6E20657272202564000022
:10A62800535049204163746976617465204E5353D1
:10A63800206661696C6564202D2069666163652008
:10A6480063616E6E6F74206265206E756C6C0000BD
:10A65800535049204163746976617465204E5353A1
:10A66800206661696C6564202D20636C69656E7471
:10A678002063616E6E6F74206265206E756C6C006D
:10A68800556E61626C6520746F206C6F636B20532C
:10A698005049206265666F72652064726976696EDA
:10A6A8006720746865204E5353206C696E652E20B0
:10A6B800506F737369626C6520616363657373209F
:10A6C800636F6C6C6973696F6E00000053504920AA
:10A6D80044656163746976617465204E53532066DE
:10A6E80061696C6564202D2069666163652063611A
:10A6F8006E6E6F74206265206E756C6C00000000D1
:10A708005350492044656163746976617465204ECD
:10A718005353206661696C6564202D20636C6965FC
:10A728006E742063616E6E6F74206265206E756C46
:10A738006C000000556E61626C6520746F206C6F50
:10A74800636B20535049206265666F72652072659D
:10A758006C656173696E6720746865204E53532079
:10A768006C696E652E20506F737369626C65206129
:10A77800636365737320636F6C6C6973696F6E00D4
:10A7880053544D3332574C7878204750494F2068FE
:10A79800616E647368616B696E67206661696C6578
:10A7A800642E2048414C206572726F722025640027
:10A7B8005375636365737366756C204750494F2002
:10A7C80068616E647368616B65207769746820538B
:10A7D800544D3332574C78782C2070726F6365650E
:10A7E80064696E67207769746820535049206861EE
:10A7F8006E647368616B652E2E2E0000556E616263
:10A808006C6520746F207265747269657665205373
:10A81800544D3332574C7878204952512073746123
:10A828007475732E2048414C206572726F72202512
:10A8380075000000556E61626C6520746F2061635D
:10A848006B6E6F776C656467652053544D33325770
:10A858004C787820495251207374617475732E2096
:10A8680048414C206572726F722025750000000007
:10A8780053544D3332574C7878206661696C65645F
:10A8880020746F2072656C6561736520746865203B
:10A89800495251206C696E65206166746572207337
:10A8A80075636365737366756C2041434B2E20484E
:10A8B800414C206572726F722025750053544D33D8
:10A8C80032574C7878205350492048616E64736839
:10A8D800616B696E67206661696C65642E205354EC
:10A8E8004D3332574C78782049525120646F657344
:10A8F800206E6F7420696E64696361746520746882
:10A908006520646573697265642048616E64736864
:10A91800616B65207374617475732E2049525120E0
:10A92800666C6167733A20307825780053756363E5
:10A9380065737366756C205350492068616E647343
:10A9480068616B6520776974682053544D333257BA
:10A958004C78780053544D3332574C7878207275C0
:10A968006E73205350492070726F746F636F6C2040
:10A978007625752E25752E2575207768696C6520D6
:10A98800686F737420686173207625752E25752E7F
:10A9980025752C20636F6D7061746962696C6974C8
:10A9A800792069737375657320706F737369626C4E
:10A9B8006500000053544D3332574C787820696D48
:10A9C800706C656D656E747320696E636F6D706110
:10A9D8007469626C65205350492070726F746F639C
:10A9E8006F6C207625752E25752E25752028686FA5
:10A9F8007374207265717569726573207625752E7A
:10AA080025752E25752900005265706F727465646E
:10AA18002053544D3332574C787820535049207086
:10AA2800726F746F636F6C2076657273696F6E3ABC
:10AA38002025752E25752E257500000053544D339D
:10AA480032574C787820696D706C656D656E7473DB
:10AA580020696E636F6D70617469626C65206170E6
:10AA6800706C69636174696F6E207625752E257523
:10AA78002E25752028686F737420697320762575D4
:10AA88002E25752E257529004465746563746564E3
:10AA98002053544D3332574C7878207769746820A6
:10AAA8006170706C69636174696F6E20766572732A
:10AAB800696F6E2025752E25752E257500000000FE
:10AAC800556E61626C6520746F2073656E64206FCB
:10AAD800757420636F6E66696720746F2053544DD8
:10AAE8003332574C78782E2048414C206572726F6B
:10AAF8007220257500000000546F6F206D616E791B
:10AB080020726164696F206572726F727320696E5A
:10AB1800206120726F772E20526573657474696E98
:10AB2800672074686520726164696F2E2E2E00009C
:10AB3800726164696F5F73746D3332776C78785FB4
:10AB4800706C6174666F726D5F6465696E6974209C
:10AB58002D206572726F7220696E2073746D3332A6
:10AB6800776C78785F68616C5F64697361726D5F38
:10AB780069727128292E204572726F72202575001E
:10AB8800726164696F5F73746D3332776C78785F64
:10AB9800706C6174666F726D5F6465696E6974204C
:10ABA8002D207370695F6275735F696661636520E4
:10ABB800686173206E6F2064657374726F792829D9
:10ABC800206D6574686F6400726164696F5F737487
:10ABD8006D3332776C78785F706C6174666F726D04
:10ABE8005F6465696E6974202D206572726F7220CA
:10ABF800696E207370695F6275735F69666163650A
:10AC08002D3E64657374726F7928292E20457272FF
:10AC18006F72202564000000726164696F5F73744D
:10AC28006D3332776C78785F706C6174666F726DB3
:10AC38005F6465696E6974202D20535049206275E0
:10AC48007320696E74657266616365206973206E2E
:10AC5800756C6C2C20627573206465696E69746903
:10AC6800616C697A6174696F6E20736B6970706565
:10AC780064000000726164696F5F73746D333277CA
:10AC88006C78785F706C6174666F726D5F6465690B
:10AC98006E6974202D206661696C656420746F206C
:10ACA80072656C65617365204750494F2E20484195
:10ACB8004C206572726F722025750000726164699C
:10ACC8006F5F73746D3332776C78785F706C617412
:10ACD800666F726D5F6465696E69742829206661A4
:10ACE800696C65642E204572726F722025640000BD
:10ACF800726164696F5F73746D3332776C78785FF3
:10AD0800706C6174666F726D5F696E6974202D2056
:10AD18006E756C6C2070615F6366675F63616C6CF5
:10AD28006261636B21000000726164696F5F737414
:10AD38006D3332776C78785F706C6174666F726DA2
:10AD48005F696E6974202D206661696C6564207482
:10AD58006F20636F6E6669677572652065737365CA
:10AD68006E7469616C204750494F2E2048414C2031
:10AD78006572726F72202575000000007261646947
:10AD88006F5F73746D3332776C78785F706C617451
:10AD9800666F726D5F696E6974202D206572726FBF
:10ADA8007220696E206275735F666163746F727971
:10ADB8002D3E63726561746528292E204572726F75
:10ADC800722025642C2069666163653A20307825F5
:10ADD80078000000726164696F5F73746D33327755
:10ADE8006C78785F706C6174666F726D5F696E699C
:10ADF800742829206661696C656420776974682005
:10AE08006572726F722025640000000072616469C7
:10AE18006F5F73746D3332776C78785F646F5F68D7
:10AE2800616E647368616B652829206661696C6569
:10AE3800642077697468206572726F7220256400D7
:10AE48004661696C656420746F2070757420537551
:10AE58006247487A20746F205374616E6442792E79
:10AE68002048414C206572726F72202575000000E1
:10AE78004661696C656420746F2072652D73656E18
:10AE8800642053756247487A20485720636F6E667E
:10AE980069672E204572726F7220256400000000D9
:10AEA8004661696C656420746F206170706C7920EC
:10AEB800657373656E7469616C2053756247487A6F
:10AEC80020485720636F6E6669672E204572726F3F
:10AED8007220636F64652025750000004661696C07
:10AEE800656420746F207365742053756247487ACF
:10AEF800206D6F64656D206D6F64652E20457272DC
:10AF08006F7220636F646520257500004661696C67
:10AF1800656420746F207365742053756247487A9E
:10AF2800206672657175656E63792E204572726F41
:10AF38007220636F64652025750000004661696CA6
:10AF4800656420746F207075742053544D333257E4
:10AF58004C7878206261636B20746F20736C656530
:10AF6800702E204572726F7220636F64652025759C
:10AF780000000000526164696F2072652D696E6976
:10AF88007469616C697A6564000000004661696CE7
:10AF9800656420746F2072652D696E697469616CCF
:10AFA800697A652053544D3332574C787820726152
:10AFB80064696F2E2054686973206D617920696E09
:10AFC8006469636174652061207065726D616E6586
:10AFD8006E74206661696C7572650000496E7661F1
:10AFE8006C696420726164696F20636F6E6669675B
:10AFF800202D20626F7468204C504120616E6420BF
:10B00800485041206172652064697361626C6564AF
:10B018002E204174206C65617374206F6E6520501A
:10B0280041207368616C6C20626520656E61626C9A
:10B03800656400002F706C6174666F726D2F7369A0
:10B04800645F6D63752F73742F68616C2F73746DF3
:10B058003332776C78785F726164696F5F617070A2
:10B068002F73746D3332776C78785F6170705F72AC
:10B078006164696F2E6300007369645F70616C5F5F
:10B08800726164696F5F6765745F6D6F64656D5F3A
:10B098006D6F646528292063616C6C65642077692D
:10B0A8007468206D6F64656D20696E20756E6465C7
:10B0B80066696E6564207374617465007369645FA2
:10B0C80070616C5F726164696F5F7365745F6D6FE7
:10B0D80064656D5F6D6F6465206661696C65642089
:10B0E800746F207365742046534B206D6F64652E12
:10B0F8002048414C206572726F722025750000004F
:10B108007369645F70616C5F726164696F5F7365B6
:10B11800745F6D6F64656D5F6D6F646520666169EE
:10B128006C656420746F20736574204C6F526120C5
:10B138006D6F64652E2048414C206572726F7220D5
:10B14800257500007369645F70616C5F7261646982
:10B158006F5F7365745F6D6F64656D5F6D6F646558
:10B16800206661696C6564202D20696E76616C6962
:10B1780064206D6F646520726571756573746564AC
:10B188003A202575000000004661696C65642074EA
:10B198006F207365742053756247487A206D6F6419
:10B1A800656D206D6F64652E204572726F72202563
:10B1B800640000005369646577616C6B2073756285
:10B1C8002D47487A20726164696F206576656E74D0
:10B1D8002070726F63657373696E67206661696C4E
:10B1E80065642E206572726F72202564000000006D
:10B1F8004661696C656420746F2072652D61726D9B
:10B208002053544D3332574C787820495251206C92
:10B21800696E652E206572726F72202575000000B8
:10B2280053756247487A204952512070726F63659E
:10B238007373696E672063616C6C656420776974E9
:10B248006820756E6578706563746564204952512D
:10B2580020666C616773207365743A2030782578AE
:10B268000000000053544D3332574C787820537502
:10B278006247487A20495251207265706F7274652E
:10B28800642077697468206D6F64656D20696E202D
:10B29800756E6B6E6F776E2073746174652E2043C4
:10B2A800616E6E6F742070726F6365737300000057
:10B2B8004661696C656420746F207365742053540B
:10B2C8004D3332574C78782053756247487A206D51
:10B2D8006F64656D206672657175656E637920743B
:10B2E8006F2025752E204572726F722025642C20E0
:10B2F80073746174653A202575000000256420691F
:10B3080073206E6F7420612076616C6964207261AD
:10B3180064696F20726567696F6E20494400000098
:10B328004661696C656420746F207365742053549A
:10B338004D3332574C78782053756247487A2054F9
:10B348007820706F77657220746F20256464422EB0
:10B35800204572726F722025642C207374617465A5
:10B368003A202575000000004661696C6564207408
:10B378006F2073656E64206F7574206E657720503A
:10B388004120636F6E66696720746F2053544D3394
:10B3980032574C78782E2048414C206572726F7273
:10B3A800202575004661696C656420746F2070758E
:10B3B800742053756247487A20746F20736C6565F2
:10B3C80070206D6F64652E2048414C206572726F45
:10B3D80072202575000000004661696C6564207460
:10B3E8006F207365742053756247487A20726164D0
:10B3F800696F205478207061796C6F61642E2045E4
:10B4080072726F72202575004661696C65642074DC
:10B418006F207374617274205478207669612053A8
:10B42800544D3332574C78782E2048414C20657261
:10B43800726F7220257500007369645F70616C5FBC
:10B44800726164696F5F7365745F74785F636F6E50
:10B4580074696E756F75735F776176652E2E2E2011
:10B46800000000004661696C656420746F20737485
:10B478006172742053544D3332574C787820537589
:10B488006247487A2043572054782E2048414C2060
:10B498006572726F72202575000000007369645F21
:10B4A80070616C5F726164696F5F7365745F7478F3
:10B4B8005F636F6E74696E756F75735F70726561C7
:10B4C8006D626C652E2E2E20000000004661696CAE
:10B4D800656420746F2073746172742053544D3303
:10B4E80032574C78782053756247487A20496E66FF
:10B4F800696E69746520507265616D626C6520546F
:10B50800782E2048414C206572726F722025750094
:10B518004661696C656420746F207374617274206D
:10B5280053544D3332574C78782053756247487AD4
:10B538002052782E2048414C206572726F72202567
:10B54800750000004661696C656420746F2073742F
:10B558006172742053544D3332574C7878205375A8
:10B568006247487A20436F6E74696E756F757320F1
:10B5780052782E2048414C206572726F72202575D2
:10B58800000000004661696C656420746F20636880
:10B5980065636B206966202575487A206368616E4B
:10B5A8006E656C20697320667265652E2048414C73
:10B5B800206572726F722025750000004661696C03
:10B5C800656420746F2063617074757265202575D9
:10B5D800487A206368616E6E656C206E6F6973656A
:10B5E8002E2048414C206572726F7220257500002C
:10B5F800556E61626C6520746F206465696E69744C
:10B6080069616C697A652053544D3332574C7878A8
:10B6180020726164696F2E204572726F72202564F2
:10B628000000000053544D3332574C787820726133
:10B6380064696F206465696E697469616C697A65AB
:10B64800640000007369645F70616C5F72616469B3
:10B658006F5F696E697428292061626F727465640E
:10B668002064756520746F20696E76616C6964204A
:10B67800696E70757420706172616D65746572733E
:10B688000000000053544D3332574C7878206472D0
:10B698006976657220697320696E697469616C697D
:10B6A8007A656420616C72656164792E20526571D7
:10B6B80075657374696E67206465696E697469611C
:10B6C8006C697A6174696F6E00000000556E616282
:10B6D8006C6520746F20696E697469616C697A653C
:10B6E8002053544D3332574C787820726164696F17
:10B6F800202D2064726976657220697320696E69ED
:10B708007469616C697A656420616C7265616479D9
:10B7180020616E64206465696E697469616C697A18
:10B728006174696F6E206661696C65642E2045726C
:10B73800726F7220256400004661696C656420742C
:10B748006F206372656174652073656D6170686FE1
:10B75800726520666F72205265717565737420502A
:10B76800726F636573736564204952512068616E16
:10B77800646C696E670000004661696C65642074DA
:10B788006F206372656174652073656D6170686FA1
:10B79800726520666F722049525120646574656332
:10B7A80074696F6E2068616E646C696E6700000072
:10B7B8007369645F70616C5F726164696F5F736500
:10B7C800745F726567696F6E2829206661696C65A8
:10B7D800642077697468206572726F72202564002E
:10B7E8007369645F70616C5F726164696F5F7374C1
:10B7F800616E6462792829206661696C65642077C6
:10B80800697468206572726F7220256400000000F8
:10B81800726164696F5F73746D3332776C78785FC7
:10B828007365745F74785F706F7765725F636F6E4E
:10B838006669672829206661696C65642077697480
:10B8480068206572726F7220636F646520256400DA
:10B85800556E61626C6520746F20696E69746961E8
:10B868006C697A652053544D3332574C787820727E
:10B878006164696F2E204572726F72202564000022
:10B8880053544D3332574C787820726164696F2075
:10B89800696E697469616C697A65640053544D33E3
:10B8A80032574C7878204952512057616974205397
:10B8B800656D6170686F72650000000053544D3308
:10B8C80032574C7878205265712041636B2053655C
:10B8D8006D6170686F7265004661696C656420749B
:10B8E8006F206170706C792046534B2073796E63BA
:10B8F80020776F72642E204572726F722025640063
:10B908002F706C6174666F726D2F7369645F6D63FD
:10B91800752F73742F68616C2F73746D3332776C65
:10B9280078785F726164696F5F6170702F73746D8E
:10B938003332776C78785F6170705F726164696FB9
:10B948005F66736B2E6300004661696C65642074E2
:10B958006F206170706C792046534B206D6F647551
:10B968006C6174696F6E20706172616D732E204511
:10B9780072726F72202564004661696C6564207478
:10B988006F206170706C792046534B207061636B37
:10B99800657420706172616D732E204572726F72CA
:10B9A800202564002F706C6174666F726D2F736947
:10B9B800645F6D63752F73742F68616C2F73746D7A
:10B9C8003332776C78785F726164696F5F61707029
:10B9D8002F73746D3332776C78785F6170705F7233
:10B9E8006164696F5F68616C2E6300004661696C11
:10B9F800656420746F2064697361726D2053544DBF
:10BA08003332574C787820495251206C696E652E34
:10BA1800206572726F72202575000000496E76618C
:10BA28006C6964206C6F6E67206461746120737444
:10BA3800617274206672616D65202D2066756C6C6C
:10BA48002064617461206C656E67746820282575B0
:10BA58002920697320746F6F2073686F72740000F7
:10BA68004661696C656420746F20656E61626C65FF
:10BA78002053544D3332574C78782049525120691D
:10BA88006E204E5649432C206572726F72202564D1
:10BA9800000000004661696C656420746F2073655E
:10BAA800742053544D3332574C78782049525120E2
:10BAB8007072696F726974792C206572726F722066
:10BAC8002564000057726F6E6720485720737461B1
:10BAD8007465202D2053544D3332574C787820729A
:10BAE8006164696F20495251206C696E65206973E1
:10BAF800206163746976656C792064726976656E15
:10BB0800206869676800000057726F6E67204857A1
:10BB1800207374617465202D2053544D3332574C73
:10BB2800787820726164696F20495251206C696E7F
:10BB380065206973206F70656E206F722053544DB5
:10BB48003332574C7878204D435520697320696EFD
:10BB58006F70657261626C65000000004661696C17
:10BB6800656420746F2072656164206F7574204964
:10BB7800525120666F6C6C6F772D757020646174FC
:10BB8800612E204578706563746564202575206290
:10BB9800797465732C2062757420676F74206F6EDA
:10BBA8006C7920257500000053544D3332574C787A
:10BBB8007820526164696F20417070204952512089
:10BBC8007265706F727465642077697468206E6F2F
:10BBD80020666C61677320736574202D2069676E19
:10BBE8006F72696E67206576656E7400496E76615E
:10BBF8006C69642053756247487A2049525120661F
:10BC08006F6C6C6F772D757020646174612E2045A0
:10BC180078706563746564204F70436F6465203085
:10BC280078253032582062757420676F7420307818
:10BC3800253032580000000053544D3332574C78A9
:10BC4800782041505020696E64696361746564208E
:10BC5800612068616E647368616B652072657175D7
:10BC680065737400496E76616C69642055736572FA
:10BC780020446174612049525120666F6C6C6F7763
:10BC88002D7570206672616D652E2045787065632C
:10BC9800746564204F70436F6465203078253032B6
:10BCA800582062757420676F7420307825303258B8
:10BCB800000000004D756C7469706C652053544D1C
:10BCC8003332574C787820526164696F2041707024
:10BCD8002049525120666C616773207265706F72DB
:10BCE8007465642073696D756C74616E656F7573C6
:10BCF8006C793A203078257800000000506572662B
:10BD08006F726D696E672048616E647368616B65F8
:10BD180020746F2072657365742053544D33325705
:10BD28004C787820737461746500000052652D7337
:10BD3800796E6368726F6E697A656420726164698E
:10BD48006F20636F6E666967207769746820535443
:10BD58004D3332574C78780053544D3332574C7822
:10BD680078204952512068616E646C696E6720665C
:10BD7800696E697368656420776974682065727292
:10BD88006F722025750000004661696C6564207437
:10BD98006F2073656E6420726571756573742077A2
:10BDA8006974682041434B20746F2053544D3332DB
:10BDB800574C7878202D20616E6F746865722072F8
:10BDC80065717565737420697320616C726561644F
:10BDD800792072756E6E696E670000004661696C45
:10BDE800656420746F2073656E64205375624748DC
:10BDF8007A20636F6E6669672E2049525120636C02
:10BE08006173682064657465637465642E20457881
:10BE1800706563746564203078257820666C616786
:10BE28002C2062757420676F7420307825782C2058
:10BE38007265715F69642030782578004661696CA5
:10BE4800656420746F2073656E642053756247487B
:10BE58007A20636F6E6669672E2053544D333257CC
:10BE68004C78782072657475726E6564206572729C
:10BE78006F7220636F646520257500004661696CE8
:10BE8800656420746F206170706C792062617365DD
:10BE98002053756247487A20636F6E6669672E2063
:10BEA80049525120636C61736820646574656374DA
:10BEB80065642E2045787065637465642030782544
:10BEC8007820666C61672C2062757420676F742017
:10BED800307825782C207265715F69642030782568
:10BEE800780000004661696C656420746F20617099
:10BEF800706C7920626173652053756247487A20B7
:10BF0800636F6E6669672E2053544D3332574C78F1
:10BF1800782072657475726E6564206572726F72CE
:10BF280020636F6465202575000000005375624723
:10BF3800487A205374616E646279206661696C6521
:10BF4800642E2049525120636C61736820646574C3
:10BF580065637465642E2045787065637465642034
:10BF68003078257820666C61672C206275742067AC
:10BF78006F7420307825782C207265715F69642091
:10BF8800307825780000000053756247487A2053BE
:10BF980074616E646279206661696C65642E2053F1
:10BFA800544D3332574C78782072657475726E65CB
:10BFB80064206572726F7220636F64652025750056
:10BFC80053756247487A20536C65657020666169CD
:10BFD8006C65642E2049525120636C61736820643B
:10BFE800657465637465642E20457870656374654F
:10BFF80064203078257820666C61672C206275741F
:10C0080020676F7420307825782C207265715F69FD
:10C01800642030782578000053756247487A2053A9
:10C028006C656570206661696C65642E2053544D9B
:10C038003332574C78782072657475726E65642057
:10C048006572726F7220636F646520257500000049
:10C058004661696C656420746F20636865636B2052
:10C0680053756247487A206368616E6E656C206913
:10C078007320667265652E2049525120636C617386
:10C08800682064657465637465642E2045787065FE
:10C0980063746564203078257820666C61672C208D
:10C0A80062757420676F7420307825782C2072654B
:10C0B800715F696420307825780000004661696CFA
:10C0C800656420746F20636865636B2053756247ED
:10C0D800487A206368616E6E656C206973206672A9
:10C0E80065652E2053544D3332574C78782072654D
:10C0F8007475726E6564206572726F7220636F6406
:10C1080065202575000000004661696C656420742F
:10C118006F206D6561737572652053756247487A43
:10C12800206368616E6E656C206E6F6973652E2082
:10C1380049525120636C6173682064657465637447
:10C1480065642E20457870656374656420307825B1
:10C158007820666C61672C2062757420676F742084
:10C16800307825782C207265715F696420307825D5
:10C17800780000004661696C656420746F206D6505
:10C1880061737572652053756247487A20636861E8
:10C198006E6E656C206E6F6973652E2053544D3337
:10C1A80032574C78782072657475726E65642065B4
:10C1B80072726F7220636F6465202575000000003D
:10C1C8004661696C656420746F206170706C7920B9
:10C1D8004C6F52612073796E6320776F72642E20E2
:10C1E8004572726F72202564000000004661696C18
:10C1F800656420746F20736574204C6F52612073DE
:10C20800796D626F6C2074696D656F75742E204846
:10C21800414C206572726F72202575004661696C09
:10C22800656420746F206170706C79204C6F526166
:10C238002073796D626F6C2074696D656F75742EEB
:10C24800204572726F722025640000004661696C97
:10C25800656420746F206170706C79204C6F526136
:10C26800206D6F64756C6174696F6E2070617261A6
:10C278006D732E204572726F7220256400000000D5
:10C288004661696C656420746F206170706C7920F8
:10C298004C6F5261207061636B65742070617261CC
:10C2A8006D732E204572726F7220256400000000A5
:10C2B8005F7369645F726164696F5F636F6E7665EF
:10C2C80072745F746F5F73746D3332776C78785FF4
:10C2D8006C6F72615F6D6F645F706172616D733AEC
:10C2E80020636F64696E6720726174652073656C82
:10C2F8006563746F72206973206E6F742073757034
:10C30800706F727465642C207265717565737465DD
:10C31800642043522069732030782578000000009B
:10C328005265762E20420000556E6B6E6F776E0058
:10C338005265762E204100005265762E205A000064
:10C3480053544D33325742413578000053544D33DE
:10C35800325742413678000030313233343536377F
:10C3680038396162636465666768696A6B6C6D6EAB
:10C378006F707172737475767778797A000000003F
:10C388003031323334353637383941424344454603
:10C398004748494A4B4C4D4E4F50515253545556AD
:10C3A8005758595A000000003C4E554C4C3E00006E
:10C3B800706A03080100000000000000000000008F
:10C3C800806A03080100000000000000000000006F
:10C3D800906A03080100000000000000000000004F
:10C3E800A06A030800000000000000000000000030
:10C3F800B06A030800000000000000000000000010
:10C40800000000008001000018000000000000008B
:10C4180000000000BC6A03080000000000000000E3
:10C4280000000000D46A03080000000000000000BB
:10C4380000000000000000000006000010000000DE
:10C448000000000000000000E86A03080000000087
:10C458000000000000000000106B0308000000004E
:10C468000000000000000000346B0308000000001A
:10C478000000000000000000000000008001000033
:10C48800280000000000000000000000546B0308B2
:10C49800000000000000000000000000646B0308BA
:10C4A8000000000000000000000000000000000084
:10C4B8000002000010000000000000000000000062
:10C4C80000000000FFFFFFFF5F5F777261705F721F
:10C4D80065616C6C6F63000000000101458900080C
:10C4E80060C5030868C50308400001000005000096
:10C4F8000000000000000000000000000000000034
:10C50800FFFFFFFF00000000000000000000000027
:10C518000000000000000000FFFFFFFFFFFFFFFF1B
:10C52800FFFFFFFFFFFFFFFF7C1F0020200100002F
:10C5380001000000010000004CC5030800000000D5
:10C54800000000000114141414141400000000006A
:10C5580000000000C8000000F90E020894C5030896
:10C5680000100100001BB7000000000000000000E0
:10C578007CC503082110010000000F000000000026
:10C588000C000000BC020000BC020000381D0020A6
:10C59800897D0008E81C0020797C0008806F03086A
:10C5A8000000000000000000000000000000000083
:10C5B800C014000018000000000000000000000087
:10C5C800D06F030801000000000000000000000018
:10C5D8000200000088ED00E008ED00E03991000855
:10C5E80061910008C590000881910008512563FCFD
:10C5F800C2CAB9F3849E17A7ADFAE6BCFFFFFFFFD6
:10C60800FFFFFFFF00000000FFFFFFFF4B60D22786
:10C618003E3CCE3BF6B053CCB0061D65BC86987642
:10C6280055BDEBB3E7933AAAD835C65A03000000C4
:10C6380000000000000000000000000000000000F2
:10C64800000000000000000000000000F551BF37A6
:10C658006840B6CBCE5E316B5733CE2B169E0F7C1F
:10C668004AEBE78E9B7F1AFEE242E34F96C298D8C8
:10C678004539A1F4A033EB2D817D0377F240A46303
:10C68800E5E6BCF847422CE1F2D1176B0200000046
:10C698000500000003000000FEFFFFFFF9FFFFFF99
:10C6A800FBFFFFFFFCFFFFFFFCFFFFFFFFFFFFFF9C
:10C6B800FFFFFFFFFFFFFFFF00000000000000007A
:10C6C8000000000001000000FFFFFFFF399800088C
:10C6D8005998000899970008DD9700089197000875
:10C6E80095970008F59800081199000869990008BD
:10C6F800159B0008859900082D9B0008E99A0008F9
:10C70800299A00085D9A0008459B0008A19900082D
:10C71800059A0008B1980008899A0008AD9A00089F
:10C72800CD980008D1980008E59800082525255BD4
:10C738005D5C5C25000000006410B71DC8206E3BDE
:10C74800AC30D9269041DC76F4516B6B5861B24D10
:10C758003C7105502083B8ED44930FF0E8A3D6D67A
:10C768008CB361CBB0C2649BD4D2D38678E20AA0E2
:10C778001CF2BDBD647B030800000000000000003F
:10C78800000000002CED00E028ED00E000000000B3
:10C79800010203040000000001020304010002007A
:10C7A8000400060008000A000C00100020004000E9
:10C7B80080000001080402040801010101010103CD
:10C7C8000701000050000000D000000050010000E8
:10C7D800D001000050020000D00200005003000009
:10C7E800D003000037000000000000000000000037
:10C7F8000000000009000000000000000000000028
:10C808000000000000000000000000000000000020
:10C818000000000000000242000402420008024238
:10C828000000000000000000000000000000000000
:10C83800001C0242000002420004024200080242B8
:10C8480000000000000000000000000000000000E0
:10C85800001C0242248F0308288F03082C8F03082A
:10C86800308F0308308F0308308F0308308F030898
:10C87800388F0308649103086C91030874910308C6
:10C888007C910308849103088C9103089491030810
:10C898009C91030853494430F6FFFFFFFFFFFFFF59
:10C8A800DFF6FFFFFFFFF4F5F5FFFFE5FFFFFFFFF2
:10C8B800FCFFFFF5FFFFFFF3FFFFF8FF000000009C
:10C8C8005499030800000000000000000000000068
:10C8D80000000000200600003800000000000000F2
:10C8E8000000000000000242000402420008024268
:10C8F8000000000000000000000000000000000030
:10C90800001C02422DFE010809EF0108DDF00108B4
:10C9180050000000D000000050010000D0010000CD
:10C9280050020000D002000050030000D0030000B5
:10C93800841E0000093D0000127A000024F4000063
:10C9480048E8010090D0030020A107000000000083
:10C95800B128000061510000C3A20000A4B8030878
:10C96800000000000000000000000000C4B8030838
:10C9780000000000000000000000000000000000AF
:10C9880000556F4E000000000003FF01000000008A
:10C99800000000000000000050C30000A861000073
:10C9A800000B1A000000000000000000000000005A
:10C9B800000000000000000005000000B0040000B6
:10C9C800000000000000000000000000000000005F
:10C9D8000000000000002414000000000000000017
:10C9E800000B0601000000000000000032150A00DC
:10C9F800000000000D7A0208217A0208357A020840
:10CA080000010102010202030001020104040404FE
:10CA18000000280018007A017A01000003000100D4
:10CA280003010100030201001303010004E00700F1
:10CA380004E0050014E0010004E0050104E0070338
:10CA480014E0030004E0050104E0070314E0030018
:10CA580004E0000A14E0010A14E0010A02FF0200DF
:10CA68000220DE000221D0000222B9000209CF0014
:10CA7800020AB500020C0A00020DCF00020EB50032
:10CA8800023C0B00023D0F00023E1F000224DE00A4
:10CA98000225D0000226B90002040A000205CF00D0
:10CAA8000206B50002400B0002411B0002421F00B3
:10CAB8000227F8000228DE000229D000022ABA0064
:10CAC800020F0A000210DC000211C7000212B100B6
:10CAD8000243090002440B0002450F0002461F00F2
:10CAE8000247090002480B0002490F00024A1F00D2
:10CAF800021A0500024E200002FF010002AFE50005
:10CB080002B0E50002B1E50002B2E40002560700F7
:10CB180002BE000002C0000002C2000002C4000001
:10CB280002C7010002C9030002CB060002CD0E00B5
:10CB380002CF1B0002D12F0002D34B0002D56D009B
:10CB480002D7910002D9B20002DBCE0002DDE30079
:10CB580002DFF00002E1F70002E3FB0002E5FC005F
:10CB680002FF000002680C0002DC04000284DD0001
:10CB78000258050002B1B800026E0C000209460016
:10CB8800024A040002E903000227230002F74000DA
:10CB9800028C0600028D0000028E00000281300027
:10CBA80002820200028B040012FCBC0004E00702AF
:10CBB8000293100F0295C802020A0805029802891A
:10CBC80002980000020A00000295E01E028839005F
:10CBD80002DB1F000297F00002E807000297F150FD
:10CBE8000297F0000295C0000297500002E800008A
:10CBF800029740000288310002DB00000295C21E45
:10CC08000298804B02980000027201000298804B43
:10CC1800029800000295C0000272000002931400FE
:10CC28000295D002020A061E02974186029740002A
:10CC38000222020002736D0002971214029710007C
:10CC480002736C0002220000020A00000295C00074
:10CC580012931000029300001296000002FF0000D9
:10CC68000293100F021101001237D0000293000046
:10CC7800021100001237C00013FA01001000000072
:10CC88000C0000000C0000000C0000000800000070
:10CC98000400000050010000A80000003C00000053
:10CCA800080000000800000044010000080000001F
:10CCB8002C0000002C0000002C00000020000000C8
:10CCC80024000000200000002000000020000000D8
:10CCD8002000000014000000100000000C000000FC
:10CCE8000400000004000000280000007D020A0182
:10CCF8000503090703001A000C00000001000000EA
:10CD0800000000000C0000004000000006000000C9
:10CD180053796E74617820657272200D0A00746D03
:10CD28002070687920746D6F6E616972203C6D6F38
:10CD380064653E203C6C656E3E00746D20706879B9
:10CD4800207478746D6F7574203C6D6F64653E2037
:10CD58003C74696D656F757420696E207365636FC7
:10CD68006E64733E00746D207068792070726F660F
:10CD7800696C65203C6D6F64653E203C70726F661F
:10CD8800696C653E00746D2070687920706B742042
:10CD98003C6D6F64653E207B5B46534B3A203C708C
:10CDA8007265616D626C655F6C656E3E203C707289
:10CDB80065616D626C655F6D696E5F6465746563FE
:10CDC800743E203C73796E635F776F72645F6C6545
:10CDD8006E3E203C616464725F636F6D703E203C00
:10CDE8006865616465725F747970653E203C706146
:10CDF800796C6F61645F6C656E3E203C6372635F43
:10CE0800747970653E203C726164696F5F77686908
:10CE180074656E696E675F6D6F64653E5D5B4C4FF0
:10CE280052413A203C707265616D626C655F6C6559
:10CE38006E6774683E203C6865616465725F7479EA
:10CE480070653E203C6372635F6D6F64653E203C95
:10CE5800696E766572745F69713E203C7061796CA9
:10CE68006F61645F6C656E3E5D7D00746D207068F7
:10CE780079206D6F64203C6D6F64653E207B5B4656
:10CE8800534B3A203C62723E203C666465763E20F5
:10CE98003C6D6F645F73686170696E673E203C62C9
:10CEA800773E5D205B4C4F52413A203C73663E20F2
:10CEB8003C63723E203C62773E5D7D00746D20705D
:10CEC8006879206670203C6D6F64653E203C667210
:10CED80065713E203C706F7765723E00746D2070FE
:10CEE8006879206D6F64656D203C6D6F64653E20C8
:10CEF8003B206F6E6C7920737570706F7274203080
:10CF08003A46534B20313A4C4F524100746D206CD5
:10CF18006173745F72737369205B72737369206FD6
:10CF280070745D3B20303A20616C6C2C20313A20C3
:10CF38006C617374203130207265636F7264732C76
:10CF480020323A20617667207273736900746D200D
:10CF580066686F70203C656E3E205B3C737461723E
:10CF68007420667265713E203C656E642066726549
:10CF7800713E203C73657061726174696F6E3E200A
:10CF88003C6477656C6C2074696D653E5D00746DFA
:10CF9800207363616E203C737461727420636861EE
:10CFA8006E6E656C3E203C656E64206368616E6ED3
:10CFB800656C3E203B206D696E206368616E6E650E
:10CFC8006C2030206D6178206368616E6E656C201E
:10CFD80031303900746D2070636667203C70615F82
:10CFE800647574795F6379636C653E203C68705F33
:10CFF8006D61783E203C6465766963655F73656C36
:10D008003E203C70615F6C75743E203C6578745FAF
:10D0180070615F656E3E203C74785F7077725F72F6
:10D0280061773E203C72616D705F74696D653E008A
:10D03800746D20707772203C7077723E00746D209A
:10D0480070696E67203C70746D6F64653E205B3C50
:10D058006E756D206F66206974723E203C696E693A
:10D068007469616C2064656C61793E203C706572FE
:10D07800696F643E5D00746D207374617465203C53
:10D0880076616C3E00746D206D6F64203C656E3E69
:10D09800205B7061636B65745F73706163696E6751
:10D0A80020696E206D735D205B72737369207468EC
:10D0B800726573686F6C645D205B73656E73655F22
:10D0C8006475726174696F6E2075735D205B706B37
:10D0D8007420636F756E74735D00746D2063706285
:10D0E8006C203C6370626C6D6F64653E203B203041
:10D0F8003A2064697361626C6520313A656E6162D9
:10D108006C6500746D206377203C63776D6F646590
:10D118003E203B20303A2064697361626C6520319F
:10D128003A656E61626C65006770696F2070696E40
:10D138005F74657374203C6770696F5F6E756D3ED0
:10D14800205B3C302C20313E5D007072696E7400AB
:10D158005072696E742076616C7565732066726FA3
:10D168006D2064657669636500746D0052462074AD
:10D1780065737420636F6D6D616E647300677069A9
:10D188006F004750494F207465737420636F6D6D4D
:10D19800616E64730070696E5F74657374005365C3
:10D1A800742F476574206770696F2070696E2074EA
:10D1B8006573742E00667776657273696F6E0050BA
:10D1C80072696E742046572076657273696F6E2E89
:10D1D80000706879004765742F536574207068790A
:10D1E800736963616C206C6179657220726164692E
:10D1F8006F2073657474696E67732E0063770054CB
:10D2080075726E206F6E2F6F666620636F6E74691D
:10D218006E756F75732063617272696572207761CC
:10D2280076652E006370626C005475726E206F6EA6
:10D238002F6F666620636F6E74696E756F757320E5
:10D24800707265616D626C6520776176652E006D20
:10D258006F64005475726E206F6E2F6F6666206360
:10D268006F6E74696E756F7573206D6F64756C6120
:10D278007465642074782E00737461746500536556
:10D28800742F47657420526164696F2073746174E8
:10D29800652E0053656E642050494E4720706163C7
:10D2A8006B657420666F7220726F756E6474726934
:10D2B80070205253534920746573742E007077722E
:10D2C800005365742074657374206D6F64652074F1
:10D2D8007820706F7765722E007063666700476507
:10D2E800742F536574205041206366672076616C03
:10D2F8007565732E007363616E00446F206120634F
:10D3080068616E6E656C207363616E20616E642067
:10D3180064756D7020746865206E6F69736520662A
:10D328006C6F6F722076616C7565732E0066686F1E
:10D3380070005475726E206F6E2F6F66662066726D
:10D34800657175656E637920686F7070696E6720A6
:10D35800746573742E0072657365745F72785F63A9
:10D368006F756E74657273005265736574205258D8
:10D3780020636F756E746572732E007072696E74B7
:10D388005F72785F636F756E74657273005072694F
:10D398006E7420525820636F756E746572732073B3
:10D3A800696E6365206C6173742072657365742E91
:10D3B800006C6173745F7061636B657400507269AF
:10D3C8006E7420737461747573206F66206C61735A
:10D3D80074207478206F72207278207061636B6596
:10D3E800742E006C6173745F727373690050726994
:10D3F8006E742052535349206F66206C61737420F9
:10D408007278207061636B6574732E006366675F62
:10D418007361766500536176652063757272656E17
:10D42800742074657374206D6F646520636F6E6615
:10D43800696775726174696F6E20746F20706572A8
:10D4480073697374656E742073746F7265006366B4
:10D45800675F6C6F6164004C6F61642074657374FE
:10D46800206D6F646520636F6E666967757261749D
:10D47800696F6E2066726F6D207065727369737460
:10D48800656E742073746F7265006366675F6465A8
:10D498006C6574650044656C65746520616C6C200E
:10D4A80074657374206D6F646520636F6E66696759
:10D4B80075726174696F6E2066726F6D2070657227
:10D4C80073697374656E742073746F7265006D6F21
:10D4D80064656D005365742F4765742063757265C4
:10D4E8006E74206D6F64656D206D6F64652E0066C7
:10D4F80070005365742F476574204672657120501B
:10D508006F7765722073657474696E677320666FD0
:10D5180072206D6F64656D206D6F64652E005365B4
:10D52800742F476574204D6F64756C6174696F6EF4
:10D5380020706172616D732E00706B740053657496
:10D548002F476574205061636B6574207061726148
:10D558006D732E0070726F66696C65005365742F69
:10D56800476574204D6F64756C6174696F6E2070C7
:10D57800726F66696C6520706172616D732E0063ED
:10D588006164005365742F476574204C6F72612085
:10D5980043616420706172616D732E007478746DDC
:10D5A8006F7574005365742F476574204D6F6465FB
:10D5B8006D2074782074696D656F75742076616C60
:10D5C8007565732E00746D6F6E61697200476574BE
:10D5D8002074696D65206F6E2061697220666F72B4
:10D5E800206120676976656E207061636B657420C1
:10D5F8006C656E6774682E004E6F2073706163658A
:10D6080020617661696C61626C6520666F72206268
:10D618007566666572206F662073697A6520257560
:10D628002066616C6C696E67206261636B20746F41
:10D6380020257500434C4920656E74727920697302
:10D6480020746F6F206C617267652025752C2074BB
:10D6580072756E636174696E670073746172746960
:10D668006E67206173645F72746F735F636C6920A7
:10D678006C6F6F70002D2D3E200053796E746178A9
:10D68800206572726F722C206F766572666C6F7788
:10D698002076616C756520666F7220257300496E6F
:10D6A80076616C696420706172616D657465722061
:10D6B800666F722025730D0A0053796E74617820A5
:10D6C8006572726F720D0A00496E76616C6964202A
:10D6D800646961676E6F737469637320636F6D6DDE
:10D6E800616E64004D4F44454D5F4D4F44450050B9
:10D6F8004F574552004269745F5261746500467223
:10D7080065715F446576696174696F6E004D6F6419
:10D718005F53686170696E670042616E647769641F
:10D728007468004D6F645F53686170696E670D0AB5
:10D738000042616E6477696474680D0A0053707200
:10D74800656164696E675F466163746F7200436FF9
:10D7580064696E675F5261746500537072656164D5
:10D76800696E675F466163746F720D0A00436F6488
:10D77800696E675F526174650D0A0043616E6E6F72
:10D788007420736574206D6F64756C6174696F6E55
:10D7980020706172616D7300507265616D626C65B5
:10D7A8005F6C656E67746800507265616D626C6568
:10D7B8005F6465746563740053796E63776F726430
:10D7C8005F6C656E677468004164647220436F6DB6
:10D7D8007000416464725F436F6D70004845414456
:10D7E80045525F54595045005061796C6F61645FD0
:10D7F8006C656E677468004352435F5479706500C6
:10D8080057686974656E696E675F54797065005012
:10D818005245414D424C455F4C454E004352435F93
:10D828005459504500494E564552545F495100439A
:10D83800616E6E6F7420736574207061636B6574BC
:10D8480020706172616D730050524F46494C455FBC
:10D858004E554D00496E76616C69642070726F6632
:10D86800696C65206E756D62657220256420666F2F
:10D8780072206D6F64756C6174696F6E00466561C6
:10D8880074757265204E6F7420537570706F727462
:10D898002021004341445F53594D424F4C204E557F
:10D8A8004D004341445F45584954204D4F4445007D
:10D8B8004341445F444554454354205045414B003F
:10D8C8004341445F444554454354204D494E004329
:10D8D80041445F54494D454F55540043616E6E6F46
:10D8E8007420736574204C6F52612043414420704A
:10D8F8006172616D657465727300435700435042ED
:10D908004C00454E41005061636B65745F53706114
:10D9180063696E67005468726573686F6C6400535E
:10D92800656E73655F54696D65005061636B6574FE
:10D938005F436F756E74730053746174650043754B
:10D948007272656E7420726164696F207374617499
:10D95800652025640050696E675F4D6F6465004EF1
:10D96800554D5F4F465F495445524154494F4E000B
:10D97800494E495449414C5F44454C415900504532
:10D9880052494F445F494E5F5345430053544152F7
:10D99800545F4348414E4E454C00454E445F434812
:10D9A800414E4E454C0053544152545F46524551E6
:10D9B80000454E445F46524551005365706172619F
:10D9C80074696F6E004457454C4C5F54494D45008F
:10D9D80025642E25642E25642D25642028726576FD
:10D9E8002E20253278290053494420446961676E06
:10D9F8006F73746963732C207625642E00646961E3
:10DA0800675F7068795F73746172745F74783A20C5
:10DA18005478205374617274204661696C2E2073A7
:10DA2800746174757320256400646961675F706848
:10DA3800795F73746172745F74783A2054782053F4
:10DA480074617274204661696C2E20726574202599
:10DA580064002534642C00556E61626C6520746F17
:10DA680020636F6D70757465206176657261676596
:10DA78002052535349202D206E6F207061636B65CF
:10DA880074732072656365697665642E00417667F4
:10DA98002052535349206F766572206C617374204D
:10DAA80025346C75207061636B657473203D202587
:10DAB800346C6400726E65742070687920726164D9
:10DAC800696F20696E6974206661696C6564203DC0
:10DAD8002030782530327800747820706B743A20C2
:10DAE80025730043616E6E6F7420737461727420C5
:10DAF8007265636569766520696E202573206D6F90
:10DB0800646500747820646F6E652028256C75291B
:10DB18000053776974636820667265713A20256CD2
:10DB2800692C2074696D65206F6E206169723A25D1
:10DB38006C750043616E6E6F742073657420667235
:10DB4800657175656E637920746F20256C7500505A
:10DB5800696E672073656E7420256C7500506F6E52
:10DB6800672073656E7420256C75007278206F7657
:10DB78006572666C6F7700727820646F6E65202816
:10DB8800256C75292C206C656E3A25642C206176ED
:10DB9800675F727373693A25642C20727373693AEC
:10DBA80025642C20736E723A2564200072782070E8
:10DBB8006B743A20257300727820646F6E65202894
:10DBC800256C75292C206C656E3A25642C2072739F
:10DBD80073693A25642C20736E723A256400506F7D
:10DBE8006E6720726563656976656420256C7500CB
:10DBF80050696E6720726563656976656420256C77
:10DC080075005258206572720054582074696D6509
:10DC18006F75740052582074696D656F757400755E
:10DC28006E6B6E6F776E206576656E7420726563B5
:10DC38006569766564202D202564007061636B65D5
:10DC48007420207374617475733A206C656E3A257C
:10DC5800642C206176675F727373693A25642C209F
:10DC6800727373693A25642C20736E723A256420A6
:10DC7800007061636B657420636F6E74656E743ACF
:10DC8800202573005458207061636B6574733A20C3
:10DC9800256C75005258207061636B6574733A2067
:10DCA800256C7500525820206572726F72733A2085
:10DCB800256C75006D61632074696D657220696EED
:10DCC8006974206661696C65640070696E672070AC
:10DCD8006F6E672074696D657220696E697420665D
:10DCE80061696C6564004465666572726564207478
:10DCF800782074696D657220696E6974206661693F
:10DD08006C65640050494E472D504F4E472049548A
:10DD180045524154494F4E5320256C750050494E89
:10DD2800472053454E5420256C7500504F4E4720D0
:10DD3800524543454956454420256C750050494E87
:10DD480047205458204641494C454420544F2053BD
:10DD5800454E4420256C7500504F4E4720525820A0
:10DD68004641494C454420544F2052454345495665
:10DD78004520256C7500504F4E472053454E542082
:10DD8800256C750050494E47205245434549564534
:10DD98004420256C7500504F4E472054582046416A
:10DDA800494C454420544F2053454E4420256C751A
:10DDB8000050494E47205258204641494C4544207E
:10DDC800544F205245434549564520256C7500540B
:10DDD80078206D6F64206F6666005478206D6F64DC
:10DDE800206F6E2C207061636B65745F7370616364
:10DDF800696E673D256C646D732C20746872657359
:10DE0800686F6C643D25642C2073656E73655F7460
:10DE1800696D653D256C647573742C20706B745F37
:10DE2800636F756E74733D256C64005478206D6F54
:10DE380064206F6E2C207061636B65745F73706112
:10DE480063696E673D256C646D732C207468726518
:10DE580073686F6C643D25642C2073656E73655F11
:10DE680074696D653D256C647573004C6F52410093
:10DE780043616E6E6F7420736574206D6F64656D99
:10DE8800206D6F646520746F2025750043616E6E88
:10DE98006F7420736574206D6F64656D206D6F6499
:10DEA8006520746F2025730057726974696E672046
:10DEB80054657374204D6F646520636F6E6669677F
:10DEC80075726174696F6E20746F20706572736902
:10DED8007374656E742073746F7265004661696C43
:10DEE800656420746F207772697465202573002E2D
:10DEF8002E2E20736176656420257300436F6E664D
:10DF0800696775726174696F6E206E6F74206D6FCA
:10DF1800646966696564202D206E6F7468696E6730
:10DF280020746F20777269746520746F2073746F22
:10DF3800726167652100436865636B696E6720706D
:10DF4800657273697374656E742073746F7265207B
:10DF5800666F722074657374206D6F646520636FDB
:10DF68006E66696775726174696F6E002E2E2E2059
:10DF7800676F74202573004D6F64656D204D6F6465
:10DF880065203D2025730046534B204652455120BD
:10DF98003D20256C64004C4F52412046524551208B
:10DFA8003D20256C640046534B20545820504F5751
:10DFB8004552203D202564004C4F524120545820A2
:10DFC800504F574552203D2025640046534B204D65
:10DFD8004F44554C4154494F4E20504152414D53A6
:10DFE800004249542052415445203D20256C64008C
:10DFF8004652455120444556203D20256C64004D2D
:10E008004F44205348415050494E47203D202564F5
:10E018000042414E445749445448203D202564005D
:10E028004C4F5241204D4F44554C4154494F4E207E
:10E03800504152414D5300535052454144494E4777
:10E0480020464143544F52203D20256400434F440D
:10E05800494E472052415445203D202564004653EF
:10E068004B205041434B455420504152414D5300A1
:10E07800505245414D424C45204C454E475448204E
:10E088003D20256400505245414D424C45204D49A4
:10E098004E20444554454354203D2025640053599F
:10E0A8004E4320574F5244204C454E475448203D3C
:10E0B800202564004144445220434F4D50203D20C8
:10E0C8002564004845414445522054595045203D57
:10E0D800202564005041594C4F4144204C454E473F
:10E0E8005448203D2025640043524320545950454C
:10E0F800203D20256400524144494F205748495447
:10E10800454E494E47204D4F4445203D202564004B
:10E118004C4F5241205041434B45542050415241AD
:10E128004D5300435243204D4F4445203D20256424
:10E1380000494E56455254204951203D202564003F
:10E148004C4F52412043414420504152414D5300CD
:10E158004341442053594D424F4C204E554D2020A9
:10E168003D20256400434144204445544543542000
:10E178005045414B203D20256400434144204445FF
:10E1880054454354204D494E20203D2025640043EA
:10E1980041442045584954204D4F44452020203DB6
:10E1A800202564004341442054494D454F5554208F
:10E1B800202020203D20256C640046534B205458D5
:10E1C8002054494D454F5554203D20256C64004C42
:10E1D8004F52412054582054494D454F5554203DE5
:10E1E80020256C640046534B2054494D454F4E4101
:10E1F800495220464F52205041434B4554204C45EC
:10E208004E475448202564203D20256C64004C4F1F
:10E2180052412054494D454F4E41495220464F5294
:10E22800205041434B4554204C454E4754482025E7
:10E2380064203D20256C640046534B204D4F4455C7
:10E248004C4154494F4E20504152414D5320505259
:10E258004F46494C452025643A0042697420726152
:10E2680074652073657474696E67206973206E6FB6
:10E278007420737570706F7274004357206F6E004E
:10E288004357206F6666004350424C206F6E004330
:10E2980050424C206F6666005375636365737366FE
:10E2A800756C6C792073657420547820706F77656D
:10E2B8007220746F2025640063616E6E6F74207322
:10E2C800657420547820706F77657220746F2025EC
:10E2D800642072616E6765206973206D696E203DE8
:10E2E800202564206D6178203D20256400457272E8
:10E2F8006F723B20496E76616C6964207261646953
:10E308006F207374617465207265717565737465C7
:10E31800640050494E4700504F4E470073746F7069
:10E3280070696E672070696E6720706F6E67207401
:10E338006573740050494E472053454E5420256C50
:10E348006400504F4E4720524543454956454420A6
:10E35800256C640050494E47205458204641494C8A
:10E36800454420544F2053454E4420256C640050AA
:10E378004F4E47205258204641494C454420544F5F
:10E38800205245434549564520256C6400504F4E60
:10E39800472053454E5420256C640050494E472071
:10E3A800524543454956454420256C6400504F4E1C
:10E3B80047205458204641494C454420544F205347
:10E3C800454E4420256C640050494E472052582041
:10E3D8004641494C454420544F20524543454956EF
:10E3E8004520256C64005374617274696E6720500F
:10E3F800696E6720506F6E67207465737420696E4C
:10E40800202573206D6F646520666F7220256C640B
:10E4180020697465726174696F6E732077697468B6
:10E4280020696E697469616C2064656C6179206F1C
:10E438006620256C64207365637320616E642070A8
:10E448006572696F646963697479206F6620256CE9
:10E458006420736563730046726571486F70204F5E
:10E468006666004572726F723A20436F756C64205D
:10E478006E6F742067656E657261746520686F7071
:10E488002066726571207461626C65004672657100
:10E49800486F70204F6E005374617274696E672004
:10E4A8006368616E6E656C206E6F697365206D655B
:10E4B80061737572656D656E7473202564202564BB
:10E4C800004368616E6E656C5B25645D204672650D
:10E4D8007120256C64487A204E6F697365203D2051
:10E4E800256464426D00456E64696E6720636861E7
:10E4F8006E6E656C206E6F697365206D65617375EE
:10E5080072656D656E74730050726F66696C652014
:10E518002564206973206E6F7420737570706F7234
:10E528007400504859204D4F44454D0050485920DB
:10E53800465000504859204D4F442046534B0050F8
:10E548004859204D4F44204C4F52410050485920C3
:10E55800504B542046534B0050485920504B5420A0
:10E568004C4F5241004D4F44554C4154494F4E0079
:10E578004750494F2070696E20256C642064697289
:10E58800656374696F6E206572726F72005265619F
:10E59800642070696E20256C64203D202564004746
:10E5A80050494F2070696E20256C64206572726F27
:10E5B800720057726974652070696E20256C64203A
:10E5C8003D202564007B43455254203C25733E7D05
:10E5D800007B43455254204552524F522025647DBA
:10E5E800007B43455254204F4B7D00636572742075
:10E5F800636861696E20636F6D6D6974006365722D
:10E6080074206170705F6B65792073746172740037
:10E618006365727420636861696E207772697465D6
:10E62800203C626173653634737472696E673E00AC
:10E6380063657274206170705F6B657920777269A9
:10E648007465203C626173653634737472696E67F1
:10E658003E006564323535313900703235367231F5
:10E66800006365727420636861696E2073746172F7
:10E6780074203C63757276653E0063657274206130
:10E6880070705F6B657920636F6D6D697400636589
:10E6980072742073746F726500636572742063739B
:10E6A80072203C63757276653E002D50524F44557A
:10E6B8004354494F4E006365727420736D736E2026
:10E6C8003C6465766963655F747970653E203C6477
:10E6D800736E3E203C617069643E0063657274200D
:10E6E8006465696E6974007B434552542042415306
:10E6F8004536345F4D54553D25647D00636572741D
:10E7080020696E69740063657274004F6E2D4465EC
:10E7180076696365204365727469666963617465C7
:10E728002047656E65726174696F6E20636F6D6DE9
:10E73800616E647300496E697469616C697A6174A9
:10E74800696F6E206F66204F6E2D4465766963652C
:10E758002043657274696669636174652047656EF4
:10E7680065726174696F6E206C696272617279009A
:10E778004465696E697469616C697A6174696F6E00
:10E78800206F66204F6E2D4465766963652043656A
:10E798007274696669636174652047656E65726144
:10E7A80074696F6E204C69627261727900736D735F
:10E7B8006E0047656E65726174652053696465779C
:10E7C800616C6B204D616E75666163747572696EFC
:10E7D800672053657269616C204E756D62657220A1
:10E7E80028534D534E29006373720047656E657256
:10E7F8006174652043657274696669636174652034
:10E808005369676E696E6720526571756573742008
:10E81800284353522900636861696E00577269740E
:10E8280065205369646577616C6B20436572746910
:10E8380066696361746520436861696E0061707020
:10E848005F6B6579005772697465206170706C69D7
:10E85800636174696F6E20736572766572204544D2
:10E868003235353139207075626C6963206B657992
:10E87800005072696E7420636572746966696361B9
:10E8880074657320646174610056657269667920E5
:10E89800616E642073746F72652053696465776173
:10E8A8006C6B206365727469666963617465730073
:10E8B800737461747573005665726966792063654F
:10E8C80072746966696361746573207072657365D3
:10E8D8006E7420696E20666C61736800617069648B
:10E8E8000064746964005374617274207772697487
:10E8F800696E67206F662061707020736572766537
:10E90800722045443235353139207075626C69633F
:10E91800206B657900777269746500577269746550
:10E92800206461746120667261676D656E7420741D
:10E938006F2061707020736572766572204544326D
:10E9480035353139207075626C6963206B657900E3
:10E95800436F6D6D69742070726576696F75736C3D
:10E9680079207772697465642061707020736572AC
:10E978007665722045443235353139207075626CC0
:10E988006963206B657900537461727420777269CA
:10E9980074696E67206F66205369646577616C6B74
:10E9A80020436572746966696361746520436861B0
:10E9B800696E0057726974652064617461206672BB
:10E9C80061676D656E7420746F2053696465776143
:10E9D8006C6B204365727469666963617465204372
:10E9E8006861696E00436F6D6D6974207072657639
:10E9F800696F75736C7920777269746564205369DF
:10EA0800646577616C6B20436572746966696361DC
:10EA1800746520436861696E0043616E6E6F74208F
:10EA2800736574206D6F64656D206D6F6465207407
:10EA38006F204C6F52610043616E6E6F7420736576
:10EA480074204C6F5261206D6F64756C6174696FCE
:10EA58006E20706172616D730043616E6E6F742019
:10EA6800736574206D6F64656D206D6F64652074C7
:10EA78006F2046534B0043616E6E6F74207365744C
:10EA88002046534B206D6F64756C6174696F6E20FE
:10EA9800706172616D730047656E65726174696E4D
:10EAA80067207461626C653A2073746172743D25E5
:10EAB8006C752C20656E643D256C752C2073706117
:10EAC80063653D256C75006477656C6C2074696DB1
:10EAD800653A2025750D0A0043757272656E7420BB
:10EAE80074696D6520696E70757420746F20726129
:10EAF8006E646F6D206E756D6265722067656E65F8
:10EB08007261746F72202D20256C75200D0A0068C3
:10EB18006F705F7461626C655B25645D203D2025C4
:10EB28006400546F74616C206368616E6E656C7309
:10EB3800203D20256C752C20686F705F6368616EBE
:10EB48006E656C73203D20257500202C0D0A00226F
:10EB5800005061727469616C206D61746368206330
:10EB68006F6D6D616E64282573290D0A0025733A4F
:10EB7800202573200D0A002573206973206E6F7499
:10EB880020612076616C696420636F6D6D616E64CD
:10EB98002C2068656C7020666F7220252E2A733AC7
:10EBA8000D0A002573206661696C65642066756EC0
:10EBB8006374696F6E2063616C6C2C2068656C707F
:10EBC8003A0D0A004E6F7420656E6F756768206194
:10EBD8007267733B20636F6D6D616E647320666F3F
:10EBE800722025733A0D0A005369646577616C6B6E
:10EBF80020506C6174666F726D20496E697420656F
:10EC080072723A202564005369646577616C6B20E1
:10EC18004B562073746F726520696E697420657233
:10EC2800723A202564005369646577616C6B2049EA
:10EC38006E69742043727970746F2048414C206566
:10EC480072723A202564005369646577616C6B20A1
:10EC580053574920696E6974206661696C20657232
:10EC6800723A20256400303132333435363738393A
:10EC7800414243444546002C2066756E6374696FB3
:10EC88006E3A2000617373657274696F6E20222575
:10EC98007322206661696C65643A2066696C652038
:10ECA800222573222C206C696E6520256425732526
:10ECB800730A005245454E54206D616C6C6F632099
:10ECC800737563636565646564002F6275696C6458
:10ECD8002F676E752D746F6F6C732D666F722D7341
:10ECE800746D33325F31342E332E72656C312E32AF
:10ECF800303235313032372D303730302F73726340
:10ED08002F6E65776C69622F6E65776C69622F6C00
:10ED18006962632F7374646C69622F72616E642E0A
:10ED28006300232D302B2000686C4C006566674516
:10ED3800464700303132333435363738396162630B
:10ED48006465660052D1030858D10308000000002A
:10ED5800ACED030871D1030874D10308000000006A
:10ED6800CCED030885D103088AD103080000000010
:10ED78008CED030800000000000000000000000007
:10ED8800000000009DD10308A6D10308010000007F
:10ED9800D1EA0208000000000000000000000000A6
:10EDA80000000000BDD10308C7D10308010000001E
:10EDB800D1E602080000000000000000000000008A
:10EDC80000000000D9D10308DDD1030800000000CD
:10EDD800ECEE030804D2030807D203080100000080
:10EDE80095EA02082CD2030831D20308010000007A
:10EDF80059EA020857D203085BD203080100000051
:10EE080019EA020880D2030886D20308010000002C
:10EE1800DDE902081CD703089BD2030801000000A3
:10EE2800A1E90208C5D20308C9D2030801000000FD
:10EE380065E90208E1D20308E6D2030801000000F0
:10EE480029E90208FDD2030802D3030801000000E3
:10EE5800EDE8020835D303083AD30308010000009F
:10EE6800B1E802085ED3030870D30308010000006C
:10EE7800C1E6020883D3030895D303080100000004
:10EE8800B1E60208B9D30308C5D30308010000009E
:10EE9800A1E60208EBD30308F5D30308010000003C
:10EEA80075E8020814D403081DD403080100000003
:10EEB80091E6020856D403085FD403080100000055
:10EEC80081E6020892D403089DD4030801000000DB
:10EED80071E60208000000000000000000000000C9
:10EEE80000000000D6D40308DCD4030801000000A9
:10EEF80039E80208F7D40308FAD40308010000002F
:10EF0800FDE7020857D2030826D5030801000000D0
:10EF1800C5E7020841D5030845D5030801000000EC
:10EF28008DE702085CD5030864D5030801000000DA
:10EF380055E7020887D503088BD5030801000000B0
:10EF48000DEB0208A4D50308ACD5030801000000A6
:10EF58001DE70208CDD50308D5D503080100000038
:10EF6800E1E60208000000000000000000000000C8
:10EF78000000000036C500203200000035C5002022
:10EF880001000000ED0C03082AE5030834C5002041
:10EF98003300000028C500200C000000F51203080B
:10EFA80034E5030824C500203400000018C50020FB
:10EFB8000C000000610C03083BE5030814C50020A1
:10EFC8003500000011C5002003000000950B030860
:10EFD80047E5030810C500203600000000C50020E2
:10EFE80010000000890C030854E50308FCC4002045
:10EFF80037000000F6C4002006000000C10C03081A
:10F0080060E50308F4C4002038000000E0C40020D4
:10F0180014000000B90B03086DE503080EE70308A8
:10F0280013E703080000000044F003080000000094
:10F0380000000000000000000000000009E70308CD
:10F048003DE70308010000000D1E0308E8E6030879
:10F0580078E7030801000000BD1D0308B5E70308B1
:10F06800BAE7030801000000ED1C0308EFE70308F6
:10F07800F3E70308010000003D1C03081EE803082D
:10F0880024E803080000000064F1030845E80308C9
:10F098004DE803080000000024F1030852D10308DA
:10F0A80079E8030800000000E4F003088CD40308A2
:10F0B80091E8030801000000D11B0308B8E8030821
:10F0C800BFE8030801000000651B030800000000FA
:10F0D800000000000000000000000000E4E8030851
:10F0E80025CD030801000000B9170308E9E8030863
:10F0F80025CD030801000000B317030845E80308FD
:10F1080025CD030801000000AD170308000000002A
:10F1180000000000000000000000000012E60308E4
:10F12800EEE8030801000000511803081DE9030870
:10F1380023E90308010000006D190308FEE5030830
:10F1480058E9030801000000D91A0308000000006C
:10F1580000000000000000000000000012E60308A4
:10F168008FE90308010000001D1A03081DE90308C0
:10F17800BBE9030801000000B5180308FEE5030811
:10F18800EDE9030801000000C117030800000000B2
:10F19800000000000000000000000000414243445D
:10F1A80045464748494A4B4C4D4E4F50515253548F
:10F1B80055565758595A6162636465666768696A43
:10F1C8006B6C6D6E6F707172737475767778797A0F
:10F1D800303132333435363738392B2F00000000C0
:08F1E80000000000000000001F
:10F1F000040000000100000000000000000000000A
:10F20000FFFFFFFFFFFFFFFFFFFFFFFFFEFFFFFF0F
:10F21000000000003C14A918D430E77901B6ED5F76
:10F22000FC95BA75102562772B73FB79C65537A507
:10F23000765F90180A5695CE5753F2DD5CE419BA02
:10F24000E4B84A8B25F321DD8886E8D2855D8825E0
:10F2500018FF7185E0440867C9A7D8529DA268EFDE
:10F26000DC3BE3006173DB4B48283D0F4D30C5911B
:10F2700021C8225225FC73DF44296DEA1BC85502C0
:10F28000550F4CA0A888E4EF97DCAC29DE60A58080
:10F290008F152EBE73E6132BEE1185FC24ED03D1E2
:10F2A000EE8DC5FFB8997EEA3A522210178AFC4AC1
:10F2B00039EA438F0B3DF3C5BC2D4E8F8116AAD082
:10F2C000FA99C03BF19DFF79417BBBFFC4578BD5B9
:10F2D0009DE00D18A5CDD18B52074356A5ED058EA7
:10F2E0007F570718E99668959B699C09B5EFF0F17F
:10F2F0003D09D6831C0697ED7EF15AEF3C4C0D0379
:10F30000B877B93539942249A275FA815DD3B6A090
:10F310007020A2F5F11CF87465534C815B06200146
:10F32000F7AF0BE3212613155612AE808807A836D7
:10F33000CBB8D216CA0BC5EC9746D13321DDAE1738
:10F34000B0DFA91966F7C3EDC7BC3F52FD5ACFB273
:10F35000DDE64D9C6D9F0DCFE6A9055321B0A98137
:10F360002F173958CF87C675DDA4A7CC2FE24B8461
:10F370003E9BD536E9531A11627ECECAA1F363F0E3
:10F38000D443C891DA12A80DF0E577BF76317F43F8
:10F390009CAF640E7D5107CFBB68D5DBB93068BA2E
:10F3A000A2FB1A2FA6C2C4E67C80B615EF6A96E4CB
:10F3B000BCEAC791E6B6B2D61BEA6D714B5BF81991
:10F3C000D1438C242A5E314A60FDDC160B3D2BC7ED
:10F3D00003D3FD15D5DFB742F4F90BE42A4F932D83
:10F3E000F38936670BF5A630B4BE14834EC66E970C
:10F3F000BCF27AD1F1DDE71E4F6CF6393C37EA6892
:10F400008BE1687F86B1D053F2C16651148FE57BE2
:10F4100001A6DD957430914256E35A0DB142A548DC
:10F42000271B49552A7310B365A69C46C14C1A5F29
:10F43000521D59293F984FB86B5B6FE7E1845F9F7E
:10F4400041EF7EBE89A1BA8096D400122C33EF180A
:04F450001F5576636B
:08F45400E878FC7F01000000D4
:04F45C00850100081E
:04F46000610100083E
:10F464000000000000000000000000000000000098
:10F474000000000000000000000000000000000088
:10F484000000000000000000000000000000000078
:10F494000000000000000000000000000000000068
:10F4A4000000000000000000000000000000000058
:10F4B4000000000000000000000000000000000048
:10F4C4000000000000000000000000000000000038
:10F4D400140F0020F402000002000000A007002026
:10F4E400010000009001000002000000C8000000BC
:10F4F400FFFFFF7F0000000000000000000000206C
:10F5040000000000000000000000000000040000F3
:10F5140000000000000000000010000007000000D0
:10F524000000000000002000F000000000000000C7
:10F534000000000000000000002000B400000000F3
:10F5440000000000000000000000000000000000B7
:10F5540001000000B71D00000800000000000000CA
:10F564000000000000000000030000000201000091
:10F574000000000000000000000000000000000087
:10F584000000000000000000000000000000000077
:10F594000000000000000000000000000000000067
:10F5A4000000000000000000000000000C0000004B
:10F5B40000100246E8030000003002400000000092
:10F5C4000000000000000000000000000000000037
:10F5D4000000000000000000000000004060024045
:10F5E4000100000000000000006002400100000073
:10F5F40000000000F02600200024F40010000000A9
:10F60400AAAAAAAA00000000C8080020C80800206E
:10F6140027000000000000000000000002000000BD
:10F6240004000000FFFF000002FF020002629000DD
:10F634000265C10002668900026789000268EE0063
:10F644000269F200026A8000026B3600026CA100BB
:10F65400026DC200026ED70012FF0000000000001D
:10F664000000000000000000000000000000000096
:10F674000000000000000000000000000000000086
:10F684000000000000000000000000000000000076
:10F694000000000000000000000000000000000066
:10F6A4000000000000000000000000000000000056
:10F6B4000000000000000000000000000000000046
:10F6C4000000000000000000000000000000000036
:10F6D4000000000000000000000000000000000026
:10F6E4000000000000000000000000000000000016
:10F6F4000000000000000000000000000000000006
:10F7040000000000000000000000000000000000F5
:10F7140000000000000000000000000000000000E5
:10F7240000000000000000000000000000000000D5
:10F7340000000000000000000000000000000000C5
:10F744000000000000000000027D00000295C802D5
:10F75400020A080502960700029802220298000095
:10F76400020A00000295C400020A08000250780050
:10F774000298018702980000020A000002507000FB
:10F784001295C000032D01001304010002FF0200C2
:10F7940002C9230002CA230002CB230002CC2300A7
:10F7A40002CD230002CE230002CF230002D0230087
:10F7B40002D1230002D2230002D3230002D4230067
:10F7C40002D5230002D6230002D7230002D8230047
:10F7D40002D9230002DA230002DB230002DC230027
:10F7E40002DD230002DE230002DF230002E0230007
:10F7F40002E1230002E2230002E3230002E42300E7
:10F8040002E5230002E6230002E7230002E82300C6
:10F8140002E9230002EA230002EB230002EC2300A6
:10F8240002ED230002EE230002EF230002F0230086
:10F8340002A11C0002A21C0002A31C0002A41C00C2
:10F8440002A51C0002A61C0002A71C0002A81C00A2
:10F8540002A91C0002AA1C0002AB1C0002AC1C0082
:10F8640002AD1C0002AE1C0002AF1C0002B01C0062
:10F8740002B11C0002B21C0002B31C0002B41C0042
:10F8840002B51C0002B61C0002B71C0002B81C0022
:10F8940002B91C0002BA1C0002BB1C0002BC1C0002
:10F8A40002BD1C0002BE1C0002BF1C0002C01C00E2
:10F8B40002C11C0002C21C0002C31C0002C41C00C2
:10F8C40002C51C0002C61C0002C71C0012C81C0092
:10F8D40004E007001293100F0272000002750C007E
:10F8E4000249000002630800046007000293180242
:10F8F400020A0814029358000265150F04600700F9
:10F90400146007000272010002750400024902003B
:10F91400026308000460070002931802020A081434
:10F92400029358000265150F046007001460070075
:10F934000272020002750C00024900000263080012
:10F944000460070002931802020A08140293580084
:10F954000265150F046007001460070002650505C1
:10F9640002931800020A00000293000002630800D8
:10F9740002B86A0002BB2A0014E003000265050510
:10F9840002931800020A00000293000002630800B8
:10F9940002B86A0002AC000002BB2A0014E00300B3
:10F9A400046007000265050502931800020A0000BE
:10F9B40002931000026308000249020014E00300ED
:10F9C4000272000002B2FF0004E007000293140F69
:10F9D40002933C02020A061E04E0070014E007003A
:10F9E4000272010002B2FF0004E007000293140F48
:10F9F40002933C02020A061E04E0070014E007001A
:10FA04000272020002B2FF0004E007000293140F26
:10FA140002933C02020A061E04E0070014E00700F9
:10FA240004E00700020A00000293100004E003004F
:10FA340012B2CF00127D0001125900002001000013
:10FA44000600000000FF00000000000000000000AD
:10FA540000000000000000000000000000000000A2
:10FA64000000000000000000000000000000000092
:10FA74000000000000000000000000000000000082
:10FA84000000000000000000000000000000000072
:10FA94000000000000000000000000000000000062
:10FAA4000000000000000000000000000000000052
:10FAB40000000000082928272625242322222324A5
:10FAC400252627282900000009460308960000007F
:10FAD40001000000020001000064000000000000BA
:10FAE40000000000000000000000000000FB1E36C3
:10FAF40014556F4E000000000000FF0100000000DC
:10FB0400404B4C000000000050C30000A8610000FE
:10FB140000091A00320004030000FA00000000008B
:10FB240001000000B0FFB00405000000B0040000B4
:10FB340000000000000000000101000000000000BF
:10FB4400A03BFC36140024140D000000404B4C0074
:10FB540001070602FA0000000100000002150A0075
:10FB6400000000000300000000000000030000008B
:10FB740038D00020380E00200000000038D00020CB
:10FB8400A0D0002008D100200000000000000000E8
:10FB94000000000000000000000000000000000061
:10FBA4000000000000000000000000000000000051
:10FBB4000000000000000000000000000000000041
:04FBC400000000003D
:10FBC800000000000000000000000000000000002D
:10FBD800000000000000000000000000000000001D
:10FBE800000000000000000000000000000000000D
:040000050800D2E13C
:00000001FF
