:020000040800F2
:1000000010070020C5790008DD7200087973000828
:100010007B7300087D7300087F730008E976000891
:1000200000000000000000000000000081730008D4
:1000300083730008000000008573000887730008C0
:10004000E9760008E9760008E9760008E976000814
:10005000E9760008E9760008E9760008E976000804
:10006000E9760008E9760008E9760008E9760008F4
:10007000E9760008E9760008E9760008E9760008E4
:10008000E9760008E9760008E9760008E9760008D4
:10009000E9760008E9760008E9760008E9760008C4
:1000A000E9760008E9760008E9760008E9760008B4
:1000B000E9760008E9760008E9760008E9760008A4
:1000C000E976000891730008E9760008E9760008EF
:1000D000E9760008E9760008E9760008E976000884
:1000E000E9760008E9760008E9760008E976000874
:1000F000E9760008E9760008A1730008E9760008AF
:10010000E9760008E9760008E9760008E976000853
:10011000E9760008E9760008E9760008E976000843
:10012000E9760008E9760008E9760008E976000833
:10013000E9760008E9760008E9760008E976000823
:10014000E9760008E9760008E9760008E976000813
:10015000E9760008E9760008E9760008E976000803
:1001600010B5054C237833B9044B13B10448AFF3F1
:1001700000800123237010BD300800200000000023
:1001800054BF000808B5034B1BB103490348AFF344
:10019000008008BD000000003408002054BF0008A3
:1001A00010B5040010461A4618BF00290AD00028CE
:1001B00018BF002A06D021610146204602F06BFDDF
:1001C000014B636110BD00BFFEAF1C5E10B50400A3
:1001D00007D002F0A4FD20461821BDE810400BF026
:1001E0005FBE10BD002810B518BF002901D1012045
:1001F00010BD002444618161C2610362002010BD12
:1002000002469069D36900684168006802F07EBCCC
:10021000C16902F002BD70B50546E8690E461422B8
:1002200002F049FD040049D1316800200861AA6943
:1002300010680368E8691A6803F0E4FF040038D125
:10024000A869016830680A6800F10801E869126865
:1002500003F0D8FF040028D1A86931684268D36947
:10026000032B30D00068091D0268E869126803F0AA
:10027000C9FF040013D1A86931684268D369022B11
:100280001ED100680C310268E869126803F0BAFFF9
:10029000040013D03068011DE86903F0BEFF306828
:1002A00000F10801E86903F0B8FF3168E86903F07C
:1002B000B4FFE8691422314602F01CFD204670BDEF
:1002C0000020C860FAE700224A60CA60F6E770B50D
:1002D0000C460025002C06461ABF20680028012580
:1002E00023D0B1694A68D369022B04D100F10C0113
:1002F000F06903F092FFB0694168C869032804D02F
:100300002168F069091D03F088FF206800F10801E9
:10031000F06903F082FF2168F06903F07EFFF06965
:100320001422214602F0E6FC2560284670BD00003C
:10033000F8B50F4600251646002F044618BF002EBC
:100340000BD0396800291CBFB868002805D0326876
:10035000002A1CBFB068002801D1012519E03B69C3
:100360002046336103F094FF796800291FBF72684B
:10037000002A204603F08CFFB268B968204603F0DB
:1003800087FFF96800291FBFF268002A204603F0A2
:100390007FFF2846F2BD70B50E46B169154604468A
:1003A0000A680120D3693BB1022B01D007D370BD8D
:1003B0004968CB69032B14D0126869680CE0126895
:1003C0002968204602F074FBB1694A68D369022BA0
:1003D00007D10868E96802682046BDE8704002F06D
:1003E00067BB70BD70B506460D462869002440F015
:1003F00001002861B1690868C2691AB1022A08D0EF
:1004000018D32DE02868002103F033FF686801212C
:100410000BE049682868CA69032A08BF012104D093
:10042000002103F026FF0121686803F022FF00216C
:10043000A86812E02868002103F01BFF686801210A
:1004400003F017FFA868012103F013FFB0694168AA
:10045000C869022805D10021E86803F00AFF00E01E
:100460000124204670BD2DE9FC4B16460025002EC8
:1004700080468B461C461CBF0B9F002F05D0396859
:1004800000291CBFB868002803D101252846BDE813
:10049000F68B0A9838614A683168404602F0D5FB0D
:1004A0003A685060786838B156F82B104268404678
:1004B00002F0CBFB79684860B868002C426840467F
:1004C0000CBF0121216802F0C0FBB9684860F868E0
:1004D00038B156F83B104268404602F0B6FBF96866
:1004E00048604FF00209361F15E0404602F0ADFBB0
:1004F000B96841F82900F86858B150F8292009EB8B
:100500004B0056F82010404602F09FFBF96841F876
:10051000290009F10109CB45B8D3386856F82910EC
:1005200050F82920404602F090FB396841F8290034
:10053000786858B150F829200BEB090056F82010C4
:10054000404602F082FB796841F82900B868002C27
:1005500050F829200EBF0021201F50F82910C4E7B1
:1005600070B50446A0690D4600264168C869032895
:1005700018D8DFE800F00707020C226AE868214675
:1005800002F0DDFA226A6868214602F0D8FA226A8F
:100590002868214602F0D3FA226AA868214602F0B0
:1005A000CEFA00E00126286940F0040028613046B8
:1005B00070BD000038B50446A0690D464168C869A1
:1005C00003281FD8DFE800F009090210236AE26956
:1005D000E868214602F0BBFAA8B9236AE2696868B4
:1005E000214602F0B4FA70B9236AE269286821460C
:1005F00002F0ADFA38B9236AE269A868214602F030
:10060000A6FA00E00120296921F00401296132BD28
:10061000F8B5044600260D46002C18BF002D5ED00C
:10062000287C002100F0010002F017FB012856D0C1
:10063000A868002103F0AAFE012850D0A069016833
:100640002868096803F061FE002848D5A069416860
:10065000CA69032A06D000680168686803F055FE7D
:1006600000283CD5A1690968086900281CBF4869B1
:10067000002835D0C86918B1022831D032D32EE015
:100680006069236A22460168286802F0A5FAA06919
:10069000616900680B6802680169184601F092FE02
:1006A0006069216A2346026800912968104602F0B9
:1006B00070FAA0696269016810680A6849690346AE
:1006C00001F080FE6069236A22464168686802F092
:1006D00083FA60694168006803F017FE00B10426E0
:1006E0003046F2BD6069236A22460168286802F03C
:1006F00073FA6069236A22464168686802F06CFAFE
:100700006069226A234601680092A0690A46076868
:10071000386902F03EFAA269616917680868496899
:100720003A68034601F04EFE6069216A234640683C
:1007300000912968024602F02CFA6069216A23467A
:10074000406800912968024602F023FA6069216A34
:10075000234640680091A76902463F68796902F024
:1007600018FAA16960690A68A968406812680346B6
:1007700001F028FEADE70000F0B50F4685B000217E
:10078000064603910491B06903A901250368F06945
:100790001C68226803F036FD040040F0C680B06992
:1007A0000168F0690A6804A9126803F02BFD0400CF
:1007B00040F0B780387C002100F0040002F04DFAD0
:1007C00020B9394630460025FFF7CAFEDFF8782108
:1007D000D2E900345649CDE900340878554B002859
:1007E0000EBF0021042004211A585DF8010052496F
:1007F000821811601068012191605A680099504078
:100800001A6841404D4880EA010C01994C484A4021
:100810004240B06994444B4A036892EA0C0F049A30
:10082000186814BF6FF002016FF0010101F00EFFB4
:10083000B0693246C469306A0290F1690398019147
:10084000049900906368B8682468A0470446B069BA
:100850004168C86903284AD8DFE800F0021F294030
:10086000336A04990398324602F0B6F9306A3A685E
:10087000049900903346104602F08BF9306A049ACE
:10088000334600900398114602F083F9316A786884
:10089000334600910246049926E0316A38683346AF
:1008A00000910399024602F074F9786817E0316A02
:1008B0003868334600910399024602F06AF9316ABA
:1008C0007868334600910399024602F062F9306A73
:1008D00033460090FA687968386805E03868316A0C
:1008E000334602460091039902F053F900E00124D7
:1008F000316AB868334600910399024602F049F91B
:10090000002D08BF002C04D139463046FFF752FEB7
:100910000446386904A940F002003861F06903F028
:100920007CFCF06903A903F078FC204605B0F0BD1B
:100930004C08002018C300082C7E82AD04850012EC
:10094000FC68017AA8E29B8ED01E00082DE9F047D2
:1009500088B00646B0691D4689469246016A00681D
:1009600009EB0A0212F8017C0368F069D1F80880EB
:100970001A6806A9FF0903F045FC040040F0418114
:10098000B0690168F0690A6807A9126803F03AFCC7
:10099000040040F03281B0690168F0690A6803A977
:1009A000126803F02FFC040040F02381B069016855
:1009B000F0690A6805A9126803F024FC040040F0FD
:1009C0001481B0690168F0690A6804A9126803F02B
:1009D00019FC04001AD1039A5146484603F029FD38
:1009E00003980399006851F8202022F0004241F852
:1009F0002020B06901680398096803F086FC00288C
:100A000005D4F06904A9042403F007FCE9E0686850
:100A1000002103F02EFC6A680399012003F038FCE2
:100A2000326A0398314602F08AF8336A05990398CE
:100A3000324602F0D1F8B0690168C0680A68011D49
:100A40000498126803F0F4FBB069079B01680598ED
:100A50000A68049901F047FD306A069A334600900F
:100A6000B06901680598496902F093F8B069069B7E
:100A700001680A680499184601F0A4FC336A0399D6
:100A80000698324602F0A8F8306A039A0699009058
:100A90003346104602F07DF8306A059A03990090BB
:100AA0000798334602F075F80399336A32460846D0
:100AB00002F092F8306A039A069900903346104685
:100AC00002F067F8306A039A07990090334610469F
:100AD00002F05FF8B069049A6FF0040103681868C7
:100AE00001F0B4FD049A0321104601F040FCB06906
:100AF000C469306A0290F169039801912A680499E7
:100B00000092636824683246A0470446F06904A94D
:100B100003F083FB002C64D1316A286833460091CE
:100B20000599024602F035F8336A0399286832467F
:100B300002F052F8306A039A334600900698114644
:100B400002F027F80799039803F0DFFB98B1B0692A
:100B5000059A07990368186801F044FD0599039800
:100B600003F0D3FBB8B9316A2868334600910246D6
:100B7000414602F00EF8336AF2692868314601F006
:100B8000E6FF04002DD1012F07D12868002103F0D2
:100B9000FDFB012801D1042423E0B0692968026823
:100BA0000879126800F00100784001F081FF28699F
:100BB000012140F002002861A86803F05AFBB069E7
:100BC0004168C86902280CD1306A33460090EA684F
:100BD0006968286801F0DDFF326AE868314601F093
:100BE000AEFFF06905A903F018FBF06903A903F053
:100BF00014FBF06907A903F010FBF06906A903F0E4
:100C00000CFB204608B0BDE8F0872DE9F0431F46F5
:100C100005468846914687B008EB090010F8016C3C
:100C2000A86905A9F6090368E8691C68226803F049
:100C3000E9FA040040F01381A8690168E8690A68CC
:100C400006A9126803F0DEFA040040F00481A869E6
:100C50000168E8690A6803A9126803F0D3FA04007E
:100C600040F0F580A8690168E8690A6804A912687B
:100C700003F0C8FA040040F0E6807A68A9F10101A7
:100C8000404603F0D6FBA86901687868096803F05C
:100C90003CFB002840F1BF800398002103F0E9FAF3
:100CA000039A7968012003F0F3FA2A6A0398294627
:100CB00001F045FF2B6A049903982A4601F08CFF46
:100CC000A8690168C0680A68011D3868126803F0E5
:100CD000AFFAA869069B016804980A68396801F0B0
:100CE00002FC286A059A2B460090A86901680498BE
:100CF000496901F04EFFA869059B01680A683968D7
:100D0000184601F0F0FB2B6A039906982A4601F079
:100D100063FF03992B6A2A46084601F05DFF286AA3
:100D2000039A069900902B46104601F032FF2B6A79
:100D3000049905982A4601F04FFF286A049A2B4629
:100D400000900598114601F024FF286A039A04993F
:100D500000902B46104601F01CFFA869049A6FF022
:100D600002010368186801F071FC049A0221104620
:100D700001F0FDFAA869C469286A0290E96903983C
:100D800001913A6804990092636824682A46A04752
:100D9000040054D1286A039A0599009006982B46BE
:100DA00001F0F7FE2B6A049906982A4601F014FF19
:100DB000286A039A049900902B46104601F0E9FE38
:100DC000296A38682B4600910399024601F0E1FE3A
:100DD0002B6A039938682A4601F0FEFE286A039AB6
:100DE0002B4600900598114601F0D3FE0699039812
:100DF00003F08BFA78B92B6AEA693868294601F062
:100E0000A6FE04001BD1012E07D13868002103F093
:100E1000BDFA012801D1042411E0A86939680268EB
:100E20000879126800F00100704001F041FEB868D6
:100E3000012103F01EFA386940F002003861E869C8
:100E400004A903F0EAF9E86903A903F0E6F9E869FF
:100E500006A903F0E2F9E86905A903F0DEF92046E6
:100E600007B0BDE8F08370B50646B0690C4615467C
:100E700001680868026850F8220001F0FAFEB169C2
:100E800062680B684FF0FF319E69761E4E4032401B
:100E90006260C0F12002D14022680126401E54F851
:100EA000223086400B4044F82230226854F8223029
:100EB000334344F822302868026850F82230194041
:100EC00040F8221070BD2DE9F44F05460E461F462E
:100ED00084B06869D0F80080D0F80490D0F808A0F9
:100EE000C0680E9C2A4601907968D7F800B003913B
:100EF000B868414602902B6AB06801F06DFE286A1E
:100F00002B464A460090B068414601F042FE286AEE
:100F100004992B46009009684246404601F039FE8C
:100F2000286A04992B46009049684A46484601F0D1
:100F300030FEA8694346016840460A68316801F0FE
:100F4000D2FAA8694B46016848460A68716801F000
:100F5000CAFAECB10021404603F018FA20603A6862
:100F6000494603F0CDF983467A682068494603F084
:100F7000C7F90390BA682068494603F0C1F90290A6
:100F80000021484603F002FA216841EA400121604D
:100F9000286A029A2B460090B068414601F0F9FD9C
:100FA0002B6A2A465146404601F016FE286A019AED
:100FB0002B4600905146404601F0EBFD286A2B4637
:100FC000524600903068514601F0E3FDA86943465F
:100FD000016850460A68514601F0F4F92B6A2A4626
:100FE0005946484601F0F8FDA8695B460168584635
:100FF0000A68414601F077FAA8695B4601685846DD
:101000000A68019901F06FFAA869534601685046D1
:101010000A68594601F067FA286A2B465246009042
:101020005146484601F0B5FD286A019A2B460090CA
:101030007168104601F0ADFDA869039B0168504638
:101040000A68019905B0BDE8F04F01F04CBA2DE9EE
:10105000F84F044660691E46D0F80090D0F804A00E
:10106000D0F80880D0F80CB0236A0D46A86817465F
:101070002246494601F0B0FD206A234652460090C0
:101080003868494601F085FD206A23464A460090AB
:10109000A868494601F07DFD206A23464A46009033
:1010A0007868494601F075FD236AB86822464146D2
:1010B00001F092FD206A23465A4600902868414676
:1010C00001F067FD206A234642460090B868414619
:1010D00001F05FFD206A2346424600906868414661
:1010E00001F057FDA0695346016850460A68594609
:1010F00001F0F9F9A0694B46016848460A68414683
:1011000001F0F1F9206A2346514600903268B86830
:1011100001F03FFD206A23460090B2683168A8685C
:1011200001F037FD236A31682246504601F054FD34
:10113000206A2346009072683168504601F029FD0C
:10114000206A2346524600903168584601F021FD3E
:10115000236A31682246484601F03EFDA1693068A5
:101160000A6871680346126801F0BDF9206A716867
:10117000234600900A46404601F00BFDA069424616
:1011800001685046096801F034FCA16930680A68BA
:1011900041460346126801F0A6F9A069534601686A
:1011A00050460A68316801F09EF9206A23464A4693
:1011B00000905146484601F0ECFCA0697168026855
:1011C00048460B46126801B0BDE8F04F01F08BB9FC
:1011D0002DE9FE4F04460D46606916469846816823
:1011E0000768D0F8049001913168D0F80CA03A4615
:1011F000404603F085F8716883463A46404603F05E
:101200007FF80290B1683A46404603F079F8064606
:10121000236AA8682246394601F0DEFCA0694B46E5
:10122000016828680A68394601F0CCF8A0693B4695
:10123000016828680A68394601F055F9206A234692
:101240003A4600904946384601F0A3FCA0694A4658
:1012500001683846096801F07AFBA0693B460168DD
:1012600038460A68494601F0ADF8236A68682246A4
:10127000494601F0B1FC206A019A23460090286893
:10128000494601F086FC236A22465146384601F061
:10129000A3FCA0695346016850460A68019901F011
:1012A00022F9A0695B46016850460A68019901F07D
:1012B0001AF9206A234632460090A968686801F04E
:1012C00068FC236A22464946484601F085FCA0692D
:1012D0005346016801980A68594601F004F9206AEA
:1012E00023463A4600905146384601F052FCA06928
:1012F000029B016838460A68494603B0BDE8F04FD2
:1013000001F0F1B82DE9FE4F044660690768D0F896
:101310000480D0F80890C0680D46164601903168E8
:1013200002983A4602F0ECFF8246716802983A460B
:1013300002F0E6FF8346B16802983A4602F0E0FF09
:101340000646A0693B46016868680A68A96801F01A
:1013500039F8236A28682246414601F03DFC236A99
:1013600068682246494601F037FCA0695346016887
:1013700028680A68494601F025F8236A0199A86897
:10138000224601F029FC236A22465146504601F0CC
:1013900023FCA0695346016850460A68414601F0A3
:1013A000A2F8A0695A4601684046096801F021FB8D
:1013B000A0694346016840460A68594601F002F8B0
:1013C000236A22465946484601F006FC236A224613
:1013D0003946384601F000FCA0693B4601683846B2
:1013E0000A68494601F07FF8A0693346016838462B
:1013F0000A68019901F077F80199236A22460846A4
:1014000001F0EAFB206A019A23460090A069114688
:101410000568286901F0BDFBA0693B4601684046AC
:101420000A68019900F0CEFFA069434601680A6886
:101430005946504601F057F8A069424601684046B7
:10144000096801F0D6FA236A22464946384601F077
:10145000C3FBA069019A01684046096801F0C9FA16
:10146000A0695346016848460A68019901F03BF8B3
:10147000A0694346016840460A68514601F033F8C6
:10148000A0694A4601685846096801F0B2FAA069A5
:101490004A4601684846096801F0ABFAA0694A4625
:1014A00001684846096801F0A4FA206A23463A46D2
:1014B00000904146384601F06CFBA0695B4601682C
:1014C00038460A68494603B0BDE8F04F01F00BB852
:1014D0002DE9FC47044665690A98D5F80080D5F8DF
:1014E0000490D5F808A008B1002505601646226AC8
:1014F0000F461D460092316838682346424601F087
:1015000048FBA0694B46016838680A68796800F0B2
:1015100059FFA0692B68016830680A68716800F09B
:1015200051FF206A234600906A687168786801F06C
:1015300030FB206A2346524600906968404601F01D
:1015400028FB206A234652460090A069514606684F
:10155000706901F01EFB206A23464A460090296804
:10156000484601F016FBA0694B46016848460A68E8
:10157000414600F0B8FFA0694B46016848460A683A
:10158000696800F0B0FF206A234642460090A069D7
:1015900041460668306901F0FCFAA16968680A688A
:1015A00041460346126800F09EFF236A2968B86826
:1015B000224601F011FBA0694346016828680A68C9
:1015C000514600F090FFA0695346016828680A68F8
:1015D000514600F0F7FE206A23464A4600904946ED
:1015E000404601F0D6FA206A2346494600902A6810
:1015F000B86801F0CEFA206A23464A46009069682E
:10160000504601F0C6FA206A2346494600906A68AF
:10161000B86801F0BEFA206A234651460090AA68D5
:10162000404601F0B6FABDE8F3872DE9FC470446D1
:101630006069D0F800A0D0F80480D0F80890206A43
:101640000D4617460090B968A8681E4623465246C4
:1016500001F09FFA206A23460090B2683968286832
:1016600001F097FAA0694346016828680A6869682A
:1016700000F0A8FEA0693368016838680A687968D4
:1016800000F0A0FE206A23460090726879686868BE
:1016900001F07FFA206A23464A4600907168B068DC
:1016A00001F077FA206A23464A460090A06949462D
:1016B0000568686901F06DFA206A23464246009089
:1016C0003168404601F065FAA0694346016840462A
:1016D0000A68B16800F007FFA06943460168404608
:1016E0000A68716800F0FFFE206AB1682346009026
:1016F000A0690A460568286901F04BFAA16970687B
:101700000A68B1680346126800F0EDFE236A31688A
:101710002246504601F060FAA069B368016830685B
:101720000A68494600F0DFFEA0694B460168306850
:101730000A68494600F046FE206A23464246009069
:10174000B068414601F025FA206A234641460090E0
:101750003268504601F01DFA206A23464246009046
:101760007168484601F015FA206A23464146009008
:101770007268504601F00DFA216AB0682346009164
:101780000246494601F005FABDE8F3872DE9F84F16
:10179000044660690D461746066839689B46D0F8CE
:1017A00004A03246584602F0ABFD796880463246C6
:1017B000584602F0A5FDB96881463246584602F007
:1017C0009FFD0746A0693346016828680A68696872
:1017D00000F0F8FD236A28682246514601F0FCF922
:1017E000206A234642460090A0695146D0F800E0A6
:1017F000DEF8100001F0CDF9236A2246314630466A
:1018000001F0EAF9A0693346016830460A6851469A
:1018100000F069FE236A68682246494601F0DCF957
:10182000A0695346016840460A68494600F0CAFD6F
:10183000A0694346016840460A68494600F053FEE5
:10184000A0693346016830460A68494600F04BFEFD
:10185000236AA8682246394601F0BEF9A0693A46D3
:1018600001683846096801F0C4F8206A23464A46F0
:1018700000904146504601F08CF9A0693B46016852
:1018800050460A68394600F02EFE206A234642463A
:1018900000903946304601F07CF9206A23463A46EA
:1018A00000903946504601F074F9BDE8F18F2DE9FA
:1018B000F8430D4604466169089817461E46D1F85C
:1018C0000080D1F8049008B100210160A069296866
:1018D000434600680268686800F005FEA0694B4650
:1018E000016878680A68396800F06CFD206A234650
:1018F000424600904946404601F04BF9A0694B46EC
:10190000016868680A68296800F05CFDA0693368AE
:10191000016878680A68396800F0E5FD206A2346A6
:101920004A4600903168484601F033F9A0693368AF
:10193000016848460A68414600F0D5FDA0694B465B
:10194000016848460A68414600F03CFDA06972689B
:101950000168F868096801F04CF8206A716823464C
:101960000090A8680A4601F014F9A069F2680168BD
:10197000E868096801F03DF8A06943460168F0682D
:101980000A68716800F01EFDA169F0680A68716854
:101990000346126800F0A7FD206A234649460090DE
:1019A000B268306801F0F5F8206A3168234600908B
:1019B0000A46404601F0EDF8206A2346009072681E
:1019C000F168484601F0E5F8206AF1682346009086
:1019D0000A46404601F0DDF8BDE8F1832DE9F84301
:1019E0000446606917460D46D0F80490D0F8008090
:1019F000A06929681E46006843460268686800F0CE
:101A000072FDA0694B46016878680A68396800F081
:101A1000D9FC206A2346424600904946404601F0E0
:101A2000B8F8A0694B46016868680A68296800F040
:101A3000C9FCA0693368016878680A68396800F0F1
:101A400052FD206A23464A4600903168484601F01C
:101A5000A0F8A0693368016848460A68414600F06A
:101A600042FDA0694B46016848460A68414600F0BD
:101A7000A9FCA06972680168F868096800F0B9FFFC
:101A8000206A716823460090A8680A4601F081F830
:101A9000A069B2680168B868096800F0AAFF206A06
:101AA00023460090F268B168E86801F072F8A06916
:101AB00043460168F0680A68716800F083FCA16918
:101AC000F0680A6871680346126800F00CFD206A2D
:101AD000234649460090B268306801F05AF8206AFF
:101AE0003168234600900A46404601F052F8206AC9
:101AF000234600907268F168484601F04AF8206A6F
:101B0000F168234600900A46404601F042F8BDE8DD
:101B1000F1832DE9FE4F0446984660690D4616464E
:101B2000436807684046019331683A4602F0E8FB93
:101B3000716881463A46404602F0E2FBB16882464F
:101B40003A46404602F0DCFBF16883463A4640469E
:101B500002F0D6FB0646236A28682246394601F081
:101B60003BF8236A68682246314601F035F8236A5B
:101B7000A8682246594601F02FF8A0695A46016824
:101B80005846096800F035FFA0694B46016828688F
:101B90000A68696800F016FC236A224649464846EE
:101BA00001F01AF8A0694B46016848460A683946B0
:101BB00000F099FCA069524639460368186800F0A5
:101BC00011FDA0693B46016848460A68314600F0AD
:101BD0008AFCA069019B016850460A68314600F002
:101BE000F1FBA0693346016850460A68314600F0AF
:101BF0007AFCA0695346016801980A68594600F0CA
:101C000072FC206A0199234600905A46504600F023
:101C1000C0FF206A23464A4600905146384600F0ED
:101C2000B8FF206A2346524600900198314600F0E2
:101C3000B0FF206A2346324600903146384600F015
:101C4000A8FFBDE8F78F2DE9F84304466069164602
:101C50000D46D0F80490D0F80080A0691F46B968FE
:101C6000006843460268386800F0ACFBA0694B4648
:101C7000016838680A68B96800F035FCA0693B68FB
:101C8000016830680A68B16800F09CFBA069BB6815
:101C9000016830680A68B16800F025FC216AB868FC
:101CA000234600910246414600F073FF236A224614
:101CB0004146404600F090FF216A38682346009173
:101CC0000246494600F065FF236A224649464846D7
:101CD00000F082FFA06933680168B8680A68396853
:101CE00000F070FBA169B8680A6839680346126899
:101CF00000F0F9FB3068236A2246014600F06CFFD1
:101D0000B868236A2246014600F066FF206A23462F
:101D10000090B268B968286800F03BFF206A23464B
:101D2000494600903A68404600F033FFA0694B46B0
:101D3000016840460A68494600F0D5FB206A234600
:101D40000090A069BA6801684846096900F021FF5F
:101D5000A0694346016840460A68B96800F032FB52
:101D6000206A234649460090BA68404600F011FFB9
:101D7000BDE8F183FEB5064600200C4617460190EB
:101D800022691D4600212A61207C00F0010000F03C
:101D900064FF012807D1387C002100F0010000F029
:101DA0005CFF012836D0207C002100F0010000F00B
:101DB00054FF012802D12A46394609E0387C002127
:101DC00000F0010000F049FF012804D12A46214615
:101DD000FEF7AEFAF7BD3A4601A80090B7692B4668
:101DE0002146D7F804C03046DCF80470B8470198A3
:101DF000C10713D5C0F3400060B13046B669012376
:101E00002A4677682146D7F800C0E0472069400895
:101E1000400002E0286940F001002861F7BDF8B5F4
:101E200006460F4638691D4614462861387C002155
:101E300000F0010000F011FF012807D1207C0021F3
:101E400000F0010000F009FF01283BD0387C0021A0
:101E500000F0010000F001FF012802D12A462146CE
:101E600009E0207C002100F0010000F0F6FE0128CE
:101E700005D12A463946BDE8F840FEF759BA394639
:101E8000B7692B462246D7F804C03046DCF8087004
:101E9000B847A868002102F079FA012816D128680D
:101EA000002102F073FA01280CD13046B6690123F3
:101EB0002A4677682146D7F800C0E04720694008E5
:101EC000400002E0286940F001002861F1BD0000F7
:101ED00004B00101001701452DE9F84F94B0002529
:101EE0000C460A950995089506950795059504955C
:101EF0006CB3110002921FBF1E9F002FDDF880B04F
:101F0000BBF1000F23D0050021D06869A2498842A7
:101F10001DD12869C169606A014208BF9F4C17D072
:101F200094F82800810758BF9D4C11D50393216870
:101F3000086802F041FA08304FEAD0090398484592
:101F400002BFDDF884A04FEA4908C24501D0954C94
:101F50001EE12B692A4621460BA8FEF743F94246AB
:101F600005A9284600F0A7FE8F4C0028F0D1119853
:101F70001F9E016A2846CA6804A94244B21800F0AC
:101F80009AFE00284ED11198006AC268016904982F
:101F900009F084FF119B04984A46D3F820C05946A3
:101FA000DCF80C30184409F079FF119B0498029971
:101FB000D3F820C04A46DCF80C304B44184409F0F2
:101FC0006DFF119B394604981F6A3246FB684344F3
:101FD000184409F063FF11980021059B006A0191E4
:101FE000CDF80080C2680068049942440068B218C5
:101FF00000F03EF907461198016AC86804A94044F8
:102000003218284600F076FEB7F5003F18BF674C3F
:1020100008D11198016828468A680AA9126802F056
:10202000F1F8002840F0AF8009F10307BF087A00FB
:1020300009A9284602F0E6F8002816D1099A059861
:10204000414602F0F6F911980A9A2B460168099860
:10205000896800F01AFB09A9284602F0DEF83A4622
:1020600008A9284602F0CEF8002840F088800BEB43
:102070000800801E4178077811984FF6FF7647EAEE
:1020800001270168886802F097F9C0EBC900C640D3
:10209000F64337420DD1089A49460BEB090002F08E
:1020A000C8F9119801680898896802F02EF900288B
:1020B00001D43F4C5FE006A90BA8FEF7ACF800285E
:1020C00059D107A90BA8FEF7A6F800284FD10BA8F5
:1020D000FEF796F8002846D1119F079B039A3E6AA7
:1020E00002990BA87768B84718B1042838D1314C49
:1020F00036E0079A0BA90120FEF74DF9119F0698CB
:10210000089B079A0A9900907F690BA83E68B04720
:1021100030BB06990BA8FEF72FFB08BB0698059964
:102120004A46406802F0D1F9069A05981368224A97
:10213000401E10F809105C68204B41EAC41100F8F9
:102140000910229801921E4903901868059A02917D
:1021500000904B464FEA5A01584601F0DBFF044617
:102160000BA8FEF755F807A90BA8FEF7B0F806A9CB
:102170000BA8FEF7ACF808A9284602F04EF80AA909
:10218000284602F04AF8424605A9284600F0B2FD6A
:10219000204615B0BDE8F08FFEAF1C5E0E000600B5
:1021A0000F000600030006000C00060001000600F8
:1021B000090006000800060026C7060030C6000811
:1021C000936E0600002880B505491CBF0268002AEE
:1021D00003D012680AB190470146084602BD00BF0D
:1021E00003000200002880B505491CBF0268002AD0
:1021F00003D052680AB190470146084602BD00BFAD
:1022000003000200002880B5064A1CBF0368002BAB
:1022100006D09B68002B18BF002901D098470246C2
:10222000104602BD0300020000281CBF0368002BFB
:1022300003D0DB680BB111B912B1034870471847DE
:102240004FF40030704700BF03000200002810B5B3
:10225000064B1CBF0468002C06D02469002C18BF54
:10226000002901D0A0470346184610BD0300020014
:1022700038B50C46002811461A46094B1CBF0568A4
:10228000002D0AD04AB104B939B9049828B1059B88
:10229000009303462046A8470346184632BD00BFB8
:1022A000030002002DE9F04104460E46216817465E
:1022B0001D464A6890478046B8F5003F19D122680C
:1022C00006992046936898478046B8F5003F10D19C
:1022D000236831463A46DE682046B0478046B8F566
:1022E000003F06D123682946079A1D692046A84762
:1022F0008046216820460A6890474046BDE8F08144
:1023000040B1016829B1044A914202D10121034B35
:102310001970406803F036BD000037484C080020B3
:1023200010B5002204E050F8224043F82240521C2D
:102330008A42F8D310BDF0B503460E4601274FF090
:10234000030C02241F22002507FB03F000210CEAE6
:102350000000001BA94124EA0101CF1964004FEAE3
:102360004C0080F0010C521EEED13760F0BD00230E
:102370002029F0B528BF012322D214680568AC4299
:1023800038BF03231CD301240AE000EB84077F68D5
:10239000C1F1200E07FA0EF73E4342F824602C46A6
:1023A00050F824600768651CCE40BC42EDD342F86B
:1023B000246002E042F825306D1C1068A842F9D272
:1023C0001846F0BD2DE9FF4E8246002017469C4678
:1023D000CDE902003A68DCF800300E460021934255
:1023E00021BFDAF800B093453568954201D2032049
:1023F00076E0AB4503D3CDF804A0009503E0CDF81B
:1024000000B00196AB465B454FF0010E38BF9B46CE
:10241000002515E05AF82E2056F82E40801841EB82
:102420000509021957F82E0049EB05030021101A7F
:1024300063EB01014CF82E000846C9170EF1010E9E
:102440003A687245E6D2009C74451CD35AF82E2097
:1024500056F82E400023002514195D4100196941EA
:102460004CF82E000846C9170EF1010EEBE7019C4F
:10247000002354F82E20801859414CF82E000846AD
:10248000C9170EF1010EF345F1D2664686464FF0AC
:10249000010CDDE90201002510E057F82C2056F868
:1024A0002C40002302EA0E02A2186B418018594109
:1024B00046F82C00084600210CF1010C3A686245F0
:1024C000EBD2346864450AD356F82C208018694151
:1024D00046F82C00084600210CF1010CF1E7002021
:1024E00004B0BDE8F08E2DE9F44F8E4684B0049A16
:1024F0000021CDE902111C6815688346AC4238BF43
:1025000003206CD3DEF80050DBF80090A94506D319
:10251000CDF80090CDF804B0A9468C4604E0CDF883
:1025200004E000954FF0FF3C009D98464FF0010AF3
:10253000AC4238BF00940022002300250FE05BF876
:102540002A005EF82A40161843EB0107321B67EB9E
:10255000050348F82A201A46DB170AF1010AD1457B
:10256000EDD20098504511D3019E56F82A0020EA7A
:102570000C0412196B4100EA0C00121A8B4148F846
:102580002A201A46DB170AF1010AEAE71646012754
:10259000DDF810C0DDE902010EE05CF8272058F8F4
:1025A000274000233240A2186B418018594148F857
:1025B0002700084600217F1CDCF80020BA42ECD23C
:1025C000D8F80040BC4209D358F827208018694148
:1025D00048F82700084600217F1CF1E7002005B0DD
:1025E000BDE8F08FF0B51368066800240025B342FB
:1025F00001D20320F0BD8E464FF0010C064617466F
:1026000000210FE056F82C2000235EF82C00A218C1
:102610006B41141A63EB010547F82C402C46ED176B
:102620000CF1010CDEF800006045EBD23268624527
:102630000AD356F82C0024184D4147F82C402C465C
:10264000ED170CF1010CF1E70020F0BDF0B50446E8
:10265000666815460027721847EBE1736A60022628
:102660001A46DB1708E054F8260012187B4145F89B
:1026700026201A46DB17761C2068B042F3D210469B
:10268000524222EA0000C00FF0BD2DE9FE4F8AB091
:102690000C462168054654F8210000F0EAFA0021B2
:1026A0000690099122680C98694601F0ABFD10B1C3
:1026B0000220099047E10121049502940AE0049A5E
:1026C0001468201A081802EB80004268009840F84D
:1026D0002120491C029800688142F0D30098002212
:1026E00040F821200499029B0A681868121A06987B
:1026F000521C0592C0F120008DF804001AE058F831
:102700002620002382185AF826004B4179420840BF
:102710000021101A63EB010148F826000846C9178A
:10272000761CDAF80020B242E9D20598CDF808A06C
:10273000401E05900598002800F0F7800498059940
:10274000009C236850F821209DF8040054F8235081
:10275000211F51F8236085400698C64035430795F0
:10276000029D2E6854F826000890039405E051F865
:102770002300039C44F823005B1E012BF7D8039829
:1027800000271F244260029A9DF804509DF80460BF
:102790001068134653F820201B1F53F8200002FA3C
:1027A00005F5069AD04005430398039A006852F84D
:1027B000203051F82000069903FA06F6C840064377
:1027C0000798294600F049FA00F044FA079A0021D8
:1027D00000F03BFA8046C4F1200908FA09F126FA14
:1027E00004F040EA010A5146284600F03BFA00F0A6
:1027F00031FA014628FA04F040EA010BAAEB050081
:1028000020FA09F14246584600F01FFA804605FAC0
:1028100004F0311A3246584600F017FA06460BFA11
:1028200004F00743641ED6D13146284600F01AFA58
:1028300000F010FA074348EA07070021384600F085
:102840000CFA00F007FA7A1E002100F0FEF90446A7
:1028500007982946012700F000FA00F0FBF922460C
:102860004FF0FF3100F0F1F9039E00240025B84637
:10287000DDF808A0039024E05AF82800039A02909B
:1028800056F82810E2FB0045A1EB04092C46484607
:10289000002500F0E7F946F82890029924186D41C8
:1028A000484600F0DFF902998346484600F0D5F922
:1028B00000F0D0F95A46394600F0C7F9074608F14A
:1028C0000108DAF800004045D6D2B04608992646FD
:1028D000304600F0C7F940EA05040898314626461C
:1028E00000F0C0F920EA05052F43A743002000218E
:1028F0004FF0010C002510E05AF82C2058F82C401D
:1029000073421A400023A2186B418018594148F8BD
:102910002C000846C9170CF1010CDAF800206245BA
:10292000EAD2002000210126FBE60B9C0021204674
:1029300001F09FFC00992246012001F0A9FC0C98AF
:10294000694601F06AFC09980DB0BDE8F08F2DE9E9
:10295000F045154642688E460168DEF8003002F008
:1029600001067642994202D12C688C4201D20120A4
:102970003DE0DEF80470002300243740D2196341A3
:1029800004466A6000214FF00208184618E0074626
:102990005EF8280054F828200023304010185CF816
:1029A000042C59413818594145F8280055F8283069
:1029B00008460021DB0743EA5203D0464CF8043CAA
:1029C000226805EB880C08F1010A4245DFD25CF869
:1029D000043CC00740EA53004CF8040C03E045F8FF
:1029E0002A100AF1010A28685045F8D20020BDE8F3
:1029F000F0852DE9F047904602680B689A4203D1B2
:102A0000D8F80040944201D201204FE044684A685F
:102A1000002364004FF00009A21A69EB0303154676
:102A20001A46DB17022784468E4618E00CEB870413
:102A300054F8040C5CF827105EF82740C00F40EAF9
:102A40004100161843EB090A08EB8700321B40F8D7
:102A5000045C6AEB090315461A46DB177F1CDCF899
:102A60000000B842E2D2644654F82010464646F8C8
:102A7000205002EBD173C84600254FF0010C11E045
:102A80005EF82C0056F82C2000211840101849EB55
:102A9000010118EB00004D4146F82C00A846ED1747
:102AA0000CF1010C20686045EAD20020BDE8F087F7
:102AB0002DE9F84300240025002918BF002A03D07F
:102AC0000B681668B34201D201201DE00127814640
:102AD0000E46904613E058F82700002156F82720AC
:102AE000201869410023841A61EB030521464846FA
:102AF00000F0ABF846F827002C46ED177F1CD8F8FD
:102B00000000B842E7D20020BDE8F283F8B51746CE
:102B100005462A680E461846520007F1080101F0E2
:102B200071FB040009D17E603D60686807F10C010B
:102B3000FFF701FCF8684042F8602046F2BD0B4602
:102B400080B500925968024600F023F802BD2DE9D5
:102B5000FC411F4600230546904601932A680E4615
:102B600001A9404601F04EFB04000FD1019801215C
:102B700001F07FFB0097019933462A46284600F072
:102B800008F8044601A9404601F047FB2046BDE88D
:102B9000F681FEB514461D462A6823681668B342BE
:102BA00001D20320FEBDEB68089F121D0193009225
:102BB000AA68D7F800C0091D131D3246001DE04762
:102BC000E868231D00902968A8687C680A1D3146C2
:102BD000001DA0470020FEBDF8B50C46154629682B
:102BE00022681F460E68B24201D20320F2BDEA6895
:102BF0000B1D001D0092A968D7F808C00A1D3146B8
:102C0000E047E868231D00902968A868FC680A1D51
:102C10003146001DA0470020F2BD0A460021016098
:102C2000C160816821B100F10801104601F0F5BAD8
:102C3000704710B582B0049C009313460A46019475
:102C4000014601F073FC02B010BD40425140084003
:102C50005040704780F001007047484041420843AF
:102C6000C00F70470A1A4140504008405040C00F02
:102C70007047014610B5202001221F2321FA03F4DA
:102C800004F0010484F001042240801A5B1E13F159
:102C9000010FF3D110BD0023002918BF002A04D072
:102CA0000160002142608360C1607047014648684E
:102CB0008968401A704720B511B11AB90020086020
:102CC000012020BD8368D21C4568920803EB820274
:102CD000954203D200200860022020BD05682B44E5
:102CE0000B6082601146C268914238BF1146C160D4
:102CF000002020BD10B50446002000291CBF0B6831
:102D0000002B03D012B1A368934201D2012010BD61
:102D1000D21C92080860A3EB8202A26010BD10B51D
:102D200004466168206809F0BBF8002000210022F9
:102D3000002384E80F0010BD2DE9F8430D469146AD
:102D4000089FD9F80010804638680A68904238BF5A
:102D5000012022D30A9C0121384601F08AFA22463A
:102D600049463846FFF7EBFE2E6800E0761E002E3F
:102D700003DD55F826000028F8D0760108E0281D6C
:102D8000710950F8212006F01F00C240D10706D477
:102D9000761EF4D5002E02D50020BDE8F28323462E
:102DA0004A4639463846FFF717FF281D710950F883
:102DB000212006F01F00C240D10706D500944B46E3
:102DC0003A4641463846FFF7E4FE761EE2E72DE933
:102DD000F64F8BB006468946B16900270A689068AD
:102DE00001F0EAFAB1698A681368B0FBF3F81D468E
:102DF0005A1E05FB18058DF810209DF81000009351
:102E0000012383405B1E09930A6813681C68022330
:102E10000297059407938A6806924868C169022957
:102E200004BF032007900021484601F0AFFA50B9D3
:102E3000B0690068C169012907D08168484601F07E
:102E400064FA002801D4012493E1B0694168F06973
:102E50008A6906F114019200FFF72DFF0400F3D1F7
:102E6000BA460DE00068016870690A6800EB8A01E3
:102E7000F06901F0C7F9040040F06F810AF1010A1E
:102E8000B06941688A699245ECDBCDF828A002A9B7
:102E90003046FDF7C0F9040040F0548102993046F5
:102EA0004446FDF79FFA99F80400B84600F0010087
:102EB0000890B1690868494682680898C0F1010025
:102EC000FFF7F6FDDDF800A00BE008F1010B04FBB5
:102ED0000B520121484601F088FA00FA08F0074336
:102EE000D846AAF101008045EFD30C9930467F1CEB
:102EF000FDF778FA0C98069A062101900798009140
:102F0000131D111D4743059A01207F1C574301EBF8
:102F100087020599A71EFDF7A6FA52E07A1904FB6D
:102F20000B2201214846521C01F05FFA00FA0BF017
:102F300040EA08080BF1010BD345EFD3D6F818E0AF
:102F40009DF810000C9ADEF804C028FA00F000F09A
:102F5000010BDCF800C0012311463046E04702981F
:102F60000621009101900698ABF10101DDF81CE00B
:102F7000021D099881EA0801DDF814C00840401CD0
:102F800000FB0EF000236146401C00FB0CF0CBF16F
:102F9000010B7F1E02EB80020120FDF764FA029A0A
:102FA00031465846FDF7F7F90C9B0020029A009035
:102FB000D6F818C019463046DCF804E0DEF804C044
:102FC000E047681E8041B7EBD07F03DB4FF000087D
:102FD000C346B1E79DBB002709E004FB07F20121CE
:102FE0004846521C01F001FAB84005437F1C574582
:102FF000F3D3B4690C9A0123646811469DF810005C
:10300000D4F800C025FA00F73046E04702980621C0
:1030100007F00107019006980091791E021D09989A
:10302000DDF81CA04D4005406D1C05FB0AF5059C14
:1030300000236D1C6543214602EB85024BE0069898
:10304000059A6F1E011D01EB82040C9D924629E03A
:1030500001232A4629463046E0477A1C012148468A
:1030600001F0C3F9804602980621009101900023E7
:10307000224651460120FDF7F6F9029AC8F10108EF
:1030800031464046FDF787F90020029A0090D6F8B5
:1030900018C02B462946DCF804E030467F1EDEF8D7
:1030A00004C0E047B069002F4168D1F800C0CFDC10
:1030B0002A460C95012311463046E04701220121A2
:1030C000484601F092F907460298062100910190C6
:1030D0000023224651460120FDF7C5F9029AC7F1A7
:1030E000010731463846FDF756F90C9B03A8029AB2
:1030F0000090B4691946304665686C68A047B469A9
:10310000039B0C9A656803F001031146D5F800A0F3
:103110003046D047B069089C0168C4F101042046DC
:103120008A684946FFF7C4FC0C9A31462046FDF7F1
:1031300032F90C993046FDF73DFA044602A93046B3
:10314000FDF7C5F8DDF828A007E0716901EB8A02F8
:10315000111F01F062F8AAF1010AF069BAF1000F3B
:10316000F3DCB1694A6806F1140192699200FFF735
:10317000C1FD20460DB0BDE8F08F00002DE9F04FF5
:103180000E4699B04FF0FF311746129111911091F0
:103190000191012100220546179107920692A96923
:1031A0001C464FF002090868026813680A93CA684F
:1031B00013680992DFF83C2604930498401E4008E7
:1031C00002EB80031A1F0C92DFF82C2602EB800022
:1031D000031F0B934868DDF88880C16928460229DF
:1031E000414608BF4FF00309FDF7FCF84146284669
:1031F000FDF7B6F9A86900680894C169012910D0E3
:103200008168304601F081F8002807D5A869016877
:103210000898896801F079F8002802D40120059007
:10322000E3E2A8694168E8698A6905F1140192003E
:10323000FFF741FD05900028F2D100240CE0096859
:103240000A686969126801EB840100F0DBFF0590F0
:10325000002840F0BF82641CA969E8694A68936944
:103260009C42ECD3049B0122A346991E8A40920003
:10327000159202A9FFF71FFD0590002840F0A182DA
:10328000049901200024891E00FA01FA10E0029836
:1032900000EB84012846FCF7BEFF0590002840F0B3
:1032A0008982029850F824102846641CFDF79AF889
:1032B0005445ECD3039518943C46207C002100F043
:1032C0000400FFF7CAFC20B9179003982146FDF7C8
:1032D00047F903982146FDF79BF90590002840F037
:1032E0005E820398029F012385693A6821466D68D2
:1032F000EF68B84702990020009003984B6809686E
:10330000856922466D682F690225B847039F10E042
:10331000D7F818C00298DCF804E050F825300268AD
:1033200000EB8500DEF814C050F8041C38466D1C14
:10333000E04701200E905545EAD3089801F03CF88B
:103340000546304601F038F885422CBF08983046D3
:1033500001F032F80D960F94019DCDF85890129C13
:10336000119EDDF840A0814675E0DDF830C0039A7B
:1033700006980191169E101AA0F1010E4FEADE0E7A
:10338000401E8000099A00F01C00062100915CF8A4
:103390002EC0131D111D2CFA00F000F00F00464343
:1033A0000A9A0120761C724301EB82020A99FDF70A
:1033B0005AF80298394602680120FCF7ECFF3AE01F
:1033C0000399081A0B99421ED20851F82250401E48
:1033D000800000F01C00C5409DF8026005F00F055C
:1033E000761B76B2AEBB0298069A016801988242BB
:1033F000BBDADDF818C00C9E169A4FEADC0C01917E
:103400000621009156F82C60DDF818C00A99099839
:103410004FEA8C0E0EF01C0E26FA0EF606F00F0682
:103420007243031D001D521C514300EB81020A9997
:103430000120FDF718F8029900200090BE690A6883
:103440004346D6F804C041463846DCF81060B04721
:10345000109EA9F10109B9F1000FD8BF002C06DCBC
:10346000BAF1000FDCBF002E002D40F33C81B9F112
:10347000000F0AD4D7F818C001234246DCF804E054
:1034800041463846DEF80CC0E047002C02DD641EE1
:1034900064B206E0BAF1000FC4BFAAF101004FFA0E
:1034A00080FA002E02DD761E76B203E0002DC4BF46
:1034B0006D1E6DB204990E98491C8840401E8DF80F
:1034C000030004980E99421E049891400191411EF8
:1034D0008DF802100E980499049A8840049903907C
:1034E000A2EB0902A9EB0101149104998DF80120C6
:1034F0000498A9EB0101C9F1010212918DF8002095
:10350000401C002CA9F101014FF0FF321390C8BFFD
:10351000BAF1000F1191109256DCB9F1000F06DDDF
:10352000119A0D98022100F060FFC0B207E00D98DB
:1035300041689DF8000001FA00F000F00300002C43
:1035400041D5BAF1000F3FDC00F0010191EA600FB4
:1035500000F082801498002805D4129A13990D98CF
:1035600000F043FF08E00D9841689DF8010001FA62
:1035700000F09DF803100840019A0199801AC0B22A
:10358000079088420BDA07990B98C90850F8212058
:103590000798810001F01C0122FA01F00CE0039968
:1035A000081A0B99421ED20851F82210401E8000C2
:1035B00000F01C0021FA00F09DF8024000F00F0A14
:1035C000A4EB0A0464B2002C46D107980199884202
:1035D00018DA07990C984346C90850F82100079952
:1035E0008A00B96902F01C02D0404A6810F00F004E
:1035F000546901D10F9A02E0029951F82020414606
:10360000384627E003980799411A0C984A1ED208B9
:1036100050F82200491E890001F01C01C84002999F
:1036200010F00F000A680CBF0F9951F8201001200C
:10363000FCF77EFE0298394602680120FCF7ABFEDB
:10364000BC6902984346D4F804C002684146384633
:10365000DCF81440A047109C002EC8BF002D15DCDC
:10366000B9F1000F06DD119A0898022100F0BDFEA5
:10367000C0B207E0089841689DF8000001FA00F028
:1036800000F00300002E7FF5ADAE002D3FF7E1AE58
:1036900000F0010191EA600F3FF4DBAE14980028BE
:1036A00005D4129A1399089800F09FFE08E0089834
:1036B00041689DF8010001FA00F09DF803100840F0
:1036C000019A0199801AC0B206908842BFF678AE7E
:1036D00006990B98C90850F821500698810001F00E
:1036E0001C01CD4078E603970D9C0F9E089FDDF8E6
:1036F00028A0099DB9F1000F46D103980123424645
:10370000D0F818E04146DEF80490D9F80CC0E04744
:103710002079C10717D50298314602680120FCF7CD
:1037200007FE0298039902680120FCF734FE039813
:10373000029A4346D0F818C012684146DCF80440AB
:10374000D4F814C0E0473879C1071DD50298062285
:103750002B1D01680092281D019100EB8A02514641
:103760000120FCF780FE0298039902680120FCF713
:1037700012FE02990020009003980A684346876968
:1037800041467C682769B847179840B90398314685
:10379000FCF710FF059003984146FCF70BFF039DD3
:1037A000189C07E0029800EB8401091F2846FCF7EB
:1037B0008EFD641E002CF5D1159AE86902A9FFF769
:1037C00099FA5C4606E0696901EB8402111F00F07A
:1037D00024FD641EE869002CF5D1A9694A6805F149
:1037E000140192699200FFF785FA059819B0BDE8B7
:1037F000F08F00BFFC3700080838000810010000F7
:103800004024521561367307012000000310012087
:10381000021001402DE9FC47814600200F469246E8
:1038200000903A681E4669464846002500F0EAFCCA
:103830005FEA000838D100980021012400F019FD4A
:10384000009A39460120AAF1010700F021FD04FA8F
:1038500007F71CE00021715513E000984168C80784
:10386000F8D504FA0AF0421E11404AB27BB29A42DD
:10387000A8BFC91B7155009A49B249421046FEF7CC
:10388000E5FE009A01216D1C1046FEF770FD0098C0
:10389000002100F07BFD0028DFD00A9800B1056010
:1038A0006946484600F0B9FC4046BDE8F68700008E
:1038B00000B581B00168074A914200D110B90648AD
:1038C00001B000BD7C2108F0EBFA4FF4003001B0EC
:1038D00000BD00BFA8390008030002000F4A2DE90F
:1038E000F04790B0B2E8F8516946DFF834A0A1E89B
:1038F000F851B2E8F851A1E8F851D0F80090D1455C
:1039000000D118B9074810B0BDE8F08740226946D9
:10391000083000F06EFF10B0BDE8F08758C3000813
:10392000A839000803000200412904D20268044BB0
:103930009A4200D108B903487047083000F068BFC8
:10394000A83900080300020010B481B013460268D1
:10395000074CA24200D118B901B0064810BC70470C
:1039600000F1240201B0083010BC00F055BF00BFC8
:10397000A83900080300020010B481B013460268A1
:10398000074CA24200D118B901B0064810BC7047DC
:103990000A4600F1240101B0083010BC00F090BFCD
:1039A000A839000803000200B1380008DD3800081B
:1039B000293900084939000879390008F0B504466A
:1039C000BDB00B480D4616461F460290094B10220B
:1039D000802104A800F009FF429800973346019027
:1039E0002A46214602A8FEF75DFC3DB0F0BD00BFAF
:1039F000A839000820C6000810B5040008BF00243C
:103A000008D005482060054B1022802104F10800F1
:103A100000F0EBFE204610BDA839000820C60008C3
:103A20002DE9F14FADF5327D0A6812A80DF1C80CF1
:103A300013BA4A684FF0100E12BACDE912238A6801
:103A400013BACA6812BAC0E902230A6913BA4A69EA
:103A500012BAC0E904238A6913BACA6912BAC0E962
:103A600006230A6A13BA4A6A12BAC0E908238A6AA4
:103A700013BACA6A12BAC0E90A230A6B13BA4A6BAC
:103A800012BAC0E90C238A6B13BACA6B12BAC0E926
:103A90000E230A6C13BA4A6C12BAC0E910238A6C5E
:103AA00013BACA6C12BAC0E912230A6D13BA4A6D6E
:103AB00012BAC0E914238A6D13BACA6D12BAC0E9EA
:103AC00016230A6E13BA4A6E12BAC0E918238A6E18
:103AD00013BACA6E12BAC0E91A230A6F13BA4A6F30
:103AE00012BAC0E91C238A6FC96F13BA91FA81F226
:103AF000C0E91E235CE90401C70C43034FEAC10A75
:103B0000C60047EA413743EAD1434AEA507A46EAD7
:103B10005176800940EA81607E4083EA0A0A86EA9B
:103B200000078AEA911B5CE90E015CE91E4838181F
:103B30004BEB010122465FEA58034FEA3202250AA5
:103B400045EA08654FEA046A43EAC4734AEA182A58
:103B500082EA0506E20942EA486283EA0A0A8AEA38
:103B6000D81372405CE9207B80185941C01941EBA1
:103B70000B01CCE900015CE9026AF70C47EA4A371D
:103B80004FEA463949EADA495CE91C23F500CDE9F8
:103B900000794FEACA0949EA567945EA5A75DDE9DA
:103BA000007BB60946EA8A667D408BEA09097540C2
:103BB00089EA9A195CE90C6AAE19154649EB0A0ABA
:103BC0005FEA53094FEA3505CDE9006A2F46150A29
:103BD0004FEA026A49EAC27B45EA03654AEA132AC8
:103BE000D60946EA43667D408BEA0A096E4089EAB7
:103BF000D31ADDE90059AE1949EB0A0A34194FEA24
:103C000040394AEB0808C70C47EA413749EAD1492D
:103C1000CCE902485CE91A6ACDE900794FEAC109AA
:103C2000C50049EA507945EA5175DDE9007B800914
:103C300040EA81607D408BEA0909454089EA911993
:103C40005CE90A012818354649EB01015FEA5A0987
:103C50004FEA3505CDE900012F46350A310649EA1C
:103C6000C67B45EA0A6541EA1A21F00940EA4A6042
:103C70007D408BEA0109684089EADA11DDE90059E3
:103C8000281849EB010182184B41CCE90423E50CCB
:103C90005CE9180145EA4837630343EAD84B4FEA29
:103CA000C803E20043EA547342EA5872A40944EAA2
:103CB00088647A408BEA0303544083EA98185CE9ED
:103CC0000823A71848EB030B04465FEA510848EAAB
:103CD000C0734FEA34044FEA0068050A48EA112825
:103CE00045EA0165C00940EA416083EA0809654088
:103CF00089EAD111684038184BEB0101801941EB7A
:103D00000A01CCE906010CF1200CBEF1010E7FF492
:103D1000F1AEB298B29EDDF8C8C2D0E92848D0E929
:103D20002A23DCE93259DDF8C8E2D0E92C01D6E9D2
:103D30002E6ADCE9307BCDE90859DEE93459DDF83B
:103D4000C8E2DFF858C3CDE90659DEE93659CDE9B6
:103D50000401CDE90A6ACDE910592825CDF838C00B
:103D60000DF1480E38465946DDE9106AAC460E9D05
:103D700008350E95083DD5E90059CDE90C59FEE806
:103D8000027BCDE9006A850BCDE9027B4FEA804AD0
:103D9000870C4FEA803945EA81464AEA913A47EA78
:103DA000813749EA914986EA0705C6058AEA090981
:103DB0004FEAC15A4AEA502A46EA51266E4089EA39
:103DC0000A0ADDE90059AE1949EB0A0ADDE908598A
:103DD00000EA050701EA090BDDE9065985437D4044
:103DE00029EA01098BEA090975194AEB0909DDE994
:103DF0000C6ACDE90C48AD1949EB0A09DDE9026A04
:103E0000AE1949EB0A0A270F4FEA041947EA0817C7
:103E100049EA1879A50745EA9805CDE900794FEAFE
:103E2000887949EA9409DDE9007B7D408BEA09093C
:103E3000CDE900594FEA4869650649EAD41945EACF
:103E4000D815DDE9007B7D408BEA0909CDE90059F1
:103E5000DDE90459554004EA050783EA090908EA3F
:103E6000090BDDE9045915407D4003EA09098BEA95
:103E70000909DDE9007B0E9C7D194BEB0909DDE9A1
:103E8000067BCDE9107BDDE9087BCDE90801DDE9A2
:103E90000A01CDE9067BDDE9047B801941EB0A01CB
:103EA000CDE9042372194AEB090308340E94DDE9C5
:103EB0001059CDE90A7B083CD4E90048FEE8026AC3
:103EC000CDE90259870B4FEA804947EA814749EA21
:103ED0009139CDE90079870C47EA81354FEA80397D
:103EE00049EA9149DDE9007B7D408BEA0909CDE98A
:103EF00000594FEAC159C50549EA502945EA5125FB
:103F0000DDE9007B7D408BEA0909DDE9027B7D1953
:103F10004BEB0909CDE90059DDE9085900EA05072D
:103F200001EA090BDDE90659854329EA01097D40CB
:103F30008BEA0909DDE9007B7D194BEB09092C1996
:103F400049EB0808A41948EB0A08150F45EA0316BF
:103F50004FEA021A4FEA837995074AEA137A49EA47
:103F6000920945EA930575408AEA09094FEA436ACE
:103F700056064AEAD21A46EAD3166E4089EA0A0A77
:103F8000CDE9006ADDE90C59DDE9046ADDE90C7B65
:103F90006E4089EA0A0ADDE90459164003EA0A0A72
:103FA0003D400BEA09096E408AEA090ADDE9005939
:103FB000DDE9087BCDE90801AD1949EB0A09DDE926
:103FC000066ACDE9067BDDE90A01DDE9047B00191B
:103FD00041EB0801CDE90A7BDDE90C7B641948EB74
:103FE0000908CDE9047BBCF1010C7FF4C0AEDDF81B
:103FF000C8C2CDE90C23DDE90823DCE9287BDDE933
:1040000006593C194BEB0808CCE92848B29CDDF86E
:10401000C8C2D4E92A7BDDE90C483C194BEB0808FF
:10402000CCE92A48B29CDDF8C8C2D4E92C7BDDE992
:1040300004483C194BEB0808CCE92C48B29CDDF84D
:10404000C8C2D4E92E7BDDE90A483C194BEB0808CD
:10405000CCE92E48B29CD4E9307B38184BEB0101F7
:10406000C4E93001B298D0E93248A21848EB030302
:10407000C0E93223B299D1E93423521943EB090341
:10408000C1E93423B299D1E93623921943EB0A03EB
:10409000C1E936230DF5337DBDE8F08FA0C30008DC
:1040A000F8B501240094002300240DE0009D065D76
:1040B0000F5D641C7E40F643761CF60F86F0010609
:1040C00035400095009DEB189442EFD31846F2BDA1
:1040D000F8B5002301240094002A11E0009C851803
:1040E00015F8016C8F1817F8015C6E40F643761CCA
:1040F000F60F86F0010634400094009CE318521E2F
:10410000ECD11846F2BD0000A1400008D1400008E3
:10411000010000002DE9F84F1D46DDF828900B9FA7
:104120000D9C4FF0FF330093D9F800B00E46924635
:10413000804632465146D847834664B3D9F80430A6
:1041400032465146404698476FEA0B02521C00998E
:1041500042EA0B026FEAD2735B1C1940C243009122
:10416000521C009902436FEAD2735B1C1940009104
:1041700086F05531484087EA000181F055312160D1
:1041800080F05531C943491C009A08436FEAD0704A
:10419000401C82430092D9F80800012809D17540DB
:1041A000E943491C00980D436FEAD572521C9043B5
:1041B0000AE0F11C85EA91020098D243521C154393
:1041C0006FEAD5735B1C984386F0AA3686EA0B0625
:1041D00086F0AA33F243DB43C2F3C0725B1C00904B
:1041E00042EAD3720C980099D243521C9143009139
:1041F0000099774087F0AA37884300990F403843E9
:10420000BDE8F28F38B51546AA000C46121DFEF720
:1042100052FD08B921680D6032BD10B50C46236807
:104220001A689200121DFEF765FD0023236010BD81
:1042300003460020002B70B518BF002900D00AB932
:10424000012070BD1C68A24228BF2246012406E05E
:1042500001EB840555F8046C43F82460641CA24209
:10426000F6D21968A14224BF43F82400641CF8D296
:1042700070BD024600200AB901207047516002213A
:1042800002E042F82100491C13688B42F9D27047C2
:104290002DE9F84307461646306888460025401C3D
:1042A0007A42D8F8004004E058F82010401C114031
:1042B0000D438442F8D23068A04238BF04465FEA1A
:1042C00004090AE056F8292058F829103846FEF764
:1042D000BCFC46F82900B9F10109F3D1641C791E30
:1042E00005E056F82400084046F82400641C3068B5
:1042F000A042F6D2002D14BF03200020BDE8F283B7
:10430000404251400840504070472DE9F0478446F4
:104310008E46DEF80050DCF8001000270126BA4671
:10432000A9420FD3084664460121854224D254F89D
:1043300020200023524263EB430303F001031F4399
:10434000401EF2E728460D4674464FF0FF31EEE777
:104350005CF820205EF8204000250023B4EB020822
:1043600065EB03096240521E06EA090563F100038A
:1043700045EA0A0A1E40401E0028E9D106EB4A021F
:104380003846521EBDE8F047FEF75FBC10B50A463E
:104390000023016803E050F82140491E234302290D
:1043A000F9D240680021424042EA0300FEF755FC82
:1043B000BDE81040FEF74EBCF8B505462E68002259
:1043C00034000BE05742174355F82410FF43F80F11
:1043D000FEF73BFC0246A6EBD776641EF2D11046F0
:1043E000FEF747FC00EB4610F2BDF8B50646306814
:1043F0000C46570902F01F05791CFEF733FCBB1C65
:1044000041420B4056F82310002204F01F04FEF72F
:104410001CFC06EB87014A68EA40C5F1200500FA5A
:1044200005F5012000FA04F41543641E04EA0500B2
:10443000F2BDF8B500230AB110B909B10120F2BDEF
:104440001468CD1CB4EB950F01D20320F2BDB9B3B3
:10445000002410E0061996F802C0F77802EB8505F3
:104460004FEA0C4C4CEA076C77783678241D4CEAFE
:1044700007273E436E60A508CE1EB442EAD311F072
:10448000030F11D06D1C42F825300BE0075D52F888
:1044900025604FEAC30C07FA0CF73E4342F825604B
:1044A0005B1C641C8C42F1D3E41CA408641C002136
:1044B0001068A04224BF42F82410641CF8D202E025
:1044C0001046FFF7D6FE0020F2BDF0B5034618688F
:1044D0004C1E0025800001E0A554521E9042FBD3E3
:1044E00012F003001FD0950803EB85067568461E81
:1044F000F60025FA06F7A754521E401EF7D112E027
:10450000940853F824508818001F2D0EC57053F8D6
:104510002450121F2D0C857053F824502D0A45701D
:1045200053F824400470002AEAD1F0BD2DE9F04F81
:104530000AB4DDF82C404FEA82024FF0000C5FEA2B
:10454000020EBEF1040E43F80EC07FF4FAAF5FEA2C
:10455000020E50F804AB51F804BB1F684FF0000680
:10456000EAFB6B670C9D06FB05FB20CC4FF00008B7
:10457000B146EBFB6589B2F104055E6851F8048B26
:10458000EAFB6867B04640CCEBFB668943F8048BD6
:104590002D1FF2D100990B9C17EB0C064FF0000772
:1045A00047EB070716EB09084FF0000949EB09092B
:1045B000C3F8008007EB090C019BBEF1040EC8D1C3
:1045C0009A46A346151E35B140CB80CCBE41A5F11D
:1045D0000405FFF7F8BF66EB0606B4446FEA0C0C5F
:1045E00053465C46151E4DB1D3F8006080CC07EAF7
:1045F0000C07BE4140C3A5F10405F4E702B0BDE8D5
:10460000F08F2DE9F04FDDF8244009924FEA810147
:104610004FF0000BABFB0BA58C46BCF1040C50F823
:104620000CE043F80CE000D0F7E70844D3F8009022
:10463000ABFB0B7809FB04F90E469E46DEF80070D2
:1046400052F804CBA6F10406E9FB6C7856B1DEF80B
:10465000047052F804CBA6F10406E9FB6C784EF81E
:10466000047BF3E7099A80C84FF0010CEAFB6C78F1
:10467000CEF80070C24605F104058D42D6DB9C469B
:1046800093460D1E35B15CF8046B80CABE41A5F19E
:104690000405F7E766EB06060AEB060C6FEA0C0C5E
:1046A0009A465A460D1E4DB180CA5AF8046B07EA65
:1046B0000C07BE4140C3A5F10405F4E7BDE8F08F47
:1046C0002DE9704F92005FF000095FEA420BABF1F9
:1046D000040B04D0BBF1040B43F80B90FAD15FEA52
:1046E000020B17D0002450F804CB9E4692460E468B
:1046F000DEF8005056F8048BECFB68544EF8045B6F
:10470000BAF1040AF4D1CEF8004003F10403BBF17E
:10471000040BE7D1BDE8708F4022A03007F0BEBB8C
:104720002DE9F84F826800258346970802F00302BE
:1047300000927A0102F02008C8F120080E4629E014
:10474000A900680801F0040101EBC00174186901B7
:104750000BEBC00A01F02009DAE92801C9F12009B0
:104760004A4600F0D7F9E070DAE928014A466D1CA4
:1047700000F0D0F9000AA070DAE928014A4600F0FA
:10478000C9F9000C6070DAE928014A4600F0C2F964
:10479000000E2070BD42D3D30024009D11E00BF128
:1047A000A0017A0801EBC203D3E90001424600F000
:1047B000B1F9E100C1F11801C84004EB8702B0541F
:1047C000641CAC42EBD3BDE8F18F70B5C4680369DB
:1047D00000220025E31AD418044404F81C5F8E5C00
:1047E000521C082A2672F6D370BD0360C1600261B4
:1047F000704738B5154604460022626023685A683F
:10480000904700206061A061A5604FF4003032BD88
:1048100081604FF4003070472DE9F8430446207959
:10482000D4F80C80450748BF244844D466691D4627
:10483000A8F1010000EAD60306EBC5066661B6EBF7
:10484000C50F02D2A669761CA661A669174606EBBB
:104850005576A6610E46E918884224D2A8EB0309D2
:104860004A463146F81807F019FB226839460EE02F
:104870004246384607F012FB2368394620461A683C
:10488000904707E0311811F00300F1D1226820466B
:1048900013689847484600EB0809A9F10101A942AD
:1048A000F0D3002300E000202A1A3118F81807F08E
:1048B000F5FA4FF40030BDE8F28300BF04000200B7
:1048C0002DE9FC4F85B00246D06813690027DFF858
:1048D0006CC1A0EB030A50680DF10C0EDFF860818B
:1048E00040F00400506003A80290D8E9003403A807
:1048F000544DC0E900342878534D00280CBF0023E4
:10490000042399465CF803305EF8094001262344ED
:104910001D601C689E60DCF80430039DDCF800908C
:10492000DEF804605D406540484C654089EA060653
:10493000474C66407519474CD8E9006B6540002824
:1049400003ACC4E9006B029E0EBF002404200424C3
:104950005CF800003459012620183F4C04600468BC
:1049600086600398029E434063407068374C634002
:1049700089EA0000364C6040034438484340280030
:1049800018BF01205B1E9B41042F2CBFC0B2D80F63
:1049900002F1140353F8200007F00303C3F10303EB
:1049A000DB00D8400DF807007F1C082F9DD315466B
:1049B0006A69AB69E868D20842EA4372401E002384
:1049C00000EA020702400C469B420AD8524508D230
:1049D0008020E0557F1C574516D2AAEB0701E0194D
:1049E00010E08020E05500E0E355E8687F1C874236
:1049F000FAD32A68284613689847BAF1000F03D003
:104A00005146204607F04CFA2A68069E059F936897
:104A10006946284698472A6821462846D2F80090D9
:104A2000C8472B6839462846DA6890470EB1A8680F
:104A300030604FF4003007B0BDE8F08F18C30008B5
:104A4000604A00084C0800205FC5109304850012DE
:104A5000FC68017AC0F524FF24AF33D426AF698BFC
:104A600004B0010100170145034613F8012B002A89
:104A7000FBD1181A0138704770B4840746D04C1E19
:104A8000002941D0D5B2034602E0611EE4B30C46D2
:104A900003F8015B9907F8D1032C2ED9D5B245EA6A
:104AA00005250F2C45EA054519D9264603F11001C5
:104AB000103E0F2E41F8105C41F80C5C41F8085C88
:104AC00041F8045C01F11001F2D8A4F1100121F0C9
:104AD0000F0104F00F041031032C0B440DD91E46B6
:104AE00021460439032946F8045BFAD8211F21F036
:104AF000030104310B4404F003042CB1D2B21C4472
:104B000003F8012BA342FBD170BC70470C4603464F
:104B1000C2E70000D0400B00D1409C46203AD34071
:104B200018435242634693401843704753B94AB9F9
:104B3000002908BF00281CBF4FF0FF314FF0FF30A5
:104B400000F0B2B9ADF1080C6DE904CE00F006F842
:104B5000DDF804E0DDE9022304B070472DE9F04FF1
:104B60008C46099E04460F46002B48D18A421546C2
:104B70005ED9B2FA82F33BB1C3F120029F409D405F
:104B80009C4020FA02F217434FEA154E1FFA85FCAB
:104B9000220CB7FBFEF10EFB117701FB0CF042EA91
:104BA0000742904207D9AA1801F1FF3702D290427A
:104BB00000F258813946121AA4B2B2FBFEF00EFB85
:104BC000102200FB0CFC44EA0244A4450BD92C192A
:104BD00000F1FF322CBF01270027A44502D9002F86
:104BE00000F04381104640EA0140A4EB0C04002190
:104BF0001EB1DC400023C6E90043BDE8F08F8B42C4
:104C000006D90EB1C6E9000100210846BDE8F08FC3
:104C1000B3FA83F1002951D16345C0F01681824275
:104C200040F213810846002EE7D0C6E90047E4E7CA
:104C3000002A00F0AF80B2FA82F3002B40F0C2806D
:104C40008A1A4FEA154EAFB20121200CB2FBFEFCCE
:104C50000EFB1C2240EA024207FB0CF090420ED9E8
:104C6000AA180CF1FF382CBF4FF001094FF00009D2
:104C7000904203D9B9F1000F00F0F080C446121A37
:104C8000A4B2B2FBFEF00EFB102200FB07F744EAD1
:104C90000244A7420ED92C1900F1FF322CBF4FF06D
:104CA000010E4FF0000EA74203D9BEF1000F00F035
:104CB000D2801046E41B40EA0C4099E7C1F1200580
:104CC0008B400CFA01F400FA01F922FA05F72CFAEC
:104CD00005FC8A401F4320FA05F3380C23431FFAD2
:104CE00087FE1C0CBCFBF0F800FB18CC44EA0C441B
:104CF00008FB0EFCA4450ED93C1908F1FF3A2CBF65
:104D00004FF0010B4FF0000BA44503D9BBF1000F8E
:104D100000F0B880D046A4EB0C041FFA83FCB4FB6F
:104D2000F0F300FB134403FB0EFE4CEA0444A645DB
:104D30000ED93C1903F1FF302CBF4FF0010C4FF09E
:104D4000000CA64503D9BCF1000F00F09F8003467C
:104D500043EA0840A4EB0E04A0FB02EC6445734652
:104D6000E04602D307D1F14505D2BEEB02036CEB5E
:104D7000070C0138E0465EB1B9EB030264EB0804AE
:104D800004FA05F522FA01F3CC401D43C6E90054AC
:104D9000002132E742082F464B08AC4642EAC17276
:104DA000AE46C407110C92B241EA034142EA014205
:104DB000B1FBF5F1B3FBF5F01F23A2EB0C0241EAC6
:104DC000004142E79D40C3F1200299409C402CFAEB
:104DD00002FC4FEA154E20FA02F2AFB2BCFBFEF81D
:104DE0000A430EFB18CC110C41EA0C4108FB07FCEE
:104DF0008C4550D9691808F1FF302CBF4FF00109DC
:104E00004FF000098C4502D9B9F1000F30D0A1EB69
:104E10000C01B1FBFEF808FB07FC0EFB181192B267
:104E200042EA0142624534D2AA1808F1FF312CBF90
:104E30004FF001094FF000096245BED2B9F1000FF1
:104E4000BBD1A8F102012A44B7E7841A6CEB030234
:104E500001201746E7E62C4402382BE7ACF1020CA0
:104E60002A440CE702392A44A5E62C440238BAE663
:104E7000A5EB0C0CA8F102006144B1FBFEF808FBA5
:104E800007FCCAE7A8F102083C4444E7023B3C4463
:104E90005EE7414691E7A1EB0C014046B1FBFEF80D
:104EA00008FB07FCB9E700BF704700BF084B9842FA
:104EB00009D003F1E25303F5852303F22E43984210
:104EC00003D101207047002070470220704700BFC7
:104ED000DEC0DE5170B596B00446502302AA002110
:104EE000006802F039FB002842D105461398FFF70D
:104EF000DDFF022840D0159B33F07F433ED022686F
:104F0000926893423CD813F0030F3BD19DF8573081
:104F10003F2B39D913F0400F0BD150269DF9573054
:104F2000002B15DB159BC3F31703B34221D00925D2
:104F30001FE00023019304230DEB0302502120689E
:104F400002F00AFB10B9019E5436E7E7032510E092
:104F50000023019304230DEB03023146206802F085
:104F6000FBFA18B90436019B1E44DBE7032500E079
:104F70000325284616B070BD0725FAE70925F8E78E
:104F80000925F6E70925F4E70925F2E700B583B01E
:104F900004230DEB03024421006802F0DDFA20B97E
:104FA0000198FFF783FF03B000BD0220FBE700007C
:104FB000F8B504460E4601F01BFB054624B1012C52
:104FC00007D008242046F8BD88B1012811D10B4F25
:104FD00000E00B4F3846FFF77DFF04460028F1D173
:104FE0003846FFF7D3FF854205D13760EAE7054F22
:104FF000F0E70724E6E70D24E4E700BF14070020EC
:10500000100700201807002008B50A46042348218D
:10501000006802F0A1FA00B908BD0320FCE710B552
:10502000A8B0044650230DEB03020021006802F0F3
:1050300093FAE8B9279AC2F31702149B043A0421A1
:10504000206801F063FCA0B90390279AC2F317020D
:1050500003AB009304AB443A4421206801F086FC82
:1050600038B9402315AA039904A801F0FBFC00E01D
:10507000032028B010BD2DE9F04184B004460D4650
:105080001646042303AA4C21006802F065FA0028A2
:1050900040D10021029101919DF80F3013F0400F93
:1050A0000BD14FF050089DF90F30002B0FDB502132
:1050B000D5B1012D27D0012022E0042302AA5021DE
:1050C000206802F049FA38BB4FF05408EBE7029928
:1050D00001EB080704230DEB03023946206802F0B8
:1050E0003BFAD8B9391DE3E79DF80F3013F0400FB4
:1050F00016D0029A33464146206802F08BFA98B9DE
:1051000004B0BDE8F0819DF90F30002B0ADA019A56
:105110008846EFE70320F3E70320F1E70320EFE7FA
:105120000220EDE70220EBE70620E9E710B588B0A2
:1051300007A9FFF73DFF002838D10798FFF76FFF59
:10514000044600283CD1012001F060FB0446002801
:105150003DD102AA00210798FFF78DFF04460028E1
:105160003CD0022846D102AA01210798FFF783FF0D
:105170000446002845D0022850D101A90798FFF71E
:1051800043FF0446002850D1019801F099FB0446E2
:10519000002851D1002001F039FB044668B10346D4
:1051A000294A2A49002001F0A5FC06E004460346EE
:1051B000254A2749002001F09DFC204608B010BD7B
:1051C0000346214A2349002001F094FCF5E70346F9
:1051D0001D4A2149002001F08DFCEEE7049A1F4989
:1051E000022001F087FC02A800F0E6FA044600283D
:1051F000B9D0E2E70346144A1949002001F07AFCCD
:10520000DBE7049A1749022001F074FC164902A852
:1052100000F014F904460028AFD0CEE703460A4A4E
:105220001249002001F066FCC7E70346064A104910
:10523000002001F05FFCC0E70346034A0D4900204F
:1052400001F058FCB9E700BF1CD3000884C7000870
:1052500034C6000854C6000874C600089CC600087E
:10526000C0C60008E4C60008BC07002008C7000844
:105270002CC7000850C7000808B501F08BFA18B910
:10528000024800F01DF808BD0B20FCE7BC07002019
:1052900008B50A4800F07CF8022809D0032808D095
:1052A000012807D101F0DEF9022805D9032000E02A
:1052B000012008BD0020FCE70220FAE7BC0700201F
:1052C00070B598B00446294E0C2315AA2849891BAD
:1052D00002F042F950BB482303AA1599891B2046C6
:1052E00002F03AF9034648BB139B224A93422CD161
:1052F000159A4432149B921B0021204601F006FBB4
:10530000054658BB0021029102AB00931A4B159A37
:10531000921B204601F02AFB0546E0B9402303AA70
:105320000299154801F09EFB054614E00346134A16
:105330001349002001F0DEFB03250CE00F4A114960
:10534000002001F0D7FB032505E00C4A0E490020A0
:1053500001F0D0FB0E25284618B070BD0346074A61
:105360000A49002001F0C6FBF5E700BF0020010854
:1053700088210108298A44945008002064D3000839
:10538000ACC70008CCC70008ECC7000818C8000864
:1053900030B589B00446204D0C2305AA1F49491B8E
:1053A00002F0DAF8E0B9102301AA0699491B204659
:1053B00002F0D2F80446E8B91022194901A806F013
:1053C000FFFC28B31022174901A806F0F9FC08B326
:1053D0001022154901A806F0F3FC98B9032406E051
:1053E0000346124A1249002001F084FB03242046A0
:1053F00009B030BD03460D4A0E49002001F07AFB8A
:105400000324F4E7094A0C49002001F073FBEEE79E
:105410000224ECE70124EAE70020010888210108C2
:105420009CD300088CD300087CD3000848D3000824
:10543000ACC700083CC8000860C800082DE9F0436C
:1054400083B007460E468A680021304602F0C6F84F
:10545000002844D18046002513E0224A224900203A
:1054600001F048FB4FF00308404603B0BDE8F0836D
:1054700023461E4A2946304602F08FF8034618BBE1
:105480002544BC68AC42EFD9641BB4F5807F28BFCB
:105490004FF480742346154A2946384602F05CF8DA
:1054A00003460028D9D1F268B4FBF2F302FB1343A0
:1054B000002BDDD0A2EB03094A46FF210B48204414
:1054C00006F0A7FC4C44D3E7BA6801920095054A60
:1054D0000749002001F00EFB4FF00408C4E74FF02D
:1054E0000508C1E738D3000880C80008500800202C
:1054F00094C8000810B51446044806F0D4FC044BC8
:105500001C60044B01221A7010BD00BFE00900208E
:10551000DC090020D809002070B505460E46074C6E
:10552000204605F0D9FA4FF0FF33B2B229462046A3
:1055300005F06EFD204605F0F5FA70BD2C0D00203B
:1055400008B50B4601220146034805F0CAFD08B123
:10555000002008BD0120FCE72C0D00202DE9F041C2
:105560001D46DDF818802D4B1B68002B52D00746D6
:1055700016462B4B01221A7000225A70D87001B1C6
:1055800096B9284B1B78002B46D1002D40D0013D09
:10559000321DD2B22249214B186802F031FD01F0D0
:1055A00087FE00EB080408E03246181D06F07BFC7D
:1055B000E7E71A4B186802F05FFD01F079FEA042A0
:1055C00003D2184909780029F3D0164B1B78002B19
:1055D000D7D0144B00221A70134B1B68032BD0D961
:1055E000124BDA78BA4206D1104B587810F002000C
:1055F00006D1BDE8F0810E49002001F07BFAC0E73A
:105600003B460A4A92780B49002001F073FAB8E74A
:105610001720EEE71620ECE71720EAE7E00B002062
:10562000E00A0020D8090020DC090020E009002061
:10563000C0C80008F4C8000830B585B0154B1B6819
:10564000DBB101248DF80C40134D0021286801F0D6
:1056500093FA642001F03EFE2146286801F08CFA9E
:10566000642300930A23224603A90220FFF776FF52
:10567000044648B9204605B030BD0849084802F044
:105680006FFC044B1860DCE702460649002001F07D
:1056900031FAEFE7E00B002024070020F554000862
:1056A0001C07002020C9000800B585B000238DF834
:1056B0000C306423009301231A4603A90220FFF74C
:1056C0004DFF48B9074B186820B102F095FC054B17
:1056D00000221A6005B000BD02460349002001F017
:1056E00009FAEFE7E00B002020C9000830B585B0CB
:1056F00004460D4601228DF80C20642300931346C6
:1057000003A90320FFF72AFF38BB254B1B680C2B8E
:1057100029D9244B1A79012A2AD1224BD3F80530F2
:105720002B6002238DF80C306423009301231A466A
:1057300003A90320FFF712FF0546F0B9184B1B68B9
:105740000C2B20D9174B1A79022A22D1154BD3F8EA
:1057500005302360284605B030BD024612490020BE
:1057600001F0C8F9DDE71149002001F0C3F9D0E7E5
:105770000F49002001F0BEF9D3E702460D49002091
:1057800001F0B8F9E6E70949002001F0B3F918255E
:10579000E0E70749002001F0ADF91825DAE700BF7E
:1057A000DC090020E009002054C9000884C9000871
:1057B000B0C90008ECC90008F0B585B00646FFF78F
:1057C0003BFF044610B1204605B0F0BD0023039313
:1057D000029303A902A8FFF789FF044640B9244BAE
:1057E00000251D601A7842F001021A705D601AE00F
:1057F0000346204A2049002001F07CF9EFE741F2FE
:10580000883300930123882219490520FFF7A6FE5B
:10581000044608BB3D44164B5A6801325A601A7858
:1058200022F001021A70B368AB421DD95C1B2746F7
:10583000802C28BF80273B46104A2946304601F07D
:105840008BFE80B97F2CDAD8C7F18002FF210B488C
:10585000384406F0DEFAD2E702460949002001F09A
:1058600049F9182400E00324FFF71EFFABE700BF4F
:1058700050090020ACD3000818CA000858090020BD
:1058800034CA000808B5364A936A23F4E06323F06B
:10589000030343F4007343F002039362516B314BF3
:1058A0000B4043F0807343F023035363136843F0CA
:1058B000807313602A4B1B6813F0007F0CD0284ABA
:1058C000936A43F480239362274A136823F00F03FB
:1058D00043F00303136002E000BFEBE700BF224B7D
:1058E0001B6803F00F03032BF8D11D4B1A6A22F03B
:1058F00007021A62D3F8002222F01002C3F8002235
:10590000D3F8002222F0070242F00502C3F8002279
:105910001A6A22F070021A621A6A22F4E0621A62AB
:105920005A6A22F070025A62DA6942F00302DA61BE
:1059300000E000BF0A4BDB6903F00C030C2BF8D12D
:105940000A4B00221A601A64094805F0D9FD094B78
:10595000D3F8883003B908BD064805F041F9FAE7E5
:10596000000C024600FEFF80002002400060024062
:1059700000D8B805EC0B002008B52B4B4FF4803253
:105980001A601A64294AD36923F00303D36100E043
:1059900000BF264BDB6913F00C0FF9D1234B9A6A39
:1059A00022F480229A621A6822F080721A601F4BD9
:1059B0001B6813F0007F01D000BFF8E71C4A136892
:1059C00023F00F03136000E000BF194B1B6813F0B6
:1059D0000F0FF9D1154B1A6A22F007021A62D3F899
:1059E000002222F01002C3F80022D3F8002222F095
:1059F0000702C3F800221A6A22F070021A621A6AB9
:105A000022F4E0621A625A6A22F070025A6209486D
:105A100005F076FD084BD3F8883003B908BD064879
:105A200005F0DEF8FAE700BF00600240000C024615
:105A3000002002400024F400EC0B002008B5164AB8
:105A40001649022001F056F8154802F033FF1548B8
:105A500004F0EEF9144804F0F9FD00BF05F048FE2B
:105A60000028FAD005F03CFE104AD2F8883023F026
:105A70000103C2F88830FFF77FFF0D4B0222DA6086
:105A80001A6822F001021A60094B1B6813F0010F1B
:105A900001D000BFF8E708BD0020010860CA000877
:105AA000840E0020F40D00202C0D0020000C024676
:105AB00000040340074A084B9A60084B1B6883F3B5
:105AC0000888074B1A68074B104619460968D1F831
:105AD00000E008470020010800ED00E00020010878
:105AE000E40B00200420010800B58BB0444B1A6879
:105AF00022F004021A601A6842F001021A60FFF7ED
:105B0000C1FE01F0EFFE05F0D1FD3E4805F070FE4C
:105B10003D4A3E49022000F0EDFF3D4A3D4902204A
:105B200000F0E8FF3C4A3D49022000F0E3FF3C4A18
:105B30003C49022000F0DEFF02F052FD0990C0F364
:105B400007230093C0F30743020E3749022000F0F9
:105B5000D1FF05A805F0FAFE079B0193089B00936F
:105B6000059B069A3149022000F0C4FF304BB3F880
:105B7000A0104FF6FF73994203D021B94FF4806112
:105B800001E04FF480612B4B9A0AB1EB932F22D0A6
:105B9000B3F5801F00D31A0DB3F5801F17D3264B22
:105BA000B1F5806F15D3890A2348019000912349EC
:105BB000002000F09FFF00F06BFB214B03930023BC
:105BC000049303A8FCF79CFB90B90BB000BD1D4BE0
:105BD000E6E71C48E9E7B1F5806F07D3890A164B61
:105BE0000A461949022000F085FFE6E7154BF7E762
:105BF0001649002000F07EFF00F04AFBE5E700BFF9
:105C000000040340BCD1000890CA000898CA0008EC
:105C1000A8CA0008B0CA0008C4CA0008F8CA000828
:105C20000CCB000810CB00082CCB000844CB00089C
:105C30000007F90B0000100088CA000870CB0008AC
:105C4000004142578CCA0008C8CB0008E4CB0008CA
:105C500008B5FFF7F3FE08BD10B53C4BD3F8F420B0
:105C60003B490A60D3F8F41041F40001C3F8F41082
:105C700012F0806F1FD022F08060B0F1006F26D04C
:105C8000B2F1806F26D0B0F1805F3BD0B0F1007FE1
:105C90003BD0B0F1905F3BD0B0F1005F3BD0B0F1B2
:105CA000804F3BD0B0F1C04F3BD0B0F1004F08D196
:105CB0000024284A10E02849012000F01BFF00249E
:105CC0000EE02549012000F015FF002408E0002423
:105CD000224A01E00024224A2249022000F00AFF61
:105CE00034B14FF000531A681F4B9A421CD0002465
:105CF000204600F0F9F91D49002000F0FBFE00F0FD
:105D0000C7FA10BD01241A4AE6E70024194AE3E75E
:105D10000024184AE0E70024174ADDE70024164A69
:105D2000DAE70024144AD7E74FF000535A68134BC0
:105D30009A4201D00024DBE71149022000F0DAFE8C
:105D40004FF0005300221A605A60D1E7000C02465F
:105D5000E40B002034CC00085CCC000800CC000828
:105D60004CCC0008A0CC00084CF9A36DE0CC000896
:105D700040CC000820CC000814CC0008B3065C928C
:105D8000B8CC00080020704738B5EFF3108572B624
:105D9000084B1C6854B120220021204606F039F837
:105DA000204605F057FF034B00221A6085F3108848
:105DB00038BD00BFE80B002070B5EFF3108672B657
:105DC0000D4B1B680BB1FFF7DFFF202005F03AFFFA
:105DD0000446094B186050B1084D0FCD206061603A
:105DE000A260E3600FCD20616161A261E36186F38F
:105DF0001088014B186870BDE80B002004CD000826
:105E0000F8B501F055FA0446334B186800F0C3FEAC
:105E100028BB0121314B186800F0AEFE0A2001F0CA
:105E200059FA01F045FA001B42F20F739842EBD980
:105E300000212A4B186800F09FFE0121284B1868AA
:105E400000F09AFE244B186800F0A5FE044601F00D
:105E50002FFA064601F02CFA054601271CE0002126
:105E60001E4B186800F088FE00242046F8BD1A4B2F
:105E7000186800F090FE60B301F01AFA831BB3F5C6
:105E8000FA7F14D20A2001F025FA01F011FA431B1F
:105E900041F28732934215D8002CE8D10E4B186896
:105EA00000F079FE044601F003FA0546E4E701F04C
:105EB000FFF9064687F001073946094B186800F0DC
:105EC0005BFEDFE700240021054B186800F054FE5C
:105ED000CBE70124F7E700BF300700202C070020A4
:105EE0002807002008B500F083FB013000F0010016
:105EF00048BF4042C0B200F041FB0020FFF716F956
:105F000000B908BD0346034A0349002000F0F2FD32
:105F1000F7E700BFECD3000828CD000810B584B027
:105F20000446FFF76DFF18B92CB9002004B010BD6E
:105F3000FFF7D8FFF8E70023039303A90120FFF739
:105F400037F8044608B10020F0E700F023FC0128F0
:105F5000ECD002A90398FFF757F808B12046E5E70F
:105F600001A800F07DFC28B9029A019B9A42DDD974
:105F70000120DBE70120D9E7BFF34F8F0549CA684D
:105F800002F4E062044B1343CB60BFF34F8F00BFBA
:105F9000FDE700BF00ED00E00400FA0508B501F0E0
:105FA0005DFB18B901F0CEFA58B908BD0A490020C6
:105FB00000F0A0FD00BF05F09BFB0028FAD0FFF722
:105FC000DBFF0649002000F095FD00BF05F090FBC7
:105FD0000028FAD0FFF7D0FF4CCD000878CD00089C
:105FE00008B50849022000F085FD0120FFF79EF862
:105FF00000B908BD0346044A0449002000F07AFDB8
:10600000F7E700BFA4CD000830D4000828CD000871
:1060100008B50849022000F06DFD0020FFF786F862
:1060200000B908BD0346044A0449002000F062FD9F
:10603000F7E700BFC0CD0008FCD3000828CD00085A
:1060400008B5FFF719F908BBFFF722F9012829D095
:10605000022805D11F4900F04DFD00F04BFB21E067
:106060001D49022000F046FDFFF7D2FFFFF704F9BB
:106070000346B8B1194A1A49002000F03BFD00BFA1
:1060800005F036FB0028FAD0FFF776FF0346134AE7
:106090001449012000F02EFDFFF7BAFFFFF7ECF8DE
:1060A000034650B900BF05F023FB0028FAD0FFF7E4
:1060B000CFFDFFF7FFFCFFF75FFF084A084900200C
:1060C00000F018FD00BF05F013FB0028FAD0FFF721
:1060D00053FF00BFE0CD000800CE000818D4000830
:1060E00024CE000860CE000810B50446FFF756FF26
:1060F00002F05AF900F07CFA02461049022000F042
:10610000F9FC2046FFF70AFF044602460C4902202C
:1061100000F0F0FC1CB1012C03D1FFF761FFFFF789
:106120008FFF2346074A0849002000F0E3FC00BF28
:1061300005F0DEFA0028FAD0FFF71EFF8CCE00082B
:10614000A0CE00084CD40008B0CE000800B583B043
:106150000B4BD3F8882042F00102C3F88820D3F813
:10616000883003F001030193019B002208212120C4
:1061700002F09EFA212002F0ABFA03B000BD00BF8E
:10618000000C02462DE9F04389B003AD00240394CE
:1061900004940594069407943A4BD3F88C2042F06B
:1061A0000102C3F88C20D3F88C2002F00102019286
:1061B000019AD3F88C2042F00202C3F88C20D3F865
:1061C0008C3003F002030293029B2F4E0122202108
:1061D000304603F070F9DFF8B48001220221404616
:1061E00003F069F922464FF48061304603F063F909
:1061F00022464FF48041404603F05DF9202303938B
:1062000001270497059406942946304603F01EF8AA
:106210004FF00209CDF80C90049705940694294696
:10622000404603F013F84FF48063039304970594FA
:1062300006942946304603F009F84FF4804303934F
:106240000497059406942946404602F0FFFF8023F8
:1062500003930494059406942946404602F0F6FF01
:106260003A464946304603F026F9CDF80C90112302
:106270000493059406942946304602F0E7FF09B0DE
:10628000BDE8F083000C0246000002420004024216
:1062900008B500BF05F02CFA0028FAD072B6FEE768
:1062A00008B51448144B03604FF480034360002387
:1062B00083600722C260036143614FF080618161A6
:1062C0004FF00051C161036243628362C2624FF0CA
:1062D000804242638363C3638364C364036543652D
:1062E0008365C365036603F003FD00B908BDFFF7CE
:1062F000CFFF00BFF40D00200020004608B509487C
:10630000094B0360002303714371C3606023436141
:10631000802383610323036202F08CFA00B908BD75
:10632000FFF7B6FF840E00200030024008B5124887
:10633000124B03604FF4E133436000238360C3607A
:1063400003610C2242618361C36103624362836221
:1063500004F0B8FF50B94FF08041074805F086F8C7
:1063600030B9054805F05EF820B908BDFFF790FF89
:10637000FFF78EFFFFF78CFFEC0B00200038014089
:1063800008B51548154B03604FF4E1334360002313
:106390008360C36003610C2242618361C361036255
:1063A0004362836204F0D0FF70B900210A4805F00F
:1063B0005DF858B90021084805F07DF840B9064855
:1063C00005F030F830B908BDFFF762FFFFF760FF56
:1063D000FFF75EFFFFF75CFF2C0D0020004400403C
:1063E00008B5354A136823F00F031360324B1B685E
:1063F00013F00F0FFAD1314AD36843F48033D360DE
:1064000002F58062136843F4807313602C4B1B68A1
:1064100013F4806F0BD02A4A136923F4F81343F462
:1064200080131361D36923F00303D36102E000BF3B
:10643000ECE700BF224BDB6913F00C0FF9D1204BC6
:106440001A6A22F007021A62D3F8002222F0100220
:10645000C3F800221A6A22F070021A621A6A22F441
:10646000E0621A625A6A22F070025A62154805F018
:1064700047F8124A936A43F0010393620F4B9B6AF9
:1064800013F0010F01D100BFF8E70D4AD2F8F03048
:1064900043F00103C2F8F030094BD3F8F03013F0A9
:1064A000020F01D100BFF7E70E2000F0FFFE00B998
:1064B00008BDFFF7EDFE00BF0020024000080246C5
:1064C000000C02460024F40000B589B000230193BB
:1064D0000293039304930593069307931048114A7C
:1064E000026083600361436183614FF08042C26157
:1064F00003624FF48073436203F0CCFA58B900236F
:10650000019304930593069301A9054803F046FB04
:1065100018B909B000BDFFF7BBFEFFF7B9FE00BF19
:10652000A80E00200078004600B583B002F030F8D5
:10653000114BD3F8942042F00402C3F89420D3F80E
:10654000943003F004030193019BFFF749FFFFF729
:1065500019FEFFF7A5FEFFF7F9FDFFF7B5FFFFF7FF
:10656000CDFEFFF7E3FEFFF70BFF01F0BBF9FFF7EE
:10657000BBFAFFF771FBFEE7000C024610B584B0D2
:10658000044601281AD814488268002101F026F830
:106590000346D8B9114B93E807008DE80700039430
:1065A00010236A4600210C4800F0F7FF034658B15B
:1065B0000B4A0C49002000F09DFA05E00346084A0A
:1065C0000949002000F096FA04B010BD044A0749BA
:1065D000002000F08FFADDE7A8070020F0D50008C2
:1065E00054D5000810CF0008D0CE0008ECCE00082B
:1065F00000B585B010236A460021144800F0ACFFB6
:1066000088B90C221249684605F0DAFBB8B9039B39
:10661000D8B213F0FE0F10D003460E4A0E490020E8
:1066200000F068FA05E003460A4A0C49002000F031
:1066300061FA0020FFF7A2FF002005B000BD054A67
:106640000749002000F056FAF3E700BFA807002032
:10665000F0D500087CD50008D0CE000834CF000863
:1066600058CF000870B588B020236A4600211A4828
:1066700000F072FF10B90024264611E00346174AC5
:106680001749002000F036FA0326304608B070BDE6
:1066900010221449284605F093FBA8B901360134AD
:1066A000012CF2D80DEB041510220F49284605F0F5
:1066B00087FB0028E9D010220C49284605F080FB12
:1066C0000028E5D10236EAE72346044A08490020BB
:1066D00000F010FA0326D8E79407002034D500080C
:1066E00034CF0008C4D50008B4D50008A4D50008EC
:1066F00080CF000870B588B020236A4600211F486B
:1067000000F02AFFA8BB06460025012D29D80DEB75
:10671000051410221A49204605F052FB68B11022D8
:106720001849204605F04CFB88B110221649204636
:1067300005F046FBF8B90135E7E71023114A2901B6
:106740000E4800F02AFF064680B104260EE0102312
:106750000D4A2901094800F020FF064630B1042601
:1067600004E00A4A0A49012000F0C4F9304608B0A2
:1067700070BD0326FAE70F26F8E700BF9407002054
:10678000B4D50008C4D50008A4D500080CD500086D
:10679000A0CF000810B584B010236A4630211448F9
:1067A00000F0DAFE0446B8B910221249684605F036
:1067B00007FBC8B110221049684605F001FBA0B1E3
:1067C00010220E49684605F0FBFA70B10C4A0D49DB
:1067D000002000F08FF908E00346094A0A4900202A
:1067E00000F088F9002400E00124204604B010BD28
:1067F00094070020D4D50008A4D50008B4D500081B
:10680000E4D40008C0CF000834CF000808B588B130
:106810000346012807D10D488268002100F0DEFE02
:1068200080B90B4A07E00B4A0B49002000F062F9DF
:10683000012006E0094A10233021044800F0ADFE93
:1068400010B908BD0520FCE70420FAE794070020F2
:10685000D4D50008BCD40008DCCF0008A4D50008BB
:1068600030B585B0044610236A4620210F4800F059
:1068700073FE054650B90C220D49684605F0A0FA92
:1068800060B9039B2360284605B030BD0346094A22
:106890000949002000F02EF90325F4E7054A0749CD
:1068A000012000F027F90F25EDE700BF9407002035
:1068B000E4D500088CD4000834CF0008F4CF0008D9
:1068C00000B587B001900D4B0DF1080C93E807005F
:1068D0008CE80700019B059310236246202108489D
:1068E00000F05BFE08B907B000BD0346054A064943
:1068F000002000F0FFF80420F5E700BFE4D5000811
:10690000940700205CD4000810CF00082DE9F04760
:10691000824688461746994600F082F900254FF0D6
:10692000FF3606E022461049304600F081F906465F
:106930002544BD4211D27C1BB4F5806F28BF4FF4B3
:1069400080642346084A05EB0801504600F004FE27
:106950000028E7D00320BDE8F087F6434E4501D17B
:106960000020F8E70A20F6E7F00E00202DE9F043BA
:10697000BBB007460E46154699466846FDF73CF8FB
:10698000F8B18046FBF72EFCB0F5003F1ED15DB399
:106990002C46B5F5806F28BF4FF4806423462A4A01
:1069A0003146384600F0D8FD00283CD12246264921
:1069B0004046FBF739FCB0F5003F0ED126442D1BB5
:1069C000E5E7224900F096F8102433E0024620491A
:1069D000002000F08FF810242CE002461D49002012
:1069E00000F088F811241FE040214046FBF70AFC24
:1069F0000246B0F5003F05D01749002000F07AF8B4
:106A0000132411E0429A49464046FBF71FFCB0F5BB
:106A1000003F01D1002407E002461049002000F0A9
:106A200069F8122400E003244046FBF7CBFBB0F5E5
:106A3000003F03D120463BB0BDE8F0830246084941
:106A4000002000F057F8F5E7F00E00202CD00008E9
:106A500050D0000864D000087CD0000898D000080E
:106A6000B4D000082DE9F04389B0044688461646A4
:106A70001D46FFF7A1F938B38146184F4FF48063E4
:106A8000174A184909683846F9F78AFB07AB049397
:106A900003950296CDF80480009420234A461249BB
:106AA00009683846FBF718FA04463846F9F78EFBB2
:106AB000FFF76AF90D4B9C420BD1079A9A420AD113
:106AC000002009B0BDE8F083094900F013F8142054
:106AD000F7E71520F5E71520F3E700BFD80E0020F3
:106AE000F00E002040C30008F4C2000826C70600CC
:106AF000C8D000080EB410B5A1B004460DF17A005C
:106B000000F016FFBDF87A304FF47A7202FB0031C4
:106B1000032C14D8DFE804F002181C20104804F0FD
:106B200067FE24AB1F93239A7821684604F0C2FFC6
:106B300069460C4804F05CFE0B4804F059FE21B095
:106B4000BDE8104003B07047084804F051FEE8E784
:106B5000074804F04DFEE4E7064804F049FEE0E78C
:106B6000E8D00008C0CA0008BCD1000804D1000861
:106B700020D1000838D1000808B5012914BF00222F
:106B80000122836813B14A1E18BF01228188006860
:106B900002F091FC08BD10B504468188006802F03F
:106BA00083FCA36813B1013818BF0120012814BF6A
:106BB0000020012010BD10B504464FF0FF3392B203
:106BC00003F04EF9204603F057FC10BD2DE9F041CB
:106BD00082B006460C469046D70800250AE04FF0E2
:106BE000FF330093082322460C49304603F0A4FAF1
:106BF00008340135BD42F2D318F0070F02D102B0BC
:106C0000BDE8F0814FF0FF33009308F00703224600
:106C10000249304603F090FAF1E700BFFCD50008C6
:106C200008B5024801F006FE08BD00BF840E002032
:106C300008B59208014801F057FE08BD840E0020F7
:106C400010B582B006238DF80730094C002120686A
:106C5000FFF792FF01220DF10701064B1868FFF7BD
:106C6000AAFF01212068FFF787FF02B010BD00BF17
:106C7000F4120020F812002030B583B00546052339
:106C80008DF8073000F014FB04460021134B186800
:106C9000FFF772FF01220DF10701114B1868FFF792
:106CA0008AFF01220DF107010D4B1868FFF78EFFD7
:106CB0009DF8073013F0010F04D000F0F9FA001B23
:106CC000A842EED30121054B1868FFF755FF9DF848
:106CD000070000F0010003B030BD00BFF412002037
:106CE000F8120020F0B585B003460846304C23600A
:106CF000304D2960902303930021FFF73DFF03AE41
:106D0000042231462068FFF756FF022231462068F0
:106D1000FFF75CFF01212868FFF72EFF9DF80D307B
:106D2000254F7B709F238DF80C3000212868FFF7DA
:106D300023FF012231462068FFF73DFF0322314641
:106D40002068FFF743FF01212868FFF715FF9DF832
:106D50000C203A709DF80D309DF80E1041EA032189
:106D60007980002300E00133012B14D8134810F878
:106D700023008242F7D1114800EB83004088814212
:106D8000F1D10E4800EB830044780B4840788442F0
:106D9000E9D1012300E0002313B1002005B0F0BDCC
:106DA0000091054B5B7806490120FFF7A3FEF4E74D
:106DB000F8120020F4120020F012002004D600087F
:106DC00054D10008F0B583B004460F4616464FF480
:106DD0007A70FFF751FF20BB03238DF80430C4F312
:106DE00007438DF80530C4F307238DF806308DF87E
:106DF00007400D4C00212068FFF7BEFE0B4D04221A
:106E00000DEB02012868FFF7D6FE324639462868A6
:106E1000FFF7DCFE01212068FFF7AEFE002003B083
:106E2000F0BD4FF0FF30FAE7F4120020F812002016
:106E3000F0B583B004460F4616464FF47A70FFF75C
:106E40001BFF30BBFFF7FCFE02238DF80430C4F3B8
:106E500007438DF80530C4F307238DF806308DF80D
:106E600007400D4C00212068FFF786FE0B4D0422E1
:106E70000DEB02012868FFF79EFE3246394628686E
:106E8000FFF799FE01212068FFF776FE002003B08E
:106E9000F0BD4FF0FF30FAE7F4120020F8120020A6
:106EA00010B582B004464FF47A70FFF7E5FE28BBB8
:106EB000FFF7C6FE20238DF80430C4F307438DF896
:106EC0000530C4F307238DF806308DF807400E4CCB
:106ED00000212068FFF750FE04220DEB02010B4B4E
:106EE0001868FFF768FE01212068FFF745FE41F2B0
:106EF0008830FFF7C1FE20B902B010BD4FF0FF305F
:106F0000FAE74FF0FF30F7E7F4120020F812002004
:106F100070470000F0B59BB0044600211591169112
:106F2000179118911991482203A804F072FF226862
:106F3000274B9A4201D01BB0F0BD4FF480630393FE
:106F400003A802F075FB00283ED1224BD3F8A820FD
:106F500042F02002C3F8A820D3F8A82002F02002B3
:106F60000092009AD3F88C2042F00102C3F88C20E2
:106F7000D3F88C2002F001020192019AD3F88C2000
:106F800042F00202C3F88C20D3F88C3003F00203E5
:106F90000293029B0123159302271697002417944E
:106FA00018940626199615AD29460B4802F04EF99D
:106FB0004FF4407315931697179418941996294611
:106FC000064802F043F9B6E7FFF762F9BDE700BFF4
:106FD00000200046000C024600000242000402426B
:106FE00008B502680A4B9A4200D008BD094AD2F897
:106FF000A83023F02003C2F8A8300121064802F08F
:10700000E5F94FF44071054802F0E0F9EDE700BF03
:1070100000200046000C024600000242000402422A
:1070200002680A4B9A4200D0704782B0084BD3F8EE
:10703000882042F48052C3F88820D3F8883003F4C3
:1070400080530193019B02B0704700BF00300240A3
:10705000000C02460268064B9A4200D07047054A6F
:10706000D2F8883023F48053C2F88830F6E700BFA6
:1070700000300240000C024602680E4B9A4200D0DB
:10708000704782B003F5CA33D3F8F02022F440727F
:1070900042F48072C3F8F020D3F8A82042F4001222
:1070A000C3F8A820D3F8A83003F400130193019B80
:1070B00002B07047007800462DE9F0419CB00446CC
:1070C00000211791189119911A911B91482205A836
:1070D00004F09FFE2368524A934205D0514A9342DE
:1070E0006CD01CB0BDE8F0814F4BD3F8E02022F00B
:1070F0000302C3F8E020D3F8A42042F48042C3F88E
:10710000A420D3F8A42002F480420492049AD3F875
:107110008C2042F00302C3F88C20D3F88C3003F0AB
:1071200003030393039B4FF4805317934FF002081C
:10713000CDF86080012519951A9507271B9717AE82
:1071400031463A4802F082F84FF480731793CDF835
:10715000608019951A951B973146354802F076F8EC
:107160003448354B03600C234360002383604FF4A5
:107170008062C2600822026143618361C36103626D
:1071800045628562C3620363436301F09BFC78B987
:107190002848E067C465102101F0A0FE58B900221C
:1071A0000E212E2001F084FA2E2001F091FA98E7AA
:1071B000FFF76EF8ECE7FFF76BF8F0E702230593B3
:1071C0000823079305A802F033FA30BB164BD3F817
:1071D0009C2042F40032C3F89C20D3F89C2002F497
:1071E00000320192019AD3F88C2042F00202C3F8D7
:1071F0008C20D3F88C3003F002030293029B01230E
:10720000179312221892199300231A9303231B93A6
:1072100017A9064802F01AF863E7FFF739F8D5E72F
:107220000038014000440040000C024600040242C5
:1072300000000242B40C00205002024010B5036866
:10724000154A934203D0154A934219D010BD044603
:10725000134AD2F8A43023F48043C2F8A4304FF488
:107260008051104802F0B2F84FF480710E4802F0DD
:10727000ADF8E06F01F05DFC2E2001F02DFAE5E79E
:10728000074AD2F89C3023F40033C2F89C30012125
:10729000044802F09BF8D9E7003801400044004060
:1072A000000C024600040242000002420020704727
:1072B00000B583B001A800F061FB019B044AA2FB6A
:1072C00003239B094FF47A7202FB003003B000BD28
:1072D000D34D621008B500F041FB08BD08B51D4B49
:1072E0001B6B002B00DBFEE71A4B1B6B13F4800FAC
:1072F00019D14FF00063174A126BC2F313021A44FC
:10730000154B934202D8154B93420ED8144B93421F
:1073100002D8144B934212D813490020FFF7EAFB1E
:10732000FEF7B6FFDFE7114BE5E7114B1A60BFF33D
:107330004F8F084A136B43F00043136308E00D4B73
:107340001A60BFF34F8F034A136B43F0004313637C
:1073500008BD00BF002002400020010800A00E0868
:1073600000E00008002001087CD100080080F80B34
:1073700000130020FC120020FEE7FEE7FEE7FEE718
:1073800070477047704708B501F01EF908BD00004E
:1073900008B5024801F0CAFC08BD00BFB40C0020CB
:1073A00008B5024803F0F4F908BD00BFEC0B00205B
:1073B0000C4B5B6813F0010F04D10A4A136843F0C9
:1073C00002031360074B5B6813F0010F06D0054BF7
:1073D0005B6813F0020F01D100BFF8E7014B0222F6
:1073E000DA6070470004034010B584B000F17840C3
:1073F000400B01F5FF511F31490B02230193174B3D
:10740000B3F8A0304FF6FF72934203D0F3B1DB081C
:10741000013B00E07F23034002930391104B1A6B62
:1074200042F040421A6342F2FA021A6201F018FE78
:10743000694601A801F0BAFE044601F029FE3CB9F4
:10744000009BB3F1FF3F04D0012402E07F23E2E779
:107450000124FFF7ADFF204604B010BD0007F90B73
:10746000002002402DE9F04151B3064617468846F8
:1074700011F0030F26D13AB312F00F0526D1154BA8
:107480001A6B42F040421A6342F2FA021A6201F0A9
:10749000E7FD002408E008EB05023146012001F079
:1074A00037FE044610361035BD4201D2002CF2D012
:1074B00001F0EEFDFFF77CFF54B92046BDE8F081F6
:1074C0000424FAE70424F8E70424F6E70424F4E7A4
:1074D0000324F2E70020024010B503460846074C9B
:1074E00000212160BFF34F8F194604F0DCFC2368B4
:1074F0000BB9002010BD0220FCE700BF00130020E4
:1075000070B5064601F6FF752D0B002400E001342E
:10751000AC4207D206EB0430FFF7C2FC0028F6D0DD
:10752000012000E0002070BD08B5FFF781FC00B924
:1075300008BD0320FCE708B5FFF744FC00B908BD0F
:107540000220FCE708B502490248FFF7CBFB08BD63
:1075500088070020F40D002098B138B58C461146FC
:107560001A460346006870B1046874B179B11CEB27
:1075700002000ED29D68A8420DD858686044A0470A
:1075800038BD062070470620FAE70620F8E70420F9
:10759000F6E70520F4E70520F2E798B138B58C4608
:1075A00011461A460346006870B1446874B179B157
:1075B0001CEB02000ED29D68A8420DD858686044AA
:1075C000A04738BD062070470620FAE70620F8E7F6
:1075D0000420F6E70520F4E70520F2E780B138B58E
:1075E0000B4611460246006860B1846864B15818C1
:1075F0000CD29568A8420BD850681844A04738BDF3
:10760000062070470620FAE70620F8E70520F6E78F
:107610000520F4E7D0B18446D3B188181AD210B44B
:10762000DCF80840A04217D8DCF800001860DCF84D
:107630000400084458609A60DCF80C20DA60DCF83A
:1076400010201A6100205DF8044B70470420704739
:1076500004207047052070470520F4E709490A4ACD
:1076600051600A4B5B1A936009490A4A51600A4B00
:107670005B1A936009490A4A51600A4B5B1A93608E
:107680000020704700200108BC07002000A00E0861
:1076900000000108A80700200020010800E0000801
:1076A000940700200000010808B503460B4A126841
:1076B00042B10A4A10680344094A934206D8074A6D
:1076C000136008BD054A07491160F2E704F0BAFBF0
:1076D0000C2303604FF0FF30F3E700BF04130020DA
:1076E00000000220A81B0020FEE76FF00100704799
:1076F00008B5024B1B680020984708BD08130020FE
:107700000368154A934216D08032934215D08032D6
:10771000934214D08032934213D08032934212D0DD
:107720008032934211D08032934210D08032934203
:107730000FD0662070471D2070471E2070471F2005
:107740007047202070472120704722207047232057
:1077500070472420704700BF5000024008B5054B19
:107760001860054B054AC3F89820054804F040F816
:10777000002008BD08130020EC0B0020F176000863
:10778000B8D1000808B5064802F060FF08B900202B
:1077900008BD034B0022C3F898206FF00300F7E701
:1077A000EC0B002038B504460D460B4BD86FFFF7A5
:1077B000A7FFA0F11D03DBB2072B06D82A462146FE
:1077C000054802F071FF18B938BD6FF00100FBE702
:1077D0006FF00100F8E700BFEC0B002080687047F5
:1077E000014608B54FF47A720023C003490CFDF737
:1077F0009DF908BD4FF47A73A0FB0303C00B40EA68
:107800004340704742014B01121A43EAD06363EBD5
:1078100001034FEA422C5B021CEB000C43EAD253FB
:1078200041EB030300B54FEA8C124FEA831EB2EB23
:107830000C024EEA9C6E6EEB030E101841EB0E012B
:10784000C00B40EA4140C90B00BD00BF0246022107
:10785000014802F095B900BFA80E002010B5EFF363
:10786000108472B64FF48071064802F071F8BFF3CD
:107870004F8FBFF36F8F0122034BDA6584F31088BB
:10788000002010BDA80E0020007800460A4B1868A2
:1078900000B9704710B50948FFF7A0FF044603E0A0
:1078A0000648FFF79BFF04460448FFF797FFA042F6
:1078B000F6D1E04310BD00BF101300200078004651
:1078C00010B5EFF3108472B6FFF7E0FF044A1060C2
:1078D000BFF34F8FBFF36F8F84F3108810BD00BFCD
:1078E0000C13002008B50A4B1B680BB1002008BD23
:1078F000FEF7EAFDFFF7B2FF064802F027F9002085
:10790000FFF7A4FFFFF7DCFF014B01221A60EDE750
:1079100010130020A80E0020034B186800B9704710
:107920000221024802F033B910130020A80E0020F3
:1079300070B50546EFF3108672B6FFF7A7FF044651
:10794000FFF7EAFF014686F31088C4F30E00FFF745
:1079500051FFE20B288042EA414070BD38B5FFF785
:107960003FFF0546FFF792FF044600E000BFFFF728
:107970008DFF001BA842F9D338BD00BFF8B50646FD
:10798000EFF3108772B6FFF781FF0446FFF7C4FFDD
:10799000054687F3108800210C19C4F30E00FFF789
:1079A00031FFE40B306044EA4540F8BDD458C45080
:1079B0000433C4188C42F9D3704703600430884202
:1079C000FBD3704714484FF00401026842EA0102F9
:1079D0000260016811484FF0040102680A4206D0B3
:1079E0000F480168002902D1FEF764F812E00D4843
:1079F000854600F041FD0C480C490D4A0023FFF775
:107A0000D8FF0C480C490023FFF7D9FF04F020FAF7
:107A1000FEF78AFDFEE70000940C024608080246C5
:107A2000F40C024610070020100700203008002048
:107A300078D6000830080020A81B0020014600234B
:107A4000184600E00133072B0CDC41FA03F212F078
:107A5000010FF7D0C3F1070C012202FA0CF2104318
:107A6000C0B2EFE7704701460023184600E001333B
:107A70000F2B0CDC41FA03F212F0010FF7D0C3F127
:107A80000F0C012202FA0CF292B21043EFE770479A
:107A900001460023184600E001331F2B08DC0122B9
:107AA0009A400A42F8D04FF00042DA401043F3E720
:107AB00070472DE9F84380460F4616461D469DF84F
:107AC00024900C2004F0BEF8044660B180F80480D5
:107AD0004771C67105729DF820308371B9F1000FAE
:107AE00004D1002303602046BDE8F8834FF4807082
:107AF00004F0A8F80546206008B1002014E02046F4
:107B000004F0A8F82C46EEE75B00DBB221794B408D
:107B10000132072A05D813F0800FF5D15B00DBB2E4
:107B2000F6E7226813540130FF28DCD8C3B20022E4
:107B3000EFE72DE9F84380460F4616461D469DF8AF
:107B400024900C2004F07EF8044660B1A0F8048074
:107B5000C7808672C572BDF820300381B9F1000F6D
:107B600004D1002303602046BDE8F8834FF4007081
:107B700004F068F80546206008B1002015E02046B2
:107B800004F068F82C46EEE75B009BB2A1884B40FE
:107B90000132072A05D813F4004FF5D15B009BB2E0
:107BA000F6E7226822F810300130FF28DBD883B2D4
:107BB0001B029BB20022ECE72DE9F84380460F46FA
:107BC00016461D469DF82490142004F03BF8044608
:107BD00058B1C0F80480876006744574089BC36080
:107BE000B9F1000F04D1002303602046BDE8F883FB
:107BF0004FF4806004F026F80546206008B10020AC
:107C000012E0204604F026F82C46EEE7616881EA8F
:107C100042020133072B03D8002AF7DB5200F8E7B2
:107C2000236843F820200130FF28DED80206002315
:107C3000F0E72DE9F8430646884617464479D0F820
:107C40000090B9F1000F01D0002508E0002522E0E6
:107C500018F805306340DBB219F803400135BD4226
:107C600026D2F379002BF3D018F80500FFF7E6FED3
:107C70000346EFE718F8050016E06400E4B2327935
:107C800054400133072B05DC14F0800FF5D164005C
:107C9000E4B2F6E70135BD420AD2F379002BE9D010
:107CA00018F80500FFF7CAFE6040C4B20023E9E7F8
:107CB000337A1BB12046FFF7C1FE0446B07960401D
:107CC000C0B2BDE8F8832DE9F8430646884617465A
:107CD000C488D0F80090B9F1000F01D000250CE065
:107CE000002526E018F8053083EA1423DBB239F8C2
:107CF00013302402A4B25C400135BD4227D2B37ACE
:107D0000002BEFD018F80500FFF798FE0346EBE7CD
:107D100018F8050016E0B2886400A4B2544001339C
:107D2000072B05DC14F4004FF5D16400A4B2F6E78C
:107D30000135BD420BD2B37A002BE9D018F805000B
:107D4000FFF77CFE84EA002084B20023E8E7F37AA0
:107D50001BB12046FFF787FE04463089604080B2A1
:107D6000BDE8F8832DE9F84306468846174684683F
:107D7000D0F80090B9F1000F01D000250BE00025EC
:107D800022E018F8053083EA1463DBB259F8233097
:107D900083EA04240135BD4223D2337C002BF0D08A
:107DA00018F80500FFF74AFE0346ECE718F805004F
:107DB00013E0726882EA44040133072B03DC002CD1
:107DC000F7DB6400F8E70135BD420AD2337C002BB3
:107DD000ECD018F80500FFF731FE84EA00640023B8
:107DE000EBE72046BDE8F8832DE9F84306460C464C
:107DF00090461F46D0F80090B9F1000F01D0002541
:107E00000BE0002522E018F8051081EA1461C9B2E0
:107E100059F8213083EA04240135BD4223D2337C52
:107E2000002BF0D018F80500FFF708FE0146ECE73C
:107E300018F8050013E0736883EA44040131072948
:107E400003DC002CF7DB6400F8E70135BD420AD201
:107E5000337C002BECD018F80500FFF7EFFD84EA27
:107E600000640021EBE72046BDE8F88310B5044626
:107E70000846637C0BB1FFF70BFEE368584010BD6A
:107E8000002303710423836000F11403C36070476F
:107E900038B5C3685A1CC260197085686B1E836050
:107EA000002B38D104460379032B50D8DFE803F0C8
:107EB00002192F344269274B9A4207D101230371DB
:107EC0000423836000F11803C36024E0032200F15F
:107ED0001501143003F084FFA560E368013BE36003
:107EE00019E0032200F118011B4B1868FFF7A1FEEF
:107EF000E37E834202D1237E012B03D92046FFF784
:107F0000BFFF08E002232371637EA36003E0032325
:107F100003710223836038BD427E00F11C010F4BC8
:107F20001868FFF7D0FE627EA3181B7F511C214406
:107F3000097F43EA0123984203D02046FFF7A0FFC0
:107F4000E9E7236904F11C0120469847F5E7FFF7AC
:107F500097FFE0E755AAAA55181300201413002034
:107F600070B582B0064600283ED00D4600293DD0AF
:107F70001F4B1B680BB31F4B1B6853B31C4B1C6878
:107F8000C4B11C4B1C68ACB14FF40B7003F05AFE2B
:107F9000044678B10660002303710423836000F176
:107FA0001403C3600561FFF783F9C4F82802204673
:107FB000FFF766FF204602B070BD002101910091DD
:107FC0000B460A4641F22100FFF7B3FD084B18604B
:107FD000D1E70021019100910B460A460720FFF7E7
:107FE00068FD044B1860C9E70446E3E70024E1E7B5
:107FF000141300201813002008B503F02BFE08BD51
:1080000070B504460E46154600F5937003F04BFF1D
:108010002A463146164B1868FFF755FE06464AF6C3
:108020005523A4F81E3145F2AA53A4F820310123A8
:1080300084F8223184F82351002384F82431032268
:1080400004F591710B4B1868FFF7F3FD84F82501D7
:108050006B1C621982F826612344360A83F8266174
:1080600023685B6805F10A0104F58F70984770BDBD
:10807000141300201813002010B582B004460368C2
:108080001B6800210DF10700984748B9FFF710F968
:10809000D4F82832C01AB0F57A7F0BD802B010BDE0
:1080A000FFF706F9C4F828029DF807102046FFF7ED
:1080B000EFFEEBE72046FFF7E3FEEFE7014B18602A
:1080C000704700BF1C13002008B51378012B0DD199
:1080D000084B1B6863B10278012A03D0002098473F
:1080E000002004E001209847002000E00B2008BD9C
:1080F0000020FCE71C13002008B54378022B05D0B4
:10810000032B05D0012B0AD1074802E0074800E005
:10811000074882680021FFF761FA10B908BD0720FF
:10812000FCE70C20FAE700BF680700205407002096
:10813000400700201278062A19D908B5014683792C
:10814000073A934215D14278022A05D0032A05D076
:10815000012A10D1094802E0094800E00948CA1D77
:10816000D1F80210FFF719FA20B10C2002E0072025
:108170007047072008BD0720FCE700BF6807002004
:10818000540700204007002013780D2B54D92DE907
:10819000F0438BB081464378022B2AD0032B2BD09F
:1081A000012B4BD1DFF8A880274B1B683BB3002283
:1081B0001146254B1868FFF7D5FD0546D9F806602E
:1081C000D9F802705EB33446202E28BF20242346FF
:1081D00002AA39464046FFF7BFF988BB234602AAE8
:1081E000294619480068FFF7FFFD05462744361B5E
:1081F000E8E7DFF86080D7E7DFF85C80D4E70021AC
:1082000001914FF0FF3300930B460A460F48FFF7EA
:10821000D3FC0D4B18600028C9D1022011E029467B
:10822000094B1868FFF722FED9F80A30834201D0C3
:10823000052006E0002004E007207047072000E04A
:108240000C200BB0BDE8F08320130020B71DC10443
:108250006807002054070020400700201378012BF6
:1082600013D910B514460378022B08D0032B09D07C
:10827000012B0CD1FFF740FF0023237010BDFFF747
:1082800059FFF9E7FFF780FFF6E70720704708205E
:10829000F4E70000BFF34F8F0549CA6802F4E062BB
:1082A000044B1343CB60BFF34F8F00BFFDE700BF0C
:1082B00000ED00E00400FA05014B1870704700BFA4
:1082C0002814002010B582B08DF80720D2B2032AFE
:1082D00034D904460B46043A8DF80720214A086831
:1082E000106001215170DA78022A0FD01E490978F6
:1082F00021B3052A24D0062A29D0012A2ED0002312
:108300008DF80730174B08229A7008E00DF107022C
:108310001649181DFFF7D8FE124B987020B1114A6C
:10832000537843F0020353709DF807200432D2B211
:108330008DF807200B492046FFF762FE02B010BD02
:108340000DF107020949181DFFF788FFE4E7084B04
:1083500001221A70034B00229A70E5E7014B0022BC
:108360009A70E1E728130020281400202C13002025
:108370002413002008B54FF0FF338AB201460248AB
:1083800002F046FE08BD00BFEC0B002008B50B460E
:1083900001220146034802F0A4FE08B1002008BDF6
:1083A0000120FCE7EC0B002038B5274B1868FEF7DE
:1083B000F2FB01282CD025490220FEF79BFB244824
:1083C000FFF77CFE23492448FFF7CAFD044618B195
:1083D000FEF76EFF054607E0204A2149FEF78AFBBB
:1083E00016E02046FFF748FE1E4B1B782BB9FEF720
:1083F0005FFF401BB0F57A7FF3D31A4B1B78012B3C
:1084000007D019490220FEF775FB2046FFF7F4FD5F
:1084100038BD16490220FEF76DFB124B1B78012B6D
:10842000F3D12046FFF728FE114B1B78002BF4D028
:1084300010490220FEF75EFB00BF03F059F9002847
:10844000FAD0FFF727FF00BF30070020C0D1000897
:10845000B9820008C5820008D00700201CD6000899
:10846000F0D100082814002070D2000814D20008AF
:108470002413002048D20008044BD3F8882042F48B
:108480007002C3F88820024A9A60704700ED00E04D
:1084900000000008364BDB6903F00C03082B05D005
:1084A0000C2B0CD0334B344A1A604CE0304B1A681A
:1084B000C2F30052314BD3402E4A136043E02C4BA1
:1084C000996A5B6BC1F30222013207EE102AC3F3F3
:1084D0000802013207EE902AC3F30663013311F05C
:1084E000100F3BD0224A926BC2F3CC0206EE902AC8
:1084F000F8EE666A01F00301022932D0032933D174
:108500001B4A1168C1F300511C4ACA4006EE102AEA
:10851000B8EE466AB8EE477AC6EE075AF8EE677AC2
:108520009FED177A26EE877A77EE877A65EEA76A4F
:1085300007EE903AF8EE677A86EEA77ABCEEC77A35
:108540000C4B83ED007A0A4B1B6A03F007030D4ABC
:10855000D15C084A1368CB4013607047DFED0A6AAC
:10856000C8E79FED056AD3E79FED086AD0E700BF33
:10857000000C0246D80700200024F4000048E8015F
:108580000000003938D6000800000000000000009C
:1085900010B50C4A136843F480731360032000F095
:1085A00075F8FFF777FF042000F09AF80E20FEF729
:1085B0007DFE10B10124204610BD0446FEF7A8FC44
:1085C000F9E700BF00200240034B1B78034A116803
:1085D0000B441360704700BFDC0700202C14002000
:1085E0000048704700000701002807DB00F01F0269
:1085F000400901239340024A42F82030704700BFEF
:1086000000E100E000280CDB00F01F02400901231C
:1086100093402030034A42F82030BFF34F8FBFF31E
:108620006F8F704700E100E0002808DB0901C9B244
:1086300000F1604000F5614080F80013704700F0E1
:108640000F000901C9B2014B1954704714ED00E045
:1086500000B500F00700C0F1070CBCF1040F28BF03
:108660004FF0040C031D062B0ED9C31E4FF0FF3E26
:108670000EFA0CF021EA000199400EFA03FE22EAFC
:108680000E0241EA020000BD0023EFE7074AD3686B
:1086900023F4E0631B041B0C000200F4E0600343BE
:1086A00043F0BF6343F40033D360704700ED00E054
:1086B00010B50446054BD868C0F30220FFF7C8FF89
:1086C00001462046FFF7B0FF10BD00BF00ED00E0FF
:1086D00008B5FFF789FF08BD08B5FFF793FF08BD90
:1086E000042838D8DFE800F00A18283703004FF0D4
:1086F000E022136943F00403136170474FF0E02256
:10870000136923F004031361134AD2F8E03023F411
:108710004003C2F8E03070474FF0E022136923F0C5
:10872000040313610C4AD2F8E03023F4400343F40D
:108730008003C2F8E03070474FF0E022136923F065
:1087400004031361044AD2F8E03023F4400343F4F5
:108750000003C2F8E0307047000C024610B54FF03D
:10876000000C14E011F82C4001EB8C0E9EF8013047
:108770001B0443EA04639EF8024043EA04239EF884
:1087800003E043EA0E03046823600CF1010CBCEB28
:10879000920FE7D312F0030205D0012A06D0022A75
:1087A00009D0032A11D00368186810BD036811F8B6
:1087B0002C401C70F3E711F82C4001EB8C035B7824
:1087C00043EA042304682380EBE711F82C2001EB33
:1087D0008C014B7843EA02230268138003688A788D
:1087E0001A70E0E70023B3EB520F18D230B431F81F
:1087F00023C001EB8304648844EA0C4405682C60C0
:108800000133B3EB520FF2D312F0010F03D0026821
:1088100031F8233013800368186830BC704712F0B9
:10882000010F03D0026831F8233013800368186801
:1088300070470000002838D010B50446437F1BB3B2
:108840000223637723791BBB2368194A5A61226884
:10885000936823F018039360637913BB23684FF088
:10886000FF321A612268936823F0600361690B4349
:1088700093602268936823F08003A1690B4393609F
:1088800001236377002010BD0377FEF7C9FBD7E70C
:10889000E268A168204600F048F80028DCD00120FA
:1088A000F1E7236822691A61DCE70120704700BF05
:1088B000B71DC104B0B138B50546437FD8B2022B0D
:1088C0000FD002236B772A68936843F0010393600B
:1088D0002B6800245C602846FEF7BCFB6C772C7785
:1088E000204638BD0120704738B50446022343773F
:1088F000036A022B16D0032B0FD0012B0FD00020C0
:108900000123637738BD206851F823500560013397
:108910009342F8D323681868F2E70023F8E7FFF7DB
:108920001DFFEDE7FFF75EFFEAE711F0010F30D022
:1089300010B41F231C46013B34B103F01F0C21FA75
:108940000CFC1CF0010FF5D0182A24D8DFE802F047
:108950000F232323232323231D2323232323232301
:1089600019232323232323230D00062B17D8036861
:10897000596101688B6823F0180313438B60002052
:108980000AE0072BF3D9012006E00F2BEFD90120D5
:1089900002E00120704701205DF8044B7047012080
:1089A000FAE730B40568AC6C4FEA144C4FEA0C4C53
:1089B0009BB24CEA0303AB6403684FF4FE44DC60F3
:1089C0000368D96403681A6530BC704710B4016A43
:1089D0000268536923F443030B4353614369C2693B
:1089E000134302691343826913430168334A914276
:1089F00014D08032914211D0803291420ED0803218
:108A000091420BD08032914208D08032914205D001
:108A10008032914202D0803291420FD1826A013A73
:108A2000120502F07C72C46A44EA020C426A013AFE
:108A3000120102F47C724CEA020213430A6C02F047
:108A4000802213430B648368426802F03F021343A1
:108A5000026B1343C268B2F5806F10D0B2F5007F8D
:108A600029D001684C6C164A22401A434A640268B5
:108A7000002393640268D3675DF8044B7047026873
:108A80000E498A4214D080318A4211D080318A4204
:108A90000ED080318A420BD080318A4208D080319A
:108AA0008A4205D080318A4202D080318A42D8D1B0
:108AB00043F48063D5E743F40073D2E750000240EB
:108AC000C031E03C38B50446FEF7F2FB7CB3054606
:108AD0002268002384F84C3094F8543023B923667C
:108AE0006366A366E3662367022384F85430536900
:108AF00043F00603536123685B6913F0010F0BD049
:108B0000FEF7D6FB431B052BF5D91023A3650323E2
:108B100084F85430012009E02046FFF757FF636BCB
:108B200023650020A065012384F8543038BD01205E
:108B3000FCE770B50446FEF7BBFB002C4CD00546A5
:108B4000236823F47F6626F00F065A6942F0060276
:108B50005A6123685A6912F0010F0BD0FEF7A8FB87
:108B6000431B052BF5D91023A365032384F8543048
:108B7000012030E000221A6023685A6123681A64D9
:108B800023685A6423689A642368DA6423681A6540
:108B90002368DA6771682368C3F30B03503BC3F3A0
:108BA000C413012000FA03F321EA0303736023686E
:108BB0004FF4FE41D96022666266A266E2662267D1
:108BC0006267E36D03B1E26500202065A06584F86B
:108BD000540084F84C0070BD0120FCE7002835D01B
:108BE00010B5044690F84C00012831D0012084F8DB
:108BF0004C0094F85400012806D04023A3650023BC
:108C000084F84C30012010BD022084F8540000206C
:108C1000A0652046FFF7C5FE2268536943F4BA43B6
:108C20005361636E23B12268536943F40073536147
:108C3000236F23B12268536943F4005353612268C0
:108C4000536943F0010353610020DCE701207047C2
:108C50000220D8E738B50446FEF72AFB002C4CD09A
:108C6000054694F85430022B06D02023A365002338
:108C700084F84C30012038BD2268536943F0040366
:108C80005361052384F8543023681A6912F4005F95
:108C900017D1FEF70DFB431B052BF5D9A36D43F050
:108CA0001003A365032384F85430236D13F0800F61
:108CB00002D0636F01221A73002384F84C30012024
:108CC000D9E75A6942F002025A61042384F8543009
:108CD00023684FF4FE42DA60012384F85430236D98
:108CE00013F0800F05D0636F01221A7323680022EE
:108CF0009A64002084F84C00BDE70120BBE798B1DE
:108D000090F85420022A03D0202282650120704767
:108D1000042280F854200268536943F4005343F05E
:108D200004035361002070470120704710B50446CA
:108D3000026822F47F6020F00F00C2F30B03503B67
:108D4000C3F3C413012101FA03F3C168194200F00F
:108D5000C480136913F4806F0AD0536913F4806FD1
:108D600006D04FF48063D360A36D43F00103A36585
:108D700023681A6912F4006F0AD05A6912F4006F5E
:108D800006D04FF40062DA60A36D43F00203A365DE
:108D900023681A6912F4805F0AD05A6912F4805F5E
:108DA00006D04FF48052DA60A36D43F00403A3654C
:108DB00023681A6912F4804F0AD05A6912F4804F5E
:108DC00006D04FF48042DA60A36D43F00803A36538
:108DD00023681A6912F4007F0AD05A6912F4007FDE
:108DE00006D04FF40072DA60636E0BB120469847EC
:108DF00023681A6912F4005F11D05A6912F4005FF7
:108E00000DD04FF40052DA6094F85430042B1DD08A
:108E1000052384F85430236F0BB12046984723680C
:108E20001A6912F4807F40D05A6912F4807F3CD0D6
:108E3000226D12F0800F28D0DA6F5ABB9B6C4BBBAF
:108E4000012384F85430626F137323E0226853695E
:108E500023F4005353612268536943F002035361C2
:108E6000012384F85430236D13F0800F05D0636F15
:108E700001221A73236800229A64002384F84C307C
:108E8000E36E53B32046984727E09B6C13B9012348
:108E900084F8543023684FF44072DA60002384F879
:108EA0004C30236E0BB120469847A36DABB12268BE
:108EB000536943F002035361012384F85430236D56
:108EC00013F0800F02D0636F01221A73002384F81D
:108ED0004C30A36E0BB12046984710BDE8B1036833
:108EE00023F47F6020F00F00C3F30B03503BC3F368
:108EF000C41301229A4011F0100F10D001F011019B
:108F0000112905D0436823EA02034360002070471B
:108F100043681343436000207047012070470020DE
:108F2000704700000B4609B1024919600AB10523D8
:108F300013607047000001F800285DD010B582B0C2
:108F40000446416F002959D090F85420D0B22368CC
:108F50005B6903F48033012A03D0022845D1002B3A
:108F600043D094F85430012B07D02268536943F062
:108F700001035361002002B010BD94F84C30012B66
:108F80003ED0012384F84C30022384F854300B7314
:108F90000023A365626F13612268536943F4BA43E7
:108FA0005361636E23B12268536943F400735361C4
:108FB000236F23B12268536943F400535361636FF5
:108FC000002201A91868FFF7ADFF636F22685B8874
:108FD0001B041360636F1B6823F003031B041B0C4B
:108FE000226801990B43D367BFE74023A3650023A1
:108FF00084F84C300120BEE7012070470120BAE719
:109000000220B8E7094A936A43F001039362EFF341
:10901000108C72B6042351F8042B40F8042B013B4A
:1090200013F0FF03F7D18CF3108870470020024043
:109030000A4A936A43F4804343F001039362EFF3D7
:10904000108C72B6202351F8042B40F8042B013BFE
:1090500013F0FF03F7D18CF3108870470020024013
:10906000094B9B6A002B01DB00207047064B074A27
:109070009A6002F188329A609B6A002B01DB002023
:1090800070470120704700BF002002402301674560
:10909000054B9A6A42F000429A629B6A002B01DB00
:1090A00001207047002070470020024038B5044678
:1090B000FEF7FEF80546144B1B6A13F4403F09D037
:1090C000B4F1FF3FF7D0FEF7F3F8401BA042F2D314
:1090D000032016E00C4B1B6A42F2FA02134009D13E
:1090E000094B1B6A13F0010F0CD0074B01221A62C7
:1090F000002006E005494A681A434A60024A1362A2
:10910000012038BD0020FCE7002002403014002080
:10911000174B1B78012B29D070B504460D46164617
:10912000134B01221A7000225A604FF47A70FFF735
:10913000BDFF90B90E4B9C6024F00044012C10D070
:1091400031462846FFF774FF4FF47A70FFF7AEFF01
:10915000084A936A23EA04039362054B00221A70BB
:1091600070BD31462846FFF74DFFEDE702207047FE
:109170003014002000200240034A936A43F48033F5
:1091800043F004039362704700200240064A936A4A
:1091900023F4813323F4FD7343EAC00343F48033A3
:1091A00043F002039362704700200240254B1B7876
:1091B000012B42D070B505460E46224B01221A7093
:1091C00000225A604FF47A70FFF770FF844678BB34
:1091D0002B681C4A936023F00043042B13D04FF0FC
:1091E000FF3333606C686B68AA681344A34213D9D9
:1091F0002046FFF7CBFF4FF47A70FFF757FF844606
:1092000048B90134EFE7FFF7B7FF4FF47A70FFF783
:109210004DFF844600E034600B498A6A2B6823F0D6
:10922000004323F47E7343F47E7322EA03038B62CC
:10923000044B00221A70604670BD4FF0020C60466D
:10924000704700BF3014002000200240F0B500231A
:109250002FE085685E000324B44025EA0405CC684D
:10926000B4402C438460456825EA0C054C68C4F37F
:1092700000149C402C4344602DE08C68012C2FD1BD
:109280003DE0DD08083550F8254003F00706B6003C
:109290004FF00F0C0CFA06FC24EA0C0C0C69B440DD
:1092A00044EA0C0440F825402EE0464AC2F88040CB
:1092B00001330A6832FA03F400F082804FF0010CA7
:1092C0000CFA03FC1CEA0202F2D04C6804F003041E
:1092D000013C012CBDD94C6804F00304032CCCD014
:1092E000C4684FEA430E4FF0030C0CFA0EFC24EA5C
:1092F0000C0C8C6804FA0EF444EA0C04C4604C684C
:1093000004F00304022CBCD004684FEA430E4FF073
:10931000030C0CFA0EFC24EA0C0C4C6804F0030459
:1093200004FA0EF444EA0C0404604C6814F4403F60
:10933000BED04FEA930C234D0CF1180C55F82C605D
:1093400003F0030E4FEACE0E0F2404FA0EF426EAC1
:1093500004061D4C04EA902404FA0EF4344345F844
:109360002C402D68D44325EA02064F6817F4801F6D
:1093700001D042EA0506134D2E606D6804EA050629
:109380004F6817F4001F01D042EA05060D4D6E60CC
:10939000D5F8845004EA05064F6817F4003F01D061
:1093A00042EA0506074DC5F88460D5F880502C4088
:1093B0004E6816F4803F3FF478AF42EA050474E744
:1093C000F0BD00BF002002467F7F2F00002331FA4E
:1093D00003F263D02DE9F04127E004685D004FF00F
:1093E000030C0CFA05FC44EA0C040460DC080834A5
:1093F00050F8245003F00706B6004FF00F0E0EFA97
:1094000006FE25EA0E0540F82450846824EA0C0480
:109410008460446824EA02024260C26822EA0C02C4
:10942000C260013331FA03F236D001229A4012EAC7
:109430000108F6D09F0807F11805194C54F825606B
:1094400003F0030E4FEACE0E0F2505FA0EF52E405F
:10945000144C04EA902C0CFA0EFCB445BDD1104C0F
:10946000D4F8806026EA0806C4F88060D4F88460E6
:1094700026EA0806C4F88460666826EA080666607C
:10948000266826EA08062660183754F8276026EA78
:10949000050544F82750A0E7BDE8F081704700BFFC
:1094A000002002467F7F2F000369194201D001206E
:1094B0007047002070470AB1816170478162704730
:1094C0001E4A536BC3F30803013307EE903AB8EE1C
:1094D000677A926AC2F30223013307EE903AF8EEFC
:1094E000676A12F0100303D0144B9B6BC3F3CC03D9
:1094F00007EE903AF8EE677A02F00302022A16D0DD
:10950000032A17D10D4B1A68C2F300520C4BD340FB
:1095100006EE103AB8EE466A86EE260ADFED096AD4
:1095200067EEA67A77EE877A20EE270A70479FEDDE
:10953000066AF1E79FED056AEEE700BF000C024600
:109540000048E801000000390024744B00000000CE
:1095500010B5074B5C6BC4F306640134FFF7B0FF32
:10956000FCEEC07A17EE900AB0FBF4F010BD00BF1D
:10957000000C024608B5094BDB6913F00C030BD055
:10958000082B06D1054B1B68C3F300530448D84091
:1095900003E0FFF7DDFF00E0024808BD000C0246D3
:1095A0000048E8010024F40008B5FFF7E3FF054B8D
:1095B0001B6A03F00703044AD35CD840034B1860CE
:1095C00008BD00BF000C024638D60008D8070020AE
:1095D00008B5FFF7E9FF044B1B6AC3F30213034A04
:1095E000D35CD84008BD00BF000C024630D600084E
:1095F00008B5FFF7D9FF044B1B6AC3F30223034AE4
:10960000D35CD84008BD00BF000C024630D600082D
:1096100008B5FFF7C9FF044B5B6AC3F30213034AA3
:10962000D35CD84008BD00BF000C024630D600080D
:10963000F0B583B00446036813F0010F08D0B04AB8
:10964000D2F8E03023F0030341680B43C2F8E03066
:10965000236813F0020F08D0A94AD2F8E03023F0B3
:109660000C03A1680B43C2F8E030236813F0040F29
:1096700008D0A34AD2F8E03023F44063E1680B43FA
:10968000C2F8E030236813F0080F08D09C4AD2F8E3
:10969000E03023F4402321690B43C2F8E030236813
:1096A00013F0100F08D0964AD2F8E03023F440139C
:1096B00061690B43C2F8E030236813F0200F08D033
:1096C0008F4AD2F8E03023F44003A1690B43C2F87B
:1096D000E030236813F0400F08D0894AD2F8E03018
:1096E00023F00043E1690B43C2F8E030236813F034
:1096F000800F10D0824AD2F8E43023F0E003216AD0
:109700000B43C2F8E430236A002B40F0A480936A34
:1097100043F480339362236813F4807F0DD0784A3A
:10972000D2F8E43023F44053616A0B43C2F8E430CA
:10973000636AB3F5405F00F09780236813F4001F5D
:1097400010D06F4AD2F8E43023F08043A16A0B4373
:10975000C2F8E430A36A002B40F08B80936A43F494
:1097600080339362236813F4007F08D0644AD2F8F0
:10977000E83023F00303E16A0B43C2F8E8302368C2
:1097800013F4806F08D05E4AD2F8E83023F0180353
:10979000216B0B43C2F8E830236813F4006F08D044
:1097A000574AD2F8E83023F0C003616B0B43C2F88C
:1097B000E830236813F4805F08D0514AD2F8E830CB
:1097C00023F44063A16B0B43C2F8E830236813F421
:1097D000005F0CD04A4AD2F8E83023F4E043E16B52
:1097E0000B43C2F8E830E36BB3F5005F4BD023685E
:1097F00013F4804F6DD0424BD3F8F06006F44076FE
:10980000236CB34265D03E4BD3F8943013F0040F71
:109810003ED13B4BD3F8942042F00402C3F894208D
:10982000D3F8943003F004030193019B0127354AD8
:10983000936A43F001039362FDF73AFD0546314B0D
:109840009B6A13F0010F25D1FDF732FD401B022862
:10985000F5D9032075E0202B7FF45DAF284A936A89
:1098600043F40033936256E7936A43F40033936200
:1098700063E7B3F1804F7FF475AF214A936A43F4F5
:10988000003393626EE7936A43F480339362AEE7EA
:109890000027CCE71A4BD3F8F05025F440727EB184
:1098A000D3F8F800D3F8F01041F48031C3F8F01089
:1098B000D3F8F01021F48031C3F8F010C3F8F800A9
:1098C000236C13430E4AC2F8F0300F4B1D401DD1DC
:1098D00077BB236813F4004F32D0094AD2F8F03036
:1098E00023F44023616C0B43C2F8F030D2F8F0301F
:1098F00003F44023626C934225D1002021E000BF95
:10990000000C02460008024601000024FDF7D0FCCE
:1099100006460E4BD3F8F03013EA4503D8D1FDF7D5
:10992000C7FC801B41F288339842F2D9032008E03B
:10993000064AD2F8943023F00403C2F89430C8E702
:10994000002003B0F0BD0120FBE700BF000C024681
:10995000034690F82C20012A22D0012280F82C20E6
:10996000022280F82D20B1F5807F0FD00D4A916939
:1099700021F408519161D16C21F00041D1640122A0
:1099800083F82D20002083F82C007047054A916948
:1099900021F488519161516C21F000415164EEE74E
:1099A000022070470078004638B505460F4AD36854
:1099B00023F02003D360FDF77BFC04460B4BDB68F0
:1099C00013F0200F10D1FDF773FC001BB0F57A7F68
:1099D000F4D9064BDB6813F0200F01D0002004E01F
:1099E000032085F82D0000E0002038BD00780046F7
:1099F00070B5144BDB6813F0400F02D000242046F2
:109A000070BD05460F4AD36843F08003D360FDF76D
:109A10004FFC064600240B4BDB6813F0400FEED1E1
:109A2000032CECD0FDF744FC831BB3F57A7FF2D90D
:109A3000044BDB6813F0400FE1D1032485F82D407F
:109A4000E9E700BF0078004610B50446104BDA681D
:109A500022F08002DA609B6913F0200F06D1FFF735
:109A6000A3FF98B1032084F82D000FE0084A936902
:109A700023F020039361FFF797FF10B1032084F8D0
:109A80002D00034A936943F02003936110BD00BF8A
:109A900000780046002855D010B5044690F82D30C7
:109AA00063B1022384F82D30274BDB6813F0100FCD
:109AB00009D0012384F82D30002010BD80F82C300F
:109AC000FDF7DAFAEDE7204BCA225A6253225A62B6
:109AD0002046FFF78DFF18B11B4BFF225A62ECE7BF
:109AE000194B9A6922F08E6222F040029A619969BC
:109AF000626820690243A06902430A439A61E268EE
:109B0000A16842EA01421A61DA6822F4F852616AF5
:109B1000A06A01430A43DA602046FFF795FF18B1B7
:109B2000094BFF225A62C8E707498B6923F060435B
:109B3000226AE06902436069024313438B61FF2399
:109B40004B62B6E7012070470078004690F82C3051
:109B5000012B11D0012280F82C20022380F82D3017
:109B600006498B6943F020038B6180F82D20002388
:109B700080F82C3018467047022070470078004665
:109B8000890001F18C4101F5FA410A6070478900B2
:109B900001F18C4101F5FA41086870470B684A6889
:109BA00013430A4AD3618B68CA6813438A69134313
:109BB000074A5362136A03F0FF230869496940EAC0
:109BC00001410B4313620020704700BF007800463C
:109BD000007C004603685A69996941F0080199615F
:109BE00001688B6943F010038B6101680B6823F0F7
:109BF00001030B6001680B6923F45B7323F003031B
:109C00000B6101688B6823F440438B6090F88930C6
:109C1000042B0DD012F0200F0AD0D0F88C3043F076
:109C20008003C0F88C3001688B6943F020038B619E
:109C300090F88930032B0DD012F0400F0AD0D0F8E5
:109C40008C3043F00403C0F88C3001688B6943F01A
:109C500040038B6112F4007F0AD0D0F88C3043F0BF
:109C60000103C0F88C3001688B6943F400738B6189
:109C700012F4807F0AD0D0F88C3043F00803C0F88B
:109C80008C300268936943F4807393610023A0F8D9
:109C90006A30A0F872307047C36B5B09C068083047
:109CA000C00803FB000070472DE9F84380460F46CB
:109CB00016461D46DDF8209000E0BDB1D8F8003012
:109CC0005C6937EA04040CBF01230023B3420AD1C4
:109CD000FDF7EEFAA0EB0900A842EED3B5F1FF3F85
:109CE000EBD0032000E00020BDE8F8830320FBE771
:109CF000002800F0978038B5044600238362056889
:109D0000494B9D422AD02046FFF7C6FF464B9D4255
:109D100029D0464B9D422AD094F889305BB3022368
:109D200084F889302268136823F0010313602368E4
:109D30009A6802F4F812A169B1F1806F21D06368CA
:109D400013F4800F30D0E368062B2DD921680B68FF
:109D500023F48073206D03430B602AE0C3680F2B4C
:109D6000D1D901205DE00828D3D9012059E010287D
:109D7000D2D9012055E084F888302046FDF7CAF892
:109D8000CDE76168B1F5800F06D00029D7D1A16B6E
:109D9000B1F1805FD3D102E0A06B0028F5D1196842
:109DA00041F480511960CAE721680B6823F480737D
:109DB0000B60E369A16A0B431343E26B1343E16851
:109DC00022680B439360636B626A1343A26B134375
:109DD000A26913432269134362691343226A13433E
:109DE00062681343E26C1343A2681343A26C1343EB
:109DF000A26D1343E26D1343216E22680B43D360BF
:109E0000636813F4800F06D02268D36823F0004300
:109E1000616D0B43D3600020C4F88C00012384F8EB
:109E2000893038BD012070470020004600300140D5
:109E300098B110B50446022380F88930026813688F
:109E400023F001031360FDF7CBF80020C4F88C0069
:109E500084F8890084F8880010BD01207047000054
:109E60002DE9F04782B004468A4691461D46D0F857
:109E70000080FDF71DFA94F88930012B40F05281E3
:109E80000646DFB2BAF1000F00F04D81B9F1000FC4
:109E900000F0498194F88830012B00F048810123BB
:109EA00084F88830032384F889300023C4F88C3088
:109EB000C4F864A0A4F86890A4F86A90E366A4F8D3
:109EC0007030A4F87230E367A367A368B3F5C02FBE
:109ED00025D02268D36823F4C02343F40033D36031
:109EE000226853686FF30F0349EA03035360226843
:109EF000136843F0010313602368DA6912F4001F4A
:109F000003D16268B2F5800F0FD0E3680F2B03D93D
:109F10002168884A914216D0072B4CD8ABE02268C2
:109F2000136843F400631360DAE71A6842F40072BE
:109F30001A60EAE7FDF7BCF9801BA84202D3B5F12D
:109F4000FF3F19D1C5B1B4F86A309BB2002B00F0C5
:109F5000CD8023685A6912F0020FEBD0626E12684E
:109F60001A62636E04336366B4F86A309BB2013BD5
:109F70009BB2A4F86A30E6E72046FFF72BFED4F840
:109F80008C3043F48073C4F88C30012384F889301A
:109F9000002384F888300327C5E0636E1B88A8F887
:109FA0002030636E02336366B4F86A309BB2013BC3
:109FB0009BB2A4F86A30B4F86A2092B2002A00F08A
:109FC00095802268536913F0020F15D0B4F86A30F7
:109FD0009BB2012BE1D9E36B002BDED0636E1B68D3
:109FE0001362636E04336366B4F86A309BB2023B5B
:109FF0009BB2A4F86A30DEE7FDF75AF9801BA8424D
:10A0000002D3B5F1FF3F01D1002DD4D12046FFF797
:10A01000E1FDD4F88C3043F48073C4F88C30012314
:10A0200084F88930002384F8883003277BE0B4F873
:10A030006A309BB2012B10D9E36B73B1636E1B883E
:10A04000A8F82030636E02336366B4F86A309BB2BE
:10A05000023B9BB2A4F86A300DE0636E1B7882F875
:10A060002030636E01336366B4F86A309BB2013B03
:10A070009BB2A4F86A30B4F86A2092B2002A35D0B4
:10A080002268536913F0020F15D0B4F86A309BB2FE
:10A09000032BCCD9E36B402BC9D9636E1B681362C9
:10A0A000636E04336366B4F86A309BB2043B9BB2C0
:10A0B000A4F86A30DFE7FDF7FBF8801BA84202D363
:10A0C000B5F1FF3F01D1002DD5D12046FFF782FD2C
:10A0D000D4F88C3043F48073C4F88C30012384F8B6
:10A0E0008930002384F8883003271CE000962B4633
:10A0F000002208212046FFF7D7FD28B1D4F88C3084
:10A1000043F02003C4F88C302046FFF763FD0123A1
:10A1100084F88930002384F88830D4F88C3013B95F
:10A12000002700E00227384602B0BDE8F08702278A
:10A13000F9E700BF003001402DE9F04F83B004463D
:10A14000884692461D460C9ED0F800B0FDF7B0F848
:10A1500094F88930012B40F0848107465FFA83F937
:10A16000B8F1000F00F07F81BAF1000F00F07B81A1
:10A17000002D00F0788194F88830012B00F0778171
:10A18000012384F88830052384F889300023C4F83B
:10A190008C30C4F86CA0A4F87250A4F87050C4F8C5
:10A1A0006480A4F86A50A4F86850A367E367226843
:10A1B000D36823F4C023D3602268AE4B9A4222D0E6
:10A1C0004FF0080A53686FF30F032B435360226864
:10A1D000136843F0010313602368DA6912F4001F67
:10A1E00003D16268B2F5800F10D0E3680F2B03D95A
:10A1F0002168A04A91420ED0072B40F213814FEA0A
:10A200005A0AA84684E04FF0100ADBE71A6842F4C5
:10A2100000721A60E9E74FEA9A0AA84622E023682A
:10A22000596948F20802114213D0B8F1000F10D05A
:10A23000E26E1B6B1360E36E0433E366B4F87230B6
:10A240009BB2013B9BB2A4F87230B4F872801FFA43
:10A2500088F8FDF72DF8C01BB04202D3B6F1FF3FDE
:10A2600021D106B31DB9B8F1000F00F0DD802368DD
:10A270005A6912F0020FD2D0002DD0D005EB0A029D
:10A280009045CCD2626E12681A62636E04336366C4
:10A29000B4F86A309BB2013B9BB2A4F86A30B4F8C0
:10A2A0006A50ADB2BBE72046FFF794FCD4F88C307F
:10A2B00043F48073C4F88C30012384F88930002380
:10A2C00084F888304FF00309CDE023685B6913F010
:10A2D000010F14D0B8F1000F11D0E36EBBF830209D
:10A2E0001A80E36E0233E366B4F872309BB2013B2E
:10A2F0009BB2A4F87230B4F872801FFA88F8FCF7A9
:10A30000D7FFC01BB04202D3B6F1FF3F22D10EB33C
:10A310001DB9B8F1000F00F0878023685B6913F066
:10A32000020FD2D0002DD0D005EB0A039845CCD235
:10A33000636E1B88ABF82030636E02336366B4F83B
:10A340006A309BB2013B9BB2A4F86A30B4F86A5001
:10A35000ADB2BAE72046FFF73DFCD4F88C3043F4A9
:10A360008073C4F88C30012384F88930002384F88A
:10A3700088304FF0030976E023685A6912F0010F24
:10A3800014D0B8F1000F11D0E26E93F83030137092
:10A39000E36E0133E366B4F872309BB2013B9BB2CB
:10A3A000A4F87230B4F872801FFA88F8FCF780FFC6
:10A3B000C01BB04202D3B6F1FF3F21D106B315B99D
:10A3C000B8F1000F30D023685A6912F0020FD3D0D1
:10A3D000002DD1D005EB0A029045CDD2626E1278E5
:10A3E00083F82020636E01336366B4F86A309BB251
:10A3F000013B9BB2A4F86A30B4F86A50ADB2BBE737
:10A400002046FFF7E7FBD4F88C3043F48073C4F8A0
:10A410008C30012384F88930002384F888304FF091
:10A42000030920E0A846CAE7009733460022082126
:10A430002046FFF739FC28B1D4F88C3043F02003D4
:10A44000C4F88C302046FFF7C5FB012384F889301F
:10A45000002384F88830D4F88C3023B94FF00009F9
:10A4600001E04FF00209484603B0BDE8F08F4FF01D
:10A470000209F8E700300140026850690023516981
:10A4800011F4C04F02D110F4004F1AD082B004333F
:10A49000DBB2116B019101990B498A420AD0082B5A
:10A4A0000CD8516911F4C04FF1D110F4004FEED126
:10A4B000002004E0102BF4D9032000E0032002B0B8
:10A4C00070470020704700BF003001407047704760
:10A4D0007047704770477047704770477047026811
:10A4E00052E8003F23F0C00342E800310029F6D1D2
:10A4F000026802F1080353E8003F23F40003083226
:10A5000042E800310029F3D12023C0F88830704799
:10A51000026852E8003F23F4907342E800310029BA
:10A52000F6D1026802F1080353E8003F23F080539C
:10A5300023F00103083242E800310029F1D1C36E53
:10A54000012B06D02023C0F88C300023C36643675C
:10A550007047026852E8003F23F0100342E80031E0
:10A560000029F6D1EEE708B50346C06D1B6D812BBF
:10A5700018D00023A0F85630026802F1080353E80F
:10A58000003F23F08003083242E800310029F3D174
:10A59000026852E8003F43F0400342E800310029DE
:10A5A000F6D108BDD0F898309847FAE708B5C06DE5
:10A5B000D0F89430984708BD38B5C46DD4F88820D9
:10A5C000D4F88C5023689B6813F0800F01D0212AA7
:10A5D00011D023689B6813F0400F01D0222D11D0B9
:10A5E000D4F8903043F01003C4F89030D4F8A4307D
:10A5F0002046984738BD0023A4F856302046FFF780
:10A600006EFFE6E70023A4F85E302046FFF780FFE8
:10A61000E6E708B5C06D0023A0F85E30D0F8A4309E
:10A62000984708BD08B5026852E8003F23F0400390
:10A6300042E800310029F6D12023C0F888300023F9
:10A640008367D0F89830984708BD000038B310B53C
:10A6500004462423C0F888300268136823F00103FD
:10A6600013600268002313600268536002689360FD
:10A67000D0F8C4307BB1D4F8C430204698470020CD
:10A68000C4F89000C4F88800C4F88C00E066206725
:10A6900084F8840010BD034BC0F8C430EBE7012000
:10A6A000704700BF3D720008D0F88830202B62D17F
:10A6B00010B50446002960D0002A60D00165A0F8DA
:10A6C0005420A0F856200023C0F890302123C0F871
:10A6D0008830C36F002B3DD02A491966C36F2A49C1
:10A6E0005966C36F29499966C36F0021D96683688B
:10A6F000B3F5805F20D0E06F036D13F0800F21D0A1
:10A70000436F8BB11B687BB19A60226DE36F5B6F07
:10A710001B68DA6023682833E26F526F1268136196
:10A72000E06FFEF709FCA8B11023C4F89030202395
:10A73000C4F88830012010BD0369002BDBD1520022
:10A7400092B2D8E72168134601F12802216DFEF785
:10A7500045FAE8E7236840221A62226802F10803FA
:10A7600053E8003F43F08003083242E800310029FB
:10A77000F3D10020DFE7022070470120DBE7012052
:10A78000D9E700BF67A50008ADA50008B9A5000876
:10A7900070B504460268D3691168906840F60F0CE2
:10A7A00013EA0C0F0FD113F0200F12D011F0200F6D
:10A7B00002D110F0805F0CD0636F002B00F082811B
:10A7C000204698477EE19D4D05402BD19C4E31425D
:10A7D00028D1E56E012D00F0C28013F0800F07D064
:10A7E00011F0800F40F06A8110F4000F40F0668194
:10A7F00013F0400F03D011F0400F40F0648113F4C8
:10A80000000F03D011F0804F40F0618113F0807F82
:10A8100000F05881002980F25581D4F8B4302046E8
:10A8200098474FE113F0010F09D011F4807F06D053
:10A8300001261662D4F890203243C4F8902013F019
:10A84000020F0BD010F0010F08D02268022616620A
:10A85000D4F8902042F00402C4F8902013F0040FC2
:10A860000BD010F0010F08D0226804261662D4F82D
:10A87000902042F00202C4F8902013F0080F0BD091
:10A8800011F0200F00D13DB1226808251562D4F8DF
:10A8900090202A43C4F8902013F4006F0CD011F0DC
:10A8A000806F09D022684FF400651562D4F89020BB
:10A8B00042F02002C4F89020D4F89020002A00F042
:10A8C000018113F0200F09D011F0200F02D110F0F8
:10A8D000805F03D0636F0BB120469847D4F8902077
:10A8E00023689B6813F0400F02D112F0280F2ED07E
:10A8F0002046FFF70DFE23689B6813F0400F21D020
:10A90000226802F1080353E8003F23F040030832B5
:10A9100042E800310029F3D1D4F880306BB1494AC4
:10A92000DA66D4F88000FEF7EAF9002800F0CA8061
:10A93000D4F88000C36E9847C4E0D4F8A430204611
:10A940009847BFE0D4F8A43020469847BAE0D4F83E
:10A95000A430204698470023C4F89030B2E013F0AA
:10A96000100F3FF43AAF11F0100F3FF436AF102341
:10A97000136223689B6813F0400F65D0D4F88020E1
:10A9800013689B6C9BB2002B49D0B4F85C109942C1
:10A9900045D9A4F85E30136D812B32D0226852E87D
:10A9A000003F23F4807342E800310029F6D1226889
:10A9B00002F1080353E8003F23F00103083242E8A4
:10A9C00000310029F3D1226802F1080353E8003F67
:10A9D00023F04003083242E800310029F3D120235C
:10A9E000C4F88C300023E366226852E8003F23F06D
:10A9F000100342E800310029F6D1D4F88000FEF7B8
:10AA000029F902232367D4F8BC20B4F85C10B4F809
:10AA10005E309BB2C91A89B22046904752E0B4F822
:10AA20005C1099424ED1136D812B4BD102232367C9
:10AA3000D4F8BC302046984744E000BF0100001025
:10AA40002001000413A60008B4F85C10B4F85E30CE
:10AA50009BB2C91A89B2B4F85E309BB2002B31D0D8
:10AA600081B3226852E8003F23F4907342E800303B
:10AA70000028F6D1226802F1080353E8003F23F0D2
:10AA8000805323F00103083242E800300028F1D15E
:10AA90002023C4F88C300023E3666367226852E801
:10AAA000003F23F0100342E800300028F6D10223D3
:10AAB0002367D4F8BC302046984703E0A36F0BB15E
:10AAC0002046984770BD2046FFF7ACFDFAE7D4F862
:10AAD000B83020469847F5E790F88430012B1FD016
:10AAE000012380F884302423C0F88830026852E8BB
:10AAF000003F23F00C0342E800310029F6D1026840
:10AB000052E8003F43F0080342E800310029F6D143
:10AB10002023C0F88830002380F88430184670471E
:10AB20000220704790F88430012B1FD0012380F859
:10AB300084302423C0F88830026852E8003F23F0B4
:10AB40000C0342E800310029F6D1026852E8003FC8
:10AB500043F0040342E800310029F6D12023C0F875
:10AB60008830002380F884301846704702207047F0
:10AB7000104BC0F89430104BC0F898300F4BC0F811
:10AB80009C300F4BC0F8A0300E4BC0F8A4300E4BD9
:10AB9000C0F8A8300D4BC0F8AC300D4BC0F8B03049
:10ABA0000C4BC0F8B4300C4BC0F8B8300B4BC0F8AD
:10ABB000BC307047CFA40008CDA40008D3A400087F
:10ABC000D1A40008D5A40008D7A40008D9A400087F
:10ABD000DBA4000821B4000823B40008DDA40008A9
:10ABE00070B5044683680269134342691343C2691E
:10ABF0001343016808688A4A02401A430A602268BF
:10AC0000536823F44053E1680B435360A169226801
:10AC1000844B9A4201D0236A1943936823F06E4310
:10AC200023F430630B4393602268D36A23F00F034D
:10AC3000616A0B43D36223687B4A934224D07B4AE8
:10AC4000934234D0774A934249D0202275498B42AF
:10AC50005FD0E069B0F5004F00F09F80102A00F24D
:10AC60001581DFE812F0D100D60013011301CF00E7
:10AC7000130113011301D90013011301130113016F
:10AC8000130113011301ED00694AD2F8E02002F02C
:10AC90000302032A09D8DFE802F002043606012283
:10ACA000D4E70822D2E71022D0E72022CEE7604A7C
:10ACB000D2F8E02002F00C020C2A0ED8DFE802F0F5
:10ACC000070D0D0D090D0D0D250D0D0D0B000022AD
:10ACD000BCE70822BAE71022B8E72022B6E702F55F
:10ACE000F432D2F8E82002F00302032A09D8DFE8A0
:10ACF00002F002040E060222A8E70822A6E71022AC
:10AD0000A4E72022A2E70422A0E704229EE704226F
:10AD10009CE7023A0E2A00F2AB80DFE802F00BA9B2
:10AD200013A9A9A910A9A9A9A9A9A9A908004FF41B
:10AD3000004008E0FEF76CFC28B90020A7E0FEF711
:10AD400019FCF9E73B48626A3B4B33F81220B0FB31
:10AD5000F2F3656805EB4501994200F28B80B3EB95
:10AD6000053F00F28980002633463146F9F7DEFEC2
:10AD7000090241EA106103026A0898182A4633461C
:10AD800041F10001F9F7D2FEA0F540722B4B9A4237
:10AD900074D82368D860304679E0102A70D8DFE88C
:10ADA00002F00B2B6F6F096F6F6F2E6F6F6F6F6FEE
:10ADB0006F6F0F001F4803E0FEF70AFC002861D008
:10ADC000626A1D4B33F81230B0FBF3F0626853082F
:10ADD00003EB4003B3FBF2F3A3F110014FF6EF7264
:10ADE000914251D89AB222F00F02C3F342031343A7
:10ADF0002268D36000204AE0FEF7FAFBDEE7FEF7A8
:10AE0000B9FBDBE70B481DE0FEF7E2FBD0B9002001
:10AE10003DE0FEF7EDFBF9E7FEF7ACFBF6E700BF20
:10AE2000F369FFCF00240046003801400044004091
:10AE3000000C02460024F40040D60008FFFC0F007E
:10AE40004FF40040626A174B33F81230B0FBF3F056
:10AE5000636800EB5300B0FBF3F0A0F110024FF673
:10AE6000EF739A421CD8236880B2D86000200EE0AD
:10AE700001200CE001200AE0012008E0012006E0AA
:10AE8000012004E0002002E0012000E00120012375
:10AE9000A4F86A30A4F8683000236367A36770BD24
:10AEA0000120F4E740D60008836A13F0080F06D0AB
:10AEB0000268536823F40043816B0B435360836A39
:10AEC00013F0010F06D00268536823F40033C16AFF
:10AED0000B435360836A13F0020F06D00268536875
:10AEE00023F48033016B0B435360836A13F0040F28
:10AEF00006D00268536823F48023416B0B435360F0
:10AF0000836A13F0100F06D00268936823F480530D
:10AF1000C16B0B439360836A13F0200F06D0026865
:10AF2000936823F40053016C0B439360836A13F01E
:10AF3000400F0AD00268536823F48013416C0B431E
:10AF40005360436CB3F5801F0BD0836A13F0800FFE
:10AF500006D00268536823F40023C16C0B4353608E
:10AF600070470268536823F4C003816C0B4353603D
:10AF7000EBE72DE9F84305460E4617469946DDF8FE
:10AF800020802B68DC6936EA04040CBF012400240D
:10AF9000BC4236D1B8F1FF3FF3D0FCF789F9A0EB02
:10AFA0000900404530D8B8F1000F2FD02B681A683F
:10AFB00012F0040FE5D0802EE3D0402EE1D0DA6904
:10AFC00012F0080F11D1DA6912F4006FD9D04FF4E2
:10AFD00000621A622846FFF79BFA2023C5F89030DA
:10AFE000002385F8843003200CE008241C622846E6
:10AFF000FFF78EFAC5F89040002385F884300120D1
:10B0000000E00020BDE8F8830320FBE70320F9E718
:10B010002DE9F04182B01E46D0F88830202B5AD15D
:10B0200004460D469046002959D00AB9012053E044
:10B030000023C0F890302123C0F88830FCF738F99D
:10B040000746A4F85480A4F85680A368B3F5805F3F
:10B0500002D04FF0000816E0236943B34FF0000818
:10B0600011E02023C4F88830032035E038F8023B93
:10B070002268C3F308039362B4F8562092B2013AEF
:10B0800092B2A4F85620B4F856309BB293B1009611
:10B090003B46002280212046FFF76BFF0028E0D1CD
:10B0A000002DE3D015F8012B23689A62E4E7A84647
:10B0B0000025E8E700963B46002240212046FFF7A6
:10B0C00058FF18B92023C4F8883005E02023C4F8BD
:10B0D0008830032000E0022002B0BDE8F0810120AA
:10B0E000FAE72DE9F04383B01E46D0F88C30202BD0
:10B0F0007DD104460D46904600297CD00AB9012036
:10B1000076E00023C0F890302222C0F88C20C3667D
:10B11000FCF7CEF80746A4F85C80A4F85E80A3682C
:10B12000B3F5805F06D0A3B9226972B9FF22A4F8F3
:10B13000602014E0226922B940F2FF12A4F86020D6
:10B140000DE0FF22A4F8602009E07F22A4F860202F
:10B1500005E0B3F1805F0AD00022A4F86020B4F8C3
:10B160006080B3F5805F0CD04FF0000920E02269C9
:10B170001AB97F22A4F86020F1E73F22A4F86020EA
:10B18000EDE723695BB34FF0000911E02023C4F819
:10B190008C3003202CE023685B6A08EA030329F85B
:10B1A000023BB4F85E2092B2013A92B2A4F85E205B
:10B1B000B4F85E309BB2ABB100963B460022202132
:10B1C0002046FFF7D6FE0028E0D1002DE3D023680B
:10B1D0005A6A5FFA88F3134005F8013BE1E7A94694
:10B1E0000025E5E72023C4F88C30002000E0022091
:10B1F00003B0BDE8F0830120FAE730B583B0044620
:10B200000023C0F89030FCF753F805462268126816
:10B2100012F0080F10D123681B6813F0040F28D117
:10B220002023C4F88830C4F88C300020E066206702
:10B2300084F8840003B030BD6FF07E430093034672
:10B2400000224FF400112046FFF793FE0028E2D0C1
:10B25000226852E8003F23F0800342E800310029D1
:10B26000F6D12023C4F88830002384F884300320EA
:10B27000E0E76FF07E4300932B4600224FF48001FD
:10B280002046FFF776FE0028CAD0226852E8003F29
:10B2900023F4907342E800310029F6D1226802F1CC
:10B2A000080353E8003F23F00103083242E800316D
:10B2B0000029F3D12023C4F88C30002384F8843093
:10B2C0000320B7E700283AD010B50446D0F88830FC
:10B2D0000BB32423C4F888302268136823F00103D9
:10B2E0001360A36A3BBB2046FFF77AFC012811D00C
:10B2F0002268536823F4904353602268936823F0D4
:10B300002A0393602268136843F001031360204608
:10B31000FFF773FF10BD80F88430FFF729FCD4F8E5
:10B32000C03023B1D4F8C03020469847D1E7054B50
:10B33000C4F8C030F6E72046FFF7B6FDD3E701209A
:10B34000704700BFB970000800283FD010B5044610
:10B35000D0F8883033B32423C4F8883022681368C7
:10B3600023F001031360A36A63BB2046FFF738FC98
:10B37000012816D02268536823F490435360226852
:10B38000936823F0220393602268936843F00803D4
:10B3900093602268136843F0010313602046FFF7AF
:10B3A0002CFF10BD80F88430FFF7E2FBD4F8C030EA
:10B3B00023B1D4F8C03020469847CCE7044BC4F8FA
:10B3C000C030F6E72046FFF76FFDCEE7012070475B
:10B3D000B9700008436E2BB90123A0F86A30A0F8B9
:10B3E0006830704730B403689A68C2F34262996863
:10B3F000490F094D6B5CDB00084C615C93FBF1F37A
:10B40000A0F86A30AB5CDB00A25C93FBF2F3A0F81F
:10B41000683030BC704700BF60D6000858D60008BE
:10B420007047704790F88430012B1DD010B504464A
:10B43000012380F884302423C0F888300268136820
:10B44000116821F00101116043F000534FF00052E8
:10B45000426602681360FFF7BDFF2023C4F88830FE
:10B46000002084F8840010BD0220704738B590F8A1
:10B470008430012B1DD00446012380F8843024231E
:10B48000C0F8883003681D681A6822F001021A604B
:10B490000268936823F0604319439160FFF79AFFB5
:10B4A00023681D602023C4F88830002084F88400BD
:10B4B00038BD0220FCE738B590F88430012B1DD050
:10B4C0000446012380F884302423C0F888300368C0
:10B4D0001D681A6822F001021A600268936823F05E
:10B4E000606319439160FFF775FF23681D60202397
:10B4F000C4F88830002084F8840038BD0220FCE7BE
:10B50000014B1860704700BFD8070020032A15D9E7
:10B510000B68036000F00303C3F1040C6044614452
:10B52000043B1A4411F0030F14D1032A06D951F831
:10B53000043B40F8043B043A032AF8D8022A0DD011
:10B54000032A12D0012A0DD0704751F8043B40F86D
:10B55000043B043A032AF8D8022AF1D111F8013B3E
:10B5600000F8013B0B780370704711F8013B00F8BD
:10B57000013BF3E701EB012303EB0343032A16D955
:10B5800000B5036000F0030CCCF1040E7044ACF184
:10B59000040C624402E040F8043B043A032AFAD85F
:10B5A000022A13D0032A0FD0012A11D000BD022A8B
:10B5B00006D0032A02D0012A04D0704700F8011BEC
:10B5C00000F8011B0170704700F8011B00F8011B17
:10B5D000017000BD10B5EFF3108E72B6214BB3F8B9
:10B5E00012C01A8A944511D0944521D9CCF5C06374
:10B5F0009BB283421FD882421DD91A4B01249C70F2
:10B60000A3F800C000245C82134614E0CCF5C063AC
:10B610009BB298420FD382420DD9124B01249C70E9
:10B62000A3F800C04FF0000CA3F812C0134602E0CC
:10B63000A2EB0C0293B2834210D90A4A538A0B80C0
:10B640001844094BA3FB00139B0A03EB4303A0EB35
:10B650004323538200208EF3108810BD4FF0FF303B
:10B66000F9E700BF481A0020ABAAAAAAEFF310819D
:10B6700072B6034AD38A0133D38281F310887047AC
:10B68000481A0020EFF3108172B6034AD38A013BB7
:10B69000D38281F310887047481A0020024BD88A61
:10B6A000003818BF01207047481A002008B518223A
:10B6B00000210748FFF75EFF4FF4C06200210548F4
:10B6C000FFF758FF044B1B680448984708BD00BFAC
:10B6D000481A0020481400200CD600081DB80008A5
:10B6E00008B5024B5B68984708BD00BF0CD6000840
:10B6F000044B5A8A1B8A9A4201D0002070470120CD
:10B70000704700BF481A00207047000070B5EFF383
:10B71000108472B6FFF7C2FF18B184F310880020BE
:10B7200070BDFFF7A3FF1D4B1A8A5B8A9A422ED089
:10B730001A498978012917D0184A927832B9174ADC
:10B74000128A93421ED99B1A144A9382134E358A49
:10B75000134B1D4484F31088FFF7D6FF114BDB68B1
:10B76000B18A28469847DBE70C4801888A1A92B2CA
:10B7700082820221817000210180002ADCD1817047
:10B780000182D9E7C2F5C062044B9A82DEE7FFF777
:10B7900079FF84F310880020C2E700BF481A002018
:10B7A000481400200CD6000830B583B005460C467E
:10B7B000FFF75CFF0DF106012046FFF70BFFB0F12C
:10B7C000FF3F0DD0BDF806302246294607481844F1
:10B7D000FFF79CFEFFF756FFFFF798FF03B030BD61
:10B7E000FFF750FF6FF00200F8E700BF4814002099
:10B7F0000FB410B5A8B02AAB53F8042B019302ACD8
:10B800009621204600F056F981B22046FFF7CCFF82
:10B8100028B0BDE8104004B07047704708B5EFF39A
:10B82000108C72B6284B9B78022B1CD026490A8AB2
:10B830008B8A1A44254BA3FB02039B0A03EB4303A9
:10B840005802131A0B82204B1A8A5B8A9A4203D041
:10B850001D49C98A01290BD08CF31088FFF7DDFF41
:10B86000FFF710FF08BD184B00229A701A82EAE712
:10B8700015498978012914D0134A927832B9124AAD
:10B88000128A93421BD99B1A0F4A93820E4B188A35
:10B890000F4A10448CF310880E4AD268998A904758
:10B8A000E0E7094801888A1A92B2828202218170F7
:10B8B00000210180002ADFD181700182DCE7C2F51E
:10B8C000C062014B9A82E1E7481A0020ABAAAAAAFB
:10B8D000481400200CD6000840F29243984204D04D
:10B8E000B0F5966F09D00B487047B1F5805F0CD06A
:10B8F000B1F5005F0BD10848704741F2010399424E
:10B9000001D0044870470548704705487047014812
:10B91000704700BF94D200088CD20008A4D200085F
:10B920009CD2000840F29243984204D0B0F5966F42
:10B9300003D103487047034870470348704700BF6E
:10B94000B8D20008ACD2000894D2000870B5044602
:10B95000084E3568C5F30B0505602846FFF7E2FF82
:10B9600060603168090CA1602846FFF7B5FFE06010
:10B97000204670BD004004E00146002008E000EBD6
:10B980008000531C0B60137803EB4003A3F13000DD
:10B990000A681378303BDBB2092BF0D970470000FE
:10B9A0002DE9F04593B01B9D1C9E16F0400F10D161
:10B9B000DFF8F8A09F1E222F75D816F001040BD0D7
:10B9C0004FF0300E16F0020F0FD0002A07DB0027D1
:10B9D0000CE0DFF8DCA0EDE74FF0200EF2E752427A
:10B9E0001A9E013E1A962D2700E000275ABB3023ED
:10B9F0008DF804304FF0010CAC4500DD65461A9B14
:10BA00005B1B1CB31FB100F8017B013907D0002B71
:10BA100003F1FF3324DD00F801EB0139F7D113B056
:10BA2000BDE8F085B2FBF3F603FB16221AF802809C
:10BA30000CF148026A4402F8448C32460CF1010CC5
:10BA4000002AEFD1D8E74FF0000CF9E7002B03F103
:10BA5000FF33D7DD202200F8012B0139F6D1DEE7D4
:10BA6000654505F1FF3505DD302200F8012B013970
:10BA7000F6D1D4E76246002A0CF1FF3C09DD0CF157
:10BA800048026A4412F8442C00F8012B0139F1D124
:10BA9000C5E7002B03F1FF33C1DD202200F8012BA5
:10BAA0000139F6D1BBE70020B9E700BFC4D20008D6
:10BAB000ECD200082DE9F04786B0059204930E1EE3
:10BAC00040F3BB800546044604E004F8013B059BB7
:10BAD00001330593059A137823B9611B701E8142C7
:10BAE000C0F2A580A4EB0508771EB84580F29F80C0
:10BAF000252BEAD1531C05935378302B20D04FF0DF
:10BB00000009303BDBB2092B1DD94FF0FF3A059BF2
:10BB10001A78A2F15803202B56D8DFE803F04D55D0
:10BB20005555555555555555551E51555555555104
:10BB30005555555555555555552A551955556B005B
:10BB40004FF00109DDE705A8FFF716FF8246DEE7A3
:10BB50000A2352E0202304F8013B0AF1FF3ABAF12C
:10BB6000000FF7DC049B1A1D04921B7804F8013BBC
:10BB7000ADE7049B1A1D04921F684FB13846F8F7D1
:10BB800073FFA6EB0803013B984228BF184605E067
:10BB90002B4FF3E7202204F8012B9A460AF1FF33DA
:10BBA0008245F7DC002304E017F8012B04F8012B91
:10BBB00001338342F8DB8AE749F0400910231CE097
:10BBC00049F002090A231BE0252A02D0252304F8A4
:10BBD000013B631B9F420FDD059B1A783AB104F8C5
:10BBE000012B631B9F423FF772AF0A2305E0013B25
:10BBF0000593F6E7102300E00A2319F0020F11D095
:10BC0000049A111D04911268611BCDF808904FF041
:10BC1000FF300190CDF800A0791A2046FFF7C0FE52
:10BC2000044654E7049A111D04911268ECE70023BE
:10BC30002370601B06B0BDE8F0870020FAE700BF64
:10BC400014D30008024B0146186800F02DB800BF5D
:10BC5000E0070020024B0146186800F031B900BF30
:10BC6000E007002070B50F4E0C460546316811B94B
:10BC700000F0D8F830602146284600F0D3F8431C85
:10BC800003D14FF0FF34204670BDC41C24F00304E0
:10BC9000A042F8D0211A284600F0C4F80130F2D1B1
:10BCA000EFE700BF601A00202DE9F843CD1C0646DF
:10BCB00025F0030508350C2D38BF0C25002D01DBC0
:10BCC000A94204D90C2333600020BDE8F883DFF8D3
:10BCD000D48000F069F8D8F800301C4644BB2946EF
:10BCE0003046FFF7BFFF431C044658D1D8F8004048
:10BCF0002746002F43D1002C4BD0236839463046CD
:10BD000004EB030900F08EF8814542D121683046EA
:10BD10006D1A2946FFF7A6FF01303AD023682B445D
:10BD20002360D8F800305A6862BBC8F800700FE092
:10BD30002268521B20D40B2A17D96119A34225600F
:10BD400018BF5960636808BFC8F8001062514B60A3
:10BD5000304600F02FF804F10B00231D20F00700FF
:10BD6000C21A1CBF1B1AA350AFE76268A3420CBFE4
:10BD7000C8F800205A60EBE723466468AEE73C460B
:10BD80007F68B6E71A465B68A342FBD10023536085
:10BD9000DEE70C233046336000F00CF894E70560D2
:10BDA000D6E700BF641A0020014800F075B800BF54
:10BDB000A41B0020014800F070B800BFA41B0020A5
:10BDC0000139024410B5904201D1002005E003780A
:10BDD00011F8014FA34201D0181B10BD0130F2E74A
:10BDE000884210B501EB020402D98442234607D8E9
:10BDF000431EA14207D011F8012B03F8012FF8E7E9
:10BE00000244824200D110BD13F8011D02F8011D49
:10BE1000F7E702440346934200D1704703F8011B41
:10BE2000F9E7000038B50023054D044608462B60AD
:10BE3000FBF73AFC431C02D12B6803B1236038BDE9
:10BE4000A01B0020014B1868704700BFE0070020CE
:10BE500070B50D4B00260D4D5B1B9C10A64209D101
:10BE60000B4D00F077F80B4B00265B1B9C10A64295
:10BE700005D170BD55F8043B01369847EEE755F8FB
:10BE8000043B01369847F2E770D6000870D60008E8
:10BE900070D6000874D600087047704700F003B8E9
:10BEA0000022F8F7E9BD0A44431E914200D17047D1
:10BEB00010B511F8014B914203F8014FF9D110BDB3
:10BEC00038B50546002941D051F8043C0C1F002B21
:10BED000B8BFE418FFF768FF1D4A136833B9636001
:10BEE00014602846BDE83840FFF764BFA34208D974
:10BEF000206821188B4201BF19685B68091821600E
:10BF0000EDE71A465B680BB1A342FAD911685018E5
:10BF1000A0420BD120680144501811608342E0D147
:10BF200018685B68084453601060DAE702D90C2394
:10BF30002B60D6E7206821188B4202BF19685B6826
:10BF40000918636008BF21605460CAE738BD00BFAC
:10BF5000641A0020F8B500BFF8BC08BC9E467047C4
:0CBF6000F8B500BFF8BC08BC9E46704756
:10BF700008000000EDFFFFFFFFFFFFFFFFFFFFFFD7
:10BF8000FFFFFFFFFFFFFFFFFFFFFFFFFFFFFFFFC1
:10BF9000FFFFFF7F08000000A40500000000000074
:10BFA0000000000000000000000000000000000091
:10BFB000000000000000000008000000EDD3F55C68
:10BFC0001A631258D69CF7A2DEF9DE1400000000B6
:10BFD0000000000000000000000000100800000049
:10BFE000010F9C44E31106A447938568A71B0ED05C
:10BFF00065BEF517D273ECCE3D9A307C1B41990398
:10C0000008000000C7FFFFFFFFFFFFFFFFFFFFFF6C
:10C01000FFFFFFFFFFFFFFFFFFFFFFFFFFFFFFFF30
:10C02000FFFFFF7F08000000FAE947DFFE8BED808D
:10C030007329C6AF7787A110908618BC079293E545
:10C0400026C59F725A2B822C020000002600000099
:10C0500000000000000000000000000000000000E0
:10C0600000000000000000000000000087A29D3FCB
:10C0700055BCCAE289E496235698A59CB7B5E4ADB1
:10C080006B937998D077607E70239E754A333333F3
:10C090003333333333333333333333333333333370
:10C0A0003333333333333333333333336CE84A99F5
:10C0B000AA96084F6E5012B611ADB7E392C483F141
:10C0C00022A9C7460D93B3FE591C185E64E6893950
:10C0D000DCEC7EC8746036039A7BE5DD4BB1F1542D
:10C0E000B34E88FAF7850B89F4F1675F47AFC177E4
:10C0F000598B0852F37A03A5BFAB3EC5294EE71F03
:10C100008AB9A7999B7126A09BFD2111716CA6F39A
:10C11000B3C5BB46436C4D94320C33EE82D6DCDFA4
:10C1200014E39286453C12482903F47C002C3CE140
:10C13000809D0952BB41740AC3C5855D2C2E4DE814
:10C1400081C93010A220571D148E0D1C0EEECD9308
:10C15000230C9FED133912BBADD3DF4C198F18F2AE
:10C160002654C5E82885119EAAD5D24E5C0C916B49
:10C170007FB9F339AD5F4E29502FEB29685AD92C7E
:10C18000A778B85837A985A2058C8347030000001B
:10C190002600000000000000000000000000000079
:10C1A000000000000000000000000000000000008F
:10C1B00087A29D3F55BCCAE289E496235698A59C68
:10C1C000B7B5E4AD6B937998D077607E70239E7598
:10C1D0004A33333333333333333333333333333318
:10C1E000333333333333333333333333333333331F
:10C1F0006CE84A99AA96084F6E5012B611ADB7E393
:10C2000092C483F122A9C7460D93B3FE591C185E50
:10C21000E29BF17639BE9696FDC39634C99308BC6D
:10C22000AAB8795441E551BEDA44C1210133EB6328
:10C23000D7D778F4C17A01699872584F790B679D06
:10C24000C198BB4522FBBBEB79AF63CD1765643B5F
:10C25000C05CAAEA2D55F7921A736945C7F2D1ADB1
:10C26000D72379C98B3D82058320E466C2596E4786
:10C2700070BF000894BF0008B8BF0008DCBF00080A
:10C2800000C0000824C000080800000001000000F1
:10C290000800000004DB2BFED407583BEDE91BB57A
:10C2A000FD90F503D1026233BF166E6DA81BC7D691
:10C2B0000B6B77759CC300084D09000890C20008FD
:10C2C000000000000000000070C20008F8C2000872
:10C2D00048C000088CC1000850C3000854C30008BF
:10C2E0000000000044C30008B4C200080B000000B6
:10C2F00002000000C8C20008131B0008AF180008A5
:10C30000DD190008131B0008AF180008DD1900082C
:10C310000200000002000000FC7F003F0035011316
:10C320002D45000821230008332C00082123000894
:10C33000C14600080000000003460008010000009C
:10C3400020C30008392D0008000000000200000092
:10C35000CF2D00087D31000808C9BCF367E6096AE3
:10C360003BA7CA8485AE67BB2BF894FE72F36E3C84
:10C37000F1361D5F3AF54FA5D182E6AD7F520E51E1
:10C380001F6C3E2B8C68059B6BBD41FBABD9831F9B
:10C3900079217E1319CDE05BBD39000898C30008F0
:10C3A00022AE28D7982F8A42CD65EF23914437716A
:10C3B0002F3B4DECCFFBC0B5BCDB8981A5DBB5E9DC
:10C3C00038B548F35BC2563919D005B6F111F159A9
:10C3D0009B4F19AFA4823F9218816DDAD55E1CABDA
:10C3E000420203A398AA07D8BE6F7045015B83126F
:10C3F0008CB2E44EBE853124E2B4FFD5C37D0C552A
:10C400006F897BF2745DBE72B196163BFEB1DE8021
:10C410003512C725A706DC9B942669CF74F19BC112
:10C42000D24AF19EC1699BE4E3254F388647BEEFAF
:10C43000B5D58C8BC69DC10F659CAC77CCA10C2467
:10C4400075022B596F2CE92D83E4A66EAA84744AD9
:10C45000D4FB41BDDCA9B05CB5531183DA88F97611
:10C46000ABDF66EE52513E981032B42D6DC631A846
:10C470003F21FB98C82703B0E40EEFBEC77F59BF2A
:10C48000C28FA83DF30BE0C625A70A934791A7D515
:10C490006F8203E05163CA06706E0E0A6729291481
:10C4A000FC2FD246850AB72726C9265C38211B2EC9
:10C4B000ED2AC45AFC6D2C4DDFB3959D130D3853F6
:10C4C000DE63AF8B54730A65A8B2773CBB0A6A7609
:10C4D000E6AEED472EC9C2813B358214852C72929F
:10C4E0006403F14CA1E8BFA2013042BC4B661AA81C
:10C4F0009197F8D0708B4BC230BE5406A3516CC7D5
:10C500001852EFD619E892D110A96555240699D68C
:10C510002A20715785350EF4B8D1BB3270A06A104D
:10C52000C8D0D2B816C1A41953AB4151086C371EFC
:10C5300099EB8EDF4C774827A8489BE1B5BCB03417
:10C54000635AC9C5B30C1C39CB8A41E34AAAD84EF9
:10C5500073E363774FCA9C5BA3B8B2D6F36F2E68C0
:10C56000FCB2EF5DEE828F74602F17436F63A57886
:10C5700072ABF0A11478C884EC39641A0802C78C35
:10C58000281E6323FAFFBE90E9BD82DEEB6C50A447
:10C590001579C6B2F7A3F9BE2B5372E3F27871C6D0
:10C5A0009C6126EACE3E27CA07C2C021C7B886D101
:10C5B0001EEBE0CDD67DDAEA78D16EEE7F4F7DF5C9
:10C5C000BA6F1772AA67F006A698C8A2C57D630A5B
:10C5D000AE0DF9BE04983F111B471C13350B711BA0
:10C5E000847D0423F577DB289324C7407BABCA32D4
:10C5F000BCBEC9150ABE9E3C4C0D109CC4671D43B1
:10C60000B6423ECBBED4C54C2A7E65FC9C297F59E0
:10C61000ECFAD63AAB6FCB5F1758474A8C19446C8B
:10C62000213A000819470008CB47000821470008B5
:10C6300008410008257328293A20636F6E746169E8
:10C640006E6572206F70656E206572726F723D2527
:10C6500064000000257328293A20636F6E746169B5
:10C660006E65722061757468206572726F723D2507
:10C6700064000000257328293A204F544120276F79
:10C680006E676F696E6727207374617475732073AA
:10C690006574206572726F723D256400496E737413
:10C6A000616C6C696E6720574C7820696D616765B5
:10C6B0003A2073697A652025752062797465730064
:10C6C0002573282920636F6E7461696E6572206F0F
:10C6D00070656E20574C78206572726F723D2564CC
:10C6E00000000000496E7374616C6C696E672057BE
:10C6F000424120696D6167653A2073697A6520253A
:10C7000075206279746573002573282920636F6E24
:10C710007461696E6572206F70656E2057424120AA
:10C720006572726F723D2564000000002573282930
:10C7300020636F6E7461696E65725F76657273698E
:10C740006F6E5F676574206572726F723D2564005D
:10C75000257328293A204F544120696E7374616C07
:10C760006C656420636F6E7461696E6572207665B6
:10C770007273696F6E20736574206572726F723D9B
:10C7800025640000257328293A204F544120276949
:10C79000646C6527207374617475732073657420ED
:10C7A0006572726F723D25640000000025732829B0
:10C7B0003A204F544120686561646572207265615A
:10C7C00064206572726F723D25640000257328290C
:10C7D0003A204F544120666F6F7465722072656114
:10C7E00064206572726F723D2564000025732829EC
:10C7F0003A20696E76616C6964206D6167696320B7
:10C80000696E2061707020666F6F7465723A2030B7
:10C810007825303858000000257328293A2077629F
:10C82000612061707020435243206661696C6564C9
:10C830002C206572726F723D2564000025732829D3
:10C840003A2076616C6964697479206D61726B65F8
:10C85000722072656164206572726F723D2564009A
:10C86000257328293A20696E76616C6964207661A7
:10C870006C6964697479206D61726B657200000087
:10C88000257328293A2072656164206572726F727F
:10C890003D256400257328293A2077726974652044
:10C8A0006572726F723D25642C206F6666736574C5
:10C8B0003D25642C2073697A653D256400000000E5
:10C8C000526563656976656420726573706F6E7317
:10C8D00065207769746820756E6578706563746526
:10C8E0006420636F6D6D616E6420636F64653A20D0
:10C8F000256400005265636569766564206572721F
:10C900006F723D256420726573706F6E736520666B
:10C910006F7220636F6D6D616E642025640000008E
:10C920004661696C656420746F2065737461626C24
:10C9300069736820636F6E6E656374696F6E2077CC
:10C9400069746820574C582C206572726F723D25AF
:10C95000640000004661696C656420746F2067653F
:10C9600074206170702076657273696F6E206672D4
:10C970006F6D20574C582C206572726F723D256484
:10C9800000000000526563656976656420696E7613
:10C99000616C69642076657273696F6E207265736D
:10C9A000706F6E73652066726F6D20574C58000073
:10C9B00052656365697665642076657273696F6E2A
:10C9C00020726573706F6E73652077697468207567
:10C9D0006E657870656374656420696D6167652054
:10C9E000747970653A202564000000004661696C26
:10C9F000656420746F206765742076657273696F53
:10CA00006E2066726F6D20574C582C206572726FC5
:10CA1000723D256400000000257328293A206765CF
:10CA2000742076657273696F6E206572726F723DE5
:10CA3000256400004661696C656420746F2073652D
:10CA40006E6420574C5820696D6167652063687576
:10CA50006E6B2C206572726F723D256400000000C1
:10CA60005374617274696E672075736572206170AA
:10CA7000706C69636174696F6E2061742030782511
:10CA80003038582E2E2E00004D4200004B42000040
:10CA9000312E312E3000000041494D2076657273F1
:10CAA000696F6E20257300004465627567000000A1
:10CAB00041494D206275696C6420747970653A2033
:10CAC000257300003732383431326666343165659B
:10CAD00064666165353234393236643765323736EB
:10CAE000353462383638353433383062202864695A
:10CAF000727479290000000041494D20636F6D6D0B
:10CB0000697420686173683A202573004E2F4100D4
:10CB100041494D20636F6D6D697420646573637264
:10CB2000697074696F6E3A202573000053544D3359
:10CB300032437562655742413A2025752E25752E80
:10CB400025750000486F7374204D43553A202573B6
:10CB5000202830782558292C207265766973696FF2
:10CB60006E3A2025732028307825582900000000CF
:10CB7000436F6E66696775726174696F6E206D6967
:10CB8000736D617463683A2041494D20636F6E662E
:10CB900069677572656420666F722025752573203C
:10CBA000666C6173682073697A652C2062757420E5
:10CBB0007468652061637475616C2073697A65209F
:10CBC0006973202575257300446574656374656415
:10CBD00020666C6173682073697A653A2025752533
:10CBE000730000004661696C656420746F20696E93
:10CBF000697469616C697A6520434D4F5800000083
:10CC0000506F7765722D6F6E2F42726F776E6F75F2
:10CC1000740000005761746368646F67000000006F
:10CC20004F7074696F6E2042797465204C6F616437
:10CC300065720000496C6C6567616C204C504D005A
:10CC4000536F667477617265000000004578746503
:10CC5000726E616C204E52535400000043616E2787
:10CC6000742072656C6961626C79206465746563B7
:10CC70007420726573657420726561736F6E2C2009
:10CC8000616D626967756F75732072657365742075
:10CC9000666C6167733A20307825303858000000A0
:10CCA000526573657420726561736F6E3A202573E7
:10CCB0002052657365740000557064617465206965
:10CCC0006E7374616C6C20726571756573746564E4
:10CCD0002070726573656E7420696E2052414D003C
:10CCE000556E61626C6520746F2066696E642061A8
:10CCF00020626F6F7461626C652061707020696D75
:10CD0000616765005A314DA6101518A6C5BDB94416
:10CD1000961604DE14531A280D4EF53FFA3135A04D
:10CD20008E2F4CA900000000257328293A20636F3C
:10CD30006E7461696E657220696E7374616C6C20CB
:10CD40006572726F723D2564000000004661696C77
:10CD5000656420746F20696E697469616C697A65B5
:10CD600020696E7465726E616C20666C61736820F8
:10CD700073746F72616765004661696C65642074E5
:10CD80006F20696E697469616C697A652065787471
:10CD900065726E616C20666C6173682073746F726B
:10CDA00061676500496E7374616C6C696E67204FD2
:10CDB000544120636F6E7461696E65722E2E2E0071
:10CDC000496E7374616C6C696E6720666163746F21
:10CDD000727920636F6E7461696E65722E2E2E00FB
:10CDE0004163746976652061707020697320696E93
:10CDF00020747269616C20737461746500000000B6
:10CE0000547269616C20657870697265642C207356
:10CE100074617274696E67207265636F766572798A
:10CE20002E2E2E00257328293A20616374697665B9
:10CE3000206170702076616C696469747920636820
:10CE400065636B206572726F723D25642C2072657C
:10CE500073657474696E672073797374656D00000F
:10CE6000257328293A2061637469766520617070A2
:10CE70002076616C6964206572726F723D25642C46
:10CE8000207265636F766572696E67004D45544127
:10CE90003A2061707020696D706C3D25640000005F
:10CEA000426F6F74206D6F64653D25640000000063
:10CEB000257328293A20756E6578706563746564FA
:10CEC00020626F6F74206D6F64653D256400000003
:10CED000257328293A20696E76616C696420617037
:10CEE0007020696D706C3D253032580025732829FB
:10CEF0003A20626C6F636B5F6465766963655F653A
:10CF000072617365206572726F723D256400000066
:10CF1000257328293A20626C6F636B5F64657669BC
:10CF200063655F7772697465206572726F723D2503
:10CF300064000000257328293A20626C6F636B5FE0
:10CF40006465766963655F72656164206572726F9E
:10CF5000723D256400000000257328293A20696E7F
:10CF600076616C6964206D657461646174612061CF
:10CF7000707020696D706C206D61676963000000DE
:10CF8000257328293A20636F756E74657220766167
:10CF90006C756520696E206C696E652025750000D2
:10CFA000257328293A20747269616C20636F756E4D
:10CFB000746572206D61786564206F75740000007F
:10CFC000257328293A20696E76616C6964204F5474
:10CFD0004120696E7374616C6C0000002573282910
:10CFE0003A20696E76616C6964207374617475733C
:10CFF0003D256400257328293A206E6F2076616CE8
:10D00000696420636F6E7461696E65722076657203
:10D0100073696F6E20666F756E6420696E204F5461
:10D020004120737461747573000000004661696C7F
:10D03000656420746F20636F6E73747275637420FF
:10D040005348413531322068616E646C65000000E0
:10D050006861736820696E6974206572726F723DD1
:10D060002564000053484135313220617070656E8F
:10D0700064206572726F723D25640000534841352B
:10D080003132207365745461674C656E206572722D
:10D090006F723D25640000005348413531322067EE
:10D0A000656E6572617465546167206572726F7236
:10D0B0003D25640053484135313220636572726FFB
:10D0C000723D256400000000556E61626C6520743D
:10D0D0006F206C6F61642076657269666963617444
:10D0E000696F6E206B6579005B25755D1B5B313B5D
:10D0F00033316D5B4552524F525D1B5B306D3A20B0
:10D10000000000005B25755D1B5B313B33336D5BBD
:10D110005741524E494E475D1B5B306D3A2000002F
:10D120005B25755D1B5B313B33326D5B494E464F72
:10D130005D1B5B306D3A20005B25755D1B5B313BF1
:10D1400033346D5B44454255475D1B5B306D3A207F
:10D1500000000000756E6B6E6F776E2049443A20B8
:10D160006D3D3078253032582C20643D30782530A4
:10D170003258206A3D30782530345800556E636F40
:10D18000727265637461626C652045434320657209
:10D19000726F7220646574656374656420696E20C3
:10D1A000666C617368206174206164647265737376
:10D1B00020307825303858001B5B306D0A000000A5
:10D1C00057616974696E6720666F72204446552006
:10D1D00061637469766174696F6E202874696D6526
:10D1E0006F7574203120736563292E2E2E00000088
:10D1F000257328293A20636F6D6D5F696E6974200D
:10D200006661696C656420666F72205742412044F4
:10D210004655000053657269616C20444655206D87
:10D220006F6465206163746976617465642C20772E
:10D23000616974696E6720666F7220636F6D6D61DE
:10D240006E64732E2E2E00005265626F6F74207212
:10D25000657175657374656420627920686F737495
:10D260002C207265626F6F74696E672E2E2E00001F
:10D27000444655206D6F64652072657175657374E1
:10D280002074696D6564206F757400005265762E98
:10D2900020420000556E6B6E6F776E005265762EE1
:10D2A000204100005265762E205A000053544D3321
:10D2B000325742413578000053544D333257424182
:10D2C00036780000303132333435363738396162E0
:10D2D000636465666768696A6B6C6D6E6F707172A6
:10D2E000737475767778797A0000000030313233C4
:10D2F0003435363738394142434445464748494A30
:10D300004B4C4D4E4F505152535455565758595AF5
:10D31000000000003C4E554C4C3E00006170706DAA
:10D32000616E5F636F6E7461696E65725F696E7363
:10D3300074616C6C000000006170705F7762615F07
:10D34000696E7374616C6C006170705F7762615FAD
:10D3500076616C69646974795F73746174655F6721
:10D36000657400006170705F7762615F61757468F9
:10D37000656E746963617465000000000000000060
:10D38000000000000000000000000000FFFFFFFFA1
:10D39000FFFFFFFFFFFFFFFFFFFFFFFF1EF9C37A45
:10D3A000208B5ED4DAC4B7315F62A0E96170705F30
:10D3B000776C785F696E7374616C6C000000024278
:10D3C00002000000000000000004024200400000D3
:10D3D0000000000000000242000400000000000005
:10D3E0000004024280000000000000005F626F6FD6
:10D3F000746D67725F737769746368005F626F6FE3
:10D40000746C6F616465725F7265636F7665727963
:10D410005F666C6F770000005F626F6F746C6F61A6
:10D420006465725F6E6F726D616C5F666C6F7700C2
:10D430005F626F6F746C6F616465725F696E737445
:10D44000616C6C5F666C6F7700000000626F6F74D8
:10D450006C6F616465725F61707000006D6574610E
:10D46000646174615F6F74615F696E7374616C6C29
:10D4700065645F636F6E7461696E65725F76657215
:10D4800073696F6E5F736574000000006D65746191
:10D49000646174615F6F74615F696E7374616C6CF9
:10D4A00065645F636F6E7461696E65725F766572E5
:10D4B00073696F6E5F676574000000006D6574616D
:10D4C000646174615F6F74615F696E7374616C6CC9
:10D4D0006174696F6E5F7374617475735F73657483
:10D4E000000000006D657461646174615F6F746158
:10D4F0005F696E7374616C6C6174696F6E5F737475
:10D50000617475735F676574000000006D65746118
:10D51000646174615F6F74615F747269616C5F6391
:10D520006F756E7465725F696E6372656D656E743A
:10D53000000000006D657461646174615F6F746107
:10D540005F747269616C5F636F756E7465725F673B
:10D55000657400006D657461646174615F636F6E12
:10D560006669675F6170705F696D706C656D656E2F
:10D57000746174696F6E5F73657400006D657461CA
:10D58000646174615F636F6E6669675F6170705F2D
:10D59000696D706C656D656E746174696F6E5F67DF
:10D5A00065740000000000000000000000000000A2
:10D5B00000000000FFFFFFFFFFFFFFFFFFFFFFFF77
:10D5C000FFFFFFFFA5A5A5A5785634122143658767
:10D5D0005A5A5A5ABEBADEC0CEFAEDFEE20DAC027D
:10D5E00078563412BEBADEC0CEFAEDFEE10DAC02C2
:10D5F000E1FEED5E0DF0ADDEB3AB9A99FFFFFFFFEC
:10D60000FFFFFFFFEF171870C21718205D770008A3
:10D6100085770008EB760008A577000873657269C6
:10D62000616C5F6466755F70726F63657373000031
:10D6300000000000010203040000000001020304D6
:10D64000010002000400060008000A000C0010009F
:10D6500020004000800000010804020408010101CC
:08D660000101010307010000B4
:08D668000074FF7F01000000C7
:04D670008501000828
:04D674006101000848
:10D678004007002054070020680700204155000893
:10D6880019550008BCD30008C8D30008D4D3000833
:10D69800E0D30008D974000865740008E97300082D
:10D6A8007C07002000002800000014000100000092
:10D6B800001000007C070020000014000000140087
:10D6C80001000000001000007C070020000000009E
:10D6D8000000140001000000001000003775000869
:10D6E80029750008017500080000024220000000AA
:10D6F80000000000340700200000000000000000C7
:10D708001000000000200000340700200000000086
:10D718000000000010000000002000003407002076
:10D7280000000000000000001000000000200000C1
:10D738008D830008758300080024F40001000000B0
:10D74800E407002000000000681A0020D01A00201A
:10D75800381B00200000000000000000000000004E
:10D7680000000000000000000000000000000000B1
:10D7780000000000000000000000000000000000A1
:10D788000000000000000000000000000000000091
:04000005080079C5B1
:00000001FF
