:020000040800F2
:2000000000FC0020CD1100083B1100083D1100084111000843110008451100080000000020
:20002000000000000000000000000000F145000847110008000000009146000849110008E1
:200040001D1200081D1200081D1200081D1200081D1200081D1200081D1200081D120008E8
:200060001D1200081D1200081D1200081D1200081D1200081D1200081D1200081D120008C8
:200080001D1200081D1200081D1200081D120008000000001D1200081D1200081D120008DF
:2000A0001D1200081D1200081D1200081D1200081D1200081D1200081D1200081D12000888
:2000C0001D1200081D1200081D1200081D1200084162000851620008616200081D120008DC
:2000E0001D1200081D1200081D1200081D1200081D12000800000000000000001D120008B6
:200100001D1200081D1200081D1200081D1200081D1200081D1200081D1200081D12000827
:180120001D1200081D1200081D1200081D1200081D1200081D1200087D
:2001400010B5054C237833B9044B13B10448AFF300800123237010BDD80100200000000004
:20016000E071000808B5034B1BB103490348AFF3008008BD00000000DC010020E07100087B
:2001800001F0FF01102A2BDB10F0070F08D010F8013B013A8B422DD010F0070F42B3F6D125
:2001A000F0B441EA012141EA014122F007047FF000070023F0E80256083C85EA010586EAD2
:2001C000010685FA47F5A3FA87F586FA47F6A5FA87F68EB9EED1F0BC01F0FF0102F00702CD
:2001E00032B110F8013B013A83EA010313B1F8D10020704701387047002D06BF3546033830
:20020000073815F0010F07D1013015F4807F02BF013015F4C03F0130F0BC0138704700BFF3
:2002200053B94AB9002908BF00281CBF4FF0FF314FF0FF3000F088B9ADF1080C6DE904CED4
:2002400000F006F8DDF804E0DDE9022304B070472DE9F047089D0F4604468C46002B48D1FA
:200260008A42164661D9B2FA82F34BB1C3F1200201FA03FC20FA02F29E4042EA0C0C9C4023
:200280004FEA164EB7B2BCFBFEF1220C0EFB11CC42EA0C4201FB07F0904209D9B21801F1C1
:2002A000FF3C80F0EE80904240F2EB8002393244121AA4B2B2FBFEF00EFB102244EA024439
:2002C00000FB07F7A74209D9341900F1FF3280F0DA80A74240F2D7803444023840EA014092
:2002E000E41B00211DB1DC400023C5E90043BDE8F0878B4206D90DB1C5E90001002108463C
:20030000BDE8F087B3FA83F1002948D1BB4202D3824200F20781841A67EB0302012094465E
:20032000002DE4D0C5E9004CE1E7002A00F09280B2FA82F3002B40F0A8808A1A4FEA164E09
:200340001FFA86FC0121200CB2FBFEF70EFB172240EA02420CFB07F0904207D9B21807F1F0
:20036000FF3802D2904200F2E2804746121AA4B2B2FBFEF00EFB102244EA02440CFB00FCF0
:20038000A44507D9341900F1FF3202D2A44500F2CB801046A4EB0C0440EA0740A2E7C1F18A
:2003A00020068B4022FA06FC4CEA030C07FA01F420FA06F3F7404FEA1C49234300FA01F8B2
:2003C0001FFA8CFEB7FBF9F01C0C09FB107744EA074400FB0EF7A74202FA01F20AD91CEBF1
:2003E000040400F1FF3A80F09B80A74240F2988002386444E41B9FB2B4FBF9F309FB1344E5
:2004000047EA044403FB0EFEA64509D91CEB040403F1FF3780F08280A6457FD9023B6444B9
:2004200043EA0040A4EB0E04A0FB02E7BC427346B94663D360D05DB1B8EB030264EB0904FC
:2004400004FA06F622FA01F31E43CC40C5E9006400214CE76208480842EAC1710B0C43EA63
:2004600000438AB242EA0342B3FBF6F1E407B4463746B6461F23B0FBF6F0D21B41EA00416D
:2004800061E7614614E7104628E7C3F1200120FA01F29E4027FA01F19F403A434FEA164E41
:2004A0001FFA86FCB1FBFEF70EFB1710110C41EA004107FB0CF8884504FA03F43AD97118E3
:2004C00007F1FF3001D288451FD8A1EB0801B1FBFEF808FB0CF70EFB181192B242EA01423C
:2004E000BA422FD2B21808F1FF31C6D2BA42C4D2A8F102013244C0E7F0459CD2BEEB0203D8
:2005000067EB0C070138B94695E7A6EB08084144B81EB1FBFEF808FB0CF7DCE73B467FE774
:20052000504667E70846FBE63444023832E7023F32441BE7A1EB08013846B1FBFEF808FB6C
:200540000CF7C8E7414698E7704700BF08B540680368DB68984708BD08B5406803689B68E3
:20056000984708BD08B5406803681B69984708BD08B5406803685B69984708BD012A05D0A7
:20058000032A04D01AB90023036000E0016000207047704710B50446082106F03DF8204669
:2005A00010BD08B5084611461A78096800F04EFB08BD000070B584B0124D01260296002470
:2005C00001940223009323460F4A2946052005F067FA02960194009423460C4A294605200E
:2005E00005F05EFA0A4BD3F880350A4A2946052005F056FA084A2946042005F051FA04B0D3
:2006000070BD00BF2872000818720008307200080070FF1F407200084C72000870B584B0A9
:20062000012005F073FF044605F0F2FF90F8200005F018FA294B186805F070FB05F0BCF955
:2006400005F0E6FFC56805F0E3FF466805F0E0FF036A0293019600952346214A21490520A9
:2006600005F01EFAFFF7A6FF00F044FB1E4804F0C9FD4FF47A7000F061FB10BB1A4804F0E9
:20068000F3FD04F0FFF800F0FBF80546E0B1154C2B46164A2146012005F002FA04F0F2F837
:2006A000134A2146012005F0FBF90F4804F0AAFD002000F043FB00F05DFB04F0DFF804B065
:2006C00070BD00F057FBD9E70A4A0649052005F0E7F904F0D7F800F017FAD8E74404002063
:2006E0006472000828720008F40100209C720008C07200088472000800B583B00B4B009346
:2007000003234FF420520021094805F05AFB08B103B000BD074B01937B230093064B074A60
:200720000749022005F0EEF8ABBEFDE7F87200081D06000820730008FC7200080C730008EA
:200740001873000800B585B080220E490E4805F0CBFD0E4B18600E490E4B0B6048606A46CC
:200760000023009301930C4B03930C4B02930C4804F038FC029B1BB1684603226946984710
:2007800005B000BD8805002000440040440400203C04002070790008A30500087D050008C3
:2007A000F401002008B5024804F071FD08BD00BFF401002010B582B00446254B254A264993
:2007C000072005F06DF92268244B9A421CD16368352B20D1D4F82920214B9A4222D8352A03
:2007E00020D9A26804321F4901F13500904220D80B44353B93421CD3D4F825301A4A93428A
:200800001ED1002002B010BD184A1349072005F047F90520F6E7164A0F49072005F040F921
:200820000520EFE7134A0C49072005F039F90B20E8E7114A0849072005F032F90B20E1E7DD
:2008400000920E4A0449072005F02AF90520D9E7C8730008D8730008447300080BB0FEC06F
:20086000006803000088000801000200DC730008EC73000800740008107400083074000808
:2008800010B51A4B1A4A1B49072005F009F91A48FFF790FF044698B9174B9A68136803F1F3
:2008A0006043B3F5803F12D85268134B03F13501914213D811490B4493420FD3204610BDB1
:2008C00003460F4A0B49032005F0EAF8F6E70D4A0849032005F0E4F80724EFE70A4A05490C
:2008E000032005F0DDF80724E8E700BF54740008D87300084473000800880008CB670300AB
:2009000064740008787400088C74000830B587B0274B284A2849072005F0C2F8274CC4F38A
:200920000A0323BB264DC5F30A033BBB254A2249062005F0B5F800F09BFD30BB224B4FF4D9
:2009400000421A61002302930223039304F17844E40A0494ED0A059502A903A800F022FE39
:200960000446C8B900F098FD204607B030BD174A1149012005F094F80D24F5E7144A0E49FE
:20098000012005F08DF80D24EEE7124A0A49032005F086F80124E7E7029B009303460E4AAD
:2009A0000549032005F07CF800F076FD0C24DBE7A0740008D873000844730008008800084A
:2009C000006803001075000800400058AC740008E074000820750008387500082DE9F04764
:2009E00082B007460E4614462C4B2D4A2D49072005F056F82C4B1F442C4A1344BB4243D93C
:200A00003A19934244D3002E44D0002C44D000F02FFD78B9264B4FF400421A61013CE4082E
:200A2000A6F108054FF00008C6F108063E444FF0010907E01F4A1B49032005F031F8012025
:200A400023E098467719F5E902233946484600F065FD824668B908F101034445F1D100F0A2
:200A60001BFD90B1144A0F49042005F019F850460BE000903B46114A0A49032005F010F8DD
:200A800000F00AFD0C2000E00B2002B0BDE8F0870B20FAE70720F8E70720F6E76075000867
:200AA000D87300084473000800880008006803000040005820750008907500086C750008FE
:200AC00038B505460C46084B084A0949072004F0E7FFFFF7D5FE30B9064BD3F821202A60FB
:200AE000D3F82530236038BDA8750008D873000844730008008800080123036003F50033E5
:200B00000B6000207047000030B585B0234D244B244A2946072004F0C3FF234C04F1180361
:200B2000029304F10C030193D4F825300093D4F821301E4A2946062004F0B2FF72B61C4889
:200B400001F098FD00F06BFB00F0E0FB4FF0E0231A6922F002021A614FF0FF321549C1F811
:200B60008020C3F88421C3F88821C3F88C21C3F89021C3F89421C3F89821C3F89C21A368D6
:200B80005A6801F540618B60002383F31488BFF36F8F62B6904705B030BD00BF447300081D
:200BA000B4750008D873000800880008C87500088805002000E100E00820704700207047B8
:200BC000012A05D0032A04D01AB90023036000E00160002070470000014B02221A707047F2
:200BE0007C050020012A05D0032A04D01AB90023036000E00160002070477047704710B5AF
:200C00000446042105F008FD204610BD10B50446042105F001FD204610BD000008B50A789F
:200C2000034B1A70034B186805F02CF908BD00BF7C0500208005002010B50446836813B16C
:200C4000032201469847204610BD0000032A46D930B583B00446043A8DF80720CA78204BD1
:200C6000DA70012058701870022A12D01D4B1B7883B3082A15D81C4B53F8220003689D6817
:200C80000DF10703194A0431A847154B987098B10DE00DF10703154A0431154803F026FE17
:200CA000F3E700238DF807300D4B08229A700C4A537843F0020353709DF807200432D2B25D
:200CC0008DF807200649204604F066FA054B1B78022B01D003B030BD03F0D0FDFAE7704786
:200CE0007C0400207C050020B079000880040020680400200C4B1B6803B1704700B583B025
:200D000005F0B5F8084B186008B103B000BD074B01937C230093064B064A0749022004F01E
:200D2000F1FDABBEFDE700BF8005002018760008107600080C7300081873000808B50146D2
:200D40000A4B186868B111B9094B01221A70084B1B78012B07D005F09DF8003818BF012037
:200D600008BD0020FCE70120FAE700BF800500207C0500200A4B1B6883B10A4B1B78012B84
:200D80000CD170B5064E4FF0FF35064C2946306805F080F82378012BF8D070BD704700BF92
:200DA000800500207C05002010B588B004AB002404940594164A174911601749116102F1F6
:200DC000040C93E803008CE803001449D160069407941846FFF730FF00940194104A1149EB
:200DE00011601149116102F1040CDDE900018CE803000E49D160029403946846FFF71CFF01
:200E00000B4B0C4A1A605C609C6008B010BD00BF68040020A47A00081D0C0008C10B0008F9
:200E200054040020F47A0008D90B0008E50B000848040020087B000808B50648064B40F855
:200E4000043BFFF7F9FE0548054B40F8043BFFF7F3FE08BD54040020F47A0008680400202C
:200E6000A47A000808B5FFF747FC002002F0A6FE08BD0000084BD3F8F03013F0010F0AD0B0
:200E8000064AD36B43F0004343F4A053D363536843F007035360704700ED00E0002004E0BB
:200EA00030B59BB008AD48220021284605F03BFD002402940394049405940694079400F080
:200EC00009FD4FF0B042D2F8903023F01803C2F8903002F58062136823F4C06343F4007371
:200EE0001360136803F4C0630193019B2C23089381230B93012310931194802212920F9439
:200F00000E931394284600F00BFE70B94F230293002303930493059306930793022102A80A
:200F200001F038F918B91BB030BD72B6FEE772B6FEE7000000B58FB0FFF79CFF00F0BEF9C0
:200F4000FFF7AEFF00240694079408944FF0B043DA6C42F00202DA64DA6C02F0020200923F
:200F6000009ADA6C42F00102DA64DA6C02F001020192019ADA6C42F08002DA64DA6C02F045
:200F800080020292029ADA6C42F00402DA64DB6C03F004030393039B41F2FC13049303266C
:200FA000059604AD29462B4800F04EFB49F6FA7304930596069429464FF0904000F044FBA5
:200FC00008230493059606942946234800F03CFB4FF4005304930596069429461F4800F0F1
:200FE00033FB1F481F4B03604FF4E13343608460C46004610C2343618461C461046244623F
:20100000846201F016FEE0B90021154801F08FFEC8B90021124801F0AFFEB0B9104801F004
:2010200067FEA0B909AC104D0FCD0FC42B682360002109A801F0CAFE0C4B186001F0C1FE11
:20104000FEE772B6FEE772B6FEE772B6FEE772B6FEE700BF00040048001C004800080048B8
:201060008805002000440040F87100088405002072B6FEE708B500220F216FF0010000F0B9
:201080005FF908BD10B596B00446002111911291139114911591382203A805F044FC2268C5
:2010A0001A4B9A4201D016B010BD022303934FF44023059303A801F0A1F918BB4FF0B04357
:2010C0009A6D42F400329A659A6D02F400320292029ADA6C42F00102DA64DB6C03F001034C
:2010E0000193019B042311931223129301231393002314930723159311A94FF0904000F0FC
:20110000A3FAD0E7FFF7B4FFD8E700BF0044004008B50268074B9A4200D008BD4FF0B042B5
:20112000936D23F40033936504214FF0904000F053FBF2E7004400407047FEE755BEFEE70A
:20114000FEE7FEE7FEE7704708B500F0CDF803F0C7F8012800D108BD03F0BCFAFBE701209A
:20116000704708B505F03CFC162303604FF0FF3008BD08B505F034FC16230360FEE700009C
:2011800008B503460C4A126852B10B4A106803440A4A0B49521A934206D8074A136008BD12
:2011A000054A08491160F0E705F01AFC0C2303604FF0FF30F3E700BF1C06002000FC002045
:2011C0000004000068090020704700000D488546FFF7FAFF0C480D490D4A002302E0D45882
:2011E000C4500433C4188C42F9D30A4A0A4C002301E013600432A242FBD305F0F7FBFFF748
:2012000099FEFEE700FC002000000020D8010020387C0008D801002068090020FEE710B52D
:201220004FF0B0439A6B4FF0FF329A63D96BDA63996B00249C63D96BDC63196C1A64196C57
:201240001C64596C5A64596C5C64996A9A62996A9C62D96ADA62D96ADC62196B1A631A6B80
:201260001C63FFF769FF204610BD0000114B1B780BB90120704710B5044600F041FC0D4B3F
:201280001A784FF47A73B3FBF2F3B0FBF3F000F0BFF868B90F2C01D901200AE000222146FA
:2012A0004FF0FF3000F04CF8034B1C60002000E0012010BD180000201C00002010B5032078
:2012C00000F02CF800F01CFC064B18600F20FFF7CDFF10B10124204610BD0446FFF7CAFE17
:2012E000F9E700BF14000020034A1168034B1B780B441360704700BF2006002018000020BE
:20130000014B1868704700BF200600204FF0E022136923F002031361704700000749CA68C3
:20132000030203F4E06322F4E0621204120C134343F0BF6343F40033CB60704700ED00E01E
:2013400000B5184BDB68C3F30223C3F1070CBCF1040F28BF4FF0040C03F1040EBEF1060FD0
:201360008CBF033B00234FF0FF3E0EFA0CFC21EA0C0199400EFA03FE22EA0E0211430028A3
:2013800008DB0901C9B200F1604000F5614080F8001300BD00F00F000901C9B2024B195438
:2013A000F7E700BF00ED00E014ED00E0002807DB410900F01F0001238340024A42F82130C1
:2013C000704700BF00E100E000280CDB430900F01F00012282402033034941F82320BFF3BA
:2013E0004F8FBFF36F8F704700E100E0BFF34F8F0549CA6802F4E062044B1343CB60BFF31D
:201400004F8F00BFFDE700BF00ED00E00400FA050138B0F1807F0BD24FF0E0235861054ABC
:20142000F02182F823100020986107221A6170470120704700ED00E010B50B460B4C62699D
:2014400042F480226261EFF3108E72B601F5807C411A1A685A5004336345FAD1034A13695D
:2014600013F4803FFBD18EF3108810BD00400058074B5B69002B01DB00207047044B054ACA
:201480009A6002F188329A605869C00F704700BF0040005823016745044B5A6942F00042B7
:2014A0005A615869C043C00F704700BF0040005870B50546FFF724FF0446164E336913F4F6
:2014C000803F06D0FFF71CFF001BA842F6D3032070BD104B1B6913F0010F02D00D4A01210B
:2014E00011614CF2FA3213400BD10A4E336913F4802F0CD0FFF704FF001BA842F6D3032071
:20150000E6E7044A1361044A53600120E0E70020DEE700BF0040005824060020F8B51F46BB
:20152000174B1B78012B29D004460D461646144B01221A7000225A604FF47A70FFF7B8FFD6
:2015400070B9012C10D031462846FFF775FF4FF47A70FFF7ADFF0B4A536923EA040353615E
:20156000074B00221A70F8BD064A536943F0010353612E60BFF36F8F6F60E8E70220F2E7EA
:201580002406002000400058054A536923F47E7343EAC00040F4803040F0020050617047EB
:2015A00000400058F8B5264B1B78012B46D005460E46234B01221A7000225A604FF47A70DD
:2015C000FFF776FF0146002833D12B68042B18D04FF0FF3333606C68AB6823449C421ED263
:2015E0004FF47A772046FFF7CFFF3846FFF760FF014698B901346B68AA681344A342F1D803
:201600000DE0104A536943F4803343F0040353614FF47A70FFF74CFF014607E03460094A6C
:20162000536923F47E7323F002035361054B1A681B68034B00221A700846F8BD0221FBE7C3
:2016400024060020004000580B68002B00F0BF802DE9F04F4FF0000C624601254FF0030E1D
:2016600007265B4C4FF00F084FE083680EFA0CFA23EA0A0ACB6803FA0CF343EA0A038360AB
:20168000436823EA07074B68C3F3001393403B43436045E0002707FA0BF747EA0A079F6084
:2016A00023686FEA0907D1F804A01AF4801F0CBF3B4049EA030323606368D1F804A01AF4D4
:2016C000001F0CBF3B4049EA03036360D4F88030D1F804A01AF4803F0CBF3B4049EA030374
:2016E000C4F88030D4F88430D1F804A01AF4003F0CBF1F4049EA0307C4F8847001320B6887
:201700000CF1020C33FA02F75FD005FA02F717EA0309F3D04B6803F00303013B012BA4D910
:201720004B6803F00303032B20D0C7680EFA0CF327EA03078B6803FA0CF33B43C3604B684B
:2017400003F00303022B11D1D70800EB87073B6A02F0070B4FEA8B0B08FA0BFA23EA0A0A89
:201760000B6903FA0BF343EA0A033B6207680EFA0CF327EA03074B6803F0030303FA0CF3EA
:201780003B4303604B6813F4403FB7D022F0030303F1804303F580339F6802F0030B4FEAEE
:2017A0008B0B06FA0BFA27EA0A0AB0F1904F3FF471AF084FB84206D007F58067B84214BFBF
:2017C0000727022767E7012765E7BDE8F08F70470008005800040048002976D02DE9F04FA5
:2017E0008C4600234FF001094FF0070B4FF0030A364F29E04FF0000808FA04F4AC4249D038
:20180000046859000AFA01F10C430460DD0800EB85052E6A03F00704A4004FF00F0E0EFA62
:2018200004F426EA04042C62846824EA01048460446824EA02024260C26822EA0102C2606C
:2018400001333CFA03F23ED009FA03F212EA0C06F6D023F0030101F1804101F580318D68E9
:2018600003F00304A4000BFA04FE0EEA0505B0F1904FBFD0DFF85880404508D008F58068C1
:20188000404514BF4FF007084FF00208B4E74FF00108B1E7D7F8804024EA0604C7F88040B8
:2018A000D7F8844024EA0604C7F884403C6824EA06043C607C6824EA06047C608C6824EAC8
:2018C0000E048C609CE7BDE8F08F70470008005800040048024A136843F4807313607047E5
:2018E00000040058024B186800F4C060704700BF0004005870B584B04FF0B043D3F808314A
:20190000C0F3031003F00F03304A52F82040304A52F82330B4FBF3F4FFF7E4FF05462D4B8F
:2019200093E8070004AB03E90700B5F5007F27D0294B9C423DD303F5B70303F67F539C42A6
:201940003ED903F5741303F510639C4298BF022330D90025214A136823F007032B4313601A
:20196000FFF7CEFC04461D4E336803F007039D4228D0FFF7C5FC001B0228F5D9032022E094
:20198000174B9C420CD9174B9C4210D903F5370303F5D8539C4298BF022302D90025D9E78A
:2019A000002304AA02EB830353F80C5CD2E70123F7E7002304AA02EB830353F80C5CC9E7CE
:2019C0000123F7E7002004B070BD00BFD4790008347A00080C720008C0CF6A000040005823
:2019E000BFEA21013F9334024FF0B0429368D26813F00C0314D00C2B0BD0042B49D0082B2B
:201A00004AD14FF0B0431A6812F4801247D139482DE002F00302012A02D00022104626E047
:201A20004FF0B042126812F008020DD04FF0B042126812F0080226D14FF0B041D1F89410C7
:201A40002D4951F822200EE04FF0B041096811F0080F14D14FF0B042D2F89420C2F3032270
:201A6000254951F82220002B0CBF104600204FF0B0439B6803F00C030C2B13D070474FF0BA
:201A8000B0410968ECE74FF0B0421268C2F30312D6E700221948EAE700221046E7E7002223
:201AA0001648E4E74FF0B043DB6803F00303022B09D0032B08D14FF0B0431B6813F4801F27
:201AC00015D10C4A00E00D4A4FF0B043D868D968DB68C0F3062002FB00F0C1F302120132DC
:201AE000B0FBF2F05B0F0133B0FBF3F0C6E7034AEAE700BF0048E801D47900080024F40005
:201B000008B5FFF771FF4FF0B0439B68C3F30313024A52F82330B0FBF3F008BD347A0008AF
:201B2000002800F01A832DE9F04104464FF0B0439D6805F00C05DE6806F00306036813F06F
:201B4000200F2BD0002D67D00C2D63D0236A002B00F0C5804FF0B042136843F00103136048
:201B6000FFF7CEFB07464FF0B048D8F8003013F0020F00F0AC804FF0B0431A6842F0080202
:201B80001A601A6822F0F002A16A0A431A605A68616A22F47F4242EA01225A60236813F078
:201BA000010F00F0E180082D00F0B4800C2D00F0AE804FF0B042136823F48013A1680B4367
:201BC00013606368B3F5803F00F0AD80B3F5041F00F0AE804FF0B0431A6822F480321A6064
:201BE0001A6822F400121A606368002B00F0AB80FFF786FB07464FF0B048D8F8003013F4AE
:201C0000003F40F0B180FFF77BFBC01B6428F4D90320AFE2012E99D1236A002B00F09F826E
:201C2000A06A4FF0B0431B6813F0080F4FF0B04312BF1B68D3F894301B0903F0F0039842D2
:201C40002BD9FFF757FE002840F08B824FF0B0431A6842F008021A601A6822F0F002A16AD5
:201C60000A431A605A68616A22F47F4242EA01225A60FFF745FFB94B1860B94B1868FFF700
:201C8000F5FA002840F07682236813F0010F8DD113F0020F00F0A2806CE04FF0B0431A68E3
:201CA00042F008021A601A6822F0F002A16A0A431A605A68616A22F47F4242EA01225A60A9
:201CC000A06AFFF717FE0028D3D0012052E2FFF717FBC01B02287FF648AF03204AE24FF0C8
:201CE000B042136823F001031360FFF709FB07464FF0B048D8F8003013F0020F3FF44EAF2B
:201D0000FFF7FEFAC01B0228F4D9032032E2032E7FF44FAF6368002B00F02582236813F00F
:201D2000020F27D15AE0136843F4803313605BE74FF0B0431A6842F400121A601A6842F418
:201D400080321A6050E7FFF7DBFA07464FF0B048D8F8003013F4003F06D0FFF7D1FAC01B19
:201D60006428F5D9032005E2236813F0020F35D0042D1CD00C2D18D02369002B69D04FF0EE
:201D8000B042136843F480731360FFF7B9FA06464FF0B0473B6813F4806F16D1FFF7B0FAEE
:201DA000801B0228F6D90320E4E1022EE4D12369002B00F0DA814FF0B0425368616923F0F7
:201DC000FE4343EA0163536008E04FF0B0425368616923F0FE4343EA01635360236813F0BA
:201DE000080F7ED0A369002B62D04FF0B043D3F8943003F01002E169914211D003F0030259
:201E0000022A00F0B48113F0010F38D14FF0B042D2F8943023F01003E1690B43C2F894305A
:201E20004FF0B042D2F8943043F00103C2F89430FFF766FA06464FF0B047D7F8943013F0C0
:201E4000020F4ED1FFF75CFA801B1128F5D9032090E14FF0B042136823F480731360FFF7B1
:201E60004FFA06464FF0B0473B6813F4806FB5D0FFF746FA801B0228F6D903207AE14FF0F2
:201E8000B042D2F8943023F00103C2F89430FFF737FA06464FF0B047D7F8943013F0020FDD
:201EA000B4D0FFF72DFA801B1128F5D9032061E14FF0B042D2F8943023F00103C2F8943026
:201EC000FFF71EFA06464FF0B047D7F8943013F0020F06D0FFF714FA801B1128F5D903202C
:201EE00048E1236813F0040F00F0B4801D4B1B6813F4807F10D1FFF7EDFCFFF701FA064606
:201F0000184F3B6813F4807F06D1FFF7F9F9801B0228F6D903202DE1E368002B66D023F06E
:201F20008003052B20D0FFF7EBF906464FF0B042D2F8903043F00103C2F890301746D7F840
:201F4000903013F0020F18D1FFF7DAF9801B41F288339842F3D903200CE100BF14000020C9
:201F60001C000020000400584FF0B042D2F8903043F00403C2F89030D5E7E36823F0040339
:201F8000812B19D0FFF7BCF906464FF0B042D2F8903023F08003C2F89030174641F288389A
:201FA000D7F8903013F4006F54D0FFF7A9F9801B4045F5D90320DDE0FFF7A2F906464FF076
:201FC000B042D2F8903043F08003C2F89030174641F28838D7F8903013F4006F3AD1FFF7FF
:201FE0008FF9801B4045F5D90320C3E0FFF788F906464FF0B042D2F8903023F08003C2F8D7
:202000009030174641F28838D7F8903013F4006F06D0FFF775F9801B4045F5D90320A9E0D7
:20202000FFF76EF906464FF0B042D2F8903023F00103C2F890301746D7F8903013F0020FAB
:2020400008D0FFF75DF9801B41F288339842F3D903208FE0E36A002B00F08B800C2D60D0BF
:20206000022B16D04FF0B042136823F080731360FFF746F904464FF0B0452B6813F0007F60
:2020800048D14FF0B042D168404B0B40D360002070E04FF0B042136823F080731360FFF729
:2020A0002FF905464FF0B046336813F0007F2AD14FF0B042D068236B616B0B433449014091
:2020C0000B43E16B0B43216C0B43616C0B43A16B43EA0123D360136843F080731360D36843
:2020E00043F08053D360FFF70BF904464FF0B0452B6813F0007F3FD1FFF702F9001B0A28CC
:20210000F6D9032036E0FFF7FBF8401B0A28CBD903202FE0FFF7F4F8001B0A28ADD9032093
:2021200028E0012B2AD04FF0B043DB6803F00301226B914224D103F07002616B8A4221D1C1
:2021400003F4FE42A16BB2EB012F1DD103F06043606C181A18BF01200CE001207047012010
:2021600008E0012006E0012004E0012002E0012000E00020BDE8F0810020FBE70120F9E72E
:202180000120F7E70120F5E70120F3E7FCFFFEEE8C80C111002800F006812DE9F0410C464B
:2021A0000546834B1B6803F007038B4227D32B6813F0020F39D12B6813F0400F4DD12B6878
:2021C00013F0040F65D12B6813F0080F79D12B6813F0010F00F0C1806B68022B00F08B80EA
:2021E000032B00F09080002B40F095804FF0B042126812F0020F40F094800120D1E06C4AB7
:20220000136823F007030B431360FFF779F80646674F3B6803F00703A342C8D0FFF770F881
:20222000801B0228F5D90320BBE04FF0B042936823F0F003A9680B439360FFF761F806462E
:202240004FF0B047BB6813F4803FB4D1FFF758F8801B0228F6D90320A3E04FF0B042D2F85F
:202260000831696923F00F0343EA1113C2F80831FFF746F806464FF0B047D7F8083113F425
:20228000803F9CD1FFF73CF8801B0228F5D9032087E04FF0B042936823F4E063E9680B43A6
:2022A0009360FFF72DF806464FF0B047BB6813F4003F88D1FFF724F8801B0228F6D9032003
:2022C0006FE04FF0B0429368296923F4605343EAC1039360FFF714F806464FF0B047BB689C
:2022E00013F4802F7FF473AFFFF70AF8801B0228F5D9032055E04FF0B042126812F4003FC0
:202300000FD101204DE04FF0B042126812F0007F07D1012045E04FF0B042126812F4806FA5
:2023200043D04FF0B0418A6822F0030213438B60FEF7E6FF06464FF0B04741F28838BB689E
:202340006A6803F00C03B3EB820F06D0FEF7D8FF801B4045F3D9032023E0154B1B6803F0F0
:202360000703A34215D9124A136823F0070323431360FEF7C5FF05460D4E336803F00703BC
:20238000A34206D0FEF7BCFF401B0228F5D9032007E0FFF7B5FB074B1860074B1868FEF73E
:2023A00065FFBDE8F081012070470120F9E700BF00400058140000201C00002008B5FFF750
:2023C0009FFB4FF0B0439B68C3F30223024A52F82330D84008BD00BF147A000808B5FFF785
:2023E0008FFB4FF0B0439B68C3F3C223024A52F82330D84008BD00BF147A000870B50446F9
:20240000036813F4803F40F0A5800020236813F0010F0AD062684FF0B041D1F8883023EA16
:20242000124392B21343C1F88830236813F0020F0AD0A2684FF0B041D1F8883023EA1243A6
:2024400092B21343C1F88830236813F0200F09D04FF0B042D2F8883023F4406321690B4396
:20246000C2F88830236813F4007F0CD0216A4FF0B042D2F888300D0C2D0423EA050343EA33
:202480000143C2F88830236813F4806F0CD0616A4FF0B042D2F888300D0C2D0423EA05034C
:2024A00043EA0143C2F88830236813F4006F0CD0A16A4FF0B042D2F888300D0C2D0423EA47
:2024C000050343EA0143C2F88830236813F0400F64D1236813F0800F71D1236813F4807F0F
:2024E0007ED1236813F0100F0DD04FF0B042D2F8883023F44073E1680B43C2F88830E36832
:20250000B3F5807F7DD0236813F4004F0FD04FF0B042D2F8883023F04043216B0B43C2F82A
:202520008830236B1BB9D36843F08073D360236813F4804F0DD04FF0B042D2F8883023F0E9
:202540004053E16A0B43C2F88830E36AB3F1005F5CD070BDFFF7BEF9FEF7D2FE0546444EE5
:20256000336813F4807F56D1FEF7CAFE401B0228F6D903204AE7FEF7C3FE05464FF0B046F8
:20258000D6F8903013F0020F65D1FEF7B9FE431B41F288329342F3D9032037E763694FF07F
:2025A000B045D5F88820190901F47F2122EA01021B0103F47F231343C5F8883089E7A369EF
:2025C0004FF0B045D5F88820190901F47F2122EA01021B0103F47F231343C5F888307CE7A9
:2025E000E3694FF0B045D5F88820190901F47F2122EA01021B0103F47F231343C5F88830A0
:202600006FE7D36843F08073D3607CE7D36843F48033D3609DE74FF0B043D3F8903003F4DD
:202620004073626B9A4216D04FF0B043D3F8901021F44070D3F8902042F48032C3F8902028
:20264000D3F8902022F48032C3F89020C3F8900011F0020F8FD14FF0B042D2F8903023F43D
:202660004073616B0B43C2F890300020CEE600BF00040058F0B138B505462423C0F8883094
:202680000268136823F001031360036800241C6003685C6003689C60FEF73AFDC5F8904079
:2026A000C5F88840C5F88C40EC662C6785F88440204638BD0120704770B50446016808686B
:2026C000A3682269134362691343E2691343A84A024013430B602268536823F44053E1681F
:2026E0000B435360A1692268A24B9A421CBF236A1943936823F06E4323F430630B4393600E
:202700002268D36A23F00F03616A0B43D3622368994A934219D0994A93422CD0954A9342EB
:202720004AD01022E069B0F5004F00F0AF80082A00F21A81DFE812F0DD00FF00DB00180199
:20274000020118011801180105014FF0B042D2F8882002F0030242F44032A2F54032032AAD
:2027600007D8DFE812F03F001701150104000822D8E71022D6E74FF0B042D2F8882002F0D3
:202780000C0242F44022A2F540220C2A12D8DFE812F0450011001100110003011100110013
:2027A00011000D001100110011000F000222B9E70822B7E71022B5E74FF0B043D3F88830AA
:2027C00003F44063B3F5006F5CD003D85BB3FFF70BF92AE0B3F5406F02D14FF4004027E07B
:2027E00001209FE0012263498B429BD1082A00F2AB8001A353F822F0272800084929000810
:202800008928000849290008CF270008492900084929000849290008212800080022E2E7DD
:202820004FF4004004E0FFF7C9FD002800F08E80626A534B33F81220B0FBF2F3656805EB3B
:202840004501994200F28480B3EB053F00F28280002633463146FDF7E3FC090241EA1061FB
:2028600000026B08C0182A46334641F10001FDF7D7FCA0F54072434B9A426DD82368D8606F
:2028800030464FE04048D3E73F48D1E7082A65D8DFE802F0072705642A6464640B003A4870
:2028A00003E0FFF78BFD00285AD06268616A344B33F81130B0FBF3F0530803EB4003B3FB1D
:2028C000F2F3A3F110014FF6EF7291424AD823F00F0292B22168C3F342031343CB60002046
:2028E00020E0FFF77BFDDEE7FFF77EF8DBE7264803E0FFF763FD002838D06368616A204AA0
:2029000032F81120B0FBF2F000EB5300B0FBF3F0A0F110024FF6EF739A4237D8236880B211
:20292000D86000200123A4F86A30A4F8683000236367A36770BDFFF751FDDCE7FFF754F844
:20294000D9E74FF40040D8E70120EBE70020E9E70120E7E70120E5E70120E3E70120E1E7E2
:202960000020DFE70120DDE70120DBE70020D9E7F369FFCF008000400038014000440040E2
:20298000747A0008FFFC0F000024F4000120C9E70222C7E60422C5E60422C3E6836A13F0ED
:2029A000080F06D00268536823F40043816B0B435360836A13F0010F06D00268536823F4AC
:2029C0000033C16A0B435360836A13F0020F06D00268536823F48033016B0B435360836A78
:2029E00013F0040F06D00268536823F48023416B0B435360836A13F0100F06D00268936815
:202A000023F48053C16B0B439360836A13F0200F06D00268936823F40053016C0B439360ED
:202A2000836A13F0400F0AD00268536823F48013416C0B435360436CB3F5801F0BD0836A42
:202A400013F0800F06D00268536823F40023C16C0B43536070470268536823F4C003816CDE
:202A60000B435360EBE72DE9F04106460C4615469846069F3268D16934EA01010CBF0123DD
:202A80000023AB4265D1B7F1FF3F38D0FEF738FCA0EB0800B8423DD8002F3BD033681A68E0
:202AA00012F0040FE6D0802CE4D0402CE2D0DA6912F4006FDED04FF400621A62326852E872
:202AC000003F23F4D07342E800310029F6D1326802F1080353E8003F23F00103083242E885
:202AE00000310029F3D12023C6F88830C6F88C30C6F89030002386F88430032008E0D3696B
:202B000034EA03030CBF01230023AB42F7D00020BDE8F081326852E8003F23F4D07342E8FE
:202B200000310029F6D1326802F1080353E8003F23F00103083242E800310029F3D1202386
:202B4000C6F88830C6F88C30002386F884300320DEE70020DCE730B583B004460023C0F828
:202B60009030FEF7CDFB05462268126812F0080F10D123681B6813F0040F19D12023C4F882
:202B80008830C4F88C300020E066206784F8840003B030BD6FF07E430093034600224FF417
:202BA00000112046FFF75FFF0028E2D00320EFE76FF07E4300932B4600224FF48001204607
:202BC000FFF751FF0028D9D00320E1E778B310B50446D0F888300BB32423C4F88830226836
:202BE000136823F001031360A36AE3B92046FFF763FD012811D02268536823F4904353607F
:202C00002268936823F02A0393602268136843F0010313602046FFF79EFF10BD80F884305B
:202C2000FEF730FAD8E72046FFF7B8FEDEE701207047002834D010B50446D0F8883033B366
:202C40002423C4F888302268136823F001031360A36A0BBB2046FFF72FFD012816D0226836
:202C6000536823F4904353602268936823F0220393602268936843F0080393602268136891
:202C800043F0010313602046FFF765FF10BD80F88430FEF7F7F9D3E72046FFF77FFED9E799
:202CA00001207047436E2BB90123A0F86A30A0F86830704730B403689A689968490F0A4D69
:202CC0006B5CDB00094C615C93FBF1F3A0F86A30C2F34262AB5CDB00A25C93FBF2F3A0F858
:202CE000683030BC704700BF947A00088C7A000890F88430012B18D0012380F884302423CF
:202D0000C0F8883003681A68196821F00101196022F000520023436601680A602022C0F84C
:202D2000882080F88430184670470220704738B590F88430012B1DD00446012380F88430F5
:202D40002423C0F8883003681D681A6822F001021A600268936823F0604319439160FFF75D
:202D6000A1FF23681D602023C4F88830002084F8840038BD0220FCE738B590F88430012B85
:202D80001DD00446012380F884302423C0F8883003681D681A6822F001021A60026893688F
:202DA00023F0606319439160FFF77CFF23681D602023C4F88830002084F8840038BD022089
:202DC000FCE708B500F06EFF002008BD30B585B084460B464068DCF80010BCF81020BCF9B7
:202DE00008C0BCF1840F14BF0CF10304002403AD0195009400F002FE01280CBF0398002057
:202E000005B030BD10B5182001F020FD044620B1002340F8043B00F003F9204610BD90B1F0
:202E20002DE9F0410C4616461D460746B1F1807F13D34FF0500383F31188BFF36F8FBFF363
:202E40004F8FABBEFEE74FF0500383F31188BFF36F8FBFF34F8FABBEFEE749B94FF0500383
:202E600083F31188BFF36F8FBFF34F8FABBEFEE701F036FA58B9069B4BB14FF0500383F3DE
:202E80001188BFF36F8FBFF34F8FABBEFEE700F047FFD7F8008065B904EA0803003B18BF5D
:202EA000012363B116B128EA04043C6000F0FCFF29E034EA08030CBF01230023F1E7069BB5
:202EC000002BF3D0311E18BF012109060DB141F08061069A2143381D01F0F2F800F0E4FFD6
:202EE00048B94FF0E0234FF08052C3F8042DBFF34F8FBFF36F8F01F01BFB804610F0007F06
:202F000004D028F07F484046BDE8F08101F082FBD7F8008045B904EA0803003B18BF012378
:202F200043B901F099FBECE734EA08030CBF01230023F5E7002EF4D028EA04043C60F0E7A7
:202F400078B170B50C460546B1F1807F13D34FF0500383F31188BFF36F8FBFF34F8FABBEB5
:202F6000FEE74FF0500383F31188BFF36F8FBFF34F8FABBEFEE701F04DFB2E6826EA040456
:202F80002C6001F069FB304670BDF8B570B10E460546B1F1807F13D34FF0500383F3118818
:202FA000BFF36F8FBFF34F8FABBEFEE74FF0500383F31188BFF36F8FBFF34F8FABBEFEE754
:202FC00000F10C0700F0ACFE2C692B6833432B60A7421CD000260EE0296832EA010108D1B9
:202FE00013F0807F18BF1643296841F0007101F0DBF8A7420CD020466468036823F07F4272
:2030000013F0806FE8D129680A42E9D1F1E700262B6823EA06032B6000F046FF2868F8BDC2
:2030200000F1080343604FF0FF328260C360036100230360704700230361704743684B6047
:203040009A688A60516099600861036801330360704730B40D68B5F1FF3F11D000F108039E
:203060001C465B681A68AA42FAD963684B6099608C606160086103680133036030BC7047C0
:203080000469F2E70369416882688A60416851605A68824204BF82685A60002202611A68B3
:2030A000013A1A601868704710B5044601F0B2FAA46B01F0D1FAB4FA84F0400910BD70B550
:2030C00004461546866B026C5AB903681BB100200136A66370BD806801F06EF90023A360AF
:2030E000F6E76DB9406803F0A7FC6368226C13446360A268934219D3236863602846E7E7C7
:20310000C06803F099FC226C5142E3689B1AE3602268934202D2A3680B44E360022D01D0CB
:203120000020D5E726B1013E0020D1E72846CFE70020CDE708B50346026C62B10846D968B7
:203140001144D960D3F808C0614524BF1968D960D96803F071FC08BD70B5054601F05AFAF0
:2031600095F8454064B2002C0FDD05F1240602E0013C64B24CB16B6A3BB1304600F0CEFFC9
:203180000028F5D001F0A6F8F2E7FF2385F8453001F062FA01F03EFA95F8444064B2002CFD
:2031A0000FDD05F1100602E0013C64B24CB12B693BB1304600F0B2FF0028F5D001F08AF8EE
:2031C000F2E7FF2385F8443001F046FA70BD38B5E0B10D46044601F01DFA2268216CE36B1D
:2031E00001FB03F3D018A0600020A06362605B1A1A44E260FF2384F8443084F8453005BB38
:2032000023696BB901F028FA012038BD4FF0500383F31188BFF36F8FBFF34F8FABBEFEE7A6
:2032200004F1100000F07AFF0028EBD04FF0E0234FF08052C3F8042DBFF34F8FBFF36F8FBE
:20324000E0E704F11000FFF7EBFE04F12400FFF7E7FED7E748B94FF0500383F31188BFF3BD
:203260006F8FBFF34F8FABBEFEE770B50C46064601FB00F0483001F0E9FA054648B154B12E
:2032800000F148032B60EE632C6401212846FFF79EFF284670BD0346F4E72DE9F04F85B01A
:2032A000019290B10E461D460446C1B1022D23D1E36B012B20D04FF0500383F31188BFF3E7
:2032C0006F8FBFF34F8FABBEFEE74FF0500383F31188BFF36F8FBFF34F8FABBEFEE7036C74
:2032E000002BE3D04FF0500383F31188BFF36F8FBFF34F8FABBEFEE700F0F2FF824658B907
:20330000019B5BB14FF0500383F31188BFF36F8FBFF34F8FABBEFEE74FF0000A02AF4FF09D
:2033200000090DF1040837E02A4631462046FFF7C6FE636A83B948B14FF0E0234FF0805207
:20334000C3F8042DBFF34F8FBFF36F8F01F084F9012005B0BDE8F08F04F1240000F0DEFEF4
:203360000028F3D04FF0E0234FF08052C3F8042DBFF34F8FBFF36F8FE8E701F06DF900209D
:20338000E7E7384600F056FF14E02046FFF7E4FE00F08AFD4FF0010A01F03CF9A26BE36B28
:2033A0009A42C1D3022DBFD0019B002BE5D0BAF1000FE6D001F050F900F0B2FC01F02AF907
:2033C00094F844305BB2B3F1FF3F08BF84F8449094F8452052B2B2F1FF3F08BF84F84590F9
:2033E00001F03AF94146384600F030FF00BB01F011F9D4F838B0D4F83CA001F02DF9D34544
:20340000C3D1019904F1100000F040FE2046FFF7A3FE00F049FD0028BCD14FF0E0234FF0E2
:203420008052C3F8042DBFF34F8FBFF36F8FB1E72046FFF791FE00F037FD002089E710B592
:20344000024600210120FFF705FF044638B1002181600160C1600B460A46FFF71EFF204617
:2034600010BD2DE9F84398B10F4616461C460546C1B1022C23D1EB6B012B20D04FF05003EF
:2034800083F31188BFF36F8FBFF34F8FABBEFEE74FF0500383F31188BFF36F8FBFF34F8FAE
:2034A000ABBEFEE7036C002BE3D04FF0500383F31188BFF36F8FBFF34F8FABBEFEE701F051
:2034C00095F9EFF311884FF0500383F31188BFF36F8FBFF34F8FAA6BEB6B9A4206D3022CB4
:2034E00004D0002088F31188BDE8F88395F845904FFA89F9224639462846FFF7E0FDB9F1A5
:20350000FF3F06D009F101035BB285F845300120E8E76B6A0BB90120E4E705F1240000F01B
:20352000FDFD18B126B101203060DBE70120D9E70120D7E72DE9F04784B0019290B189469A
:203540000446C9B100F0CCFE824610BB019B13B34FF0500383F31188BFF36F8FBFF34F8F17
:20356000ABBEFEE74FF0500383F31188BFF36F8FBFF34F8FABBEFEE7036C002BE2D04FF043
:20358000500383F31188BFF36F8FBFF34F8FABBEFEE74FF0000A02AD4FF0000801AE38E035
:2035A00049462046FFF7C6FD7B1EA36323692BB901F052F8012004B0BDE8F08704F110001D
:2035C00000F0ACFD0028F3D04FF0E0234FF08052C3F8042DBFF34F8FBFF36F8FE8E701F028
:2035E0003BF80020E7E7284600F024FE1CE02046FFF7B2FD00F058FC09E02046FFF7ACFDF1
:2036000000F052FC2046FFF74FFD002846D14FF0010A00F0FFFFA76B002FC1D1019B002BB3
:20362000DDD0BAF1000FDED001F016F800F078FB00F0F0FF94F844305BB2B3F1FF3F08BF7E
:2036400084F8448094F845305BB2B3F1FF3F08BF84F8458001F000F83146284600F0F6FD81
:203660000028CAD12046FFF71FFD0028BFD0019904F1240000F00AFD2046FFF76DFD00F0F8
:2036800013FC0028C3D14FF0E0234FF08052C3F8042DBFF34F8FBFF36F8FB8E700208AE7B0
:2036A0002DE9F04385B0019160B10446036C9BB14FF0500383F31188BFF36F8FBFF34F8F03
:2036C000ABBEFEE74FF0500383F31188BFF36F8FBFF34F8FABBEFEE700F002FE814658B9A5
:2036E000019B83B14FF0500383F31188BFF36F8FBFF34F8FABBEFEE74FF00008C14602ADCE
:20370000002701AE53E08046F9E7013BA36323684BB123695BB900F09FFF4FF00108404635
:2037200005B0BDE8F08300F00FFFA060F1E704F1100000F0F3FC0028EDD04FF0E0234FF09C
:203740008052C3F8042DBFF34F8FBFF36F8FE2E7B8F1000F09D04FF0500383F31188BFF3BE
:203760006F8FBFF34F8FABBEFEE700F075FFD6E7284600F05FFD25E000F04CFFA06800F05A
:20378000BFFD804600F068FF42E02046FFF7E4FC00F08AFB09E02046FFF7DEFC00F084FBEF
:2037A0002046FFF781FC002849D14FF0010900F031FFA36B002BA8D1019B002BC8D0B9F1CA
:2037C000000FD5D000F048FF00F0AAFA00F022FF94F844305BB2B3F1FF3F08BF84F8447073
:2037E00094F845305BB2B3F1FF3F08BF84F8457000F032FF3146284600F028FD0028CAD103
:203800002046FFF751FC0028BFD02368002BB3D0019904F1240000F039FC2046FFF79CFC43
:2038200000F042FB0028C0D14FF0E0234FF08052C3F8042DBFF34F8FBFF36F8FB5E7B8F1DE
:20384000000F3FF46CAF00F0E5FE616A19B1236B1968C1F10701A06800F008FE00F0FCFEF2
:203860004FF000085BE740B110B5044600F0D2FEA46B00F0F1FE204610BD4FF0500383F3D6
:203880001188BFF36F8FBFF34F8FABBEFEE708B510B100F0E7FF08BD4FF0500383F3118847
:2038A000BFF36F8FBFF34F8FABBEFEE7084B1B681B6823B9074B4FF0FF321A607047044B03
:2038C0001B68DB68DB685A68024B1A60704700BFAC0600204406002080B5174D174F184E3F
:2038E000DFF860802B68BBB100F094FEFB68DC68201DFFF7C7FB3368013B33602B68013BBB
:203900002B6000F0A9FE206B00F0ACFF204600F0A9FF2B68002BE7D1D8F80030012BE1D905
:203920004FF0E0234FF08052C3F8042DBFF34F8FBFF36F8FD6E700BF7C0600208006002044
:2039400064060020D806002070B504460D46244B1E68244B18680430FFF794FB48B9214B13
:203960001A6821490B68D06A0122824023EA02030B60B4F1FF3F0DD034441A4B1B685C6070
:20398000A6421FD9194B1868164B19680431FFF760FB70BD7DB9731E124A126853609E429E
:2039A000F0D8134B18680F4B19680431FFF751FB104B1B68EDE70B4B196804310E48FFF705
:2039C0003DFBE6E70A4B1868064B19680431FFF740FB084B1B68A342DBD9064B1C60D8E7DA
:2039E00060060020640700205C060020A8060020AC06002044060020680600202DE9F0474F
:203A000007460E4698469500284600F01FFF002800F0B1808146502000F018FF044600281D
:203A200000F0A380C0F83090043D4D4425F00705002E72D0731E00F133010B3613F8012F66
:203A400001F8012F0AB1B342F8D1002384F83F30089E062E28BF0626E66226644FF0000AAE
:203A6000C4F844A004F104094846FFF7E4FA04F11800FFF7E0FA2461C6F10706A66164624F
:203A8000C4F848A084F84CA042463946284600F09BFD2060099B03B11C6000F0BBFD3A4A9D
:203AA000136801331360394B1B68002B39D0384B1B683BB9354B1B68DA6AE36A9A429CBFE4
:203AC000324B1C60334A136801331360E06A324A1168012383400B43136000EB800049466D
:203AE0002E4B03EB8000FFF7A9FA00F0B5FD284B1B68002B43D0254B1B68DA6AE36A9A4210
:203B00003FD24FF0E0234FF08052C3F8042DBFF34F8FBFF36F8F01202FE0002380F83430E6
:203B200096E71A4B1C601368012BCBD11B4D05F18C062846FFF774FA1435B542F9D1184EB2
:203B40003046FFF76DFA174D2846FFF769FA1648FFF766FA1548FFF763FA1548FFF760FA56
:203B6000144B1E60144B1D60ACE7484600F07AFE4FF0FF3001E04FF0FF30BDE8F087012009
:203B8000FBE70120F9E700BF640600206407002058060020480600205C060020D806002002
:203BA000C4060020B0060020940600208006002068060020AC060020A806002038B5044680
:203BC00000F028FD002C37D0251D2846FFF75AFA70B9E26A02EB82039B002949CB583BB998
:203BE00028480368012101FA02F223EA02030360A36A1BB104F11800FFF744FA224A136863
:203C000001331360214B1B68A34218D0204A1368013B1360206B00F025FE204600F022FE99
:203C2000FFF744FE00F018FD1A4B1B681BB1174B1B68A3420CD038BD144B1C68C4E72946FB
:203C40001548FFF7FBF9154A136801331360E9E7134B1B684BB14FF0500383F31188BFF39C
:203C60006F8FBFF34F8FABBEFEE74FF0E0234FF08052C3F8042DBFF34F8FBFF36F8FDAE728
:203C8000D80600205C06002048060020640700206406002058060020800600207C0600205B
:203CA0003C06002000B583B0174B019300230093802216491648FFF7A1FE012804D0B0F17C
:203CC000FF3F16D003B000BD4FF0500383F31188BFF36F8FBFF34F8F0E4B4FF0FF321A602C
:203CE0000D4B01221A600D4B00221A6000F01CFDE8E74FF0500383F31188BFF36F8FBFF300
:203D00004F8FABBEFEE700BF4006002040760008D93800084406002058060020600600200D
:203D2000024A136801331360704700BF3C060020014B1868704700BF60060020034610B16B
:203D400003F134007047074B1B68002BF8D14FF0500383F31188BFF36F8FBFF34F8FABBE71
:203D6000FEE700BF640700202DE9F047434B1B68002B75D1424B1E6801361E60CEB9414B6A
:203D80001B681B684BB14FF0500383F31188BFF36F8FBFF34F8FABBEFEE73A4A11683A4B70
:203DA000186810601960394A136801331360FFF77DFD374B1B68B34243D8324B1B681B68ED
:203DC0003BB10025DFF8BC80DFF8C890DFF8C8A024E000252E4B4FF0FF321A6032E02C4A3D
:203DE00013602FE0E06AD9F80020012383401343C9F8003000EB800039460AEB8000FFF783
:203E00001DF9264B1B68E26ADB6A9A4228BF45F00105D8F800301B68002BDBD0D8F80030B0
:203E2000DB68DC6863689E42D9D3271D3846FFF729F9A36A002BD5D004F11800FFF722F9CF
:203E4000D0E70025154B1B68DB6A03EB83039B00114AD358012B94BF284645F0010004E0C2
:203E60000F4A13680133136000200E4B1B68002B18BF40F00100BDE8F08700BF3C0600205B
:203E800060060020AC060020A80600204C060020440600205C060020D80600206407002015
:203EA0005406002050060020384B1B684BB94FF0500383F31188BFF36F8FBFF34F8FABBEBE
:203EC000FEE72DE9F04100F0A5FB304B1A68013A1A601B68002B50D12D4B1B68002B52D05D
:203EE0002C4B1B684BB32B4F2B4EDFF8B08001E03B6803B3FB68DC6804F11800FFF7C2F832
:203F0000251D2846FFF7BEF8E06A3268012383401343336000EB8000294608EB8000FFF74E
:203F20008DF81F4B1B68E26ADB6A9A42E0D31D4B01221A60DCE7FFF7B9FC1B4B1C686CB175
:203F4000184E012501E0013C05D0FFF70DFF0028F9D03560F7E7144B00221A60114B1C68A1
:203F600064B14FF0E0234FF08052C3F8042DBFF34F8FBFF36F8F012400E0002400F06CFB2D
:203F80002046BDE8F0810024F8E700BF3C06002064060020940600205C060020D8060020BD
:203FA00064070020500600205406002010B5B0B10446104B1B684BB14FF0500383F311889B
:203FC000BFF36F8FBFF34F8FABBEFEE7FFF7A8FE00212046FFF7B8FCFFF766FF48B94FF0EB
:203FE000E0234FF08052C3F8042DBFF34F8FBFF36F8F10BD3C0600201F4B1B681BB11F4B2F
:2040000001221A6070471D4B00221A601C4B1B68B3FA83F3DBB2C3F11F0303EB83029200D3
:2040200018498A584AB94FF0500383F31188BFF36F8FBFF34F8FABBEFEE7124A03EB83013D
:2040400002EB810148684068486003EB830102EB81020832904209D003EB8303094A02EB76
:2040600083035B68DA68084B1A6070474068054A02EB81025060EFE73C060020500600206C
:204080005C060020D80600206407002058B110B50C460A4A11681831FEF7DBFF0121204688
:2040A000FFF752FC10BD4FF0500383F31188BFF36F8FBFF34F8FABBEFEE700BF6407002076
:2040C00078B110B514460246124B1B689BB94FF0500383F31188BFF36F8FBFF34F8FABBED2
:2040E000FEE74FF0500383F31188BFF36F8FBFF34F8FABBEFEE7084B186841F00041816185
:20410000196818311046FEF799FF01212046FFF71BFC10BD3C0600206407002038B5C3688B
:20412000DC682CB304F118052846FEF7ABFF184B1B683BBB251D2846FEF7A4FFE06A154A70
:204140001168012383400B43136000EB80002946114B03EB8000FEF771FF104B1B68E26A0B
:20416000DB6A9A4283BF01200D4B1860002038BD4FF0500383F31188BFF36F8FBFF34F8FF5
:20418000ABBEFEE729460748FEF758FFE5E700BF3C0600205C060020D806002064070020CF
:2041A000500600209406002038B51D4B1B684BB94FF0500383F31188BFF36F8FBFF34F8F12
:2041C000ABBEFEE741F000410160C468F4B1FEF759FF251D2846FEF755FFE06A114A116889
:2041E000012383400B43136000EB800029460E4B03EB8000FEF722FF0C4B1B68E26ADB6AF5
:204200009A4202D90A4B01221A6038BD4FF0500383F31188BFF36F8FBFF34F8FABBEFEE7D1
:204220003C0600205C060020D80600206407002050060020034B1B680360034B1B684360F3
:20424000704700BF4C0600206006002038B5D0B10C46054609B300F0DDF91C4B1A682368EF
:20426000B3F1FF3F2BD0696819480068D5F800C0844501D0914227D9501A834217D800238C
:20428000236001241CE04FF0500383F31188BFF36F8FBFF34F8FABBEFEE74FF0500383F343
:2042A0001188BFF36F8FBFF34F8FABBEFEE79B1A0B4423602846FFF7BDFF002400E0002408
:2042C00000F0CAF9204638BD0124F9E7600600204C060020014B01221A60704750060020BD
:2042E000054B1B6833B1054B1868B0FA80F040094000704701207047580600203C06002025
:20430000002850D038B50446C36A284A1268D26A93423FD28269002A05DB244A1268D26ACA
:20432000C2F10702826103EB8303214A02EB830362699A4205D01D4B1B68DB6AE36201207A
:2043400030E0251D2846FEF79DFE70B9E26A02EB82039B001649CB583BB91648036801212A
:2043600001FA02F223EA02030360104B1B68D86AE062104A1168012404FA00F30B431360CD
:2043800000EB800029460A4B03EB8000FEF756FE204607E0054B1B68006CDB6A98422CBFA1
:2043A0000020012038BD0020704700BF64070020D80600205C06002000284DD038B50446AA
:2043C000274B1B68834209D04FF0500383F31188BFF36F8FBFF34F8FABBEFEE7436C4BB968
:2043E0004FF0500383F31188BFF36F8FBFF34F8FABBEFEE7013B4364C16A026C91422DD042
:204400000BB1002038BD051D2846FEF73BFE68B9E16A01EB81039B00124AD35833B91248C9
:20442000036801228A4023EA02030360206CE062C0F10703A3610C4A1168012404FA00F33D
:204440000B43136000EB80002946064B03EB8000FEF7F4FD2046D5E7002070470020D1E74B
:2044600064070020D80600205C060020002857D038B50446436C4BB94FF0500383F3118857
:20448000BFF36F8FBFF34F8FABBEFEE7026C914238BF1146C26A8A4201D0012B00D038BD45
:2044A000204B1B68834231D0C1628369002BA4BFC1F10701816102EB82021B4B03EB8203C5
:2044C00042699A42EBD1051D2846FEF7DBFD68B9E16A01EB81039B00134AD35833B91348F6
:2044E000036801228A4023EA02030360E06A0F4A1168012383400B43136000EB8000294651
:20450000094B03EB8000FEF799FDC8E74FF0500383F31188BFF36F8FBFF34F8FABBEFEE770
:20452000704700BF64070020D80600205C060020044B1A68906919681A68CB6AC3F107033A
:204540009361704764070020054B1B6823B1044B1A68536C01335364014B1868704700BFC1
:204560006407002082B0002301930E4B1B68B3F1FF3F09D04FF0500383F31188BFF36F8FDF
:20458000BFF34F8FABBEFEE74FF0500383F31188BFF36F8FBFF34F8F019B002BFCD002B017
:2045A000704700BF2000002006480068006880F3088862B661B6BFF34F8FBFF36F8F00DFD6
:2045C00000BF000008ED00E04FF0807340F8043C21F0010140F8081C034B40F80C3C40F828
:2045E000202C4038704700BF6545000800000000074B19680868B0E8F00F80F30988BFF33F
:204600006F8F4FF0000080F311884EF00D0E7047640700204FF0500383F31188BFF36F8F65
:20462000BFF34F8F0B4A136801331360012B00D070474FF0E023D3F8043D13F0FF0FF7D09A
:204640004FF0500383F31188BFF36F8FBFF34F8FABBEFEE720000020094B1B684BB94FF0D1
:20466000500383F31188BFF36F8FBFF34F8FABBEFEE7013B024A13600BB983F311887047C5
:2046800020000020000000000000000000000000EFF30980BFF36F8F0D4B1A6820E9F00FDD
:2046A000106008B54FF0500080F31188FFF7A4FC4FF0000080F31188BDE808401968086873
:2046C000B0E8F00F80F30988BFF36F8F704700BF6407002008B54FF0500383F31188BFF37E
:2046E0006F8FBFF34F8FFFF73FFB28B14FF0E0234FF08052C3F8042D002383F3118808BDED
:204700004FF0E022002313619361054B1B680549A1FB03139B09013B536107231361704711
:2047200014000020D34D621010B582B02B4B1A78D2B20192FF221A701B78DBB28DF803301A
:204740009DF8033003F05003254A1370254B07221A609DF8033013F0800F11D006229DF84E
:2047600003305B00DBB28DF803309DF803301146013A13F0800FF2D103290BD0194B1960D3
:204780004FF0500383F31188BFF36F8FBFF34F8FABBEFEE7134B4FF440721A60019BDBB2F4
:2047A0000E4A13704FF0E023D3F8202D42F47002C3F8202DD3F8202D42F07042C3F8202D10
:2047C000FFF79EFF0024084B1C60FFF7EDFEFFF713FCFFF7C7FE204602B010BD00E400E009
:2047E0006C0700206807002020000020EFF305830F2B0FD9124A9A5C124B1B789A4209D2D2
:204800004FF0500383F31188BFF36F8FBFF34F8FABBEFEE74FF0E023D3F80C3D03F4E063D9
:20482000094A1268934209D94FF0500383F31188BFF36F8FBFF34F8FABBEFEE7704700BF4F
:20484000F0E300E06C0700206807002010B50446FFF766FA204601F01DFF0446FFF724FB4C
:20486000204610BD48B110B50446FFF759FA204601F018FFFFF718FB10BD704708B5FCF709
:20488000B5FD08BD024B4AF6AA221A60704700BF003000404FF0B043D3F89420D3F89410C8
:2048A000D3F89400D3F8943012F0005F08D111F0805F16D113F0006F14BF0321002100E09F
:2048C00001214FF0B042D2F8943043F40003C2F89430054B1B780BB9034B1970024B1878E4
:2048E00070470221EDE700BF6D07002000B585B01B78012B0FD10B78003B18BF01238DF8F0
:204900000F30C36883B103690DF10F0104309847002005B000BD01220092044A0449032067
:2049200001F0BEF80B20F4E701F098FE487600086876000810B50446064B0360C3681BB1DD
:2049400004300322014698471421204601F064FE204610BDA47A000810B50446044B0360D0
:20496000C3681BB10430032201469847204610BDA47A0008704700001878012809D109789D
:204980001170013905294AD8DFE801F00B1C2949323D08B5244A2549032001F081F80B20FB
:2049A00008BD2349D1F89005C2F80100D1F89405C2F80500D1F89815C2F809100D221A708A
:2049C000002070471A49D1F88005C2F80100D1F88415C2F8051009221A700020704714497A
:2049E000D1F8E015A2F8011003221A70002070470F49D1F8001501F01F01A2F801100322B1
:204A00001A70002070470B490968C2F801100A490968A2F8051003221A700020704700228A
:204A20001A700820704700BF74760008847600080070FF1F00ED00E0002004E010B50446EC
:204A4000042101F0E9FD204610BD704770B582B01C461B78012B0FD10D4616464FF0FF33F8
:204A6000019300930B78012B0DD0022B1CD008200023237002B070BD0E4A0F49032001F0E9
:204A80000FF80B20F6E7694601A8FCF719F80028EED12B783370019BC6F80130009BC6F89A
:204AA000053009232370E5E7694601A8FCF724F8EDE700BF747600089076000810B504462D
:204AC000042101F0A9FD204610BD704738B51C461B78022B16D115460B78012B03D0022B30
:204AE00008D007200FE000F073FE687002232370002008E04C7801F08BFD046201F0D2FC6D
:204B0000002000E00B2038BD10B50446042101F083FD204610BD000010B51C7834B9C3682C
:204B20005BB1036904309847204610BD044A0549032000F0B5FF0B24F6E701F08FFD00BF0C
:204B4000747600089876000810B50446064B0360C3681BB104300322014698471421204679
:204B600001F05AFD204610BDF47A000810B50446044B0360C3681BB104300322014698470D
:204B8000204610BDF47A0008704710B504460C2101F042FD204610BD30B583B012F01F0FCE
:204BA0000BD00C4B0193732300930B4B0B4A0C49022000F0A7FEABBEFDE704461546806875
:204BC000FBF70CFF636801336360A3682B44A36003B030BDB0760008A47600080C73000822
:204BE00018730008F0B583B01D7800221A70072D18D906460C460B7813F0010F49D04A68E5
:204C0000CAB913F0020F22D1082D2CD8444B019334230093434B444A4449022000F072FE99
:204C2000ABBEFDE7424A4349032000F039FF0727384603B0F0BD404B019332230093394B2D
:204C4000394A3A49022000F05DFEABBEFDE73B4B019333230093334B334A3449022000F007
:204C600051FEABBEFDE7002343608360FBF74EFE074638B9A5F1080204F108013046FFF769
:204C80008BFFD5E703462E4A2A49032000F008FFCEE713F0020F27D04B686BB9082D17D0CD
:204CA000284B01934D2300931E4B1F4A1F49022000F028FEABBEFDE71F4B01934B2300932C
:204CC000184B194A1949022000F01CFEABBEFDE7FBF7D6FD07460028AAD003461A4A154974
:204CE000032000F0DDFEA3E74B68426893420ED1A5F108020831FFF74FFF0746002897D032
:204D00000346124A0B49032000F0CAFE90E700920F4A0849032000F0C3FE072788E700BFDC
:204D2000F8760008CC7600080C730008187300087476000884760008D4760008E8760008ED
:204D40001C770008287700084C7700086C77000858770008012A02D1016000207047032A21
:204D6000FBD801A353F822F0794D00087F4D0008834D00085B4D000800230360EDE701607A
:204D8000EBE70B680360E8E770B588B00446061D304601F0A9F8FEF735F8204B186028B3EA
:204DA000012323600023059304941D4B07931D4B069303AD1C4B00930523A82204A928463F
:204DC00001F0A8F82946304601F09FF8284601F025F9069B1BB104A803220146984700F004
:204DE000CFFFA06070B1204608B070BD0F4B0193192300930E4B0F4A0F49022000F082FD21
:204E0000ABBEFDE70D4B019320230093084B094A0949022000F076FDABBEFDE77007002022
:204E2000994F0008554D00089877000890770008787700080C730008187300089C77000886
:204E400000B583B04B1E1E2B0BD90A4B019325230093094B094A0A49022000F053FDABBE4B
:204E6000FDE7012303FA01F1064B1868FEF78DF803B000BDAC770008A07700080C730008AF
:204E8000187300087007002070B504464FF0FF31806800F081FF236801252A4602FA05F69A
:204EA00033420BD133432360A06800F083FF3146064B1868FEF769F8284670BD0135202D72
:204EC000ECD1A06800F076FFF6E700BF7007002030B583B04B1E1E2B0BD9164B019354235B
:204EE0000093154B154A1649022000F00BFDABBEFDE704460D464FF0FF31806800F04CFF6B
:204F00002268012303FA05F52A420DD022EA05022260A06800F04EFF29460A4B1868FEF790
:204F200034F8012003B030BDA06800F043FF0020F8E700BFAC770008C47700080C73000897
:204F400018730008700700202DE9F04182B006460168104D4FF47A78002701E021EA04014F
:204F6000CDF800803B463A462868FDF758FF40F0010421462868FDF7E3FF316831EA040353
:204F8000ECD1FFF77FFC21462868FDF7D9FF3168E6E700BF7007002008B50068FFF7D4FF76
:204FA000012A02D1016000207047032AFBD801A353F822F0C54F0008CB4F0008CF4F000856
:204FC000A74F000800230360EDE70160EBE70B680360E8E708B5024801F020F808BD00BF0D
:204FE0007C07002030B583B00446034643F8041B0021416059609960D3680361956845B103
:20500000031D92E8030083E80300E56000239360D36004F5107000F067FF002184F8441235
:20502000019100910B460A4641F2210000F06AFAC4F82C01A0B10021019100910B460A46E5
:20504000072000F000FAC4F83001A8B1002323760423636104F12003E361204603B030BDF0
:205060000B4B0193152300930A4B0B4A0B49022000F048FCABBEFDE7094B01931823009324
:20508000044B054A0549022000F03CFCABBEFDE7DC770008D47700080C73000818730008C5
:2050A000E8770008C3695A1CC26119704369013B4361002B6CD130B583B00446037E032B36
:2050C00039D8DFE803F00217343A026A314B9A4204D101230376042343612CE0032200F15B
:2050E0002101203001F006FC01236361E369013BE36120E0032200F12401D0F8300100F073
:2051000063FA94F82730834203D194F82430012B07D9002323760423636104F12003E361C7
:2051200009E00223237694F82530636103E0032303760223436103B030BD00F1280590F892
:2051400025202946D0F82C0100F0B2FA94F82520A31893F8291093F8283043EA01239842AC
:2051600007D0002323760423636104F12003E361E1E701958DF80320E3683BB125690DF18C
:20518000030301AA2146201DA847EAE701F066FA704700BF55AAAA55F8B504460E4615468F
:2051A000174BC0F83431012380F8383180F83921002380F83A31032200F59C71D0F8300173
:2051C00000F002FA84F83B0104F59E772A463146384601F031FC2A463946D4F82C0100F0C2
:2051E00067FA631983F83C01000A83F83D0120680368DB6805F10A0204F59A719847F8BD87
:2052000055AAAA5590F8443203B1704730B589B00446012380F844320023059304900F4B04
:2052200007930F4B069303AD0E4B009305234FF4207204A9284600F06DFE294604F51070EA
:2052400000F063FE284600F0E9FE069B1BB104A803220146984709B030BD00BF1154000882
:20526000A14F0008F477000890F8443203B9704710B5002380F8443200F51074204600F0AD
:20528000E9FE00B910BD204600F0EDFEFAE710B50446D0F8300100F013F9D4F82C0100F092
:2052A00071F92046FFF7E0FF04F5107000F0B6FEE3681BB1201D032201469847204610BD5A
:2052C0002DE9F04385B00446006803681B699847484B1B68BFF35B8F13F0010F10D046489D
:2052E000FFF7D2FD0746D0B9444B0193A6230093434B444A4449022000F004FBABBEFDE78D
:205300003C4801F08BF90028E9D03B48FFF73CFD3E4801F0B8F9374801F08CF9DFE700F02E
:205320002BFD054694F84432002B42D00DF10F06DFF8C090DFF8C0800FE000232376042398
:20534000636104F12003E36100F016FD431BB3F57A7F10D894F844325BB3206803689B683D
:205360006422314698470028E7D09DF80F102046FFF798FEE8E7D9F80030BFF35B8F13F05D
:20538000010F07D039464046FFF75AFD00F0F4FC0546DFE7174801F041F90028F2D0164811
:2053A000FFF7F2FC194801F06EF9124801F042F9E8E7206803685B6998470E4B1B68BFF3D7
:2053C0005B8F13F0010F06D039460B48FFF780FD05B0BDE8F083074801F020F90028F3D0A4
:2053E0000548FFF7D1FC094801F04DF9014801F021F9E9E774070020780700200078000837
:20540000F87700080C73000818730008D54F000808B50068FFF754FF08BD014600231846D4
:205420004FF0010C02E00133082B0BD041FA03F212F0010FF7D0C3F107020CFA02F21043E9
:20544000C0B2F0E770472DE9F8430446884617461E469DF824900C2001F01CF9054660B14B
:20546000047180F80580C77106729DF820308371B9F1000F04D1002303602846BDE8F8838F
:205480004FF4807001F006F90646286098B101380021CBB2082213F0800F4FEA4303DBB22D
:2054A00018BF6340013AF6D100F8013F0131B1F5807FEED1E1E7284601F0F4F83546DCE751
:2054C00010B582B048B10446006808B101F0EAF8204601F0E7F802B010BD064B0193C7231A
:2054E0000093054B054A0649022000F00BFAABBEFDE700BF0C780008407B00080C73000832
:20550000187300082DE9F8430446884617461E469DF824900C2001F0BDF8054660B1848053
:20552000A0F806808772C672BDF820300381B9F1000F04D1002303602846BDE8F8834FF4AE
:20554000007001F0A7F806462860B0B1023806F5FF7C00210B46082213F4004F4FEA4303F5
:205560009BB218BF6340013AF6D120F8023F01F5807189B26045EDD1DEE7284601F092F8D6
:205580003546D9E710B582B048B10446006808B101F088F8204601F085F802B010BD064B60
:2055A00001934FF487730093044B054A0549022000F0A8F9ABBEFDE70C7800082C7B000860
:2055C0000C730008187300082DE9F04383B070B10746C9B14479D0F80080B8F1000F20D0A0
:2055E000002A4DD090F807900D468E1826E02B4B019340F283130093294B2A4A2A49022064
:2056000000F080F9ABBEFDE7284B01934FF4C2730093234B234A2449022000F073F9ABBE93
:20562000FDE76AB3C67988468D1822E02B786340DBB218F803400135B54221D0B9F1000FB8
:20564000F4D02878FFF7E9FE0346F0E798F800006040C4B2082314F0800F4FEA4404E4B26E
:205660001CBF3A795440013BF5D108F10108A84506D0002EEAD098F80000FFF7CEFEE7E739
:205680003B7A1BB12046FFF7C8FE0446BB7984EA0300C0B203B0BDE8F08300BF0C780008F0
:2056A000207B00080C73000818730008147800082DE9F04383B070B10746C9B1C488D0F821
:2056C0000080B8F1000F20D0002A52D090F80A900D468E182AE0354B019340F2B113009394
:2056E000334B344A3449022000F00CF9ABBEFDE7324B01934FF4D97300932D4B2D4A2E4934
:20570000022000F0FFF8ABBEFDE792B3867A88468D1827E02B7883EA1423DBB238F813302D
:205720002402A4B25C400135AE4222D0B9F1000FF0D02878FFF771FE0346ECE798F800000F
:2057400084EA002084B2082314F4004F4FEA4404A4B21CBFBA885440013BF5D108F1010877
:20576000A84506D0002EE9D098F80000FFF755FEE6E7FB7A9BB100221346012002E0013366
:20578000102B0BD044FA03F111F0010FF7D0C3F10F0100FA01F10A4392B2F0E714463B89B3
:2057A00084EA030080B203B0BDE8F0830C780008147B00080C7300081873000814780008AA
:2057C000002070470020704708B5FEF7B1FA08BD014B1879704700BF240000202DE9F04F0D
:2057E00087B082468B4604920593DFF8048108F105064FF48079D8F8080100F02FFAA0B1CC
:205800004A463146D6F8030100F0EEF9054656F8053C1B6801463046984704460146D6F880
:20582000030100F00AFAA542E5D0FFF7CDFF0346304A11680391304911F80A100291CDF84E
:2058400004B052F82A2000922C4A4FF480712C4800F0DEFF041E1CDBFF2CA8BFFF24C4F5FC
:205860008075059B049A29462548204401F034F8002813DB854214DD0444FE2C13DC621CEB
:205880001B4B19190D204871023413440A225A7110E0174BD3F8100100F08CFA07B0BDE806
:2058A000F08F4FF48074124B0D2283F803210A2283F804210E4BD3F8080100F0CFF980B91D
:2058C0000F4850F8053C1B6821469847A042E5D0411D074B221A1944D3F8080100F03CF946
:2058E000DCE707492246D1F8030100F035F9D5E72400002038010020A47B0008187800082A
:20590000290000200CB430B583B004460D46094BD3F80C315BB107AB0193069A29462046A6
:20592000FFF75CFF03B0BDE8304002B0704700F003F8F0E724000020194BD3F80C3103B1BF
:20594000704700B583B000F01BFA154BC3F8100168B14FF4007000F0E3F8114BC3F80801C0
:2059600088B10F4B0122C3F80C2103B000BD0D4B0193532300930C4B0C4A0D490220FFF709
:20598000C1FFABBEFDE70B4B019356230093064B064A07490220FFF7B5FFABBEFDE700BF3B
:2059A000240000202C7800088C7B00080C73000818730008387800082DE9F04383B0002872
:2059C00032D00446224BD3F80C31002B38D02368002B38D06368002B37D01D4D2B685B6858
:2059E00098472C60A8466E1D4FF48079D8F8080100F034F9A8B14A463146D6F8030100F06F
:205A0000F3F8054656F8053C1B6801463046984704460146D6F8030100F00FF9A542E5D0AB
:205A2000002003B0BDE8F0830A4B01935C230093094B0A4A0A490220FFF764FFABBEFDE7BD
:205A4000FFF77AFFC3E70720EBE70720E9E700BF2400002044780008787B00080C730008F4
:205A600018730008072802D8084B1871704700B583B0074B01937F230093064B064A074903
:205A80000220FFF73FFFABBEFDE700BF240000204C780008647B00080C7300081873000893
:205AA0000CB470B584B0072820D804460D46174B1B79834215D3154BD3F80C3113B3134ED7
:205AC0004FF0FF31D6F8100100F066F909AB0393089A29462046FFF781FED6F8100100F024
:205AE00069F904B0BDE8704002B07047084B0193E1230093074B084A08490220FFF702FF46
:205B0000ABBEFDE7FFF718FFD9E700BF240000204C780008547B00080C73000818730008AB
:205B200070B5B8B10646142000F0B4FD044650B1304600F0AFFD0546206030B12661002303
:205B4000E360A3606360204670BD204600F0AAFD2C46F8E70024F6E7002A44D02DE9F843CB
:205B600004460F4615460669964218D9D0F80880A6EB08094A451FD80068404400F05CFF44
:205B80002369E268991A8D4223D8A1682944B1FBF3F003FB1011A1602A44E2600AE0911B47
:205BA00032463944006800F047FF00236360A3602369E360BDE8F88300684A46404400F00E
:205BC0003BFFAA1B424407EB0901206800F034FFD6E7A2681544B5FBF3F203FB1255A5607A
:205BE0006560E360E6E770472DE9F843C56815B92846BDE8F88304460E46954228BF154688
:205C0000D0F810804768A8EB07094D4506D801682A463944304600F00FFFE9E701684A46D7
:205C20003944304600F008FFA5EB08023A44216806EB090000F000FFDAE7C36863B1994215
:205C400028BF19465B1AC360436819440369B1FBF3F203FB121141607047000008B1C06807
:205C6000704700B583B0064B0193AD230093054B054A06490220FFF745FEABBEFDE700BFE8
:205C80008C780008AC7B00080C730008187300080020704730B583B00346194A106850B19B
:205CA0000C46A3B1F9B1026895680A461946A847204603B030BD134B01930A230093124B7A
:205CC000124A13490220FFF71DFEABBEFDE7114B01930B2300930C4B0C4A0D490220FFF7C0
:205CE00011FEABBEFDE70C4B01930C230093064B064A07490220FFF705FEABBEFDE700BF83
:205D0000840700209C780008907800080C73000818730008A8780008AC78000818B1094A22
:205D200010600948704700B583B0084B019320230093074B074A08490220FFF7E3FDABBEF1
:205D4000FDE700BF8407002058010020CC780008B47800080C7300081873000808B54FF4E2
:205D60007A7303FB00F0034BA3FB00308009FEF71DF908BDD34D621008B5FDF7D9FF08BDF3
:205D800008B50120FDF75BFB08BD18B108B5FDF77EFD08BD7047000008B54FF47A7303FBBA
:205DA00001F1034BA3FB01318909FDF779FC08BDD34D621008B500231A461946FDF76DFA87
:205DC00008BD10B584B003AC019400930B4692B20699FDF713FE012809D04FF0500383F3EB
:205DE0001188BFF36F8FBFF34F8FABBEFEE7039808B104B010BD4FF0500383F31188BFF354
:205E00006F8FBFF34F8FABBEFEE708B5FDF7D6FE08BD08B50022FDF71DFA08BD18B108B527
:205E2000FDF735FD08BD704708B54FF47A7303FB02F2034BA3FB02329209FDF77BFB08BDF7
:205E4000D34D621000B583B00023019301AAFDF708FB019B4BB14FF0E0234FF08052C3F8C9
:205E6000042DBFF34F8FBFF36F8F03B000BD08B5032200210120FDF7EDF908BD08B5FDF7CD
:205E800006FD08BD08B500231A461946FDF705FA08BD000008B54FF47A7303FB01F1034BB8
:205EA000A3FB01318909FDF7FBFB08BDD34D621008B5FDF7D8FC08BD08B5FDF73FFF08BD41
:205EC00010B504464068FFF7F7FF636953B1A36904F10C009847A068FFF7D4FF6068FFF7D4
:205EE00094FF10BD00F0BAFB38B50546002404601C2000F0A2FB046044608460C46004619F
:205F0000446184612860284638BD0B68036000230B6070472DE9F04788B00646884691467B
:205F20009A46002505601C2000F087FB0446056045608560C5600561456185613060FFF773
:205F400096FFA0603468A368002B42D004AA0023049305930693D8F80C700797D8F808303D
:205F60004BB198E8030082E8030006930023C8F80830C8F80C3002AA04AD95E8030082E83E
:205F8000030004F10C0393E8030085E8030092E8030083E80300069A636906936261A2694E
:205FA0000792A7611BB128460322294698473468109B2360009353464A4621461148FFF757
:205FC00000FF606033685B687BB1304608B0BDE8F0870D4B01932B2300930C4B0C4A0D495E
:205FE0000220FFF78FFCABBEFDE70B4B019331230093064B064A07490220FFF783FCABBEEF
:20600000FDE700BFC15E0008E0780008D47800080C73000818730008EC78000838B5044645
:206020000368ABB14FF0FF319868FFF733FF23689868FFF723FF256855B16B6923B105F12E
:206040000C000322014698471C21284600F0E4FA204638BD08B503689868FFF729FFB0FA25
:2060600080F0400908BD38B50446012502E02846FFF774FE23689868FFF71AFF0028F6D005
:2060800038BD08B54068FFF7CFFE08BD38B50446C5682A6852E8003F43F0200342E80031FE
:2060A0000029F7D1296851E8003F43F0100341E800321046002AF6D195F904201E4BDB68A0
:2060C000C3F30223C3F10701042928BF042103F1040CBCF1060F88BFD81E4FF0FF338B40B1
:2060E000DB4303F005038340002A1DDB1B01DBB202F1604202F5614282F8003395F904008B
:20610000FBF754F92A68936813F0080F09D052E8003F23F00C0343F0040342E80031002967
:20612000F5D10123237738BD02F00F021B01DBB202498B54E2E700BF00ED00E014ED00E0DA
:2061400038B50446C56895F90400FBF73DF92A6852E8003F23F0200342E800310029F7D194
:206160002A6852E8003F23F0100342E800310029F7D10023237738BD30B583B004460F4B34
:206180000360FFF7DDFFE5685DB1A068FFF7FDFD6068FFF743FE00236B71AB60204603B055
:2061A00030BD074B019398230093064B064A07490220FFF7A7FBABBEFDE700BFCC7B0008B8
:2061C00000790008F87800080C7300081873000810B50446FFF7D0FF2021204600F01CFA2B
:2061E000204610BD70B582B0044685680368DA6912F0100F1CBF10221A620368DA6912F0D6
:20620000080F04D008221A622B6901332B612368DA6912F0200F11D00DF107065B6A8DF864
:20622000073031466868FFF70DFE10B96B6901336B612368DA6912F0200FEFD102B070BDA4
:2062400008B50248FFF7CEFF08BD00BF6001002008B50248FFF7C6FF08BD00BF6C0100209C
:2062600008B50248FFF7BEFF08BD00BF7801002010B582B00446164B036000230361436117
:206280008161037701211046FFF7C3FD606030B1FFF776FDA06070B1204602B010BD0D4B0C
:2062A00001938D2300930C4B0C4A0D490220FFF729FBABBEFDE70B4B019390230093064BFA
:2062C000064A07490220FFF71DFBABBEFDE700BFCC7B000808790008A07800080C73000863
:2062E0001873000814790008F0B583B078B10E4617460546274B00241968A94213D001345F
:206300000C33032CF8D10025284603B0F0BD224B019355230093214B214A22490220FFF7ED
:20632000F1FAABBEFDE75A79002AE8D1202000F084F905463A463146FFF79AFF04EB4402BC
:20634000144B03EB8203EB60AB685BB16B68ABB1104B04EB440203EB82029560134601225F
:206360005A71D1E7104B0193762300930B4B0C4A0C490220FFF7C6FAABBEFDE70B4B01936F
:2063800077230093054B064A06490220FFF7BAFAABBEFDE760010020CC7800081C7900085E
:2063A0000C73000818730008247900083079000810B504468069FCF709FCA3691A689368F4
:2063C00013F0080F09D052E8003F23F00C0343F0040342E800310029F5D110BDF8B50446E7
:2063E0000D461746C668EFF3058333B9EFF310831BB9EFF31183002B3DD0A369D3F88830E3
:20640000002B42D031688B6813F0080F09D051E8003F23F00C0343F0080341E80032002A63
:20642000F5D1E81957B1336815F8011B99623268D36913F0800FFBD08542F4D13268D36939
:2064400013F0400FFBD0936813F0080F09D052E8003F23F00C0343F0040342E800310029D8
:20646000F5D1EFF305832BB9EFF3108313B9EFF3118373B1F8BDFDF733FF0028BDD04FF05E
:20648000FF31A068FFF788FCB7E72046FFF790FFB8E7FDF725FF0028ECD0A068FFF78AFCA2
:2064A000E8E7000030B583B00B4B186840B10B4D0B4C2A462146FFF7FBF8285303B030BDA4
:2064C000084B019374230093074B084A08490220FFF718FAABBEFDE788070020FE0300008F
:2064E00000FC002048790008407900080C7300081873000808B5034A0021034800F013FA69
:2065000008BD00BF0004000000FC0020F0B583B00446354B1B68A3B1FEF7BCF90646324BEB
:20652000186838B3314F324D3A462946FFF7C0F82A68304B9A4229D0012C2FD0FFF7B2FF9F
:2065400027E00021019100910B460A4641F22100FEF7D8FF244B18600028DDD1264B01936D
:206560004A230093254B264A26490220FFF7CAF9ABBEFDE7204B019323230093224B204AF5
:2065800020490220FFF7BEF9ABBEFDE77B5B8342D2D1012C11D0002003B0F0BDFFF7AAFF0B
:2065A000134D144B2B6007236B62184BAB610123EB61FEF76FF92861C0E7012E07D00C4BD1
:2065C0009A6801329A601E61FFF76CFFE3E7084B1B7C012B03D0064B00225A61EFE7044AA7
:2065E000536901335361EAE788070020FE03000000FC0020BEBAFE5A4879000850790008F0
:206600000C7300081873000858790008010002000048704704FC002000F023B80268D20757
:20662000034605D4427802B1FFDE01205870704700207047012303607047012838BF0120F8
:2066400010B50446204600F025F800B110BD00F00BF808B900F010F88047F3E708B500F040
:206660000BF800F01FB80000024B1868BFF35B8F704700BF8C07002008B5062000F084F96E
:206680000120FAF776FD002301461A46184600F0E1B90000024B0146186800F02DB800BF1B
:2066A00084010020024B0146186800F02DBA00BF8401002070B50F4E0C463168054611B964
:2066C00000F07EF930602146284600F079F9431C03D14FF0FF34204670BDC41C24F0030459
:2066E000A042F8D0211A284600F06AF90130F2D1EFE700BF900700202DE9F843CD1C25F065
:20670000030508350C2D38BF0C25002D064601DBA94204D90C2333600020BDE8F883DFF8DD
:20672000D48000F069F8D8F800301C4644BB29463046FFF7BFFF431C044658D1D8F80040D8
:206740002746002F43D1002C4BD023683946304604EB030900F034F9814542D121686D1AC1
:2067600029463046FFF7A6FF01303AD023682B442360D8F800305A6862BBC8F800700FE0E3
:206780002268521B20D40B2A17D96119A342256018BF5960636808BFC8F8001062514B60B5
:2067A000304600F02FF804F10B00231D20F00700C21A1CBF1B1AA350AFE76268A3420CBF06
:2067C000C8F800205A60EBE723466468AEE73C467F68B6E71A465B68A342FBD100235360D3
:2067E000DEE70C233360304600F00CF894E70560D6E700BF94070020014800F01BB900BFC5
:20680000D4080020014800F016B900BFD40800200CB430B5184B0C1E1D689DB008DA8B2325
:206820002B604FF0FF301DB0BDE8304002B070474FF40273ADF814304FF000031B9314BFB0
:2068400004F1FF332346049307934FF6FF7302900690ADF81630209A21AB02A9284601937A
:2068600000F0FCF9431CBCBF8B232B60002CDAD0029B00221A70D6E78401002030B5144660
:20688000002C9BB005461A4605DA8B2303604FF0FF301BB030BD4FF40273ADF80C304FF0E8
:2068A0000003199314BF04F1FF332346029305934FF6FF7300910491ADF80E3069461E9B71
:2068C00000F0CCF9431CBCBF8B232B60002CE0D0009B00221A70DCE707B5009313460A4612
:2068E000014603480068FFF7C9FF03B000BD00BF84010020884210B501EB020402D98442EA
:20690000234607D8431EA14207D011F8012B03F8012FF8E70244824200D110BD13F8011D04
:2069200002F8011DF7E702440346934200D1704703F8011BF9E71F2938B505460C4604D9CF
:20694000162303604FF0FF3038BDC26B12B152F821304BB9284600F031F822460146284605
:20696000BDE8384000F018B8012B0AD0591C03D1162303600120E7E7002142F8241020466B
:2069800098470020E0E70000024B01461868FFF7D2BF00BF8401002038B5074D0023044684
:2069A000084611462B60FAF7DCFB431C02D12B6803B1236038BD00BFD0080020FAF7CFBBBC
:2069C00038B5064D0023044608462B60FAF7D8FB431C02D12B6803B1236038BDD008002084
:2069E000014B1868704700BF8401002070B50D4B0D4D5B1B9C100026A64209D100F0F0FBF4
:206A00000A4D0B4B5B1B9C100026A64205D170BD55F8043B98470136EEE755F8043B9847B4
:206A20000136F2E7207C0008207C0008207C00082C7C0008704770470A44914200F1FF33F8
:206A400000D1704710B511F8014B03F8014F9142F9D110BD2DE9F047264E07463068924661
:206A600088469946FFF7E6FF234A15683DB9234B1360234A12B11268C3F888201F4D6C6880
:206A80001F2C06DD3068FFF7D6FF4FF0FF30BDE8F0872FB3D5F8880068B91A4B002BF1D032
:206AA0004FF48470FFF7F6FD0028EBD00023C0E94033C5F888006C6840F824A00122D0F894
:206AC0000031A24000EB84011343C0F80031022FC1F8809002BFD0F804311343C0F80431F9
:206AE000631C023430686B6045F82480FFF7A3FF0020CCE7D401002064090020D8080020B0
:206B0000000000009566000838B50546002941D051F8043C0C1F002BB8BFE418FFF76CFE4E
:206B20001D4A136833B9636014602846BDE83840FFF768BEA34208D9206821188B4201BF95
:206B400019685B6809182160EDE71A465B680BB1A342FAD911685018A0420BD12068014478
:206B6000501883421160E0D118685B68536008441060DAE702D90C232B60D6E72068211840
:206B80008B4204BF19685B68636004BF091821605460CAE738BD00BF940700202DE9F047D8
:206BA0008E681F46BE4282460C469046334653D8B1F90C0010F4906F2BD065692368096967
:206BC00005EB4505A3EB010905EBD5757B1C6D104B44AB422A4684BF1D462A46430527D54F
:206BE00011465046FFF788FD064658B321694A46FFF722FFA38923F4906343F08003A38195
:206C0000266165614E44A5EB09052660A5603E463B461F4620683A464146FFF76BFEA36809
:206C20009B1BA36023683B4423600020BDE8F087504600F09FFA06460028E1D1216950466D
:206C4000FFF762FF0C23CAF80030A38943F04003A3814FF0FF30E9E73E46DBE72DE9F04725
:206C60001F468B891B069CB006460D46144610D50B6973B94021FFF73FFD2860286130B923
:206C80000C2333604FF0FF301CB0BDE8F08740236B610023099320238DF8293003973023E0
:206CA000654F8DF82A304FF001082346994613F8012B0AB1252AF9D1B9EB040A0BD0534680
:206CC000224629463046FFF769FF013000F0A480099A5244099299F80030002B00F09C80F8
:206CE00000234FF0FF32CDE9052309F10109049307938DF853301A934C464F4814F8011BE8
:206D00000522F9F73DFA049BD0B9D80644BF20228DF85320190744BF2B228DF8532099F8E9
:206D200000202A2A13D0079A4C4600204FF00A0C214611F8013B303B092B49D968B913E0D3
:206D4000C01B08FA00F018430490A146D4E7039A111D12680391002A01DB079204E05242E5
:206D600043F002030792049323782E2B0AD163782A2B32D1039B1A1D1B68039243EAE37339
:206D800002340593DFF8B490217803224846F9F7F7F938B1049BA0EB090040228240134348
:206DA0000134049314F8011B25488DF828100622F9F7E6F9002835D0224818BB039B07337C
:206DC00023F0070308330393099B034409936CE70CFB02320C460120AAE7002301340593BC
:206DE00019464FF00A0C204610F8012B303A092A03D9002BC6D00591C4E70CFB0121044657
:206E00000123F0E703AB00932A460F4B04A93046AFF30080421CD7D1AB895B063FF532AF77
:206E2000099831E703AB00932A46074B04A9304600F07AF8EEE700BFE47B0008EA7B0008A9
:206E4000EE7B0008000000009D6B00082DE9F047164698468A680B69DDF820909342B8BFF3
:206E60001346336091F8432007460C460AB1013333602368990642BF3368023333602568FE
:206E800015F0060506D104F1190AE36832689B1AAB4226DC94F843302268003B18BF0123AB
:206EA00092062BD404F1430241463846C84701301ED02368226903F00603042B02BFE5687F
:206EC0003368ED1AA3680CBF25EAE57500259342C4BF9B1AED1800261A34B5421AD1002024
:206EE00008E00123524641463846C847013003D14FF0FF30BDE8F0870135C6E7E1185A1CF9
:206F0000302081F84300224494F8451082F843100233C7E70123224641463846C84701309D
:206F2000E6D00136D9E700002DE9F0430D7E85B0782D90460C9E07460C46994601F14302C1
:206F400007D8622D0AD8002D00F0D780582D00F0BC8004F1420684F842503BE0A5F163035A
:206F6000152BF6D801A151F823F000BFC56F0008D96F0008536F0008536F0008536F00085C
:206F8000536F0008D96F0008536F0008536F0008536F0008536F0008E170000803700008DB
:206FA00093700008536F0008536F000803710008536F000803700008536F0008536F0008DD
:206FC0009B70000833681A1D1B68326004F1420684F842300123A1E033682068191D3160FD
:206FE000060601D51D6803E04506FBD5B3F90050002D03DA2D236D4284F843305B480A2368
:2070000011E021683368080653F8045B02D4490648BFADB23360237E54486F2B5CD1082356
:20702000002184F843106668A660002E05DB21682E4321F00401216050D01646B5FBF3F1DD
:2070400003FB115C10F80CC006F801CDAC4663450D46F3D9082B0BD12368DB0708D5236987
:2070600061689942DEBF302306F8013C06F1FF36921B2261CDF80090434603AA2146384675
:20708000FFF7E4FE01304ED14FF0FF3005B0BDE8F083236843F0200323603548782584F893
:2070A00045502368316813F0800F51F8045B03D113F0400F18BFADB23160D90744BF43F0DA
:2070C000200323601DB11023AAE72848E7E7236823F020032360F6E70A23A1E71646B9E768
:2070E000336825686169181D30602E061B6801D5196002E06806FBD5198000232361164617
:20710000B8E733681A1D32601E68626800213046F9F736F808B1801B6060636823610023E1
:2071200084F84330A6E72369324641463846C8470130A9D023689B0713D4E068039B98423D
:20714000B8BF1846A2E70123324641463846C847013099D00135E36803995B1AAB42F2DC3A
:20716000EBE7002504F11906F5E700BFF57B0008067C00082DE9F041074614460D4621B94C
:20718000BDE8F0411146FFF7B7BA2AB9FFF7BCFC25462846BDE8F08100F01AF884420646C7
:2071A00002D8B4EB500FF4D821463846FFF7A4FA804608B94546ECE7B4422246294628BF19
:2071C0003246FFF739FC29463846FFF79DFCF1E751F8043C181F002BBCBF0B58C018704760
:2071E000F8B500BFF8BC08BC9E467047F8B500BFF8BC08BC9E46704734760008650E000864
:207200000000000000000000800000000000000001000000020000004857207625642E25DA
:20722000642E25642E25640042544C44520000004657207625642E25642E25642E25640023
:207240004D41432025303858000000004E4F5420412052454C45415345204255494C442134
:2072600000000000565344282564293A2072723D25642C2062633D25642C206C6C3D256482
:20728000000000007374617274696E67206170706C69636174696F6E000000006661696C32
:2072A000656420746F207374617274206170706C69636174696F6E2C206572723D256400A5
:2072C00064657669636520686173206120736572696F757320696E7465726E616C207072B8
:2072E0006F626C656D2C20636F6E7461637420536D61727441430000415050006170705F1B
:207300006370705F72756E74696D65002573202564202725732700004153534552540000AE
:20732000626F6F745461736B000000004669726D7761726520696E666F20626C6F636B3A98
:20734000000000004657544F4F4C5300096D616769633A20307825303858000009686472C7
:2073600073697A653A2025640000000009656E7472793A20307825303858000009766572F7
:2073800066773A2030782530385800000976657268773A20307825303858000009667773B4
:2073A000697A653A202564000966776372633A203078253038580000096372633A2030785A
:2073C000253038580000000076616C6964617465486561646572000025730000696E636FF4
:2073E0007272656374206D6167696300696E76616C6964206865616465722073697A650001
:20740000696E76616C69642066772073697A6500696E76616C696420656E74727920706F75
:20742000696E74206C6F636174696F6E000000004857206D69736D61746368206375727297
:207440003D3078253038582C207265713D30782530385800736C6F7456616C696461746518
:2074600000000000696E76616C696420686561646572202825642900696E76616C6964209B
:207480004D5350206164647265737300696E76616C696420656E74727920706F696E740073
:2074A000736C6F744572617365000000736C6F74206261736520616464726573732069739B
:2074C0006E277420616C69676E6564206F6E2074686520706167652073697A6500000000B9
:2074E000736C6F742073697A65206973206E6F742061206D756C7469706C696572206F66A5
:207500002074686520706167652073697A65000065726173696E6720736C6F742E2E2E001D
:207520006661696C656420746F20756E6C6F636B20464C41534800006661696C65642074B0
:207540006F20657261736520464C4153482C206572723D25642C20706167653D25640000F4
:20756000736C6F745772697465000000464C415348207772697465206661696C656420617F
:20758000742030782530385820282564290000006661696C656420746F206C6F636B204639
:2075A0004C41534800000000736C6F7456657273696F6E0073746172744170706C69636113
:2075C00074696F6E000000004170706C69636174696F6E3A0D0A096669726D7761726520A6
:2075E000763078253038580D0A09686172647761726520763078253038580D0A0962756997
:207600006C64202725313273202539732700000068635F696E697400726561647953656D28
:207620006170686F726520213D206E756C6C70747200000064656661756C745461736B00A4
:2076400049444C4500000000626164207265712073697A653A206163743D25642C20657821
:20766000703D256400000000434D445F424F4F5400000000626164207265712073697A6503
:2076800000000000434D445F494E464F00000000434D445F56455200434D445F5245424F10
:2076A0004F54000077726974654368756E6B00002873697A65202520634368756E6B5369A3
:2076C0007A6529203D3D20300000000070726F6365737300726571436D642E7365716E2058
:2076E0003D3D203000000000726571436D642E766679203D3D20300070647553697A6520F3
:207700003E2073697A656F6628436D64536C6F745570646174655F74290000006572617393
:20772000652025640000000070647553697A65203D3D2073697A656F6628436D64536C6FA3
:20774000745570646174655F74290000766572696679202564000000626164207365713A4E
:2077600020612025642C2065202564007772697465202564000000005461736B73416C6995
:20778000766553757065727669736F72000000006567416C69766500544153005F6D7800E3
:2077A0007265706F7274416C6976650028696420213D20302920262620286964203C203320
:2077C0003229000072656D6F7665436C69656E7400000000496D706C000000005F63726338
:2077E000416C676F534455005F637263416C676F48647200444C4C0072756E6E657200006C
:20780000746173436C69656E74496400616C676F0000000073726300256C752025735B25EB
:20782000735D205B25635D25733A20006C6F676765722E6D780000006C6F676765722E7273
:20784000620000006261636B656E64006C6C203C204C4F475F4C4153540000001B5B333953
:207860006D0000001B5B33316D0000001B5B33336D0000001B5B33326D0000001B5B3334E6
:207880006D0000001B5B33366D00000072620000756172745F77726974650000704C6F6783
:2078A00055617274000000006275660073697A65000000006C6F675F6261636B656E645F6C
:2078C000756172745F6765740000000075617274000000004F735468726561640000000077
:2078E0005F74692D3E5F73656D0000005F74692D3E5F7461736B00007E556172740000006A
:2079000070647276000000005F71756575655278000000005F6D78547800000063726561B2
:2079200074650000696D706C2D3E5F6D78547800696D706C2D3E5F717565756552780000D6
:20794000636F6D6D69740000637263416C676F00696E6974000000007673645F69735F76D2
:20796000616C696400000000000000000000000093050008950500084D050008590500086B
:2079800065050008710500080000000000000000FD0B00080D0C0008B90B000800000000FA
:2079A00000000000FB0B0008FF0B0008BD0B0008100000200C0000206804002008000020C7
:2079C0000400002048040020100000205404002000000020A0860100400D0300801A060038
:2079E00000350C0040420F0080841E0000093D0000127A000024F40000366E010048E801D3
:207A0000006CDC02000000000000000000000000000000000000000000000000000000001C
:207A2000000000000100000002000000030000000400000001000000030000000500000033
:207A40000100000001000000060000000A00000020000000020000000400000008000000E6
:207A60001000000040000000800000000001000000020000010002000400060008000A0014
:207A80000C00100020004000800000010804020408010101010101030701000000000000BE
:207AA000000000005949000835490008ED4800080000000000000000754900083D4A000804
:207AC0007949000800000000000000004B4A0008BD4A00084D4A0008000000000000000091
:207AE000CB4A0008094B0008CD4A000800000000000000006D4B0008494B0008194B000826
:207B00000000000000000000894B00088B4B0008E54B00086F66665F63726331360000003A
:207B20006F66665F63726338000000006F66665F63726331365F616C676F5F6672656500FF
:207B40006F66665F637263385F616C676F5F6672656500006F66665F6C6F675F6D65737325
:207B6000616765006F66665F6C6F675F7365745F6C6576656C0000006F66665F6C6F675F9F
:207B80007365745F6261636B656E64006F66665F6C6F675F696E697400000000C157000863
:207BA000C557000800464345574944546F66665F72696E675F6275666665725F73697A655E
:207BC00000000000000000000000000079610008D1610008DD630008836000088D60000861
:207BE00041610008232D302B2000686C4C006566674546470030313233343536373839419E
:207C00004243444546003031323334353637383961626364656600006885FF7F0100000042
:207C20006501000845070008A90D000841010008A5070008390E0008E07A0008B87A0008DB
:207C4000CC7A0008A47900089079000800093D000100000010000000AAAAAAAA9C7B000882
:207C60000500000000000000000000000000000000000000000000000000000000000000FF
:207C80000000000000000000000000000000000000000000000000000000000000000000E4
:207CA0000000000000000000000000000000000000000000000000000000000000000000C4
:207CC0000000000000000000000000000000000000000000000000000000000000000000A4
:207CE000000000000000000000000000000000000000000000000000000000000000000084
:207D0000000000000000000000000000000000000000000000000000000000000000000063
:207D2000000000000000000000000000000000000000000000000000000000000000000043
:207D4000000000000000000000000000000000000000000000000000000000000000000023
:207D6000000000000000000000000000000000005C7800086478000864780008647800087B
:207D80006C780008747800087C78000884780008955C0008915C0008003801402400000078
:207DA00000000000004400402500000000000000008000402600000000000000880100208B
:207DC00000000000980700200008002068080020000000000000000000000000000000002C
:207DE000000000000000000000000000000000000000000000000000000000000000000083
:107E0000000000000000000000000000D508002075
:208800000BB0FEC035000000008C00084A756C20313620323032360031393A34323A3130D5
:1888200000000001010100020000020000000000000000000000000039
:208C00000008002009990108F91601086D090108FD16010801170108051701080000000088
:208C2000000000000000000000000000A1F60208091701080000000001F702082DC602086B
:208C400005990108059901080D170108059901080599010805990108191701082D1701081E
:208C60000599010859170108059901080599010885170108911701080599010879170108F0
:208C8000059901080599010805990108059901080000000005990108059901080599010843
:208CA00005990108059901080599010805990108059901080599010805990108059901087C
:208CC0000599010805990108813C010805990108059901089D170108059901080599010827
:208CE0000599010869170108A9170108059901080599010800000000000000000599010886
:208D00000599010805990108D12901080599010805990108059901080599010805990108BF
:188D200005990108059901080599010805990108059901080599010851
:208D400010B5054C237833B9044B13B10448AFF300800123237010BD680A002000000000DF
:208D6000F042030808B5034B1BB103490348AFF3008008BD000000006C0A0020F04203088E
:208D80004FF4AD60704700BF08B500F075F9002008BD00BF08B500F07BF9002008BD00BF89
:208DA00000F078B910B584B00DF10F04CDE90043069B00F021FB9DF90F0004B010BD00BFFD
:208DC00010B584B00DF10F04CDE90043069B00F03FF89DF90F0004B010BD00BF00F066BAD3
:208DE00000F0BABA30B587B0DDE90A540095019405AD0DF11304CDE902450C9C00F086F8CB
:208E0000059B9DF91300236007B030BD30B587B0DDE90A540095019405AD0DF11304CDE9FB
:208E200002450C9C00F0DAF8059B9DF91300236007B030BD00B585B0069901910DF10F01E8
:208E4000009100F02DF99DF90F0005B05DF804FB2DE9F04784B093F800A0DDF8309098469E
:208E6000002705460C46164627490D9A88F800705346002001F0D0FE89F800703B46CDF81C
:208E8000009022463146284601F0FAFB99F9007017B104B0BDE8F0870DF10F032246314686
:208EA00028468DF80F7000F0C3FB89F800006EB104EB0616617B0197A3680093D4E90023F5
:208EC0002846103402F0F4FBB442F3D195F81015284602F077F8BAF1000F0BD1022389F888
:208EE00000300023C5F83033284600F09BFB04B0BDE8F0870D9BCDF80090524641462846B1
:208F000000F03CFFEDE700BF000008402DE9F04F85B0DDE9108A1D46DF2388F80030002428
:208F20001023172DCAF8004003932AD91746002934D106460C4688F800108B4640F2173913
:208F400001E00B2C20D049FA04F3DB0704F10104F7D5DDE90E23CDF800B0E1B2304602F0C0
:208F600049FA0028EDD00F9B01930E9B009303AA03462946384601F04FFD88F80000002887
:208F8000DFD005B0BDE8F08F98F90030002BF8D1DDE90E12304600F041FE78B998F9004007
:208FA000002CEED1039BCAF800303846514600F0DFFD88F8004005B0BDE8F08F0F9B01937E
:208FC0000E9B00932946034603AA384601F024FD044688F80000002CD3D1E3E72DE9F04FA7
:208FE00085B0DDE9108A1D46DF2388F8003000241023182DCAF80040039329D9174651BB28
:2090000006460C4688F800108B4640F2173901E00B2C20D049FA04F3DB0704F10104F7D5E5
:20902000DDE90E23CDF800B0E1B2304602F00EFA0028EDD00F9B01930E9B009303AA03466C
:209040002946384601F0E8FC88F800000028DFD005B0BDE8F08F98F90040002CF8D1039BBA
:20906000CAF800303846514600F082FD88F8004005B0BDE8F08F00BF10B4022003240122F2
:2090800000230C70487010BC8A70CB70704700BF00F02EBA08B501F007F8002008BD00BFD9
:2090A0002DE9F04F8BB0DDE91464CDE906234FF0000800234FF000090546C4E9023300F52F
:2090C000A56184F839306387A38784F83E301422C4E9008904F1100027F0C4FB05F2145104
:2090E00004F12400142227F0BDFB95F83C3584F8383095F85235012B02D0284600F092FA74
:20910000DDE90623CDE9002300210DF1250009AFB5F80EA503902246317028463146029711
:2091200000F008FC9DF8243013B10BB0BDE8F08F9DF825202146284600F0CEFF0DF1260916
:20914000034680460097CDF8049022460121284600F094FA9DF82430BDF826603BB195F8FD
:20916000223484F83A3095F8203484F83B304346CDE9007922460221284600F07FFA9DF83C
:209180002430BDF826B0002B6ED143462246CDE900790321284600F071FA9DF82430BDF8DB
:2091A00026200592002B73D1CDE90079434622460421284600F062FA9DF82430BDF8267030
:2091C00006AA2146284600F03FFEDDE9062305F5AC61C1E9002395F85235012B4DD0059B1D
:2091E0005E4528BF5E469E42B04628BF9846B84528BFB846C245B5F8163428BFC246B3FB29
:20920000FAF80AFB1838AAEB080A1FFA8AFAB5F8D063A5F81AA453449BB2B3FBF6F206FB0D
:209220001233A5F8163400221E4B1F49ADF82660002027F0ABFE05F045FA06F06DFFDDE9A8
:2092400006230E46A0FB0A01821806FB0A1141EB03030021C4E90023284685F81D1400F006
:20926000CFFE0BB0BDE8F08F95F8213484F83C3095F8203484F83B3087E7B5F81634B3FB9D
:20928000F8F008FB1030A8EB00081FFA88FABEE795F8203484F83B302146284600F0E2FB5E
:2092A00082E700BF00001C40000024402DE9F04F8BB08846DDF850901646002100F5AC6233
:2092C00005460DF11E0B00200DF1200AC2E900011C4631465B4640464A46CDF800A001F042
:2092E00021FA9DF91E3013BB0DF11F03083E0593089FB7424B4622465146404625D209AF3E
:209300000297059FCDE900B701F046FC9DF91E30224628465BB99DF81F10FE290BD0099B38
:2093200001F024FE03468DF81E00002BE0D018460BB0BDE8F08F099A214601F075FA034663
:209340008DF81E00002BD3D0F1E79DF91E3018460BB0BDE8F08F00BF2DE9F04F8BB00F46FF
:20936000DDF850900DF11E0B0DF1200A1146154680461C4638465B464A46CDF800A001F00A
:20938000D1F99DF91E3013BB0DF11F03083D0593089EAE424B4622465146384625D209AE02
:2093A0000296059ECDE900B601F0F6FB9DF91E30224640465BB99DF81F10FE290BD0099BD4
:2093C00002F04AF903468DF81E00002BE0D018460BB0BDE8F08F0999204601F001FB034616
:2093E0008DF81E00002BD3D0F1E79DF91E3018460BB0BDE8F08F00BF2DE9F04F8DB000278B
:2094000093F800A0DDF858901F7006460D46144600F57A711E2204A8984627F023FA0DF100
:209420000F0189F800702B460091CDF804902246304604A98DF80F7000F05AF99DF80F302A
:20944000002B42D186F81F3464BB0C2389F8003004A9304600F07EF9002839D199F90000B0
:2094600000282CDB204FDFF884B0002403E0651C1F2D2C4623D047FA04F3DB07F7D514F818
:209480000B200CAB03EB420102F2F31331F8222C36F81330651C9342E9B23046E8D000F0C8
:2094A000E9FDE5E704AA0092CDF804902A462146304601F00DF899F90030002BC8DABAF1E4
:2094C000070F08D8F12389F800300DB0BDE8F08F89F80000C4E7179A4146304600F0D4FA58
:2094E0000DB0BDE8F08F00BFEF7912409CD1030810B5044601F0CEFC204600F0C1FF204654
:2095000000F060FE204610BD2DE9F0470646414D414F02F075F8002303E05C1C1F2C234682
:2095200010D045FA03F2D107F7D5DA5D02F2F3125C1C36F81220E1B2304602F00FF91F2C1D
:209540002346EED1304601F0DFFFDFF8C890324FDFF8CC80002502E001351F2D35D049FAFA
:2095600005F3DA07F8D5EB5D334493F80534002BF2D038F915A0002402E001340B2CEBD0C2
:209580004AFA04F3DB07F8D5631E092B3FD8DFE803F0051A18161412100E0C0A022130461B
:2095A00002F0B2F8E9E70B21F9E70A21F7E70921F5E70821F3E70721F1E70621EFE70521FE
:2095C000EDE70421EBE70321E9E70024214686F81C440F2206F2064027F0A2F80F4B86F86B
:2095E0001844DB7806EB43032146B3F8420306F2244333F8022B904201F1010103D00429B1
:20960000F7D1BDE8F08786F81814BDE8F0870121C5E700BFEF7912409CD1030884D1030881
:20962000BCD1030890F81C3403B970476CE700BFF9B12DE9F041DFF84080864602EB011CD7
:209640000020517B4144D2E9006711F8011C0EEBC101D1E98045AF4208BFA64202F1100272
:2096600003D11978002908BF04209445E9D1BDE8F0810846704700BF84D10308F0B40139C6
:209680001A4C049D645C059E00EB44040027B4F842432F70348090F85275012F1ED04FF6D0
:2096A000FF739C4213D0B0F81664B6FBF4F304FB1364A4B26CB9012390682B70C9B203FA9D
:2096C00001F1014382F83D3082F83E309160F0BC704790F81D34002BF9D0ECE74FF6FF77D6
:2096E000BC42F4D033801C46D9E700BF84D1030832B370B50C46049900220A701A79013A51
:20970000012A00D970BD1E6800210546304606F05DFC049B003818BF012018700021304673
:2097200006F054FC0028EDD0228847F230539A4207D062889A4204D00B23059A137070BDCE
:20974000704795F91E34002BF7D1012385F81D3470BD00BF2DE9F04F002306460D46704CCE
:20976000DFF8C0C183B019466FF000474FF0010E4FF6FF7005E0824218BF012101331F2B37
:2097800010D044FA03F2D207F8D513F80C203A4435F81220B2F5E16FEDD101331F2B86F84B
:2097A0001FE4EED196F81F34ABBBB6F80E755C485C4C394640FA03F2D20706D51A5D013A0F
:2097C00035F81220914228BF114601331F2BF1D14FF6FF74A14229D0B7FBF1F301FB13732D
:2097E0009BB29BB94E4FDFF83CC147FA03F2D20719D513F80C20013A35F81200A04212D0E5
:20980000B0FBF1F201FB120292B262B16FF00F0003B0BDE8F08F00290CBF00206FF00F008C
:2098200003B0BDE8F08F01331F2BDED14FF6FF713D4A3B4CDFF8ECE08C46002352F8040B70
:20984000000744FA03F710D5F8070ED513F80E00013835F81000604507D0614504D08842B3
:2098600003D06FF01000D3E7014601331F2BE5D14FF6FF73994251D006F22443002402E059
:209880000134042C09D033F8022B8A42F8D106EB4404B4F82C440434A4B2DFF884B0DFF8D8
:2098A0008CA0DFF88C90019400274BFA07F3DB072FD51C4BFB5C013B35F81380404606F072
:2098C0009DF996F8201496F82134019A044696F8220449004000C0B2C9B25B000144DBB211
:2098E0000B44134498B206F085F9514606F0DAF9494606F08BFA0146204606F071FB40B19A
:209900004FF6FF73984504D06FF0110003B0BDE8F08F01371F2FC8D1002079E70424BCE72E
:20992000EF7912409CD10308FCD103080000C84200007A442DE9F04F87B000F5AC6B9246E5
:20994000129ADBE900894FF0000C82F800C0139A82F800C058EA090204460F46DDE91030B0
:2099600011D104F5A961C4F84035C4F84405C1E90089D4F85035384A23F07F43934257D0F5
:2099800007B0BDE8F08F94F8D223002AF1D194F85225B3EB080660EB0901022A03910AD0E1
:2099A000D4F84025D4F844159B1A60EB0100C4F84C05C4F84835294B2949B4F81A840022B8
:2099C000002027F0E3FA04F07DFE06F0A5FB0B46A0FB0801851B0095039D03FB081161EB41
:2099E00005050195DDE90089020942EA01720B11424573EB090522DB351A0495039D65EBEA
:209A000001010591DDE9040182428B41B1DA64233B70D4F85035104A23F07F439342AFD1C1
:209A20001399012200230A703B7007B0BDE8F08F97F90030642BF3D007B0BDE8F08FDBE983
:209A400000321B1841EB0202CAE90032129B64200121387019708CE73075010000001C4093
:209A600000002440074B5B7B00EB43004FF6FF73B0F842239A4203D08B6843F400538B6051
:209A8000704700BF84D103082DE9F04F85B00027CDE90212DFF8D0A02F4DDFF8D0B00090CB
:209AA0003E4604E0731C0193019E182E50D0012303FA06F8294B18EA030FF3D00299039876
:209AC0000B780133DBB25A1E00EBC209741C0B70019489F8044040F832A000240EE04FF64E
:209AE000FF739E4207D006F085F801461C4806F08DF9C9F8000001341F2CD5D045FA04F387
:209B0000DB07F8D55BF8243018EA030F5146F2D0144BD9F80070E35C009A03F2F313384690
:209B200032F8136006F052FA02463046002AD6D106F060F801460A4806F068F906463146B6
:209B4000384606F04DFA0028D5D0C9F80060D2E705B0BDE8F08F00BFEF7912400F20E00042
:209B60000000C8429CD1030800FF7F47FCD10308F0B589B004460D46274B029302A903A8EE
:209B8000042226F06FFE9DF80F309DF80C009DF80D109DF80E20E37020706170A27004A9BF
:209BA00006A83D2600270822CDE9046726F05AFE06A9201D082226F055FE2B6802A9103BAC
:209BC00003A80422029326F04DFE9DF80C009DF80D109DF80E209DF80F302073A273E373D6
:209BE00061732968204601AA04F01AFE2B689DF804009DF805102344002218712B68234401
:209C000059712B6823449A7128680444E2712B6808332B6009B0F0BD000102032DE9F04738
:209C200084B0064617460E240DF10702FE200D468DF8074004F018FD9DF807800390B8F170
:209C4000000F2AD0012406F5A56A06F21459E3B2013B0D2B0FD8DFE803F03A324A4252145F
:209C60007169615A8179880796F83E0503AB3A46294601F01FFFA04504F101030CD01C462D
:209C8000E5E703AB3A46294606F59E6002F058F9A04504F10103F2D10398ADF80A00022210
:209CA0000DF10A0102A826F0DDFD9DF808209DF8093003982A706B7004B0BDE8F08796F808
:209CC000210403AB3A46294601F0F4FED3E796F8200403AB3A46294601F0ECFECBE703AB9B
:209CE0003A46294606F2244002F0BCF8C3E796F8220403AB3A46294601F0DCFEBBE703AB5D
:209D00003A46294606F23C4002F0EEF8B3E703AB3A462946484602F05FF9ACE703AB3A4638
:209D2000294606F2115002F031F9A4E796F8100503AB3A46294601F0BDFE9CE7B6F80E0584
:209D400003AB3A46294601F0EBFD94E796F83C0503AB3A46294601F0ADFE8CE703AB3A4669
:209D60002946504602F038F985E796F83D0503AB3A46294601F09EFE7DE700BF2DE9F04FDD
:209D8000D0F850452E4D24F07F44AC4289B040D005F1804505F58815DFF8A8B00F46904631
:209DA000994605F2BF4500244FF6FF7A02E001341F2C2ED045FA04F3DB07F8D514F80B305B
:209DC00000EB43030126B3F85233534506FA04F222D0D0F830331A4204F10104E8D00DF144
:209DE0001303E1B2009305AA06AB0391029001F069FB3B7803F1010E5FFA8EFE0EF1FF3C77
:209E00004345DDE9020109EB0C1C07D3129A0323137009B0BDE8F08F3444C9E7DDE90623B2
:209E200087F800E0CCE90023059A9DF813308CF80D108CF80C60CCF808208CF80E30B7E797
:209E4000307501009CD10308002B00F0B8802DE9F043012381F8393090F85235012B87B0D0
:209E600004460D46164606D090F8183400EB4303B3F832348B8194F8213485F83C3094F89B
:209E8000203485F83B3003A920460DF10B0304AA01F008FB0398002106F098F8E0B194F867
:209EA0001D34CBB994F85235012B08D094F8182404EB4202022BB2F82A24EA8105D004F55D
:209EC000A963D3E90023134376D1D6E90023C4E9F62307B0BDE8F083D4E9F623D4E9F801F7
:209EE000824273EB0107CDE9042303DACDE9040102460B46D6E90001801A61EB030105F08B
:209F000093FE374905F082FF4FF08141039027F02BF934490746039827F026F93249DDF800
:209F20000C808146384605F0BDFE30490746484605F0B8FE0146384605F0ACFD414607466A
:209F4000404605F0AFFE2A4905F0ACFE0146384605F0A0FD27490746404605F0A3FE014650
:209F6000384605F097FD244905F094FD234905F099FE27F0D3FC06F097F894F81D34E8813E
:209F80000022EBB901930092D6E900231621204601F08EFB94F85235022B05D004F5A963C2
:209FA000D3E90023134307D194F81D34002B8CD0D6E90023C4E9F82307B0BDE8F083704700
:209FC0004FF07E5301920093D6E900231621204601F06EFBAB6843F40013AB60DAE700BF8A
:209FE000286B6E4E00004040598207B0DFE0C2343767D9B85A8E863C6A92E43E00007A4496
:20A00000F8B50446D0F8D803D4F8DC13101A63EB010115461E4605F007FE134905F0F6FE73
:20A020001249074605F0DCFF20B91149384605F0F5FF18B1652384F81E34F8BDD4E9F80184
:20A04000281A66EB010105F0EFFD074905F0DEFE064905F0C5FF18B1662384F81E34F8BD8C
:20A0600084F81E04F8BD00BF286B6E4E00007042000070430B4B0B4410B413F8013C00EB7E
:20A080004301B1F8E643944204D0013B0344012483F806440123A1F8E62310BC80F81C3439
:20A0A000704700BF9CD103080139032900D9704710B504465C3002F08BFF0121204601F02C
:20A0C00023FB04F12C0003F015FD20460221BDE8104001F019BB00BFF0B590F85235012B5A
:20A0E00083B004460D4609D0022B39D00BB3002384F852354FF6FF7003B0F0BD00F5AB6386
:20A1000000F5A961D1E90001D3E90067B04271EB07032FDBB4F80E25B4F8500547F2305364
:20A1200002219A4284F85215E6D10023A4F81634E2E7012380F81C34FFF7E6F9B4F84A13EA
:20A14000A4F8501547F23053994220D0B1F5967F1DD002234FF6FF7084F8523503B0F0BD93
:20A1600000F5A963D3E900231343C0D04FF6FF7003B0F0BD002ACDD194F83D350093B4F800
:20A1800050352A4600F062FD4FF49670B4E7012384F8523594F83D0500F0D6FC04F5AB63D9
:20A1A000C3E9000194F83D35009304F5A961D1E90001B4F850352A4600F048FD4FF4967084
:20A1C00003B0F0BDF0B505460022002300F5AB6400214FF6FF7785F85215A5F8507500F5CF
:20A1E000A860C4E9002305F5A964C0E90023C4E90023022005234FF4817285F83E1585F817
:20A200003D05A5F8202485F8223418228B498BB005F2244005F23A4426F024FB05F2EE46CF
:20A220003A46234623F8022FB342FBD1844B854F8549C5F83C34C5F84034C5F84C34C5F85F
:20A240005434C5F86434814BC5F8DC14C5F848744FF06411C5F86074C5F86C74C5F87834E4
:20A260007B4FC5F87C34C5F88034C5F88434C5F88834C5F88C34C5F89034764B764ADFF8F2
:20A28000F8E1C5F844144FF0640C40F2DC50C5F85014C5F85C14C5F86814C5F89C7441F23C
:20A2A00070716E4FC5F8A0344FF49673A5F85AC4A5F874C4C5F870E4A5F8DA04A5F8C8049E
:20A2C000C5F8BC24C5F8C024C5F89824A5F89614C5F8A474C5F8A824A5F8CA04C5F8AC242A
:20A2E000A5F8B014A5F858345D49402205F5647026F0B8FA08AB009395F83D0506AB04AAC2
:20A3000002A904F01BFB049A069F08980299C5F898230023059ADDF81CC0C5F89473C5F89E
:20A320009003099F0398C5F89C13C5F8A4334FF08041C5F8A833C5F8AC33C5F8B823494BE7
:20A34000494AC5F8C413C5F8C823C5F8CC33C5F8B4C3C5F8B073C5F8BC03334605F20C5115
:20A360004FF6FF7223F8022F8B42FBD14FF0000C47F230514FF4A0620A2385F8D2C3A5F81C
:20A380000E15A5F8102585F81235384F384805F2125305F2265C4FF4A071052203E017F9BA
:20A3A000012F30F8021F23F8022F63459982F6D10A22002385F83C25A5F8D0334FF6FF71CC
:20A3C00034F8023F8B4205D0B5F8D0239A4238BFA5F8D033B442F3D1264CDFF8A0C00023D5
:20A3E000012744FA03F2D20711D513F80C2005EB4201013AB1F8EE04B1F8E66386421CBF6E
:20A40000521982F80674A1F8E60385F81C7401331F2BE6D105F2054305F21441012203F870
:20A42000012F8B42FBD195F81C340BB90BB0F0BD2846FFF769F80BB0F0BD00BFC8D00308BB
:20A440003075307564003075DC05DC052C012C017017080708070807701770170807701735
:20A46000ECD003080000104100004040E0D00308B4D00308EF791240307564009CD10308BF
:20A480000022002330B4002100F5AC6480F81814A0F81614C4E90023C0E9F623C0E9F823B1
:20A4A00047F23053A0F81A3400F2054200F2E63300F204454FF6FF7423F8024FAB4202F870
:20A4C000011FF9D14FF4CC0330BCC0F81C3470472DE9F04F87B0DDF84480029369B3DFF828
:20A4E0009C9182460F46154601264FF0000B29794C1EE4B249FA04F3DB0721D51E2C1FD851
:20A50000CDF800809AF83D359AF83E25286800F0A5FA98F9003023330FD0012303FA04F4CF
:20A5200014EA0B0F19D0F32388F800303346BB4205F1080506F10106D9DB07B0BDE8F08F4E
:20A540000A2388F800303346BB4205F1080506F10106CCDB07B0BDE8F08F2A792968424867
:20A56000BAF80E45013AD2B293404BEA030B05F04DFC27F0D3F905F097FD80B2ADF816006A
:20A5800004F0E8FE36A3D3E9002304F05DFF04F099F805F009FABDF8163080B21A1A92B2B7
:20A5A000944230D91A1892B294422CD22C680021204605F00BFD002839D0F62388F8003060
:20A5C0002C680021204605F001FD0346204673B32979CDF800800AF23C430DF1160200F030
:20A5E0005BFA98F90030002BADDB29791F4BBDF816200B44109913F8013C03F10043013BE8
:20A6000021F813209FE72C6819490393204605F0DDFC08B12046DBE7029B002BC7D1039BC9
:20A62000B3F5E16FC3D00E2388F80030BEE71049204605F0CBFC0028ECD10E49204605F0F7
:20A64000EDFC28B90C49204605F0CAFC0028E1D0F22388F800302868BAE700BFAFF300800A
:20A660007B14AE47E17A843F0000C8429CD1030800FF7F47000020410E74DA3AEF79124040
:20A680002DE9F04F83B0DDF830900190E9B1234FDFF88CB002F1080498460D4600264FF058
:20A6A000010A4A4661794B1EDBB2172B47FA03F00ED8C0070AFA03F30AD513EA080F594482
:20A6C00048EA030809D0FA23137003B0BDE8F08FFF23137003B0BDE8F08F11F8019C0C922D
:20A6E000019A2368009302EB89091846D9F88C1305F076FC009B0C9A0146184639B9D9F844
:20A70000AC1305F08BFC01360C9A103410B1FE231370DAE7AE42C5D1D7E700BF0F20E000A5
:20A7200084D10308F0B589B00C460E9D0021172C1E46296003D8DB23337009B0F0BD9442D5
:20A7400003D9DA23337009B0F0BD074602A93A787B788DF80820BA788DF809308DF80A202E
:20A76000FB788DF80B30042203A826F07BF8039B2C4A934204D0013302D0DE233370DCE722
:20A780000822391D06A826F06DF8082206A904A826F068F8DDE90423002B08BF3D2A07D0F8
:20A7A000002B08BFB2F1FF3F02D0DD233370C4E73A7B7B7B8DF80820BA7B8DF8093002A9B0
:20A7C000FB7B8DF80A2003A804228DF80B3026F049F8039901F11803A34202D0D82333706E
:20A7E000ABE701AA3846103104F01AF838199DF8042010F8043C9A4202D0DC2333709CE732
:20A800009DF8052010F8033C9A42F6D110F8023C002BF2D110F8013C002BEED110222A6075
:20A8200033708AE7000102032DE9F04786B005AB04AECDE9003604460DF10F03FE200D4662
:20A8400003F0E4FE9DF90F00002869D14FF0010A04F5A56904F2145804F211575FFA8AF335
:20A86000013B0C2B00F2B080DFE803F0A7A099928B847D76706A645D07003146284601F09D
:20A88000BDF884F83D050AF1010ABAF10F0FE5D19DF90F00002843D1A4F8D00304F23A43FD
:20A8A00004F2EE464FF6FF7533F8022FAA4205D0B4F8D013914238BFA4F8D0239E42F3D10C
:20A8C000454EDFF818E100234FF0010C46FA03F2D20711D513F80E2004EB4201013AB1F863
:20A8E000EE54B1F8E673AF421CBF121982F806C4A1F8E65384F81CC401331F2BE6D104F280
:20A90000054304F21441012203F8012F8B42FBD194F81C3423B12046FEF7F6FD9DF90F001A
:20A9200006B0BDE8F0873146284601F067F884F83C05A8E74A463146284601F007FAA2E7D4
:20A9400042463146284601F001FA9CE73A463146284601F0B9F996E73146284601F04EF87A
:20A9600084F810058FE73146284600F081FFA4F80E0588E704F59E623146284601F05AF93B
:20A9800081E704F23C423146284601F02DF97AE704F224423146284601F0E8F873E731469B
:20A9A000284601F02BF884F822046CE73146284601F024F884F8210465E73146284601F06B
:20A9C0001DF884F820045EE73146284601F016F884F83E0557E700BFEF7912409CD10308AB
:20A9E000032916D910B582B0027843788DF804200446022201A90DF106008DF8053025F07C
:20AA000031FFA378FE2B0CBF00206FF0630002B010BD6FF067007047F0B41468049EE71858
:20AA20008F4215D805998B4215D8002B0CDD711ECD18C6F1010600E014687318234411F863
:20AA4000014FC454A942F7D117600020F0BC70476FF02800FAE76FF02500F7E7012A08B52F
:20AA60000BD0A1F11B02032A0BD80A4905F0AEFA10B9029ADD23137008BDA1F11602032AC8
:20AA8000F3D9022BF8D01F29F6D1029ADD231370F2E700BF00FF7F472DE9F8430F460021A3
:20AAA00090461D46064605F0B9FA002838D02449304605F095FA68B3224B3B441EA7D7E946
:20AAC000006713F8013C05F1B40909EB430905EB430535F8024C204604F03CFC32463B4696
:20AAE00004F0B2FC03F0EEFD04F05EFF80B2231AB8F800209BB204449A4205F11E05A4B266
:20AB000001D3A2420AD9A945E3D1089AF4231370BDE8F8834FF6FF73A8F80030BDE8F883F5
:20AB200004460021304605F051FA0028F2D0A8F80040BDE8F88300BF7B14AE47E17A843FA9
:20AB400000FF7F479CD10308B1F5967F0CD047F23053994205D1012808D909A1D1E9000145
:20AB60007047002000217047012803D806A1D1E90001704706A1D1E900017047AFF30080CE
:20AB8000009435770000000000C817A80400000000BA1DD2050000002DE9F04F83B0DDE9EE
:20ABA0000CA900248AF8004089F800400D460968064608449046427816F801C08DF80520D4
:20ABC00001A902220DF106009B468DF804C025F049FEBDF806700E9B5F451F6005D9E02345
:20ABE0008AF8003003B0BDE8F08F57B1234608F1FF312A68F0180133825C01F8012F9F427C
:20AC0000F7D198F8023089F800302B683B442B6003B0BDE8F08F00BF38B514461D460022FA
:20AC2000002304F0A1FE78B175B104EB0513224600200021002400255173906011739173DA
:20AC4000E2E804459A42F7D138BD00BF70B49DF80C60022E04460D4614D0012E01D970BC7E
:20AC6000704755A1D1E90001A04271EB05031BDA53A1D1E90001A04271EB050330DB444BA2
:20AC8000D360ECE7B3F5967F12D047F230518B42E5D12FA1D1E90001A04271EB0503DEDB48
:20ACA0003C4BD36070BC70473B4BD36070BC704727A1D1E90001A04271EB0503F0DA26A101
:20ACC000D1E90001A04271EB050313DA24A1D1E90001A04271EB05030FDB304BD360BEE783
:20ACE00021A1D1E90001A04271EB0503A4BF2C4BD360B4E72B4BD360B1E71DA1D1E900012F
:20AD0000A04271EB050302DB274BD360A7E71AA1D1E90001A04271EB050302DB234BD360A3
:20AD20009DE717A1D1E90001A04271EB050302DB1F4BD36093E714A1D1E90001A04271EB34
:20AD400005038CDB1B4BD36089E700BFAFF30080FF93357700000000FFF1052A010000003C
:20AD6000FF0B774203000000FFC717A804000000FF9FACB903000000FFFD7C6C0400000096
:20AD8000FF5B4D1F05000000FFB91DD2050000009600E0034001C4097C01E0034001E00331
:20ADA000C800E0034001DC05400120034001260240015E014001C800FFE30B54020000000D
:20ADC000FFD5117E03000000194B013970B45B5C00EB43034FF6FF72B3F83643944206D0DD
:20ADE000144CD0F8342334F91140944302D0002070BC7047104CD0F81C5354F82140AC437B
:20AE0000F5D1B3F87C53B3F870636C1CA5B2B5FBF6F406FB1454A4B2A3F87C43002CE6D1FF
:20AE2000012303FA01F11143C0F834131846DFE770D1030858D103082CD10308F8B54E1EE7
:20AE400013498D5D00EB45010446B1F852734FF6FF70874200D1F8BD05F1B700691E069FE7
:20AE600044F8207004EBC505C5E990230798651826F054FD05F018F985F82003D4F8303394
:20AE8000012101FA06F63343C4F83033F8BD00BF9CD10308F8B5044602F0DAF904F5BC7037
:20AEA00003F026F904F12C0002F03AFC04F15C0001F0BAFA04F5887002F08EFE0A2104F5AE
:20AEC000F87002F005FB002604F5307304F5027204F538750020002143F8046BAB42E2E8A1
:20AEE0000201F9D100204FF0000CC4F81C0304F5377304F5107104F21F3204F54675002601
:20AF0000002743F804CFAB42E1E9026702F8010FF7D1C4E9CC0004F54E7304F551750120F7
:20AF200000214FF6FF725887A3F8461023F8022B9D42F8D1A4F84423A4F84623A4F848236B
:20AF4000A4F84A23A4F84C23A4F84E23A4F85023A4F8522304F2523304F55C714FF6FF72B9
:20AF600023F8022F8B42FBD12046F8BD10B44C1E11461A46092C06D8DFE804F0090D1105F2
:20AF800014050505191E6FF0630010BC704710BC5C3001F0D1BA10BC2C3002F0DDBB10BCC0
:20AFA00002F062B910BC00F5BC7003F007BB10BC00F5887002F058BE10BC00F5F87002F006
:20AFC00093BA00BF2DE9F04FA5B000220D460A9204460B920C921AAB23A943F8042F99424B
:20AFE000FBD10023C4F83433052120460D920E928DF825308DF826308DF82730FFF7E4FE0B
:20B0000050B1284604F0FAFD0146D4F8DC0204F0DDFF002840F0CE804FF0FF366FF0004755
:20B0200003212046FFF7D0FE50B1284604F0E6FD0146D4F8DC0204F0C9FF002840F02981CD
:20B0400001212046FFF7C0FE50B1284604F0D6FD0146D4F8DC0204F0B9FF002840F02981DF
:20B0600002212046FFF7B0FE50B1284604F0C6FD0146D4F8DC0204F0A9FF002840F04981CE
:20B0800009212046FFF7A0FE50B1284604F0B6FD0146D4F8DC0204F099FF002840F08A8196
:20B0A00000260A212046FFF78FFE48B1284604F0A5FD0146D4F8DC0204F088FF002862D192
:20B0C000B4F85C234FF6FF739A4203D0D4F81C3358074CD4B4F85E234FF6FF739A4203D0B2
:20B0E000D4F81C33D90736D4B4F860234FF6FF739A4203D0D4F81C339A0720D4B4F86223D5
:20B100004FF6FF739A4203D0D4F81C331B0705D40023C4F81C3325B0BDE8F08FD4F8CC32C2
:20B12000009300220192D4E9882309212046FFF785FE0023C4F81C3325B0BDE8F08FD4F863
:20B14000C432009300220192D4E9842308212046FFF774FED2E7D4F8C03200930022019297
:20B16000D4E9822307212046FFF768FEBCE7D4F8C832009300220192D4E9862306212046DF
:20B18000FFF75CFEA6E7D4F8C432D4F8C812324604F5F870D4E9866702F0C2F900210546CE
:20B1A0000090019132463B460F2120460A95FFF745FE85E70DF126020DF125030DF1270722
:20B1C0000EAED4F8D402DFF82892CDE90232CDE90467002104F0FAFED4E98867B0FA80F39F
:20B1E000D4F8CC1200915B09019332463B4604F5BC7002F0ABFF99F80B8004EB48024FF6C8
:20B20000FF73B2F852239A4208F1FF3A19D09DF8250004F0EFFC08F1B70B04EBC80844F857
:20B220002B00C8E99067002026F078FB04F03CFFA2448AF82003D4F8303343F40063C4F853
:20B24000303399F80C8004EB48024FF6FF73B2F852239A4208F1FF393FF4E2AE9DF82600D4
:20B2600004F0C8FC08F1B70A04EBC80844F82A00C8E99067002026F051FB04F015FFA14420
:20B2800089F82003D4F8303343F48053C4F83033C6E60CA90BAACDE901210AAB0093D4F8B0
:20B2A000C432D4F8C822D4F8CC12204601F0F8FFC6E6D4F8D832D4F8D40204930DF1340CF1
:20B2C0001BAA0021CDE9052C04F080FE9DF827C09DF826809DF825E0CDF808C0B0FA80F037
:20B2E00004F15C0C40090C9B0B9A0A990390CDF804806046CDF800E001F078F90D9B0093F5
:20B30000002201923B46324612212046FFF796FDA6E619AB0DF15C0C15A813A911AA0593DB
:20B320000FABCDE9030CCDE9012100930D990E9B1BAA04F12C0002F031FA109A0F9B0192EA
:20B34000009332463B4620460121FFF777FD129A119B0192009332463B4620460221FFF779
:20B360006DFD149A139B0192009332463B4620460321FFF763FD169A159B0192009332460A
:20B380003B4620460421FFF759FD189A179B0192009332463B4620461521FFF74FFD1A9A40
:20B3A000199B0192009332463B461F212046FFF745FD65E6D4E98689D4F8D032B4F85E10DD
:20B3C0000291CDE900890393D4F8C81232463B4604F5887002F092FC002106460090019166
:20B3E00042464B460E212046FFF728FD59E600BF9CD1030810B44C1E11461A469DF8043060
:20B40000092C06D8DFE804F0080C100513050505181D002010BC704710BC5C3001F0B2BC84
:20B4200010BC2C3002F0C8BA10BC01F08FBF10BC00F5BC7002F060BF10BC00F5887002F0BC
:20B44000E3BC10BC00F5F87002F0AAB810B44C1E11461A469DF80430092C06D8DFE804F054
:20B46000080C100513050505181D002010BC704710BC5C3001F0F8BC10BC2C3002F0E0BAF8
:20B4800010BC01F095BF10BC00F5BC7002F080BF10BC00F5887002F017BD10BC00F5F870D5
:20B4A00002F0B0B830B4D0F8D452D0F81C430D60D0E98C01C4F34054C2E900011C7030BC17
:20B4C000704700BFF0B401390E4C049D645C04F1B70C00EBC40750F82C601660D7E99067EE
:20B4E000C3E900670444012294F81F332B70D0F8303302FA01F123EA0103F0BCC0F8303364
:20B50000704700BF9CD103082DE9F04F8446374E374CDFF8E8A083B0002140F217374FF69E
:20B52000FF7E04E001310B2906F104065AD047FA01F3DB07F6D52F4B13F801800CEB4808EA
:20B54000B8F83693F145EDD000231D460120019600FA03F23A4210D0274E36F911B01BEA8C
:20B56000020F0AD0234AD25C02F29B123CF81220724502D0954238BF154601330B2BE7D16A
:20B58000019E00234FF0010B0BFA03F222420DD0306802420AD013F80A200CEB4202B2F893
:20B5A0004223724502D0954238BF15460133182BEAD1002DB6D0B9FBF5F205FB12991FFA30
:20B5C00089F392B23BB105F0010000EB5505AB42A4BF013292B201310B29A8F8702306F12D
:20B5E0000406A4D103B0BDE8F08F00BF2CD103080F20E00070D1030858D1030884D103083F
:20B6000030B400F54E7300F55175012400214FF6FF725C87A3F8461023F8022B9D42F8D115
:20B62000A0F84423A0F84623A0F84823A0F84A23A0F84C23A0F84E23A0F85023A0F85223DA
:20B6400000F2523300F55C724FF6FF7123F8021F9342FBD130BC704710B44C1E11461A4696
:20B66000092C06D8DFE804F0090D110514050505191E6FF0630010BC704710BC5C3001F0E8
:20B6800055BD10BC2C3002F071BA10BC01F0C2BE10BC00F5BC7002F0E9BE10BC00F58870D7
:20B6A00002F046BC10BC00F5F87001F0DDBF00BF2DE9700F0139134C9DF82060645C00EB33
:20B6C000C405D5E980AB9B4508BF92459046994604F1FF3410D0B034079B40F82430C5E9BD
:20B6E00080890122D0F81C3302FA01F10B43BDE8700FC0F81C337047002EECD1BDE8700FDA
:20B70000704700BF84D103084B1E0A2B10D8124A114411F8012C02F29B1230F81210092BC7
:20B7200009D8DFE803F0090C0F081108080808154FF6FF71F3E770475C3001F081BC2C30A0
:20B7400002F0E2B901F082BE00F5BC7002F0E8BE00F5F87001F0A4BF70D10308204B0139D0
:20B76000F0B55B5C1F4FDFF888E000EB43038446A3F852230126002340F2173506FA03F4F6
:20B780002C420DD037F91100204209D01EF803000CEB4000B0F83643944288BFA0F8362363
:20B7A00001330B2BEAD1104E1048DFF848E00023012505FA03F434420DD050F821703C42C6
:20B7C00009D01EF803400CEB4404B4F84273974288BFA4F842230133182BEAD1F0BD00BFD8
:20B7E0009CD10308BCD103080F20E000FCD1030870D1030884D10308F0B50F4609680346F2
:20B800004C1E00F10B0685B0234410460E4401AC13F8015F04F8015BB342F9D101A90C2271
:20B8200025F020F83B680C333B6005B0F0BD00BFF0B51C461B680C33934285B003D901325B
:20B84000226005B0F0BD0C220F46014601A825F009F801AB0022BD18206813F8016B2E5457
:20B8600001320C2AF7D123680C33236005B0F0BD10B50B68C21882B00C465278C35C8DF8E4
:20B88000052001A902220DF106008DF8043024F0E9FF2368BDF806000233236002B010BD7F
:20B8A000F0B51C461B680C33934287B003D90132226007B0F0BD0C220F460146684624F032
:20B8C000D1FF0C22694603A824F0CCFF03AB0022BD18206813F8016B2E5401320C2AF7D1DA
:20B8E00023680C33236007B0F0BD00BF30B50D68034683B00C46411910465A5D8DF80420A0
:20B900004D788B788DF80630032201A98DF8055024F0A8FF23680333236003B030BD00BF9D
:20B9200030B51C461B6885B002339342ADF8060003D90132226005B030BD0D4602220DF1AB
:20B94000060103A824F08EFF23689DF80C20EA5421689DF80D3029444B7023680233236044
:20B9600005B030BD30B50A6883B08318825C8DF8042058789D788DF805000C460422DB783F
:20B980008DF807300DEB020168468DF8065024F069FF236800980433236003B030BD00BFAF
:20B9A00070B51C461B680333934282B003D90132226002B070BD0278467883788DF80020F8
:20B9C0000D460322694601A88DF802308DF8016024F048FF23689DF80420EA5423689DF8FD
:20B9E00005109DF806202B445970216829448A7023680333236002B070BD00BF10B50B6835
:20BA000082B00C46C35C8DF8073001220DF107010DF1060024F026FF23689DF80600013307
:20BA2000236002B010BD00BF30B51C461B6885B004339342019003D90132226005B030BD76
:20BA400004220D4603A80DEB020124F00BFF23689DF80C20EA5423689DF80D009DF80E103F
:20BA60009DF80F202B44587023682B44997021680D44EA7023680433236005B030BD00BFEE
:20BA8000F0B50B6883B004461C440F4610460DF1FF330DF1070614F8015B03F8015FB34213
:20BAA000F9D10822694624F0DDFE3B6808333B6003B0F0BD30B51C461B6883B05D1C9542CE
:20BAC0008DF8070003D90132226003B030BDC81801220DF1070124F0C5FE23680133236087
:20BAE00003B030BD30B50A6885B00D460DF1070310440DF10F0410F8012B03F8012FA34216
:20BB0000F9D108220DEB0201684624F0ABFE2B68DDE9000108332B6005B030BD70B51C4682
:20BB20001B680833934284B003D90132226004B070BD08220D460146684624F093FE08228B
:20BB40000DEB0200694624F08DFE0DF107030022A818216813F8016F46540132082AF7D1E8
:20BB600023680833236004B070BD00BFF0B50B6887B00446013B1C440F4610466B4606AE97
:20BB800014F8015F03F8015BB342F9D16946182224F068FE3B6818333B6007B0F0BD00BF14
:20BBA00070B584B0CDE90001089C266808369E4203D90133236004B070BD154608220DEB34
:20BBC0000200694624F04EFE0DF107020023E818216812F8016F46540133082BF7D12368D3
:20BBE0000833236004B070BDF0B50B68AFB00446013B1C440F46104601AB2EAE14F8015FAA
:20BC000003F8015BB342F9D101A9B42224F02AFE3B68B4333B602FB0F0BD00BF30B41C687A
:20BC2000651C95429CBF08551A68013230BC1A60704700BFF0B50B6889B00446013B1C442C
:20BC40000F4610466B460DF11E0614F8015F03F8015BB342F9D169461E2224F003FE3B683D
:20BC60001E333B6009B0F0BD30B51C461B680433934283B003D90132226003B030BD0288AE
:20BC8000ADF8002004220D464388ADF8023069460DEB020024F0E6FD23689DF80420EA54A2
:20BCA00023689DF805009DF806109DF807202B44587023682B44997021680D44EA702368FF
:20BCC0000433236003B030BD30B50C460968451883B0034610466A785B5C8DF8052001A946
:20BCE00002228DF8043024F0BDFD23680233236003B030BD70B51D461B68143393428AB055
:20BD000003D901322A600AB070BD14220DEB02040E460146684624F0A5FD69461422204625
:20BD200024F0A0FDC4F101030DF113020DF127012C689818204412F8014F34548A42F7D142
:20BD40002B6814332B600AB070BD00BFF0B50B6887B00446013B1C440F46104601AB06AE98
:20BD600014F8015F03F8015BB342F9D101A9142224F078FD3B6814333B6007B0F0BD00BF30
:20BD800030B51C461B6883B05D1C95428DF8070003D90132226003B030BDC81801220DF198
:20BDA000070124F05FFD23680133236003B030BD70B503460D6882B00C46411910465A5D5B
:20BDC0008DF8042004224E788D78CB788DF807300DEB02018DF805608DF8065024F042FDB7
:20BDE00023680433236002B070BD00BF70B51C461B680833934282B003D90132226002B0D1
:20BE000070BD08220D460146684624F02BFD0DF1FF330022A818216813F8016F4654013264
:20BE2000082AF7D123680833236002B070BD00BFF0B50B6887B00446013B1C440F46104641
:20BE400001AB06AE14F8015F03F8015BB342F9D101A9142224F006FD3B6814333B6007B0CD
:20BE6000F0BD00BF70B51D461B68183393428CB003D901322A600CB070BD18220DEB020435
:20BE80000E460146684624F0EDFC69461822204624F0E8FCC4F101030DF117020DF12F0117
:20BEA0002C689818204412F8014F34548A42F7D12B6818332B600CB070BD00BF10B50B681B
:20BEC00082B00C46C35C8DF8073001220DF107010DF1060024F0C6FC23689DF906000133A5
:20BEE000236002B010BD00BF70B51D461B68B4339342DAB003D901322A605AB070BDB4228A
:20BF00000DEB02040E460146684624F0ABFC6946B422204624F0A6FCC4F101030DF1B30212
:20BF20000DF267112C689818204412F8014F34548A42F7D12B68B4332B605AB070BD00BF71
:20BF400070B51D461B681E33934288B003D901322A6008B070BD6C461E220E460146204607
:20BF600024F080FCC4F101030DF1FF320DF11D012C689818204412F8014F34548A42F7D10F
:20BF80002B681E332B6008B070BD00BF30B51C461B680233934283B003D90132226003B043
:20BFA00030BD027843788DF800200D460222694601A88DF8013024F055FC23689DF804208C
:20BFC000EA5421689DF8053029444B7023680233236003B030BD00BF70B51D461B681433B4
:20BFE00093428AB003D901322A600AB070BD14220DEB02040E460146684624F033FC694643
:20C000001422204624F02EFCC4F101030DF113020DF127012C689818204412F8014F3454CA
:20C020008A42F7D12B6814332B600AB070BD00BF2DE9F04F85B004469DF838909DF83C500F
:20C040000395B9F1030F9DF840504068029588461646009300F09680624903F023FE8246DE
:20C06000009B002B67D104EB89035046196903F011FD356807462946404603F009FD05460B
:20C08000608803F0B7FD584903F0C0FE04EB890B03465649DBF82000019303F097FF00281C
:20C0A00073D15349504603F0FDFD514603F0F2FC00218046284603F0B1FF00284CD009F070
:20C0C000FD09B9F1010F09BF039BDFF838910D3354F82390029B63B94146284603F09EFF1D
:20C0E00038B1039B434A013B32F9130003F086FD81466068404903F0D5FD494603F086FE59
:20C10000019903F0CFFD04460146284603F086FF00BB3168284603F0BDFC3946044603F025
:20C120005FFF00B92746009B0BB107F10047376005B0BDE8F08F356809F1010305F100459F
:20C14000356054F82310504603F0A2FC08F10048074690E72546DCE7029B93B3DBF8681043
:20C16000019B03F1004003F051FE24F081FF01464FF07E5003F08CFC0146284603F092FD13
:20C180000546C6E7D4F8B0A06AE7DBF80400414603F07EFC002125F0C1F901464FF07E502B
:20C1A00003F076FC014603F07DFD4FF07D5103F079FD124903F076FD114903F06BFC014634
:20C1C00070E7284625F056F9414603F027FF0028C4D0B9F1010FC1D10449E06E03F016FEEC
:20C1E0000146BDE7C178C63D0000C842000040409A99993E7CD10308CBBECB3ECDCC4C3E77
:20C20000CDCCCC3D0000E1442DE9F04100EB820784B004460E46786800211546984603F09D
:20C22000D5FE00B17E6002236A1C204601933146CDF80880009504EB82020023FFF7F8FE1C
:20C240007868314603F0CCFE70B1386A4FF07E5103F0BCFE40B13869002103F0B7FE18B128
:20C26000B8F1000F00D17E6004B0BDE8F08100BF2DE9F04300EB820885B004460E46D8F86D
:20C2800010009DF83090002115461F4603F09EFE70B92A1D0123CDF80890009504EB8202D0
:20C2A000314620460193FFF7C3FE05B0BDE8F0833946D8F8040003F0EBFB0146304603F0AD
:20C2C000E7FB084903F08CFE0028EED0C8F810600021304603F07AFE0028DAD005B0BDE86A
:20C2E000F08300BFBD378635F8B500EB83040D46276900213846164603F068FEF8B1606896
:20C30000314603F0C5FB002125F008F92169034630461C4603F0BCFB002125F0FFF80146F3
:20C32000204625F011F9014603F0B4FB294603F06DFDBDE8F8404FF07E5125F005B960683D
:20C34000394603F0A5FB294625F0E8F80546D6E72DE9F0479DF820C000EB8C0705460E4680
:20C36000386A2D49904699460CF1FF3403F02EFE002834D049464FF07E5003F089FB01461B
:20C3800003F090FC4FF07D5103F08CFC234903F089FC234903F07EFB8146D7F810A07868B4
:20C3A000514603F075FB49460746304603F07AFC314603F06FFB0146384603F011FE2C44BD
:20C3C00028B95046002103F001FE034650B195F8783084F820304FF07E50BDE8F087DFF888
:20C3E0004490DAE7B8F1000F0ED194F82030FF2B10D00133DBB284F8203095F878209A429D
:20C4000008D94FF08040E8E784F820304FF08040BDE8F0870048E0E700004040CDCC4C3ED4
:20C42000CDCCCC3D9A99993EF0B4334E334D344A344F3549354CC6640565354E354D476566
:20C440008165354F3549C46586660A240326C566334DDFF8E0C007674167324F1168A0F8BE
:20C460007A40A0F87C6054681669C0F88050D568C0F848C0C0F88470D2F808C0C0F89C102C
:20C48000002201210027C0F8A040C0F8A850264CC0F8AC600225254E878604664FF6FF77E7
:20C4A000446680F87850C0F8A4C00170026342628663C66380F8225040F202261C4D0464D5
:20C4C00047800684C0F8B0508262F0BC42608260C260026142618261C261C26280F8441021
:20C4E00080F88810C0F88C20C0F89420C0F89020C0F89820704700BF10E9AFBFD881F3BE9D
:20C5000078D20308C7BA38BDD3BC63BC2B18953C0000E14500C0A8474031774C004EED4901
:20C520000000604017B7D138000061450000E1444260653CDE02C9BE2DE9F04786B004ABDD
:20C5400005AE04460078CDE900360DF10F030D4602F05CF89DF90F00E8B94FF0010A04F14C
:20C560009C0904F1480804F154075FFA8AF3013B052B35D8DFE803F02D261F181203424651
:20C5800031462846FFF738F90AF1010ABAF1080FEBD19DF90F0006B0BDE8F0873A4631469D
:20C5A0002846FFF729F9EFE704F1800231462846FFF766FAE8E704F17A0231462846FFF752
:20C5C000F7FBE1E704F1600231462846FFF714F9DAE704F16C0231462846FFF70DF9D3E7A3
:20C5E0004A4631462846FFF723FCCDE72DE9F04F8FB0DDE91D569DF8604009949DF864A0C5
:20C600009DF8684004949DF86C4003940591044617469846BAF1000F33D0039B002B40F09C
:20C620008E817449104603F0E5FC002800F092817149384603F0E8FC002800F08B816F49EE
:20C64000404603F0D7FC002800F084810021404603F0DAFC002800F07D811C98002103F023
:20C66000B5FC002800F04383D4F830900021484603F0ACFC002800F06A83039BCDE907A352
:20C6800001E0CDE907AA6388642B00F05F81B3F5967F19BFA36CD4F854B0E36CD4F858B071
:20C6A00057490693404603F0FDFA544903F0AEFB54498046384603F0F5FA534981463846F4
:20C6C00003F0E8F90146484603F0A0FB814624F0CFFC4E4902463846174603F0DBF939467D
:20C6E0000746404603F0DEFA394603F08FFB484903F0D8FA24F00EFD464903F0C9F9069B46
:20C70000194603F0CFFA594603F0C4F90146059803F0BEF9079B3060002B40F03881039B3D
:20C72000002B40F0AB803C49606803F0BBFAD6F80090A1680746484603F066FC002840F08F
:20C74000FB806169484603F055FC089B00280CBF98464FF0010801234A4639462046FFF777
:20C76000C3FD099B002B00F0BF81BAF1000F59D04FF0010C034642463946CDF800C0204690
:20C78000FFF7E6FD24496062606803F08BFA3768E1688046384603F037FC30B9A06939468E
:20C7A00003F032FC002800F08C8202233A4641462046FFF799FD03460220524641460090FA
:20C7C0002046FFF7C5FDD4F8B070A0620323326839462046FFF788FD089B002B40F061824C
:20C7E0000E49384603F0F2FB002840F067820C4F43E000BF0000AA42000020C20000C8422E
:20C800008195C340C3F58C41B81E73433393884333B3584307767C3FC178C63D4260653C25
:20C820000000404094F87820AA4984F8202000236362606803F036FA3768E16881463846A5
:20C8400003F0E2FBC846002800F062813A46494602232046FFF748FD94F8783084F8213029
:20C860000027A76203233268D4F8B0102046FFF73BFD94F8783084F82230E76295496068B7
:20C8800003F010FAD4F8089082460021484603F09DFB08B1D6F8009067690021384603F0BC
:20C8A00095FB20B15146484603F0F2F80746D4F80C80636A03930021404603F087FB08B138
:20C8C000D6F80080D4F818B00021584603F07EFB20B15146404603F0DBF88346D4F810A052
:20C8E000D4F8B03005930021504603F06FFB08B1D6F800A0039BC5F80090EF60AB61C5F8B6
:20C900000480C5F810B0A26AEA61C5F808A0E6690021304603F05AFB20B10599504603F034
:20C92000B7F806466E61E36A2B6294F84430012B14D00FB0BDE8F08F4FF001080BE7002303
:20C94000CDE907336388642B7FF4A1AE236DD4F85CB0A5E6039BCDE9073394E603985E496E
:20C9600003F034FB58B1049B4BB1236E616EA26EA3630023E163226484F84430D9E7574B3C
:20C98000574AA363E36322640FB0BDE8F08F484624F06EFB0146404603F084F9394603F087
:20C9A00035FA504903F07EF924F0B4FB6388642B834600F07181B3F5967F00F06881A36CB8
:20C9C000D4F85490069394F88830002B00F0B980059AC4F894B00023C4F898B0C4F88C2048
:20C9E000C4F8902084F888303A496068D6F8008003F058F907466069002103F0E7FA58B1A6
:20CA00003946A06803F044F8414603F007FB18B1C4F81480D6F800804146DDF8108001226E
:20CA200043462046FFF7F0FBCDF800803B46012231682046FFF71CFC2649606803F032F9DB
:20CA400000210746A06903F0C1FAD6F8008060B13946E06803F01CF80146404603F0C0FA0A
:20CA600018B1C4F81880D6F800804146DDF81080022243462046FFF7C7FBCDF800803B46CE
:20CA80003168CDF8108002222046FFF7F1FB049B3168D4F8B07003222046FFF7B5FB089B44
:20CAA000002B3FF43CAE049B009331683B4620460322FFF7DDFBE7690021384603F086FA27
:20CAC00000287FF42CAE2069394602F0E1FFC4F8B00024E6C178C63D000040400000E144B0
:20CAE0000000614533B3584394F87820A04984F8202000236362606803F0D4F83768814671
:20CB00003946E06803F076FAC84600287FF49EAEA169384603F06EFA00287FF497AE3A46B3
:20CB2000022341462046FFF7DFFB099A0346002A3FF492AEBAF1000F3FF48EAEDDF820A0CC
:20CB40003AE68B496068D6F8008003F0ABF841460746A06802F09CFF4FF07F5107903846A8
:20CB600003F0A0F8079B0146184603F043FA00283FF441AF636A7F490793184603F026FAC8
:20CB8000002800F09180D4F89870D4F894800C973846414603F024FA002840F09C804FF04C
:20CBA000FF374146584603F01BFA002840F09B807B1C07932146082241F8948F0BA823F0BB
:20CBC00051FEDDF82C800C9F4046394603F008FA002800F08580B8460027D4F88C300B9378
:20CBE0004146584603F01AFA002877D17B1CC346079AD4F89400C4F898B00EA901EB8207C8
:20CC000001EB8303D4F8902005990D910C9257F80C2C53F80C3CC4F88C205946C4F89030AF
:20CC200002F036FF24F026FC534903F0EDF900283FF4DAAED4F88C10D4F8900002F028FF62
:20CC4000494602F025FFD4F894100746D4F8980002F01EFF0146384603F0D8F8474903F0F4
:20CC600021F847490746069803F01CF80146384602F010FF6388B3F5967F66D047F23052BA
:20CC8000934260D0642B7FF4AFAE2065ACE6E36CD4F85890069396E6236DD4F85C90069320
:20CCA00091E64FF08047E8E5079B4FF08041184603F08CF900283FF49EAE64E74FF07E57AC
:20CCC000DBE502233A4641462046FFF70DFBDDF820A0034670E5B846002762E7022387E7D0
:20CCE0004FF0FF3779E70223D846079362E721491C9803F06BF900287FF4C3AC1C9803F013
:20CD0000ADF904EB40038346B3F87800D4F8309002F070FF0146484602F0BAFE0BF11F0BBD
:20CD2000069054F82B0024F0A3F9069B0146184603F06CF80146484602F0AAFE039B206309
:20CD4000CDE907339FE4A0644EE6E0644CE6A08E02F050FF0146484602F09AFE014600207D
:20CD600024F0DCFB039B2063CDE907338BE400BFC178C63D00004040CDCC4C3E00D7A33CF4
:20CD800048E17A3F2DE9F047072484B00646904600788DF807400DEB04020D4601F064FCFD
:20CDA0009DF8077003902FB3012406F19C0A06F14809E3B2013B062B0BD8DFE803F0352DE7
:20CDC000453D4D10040003AB424629465046FEF791FFA74204F101030BD01C46E9E703AB13
:20CDE000424629464846FEF75BFDA74204F10103F3D10398ADF80A0002220DF10A0102A89A
:20CE000023F030FD9DF808209DF8093003982A706B7004B0BDE8F08703AB4246294606F1CB
:20CE20006000FEF73DFDD4E703AB4246294606F16C00FEF735FDCCE703AB4246294606F12A
:20CE40008000FEF76BFEC4E703AB4246294606F17A00FEF709FFBCE703AB4246294606F1F7
:20CE60005400FEF71DFDB4E72DE9F04784B00646174600780F240DF107020D468DF80740B9
:20CE800001F0F2FB9DF807800390B8F1000F2AD0012406F1940A06F18C09E3B2013B0E2B03
:20CEA00010D8DFE803F049415951393277706860867E8E150800D6F8B00003AB3A462946B8
:20CEC000FEF7B2FDA04504F101030BD01C46E4E703AB3A4629465046FEF720FEA04504F1A8
:20CEE0000103F3D10398ADF80A0002220DF10A0102A823F0B7FC9DF808209DF8093003985D
:20CF00002A706B7004B0BDE8F087306B03AB3A462946FEF789FDD5E703AB3A46294606F1C9
:20CF20002400FEF7BDFCCDE703AB3A46294606F11400FEF7B5FCC5E703AB3A46294606F1DD
:20CF40000800FEF7ADFCBDE703AB3A46294606F12000FEF725FDB5E7708803AB3A4629468B
:20CF6000FEF7DEFCAEE703AB3A46294606F13800FEF796FCA6E796F8780003AB3A462946CA
:20CF8000FEF798FD9EE7706803AB3A462946FEF74BFD97E7B08E03AB3A462946FEF7C0FCC6
:20CFA00090E796F8880003AB3A462946FEF782FD88E796F8440003AB3A462946FEF77AFD89
:20CFC00080E703AB3A4629464846FEF7A7FD79E730B4184A184D026400234FF6FF7440F2A8
:20CFE00002210122838644800023022401841349C0F8B05080F8784080F82240036330BCE0
:20D000004362836243608360C360036143618361C361C362C0F88C30C0F89430C0F8903040
:20D02000C0F898308163C16380F8442080F88820704700BF000061454260653C0000E144E8
:20D04000F8B54FF6FF7399423DD043888B420C46054638D0B1F5E16FD0F8A87041805BD085
:20D0600032D8642955D0B1F5967F3AD1D0F8A0002C4BA3FB04235B09AB8624F04BF824F08A
:20D08000F9F90646384624F045F824F0F3F90146304602F0BBFE68600CB347F23053B3FB2A
:20D0A000F4F004FB10339BB280B253BB02F0A2FD24F0AEF8014602F0EDFC24F0E9FB02F066
:20D0C000F3FF85F87800F8BD41F27073994226D047F23053994204D1D0F89C00C8E71248F4
:20D0E000E6E7104BD5F89C00A3FB04235A09642101FB124292B2312A4FEA5313BCD901339B
:20D10000BAE704F0010101EB5404A342A8BF0130CCE738460123AFE7D0F8A400A8E7D0F809
:20D12000AC00A5E71F85EB5100FF7F472DE9F04786B004AB05AE04460078CDE900360DF181
:20D140000F030D4601F062FA9DF90F0008BB4FF0010A04F1940904F18C0804F138075FFAC3
:20D160008AF3013B0D2B6CD8DFE803F0645D575049433D37302A231C16074A46314628462D
:20D18000FEF77EFC0AF1010ABAF1100FE7D19DF90F0006B0BDE8F087424631462846FEF7BF
:20D1A0006FFCEFE731462846FEF728FC84F88800E8E731462846FEF721FC84F84400E1E7DE
:20D1C0003A4631462846FEF717FBDBE731462846FEF714FC84F87800D4E731462846FEF7AE
:20D1E000C1FB6060CEE731462846FEF741FBA086C8E731462846FEF7B5FB2063C2E704F168
:20D20000240231462846FEF7F7FABBE704F1200231462846FEF76AFBB4E731462846FEF7B0
:20D2200027FB6080AEE704F1140231462846FEF7E3FAA7E704F1080231462846FEF7DCFA58
:20D24000A0E731462846FEF78DFBC4F8B00099E710B50323044600F8043B01F0C9FE20466F
:20D2600001F040FE204610BD70B586B004AB05AE04460078CDE900360DF10F030D4601F08D
:20D28000C5F99DF90F0008B106B070BD284604F120023146FEF7B0FA9DF90F0006B070BD6C
:20D2A0002DE9F84F0D46044608462749DDF83090DDE90ABA17461E4602F09CFE00B1224D2A
:20D2C000D4F810800021404602F080FE002833D12846656823F01EFF216902F0D9FB294685
:20D2E00002F0E0FC414602F0D5FBCBF8000065693846294602F0CCFBA16802F0D3FC2946A7
:20D3000002F0C8FBCAF80000A5693046294602F0BFFBE16802F0C6FC294602F0BBFBC9F822
:20D320000000DBF800302361DAF800306361D9F80030A361BDE8F88F284623F0EBFE67613D
:20D3400080462061A661C3E7000020412DE9F04184B001250646904600788DF807500DF15F
:20D3600007020F4601F080F99DF80750039035B120360024ACB10134A542FBD10398ADF881
:20D380000A0002220DF10A0102A823F06BFA9DF808209DF8093003983A707B7004B0BDE820
:20D3A000F08103AB424639463046FEF741FAE2E72DE9F04184B001250646904600788DF818
:20D3C00007500DF107020F4601F04EF99DF80750039035B110360024ACB10134A542FBD14E
:20D3E0000398ADF80A0002220DF10A0102A823F039FA9DF808209DF8093003983A707B700B
:20D4000004B0BDE8F08103AB424639463046FEF70FFAE2E770B586B004AB05AE04460078D1
:20D42000CDE900360DF10F030D4601F0EFF89DF90F0008B106B070BD284604F11002314698
:20D44000FEF7DAF99DF90F0006B070BDF0B5044685B0084602F0CEFB01461C4802F0D6FCE0
:20D460004FF07C5102F01EFC01460546206A02F0CDFC4FF07E573946064602F0CFFDF0B17F
:20D4800001972946606A02F0C1FC4FF07E573946064602F0C3FDB0B102972946A06A02F016
:20D4A000B5FC4FF07E563146054602F0B7FD40B10396201D01A901F031FD05B0F0BD0196B7
:20D4C000DFE70395F5E70296E7E700BF0000C84210B5044600F8041B01F098FD204601F0E0
:20D4E00015FD204610BD00BF70B586B004AB05AE04460078CDE900360DF10F030D4601F069
:20D5000085F89DF90F0008B106B070BD284604F110023146FEF7B4FA9DF90F0006B070BD36
:20D520002DE9F04104460F46184600211D46904602F060FD00282DD11749284602F06EFDAD
:20D5400030BBA6680021304602F040FD00B13E463146384602F09CFA616802F0A3FB31468A
:20D5600002F098FA2169A0600646284602F09AFB616902F08FFA294602F08CFA4146024661
:20D58000304601F0E5F8BDE8F041034923F0DCBF014DD6E7014DD4E70000C84217B7D13882
:20D5A0002DE9F04184B001250646904600788DF807500DF107020F4601F056F89DF80750CD
:20D5C000039035B110360024ACB10134A542FBD10398ADF80A0002220DF10A0102A823F0EF
:20D5E00041F99DF808209DF8093003983A707B7004B0BDE8F08103AB424639463046FEF74C
:20D60000F5FBE2E72DE9F04184B007469046007801240DF107020E468DF8074001F024F8E2
:20D620009DF8075003902DB10024ACB10134A542FBD10398ADF80A0002220DF10A0102A803
:20D6400023F010F99DF808209DF8093003983270737004B0BDE8F081B86803AB424631466C
:20D66000FEF7E2F9E2E700BF70B586B004AB05AE04460078CDE900360DF10F030D4600F094
:20D68000C5FF9DF90F0008B106B070BD31462846FEF768F903469DF90F00A36006B070BD76
:20D6A000F8B50546084602F0A5FA0146194802F0ADFB4FF07C5102F0F5FA4FF07E57014609
:20D6C000154802F0A3FB394623F03EFF1349064602F0E8FA23F0D2FE014602F0E3FA0446CF
:20D6E000014602F0DFFA214602F0D4F923F090FD3946034630461E4602F068FC40B92146FA
:20D70000304602F0C5F9014602F0C4F96860F8BD6F60F8BD0000C84299D4503CDB0FC93FF7
:20D7200070B40B4A0B4915689668C561022404705468D56804621469466200228562C4622E
:20D74000416070BC416181618260C2600261704778D203080000484270B586B004AB05AEBE
:20D7600004460078CDE900360DF10F030D4600F04DFF9DF90F0008B106B070BD3146284636
:20D78000FEF7F0F804F11C02606031462846FEF74FFB9DF90F0006B070BD00BF2DE9F04F19
:20D7A000166883B00546304614469946884602F06FF9E1680746304602F06AF90146384670
:20D7C00002F024FB714902F06DFA714902F062F901460020DDE90CBA23F0A0FE01466D487E
:20D7E00023F0B2FEA968034638461F4602F05AFA674902F04FF90146002023F08FFE4FF0B3
:20D800007E510646484602F0EBFB00287CD16F61AE61CBF80070A369CBF80430CAF80060DB
:20D82000A369CAF80430D4F808904146484602F02FF961690746484602F02AF901463846D4
:20D8400002F0E4FA544902F02DFA514902F022F9002123F063FE119B119A1860236A5360F7
:20D860006868314602F0D0FB002847D04B49304602F018FA4A4902F00DF90146494823F0E1
:20D880004DFE0E9B0E9A1860A3695360E968304602F008FA296902F0FDF80146424823F09D
:20D8A00063FC0146414823F039FE0146404823F04BFE0F9B0F9A1860A369536066684146E5
:20D8C000304602F0E5F821690546304602F0E0F80146284602F09AFA364902F0E3F93549E8
:20D8E00023F032FE0146002023F018FE109B109A1860E369536003B0BDE8F08F2A493046C9
:20D9000002F0D0F90146B9E7A069002102F05EFB00283FF47CAF4946484602F0C3F96B69CB
:20D92000019381463946184602F05AFB88B13846494602F0B7F9494607464FF07E5002F0A5
:20D94000A7F8019B194602F0ADF9394602F0A2F80746AB6901933146184602F041FB00286A
:20D960003FF457AF3046494602F09CF9494606464FF07E5002F08CF8019B194602F092F90C
:20D98000314602F087F8064643E700BF00001643000048420000FA43000066430000A040C1
:20D9A00000007A430000C84300002041CDCCCC3D00007A440000C8422DE9F04385B081468F
:20D9C0001646007802240DF107020D468DF8074000F04AFE9DF807700390FFB1012409F181
:20D9E0001C080CE0022B324603AB2946404601D1FEF780F9A74204F101030ED01C46E3B2D8
:20DA0000012BEFD103ABD9F8040032462946FEF70BF8A74204F10103F0D10398ADF80A00CB
:20DA200002220DF10A0102A822F01CFF9DF808209DF8093003982A706B7005B0BDE8F0837A
:20DA40002DE9F04184B006469046007805240DF107020D468DF8074000F006FE9DF8077062
:20DA6000039007B30124E3B2013B042B0AD8DFE803F03A0F332C0300306903AB42462946AF
:20DA8000FDF7D2FFA74204F101030BD01C46EAE703ABB06942462946FDF7C6FFA74204F17C
:20DAA0000103F3D10398ADF80A0002220DF10A0102A822F0D7FE9DF808209DF80930039870
:20DAC0002A706B7004B0BDE8F081F06803AB42462946FDF7A9FFD5E7B06803AB42462946F5
:20DAE000FDF7A2FFCEE7706903AB42462946FDF79BFFC7E70023034A426182618360C36026
:20DB000003617047000048424FF6FF7399421FD0B1F5E16F10B504461FD013D864291AD089
:20DB2000B1F5967F12D1006A23F0F4FA23F0A2FC01460B4802F06AF90A4A0B4BA060E26050
:20DB4000236110BD41F27073994202D0E069EBE77047C06AE8E7806AE6E7406AE4E700BFFB
:20DB6000000016434F57213C841C4BBFF0B587B004AB05AF05460078CDE900370DF10F03A0
:20DB80000E4600F043FD9DF90F0090B90124E3B2013B39463046032B19D8DFE803F014102B
:20DBA0000C02FDF7DFFEE8600134062CEFD19DF90F0007B0F0BDFDF7D5FEA860F4E7FDF770
:20DBC000D1FEA861F0E7FDF7CDFE6861ECE7FDF7C9FE2861E8E700BF30B409241549164A9A
:20DBE000164D0470164C416002611649164A45618461164D164C416282621649164AC5626C
:20DC00008463164D164CC16302641649C56400226FF0004504654FF0FF34C0E9164501663A
:20DC200030BC8260C260C26102620263426342648264704707F0963D1C7CE13D3480D73FD6
:20DC40000000A040CDCC0C3E67D5273EE63F4CC091ED3CBFFB3A403FB15083405DFEE33EC2
:20DC6000363C85BF000040402DE9F04786B004AB05AE04460078CDE900360DF10F030D4678
:20DC800000F0C4FC9DF90F00E0B94FF0010A04F1400904F12C0804F118075FFA8AF3013BBF
:20DCA000032B24D8DFE803F01D1711024A4631462846FEF7BDF80AF1010ABAF1060FECD197
:20DCC0009DF90F0006B0BDE8F087424631462846FEF7AEF8EFE73A4631462846FEF7A8F8F5
:20DCE000E9E7221D31462846FEF7A2F8E3E731462846FDF737FE2066DDE700BF2DE9F04773
:20DD000082B0DDE90A9ABDF83040B4F5E16F0546884617461E466FD028D941F270739C423B
:20DD20002ED047F230539C4208BF012408D1D5E916014FF0FF326FF0004300F029FE08B3CD
:20DD400000244FF0FF326FF000433846314600F01FFE08B9C5E916762146404601F098FE1C
:20DD60000D9901F095FE02B0BDE8F087642C05D0B4F5967F08BF0424D9D0E1E70524D6E742
:20DD80000224D4E7D5E91601B9EB00006AEB010101F02CFB1AA3D3E9002301F07FFC0B4661
:20DDA0000246CDE900230FFA84F901F01DFE05EB840455F82910824601F074FF616901F0CB
:20DDC00069FEA16A8146504601F06CFFDDE9002382461946104601F037FB01F005FE014654
:20DDE000504601F057FEE16B01F054FE0146484602F00CF80446A4E7046EA2E7AFF30080FB
:20DE00000000000065CDCD412DE9F04784B007469046007805240DF107020D468DF8074057
:20DE200000F022FC9DF8076003902EB3012407F1400A07F12C09E3B2013B042B0AD8DFE827
:20DE400003F03B0F342D0300386E03AB42462946FDF7EAFDA64204F101030CD01C46EAE70B
:20DE600003AB4246294607F11800FDF743FFA64204F10103F2D10398ADF80A0002220DF1A7
:20DE80000A0102A822F0EEFC9DF808209DF8093003982A706B7004B0BDE8F08703AB424630
:20DEA00029465046FDF726FFD4E703AB424629464846FDF71FFFCDE703AB42462946381D96
:20DEC000FDF718FFC6E700BF2DE9F04387B080469146007801240DF10F020E468DF80F40DA
:20DEE00000F0C2FB9DF80F50059035B1002405AFACB10134A542FBD10598ADF81200022271
:20DF00000DF1120104A822F0ADFC9DF810209DF8113005983270737007B0BDE8F083009766
:20DF2000D8E916014B463246FDF73AFEE1E700BF70B586B004AB05AE04460078CDE90036E2
:20DF40000DF10F030D4600F061FB9DF90F0008B106B070BD31462846FDF7C4FDC4E9160173
:20DF60009DF90F0006B070BD2DE9F04300F150059DB00C460646284600F0DCFB204623F0F1
:20DF8000C9F8B066284600F08BFB002800F09C800EAF534B0E933846294615AA06F13404BB
:20DFA0000F931093119312931393149300F098FC204600F075FB002800F08B80204600F0C3
:20DFC000B9FB1B9BF364464B0E93204602A908AC0F931093119312931393149300F040FC82
:20DFE00002A92246384600F04DFC02A9204600F049FBDFF8F88002AD286823F025F94146CC
:20E0000001F050FE45F8040BAC42F5D102A800F0C5FC6D464FF00009A84654F8040B494693
:20E0200001F0DEFF031E18BF0123A74208F8013BF3D19DF800309DF801209DF802009DF866
:20E0400003101A4410449DF8042001449DF805000A448118AA1D00E02B7883F0010305F8BE
:20E06000013B9542F8D19DF800309DF801209DF802409DF803001A4414449DF804209DF8D6
:20E0800005302044024413448B42ACBF154C164C0599049801F0FEFC4FF07C5101F002FE2D
:20E0A000214601F0A7FF68B196F86C300133DBB2042B86F86C3009D9012386F82A301DB06A
:20E0C000BDE8F08386F86C0086F82A001DB0BDE8F08315A91C22204622F0C4FB73E700BF65
:20E0E0002549123E0AD7A33C0AD7A33BE12E65421449C16100220023C0E908236421124BB3
:20E1000080F8281030B400220524C3620470826100F1340300F1500143F8042B8B429A6108
:20E12000FAD1002300240025C0E90245026730BC426102610263A0F86C3080F8293043852B
:20E14000704700BFC9B28B5323291D562DE9F0470446D0E9020116461F46D4E90823B6EB94
:20E16000000867EB0109424573EB09039DF82450DDF82CA003DB864277EB010354DA002343
:20E180004FF00008236184F82A80C4E9026794F829307BB9D4E90201301A67EB010101F010
:20E1A00043FD616901F076FCA169606101F02CFF002872D194F82B307BB9D4E90201301A7B
:20E1C00067EB010101F030FD216B01F063FCE16A206301F019FF00285BD1B8F1000F00D13D
:20E1E00085B3012E77F100030A9A94F82930BCBF01260027C4E90267137094F82A308AF8FA
:20E2000000300D9A94F82B3013709AF800302BB9E5690021284601F0D9FE58B10C9A4FF084
:20E220007E531360BDE8F08750EA010394F82A80ADD1AAE72069294601F0E8FD0C9B18600E
:20E24000BDE8F08794F86D30022B2AD8002B3FD1089822F05FFF216F054601F019FC256792
:20E2600023F008F922F0F0FF204901F01BFD4FF07E5101F0BFFE98B394F86C300133DBB227
:20E28000012B84F86C3029D90123194D84F82A300AE0012384F82B309FE7012384F8293074
:20E2A00088E7032B1AD1134DD4E90201301A67EB010101F0B9FC216901F0ECFB2946206120
:20E2C00001F0A2FE00288CD0012384F82A3088E70899074D2046FFF747FEE5E7044DE3E743
:20E2E000034D84F86C8084F82A80DDE7E12E65422E8CD15376845F512DE9F04184B0074676
:20E300009046007803240DF107020D468DF8074000F0AAF99DF807600390C6B1012406E0BE
:20E32000012B2ED0A64204F101030FD01C46E3B2022B1ED0032BF3D103ABF86A42462946E8
:20E34000FDF772FBA64204F10103EFD10398ADF80A0002220DF10A0102A822F083FA9DF876
:20E3600008209DF8093003982A706B7004B0BDE8F08197F9280003AB42462946FDF700FD7F
:20E38000D0E7B86903AB42462946FDF74DFBC9E72DE9F04186B006469046007807240DF1D4
:20E3A0000F020D468DF80F4000F05EF99DF80F70059017B30124E3B2013B062B0BD8DFE89A
:20E3C00003F0352E463E4D100400306B05AB42462946FDF729FBA74204F101030CD01C4688
:20E3E000E9E705AB96F82B0042462946FDF716FCA74204F10103F2D10598ADF812000222CA
:20E400000DF1120104A822F02DFA9DF810209DF8113005982A706B7006B0BDE8F0817069B4
:20E4200005AB42462946FDF7FFFAD4E705AB0093D6E9020143462A46FDF7B2FBCBE796F8AE
:20E44000290005AB42462946FDF7E8FBC3E7306905AB42462946FDF7E7FABCE796F82A00FB
:20E4600005AB42462946FDF7D9FBB4E7F0B587B004AB05AF05460078CDE900370DF10F0393
:20E480000E4600F0C3F89DF90F00C0B90124E3B2013B052B3ED8DFE803F036302A1F1403A3
:20E4A000059BF25C003A03F1010318BF012285F82B2005930134082CE9D19DF90F0007B063
:20E4C000F0BD059BF25C003A03F1010318BF012285F82A200593EDE7059BF25C003A03F126
:20E4E000010318BF012285F829200593E2E739463046FDF737FA2861DCE739463046FDF7A8
:20E5000031FA6861D6E739463046FDF7EBFAC5E90201CFE739463046FDF724FA2863C9E7D3
:20E520004FF6FF73994229D090F928201F4B01FB02F210B402EB52021D4CC461A2FB0323CF
:20E540000024B1F5E16FC0E9082380F86D4026D00BD864291CD0B1F5967F04D1154BC36142
:20E56000012380F86D3010BC704741F270739942F9D1042310BC80F86D30704700230361DE
:20E58000002100220023C0E9022380F82A107047084BC361022310BC80F86D307047064B59
:20E5A000C361032310BC80F86D30704780969800C9B28B53C9B28B5276845F5170B586B015
:20E5C00004AB05AE04460078CDE900360DF10F030D4600F01BF89DF90F0008B106B070BD84
:20E5E00031462846FDF7BEF93146A0612846FDF765FC314684F828002846FDF7B3F90346DE
:20E600009DF90F00E36206B070BD00BF2DE9F04182B0DDE908751C46032A4FF000032B6056
:20E6200023703B6004D89823237002B0BDE8F08104232B600A784B788DF8042080460E4600
:20E64000022201A90DF106008DF8053022F00AF9BDF806303B60B37843451CBF9C232370B3
:20E6600002B0BDE8F08100BF10B414780CB19C4203D2002010BC10707047887010BC042048
:20E68000704700BF70B50D1F041F00F1140654F8040F22F0EFFEB44245F8040FF7D170BDEC
:20E6A00070B50026041F00F1180554F8040F314601F08CFC18B9AC42F7D1012070BD00209A
:20E6C00070BD00BF38B504460D4622F0CDFC164B002201F02BF978B1144B002220462946D2
:20E6E00001F038F958B9124B00222046294601F03BF970B1002400252046294638BD0B4BE4
:20E7000020462946002200F0E9FCBDE8384023F03BB8064B20462946002200F0DDFCBDE854
:20E72000384022F0B5BF00BF000030430000E03F0000E0BF10B40468034600F118015A68A6
:20E7400043F8042B8B42FAD1846110BC704700BFF8B505460C4610460021164601F040FC46
:20E76000002855D12B49304601F058FC00284CD12849304601F04AFB22F0A2FC264906464F
:20E78000284601F08FFA25490746284601F082F90146384601F03AFB314601F07BF91F49CD
:20E7A000054601F07FFA294605461B4801F070F90146284601F02AFB1749064601F072FA59
:20E7C00016490546304601F065F90146284601F01DFB11490546204601F064FA0F4906460E
:20E7E000204601F057F90146304601F00FFB0146284601F04DF922F03BFC064901F052FAF9
:20E80000BDE8F840034922F09FBE4FF07E50B3E70020B1E70000C842C3F58C41B81E7343E6
:20E82000002917DD30B401380C4D44184FF6FF7310F8011F4B40D9B2844235F8111081EA75
:20E840001323F5D1DB43D9B2C3F3072330BC11705370704700231370537070478CD20308C3
:20E86000F8B5056804460E1F00F11807294654F8045F284601F00CF9BC4246F8040FF5D160
:20E88000F8BD00BF2DE9F84F9246131F0024143243F8044F9342FBD10E4600F11407A0F113
:20E8A00004094FF000080AEB88054C46D5F800B054F8041F306801F0F5F9594601F0EAF81B
:20E8C000BC4245F8040BF1D108F10108B8F1060F06F10406A4F10407E5D1BDE8F88F00BF2A
:20E8E0002DE9F84F9246131F0024183243F8044F9342FBD10E4600F11807A0F104094FF0D3
:20E9000000080AEB88054C46D5F800B054F8041F306801F0C7F9594601F0BCF8BC4245F827
:20E92000040BF1D108F10108B8F1070F06F10406A4F10407E5D1BDE8F88F00BF70B4039C40
:20E9400080B10C480C4D0D4E08600020156018600B4D20604E600B480B49556058606160AE
:20E9600070BC70470348044D0860084E15600020EDE700BF00002A43000082C2F874C44C05
:20E980000000FA420000C8420024F449806A494B994206BF90420120002070472DE9F04F93
:20E9A000A7B001680C9005469DF93E00089000239DF93F0009900022012410911046AB4684
:20E9C00014921193129313930E940DF150084FF0020A26AB1D1903EB8402DBF8041005F800
:20E9E00060AC0023032CC8F8043042F8581C04F101054FD02C460AF1010A5FFA8AFABAF1FD
:20EA0000070F08F104080BF1040BE2D128B1089B8DF83E30099B8DF83F30002C00F0E78093
:20EA20000023012C8DF83D30ADF83E3000F03C81022C40F01D81109E119D3046294601F0A6
:20EA4000D9FA002800F033818DF83D40354601230C98C4EB847214A9C4F1804401EB820287
:20EA60000534183200EB84040DF13D0100F1140626A844F8045F0344A64213F9613C42F8DA
:20EA8000043B00F0B48011F9013B00EB830050F85C5CEDE7119E109C04962046314601F0C8
:20EAA000A9FA00286FD10123099305930A930023224606930223344604920893DDF84890B5
:20EAC000139F4846394601F095FA002840F08880494603250423B94607950B950F46022601
:20EAE0000D934946204601F085FA002854D00A9B26AA02EB8303494653F85C3C0893184672
:20EB000001F078FA002840F08C8026AB03EB8505089B55F85C0C194601F076FA002800F0B5
:20EB20009280059B07980793069B0593099B089349460B9B0696A1460646049C0993049797
:20EB40000F46079BCBF8004026AA13441946059B11F9600C4BF8089C13441D46069B15F9CF
:20EB6000605C4BF8047C1344164413F9601C16F9606C049BCBF8043048E90206C8E9005131
:20EB80000120002437E701230222CDE90832069300230A92059391E726AB03EB85052146C2
:20EBA00055F85C5C284601F02FFA0028C9D00A9B26AA02EB8303294653F85C0C01F01AFAF8
:20EBC00000284CD0069B3046059E0593099B089339460B9B069027460993049C0491B0E7D0
:20EBE00002230326079304230D960B9379E720AA1AAD00242B4616461046002143F8041B12
:20EC0000984242F8044BF9D102230093CDE901560C9914A80623002200F004F927B0BDE8ED
:20EC2000F08FB446DDE90536079D0595CDE906C30B9B0993384649460D9B049F0893A14681
:20EC400004900C467DE7059B0798079349460B9B0596A14606463C4608930F4671E730464E
:20EC600039460B9B059E0893274605900C4668E7109E119D3046294601F0BCF9129FD8B16D
:20EC80002846394601F0B6F980BB3946304601F0B1F900283CD0022303228DF83E30354630
:20ECA0008DF83D200123D3E6109D2346D0E601238DF83D302346CBE63046394601F09AF920
:20ECC00060B93946284601F095F9C0B1012303228DF83E308DF83D200223B9E60323012213
:20ECE0008DF83E308DF83D200223B1E6032302228DF83E3035468DF83D200123A8E6012313
:20ED000002228DF83E303D468DF83D2003239FE6022301228DF83E303D468DF83D20032306
:20ED200096E600BF2DE9F04F87B0DDE91145109E04933344002BCDE90201059317DD02982A
:20ED400002F18041013900EB810C039800EB81010598231F03EB8008281F5CF8046F43F8A7
:20ED6000046F51F8046F40F8046F4345F5D1049B4FF0000902F1FF384F469B469E0055F8F9
:20ED800007A0A9590191504601F034F9019908F1010C78B1029AE35942F82C30039B43F874
:20EDA0002CA0049B09F101094B4537DD4FEA8907E046E4E7029BA05943F82C00039B43F8B0
:20EDC0002C10059B0BF1010B5B4503DD4FEA8B06E046D4E7049A09F101039A421EDB029918
:20EDE00008F1804808F1010809F1004901EB8807039909F1FF39231F05EB890504EB890488
:20EE000001EB880603EB820354F8041F55F8042F47F8041FA34246F8042FF5D107B0BDE83C
:20EE2000F08F00BF2DE9F04F89B0DDE9124543FA04F70126012FDDF850B00595079381468A
:20EE40008A46069206FA04F633DDFB0714D5079B013F06FB07F29B1AB3420DDD66B19B1B18
:20EE60000093059B0193069BCDF808B01A44514633464846FFF756FF7F104FEA460819D067
:20EE8000069D049700242A460134454433465146484636B1059FCDF808B0CDE90067FFF729
:20EEA00041FF049BA342EED1012B1F4602DD4646CBE7B046079B434511DDB8F1000F0ED07D
:20EEC000A3EB08031293069A059B1393514643464846CDF850B009B0BDE8F04F22E709B03C
:20EEE000BDE8F08F037F074A07490162426282623BB10022012B026103D0022B426118BFC9
:20EF0000826170470AD7233B0AD7A33C027B00230361436102B18360704700BFF8B50C46A5
:20EF200005463249206800F0BDFE22F0A7FA014600F0B8FE0646014600F0B4FE314600F09C
:20EF4000A9FD22F065F9314600F0A2FD014600F0A1FD4FF07E5728602068394601F036F8FE
:20EF600000B12F602149606800F09CFE22F086FA014600F097FE0646014600F093FE3146AC
:20EF800000F088FD22F044F9314600F081FD014600F080FD4FF07E5768606068394601F000
:20EFA00015F800B16F601149A06800F07BFE22F065FA014600F076FE0646014600F072FEEA
:20EFC000314600F067FD22F023F9314600F060FD014600F05FFD4FF07E57A860A06839463E
:20EFE00000F0F4FF00B1AF60F8BD00BFDB0FC93F4FF07C51002210B403240476016010BC48
:20F0000041608160C26002614261704710B401244FF07C5100220472016010BC426070477C
:20F02000034613F8012B002AFBD1181A0138704701F0FF01102A2BDB10F0070F08D010F811
:20F04000013B013A8B422DD010F0070F42B3F6D1F0B441EA012141EA014122F007047FF0B3
:20F0600000070023F0E80256083C85EA010586EA010685FA47F5A3FA87F586FA47F6A5FAD6
:20F0800087F68EB9EED1F0BC01F0FF0102F0070232B110F8013B013A83EA010313B1F8D1F5
:20F0A0000020704701387047002D06BF35460338073815F0010F07D1013015F4807F02BFBB
:20F0C000013015F4C03F0130F0BC0138704700BF81F0004102E000BF83F0004330B54FEA44
:20F0E00041044FEA430594EA050F08BF90EA020F1FBF54EA000C55EA020C7FEA645C7FEA5F
:20F10000655C00F0E2804FEA5454D4EB5555B8BF6D420CDD2C4480EA020281EA030382EAC8
:20F12000000083EA010180EA020281EA0303362D88BF30BD11F0004F4FEA01314FF4801C50
:20F140004CEA113102D0404261EB410113F0004F4FEA03334CEA133302D0524263EB43031E
:20F1600094EA050F00F0A780A4F10104D5F1200E0DDB02FA0EFC22FA05F2801841F100018C
:20F1800003FA0EF2801843FA05F359410EE0A5F120050EF1200E012A03FA0EFC28BF4CF0E0
:20F1A000020C43FA05F3C01851EBE37101F0004507D54FF0000EDCF1000C7EEB00006EEBAA
:20F1C0000101B1F5801F1BD3B1F5001F0CD349085FEA30004FEA3C0C04F101044FEA445242
:20F1E00012F5800F80F09A80BCF1004F08BF5FEA500C50F1000041EB045141EA050130BDA7
:20F200005FEA4C0C404141EB0101013C28BFB1F5801FE9D291F0000F04BF01460020B1FA15
:20F2200081F308BF2033A3F10B03B3F120020CDA0C3208DD02F1140CC2F10C0201FA0CF004
:20F2400021FA02F10CE002F11402D8BFC2F1200C01FA02F120FA0CFCDCBF41EA0C01904082
:20F26000E41AA2BF01EB0451294330BD6FEA04041F3C1CDA0C340EDC04F11404C4F12002D5
:20F2800020FA04F001FA02F340EA030021FA04F345EA030130BDC4F10C04C4F1200220FA5B
:20F2A00002F001FA04F340EA0300294630BD21FA04F0294630BD94F0000F83F4801306BF14
:20F2C00081F480110134013D4EE77FEA645C18BF7FEA655C29D094EA050F08BF90EA020F79
:20F2E00005D054EA000C04BF1946104630BD91EA030F1EBF0021002030BD5FEA545C05D123
:20F300004000494128BF41F0004130BD14F580043CBF01F5801130BD01F0004545F0FE4137
:20F3200041F470014FF0000030BD7FEA645C1ABF194610467FEA655C1CBF0B46024650EA6C
:20F34000013406BF52EA033591EA030F41F4002130BD00BF90F0000F04BF0021704730B5A1
:20F360004FF4806404F132044FF000054FF0000150E700BF90F0000F04BF0021704730B5B2
:20F380004FF4806404F1320410F0004548BF40424FF000013EE700BF42004FEAE2014FEA92
:20F3A00031014FEA02701FBF12F07F4393F07F4F81F06051704732F07F4208BF704793F0C0
:20F3C0007F4F04BF41F40021704730B54FF4607401F0004521F000411CE700BF50EA01020C
:20F3E00008BF704730B54FF000050AE050EA010208BF704730B511F0004502D5404261EBF1
:20F4000041014FF4806404F132045FEA915C3FF4D8AE4FF003025FEADC0C18BF03325FEA9F
:20F42000DC0C18BF033202EBDC02C2F1200300FA03FC20FA02F001FA03FE40EA0E0021FAE3
:20F4400002F11444BDE600BF70B54FF0FF0C4CF4E06C1CEA11541DBF1CEA135594EA0C0FB6
:20F4600095EA0C0F00F0DEF82C4481EA030621EA4C5123EA4C5350EA013518BF52EA033539
:20F4800041F4801143F4801338D0A0FB02CE4FF00005E1FB02E506F00042E0FB03E54FF028
:20F4A0000006E1FB03569CF0000F18BF4EF0010EA4F1FF04B6F5007F64F5407404D25FEA64
:20F4C0004E0E6D4146EB060642EAC62141EA55514FEAC52040EA5E504FEACE2EB4F1FD0C28
:20F4E00088BFBCF5E06F1ED8BEF1004F08BF5FEA500E50F1000041EB045170BD06F0004638
:20F5000046EA010140EA020081EA0301B4EB5C04C2BFD4EB0C0541EA045170BD41F480115B
:20F520004FF0000E013C00F3AB8014F1360FDEBF002001F0004170BDC4F10004203C35DA99
:20F540000C341BDC04F11404C4F1200500FA05F320FA04F001FA05F240EA020001F000423C
:20F5600021F0004110EBD37021FA04F642EB06015EEA430E08BF20EAD37070BDC4F10C0413
:20F58000C4F1200500FA04F320FA05F001FA04F240EA020001F0004110EBD37041F10001D1
:20F5A0005EEA430E08BF20EAD37070BDC4F1200500FA05F24EEA020E20FA04F301FA05F25B
:20F5C00043EA020321FA04F001F0004121FA04F220EA020000EBD3705EEA430E08BF20EA03
:20F5E000D37070BD94F0000F0FD101F00046400041EB010111F4801F08BF013CF7D041EAE9
:20F60000060195F0000F18BF704703F00046520043EB030313F4801F08BF013DF7D043EA63
:20F620000603704794EA0C0F0CEA135518BF95EA0C0F0CD050EA410618BF52EA4306D1D147
:20F6400081EA030101F000414FF0000070BD50EA410606BF1046194652EA430619D094EAB6
:20F660000C0F02D150EA013613D195EA0C0F05D152EA03361CBF104619460AD181EA030188
:20F6800001F0004141F0FE4141F470014FF0000070BD41F0FE4141F4780170BD70B54FF007
:20F6A000FF0C4CF4E06C1CEA11541DBF1CEA135594EA0C0F95EA0C0F00F0A7F8A4EB0504A4
:20F6C00081EA030E52EA03354FEA013100F088804FEA03334FF0805545EA131343EA12635D
:20F6E0004FEA022245EA111545EA10654FEA00260EF000419D4208BF964244F1FD0404F569
:20F70000407402D25B084FEA3202B61A65EB03055B084FEA32024FF480104FF4002CB6EBB6
:20F72000020E75EB030E22BFB61A754640EA0C005B084FEA3202B6EB020E75EB030E22BFD3
:20F74000B61A754640EA5C005B084FEA3202B6EB020E75EB030E22BFB61A754640EA9C0074
:20F760005B084FEA3202B6EB020E75EB030E22BFB61A754640EADC0055EA060E18D04FEAB1
:20F78000051545EA16754FEA06164FEAC30343EA52734FEAC2025FEA1C1CC0D111F4801F9C
:20F7A0000BD141EA00014FF000004FF0004CB6E711F4801F04BF01430020B4F1FD0C88BF1A
:20F7C000BCF5E06F3FF6AFAEB5EB030C04BFB6EB020C5FEA500C50F1000041EB045170BDE2
:20F7E0000EF0004E4EEA113114EB5C04C2BFD4EB0C0541EA045170BD41F480114FF0000ED3
:20F80000013C90E645EA060E8DE60CEA135594EA0C0F08BF95EA0C0F3FF43BAF94EA0C0F71
:20F820000AD150EA01347FF434AF95EA0C0F7FF425AF104619462CE795EA0C0F06D152EAD2
:20F8400003353FF4FDAE1046194622E750EA410618BF52EA43067FF4C5AE50EA41047FF41F
:20F860000DAF52EA43057FF4EBAE12E74FF0FF3C06E000BF4FF0010C02E000BF4FF0010CEB
:20F880004DF804CD4FEA410C7FEA6C5C4FEA430C18BF7FEA6C5C1BD001B050EA410C0CBF1D
:20F8A00052EA430C91EA030F02BF90EA020F0020704710F1000F91EA030F58BF994208BFB7
:20F8C00090422CBFD8176FEAE37040F0010070474FEA410C7FEA6C5C02D150EA013C07D10F
:20F8E0004FEA430C7FEA6C5CD6D152EA033CD3D05DF8040B704700BF8446104662468C4616
:20F900001946634600E000BF01B5FFF7B7FF002848BF10F1000F01BD4DF808EDFFF7F4FFBE
:20F920000CBF012000205DF808FB00BF4DF808EDFFF7EAFF34BF012000205DF808FB00BF40
:20F940004DF808EDFFF7E0FF94BF012000205DF808FB00BF4DF808EDFFF7CEFF94BF01207C
:20F9600000205DF808FB00BF4DF808EDFFF7C4FF34BF012000205DF808FB00BF4FEA410C8C
:20F980007FEA6C5C02D150EA013C0AD14FEA430C7FEA6C5C02D152EA033C02D14FF00000F8
:20F9A00070474FF0010070474A0011D212F5001211D20DD56FF47873B3EB62520ED44FEAD3
:20F9C000C12343F0004343EA505323FA02F070474FF00000704750EA013002D14FF0FF3095
:20F9E00070474FF0000070474FEA4102B2F1E04324BFB3F5001CDCF1FE5C0DD901F0004C27
:20FA00004FEAC0024CEA5070B2F1004F40EB830008BF20F00100704711F0804F21D113F100
:20FA20003872BCBF01F00040704741F480114FEA5252C2F11802C2F1200C10FA0CF320FA47
:20FA400002F018BF40F001004FEAC1234FEAD32303FA0CFC40EA0C0023FA02F34FEA430394
:20FA6000CCE77FEA625307D150EA01331EBF4FF0FE4040F44000704701F0004040F0FE404B
:20FA800040F40000704700BF80F0004002E000BF81F0004142001FBF5FEA410392EA030F7E
:20FAA0007FEA226C7FEA236C6AD04FEA1262D2EB1363C1BFD218414048404140B8BF5B4235
:20FAC000192B88BF704710F0004F40F4000020F07F4018BF404211F0004F41F4000121F0A2
:20FAE0007F4118BF494292EA030F3FD0A2F1010241FA03FC10EB0C00C3F1200301FA03F1AA
:20FB000000F0004302D5494260EB4000B0F5000F13D3B0F1807F06D340084FEA310102F10C
:20FB20000102FE2A51D2B1F1004F40EBC25008BF20F0010040EA03007047490040EB000019
:20FB4000013A28BFB0F5000FEDD2B0FA80FCACF1080CB2EB0C0200FA0CF0AABF00EBC25032
:20FB600052421843BCBFD0401843704792F0000F81F4000106BF80F400000132013BB5E7AE
:20FB80004FEA41037FEA226C18BF7FEA236C21D092EA030F04D092F0000F08BF0846704772
:20FBA00090EA010F1CBF0020704712F07F4F04D1400028BF40F00040704712F100723CBFA6
:20FBC00000F50000704700F0004343F0FE4040F4000070477FEA226216BF08467FEA2363EB
:20FBE0000146420206BF5FEA412390EA010F40F4800070474FF0000304E000BF10F00043EB
:20FC000048BF40425FEA000C08BF704743F0964301464FF000001CE050EA010208BF70473F
:20FC20004FF000030AE000BF50EA010208BF704711F0004302D5404261EB41015FEA010C9D
:20FC400002BF84460146002043F0B64308BFA3F18053A3F50003BCFA8CF2083AA3EBC253A4
:20FC600010DB01FA02FC634400FA02FCC2F12002BCF1004F20FA02F243EB020008BF20F01B
:20FC80000100704702F1200201FA02FCC2F1200250EA4C0021FA02F243EB020008BF20EA33
:20FCA000DC7070474FF0FF0C1CEAD0521EBF1CEAD15392EA0C0F93EA0C0F6FD01A4480EA92
:20FCC000010C400218BF5FEA41211ED04FF0006343EA501043EA5111A0FB01310CF000409E
:20FCE000B1F5000F3EBF490041EAD3715B0040EA010062F17F02FD2A1DD8B3F1004F40EB06
:20FD0000C25008BF20F00100704790F0000F0CF0004C08BF49024CEA502040EA51207F3A5F
:20FD2000C2BFD2F1FF0340EAC250704740F400004FF00003013A5DDC12F1190FDCBF00F0EA
:20FD400000407047C2F10002410021FA02F1C2F1200200FA02FC5FEA310040F1000053EAF3
:20FD60004C0308BF20EADC70704792F0000F00F0004C02BF400010F4000F013AF9D040EA51
:20FD80000C0093F0000F01F0004C02BF490011F4000F013BF9D041EA0C018FE70CEAD1539D
:20FDA00092EA0C0F18BF93EA0C0F0AD030F0004C18BF31F0004CD8D180EA010000F000406F
:20FDC000704790F0000F17BF90F0004F084691F0000F91F0004F14D092EA0C0F01D14202F9
:20FDE0000FD193EA0C0F03D14B0218BF084608D180EA010000F0004040F0FE4040F400002F
:20FE0000704740F0FE4040F4400070474FF0FF0C1CEAD0521EBF1CEAD15392EA0C0F93EA05
:20FE20000C0F69D0A2EB030280EA010C49024FEA402037D04FF0805343EA111143EA1013C9
:20FE40000CF000408B4238BF5B0042F17D024FF4000C8B4224BF5B1A40EA0C00B3EB510FED
:20FE600024BFA3EB510340EA5C00B3EB910F24BFA3EB910340EA9C00B3EBD10F24BFA3EB3F
:20FE8000D10340EADC001B0118BF5FEA1C1CE0D1FD2A3FF650AF8B4240EBC25008BF20F027
:20FEA000010070470CF0004C4CEA50207F32C2BFD2F1FF0340EAC250704740F400004FF03F
:20FEC0000003013A37E792F0000F00F0004C02BF400010F4000F013AF9D040EA0C0093F028
:20FEE000000F01F0004C02BF490011F4000F013BF9D041EA0C0195E70CEAD15392EA0C0F2E
:20FF000008D142027FF47DAF93EA0C0F7FF470AF084676E793EA0C0F04D14B023FF44CAF68
:20FF200008466EE730F0004C18BF31F0004CCAD130F000427FF45CAF31F000437FF43CAF31
:20FF40005FE700BF4FF0FF3C06E000BF4FF0010C02E000BF4FF0010C4DF804CD4FEA4002B3
:20FF60004FEA41037FEA226C18BF7FEA236C11D001B052EA530C18BF90EA010F58BFB2EBFC
:20FF8000030088BFC81738BF6FEAE17018BF40F0010070477FEA226C02D15FEA402C05D183
:20FFA0007FEA236CE4D15FEA412CE1D05DF8040B704700BF844608466146FFE70FB5FFF7F4
:20FFC000C9FF002848BF10F1000F0FBD4DF808EDFFF7F4FF0CBF012000205DF808FB00BF08
:20FFE0004DF808EDFFF7EAFF34BF012000205DF808FB00BF4DF808EDFFF7E0FF94BF01201A
:020000040801F1
:2000000000205DF808FB00BF4DF808EDFFF7D2FF94BF012000205DF808FB00BF4DF808EDC3
:20002000FFF7C8FF34BF012000205DF808FB00BF4FEA40024FEA41037FEA226C02D15FEAAD
:20004000402C08D17FEA236C02D15FEA412C02D14FF0000070474FF0010070474FEA40029F
:20006000B2F1FE4F0FD34FF09E03B3EB12620DD94FEA002343F0004310F0004F23FA02F0A6
:2000800018BF404270474FF00000704712F1610F01D1420205D110F0004008BF6FF0004055
:2000A00070474FF00000704742000ED2B2F1FE4F0BD34FF09E03B3EB126209D44FEA002378
:2000C00043F0004323FA02F070474FF00000704712F1610F01D1420202D14FF0FF3070476D
:2000E0004FF00000704700BF53B94AB9002908BF00281CBF4FF0FF314FF0FF3000F0BEB905
:20010000ADF1080C6DE904CE00F03CF8DDF804E0DDE9022304B0704738B500220023044656
:200120000D46FFF703FC28B920462946BDE8384000F00AB8204605F1004100F005F84042E6
:2001400061EB410138BD00BFD0B50C4B002206460F46FFF779F9FFF727FC0446FFF7FAF80B
:20016000074B0022FFF770F902460B4630463946FEF7B2FFFFF718FC2146D0BD0000F03D4D
:200180000000F0412DE9F047089D0F4604468C46002B48D18A42164661D9B2FA82F34BB108
:2001A000C3F1200201FA03FC20FA02F29E4042EA0C0C9C404FEA164EB7B2BCFBFEF1220C89
:2001C0000EFB11CC42EA0C4201FB07F0904209D9B21801F1FF3C80F0EE80904240F2EB80D4
:2001E00002393244121AA4B2B2FBFEF00EFB102244EA024400FB07F7A74209D9341900F180
:20020000FF3280F0DA80A74240F2D7803444023840EA0140E41B00211DB1DC400023C5E979
:200220000043BDE8F0878B4206D90DB1C5E9000100210846BDE8F087B3FA83F1002948D158
:20024000BB4202D3824200F20781841A67EB030201209446002DE4D0C5E9004CE1E7002AD1
:2002600000F09280B2FA82F3002B40F0A8808A1A4FEA164E1FFA86FC0121200CB2FBFEF70C
:200280000EFB172240EA02420CFB07F0904207D9B21807F1FF3802D2904200F2E28047467E
:2002A000121AA4B2B2FBFEF00EFB102244EA02440CFB00FCA44507D9341900F1FF3202D263
:2002C000A44500F2CB801046A4EB0C0440EA0740A2E7C1F120068B4022FA06FC4CEA030C03
:2002E00007FA01F420FA06F3F7404FEA1C49234300FA01F81FFA8CFEB7FBF9F01C0C09FB5D
:20030000107744EA074400FB0EF7A74202FA01F20AD91CEB040400F1FF3A80F09B80A74275
:2003200040F2988002386444E41B9FB2B4FBF9F309FB134447EA044403FB0EFEA64509D9FB
:200340001CEB040403F1FF3780F08280A6457FD9023B644443EA0040A4EB0E04A0FB02E738
:20036000BC427346B94663D360D05DB1B8EB030264EB090404FA06F622FA01F31E43CC40D8
:20038000C5E9006400214CE76208480842EAC1710B0C43EA00438AB242EA0342B3FBF6F116
:2003A000E407B4463746B6461F23B0FBF6F0D21B41EA004161E7614614E7104628E7C3F1B0
:2003C000200120FA01F29E4027FA01F19F403A434FEA164E1FFA86FCB1FBFEF70EFB171099
:2003E000110C41EA004107FB0CF8884504FA03F43AD9711807F1FF3001D288451FD8A1EBC6
:200400000801B1FBFEF808FB0CF70EFB181192B242EA0142BA422FD2B21808F1FF31C6D2BE
:20042000BA42C4D2A8F102013244C0E7F0459CD2BEEB020367EB0C070138B94695E7A6EB76
:2004400008084144B81EB1FBFEF808FB0CF7DCE73B467FE7504667E70846FBE6344402381A
:2004600032E7023F32441BE7A1EB08013846B1FBFEF808FB0CF7C8E7414698E7704700BFC4
:20048000DFF85CC017484FF0004108B50023CCE90001042001210722CCE90430CCF81C10AC
:2004A00060464FF48051CCE90233CCE90933CCE90C12ACF818308CF81A308CF820308CF8C2
:2004C0002C30CCF838208CF83C30CCF84C3017F00BFB00B908BDBDE8084000F075BA00BF1E
:2004E000840A002000240140094B02689A4200D070474FF0B04382B01A6E42F400721A66B4
:200500001B6E03F400730193019B02B0704700BF00240140054B02689A4200D070474FF0CF
:20052000B042136E23F40073136670470024014010B584B000230446CDE901330393FFF74D
:200540009FFF164817F0A4FEF0B900231348039301A9CDE9014317F037FCD8B90F4817F06C
:20056000B1FDA0B94FF0FF310C4817F0CBFB0B4817F06AFE094817F023FC0446074817F00B
:2005800009FE204604B010BD00F01EFADDE700F01BFAE7E700F018FAE0E700BF840A002098
:2005A000014B024A1A607047840A00200024014010B51148FFF7BCFF044668B10F4BB3F828
:2005C000AA304FF6FF72934216BF40F6E4420C4B5343B3FBF0F4A4B20A48FFF7A9FF0A4B6B
:2005E00004FB00F0A3FB0023C01A03EB5000C00A00EB400080B210BD002000B40075FF1FD8
:20060000D8084C00004000B801011000704700BF704700BF704700BF30B589B000226B4B4C
:20062000009211466A481FF06FFB01F011F902201FF07EF904A801F03BFABDF81010654AAD
:200640004FF47A7404FB001163481FF0CDF904A801F02EFABDF81010604A04FB00116048DD
:200660001FF0C2F904A801F023FABDF810105D4A04FB00115C481FF0B7F904A801F018FA58
:20068000BDF81010594A04FB001159481FF0ACF904A801F00DFABDF81010564A04FB001154
:2006A00055481FF0A1F904A801F002FABDF81010524A04FB001152481FF096F917F0F8F9AA
:2006C000054604A801F0F4F9BDF81010C5F3072304FB00112A0E00934A48C5F307431FF010
:2006E00083F904A81FF052FA0DF10E0001F0E0F9DDE90623BDF80E10CDE9003204FB0011E7
:20070000DDE9043240481FF06FF9404A404B12689A420DD00DF10E0001F0CAF9BDF80E30E3
:20072000014604FB01313B481FF05EF900F04CF911F00CFF16F0FEFE98B910F0C1FE10F005
:2007400079FE10F037FF13F08DF814F0D1FD01F0C1FF044640BB08F0B9FD044680B909B0B2
:2007600030BD0DF10E0001F0A3F9BDF80E3002464FF47A7101FB023127481FF035F9DCE7EC
:200780000DF10E0001F094F9BDF80E3001464FF47A75224605FB013120481FF025F909B07B
:2007A000BDE8304000F010B90DF10E0001F080F9BDF80E304FF47A7101FB003122461848DF
:2007C0001FF012F900F000F9C5E700BF0D060108EC0A00205C4603087C460308AC46030802
:2007E000B4460308E4460308EC4603082047030854470308884703088C470308C847030898
:20080000D0470308FC4703082C480308380D00200030014070480308084903087849030828
:200820003449030808B503F0A7F800B908BDBDE8084001F077BC00BF10B5074C236803B13C
:2008400010BD06481CF0D0F920600028F8D1BDE8104000F0B9B800BFE80A002038BF03080E
:200860000B4B10B518684FF0FF311CF017FA10B172B6002010BDEFF3108472B6252017F091
:20088000F3FD0F2017F0F0FD84F31088012010BDE80A002008B962B6704710B5EFF310846B
:2008A00072B60F2017F0D2FD252017F0CFFD84F31088034BBDE8104018681CF021BA00BF7B
:2008C000E80A002010B54FF0B04382B0986C40F0040098649C6C04F004040194019C9C6C6B
:2008E00044F001049C649B6C0F2103F00103084600220093009B17F06FFD0F2017F0A6FDA7
:20090000002211460C2017F067FD0C2017F09EFD002205210D2017F05FFD0D2017F096FD5A
:20092000002205210B2017F057FD0B2017F08EFD002205210E2017F04FFD0E2002B0BDE8DE
:20094000104017F083BD00BFBFF34F8F0549064BCA6802F4E0621343CB60BFF34F8F00BFD8
:20096000FDE700BF00ED00E00400FA05DFF840C01EF0040F0CBFEFF30888EFF30988B8E8BC
:20098000FF00ACE8FF000B4C0B4D4FF0020C20462946624651F8043B1B6844F8043B013A8B
:2009A000F8D1064B0649074AC3E90012FFF7CCFF480A0020400A002048BF0308380A0020AE
:2009C000EFBEADDE17A0DF8280B582B072B60DF1060001F06DF8BDF80630264E264D274F96
:2009E00002464FF47A7101FB023125481EF0FCFF00F06CFF04461EF08BFF002837D100F07F
:200A000065FF001BB0F5FA7F0BD330E0252017F083FD58B900F05AFF001BB0F5FA7F05D215
:200A200000BF0F2017F078FD0028EFD00F2017F073FD90B9252017F06FFD0028DBD00D4B93
:200A40000D4A9B68D3F8D4309342D4D30B4A9342D1D2DA07CFD59847CDE7B368DB6FAB42BA
:200A6000E8D3BB42E6D2D907E4D59847E2E7FFF76BFF00BF00ED00E0008C000800F003084A
:200A8000D4490308EFF3108272B6BE4BBE491868884202D082F310887047BC495868884213
:200AA000F8D170B5BA4C20680021B0F1004F82B0C3E9001103D182F3108802B070BD0DF1FC
:200AC000060000F0F5FFBDF80610B24E4FF47A7505FB0011B0481EF087FF0DF1060000F09E
:200AE000E7FFBDF8061005FB0011AC481EF07CFF0DF1060000F0DCFFBDF80610326805FB83
:200B00000011A7481EF070FF0DF1060000F0D0FFBDF806307268014605FB0131A1481EF060
:200B200063FF0DF1060000F0C3FFBDF80630B268014605FB01319C481EF056FF0DF10600D4
:200B400000F0B6FFBDF80630F268014605FB013196481EF049FF0DF1060000F0A9FFBDF8AD
:200B600006303269014605FB013191481EF03CFF0DF1060000F09CFFBDF80630726901466D
:200B800005FB01318B481EF02FFF0DF1060000F08FFFBDF80630B269014605FB0131864845
:200BA0001EF022FF0DF1060000F082FFBDF80610F26905FB001181481EF016FF0DF106006A
:200BC00000F076FFBDF8061005FB00117C481EF00BFF0DF1060000F06BFFBDF8061005FBCF
:200BE000001178481EF000FF0DF1060000F060FFBDF80610226805FB001173481EF0F4FEA3
:200C00002368002B12DB23685B001BD40DF1060000F04EFFBDF8063002464FF47A7101FBBE
:200C2000023167481EF0E0FEFFF7CEFE0DF1060000F03EFFBDF8061005FB001163481EF05E
:200C4000D3FEE0E70DF1060000F032FFBDF806104FF47A7505FB00115D481EF0C5FE0DF155
:200C6000060000F025FFBDF80610626805FB001158481EF0B9FE6368B3F5803F38D2636848
:200C800013F47F4F40F020812379002BBED00DF1060000F00DFFBDF806104FF47A7505FB5C
:200CA00000114D481EF0A0FE63681E0600F1008163689D0600F1EE806368D80600F1DC80BE
:200CC0006368190750D463689A073FD46368DB079CD50DF1060000F0EBFEBDF80630024658
:200CE0004FF47A7101FB02313C481EF07DFE8DE70DF1060000F0DCFEBDF8061005FB00116C
:200D000037481EF071FE63689E0100F1A9806368DD0100F197806368180300F185806368FB
:200D2000590373D463689A0362D46368DB03A6D50DF1060000F0BCFEBDF806304FF47A7187
:200D400001FB003127481EF04FFE98E70DF1060000F0AEFEBDF806304FF47A7101FB003137
:200D600021481EF041FEB1E70DF1060000F0A0FEBDF806304FF47A7101FB00311B481EF0DC
:200D800033FEA0E7380A0020EFBEADDE17A0DF82400A0020480A00201C4A03084C4A0308FB
:200DA000844A0308AC4A0308D44A0308FC4A0308244B03084C4B0308744B03089C4B030807
:200DC000C44B0308FC4B0308344C0308604C03088C4C0308BC4C0308105003086451030844
:200DE000E84C0308504E03082C510308F05003080DF1060000F05CFEBDF806304FF47A71D1
:200E000001FB003169481EF0EFFD8EE70DF1060000F04EFEBDF806304FF47A7101FB0031FF
:200E200063481EF0E1FD7DE70DF1060000F040FEBDF806304FF47A7101FB00315D481EF08C
:200E4000D3FD6CE70DF1060000F032FEBDF806304FF47A7101FB003157481EF0C5FD5AE755
:200E60000DF1060000F024FEBDF8061005FB001152481EF0B9FD4AE70DF1060000F018FEE7
:200E8000BDF806304FF47A7101FB00314C481EF0ABFD15E70DF1060000F00AFEBDF80630DF
:200EA0004FF47A7101FB003146481EF09DFD03E70DF1060000F0FCFDBDF8061005FB0011EE
:200EC00041481EF091FDF3E60DF1060000F0F0FDBDF806104FF47A7505FB00113B481EF094
:200EE00083FD63681E041DD463689D0450D46368D8043FD4636819052ED463689A051DD404
:200F00006368DB057FF5C0AE0DF1060000F0D0FDBDF806304FF47A7101FB00312C481EF0BB
:200F200063FDB1E60DF1060000F0C2FDBDF8061005FB001127481EF057FDD5E70DF106009A
:200F400000F0B6FDBDF806304FF47A7101FB003121481EF049FDD3E70DF1060000F0A8FD98
:200F6000BDF806304FF47A7101FB00311B481EF03BFDC2E70DF1060000F09AFDBDF8063063
:200F80004FF47A7101FB003115481EF02DFDB1E70DF1060000F08CFDBDF806304FF47A7133
:200FA00001FB00310F481EF01FFDA0E7044E0308A84D0308784D0308444D0308144D0308C7
:200FC000BC500308785003083C500308884E0308D44F0308B44E0308984F0308644F0308C4
:200FE000344F0308F04E030810B54FF0B04384B0D86C40F00200D864DC6C04F00204039464
:20100000039CDC6C44F00404DC64DC6C04F004040294029CDC6C44F00104DC64DB6C03F0FA
:201020000103019300220A212920019B17F0D4F9292004B0BDE8104017F008BA30B59BB027
:2010400000244822002108A81FF06AFBCDE90244CDE90444CDE9064418F03AFC4FF0B04254
:201060004FF40411D2F8903023F01803C2F89030D2F8003423F4C06343F40073C2F8003416
:20108000D2F80034099103F4C0630193812305220B9302230892139303221023CDE91423F7
:2010A0004FF0005306214FF40032199308A84FF000730A94CDE91723019C169118F0FEFD1F
:2010C00088B94F210322CDE9021200230024002502A80221CDE90645CDE9043318F0E8FC5D
:2010E00020B91BB030BDFFF76FFCEAE7FFF76CFC1BB030BD38B51149114C00234FF4E062CB
:201100004FF40070C4E90013C4E90232A061C4E904332046C4E908334FF4005141F221025E
:2011200002240025C0E90C45C0E90A1219F0B8FC00B938BDBDE83840FFF746BC00300140B4
:20114000380D0020DFF874C01D481E4908B501220023CCE900016046CCE90232CCE904331F
:20116000CCE90633CCF8203018F050F870B91348002118F059FB88B91048002118F07EFBE1
:20118000A0B9BDE808400D4818F09AB8FFF71CFC0A48002118F048FB0028EDD0FFF714FCA3
:2011A0000648002118F06AFB0028EAD0FFF70CFCBDE80840014818F083B800BF080B002008
:2011C00000580040885D8010DFF874C01D481E4908B501220023CCE900016046CCE90232E3
:2011E000CCE90433CCE90633CCF8203018F00EF870B91348002118F017FB88B9104800217A
:2012000018F03CFBA0B9BDE808400D4818F058B8FFF7DAFB0A48002118F006FB0028EDD0B0
:20122000FFF7D2FB0648002118F028FB0028EAD0FFF7CAFBBDE80840014818F041B800BFBE
:20124000600B002000540040885D801008B516F011FCFFF7F3FEFFF7C7FEFFF733FBFFF76E
:2012600049FFFFF7B1FFFFF76DFFFFF709F9054816F090FF1BF0E4F9FFF7CEF91BF002FA98
:20128000FEE700BF840A002016F04CBB16F0A6BB16F0E8BB16F0E8BB16F0E8BB10B58CB08C
:2012A0002C22002168461FF03BFA1C481C49016000230446C0E90533836003614FF48071DA
:2012C0000020C4E908014FF080422046E26119F0FDFAA0B9114819F093FBB8B900224FF073
:2012E00000544FF480730D4807926946CDE9052401920A9319F03CF958B90CB010BDFFF7EA
:2013000063FB064819F07CFB0028E7D0FFF75CFBE4E7FFF759FB0CB010BD00BFA00D00204B
:201320000028004010B5044690B03822002102A81FF0F6F91A4B22689A4201D010B010BDAA
:201340004FF480324FF4807302A802920F9318F0F1FF10BB4FF0B0430022D3F8900040F4DC
:201360000040C3F890009C6D44F480649C659B6D03F48063062101930220019B17F02CF836
:20138000022017F063F8002207212A2017F024F82A2017F05BF810B010BDFFF715FBD9E71B
:2013A0000028004000220F216FF0010017F014B82DE9F04F00248DB0CDE90644CDE9084488
:2013C000CDE90344804B0A9405941B6802684FEA134A7E4B9A425AD07D497E4A0123C1E960
:2013E000002310220023C1E9022380224FF48073C1E9042320234FF48062CB6108464FF4D8
:2014000040538A610B6217F0D1F890BB41F201040123A24594BF4FF400344FF4C0246C48DE
:20142000059303A9CDE9033417F0BCFA60BB6A496A4A0A60022010220023C1E9010280220C
:20144000C1E90332C1E9053320224FF440530846CA610B6217F0AAF898B901235E48059371
:2014600003A9CDE9033417F09DFA28B90DB0BDE8F08FFFF7A9FAC9E7FFF7A6FA0DB0BDE832
:20148000F08FFFF7A1FAE8E7FFF79EFACFE74FF0B0434FF0050B1A6E42F480521A661A6E10
:2014A00002F480520292029ADA6C42F00102DA64DB6CCDF828B003F0010301934FF00209C2
:2014C0000222019B06A903234FF0200805464448CDE908230026CDE90689032717F0A6FB1B
:2014E000102202233E48CDF828B006A9CDE90623CDE9086717F09AFB06A94FF09040CDE9AF
:201500000689CDE90867CDF828B017F08FFB02220023CDE9062306A9032301224FF09040BC
:20152000CDE9082317F082FB2246062122202D4E16F052FF222016F089FF4FF44053DFF826
:20154000A8E033620823C6E900E31023B3604FF080094FF48073C6E9049330464FF480638B
:20156000F460F461B36117F021F830BB1F4C6E650023C4E90233B5624FF480738026C4E9C0
:2015800004634FF480672023C4E90673DFF860C04FF40053236220460723C4E900C317F038
:2015A00005F868B9AC65002205210720A56216F013FF072016F04AFF0EE7FFF705FAD5E752
:2015C000FFF702FAEEE700BF002004E000300140140C002044000240B40B00200800024021
:2015E00000040048D40C00201C000240740C00203000024010B5044696B03822002108A8AF
:201600001FF08EF8294A2368934204D0284A93422FD016B010BD40224FF4403308A8089253
:201620000D9318F087FE002839D14FF0B044C020E36C43F00203E364E36C03F0020301938F
:2016400012210422CDE90201019B069200230022184802A9CDE9042317F0E8FAA36D43F4E7
:201660000013A365A36D03F400130093009B16B010BD80224FF4402308A808920E9318F039
:2016800059FE78B94FF0B0439A6D42F480029A659B6D03F480030293029B16B010BDFFF795
:2016A00093F9C2E7FFF790F9ECE700BF0054004000580040000400480C4A036893420AD0FC
:2016C0000B4A934200D070474FF0B042936D23F48003936570474FF0B0420648936D23F449
:2016E0000013C021936517F083BB00BF005400400058004000040048FEE700BFFEE700BF3A
:20170000FEE700BFFEE700BF704700BF014819F0A1B900BFA00D0020034BDB68DB0700D48C
:20172000704700F0ABBF00BF00080058084B0222DA604FF090431B699A0708D5054B1B68E1
:201740009B68DB0601D502F09BBA02F091BA704700080058380D0020024B0822DA600DF021
:2017600019BF00BF00080058024B4FF40052DA6010F018BE00080058014817F0BBB800BF9E
:20178000F00D0020014817F0B5B800BFD40C0020014817F0AFB800BF740C0020014819F048
:2017A000C5BE00BF500E0020014819F00BB800BFA00D0020054808B50823036019F02AFA03
:2017C00000B908BDBDE80840FFF7FEB8D80D002000B54FF0B04383B0586E40F0010058661E
:2017E0005B6E002203F00103019311463220019B16F0F2FD322003B05DF804EB16F026BE06
:201800000CB400B583B005AB044A019310211EF06DFC03B05DF804EB02B07047A451030886
:2018200030B585B0044602A80D461EF015FABDF90C30064A00931021029B2046FFF7E0FF4C
:201840002046FDF7EDFB288005B030BDA45103084FF0B04208B5936823F4004393601EF0B8
:2018600037FA00F049F80E4B4FF400421A611EF033F80C481EF056F802201EF059F8FFF74D
:2018800001F9FEF78DFE1EF043F9012108461EF063F90121BDE8084008461EF043B900BF84
:2018A0000040005821180108012102201EF03AB9002102201EF036B908B500220F214FF07B
:2018C000FF3016F089FD002008BD00BF00B583B001A800F031FA064A019B4FF47A71A2FB46
:2018E000032301FB00F000EB931003B000BD00BFD34D621000F0F4B9074A08B5D2F8903052
:2019000043F48043C2F8903016F0D6F816F0DCF8BDE8084016F0E0B8000800580B4A08B5A8
:201920000346106828B10A4903448B4207D8136008BD08480649106003448B42F7D91EF08E
:2019400065FF0C2303604FF0FF3008BDE40D002000B0002058AA0020EFF3108372B6044A70
:201960001068BFF34F8FBFF36F8F83F310887047E80D00200320704708B501464FF47A72C8
:201980000023C003490CFEF7AFFB08BD4FF47A73A0FB0303C00B40EA4340704708B5844621
:2019A000C903044A002341EA5C41C003FEF79CFB08BD00BF40420F004B014201121A43EAD6
:2019C000D06363EB01034FEA422C5B021CEB000C43EAD25341EB030300B54FEA8C124FEA22
:2019E000831EB2EB0C024EEA9C6E6EEB030E101841EB0E01C00B40EA4140C90B00BD00BFC6
:201A000010B50246EFF3108472B60348002119F037F884F3108810BDA00D002010B50246C1
:201A2000EFF3108472B60348012119F029F884F3108810BDA00D002010B5EFF3108472B665
:201A40004FF48071084818F07FFEBFF34F8FBFF36F8F064A0121D165034A4FF0FF33136361
:201A600084F31088002010BDA00D002000280040034B186800B970470248002119F008B8C3
:201A8000EC0D0020A00D0020034B186800B970470248012118F0FCBFEC0D0020A00D00200D
:201AA00002480022022118F0EBBF00BFA00D002070B50546EFF3108672B6124B1868D8B1E3
:201AC000114B9C689A68A24203D09A689C68A242FBD102210D4818F0DBFFE443C4F30E03EE
:201AE0004FF47A72E40BA3FB023244EA4040DB0B86F310882B8070BD034686F310882B8074
:201B000070BD00BFEC0D002000280040A00D0020064B186848B1064B98689A68824203D0D7
:201B20009A6898688242FBD1C0437047EC0D002000280040EFF3108172B60B4B186848B16E
:201B40000A4B98689A68824203D09A6898688242FBD1C043064B1860BFF34F8FBFF36F8FF9
:201B600081F31088704700BFEC0D002000280040E80D002070B50D4C23680BB1002070BD3B
:201B80000B4B4FF0FF351E461D63FFF787FBFFF753FF3046356318F0EFFEFFF781FFFFF769
:201BA000C9FF01232360002070BD00BFEC0D0020A00D002010B5084C23680BB9002010BD6F
:201BC000FFF73AFF054818F0F9FEFFF7B3FF00232360002010BD00BFEC0D0020A00D0020AA
:201BE000EFF3108C72B60B4B0B4A1B6810684BB10A4A93689168994203D0916893689942D8
:201C0000FBD1DB43BFF34F8FBFF36F8F8CF31088181A7047EC0D0020E80D00200028004004
:201C2000EFF3108172B6094B186810B981F310887047074B98689A68824203D09A689868BC
:201C40008242FBD1C04381F310887047EC0D00200028004070B504468CB0EFF3108572B663
:201C60002C22002168461EF05BFDEFF3108672B64FF48071174818F067FDBFF34F8FBFF300
:201C80006F8F154B13490122DA654FF0FF330B6386F31088114B0F481B682344DB430193E9
:201CA0004FF0005306934FF480730A93694600230793059318F05CFC20B985F310880020B9
:201CC0000CB070BDFEF780FE85F3108800200CB070BD00BFA00D002000280040E80D002086
:201CE00010B5FFF749FE0446FFF712FF014600E000BFFFF70DFF401AA042F9D310BD00BF15
:201D00001EF04AB908B50A4B1B6833B9BDE8084008480122022118F0B3BE0221054818F0BD
:201D2000B7FEBDE80840421C0221024818F0A8BEEC0D0020A00D002070B50546EFF31086FA
:201D400072B6124B1B68E3B1114B9C689A68A24203D09A689C68A242FBD102210D4818F098
:201D600097FEE4430C4AC4F30E03A3FB0232E40BDB0B44EA404043EA424386F310882B60E6
:201D800070BD184686F310882B6070BDEC0D002000280040A00D002040420F00DFF880C0F9
:201DA00020484FF4E13108B508220023CCE900016046CCE90233CCE90432CCE90633CCE988
:201DC0000833CCF828301AF057FA70B9144800211AF0E0FB88B9124800211AF001FCA0B9AA
:201DE0000F481AF0B7FBB8B908BDFEF7EDFD0C4800211AF0CFFB0028EDD0FEF7E5FD084866
:201E000000211AF0EDFB0028EAD0FEF7DDFD04481AF0A0FB0028E7D0BDE80840FEF7D4BDBB
:201E2000500E002000440040F0B5044697B00021382208A8CDE90211CDE9041106911EF006
:201E40006FFC2B4B22689A4201D017B0F0BD294B0A93022208A8089218F06CFA002841D1CF
:201E60004FF0B04304269A6D234D42F400329A659A6D02F400320192019ADA6C42F0010250
:201E8000DA64DB6C022703F00103CDE90267009302A907234FF0904000260327009A069384
:201EA000CDE9046716F0C2FE144914220023C5E90012284610218022C5E90213C5E90533DB
:201EC000C5E907332A6116F071FB70B900220F21E5672520AC6216F07FFA252016F0B6FA89
:201EE00017B0F0BDFEF770FDBAE7FEF76DFDEDE70044004004000C00F00D002058000240ED
:201F00000C4B02689A4200D070474FF0B04210B5936D044623F4003304214FF090409365E7
:201F200016F066FFE06F16F0B7FBBDE81040252016F09ABA0044004008B5084B1860FFF799
:201F40002DFF074A0748D2F8803043F00063C2F880301DF049FD002008BD00BFE80E00202E
:201F600000080058144A030808B54FF0B04308489A6B42F400329A639A6B22F400329A63A5
:201F8000FFF7BEFF0F2016F06FFA002008BD00BF500E002008B503460A460348194619F0C5
:201FA0000DFA002008BD00BF500E002010B582B0104B114C18604FF40012009202AA12E943
:201FC000060020461AF068FA2368DA69D103FCD4DA695202FCD59A68074842F480029A604C
:201FE0001AF0A2FA0549044801221AF00DFA002002B010BDE40E0020500E0020EC0E002024
:20200000044B02689A4200D07047034B00201B68184700BF00440040E80E00200B4B02683B
:202020009A4200D070470A4B1B6810B504462BB1D0F8902012B90748012198472046054933
:20204000BDE8104001221AF0DFB900BF00440040E40E0020EC0E0020F8B54FF0E026074618
:20206000B46975691AF054FB0135104B05FB00F101F5FA71A3FB0121890907FB01F101F5ED
:20208000FA71A3FB013189090023B269A81A944203EB040C034404D22344994205D9144608
:2020A000F3E7ACEB02039942F9D8F8BDD34D621010B504461AF02CFB4FF47A72A4FB0001A8
:2020C0000023FEF711F8BDE8104001301AF088BC8446BCE80F0010B4054C0FC49CE803007F
:2020E000044B84E80300186810BC02211AF09CBBFC0E0020F80E002008B5322016F0B4F940
:20210000064B5A68012122F001025A60D960044B10211868BDE808401AF086BB00080058EA
:20212000F80E0020024B012118681AF07DBB00BFF80E00202DE9F04FBC4BBD4DDFF8F4A290
:20214000BD4E012285B00521DA600620002216F043F9062016F07AF903A8FFF7A9FCBDF898
:202160000C3002464FF47A71B44801FB02311DF03BFC4FF0FF3200211F201AF0D1FB071E73
:20218000C0F2CE80BC077DD5AD4B1B68022B03A800F0FA81FFF78CFCBDF80C304FF47A71CF
:2021A00001FB0031A64BA7481A681DF01DFC322016F05AF99D4B5A68012122F001025A6024
:2021C00047F01007D9604FF0904399610520FFF743FF03A8FFF76CFCBDF80C304FF47A71E7
:2021E00001FB003198481DF0FFFB03F0EDF9A8BB390770D4954A92F85D30052B00F004826F
:2022000092F85D30062B66D0904B93F85D30012B76D105274FF47A7801F042F904460B2CCC
:2022200003A86BD1FFF744FCBDF80C30014608FB013187481DF0D8FB0A20FFF739FF013FCD
:20224000EAD103A8FFF734FCBDF80C304FF47A7101FB003122467F481DF0C6FB03A8FFF708
:2022600027FCBDF80C304FF47A7101FB00317A481DF0BAFB6D4B0122DA605A6842F001025F
:202280005A6076E717F0180F5AD04FF0904301229A610520FFF7E0FEF8069AD403A8FFF799
:2022A00007FCBDF80C304FF47A7101FB00316B481DF09AFB99E703A8FFF7FAFBBDF80C3073
:2022C0004FF47A7101FB0031224665481DF08CFB5E4B93F85D3001F0F9F90446002893D081
:2022E00003A8FFF7E5FBBDF80C304FF47A7101FB003122465B481DF077FBAFE7002CA0D154
:2023000000232B70CAF80030336002F06FFE0446002840F06B814FF0904301229A6228E74D
:2023200003A8FFF7C5FBBDF80C304FF47A7101FB00313A464C481DF057FBFEF745FB21E740
:202340007A0700F13681FB077FF513AF2B78022B04BF00232B7001F00FFB20B32B78032B2C
:2023600000F26681DFE803F0AC382A02032403A8FFF79EFBBDF80C304FF47A7101FB00310D
:202380003A4822461DF030FB322016F06DF8274B5A68012122F001025A60D960344B102150
:2023A00018681AF041FA1AF093FA10B187427FF4E0AE01F0E1FA0028C8D1DAE603A8FFF748
:2023C00077FBBDF80C304FF47A7101FB003129481DF00AFB0524CAE701F0CEFADAF8003027
:2023E00003F10E043368E41A234BA3FB0434E408844228BF0446082CA14628BF4FF00809C5
:202400004FEA09181D4803AA414601F003FB002840F08A80039B984540F08E80002C00F0A3
:202420008F80DFF85CB0804641E000BF000800581C0F0020180F0020140F0020B0510308C3
:20244000FC0E002070520308AC520308380D00200C540308705403082C550308FC520308F8
:2024600040530308AC530308E451030854560308F80E00206C55030889888888A00F0020DD
:20248000A10F00203368DAF80040704AE41A0F2C28BF0F24D018224607F032F9336808F1AC
:2024A00001081C44C14534600BF1100B49D91BF8013C022B5946E5D003232B700B2456E7E2
:2024C000634803AA102101F0A5FA68BB039B102B32D15F4A1478012C62D0022C00F0828030
:2024E0001A465A485A49019307F00AF9019BCAF8003002222A7033601A465448194603F07C
:20250000EBF8044600283FF44EAF0A283FF44BAF03A8FFF7CDFABDF80C304FF47A7101FB54
:20252000003122464B482DE706284FF003032B700CBF082409241AE703232B70072416E73F
:202540003468DAF80030A34211D802222A7033601A46D2E740493D480D2207F0D1F83C4B21
:202560002C70B3F80130CAF800300D23336001F003FA013803307FF6EEAE33680F2B7FF679
:2025800012AFDAF80020B8E7FFF792FABDF80C304FF47A7101FB003130481DF025FA06E68B
:2025A000B2F80130B3F5907FD4D903232B700624DDE62B4B19682B4B186805F0ABF9002880
:2025C0003FF4C1AE322015F04FFF274B5A68012122F001025A60D960244B102118681AF02C
:2025E00023F9B0E603232B700A24C0E603A8FFF75FFABDF80C304FF47A7101FB00312246E6
:202600001B481DF0F1F929E60A2001F0DFF8044600287FF450AE174B93F85D30062B7FF45E
:20262000F3AD01F053F8044600283FF4EDAD57E603A8FFF73DFABDF80C302A784FF47A71A9
:2026400001FB00310C481DF0CFF9C3E620100020A00F002004560308A30F00203452030894
:20266000F00E0020F40E002000080058F80E0020D0540308380D0020C055030870B5052492
:2026800000254FF090460220FFF7E6FC3369DB0705F1010548BF0025013CF4D1022D03D854
:2026A0000A4B0122DA6070BD322015F0DDFE074B5A68012122F001025A60D960044BBDE8D7
:2026C0007040186808211AF0AFB800BF00080058F80E002030B5062087B015F0C5FE0022BF
:2026E0000223CDE902234FF09043012011210124CDE900019C610520FFF7AEFC69464FF0E9
:20270000904016F093FA94FAA4F4002C49D0B4FA84F404F003039B0007219940A408C94377
:20272000A30003F1804303F58033334A98680140996013683149324823F001031360536829
:2027400023F001035360D2F8803043F00103C2F88030D2F8843023F00103C2F8843000F0A1
:2027600071FE044658B906F0A3F80446A0BB254D2B68D3B1FFF7C0FC204607B030BD684666
:20278000FFF796F9BDF8003001464FF47A751E48224605FB01311DF027F90524204607B0E3
:2027A00030BD6FF007010824BAE70146174A184819F0B2FF28600028DCD16846FFF778F9C4
:2027C000BDF8003002464FF47A71124801FB02311DF00AF90624CFE76846FFF769F9BDF86A
:2027E000003001464FF47A75224605FB01310A481DF0FAF8D1E700BF00080058D120010874
:2028000025210108F80E0020BC560308A8BF03083521010864570308105703082DE9F04FC8
:2028200083B0002860D00D4600295DD0B1F5907F46D8834601F072F8102D044666D95C4B00
:202840006E1CA3FB0636F6080136B042C0F09080DFF8609159464FF0010A0D2209F1030050
:20286000A9F8015089F800A006F04AFF10270BF10D0B0D3D09EB07064FF00208013602E00E
:202880001036002D4DD00F2D2C4628BF0F2459462246304606F8018C06F032FF631C1F44CF
:2028A0007F2FA5EB0405A344EAD93946484601F027F9074600283AD14E4675B38246DDE741
:2028C0000DF10600FFF7F4F8BDF806404FF47A7101FB00414FF4907337482A461DF084F8EE
:2028E000032003B0BDE8F08F0DF10600FFF7E0F8BDF8063002464FF47A7101FB02312F4805
:202900001DF072F8022003B0BDE8F08F00B32946584601F0F5F800283AD1002003B0BDE8FE
:20292000F08F2448394601F0EBF80028F5D00DF10600FFF7BDF8BDF8063001464FF47A745A
:202940001F48524604FB01311DF04EF80520C8E70DF10600FFF7ACF8BDF8063002464FF40C
:202960007A71184801FB02311DF03EF80420B8E70DF10600FFF79CF8BDF806504FF47A7110
:2029800001FB0051234632460F481DF02DF8EDE70DF10600FFF78CF8BDF8063001464FF4B9
:2029A0007A74012204FB013108481DF01DF8CDE789888888200F002018580308BC570308A6
:2029C000745903087458030814590308C458030830B585B0EFF3108572B601A8FFF7ACF9AC
:2029E000044613481DF040FA85F31088114AD16803AB02AAC1F30221322015F047FD029BDE
:202A0000052B0BD00C4B0D4801990460196000220521322015F0E0FC05B030BD322015F014
:202A200023FD074B0421186819F0FEFE05B030BDC815002000ED00E0F00E0020F40E0020CE
:202A4000F80E00202DE9F041EFF3108172B61F4C2268536823F0020353600268136823F0FB
:202A6000010313601A4B02681A4ED768D3F80080194BDFF868E03568D3F800C007F1100368
:202A8000984598BF7346ADB9634518D0D360E38F9BB25360136843F00A031360026813689B
:202AA000022443F00103136080F8254081F31088BDE8F08167451CBF00233360E7E71D60BF
:202AC0005D609D60DD6001253560DFE7380D00205C1100204C1100206411002068110020E1
:202AE00030B5224C83B0204618F07CF8204A236893422CD002F57842934217D14FF0B04506
:202B00000A202B6C43F480532B64FFF7A5FA2B6C23F480532B640023144884F85D3017F027
:202B2000BFFF144B00221A6003B030BD0DF10600FEF7BEFFBDF80630226801464FF47A7598
:202B40000D4805FB01311CF04FFF0120E9E74FF0B0450A20AB6B43F48043AB63FFF77CFABB
:202B6000AB6B23F48043AB63D5E700BF380D00200038004040110020D0590308844690F808
:202B80002400012859D030B59CF82540012084428CF8240006D0002380228CF82430CCF81B
:202BA0003C2030BD02208CF82500DCF80040DCF84C500020CCF83C00206820F00100206044
:202BC000DCE914E0C5F804E018B1DCE9165EC5F804E0DCF8445005F01C0E012505FA0EF549
:202BE000DCF840E0CEF804506360DCF80830102B0BBFA260A160E160E2602368DCF82C20C2
:202C000023F00E0323601AB1236843F002032360DCF848301A68D2030AD418B1036843F410
:202C200080730360236843F001030020236030BD1A6842F480721A60EFE70220704700BF5A
:202C40002DE9F041A048A14C82B015F0E1FEA04815F0DEFE23685A6822F020025A605A687C
:202C600092071FD45A68D10700F1EF800020A4F84600E087226E402A4FF0000218BF2066CD
:202C80000092D968009199680091009901929B680193019A08BF0120062384F85D3002B014
:202CA000BDE8F0815A68606D22F0020200215A60816315F0B1FD002840F03D81FEF706FED8
:202CC0000646844F23683D689B6805EB8505C5EBC5052D0D05EB850513F4C05F4FEA450551
:202CE0000DD0FEF7F3FD801B0928236847D8002D45D09B6813F4C05F05F1FF35F1D1FEF750
:202D0000E5FD064623683D689B68C5F3CB3505EB85051B064FEA45050BD5FEF7D7FD801B38
:202D2000092823682BD855B39B68180605F1FF35F3D4FEF7CBFD06463D68D4F8008005EBD0
:202D40008505D8F80830C5EBC5052D0D05EB850513F4C06F4FEA450508BF434607D12EE0C4
:202D60006DB19A6812F4C06F05F1FF3527D098F80C30FEF7ABFD801B09282368F0D95A6892
:202D8000A16A22F0E0025A601A68B1F5005F22F040021A6007D11A6822F400521A601A6867
:202DA00042F400521A60012284F85D20226E42F0200222660021402284F85C1022661A6814
:202DC00022F040021A60FEF781FD06463D68276805EB8505BB68C5EBC5052D0D05EB850567
:202DE00013F4C06F4FEA450508D1C6E06DB19A6812F4C06F05F1FF353FF434AF3B7BFEF75B
:202E000065FD801B09282368F0D95A68A16A22F0E0025A601A68B1F5005F22F040021A6060
:202E200007D11A6822F400521A601A6842F400521A6000214022012084F85D0084F85C106D
:202E400022665A68D1077FF511AF5A68A06D22F0010200215A60816315F0DEFC002867D13A
:202E60002268136823F040031360FEF72FFD0646184F23683D689B68C5F3CB3505EB85054B
:202E80001A064FEA45050CD5FEF720FD801B0928236853D8002D51D09B681B0605F1FF357E
:202EA000F2D4FEF713FD06463D68276805EB8505BB68C5EBC5052D0D05EB850513F4C06FC6
:202EC0004FEA450510D156E0140C0020380D0020B40B0020D40900206DB19A6812F4C06F82
:202EE00005F1FF353FF4C2AE3B7BFEF7EFFC801B09282368F0D95A68A16A22F0E0025A60D4
:202F00001A68B1F5005F22F040021A6007D11A6822F400521A601A6842F400521A6001207B
:202F20000021402284F85D0084F85C1022669DE64023236694E740232366BFE65A68A16A7D
:202F400022F0E0025A601A68B1F5005F22F040021A6007D11A6822F400521A601A6842F47A
:202F600000521A6001210022402384F85D1084F85C20236695E73B4678E63B4672E600BF81
:202F80002DE9F047022384B093FAA3F3002B00F06F81B3FA83F303F00302920007219140B7
:202FA0009B08C9439B0003F1804303F58033B24A9868B24C01409960136823F0020313602B
:202FC0005368022023F002035360D060236841F20101B1EB134F136853D203431360A64B11
:202FE000A749D3F88020A74CA74EA84842F00202C3F88020D3F8842022F00202C3F8842029
:20300000A34B0C601E600B68A24A04F5D871043B01609C4206F5C071116003D903F5D873FD
:203020009C42FBD89C4A9D4D1A6095F85C30012B00F0668195F85D300122934285F85C206E
:20304000DFB226D00227964815F0E2FC954815F0DFFC2A689248536823F00303536015F04A
:20306000DBFB904815F0D8FB686D15F0D5FBA86D15F0D2FB0023384685F85C3004B0BDE836
:20308000F08743F002031360536843F002035360A5E7FFF7D5FD002840F0128185F85D70DF
:2030A000102200232B66AA87EA874FF4D872A5F84420A5F84620AA6A2C64B2F5005FC5E99F
:2030C00013332C68AE6307D1236823F400532360236843F4005323606368D5F8548023F49A
:2030E000C0436360636823F480436360636823F400536360D8F81830B3F5806F03D1EB8FAD
:20310000C3F34E03EB87A86D8369B3F5806F636800F0108143F480536360B5F84630DFF88B
:203120008891C0F834900022C0E90B2282639BB2544A04F10C01FFF721FD0646002840F078
:20314000E4800A465949EB8FC8F82C105849C8F83800C8E90C0940464FF00108C1F800803D
:203160009BB24949FFF70AFD0646002840F0F9806368504A23F0C0036360636843F0200337
:2031800063600190A3680193019B0290A3680293236823F040032360029B0390E3680393F9
:2031A000A3680393039B236843F400732360236823F48073236063689BB2538043F00303DC
:2031C0001380202393FAA3F3002B00F0DE80B3FA83F6760006F00602032303FA02FE5FFA67
:2031E0008EFE022191406FEA0E0CB34026F0070AC9B25FFA8CFCF6084FF09048221DD8F842
:2032000000002D4C20FA0AF000EA0C0C41EA0C0140EA0E0060702170D8F80010DFF884C053
:203220000B431F49C8F800300023C1E90B338B63CCE90B33C1F834900846CCF838301D499F
:20324000CCF834900223FFF799FC804600287BD12146144806F190420223FFF78FFC044680
:20326000002840F09B80154B01221A60074601E76FF00701082395E600080058002004E038
:2032800060110020E81200206811002058110020641100205C110020EFBEADDE380D0020A2
:2032A000140C0020B40B0020D1330108452A01084C11002054110020501100204011002076
:2032C00003A8FEF7F5FBBDF80C104FF47A7909FB00113A4638481CF087FBFFF701FC8046FB
:2032E00000283FF4DDAE03A8FEF7E2FBBDF80C10424609FB001131481CF076FB4746A2E6F2
:203300000227384604B0BDE8F08703A8FEF7D0FBBDF80C304FF47A7101FB00312848324697
:203320001CF062FB2B6E012243F010032B6685F85D2088E623F480536360B5F84630C3F3A3
:203340004E03A5F84630E8E60DF10200FEF7B0FBBDF802304FF47A7101FB00314246194870
:20336000DEE703A8FEF7A4FBBDF80C304FF47A7101FB0031324614481CF036FB2B6E43F020
:2033800010032B6685F85D805DE6082602214FF0FC0C4FF0030E4FF0400A2DE70DF1020067
:2033A000FEF786FBBDF802304FF47A7101FB003122460648B4E700BF2C5A0308905A0308BF
:2033C000045B03089C5B0308505B0308FC5B030870B5164C164D236E2A6843F010030121F4
:2033E00086B0236684F85D10A2B11249124B134A206809681B681268266E806809681B6857
:20340000126803930E4B00961B6801901B68029104920593FFF714FC2A682AB1009B216EB8
:203420000B4368460093904706B070BD380D002044110020D40C0020740C0020140C002089
:20344000B40B002010B5124B1B6882B01BB10824204602B010BD0F4A0F4B10601960FFF747
:203460008FFD04460028F3D00DF10600FEF720FBBDF806304FF47A7C014622460CFB01316B
:2034800006481CF0B1FA0A24204602B010BD00BF401100204811002044110020585C030837
:2034A000F0B57E4B1B6883B0002B5DD07C4C23681B685B0603D50925284603B0F0BDFEF790
:2034C00005FA074694F85C30764A012B156847D094F85D300122934284F85C20DEB247D058
:2034E0000226714F714D384615F092FA284615F08FFA2A6839680D6810680B6823F0010371
:203500000B60136823F001031360202393FAA3F32BB1B3FA83F35B00032707FA03F34FF01B
:20352000904C0227DCF800E043EA0E03CCF80030D4F800C0DFF878E1DCF8043023F00303C3
:20354000CCF804305B4BC1F80CE0032E4F60D3604FF0000357600D60106084F85C3054D013
:203560000A25284603B0F0BD0725284603B0F0BD02214FF0904015F0B9FC48BB64230DF1E0
:203580000600C5F3CB3503FB05F5FEF791FABDF806304FF47A7101FB003147481CF024FAF6
:2035A00008E000BFFEF792F9C31B632B44D8002D42D0013D02214FF0904015F097FC38B924
:2035C000EFF30583002BECD1012019F009FAE9E7354815F00FFA0546D8B9344815F00AFAB0
:2035E0000546002838D12268136843F04003136002214FF0904015F079FC00283FD0052356
:2036000084F85D3084F85C5056E70B25284603B0F0BD0DF10600FEF74BFABDF806304FF4D2
:203620007A7101FB00312A4624481CF0DDF9236E43F01003236654E70DF10600FEF738FAEE
:20364000BDF8063002464FF47A711D4801FB02311CF0CAF9032644E70DF10600FEF728FA37
:20366000BDF806304FF47A7101FB00312A4615481CF0BAF9236E43F01003236631E70DF102
:203680000600FEF715FABDF806304FF47A7101FB00310D481CF0A8F923E700BF401100209E
:2036A000380D0020D4090020140C0020B40B00205411002050110020A85C0308685D0308A4
:2036C000105D0308D85D0308445E030830B5394C83B0FFF7B5FA204617F084FA364A23684D
:2036E000934244D002F5784293421CD14FF0B0450A202B6C43F480532B64FEF7ADFC2B6CAB
:2037000023F480532B6400252A4884F85D5017F0C7F92A4B1D60002847D1FFF731FC04460A
:2037200098BB03B030BD0DF106052846FEF7C0F9BDF8063022684FF47A7101FB0031204839
:203740001CF052F91D4B00221A6001242846FEF7AFF9BDF8063001464FF47A7519482246B1
:2037600005FB01311CF040F90A2003B030BD4FF0B0450A20AB6B43F48043AB63FEF76CFC2F
:20378000AB6B23F48043AB63BDE70DF10600FEF78FF9BDF8063001464FF47A75224605FB3A
:2037A000013109481CF020F9DEE704460DF10605CCE700BF380D0020003800404011002089
:2037C000D0590308905A0308BC5E0308F8B50446FEF77CF80646651C03D014F063F9B4FB8C
:2037E000F0F4434B43491A68096841F20103B3EB124F58D2404A136823F0020313603E4B5F
:203800003E4D0222DA602A685368980704D0631C59D153689907FCD1EFF3108C72B6D5E9CA
:2038200015139A6909681B68C8685B683449354C354DB2F5806F08BF5B00344A1133A2FBDF
:2038400003239B080A68324903EBC303A2EB43039A4298BF0B4623602E4C043B20600024C7
:20386000046044608460C4608B424FF00100286003D2521A13448B42FCD327491C4A196020
:20388000126841F20103B3EB124F16D31A4B1A6842F002021A605A6842F002025A608CF3C7
:2038A00010880020F8BD144B1A6822F002021A605A6822F002025A60A1E70F4A136843F009
:2038C00002031360EBE71A2701FB07F73F0D04FB07F7FDF7FBFF801BA04207D237B12B685B
:2038E0005B689A0707F1FF37F3D195E70320F8BD002004E0D409002000080058380D002058
:2039000058110020601100204C110020398EE338E812002064110020EFBEADDE10B4EFF3A1
:20392000108272B6114B1249586D1B680068C0685C680B6882F3108898420AD003D3C01A96
:20394000000910BC7047C3F5C0730344180910BC7047A30706D5074B10BC1868002818BFE3
:2039600018207047182010BC704700BF380D0020641100204C11002030B4EFF3108272B6E7
:203980001E4B9B6D99691B6858681D4BB1F5806F1C6808BF400082F310881A4A231F934261
:2039A00005D219490968891A0B449342FCD31968164B99421DD11649134D00F11103A1FBBC
:2039C00003039B08286803EBC303A0EB4303984288BF1A46A24209D096BFC4F5D870101B6A
:2039E0008018A1FB0010800830BC7047002030BC70474FF0FF3030BC704700BF380D002060
:203A000060110020E812002058110020EFBEADDE398EE338002868D02DE9F04F904683B09A
:203A2000002A57D00F2955D9002307464FEA11191360EFF31083019372B6FFF79DFF431C67
:203A40004ED02B4D2B4E2C684845A4F1040428BF4846B44205D2284B1B689B1B1C44B44255
:203A6000FCD380B3DFF894B0DFF88CA007EB001929681022384605F043FE22685A452DD17D
:203A80002A68DAF8001012322A602A688A4207F1100706D32A683244521A2A602A688A4242
:203AA000F8D212348C4228BF721A02D314448C42FCD2D8F80020B94502F11002C8F8002019
:203AC000C4F800B0D4D10020019B83F3108803B0BDE8F08F022003B0BDE8F08F0620F3E73B
:203AE000019B83F310880620F1E70220704700BF60110020E812002058110020EFBEADDE1A
:203B00002DE9F04F0C4614F00F0585B0014624D0C5F11005621930B3B2F5C07F23D8EFF38A
:203B2000108972B6484BDFF82481586D1E680368D8F80000DB687668984206F0020616D050
:203B400086BFC0F5C077DB191B1A934214D2052089F3108805B0BDE8F08F20B11CB1224638
:203B6000B2F5C07FDBD9022005B0BDE8F08F1EB1374B1B68002BE8D0DFF8D8B0DBF8003097
:203B800027189F4219D91A1A4BD19A460746C01A041907D011443846224605F0B1FDDBF817
:203BA00000A027447C19544511D8E5B9C8F800700EB9274B1E600020CAE7224605F0A0FD93
:203BC000DBF800A0574526D0ECD90420C0E7BAEB070214D1A4EB0A0438462246002105F024
:203BE000FDFD2744E2E72A463846002105F0F6FDDBF800309C4210D0E7D82746D6E7384678
:203C0000002105F0EBFDDBF80030534507D028BF5746DAD3DEE7104FC4E70F4FC6E70E4FCC
:203C2000D8E7CDE90223CDE9000105F069FDDBF800A0039B029A5345DDE9000102D0C4D85E
:203C40001F46A4E7044FA2E7380D0020641100204C1100205C11002068110020EFF3108386
:203C600072B6024A106883F31088704764110020024B1B6803B11847704700BF481100202C
:203C800030B52F4C236859689A6889068BB031D555060AD5216E002041F00401216601906F
:203CA000D968019199680191019990060CD5216E002041F00101216602909968029119687D
:203CC00021F0400119600299D10508D5216E002041F0080121660390996803910399D206BF
:203CE00006D5226E4FF6EF7142F0020222669960226E0AB90BB030BD124D2A689AB112496B
:203D0000124A08681168226E04929A6803680968CDE905230E4A0F4B12681B6812681B68D0
:203D20000993CDE90712FEF78BFF2A68002AE1D0049B216E0B4304A8049390470BB030BDEE
:203D4000380D002044110020D40C0020740C0020140C0020B40B0020014B00229A607047AB
:203D60009C15002010B584B0044601230F488DF807400DF10702802117F020FA044610B90C
:203D8000204604B010BD0DF10E00FDF791FEBDF80EC04FF47A71234601FB00C180220448E8
:203DA0001BF022FE0424204604B010BDD80D00200C5F030870B5994B1B68012B86B003D08D
:203DC0000B25284606B070BD85780446FDF760FA012811D002283ED080B105A8FDF768FE53
:203DE000BDF8143002464FF47A718D4801FB02311BF0FAFD0A25E4E7002D75D021680591C3
:203E00008848042305AA952117F0D8F90546002878D1A2788348002A14BF182138218DF8B9
:203E20000F1001230DF10F0240F6E70117F03AF8054600B305A8FDF73BFEBDF814404FF4B5
:203E40007A7101FB00412B46774840F6E7021BF0CBFD0425B5E7002DD0D005A8FDF728FEBF
:203E6000BDF8143002464FF47A7101FB02316F481BF0BAFDBEE76B48012304AA40F6E601E4
:203E800017F058F80546F8B99DF81020654822F006028DF81020012304AA40F6E60117F098
:203EA00001F8054600283DD005A8FDF701FEBDF814404FF47A7101FB00412B4640F6E602E6
:203EC00059481BF091FDC4E705A8FDF7F1FDBDF814404FF47A7101FB00412B4640F6E6026B
:203EE00053481BF081FDB4E705A8FDF7E1FDBDF8143002464FF47A7101FB02314D481BF046
:203F000073FD77E704A8FDF7D3FDBDF810404FF47A712B4601FB0041952247481BF064FDD0
:203F200004254EE7A27894F90430002A3BD1162B61DC6FF008059D42B8BF1D46AB42EEB2E2
:203F40003BD163798DF8113036488DF8106004AA02238E2117F032F9054600284ED1374E75
:203F600007223146204605F077FCB44207D000283FF427AF07222146304605F0C1FB05A871
:203F8000FDF796FD2E4BBDF8141093F965304FF47A72002B02FB0011CCBF2A4A2A4A2B48D9
:203FA0001BF022FD0DE70E2B05DC6FF010059D42B8BF1D46C2E70E26354605A8FDF778FD2E
:203FC000BDF814104FF47A7303FB001194F9040094F90630401B002BA3EB0000CCBF194A73
:203FE000194A0028CCBF174D174DCDE9005018481BF0FAFCA5E716263546DEE705A8FDF7D3
:2040000057FDBDF814404FF47A7101FB00412B468E2209481BF0E8FC1BE700BFF41600208C
:2040200024600308D80D002068600308C85F0308C06003086C5F03080C5F03085B170020DE
:20404000FC160020685F0308B04E0308746103081861030830B583B00546012317480DF10B
:204060000502152116F0B2FF0446A0B9144A9DF8053012685B425B1042B96FF07F0293424F
:20408000B8BF134620462B7003B030BD0D4A92F95E209B1AF1E70DF10600FDF709FDBDF80F
:2040A000063001464FF47A75224605FB013106481BF09AFC0424204603B030BDD80D002095
:2040C000F8160020FC160020AC6103082DE9F0430C464FF4827183B021803E496073D1F8A0
:2040E0005A109146984649B1B1F5807F70D063D8012903D0102914BFFF210221364BA173A6
:204100001B68E373FFF7AAFD102105462046FEF785FB0746064600283BD1618821BBEFF35E
:20412000108472B601A8FDF707FE01992B4BA0EB0900A1EB080103FB00114FF47A7303FBAB
:2041400001F101F543616960254B5A68012122F001025A60D9604FF09043996284F3108892
:20416000304603B0BDE8F0831E48FEF757FB04460028D4D001A8FDF79BFCBDF804300146D7
:204180004FF47A75224605FB013117481BF02CFC0DE001A8FDF78CFCBDF8043001464FF43C
:2041A0007A7412483A4604FB01311BF01DFC0426304603B0BDE8F08340F20113994205D081
:2041C000B1F5887F14BFFF21062197E7052195E7042193E7FC160020F416002040420F006C
:2041E00000080058EC15002048620308F46103082DE9F041564D574EDFF85C8188B005AFFA
:2042000070684FF0FF33002201A918F035FF0446002857D10199002947D0029A002A44D0FF
:2042200040F60403C7E90000B860ADF81030531CADF81230494819232B7005F061FA039BE8
:20424000002B5CD1EFF3108372B6D8F8001083F31088002957D0EFF3108372B6B16883F3FF
:20426000108831B94FF0FF32022018F059FB041E5FDBEFF3108472B610210DEB0100FEF7B5
:20428000CDFA68BBBDF812103148FEF7C7FA38BB334B5A68012122F001025A60D9604FF092
:2042A0009043996284F31088AAE704A8FDF700FCBDF810304FF47A7101FB003129481BF028
:2042C00093FB9DE704A8FDF7F3FBBDF810304FF47A7101FB0031224623481BF085FB8FE71A
:2042E0000DF10200FDF7E4FBBDF802304FF47A7101FB003104221D481BF076FBD2E7019850
:204300001BF06EF99EE74FF0FF32012018F008FB041EA0DA0DF10200FDF7CAFBBDF80230CE
:204320004FF47A7101FB0031224611481BF05CFB66E70DF10200FDF7BBFBBDF802304FF4DE
:204340007A7101FB003122460A481BF04DFB57E7981400209C150020F81600209914002062
:20436000000800588C630308D46303084C6303089C620308F462030870B54FF0B0446420A1
:20438000D4F8943043F40043C4F89430FDF764FED4F8943023F40043C4F89430FDF796FA4F
:2043A000054613F07FFBD4F894305C0419D52D4B1B681A2202FB03F31B0D0526B6FBF0F643
:2043C00006FB03F4FDF782FA401B86424FF0B0433BD9002C39D0D3F89430590404F1FF34C3
:2043E000F0D4214CD4F8903023F40043C4F89030FDF76CFA054613F055FB63699A0726D5CA
:20440000184B1B681A2202FB03F31B0D0A26B6FBF0F606FB03F4FDF759FA431B9E42124ABF
:204420000CD95CB153699B0704F1FF34F3D4D2F8903043F40043C2F890300EE00A4AD2F8B3
:20444000903043F40043C2F89030082070BDD4F8903043F40043C4F89030044B00201871D9
:2044600070BD00BFD409002000040058D80D002010B5194BB3F85520082322FA03F000214E
:20448000D2B260F3070162F30F2184B060F3174162F31F6100240291104803940DEB030261
:2044A000194616F08BFE044610B9204604B010BD0DF10600FDF7FCFABDF806C04FF47A717D
:2044C000234601FB00C1082205481BF08DFA0424204604B010BD00BFFC160020D80D0020A8
:2044E0000C5F0308F0B5012883B032D0022804462BD101252F46FCF7CFFEF0B100238DF82F
:2045000005303C4801230DF1050240F6231116F011FD064600284AD19DF80530354823F052
:2045200006031C430DF10502012340F623118DF8054016F0B7FC0446B8B93846FCF7A6FE2D
:204540000446002845D103B0F0BD002502242F46D1E7294B93F861301BB9032502242F46D4
:20456000C9E7022504242F46C5E70DF106073846FDF79EFABDF806304FF47A7101FB0031C0
:2045800040F623121D4823461BF02EFA3846FDF78FFABDF8063001464FF47A74042204FB2C
:2045A000013117481BF020FA042003B0F0BD0DF106073846FDF77CFABDF806304FF47A71B5
:2045C00001FB003140F6231233460E481BF00CFADCE70DF106073846FDF76AFA2246BDF8A2
:2045E00006404FF47A7101FB00412B4606481BF0FBF9CBE7D80D0020FC1600206860030890
:2046000090640308C06003082C6403082DE9F0415E4B93F8613082B00746002B43D10325E3
:204620000226A846FCF738FEF8B100238DF80230574801230DF1020240F6231116F07AFC0D
:204640000446002856D19DF80230514823F0060333438DF802300DF10202012340F6231188
:2046600016F020FC044600286CD14046FCF70EFE0446002878D1474E042333600DEB0308D7
:20468000ADF804008DF80600032341484246832116F094FD054650B97B1E033349D92846C1
:2046A00002B0BDE8F08102250426A846BAE70DF10200FDF7FDF9BDF802204FF47A7101FB67
:2046C00000212B46344883221BF08EF934604046FDF7EEF9BDF8043001464FF47A74042219
:2046E00004FB01312D481BF07FF90425284602B0BDE8F0810DF104084046FDF7D9F9BDF827
:2047000004304FF47A7101FB003140F62312244823461BF069F94046FDF7CAF9BDF8043037
:204720004FF47A7101FB003104221E481BF05CF9CDE71D4807F110022B461BF0A7FC0028C8
:20474000ADD0C4E70DF104084046FDF7B1F9BDF804304FF47A7101FB003140F623122346EB
:2047600012481BF041F9D6E70DF104084046FDF79FF92246BDF804404FF47A7101FB0041F5
:204780002B460B481BF030F9C5E700BFFC160020D80D0020F41600200C5F0308D46403089C
:2047A000C060030890640308C8150020686003082C640308F0B5384C236887B0033B002219
:2047C000012B8DF8032001D907B0F0BDEFF3108772B601A8FDF7B0FA0646322013F08AFEB6
:2047E000054618B187F3108807B0F0BD322013F03BFE87F31088294FADF80A50D7F85A30BF
:20480000B3F5803F0AD10120FFF7ACFA58B100232360322013F01AFE07B0F0BD0DF1030018
:20482000FFF718FCEFE7FFF75DFE012223682260032B06D00620019B324602A9FFF746FCF6
:20484000E7E7D7F85A30B3F5803F20D0144C2378012BDED1FFF70CFE0028DAD1D7F85A20E8
:20486000102A11D12278012AD3D19DF90330A7F85A0013F1500FA7F85C200ADB094A8DF8B6
:204880001130D3700820D6E7B2F5803FC1D10720D1E7FFF7BBFEBCE7F4160020FC1600202A
:2048A000F0160020E41500202DE9F047C44D2B78834286B000F0B680C24B1B68002B00F0EC
:2048C0000B810128044600F0C480022800F01681002840F0AC800226BB4F344603AD2846A6
:2048E000FDF7E6F8BDF80C504FF47A7101FB005133463A46B5481BF077F8204606B0BDE829
:20490000F0870DF10707B24801233A4640F6890116F010FB0446002840F0D1829DF80730E4
:20492000AB48B9F1060F0CBF03F0FB0343F004038DF807303A46012340F6890116F0B2FAFD
:204940000446002840F0CB8296F84B10B6F84700003918BF0121224661F30702010A61F334
:20496000070496F8491060F30F2461F3174496F84C109748003918BF012161F30F22ADF8EB
:20498000102096F84A20062362F31F648C212A46039416F013FC0446002840F026828C4807
:2049A00001233A4640F2367116F0C4FA0446002840F0A58296F84C209DF80730002A00F00D
:2049C0006C8203F0FB038DF80730814801233A4640F2367116F066FA0446002840F09F82CD
:2049E00096F83E108DF80710794801233A46A02116F0E4FB0446002840F0A1829DF80710C3
:204A00003F2900F28981734E2846FDF751F8BDF80C3001464FF47A746F48324604FB0131FD
:204A20001AF0E2FF0024204606B0BDE8F08703AD2846FDF73DF8BDF80C30684F4FF47A7112
:204A4000224601FB0031052665481AF0CDFF344645E700220DF1080803468DF808205C48A3
:204A600042468A2116F0AAFB0746002840F094805C4E2C700F22082386F8552003AD4FF01B
:204A80000F2286F856000490039251482A46194616F094FB0746002840F0F980777B039048
:204AA000082F686000F2A6803A46711D284604F027FE474808232A464FF4D86116F0F2F9B3
:204AC0000746002840F01881B269002A40F0448102263446444F02E703A8FCF7E9FFBDF805
:204AE0000C3002464FF47A7101FB02313F481AF07BFF0B24204606B0BDE8F0870DF1080855
:204B0000012333488DF8083042468A2116F056FB0746002840F0D980324E2C7067220823E1
:204B200086F8552003AD4FF0672286F856000490039227482A46194616F040FB0746002819
:204B400040F0B480B38F22485BBAADF80830424623464FF4E86116F0A5F9074600285BD191
:204B600096F8459096F844A0B9F1040F00F0BD80B9F1050F04D1AAF10C07B7FA87F77F097E
:204B800096F84620531E062B00F21A82DFE803F057587D7B57587B0003AD2846FCF788FFCE
:204BA000BDF80C304FF47A7101FB00318A2210483B461AF019FF04260B4F34468FE600BFD0
:204BC000F0160020F816002020650308F0660308D80D002018650308B46603082C65030842
:204BE00058660308FC16002014650308346503080C5F03084046FCF75BFFBDF808304FF419
:204C00007A7101FB00313A46D448D54F082306261AF0EAFE344662E62846FCF749FFBDF853
:204C20000C304FF47A7101FB00314FF4E862CD483B461AF0D9FE0426CB4F34464FE60124C1
:204C400000236AF3070369F30F2364F3174367F31F630393C54804232A468B2116F0AEFA1B
:204C6000044600283FF44DAE4046FCF721FFBDF808304FF47A7101FB00318B222346BC4899
:204C80001AF0B2FED7E70424DAE71446D8E74046FCF70EFFBDF808304FF47A7101FB0031CC
:204CA00008223B46B2481AF09FFE84E74046FCF7FFFEBDF808304FF47A7101FB0031082255
:204CC0003B46AB481AF090FEB5E703AD2846FCF7EFFEBDF80C304FF47A7101FB00318A2236
:204CE0003B46A3481AF080FEA5E7AAF10B07012F8CBF0027012743E74046FCF7D9FEBDF88E
:204D000008304FF47A7101FB00314FF4D8623B4694481AF069FE4EE701F0F80101318DF8DF
:204D2000081092480123424640F2067116F0BAF8044600283FF467AE2846FCF7B9FEBDF8ED
:204D40000C304FF47A7101FB003140F20672234684481AF049FE6EE7F369DFF818C2ACFB83
:204D600003E143F60950090B00FB11339B0303F6427396F82100ACFB03C3890301EB133344
:204D80007D49B1FBF2F2394660F30701100C60F30707180C60F30F21100A60F30F2762F3C7
:204DA000174796F82020714862F31F671A0A62F3174163F31F61049108232A468B21039716
:204DC00016F0FCF90746F8B14046FCF771FEBDF808304FF47A7101FB00318B2264483B46D8
:204DE0001AF002FE0426344674E64046FCF760FEBDF808304FF47A7101FB00318C22234675
:204E00005B481AF0F1FD16E70DF10707234657483A4640F6890116F08DF80446002840F079
:204E2000BF809DF80730514843F004038DF807303A46012340F6890116F034F804460028D0
:204E400040F09E80728C012A25D9013AD100C2F3471401F0F801002296F82430434864F3F1
:204E6000070261F30F2263F3174296F8253096F82A108DF81410DB0063F31F620392D6F88C
:204E80002620049209232A468C2116F097F9044630B9334EB8E50146DDE743F0040392E54A
:204EA0004046FCF705FEBDF808304FF47A7101FB00318C2223462E481AF096FD7BE640461D
:204EC000FCF7F6FDBDF808304FF47A7101FB003140F68902234629481AF086FDABE6404665
:204EE000FCF7E6FDBDF808304FF47A7101FB003140F6890223461B481AF076FD9BE6404683
:204F0000FCF7D6FDBDF808304FF47A7101FB003140F23672234619481AF066FD8BE640467B
:204F2000FCF7C6FDBDF808304FF47A7101FB003140F2367223460B481AF056FD7BE62846B1
:204F4000FCF7B6FDBDF80C304FF47A7101FB0031A022234606481AF047FD6CE608660308CD
:204F6000146503086860030818650308D80D00200C5F030883DE1B430000093DC0600308A7
:204F80004046FCF795FDBDF808304FF47A7101FB003140F68902234611481AF025FD21E707
:204FA0004046FCF785FDBDF808304FF47A7101FB003140F6890223460A481AF015FD11E71E
:204FC0002846FCF775FDBDF80C3096F846204FF47A7101FB003104481AF006FD00242FE62C
:204FE00068600308C06003088865030800B585B0002340F2011240F2044C10216846CDF843
:205000000230CDF80630CDF80A30ADF80E30ADF800C0ADF80420ADF80820FDF7FFFB003860
:2050200018BF0120800005B000BD00BF2DE9F041C94E336884B0002B6CD0FCF7BBFB01ADDC
:2050400000218DF80410C54801232A46802116F0B5F80446002840F0F1800A20FCF7FCFF76
:20506000FCF71AF9002840F01F81BD4AD36923F40043D361B9488DF8044001232A4696214C
:2050800016F09CF80446002840F07A81FCF702F9002800F0FF814FF0B0431B689B0200F110
:2050A0008D8102A8FCF704FDBDF808104FF47A7707FB0011AB481AF097FC42F22003ADF8A4
:2050C0000430A64802232A4640F6111115F0EAFE0446002840F02D827F218DF803109F4864
:2050E00001230DF10302892116F068F80446002840F010820E218DF80410984801232A4609
:2051000040F61F1115F0CEFE0446002840F01F8200233360302491488DF8024001230DF149
:205120000202932116F04AF8044690B102A8FCF7BFFCBDF808504FF47A7101FB005123469B
:20514000894893221AF050FC0424204604B0BDE8F081012601AD81488DF8046033462A46AB
:20516000802116F02BF80446002840F082800A20FCF772FF7948ADF8044002232A468F2144
:2051800016F01CF80446002840F00981774F3B68DBB1DFF8DC81714898F85720002A0CBFEB
:2051A000942296228DF8042033462A4640F6AC0115F078FE0446002840F03C8108F15F00DA
:2051C000FEF7F8FD04460028BFD1644802232A46172115F0FBFE0446002840F01C81ADF888
:2051E000040002235D482A46072115F0E7FF06460446002840F0BB813B68CBB15C4B0390DB
:20520000B3F855205548130A63F30706D2B262F30F2663F31746082362F31F6619460DEB34
:205220000302029615F0CAFF0646002840F0AE81FCF72AF84F4B01221A6086E702A8FCF7DA
:2052400037FCBDF808104FF47A7505FB00112346802245481AF0C8FB02A8FCF729FCBDF82F
:2052600008300146042205FB013143481AF0BCFB6AE702A8FCF71CFCBDF808104FF47A7506
:2052800005FB00112346802237481AF0ADFB02A8FCF70EFCBDF808300146042205FB01318E
:2052A00036481AF0A1FB4FE72C4801230DF1030240F6161115F03EFE0446002840F0CA806F
:2052C0009DF80310254841F040018DF8031001230DF1030240F6161115F0E4FD04460028D3
:2052E00040F087801D4801232A4640F6161115F021FE0446002840F0AD809DF803209DF8E1
:2053000004309A4240F0F58000218DF80410134801232A4640F6231115F00CFE0446002844
:2053200040F0A8809DF804100C4821F0060141F002018DF8041001232A4640F6231115F030
:20534000B1FD0446002840F0C480054AD36943F400430124D3618DE610080020D80D0020AB
:2053600000040058146803080C5F0308F8160020FC160020F41600204067030860680308C5
:2053800002A8FCF795FBBDF808504FF47A7101FB00512346962285481AF026FBD4E602A8DB
:2053A000FCF786FBBDF808504FF47A7101FB005123468F227D481AF017FBC5E67C490291F3
:2053C0007C48042302AA972115F0F8FE044600283FF482AE2846FCF76BFBBDF804504FF49B
:2053E0007A7101FB00512346972270481AF0FCFAAAE602A8FCF75CFBBDF808204FF47A710C
:2054000001FB002123466C4840F616121AF0ECFAFBF7DAFA78E702A8FCF74AFBBDF8083010
:2054200001464FF47A75224605FB013163481AF0DBFA89E602A8FCF73BFBBDF808504FF43D
:205440007A7101FB0051234640F6AC025A481AF0CBFA79E602A8FCF72BFBBDF808204FF414
:205460007A7101FB0021234640F6161254481AF0BBFACDE702A8FCF71BFBBDF808504FF44B
:205480007A7101FB0051234640F623124C481AF0ABFA59E642F22001ADF8041045480223BE
:2054A0002A4640F6111115F0FDFC044600283FF413AE02A8FCF7FCFABDF808504FF47A71F2
:2054C00001FB0051234640F611123B481AF08CFA3AE602A8FCF7ECFABDF808504FF47A71CC
:2054E00001FB0051234640F6231233481AF07CFA2AE602A8FCF7DCFABDF808309DF8032068
:205500004FF47A7101FB00319DF804302D481AF06BFA7DE702A8FCF7CBFABDF808504FF46D
:205520007A7101FB00512346892220481AF05CFA0AE602A8FCF7BCFABDF8081040F61112EE
:2055400007FB001123461C481AF04EFAFCE502A8FCF7AEFABDF808304FF47A7101FB0031AB
:2055600040F61F12234614481AF03EFAD0E502A8FCF79EFABDF808404FF47A7101FB00416B
:205580003346072209481AF02FFADDE52846FCF78FFABDF804404FF47A7101FB004133465C
:2055A000082202481AF020FACEE500BF0C5F030806000001D80D002068600308AC61030874
:2055C000C0600308A467030870B5364B82B0002232209A6012F048FF05254FF47A76FEF7A9
:2055E000CBFE0446082C0DF106001DD1FCF760FABDF80630014606FB01312B481AF0F4F956
:205600000A20FCF755FD013DE9D10DF10600FCF74FFABDF80610224606FB001123481AF029
:20562000E3F9204602B070BDEFF3108672B620486622002104F0D2F81E4B1F481F49204A38
:2056400000251D701F4B0560012015601D601E4A1E4B08601E4915600D601D60FFF7E6FCDF
:20566000044686F31088322012F068FF32202A46294612F0B1FE322012F0E8FE002CD0D02C
:205680000DF10600FCF714FABDF806304FF47A7101FB003122460F481AF0A6F9204602B03F
:2056A00070BD00BF9C150020C868030884690308FC160020F0160020F41600201008002040
:2056C000EC160020E4150020F8160020E8150020E0150020306903082DE9F0478AB048B309
:2056E00042B306780446212E00F21485DFE816F033004600460012053300270053033B0382
:20570000410284019102D500FB00DB002203C700A40081006B004800B4044D046A04D40371
:20572000BE03AB039D0310058F03F404E6040205D8046F03022528460AB0BDE8F0874FF0D2
:20574000904301249C610520FCF786FC924BDC605A6822435A60002528460AB0BDE8F08757
:2057600006A8FCF7A5F9BDF81830627801464FF47A758A4805FB01311AF036F90525DAE772
:20578000874B1B68002B40F0358506AF3846FCF78FF9BDF8183002464FF47A71814801FBB9
:2057A00002311AF021F90B2425463846FCF780F9BDF818304FF47A7101FB003122467A488C
:2057C0001AF012F9B7E7794B1B78022B00F06D8606AF0B2425463846FCF76AF9BDF818308F
:2057E0004FF47A7101FB0031224671481AF0FCF8A1E76B4B1B68002B40F0548506AF384607
:20580000FCF756F9BDF8183002464FF47A71694801FB02311AF0E8F80B2425463846FCF7FE
:2058200047F9BDF818304FF47A7101FB0031224661481AF0D9F87EE7594B1B68002B40F0FD
:20584000878406AF3846FCF733F9BDF8183002464FF47A71594801FB02311AF0C5F80B24B2
:2058600025463846FCF724F9BDF818304FF47A7101FB0031224652481AF0B6F85BE7484B48
:205880001B68002B00F074874E4B427893F83E10914218BF83F83E205DE740780AB0BDE865
:2058A000F047FFF701B83E4B1B68002B00F0CF850130FEF77FFA054600283FF44CAF06A899
:2058C000FCF7F6F894F90730BDF8181000954FF47A72002B02FB0011ACBF3B4A3B4A3C4850
:2058E0001AF082F827E73B4ED0F8012033689A4210463FF430AF38490968012940F03E86B5
:20590000364DAB4200F28D873548834201F2D781344FBB4201F2D484DFF8CCC0634501F2BB
:20592000DA84DFF8C8C0634501F2EB86AA4201F2C981824201F2E382BA4201F2E0840521E0
:20594000294B9A4201F2FA86284B9A4201F2FB86052901F0CB8406AF3846FCF7A9F8BDF8D7
:2059600018304FF47A7101FB0031052220481AF03BF8022635463846FCF79AF8D4F8012025
:20598000BDF818404FF47A7101FB0041334619481AF02AF8CFE600BF000800580C7003082E
:2059A000F8160020F472030850730308F0160020B0720308B47103081072030808710308E6
:2059C00068710308FC160020685F0308B04E0308686F0308EC160020F4160020FFE8A435E8
:2059E0007FF8A9327F44E52DFF0A6B1B7F47A119846E0308C46E0308C348D4F801701AF0E5
:205A000033FA0024C14E3368022B00F09085BE481AF02AFA3368BE4D012BAC6000F044868D
:205A200033F0020300F0DF85FBF736FC00B300238DF81430B748012305AA40F6231115F0E6
:205A400079FA0446002841F0E0839DF81430B14823F0060343F002038DF8143005AA01230B
:205A600040F6231115F01EFA0446002841F099850020FBF70BFC0446002841F0E5834FF07B
:205A8000010A0DF11408A3488DF814A053464246802115F093FB8146002841F092830A2009
:205AA000FCF7DAFAC6F800A004238DF81430994842460123842115F081FB0446002841F07B
:205AC000AF8002233360EFF3108972B6924E30461AF050FA002841F0398489F310887B1ECF
:205AE000033301F2998441F64C539F420CD98B4B1B6A9847A7F5EA570C3F4FF47A79B7FB7A
:205B0000F9F7874281F0E3850023AB6006AF002215460023CDF81A30CDF81E30CDF8223037
:205B2000ADF826304FF401710923ADF81810ADF81C30ADF81E20EFF3108472B6102138469B
:205B4000FCF76CFE002800F0F68284F310883846FBF7AEFFBDF818304FF47A7101FB0031D4
:205B600004226F4819F040FF0420002D08BF0546E1E5D0F801206B4B9A420AD103F1195321
:205B8000D0F8052003F5621303F605039A4201F07A8006AF3846FBF78BFFBDF81830D4F86B
:205BA00001204FF47A7101FB00315F48D4F8053019F01AFF072215460023CDF81A30CDF824
:205BC0001E30CDF82230ADF826304FF401710823ADF81810ADF81C30ADF81E20EFF310846E
:205BE00072B610213846FCF719FE002800F0A38284F310883846FBF75BFFBDF818304FF46E
:205C00007A7101FB00310422484819F0EDFE0420ABE73D481AF028F93C4E3D4A336800218F
:205C2000012B91603FD033F0020300F0B583FBF733FB00B300218DF814103648012305AAFA
:205C400040F6231115F076F90446002841F0CE809DF814102F4821F0060141F002018DF874
:205C60001410012305AA40F6231115F01BF90446002841F0F8830020FBF708FB0446002805
:205C800041F0D380012723488DF814703B4605AA802115F093FA0546002841F054800A20DF
:205CA000FCF7DAF937600022154606AF0023CDF81A30CDF81E30CDF82230ADF826304FF4BB
:205CC00001710A23ADF81810ADF81C30ADF81E20EFF3108472B610213846FCF79FFD002880
:205CE00000F0298284F310883846FBF7E1FEBDF818304FF47A7101FB003104220C4819F0D0
:205D000073FE042031E700BFC8150020F41600209C150020D80D0020B01500206CBF0308FF
:205D2000046C0308ABD5D627D46903084C6A0308646C0308B64B1B68002B00F0E8844378C1
:205D4000012B00F03C84022B7FF40AADB14D4188AB8F8B423FF4FFACAF4B1B78022B01F0B9
:205D60004282A987F7E4AA4B1B68002B40F08E8206AF3846FBF79CFEBDF818304FF47A7187
:205D800001FB0031A54819F02FFE6378002B40F0BE850B25CFE48A427FF4DDAC682A039268
:205DA00001F0948006AF3846FBF782FEBDF81830039A4FF47A7101FB00316823984819F0D0
:205DC00013FE6378002B41F042800625B3E406AF3846FBF76DFEBDF8183002464FF47A71F4
:205DE000904801FB023119F0FFFD3846FBF760FEBDF8183002464FF47A718B4801FB023154
:205E000019F0F2FD0A2528460AB0BDE8F08706A8FBF74EFEBDF8183002464FF47A7101FBBC
:205E20000231824819F0E0FDECE706A8FBF740FEBDF8183002464FF47A7101FB02317C4868
:205E400019F0D2FDDEE78A427FF485ACEFF3108172B6784BD3E9035281F31088002D3FF45A
:205E60007AACB0F801100330A84774E46A4B1E78012E00F0FA8206AF0B2425463846FBF724
:205E800017FEBDF818304FF47A7101FB00312246694819F0A9FD4EE45D4A1568002D00F05A
:205EA00045845D4B5B481B78D4F801500021A0F85A10022B4FF00101A0F85C1000F06383B3
:205EC000012B0CD1FF218DF814105C4805AA40F2BB6114F0E7FF0446002840F04686FBF705
:205EE000DBF900B300218DF814105448012305AA40F6231115F01EF80446002840F0248611
:205F00009DF814104D4821F0060141F002018DF81410012305AA40F6231114F0C3FF0446F1
:205F2000002841F03D810120FBF7B0F90446002840F0E885424E032333606A1C00F04884F4
:205F400006AFADF818008DF81A003A463B48822115F034F90446002840F04B846B1E033328
:205F600000F2448405F11002234636481AF08EF8354B1A68002840F00A861A68002A3FF41F
:205F8000EAAB00221A60FFF7E6BB304E3368C91ACD1E3FF4E0ABDA1C0244D9B22748ABB201
:205FA00015F058F8002840F009873268B4F801302A449A4232607FF4CEAB254B30601A60EB
:205FC000FFF7C9BB124B1B68002B00F09183124E3478012C00F09E84022C00F025851A4BC0
:205FE0001A680AB100221A600B24254606AF3846FBF75EFD2246BDF8184033784FF47A7160
:2060000001FB0041134819F0EFFCFFF794BB00BFF8160020FC160020F0160020C06D030832
:20602000C46C0308EC7603083877030880770308AC7603089C15002068760308D80D002010
:20604000F4160020C8150020E0150020E8150020E4150020F0740308C04B1B68002B40F076
:20606000DC8006AF3846FBF723FDBDF8183002464FF47A71BA4801FB023119F0B5FC0B24F2
:2060800025463846FBF714FDBDF818304FF47A7101FB00312246B34819F0A6FCFFF74BBBB2
:2060A00006A8FBF705FDBDF8183002464FF47A7101FB0231AC4819F097FCA3E606A8FBF7E3
:2060C000F7FCBDF8183002464FF47A7101FB0231A64819F089FC95E606A8FBF7E9FCBDF8FA
:2060E000183002464FF47A7101FB0231A04819F07BFC87E606A8FBF7DBFCBDF81830024622
:206100004FF47A7101FB02319A4819F06DFC79E606AF6AE606A8FBF7CBFCBDF8183022786C
:206120004FF47A7101FB00316378934819F05CFC0325FFF700BB914B5A6822F001025A60A7
:206140000122DA604FF090439A6284F310880CE5451C03228A48294603F07EFB00283FF446
:20616000FAAAA67894F80190042E00F0FE86052E03BFA9F10C08B8FA88F84FEA58184FF0DD
:206180000008E3785A1E062A01F2A683DFE802F02C04052F2C042F00022306AF002269F304
:2061A000070266F30F2263F3174268F31F620692744804233A468B2115F000F804460028AB
:2061C00001F0528005A8FBF773FCBDF814304FF47A7101FB00318B226B48234619F004FCC8
:2061E00004242546FFF73DBB012306AFD6E7042306AFD3E7451C0A226448294603F02CFB30
:2062000000283FF4A8AAD4F80130002B40F028870224254606AFFFF7C8BA451C09225C48DC
:20622000294603F019FB00283FF495AAB4F80130012B40F2D785013BD90001F0F801C3F302
:206240004713D4F805200792002263F30702E3784C4861F30F2263F317422379617A8DF8BA
:206260002010DB0063F31F6206AF069209233A468C2114F0A3FF0446002841F08F804448B2
:206280000922294603F03CFAFFF765BAFEF7CEFE65780646002D40F0FF82002E18BF3546DE
:2062A000FFF749BA451C06223A48294603F0D4FA00283FF450AAB4F80120E078110A0023F2
:2062C00061F30703617962F30F232279003960F3174318BF012162F31F634FF0000261F319
:2062E0000702A17906930B1E18BF012363F30F2206AFADF81C20234806233A468C2114F0DC
:206300005DFF0646002840F01E860DF113081D480123424640F2367114F00CFE0646002854
:2063200041F01181A3799DF81310002B00F0F88701F0FB018DF8131012480123424640F25F
:20634000367114F0AFFD0446002841F01A8111480622294603F0D4F9FFF7FDB9F81600201E
:206360009C730308F8730308987803080C780308C877030850780308E07803080008005803
:2063800040170020D80D00200C5F0308141700201E17002043170020C54CD4F8903023F43D
:2063A0000043C4F89030FBF791FA054611F07AFB63699F0740F10582BE4B1B681A2202FBF1
:2063C00003F31B0D0527B7FBF0F707FB03F4FBF77DFA421B9742B64B40F2E581002C00F08D
:2063E000E2815A69910704F1FF34F0D4D3F8902042F40042C3F89020AF4BB04993F8573090
:206400000025AB420CBF942296220D7108468DF81420012305AA40F6AC0114F043FD044668
:2064200000283FF404AC06AF3846FBF741FBBDF818204FF47A7101FB00212346A04840F631
:20644000AC0219F0D1FA3560042215462EE406A8FBF72EFBBDF8183002464FF47A7101FB5A
:206460000231984819F0C0FA93E4974B1B68002B00F09D834378002B40F08D838E4DA5F891
:206480005A30A5F85C3006AF3846FBF711FBBDF81830D5F85A204FF47A7101FB00310A244B
:2064A0008A4819F0A1FA2546E8E4874B1B68002B00F0D9836378067A85786168C078002BDF
:2064C00040F0C0837C4AA2F85A30A2F85C300023002266F3070265F30F2260F3174263F307
:2064E0001F62080C8DF81E1006AF090A06928DF81C008DF81D10714807233A46882114F091
:206500005DFE054600283FF416A905A8FBF7D0FABDF814304FF47A7101FB003188222B46E3
:206520006B48042519F060FA2C46FFF754B9EFF3108572B6674E304619F01CFD002840F063
:20654000468385F310887B1E033300F2A38341F64C539F420CD9604B604AA7F5EA570C3F62
:20656000A3FB0737136A9847BF09874280F028875B4B00229A6006AFFFF7C9BA0B26354697
:2065800006AFFFF7F8B990F83E30002B3FF4A7AC1268002A00F0D48390F8454090F8442014
:2065A0005049C2EBC402143A51F8222002FB03F39D4200F22E87002D08BF1D468FE43E4D28
:2065C000827A6B7B9A4200F0DB84474B1B78012B00F09983661C4548711C03F091F8A37A1C
:2065E0006B73FFF7B8B8324CD4F8903023F40043C4F89030FBF76AF9804611F053FA636942
:20660000990740F1EA812B4B1C681A2303FB04F4240D4FF00509B9FBF0F909FB04F4FBF708
:2066200055F9A0EB08029145214B40F2C881002C00F0C5815A69920704F1FF34EFD4D3F846
:20664000902042F40042C3F890201C4B4FF0000883F804801846184B93F8573043450CBFD4
:20666000942396238DF8143005AA012340F6AC0114F018FC044600283FF4D6A906AF3846BC
:20668000FBF716FABDF818204FF47A7101FB002123460B4840F6AC0219F0A6F9C6F800803A
:2066A00004221546FFF735BA0DF11408FFF7FCB900040058D4090020FC160020D80D00201F
:2066C000686003080C6F0308F8160020287603080C5F0308B0150020D34D62106CBF030867
:2066E0009C150020F8BF0308F01600200117002006A8FBF7DDF9BDF8183002464FF47A71C0
:2067000001FB0231B84819F06FF9FFF742BB06A8FBF7CEF9BDF8183002464FF47A7101FB10
:206720000231B24819F060F9FFF733BB06AF3846FBF7BEF9BDF818304FF47A7101FB0031B2
:20674000AB4819F051F9AB4B1A6802B11D600B2425463846FBF7ACF9BDF818304FF47A7171
:2067600001FB00312246A44819F03EF9FEF7E3BF06A8FBF79DF9BDF818304FF47A74014616
:2067800004FB01319D4819F02FF906A8FBF790F9BDF8183001460B2204FB0131984819F0FE
:2067A00023F9FFF7F6BA9749D1F890300020082243F40043C1F890301546306006AFFFF7DB
:2067C00075BAD4F8903043F40043C4F8903013E64FF6FF7106AF8DF81A108B48ADF8185016
:2067E0003A46822114F0EAFC044610B9814BFFF7C4BB05A8FBF75CF9BDF814204FF47A712D
:2068000001FB002123468222804819F0EDF8794B1A68002131600AB100221A6004242546B6
:2068200097E7AA4240F2408206AF0DF11408784B98428CBF18201F208DF8140042467248F1
:20684000012340F2457114F02DFB0546002840F09784D4F801206F48A0FB02531B0B43F64F
:20686000095101FB1321890301F64271A0FB01019A0302EB113212BA0692634804233A4638
:20688000862114F09BFC0546002840F0B385D4F801303360FEF75FBF024606AF0023CDF853
:2068A0001A30CDF81E30CDF82230ADF826304FF401710723ADF81810ADF81C30ADF81E20E9
:2068C000EFF3108472B610213846FBF7A7FF054680B184F310883846FBF7EAF8BDF81830F9
:2068E0004FF47A7101FB003104224B4819F07CF80425D2E4494B5A6822F001025A600122E0
:20690000DA604FF090439A6284F31088C5E40B221646C3E7424B93F86120D3F81090002A16
:2069200040F0098203254FF002082F46FAF7B4FC00B300238DF814303348012305AA40F6F2
:20694000231114F0F7FA0446002840F0EB859DF814302D4823F0060348EA03038DF8143091
:2069600005AA012340F6231114F09CFA0446002840F0BF863846FAF789FC0446002840F0C3
:206980005485284D04232B6006AFADF818008DF81A0003231C483A46832114F00FFC804663
:2069A000002840F0DD8309F1FF33033340F2D386104B1A68002A7FF4E4AAFEF7CCBE114951
:2069C000D1F890300020082243F40043C1F890301546306006AFFFF79CB8D4F8903043F444
:2069E0000043C4F8903030E6A4740308B46F030840750308E01500208C7503085C700308B9
:206A0000B870030800040058D80D00200C5F0308C0AFD23583DE1B43206E0308000800583E
:206A2000FC160020F4160020D04B93F86120D3F83F80002A40F060824FF0030927464C46C3
:206A4000FAF72AFCF8B100238DF81430C848012305AA40F6231114F06DFA0546002840F02F
:206A600082859DF81430C24823F006033B438DF8143005AA012340F6231114F013FA054630
:206A8000002840F013862046FAF700FC0446002840F07185DFF8DC920423C9F8003006AF08
:206AA000ADF818008DF81A000323B1483A46832114F084FB0546002840F0368408F1FF332C
:206AC00003333FF675AFAC4808F110022B4619F0DDFA00283FF46CAF3846FAF7E9FFBDF855
:206AE00018304FF47A7101FB00310422A34818F07BFFA34B1A680AB100221A600424254606
:206B0000FFF775BA06AF3846FAF7D2FFBDF818304FF47A7101FB003122469A48012318F08D
:206B200063FF3846FAF7C4FFBDF818304FF47A7101FB00310422944818F056FF904B1A68AD
:206B4000002A7FF469AE69E606AF3846FAF7B0FFBDF818304FF47A7101FB003140F623129C
:206B600023468A4818F040FFDBE706AF3846FAF79FFFBDF818304FF47A7101FB003140F285
:206B8000BB622346824818F02FFF7D4B1A68002A3FF444AE40E6013BDBB2052B40F2FA810A
:206BA000724D0023A5F85A30A5F85C606BE406AF3846FAF77DFFBDF8183002464FF47A7111
:206BC00001FB0231734818F00FFFFFF755B9304619F04AF9804685F3108800283FF4B3AC5F
:206BE00006AF384646F80C4CFAF762FFBDF8183001464FF47A746848424604FB013118F094
:206C0000F3FE3846FAF754FFBDF818304FF47A7101FB00310422614818F0E6FEFEF777BF83
:206C200006AF3846FAF744FFBDF818204FF47A7101FB002123465A48842218F0D5FE002306
:206C400033602DE5013BDBB2052B40F25582474B00210122A3F85A10A3F85C200524254607
:206C600006AFFEF7B8BD06AF3846FAF721FFBDF8183002464FF47A7101FB0231494818F076
:206C8000B3FEFEF7A6BDFEF79FFC06AF05460246FEF792BF444B01229A600221186815F079
:206CA000C3FD06AFFEF733BF404B9A4200F227813F4B9A4200F223830021FEF741BEAA4278
:206CC00040F217834EF6E1120DF11408ADF81420274802234246982114F070FA814600288C
:206CE00040F01E8106AF3846FAF7E2FEBDF81830304A4FF47A7101FB00312F4818F074FEFE
:206D0000D4F8010093E50023082ACDE9063300F2F883A11C06A802F0F3FC1548082306AAF9
:206D20004FF4D86114F0BEF8661C0746002840F0F484A27A4FE402254FF004082F46F5E56E
:206D40001546FFF7CCB806AF3846FAF7B1FEBDF818204FF47A7101FB00212B4610488022E8
:206D600018F042FE3460FFF76FBB00BFFC160020D80D0020F4160020C8150020D4640308B7
:206D8000E01500202C64030890640308C060030868600308CC750308AC6A0308886B0308DB
:206DA0000C5F0308587203089C1500207FF8A9327F44E52D6C7903083479030806A8FAF749
:206DC00077FEBDF8183032684FF47A7101FB0031B4F80130D1480424009418F005FE042566
:206DE000FEF7A9BC00210B46FFF72BBA06AF3846FAF75EFEBDF818304FF47A7101FB003114
:206E000040F62312C648234618F0EEFD3846FAF74FFEBDF818304FF47A7101FB0031042263
:206E2000C04818F0E1FDFFF70FBB06AF3846FAF73FFEBDF818304FF47A7101FB0031224683
:206E40000023B94818F0D0FDE0E7002606AF0023CDF81A30CDF81E304FF40172CDF8223085
:206E6000ADF826300623ADF81820ADF81C30ADF81E60EFF3108472B610213846FBF7CEFCF4
:206E80000546002800F03F8284F310883846FAF70FFEBDF818304FF47A7101FB00310422C5
:206EA000A24818F0A1FD0425002E7EF48EAF3846FAF7FEFDBDF8183002464FF47A7101FB63
:206EC00002319B4818F090FDFEF735BCEFF3108572B69848A11C662202F012FC964A974B9B
:206EE00010680121196015F09FFC85F310886578002DAAD106AFDAE7A1460427A0E5D72343
:206F0000DB220D468DF814308DF815208C48022305AA982114F052F98146002800F0268465
:206F200006AF3846FAF7C4FDBDF818204FF47A7101FB00214B468348982218F055FD04269A
:206F40003546FEF718BD05A8FAF7B2FDBDF814304FF47A7101FB00318C227A48334618F05A
:206F600043FD04242546FEF759BCA9F10B08B8F1010F8CBF4FF000084FF00108FFF701B944
:206F8000811C681D02F068FC00283EF4E4ABA27AFFF71BBB6C4A674D52F82330C5F85A305A
:206FA000102B7FF470AAFAF777F900B300228DF814206348334605AA40F6231113F0BAFF21
:206FC0000546002840F02D839DF814505C4825F0060545F00205334605AA40F623118DF84E
:206FE000145013F05FFF0546002840F000840120FAF74CF906AF0546002840F0F682082353
:207000004FF00422069207903A464D48194614F0D5F80646002840F0DB83DFF830810323E7
:20702000C8F800308221ADF818008DF81A003A46434814F0C3F80546002840F03584E268F1
:20704000531E03333EF687AB414810322B4619F01DF800283EF47FAB04242546FEF70EBFF0
:20706000D4F805203B493C48B0FBF3F0A1FB02631B0B43F6095606FB1322920302F6427253
:20708000A1FB02129B03A17A647A03EB12330022060C61F30702002166F307011E0C66F3E0
:2070A0000F22060A66F30F2160F3174164F31F610691190A61F3174263F31F6206AF0792F8
:2070C0001F4808233A468B2114F078F80446002800F0F68105A8FAF7EBFCBDF814304FF4E4
:2070E0007A7101FB00318B221648234618F07CFC04242546FEF759BB184A52F823300D4A92
:20710000012BC2F85A303FF4E3A9102B3FF4E0A9002B7FF4A3ADFFF7DAB900BF4074030854
:20712000C0600308906403082C6403082C6D0308886D0308FC1600209C150020F8160020B5
:20714000D80D00200C5F0308CCBF0308F4160020C815002083DE1B430000093DCCBF03085C
:2071600005A8FAF7A5FCBDF814204FF47A7101FB00214346C448832218F036FC2C60ABE40D
:207180003846FAF795FCBDF818204FF47A7101FB00212B4640F24572BC4818F025FCCEE67C
:2071A00006AF3846FAF784FCBDF818304FF47A7101FB003140F623122346B44818F014FCEB
:2071C000AFE406AF3846FAF773FCBDF818204FF47A7101FB00214B46AB48802218F004FC23
:2071E0003460FFF75DBA0A0A8DF814208DF81510A74805AA4FF4E86113F054FE0646002884
:2072000040F020826188FEF7ACBD06AF3846FAF74FFCBDF818304FF47A7101FB003140F658
:2072200023129C48234618F0DFFB3846FAF740FCBDF818304FF47A7101FB003104229648E3
:2072400018F0D2FBFFF72CBA06AF3846FAF730FCBDF818304FF47A7101FB0031224600234A
:207260008E4818F0C1FBE0E70DF1130888480123424640F6890113F05DFE0446002840F058
:2072800004829DF813108248062E0CBF01F0FB0141F004018DF813100123424640F68901B0
:2072A00013F000FE0446002840F0ED827C480322294602F025FA7B4B01221A60FEF74BBAF6
:2072C000AA423FF6FFAC82423FF619AEBA420DD80221FEF735BBAA423FF6F4AC82423FF67F
:2072E0000EAEBA420BD8624540F2F08206AFFFF7B2BA8242FAD86C4B9A427EF621ABC12344
:20730000C5220225FEE5694B5A68012122F001025A60D9604FF09043996284F31088C3E518
:2073200041F00401FFF706B805A8FAF7C1FBBDF814204FF47A7101FB00212B465248832225
:2073400018F052FBC9F80040FFF7C6BB304618F08BFD804689F3108800283EF4C0AB06AF06
:207360003846AC60FAF7A4FBBDF8183001464FF47A744F48424604FB013118F035FB384678
:20738000FAF796FBBDF818304FF47A7101FB00310422484818F028FBFEF7B9BB05A8FAF72B
:2073A00087FBBDF814304FF47A7101FB00318C2223463548042418F017FB2546FEF761BEA2
:2073C0003D48394618F0A0FD0446002840F0FA80394818F0D3FC394B0546002840F04381A5
:2073E00001229A60022156F8140C15F01DFA06AFFEF78DBB05A8FAF75BFBBDF814204FF4B1
:207400007A7101FB00212B4686221F4818F0ECFA95E51D46FEF763BD0123AB600221286822
:2074200015F002FA06AFFEF772BB06AF3846FAF73FFB2B462246BDF818404FF47A7101FB06
:207440000041164818F0D0FA3846FAF731FBBDF818304FF47A7101FB003104220E4818F044
:20746000C3FAFFF739BB06AF3846FAF721FBBDF818304FF47A7101FB003140F623122346F9
:20748000024818F0B1FAC1E40C5F030868600308D80D0020C0600308906403082C64030837
:2074A00040170020E01500207F44E52D00080058AC6A0308C86B0308B01500209C150020F6
:2074C000D34801230DF1130240F6890113F032FD0446002840F06C819DF81310CC4841F0DC
:2074E00004018DF8131001230DF1130240F6890113F0D8FC0446002840F04A81C5480A226B
:20750000D6E605A80392FAF7D3FABDF81440039A4FF47A7101FB00410823BF4818F064FA06
:20752000FEF753BC06AF3846FAF7C2FA4FF47A712346BDF8182001FB002140F62312B7485C
:2075400018F052FA80E705A8FAF7B2FABDF814304FF47A7101FB003140F236723346AF4888
:2075600018F042FAFDE406AF3846FAF7A1FA4FF47A712B46DDE706AF3846FAF799FA4B467C
:2075800058E705A8FAF794FABDF814304FF47A7101FB003140F236722346A14818F024FADA
:2075A000DFE406AF3846FAF783FABDF818304FF47A7101FB003140F623122346984818F053
:2075C00013FA32E6974B06AF002238469A60FAF76FFABDF818304FF47A7101FB003122463B
:2075E000914818F001FAFFF70CBB3846FAF760FABDF818304FF47A7101FB00312A468B488E
:20760000012318F0F1F93846FAF752FABDF818304FF47A7101FB00310422854818F0E4F969
:207620001AE506AF3846FAF743FABDF818304FF47A7101FB003140F623122B46774818F0EF
:20764000D3F9E0E706A8FAF733FABDF818404FF47A7101FB004133464FF4E862704818F08D
:20766000C3F9FFF7BCBB06AF38469C60FAF720FABDF8183001464FF47A742A4604FB013191
:207680006C4818F0B1F9FFF7BCBA05A8FAF710FABDF814304FF47A7101FB003140F689025B
:2076A00023465E4818F0A0F9FEF79ABD06AF3846FAF7FEF94FF47A712B46BDF8182001FB2B
:2076C000002140F62312564818F08EF9BCE65A48394618F019FC0446002840F0C58056488C
:2076E00018F04CFB8046002840F0B0800123AB6078E606AF3846FAF7DBF94FF47A712346D1
:20770000DBE7AA423FF6DEAA82423FF6F8ABBA423FF6F5AD0421FEF713B905A8FAF7C8F94A
:20772000BDF814404FF47A7101FB00413B464FF4D8623B4818F058F9FFF751BB75238122BE
:207740000325FFF7DFBB04293FF4D0AD6B236F220425FFF7D7BB394809F11002434618F0A6
:2077600095FC00283FF424A9FFF7B6B906AF3846FAF79EF9324B53F82520BDF818304FF4E3
:207780007A7101FB00312F4818F02EF9FFF761B805A8FAF78DF9BDF814304FF47A7101FBD5
:2077A000003140F6890223461D4818F01DF99FE405A8FAF77DF9BDF814304FF47A7101FB31
:2077C000003140F689022346144818F00DF98FE405A8FAF76DF9BDF814304FF47A7101FB4A
:2077E000003108223346184818F0FEF834E406AF3846FAF75DF9BDF818304FF47A7101FB9E
:20780000003140F623122B46054818F0EDF8FAE6D80D00201417002008660308C06003084D
:20782000686003089C150020F46A03082C64030890640308406B0308B0150020C815002009
:20784000E4BF0308347903080C5F030806AF3846AC60FAF72DF9BDF81810424609FB00117C
:20786000264818F0C1F88AE506AF00233846AB60FAF71EF9BDF81810224609FB001120483F
:2078800018F0B2F87BE505A8FAF712F9BDF814304FF47A7101FB003140F68902234619484E
:2078A00018F0A2F8FEF79CBC05A8FAF701F9BDF814204FF47A7101FB00212B46124882229E
:2078C00018F092F8C8F80060FFF7C6BB0F4B9A423FF63CAFFEF73FB806AF3846FAF7E8F839
:2078E000BDF81830E2784FF47A7101FB0031084818F07AF80023FEF751BC00BF406B030872
:20790000F46A0308686003080C5F03087F47A119886503082DE9F04F93B005460E46BE4800
:2079200002230AAA122113F051FB30B1022810D00424204613B0BDE8F08F0223B648BDF8B4
:2079400028800AAA194613F039FC044630B10228EED10C24204613B0BDE8F08FAF4F322053
:2079600010F0ECFD3B68ADF83A40013B012B5DD998FA98F818F0010F1FFA88FB5FD11BF0AD
:20798000080F00F09D80DFF8989299F80030012B00F0BF803BF0080A48D01BF004080BD05F
:2079A000DFF87C9299F80030012B00F08B803AF0040A3BD04FF000081BF0800F00F09480D2
:2079C000DFF85C9299F80030022B17D00B2634460EAD2846FAF76CF899F80030BDF83850E6
:2079E00001933B680093014632464FF47A765B4606FB01518B4817F0F7FF9AE72AF4C07A2E
:207A0000BAF1000F0FD00CAB02931846FAF750F8BDF830204FF47A7101FB00215346824837
:207A20005A4617F0E1FFB8F1000F3BD100221146322010F0D1FC322010F008FD79E74FF06D
:207A40000108C7F80080F9F727FCF8B172488DF82C4043460BAA40F6231113F06BFA8146A0
:207A6000002840F007819DF82C106B4821F0060141F0020143468DF82C100BAA40F62311ED
:207A800013F010FA8046002840F0D0810020F9F7FDFB8046002840F0CF803BF0010A4FF080
:207AA0000108B0D12A460EAD334640462946FCF70DFB0028BAD0DFF868910426344688E713
:207AC000DA466AE7594B0393D3F85A30102B00F0D381B3F5803F40F06C813AF0040AA5D0F6
:207AE0001BF080087FF472AF1BF0400F06D03AF0420A40F085814FF00508D3E71BF020034F
:207B0000039300F0C9803AF0200A4FF00A08C9D079E7EFF31083059372B61BF0020F40F077
:207B200025814249039191F825304A8C1A4491F82730A3F101030846B3FA83F35B0991F898
:207B4000261002EBC30290F82830002918BF013390F8291006295CD8DFE801F0595B045B3A
:207B6000595B040002210B4402EBC302039B99694FF47A704B1E0DF12C0C00FB02334FF44A
:207B8000FA62B3FBF1F3604602FB03FACDF810C0CDF80CA0FAF7D0F80CABCDE9064580461A
:207BA00002931C4607E09DF82720012A00F20B829A45C0F0318201230DF1270240F603019A
:207BC000154813F0B7F905462046FAF7B5F8DDE90B239B1A164AA0EB080002FB0033002D4D
:207BE000E1D00298F9F764FFBDF830204FF47A7101FB00212B460F4840F6030217F0F4FE9B
:207C00000424059B83F3108826460EADE1E60121A9E70021A7E700BFD80D0020F416002051
:207C2000F0160020FC7B0308987B0308FC16002040420F00C06003080CAB18460293F9F7F6
:207C400037FFBDF830304FF47A7101FB003142467F48002317F0C8FE0298F9F729FFBDF8D8
:207C600030304FF47A7101FB00310422794817F0BBFE12E70CAB18460293F9F719FFBDF842
:207C800030204FF47A7101FB00214B4640F62312714817F0A9FEDFE71BF0020F00F0B380E1
:207CA0004FF00109C7F80090F9F7F6FA00B3039B8DF82C3069484B460BAA40F6231113F0B6
:207CC00039F98046002840F032829DF82C10634821F0060141F002018DF82C104B460BAAD1
:207CE00040F6231113F0DEF88046002840F013830020F9F7CBFA8046002840F06982DFF8D8
:207D0000609199F80080B8F1010F00F0B681B8F1020F40F094810BAB1A4604934F484346B5
:207D2000132113F053F98146002840F062829DF82D009DF82C3003934FF0030984460398C4
:207D4000049A02231321002840F00083B9F1010900F0D081414813F039F9002840F08D8237
:207D60009DF82C309DF82DC00393E8E73D4A3B480223214613F0B0F98046002840F0118139
:207D8000394A937802338DF82C30384BC2F80330059B83F310881BF0040F2BF0080A3FF4A3
:207DA0000BAE99F80030012B3FF48CAE2BF00C0A02E60CAB4FF0000802931A46039BB3F85B
:207DC00055100023080A60F30703C9B261F30F2360F3174361F31F630C93002108230D919F
:207DE0001E48194613F0EAF9002840F017813AF0040A7FF4E1ADB8F1000F3FF417AE51E6C8
:207E00004FF00508FFE50CA8F9F752FEBDF830304FF47A7101FB0031524615485B4617F031
:207E2000E3FDBAF1000F3FF4FEADECE50CAB18460293F9F73DFEBDF830204FF47A7101FBF5
:207E40000021434640F623120A4817F0CDFD03E72C64030890640308C0600308D80D002036
:207E6000F0160020ED150020EC150020FECABAAB247B030868600308C449C5480DF12C0C9F
:207E800001230022A1F85A20A1F85C3062461521CDF810C013F09AF88046002840F0DE80E0
:207EA000BC4B1A689DF82C305B425B101AB1039991F95E209B1A6FF07F029342B8BF134697
:207EC000B54AB6485BB28DF84130D37017F0CCFF3B68B34A0021012B916040D033F0020377
:207EE00000F09981F9F7D8F900B300238DF82C30A748049A012340F6231113F01BF8804609
:207F0000002840F074849DF82C30A148049A23F0060343F002038DF82C3040F623110123D6
:207F200012F0C0FF8046002840F04F840020F9F7ADF90590002840F018844FF0010894482C
:207F4000049A8DF82C804346802113F037F9002840F029840A20FAF77FF8C7F80080039B81
:207F60008B48B3F855200023110A61F30703D2B262F30F2361F3174362F31F630C930CAB8C
:207F800019460293002208230D920A46194613F015F98046002840F06B81029A4FF008084C
:207FA0000CE70CAB02930298F9F782FDBDF830204FF47A7101FB002143467A48022217F0B3
:207FC00013FD04241DE61A46039B069C9342AA46079D21D3744A6E485146022313F07CF8C2
:207FE00080460028DFD1DFF8C481049A98F80230674802338DF82C3040F2BB61012312F02E
:2080000051FF8246002840F0B180694BC8F80330059B83F31088BDE40824F2E502900BA881
:20802000F9F746FD029BBDF82C204FF47A7101FB00216048082217F0D7FC0EAD3DE50CA8E7
:20804000F9F736FDBDF8303099F800204FF47A7101FB0031584817F0C7FCB7E40CA8F9F733
:2080600027FDBDF830304FF47A7101FB00314246524817F0B9FC0EAD1FE54C4A4C4B11464B
:20808000D2F803209A4246D10A46497892F8029005910023C2F803300B09029340F04D8186
:2080A000B9F1040F37D90BAB1A46049338480223132112F08BFF8046002840F0BB829DF8F1
:2080C0002CC09DF82D004FF00308049A02231321BCF1000F40F01082B8F101081BD02C4822
:2080E00012F074FF002840F0DC819DF82CC09DF82D00EAE70CAB4FF0060802930298F9F71F
:20810000D7FCBDF830304FF47A7101FB003142462B4817F069FC204B00212AF0020A19608A
:208120004FF00508BAF1000F3FF4BCAC6BE40CAB18460293F9F7BCFCBDF830204FF47A71CA
:2081400001FB002143461F4840F6231217F04CFC0298F9F7ADFCBDF830304FF47A7101FBE6
:2081600000310422184817F03FFCC8E50298F9F79FFCBDF830204FF47A7101FB002153464B
:2081800040F2BB62114817F02FFC1AE7FC160020D80D0020F8160020E4150020C815002089
:2081A0009C15002078790308ED150020EC150020FECABAAB0C5F0308C87A0308AC610308A7
:2081C000D4790308C060030890640308686003080CAB18460293F9F76BFCBDF830304FF4F1
:2081E0007A7101FB003142460023B54817F0FCFBAEE70CAB18460293F9F75AFC4A46BDF8F7
:2082000030304FF47A7101FB0031AE4817F0ECFB4FF0040872E7AC4AD2F8903023F4004341
:20822000C2F89030F9F752FB05900FF03BFCA74BA54A1B68CDF808901A2101FB03F31B0DA6
:208240000521B1FBF0F101FB03F3A846B1460D4626461C46506910F0020026D0F9F736FBA1
:20826000059BC11A8D4210D97CB1974A013CF1E70498F9F71DFC4346D5E60CAB0390184617
:208280000293F9F715FC039AB9E78F4ADDF80890D2F8903043F40043C2F8903000233B6089
:2082A000082426460EADFFF794BB894B1871D2F8903043F4004334464E46DDF80890C2F890
:2082C0009030039B049A93F85730002B14BF962394238DF82C3045460123804640F6AC01E9
:2082E0007B4812F0DFFD034600283FF4FBAD0CA80293F9F7DDFBBDF83020029B4FF47A71B0
:2083000001FB0021734840F6AC0217F06DFBC7F800800424C5E70CAB18460293F9F7C8FBC2
:20832000BDF830204FF47A7101FB0021434640F62312684817F058FB0AE7029B012B7FF4C2
:20834000B2AEB9F1020F3FF6AEAEE4E6BDF80C90614A5F4861464B4612F0BEFE002840F0B6
:208360008E800CAB1A46029359480323142112F02DFE002857D19DF931209DF9303057484E
:208380009DF93210023292105B42002A4FEA63038DF84220B8BF9B180268C1F100014FEA62
:2083A0006101A8BF1BB21AB14D4A92F95E209B1A02686FF07F008342B8BF03465BB2ADF888
:2083C00040301AB1464B93F95E30C91A6FF07F039942B8BF19468DF84310049A3C48012324
:2083E00040F26B7112F0A6FD002836D19DF82C30039A13F0100F3B4B1A603B4B09F1010961
:2084000008BF4FF001080321ADF83A902AF0020A8DF8448019704FF00208BAF1000F3FF48C
:2084200041ABFFF7F0BA03900498F9F741FBBDF82C10039A4FF47A7808FB0011214817F00E
:20844000D3FA0298F9F734FBBDF83010042208FB0011264817F0C8FA5DE60390002302989D
:208460008DF84430F9F724FBBDF83030039A4FF47A7101FB00311E4817F0B6FA4BE60CABE2
:20848000049018460293F9F713FBBDF830C04FF47A7101FB00C1DDE90323164817F0A4FAD8
:2084A000B6E602900CA8F9F703FB029ABDF830304FF47A7101FB0031024817F095FA2AE6F0
:2084C0002C640308AC61030800040058D4090020D80D002068600308ED150020F816002068
:2084E000FC160020E4150020EC150020247A0308707A03087879030809F1020363457FF45C
:208500000AAE811CC34AC448C9B24B4612F0E4FD8046002840F01A81059B1B0700F1D4803E
:20852000029B002B00F08B80012B7FF4F4ADB9F1020C1BD0B949039A002341F2210011F876
:2085400001EF82EA0E224FF0080E12F4004F4FEA420816BF80EA42021FFA88F292B2BEF159
:20856000010EF2D101339C45E9D80392DDF80C800222A9EB020399B20391A849013AD200C3
:2085800011FA83F328FA02F113F8010FC9B28842A2F108027FF4BFAD12F1080FF2D10CABD5
:2085A0001A4602939C480323142112F00FFD814600287BD19A489DF831209DF83230016816
:2085C00052425B4252105B1019B1964991F95E10521A01686FF07F008242B8BF02468DF841
:2085E000412019B18F4A92F95E209B1A8E49039A0A606FF07F018B42B8BF0B468DF8403072
:20860000864900238DF8423003230B70531C2AF0020AADF83A30002A7FF4FDAE039BADF8A1
:208620003A30BAF1000F3FF466AA02984FF00508FFF7ECB90CA8F9F73BFA424636E7B9F12A
:20864000040825D0029B0C93B8F1030F22D9DFF8C4E1C4464FF0FF33002290458ABF1EF8DA
:208660000210002109064B400821002B4FEA430307DA83F0986383F48E3383F4DB7383F09B
:2086800001030139F1D101326245E6D16FEA030804226EE70CAB5F4902934246184601F09F
:2086A0002FF8DDF808E04FF0040CD3E70498F9F7FFF9BDF82C304FF47A7101FB00314A464D
:2086C0005A4817F091F926E5DFF85081014640F2FF1C2CE042EA131C520842EA531250B2CC
:2086E00043004FEAC00E03F010030EF0200E43EA0E0343EAC013400100F040000343C2F354
:20870000C0100343C2F3421000F002000343C2F3C40000F00400C2F3460202F00802034358
:20872000134318F8012F5340013188F800308CEA5C135B0103F4F07343EA1C1383EA531265
:208740005201894502F4F072C4D8E9E60CA8F9F7AFF9BDF830C04FF47A7101FB00C14346D0
:208760004A46334817F040F9D5E40CAB18460293F9F79EF9BDF83030059A4FF47A7101FBE6
:2087800000312C48002317F02FF90298F9F790F9BDF830304FF47A7101FB003104222648CB
:2087A00017F022F9B5E502900CA8F9F781F9BDF83020029B4FF47A7101FB00211F48802257
:2087C00017F012F9059B3B60A3E50CAB18460293F9F76EF9BDF830204FF47A7101FB002173
:2087E000434640F62312164817F0FEF8CDE70CAB18460293F9F75CF9BDF830204FF47A7154
:2088000001FB0021434640F623120E4817F0ECF8BBE700BFED150020D80D0020EC1500205D
:20882000F8160020FC160020E4150020AC610308787903082C640308906403080C5F03089B
:2088400068600308C0600308EFF3108272B6034BC3E9030182F31088002070479C150020CB
:2088600000B109B90220704730B5154685B0EFF3108272B60C4B1B6882F3108813B90920BF
:2088800005B030BD094B044658680028F7D00023CDE900411A466946029514F0A5FB00285D
:2088A0000CBF00200620EBE7F81600209C15002030B585B00022484B48480092114617F087
:2088C00023FA50BBFCF7B2FB044698B9009422462146434B434817F017FA044605460028E4
:2088E0005BD1414C62684AB3216800293ED0284605B030BD0DF10E00F9F7DAF8BDF80E3067
:2089000001464FF47A753948224605FB013117F06BF80425284605B030BD04460DF10E00CA
:20892000F9F7C6F8BDF80E3001464FF47A75224605FB01312E4817F057F8C3E70C210A20B6
:2089400014F002FB60600028CED10DF10E052846F9F7AEF8BDF80E3002464FF47A712548A4
:2089600001FB023117F040F80E2426E0224A234813F0D2FE20600028B9D10DF10E052846F6
:20898000F9F796F8BDF80E3002464FF47A7101FB02311B4817F028F8E6E70DF10E052846EB
:2089A000F9F786F8BDF80E304FF47A71224601FB0031144817F018F804242846F9F778F82A
:2089C000BDF80E3001464FF47A75224605FB01310D4817F009F89CE7B5470108C8150020AF
:2089E000593D0108B01500209C15002030690308587C0308E87C030858C00308F1410108D2
:208A00002C7D0308A47C0308747D0308D0F80500401A704770B50E4684B00446002838D076
:208A20000B2936D945680C358D421DD1237A092B40D0304616F04EFD0390002845D0214669
:208A4000324600F05DFE334A0023106803A91A4614F0CAFA0446002848D12F4B02211868BF
:208A600014F000F804B070BD03A8F9F721F8BDF80C302A4A4FF47A7101FB0031636828486A
:208A80000C330093334616F0AFFF237A092BD0D110E003A8F9F70CF8BDF80C501F4A0096C6
:208AA0004FF47A7101FB005123461E4816F09CFF04B070BD184B0421186813F0D3FF304697
:208AC00016F008FD03900028B9D10DF10A00F8F7EFFFBDF80A40039B104A4FF47A7101FB40
:208AE0000041114816F080FF04B070BD0DF10A00F8F7DEFFBDF80A50084A4FF47A7101FB17
:208B000000512346094816F06FFF039816F068FD04B070BD901800208C1800205CC103083B
:208B2000247E0308F47D0308607E0308907E0308D0F80910B1F5807F38D870B5037982B0A1
:208B400004464BB3D4F80910D4F80D202B4BD0F8050007C3D4F81110D4F8092001B1FAB99B
:208B6000264C02F10C05264E0421306813F0BEFF204600222946FFF773FE0446C8B93068CD
:208B800042F210732246042113F0EAFF051EA8BF204620DB02B070BD053401F10C05E2E7D6
:208BA000184617F05FFED4F80920D9E74FF0FF3070470DF10600F8F77BFFBDF80650114A46
:208BC0004FF47A7101FB005123460F4816F00CFF6FF00100DEE70DF10600F8F769FFBDF814
:208BE0000640084A4FF47A7101FB00412B46074816F0FAFE6FF00200CCE700BF6417002046
:208C00008C1800202CC10308D07E03081C7F03082DE9F041984D002382B01A46286801A97E
:208C200014F02AFAC31C14D00446002840F01181286814F065FA019C267A731E05460A2BD4
:208C40000BD8DFE803F075BB0A0A0A0AC60A4D222200002002B0BDE8F0810DF10200F8F7E7
:208C600027FFBDF80230854A4FF47A7101FB0031019B83481B7A16F0B7FE019C204616F0FD
:208C8000AFFC284602B0BDE8F081DFF8F8817E4A2168D8F8000008F075FF0746002800F0B1
:208CA000C68008F0A5FF39460446D8F8000008F01BFF002C00F0BB80276867B1019A5368D3
:208CC000002B40F0B2801A46B6F10A01D4F8050018BF0121B847204616F082FC019CCDE7F1
:208CE000684F2168684A386808F04CFF04460028C3D008F07DFF03680646002BBDD10DF1B8
:208D00000200F8F7D5FEBDF802305C4A4FF47A7101FB0031019B5D481B6816F065FE214613
:208D2000386808F0E1FE304616F05AFC019CA5E7574E33680DF10200002B65D0F8F7B8FE7C
:208D4000BDF80230DFF83C814C4A4FF47A7101FB0031504816F048FED8F8000008F0BCFE41
:208D6000064680B989E72768002F3CD00023D4F805001A464FF0FF31B847204616F030FCDA
:208D8000002E3FF47AAF304608F032FF31460446D8F8000008F0A8FE0646002CE3D10DF151
:208DA0000200F8F785FEBDF802303B4A4FF47A7101FB0031394816F017FEDEE7384B1B6811
:208DC000002B3FF45BAF616804F10C009847019C54E7334B5B68002B3FF450AFE068C0B252
:208DE0009847019C4AE70DF10200F8F761FEBDF80230294A4FF47A7101FB0031D4F80530C2
:208E0000284816F0F1FDB8E7F8F752FEBDF802301A4A4FF47A7101FB0031E368224816F0AF
:208E2000E3FDE3683360019C28E70C324CE70DF10200F8F73DFEBDF80230104A4FF47A71BE
:208E400001FB0031019B19481B6816F0CDFD019C14E70DF10200F8F72BFEBDF80250074A8D
:208E60004FF47A7101FB00512346114816F0BCFD4FF0FF30EEE600BF9018002014C103084D
:208E800030810308801800200D8A0108F080030870180020947F0308F8C003081880030817
:208EA00074180020E07F03084C80030898800308647F030800B583B00DF10600F8F7F8FDE4
:208EC000BDF80630054A01464FF47A7C0CFB0131034816F089FD13F079FC00BFD4C00308F2
:208EE000608103082DE9F04F8BB004A8F8F7E0FDBDF81030964E974D02464FF47A7101FB4F
:208F00000231954816F070FD0023CDE90433CDE90633CDE908334FF4FA6703E0A20738D4A2
:208F20002B68BBB930683B460022022113F018FE041EF3DAA11C6ED12B68002BF0D104A89D
:208F4000FFF7F6FD0446002839D12B684FF0FF37002BE7D0DFF80492DFF804A230684FF001
:208F6000FF330022032113F0FBFD002836DA0230F4D003A8F8F79CFDBDF80C30794A014622
:208F80004FF47A7404FB0131774816F02DFDFFF791FFFFF73DFEB0F10008FADCC0D003A80F
:208FA000F8F786FDBDF80C406E4A4FF47A7101FB004143466D4816F017FDFFF77BFF03A8A8
:208FC000F8F776FDBDF80C204FF47A7101FB00212346644A664816F007FDA1E710F00208A2
:208FE00000F0010766D137BB3C46BB4654EA0B03B4D003A8F8F75CFDBDF80C50594ACDF891
:2090000000B04FF47A7101FB00512346594816F0EBFCFFF74FFF03A8F8F74AFDBDF80C50F8
:20902000504A4FF47A7101FB00512346524816F0DBFCFFF73FFF444600231A46D9F8000029
:2090400003A914F019F8C31C05462ED000286AD1D9F8000014F054F805460398FFF768FD62
:20906000834670BB03990B683BB3DAF8000008F069FD8346DAF8000008F080FDBBF1000F04
:2090800042D0002CAB460DDDB8F1000FD4D0FFF7BFFD0446002FCFD10028F8DCBBF1000FD9
:2090A000F5DCA3E7002DEFDCA0E7002C29DDB8F1000FC1D04FF0000BE9E7084616F090FA63
:2090C000DFE70DF10A00F8F7F3FCBDF80A204FF47A7101FB00215B46284A294816F084FCB0
:2090E0000398D0F800B0BBF1000F07D00023D0F805001A464FF0FF31D847039816F070FAE2
:20910000BFE74FF0000B71E70DF10A00F8F7D0FCBDF80A30194A4FF47A7101FB0031194836
:2091200016F062FCDCE70DF10A00F8F7C1FCBDF80A204FF47A7101FB00212B460F4A124806
:2091400016F052FC002C4FF0FF3B9DDC51E700BF8C180020701800208C8103089418002056
:209160008018002040C10308A0820308508203080C82030850830308D4810308E0C003089F
:20918000D48203080C830308647F03082DE9F043DFF8189185B01F46D9F800300191002BC5
:2091A00042D0434C0646206800283DD04FF0FF31904613F073FD3F4B20681D6801350ABFB7
:2091C00001222A4615461A6013F09AFD36B3182016F080F904460394002C56D00C9B01987A
:2091E0002360C4F80550C4F809702671C4F80D00B8F1000F00D057BB0023D9F800001A4658
:2092000003A913F0F1FE044628BB2B4B0121186813F028FC284605B0BDE8F08307F11800F9
:2092200016F058F90446D6E703A8F8F741FCBDF80C30224A01464FF47A74214804FB01318A
:2092400016F0D2FB0025284605B0BDE8F083AEB1C4F81180D0E7039816F0C2F90DF10A0014
:20926000F8F726FCBDF80A50144A4FF47A7101FB00512346134816F0B7FBE3E73A464146A8
:2092800004F1110017F0EEFAB6E70DF10A00F8F70FFCBDF80A30094A01464FF47A7404FB81
:2092A0000131094816F0A0FBCCE700BF94180020881800207C1800208C1800209CC00308AD
:2092C00088830308F8830308B883030810B5644C206882B0002853D0624C2268002A64D09C
:2092E000614C2268002A77D0604C2368002B00F08A805F4C2068002800F09B805D4C2168D2
:2093000031B35D480021FFF79FFA04460DF1060074B9F8F7CDFBBDF8063002464FF47A7181
:20932000564801FB023116F05FFB204602B010BDF8F7BEFBBDF80630514A4FF47A7101FBC3
:20934000003123464F4816F04FFB204602B010BD4D4A4E4813F0E0F920600028D1D10DF156
:209360000600F8F7A5FBBDF80630454A01464FF47A74474804FB013116F036FB0624D4E78A
:2093800013F04CFB20600028A6D10DF10600F8F78FFBBDF806303A4A01464FF47A7404FB01
:2093A00001313C4816F020FBE8E70421052013F0CBFD2060002893D10DF10600F8F778FB80
:2093C000BDF806302E4A01464FF47A7404FB0131314816F009FBD1E70421052013F0B4FD48
:2093E0002060002880D10DF10600F8F761FBBDF80630234A01464FF47A7404FB01312748B5
:2094000016F0F2FABAE708F099FB206000287FF470AF0DF10600F8F74BFBBDF80630184A6D
:2094200001464FF47A7404FB01311D4816F0DCFAA4E713F0D9FB206000287FF45FAF0DF1B9
:209440000600F8F735FBBDF806300D4A01464FF47A7404FB0131134816F0C6FA8EE700BFA7
:209460008C1800209418002090180020801800208818002084180020158A01089085030898
:2094800074C103085485030890C10308E58E01082885030830840308608403089884030843
:2094A000CC840308FC84030838B5084D04464FF0FF31286813F0F2FB94E80300044B83E812
:2094C00003002868BDE8384013F01ABC881800207418002010B582B0049CA8B1A1B19CB108
:2094E0008DF805208DF8063000220B4603218DF807208DF80410019904940246012002B0DE
:20950000BDE81040FFF742BE01A8F8F7D1FABDF80430064A01464FF47A7404FB01310448CF
:2095200016F062FA002002B010BD00BFB8C00308C885030830B587B000240546CDE90451FA
:209540000094082304AA20460621FFF71FFE07B030BD00BF30B585B0002405460094042357
:2095600002AA082120460295FFF710FE05B030BD00B585B0002300901A4604211846FFF7FD
:2095800005FE05B000BD00BF00B585B0002300901A460C211846FFF7F9FD05B000BD00BFF2
:2095A00010B584B004460091042302AA0D2100200294FFF7EBFD04B010BD00BF00B585B018
:2095C0000B4600920E2102460120FFF7DFFD05B000BD00BF10B584B004460091042302AA66
:2095E0000F2100200294FFF7D1FD04B010BD00BF00B585B008B10B4681B903A8F8F758FA67
:20960000BDF80C300A4A4FF47A7C01460CFB0131084816F0E9F9002005B000BD10210092BF
:20962000024600200391FFF7B1FD05B000BD00BF7CC00308C885030810B584B004460091E6
:20964000042302AA112100200294FFF79FFD04B010BD00BF00B585B0024600200090052373
:209660001321FFF793FD05B000BD00BF00B585B0002300901A4614211846FFF787FD05B040
:2096800000BD00BF00B585B000234FF0150C8DF80D000A46ADF80E308DF80CC0009203999D
:2096A0001A461846FFF772FD05B000BD00B585B0002312228DF80C208DF80D00ADF80E30AE
:2096C000039900931A461846FFF760FD05B000BD00B585B0002300931A4616211846FFF74D
:2096E00055FD05B000BD00BF00B585B0002300901A4617211846FFF749FD05B000BD00BFE7
:20970000032A2DD900F0030330B5C3F104040D6805602144043A1A448B0720440D4626D164
:20972000032A16D9151F25F0030E0EF1040EA1F1040C864403465CF8044F43F8044B734504
:20974000F9D125F003030431043002F0030219441844022A26D0032A36D0012A26D030BDA8
:20976000022A2AD0032A24D0012A2AD07047032AEFD9A2F1040E2EF0030C0CF1040C84442A
:20978000034651F8044B43F8044B6345F9D102F003022EF0030304350430022A05EB030144
:2097A0001844D8D111F8013B00F8013B0B78037030BD11F8013B00F8013B11F8013B00F892
:2097C000013B0B780370704711F8013B00F8013B11F8013B00F8013BE8E700BF032A27D9F3
:2097E00000F00303043A10B51A4401EB012404EB0444C3F10403032A0460184411D9A2F1A5
:20980000040E2EF0030C0CF1040C8444034643F8044B6345FBD104302EF0030E02F0030293
:209820007044022A13D0032A0FD0012A11D010BD022A06D0032A02D0012A04D0704700F8D1
:20984000011B00F8011B0170704700F8011B00F8011B017010BD00BF032A10B4034614D964
:209860000C68D0F800C0A44518D010BC7047D1F800C01C6864451846A2F1040203F10403F0
:2098800001F10401F1D1032AF1D8022A27D0032A1FD0012A29D0002010BC704700F0030020
:2098A000C0F104042144043A0244880723448C46E9D1032A02D8E8E7032A21D91C685CF8AF
:2098C000041B8C421846A2F1040203F10403F3D0CBE718780A7890420FD10133013118787A
:2098E0000A78904209D1013301311C780A78944214BF1846002010BC7047184610BC704733
:209900006146C2E7FEE700001E491F4A4AF65523CAF65523914202DA41F8043BFAE71B49E6
:209920001B4A4BF6EF63CDF6AD63914202DA41F8043BFAE71749184A45F2AA53C5F2AA53AA
:20994000914202DA41F8043BFAE7144885460EF08FF813481349144A002302E0D458C450F9
:209960000433C4188C42F9D3104A114C002301E013600432A242FBD316F04EFFF7F766FC81
:20998000FEE700000000002000080020000800201008002058AA002000B000200008002020
:2099A00010080020380A0020F8D80308680A002058AA002000B5002083B013F015F90A4B10
:2099C000186008B103B000BD0DF10600F8F770F8BDF8063002464FF47A7101FB02310348B0
:2099E00016F002F800BEFEE7981800200486030870B5002182B0012009F07CFF05F026FE39
:209A0000012824D1002635464C4C002005F030FE0021012009F06EFF4FF0FF31206813F00A
:209A20003DF9474B0DF106001D70F8F741F8BDF806304FF47A7101FB00313246414815F059
:209A4000D3FF206813F05CF9284602B070BD0021012009F04FFF032005F00AFE4FF40061BA
:209A60004FF090400FF042FA4FF4805104464FF090400FF03BFA012C01D101282FD00121B2
:209A80000846314D09F036FF022005F0F1FD286805F0ECF956210446286802F0EBFCDCB1A6
:209AA000D0B10021012009F025FF042005F0E0FD4FF400614FF090400FF018FA4FF48051F8
:209AC00004464FF090400FF011FA012C01D101281CD00126354697E70226354694E70520AC
:209AE00005F0C6FD4FF400614FF090400FF0FEF94FF4805104464FF090400FF0F7F9012C7C
:209B0000BDD10128BBD1042635467DE7052005F0AFFD4FF400614FF090400FF0E7F94FF45E
:209B2000805104464FF090400FF0E0F90443E4B2002CCED10326354666E700BF98180020FB
:209B40009C18002024860308C008002010B5064C4FF0FF31206813F0A1F8044B20681C787F
:209B600013F0CEF8204610BD981800209C1800202DE9F04FDFF8F4B289B04FF0FF34224660
:209B80000021072012F0CCFE044612F0A9FD002C064680F23081A71C40F0C181DFF8D0A2A6
:209BA0004FF0FF31DAF8000013F078F8B14B0393039B1B78002B48D101F0BCFCAE4BAF4950
:209BC000D3F800C004900246B1464FF011080023012707FA03F010EA0C0F11D0107880078B
:209BE0000ED08D699488701BABFB000EB4EB9E1F06D82CB14D453CBFA9465FFA83F88E61E0
:209C00000133112B01F11C0102F10602E1D1B8F1110F049819D008EB480800EB480210F84A
:209C2000183090788DF81A0002218DF81B1052788DF81C20C3F3400106A803F001038DF8B6
:209C400018108DF81930FFF705FDDAF80000DFF8308213F055F8DAF800004FF0FF3113F027
:209C60001DF8D8F800200024012303FA04F52A424CD10134112CF8D1DAF8000013F040F8D0
:209C8000DAF800004FF0FF3113F008F8D8F80030002B00F0E7804EF66024039B1D7885BBC3
:209CA00001F048FC744B75491F684FF0FF3C2B4601224FF47A7E0AE0AD1BAC4528BFAC46A6
:209CC0000133112B01F11C0100F1060016D002FA03F53D42F4D00578AD07F1D0B0F80480D3
:209CE0008D690EFB0855AE42E6D30133112B4FF0000C01F11C0100F10600E8D1644528BF55
:209D00006446DAF8000012F0FBFF38E7C4EBC4035A4F9A0057F82300059207EB8309564BCB
:209D2000196829400039D9E9012318BF01210090204605F0ABFD0490002800F00C81D9F884
:209D40001420002A40F0B0804E4904980DF0FEFC8146002840F0C780D8F80030DAF80000E3
:209D600023EA0503C8F8003012F0CAFF464B4FF0FF31186813F06AF88146049805F016FDC3
:209D8000DAF800004FF0FF3112F088FFB9F1000F04D13E4B1B78002B3FF46EAF06A8F7F738
:209DA00087FEBDF818303A4A4FF47A7101FB00312346384815F018FED8F80030DAF800006C
:209DC0002B43C8F8003012F09BFFDAF800004FF0FF3112F063FF06A8F7F76AFEBDF81840D3
:209DE0002D4A01464FF47A750B2305FB01412B4815F0FAFD4FE7DFF878A04FF0FF31DAF82E
:209E0000000012F04BFFA5070ED506A8F7F750FEBDF8183002464FF47A7101FB0231204873
:209E200015F0E2FD01F0E4FA124B039364071B787FF5BEAE002B7FF408AF0F4B1B68002B41
:209E40003FF4BAAE06A8F7F733FEBDF818304FF47A7101FB0031134815F0C6FD039A01235E
:209E60001370F2E64FF0FF3417E700BFD34D6210A81800209D1800208C1A0020AC18002067
:209E8000881A0020919F0108A01800209E180020B4C10308F8870308D0C1030824880308BC
:209EA000B0860308FC86030805990C313944D20005F024FD814600283FF446AF06A8F7F7E1
:209EC000F7FDBDF818304FF47A7101FB00314A46274815F089FD274904980DF037FC8146A9
:209EE00000283FF439AF06A8F7F7E2FDBDF818204FF47A7101FB00214B461F481F4A15F006
:209F000073FD049805F052FCDAF8000012F0F8FEDAF800004FF0FF3112F0C0FE5BE706A837
:209F2000F7F7C6FDBDF81810154A4FF47A7505FB00112346134815F057FD06A8F7F7B8FD83
:209F4000BDF818300E4A014605FB01310E4815F04BFD12F03BFC06A8F7F7AAFDBDF8183017
:209F60004FF47A7101FB0031084815F03DFDCBE780870308919F0108C8870308B4C1030820
:209F8000D0C103084C86030888860308488703080349044B024608681A7012F09BBF00BF5D
:209FA000A01800209E1800202DE9F04FDFF834810126D8F8009086409B4609EA0603003BAD
:209FC00018BF01238B428BB043D004460D46002A58D0BBF1000F57D1DFF80CA1E700391BDA
:209FE0000AEB8103012DC3F814B04FEA8101039333D006A815F030FED8F80070039B069A88
:20A000009A6027EA0607C8F80070002F4FD0DFF8DC900DF1160A5046F7F74AFD99F80030BD
:20A020000193D8F8003000932246BDF816402B4601464FF47A7505FB01412D4815F0D4FC10
:20A040002C4A2D491368086833430121136012F0EBFB00200BB0BDE8F08F49EA0602C8F83C
:20A0600000205AF80120DFF88490013208A84AF8012015F0F1FD089A039B0DF1160AC3E91F
:20A080000122C8E79346A7E7C0EBC000DFF858A0BBF1050F4FEA800028BF4FF0050B0C3062
:20A0A000114650445A46E70016F0DCFB97E7134B089308A80DF1160A8DF82470FFF7CAFA39
:20A0C0005046F7F7F5FCBDF81630DFF820904FF47A7101FB00310A4815F086FC89F8007064
:20A0E00099E700BF8C1A0020AC1800209D180020A0880308881A0020A418002001010002CD
:20A100005C88030810B52B482B492C4B002482B04FF4EE7204600C6029481C70214616F0FA
:20A12000FFFA204612F060FD264B186008B322462146012012F016FE234B186048B1234A6B
:20A140002348214612F0E8FA224B186008B302B010BD0DF10600F7F7ABFCBDF8063002465E
:20A160004FF47A7101FB02311B4815F03DFC00BEFEE70DF10600F7F79BFCBDF80630024682
:20A180004FF47A7101FB0231134815F02DFC00BEFEE70DF10600F7F78BFCBDF8063002468A
:20A1A0004FF47A7101FB02310B4815F01DFC00BEFEE700BF8C1A0020881A00209E18002011
:20A1C000AC180020A8180020A0180020E8C10308719B0108A4180020048603082DE9F04162
:20A1E000104F04460D4638684FF0FF311646984612F054FD102C0ED8012D0CD84346324692
:20A2000029462046FFF7D0FE0024386812F078FD2046BDE8F0813868012412F071FD204653
:20A22000BDE8F081A818002070B50F4E04460D4630684FF0FF3112F031FD102C0DD8012D83
:20A240000BD800231A4629462046FFF7ADFE0024306812F055FD204670BD3068012412F0C0
:20A260004FFD204670BD00BFA818002038B5084D4FF0FF31286812F011FD064B28681C68AA
:20A28000003C18BF012412F03BFD204638BD00BFA81800208C1A0020024B0421186812F098
:20A2A000C3BA00BFA418002038B5A8B10546102016F056F9044678B10121284616F034F93A
:20A2C000206030B10023ED00C4E90135E360204638BD204616F04CF90024204638BD00BF9D
:20A2E00070B5064690B10C4669B10846FFF7DCFF054630B1224600683146E40016F0B2FA18
:20A300006C60284670BD0D46284670BD0546F8E748B110B50446006816F02AF92046BDE81A
:20A32000104016F025B9704700B14068704700BF10B140680730C008704700BF00B18068EC
:20A34000704700BFB0B3A9B3A2B343682DE9F04706468068D41884422ED8D80803F0070CA9
:20A3600001270023DC0835680C5D15F8008003F0070A07FA0CF944FA0AF4E4070CF1010CE0
:20A3800048EA090E05445FFA8EFE03F1010358BF28EA090EBCF1080F04BF4FF0000C01300B
:20A3A0009A4285F800E0DDD17368134400207360BDE8F087012070470320F9E700B583B0B2
:20A3C000CDE900236946049AFFF7BCFF03B000BD00B10068704700BF10B100234360C360FD
:20A3E000704700BF28B143688B4202D3C160002070470120704700BF98B391B38AB3C3683B
:20A4000070B5054640689C1884422CD80024D80803F0070E0C70A446264600E00C782B68D1
:20A420001B5C43FA0EF303F001030EF1010EBEF1080F0CF1010C03FA06F344EA030404BFA4
:20A4400001304FF0000E1CF0070608BF4E700C7008BF01319445E1D1EB6863440020EB607B
:20A4600070BD01207047032070BD00BF80B584B000AF78600B46FB70FB78002B00F06481A9
:20A4800048220021A84816F04BF90023FB7355E1FB7B1B017A6813445B7B013B1E2B00F218
:20A4A000498101A252F823F065A50108BFA50108CFA501081BA6010835A7010835A5010843
:20A4C00025A5010845A5010855A5010835A7010835A7010887A6010897A6010867A6010857
:20A4E00077A6010835A7010835A7010835A7010835A7010835A70108A7A6010835A7010882
:20A5000035A7010835A7010835A7010835A7010835A7010835A7010835A7010835A7010813
:20A52000B7A60108FB7B1B017A6813449B687E4A9360EEE0FB7B1B017A6813449B687A4ACC
:20A54000D360E6E0FB7B1B017A6813449B68764A1361DEE0FB7B1B017A6813449B68724AB8
:20A560005361D6E0FB7B1B017A6813449B686E4A9361FB7B1B017A6813449A7B6A4B1A77D1
:20A580006A4B1B684FF0FF31184612F087FBFB7B1B017A6813449B681846F5F785FD03464F
:20A5A000634A1360FB7B1B017A6813449A7B604B1A715E4B1B68184612F0A2FBA9E0FB7B3D
:20A5C0001B017A6813449B68574A9362A1E0FB7B1B017A6813449B68534A5363534B1B68CA
:20A5E0004FF0FF31184612F059FBFB7B1B017A6813449B681846F5F757FD03464C4A9360FA
:20A60000FB7B1B017A6813449A7B494B1A73474B1B68184612F074FB7BE0FB7B1B017A6886
:20A6200013449B68404A9363404B1B684FF0FF31184612F033FBFB7B1B017A6813449B6867
:20A640001846F5F731FD0346394A1361FB7B1B017A6813449A7B364B1A75344B1B681846F2
:20A6600012F04EFB55E0FB7B1B017A6813449B682D4A13624DE0FB7B1B017A6813449B68A5
:20A68000294A536245E0FB7B1B017A6813449B68254AD3623DE0FB7B1B017A6813449B6810
:20A6A000214A136335E0FB7B1B017A6813449B681D4AD3632DE0FB7B1B017A6813449B685E
:20A6C000194A1364FB7B1B017A6813449A7B164B83F84420154B1B684FF0FF31184612F0CE
:20A6E000DDFAFB7B1B017A6813449B681846F5F7DBFC03460E4A9361FB7B1B017A68134434
:20A700009A7B0B4B1A77094B1B68184612F0F8FA00BFFB7B1B017A681344D3E90023024960
:20A72000C1E9002307E000BFC02D0020D81A0020AC1A002000BFFB7B0133FB73FA7BFB78E2
:20A740009A42FFF4A5AE00E000BF1037BD4680BD90B589B002AFC7E902017A603B60002337
:20A76000BB750023FB753B6803F40053002B19D0FB7D864A1B0113440D330E221A70FB7DE8
:20A78000834A126881491B010B4408331A60FB7D7E4A1B01D118D7E90223C1E90023FB7D19
:20A7A0000133FB753B6803F00403002B19D0FB7D7A68926875491B010B4408331A60FB7D9A
:20A7C000724A1B0113440D3303221A70FB7D6F4A1B01D118D7E90223C1E90023FB7D0133C7
:20A7E000FB753B6803F00203002B19D0FB7D7A68126966491B010B4408331A60FB7D634A71
:20A800001B0113440D3302221A70FB7D5F4A1B01D118D7E90223C1E90023FB7D0133FB75E3
:20A820003B6803F00103002B19D0FB7D574A1B0113440D3301221A70FB7D7A68D2685349C1
:20A840001B010B4408331A60FB7D504A1B01D118D7E90223C1E90023FB7D0133FB753B6850
:20A8600003F00803002B1FD07B681B7803F02003002B19D0FB7D454A1B0113440D33042240
:20A880001A70FB7D7A68526940491B010B4408331A60FB7D3D4A1B01D118D7E90223C1E9DD
:20A8A0000023FB7D0133FB753B6803F40003002B2AD07B681B7803F02003002B24D0FB7D74
:20A8C000324A1B0113440D3318221A70314B1B78012B06D07B685B781846F5F78FF90346A3
:20A8E00001E04FF00003FA7D284912010A4408321360FB7D254A1B01D118D7E90223C1E9C4
:20A900000023FB7D0133FB75234B1B78012B1DD1FB7D1E4A1B0113440D3317221A701F4B1D
:20A920001B78FC7D1846F5F765F90246174923010B4408331A60FB7D144A1B01D118D7E9F8
:20A940000223C1E90023FB7D0133FB75FB7D002B17D00F237B75FA7D07F115030093104BC8
:20A960000A491048EEF72CFA0346BB757B7D19460B48FFF77BFD97F91630002B01D000239B
:20A9800000E0012318461C37BD4690BDF82E0020B82F0020863C002014080020883C002063
:20A9A000082E0020BC2F002070B5174B1B78012B1AD0164B1C78ACB1154E164B327802EB59
:20A9C000420103EBC10E01328446D5B2BEE80F00ACE80F009EE80300AC428CE803000ED8C7
:20A9E000013C3470002070BD0A4C84460FCCACE80F0094E803008CE803000020F3E7601B20
:20AA00003570C0B270BD00BF873C0020853C0020843C00208C3C0020012814BF0148024818
:20AA2000704700BF7E735A3B3BAAAA3E024B0221186811F0F9BE00BF8C1B00202DE9704158
:20AA4000284C85B008220346FFF7E6FF8DF80F202275012284F824200F2284F834200222AC
:20AA600084F83C200322072184F844200422217184F84C2006210C2221734FF00E080921C9
:20AA800084F854200D261522012B2060A06020612177A061206284F82C80A0622063A06364
:20AAA0002064A0642065A065206684F85C6084F864200BD032460DF10F040B4B0949009426
:20AAC0000A48EEF76FF905B0BDE8708108490546F5F7A4FA0028EDD01F2384F86C30A5661C
:20AAE0004246E8E71C1B0020DC1A0020BC2F00207E735A3B30B5044685B03348EEF74AF9FA
:20AB000000282DD1314D012C2C7027D0E4B9304B304C314931481C6040F22A2215F0A2FEAB
:20AB20004FF4805200922E4B2C49274840F22A22EEF754F90446002836D12878FFF77EFFD5
:20AB40000446F0B905B030BD0023214C25492348236040F22A2215F085FEE1E7224BF4E75E
:20AB600005460DF10E00F6F7A3FFBDF80EC01F4A4FF47A7101FB00C12B461D4814F034FF0B
:20AB8000C0E70DF10E00F6F793FFBDF80E50174A01464FF47A7C174823460CFB015105B0B9
:20ABA000BDE8304014F020BF0DF10E00F6F780FFBDF80EC00D4A4FF47A7101FB00C12346F7
:20ABC0000D4814F011FFB8E7BC2F002014080020B82F00208D97EE3E0CC20308902B00201B
:20ABE000901B002038C403088716193E78C60308084303087C4303083C43030870B5194D11
:20AC0000194C2968002002F05BFC2968204602F025FC00B170BD154E296896F83B3096F872
:20AC20003C206370204696F83A302270A37002F0AFFC0028EED10E49F3682A68C1F802302F
:20AC4000012420460C7003F08FF80028E2D12968204602F035FC0028DCD1064A064B147084
:20AC60001C7070BDEC3C0020F03C0020782F0020D83C0020873C0020863C002070B5204E34
:20AC8000204C3168204602F0E9FB00B170BD1E4D316895F83B3095F83C206370204695F8EA
:20ACA0003A302270A37002F073FC0028EED132682146022002F04AFD144B1549A3FB002363
:20ACC0009B0995F838000874C3F18C0301244B8232680C7005F11003022024358B60CD60A8
:20ACE00003F042F80028D1D13168022002F0E8FB0028CBD10749084A02230B70137070BD17
:20AD0000EC3C0020F03C0020782F0020D34D6210D83C0020873C0020863C00202DE9704F78
:20AD2000B24CDFF8CC92B34DB34E92B002468A46206808924FF0FF3111F0B0FF24220021DD
:20AD4000AE4815F0EDFC48220021AD4815F0E8FC00214022A74815F0E3FCAA4B20680122B0
:20AD60001A6011F0CDFF11F0BBFC07900EE095F83E30002B3ED111F0B3FCD5E90031A0FBE0
:20AD80000602984272EB0104C0F0EF809C4B1B7F534580F09E8011F0A3FC079BC01AA9FBE9
:20ADA0000030089BB3EB901F40F29380964A95F83E30137011F094FCA0FB064800959348E6
:20ADC00022464346EEF736F8B0F1000BC0F2BE80CDD00CA8F6F76CFEBDF830304FF47A71E8
:20ADE00001FB00315A468A4814F0FEFD95F83E30002BC0D00121002008F07CFD95F83E3051
:20AE0000012B61D0022B03D1FFF738FF95F83E305BB195F83D30ABB901BE95F83D308BB945
:20AE20000021084608F066FDA5E795F83D30002BF6D000BE95F83E2095F83D30002AE8D14B
:20AE4000002BEDD0DFF8CCB17349DBF8002095F83E0002F07BFC714A938812784FF47A7145
:20AE600002FB03F301FB0300A9FB0030800911F0B7FD6B4A6B491078DBF8003000220A703E
:20AE800069490A706949684A02F0CEFC0028C7D1654B1B78002BC3D0CDE90C00CDE90E001F
:20AEA000CDE910000CABCDF824A0A3469A465046FFF77AFD9DF830309A06044677D4002C6A
:20AEC000F5D1DDF824A0ABE7FFF798FE95F83E309EE70CAC2046494CF6F7EAFD257FA3693E
:20AEE000BDF83020059504934FF47A7123693F4D01FB0021227D4E48CDE90232227BA368F2
:20AF0000CDE900322268237914F06EFD4FF0FF31286811F0C3FE11F0E3FB354BA3FB0023D3
:20AF20009B092868236211F0EBFE204605F00EFE002104460CF00AFC10B912B0BDE8708F6B
:20AF4000204612B0BDE8704F04F030BC0CAC2046F6F7AEFDBDF830304FF47A7101FB00315F
:20AF60005A46344814F040FDB4E7181A61EB02010023214AF5F7B8F800210246062011F09E
:20AF8000CFFC00282ADA831C3FF400AF0CAC80462046F6F78DFDBDF83030274A4FF47A712A
:20AFA00001FB00314346254814F01EFD92E7AB68524658464146FFF7CBFB00287FF47FAF81
:20AFC0000DF12E00F6F774FDBDF82E304FF47A7101FB00311A4814F007FD70E7194B01460D
:20AFE000186812B0BDE8704F11F01EBCD81A0020D34D6210782F002040420F00AC1A0020EE
:20B00000C02D0020901A0020863C0020BC2F0020EC430308EC3C0020F03C0020D83C00206A
:20B02000873C0020843C0020853C00208C3C002090440308B84303088CC6030850440308A3
:20B04000204403088C1B00202DE97047624B1B6885B0002B7BD000F047FB037A0646002BEC
:20B0600062D1304600F082FB5C4D4FF0FF320021072011F055FC041E2DDB610778D4A20780
:20B080003DD596F800A0D6F8048096F80190544C0DF10E00F6F70CFDBDF80E30CDF8009015
:20B0A0004FF47A7101FB0031524643464D4814F09BFC5046FFF71EFD49464046FFF72EFE06
:20B0C00020684FF0FF3111F0E9FD002320682B6011F016FEC9E7A01CC7D00DF10E00F6F74B
:20B0E000E7FCBDF80E50404A01464FF47A76234606FB01513D4814F077FC11F067FBE30751
:20B1000044D5374C4FF0FF31206811F0C7FD384B2068D3F80080374B93F80090364B93F8D8
:20B1200000A011F0EDFDB3E7C36834484FF47A7103FB01F114F0E8FE304814F01BFF00287D
:20B1400045D02F4B0221186811F06EFB89E70DF10E00F6F7ADFCBDF80E30234A01464FF457
:20B160007A7404FB0131274814F03EFC11F02EFB00F03AFA00F0B8FA0646204814F074FEE9
:20B18000337A9BB9304600F0F1FA6EE70DF10E00F6F78EFCBDF80E204FF47A7101FB002157
:20B1A0002346114A184814F01FFC5EE7144B0221186811F039FBF36810484FF47A7103FBF1
:20B1C00001F114F0A1FE0D4814F0D8FDDAE70B4814F0D4FDB5E700BFEC3C0020901A002056
:20B1E000D81A0020844503089CC6030850440308D41A0020D11A0020D01A0020941A00206C
:20B200008C1B0020F84403084C45030830B52F4D044685B000F0E8F92C60BCB10121002098
:20B2200008F068FB286802F07BF80021084608F061FB00F059FA0078FFF75CFC0021244B62
:20B2400024480091012214F05FFD78B9002011F0CBFC214B1860C8B1204A2148002111F003
:20B260005BFA204B186008B305B030BD0DF10E00F6F71EFCBDF80E3002464FF47A7101FBC1
:20B280000231194814F0B0FB00BEFEE70DF10E00F6F70EFCBDF80E3002464FF47A7101FB60
:20B2A0000231114814F0A0FB00BEFEE70DF10E00F6F7FEFBBDF80E3002464FF47A7101FB69
:20B2C0000231094814F090FB00BEFEE7EC3C00202DAA0108941A0020D81A00201808002070
:20B2E00049B001088C1B0020D04503082DE970411C4B984285B004460D46164603D8032928
:20B3000001D8012A13D90DF10E00F6F7D1FBBDF80EC0154A01964FF47A7101FB00C100957F
:20B320002346124814F060FB05B0BDE87081DFF840804FF0FF31D8F8000011F0AFFC0D4BC6
:20B340000D4A1C600D4BD8F800001E70157011F0D7FC0B4B1868012105B0BDE8704111F007
:20B3600063BA00BF8051010064C60308F0450308D81A0020D41A0020D11A0020D01A002075
:20B380008C1B0020024B0421186811F04DBA00BF8C1B002070B50B4E0B4D04464FF0FF31D7
:20B3A000306811F07BFC0FCDA446ACE80F000FCDACE80F002B683068CCF80030BDE8704021
:20B3C00011F09EBCD81A0020AC1A002010B5064C4FF0FF31206811F061FC044B20681C6853
:20B3E00011F08EFC204610BDD81A0020901A002070B54349434882B0662215F033FA424900
:20B400004248222207F046FA00283BD0052804460DF1060544D12846F6F74AFBBDF80630D4
:20B420003B4E02464FF47A7101FB0231394814F0DBFA394A324902F111048B88087802F8F1
:20B44000010FA6FB03C31B09013B9442537401F10601F2D12C492D48222207F057FA0646FA
:20B4600068BB2D49274A11F8013F13704B7C01330632C3EB03135B008C4222F8023CF2D1BB
:20B4800002B070BD204B03F1110113F8012B032A24D81A7C3F2A21D88B42F6D11F4CE0E73E
:20B4A0002846F6F705FBBDF806301D4A4FF47A7101FB003123461B4814F096FAABE7284624
:20B4C000F6F7F6FABDF80630174A4FF47A7101FB00313346154814F087FAC2E70DF10605DB
:20B4E0002846F6F7E5FABDF806300D4A4FF47A7101FB003101230E4814F076FA8BE700BF56
:20B5000010C70308203D0020F83C0020F88803088988888830890308F73C0020083D002050
:20B52000F0C6030800890308D4C60308608903089089030800487047203D0020004870477E
:20B54000F83C002010B582B070B384460CF11002013810F8013F032B26D8437C3F2B23D8D3
:20B560009042F6D11B4B012003F11104C3F1000E0EEB030200FA02F20A4206D09CF800201E
:20B5800003F8112C9CF811201A700133A3420CF1010CEDD110491148222207F0B7F904465C
:20B5A00030B9204602B010BD0124204602B010BD0DF10600F6F77CFABDF80630084A4FF4CC
:20B5C0007A7101FB00312346064814F00DFA204602B010BD093D0020F83C0020F888030867
:20B5E000ACC603086089030870B5364C364882B01022214607F04EF918B3052805460DF16B
:20B60000060640D13046F6F753FABDF806104FF47A7505FB00112D4814F0E6F94FF4007242
:20B6200022804FF46162626000222272284B25492548E360102207F069F9044690BB02B087
:20B6400070BD2378012B0DD86378032B0AD86368204AA3F59673934204D8E368A3F59673B3
:20B660009342ECD90DF106063046F6F721FABDF80630194A4FF47A7101FB00310823174875
:20B6800014F0B2F9BEE73046F6F712FABDF806204FF47A7101FB00212B460F4A104814F09B
:20B6A000A3F9AFE73046F6F703FABDF806100A4A05FB00110B48234602B0BDE8704014F001
:20B6C00093B900BF883D0020C8890308088A030880510100545001009CC70308D089030838
:20B6E000008903086089030800487047883D002010B582B058B30378012B014627D8437834
:20B70000032B24D84268B2F5967F20D3C3681248A3F5967383421AD8104B9A4217D810484B
:20B72000102207F0F3F8044690B10DF10600F6F7BFF9BDF806300B4A4FF47A7101FB003126
:20B740002346094814F050F9204602B010BD0824204602B010BD00BF5450010080510100B6
:20B76000C88903088CC703086089030810B586B0B8B104460DF11600F6F79AF9BDF81630DE
:20B7800022784FF47A7101FB003163786068CDE90132E368227A00900B4814F025F906B086
:20B7A00010BD0DF11600F6F783F9BDF81630074A01464FF47A74064804FB013106B0BDE8A1
:20B7C000104014F011B900BF688A030878C70308388A030800487047B0C7030870B5364C50
:20B7E000364882B00C22214607F054F8F0B1052805460DF106062FD13046F6F759F9BDF834
:20B8000006104FF47A7505FB00112D4814F0ECF82C4B93E8070084E80700274927480C22F9
:20B8200007F074F8044630BB02B070BDE388228913439BB2B3F5805F2CD26388B3F5805FE1
:20B8400028D2A288B2F5805F24D22188072921D89342E9D308251EE03046F6F729F9BDF880
:20B8600006204FF47A7101FB00212B46164A174814F0BAF8C0E73046F6F71AF9BDF8061089
:20B88000114A05FB00111248234602B0BDE8704014F0AAB81C250DF106063046F6F708F95D
:20B8A000BDF806204FF47A7101FB00212B46064A084814F099F89FE7983D0020B08A0308FC
:20B8C000B88A030808C80308F4C7030800890308608903089089030800487047983D0020DA
:20B8E00030B583B0002841D0C388B3F5805F014628D20389B3F5805F24D24388B3F5805F89
:20B9000020D28288B2F5805F1CD20088072819D893422FD219480C2206F0F8FF044610B3B0
:20B920000DF10600F6F7C4F8BDF80630144A4FF47A7101FB00312346124814F055F820463C
:20B9400003B030BD1C252C460DF10600F6F7B0F8BDF806300A4A4FF47A7101FB00310A480F
:20B960002B4614F041F8204603B030BD0124204603B030BD08252C46E6E700BFB08A030878
:20B98000E0C7030860890308908903082DE9F0412A492B4882B00E2206F07CFF88B9274E27
:20B9A000284B3088284918801A4603F1160011F8013F0A3322F8023F9042F8D102B0BDE816
:20B9C000F081052804460DF1060728D13846F6F76FF8BDF806301D4D184E01464FF47A7872
:20B9E00008FB01311A4813F0FFFF95E80F00344607C4134823800E22294606F087FF04467B
:20BA00000028CDD03846F6F753F8BDF80610114A08FB00112346104813F0E6FFC0E73846A3
:20BA2000F6F746F8BDF806300A4A4FF47A7101FB00312346094813F0D7FFC7E7A83D0020FB
:20BA4000E88A0308B83D0020A93D002044C80308F08A030830C80308208B03080089030865
:20BA600000487047B83D002000487047A83D002010B582B020B10388B3F5006F014603D327
:20BA80000124204602B010BD0C480E2206F03EFF04460028F5D00DF10600F6F709F8BDF807
:20BAA0000630074A4FF47A7101FB00312346054813F09AFF204602B010BD00BFE88A030831
:20BAC00014C80308608903082DE9F04F9349944887B0162206F0DEFE0546FFF77BFE8146BC
:20BAE000002D00F095800DF11603052D039340F0F48003988B4EDFF82482DFF82CA2F5F70F
:20BB0000D7FFBDF816304FF47A7101FB0031874813F06AFF002750E01AF835B00BF1010073
:20BB2000F4F76CF88249F4F7BDF804EB44042C443060014659F834000291F4F767F909EB76
:20BB4000C404F060029901906068F4F75FF90AEBC505019A6C68306111467461F3F798FF2A
:20BB600015F0C0FCF3F718FC15F092FDF3F71CFF7060204615F0B6FCF3F70EFC15F088FD02
:20BB8000F3F712FF0246B26088F800B0204615F0A9FCF3F701FC15F07BFD00224FF0804388
:20BBA000F3F79AFAF3F700FF01370B2F88F8010006F1180608F102081FD0FCB220460BF015
:20BBC00075FC054620460BF091FC022D0446A3D90398F5F76DFFBDF81630564A4FF47A710A
:20BBE00001FB00313B465448013713F0FDFE0B2F06F1180608F10208DFD14849484816226A
:20BC000006F084FE0446002876D107B0BDE8F08F424F444EDFF8188113E0F5F749FFBDF8A9
:20BC20001630444A4FF47A7101FB003143482B4613F0DAFE01350B2D07F1020706F118067A
:20BC4000E3D0ECB220460BF031FC824620460BF04DFCBAF1020F04460DF11600DDD8012C97
:20BC6000DBD838780130F3F7C9FF4146F4F71AF804EB4404544430608346014659F8340006
:20BC8000F4F7C4F809EBC404F060594682466068F4F7BCF87B7830610233834601209840A8
:20BCA000F3F7ACFF0446514658467461F3F7F0FE15F018FCF3F770FB15F0EAFCF3F774FE0E
:20BCC00003467360204615F00DFCF3F765FB15F0DFFCF3F769FEB060ACE71846F5F7E8FE86
:20BCE000BDF816204FF47A7101FB00212B46114A134813F079FEFCE60398F5F7D9FEBDF878
:20BD000016500C4A4FF47A7101FB00510D48234607B0BDE8F04F13F067BE00BFD03D00207F
:20BD2000548B0308E83D002084C803085C8B0308CDCCCC3D70C803088C8B0308CC8B030822
:20BD400000890308208B03080A289DBF034B00EB400003EBC0000020704700BFE83D002009
:20BD600000487047D03D002010B582B0B0B104460DF10600F5F79CFEBDF806300F4A4FF4E4
:20BD80007A7101FB00310E4813F02EFE0D481622214602B0BDE8104006F0B8BD0DF10600FC
:20BDA000F5F786FEBDF8063002464FF47A7101FB0231054813F018FE00BEFEE754C8030853
:20BDC000188C0308548B0308048603082DE9F0470646FFF7FFFC4FF000080746338843FA1F
:20BDE00008F35FFA88F4DB07204635D50BF05EFB054620460BF07AFB00EB40042C4406EB1C
:20BE0000840957F834A0B9F80200F3F7F7FE5146F3F740FEF4F722F90546B9F80400F3F731
:20BE2000EDFE5146F3F736FEF4F718F981464D45284654DCF3F7E2FE01465046F4F7EEF8F7
:20BE400000284CD107EBC4044846F3F7D7FE6168F4F7E4F8002842D108F10108B8F10B0F06
:20BE6000BCD1B37E0F2B3AD8F37E072B37D873887F2B34D8B3887F2B31D8F3897F2B2ED83B
:20BE8000338A7F2B2BD8337F0F2B28D8737F072B25D8F3887F2B22D833897F2B1FD8738AB2
:20BEA0007F2B1CD8B38A7F2B19D8B37F0F2B16D8F37F0F2B13D87389B3F5804F0FD2B3898B
:20BEC000B3F5804F0BD2F38AB3F5804F07D2308BB0F5804F34BF00200120C00000E0082016
:20BEE000BDE8F0872DE9F04F664E674883B02022314606F0CFFC002800F09F800528044613
:20BF00000DF1060940F08A804846F5F7D1FDBDF806304FF47A7101FB00315C4813F064FD44
:20BF20000027FFF757FC3780564E0446354606F1180800F1180A216860686F80F3F7A8FD78
:20BF4000F4F7B2F80346A169E069AB80EF81F3F79FFDF4F7A9F808345445288228F8027FE3
:20BF600005F10405E7D147494748202206F0CEFC0446002877D1FFF72DFC454F33883B8006
:20BF80008046002500E033882B41ECB2DB0720462CD50BF08BFA814620460BF0A7FA00EB94
:20BFA00040034B4406EB830B58F833A000EBC00009EB49028400BBF8020004EB8204F3F78B
:20BFC0001DFE5146F3F766FD3C4406EB49096060BBF80400F3F712FE5146F3F75BFDA06055
:20BFE00099F81B000130F3F709FEE06001350B2DC9D1B17E327FB37F013101320133C1EBD4
:20C000000111C2EB0212C3EB0313890092009B00C7E913127B6503B0BDE8F08F4846F5F7CD
:20C0200047FDBDF806204FF47A7101FB00212346184A194813F0D8FC66E73046FFF7C6FE16
:20C04000002898D00DF106094846F5F731FDBDF80630104A4FF47A7101FB003108230F4879
:20C0600013F0C2FC50E74846F5F722FDBDF80630084A4FF47A7101FB00312346084813F0DB
:20C08000B3FC78E7483F0020588C0308608C0308F03E0020BCC80308008903089089030870
:20C0A000208B030800487047F03E002038B505460BF0FCF9044628460BF018FA022C0BD87F
:20C0C000012809D84042054B04EB440400F0240000EB8400184438BD002038BDF43E002012
:20C0E00000487047483F002010B582B088B10446FFF76CFE48B921461748202206F006FCBF
:20C100000446B0B9204602B010BD0824204602B010BD0DF10600F5F7CBFCBDF8063002468C
:20C120004FF47A7101FB02310C4813F05DFC00BEFEE70DF10600F5F7BBFCBDF80630084A6B
:20C140004FF47A7101FB00312346064813F04CFC204602B010BD00BF588C0308048603085A
:20C160009CC80308208B0308F0B54A4D4A4883B01C22294606F08EFB002853D005280446AB
:20C180000DF1060772D105F11C043846F5F790FCBDF806304FF47A7101FB00313F4813F075
:20C1A00023FC3C4B3E4A43F8042BA342FBD14FF4C06338493848AB821C2206F0A7FB064680
:20C1C00068B13846F5F774FCBDF806204FF47A7101FB002133463348334A13F005FC334E50
:20C1E0002C4A314613785078487103EB83035B0002321E3394420B7101F10201F2D1297D42
:20C200006B7D43EAC1034FF48F627F2BF280728132833AD033B34FF4167202FB03F333600C
:20C2200003B0F0BD2B4605F11C041A780F2A09D85A78072A03F1020304D89C42CFD01A7884
:20C240000F2AF5D90DF106073846F5F731FCBDF80630154A4FF47A7101FB0031144813F031
:20C26000C3FB92E73C23336003B0F0BD3846F5F71FFCBDF806204FF47A7101FB0021234621
:20C28000094A0C4813F0B0FB7DE70B4B336003B0F0BD00BF683F0020908C0308988C0308C0
:20C2A00009040904208B0308F0C80308843F0020C88C030800890308805101000048704744
:20C2C000843F002000487047683F002070B52A4D8C4606460FCD88B001ACA646AEE80F00A9
:20C2E00095E80700BCF5804F8EE807002FD201231946B01E5A1E01FA02F212EA0C0F05D018
:20C3000004EB430230F8135022F8025C01330F2BF0D123461A780F2A19D85A78072A03F19B
:20C32000020314D808AA9A42F4D114481C22214606F0ECFA054670B90FCC0F4D0FC594E8E1
:20C340000700002385E80700184608B070BD0123184608B070BD0DF10200F5F7A9FBBDF850
:20C360000230074A4FF47A7101FB00312B46054813F03AFBE0E700BF683F0020908C030875
:20C38000D4C80308208B0308F8B5B0F80130047858BA80B240EA0440A0F5000015460E4648
:20C3A000F3F72CFC04462868F3F728FCA96807463046F3F777FC01463846F3F76BFBE968EC
:20C3C00007462046F3F76EFC01463846F3F762FB696907462046F3F765FC3146F3F762FCBB
:20C3E00001463846F3F756FB296907463046F3F759FC3146F3F756FC01463846F3F74AFB02
:20C40000A96907462046F3F74DFC2146F3F74AFC01463846F3F73EFBE96907462046F3F7B6
:20C4200041FC3146F3F73EFC3146F3F73BFC01463846F3F72FFB296A07462046F3F732FC55
:20C440002146F3F72FFC3146F3F72CFC01463846F3F720FB696A06462046F3F723FC214618
:20C46000F3F720FC2146F3F71DFC01463046F3F711FBF8BD70B584B028B30E4604464FF0D3
:20C48000FF31006810F00AFC0125D1230DF10F01002200918DF80F208DF80E30019531469F
:20C4A0002B460DF10E02204605F0A2F828B99DF80F305C2B14BF03250025206810F020FC08
:20C4C000284604B070BD0525284604B070BD00BF0023106082F8341082F8353082F83630C5
:20C4E000704700BF0000000070B58AB0002800F05D8103680446002B00F0588118684FF009
:20C50000FF31012503AE10F0C9FBCDE90065D12300228DF80C208DF80B300DF10B022B4632
:20C5200094F83410206805F063F8226803461068002B40F036819DF80C305C2B40F03A81B3
:20C5400010F0DEFB23684FF0FF31186810F0A6FBA0218DF80B1019210096019194F8341054
:20C5600020682B460DF10B0205F042F8002840F016819DF824309DF80D109DF90C001A0939
:20C5800042EA01129DF81F1003F00F0343EA01139DF91E1053EA013348BF0F3342EA003276
:20C5A000BDF80E0012111B116260A360C0BAF3F725FBF2F7F1FE82A3D3E90023F2F744FF18
:20C5C00081A3D3E90023F3F769F881A3D3E90023F2F784FDF3F708FABDF81230E060D8BAEB
:20C5E000F3F70CFBF2F7D8FE7BA3D3E90023F2F72BFF75A3D3E90023F3F750F878A3D3E97B
:20C600000023F2F76BFDF3F7EFF9BDF810302061D8BAF3F7F3FAF2F7BFFE73A3D3E900235A
:20C62000F2F712FF68A3D3E90023F3F737F870A3D3E90023F2F752FDF3F7D6F9BDF8143021
:20C640006061D8BAF3F7DAFAF2F7A6FE6AA3D3E90023F2F7F9FE5CA3D3E90023F3F71EF892
:20C6600067A3D3E90023F2F739FDF3F7BDF9BDF81630A061D8BAF3F7C1FAF2F78DFE62A366
:20C68000D3E90023F2F7E0FE4FA3D3E90023F3F705F85FA3D3E90023F2F71EFDF3F7A4F9D0
:20C6A000BDF81830E061D8BAF3F7A8FAF2F774FE59A3D3E90023F2F7C7FE43A3D3E9002375
:20C6C000F2F7ECFF56A3D3E90023F2F707FDF3F78BF9BDF81A302062D8BAF3F78FFAF2F7E4
:20C6E0005BFE51A3D3E90023F2F7AEFE36A3D3E90023F2F7D3FF4EA3D3E90023F2F7EEFC63
:20C70000F3F772F9BDF81C306062D8BAF3F776FAF2F742FE48A3D3E90023F2F795FE2AA3D9
:20C72000D3E90023F2F7BAFF45A3D3E90023F2F7D5FCF3F759F9BDF82030A062D8BAF3F738
:20C740005DFAF2F729FE40A3D3E90023F2F77CFE1DA3D3E90023F2F7A1FF3DA3D3E9002366
:20C76000F2F7BAFCF3F740F9BDF82230E062D8BAF3F744FAF2F710FE37A3D3E90023F2F75B
:20C7800063FE11A3D3E90023F2F788FF34A3D3E90023F2F7A1FCF3F727F9002520632368BC
:20C7A000186810F0ADFA28460AB070BD052528460AB070BD10F0A4FA032528460AB070BD63
:20C7C000B29DEFA7C64BB73F00000000C0FFDF409A9999999999B93FDBF97E6ABC74933F42
:20C7E0004C37894160E5A03F76830DF4F521B43EDF413ADC11C5493EB37AEA055DCA823E30
:20C800000CB8DF888B2F8C3E03C69CDE430DF83D037FF3E189A5053EC863DFAF78BD6A3D45
:20C82000840F02F22C68543D20015B6E87050B3D631AA63345EAE23C888BFFCE2BC5963C49
:20C84000BA8C194927BCA23C0395F1EF332E3C3F20D26F5F07CE793F700B1BE91F7EE03D95
:20C86000F485664906E4B43D70B330B5036885B0044633B380F83620920080F8351042EA94
:20C88000411242F0010218688DF80D20F4254FF0FF318DF80C5010F001FA002294F8341088
:20C8A00020680223CDE9002203AA04F0A1FE23680546186810F024FA281E18BF012005B04C
:20C8C00030BD062005B030BD0520704758B370B5036884B004461BB3F32218688DF80F2097
:20C8E0004FF0FF3110F0DAF901250DF10E0294F83410CDE900252B4620680DF10F0204F01B
:20C9000077FE23680646186810F0FAF92EB99DF80E0000F0080004B070BD284604B070BDA6
:20C92000062004B070BD0520704700BF002862D02DE9F041036884B00446002B53D00E4629
:20C94000002950D090F83520002A48D0FA2218688DF80B204FF0FF3110F0A0F90321019165
:20C9600003AA94F834100092012320680DF10B0204F03EFE23680546186810F0C1F9002D84
:20C9800035D1BDF80D009DF80C3040BA80B240EA0340A0F50000F3F731F90746A068F3F77D
:20C9A0002DF9E16A80463846F3F77CF901464046F3F770F8216B80463846F3F773F939469F
:20C9C000F3F770F901464046F3F764F84FF06E51F3F768F93060284604B0BDE8F0810320BD
:20C9E00004B0BDE8F081062004B0BDE8F081012004B0BDE8F0810520704700BF002865D09A
:20CA00002DE9F047036886B00446002B56D00E46002953D090F83620002A4BD0F722186831
:20CA20008DF80F204FF0FF3110F038F904AF0622CDE90072012394F8341020680DF10F0214
:20CA400004F0D6FD23680546186810F059F9002D38D1BDF814009DF8133040BA80B240EA3A
:20CA60000340A0F50000F3F7C9F88046A068F3F7C5F8E16A81464046F3F714F9014648465A
:20CA8000F3F708F8216B81464046F3F70BF94146F3F708F901464846F2F7FCFF04F1040AB7
:20CAA000014652463846FFF76FFC3060284606B0BDE8F087032006B0BDE8F087062006B017
:20CAC000BDE8F087012006B0BDE8F08705207047002872D02DE9F047036886B00446002B9E
:20CAE00063D00E46002960D01746002A5DD090F83520002A55D090F83620002A51D0F72234
:20CB000018688DF80F204FF0FF3110F0C7F80DF110080622CDE90082012394F834102068C1
:20CB20000DF10F0204F064FD23680546186810F0E7F8002D3DD1BDF814009DF8133040BA86
:20CB400080B240EA0340A0F50000F3F757F88146A068F3F753F8E16A82464846F3F7A2F83F
:20CB600001465046F2F796FF216B82464846F3F799F84946F3F796F801465046F2F78AFFA7
:20CB8000221D014630604046FFF7FEFB386030684FF06E51F3F786F83060284606B0BDE81B
:20CBA000F087032006B0BDE8F087062006B0BDE8F087012006B0BDE8F0870520704700BF83
:20CBC000034660B190F8352052B9032093F836302BB10122013B02FA03F318447047704708
:20CBE000013A012090400330F0E700BF2DE9704F804684B008461646F2F7CEFB0446404645
:20CC00000D46F2F7A7FB02460B4682468B46F2F71BFCCDE90001B6F92600F2F7ABFB7B4B23
:20CC20000022F2F759FA7A4B0022F2F70DFC22462B46F2F709FC8046B6F924008946F2F7A5
:20CC400099FB724B0022F2F747FA724B0022F2F7FBFB02460B4640464946F2F73FFA8046E3
:20CC600096F928008946F2F785FB6B4B0022F2F7EBFB22462B46F2F7E7FB22462B46F2F7B8
:20CC8000E3FB02460B4640464946F2F727FA804696F929008946F2F76DFB604B0022F2F7AA
:20CCA000D3FB22462B46F2F7CFFB22462B46F2F7CBFB22462B46F2F7C7FB02460B464046EF
:20CCC0004946F2F70BFA52465B46F2F7BDFBCDE90201B08DF2F73EFB514B0022F2F7B4FB8F
:20CCE00022462B46F2F7B0FB8046708DC0008946F2F730FB02460B4640464946F2F7EEF9E3
:20CD0000804696F92E008946F2F734FB454B0022F2F79AFB22462B46F2F796FB22462B464D
:20CD2000F2F792FB02460B4640464946F2F7D6F9804696F92F008946F2F71CFB00224FF063
:20CD40007C53F2F781FB22462B46F2F77DFB22462B46F2F779FB22462B46F2F775FB0246B5
:20CD60000B4640464946F2F7B9F902460B46DDE90201F2F7B3F9804696F932008946F2F77C
:20CD8000F9FA294B0022F2F75FFB22462B46F2F75BFB0446B6F930000D46F2F7EBFA224BF8
:20CDA0000022F2F751FB02460B4620462946F2F795F9DDE90023F2F747FB02460B46404604
:20CDC0004946F2F78BF9044696F933000D46F2F7D1FA164B0022F2F737FBDDE900238046F7
:20CDE000894650465946F2F72FFB02460B4640464946F2F729FB02460B4620462946F2F70A
:20CE00006DF9F2F7F1FD04B0BDE8708F0000D0400000203E0000B03E0000F03D0000A03D17
:20CE20000000903F0000703F0000F03C0000E03B2DE9F0478246184615460F46F2F7DEFE45
:20CE40004FF06051F2F72EFF37499DF920909DF824809DF92860F2F725FF3449F2F71AFE24
:20CE6000BAF5C87F0446504628BF4FF4C870F2F7C1FE01462046F2F715FF4FF07E51F2F731
:20CE800009FE04462846F2F7B9FE4FF07651F2F709FF2749F2F7FEFD01462046F2F702FF51
:20CEA00004464846F2F7AAFE4FF06A51F2F7FAFE05463846F2F7A2FE01462846F2F7F2FE4E
:20CEC00001462046F2F7E6FD04464046F2F792FE4FF08141F2F7DEFD01464FF08140F2F79B
:20CEE00095FF01462046F2F7DDFE04463046F2F785FE1049F2F7D6FE4FF07E51F2F7CAFD2D
:20CF000001464FF07E50F2F781FF01462046F2F7C9FE0949F2F7BCFD0849F2F7C3FEF3F71E
:20CF2000C3F8C0B2BDE8F0876F12033A75021A3B000044426F12033B0000C8419A99594004
:20CF40002DE9F04F87B0074614461D469DF84C20BDF948300093084656490192F2F7A2FE70
:20CF600055499DF944A09DF84060F2F791FDF2F713FA804650468946F2F7FCF94F4B002232
:20CF8000F2F762FA824638468B46F2F7E3F9CDE902012846F2F7EEF9494B0022F2F754FA8C
:20CFA00042464B46F2F750FACDE904012046F2F7E1F9444B0022F2F747FA02460B46DDE907
:20CFC0000401F2F78BF802460B46DDE90201F2F783F8044600980D46F2F7CCF93A4B002290
:20CFE000F2F732FA02460B4620462946F2F72CFA044630460D46F2F7ADF9304B0022F2F777
:20D0000023FA52465B46F2F71FFA42464B46F2F71BFA42464B46F2F717FA524606460F4655
:20D020005B4640464946F2F70FFA284B0022F2F755F802460B4630463946F2F74FF8024677
:20D040000B4620462946F2F7FFF9044601980D46F2F780F900224FF07B53F2F7F5F92246C3
:20D060002B46F2F7F1F902460B4600201749F2F733F822462B46F2F7E7F90022002304460E
:20D080000D46F2F753FC80B9114B002220462946F2F760FC30B10E490020F2F7A5FC07B09B
:20D0A000BDE8F08F20462946F7E7002007B0BDE8F08F00BF0000A045000096470000503E8F
:20D0C0000000103F000050400000F03E0000F03F00005940F0B130B5C56B83B004469DB1FA
:20D0E000036C8BB1436C7BB1436801220DF10701F320A84784F8480048B99DF8073003F050
:20D100001003637303B030BD4FF0FF30FAE76FF00100F7E74FF0FF30704700BF002938D0E4
:20D1200030B5CD6B83B00C466DB30B6C5BB34B6C4BB34B7BC043C0F3C010B3EB001F4FEAB1
:20D1400000121DD04A734B6801220DF10701F320A84784F84800C8B99DF80720637B256CC5
:20D1600003F0100322F010021A438DF8072063680DF1070101227320A84784F8480028B961
:20D18000002003B030BD4FF0FF30FAE76FF00100F7E74FF0FF3070472DE9F04387B0054652
:20D1A0000020CDE90100CDE903000590002B4CD01F46DB6B002B48D03B6C002B45D07B6C47
:20D1C000002B42D0002D40D000293ED002F1FF39B9F1090F90463BD84E1EA94401AC013D84
:20D1E000014607E016F8013F20704D45637004F1020414D03B7B15F8010F002BF2D139469F
:20D20000FFF78CFF95F800C016F8013F637001464D450CF07F00207004F10204EAD181B94B
:20D220004FEA48020DF105013C6C7B689DF80400013AA0470028014687F8480018BF6FF0B5
:20D240000101084607B0BDE8F0834FF0FF31F8E76FF00301F5E700BF2DE9F8434BB3D3F849
:20D260003C801C46B8F1000F23D01B6C0BB3636CFBB10D46E9B1237B0746914673B100262C
:20D2800063684A4629463846C047002884F8480018BF6FF001063046BDE8F8832146FFF723
:20D2A0003DFFD4F83C8006460028E9D147F08007E6E74FF0FF36EEE730B583B0E022B623B5
:20D2C0008DF806208DF8073038B3C36B044623B3036C13B3436C03B3037BB3B123460122A6
:20D2E0000DF107010DF10600FFF756FF054688B9636C616842F210709847237B53B9204612
:20D3000003B0BDE83040FFF7E5BEFFF7E3FE05460028E3D0284603B030BD4FF0FF35F9E74E
:20D3200010B504468CB0FFF7C7FF234601222146D020FFF791FF8446C0B92278612A40F0E5
:20D3400089808DF804002346012201A9F020FFF783FF844650B99DF80430A360172223463C
:20D3600001A98A20FFF778FF844610B160460CB010BD23460E220DF11B01E120FFF76CFF1D
:20D3800084460028F2D1234605220DF12901FFF763FF84460028E9D1BDF82310E183BDF81B
:20D3A000041021849DF8061084F8221002996162BDF80C109DF81C302185DDF80E109DF81D
:20D3C0001B00C4F82A10BDF81210E1851A09BDF81610218642EA0012BDF818106186B2F5B1
:20D3E000006F9DF81D109DF81E00A074A8BFA2F5805203F00F0343EA0113A8BF12B29DF85F
:20D400002B10E282B3F5006F9DF92D20A8BFA3F58053C1F30111A8BF1BB284F838101211C0
:20D420009DF8291084F8391084F83A2023829DF81F209DF82030E3749DF827309DF821101C
:20D4400022756376BDF825209DF828302176628323778BE76FF0020C88E700BF10B582B05B
:20D4600004460B46052269467120FFF7F5FE1CB300BB9DF801109DF803209DF804C001F08F
:20D480000701034661F30703510961F30F23C2F3820262F31743CCF3820262F31F639DF965
:20D4A00000202360002AB5BF08234FEA5C1C237184F804C002B010BD4FF0FF30FAE700BFEE
:20D4C00070B582B074238DF8073000294AD0CD6B0C46002D46D0064622E0636801220DF158
:20D4E0000601A8470546012223460DF106010DF1070084F848506DBB9DF806C01CF0030FA0
:20D500002CF0030E31D08DF806E0FFF745FE636C6168054642F210709847C5B9E56B0DB335
:20D52000236C7420F3B1636CE3B1237B002BD4D12146FFF7F3FD054688B1E66B6368012243
:20D540000DF106017420B04784F8480010B9284602B070BD6FF00105284602B070BDE56B5F
:20D56000F420BAE74FF0FF35F1E7002EEFD02CF0030506F003063543234601220DF1060192
:20D580000DF107008DF80650FFF706FE0546DEE7F0B56D4B0C46054693E8030087B00022D0
:20D5A00002908DF80C1004928DF81420234601220DF107017420FFF74FFE9DF80770C0B103
:20D5C00002468DB1104607B0F0BD0523AB7094F8493043F0010384F84930E36B23B1236CE6
:20D5E00013B1636C002B4CD14FF0FF32104607B0F0BD2146FFF764FF06460246002DF3D0E2
:20D600000028DFD10522234604A97120FFF724FE84F8496002460028D4D1E36B002BE3D0E6
:20D62000236C002BE0D0636C002BDDD0EA78072A71D90723EB7094F8493043F0010384F8BF
:20D640004930E36B002BCFD0236C002BCCD0636C002BC9D06B78052B10D905236B7094F8C5
:20D66000493043F0010384F84930E36B002BBBD0236C002BB8D0636C002BB5D0AB78052BED
:20D68000A3D82B78052B4AD82B79082B07D908232B7194F8493043F0010384F849309DF8D6
:20D6A00013306878EA7803F01F0343EA4013A8782D78800000F01C0023F01C0303439DF8F2
:20D6C00014008DF81330920020F01C0002F01C0202438DF814209DF8112005F0070322F0CB
:20D6E00007021A438DF8112004A90522234602A8FFF752FD07F003070246002F3FF462AF26
:20D7000000287FF45FAF21463846FFF7D9FE0246104607B0F0BD6A78052A9ED8ACE705236A
:20D720002B7094F8493043F0010384F84930E36B002B3FF459AF236C002B3FF455AF636CA9
:20D74000002B3FF451AF9FE7088D030800B5354B8C46864693E8030083B0ADF80410614661
:20D760000090A9B1A2B1D36B93B1136C83B1536C73B19CF8010005280DD905238CF80130CF
:20D7800092F84930D06B43F0010382F8493028BB002003B000BD9CF80200052828D8002BC0
:20D7A000F6D00B78052B33D86B441B7848788A780DEB00016A44097812780A44134440F258
:20D7C000AB72BEF1020F02FB03F30BBF03F5865003F5A55005300D3003B000BD136C002B68
:20D7E000D6D0536C002BD3D09CF80230052BD8D905238B7092F84930D06B43F0010382F83D
:20D8000049300028C4D0136C002BC1D0536CC6E705230B7092F8490040F00100102382F8D8
:20D820004900C3E73C4603082DE9F04FC5B00DF1C809069204460F464822002148469B469E
:20D8400012F06EFF38AB1B933EABCDF868901C93BBF1000F00F08382DBF83C30002B00F069
:20D860007E82DBF84030002B00F07982DBF84430002B00F07482002F00F07182012C25D0C3
:20D88000023C012C0BD9012300240493069B002B00F065821C70049845B0BDE8F08F332221
:20D8A000002125A812F03CFF1E2200211DA812F037FF5B46332225A91D20FFF7CDFC0028F7
:20D8C00000F0FE80022300240493DFE70023CDE92533CDE927338DF8A4304FF0050A5B46AB
:20D8E000112225A91D20FFF7B7FCBDF89C209DF894309DF8A4509DF89A80CDF81C8052BAD2
:20D9000023F07F01ADF8742005F030020A4303F00F039DF895103A701206B9709DF897C0B1
:20D920009DF896109DF898609DF899E09DF89B909DF8A38004907B7004D4002800F0B280F8
:20D940000024A3E70A91CDF820C0F2460028F7D103F15A0001225B46F91CFFF77DFC049087
:20D960000028EDD178785030C0B25B460122391DFFF772FC04900028E2D178786430C0B2FC
:20D980005B460122791DFFF767FC04900028D7D1079B180240EA0A4040EA0900F1F7DAFC4F
:20D9A0008146BBF81E0000028A46F1F7E3FC02460B4648465146F1F78FFBCDE904019BF9B7
:20D9C0002200F1F7D7FCCA4B0022F1F73DFD81468A46DDE9040102460B46F1F735FD0246B4
:20D9E0000B4648465146F1F72FFD8146BBF820008A46F1F7AFFCBF4B0022F1F725FDDDE9A4
:20DA00000423F1F721FD02460B4648465146F1F765FBF1F7E9FF089B814618020A9BC7F81B
:20DA2000089040EA034030435A464946FFF7DEF8F8609BF818300393BBF9163002939BF987
:20DA4000143001939BF81330BDF8740000939BF91230BBF91020494680B2FFF771FA05F08B
:20DA60000F0338614FF48020D840F2F7C3F8A249F2F718F9AB0943EA88034FF420620646FA
:20DA8000032003FB0020F2F7B9F801463046F2F7BDF9786197F90030002BBFF613AF0023F1
:20DAA0000493F3E6DBF84430DBF8041042F2107098470AF1FF3313F0FF0A7FF410AFE9E7FA
:20DAC0001DA95B461E225020FFF7C6FB049000287FF4F8AEBBF82000F1F73CFC854B0022BE
:20DAE000F1F7B2FCCDE910019BF92200F1F742FC7F4B0022F1F7A8FCCDE91201BBF81E00DB
:20DB00000002F1F737FCBBF910300B939BF912300C939BF813300D930DF1680A9BF9143023
:20DB20000E93CDE91401BBF916300F93CDE918A79BF8183016930DF19408CDF81CA0CDF804
:20DB40005CB098F8106098F8003098F803B003F00F0206F0300123F07F03092A43EA010392
:20DB60004FF0000028BF092263F3070098F8013062F30F2063F3174098F806300DEB020144
:20DB800098F805201B0243EA024391F87E2062F31F60079A52F804AB0792CAF8000098F8C1
:20DBA000070098F8022018434FEA0B2B98F804304BEA024B4BEA030B98F8082098F80930D8
:20DBC00043EA02230A9391F8743098F80F208AF8043091F888308AF80530B30943EA82074A
:20DBE000F1F7B8FBDDE91423F1F776FA02460B4604460D46F1F728FCDDE91223F1F724FCF0
:20DC00002246CDE908012B46DDE91001F1F71CFC0B460246DDE90801F1F760FAF1F7E4FE21
:20DC20000446179ACAF8080021465846FEF7DEFF169ACAF80C0003920F9A02920E9A0192BD
:20DC40000D9A00920AA80DC82146FFF779F94FF48023CAF8100006F00F0023FA00F0F1F783
:20DC6000C9FF2549F2F71EF84FF420630322044607FB0230F1F7C2FF01462046F2F7C6F809
:20DC800008F111080DF1C7034345CAF814007FF458AFDDE918A700240AF10C00534653F83E
:20DCA000042B92F90020611C002AB8BFCCB28342F5D1484656460025013506F10408424653
:20DCC0002B4690F900E052F8041BBEF1000F91F900C027DBBCF1000F02DA316042F8040C84
:20DCE0000133DBB2032B09D030680223E9E700BF0000F03C0000103E00247449022D29D18C
:20DD000007F1480C5AF8046B0FCE3D460FC596E803001837674585E80300F3D1002C7FF473
:20DD2000B5ADCFE5BCF1000FDADA90F802E091F802C0ACEB0E0C1FFA8CFC0CF1020E1FFA30
:20DD40008EFEBEF1010F0FFA8CFCC6D9BCF1020FC6DDC2E7D8F8000046460125ACE74FF0EA
:20DD6000FF33049397E500BF2DE9F04F9BB047F27013ADF83430002900F0978107460E4668
:20DD8000002011461546FFF79BFB044618B120461BB0BDE8F08F6E23022F0DF138098DF837
:20DDA00033300E901190149017901290ADF84C001590ADF858001890ADF86400C9F80400CB
:20DDC000A9F8080000F0A080032F04D0012F00F00B810124DBE7F768002F00F06681B36871
:20DDE000002B00F0628196F810B0BBF1000F00F04181A3F1020A95F90E30049395F9193090
:20DE00000593B5F91A30069395F91C3095F93920079395F838300996023FCDF820B090463E
:20DE20001E460A95E5B205F15A0309F80430079B3AF8020F04990093CDE90168DDE905239E
:20DE4000FEF7F6FF11AB37F8022F185514AB6435B2F57C6F1D5555D23F2A4FF0000306D942
:20DE6000920801333F2ADBB2FAD89B01DBB21344DBB217AA13550134A345D3D1DDE90886C1
:20DE80000A9D11A948462B464246FFF785F9044600287FF47CAF424614A82B4617A9FFF7AB
:20DEA0007BF9044600287FF472AF2B46022217A97020FFF7D1F9044600287FF468AF33789C
:20DEC000012B18BF06469DF85D000BF00F0200F0C00008BF202642EA000246EA02008DF853
:20DEE0005D009DF85C0018BF082420F0080020438DF85C002B4617A902220DA8FFF74CF930
:20DF0000044644E7FF23B4E7F368002B00F0CD80B168002900F0C980728A96F810B0002A1D
:20DF200000F09280BBF1000F00F0AA80A3F1020A95F90E30049395F919300593B5F91A30A0
:20DF4000069395F91C3095F93900079395F838300A9602390027CDE908240B95B8460C4624
:20DF600006461D4608F15A0309F80730079B34F8020F04990093CDE90156DDE90523FEF765
:20DF800057FF11AB08F16408D85514AB17AA03F807803AF8023FD35501375FFA87F8D84513
:20DFA000E0D3DDE9082440F282739A42DDE90A6564D840494FF47A7302FB03F381FB03120B
:20DFC00047F23F718B42C2F30F1271D90023920801333F2ADBB2FAD89B01DBB21344DBB2A5
:20DFE000002C39D00324D2E695F93930029395F83830019395F91C3000935A2395F9192047
:20E000008DF8383095F90E10B5F91A307088FEF70FFFB2888DF844006423B2F57C6F8DF8D3
:20E02000503029D23F2A14D9920801343F2AE4B2FAD8A401E3B21344DBB28DF85C304FF001
:20E0400001084FF0000B1CE7BBF1000FCAD003246CE72346EFE7FF238DF8323001222B46BF
:20E060000DF132010DF13300FFF796F8044600287FF48DAED84604E7FF23DEE7FF23AFE7F2
:20E0800040F282739A42E6D80A4B4FF47A7102FB01F183FB013247F23F7013098142C2F320
:20E0A0000F1298BFDBB291D8D6E74FF0FF346EE6002393E7C54596082DE9F04FDFF8E4B06A
:20E0C00085B0044600274FF010034FF0FF312068ADF80C300EF0E2FD1BF8015B0223CDE949
:20E0E000007703AA2946204603F082FA064620680EF006FE3EB12C4B9B45E4D10025284654
:20E1000005B0BDE8F08F03260DF10A0A4FF01108B1460120F3F7EEFB4FF0FF3120688DF82C
:20E120000E800EF0BBFD0123CDE900A30DF10E022946204603F05CFA064620680EF0E0FD43
:20E14000002ED8D19DF80A30DB0703D4B9F10109DFD1D0E74FF0FF3120688DF80B600EF060
:20E160009DFD0DF10E030093022301930DF10B0201232946204603F03BFA064620680EF0AC
:20E18000BFFD002EB7D1BDF80E30A3F50472022AB5D940F613229342B1D040F21522934253
:20E1A000A9D1ACE710C9030815C9030808B5FFF783FFB0FA80F04009800008BD28B121B1FD
:20E1C000002308600B71CB800B727047002845D070B50446006884B0002839D0FFF76CFFDF
:20E1E000207190B32268002310688DF80D304FF0FF310EF053FD02260DF10E022179CDE921
:20E200000026012320680DF10D0203F0F1F92368054618680EF074FDEDB9BDF80E30E38081
:20E22000B3F5047F1DD040F21122934218D040F21222934217D040F61322934216D040F22A
:20E240001522934215D0002000E0042004B070BD052004B070BD012004B070BD05207047E4
:20E2600001252572EFE735462572ECE703252572E9E704252572E6E728B330B5026885B0AB
:20E280000446EAB10B4610688DF80D3022254FF0FF318DF80C500EF001FD00222179206837
:20E2A0000223CDE9002203AA03F0A2F92368054618680EF025FD281E18BF012005B030BDD0
:20E2C000062005B030BD0520704700BF78B3F0B5036885B004463BB3242218688DF80E20BA
:20E2E0000F464FF0FF310EF0D9FC01250DF10F02CDE900252B46217920680DF10E0203F0E3
:20E3000077F92368064618680EF0FAFC4EB99DF80F3007EA0301003918BF0121C80005B0C3
:20E32000F0BD284605B0F0BD062005B0F0BD0520704700BF0000000000285DD070B50D4670
:20E3400084B000295AD003680446002B4ED0302218688DF80B204FF0FF310EF09FFC03218A
:20E36000019103AA21790092012320680DF10B0203F03EF92368064618680EF0C1FC86BBFE
:20E380009DF80E20D30734D51F4BBDF80C00510843EAC01C11244FF409024FF4000313EA84
:20E3A0000C0F18BF8CEA020C013C4FEA53034FEA5202F4D15FFA8CFC614515D1F1F71AFC5E
:20E3C0004FF07251F1F76EFCF0F7E6FF0CA3D3E90023F0F781FEF1F707FB2860204604B09D
:20E3E00070BD012004B070BD0320FBE7062004B070BD022004B070BD052070470520F1E706
:20E4000066666666661271407F008000002854D070B50D4684B0002951D003680446002B1A
:20E4200045D0332218688DF80B204FF0FF310EF035FC0321019103AA217900920123206869
:20E440000DF10B0203F0D4F82368064618680EF057FC3EBB9DF80E20D3072BD5194BBDF89B
:20E460000C00510843EAC01C11244FF409024FF4000313EA0C0F18BF8CEA020C013C4FEA7C
:20E4800053034FEA5202F4D15FFA8CFC61450CD1F1F7B0FB4FF06C51F1F704FC286020460B
:20E4A00004B070BD012004B070BD0320FBE7062004B070BD022004B070BD05207047052069
:20E4C000F1E700BF7F008000002800F08F802DE9F0410D4686B000297CD01646002A79D06B
:20E4E00003680446002B79D0302218688DF80F204FF0FF310EF0D2FB062204A9CDE9001296
:20E500000123217920680DF10F0203F071F82368074618680EF0F4FB002F53D19DF812E02B
:20E520001EF0010F52D09DF8158018F0010F4DD0BDF810003049BDF813704FEA5E0E41EAF6
:20E54000C01111244FF409024FF400030B4218BF5140013C4FEA53034FEA5202F6D1264ADC
:20E56000C9B242EAC71211244FF4090C4FF40003134218BF82EA0C02013C4FEA53034FEA9D
:20E580005C0CF5D18E452DD1D2B2B2EB580F29D1F1F730FB4FF07251F1F784FBF0F7FCFE9D
:20E5A00013A3D3E90023F0F797FDF1F71DFA28603846F1F71FFB4FF06C51F1F773FB306062
:20E5C000204600E0012006B0BDE8F081022006B0BDE8F081052006B0BDE8F081062006B04D
:20E5E000BDE8F081032006B0BDE8F0810520704766666666661271407F00800038B1037A14
:20E60000042B03D8024A32F8130070470020704704C9030800283DD0F0B585B004460F2376
:20E620004FF0FF31012600688DF80A300DF10B070EF034FBCDE9007633460DF10A025C21B4
:20E64000204602F0D5FF054620680EF059FB35B95C209DF80B3043EA002005B0F0BD4FF041
:20E66000FF3120680EF01AFBCDE900765D2133460DF10A02204602F0BBFF054620680EF0BF
:20E680003FFB0DB95D20E4E70023184643EA002005B0F0BD002343EA0320704708607047B9
:20E6A00000283AD02DE9F0410446006882B040B30F46FFF7AFFFC6B2C0F3072590FA90F8A8
:20E6C0000DF10600F3F7F4F9BDF806204FF47A7101FB00212B461248324611F085F9B32E96
:20E6E00013D0B42E05D0B12E0FD0042002B0BDE8F081072F05D8062F03D00A4BA771DB5D16
:20E7000004E0052002B0BDE8F08122230020A360A4F8048002B0BDE8F0810520704700BF3D
:20E72000108D030818C9030800285ED070B5026884B00446002A5DD04379B32B32D0B42B10
:20E7400022D0B12B1DD140F21113ADF80C30022603AD10684FF0FF310EF0A0FA00222179B3
:20E76000CDE9002233462A46206802F041FF2368054618680EF0C4FA281E18BF012004B01A
:20E7800070BD002603ADE4E78379002BDBD0102001218DF80C008DF80D308DF80E10032668
:20E7A00003ADD6E749F211031068ADF80C304FF0FF310EF073FA0022CDE9002203AD02239B
:20E7C000217920682A4602F013FF2368064618680EF096FA5EB90520F3F78CF841F211339D
:20E7E0002268ADF80C300226B3E705207047012004B070BD0620C2E770B370B5036884B058
:20E80000054633B3272218688DF80E204FF0FF310EF044FA01240DF10F022979CDE90024F0
:20E82000234628680DF10E0202F0E2FE2B68064618680EF065FA4EB99DF80F0000F00300A5
:20E84000B0FA80F04009C00004B070BD204604B070BD062004B070BD05207047002836D05C
:20E8600070B50E4684B0002933D0036804465BB32B2218688DF80B204FF0FF310EF00EFA0A
:20E880000221019103AA21790092012320680DF10B0202F0ADFE2368054618680EF030FA18
:20E8A0007DB99DF80D309DF80C0000EB032000B2F1F7A4F90849F1F7A9FA3060284604B0DC
:20E8C00070BD012004B070BD062004B070BD052070470520F3E700BF0000C84200283DD029
:20E8E00070B50E4684B000293AD00368044693B3282218688DF80B204FF0FF310EF0CEF98F
:20E900000321019103AA21790092012320680DF10B0202F06DFE2368054618680EF0F0F917
:20E92000B5B99DF80E109DF80D209DF80C3002EB012203EB0223642003FB00F0F1F75AF953
:20E940004FF06651F1F7AEF93060284604B070BD012004B070BD062004B070BD052070476E
:20E960000520F3E7002851D0F0B50E4687B0002946D01746002A43D003680446002B42D054
:20E98000282218688DF80F204FF0FF310EF086F9052204A9CDE900120123217920680DF12D
:20E9A0000F0202F025FE2368054618680EF0A8F91DBB9DF812309DF8112002EB03229DF820
:20E9C0001030642003EB022303FB00F0F1F712F94FF06651F1F766F99DF8143038609DF83C
:20E9E000130000EB032000B2F1F708F90849F1F70DFA3060284607B0F0BD012007B0F0BD34
:20EA0000052007B0F0BD062007B0F0BD052070470000C84200B18068704700BF2DE9F04F99
:20EA20002C4E87B0892304468DF80F3006F1030A4FF000084FF0FF3120680EF02FF916F8F5
:20EA4000017B01230DF10F023946CDE90088204602F0CEFD054620680EF052F90A2025BB01
:20EA6000F2F748FF4FF0FF3120680EF017F90DF1100906232A4639460193CDF800902B46D8
:20EA8000204602F0B5FD83462068134D0EF038F94946BBF1000F08D12868022240B102F0D2
:20EAA000E3FE9DF81230834206D05645C2D10027384607B0BDE8F08F286802220DF113018F
:20EAC00002F0D2FE9DF815308342EED1384607B0BDE8F08F2CC90308A43F0020B8B130B56C
:20EAE0000C4D2B6883B0044643B12046FFF796FFB0FA80F04009800003B030BDCDE900335C
:20EB00001A46FF21312002F029FE2860EDE70520704700BFA43F002041B138B110B5094C1C
:20EB2000236882B0086013B102B010BD7047CDE900331A46FF21312002F010FE206002B0CA
:20EB400010BD00BFA43F0020B8B138B50446006878B10D46FFF762FF68B1207125B9FD23A3
:20EB60006371A571002038BD012D14BFE023F623F6E7052038BD042038BD0520704700BFCE
:20EB8000F8B130B50268437985B004464FF0FF3110688DF80F300EF081F8002221792068DC
:20EBA0000123CDE900220DF10F0202F021FD2368054618680EF0A4F8281E18BF012005B057
:20EBC00030BD0520704700BF00207047002842D0F0B50D4685B000293AD0036804464FF048
:20EBE000FF3118680EF05AF803AF0322CDE9007200231A462179206802F0FAFC23680646B2
:20EC000018680EF07DF8F6B9144B186838B10222394602F029FE9DF80E30834216D1BDF89A
:20EC20000C305BBA9BB2AF2003FB00F0F0F7E6FF0B49F1F7EBF80B49F0F72AFF03460020C1
:20EC40002B6005B0F0BD012005B0F0BD0920FBE7052005B0F0BD0520704700BFA43F002014
:20EC600000FF7F4700003442002844D070B50D4684B000293CD0036804464FF0FF31186898
:20EC80000EF00CF80621019102AA00232179009220681A4602F0ACFC2368064618680EF0E7
:20ECA0002FF806BB154B186840B102220DF10B0102F0DAFD9DF80D30834217D1BDF80B3035
:20ECC0005BBA9BB2C3EB431003EB8000F0F796FF0B49F1F79BF80B49F0F7DAFE034600209C
:20ECE0002B6004B070BD012004B070BD0920FBE7052004B070BD0520704700BFA43F0020F7
:20ED000000FF7F470000C040002867D02DE9F0410D4684B000295DD01646002A5AD0036890
:20ED200004464FF0FF3118680DF0B8FF0DF108080622CDE9008200231A462179206802F0E1
:20ED400057FC2368074618680DF0DAFF77B9244C2068C8B14146022202F086FD9DF80A30A2
:20ED6000834207D0092004B0BDE8F081012004B0BDE8F081206802220DF10B0102F074FD00
:20ED80009DF80D308342EDD1BDF80830BDF80B405BBA9BB2AF2003FB00F0F0F72FFF1149A3
:20EDA000F1F734F81049F0F773FE64BAA4B2C4EB4413286004EB8300F0F720FF0949F1F7DA
:20EDC00025F80A49F0F764FE03460020336004B0BDE8F081052004B0BDE8F08105207047E9
:20EDE000A43F002000FF7F47000034420000C04038B18379022B03D8024A52F82300704778
:20EE00000020704720C9030810B584B003234CF6EF0103ACCDE90043ADF80A1002230DF14C
:20EE20000A02702102F0E4FBC0B90F4B186838B10222214602F018FD9DF80E30834210D11D
:20EE4000BDF80C3040F63F005BBA184040F60703984214BF0320002004B010BD012004B059
:20EE600010BD092004B010BDA83F002030B583B0D8B1104D2B68044673B14FF0FF3120681E
:20EE80000DF00CFF2046FFF7BFFF054620680DF037FF284603B030BDCDE900331A46FF21D3
:20EEA000312002F05BFC2860E7E70525284603B030BD00BFA83F002050B170B50D4682B0B9
:20EEC00021B1084E336804461BB12C6002B070BD7047CDE900331A46FF21312002F03EFC51
:20EEE0003060F2E7A83F002038B598B10368044683B1002202714FF0FF3118680DF0CEFE36
:20EF00002068FFF781FF2368054618680DF0F8FE284638BD0525284638BD00BF30B330B533
:20EF2000026885B0044601714EF2580346F27860002908BF03461068ADF80E304FF0FF31C8
:20EF40000DF0ACFE0022CDE9002270210DF10E022068022302F04CFB2368054618680DF038
:20EF6000CFFE281E18BF012005B030BD0520704700207047002859D02DE9F0410E4684B011
:20EF8000002955D00379044602AD002B3AD14FF003082F4623684FF0FF3118680DF07EFEC6
:20EFA00000230095CDF804801A462068702102F01FFB2368054618680DF0A2FEF5B91D4BC2
:20EFC000186830B10222394602F04EFCBB7883422AD1388840BA80B2F0F710FE1649F0F7D7
:20EFE00061FE4FF05E51F0F75DFE1449F0F750FD03463360002004B0BDE8F081012004B056
:20F00000BDE8F0812846F2F753FDBDF808300C4A4FF47A7101FB00310A4810F0E5FC4FF023
:20F0200006080DF10B07B5E70920E4E7052070470520E0E7A83F002000002F43000034426B
:20F0400040C903084C8D0308002856D02DE9F0410D4684B0002952D00379012B044602AEAF
:20F0600033D14FF00308374623684FF0FF3118680DF014FE00230096CDF804801A46206852
:20F08000702102F0B5FA2368064618680DF038FE6EBB1C4B186830B10222394602F0E4FB4F
:20F0A000BB78834227D13B885BBA9BB2642003FB00F0F0F7A3FD4FF05E51F0F7F3FD034634
:20F0C0002B60002004B0BDE8F0813046F2F7F0FCBDF808300C4A4FF47A7101FB00310B487F
:20F0E00010F082FC4FF006080DF10B07BCE7012004B0BDE8F0810920E4E7052070470520B2
:20F10000E0E700BFA83F002030C903084C8D030800286CD02DE9F0410D4684B0002962D0ED
:20F120001646002A5FD0036804464FF0FF3118680DF0B4FD0DF108080622CDE90082002337
:20F140001A462068702102F053FA2368074618680DF0D6FDCFB9274F3868D0B14146022205
:20F1600002F082FB022280460DF10B01386802F07BFB9DF80A30434503D19DF80D30834262
:20F1800007D0092004B0BDE8F081012004B0BDE8F081BDF80B30BDF80800227940BA5CBA62
:20F1A000002AA4B280B203461CBF20461C46F0F725FD1149F0F776FD4FF05E51F0F772FDB0
:20F1C0000E49F0F765FC6423286003FB04F0F0F715FD4FF05E51F0F765FD03460020336063
:20F1E00004B0BDE8F081052004B0BDE8F0810520704700BFA83F002000002F4300003442CC
:20F200000D2070472DE9F04F85B04FF0FF32002101200DF085FB002808DA0230F5D0514BB4
:20F22000186805B0BDE8F04F0DF0D6BA4E4D4F4F4F4E28684FF0FF310DF030FD0020396868
:20F24000D6F800E0034604464FF0010C0CFA03F2114203F1010306D01EEA020F03D121EA0D
:20F26000020114430120032BF0D100B1396028680DF046FD002CC8D014F0010BDFF8F4A0CB
:20F280002CD001F001FC00278046B8F1000F58D04FF0FF3128680DF001FD33682868CAF8D0
:20F2A000008043EA0B0333600DF02AFD3249404608F04CFA8146E0B90137032FA5D00AF163
:20F2C000040A0123BB402342F6D0012F0AD001F0F1FB022780464FF0040BD6E7A3072CD54A
:20F2E0000AF1040A01F0D6FB012780464FF0020BCBE70DF10E00F2F7DBFBBDF80E301F4A30
:20F30000CDF800904FF47A7101FB00313B461C4810F06AFB4FF0FF3128680DF0BFFC002319
:20F32000CAF800303368286823EA0B0333600DF0E7FC404600F03AFABEE70AF1080A02279D
:20F34000BFE70DF10E00F2F7B3FBBDF80E400B4A4FF47A7101FB00413B460A4810F044FB8F
:20F3600053E700BFC43F0020C03F0020BC3F0020B83F0020AC3F002089F3010870C903084C
:20F38000C88D0308848D0308F0B52B4E0C4685B005464FF0FF3130680DF080FC274A136895
:20F3A0009C4221D053689C422DD093689C422ED0204600F0FBF90DF10E00F2F779FBBDF8A9
:20F3C0000E301F4A4FF47A7101FB00311D4810F00BFB30680DF094FC1B4B1868012105B0DE
:20F3E000BDE8F0400DF020BA6FF0010300271749002042F827000A681A400A605DB9204644
:20F4000000F0D4F9E5E76FF002030127EFE76FF004030227EBE70DF10E00F2F749FB0095D2
:20F42000BDF80E50064A4FF47A7101FB00513B46074810F0D9FAE2E7C03F0020AC3F002058
:20F4400050C90308348E0308C43F0020B83F0020008E030800B5002083B00DF0C5FB164BC2
:20F46000186048B1154A164800210DF055F9154B186088B103B000BD0DF10600F2F718FB71
:20F48000BDF8063002464FF47A7101FB02310E4810F0AAFA00BEFEE70DF10600F2F708FB4F
:20F4A000BDF8063002464FF47A7101FB0231064810F09AFA00BEFEE7C03F00208CC90308B8
:20F4C00005F20108C43F00200486030870B50C4E4FF0FF31044630680DF0E0FB094B3068E0
:20F4E0001A68012505FA04F414431C600DF008FC054B29461868BDE870400DF095B900BFFB
:20F50000C03F0020BC3F0020C43F00202DE9F04100220A21092008F05FFF092008F096FFC5
:20F52000184E194FDFF864804FF0FF352A46002101200DF0F5F900281CDBC3071FD408212D
:20F54000134809F0D3FC33780128044618BF0224A3424FF0FF31E9D038680DF09FFB386889
:20F5600034700DF0CDFBD8F800302046002BDDD09847DBE702304FF0FF35D7D1DFE74FF4ED
:20F58000FA75D3E7D03F0020D83F0020CC3F002000040048034B186810B101210DF044B9BA
:20F5A000704700BFD43F002030B587B00024082205464FF4441369461B480494CDE90023D0
:20F5C000CDE9024409F032FB184B17481D60082109F08CFC1649174A0128034618BF0223F2
:20F5E0000868137002F09AF84FF400614FF0904009F0FEFB4FF480514FF0904009F0F8FBE0
:20F600006420F2F777F90C4B20461C700DF0ECFA0A4B0B4A054621460A481D600DF07CF845
:20F62000094B186007B030BD00040048CC3F0020C0080020D03F0020C83F0020D83F00206E
:20F64000B0C903080DF50108D43F002010B5064C4FF0FF3120680DF021FB044B20681C7856
:20F660000DF04EFB204610BDD83F0020D03F002070B5464E464D88B04FF0FF3104463068D6
:20F680000DF00CFB286802F049F80023CDE90233CDE904330693052C68D8DFE804F03E4B5A
:20F6A0001B030303032C04D0042C0CBF0123022304934FF4006302A94FF09040029309F05A
:20F6C000B5FA4FF480534FF0904002A9029309F0ADFA18E004234FF40062069302A9122339
:20F6E0004FF09040CDE9022309F0A0FA4FF4805302934FF09040002302A9049309F096FAE5
:20F70000286801F0E1FF6420F2F7F4F8214B1C7030680DF0F5FA08B070BD4FF400614FF0EB
:20F72000904009F065FB4FF480514FF0904009F05FFBE8E74FF40062032302A94FF09040D6
:20F74000CDE9022309F072FA4FF48052012302A94FF09040CDE9022309F068FA00224FF4DB
:20F7600080514FF0904009F0C7FBCCE70DF10600F2F79EF9BDF806304FF47A7101FB003171
:20F780002246054810F030F9C2E700BFD83F0020C0080020C83F0020688E0308FAF784BDAA
:20F7A00010B109B1FAF79CBD00207047FAF7B0BD08B1FAF70DBE00B583B00DF10600F2F705
:20F7C00077F9BDF8063002464FF47A7101FB0231024810F009F900BEFEE700BF04860308E6
:20F7E00000B583B020B1FAF7A3FDC0B203B000BD0DF10600F2F75CF9BDF8063002464FF425
:20F800007A7101FB0231024810F0EEF800BEFEE70486030830B585B040B10D4631B1002105
:20F820000446FAF7DFFD88B105B030BD0DF10E00F2F73EF9BDF80E3002464FF47A7101FB45
:20F840000231114810F0D0F800BEFEE7032229462046FAF7D1FD0028E6D12B7803F007027A
:20F86000072A03D060F3C6032B70DDE7014620460192FAF7B7FD019A2946204605B0BDE85A
:20F880003040FAF7B9BD00BF048603082DE9F041054682B013200E4690461F46FFF77EFF44
:20F8A000044630B30323009305220023FAF786FD05232A460093202500232046FAF77EFD3F
:20F8C0004246002300952046FAF778FD00233A4600952046FAF772FD0122002300922046E0
:20F8E0003246FAF76BFD089A009500232046FAF765FD204602B0BDE8F08100BFB8B1F8B521
:20F900000E4609B115460AB90120F8BD0446FAF70BFD07462046FAF711FD2F44874208D8D4
:20F920002A4631462046BDE8F840FAF70BBD012070470320F8BD00BF38B5602010F010FEFA
:20F9400058B1044605461320FAF7AEFC206008B1284638BD204610F00BFE0025F8E700BF6D
:20F96000C0B110B5044682B00068FAF735FD03212068009100220023FAF720FD002223462F
:20F9800004F158011A7143F8082F8B42FAD1E26502B010BD704700BF002868D02DE9F04F93
:20F9A0000A2983B00C4604D90123184603B0BDE8F08F054608461F46FCF7C6F90646002835
:20F9C000F2D0D5F85C80B8F1000F61D031683846F0F71CFAD6F80C8041460746F0F700FBAF
:20F9E000002842D1D6F8109038464946F0F716FB002868D048464146F0F74AF84FF07C51AF
:20FA0000F0F748F8F0F750FB05EBC40407462379A2687069A760D5F80090002B4BD04FF020
:20FA20007C51A7EB0208F0F73DF9F0F717FB88EAE87BABEBE87B8345D6F808A01ADB0AF14B
:20FA4000FF334FF0FF329A40022323714846D317CDF800A0FAF7B2FC0346002835D001225C
:20FA60001846227103B0BDE8F08F4046C3E70123184670474246D317CDF800A04846FAF7FF
:20FA80009DFC0346002BEAD1EA6D0132EA65E6E70C9A124BA3FB023219230093286843463B
:20FAA000D208FAF78BFC04220092286843462246FAF784FC8AE77268009248463A46FAF76E
:20FAC0007DFC0346DEE7384695E77268009228683A46FAF773FC0346D4E700BFCDCCCCCCD5
:20FAE0000068FAF775BC00BF08B50068FAF720FCC0B208BD70B582B0144605460E46FAF713
:20FB000013FC0C34A04220D301A92846FFF782FE044638B99DF8043003F07F03172B14D193
:20FB20000B2E02D1204602B070BD072128468DF80340FAF757FC05220DF103012846FAF74A
:20FB40005BFC9DF80330B342ECD00824204602B070BD00BF70B582B0C0B30D4639B3044652
:20FB6000FAF7E2FB0B281ED901A92046FFF752FE0646C8B99DF8043003F07F03172B12D107
:20FB800007218DF804002046FAF72CFC052201A92046FAF731FC9DF804300A2B03D8304691
:20FBA0002B7002B070BD0826304602B070BD01A8F1F77EFFBDF8043002464FF47A7101FBDF
:20FBC00002310A480FF010FF00BEFEE701A8F1F76FFFBDF8043002464FF47A7101FB023162
:20FBE00002480FF001FF00BEFEE700BF04860308F0B583B000284DD00C4639B30222052120
:20FC00000646FFF777FF054610B1284603B0F0BD02220DF106018DF806003046FAF7ECFB50
:20FC20009DF80630C4F80150C3F3400103F00102E170671C22700D46C2B9002DE5D00422C3
:20FC4000A1183046FAF7D8FB0546DEE70DF10600F1F72EFFBDF8063002464FF47A7101FB2B
:20FC6000023114480FF0C0FE00BEFEE70222A1183046FAF7C1FB05460028C6D104223946E6
:20FC80003046FAF7B9FB05460028BED1E578002DBBD0D4E70DF10600F1F70AFFBDF8063097
:20FCA00002464FF47A7101FB023102480FF09CFE00BEFEE704860308F0B583B068B30C463F
:20FCC00000293AD01646C2B1012207210546FFF711FF074670B98DF8060001220DF106015D
:20FCE0002846FAF789FB9DF80630237037702378012B32D0384603B0F0BD0DF10600F1F789
:20FD0000D7FEBDF8063002464FF47A7101FB023115480FF069FE00BEFEE70DF10600F1F72C
:20FD2000C7FEBDF8063002464FF47A7101FB02310D480FF059FE00BEFEE70DF10600F1F734
:20FD4000B7FEBDF8063002464FF47A7101FB023105480FF049FE00BEFEE70322314628461E
:20FD6000FAF74AFB0746C5E70486030870B582B020B30C4691B1032208210546FFF7BAFEBA
:20FD8000064610B1304602B070BD2070032221462846FAF731FB304602B070BD0DF1060001
:20FDA000F1F786FEBDF8063002464FF47A7101FB02310A480FF018FE00BEFEE70DF1060039
:20FDC000F1F776FEBDF8063002464FF47A7101FB023102480FF008FE00BEFEE704860308B0
:20FDE00070B582B040B30D46B1B1202204210446FFF780FE064610B1304602B070BD2860F5
:20FE00000C212046FAF7EEFA202229462046FAF7F3FA304602B070BD0DF10600F1F748FEFA
:20FE2000BDF8063002464FF47A7101FB02310A480FF0DAFD00BEFEE70DF10600F1F738FE45
:20FE4000BDF8063002464FF47A7101FB023102480FF0CAFD00BEFEE70486030870B582B073
:20FE600040B30D46B1B1202209210446FFF742FE064610B1304602B070BD28600C21204671
:20FE8000FAF7B0FA202229462046FAF7B5FA304602B070BD0DF10600F1F70AFEBDF80630DC
:20FEA00002464FF47A7101FB02310A480FF09CFD00BEFEE70DF10600F1F7FAFDBDF8063042
:20FEC00002464FF47A7101FB023102480FF08CFD00BEFEE70486030830B583B060B30C46F6
:20FEE000D1B1082203210546FFF704FE08B103B030BD062323700C212846FAF773FA0822B7
:20FF000021462846FAF778FA2078052894BF00200120C00003B030BD0DF10600F1F7C8FD3F
:20FF2000BDF8063002464FF47A7101FB02310A480FF05AFD00BEFEE70DF10600F1F7B8FD45
:20FF4000BDF8063002464FF47A7101FB023102480FF04AFD00BEFEE70486030870B582B0F2
:20FF600000283ED00D4661B3082203210446FFF7C1FD10B1082002B070BD06230C21204614
:20FF80008DF80630FAF72EFA08220DF106012046FAF732FA9DF80660042EEBD11421204657
:20FFA000FAF720FA02232B70324629462046FAF723FA0028DFD12B78022B28BF0B2002B0AF
:20FFC00070BD0DF10600F1F773FDBDF8063002464FF47A7101FB02310A480FF005FD00BEF7
:20FFE000FEE70DF10600F1F763FDBDF8063002464FF47A7101FB023102480FF0F5FC00BE48
:020000040802F0
:20000000FEE700BF048603082DE9F04383B0002851D0B1F5003F0C464DD200238146194643
:20002000012000FA03F2224203F1010318BF0131112BF6D1C900273198293CD81320FFF729
:20004000ADFB0746B8B30323009307220023FAF7B5F904230093042200233846FAF7AEF983
:2000600020220092002322463846FAF7A7F900254FF0010802260AE099F811200091FAF74F
:200080009DF9A8B90135112D09F1010914D008FA05F222424FF000033846F3D099F800207C
:2000A0000096FAF78BF9034606213846002BE3D03846FFF77BFB0027384603B0BDE8F0830F
:2000C0002DE9F04383B0A0B10C4691B1174682B169460646FFF79EFB054658B99DF8003084
:2000E00003F07F03272B09D00825284603B0BDE8F0830125284603B0BDE8F083202201A9AF
:200100003046FAF779F905460028F3D10199B1F5003FE9D20346012000FA03F20A4203F1FC
:20012000010318BF0135112BF6D13046FAF7FCF8ED0027358542D7D807213046FAF752F9B7
:2001400022220021204610F0EBFA002320223B6039463046FAF750F905460028CAD18146EB
:200160004FF0010809E0FAF747F9D0B909F10109B9F1110F04F10104BCD0386808FA09F3A2
:2001800003424FF002022146F0D03046FAF734F90346062204F111013046002BE3D01D46ED
:2001A000A8E70546A6E700BF2DE9F04784B000285AD00F46002942D006461320FFF7EEFA59
:2001C000054600284ED00323009301220023FAF7F5F8B0460B23009338F8022B002328460C
:2001E000FAF7ECF800244FF0080932882241D2074FF0000328461BD518F80420CDF8009097
:20020000FAF7DCF803464FF0040A28463BBB17F81420CDF800A0FAF7D1F87A1C0346F0B935
:2002200012F81420CDF800A02846FAF7C7F8B0B901340B2CD9D1284604B0BDE8F0870DF142
:200240000E00F1F735FCBDF80E3002464FF47A7101FB02310C480FF0C7FB00BEFEE72846B9
:20026000FFF7A4FA0025E6E70DF10E00F1F720FCBDF80E3002464FF47A7101FB0231024806
:200280000FF0B2FB00BEFEE7048603082DE9F04383B0002800F086808846002900F09280E7
:2002A000154682B101A90646FFF7B4FA074630B99DF8043003F00703012B14D0082738465D
:2002C00003B0BDE8F0830DF10600F1F7F1FBBDF8063002464FF47A7101FB023141480FF063
:2002E00083FB00BEFEE703213046FAF77BF80B220DF106013046ADF80670FAF77DF8074669
:200300000028DCD1BDF806200446814642FA09F309F1010903F00103B9F10B0F1C44F5D1FF
:20032000082CCBD83046F9F7FFFF23010E338342C4D80024C8F80040C8F80440C8F808408C
:20034000A8F80C4003212C606C60AC60EC602C61AC823046FAF746F84A4641463046FAF7FF
:200360004BF808F10209B8F800302341DB074FF0080209EB040130460BD5FAF73DF804222C
:2003800029463046FAF738F80422691C3046FAF733F801340B2C05F10205E4D1384603B0CB
:2003A000BDE8F0830DF10600F1F782FBBDF8063002464FF47A7101FB02310A480FF014FBCC
:2003C00000BEFEE70DF10600F1F772FBBDF8063002464FF47A7101FB023102480FF004FB49
:2003E00000BEFEE70486030870B582B0002853D00C4679B101A90546FFF70CFA064630B981
:200400009DF8043003F07F030F2B12D00826304602B070BD01A8F1F74BFBBDF804300246F7
:200420004FF47A7101FB023123480FF0DDFA00BEFEE707212846F9F7D5FF2846F9F774FF50
:200440003A28E3D926606660A66007212846F9F7C9FF214603222846F9F7CEFFA11C0C223C
:200460002846F9F7C9FF211D0C222846F9F7C4FFA11D0C222846F9F7BFFF04F108010C2295
:200480002846F9F7B9FF012204F10A012846F9F7B3FF304602B070BD01A8F1F709FBBDF874
:2004A000043002464FF47A7101FB023102480FF09BFA00BEFEE700BF0486030870B584B035
:2004C000002849D005461320FFF768F9044600283ED00326009607220023F9F76FFF0028F5
:2004E00033D104230093012200232046F9F766FF034650BB2A8800962046F9F75FFF0346A4
:2005000018BB0C266A8800962046F9F757FF0346D8B9AA8800962046F9F750FF0346A0B9B9
:20052000EA8800962046F9F749FF034668B92A8900962046F9F742FF034630B901216A8984
:2005400000912046F9F73AFF18B12046FFF72EF90024204604B070BD0DF10E00F1F7A8FA2E
:20056000BDF80E3002464FF47A7101FB023102480FF03AFA00BEFEE7048603082DE9F043E5
:2005800085B0002800F0978004461320FFF706F90546002800F08B804FF003090427072278
:2005A0000023CDF80090F9F709FF0022002300972846F9F703FF0B230093072622880023D4
:2005C0002846F9F7FBFE0096628800232846F9F7F5FE0096A28800232846F9F7EFFE00960C
:2005E000E28800232846F9F7E9FE00964FF00E08228900232846F9F7E1FECDF80080628903
:2006000000232846F9F7DAFECDF80080A28900232846F9F7D3FE0096E28900232846F9F73D
:20062000CDFE0096228A00232846F9F7C7FE0096628A00232846F9F7C1FE0096A28A0023C0
:200640002846F9F7BBFECDF80080E28A00232846F9F7B4FECDF80080228B00232846F9F72C
:20066000ADFEE27ECDF8009000232846F9F7A6FEA27E009700232846F9F7A0FE627FCDF879
:20068000009000232846F9F799FE227F009700232846F9F793FEE27F009700232846F9F7EF
:2006A0008DFEA27F009700232846F9F787FE284605B0BDE8F0830DF10E00F1F7F9F9BDF81B
:2006C0000E3002464FF47A7101FB023102480FF08BF900BEFEE700BF04860308F0B583B09B
:2006E000002800F0A4800D4679B101A90446FFF791F8074630B99DF8046006F07F06072EEF
:2007000012D00827384603B0F0BD01A8F1F7D0F9BDF8043002464FF47A7101FB02314B486F
:200720000FF062F900BEFEE731462046F9F75AFE2046F9F7F9FD9728E3D9202239462846A1
:200740000FF0EEFF31462046F9F74CFE29460B222046F9F751FE3246A91C2046F9F74CFE78
:200760003246291D2046F9F747FE3246A91D2046F9F742FE324605F108012046F9F73CFE45
:2007800005F10A010E222046F9F736FE05F10C010E222046F9F730FE324605F10E01204604
:2007A000F9F72AFE324605F110012046F9F724FE324605F112012046F9F71EFE324605F1C9
:2007C00014012046F9F718FE05F116010E222046F9F712FE05F118010E222046F9F70CFE56
:2007E00005F11B0103222046F9F706FE05F11A0104222046F9F700FE05F11D01032220463E
:20080000F9F7FAFD05F11C0104222046F9F7F4FD05F11F0104222046F9F7EEFD042205F1D8
:200820001E012046F9F7E8FD384603B0F0BD01A8F1F73EF9BDF8043002464FF47A7101FB5D
:20084000023102480FF0D0F800BEFEE7048603082DE9F04383B000284BD04A1E47F6FE7347
:200860009A420E4645D804461320FEF797FF054600283ED003230093072200234FF0040852
:20088000F9F79CFD03220023CDF800802846F9F795FD20230093324600232846F9F78EFDF8
:2008A0004FF000090134012707FA09FC1CEA060F4FF0000328460ED014F8012CCDF8008066
:2008C000F9F77CFD03460321284683B922780091F9F774FD50B909F10109B9F10F0F04F142
:2008E0000204E1D1284603B0BDE8F0832846FEF75DFF0025284603B0BDE8F0832DE9F043A1
:2009000083B0A8B10D4699B117468AB169460646FEF780FF804668B99DF8003003F07F0386
:200920001F2B0BD04FF00808404603B0BDE8F0834FF00108404603B0BDE8F0830190202286
:2009400001A93046F9F758FD80460028F2D10199B1F5004FE6D204460346012000FA03F297
:200960000A4203F1010318BF01340F2BF6D13046F9F7DAFCC4EBC40427348442D2D8002484
:2009800007213046F9F72EFD3C6020222C606C60AC60EC602C616C61AC6139463046F9F7C4
:2009A0002BFD4FF001093B6809FA04FC1CEA030F4FF004022946304606D0F9F71DFD0322D9
:2009C000691C3046F9F718FD01340F2C05F10205E9D1404603B0BDE8F08300BF30B50546B0
:2009E00083B01320FEF7DAFE044698B10323009307220023F9F7E2FC04210622002300915D
:200A00002046F9F7DBFC0822009200232A462046F9F7D4FC204603B030BD00BFF9F792BC31
:200A20002DE9F041074684B013200E461546FEF7B5FE0446D0B14FF0030802220023CDF843
:200A40000080F9F7BBFC02A80FF006F92023029A009320460023F9F7B1FC0A2300933A46EF
:200A600000232046F9F7AAFC06B11DB9204604B0BDE8F081424631462046F9F763FC204680
:200A800004B0BDE8F08100BF002211461046FFF7C7BF00BF00B583B0F9F758F8032203462D
:200AA0000DF1070101208DF80730FFF7B9FF03B000BD00BF002211460220FFF7B1BF00BFB6
:200AC000F0B5054683B01320FEF768FE0446002839D003260427009607220023F9F76EFC5A
:200AE0000097052200232046F9F768FC02230093022200232046F9F761FC009700220023CD
:200B000008272046F9F75AFC2A78009700232046F9F754FC6A780096002320262046F9F7C1
:200B20004DFC6A68009600232046F9F747FC2A7A009700232046F9F741FCEA68009600234C
:200B40002046F9F73BFC204603B0F0BDF0B5054683B01320FEF722FE0446002852D003261A
:200B60000427072200230096F9F728FC0097052200232046F9F722FC022300930222002300
:200B80002046F9F71BFC0097012200232046F9F715FC2A79009600232046F9F70FFC0921BD
:200BA0002A68009100232046F9F708FC10272A7B009600232046F9F701FCAA6800970023E1
:200BC0002046F9F7FBFB2A7D009600232046F9F7F5FB2A69009700232046F9F7EFFB2A7FED
:200BE000009600232046F9F7E9FBAA69009700232046F9F7E3FB20212A6A00910023204612
:200C0000F9F7DCFB204603B0F0BD00BF70B582B048B30D4639B30446F9F786FB0C2803D82D
:200C20000826304602B070BD01A92046FEF7F2FD06460028F4D19DF8043003F07F032F2B6C
:200C4000EED1288007212046F9F7CCFB294602222046F9F7D1FB0422691C2046F9F7CCFB6B
:200C6000304602B070BD0126304602B070BD00BF70B582B0002855D00E46002952D0044657
:200C8000F9F752FB5F2803D80825284602B070BD01A92046FEF7BEFD05460028F4D19DF8AE
:200CA000043003F07F032F2BEED130607060B060F06007212046F9F795FB02220DF103017E
:200CC00020468DF803508DF80450F9F795FB04220DEB02012046F9F78FFB9DF80330012B88
:200CE000D2D19DF80450002DCED1314608222046F9F782FB711C03222046F9F77DFB311D5A
:200D000020222046F9F778FB0822B1182046F9F773FB202206F10C012046F9F76DFB28469F
:200D200002B070BD0125284602B070BD2DE9F04182B078B1884669B117465AB11E464BB10F
:200D40000446F9F7F1FA372809D80825284602B0BDE8F0810125284602B0BDE8F08101A9C5
:200D60002046FEF757FD05460028EED19DF8043003F07F032F2BE8D107212046F9F732FB96
:200D800002220DF1030120468DF803508DF80450F9F732FB01A904222046F9F72DFB9DF816
:200DA0000330012BD1D19DF80430022BCDD1C8F8005041463D70202235702046F9F71CFB06
:200DC000394603222046F9F717FB082231462046F9F712FBBFE700BFF0B5074685B014461D
:200DE00051B152B113200D46FEF7D8FC064650BB0026304605B0F0BD7AB10DF10E00F0F72C
:200E000057FEBDF80E3002464FF47A7101FB023121480EF0E9FD00BEFEE71320FEF7BEFC13
:200E200006460028E4D00323009303220023F9F7C5FA082300933A4623463046F9F7BEFA15
:200E4000304605B0F0BD0323009303220023F9F7B5FA082300933A4600233046F9F7AEFAAB
:200E6000224629463046F9F76DFA04460028C0D03046FEF79BFC0DF10E00F0F719FEBDF80B
:200E80000E50064A4FF47A7101FB0051234604480EF0AAFDACE700BF04860308D4C9030840
:200EA000A88E030878BB10B5184A194CD2F8802586B040F20111ADF8041021688DF8102052
:200EC000090C8DF80710216824688DF80940090A8DF808100221ADF80A10110E8DF80D102B
:200EE0000124110A8DF80C408DF80F10140C01A988228DF806008DF80E40CDF81100FFF79F
:200F00006BFF06B010BD0020704700BF0070FF1FA0400020052801D8FFF75EBF00B583B0BF
:200F20000DF10600F0F7C4FDBDF8063002464FF47A7101FB023102480EF056FD00BEFEE737
:200F400004860308F0B585B000285FD007461320FEF724FC0446002855D0032300930322C1
:200F60000023F9F72BFA08210422002300912046F9F724FA042100910022002320462B4DE9
:200F8000F9F71CFA3A681326AA4228BF2A46002300962046F9F712FA7A680096AA4228BFC7
:200FA0002A4600232046F9F709FABA680096AA4228BF2A4600232046F9F700FAFA680096DF
:200FC000AA4228BF2A4600232046F9F7F7F93A690096AA4228BF2A4600232046F9F7EEF989
:200FE0007A690096AA4228BF2A4600232046F9F7E5F9BA690096AA424FF0000328BF2A46A0
:201000002046F9F7DBF9204605B0F0BD0DF10E00F0F74EFDBDF80E3002464FF47A7101FB3B
:20102000023103480EF0E0FC00BEFEE7FFFF0700048603082DE9F041132084B0FEF7AEFBCF
:201040000446002844D00323009303220023F9F7B5F9082100910422002320460426F9F7E8
:20106000ADF90122002300962046F9F7A7F902A80EF018FE2021029A009100232046F9F753
:201080009DF906F099FA054610B343684FF6FF77BB4228BF3B464FF010081A46CDF800805C
:2010A00000232046F9F78AF92A7B00960F2A28BF0F2200232046F9F781F92A69CDF80080DD
:2010C000BA424FF0000328BF3A462046F9F776F9204604B0BDE8F08130B5132083B0FEF736
:2010E0005DFB044628B30325009503220023F9F765F908210091052200232046F9F75EF96F
:20110000F8F724FD0023024600952046F9F756F9F9F7ACF801250246002300952046F9F70A
:201120004DF9FAF753F90095024600232046F9F745F9204603B030BDF0B583B01446054615
:201140000E46F9F7F1F80734A04221D301A92846FEF760FB044638B99DF8047007F00707A0
:20116000042F15D1052E02D1204603B0F0BD0523032128468DF80330F9F734F93A460DF17D
:2011800003012846F9F738F99DF80330B342EBD00824204603B0F0BD30B5054683B050B3EC
:2011A0001320FEF7FBFA044610B30323009304220023F9F703F904210023002200912046B6
:2011C000F9F7FCF8182229462046F9F7BBF81822291D2046F9F7B6F8182205F10801204656
:2011E000F9F7B0F8202205F10C012046F9F7AAF8204603B030BD0446204603B030BD00BF05
:2012000030B5054683B0F0B11320FEF7C7FA0446B0B10323009304220023F9F7CFF8042158
:201220000222002300912046F9F7C8F8202229462046F9F787F82022291D2046F9F782F8E2
:20124000204603B030BD0446204603B030BD00BFF0B5064683B013200D46FEF79FFA0446F7
:20126000C8B103230093042200230427F9F7A6F80422002300972046F9F7A0F800233246D1
:2012800000972046F9F79AF80822009200232A462046F9F793F8204603B0F0BDF0B583B001
:2012A00030B30D4621B30446F9F73EF8062823D901A92046FEF7AEFA0646E8B99DF80470E7
:2012C00007F00707042F17D10523032120468DF80430F9F787F83A4601A92046F9F78CF810
:2012E0009DF80430042B07D82B70304603B0F0BD0126304603B0F0BD0826F6E770B558B36E
:201300000C4649B3682201210546FFF715FF0646F8B920606060A060E06007212846F9F77B
:2013200061F8214618222846F9F766F8211D18222846F9F761F804F1080118222846F9F732
:201340005BF8202204F10C012846F9F755F8304670BD0826304670BD0126304670BD00BF4E
:201360002DE9F04782B0002841D00E4600293ED0112203210446FFF7DFFE054690BB0721F8
:2013800020460195F9F72EF8112201A92046F9F733F8019B20461B010193F8F7C5FFA0F1E7
:2013A0001807072F1ED94FEAD70909F1080A50460EF090F88046F8B1524629460FF0B0F982
:2013C000019BC8F8049027F007022046C8F8003008F10801F9F710F82846C6F8008002B04F
:2013E000BDE8F0870825284602B0BDE8F0870125284602B0BDE8F0870225F4E770B5B0B17E
:201400000D46A1B1202202210446FFF795FE064650B907212046F8F7E5FF20222946204622
:20142000F8F7EAFF304670BD0826304670BD0126304670BD08B500200BF0D6FB0349044A53
:20144000044B08601060186008BD00BF60080020540800204808002040B370B50E4684B055
:20146000D9B18268019204460023406801A9CDE9023306F0A9FC80B9606806F023FE78B9D7
:201480006068642106F03EFC054660B9606806F097FC3080284604B070BD4FF0FF30FAE7CC
:2014A0006FF00100F7E76FF00200F4E74FF0FF30704700BFEEF7E4BF406806F06BBE00BFC0
:2014C0004FF0B04384B0DA6C42F00102DA64DA6C02F001020392039ADA6C42F00202DA64C6
:2014E000DA6C02F002020292029ADA6C42F00402DA64DA6C02F004020192019ADA6C42F0E0
:201500008002DA64DB6C03F080030093009B04B0704700BF8188006808B507F0E7FCA0F15D
:201520000100B0FA80F0400908BD00BF0A460346A2F10102B2FA82F200689988520907F099
:20154000DBBC00BF00B587B00023CDE9043302934B78828801921BB1012B14BF0223012330
:201560000A78039332B9CB78032B09D8DFE803F012191D0E8B78012B14BF01231123029317
:20158000006801A907F052FB07B000BD4FF444130293F5E78B78022B14BF00230323029395
:2015A000EEE74FF488130293EAE74FF404130293E6E700BF38B5EFF707FEEFF7C3FD0020F9
:2015C0000BF012FB084D094C034600202B600BF00BFB03466868236007F072FE6068BDE8F4
:2015E000384007F06DBE00BFD0080020C80800202DE9F04784B0DDF83080BDF8349040B13A
:201600000C4616461F460546002A50D057EA090304D14FF0FF3004B0BDE8F087686890F86A
:20162000413003F0FF0A002B35D003689A69120407D51A6822F001021A601A6842F00102E5
:201640001A606400A1B2BEB1B8F1000F1FD0012F1ED9328852BA92B202234FF47A74CDE906
:201660000089029407F0DCFF002814BF6FF00100002004B0BDE8F087B9F1000FE4D04FF47E
:201680007A73009342464B4607F00CFFECE797B932780123E1E707F0B9FD5146686808F0EA
:2016A000C3F86868514608F0E9F86868BDE7B8F1000FABD1ADE74FF47A73009332463B4637
:2016C00007F018FED0E700BF18B338B505464068E0B10368104A934203D002F58062934230
:2016E00014D107F093FD00210446686808F09CF800210443686808F0C1F8E4B20443E4B25B
:20170000002C14BF6FF00200002038BD6FF0010038BD4FF0FF30704700540040C0B140682D
:2017200098B108B50C4A0368934203D002F58062934207D107F0C4FD002814BF6FF00200A0
:20174000002008BD6FF0010008BD6FF0010070474FF0FF30704700BF005400402DE9F047A3
:2017600004460C209DF820A09DF82490884617461E460EF0F5FE88B3054680F80580C7711A
:201780000471067280F806A0B9F1000F04D1C0F800902846BDE8F0874FF480700EF0E0FECF
:2017A0002860C0B100F1FF3E4FF0000C5FFA8CF3082259B25B000029DBB2B8BF6340013A44
:2017C000F7D10CF1010CBCF5807F0EF8013FEDD12846BDE8F08728460EF0CAFE0025D8E7E1
:2017E0002DE9F04704460C20BDF820A09DF82490884617461E460EF0B3FE98B30546A0F8FC
:20180000068087728480C672A0F808A0B9F1000F04D1C0F800902846BDE8F0874FF40070BA
:201820000EF09EFE2860D0B1A0F1020E4FF0000C00F5FF706346082219B25B0000299BB246
:20184000B8BF6340013AF7D12EF8023F0CF5807C70451FFA8CFCEDD12846BDE8F0872846FB
:201860000EF086FE0025D6E7F0B50568437955B3002A54D00A44561E4C1EC27905E083EA27
:201880000E0EA64215F80E3049D014F801EF002AF5D0012700210A462EFA02FC1CF0010F1A
:2018A000C2F1070C02F1010204D007FA0CFC41EA0C01C9B2082AEFD15940B4426B5C2ED096
:2018C00014F801EFE6E752B30A44C6794C1E551E4FF0010E14F8011F96B10F4600210A4649
:2018E00027FA02FC1CF0010FC2F1070C02F1010204D00EFA0CFC41EA0C01C9B2082AEFD168
:201900004B40082259B20029B8BF01794FEA4303DBB2B8BF4B40013AF4D1A542DAD1027AD1
:2019200092B11C4600231A46012524FA02F111F0010FC2F1070102F1010203D005FA01F1C2
:201940001943CBB2082AF0D180795840F0BD00BF2DE9F0410668C388002E3FD02AB30A4456
:20196000877A01F1FF3E541E01251EF8011F97B1884600210A4628FA02FC1CF0010FC2F1F3
:20198000070C02F1010204D005FA0CFC41EA0C01C9B2082AEFD181EA13211B0236F81120A3
:2019A0009BB2744583EA0203DFD1C27A92B11C4600231A46012524FA02F111F0010FC2F1A0
:2019C0000F0102F1010203D005FA01F119438BB2102AF0D100895840BDE8F081002AE4D094
:2019E0000A44867A01F1FF3C551E01271CF8011F8EB18E4600210A462EFA02F414F0010FE7
:201A0000C2F1070402F1010203D007FA04F42143C9B2082AF0D183EA0123082219B20029C5
:201A2000B8BF81884FEA43039BB2B8BF4B40013AF4D16545DAD1B8E70023C0E900128360A3
:201A4000704700BF836833B143688B4208DD002383600120704703688B42FADA01238360F3
:201A600000207047024630B4406894681368D568A04216BF013055F82300506045F823108F
:201A800003F10103B3FBF4F104FB113318BF002030BC1360704700BF0246406898B191687A
:201AA00013680B44013B10B4441EB3FBF1F001FB1033D168136051F823005460002241F805
:201AC000232010BC70477047406870474068B0FA80F04009704700BF00B10068704700BF1A
:201AE00000B10068704700BF38B5F8B1F1B182680346DAB10068C8B181424FF0000505D0A4
:201B00000468054694B120468142F9D1013A9A603AB104686CB17DB12C600EF029FD2046E9
:201B200038BDC3E9002208460EF022FD0024204638BD5D602C60F0E71C60EEE70C21012039
:201B40000EF0F2BCC0B138B50D460446082101200EF0EAFC70B163680022C0E9002503B120
:201B60001860236860601BB1A3680133A36038BD2060F9E7002038BD0020704700B18068BA
:201B8000704700BF70B570B1154662B104680E4614B908E0246834B160683146A8470028DF
:201BA000F8D1204670BD0024204670BDD0B170B50E46D1B18368012B12DD05682C687CB162
:201BC00061686868B047002803DD6B6862686A6063602468002CF3D12D682C68002CEFD1B2
:201BE000002070BD4FF0FF3070474FF0FF3070BD00B14068704700BFE8B1104B02881B6808
:201C000041881B899A4285BF0D4A1268002202F0010299420DD9818899420AD9084B1B68F1
:201C200013F0040006D012EA530214BF142000207047002070470120704700BF04400020C6
:201C40000C400020F0B5304B304F314D85B006461868FFF731FCF9F73FFE2E4B81882860A0
:201C600000241C602C4B1C602C4B1C602C4B1C702C4B1E70038833403B604FF40033039331
:201C800042882948FFF7D8FE2B6828485A889988FFF7D2FE2B6826485A889988FFF7CCFEAD
:201CA0002146032001F026FE2146022001F022FE3B68DA071BD413F0060F1CD10DF10A006B
:201CC000EFF7F6FE2C68BDF80A30228864894FF47A7101FB00313B68164800940DF084FEA1
:201CE000154B03A91868FFF72DFC05B0F0BD0121032001F0FFFD0121022001F0FBFD4FF435
:201D00004073ADF80E30D9E7440800200C400020044000201C4000201840002014400020C9
:201D20002040002008400020F83F0020EC3F0020E03F0020EC8E030884080020134B1B68C8
:201D4000DB88834206D91248006810F0010F01D0132070478B4207D90D49096811F0020078
:201D6000F6D193420CD87047934207D9084B1B6813F0040F14BF13200020704700207047D7
:201D800011F0040F14BF132000207047044000200C4000202DE9F0414A4D4B4E84B004468D
:201DA0002868FFF787FB3368D9070DD49A0712D45B0718D42868FFF77FFB444B1B685B89F4
:201DC000BBB904B0BDE8F08128682146FFF744FB33689A07ECD53E4BA11C1868FFF73CFBA9
:201DE00033685B07E6D53B4B211D1868FFF734FBE0E7394E0AF074FC3268384B801A984279
:201E000027D202AD2846EFF753FEBDF8081022884FF47A7606FB001131480DF0E5FD2846F3
:201E2000EFF746FEBDF80810628806FB00112D480DF0DAFD2846EFF73BFEBDF80830A288C2
:201E40000146294806FB013104B0BDE8F0410DF0CBBD0020FEF7C2FD02AD0746E0B12846B9
:201E60000DF0FAFE202229463846FEF7D7FD0C2221463846FEF7D2FD0C22A11C3846FEF740
:201E8000CDFD0C22211D3846FEF7C8FD0021384605F05CFC804618B90AF022FC3060B1E711
:201EA0000DF10600EFF704FEBDF806304FF47A7101FB003142460D480DF096FD3846FDF711
:201EC00075FCE9E7440800200C40002004400020400800203C080020DC3F002080EE3600DA
:201EE000808F0308A48F0308C88F03083C8F03082DE9F047AC4EDFF8B482AD4FAD4D4FF0C9
:201F0000FF3284B0326000211F200AF009FD041E26DB620700F1EB80230702D50720FFF764
:201F200091FEE00602D50020FFF78CFEDFF88892D9F80030002B00F0D680A10704F0010AAB
:201F400003D59E4B1878FFF77DFEBAF1000F11D0642200211F2032600AF0E2FC041ED8DA00
:201F6000A11C40F0CF80DFF85092D9F80030002B00F0B980D8F80000FFF7CCFA3C78042CA7
:201F800000F2CE81DFE804F0533703036F00012800F0C980002302A80293ADF80C30FFF7AB
:201FA000F9FED9F8003013F0010440F06C819A0700F15E81580700F15281814A1168E3B297
:201FC0008B4273D01360002B70D0E10703D501210020F8F729F9A20703D501210846F8F720
:201FE00023F9630703D501210220F8F71DF94FF003094C465DE0012800F09580002302A825
:202000000293ADF80C30FFF7C5FE02A8FFF7F4FD002800F08F806B4A1368092B40F2FC80C7
:20202000644B00221A603B784FF4FA724FE0002861D0002302A80293ADF80C30FFF7AAFE8A
:20204000BDF80C20BDF80A10BDF80800FFF776FE5C4A1368002800F09080022B40F21C8164
:202060003B78594A33E0002845D0002302A80293ADF80C30FFF78EFEBDF80C20BDF80A1045
:20208000BDF80800FFF75AFE8146002840F0D880484A1368092B04D801330A2B136000F0D5
:2020A0001081484B00221A603B78BDE74FF002094C4602A8FFF7A0FD424A1368002847D0AA
:2020C000092B40F29180414B53F829203B7832609C423FF418AF3B49394B3C7000202860F0
:2020E000086018600FE74FF0FF3232600BE70320FFF7A8FD10E74FF4FA7333604FF4FA726F
:202100000124E8E702A8EFF7D3FCBDF80850304A4FF47A7101FB00512E48234604B0BDE832
:20212000F0470DF061BC4FF4FA7333604FF4FA720424D0E71F493B780A68092A04D80132AE
:202140000A2A0A6000F0DB801E4A002111606BE7002BB8D0013B1360002BB4D10DF1060034
:20216000EFF7A6FCBDF806301B4A4FF47A7101FB00311A480DF038FCA5E7002B3FF470AF90
:20218000013B1360002B7FF46BAF0DF10600EFF78FFCBDF80630124A4FF47A7101FB0031C1
:2021A00010480DF021FC5BE71040002084080020204000201C4000200C400020084000207F
:2021C000144000201840002080EE360088CA030854CA0308EC8F030808CA0308B890030833
:2021E0003CCA03086090030801330A2B13607FF46AAF0DF10600EFF75BFCBDF806304A4AAB
:202200004FF47A7101FB003148480DF0EDFB484B53F829203B785AE701330A2B13607FF484
:20222000FFAE0DF10600EFF743FCBDF80630414A4FF47A7101FB00313C480DF0D5FBEFE6D1
:202240003D4A1368022B03D80133032B136058D03A4B00221A603B784FF4FA7237E7BDF821
:202260000C103748FFF7EEFB44EA800044B2A4E6BDF80A103348FFF7E5FB44EA4000D9F857
:20228000003044B296E6BDF808102F48FFF7DAFBD9F8003044B28AE60133032B13607FF4DE
:2022A000DFAE0DF10600EFF703FCBDF80630274A4FF47A7101FB003125480DF095FB3B7844
:2022C000CFE60DF10600EFF7F3FBBDF80630214A4FF47A7101FB00311F480DF085FB49464D
:2022E0000120F7F7A1FF49464846F7F79DFF49460220F7F799FF4C463B78184AE7E60224B7
:2023000092E60DF10600EFF7D3FBBDF80630114A4FF47A7101FB00310D480DF065FB97E7BC
:202320000E4A32600024D6E608CA03088C90030888CA030820CA0308184000201C40002089
:20234000E03F0020EC3F0020F83F00203CCA030834900308E8C903086090030880EE360061
:2023600008B5044A044800210AF0D6F9034B186008BD00BF64CA0308F11E020824400020FC
:202380000346074A032B106807D0072B02D010210AF04ABA08210AF047BA04210AF044BAB2
:2023A00024400020034B186810B101210AF03CBA704700BF244000201C4A1D4B126803EBC8
:2023C000C22C10B502464FF0100E0CF110000378542B01D0002010BD43784C2B00F10101BB
:2023E000F8D111F8013F562BF4D14B78312BF1D1438910339E44BEF5006FEBD801791378C9
:20240000994202D00EEB0C00E1E741795378994202F10104F6D1817914F8013F9942F1D140
:20242000C17963789942EDD110BD00BFD808002000F003082DE9F0431D4685B0884616465C
:2024400003F11009C41A631962595B682946012006F03EFB074670BB08354D45F3D1F608CF
:2024600025D02C4605EBC606A8EB050802E00834B4421CD008EB040358F804205B68214601
:20248000012006F025FB05460028F0D00DF10E00EFF70EFBBDF80E600F4A00954FF47A7198
:2024A00001FB006123460D480DF09EFA0A27384605B0BDE8F0830DF10E00EFF7F9FABDF856
:2024C0000E40054A00974FF47A7101FB00412B4602480DF089FAE9E79CCA0308EC9003085A
:2024E00010B5164B88B003EBC02300240220CDE90440DB0A012204A905A80693079206F0E3
:2025000033FB044610B9204608B010BD0DF10E00EFF7CEFA0A4BBDF80EC05A68049B019209
:202520004FF47A7101FB00C10093064A064823460DF05AFA0A24204608B010BD00F00300B9
:20254000F0410020DCCA0308209103082DE9F04F87B00DF11600EFF7ABFABDF81630DFF8C0
:20256000D49201464FF47A7404FB0131B2480DF03BFA0023CDE900331A46194641F23420CE
:20258000FFF72EF9C9F80000002800F02F81AB4AC2F30A0BBBF1000F40F0E680D60AC2F3F0
:2025A000CF22012A40F2EC80A54CDFF898A2DFF898820394B6B25D464FF0FF372368434544
:2025C00024D1E388012B21D16389B3F5FE6F50D8D9F800000E222146FFF7BAF9E389834212
:2025E00038D16289D9F8000004F11001FFF7B0F9A38983424DD12389BB4207DD1FB94FF6B8
:20260000FF72934202D0CAF800501F460135B54204F50064D2D3DAF80040631C48D0884B80
:2026200003EBC4240DF11600EFF742FA6589BDF81630DAF800204FF47A71C5F5FE6501FB6C
:2026400000312389814800950DF0CEF9002007B0BDE8F08F0DF11600EFF72AFABDF8163067
:202660007B4A4FF47A7101FB00317A480DF0BCF9CCE70DF11600EFF71BFABDF81630744A4B
:202680004FF47A7101FB0031638973480DF0ACF9BCE70DF11600EFF70BFABDF816306C4A43
:2026A0004FF47A7101FB00316C480DF09DF9ADE70DF11600EFF7FCF9BDF816104FF47A75E8
:2026C00005FB001166480DF08FF906F0AFF900287AD1644A4FF4004111610DF11600EFF707
:2026E000E7F9BDF81620014605FB01215E480DF07BF9CAF800401FFA8BF0FFF7F1FE0028EC
:202700004FD10BF1010BB345F5D3584B4E4998601C1FC3E90000024643F8041CD9F8000044
:2027200001232146E380FFF713F90E22A0812146D9F80000FFF70CF9039FE08104F1100617
:20274000D4E900233946012006F0C2F9083400285BD1B44207F10807F2D1CAF8000006F040
:2027600079F9DAF800405AE70DF11600EFF7A0F9BDF816103E4A04FB00113E480DF034F9DE
:202780000DF11600EFF794F9BDF816303A4A01464FF47A74394804FB01310DF025F90620C8
:2027A00055E70DF11600EFF783F9BDF816204FF47A7101FB00210A225B4600923048314ADF
:2027C0000DF012F906F046F90DF11600EFF770F9BDF81640284A01464FF47A752A480A23C4
:2027E00005FB01410DF000F90A2030E70DF11600EFF75EF9BDF816301F4A014604FB013133
:2028000022480DF0F1F8022021E705460DF11600EFF74EF9BDF816301A4A00954FF47A7190
:2028200001FB00313B461A480DF0DEF806F012F9CAE700BF384000205891030800100000A8
:2028400000F00308D80800204E564D317C93030800CB03085C920308289203088092030890
:20286000A492030800400058E89203082C40002014CB0308C091030824CB0308049203088D
:2028800020930308ECCA03085493030894910308EC90030870B370B50D4684B0F9B114463D
:2028A000EAB1174B1B68013326D0FFF785FD064620B30289A24215D00DF10E00EFF7F8F8A1
:2028C000BDF80E5033890F4A00944FF47A7101FB00510D480DF088F81B2004B070BD0120B2
:2028E00004B070BD00F1100128460DF0BBFF002004B070BD012070470420F1E70520EFE700
:20290000D8080020D0CA0308D89303082DE9F04F8DB0002800F0A6808846002900F0A280C3
:202920001446002A00F09E80DFF86CB2DBF800506E1C00F0B8800646FFF73EFDDFF85CA2E9
:202940000AEBC525002800F0AB8042896B899B1AE21D22F007021344B3F5FE6F00F2A58044
:2029600006F064F80546002840F081808C4B4FF400421A618B4BDBF80070C3F30A02013777
:20298000002A40F0D880C3F3CF2597FBF5F305FB13791FFA89F0CDF80C90FFF7A1FD844684
:2029A000002840F0A480804ADBF800507F4F49460AEBC52302EBC92902EBC525CA0204925C
:2029C0000FCB87E80F003B89CDF814900133A7F80AC03B812B78542B4BD0A4B278893368EA
:2029E0000993E21D22F0070292B21030104478816F48089000200B904B46414608A8ADF8D9
:202A00002840ADF82A20FFF715FD002840F0A180684C05997A892068644DFEF799FF634917
:202A2000B8810E222068FEF793FF049BF8819A440AF11006D5E900235146012006F048F848
:202A40000835002840F095800AF1080AB245F1D1039BCBF80030044605F0FCFF20460DB018
:202A6000BDE8F08F012420460DB0BDE8F08F0A24F9E76B784C2B05F10102AED112F8013F9C
:202A8000562BAAD15378312BA7D12A7933789A422FD001236A89002B3CD11032154499E708
:202AA0006FF00F0252E70424DDE708A8EFF700F8BDF82040DBF800303F4A4FF47A7101FB28
:202AC00000413E480CF090FF0224CCE708A8EEF7EFFFBDF82040039ADBF8003000924FF4BE
:202AE0007A7101FB0041364A36480CF07DFF0A24B2E76A7973789A4206F10101C9D1AA7911
:202B000011F8013F9A42C4D14B78EA799A42C0D10023BFE74B4605F110012846FFF78AFC1D
:202B20000028D3D17B896A89103309F1100913447B819144B1E708A8EEF7BAFFBDF8203069
:202B4000214A4FF47A7101FB003120480CF04CFF1BE70DF11E00EEF7ABFFBDF81E40184ADE
:202B6000039B4FF47A7101FB004119480CF03CFFBDE704460DF11E00EEF79AFFBDF81E5009
:202B80000F4A00944FF47A7101FB0051534611480CF02AFFABE700BFD808002000F003086A
:202BA000004000580010000010F0030828400020544C563138400020C4CA030818940308CB
:202BC000ACCA03084C94030814CB0308C091030884940308AC940308F0B52A4E346885B0E7
:202BE0000F46BCB102460021012009F099FE264D04464FF0FF3128680AF050F800239C42FA
:202C000033602DDB7468C4B928680AF079F8204605B0F0BD0DF10E00EEF74AFFBDF80E40C0
:202C20001A4A4FF47A7101FB00413B4618480CF0DBFE1724204605B0F0BD0DF10E00EEF71B
:202C400037FFBDF80E40736800934FF47A7101FB00410E4A0F483B460CF0C6FE0B24D3E789
:202C60000DF10E00EEF724FFBDF80E3000944FF47A7101FB0031054A07483B460CF0B4FE91
:202C80001824C1E74C4000206440002020CC0308E494030850950308149503082DE9F04775
:202CA000DFF8D890DFF8D8A0044684B0D9F800000D464FF0FF3190461F4609F0EFFFDAF881
:202CC0000060A6422AD1002D40D1B8F1000F17D0B7B1DAF80C20BA4249D00DF10E00EEF768
:202CE000E7FEBDF80E3000974FF47A7101FB0031244A2548DAF80C300CF076FE4FF0FF353E
:202D0000224BCAF804501868012109F08DFDD9F8000004B0BDE8F04709F0F2BF0DF10E00F4
:202D2000EEF7C6FEBDF80E3000944FF47A7101FB0031144ADAF8003015480CF055FED9F82B
:202D4000000004B0BDE8F04709F0DABF0DF10E00EEF7AEFEBDF80E2000954FF47A7101FB12
:202D600000213346074A0B480CF03EFEC8E7DAF8080041460DF076FDC2E700BF6440002031
:202D80004C40002030CC0308B09503085C400020E89503087C95030808B50846FCF706FDCF
:202DA000034B02211868BDE8084009F03DBD00BF5C400020F8B5104F104C06460D46386820
:202DC0004FF0FF3109F06AFF00221146012009F0A7FD0B4904233046C4E90253F6F7FAFB16
:202DE00003463868236009F08BFFBDE8F840054941F28830FFF7F0BE644000204C400020BA
:202E00009D2C020804CC030870B5104E104C05464FF0FF31306809F041FF00221146012000
:202E200009F07EFD002310210A4A2846C4E90233F6F7C4FB03463068236009F061FFBDE818
:202E40007040054941F28830FFF7C6BE644000204C4000209D2C0208ACCB030838B50F4D01
:202E60000F4C28684FF0FF3109F018FF00221146012009F055FD0B4B0B491020C4E902304A
:202E8000F6F78EFB03462868236009F039FFBDE83840064941F28830FFF79EBE64400020C2
:202EA0004C4000203C4000209D2C020848CC03082DE9F04F8DB008AD2846EEF7F9FDBDF893
:202EC000203001464FF47A7606FB01319D480CF08BFDFFF7C3FF002840F07F83DFF86892A9
:202EE0002846EEF7E5FDD9F80C30BDF820100193D9F80830009306FB0011D9E900239348A9
:202F00000CF072FD2846EEF7D3FDBDF8201006FB00118F480CF068FDD9F808002946FFF7B6
:202F200049FF0446002840F08A83D9F80C20089B0DF11C0A9A42504640F0EA81EEF7B8FD2F
:202F4000BDF81C30014606FB013182480CF04CFD814EDFF808B2824F30684FF0FF3300228B
:202F600006A90AF089F80446002840F0E281DDF81880B8F1000F00F0DC810DF11501404616
:202F8000FEF78CF90446002840F0E4819DF81530032B00F28283DFE813F06C01F3009900EE
:202FA00004000023404651460793FEF7D9F90446002840F06283DDF81C80B8F1000F00F0CC
:202FC0007282D9F80820D8F800309A4240F01882644B4FF0FF31186809F060FE224621469A
:202FE000012009F09DFCD8F804105F4A08314046CBE90244F6F7FCFA5A4BCBF8000018680D
:2030000009F07EFE594941F28830FFF7E5FD0446002840F0CF8299E80F00079CD4E900EC07
:2030200085E80F000A9B63440A93BEF1000F40F0E4814FF0FF32BCF1000F10D0A4440CF1E7
:20304000070CE01D10F8013F08215A4042F300033B40013983EA5202F8D18445F2D1D2433D
:2030600020460B920CF0BCFA2846FFF7CDFE0446002840F0758295E80F0089E80F0032484D
:20308000FEF78AF88046002800F0E88222462146022009F045FC3649404604F057FB0446B1
:2030A000002800F06E820DF11600EEF701FDBDF816204FF47A7101FB002123462D4A2E4885
:2030C0000CF092FC4046FCF771FB36E040465146FEF794F90446002840F07F8107980890F3
:2030E00009A9FFF767FE0446002840F0A2812846FEF786F88046002800F08182224621466D
:20310000022009F00DFC1A49404604F01FFB0446002800F0AF810DF11600EEF7C9FCBDF88F
:2031200016204FF47A7101FB00212346134A12480CF05AFC4046FCF739FB0698FCF736FB2D
:203140000AE700BF249603083C4000208C960308F4960308A8970308604000204C400020E6
:203160002083B8ED644000209D2C02085CCB0308992D020878CB0308F89803084CCB030863
:2031800040462946FEF7BAF80446002840F015812846FFF739FE0446002840F05B8195E8C5
:2031A0000F0089E80F00C74B4FF0FF311868904609F074FD22462146012009F0B1FBC2499F
:2031C0004046CBE90244F6F737FABE4BCBF80000186809F095FDBD4943F69820FFF7FCFC95
:2031E00004460028A9D05046EEF762FCBDF81C30B74A4FF47A7101FB0031B6482346A04661
:203200000CF0F2FB2846EEF753FCBDF82010CDF800804FF47A7808FB00119DF81530AE4ADE
:20322000AE480CF0E1FB21469DF81500FEF710F80446002800F0B38000221146022009F089
:203240006FFBA749204604F081FA002800F0918003902846EEF72CFCBDF82010039B9E4A9D
:2032600008FB00119F480CF0BFFB2046FCF79EFA63E7FFF7F3FD0446002840F09C80D9F8ED
:2032800008002946FFF796FD0446002840F09380D9F80C20089B9A4214D05046EEF708FC9A
:2032A000BDF81C30904A4FF47A7101FB0031089B00938E48D9F80C300CF096FB089BDB4371
:2032C000C9F80C308A48FDF767FF0446002800F0A88100221146022009F022FB804920465A
:2032E00004F034FA8046002800F022815046EEF7DFFBBDF81C204FF47A7101FB0021434611
:20330000794A78480CF070FB2046FCF74FFA14E7EEF7CEFBBDF81C10089B009306FB00114F
:20332000744AD9F80C3074480CF05EFBC9F80C400EE62846EEF7BCFBBDF820200699009181
:203340004FF47A7101FB002123466C4A6C480CF04BFB01E62846EEF7ABFBBDF820204FF4F5
:203360007A7101FB002123465B4A66480CF03CFBE3E601464FF0FF32022009F0D1FA041ECE
:20338000BFF6DBAE2846EEF793FBBDF82010524A08FB001123465C480CF026FBCDE628462E
:2033A000EEF786FBBDF820104B4A08FB001157480CF01AFBC1E6A04624E75046EEF778FBE3
:2033C000BDF81C30424A4FF47A7101FB003123464F48A0460CF008FB14E72846EEF768FB6F
:2033E000BDF820304B4A4FF47A7101FB003123464948A0460CF0F8FA04E70B9AD2431AE665
:203400002846EEF755FB079B444A1B680093BDF820304FF47A7101FB0031D9F808304048D2
:203420000CF0E2FA4FF0060807980CF0D9F84446E8E60DF11600EEF73BFBBDF81630354AFA
:203440004FF47A7101FB003123463648A0460CF0CBFAD7E65046EEF72BFBBDF81C301C4ABE
:203460004FF47A7101FB003123462F48A0460CF0BBFAC7E601464FF0FF32022009F050FAB1
:20348000041EBFF65AAE0DF11600EEF711FBBDF816204FF47A7101FB002123461D4A1A48E0
:2034A0000CF0A2FA49E62846EEF702FBBDF820204FF47A7101FB00214346184A1B480CF06B
:2034C00093FA3AE6644000209D2C020888CB0308C8CB0308DC990308F0CB0308AC9B030814
:2034E000992D0208F8980308DCCB0308649803083C40002064CC03086097030888CC030870
:20350000E49703082C9803082C990308C89A0308709903084CCB0308F49A030878CB0308FC
:20352000149A0308309B0308A8990308FC9B030801464FF0FF32022009F0F2F9041EBFF67A
:20354000FCAD5046EEF7B4FABDF81C204FF47A7101FB002123465A4A5A480CF045FAECE5A2
:203560000DF11600EEF7A4FABDF81630564A4FF47A7101FB003123465448A0460CF034FAA9
:2035800040E601464FF0FF32022009F0C9F9041EBFF6D3AD0DF11600EEF78AFABDF81620B2
:2035A0004FF47A7101FB00212346474A45480CF01BFAC2E52846EEF77BFABDF82030424A28
:2035C0004FF47A7101FB0031234641480CF00CFA0798A0460CF004F814E604462846EEF788
:2035E00067FABDF820103B4ADFF8EC9006FB001123463A480CF0F8F90DF11C0AA8E40DF115
:203600001600EEF755FABDF81630354A4FF47A7101FB003133480CF0E7F94FF00208444661
:20362000F0E55046EEF744FABDF81C30244A4FF47A7101FB00312C480CF0D6F9EDE70DF121
:203640001C0A5046EEF734FABDF81C10214A06FB0011234625480CF0C7F979E40DF116003A
:20366000EEF726FABDF81630174A4FF47A7101FB00311C480CF0B8F9CFE72846EEF718FA62
:20368000BDF82030104A4FF47A7101FB003123461748A0460CF0A8F9B4E52846EEF708FA37
:2036A000BDF820309DF815204FF47A7101FB00314FF001080F480CF097F94446A2E500BFE5
:2036C000DCCB03082C99030878CB0308909A0308589A030864CC03083C4000205C96030814
:2036E0004CCB0308C89A0308CC98030830970308FC9B0308749B030800B5002083B009F03D
:2037000073FA224B186008B3002204210A2009F01BFC1F4B186048B11E4A1F48002108F058
:20372000FBFF1E4B186008B303B000BD0DF10600EEF7BEF9BDF8063002464FF47A7101FB86
:20374000023117480CF050F900BEFEE70DF10600EEF7AEF9BDF8063002464FF47A7101FB02
:2037600002310F480CF040F900BEFEE70DF10600EEF79EF9BDF8063002464FF47A7101FB0A
:20378000023107480CF030F900BEFEE764400020604000209CCC0308B12E02085C40002043
:2037A0000486030810B5104984B0002301901A46086801A909F018FC08B904B010BD04465B
:2037C0000DF10E00EEF774F9BDF80EC0074A4FF47A7101FB00C1234605480CF005F9019883
:2037E000FBF7E4FF04B010BD6040002030CB03083C9C030830B50C4683B0032818D8DFE87E
:2038000000F0261B1902134D28688DF804406300002283F0020301A98DF805208DF8063097
:203820008DF80720FDF78EFE28682146FDF77EFE03B030BD084DE7E7084B18682146FDF704
:2038400075FE142003B0BDE8304009F0C9B8044BF3E700BF7C0800208008002074080020AF
:20386000780800202DE9F041DFF874801D4FD8F800001D4E1D4D82B0012301A90193FDF7FD
:2038800061FE386801A9FDF75DFE0024022330688DF8063001A98DF80440FDF753FE28684C
:2038A00001A9FDF74FFE2146D8F80000FDF73EFE21463868FDF73AFE21463068FDF736FE5C
:2038C00021460B4C2868FDF731FE206810B102B0BDE8F08109F088F9206002B0BDE8F081A4
:2038E0007808002074080020800800207C08002088400020032820D801292DE9F8430D4667
:2039000001D9BDE8F883184F184E04464FF0FF31386806EBC40809F0C1F9012DD8F8041005
:203920004FEAC4090AD019B14D1EC8F804509DB13868BDE8F84309F0E3B9704719B14E44E8
:2039400001317160F4E729462046FFF753FF06F83450D8F80410F2E729462046FFF74AFF19
:2039600006F83450E4E700BF8840002068400020024B0221186808F057BF00BFC0400020AE
:20398000F0B50C4685B0002939D11E46264B032E197018D00DF10E00EEF78AF8BDF80E30EB
:2039A000224A4FF47A7101FB0031334620480CF01BF8204B1C60204B1868042105B0BDE8FF
:2039C000F04008F031BF0DF10E001546EEF770F8BDF80E302A784FF47A7101FB0031A8780B
:2039E0006B78009015480BF0FFFF6B782878A978104A1B0243EA00430B431360DBE70A4B9B
:203A000007460B220DF10E001A70EEF751F8BDF80E50064A00944FF47A7101FB00513B4675
:203A200007480BF0E1FFC6E79C4000209CCD0308C49C0308A0400020C0400020109D0308FC
:203A4000749C0308104B187020B9104B0421186808F0EABE10B582B004460DF10600EEF7C5
:203A600027F8BDF806C00A4A4FF47A7101FB00C1234608480BF0B8FF044B1868042102B05C
:203A8000BDE8104008F0D0BE9C400020C040002030CD0308509D0308024B0121186808F0A8
:203AA000C3BE00BFC0400020024B8021186808F0BBBE00BFC040002010B5044684B0084657
:203AC000FBF774FE134B93E80300029002A88DF80C10F5F7BFFD01238DF80A30B4B140F2A7
:203AE00001730DF10600ADF80B30EDF7E1FFBDF80630094A4FF47A7101FB003107480BF0C7
:203B000073FF02A8F5F7A6FD04B010BD4FF44073E7E700BF444603081CCE0308949D030830
:203B200070B592B0FBF73CFE002879D003A90446FBF770FE054609A8002D4ED1EDF7B8FF48
:203B40009DF80C20BDF824104FF47A76C2F3C30306FB001102F00702C2480BF045FF9DF822
:203B60000C2002F00703042B55D0072B69D0012B45D109AA05A92046FCF788FB054600286C
:203B800069D004A8EDF794FFBDF81010B64A06FB00112B46B5480BF027FFB54B10211868A2
:203BA00008F042FE09A8EDF783FFBDF824204FF47A7101FB00212B46AB4AAE480BF014FF08
:203BC00000200990042309AA01210E20F6F706FB2046FBF7EBFD12B070BDEDF769FFBDF8E4
:203BE0002430A14A4FF47A7101FB00312B46A2480BF0FAFE2046FBF7D9FD12B070BD09A80F
:203C0000EDF756FFBDF82410974A06FB00119B480BF0EAFEDCE72046FFF7C4FD12B070BDFA
:203C200009A8EDF745FFBDF824308F4A01464FF47A74934804FB013112B0BDE870400BF033
:203C4000D3BEC2F3C302052A00F29F84DFE802F0583E26AF6F8705A8F7F70AFF054680B9D3
:203C600009A8F8F781F80546002840F0B880804B1021186808F0D8FD29460E20F6F7D4FAAF
:203C8000A6E704A8EDF714FFBDF81010764A06FB00112B467B480BF0A7FE7EE70DF10A010B
:203CA0002046FBF757FF054609A8002D00F0AE80EDF7FEFEBDF824306B4A4FF47A7101FB47
:203CC00000312B4670480BF08FFE81E709A92046FCF78AFB0546002800F08E8005A8EDF708
:203CE000E7FEBDF81430604A4FF47A7101FB003166482B460BF078FE0020FEF741FB67E7B2
:203D000009A92046FCF7EAFC0546002800F0828205A8EDF7CDFEBDF81430534A4FF47A712B
:203D200001FB00312B465A480BF05EFE50E705AA09A92046FCF7C4F90546002800F0248235
:203D400004A8EDF7B5FEBDF81030474A4FF47A7101FB00312B464F480BF046FE38E704A92C
:203D60002046FCF753FF0546002840F067829DF81030012B00F08E82002B7FF429AF9DF800
:203D80001130002B00F0B182012B09A800F0DE82EDF78EFEBDF82430334A4FF47A7101FB47
:203DA00000319DF811303C480BF01EFE10E705AA09A92046FCF7A2FD0546002800F0148218
:203DC00004A8EDF775FEBDF81030274A4FF47A7101FB00312B4631480BF006FEF8E604A8AC
:203DE000EDF766FEBDF810101F4A06FB00112B462B480BF0F9FDD0E609A8F7F771FD054648
:203E0000002840F02D82F7F7E9FCE1E6EDF750FEBDF824309DF80A204FF47A7101FB0031AC
:203E200020480BF0E1FD9DF80A300A2B00F29C8301A252F823F000BF33400208C33F0208E4
:203E400067400208074002088B3F02085D3F0208D13B0208293F0208FB3E0208C93E02080A
:203E6000A93E0208589E03080CCE0308949E0308C0400020789F0308109E0308F8AA030886
:203E8000CC9D0308E09E03080CA1030874A00308D49F0308CCA7030804AA030830A70308B7
:203EA0002C9F030854A1030809A8EDF701FEBDF8243002464FF47A7101FB0231BD480BF0EA
:203EC00093FDF5F705FC83E6002309A920460993FBF7C4FF0546002800F05E8205A8EDF79C
:203EE000E7FDBDF81430B44A4FF47A7101FB00312B46B2480BF078FD6AE605A92046FBF75B
:203F000035FF0546002800F0608209A8EDF7D0FDBDF82430A84A4FF47A7101FB00312B46FF
:203F2000A7480BF061FD53E6002305AA04A920468DF81430FBF7C0FE0546002840F07D8200
:203F40009DF81030002B00F0A380012B7FF440AE9DF814002946F5F795FB39E605A92046FA
:203F6000FBF746FE0546002800F0358209A8EDF79FFDBDF82430904A4FF47A7101FB003182
:203F80002B4690480BF030FD22E6F8F79BF9002309A9064620460993FBF722FF054600287C
:203FA00000F0348205A8EDF783FDBDF81430824A4FF47A7101FB00312B4683480BF014FDE2
:203FC00006E6F8F78DF8FCF7D9FA0546002800F054820021284603F0B9FB064600283FF4A5
:203FE000F7AD09A8EDF764FDBDF824204FF47A7101FB00213346704A74480BF0F5FC28469A
:20400000FBF7D4FBE4E506230DF10B0120468DF80B30FBF761FF0546002840F01E829DF893
:204020000B30052B00F26682DFE803F0A632896B4B36F7F719FD0546F7F792FE01462846B2
:20404000FCF7B2F805460028C3D109A8EDF730FDBDF82430584A4FF47A7101FB00315C4850
:204060000BF0C2FCB4E5F7F737FCFCF727FA05460028AED109A8EDF71BFDBDF824304E4A79
:204080004FF47A7101FB003152480BF0ADFC9FE55148F5F7EBFA9BE5FDF71EF8054600289C
:2040A00097D109A8EDF704FDBDF82430424A4FF47A7101FB003140F2154348480BF094FC6D
:2040C00086E505A92046FBF749FF0546002840F0E8819DF81430002B00F0DE81012B00F0AC
:2040E000F28109A8EDF7E4FCBDF82430324A4FF47A7101FB00319DF8143039480BF074FC33
:2041000066E509A905A802F005F9099A059903208240FCF7FFFE054600287FF45AAF04A854
:20412000EDF7C6FCBDF81030234A4FF47A7101FB003140F20B4329480BF056FC48E5ECF7CE
:2041400037FA0D22ADF8140005A90220FCF7E2FE054600287FF43DAF09A8EDF7A9FCBDF8E2
:204160002430154A4FF47A7101FB00314FF47F731A480BF039FC2BE50020FCF793FE05466B
:2041800000287FF426AF23E5059909A8F7F7DAF90546002861D004A8EDF78AFCBDF81030E8
:2041A000054A4FF47A7101FB00312B460D480BF01BFC0DE53CA603080CCE0308A0A5030869
:2041C00040A5030880A40308C4A30308ECA6030894A103083CA203082952020828A303082D
:2041E0004CA3030828A80308059909A8F8F76EF80546002843D004A8EDF75AFCBDF81030E5
:20420000C54A4FF47A7101FB00312B46C3480BF0EBFBDDE409A8F7F767FF0546A0B305A8C6
:20422000EDF746FCBDF81430BB4A4FF47A7101FB00312B46BA480BF0D7FBC9E409A8EDF77D
:2042400037FCBDF82430B44A4FF47A7101FB00312B46B4480BF0C8FBBAE4F7F7C9F8B7E4B6
:2042600005A8EDF725FCBDF81430AB4A4FF47A7101FB00312B46AC480BF0B6FB3CE5F7F723
:2042800073FF03F035FBA3E4A84B2021186808F0CBFA9DE49DF811308BB1022B3DD009A813
:2042A000EDF706FCBDF824309B4A4FF47A7101FB00319DF811309E480BF096FB88E409A969
:2042C0002046FCF7D5FC0546002846D005A8EDF7EFFBBDF81430904A4FF47A7101FB003182
:2042E0002B4694480BF080FB72E4F7F7FDF9FCF7E7FB0546002D7FF46CAE09A8EDF7D8FB7F
:20430000BDF82430844A4FF47A7101FB00319DF8113089480BF068FB5AE40DF10B030DF11E
:204320000A0209A92046FCF701FD054648B305A8EDF7BEFBBDF81430774A4FF47A7101FBF4
:2043400000312B467D480BF04FFB41E4F7F722F809A8FCF7FBFB0546CCE709A8F7F7C8F98C
:204360000546B0B105A8EDF7A3FBBDF814306A4A4FF47A7101FB00312B4671480BF034FB06
:2043800026E49DF80B209DF80A100998F6F7AEFF1EE4F6F7F7FF1BE4F7F7D0F80999FBF73B
:2043A00033FE054600287FF414AE05A8EDF780FBBDF81430584A4FF47A7101FB003140F2F0
:2043C0009B4360480BF010FB02E49DF81400F5F76DF9FFF7FDBB9DF814209DF81730BDF868
:2043E0001510ADF82610003A18BF0122003B18BF01238DF8253009A89DF818308DF8242022
:204400008DF82830F5F726F9FFF7E2BB09993046FCF71EFA054600287FF4DBAD05A8EDF7FF
:2044200047FBBDF814303C4A4FF47A7101FB003145480BF0D9FAFFF7CBBB09A8EDF738FBC1
:20444000BDF82430344A4FF47A7101FB00312B463E480BF0C9FAFFF7BBBB09A8EDF728FBA1
:20446000BDF824302C4A4FF47A7101FB00312B4637480BF0B9FAFFF7ABBB09A8EDF718FBC0
:20448000BDF82430244A4FF47A7101FB003131480BF0AAFAFFF79CBB2F48F5F725F9FFF76E
:2044A00097BB09A8EDF704FBBDF824301A4A00954FF47A7101FB003140F2D63327480BF014
:2044C00093FAFFF785BBFCF7B5FD054600287FF480AD09A8EDF7ECFABDF824300E4A4FF442
:2044E0007A7101FB003140F2E7331D480BF07CFAFFF76EBB09A8EDF7DBFABDF82430064AA0
:204500004FF47A7101FB00319DF80B3015480BF06BFAFFF75DBB00BF0CCE030880A70308CF
:2045200028A003087CA80308C4A00308C0400020B4A90308CCA8030850AA030864A90308E6
:204540001CA9030808A6030828A40308DCA4030890A20308E4A10308BD450208ECA20308FE
:2045600028A303088CA3030809A8EDF7A1FABDF824300F4A4FF47A7101FB00319DF80A306F
:204580000C480BF031FAFFF723BB09A8EDF790FABDF82430064A4FF47A7101FB00319DF865
:2045A0000C300548C3F3C3030BF01EFAFFF710BB0CCE0308ACA60308A8AA030830B50C464C
:2045C00083B009BB1C2B1D460CD11046FCF7BAFC054600283FD0214603F0B8F8044628BBA5
:2045E00003B030BD0DF10600EDF762FABDF80640224A4FF47A7101FB004121482B4603B078
:20460000BDE830400BF0F0B90DF10600EDF750FABDF80650194A4FF47A7101FB0051194865
:20462000234603B0BDE830400BF0DEB90DF10600EDF73EFABDF80630104A4FF47A7101FB28
:204640000031234610480BF0CFF9284603B0BDE83040FBF7ABB80DF10600EDF729FABDF85A
:204660000630064A01464FF47A74084804FB013103B0BDE830400BF0B7B900BFF4CD0308FD
:204680005CAB030834AB0308F8980308CC98030830B50022154D85B00B2304461146042083
:2046A0002B7008F03DF903E008F03AF92878D8B10F49204603F04AF801464FF0FF3204202C
:2046C0000029F1D00DF10E000191EDF7F1F90199BDF80E40074A4FF47A750B4605FB0041D2
:2046E00005480BF081F90B2005B030BD9C400020453A020844CD0308F898030870B50C4678
:2047000084B009BB1B4B11689C80196015461A4A93E8030014700BF079FA0DF10E00EDF70E
:20472000C7F9BDF80E302A6801464FF47A74134804FB01310BF058F9114B1868042104B02F
:20474000BDE8704008F070B80B4B06460B220DF10E001A70EDF7ACF9BDF80E50094A0094FC
:204760004FF47A7101FB0051334607480BF03CF9E2E700BF8C4000209C40002090AB030810
:20478000C040002078CD0308DCAB030810B5044682B003282FD8DFE800F024021A100DF19F
:2047A0000600EDF785F9BDF8063002464FF47A71194801FB02310BF017F90120FAF758FF2C
:2047C0000720FDF7DDFD154B1C7002B010BD0020FDF7D6FD0220FAF74BFF104B1C7002B09C
:2047E00010BD0020FAF744FF0320FDF7C9FD0B4B1C7002B010BD0DF10600EDF759F9BDF86B
:204800000630074A4FF47A7101FB0031234605480BF0EAF8D7E700BF20AC0308A4400020CB
:20482000F4CC030860AC03082DE9F04182B0FAF70DFF0446F5F7DCF80546F7F711F9012CA6
:2048400040D0294E0120F4F785FE33780DF10607DBB99D4228D04FF000082846FFF796FFE1
:204860000120FAF733FE3846EDF722F92246BDF8064033784FF47A7101FB00411B480BF0A1
:20488000B3F8404602B0BDE8F0813846EDF710F9BDF806304FF47A7101FB003114480BF017
:2048A000A3F833789D42D6D13846EDF701F9BDF806304FF47A7101FB00312A460D480BF0CA
:2048C00093F8C8E7084E07460220F4F743FE3378022B02D00DF10607BDE7B7F800800DF127
:2048E000060708F49368B8E7A440002048AD03088CAC0308D8AC03082DE9F04FBE4887B0AD
:20490000F4F7D2FD0024BD480494042204A9FDF7C1FF002840F0DB80B94BBA4F01221A6038
:2049200001F02CFB3860002800F04482B648B74DFAF73AFEF5F73EF8F5F7E4FBFAF78AFD59
:20494000F7F724F8F7F7C0F8F7F7CCFAF6F746FFF7F70AFCF6F74CFDFDF702FD01F0E6FCD1
:2049600004A8EDF7A5F8BDF810304FF47A7101FB0031A7480BF038F800220B2311460420D5
:204980002B7007F0CDFF07E04FF0FF320021042007F0C6FF2C7864B39E48F4F7F5FD0028BB
:2049A000F2D104A8EDF784F8BDF810109A4A4FF47A7404FB001199480BF016F804A8EDF7B4
:2049C00077F8BDF81010964A04FB001195480BF00BF804A8EDF76CF8BDF81030924A0146BC
:2049E0004FF47A7404FB013190480AF0FDFF07F0EDFE04A8EDF75CF8BDF810304FF47A719E
:204A000001FB00318A480AF0EFFF0B232246214604202B7007F084FF0DE04FF0FF320021FB
:204A2000042007F07DFF2E7836B307F059FE001BB0F57A7F76D307F053FE04467D48F4F7BE
:204A400097FD0028E9D104A8EDF732F8BDF81010794A4FF47A7404FB001170480AF0C4FFD8
:204A600004A8EDF725F8BDF810106D4A04FB001172480AF0B9FFACE704A8EDF719F8BDF898
:204A800010104FF47A7808FB00116D480AF0ACFF3046FCF707FA0446002800F07281FFF79E
:204AA000F7FD05462046FAF781FE002D40F09C81FEF722FEDFF88C9199F80030032B00F27D
:204AC0003D83DFE813F0F5006E004200340003A8ECF7EEFFBDF80C104FF47A7505FB0011E4
:204AE00059480AF081FF21464FF0FF32402007F017FF012341480493042204A9FDF706FF47
:204B00000446002840F0648103A8ECF7D1FFBDF80C3002464FF47A7101FB02314B480AF08D
:204B200063FFF9E64FF47A7007F05AFF83E704A8ECF7BEFFBDF810303B4A4FF47A7101FB5D
:204B4000003143480AF050FF43E704A8ECF7B0FFBDF810304FF47A7101FB00313D480AF019
:204B600043FF05E0E20600F1A681A30700F1B1814FF0FF320021B32007F0D2FE041EC0F242
:204B80004C812106EED504A8ECF792FFBDF8101008FB001130480AF027FF0220FAF796FC18
:204BA000E0E704A8ECF784FFBDF810304FF47A7101FB003129480AF017FF294B1B78002B19
:204BC00040F0C98104A80BF047F8264DDDF810A04FF47A7B55443968284600F009FE009016
:204BE000002840F09F823868FCF776FF4FF0FF360446002847D1B2E1DC08002080AD030867
:204C000098400020C4400020713902089C400020A8AE030881390208ACCD0308E8AE03087E
:204C2000C8CD03081CAF030850CE0308F8B5030858AF0308FD46020888CD0308A8AF0308FC
:204C4000DCAF03089440002084AD03082CAE0308B8B5030828B3030870B30308E8B3030877
:204C6000A44000206E847FA9B5FBF3F203FB12529B1A20469E4228BF1E46FCF731FF04466C
:204C8000002800F0CC802046FCF7B2FF8368002BEAD103A8ECF70CFFBDF80C3002464FF4C0
:204CA0007A7101FB0231BE480AF09EFE00BEFEE704A8ECF7FDFEBDF810104FF47A7505FB0A
:204CC0000011B8480AF090FEF6F760FEF6F7FCFEF4F78EFEFFF75AFD01F04AFB386801F07E
:204CE0006BFA0446002800F0F780022800F08980002001F001FB042304AA012104900E208D
:204D0000F5F76CFA03A8ECF7D3FEBDF80C10A64A05FB00112346A5480AF066FE386801F0CB
:204D20009DFA0446002800F0B081022800F0EB81012001F0E1FA042304AA012104900F201C
:204D4000F5F74CFA03A8ECF7B3FEBDF80C204FF47A7101FB00212346934A95480AF044FE57
:204D600000F0F4FC934B1B78002B40F093813868FCF704FF0123002800F0B28189F80030BD
:204D80009AE604A8ECF794FEBDF81030014608FB013189480AF028FE04A8ECF789FEBDF845
:204DA0001030864A4FF47A7101FB003184480AF01BFE0EE604A8ECF77BFEBDF81030814AED
:204DC0004FF47A7101FB00317F480AF00DFE00E603A8ECF76DFEBDF80C10224605FB001183
:204DE0007A480AF001FE8FE604A8ECF761FEBDF81010774A08FB00110B2376480AF0F4FD14
:204E0000CAE704A8ECF754FEBDF81010664A05FB0011234670480AF0E7FD0323AEE76F4BF6
:204E20009E4200F29C806E4A5244AB1A3344002B40F398804FF47A7403FB0444A4F57A7189
:204E400068480BF061F867480AF098FF0EE01AF0100F40F023811AF0020F21D11AF0200FDD
:204E600040F0D2801AF0010F40F0EA8022460021B32007F055FDB0F1000AC0F21C811AF053
:204E8000800FE4D003A8ECF713FEBDF80C100BFB001155480AF0A8FD0220FAF717FBD6E72A
:204EA000FFF7C2FC0028D9D0009B4E4889F800300AF0DAFF00E604A8ECF7FAFDBDF8103057
:204EC0004FF47A7101FB003148480AF08DFD002354E7FFF7A9FC4BE601460E20F5F7A4F93B
:204EE00004A8ECF7E5FDBDF81030014605FB01313F480AF079FDF6F7B7FD0446F6F730FFD5
:204F000001462046FBF750F9044600283CD0FFF7BFFB06462046FAF749FC002E3FF4FEAE86
:204F200004A8ECF7C5FDBDF81010324A05FB00110B2331480AF058FD04A8ECF7B9FDBDF8CE
:204F40001030194A4FF47A7101FB00310B232B480AF04AFD61E70120FAF7B8FA32E64FF00E
:204F6000FF3483E703A80192ECF7A2FDBDF80C30019A4FF47A7101FB0031AA1A3346204848
:204F80000AF032FD234655E704A8ECF791FDBDF81010184A05FB00111A480AF025FDCBE7AE
:204FA00004860308C4B003080CCD0308F8B1030884B20308A440002020B00308C8CD030885
:204FC00088B0030850CE030868AE0308E8AD030864CD03085CB00308ACB1030836894100E9
:204FE0006E847FA9A8400020E0B40308A8B30308FCB00308DCCC030840B103086CB10308FC
:2050000028B40308CC980308F6F76CFF01F0B0F9386801F023F9044600286FD001210F2099
:20502000F5F702F903A8ECF743FDBDF80C204FF47A7101FB00212346414A42480AF0D4FC47
:20504000414C04A80AF008FEDDF810A023683F4AAAEB0303934235447FF6BDAD03A8ECF728
:2050600027FDBDF80C3022684FF47A7101FB0031AAEB020236480AF0B7FC2368354803F572
:2050800016732360F4F774FAA5E501460F20F5F7CBF865E60120FAF719FA68E603A8ECF7B0
:2050A00007FDBDF80C304FF47A7101FB00312A480AF09AFCF8E603A8ECF7FAFCBDF80C205B
:2050C0004FF47A7101FB002153461D4A23480AF08BFC1AF1020F009B18BF03230093E3E689
:2050E00004A8ECF7E5FCBDF810304FF47A7101FB00311B480AF078FC02233FE601460F205F
:20510000F5F792F89CE704A8ECF7D2FCBDF810204FF47A7101FB00212346124A12480AF0F0
:2051200063FC7AE600F0C0FD0423039003AA01210E20F5F753F802230093B5E6FEE700BF1E
:20514000C0CC030884B203088C4000208051010068B50308FD46020820B50308A0B4030805
:20516000C8B203080CCD030838B2030870B5284B1B6882B004462BB3012807D00020FAF74B
:20518000A5F902B0BDE87040F5F786B8FBF77CFC054658B31F4902F0D9FA0646B0B10DF1A8
:2051A0000600ECF785FCBDF806301B4A4FF47A7101FB0031334619480AF016FC2846FAF795
:2051C000F5FADEE7022809D002B070BD0221F4F7B1F903212046F4F7ADF9D2E7104B1868D2
:2051E000402102B0BDE8704007F01EBB0DF10600ECF75EFCBDF80630074A01464FF47A7482
:20520000084804FB013102B0BDE870400AF0ECBB98400020B93A02083CCE03085CB603083E
:20522000C040002020B6030870B50C4684B081B103A8ECF73DFCBDF80C50284A4FF47A7118
:2052400001FB00512648234604B0BDE870400AF0CBBB136803930DF10A00ECF729FC039AE3
:20526000BDF80A10C2F380034FF47A7606FB001100931C48C2F3400302F001020AF0B4FB55
:20528000032203A90120FBF745FE054630B1214602F05CFA044678B904B070BD0DF10A00A8
:2052A000ECF706FCBDF80A300C4A014606FB01310D480AF099FBEFE70DF10A00ECF7F8FBB3
:2052C000BDF80A10054A06FB0011234607480AF08BFB2846FAF76AFA04B070BDE4CD030806
:2052E00034AB03088CB60308CC980308F898030810B51E4884B002F0D3F900F0C3F9002084
:2053000007F072FC90B10024194B1A48009422464FF0FF310AF0F8FC174A1848214607F085
:20532000FBF9174B186088B104B010BD0DF10E00ECF7BEFBBDF80E3002464FF47A7101FBD8
:20534000023110480AF050FB00BEFEE70DF10E00ECF7AEFBBDF80E3002464FF47A7101FBDD
:20536000023108480AF040FB00BEFEE7A93A0208993A0208A840002060CE0308F94802087C
:20538000C0400020048603082DE9F041404E414F84B04FF0FF352A460021032007F0C0FAE7
:2053A000041E25DAA21C45D130684FF0FF3107F075FC3948FCF78AFBA0B93C7894B93648B8
:2053C000FCF76AFB0546002852D0344902F0BEF98046B8B901244FF0FF3530683C7007F0B0
:2053E0008FFCD8E7306807F08BFC4FF0FF35D2E730684FF0FF3107F051FCE30744BF0023C6
:205400003B70D6E70DF10E00ECF752FBBDF80E300A224FF47A7101FB003100924346204AE9
:2054200020480AF0E1FA29461B48FCF71BFB42F21075D2E70DF10E00ECF73AFBBDF80E10EB
:20544000174A4FF47A7505FB0011234616480AF0CBFA0DF10E00ECF72BFBBDF80E30104AC0
:20546000014605FB013111480AF0BEFA07F0AEF90DF10E00ECF71CFBBDF80E3002464FF486
:205480007A7101FB02310A480AF0AEFA00BEFEE7E0400020D8400020E4080020B5540208C4
:2054A0000CCF030860B70308ECB6030834B703080486030830B50D4683B050B92846FAF7D9
:2054C00075F90C4B1868012103B0BDE8304007F0ABB904460DF10600ECF7EAFABDF8063042
:2054E000054A4FF47A7101FB0031234603480AF07BFAE3E7DC400020FCCE030834AB03081A
:205500002DE9F04F87B00746104603928846FCF7E3FADFF858910022C9F80020002852D01C
:20552000054602922846FCF763FB044600286AD00068002877D0A368002B00F08480B7FB6E
:20554000F3F603FB1676AEBB414601F02FFC834680B3206801F062FC82460DF11600ECF73A
:20556000A7FABDF81610CDF800B04FF47A7B53460BFB00113E4A3F480AF036FA23790DF17F
:20558000160023BBECF794FABDF81610384A0BFB001139480AF028FA206801F03FFC4FF0A2
:2055A000010AD9F80030CDF808A00AFA00F00343C9F800302846FCF793FA0546002DB1D15F
:2055C000029A002A4FD1002007B0BDE8F08FECF76FFABDF81610264A0BFB001127480AF0D3
:2055E00003FA3146206801F0E1FB206801F0D6FB204609F0F5FF29460398FCF775FA05468E
:20560000002D8FD1DCE70DF11600ECF751FABDF8163002464FF47A7101FB023118480AF0FE
:20562000E3F900BEFEE70DF11600ECF741FABDF8163002464FF47A7101FB023110480AF0C7
:20564000D3F900BEFEE70DF11600ECF731FABDF8163002464FF47A7101FB023108480AF0CF
:20566000C3F900BEFEE70B20AEE700BFC840002084CE0308A4B70308D8B7030808B80308FC
:205680000486030810B5002082B007F0ADFA284B186070B3FAF750F9264A1060C8B1FAF72E
:2056A0005FF90DF10600ECF703FABDF8063001464FF47A7404FB01311F480AF095F91F4AC2
:2056C0001F48002107F028F81E4B186008B302B010BD0DF10600ECF7EBF9BDF80630024612
:2056E0004FF47A7101FB023117480AF07DF900BEFEE70DF10600ECF7DBF9BDF806300246ED
:205700004FF47A7101FB02310F480AF06DF900BEFEE70DF10600ECF7CBF9BDF806300146F5
:2057200004FB013108480AF05FF900BEFEE700BFE0400020E840002038B8030820CF0308B7
:2057400089530208DC4000200486030830B5214B214D186883B0FAF703F94FF0FF31286834
:2057600007F09CFA0DF10600ECF7A2F9BDF806404FF47A7303FB00441848FCF7A5F9184A5A
:205780000346214617480AF02FF905E01348FCF783F978B1FAF70AF81048FCF797F900280A
:2057A000F4D0114B286800221A7003B0BDE8304007F0A6BA0DF10600ECF77AF9BDF8063029
:2057C00002464FF47A7101FB023108480AF00CF900BEFEE7E8400020E0400020E40800209E
:2057E000E4CE030890B80308D8400020048603082DE9F04FDFF84492D9F8003001338DB058
:20580000C9F800308E4B05910C4605461868FBF75BFF224601212846FFF772FE38B3894F9E
:205820000BAE4FF00B09059A3C6828460021FFF767FE834B844D18683C60FBF76FFF834B46
:20584000834C1B6828680B933146FBF77BFE20683146FBF777FE28680021FBF767FE2068F0
:205860000021FBF763FE48460DB0BDE8F08F044606F036FF07900598D9F800A0714FFCF778
:205880002BF93C60002800F0CC8108940BAE0446A84609972046FCF7ABF98368B8FBF3F533
:2058A00003FB158507465FFA8AF1002D35D1006801F086FA02460492304672B3ECF7F8F8D7
:2058C000BDF82C104FF47A7B0BFB00113868069101F0A4FA049A0092034606995D4A5E485D
:2058E0000AF082F83B793046002B40F04381ECF7DFF8BDF82C30574A01460BFB0131574861
:205900000AF072F8386801F089FA099A012303FA00F008931368184310602046FCF7E0F849
:205920000446002CB6D1DDE908374546002B7FF478AFD9F8003005980993FCF7CDF80028FB
:2059400073D00023DDF824B004960893064606973046FCF74DF98268B5FBF2F302FB135389
:205960000446002B55D106F0BBFE0746206801F031FA079B03EB0009206801F04FFAA9EBFD
:2059800007090746206801F04FFAB9F1000F804602DD484607F024F85FFA8BF920684946F5
:2059A00001F032FA824600287FD019285ED00498ECF77EF8BDF82C30294A4FF47A7101FB79
:2059C0000031CDE9007A27485B460AF00DF80498ECF76EF8CDF808A0BDF82C3022794FF416
:2059E0007A7101FB0031CDE900725B461C4A1E4809F0FAFF23792068002B40F0008101F017
:205A00000DFA069A012303FA00F008931368184310603046FCF764F80646002E98D1089BA2
:205A2000049E069F002B7FF4FCAE059A3C6828460021FFF765FD8146FBE600BFE440002002
:205A4000C4080020C8400020700800204C4603086C080020C4CE0308D8B80308D8B7030897
:205A6000ACCE03085CB90308D0BA0308206801F0B1F982460498ECF71BF8BDF82C107C4AB8
:205A80004FF47A7303FB0011CDE9007A5B46794809F0AAFF504606F0A3FF2068494601F05D
:205AA000B3F98246002840F08280206804994A4601F098F98246002840F08A8022790B9B76
:205AC000012A00F097806C4A0095106839464246F9F762FF00289CD0032840F0B380664BA6
:205AE000D3F800A05046F9F7FBFF81465046F9F7FBFF01464846F9F753FE8246002800F07E
:205B00009280DFF878914FF0FF31D9F8000007F0C5F851465A48FBF7A5FF824678B10DF1E1
:205B20002A00EBF7C5FFBDF82A304FF47A7101FB0031544809F058FF5046F9F737FE524BE7
:205B40000221186806F070FED9F8000007F0D8F8494B18689946F9F703FF00950B9BD9F8B5
:205B6000000042463946F9F717FF00283FF451AF82462CE7EBF79CFFBDF82C10434A0BFBE1
:205B80000011434809F030FF2946386801F00EF9386801F003F9384609F022FD2146059813
:205BA000FBF7A2FF0446002C7FF474AEBBE60498EBF77EFFBDF82C102D4A4FF47A7303FB15
:205BC0000011CDE9007A5B46324809F00DFFFEE60DF12A00EBF76CFFBDF82A30244A4FF44B
:205BE0007A7101FB0031CDE9007A5B462A4809F0FBFEECE61946384600F0DAFB09E70021D3
:205C000001F0D4F8206801F0C9F8204609F0E8FC31460598FBF768FF0646002E7FF498AEAA
:205C2000FDE60BAE85E60DF12A00EBF741FFBDF82A301A4A4FF47A7101FB0031184809F0EC
:205C4000D3FE85E781460DF12A003C46049E069FEBF72EFFBDF82A20099B4FF47A7101FB73
:205C60000021CDE90049024A0E4809F0BDFEDAE5ACCE030810B90308E8400020E04000200E
:205C8000E408002094BA0308DC400020C4CE030808B80308A0B90308E4B90308A0CE030876
:205CA00060BA03081CBA0308014B1868704700BFC8400020A0F10101B1FA81F14909012051
:205CC000FDF718BEA0F10101B1FA81F149090020FDF710BE38B500680D4601F09FF804469C
:205CE000286801F09BF884428CBF0120002060F1000038BD38B50121054601F057F8044614
:205D000020B9284601F040F8044640B10021284601F04CF8284601F041F8204638BD0146DA
:205D2000284601F043F804460028F6D0EEE700BF2DE9F04F87B00290002A00F0D880029BD0
:205D400010461C680E469146FBF7C6FE8046002800F0018100254FF0010B4046FBF748FFF9
:205D600007464046002F00F0B2803B79B34221D1386801F053F80BFA00F1214038687DD044
:205D800001F04CF80BFA00F338681D43FFF7B2FF002840F08580386801F040F80BFA00F311
:205DA000386824EA030401F039F80BFA00F325EA03054046FBF794FE8046B8F1000FCCD1D8
:205DC00024EA0504654F4FF0000A21E009F082FB80464FF0FF314846B8F1000F00F09780B6
:205DE0003B68C8F80030C8F8081088F804604146FBF7A8FE002800F09B8025EA0B0524EAD5
:205E00000B040AF1010ABAF10B0F07F1040727D0012303FA0AFB1BEA040FF2D03868FFF718
:205E200069FF80460C20B8F1000FCFD00DF11600EBF73EFEBDF81620CDF800804FF47A7121
:205E400001FB00215346464A46480AF1010A09F0CBFDBAF10B0F45EA0B0507F10407D7D1F8
:205E600041494846FBF7A2FE2C43029B002C1C6014BF0C20002007B0BDE8F08F00F096FF45
:205E8000386800F08BFF384609F0AAFB41464846FBF72AFE8046B8F1000F7FF45EAF8FE729
:205EA00003900DF11600EBF703FEBDF816104FF47A7303FB001A386800F0B0FF039A0092C7
:205EC0000346274A2948514609F08EFDDBE70DF11600EBF7EDFDBDF8163002464FF47A7169
:205EE00001FB0231224809F07FFD00BEFEE70DF11600EBF7DDFDBDF8163002464FF47A71B0
:205F000001FB02311A4809F06FFD00BEFEE70DF11600EBF7CDFDBDF81640114A4FF47A7194
:205F200001FB00415346134809F05EFD0220A2E70DF11600EBF7BCFDBDF816204FF47A7169
:205F400001FB00215346064A0B4809F04DFD404609F046FBEAE7054634E700BF0841002086
:205F600064CF03084CBB0308D55C02081CBB03080486030880BB0308B8BB03082DE9F0470E
:205F800082B0FBF7DBFD002800F0C4807F4FDFF800A2804B804E0024224621468046386870
:205FA000CAF80C4001F038F8012130602046FDF7A1FC3868FBF788FB3868F8F78FFD05468E
:205FC000002870D10DF106094846EBF771FDBDF806304FF47A7101FB0031704809F004FD75
:205FE0006C4B38682946012201F00AF90521706001F03CF97061674B3868694C022200218B
:2060000000F016FD674BB06003222068002100F061FB644BF06004222068002101F0FAF9EF
:2060200006213061B06800F047FD0721B061306901F026FA0821F061306801F021F8092133
:206040003062B06800F038FD0A217062F06800F079FBB062504E0024354655F8043B002BB2
:2060600068D0E0B201F042FA50B955F8040C00F08BFE28B955F8040C494600F0DBFE90B371
:2060800001340B2CE9D100210846FDF733FC3868FBF744FBB06800F025FDF5F7B7F840462C
:2060A00002B0BDE8F0873868F8F780F8054600284FD10DF106094846EBF7FAFCBDF806301A
:2060C0004FF47A7101FB0031374809F08DFC314B38682946012200F00BFE0521706000F0D7
:2060E0003DFE706187E7DAF80CC09DF80610BCF1000F48D0264B0AEB0C0013F8012B8A4294
:20610000BED09842F9D10CF101030AF80C10CAF80C30B5E70DF10600EBF7CAFCBDF80630FD
:2061200002464FF47A7101FB0231204809F05CFC00BEFEE74846EBF7BBFCBDF80630024604
:206140004FF47A7101FB0231184809F04DFC00BEFEE72046012100F0D5FC0521706001203D
:2061600000F0D0FC0DF1060970614846EBF7A0FCBDF806300E4A4FF47A7101FB00310D4886
:2061800009F032FC37E70123BFE700BFC4080020F8400020C55C020808410020ECBB0308A7
:2061A000C0080020B55C020824BC0308048603089CCF030860BC0308F0B583B00446F5F7B1
:2061C0004FFC2246038801930746002101A8FFF7AFFD1F4B019A1A600646B8B10DF1020000
:2061E000EBF766FCBDF802301A4A4FF47A7101FB00311948334609F0F7FB0021224601A8BE
:206200000191FFF795FD304603B0F0BD2046FBF763FC04460028F6D02046FBF7E9FC0279E7
:20622000054662B12046FBF75BFC04460028EAD02046FBF7DDFC02790546002AF2D10068D9
:2062400000F0ECFD07EB40004388AB60EAE700BFF04000207CCF03089CBC03082DE9F0417D
:2062600082B00646F5F71EFF204903880B60074632461E480121FFF75BFD80463046FBF76F
:206280002BFC70B104462046FBF7B2FC0546B0B10379012B09D02046FBF722FC0446002C4D
:2062A000F1D1404602B0BDE8F081006800F0B6FD01F0FCF807EB8000C36CAB60EBE70DF162
:2062C0000600EBF7F5FBBDF80630094A4FF47A7101FB0031074809F087FB21463046FBF7B4
:2062E00003FC0446002CCED1DBE700BFEC40002044CF030804BD030828B1012806BF034BBE
:20630000186800207047024B18687047EC400020F040002030B129B1034B0360DB680B60EC
:206320000020704701207047F840002010B50E4C206882B010B1002002B010BD06F054FCD7
:2063400020600028F7D10DF10600EBF7B1FBBDF8063002464FF47A7101FB0231034809F067
:2063600043FB00BEFEE700BF3441002004860308F8B5F5F797FE0D4F05460024012602E051
:2063800001340B2C10D0298806FA04F39BB21940F6D13A88E01C22EA0303C0B201343B806A
:2063A000F3F742FF0B2CEED1F8BD00BF3A4100200A2800D970472DE9F04F87B083460C4644
:2063C000F5F770FE594EDFF868A105464FF0FF31306806F063FC2988BAF8007021FA0BF14B
:2063E000CA0711D427FA0BF1CB0779D4514B30681B8823FA0BF303F001038DF8163006F001
:206400007FFC07B0BDE8F08F5846F5F74FFED0F8089041680568029148460195E9F73AFB0D
:2064200021460390E9F7DCFD4946B0F10008284618BF4FF00108E9F72BFB2146BAF8005075
:20644000E9F7ECFD28B903982146E9F7C9FD002868D008FA0BF0DFF8DC800121B8F800C0C8
:2064600001FA0BF189B20D432CEA01010143AAF80050A8F8001049460198E9F70BFB214627
:20648000E9F7AEFD40B149460298E9F701FB2146E9F7C4FD00283DD1B8F80030306823FAA8
:2064A0000BF303F001038DF8163025FA0BF406F027FCAF4204F00104A3D00BF10302D0B205
:2064C00044B101230DF116021946F3F787FE07B0BDE8F08F2146F3F7A7FE07B0BDE8F08F13
:2064E0000DF11600EBF7E4FABDF81640DFF844804FF47A7101FB00415A460F4809F074FA59
:20650000BAF80050012101FA0BF125EA0105AAF80050C1E7012101FA0BF125EA0105AAF8E1
:206520000050B9E7DFF80C80A5E700BF344100203A4100203841002034BD030838B1C168E6
:2065400040790B780122824023EA02030B70704730B370B50D46C168037991F83C200126CA
:20656000044606FA03F002EA000C05FA03F39C450AD0CB6C28469847E168237991F83C20E8
:2065800006FA03F005FA03F322EA00021A434FF6FF7581F83C20A1F84A500020258170BDF4
:2065A00001207047F0B170B5C668B6F84A308B420D4604460FD096F83C20072112F0040284
:2065C00006F1040018BF0A46F6F74EF986F84800E668A6F84A50258196F84800002818BF9E
:2065E0000E2070BD01207047C8B110B50446C068627903781341DB0701D5002010BD043035
:20660000F5F772FF68B9E26860791178012383400B434FF6FF71137000202181EEE701202B
:2066200070470C2010BD00BF58B1C06808B50430F6F74CF900B908BD082814BF0A201920B3
:2066400008BD0120704700BFE8B138B50D4649B301899142044612D1C368B3F84A208A4273
:2066600013D093F8490022795AB9196C29604FF6FF72002818BF0F20A3F84A2038BD102099
:2066800038BD596CF2E70120704793F83C20D1070AD403F14401181DF6F7B0F9E36883F828
:2066A0004900E0E7012038BD520705D403F14001181DF6F73BF9F1E703F1440203F14001B0
:2066C000181DF6F705FAE9E718B1C0680430F6F777BA70472DE9F84360B3054610200F469B
:2066E0009046994609F03CFF064618B3502009F037FF0446D8B12846221D5621F5F7E8FE32
:206700000E4B33604FF6FF720023328123640C4A63640023377186F80580A264237084F87A
:206720003C30C4F84C90F4603046BDE8F883304609F01EFF00263046BDE8F883F408002007
:206740000000FFFF70B5054690B10379B3FA83F35B0910200E465C0009F002FF40B1EA686A
:206760002B68C2604FF6FF72028104714671036070BD00BF08B1C368586E70470020704778
:206780000346E0B110B508461A79D9684FF0010E00FA02FC0EFA02FE91F85420CC6E22EAA7
:2067A0000E0242EA0C024FF6FF7C81F85420A1F86AC0A3F808C004B1A047002010BD012012
:2067C000704700BF00284ED030B5C368B3F86A208A4289B00D46044606D100221046258121
:2067E00083F8682009B030BD0821204A8DF8081001A859180192F6F7CBFEE26848BB1C4BA9
:206800008DF80C0003A908320120CDF80E30F7F7ABFAE16818BB08310120F6F751FEE2684E
:20682000B8B9083201A90120F6F790FF9DF80C10BDF81020E36801FB02F24FF47A7C0D4906
:20684000A3F86A500CFB0202A1FB021292095A66C3E7022382F868300E2009B030BD0223F3
:2068600081F86830F8E70120704700BF050505002C016400D34D621078B110B50446C068FF
:2068800003790BB1002010BD0830F6F749FD30B9E36801221A710020F5E7012070470C2086
:2068A00010BD00BF024BA3FB00308009EBF722B8D34D621083B3F0B51C46DB6883B043B3B1
:2068C0001B6833B306460F4618684FF0FF31154606F0E4F912482A46394600F8016B09F0EB
:2068E000C1FFE16800226B1C08689BB2CDE9002276210B4AFAF77CFEE3681B680546186861
:2069000006F0FEF9002D14BF6FF00100002003B0F0BD4FF0FF30FAE74FF0FF30704700BF77
:206920003C41002070B584B08DF80F001BB31C46DB6803B31B68F3B118680E464FF0FF313A
:20694000154606F0ABF9E068ADB200680123CDE9006576210DF10F02FAF74AFEE3681B6847
:206960000546186806F0CCF9002D14BF6FF00100002004B070BD4FF0FF30FAE760B159B1C6
:20698000C3681A7952B11B7A612B01D0052070470A230B7000207047012070471220704728
:2069A00060B330B50D4689B051B301899142044617D1C368B3F86A208A4224D04FF6FF72EA
:2069C000A3F86A20227993F854106AB9C80708D59A6D2A6093F86900002818BF0F2009B0CD
:2069E00030BD102009B030BD012A03D04A07F8D51A6EEEE78907F4D5DA6DEAE70120704712
:206A0000012009B030BD08330DF1070202A90120F6F70AFFE368049A06999A65003818BF15
:206A20000120059AD965400083F869001A66C5E72DE9F041002830D0054610200F469046F3
:206A40001C4609F08DFD064638B3702009F088FD00B3144B336000238365C36503660023A8
:206A6000037180F854301049104B37714FF6FF72C0E91113328119230D4A826683750D4A4A
:206A800086F805800560C466C660F060C2643046BDE8F081304609F06BFD00263046BDE824
:206AA000F08100BF1409002025690208B56802080000FFFFA568020870B5044688B108469F
:206AC0000D4600F0F3FC0646102009F049FD40B1E2682368C2604FF6FF720281067145717B
:206AE000036070BD08B1C068083070470C2070470E207047002070470F2070470B207047CF
:206B00000B20704738B5054608200C4609F028FD18B1024B03600571447138BD34090020CD
:206B20000346D0B110B508461A79D9684FF0010E00FA02FC0EFA02FE0A7C0C6A22EA0E023E
:206B400042EA0C024FF6FF7C0A74A1F81EC0A3F808C004B1A047002010BD0120704700BFC3
:206B600098B108B5C068017C032904D001F00101C1F10201C9B20430F7F7A8FB00B908BD04
:206B8000082814BF0A20192008BD0120704700BFD0B170B5C668F38B8B420D4604460DD09A
:206BA000317C032904D001F00101C1F10201C9B2301DF7F761FB3077E668F5832581307FAC
:206BC000002818BF0E2070BD0120704778B110B50446C06803780BB1002010BD0430F7F7DD
:206BE000F5FA30B9E36801221A700020F5E7012070470C2010BD00BFA0B199B1C3685B898F
:206C000040F2152293421FD8B3F5047F08D3A3F50473052B04D8DFE803F0130F0B0303072A
:206C2000052070470120704708230B700020704706230B700020704705230B70002070472E
:206C400004230B700020704740F613229342E7D107230B700020704728B338B50D46002903
:206C60002ED001899142044614D1C368DA8B8A421BD04FF6FF72DA8321791A7C41B9D1072E
:206C800008D55A692A60587F002818BF0F2038BD920701D4102038BD9A692A60587F0028B1
:206CA00018BF0F2038BD012070471A7CD10709D403F11801181DF7F7A9FBE3685877D8E709
:206CC000012038BD900705D403F11401181DF7F733FBF2E703F1180203F11401181DF7F7C1
:206CE000F3FBEAE718B1C0680430F7F787BC70472DE9F84350B3054610200F4690469946EF
:206D000009F02EFC064608B3242009F029FC0446C8B12846211DF7F751FA0E4B33604FF60E
:206D2000FF720023328163610B4AA3610023377186F80580E26123702374C4F82090F460F4
:206D40003046BDE8F883304609F012FC00263046BDE8F883540900200000FFFF70B504467A
:206D600088B105791020B5FA85F50E466D0909F0F7FB40B1E2682368C2604FF6FF7202812D
:206D800005714671036070BD20B1036823B11B6813B11847012070470D20704720B1036888
:206DA00013B15B6803B11847704700BF20B1036823B19B6913B11847012070470D207047D0
:206DC00020B1036823B19B6813B11847012070470D20704720B1036813B1DB6803B118476B
:206DE0000020704738B110B439B1036843B11B6933B110BC184701207047012010BC7047B7
:206E00000D2010BC704700BF20B1036823B15B6913B11847012070470D20704708B14079DE
:206E200070470B20704700BF08B1007970470320704700BF28B121B1036823B1DB6913B186
:206E40001847012070470D20704700BF48B310B5C46801290246237C00791CD021B943FADF
:206E600000FC1CF0010F14D04FF0010C0CFA00FC23EA0C0301FA00F00343DBB24FF6FF703A
:206E8000237410810BB96377E083236A0BB108469847002010BD43FA00FC1CF0010FE3D05E
:206EA000F7E70120704700BF80B110B50446C06803780BB1002010BD07210430F7F7F0FB9C
:206EC00030B9E36801221A700020F4E7012070470C2010BD60B159B1C3685B7AB32B0FD02D
:206EE000B42B09D0B12B05D103230B7000207047012070470520704701230B700020704786
:206F000002230B700020704798B110B50446C0680430F7F771FC20B9E36801225A770020B3
:206F200010BD082807D1E3685B7F1920002BF6D110BD012070470A2010BD00BFF0B138B543
:206F40000D46E9B101899142044613D1C3682279187C40FA02FC1CF0010F23D0B3F81EC08F
:206F60008C450FD0187F3AB19B692B60002818BF0F2038BD102038BD5B69F6E7012070478F
:206F8000012038BDC1070FD403F11801181DF7F7A5FCE3684FF6FF721877DA832279002AAD
:206FA000E2D1E9E7122038BD420705D403F11401181DF7F753FCECE703F1180203F11401A0
:206FC000181DF7F7CFFCE4E718B1C0680430F7F721BD704790B170B5C668F38B4FF6FF7288
:206FE00093420D4604460BD08B4205D12581307F002818BF0E2070BD112070BD01207047BC
:20700000F183301DF7F790FB3077E6682581307F002818BF0E20EEE72DE9F84338B3064662
:20702000102088461746994609F09AFA0546F0B1242009F095FA0446B0B13046211DF7F784
:207040002DFB00236361A3610B4B0C4A2B60002385F80480E2616F7123702374C4F8209009
:20706000EC602846BDE8F883284609F081FA00252846BDE8F88300BF740900200000FFFF47
:2070800070B5054690B10379B3FA83F35B0910200E465C0009F064FA40B1EA682B68C2600D
:2070A0004FF6FF72028104714671036070BD00BF0346D0B110B508461A79D9684FF0010E1D
:2070C00000FA02FC0EFA02FE0A7BCC6922EA0E0242EA0C024FF6FF7C0A73A1F81AC0A3F855
:2070E00008C004B1A047002010BD0120704700BF20B119B109230B700020704701207047B7
:2071000098B170B5C668738B8B420D46044605D12581307E002818BF0E2070BD301DF7F7AC
:207120002FFD3076E6687583F2E70120704700BF78B110B50446C068017809B1002010BD47
:207140000430F7F701FD30B9E36801221A700020F5E7012070470D2010BD00BF58B1C06870
:2071600008B50430F7F730FD00B908BD082814BF0F20192008BD0120704700BFD0B138B550
:207180000D4621B30189914204460FD1C3685A8B8A4211D0587E227952B9196929604FF6B8
:2071A000FF72002818BF0F205A8338BD102038BD5969F3E7012070471A7BD10709D403F187
:2071C0001401181DF7F750FDE3685876E3E7012038BD920705D403F11001181DF7F7F6FCA5
:2071E000F2E703F1140203F11001181DF7F78CFDEAE700BF18B1C0680430F7F7F9BD7047EB
:207200002DE9F84350B3054610200F469046994609F0A6F9064608B3202009F0A1F90446D9
:20722000C8B12846211DF7F777FC0E4B33604FF6FF720023328123610B4A636100233771E8
:2072400086F80580A26123702373C4F81C90F4603046BDE8F883304609F08AF9002630461F
:20726000BDE8F883940900200000FFFF70B5044688B105791020B5FA85F50E466D0909F0F1
:207280006FF940B1E2682368C2604FF6FF72028105714671036070BD38B1C16840790B785A
:2072A0000122824023EA02030B70704710B370B50D46C16803790A7B0126044606FA03F0DC
:2072C00002EA000C05FA03F39C4509D0CB6928469847E16823790A7B06FA03F005FA03F334
:2072E00022EA00021A434FF6FF750A734D830020258170BD01207047B8B170B5C668738B98
:207300008B420D46044605D12581307E002818BF0E2070BD317BC943301D01F00101F7F799
:20732000FDFD3076E6687583EEE70120704700BFC8B110B50446C068627903781341DB07BF
:2073400001D5002010BD0430F7F7CEFD68B9E26860791178012383400B434FF6FF71137043
:2073600000202181EEE7012070470C2010BD00BF58B1C06808B50430F7F7FAFD00B908BD61
:20738000082814BF0F20192008BD0120704700BFD0B138B50D4621B30189914204460FD10A
:2073A000C3685A8B8A4211D0587E227952B9196929604FF6FF72002818BF0F205A8338BDD3
:2073C000102038BD5969F3E7012070471A7BD10709D403F11401181DF7F736FEE368587651
:2073E000E3E7012038BD920705D403F11001181DF7F7C0FDF2E703F1140203F11001181D39
:20740000F7F786FEEAE700BF18B1C0680430F7F7F7BE70472DE9F84350B3054610200F46C7
:207420009046994609F09CF8064608B3202009F097F80446C8B12846211DF7F73DFD0E4B4B
:2074400033604FF6FF720023328123610B4A63610023377186F80580A26123702373C4F8BA
:207460001C90F4603046BDE8F883304609F080F800263046BDE8F883B40900200000FFFFF8
:2074800070B5044688B105791020B5FA85F50E466D0909F065F840B1E2682368C2604FF620
:2074A000FF72028105714671036070BD072804D8042894BF0020012070470838022801D856
:2074C0000220704700B583B00DF10600EAF7F0FABDF8063002464FF47A7101FB0231024842
:2074E00008F082FA00BEFEE7048603080A280BD8012202FA00F340F267310B4216D113F4B4
:20750000936F01D01046704700B583B00DF10600EAF7CEFABDF8063002464FF47A7101FB99
:207520000231034808F060FA00BEFEE7002070470486030830B5002485B02246CDE90044CC
:207540002346214641F22100FAF74AF9144A106078B1144D144A2946FAF7FAF9134B2A68DA
:207560009A4216D022466FF00100114B1A7005B030BD0DF10E00EAF79BFABDF80E3002463C
:207580004FF47A7101FB02310A4808F02DFA00BEFEE7054B5B5B8342E4D101222046E4E7A6
:2075A0008041002000FC0020FE030000BEBAFE5A7C41002004860308034A044B107800283F
:2075C00018BF1846704700BF7C41002004FC0020024B1B6803B11847704700BFE041002069
:2075E00082680B689A428CBF0120002060F10000704700BF2DE9F041244F254E84B08846D0
:2076000001904FF0FF31386805F048FB214A306801A9FAF7B7FAE8B10546FAF7E9FA29461C
:2076200004463068FAF760FA3068FAF7A7FA386805F066FB5CB1D4E900131BB3B8F1000F9A
:2076400014BF0B2000209847204607F0C9FF04B0BDE8F0810DF10E00EAF72AFABDF80E303A
:207660000D4A4FF47A7101FB0031019B0B4808F0BBF93068FAF782FA386805F041FB04B033
:20768000BDE8F0810846F8F791F8DDE7E8410020E4410020E1750208B8CF0308C8BD03083A
:2076A00010B584B00446FAF749FA224B186008B3002005F099FA204B186058B11F48204B4D
:2076C00000210091012204601E4808F01DFB08BB04B010BD0DF10E00EAF7EAF9BDF80E30F4
:2076E00002464FF47A7101FB0231174808F07CF900BEFEE70DF10E00EAF7DAF9BDF80E30C3
:2077000002464FF47A7101FB02310F4808F06CF900BEFEE70DF10E00EAF7CAF9BDF80E30CA
:2077200002464FF47A7101FB0231074808F05CF900BEFEE7E4410020E8410020E041002096
:20774000D1750208C8410020048603082DE9F04F87B0002800F081800F4605A90546F8F739
:2077600059F80646002869D10C2007F0B3FE8046002800F09380DFF850A14FF0FF31DAF83C
:20778000000005F08BFAF4F799FD03684FF47A71814603FB01F14D4808F0B6FB4B4808F0D5
:2077A000E9FB002876D0DFF828B14146DBF80000FAF7C8F90390002872D09DF8143003F0F2
:2077C0000702072A06BFC3F3C303073303F0070328460293F7F7ECFF04462846F8F700F87C
:2077E000029B3C4909EB4309C8E9005799F8053099F804200091074601462046F1F76AFEC9
:20780000C8F8080070B38FB1DFF8CC80013C002501E0202D0AD0404614F8012F2F49013540
:2078200008F05CFFAF4208F10208F2D1DAF8000005F066FA304607B0BDE8F08F0DF11600B2
:20784000EAF736F9BDF81640254A4FF47A7101FB00413346234808F0C7F80126304607B044
:20786000BDE8F08F0DF11600EAF722F9BDF816301B4A4FF47A7101FB00311B4808F0B4F812
:20788000404607F0ADFE0399DBF80000FAF72CF90B26B8E70D4808F071FA84E70226DDE75C
:2078A0000DF11600EAF704F9BDF816300C4A4FF47A7101FB00310D4808F096F8404607F0D2
:2078C0008FFE0226B2E700BFE8410020C8410020E4410020F5750208844100206CBE030856
:2078E000D0CF030800BE030834BE030874BE030810B50A4C4FF0FF31206805F0CFF9F4F721
:20790000DDFC036806484FF47A7103FB01F108F0FBFA2068BDE8104005F0F2B9E841002064
:20792000C841002070B500248AB0CDE906444FF0B0430894DA6C284842F00102DA64DA6C5E
:2079400002F001020392039ADA6C42F00202DA64DA6C02F002020292029ADA6C42F001025F
:20796000DA64DA6C02F001020192019ADA6C42F00202DA64DB6C03F0020300934FF480729F
:207980000123CDE9042304A903230793009A402601F04CF904A94FF090408025049601F057
:2079A00045F904A94FF09040049501F03FF9224631464FF0904001F09FFA224606484FF49A
:2079C000807101F099FA224629464FF0904001F093FA20460AB070BD0004004808B503284D
:2079E00015D8DFE800F0331F160201224FF09040802101F081FA1A4800224FF4807101F091
:207A00007BFA012240214FF0904001F075FA002008BD01224FF09040802101F06DFA104896
:207A20000122EAE701224FF09040802101F064FA0B4801224FF4807101F05EFA00224021BA
:207A40004FF0904001F058FA002008BD00224FF09040802101F050FA01480022EAE700BFE7
:207A600000040048002070470120704701207047704700BF10B5032000F09CFC02F016FC49
:207A8000074B02460F201A60E9F716FF10B10124204610BD0446E9F785FC204610BD00BFF8
:207AA000D4090020014B1878704700BFD80900200048704700010301024A536843F0010334
:207AC00053607047002004E0024A536843F0020353607047002004E0024A536843F004034A
:207AE00053607047002004E0F0B583B000230193002800F0CD80856D0446002D00F0CB8080
:207B000022689368DD0019D47A4B7B481B6891689B09A0FB030321F010419B0921F017019E
:207B200001335B0041F0805191600193019B2BB1019B013B0193019B002BF9D19368D800E7
:207B400000F19A80A36D43F01003A365E36D01200343E365936813F0040FA36D40F0948058
:207B6000D90600F19180A36D216923F4817343F00203A3659368DB075CD4D4E902352B43D0
:207B8000257E667E94F81AC094F82C7043EA8533256B43EAC633003D18BF012543EA4C334F
:207BA0002D0343EA47032B4394F820500029B4BF21F000464FF40016012D43EA060300F014
:207BC0008A80656A25B1A66A05F4E07535432B43D568666825F4FE3525F4FF751D43D56039
:207BE00094F83C30E56C06F0404C012B4CEA050509D1D4E910373B432B43A56C2B4343EAD8
:207C00000C0343F0010517693C4B3B402B43136126F00043B3F1804F0CD0B6F1004F09D041
:207C2000374DD5F8083706F4701623F470133343C5F808375369656BA66B23F007032B4300
:207C40005361536923F0700343EA0613536141BB936A63F00F039362536903F007039D4249
:207C600030D0A36D23F0120343F01003A365E36D43F00103E3650BE0936813F0040F4FF074
:207C80000000A36D3FF46CAFA36D43F01003A365012003B0F0BDE8F727FCE56584F854503B
:207CA0002EE7B1F5001FD7D1E369916A266E013B9B0003F01C036FF00F0101FA03F33343A8
:207CC0009362C9E70023E365A36D23F0030343F00103A365DDE7BCF1000F02D143F48033EF
:207CE0006FE7A56D45F02005A565E56D45F00105E56566E7D4090020632D3E0502FCFF1FA8
:207D000000200140F8B54669082E04460D4604D00368DB68DE0738D40426E9F7D7FD2268F8
:207D200013681E42074604D1681C27D113683342FCD0A36D43F40073A365D36813F4406F5B
:207D40000FD1A37E6BB9136819070AD593685B0721D5A36D43F02003A365E36D43F001033C
:207D6000E365237E0BB90C2313600020F8BD15B9136833401CD013683342DAD1E9F7A6FD19
:207D8000C31BAB422268F3D8F1E7836D43F020030120A365F8BD536823F00C035360A36D27
:207DA00023F4807323F0010343F00103A365D8E7A26D84F8543042F00402A2650320F8BD7E
:207DC0000368186C704700BFF0B5034690F8540083B00022012801921A696FD01C680120FC
:207DE00083F85400A5686D0708D59A6D42F020029A65002283F8542003B0F0BD4D68086866
:207E0000022D22F0040238D0B2F1004FC0F311062FD01F6E05F01F0C0F2202FA0CF227EA6F
:207E200002076FEA020E002E65D1C0F3846202FA0CF23A431A66AD08DA690135954208D8F7
:207E4000A26AC0F383650EEA020205FA0CF52A43A2628A68616902EA002222F07C4222F062
:207E6000FF0221EA00210A430028626129DB0020BFE7A26A3243A262EBE7B2F1004F05D1B4
:207E8000A26AC0F3110122EA0102A2620028EEDA3C4C3D49A042D1F808273DD03B4CA042B0
:207EA00065D03B4CA042E2D1D1F8080702F0C07220F0E0700243C1F80827D8E7022003B054
:207EC000F0BD31492F4CD1F80827A04202F0E0752CD02E4CA04213D02D4CA042C7D152025D
:207EE000C5D4D1F8082722F0E0722A4342F48002C1F80827BBE790FAA0F2B2FA82F296E725
:207F0000D001B4D4D1F8082722F0E0722A4342F08072C1F80827AAE7D1F8080702F0A072C6
:207F200020F0E0700243C1F80827A0E714029ED4D1F80827174822F0E0722A4342F4000245
:207F4000C1F80827026814499209A1FB02129209013202EB420292000192019A002A86D0E8
:207F6000019A013A0192019A002AF9D17FE7D1F8080702F4400220F0E0700243C1F8082706
:207F800075E700BF001000B000200140004000B8002000B4D4090020632D3E0538B50368B1
:207FA0009A68520716D59A689507044614D5E9F78DFC23689B68054658070BD5E9F786FCC7
:207FC000431B022B226802D9936859070DD493685B07F3D4002038BD9A6822F0004222F0D4
:207FE000170242F010029A60E1E7A36D43F01003A365E36D01200343E36538BD70B582B0B9
:208000000022036801929A68D20725D49968284A1142054623D19A68264922F0004222F090
:20802000170242F001029A60D1F808371E0210D5214B224A1B689B09A2FB03239B09013351
:208040000193019B2BB1019B013B0193019B002BF9D16B7E012B0DD1002002B070BDAB6D0D
:2080600043F01003AB65EB6D012043F00103EB6502B070BDE9F72AFC2B681A68D407064689
:20808000EAD40F4C9A68D00704D49A68224042F001029A60E9F71AFC821B022A2B6802D956
:2080A0001A68D107DBD51A68D207EBD5D4E700BF1700008000200140D4090020632D3E0559
:2080C000E8FFFF7F38B503689D6815F0040521D190F85430012B04461CD0012380F8543050
:2080E000FFF78CFFC0B9A36D226823F4706323F0010343F480731C21A365E065116084F84A
:208100005400936823F0004323F0170343F00403936038BD022038BD84F8545038BD00BF80
:2081200038B503689A68950702D59B68002038BD9A68D407FAD59A6802F00502012A04463E
:2081400009D0A36D43F01003A365E36D43F00103E365012038BD9A6822F0004222F0170282
:20816000032142F002029A601960E9F7AFFB23689B68D907054603D4D8E79B68DB07D5D5CA
:20818000E9F7A4FB401B02282368F6D99A68D207F3D5D6E770B500284ED0836D43F002038E
:2081A00083650446FFF7FAFE0546002835D023685A6822F4677240F29F3122F003025A6018
:2081C0001960D9681E4A0A40DA605A6922F007025A6100269A6A9E621A6A02F0F0221A6232
:2081E0005A6A02F0F0225A62DA6A02F0F022DA621A6922F040421A61124AD2F8083723F06D
:20820000FE732046C2F80837E8F784F984F85460E6652666A665284670BD2046FFF780FFAA
:20822000054608B90123A36523689A6822F0104222F017029A60BBE70125284670BD00BFCE
:2082400000023E830020014090F85430012B1DD0012310B580F854300446FFF79FFE20B142
:20826000002384F85430012010BD2046FFF758FF0028F5D1A36D23F4807323F0010343F0E8
:208280000103A365002384F8543010BD02207047F0B590F8543083B00022012B019200F054
:2082A00083800123054680F85430FFF739FF2B689A6812F0010C06462FD1AA6D3C4922F480
:2082C000817242F00202AA65DC68DA6822F4004222F00302DA60082006E0D3F8B420013851
:2082E00002F07F02944422D09A680A4042F000429A609A68002AF0DA019A01320192019A95
:20830000B2F52E3FF5D3AB6D23F01203002243F01003AB6585F8542034E0AB6D43F0100366
:20832000AB65002385F85430304603B0F0BD9A681F490A4042F001029A60D3F8B42022F09F
:208340007F0242EADC02C3F8B4209A680A4042F002029A60E9F7BAFA2B689A680746D0073A
:2083600015D5E9F7B3FAC01B02282B680CD99A68D10709D5AB6D43F01003AB65EB6D43F058
:208380000103EB650126CFE79A68D207E9D4DA6848F203010C401443DC60AB6D23F0030384
:2083A00043F00103AB65BCE70226304603B0F0BDE8FFFF7F0749CA6803024FF6FF0003F4AE
:2083C000E0630240134343F0BF6343F40033CB60704700BF00ED00E01A4BDB68C3F3022312
:2083E00000B5C3F1070EBEF1040F03F1040C28BF4FF0040EBCF1060F1BD9A3F1030C4FF069
:20840000FF3303FA0CF322EA03024FF0FF3303FA0EF321EA030303FA0CF313431B01002807
:20842000DBB209DB00F1604000F5614080F8003300BD00229446E8E7034A00F00F000244DF
:20844000137600BD00ED00E0FCEC00E0002807DB044A4109012300F01F00834042F821301E
:20846000704700BF00E100E000280CDB4309064900F01F0020330122824041F82320BFF3A6
:208480004F8FBFF36F8F704700E100E0002810B426DB00F1604000F5614090F8000300092E
:2084A00001F00701C1F1070CBCF1040F01F1040428BF4FF0040C062C10D903394FF0FF3445
:2084C0008C4020EA0404C8404FF0FF3101FA0CF120EA010010601C6010BC70470024F3E7D7
:2084E000034C00F00F000444207E0009D8E700BFFCEC00E000280BDB4309064A803300F0AC
:208500001F0052F8233023FA00F000F0010070470020704700E100E000280BDB4309064AA8
:20852000403300F01F0052F8233023FA00F000F0010070470020704700E100E0002808DBC4
:208540004309044900F01F0001226033824041F82320704700E100E00168426C10B4CBB2AF
:208560000E4C083BA4FB03430D4CA14222F003024FEA13130ED802F1804101F50231094CAF
:2085800003F01F03012202FA03F3C0E91214036510BC7047044907331144F0E7CDCCCCCC13
:2085A00007040240800802401C08024000285ED00268304B9A4270B547D92F4B2F49304D73
:2085C0001344A1FB03131B099B00C0E910538468C368056923432B434569022180F82510F0
:2085E0002B43856911682B43C5696FF30E1111602B43056A11682B430B431360FFF7ACFFF2
:20860000B4F5804FD0E91261056D27D0436803F07F02013B032B32604D6023D8194B1A49C3
:20862000541E13440122A240184CC2659B00C0E9153400241C604A6400230122C36380F822
:20864000243080F82520184670BD114B0B49114D1344A1FB03131B099B00B6E70023436045
:2086600033604D600023C0E91533C365E4E70120704700BF07040240F8FBFDBFCDCCCCCCEF
:20868000000402403F8200100009024040090240F8FFFDBF00000240002844D002682349E6
:2086A00038B513688A4223F00103136032D9204B20491344A1FB03131B091F499B00C0E944
:2086C0001013012503F01C0305FA03F3002414604B60FFF741FFD0E9122314604268016D57
:2086E0005960531E032B06D89D40144B144913449B001C604D640023C0E91533C36380F8DA
:20870000243080F82530C0E90B33C0E90D33C365184638BD0B4B07491344A1FB03131B091A
:2087200009499B00CBE70120704700BF07040240F8FBFDBFCDCCCCCC000402403F820010BF
:2087400000090240F8FFFDBF00000240844690F82400012854D030B59CF825400120844251
:208760008CF8240006D0002380228CF82430CCF83C2030BD02208CF82500DCF80040DCF81E
:208780004C500020CCF83C00206820F001002060DCE914E0C5F804E018B1DCE9165EC5F8EB
:2087A00004E0DCF8445005F01C0E012505FA0EF5DCF840E0CEF804506360DCF80830102B0E
:2087C000DCF830300BBFA260A160E160E260CBB1236843F00E032360DCF848301A68D203A4
:2087E00003D51A6842F480721A6018B1036843F480730360236843F001030020236030BD6A
:2088000002207047236823F004032360236843F00A032360E0E700BF002833D090F825307B
:20882000022B2AD10368426C196830B421F00E01846C19602168056C21F480712160196807
:2088400021F00101196002F01C0201239340D0E91442C16C6B604C6032B11368D0E9161491
:2088600023F4807313604C600023012280F8252080F8243030BC1846704704220023C26391
:2088800080F824300120704738B590F82530022B03D00423C363012038BD0368846C19682B
:2088A000426C056C21F00E011960196821F0010119602368C16C23F48073236002F01C029E
:2088C00001239340D0E914426B604C6032B11368D0E9161423F4807313604C60836B0121A1
:2088E000002280F8251080F8242003B19847002038BD00BF70B4436C066C056831682C68A7
:2089000003F01C0304229A400A420ED014F0040F0BD02B689B0603D42B6823F004032B60E6
:20892000036B7260FBB170BC184702229A400A421BD014F0020F18D02B68990606D42B68EF
:20894000012123F00A032B6080F82510134B9D4296BF134BC3F884235A60C36A002280F8CA
:208960002420002BDFD170BC704708229A400A42F9D02207F7D52A68416B22F00E022A60FD
:20898000012202FA03F300247360C26380F8244080F825200029E6D070BC084780000240F1
:2089A0000000024010B4446D90F825200346DCB1206810F4803C04D08022DA63012010BC75
:2089C0007047D2B2012AF7D193F82420012A0ED08A68501ED1E900210A4342EAC042226059
:2089E000604683F824C0EAE74022C263E6E70220E5E700BF90F825303BB1436D2BB11A68C9
:208A000042F4803200201A6070470120704700BF90F825303BB1436D2BB11A6822F48032E7
:208A200000201A6070470120704700BF064B5A69002A01DB002070470449054A99609A60CE
:208A40005869C00F704700BF0040005823016745AB89EFCD044B5A6942F000425A615869B6
:208A6000C043C00F704700BF0040005870B50546E8F72CFF144E044604E0E8F727FF001BEC
:208A8000A84218D23369D903F7D43369DA0744BF012232614CF2FA3213400ED10A4E04E0B1
:208AA000E8F714FF001BA84205D2336913F48023F6D1184670BD032070BD0349034A0B61FB
:208AC0000120536070BD00BF00400058F04100202DE9F041224C05462078012825D0984659
:208AE000012323704FF47A7000230F4616466360FFF7BCFF18B100232370BDE8F081012D87
:208B000016D1184A536943F0010353613E60BFF36F8FC7F804804FF47A70FFF7A7FF114AB0
:208B2000536923EA05035361E5E70220BDE8F0810C494B6943F4802332464B61EFF3108033
:208B400072B6B91B06F5807C1368535004326245FAD1044A1369DB03FCD480F31088DAE718
:208B6000F0410020004000582DE9F0472C4F3B78012B43D00122002381464FF47A7088464A
:208B80003A707B60FFF772FF064690BBD9F80030042B37D04FF0FF33C8F80030D9E90143B4
:208BA00023449C421BD2DFF87CA01F4D05E0D9E9013201341344A34211D9DAF8143023F4C2
:208BC0007E7343EAC4032B434FF47A70CAF81430FFF74CFF0028EAD0C8F800400646114A45
:208BE000536923F47E7323F0020353610D4B1A681B6800233B703046BDE8F087022630468A
:208C0000BDE8F087074A536943F4803343F004034FF47A705361FFF729FF0646E6E700BF30
:208C2000F041002000400058020001002DE9F04F0C6883B0002C00F0CA806A4E00234FF0CC
:208C4000010B69E0BCF1030F0BD0D0F80C80D1F808E008EA07080EFA02FE4EEA080EC0F811
:208C60000CE00CFA02F2D0F800C00CEA07073A4315F4403F02604BD023F0030202F1804233
:208C800002F5803203F00307D2F808C0BF004FF0070E0EFA07FEB0F1904F2CEA0E0810D0F0
:208CA000DFF84491484500F09580DFF84091484503BF4FF0020C0CFA07F748EA07084EEAB5
:208CC0000C08C2F8088032686FEA0A0715F4801F0CBF3A404AEA02023260726815F4001F81
:208CE0000CBF3A404AEA02027260D6F8802015F4803F0CBF3A404AEA0202C6F88020D6F846
:208D00008420AD0354BF3A404AEA0202C6F88420013334FA03F25AD00BFA03FE1EEA040A3B
:208D2000F6D04D6805F0030C5A0003270CF1FF389740B8F1010F6FEA070783D8D0F808904A
:208D4000D1F80C8009EA070908FA02F848EA0908C0F80880D0F8048028EA0E08C5F3001EF2
:208D60000EFA03FE4EEA080EC0F804E0D0F80C80D1F808E008EA07080EFA02FE4EEA080EA4
:208D8000BCF1020FC0F80CE07FF46BAF4FEAD30800EB880803F0070ED8F82090CDF8009078
:208DA000D1F810904FEA8E0E09FA0EF9CDF804904FF00F0909FA0EFEDDF8009029EA0E091D
:208DC000DDF804E04EEA090EC8F820E049E703B0BDE8F08F4FF0010C0CFA07F748EA070833
:208DE0006FE700BF000800580004004800080048002974D02DE9F04F0023394E4FF00108AE
:208E00004FF0070A4FF00F0B47E0DFF8D89048455DD0DFF8D49048455CD07546AF4217D101
:208E2000D6F8805025EA0C05C6F88050D6F8845025EA0C05C6F88450356825EA0C05356040
:208E4000756825EA0C057560A56825EA0E05A560056803275C0007FA04F423FA07F725439D
:208E600000EB8707056003F00705D7F820C0AD000BFA05F52CEA05053D62856825EA0405F6
:208E80008560456825EA02024260C26822EA0402C260013331FA03F217D008FA03F212EAFF
:208EA000010CF6D023F0030404F1804404F5803403F00305A768AD000AFA05FEB0F1904F21
:208EC0000EEA0707A1D10025A8E7BDE8F08F08FA05F5A3E74FF0020909FA05F59EE7704739
:208EE00000080058000400480008004800690840003818BF012070470AB1816170478162A7
:208F0000704700BF03682DE9F0419C6914F0100C054650D01646002410220F46DA61A04671
:208F20009A6991067AD4B8F1000F06D17A1C4DD19A699606FCD52022DA6144F0040C0120B4
:208F40009A69D60502F4806102F400742BD54FF480724CF0010CDA6121B14FF480624CF006
:208F6000080CDA6124B14FF400724CF0020CDA619A69910744BF00229A629A69D2071CD50A
:208F80005A6828490A405A606B6C002243EA0C0320216B6485F8402085F8411085F84220CB
:208FA0000120BDE8F0810029D7D1002CDBD10028DED1BDE8F0816046C2E79A6942F001025D
:208FC0009A61DDE747B19A699006B4D4E8F77EFC801BB8422B68F5D9586895F842209969B9
:208FE0000904D2B20BD5410409D4202A07D05A6842F480425A60E8F769FC2B6806469A6923
:2090000090068DD4E8F762FCA0EB060CBCF1190F2B68F4D920244FF0010881E7B8F1000F9E
:209020008BD188E700E800FE70B5036804460D46164605E0FFF766FF00BB6A1C08D1236811
:209040009B699B07324629462046F3D5002070BDE8F73CFC801BA842236801D8002DEFD11B
:209060009A6912F00202EBD1636C84F8402020210B43636484F8411084F84220012070BD31
:209080002DE9F843DDF820901E46054603688846174605E0FFF736FF68BB731C0ED12B6881
:2090A0009C6938EA04040CBF01230023BB424A4631462846EED00020BDE8F883E8F706FC1E
:2090C000A0EB0900B0422B6801D8002EE8D19A6938EA02020CBF01220022BA42E0D16B6CFA
:2090E000002243F0200320216B6485F8402085F8411085F842200120BDE8F88303689B69AE
:209100009B0629D470B505460C4616460DE0E8F7DDFB801BA042296800D81CB98B6913F03D
:2091200020030DD08B699B0608D4324621462846FFF7E8FE0028EAD0012070BD002070BD18
:209140006A6C85F8403020210A436A64012085F8411085F84230F0E70020704703689B69F5
:2091600070B50D4659070446164637D4324629462046FFF7C7FE2368E8B99A69920623D59F
:209180009A699A6912F010021DD0202110250422DD616264D9615A681B4D2A405A6084F824
:2091A000411084F8400084F84200E8F78FFB23689B69012070BD9B699906F6D4E8F786FBD1
:2091C00023689B69F5E76264E8F780FB801B854206D32DB123689B695A07C7D5002070BD12
:2091E0002268936913F0040309D1616C84F8403020200143616484F841009369D9E793698E
:209200005B07B3D5EAE700BF00E800FE002854D010B590F84130044603F0FF02002B47D064
:209220002368242284F841201968626821F0010122F0706219601A619A68E16822F40042A7
:2092400001299A60A26809D042F4044202299A6007D15A6842F400625A6006E042F400421C
:209260009A605A6822F400625A605968226941F0007141F4004159606169D8680A43A16982
:2092800020F4004042EA0122E169D860206ADA6001431960196841F0010119600022202396
:2092A000626484F84130226384F84220104610BD80F84020E8F79EF9B2E70120704700BFF7
:2092C000B0B10268242310B580F84130136823F0010304461360E8F7EFF90023636484F852
:2092E000403084F84130236384F84230184610BD012070472DE9F047994690F8413082B043
:20930000202B0A9E40F0908090F84030012B044600F08A804FF0010A80F840A00F469046E5
:20932000E8F7D4FA52460546009019234FF400412046FFF7A5FE002872D1212384F84130B2
:20934000102384F842306064A4F82A90638D2268C4F824809BB2FF2B6063C7F3090767D8B5
:20936000638D9BB22385002B40F08D8053684A490B403B4343F0007343F400535360638DB6
:209380009BB22A4631462046002B38D0FFF74CFE002845D1616A236811F8012B9A62638D0B
:2093A000228D6162013B9BB26385638D013A92B29BB22285002BE2D0002AE0D100953346A1
:2093C00080212046FFF75CFE4FF0FF0C40BB638D324821689BB26345024647D94B68A4F852
:2093E00028C003403B4343F0FF7343F480334B60638D9BB22A4631462046002BC6D1FFF748
:209400007DFE68B92368264D2021D9615A682A405A6084F8411084F8400084F8420000E02A
:20942000012002B0BDE8F087022002B0BDE8F087FF232385FE214FF47F034FF0807018F860
:2094400001CBC2F828C02185618DC4F82480013989B26185D2F804C00F493B430CEA0101F3
:209460000B43034343F40053536088E7638D48689BB22385DBB247EA03430240134343F048
:2094800000734B607BE7013B99B24B1CDBB21B044FF00070D3E700BF009800FC009C00FC5E
:2094A00000E800FE2DE9F047984690F8413082B0202B0A9E40F0918090F84030012B0446CE
:2094C00000F08B804FF0010A80F840A00F469146E8F7FCF952460546009019234FF40041BC
:2094E0002046FFF7CDFD002873D1222384F84130102384F842306064A4F82A80638D226803
:20950000C4F824909BB2FF2B6063C7F3090768D8638D404851689BB22385DBB247EA03436D
:2095200001400B4343F0007343F410535360638D9BB22A4631462046002B39D0FFF70EFEE9
:20954000002846D12268636A526A1A70638D228D616A013B9BB26385638D013A92B20131B3
:209560009BB261622285002BE1D0002ADFD10095334680212046FFF783FD4FF0FF0C40BBAE
:20958000638D254821689BB26345024635D94B68A4F828C003403B4343F0FF7343F4803313
:2095A0004B60638D9BB22A4631462046002BC5D1FFF7A4FD68B92368184D2021D9615A68D0
:2095C0002A405A6084F8411084F8400084F8420000E0012002B0BDE8F087022002B0BDE8D8
:2095E000F08753680B490B403B4343F0FF7343F49233FF212185536099E7638D48689BB295
:209600002385DBB247EA03430240134343F000734B608CE7009800FC009C00FC00E800FE30
:209620002DE9F04F994690F8413083B0202BBDF834A00E9F40F0A8800C9B0446002B00F0E5
:209640009C80BAF1000F00F0988090F84030012B00F09A804FF0010B80F840B00D46904622
:20966000E8F734F95A460646009019234FF400412046FFF705FD002840F082800C9B63627E
:20968000222384F84130226864496063402384F842306064A4F82AA053680B405FFA89F14A
:2096A00043EA0143C5F309052B4343F400535360394632462046FFF7B7FC002868D1B9F1B7
:2096C000010F236868D15FFA88F29A6200963B46002240212046FFF7D3FC002858D1638DE1
:2096E00022689BB2FF2B73D953684C490B402B4343F0FF7343F49233FF212185536003E017
:20970000638D9BB2002B73D000963B46002204212046FFF7B5FC002832D12268636A526AF5
:209720001A70638D228D616A013B9BB26385638D013A92B201319BB261622285002BDFD092
:20974000002ADDD100963B4680212046FFF798FC4FF0FF0CA0B9638D314821689BB26345FF
:20976000024628D94B68A4F828C003402B4343F0FF7343F480334B60C2E74FF40073636458
:20978000012003B0BDE8F08F022003B0BDE8F08F002384F84030F3E74FEA18229A62394601
:2097A00032462046FFF740FC0028F1D122685FFA88F393628AE7638D48689BB22385DBB2C9
:2097C00045EA03430240134343F000734B6097E7638D124851689BB22385DBB245EA0343B3
:2097E00001400B4343F0007343F4105353608BE7324639462046FFF781FC0028C0D1236861
:20980000084D2021D9615A682A405A6084F8411084F8400084F84200B3E700BF009800FC5E
:20982000009C00FC00E800FE90F84120202A22D15FFA82FC90F84020012A03461BD00268FC
:20984000242000B583F84100106820F001001060106820F4805010601068014311601168E8
:209860004FF0000E41F00101116083F841C083F840E0704600BD0220704700BF90F84120EC
:20988000202A21D100B55FFA82FE90F84020012A03461BD00268242083F84100106820F0C5
:2098A00001001060106820F4706040EA0121116011684FF0000C41F00101116083F841E01A
:2098C00083F840C0604600BD02207047022000BD024A136843F4807313607047000400587B
:2098E000024B186800F4C060704700BF0004005870B54FF0B0432D49D3F808312C4AC0F3BB
:20990000031003F00F0384B052F8233051F82040B4FBF3F4FFF7E4FF264B054693E8070008
:20992000B5F5007F04AB03E9070029D0224B9C4234D303F5B70303F67F539C4233D903F5B2
:20994000741303F510639C4226D900261B4C236823F0070333432360E7F7B8FF054604E046
:20996000E7F7B4FF401B022807D8236803F007039E42F5D1002004B070BD032004B070BDBF
:209980000F4B9C420AD90F4B9C420CD903F5370303F5D8539C42D8D8022300E000230DEB8C
:2099A00083035E68D2E70123F9E700BFE8CF030848D0030850460308C0CF6A0000400058C8
:2099C000BFEA21013F9334024FF0B0439A68D96812F00C0231D00C2A55D0042A05D0082A9E
:2099E00055D1196811F4801159D04FF0B0422D48936803F00C030C2B4FF000013AD1D368A1
:209A000003F00303022B48D0032B03D11368DB0243D425494FF0B043D868DA68DB68C0F37F
:209A20000620C2F302125B0F01FB00F001320133B0FBF2F0B0FBF3F070474FF0B0410B6805
:209A400013F0080317D1086810F0080F0ABFD1F894300968C3F30323144951F82310002AE3
:209A60000CBF084600204FF0B042936803F00C030C2BC4D070470B6813F008030AD00B682F
:209A8000C3F30313E8E701F003010129D5D000210846E8E7D1F89410DEE70249BAE70248C1
:209AA000E1E700BF0024F4000048E801E8CF0308002800F0F8802DE9F0417C4E336803F0E5
:209AC00007038B420C460546C0F0B2802B68980762D45A0671D4580700F185801A0700F1BC
:209AE0009480DF072ED4714D2B6803F00703A34213D92B6823F0070323432B60E7F7E6FEE8
:209B0000064605E0E7F7E2FE801B022800F2A3802B6803F00703A342F4D1FFF755FF4FF0B9
:209B2000B042634C926863490346C2F30312624854F822200068B3FBF2F3BDE8F0410B6057
:209B4000E7F7BABE6B684FF0B042022B126800F0A380032B00F09A80002B40F0A1809107A5
:209B600040F197804FF0B04641F28838B26822F003021343B360E7F7A9FE074604E0E7F747
:209B8000A5FEC01B404566D8B3686A6803F00C03B3EB820FF3D1A6E74FF0B046AA68B368B3
:209BA00023F0F0031343B360E7F790FE0746B368D90353D52B685A068DD54FF0B0466A6901
:209BC000D6F8083123F00F0343EA1213C6F80831E7F77CFE0746D6F80831DB0344D52B68DA
:209BE00058077FF57BAF4FF0B046EA68B36823F4E0631343B360E7F769FE0746B3689903BA
:209C000038D52B681A077FF56CAF4FF0B0462A69B36823F4605343EAC203B360E7F756FE10
:209C20000746B3685B032BD52B68DF078AD45AE7336823F007030B433360E7F747FE07463D
:209C4000336803F00703A3423FF440AFE7F73EFEC31B022BF4D90320BDE8F081E7F736FE28
:209C6000C01B0228A3D9F6E7E7F730FEC01B0228B1D9F0E7E7F72AFEC01B0228BED9EAE7A1
:209C8000E7F724FEC01B0228CBD9E4E790013FF569AF0120BDE8F08196033FF563AFF8E77E
:209CA0005205F6D55EE70120704700BF0040005848D00308D4090020DC090020002800F0D1
:209CC0006A824FF0B04203682DE9F0419568D6680446980605F00C0506F003061A4629D52F
:209CE000002D00F03C810C2D00F03681236A4FF0B047002B00F033823B6843F001033B60A2
:209D0000E7F7E4FD80463B689A0740F135823B6843F008033B603B68A26A23F0F00313430B
:209D20003B607B68626A23F47F4343EA02237B6023681A46D8071FD4910759D5042D00F02F
:209D400076810C2D00F0708123694FF0B046002B42D0336843F480733360E7F7B7FD0746BD
:209D600033685A0500F11982E7F7B0FDC01B0228F6D90320BDE8F081082D00F04E810C2D98
:209D8000626800F0A6814FF0B047A1683B6823F480130B43B2F5803F3B6000F0A981B2F546
:209DA000041F3B6800F0A18123F480333B603B6823F400133B60002A40F09E81E7F786FD24
:209DC00080463B689B0340F18E81E7F77FFDA0EB08006428F5D9CCE7336823F4807333600A
:209DE000E7F774FD074633685B0500F1DF812268160736D5A3694FF0B046002B00F02581C7
:209E0000D6F89430E26903F010018A4210D003F00301022900F0FE80D80700F12F824FF065
:209E2000B041D1F8943023F010031343C1F894304FF0B046D6F8943043F00103C6F894302B
:209E4000E7F744FDD6F894309A07074608D4E7F73DFDC01B11288CD8D6F894309A07F6D5F9
:209E6000226850075DD5B34E3368D90510D4FFF72FFDE7F72BFD3368DA05074608D4E7F7C8
:209E800025FDC01B02283FF674AF3368DA05F6D5E368002B00F0ED8023F08003052B07D18D
:209EA0004FF0B042D2F8903043F00403C2F890304FF0B047E7F70AFDD7F8903043F0010352
:209EC000C7F89030D7F890309B0706460BD4E7F7FDFC41F28833801B98423FF64AAFD7F870
:209EE00090309B07F3D5E36823F00403812B00F01281E7F7EBFCD7F8903023F08003C7F8FB
:209F0000903006464FF0B04741F2883805E0E7F7DDFC801B40453FF62CAFD7F89030190593
:209F2000F5D4E36AB3B10C2D00F04E81022B00F06B814FF0B044236823F080732360E7F781
:209F4000C5FC054623689A0100F13781E2687A4B1340E36000205EE0012E7FF4C7AE236A7F
:209F6000002B57D04FF0B043A06A1A68110756BFD3F894301B681B0903F0F003984233D9A2
:209F8000FFF7B6FC002845D14FF0B0431A6842F008021A601A68A16A22F0F0020A431A6019
:209FA0005A68616A22F47F4242EA01225A60FFF70BFD4FF0B04261499268614F0346C2F3B3
:209FC000031208685F4957F82220B3FBF2F30B60E7F772FCF8B92268D70713463FF5CFAE56
:209FE00093073FF5AEAE03E74FF0B0431A6842F008021A601A6822F0F00202431A605A68DC
:20A00000616A22F47F4242EA01225A60FFF770FC0028CCD00120BDE8F08161680029F9D07D
:20A0200099073FF591AEE3E6022E7FF48DAE2369002BEFD04FF0B0426169536823F0FE43E6
:20A0400043EA016353602268D2E6D6F8943023F00103C6F89430E7F739FC0746D6F894305D
:20A060009B077FF5FDAEE7F731FCC01B1128F5D97FE64FF0B046E7F729FCD6F8903023F0F4
:20A0800080030746C6F8903041F2883805E0E7F71DFCC01B40453FF66CAED6F890301A0547
:20A0A000F5D4E7F713FCD6F8903023F00103C6F8903007464FF0B046D6F890309B077FF5A1
:20A0C00030AFE7F703FC41F28833C01B9842F3D94FE6032E7FF457AE002A9BD098071A46E3
:20A0E0003FF532AE84E6226826E643F400133B603B6843F480333B60E7F7E8FB4FF0B04847
:20A100000746D8F800309A03EDD4E7F7DFFBC01B6428F6D92DE6E7F7D9FBD7F8903043F01F
:20A120008003C7F8903006464FF0B04741F2883810E000BF00040058FCFFFEEEDC090020B1
:20A1400048D00308D4090020E7F7C0FB801B40453FF60FAED7F890301805F5D5E1E63B6854
:20A1600023F001033B60E7F7B1FB80463B689B070AD423681A46DDE5E7F7A8FBA0EB0800F9
:20A1800002287FF6C0ADF4E5E7F7A0FBA0EB08000228EBD9EDE5012070477368626923F07D
:20A1A000FE4343EA02637360226821E6E7F78EFBC01B02287FF617AEDBE5E7F787FB401B47
:20A1C0000A287FF6BFAED4E5012B3FF423AF4FF0B043226BDB6803F0030191427FF41AAF79
:20A1E000626B03F0700191427FF414AFA16B03F4FE42B2EB012F7FF40DAF606C03F0604384
:20A20000181A18BF012006E74FF0B0452B6823F080732B60E7F75AFB06462B68980127D429
:20A22000D4E90C32E96813431F4A0A40E16B13430B43D4E91001A26B03430B4343EA022318
:20A24000EB602B6843F080732B60EB6843F08053EB60E7F73BFB4FF0B04504462B6899010C
:20A260003FF578AEE7F732FB001B0A28F6D980E5E7F72CFB801B0A28CFD97AE5D6F894308D
:20A2800023F00103C6F89430E7F720FB0746D6F89430990701D4E269C1E5E7F717FBC01B1C
:20A2A0001128F4D965E500BF8C80C11108B5FFF78BFB4FF0B043044A9B68C3F3031352F8DF
:20A2C0002330B0FBF3F008BD48D0030808B5FFF77BFB4FF0B04308499A689B68C2F303123A
:20A2E000C3F3022351F82210044AB0FBF1F052F82330D84008BD00BF48D0030828D00308CF
:20A3000008B5FFF761FB4FF0B04308499A689B68C2F30312C3F3C22351F82210044AB0FBCD
:20A32000F1F052F82330D84008BD00BF48D0030828D00308036870B5044613F4803040F01C
:20A340009D80DD070AD54FF0B0456168D5F8882022EA114289B20A43C5F8882099070AD5E0
:20A360004FF0B045A168D5F8882022EA114289B20A43C5F888209A0609D54FF0B0412569A3
:20A38000D1F8882022F440622A43C1F888209E050CD5256A4FF0B0412E0CD1F8882036049E
:20A3A00022EA060242EA0542C1F888205D050CD5656A4FF0B0412E0CD1F88820360422EA82
:20A3C000060242EA0542C1F8882019050CD5A56A4FF0B0412E0CD1F88820360422EA06026A
:20A3E00042EA0542C1F888205A0600F190801E067CD4DD0531D4D9060DD54FF0B041E5688F
:20A40000D1F8882022F440722A43B5F5807FC1F8882000F08D801A040AD54FF0B041256BD2
:20A42000D1F8882022F040422A43C1F888207DB15B040CD54FF0B042E16AD2F8883023F0CA
:20A4400040530B43B1F1005FC2F8883075D070BDCA6842F08072CA60EAE7E2694FF0B04665
:20A460001509D6F8881005F47F25120102F47F2221EA05010A43C6F88820BCE7FFF728FA92
:20A48000E7F724FA394E054604E0E7F71FFA431B022B5ED83368D805F7D54FF0B045626B0D
:20A4A000D5F8903003F440739A4213D0D5F89010D5F8903043F48033C5F89030D5F89030B8
:20A4C00021F4407023F480338907C5F89030C5F8900041D44FF0B0410020D1F8903023F48E
:20A4E00040731343C1F8903023682AE7A2694FF0B0461509D6F8881005F47F25120102F4D4
:20A500007F2221EA05010A43C6F8882071E762694FF0B0461509D6F8881005F47F2512014A
:20A5200002F47F2221EA05010A43C6F888205EE7CA6842F08072CA606DE7D36843F4803382
:20A54000D36070BDE7F7C2F941F28832831B934205D923680320F4E6E7F7B8F90646D5F894
:20A5600090309B07EED5626BB4E700BF0004005890F82C30012B00F0E18070B5704B0126CB
:20A58000022580F82C6080F82D500446D86800F44070B0F5807F00F0A0804869002A7ED18F
:20A5A0009B695B060B7858BFCA70092B0AD94FF0000C0A3BDBB2092B0CF1010CF9D843EAF2
:20A5C0000C13DBB24FEA034C4B78092B0AD94FF0000E0A3BDBB2092B0EF1010EF9D843EA0E
:20A5E0000E13DBB28D78092D4FEA03230BD94FF0000E0A3DEDB2092D0EF1010EF9D845EAB8
:20A600000E1E5FFA8EF591F824E0CE78BEF1090F4FEA86560CD9AEF10A0E5FFA8EFEBEF153
:20A62000090F02F10102F6D84EEA02125FFA82FE0A6A0243324342EA0C0213432B4343EAC0
:20A640000E633F4ACA20506253205062886AB0F5807F69D090698D6920F408509061022002
:20A66000D0659364D564364B4A685A67226B42F0020222639A6942F408529A61314A3049B7
:20A68000D2F8803043F40033C2F880300020FF2501234D6284F82D3084F82C0070BDB0F106
:20A6A000803F08D0B0F5000F05D09A6912F0400201D1CA7001E0CA7892050B6A03438878B2
:20A6C0000343087843EA0043487843EA002391F8240043EA00631343B3E7CA225A625322EA
:20A6E0005A628A6AB2F5807F09D09A6922F408529A61DD65D1E906200243DA64B3E798697D
:20A700008A6920F488509861DE65C86902435A640B4B4A681A67226B42F0010222639A6917
:20A7200042F488529A61A9E7906920F4885090610120D06513648B695364E9E70220704787
:20A74000002800400008005890F82C20012A34D030B41B4A0125022480F82C5080F82D40C0
:20A760000346CA20506253205062B1F5807F186B916916D021F408519161D16C20F0020018
:20A7800021F00041D1641863D4650D480022FF240121446283F82D1083F82C20104630BC5B
:20A7A000704721F488519161516C20F0010021F0004151641863D565E7E70220704700BF12
:20A7C0000028004038B50E4B026B5D6D1540EA07044605D4AB0709D4012384F82D3038BDAA
:20A7E0000122DA65E7F78CFAAB07F5D5044B0222DA65204600F042F9012384F82D3038BDE2
:20A800000028004070B50E4CE3685A0601D5002070BDE36843F08003E3600646E7F756F8C7
:20A820000546E3685B06F2D4E7F750F8431BB3F57A7FF6D90320024B86F82D00DB6870BDDC
:20A840000028004070B5204CE36823F08003E360A3699906054612D4E36823F02003E3603B
:20A86000E7F734F8064605E0E7F730F8831BB3F57A7F24D8E3689A06F6D5002070BDA3694D
:20A8800023F02003A361E36823F02003E360E7F71DF8064605E0E7F719F8831BB3F57A7F68
:20A8A00009D8E3689B06F6D50020074A936943F02003936170BD032085F82D00F5E7032050
:20A8C00085F82D0070BD00BF0028004018B338B590F82D30044603F0FF02BBB10223254D9C
:20A8E00084F82D30EB68DB0604D5012384F82D30002038BDCA2253236A6220466B62FFF709
:20A9000081FF50B1FF236B62032038BD80F82C20E6F708FDE2E701207047AB6923F08E6350
:20A9200023F04003AB6122696368A9691343A2690B431343AB61D4E9022343EA02432B615C
:20A94000D4E90931EA680B4322F4F8521343EB602046FFF777FF0028D4D1D4E90713AA69D6
:20A960000B4322F06042616913430B43FF22AB616A62BAE70028004090F82C20012A03461D
:20A9800017D00D4A4FF0020CCA20532183F82DC050625162916941F0200191614FF0000C78
:20A9A000FF2001215062604683F82D1083F82CC070470220704700BF0028004090F82C2054
:20A9C000012A034617D00D4A4FF0020CCA20532183F82DC050625162916921F0200191612F
:20A9E0004FF0000CFF2001215062604683F82D1083F82CC070470220704700BF002800409D
:20AA000090F82C30012B1ED0104B30B4CA210224532280F82D4059625A629A690C4C42F08A
:20AA200080029A61D4F88010FF2541F48021C4F8801000225D62012380F82D3080F82C2059
:20AA400030BC104670470220704700BF0028004000080058084B5A6D520610B5044603D445
:20AA6000012384F82D3010BD4022DA65E7F74AF9012384F82D3010BD00280040704700BFA2
:20AA8000890001F1804101F531410A60704700BF890001F1804101F531410868704700BFA8
:20AAA000002800F09480426A2DE9F0470446002A5AD00023C0E9043394F85D3003F0FF01C4
:20AAC000002B5CD02168E568022384F85D300B68B5F5E06F23F040030B6057D871D04FF43B
:20AAE000805C0027A7623E466368D4F8209002F0100EA26803F4827302F40442134322695C
:20AB000002F002021343626902F001021343D4E9060200F4007A02F0380843EA0A0309F03B
:20AB2000800943EA0803626B43EA09033B4302F008020B60000C05F4706300F004001A4340
:20AB4000024342EA0E02B6F5005F42EA0C0226D04A60CB69002023F400630122CB612066ED
:20AB600084F85D20BDE8F0874368B3F5827FA3D0C26194F85D3003F0FF01002BA2D184F8B0
:20AB80005C102046E6F714FC626A9BE7B5F5706F1FD1A66A4FF0000C06F40057A4E7236B6A
:20ABA0004BB9B5F5E06F17D9022323630B6843F400630B6001E0022BF8D0A38D4A600B6169
:20ABC000C7E7A66A4FF4805C06F400578CE7012070474FF0000C84E701232363EDE700BF09
:20ABE000704700BF98B10268022310B580F85D30136823F0400304461360FFF7F1FF0023A6
:20AC0000236684F85C3084F85D30184610BD0120704700BF002870D010B5837982B0044633
:20AC200003F0FF02EBB1032A69D03D4B4FF400629A613C4B2268196842F4417221F0400129
:20AC40004FF4B85019601A6058601A6842F040021A60002001210123A0602171A37102B0D0
:20AC600010BD4271E6F7B4FD2F4BD3F8901041F48051C3F89010596A4FF0B04241F4005106
:20AC800002205962A071D2F89430284923F40043C2F894300B68C3EBC3036421C3F34C433E
:20ACA00001FB03F30193019BA3B1019B013B0193D2F894305B04F6D4194BD3F8902042F4E6
:20ACC0000042C3F890209A684FF400610A439A609961AEE7124B0120A060D3F8902042F41C
:20ACE0000042C3F890209A684FF400610A439A6099610123A37102B010BD0120704700230E
:20AD00004371E6F765FD084BD3F8902042F48052C3F890205A6A42F400525A6285E700BFCC
:20AD2000000400580000015800080058D409002010B41C4C2368C3EBC303642283B0C3F367
:20AD40004C4302FB03F38446174A019305E0019B013B01939368980722D4019B002BF6D143
:20AD60000120CCF80800104A11732368C3EBC3036421C3F34C4301FB03F3019305E0019B38
:20AD8000013B01939368DB0705D4019B002BF6D10120CCF80800044BDB6803B010BC7047EA
:20ADA0000020E0E7D40900200000015810B41D4C2368C3EBC303642283B0C3F34C4302FB2F
:20ADC00003F38446184A019305E0019B013B01939368980724D4019B002BF6D10120CCF867
:20ADE0000800114AFF2313732368C3EBC303C3F34C43642404FB03F3019305E0019B013B36
:20AE000001939368DB0705D4019B002BF6D10120CCF80800044BDB680B7003B010BC70472A
:20AE20000020DEE7D4090020000001581B4B01791B68012903EB430382B0C3F34F3212D0CB
:20AE4000642303FB02F2164901924B699A0707D5019BF3B1019B013B01934B699B07F7D489
:20AE6000002002B070470E490192D1F8903023F40043C1F89030019B013B0193019B002BD0
:20AE8000F9D10749D1F8903043F40043C1F89030D6E7022383600120E3E700BFD4090020B0
:20AEA0000004005890F806C0BCF1010F3ED1F8B515464279012A044636D01E465FFA8CF3A2
:20AEC0004371022383710F46FFF7B0FFA36813BB174AD2F8903023F400430D21C2F89030E5
:20AEE0002046FFF725FF390A2046FFF721FFF9B22046FFF71DFF3EB12E4415F8011B204600
:20AF0000FFF716FFB542F8D1094AD2F8903043F40043C2F89030A06800230122C01AA2715A
:20AF2000637118BF0120F8BD0220F8BD02207047000400582DE9F04114468279012A3FD1AD
:20AF40001E46D3B24279012A054639D043710F46FFF76CFFD5F80880B8F1000F26D11A4AFC
:20AF6000D2F8903023F40043C2F890301D212846FFF7DEFE390A2846FFF7DAFEF9B228465D
:20AF8000FFF7D6FE41462846FFF7D2FE3EB12644214628460134FFF709FFA642F8D10A4AC6
:20AFA000D2F8903043F40043C2F89030A86800230122C01AAA716B7118BF0120BDE8F081DE
:20AFC0000220BDE8F08100BF000400582DE9F04114468279012A37D11E46D3B24279012A80
:20AFE000054631D043710F46FFF720FFD5F80880B8F1000F1ED1164AD2F8903023F40043A7
:20B0000039462846C2F89030FFF792FE41462846FFF78EFE3EB12644214628460134FFF773
:20B02000C5FEA642F8D10A4AD2F8903043F40043C2F89030A86800230122C01AAA716B71A3
:20B0400018BF0120BDE8F0810220BDE8F08100BF0004005890F806C0BCF1010F38D1F8B5CE
:20B0600015464279012A044630D01E465FFA8CF343710F46FFF7DAFEA368F3B9154AD2F852
:20B08000903023F400430E21C2F890302046FFF74FFE39462046FFF74BFE3EB12E4415F8B2
:20B0A000011B2046FFF744FEB542F8D1094AD2F8903043F40043C2F89030A06800230122F7
:20B0C000C01AA271637118BF0120F8BD0220F8BD02207047000400582DE9F041144682795A
:20B0E000012A3BD11E46D3B24279012A054635D043710F46FFF79AFED5F80880B8F1000F56
:20B1000022D1184AD2F8903023F400431E21C2F890302846FFF70CFE39462846FFF708FEE6
:20B1200041462846FFF704FE3EB12644214628460134FFF73BFEB442F8D10A4AD2F89030F3
:20B1400043F40043C2F89030A86800230122C01AAA716B7118BF0120BDE8F0810220BDE8FF
:20B16000F08100BF00040058114B12491B6803EB4303642282B0C3F34F3302FB03F30E4A9A
:20B180000193D36A9B0407D4019B63B1019B013B0193D36A9B04F7D54B6913F00203F3D120
:20B1A000184602B0704702238360012002B07047D409002000040058000800582DE9F04730
:20B1C00090F806C0BCF1010F4AD11D464379012B064645D05FFA8CF880F805800F46144614
:20B1E000FFF724FED6F80890B9F1000F54D1082F3BD8062F01D8022F5CD1DFF84CA1DAF8A7
:20B20000903023F400433946CAF890303046FFF78FFD002D00F08C80254414F8011B3046EB
:20B22000FFF786FDAC42F8D1474AD2F89030082F43F40043C2F8903036D8062F01D8022F4B
:20B240005FD1B3682BB94FF0000886F804804FF0000801220023B27173714046BDE8F08740
:20B260004FF002084046BDE8F087842F22D1DFF8D8A0DAF8903023F400433946CAF8903001
:20B280003046FFF755FD002DC6D1DAF8903043F40043CAF8903009E0B368002BD9D1842F12
:20B2A000D3D0942FD1D0CEE7842F2AD1B368002BCFD1CAE7254BDFF890A05B683220C3F34B
:20B2C0008049FDF7D1F8224B4FF40052DA62D3F8902042F40052C3F89020DAF8903023F493
:20B2E00000433946CAF890303046FFF721FD002D92D1DAF89030082F43F40043CAF890302B
:20B300009DD93046FFF730FF114BD3F890204FF4005122F40052C3F890203220D962FDF75D
:20B320000DF9B9F1000F0AD1B368002B91D1B8E7DAF8903043F40043CAF8903081E73220E4
:20B34000FDF784F8F0E700BF0004005800E100E00008005810B4026852E8003F23F49073A9
:20B3600042E800310029F7D1134C02F1080353E8003F234002F1080C4CE800310029F4D1ED
:20B38000C36E012B07D000232022C0F88C2010BC4367C366704752E8003F23F0100342E891
:20B3A00000310029EFD052E8003F23F0100342E800310029EFD1E6E7FEFFFFEF70B5D0F8EC
:20B3C0008850202D34D1044681B3134672B30026A0F85620A0F854200165C0F89060C06FCA
:20B3E0002122C4F8882058B122688663114EC662114E0663114E46632832FDF7A7F980B9AC
:20B4000022684023136202F1080353E8003F43F0800302F1080040E800310029F3D100203B
:20B4200070BD1023C4F89030C4F88850012070BD022070BD41B4020889B4020899B4020862
:20B4400008B50368806A1B6813F0200317D10268A0F8563002F1080353E8003F23F08003B3
:20B4600002F1080040E800310029F3D152E8003F43F0400342E800310029F7D108BDE6F7AE
:20B48000BFFD08BD704700BF08B5806AFFF7FAFF08BD00BF704700BF806A38B50368D0F81B
:20B4A0008810D0F88C509A68120601D5212913D09B685B0601D5222D08D0D0F8903043F017
:20B4C0001003C0F89030FFF7E5FF38BD0023A0F85E30FFF73FFFF0E70022A0F8562019462F
:20B4E00051E8002F22F0C00241E800241946002CF6D103F1080252E8002F22F4000203F1FE
:20B50000080444E800210029F3D12022C0F88820CEE700BF08B5806A0023A0F85E30A0F847
:20B520005630FFF7B7FF08BD704700BF70B50468E3692168A26840F60F0C13EA0C0F05467A
:20B5400029D19E0607D501F0200C02F080565CEA060C40F0F080E86E012800F0AC80D8021F
:20B5600000F19E80180606D502F4000201F08000104340F0E7805A0602D54E0600F1C380B1
:20B58000180202D54A0000F10C81DB0102D50029C0F23D8170BDA348104040F0C580A24ED9
:20B5A0003142D8D0DE0740F1DC80CE0540F1D28001262662D5F8906046F00106C5F8906052
:20B5C0009E0740F1C980D60740F1CB8002202062D5F890005E0740F00400C5F8900040F1DB
:20B5E000DD8004202062D5F8900040F00200C5F89000180700F1BD8018050AD54E0108D5F7
:20B600004FF400602062D5F8900040F02000C5F89000D5F890000028BCD0980606D501F090
:20B62000200102F08052114340F0AC80D5F89020A36802F0280203F0400353EA02062846E8
:20B6400000F0EA80FFF786FEA3685B0640F1A28004F1080353E8003F23F0400304F1080189
:20B6600041E8003262B12C6804F1080353E8003F23F0400304F1080141E80032002AF3D1B1
:20B68000D5F88000002800F08580684B8363FDF7FBF800283FF47EAFD5F88000836B4EE0CF
:20B6A00056027FF55FAF4FF4801323622846BDE8704000F0EBBEDE067FF551AFC8067FF55F
:20B6C0004EAF10232362A3685B0640F1B180D5F88000026853689BB2002B3FF45BAFB5F813
:20B6E0005C1099427FF656AFA5F85E3013689E065CD502232B67B5F85E30C91A284689B290
:20B70000FFF712FF70BD54E8003F23F0400344E80032002AF7D120220023C5F88820AB67F8
:20B720002846E6F76DFC70BDDE077FF549AFCE057FF546AF3CE7436F002B3FF42BAFBDE8E9
:20B7400070401847AB6F002B3FF424AF2846BDE8704018479E0704D45E0702D5D6073FF5A3
:20B7600040AF1E077FF548AF01F0200606433FF443AF08202062D5F8900040F00800C5F8C9
:20B78000900039E76B6F002B3FF450AF284698472C684BE72846FFF77DFE70BD1807E8D4C8
:20B7A0002AE72846BDE8704000F074BE54E8003F23F4807344E80032002AF7D104F10803BE
:20B7C00053E8003F23F0010304F1080141E80032002AF3D104F1080353E8003F23F04003C1
:20B7E00004F1080141E80032002AF3D12023C5F88C30EA6654E8003F23F0100344E80032F7
:20B80000002AF7D1FDF708F8B5F85C1071E72846BDE8704000F03CBEFFF73CFEC5F8906047
:20B8200070BD00BF010000102001000415B50208B5F85E20B5F85E309BB292B2002B3FF4BD
:20B84000A9AEB5F85C10891A89B200293FF4A2AE54E8003F23F4907344E80032002AF7D109
:20B860000F4804F1080353E8003F034004F1080646E80032002AF4D12023C5F88C306A67D5
:20B88000EA6654E8003F23F0100344E80032002AF7D102232B672846FFF746FE70BD00BF1C
:20B8A000FEFFFFEFD0F88C200368222A04D09A6942F008029A6170475B6AB0F86010826DE1
:20B8C0000B401370B0F85E30826D013B9BB2A0F85E30B0F85E3001329BB28265002B37D1F6
:20B8E00010B5036853E8002F22F4907243E800210029F7D103F1080252E8002F22F00102DD
:20B9000003F1080444E800210029F3D11B4A416720249342C0F88C40016702D05A68110234
:20B9200017D4C26E012A25D10022C26653E8002F22F0100243E800210029F7D1DA69B0F8CB
:20B940005C10D20644BF10221A62FFF7EDFD10BD704753E8002F22F0806243E800210029BB
:20B96000DFD053E8002F22F0806243E800210029EFD1D6E7E6F752FB10BD00BF0080004052
:20B98000D0F88C200368222A04D09A6942F008029A6170475A6AB0F860C0816D02EA0C0243
:20B9A00021F8022BB0F85E208165013A92B2A0F85E20B0F85E2092B2002A36D110B553E805
:20B9C000002F22F4907243E800210029F7D103F1080252E8002F22F0010203F1080444E83B
:20B9E00000210029F3D11B4A416720249342C0F88C40016702D05A68110217D4C26E012A3A
:20BA000025D10022C26653E8002F22F0100243E800210029F7D1DA69B0F85C10D20644BFE9
:20BA200010221A62FFF780FD10BD704753E8002F22F0806243E800210029DFD053E8002F75
:20BA400022F0806243E800210029EFD1D6E7E6F7E5FA10BD008000402DE9F84F02680446A6
:20BA6000D06917689668D4F88C10222906D01346926942F008029A61BDE8F88FB4F868308C
:20BA80001BB9B4F85E30BDE8F88F800674D594F860B0654DDFF894814FF0000903E01AF02E
:20BAA000200F69D02268526AA36D0BEA02021A70B4F85E102368A26D013989B2A4F85E1012
:20BAC000D3F81CA001321AF0070FA26528D01AF0010F09D0F90507D501221A62D4F89020A5
:20BAE00042F00102C4F890201AF0020F78D0F20712D502221A62D4F890201AF0040F42F0F7
:20BB00000402C4F8902007D004221A62D4F8903043F00203C4F89030D4F89030002B68D10A
:20BB2000B4F85E309BB2002BB9D1236853E8002F22F4807243E800210029F7D103F1080291
:20BB400052E8002F2A4003F1080040E800210029F4D120224345C4F88C206167216702D08B
:20BB60005A6811022BD4E26E012A48D02046E6F755FA1AF0200F95D1B4F85E309BB2002B7B
:20BB80003FF47AAFB4F868209A427FF675AF236803F1080252E8002F22F0805203F10800CE
:20BBA00040E800210029F3D1214A626753E8002F42F0200243E800210029F7D15CE753E8A2
:20BBC000002F22F0806243E800210029CBD053E8002F22F0806243E800210029EFD1C2E7F6
:20BBE0001AF0040F98D0F0078ED4D4F89030002B96D02046FFF74EFCC4F8909090E7C4F895
:20BC00006C9053E8002F22F0100243E800210029F7D1DA69B4F85C10D20644BF10221A6279
:20BC20002046FFF781FC3AE7FEFFFFEF00800040A5B802082DE9F84F0368D9691E689D6863
:20BC4000D0F88C20222A05D09A6942F008029A61BDE8F88FB0F8682083461AB9B0F85E30E7
:20BC6000BDE8F88F880678D5BBF860A0684C694F4FF0000804E019F0200F6ED0DBF80030FA
:20BC80005A6ADBF858100AEA020221F8022BBBF85E20CBF85810013A92B2ABF85E20D3F8A0
:20BCA0001C9019F0070F28D019F0010F09D0F10507D501221A62DBF8902042F00102CBF8E3
:20BCC000902019F0020F7ED0EA0712D502221A62DBF8902019F0040F42F00402CBF890208A
:20BCE00007D004221A62DBF8903043F00203CBF89030DBF89030002B6ED1BBF85E309BB2F2
:20BD0000002BB8D1DBF8003053E8002F22F4807243E800210029F7D103F1080252E8002F56
:20BD2000224003F1080040E800210029F4D12022BB42CBF88C20CBF87410CBF8701002D064
:20BD40005A6811022ED4DBF86C20012A4AD05846E6F764F919F0200F90D1BBF85E309BB269
:20BD6000002B3FF475AFBBF868209A427FF670AFDBF8003003F1080252E8002F22F0805248
:20BD800003F1080040E800210029F3D1224ACBF8742053E8002F42F0200243E8002100297B
:20BDA000F7D155E753E8002F22F0806243E800210029C8D053E8002F22F0806243E800216A
:20BDC0000029EFD1BFE719F0040F92D0E80788D4DBF89030002B90D05846FFF75BFBCBF840
:20BDE00090808AE7CBF86C8053E8002F22F0100243E800210029F7D1DA69BBF85C10D2060E
:20BE000044BF10221A625846FFF78EFB33E700BFFEFFFFEF0080004081B9020870B504461D
:20BE200003688268006961691D6802430A43E0698349024329400A431A605A68E168656AFF
:20BE400022F440520A437F495A608B429968A26921F06E4121F4306100F09780266A324320
:20BE60000A439A60DA6A22F00F022A43DA62764A934233D0754A934207D0012000234FF0E5
:20BE80000112C4E91D33A26670BD4FF0B043D3F8883003F00C0343F44023A3F540230C2BDA
:20BEA000EBD801A252F823F009C002087BBE02087BBE02087BBE02087FBF02087BBE020898
:20BEC0007BBE02087BBE020843BF02087BBE02087BBE02087BBE020811BF02084FF0B043FB
:20BEE0005B4AD3F8883003F0030343F44033934227D0B3F1031F0BD0013A93423FD0B0F546
:20BF0000004F00F08780FEF7FBF9C0B1656A04E0B0F5004F19D04FF4004063684D4A32F8E2
:20BF20001510B0FBF1F04FF6EF7200EB5300B0FBF3F0A0F1100393429FD82368D86000200B
:20BF40009CE7B0F5004F4448E7D16268414B33F81510B0FBF1F0530803EB40034FF6EF71C3
:20BF6000B3FBF2F3A3F110028A4286D823F00F02216892B2C3F342031343CB60DFE7B0F586
:20BF8000004F54D0FDF720FDBFE711439960DA6A22F00F024FF0B0412A43DA62D1F8883069
:20BFA00003F44063B3F5006F47D039D84BB3FDF70BFD0028C3D0656A6668264B06EB4601AD
:20BFC00033F81520B0FBF2F399423FF656AFB3EB063F3FF652AF00231946E4F785F84FF426
:20BFE00080750346002170083246E3FB05010023E4F77AF8194BA0F540729A423FF63DAFF6
:20C000009BE7FEF763F9D4E7B0F5004F12D0FEF75DF97AE7FEF774F9002890D0656A94E7DC
:20C02000B3F5406F7FF429AF4FF40040C4E7FDF7CBFCF1E7FEF74AF9EEE70748BCE700BFDF
:20C04000F369FFCF0080004000380140004400400200030088D003080024F400FFFC0F006F
:20C06000836A1A0710B406D50168846B4A6822F4004222434A60DC0706D50168C46A4A689B
:20C0800022F4003222434A60990706D50168046B4A6822F4803222434A605A0706D50168C8
:20C0A000446B4A6822F4802222434A60DC0606D50168C46B8A6822F4805222438A6099063B
:20C0C00006D50168046C8A6822F4005222438A605A0609D50168446C4A6822F480122243ED
:20C0E000B4F5801F4A600AD01B0606D50268C16C536823F400230B43536010BC70474A68B6
:20C10000846C22F4C00222434A60EDE72DE9F04115460268DDF818801F46D36931EA030339
:20C120000CBF01230023AB420DD1B8F1FF3F0C4618BF064619D1D36934EA03030CBF01238D
:20C140000023AB42F7D00020BDE8F081802C04D0402C02D0D3691B0532D4D36934EA030352
:20C160000CBF012300239D42EDD1E5F7AFFBC01B4045326806D8B8F1000F03D0136859074C
:20C18000EBD5E3E752E8003F23F4D07342E800310029F7D102F1080353E8003F23F0010367
:20C1A00002F1080040E800310029F3D12023C6F88830C6F88C30002386F884300320C3E7E9
:20C1C0004FF40063136252E8003F23F4D07342E800310029F7D102F1080353E8003F23F09A
:20C1E000010302F1080040E800310029F3D12023C6F88830C6F88C30C6F89030DBE700BFC8
:20C2000070B50446002682B0C0F89060E5F75EFB23681A68120705460FD41B685B071BD452
:20C22000002320221846C4F8882084F88430C4F88C20E366236702B070BD6FF07E430093DA
:20C24000324603464FF400112046FFF75FFF78B923681B685B07E3D56FF07E4300930022E1
:20C260002B464FF480012046FFF750FF0028D7D0032002B070BD00BF80B3D0F8883010B5D6
:20C28000044633B32268A16A2423C4F88830136823F001031360C1B92046FFF7BFFD01285E
:20C2A00011D023685A6822F490425A609A6822F02A029A601A6842F0010220461A60BDE838
:20C2C0001040FFF79DBF012010BD2046FFF7C8FEE2E780F88430E5F7A7FDD3E701207047A5
:20C2E00030B4846881650023B4F5805FA0F85C20A0F85E2043674FD084BB0369002B0CBF49
:20C30000FF237F2322210024C0F89040C0F88C100168A0F8603001F1080353E8003F43F0DB
:20C32000010301F1080545E80034002CF3D1436E85680469B3F1005F35D0B5F5805F16D027
:20C340002D4B4367BCB151E8003F43F4907341E80032002AF7D1002030BC7047B4F1805F08
:20C36000D0D10369002B0CBF7F233F23CAE7002C38D1224B436751E8003F43F0200341E8C2
:20C380000032002AE7D051E8003F43F0200341E80032002AEFD1DEE70169002940F2FF13DB
:20C3A00018BFFF23AEE7B0F868309342C5D8B5F5805F1AD0124B43673CB151E8003F43F427
:20C3C000807341E80032002AF7D101F1080353E8003F43F0805301F1080040E80032002A22
:20C3E000F3D1B8E7044B4367ADE714B9054B4367EBE7034B4367E0E7A5B8020881B902084A
:20C4000059BA020835BC020838B5D0F88C30202B18D101B10AB9012038BD04680A4B0025EE
:20C420009C42C5660AD063681B0207D554E8003F43F0806344E80035002DF7D1FFF750FF29
:20C44000002038BD022038BD00800040036899689B6830B44FEA537C0A4D0B4C15F80C20AE
:20C46000C1F34261D2006B5C14F80C50615CB2FBF5F2DB0030BCB3FBF1F3A0F86A20A0F800
:20C4800068307047A8D00308A0D00308704700BF704700BF704700BF10B584B004AB03E959
:20C4A000060090F88430012B3BD0044603682422012084F88400C4F888201A6822F00102EC
:20C4C0001A609A6822F440120A439A6071B95A68BDF80C1022F010020A435A605A689DF8F2
:20C4E0000E1022F07F4242EA01625A601A6842F001021A60E5F7EAF96FF07E420346009218
:20C500004FF4800100222046FFF700FE38B92023C4F88830002384F8843004B010BD03203C
:20C52000F8E7022004B010BD90F88430012B0FD00123016880F8843051E8003F43F00203C9
:20C5400041E80032002AF7D180F88420104670470220704790F88430012B19D0036824228A
:20C5600010B5C0F888201A68196821F00101196042F000524FF00051044641661A60FFF792
:20C5800065FF0020202384F88400C4F8883010BD0220704790F88430012B1FD070B52423F7
:20C5A0000568C0F888302E682B6823F001032B60AB6823F060431943436EA96004464BB1AE
:20C5C000FFF744FF00202E60202384F88400C4F8883070BD4FF001138366F3E702207047A1
:20C5E00090F88430012B1FD070B524230568C0F888302E682B6823F001032B60AB6823F0AA
:20C6000060631943436EA96004464BB1FFF71EFF00202E60202384F88400C4F8883070BD56
:20C620004FF001138366F3E70220704708B502F0CFFA012800D108BDBDE8084003F082B8BA
:20C6400008B5EFF3058313B16FF0050008BD02F0BFFA012807D0EFF31083002BF4D1EFF3D4
:20C660001183002BF0D102F0B3FA0128034604D1034A106808B9136008BD4FF0FF3008BD63
:20C6800058460020EFF3058313B16FF00500704710B502F09DFA012809D0EFF3108313B10A
:20C6A0006FF0050010BDEFF31183002BF8D102F08FFA01280CD1084B1A68012A08D1074A34
:20C6C0000024D47702221A6001F0C4FE204610BD4FF0FF3010BD00BF5846002000ED00E0E2
:20C6E00008B5EFF305831BB1BDE8084002F08CB802F06EFA012807D0EFF31083002BF3D166
:20C70000EFF31183002BEFD1BDE8084002F076B84FF47A70704700BFF0B587B000251446AD
:20C720000595EFF3058212B1002007B0F0BD07460E4602F04DFA012809D0EFF3108313B19A
:20C74000059807B0F0BDEFF31183002BF8D1002FF6D014B3A369E3B918236268D207E3D475
:20C76000606938B38208A568D4F800C0E1681DB3A729E5D921690029E2D00028E0D0013BC2
:20C78000CDE90115009361463346384601F086FDCBE75A1E372AE0D9C6E7172380222146F4
:20C7A00005AC009338463346019401F0A7FD0128BAD1C5E78022D6E70029C1D121690029E7
:20C7C000BED192B2013B6446E9E700BF08B5002001F0C6FDFEE700BFEFF3058313B16FF04F
:20C7E0000500704710B5044602F0F2F9012809D0EFF3108313B16FF0050010BDEFF31183AF
:20C80000002BF8D164B1204601F01AFE042804D0204601F0A5FD002010BD6FF0020010BD8C
:20C820006FF0030010BD00BF08B1002902DA6FF00300704750B587B04FF0FF3304460493A5
:20C84000EFF305831BB3002605AB0A46CDE90063314601232046059602F08CFB04ABCDE9E7
:20C860000036324633463146204602F083FB059B13B9049807B050BD4FF0E0234FF0805225
:20C88000C3F8042DBFF34F8FBFF36F8FF1E7039102F09EF90128039907D0EFF31083002B3B
:20C8A000D1D1EFF31183002BCDD100260A46009631460123204602F0C9FA04AB009332461B
:20C8C00033463146204602F0C1FA049807B050BDEFF3058313B16FF00500704700B585B0C2
:20C8E00002F076F901280AD0EFF310831BB16FF0050005B000BDEFF31183002BF7D102F062
:20C9000061F9002303A900911A46194602F09EFA01280CBF03984FF0FF3005B000BD00BFE6
:20C920002DE9F04F85B0EFF305832BB16FF00505284605B0BDE8F08F07468946164602F00D
:20C9400047F9012807D0EFF31083002BEED1EFF31183002BEAD1002F39DB19F0020F0CBFB4
:20C96000B8464FF0000801F049FF09F0010982463446002506EB000B0021009403AB4246E8
:20C98000084602F00DFA012808D0002E14BF6FF001056FF002050028EED1C9E7039B3D40D1
:20C9A0001D4307EA0503B9F1000F0BD09F42BFD09EB101F023FFA0EB0A039E4205D3ABEBD2
:20C9C0000004D9E7002BF3D0B2E70024D4E76FF00305284605B0BDE8F08F6FF00205A7E78B
:20C9E000EFF3058313B16FF00500704710B5044602F0EEF8012809D0EFF3108313B16FF06D
:20CA0000050010BDEFF31183002BF8D10CB9002010BD204601F03CFEF9E700BFEFF305838E
:20CA20000BB10020704710B5044602F0D1F8012805D0EFF3108343B9EFF311832BB944B1DB
:20CA4000D4E9020318B11F2B07D8002010BD002BFBD1BDE8104000F0ABBBBDE8104000F00E
:20CA600097BB00BF58B330B5B1F1807F83B00C4603D36FF0030003B030BD0546EFF3058302
:20CA800003B3002301AA21462846019300F05CFC18B96FF0020003B030BD284600F00CFC29
:20CAA000019B2043002BE6D04FF0E0234FF08052C3F8042DBFF34F8FBFF36F8FDBE76FF0F6
:20CAC0000300704702F084F8012807D0EFF31083002BD6D1EFF31183002BD2D121462846CE
:20CAE00003B0BDE8304000F0F5BB00BF70B518B1B1F1807F0D4603D36FF00306304670BD4C
:20CB00000446EFF30583A3B1204600F0D5FB29460646204600F0C6FBE8B14FF0E0234FF0FB
:20CB20008052C3F8042DBFF34F8FBFF36F8F304670BD02F04DF8012807D0EFF31083002B7D
:20CB4000E2D1EFF31183002BDED129462046BDE8704000F099BB6FF00206304670BD00BF9B
:20CB600000283BD0F0B5B1F1807F85B00C4603D36FF0030005B0F0BD1E46EFF305832BB171
:20CB8000002EF5D16FF0050005B0F0BD0392054602F01EF80128039A07D0EFF31083002BB6
:20CBA000EED1EFF31183002BEAD102F00107C2F340023B46009682F001022846214600F018
:20CBC00005FB04EA000367B19C42D3D0002E14BF6FF001006FF0020005B0F0BD6FF0030045
:20CBE0007047002BF2D0C5E738B5EFF3058313B10025284638BD044601F0EAFF012807D01E
:20CC0000EFF31083002BF3D1EFF31183002BEFD164B3636803F00802DB0712D4002AE7D1C6
:20CC2000D4E9021381B34F2BE2D9012000F0E4FD05460028DCD021680029DAD001F084F8DF
:20CC4000D7E7002AD4D1D4E90213A1B14F2BCFD9042000F0D1FD05460028C9D0216809B1D0
:20CC600001F072F845F00105284638BDBDE83840012000F011BE002BBAD1042000F00CFEEA
:20CC800005460028EAD1B3E7002BB1D1012000F003FE05460028CED1AAE700BFF8B5EFF31C
:20CCA000058313B16FF00500F8BD04460D4620F0010600F0010701F08BFF012807D0EFF306
:20CCC0001083002BEED1EFF31183002BEAD1012C13D92946304657B100F0AEFF01280AD0D5
:20CCE000002D14BF6FF001006FF00200F8BD00F0FDFE0128F4D10020F8BD6FF00300F8BDF9
:20CD0000EFF3058313B16FF00500704770B5044620F0010600F0010501F05AFF012809D002
:20CD2000EFF3108313B16FF0050070BDEFF31183002BF8D1012C12D935B1304600F096FDC8
:20CD4000012809D1002070BD2B462A462946304600F0C6FC0128F5D06FF0020070BD6FF030
:20CD6000030070BD70B582B0EFF305831BB10024204602B070BD04460E46154601F028FF7C
:20CD8000012807D0EFF31083002BF0D1EFF31183002BECD1002CEAD0B442E8D36DB3D5E95F
:20CDA000023293B14F2AE2D9012C3BD020461A46314600F057FC04460028D8D0296800293B
:20CDC000D6D0204600F0C0FFD2E7002ACFD1012C07D02046314600F065FC04460028EDD1B3
:20CDE000C5E703220021012000F010FC04460028BDD066B9002DE1D1BAE7012CF1D0204632
:20CE0000314600F04FFC04460028B1D1AFE700231A46194600F064FC0128EBD0204600F06A
:20CE200075FFA4E70322009200222046114600F0A7FB044600289AD0002EBFD000231A46AF
:20CE4000194600F04DFC0128B8D0E7E700283DD030B50C4683B00546EFF305836BB194BBFC
:20CE600001AA21462846019400F0F8FE012826D1019BCBB9002003B030BD01F0A9FE0128F6
:20CE800007D0EFF31083002BE9D1EFF31183002BE5D12146284600F029FE0128EAD074B116
:20CEA0006FF0010003B030BD4FF0E0234FF08052C3F8042DBFF34F8FBFF36F8FDAE76FF0D3
:20CEC000020003B030BD6FF00300D4E76FF00300704700BFA0B310B5044682B0EFF30583BD
:20CEE000BBB1002301A92046019300F037FD012823D1019B13B9002002B010BD4FF0E02375
:20CF00004FF08052C3F8042DBFF34F8FBFF36F8FF1E701F05DFE012807D0EFF31083002B10
:20CF2000DFD1EFF31183002BDBD100231A461946204600F0D5FB0128DDD06FF00200DBE7F3
:20CF40006FF00300704700BFEFF305830BB10020704770B584B006460D46144601F038FE83
:20CF6000012809D0EFF3108313B1002004B070BDEFF31183002BF8D1002EF6D0002DF4D026
:20CF800054B3D4E902328BB14F2AEED92269002AEBD0606905FB06F18842E6D329460025D6
:20CFA0003046009500F0ECFA70B9DEE7002ADCD12369002BD9D16269002AD6D129463046E9
:20CFC00000F024FB0028D0D021680029CED0039000F0BAFE0398C9E722462946304604B0A3
:20CFE000BDE8704000F012BB70B5044682B00E461D46EFF30583EBB1002C3AD0002E38D055
:20D00000002D36D12B4601AA31462046019500F061FC012829D1019B4BB14FF0E0234FF0C4
:20D020008052C3F8042DBFF34F8FBFF36F8F002002B070BD01F0CCFD012807D0EFF31083C4
:20D04000002BD9D1EFF31183002BD5D18CB186B100232A463146204600F042FB0128E6D0C4
:20D060001DB16FF0010002B070BD6FF0020002B070BD6FF00300DBE770B5044682B00D464B
:20D080001E46EFF30583D3B1002C36D0ADB3A6BB01AA29462046019600F0E0FD012828D145
:20D0A000019B4BB14FF0E0234FF08052C3F8042DBFF34F8FBFF36F8F002002B070BD01F069
:20D0C00087FD012807D0EFF31083002BDCD1EFF31183002BD8D184B17DB132462946204685
:20D0E00000F076FC0128E7D01EB16FF0010002B070BD6FF0020002B070BD6FF00300DCE77B
:20D1000048B110B50446EFF305832BB12046BDE8104000F0F9BD704701F05AFD012807D0C1
:20D12000EFF31083002BF1D1EFF31183002BEDD12046BDE8104000F0DDBD00BF044B10B477
:20D140000360044C0C60802310BC1360704700BFB0450020B0430020044B10B40360044C6A
:20D160000C60402310BC1360704700BF084300200842002038B504460D4602F0A3FA2368B2
:20D1800023EA05032360BDE8384002F0ABBA00BF10B582B020230193044630B1002340F870
:20D1A000043B00F0DBF801232377204602B010BD38B5202002F08EF9044628B1002540F8A4
:20D1C000045B00F0CBF82577204638BD2DE9F04180460D461E46174601F086F9D8F80040A5
:20D1E00004EA050356B983B38FB324EA0505C8F8005001F081F92046BDE8F0819D42F3D001
:20D20000069B23B3391E18BF0121090641F08061069A294308F1040001F06CFB01F06CF96F
:20D2200048B94FF0E0234FF08052C3F8042DBFF34F8FBFF36F8F01F09BFD8301044610D532
:20D2400024F07F442046BDE8F081069B23B901F053F92046BDE8F081391E18BF01210906E6
:20D26000D6E702F02FFAD8F8004005EA040346B923B11FB124EA0505C8F8005002F032FAE7
:20D28000DEE7AB42FAD1F4E770B505460C4602F019FA2E6826EA04042C6002F023FA3046B0
:20D2A00070BD00BF84460A4602480023614602F0CFB800BF75D10208EFF311834FF05002C5
:20D2C00082F31188BFF36F8FBFF34F8F006883F3118870472DE9F04106460C4600F10C08E8
:20D2E00001F002F9D6F800C0356944EA0C03A845336020D09C4600270AE033B1D30148BFB7
:20D30000274301F0B9FBD6F800C0A845634610D028466D68026822F07F4412F0806F43F054
:20D32000007103EA0403E8D09C42E7D0A8456346EED12CEA0703336001F0DEF83068BDE82F
:20D34000F08100BFFFF7C6BF8446134602480A46614602F07DB800BF45D3020800F10803BA
:20D360004FF0FF31002243608160C36003610260704700BF00230361704700BF43684B60E6
:20D380009A688A609A68516099600861036801330360704710B40C68631C16D0C268126892
:20D3A000944200F1080304D35B685A681268A242FAD95A684A604A6810BC91608B6059608F
:20D3C000086103680133036070470369F1E700BF03694268816891608268416851605A6832
:20D3E000824204BF82685A60002202611A68013A1A601868704700BF036C70B5856B044682
:20D400002BB90668013546B31846A56370BD164682B91A46406803F025FA6368216CA268E5
:20D420000B449342636024BF2368636001350020A56370BD1A46C06803F014FA226CE368E7
:20D4400051429B1A2268E360934202D2A3680B44E360022E06D00135E9E7806801F012FC7E
:20D46000A660D2E7012D38BF01250020CDE700BF70B5054602F026F995F845305CB2002C52
:20D4800014DD05F1240603E0631EDAB25CB26AB16B6A304653B101F071FA0028F4D001F0DA
:20D4A0008BFB631EDAB25CB2002AF1D1FF2385F8453002F017F902F005F995F844305CB2CA
:20D4C000002C14DD05F1100603E0631EDAB25CB26AB12B69304653B101F050FA0028F4D0D5
:20D4E00001F06AFB631EDAB25CB2002AF1D1FF2385F84430BDE8704002F0F4B870B504465A
:20D5000000B3C06BF0B1236CA3FB00350022A5BB0E4602F0D7F8D4E90F232168A56303FB15
:20D5200002F2D31A0A44A2600B44FF2284F844206160E36084F84520B6B923691BB902F0C4
:20D54000D1F8012070BD04F1100001F017FA0028F5D04FF0E0234FF08052C3F8042DBFF3CF
:20D560004F8FBFF36F8FEAE704F11000FFF7F6FE04F12400FFF7F2FEE1E7104670BD00BF54
:20D5800070B582B09DF8185080B31C46002B38D072B399B350230193019B2260A1FB003607
:20D5A0000123C4E90F0184F84630E6B902F08AF8D4E90F232168A66303FB02F2D31A0A44D7
:20D5C0000B44A260FF2284F844206160E36084F8452004F11000FFF7C1FE04F12400FFF74B
:20D5E000BDFE02F07FF884F84C50204602B070BD51B950230193019B2246CEE7084602B0E0
:20D6000070BD184602B070BD1046EFE72DE9F04110B3A1FB00380D460446B8F1000F1BD155
:20D6200001FB00F010F1510F16D85030174601F051FF064680B180F846808DB100F1500354
:20D64000C6E90F45336001213046FFF757FF86F84C703046BDE8F08100263046BDE8F081D8
:20D660000346EDE7E8B130B5884283B00D4615D3144682B15023019301210023C2E90F0341
:20D6800082F8461012601046019BFFF737FF022384F84C30A563204603B030BD002003B02C
:20D6A00030BD704770B50446B0B188420E4613D3502001F00FFF054678B10023C0E90F43F1
:20D6C00080F8463001210060FFF718FF022385F84C30AE63284670BD0025284670BD00BF84
:20D6E000F0B5044685B01E4601920F4601F0EAFFA26BE36B9A4255D3022E53D000200546C3
:20D700000EE001F0EFFF2046FFF7B2FE00F0F4FE01F0D8FFA26BE36B9A424FF0010041D3FB
:20D72000019B002B5CD0002838D001F0DBFF00F0DBFE01F0C7FF94F84430FF2B08BF84F80E
:20D74000445094F84500FF2808BF84F8455001F0C9FF01A902A801F003FA002845D101F03B
:20D76000B1FFA26BE36B9A42CBD101F0BBFF019904F1100001F0AEF82046FFF779FE00F082
:20D78000BBFE0028C4D14FF0E0234FF08052C3F8042DBFF34F8FBFF36F8FB9E702A801F059
:20D7A000D3F9C2E7324639462046FFF725FE636A2BB950B901F096FF012005B0F0BD04F1C6
:20D7C000240001F0DBF80028F4D04FF0E0234FF08052C3F8042DBFF34F8FBFF36F8FE9E726
:20D7E00001F080FF002005B0F0BD2046FFF740FE00F082FEF6E700BF70B50C4682B091B3A4
:20D8000000250123502281F8463001922160C1E90F350646019B01F055FFD4E90F232168B7
:20D82000616003FB02F2D31A0B440A44E360FF23A260A56304F1100084F8443084F8453056
:20D84000FFF78CFD04F12400FFF788FD01F04AFF84F84C60A5602560E5602B462A46294634
:20D860002046FFF73DFF204602B070BD38B58568044601F0A7F9854201D0002038BDE3681E
:20D88000013BE3600BB1012038BD1A4619462046FFF726FFF7E700BF70B50646502001F088
:20D8A00019FE044698B10025012180F846502060C0E90F15FFF722FE84F84C60A560256054
:20D8C000E5602B462A4629462046FFF709FF204670BD00BF2DE9F04104460E4617461D4658
:20D8E00001F0BAFFEFF311884FF0500383F31188BFF36F8FBFF34F8FA26BE36B9A4206D312
:20D90000022D04D0002088F31188BDE8F0812A4694F84550A36B31466DB22046FFF76CFDC0
:20D920006B1C06D1636A73B9012088F31188BDE8F08100F071FF8542F6D201356DB284F885
:20D9400045500120F1E704F1240001F017F80028EAD0002FE8D001233B60E5E7F8B50446D5
:20D960000E4601F079FFEFF311854FF0500383F31188BFF36F8FBFF34F8FA36BE26B9A425A
:20D980000CD994F845200133FF2AA36357B209D1636A8BB9012085F31188F8BD002085F3DB
:20D9A0001188F8BD00F038FF8742F3D201377FB284F845700120EEE704F1240000F0DEFFEE
:20D9C0000028E7D0002EE5D001233360E2E700BFF0B5044685B00F46019201F073FEA56BC8
:20D9E000002D5BD1019BA3B302A801F0ADF82E4601F078FE00F078FD01F064FE94F8443009
:20DA0000FF2B08BF84F8446094F84530FF2B08BF84F8456001F066FE01A902A801F0A0F8B0
:20DA2000E0B901F04FFEA36B2BBB01F05BFE019904F1240000F04EFF2046FFF719FD00F07F
:20DA40005BFD00B301F03EFEA56B3DBB019B002BCED101F047FE002005B0F0BD2046FFF70C
:20DA600007FD00F049FD01F02DFEA36B002BF0D001F038FEE6E701F035FE2046FFF7F8FCEF
:20DA800000F03AFDDEE74FF0E0234FF08052C3F8042DBFF34F8FBFF36F8FD3E7226C52B1D0
:20DAA000E168A36811449942E16024BF2168E160384602F0D7FE013DA563236923B901F010
:20DAC00011FE012005B0F0BD04F1100000F056FF0028F4D04FF0E0234FF08052C3F8042D3F
:20DAE000BFF34F8FBFF36F8FE9E700BFF0B5044685B0019101F0E6FDA56B002D7BD1019BA8
:20DB0000002B39D002A801F01FF82E462F4601F0E9FD00F0E9FC01F0D5FD94F84430FF2B9D
:20DB200008BF84F8447094F84530FF2B08BF84F8457001F0D7FD01A902A801F011F8F0B90F
:20DB400001F0C0FDA36B4BBB01F0CCFD2368002B48D0019904F1240000F0BCFE2046FFF7C2
:20DB600087FC00F0C9FC20B301F0ACFDA56B002D41D1019B002BCAD101F0B4FD0BE020465C
:20DB8000FFF776FC00F0B8FC01F09CFDA36B6BB901F0A8FDC6B9002005B0F0BD01F0A2FD96
:20DBA0002046FFF765FC00F0A7FCDDE701F09AFDDAE74FF0E0234FF08052C3F8042DBFF317
:20DBC0004F8FBFF36F8FCFE701F07CFD616A19B1236B1968C1F13801A06801F08BF801F09B
:20DBE00081FDD8E701F06EFDA06801F001F8064601F078FDADE72368013DA563BBB123698B
:20DC000023B901F06FFD012005B0F0BD04F1100000F0B4FE0028F4D04FF0E0234FF0805262
:20DC2000C3F8042DBFF34F8FBFF36F8FE9E701F0ABF8A060E3E700BF70B5866804460D461B
:20DC400000F0C0FF864204D029462046FFF74EFF18B1E3680133E360012070BD2DE9F84337
:20DC600004460F46164601F0F7FDEFF311884FF0500383F31188BFF36F8FBFF34F8FA56B58
:20DC800025B9284688F31188BDE8F88394F84490226C4FFA89F952B1E168A36811449942C4
:20DCA000E16024BF2168E160384602F0DBFD013DB9F1FF3FA56306D123697BB9012088F3CD
:20DCC0001188BDE8F88300F0A7FD8145F6D209F101094FFA89F984F84490EFE704F110006F
:20DCE00000F04CFE0028E9D0002EE7D001233360E4E700BF10B5044601F0E4FCA46B01F003
:20DD0000F1FC204610BD00BF806B70470C49002351F8332090424FEAC30C03F1010307D0C5
:20DD2000082BF5D190F8463003B1704701F058BC0449002200238C44CCE90023F2E700BFAA
:20DD40006446002060460020F9B130B4104C6268824223461AD0A44600221D680132083369
:20DD600085B1082A9C4606D05D68A842F5D104EBC20CCCE9001030BC70475D68A842F6D074
:20DD800001320833082AF8D1F3E770470022EEE76046002070B504460E46154601F092FC2F
:20DDA00094F84430FF2B04BF002384F8443094F84530FF2B04BF002384F8453001F092FCE2
:20DDC000A36B23B12046BDE87040FFF751BB04F124002A46314600F0ADFD2046BDE870404F
:20DDE000FFF746BB2DE9F041054601F06BFC394A394F1368013313603B68002B3ED0374CB6
:20DE0000EB6A2268002A32D0354E364936480A6801326A640A6002689A4238BF036003EB0C
:20DE2000830306EB83019B004A68AA609068E860D2F808C0281DCCF8040090606961F258AD
:20DE40000132F25001F04EFC236873B13A68EB6AD26A9A4209D24FF0E0234FF08052C3F86B
:20DE6000042DBFF34F8FBFF36F8FBDE8F0813A681B4ED26A9A4298BF3D60C6E73D6013683F
:20DE8000012B03D0EB6A164E144CBEE7144E344606F58C6820461434FFF760FAA045F9D14D
:20DEA000DFF84880124C4046FFF758FA2046FFF755FA1048FFF752FA0F48FFF74FFA0F4865
:20DEC000FFF74CFA0E4BC3F800800E4B1C60EB6A024C9AE7C4460020984B0020B84600202E
:20DEE00038470020A8460020BC4600202447002010470020F4460020E0460020C846002083
:20DF00000C47002008470020F8B5234B234E1D6833680446181D0F46FFF75AFA631C17D0EF
:20DF200033682D195D600BD21D4B186831680431FFF730FA1B4B1A68AA4200D91D60F8BDB1
:20DF4000194B18683168BDE8F8400431FFF722BA6FB933686A1E5A60002DF1D1104B186891
:20DF600031680431FFF716FA0E4B1B68F8BD0F4B5A6831688A6031689068C8603168906853
:20DF800004314160316804319160326853611A6801321A60F8BD00BFC0460020984B0020D2
:20DFA0000C470020A446002008470020C84600202DE9F041044601F085FB174B174A6569B4
:20DFC000A66A1768D3F8008001F08CFB144B9E4212D0BD420DD045450BD0124B9D420ED073
:20DFE000114B9D4215D0002D0CBF04200120BDE8F0810220BDE8F0810120BDE8F081A36A32
:20E00000002BF6D194F8A430012B0CBF02200320EDE70420EBE700BF084700200C47002007
:20E02000F4460020C8460020E04600202DE9F8430A9CDDF8248095002A4606468946206BF7
:20E04000A5211F4602F06CFB236B043D1D4425F00705B9F1000F0FD009F1FF3C09F10F0114
:20E0600004F133031CF8012F03F8012F0AB18C45F8D1002384F84330DDF82090B9F1370F2A
:20E0800028BF4FF03709201DC4F82C90C4F84C90FFF770F904F11800FFF76CF9C9F1380311
:20E0A000A3614C2200212461646204F1540002F037FB0A4BA365284603F16805D0333A4666
:20E0C0003146E565236601F0D5FA2060B8F1000F01D0C8F80040BDE8F88300BF18A900206D
:20E0E000654B186801302DE9F04F1860002800F09E80DFF88891D9F8003098427FD3604DF2
:20E100002B681B68002B00F0A6804FF0000E5D4CDFF874815D4F764664E05A69D3F808C0E4
:20E12000D3F80CB0CCF808B0D3F80CC0D3F808B0CCF804B0D2F804C08C4504BFD3F80CC091
:20E14000C2F804C05E61D2F800C00CF1FF3CC2F800C09A6ADAB19A6AD3F81CC0D3F820B071
:20E16000CCF808B0D3F820C0D3F81CB0CCF804B0D2F804C0D44504BFD3F820C0C2F804C0D6
:20E180009E62D2F800C00CF1FF3CC2F800C0DA6AD7F800A002EB820C524504EB8C0A88BFB2
:20E1A0003A60DAF804209A60D2F808B0C3F80CB0D2F808B0CBF804109160C3F814A054F8D7
:20E1C0002C20013244F82C20D8F80020D5F800C0D96AD26ADCF80030914288BF4EF0010ED1
:20E1E000002B3CD02B68DB68DB685A68904203F1040103F1180A90D2C9F8002004E0214C98
:20E20000DFF884804FF0000ED8F80030204ADB6A03EB83039B00E0581368012898BF002BBA
:20E2200014BF0120002040EA0E00BDE8F08F144B184A1C6811681960174914600A680132BE
:20E240000A601A6812687AB9DFF830904FF0FF33C9F800304FE70B4CDFF82C809E464FF0F9
:20E26000FF33C9F80030CFE71B68DFF81090DB681B68C9F800303EE7C0460020A4460020BF
:20E280000C47002038470020984B0020BC460020B046002008470020AC4600202DE9F04367
:20E2A00087B09146109D0F9CA82204929846049B05B3DCB106460F462846002102F030FA8A
:20E2C0002C630E9B00930224029585F8A54005AC43464A46394630460194FFF7A7FE2846F7
:20E2E000FFF780FD059807B0BDE8F083204607B0BDE8F083284607B0BDE8F0832DE9F04384
:20E30000064685B0900015460F46984601F0E2F808B30446A82001F0DDF88146C0B1A822FE
:20E32000002102F0FDF90D9AC9F8304001920C9A009243462A4639463046CDF80890FFF7F0
:20E3400075FE4846FFF74EFD012005B0BDE8F083204601F045F94FF0FF3005B0BDE8F083BD
:20E3600070B504462E4D01F0ADF9002C40D0261D3046FFF72DF8A36A1BB104F11800FFF730
:20E3800027F8284A1368013313602B68A34226D0254A26491368013B13600B681B68CBB1E2
:20E3A0000A68234BD26812681A6001F09BF92B68A34208D02868543002F0BAF994F8A53060
:20E3C0001BB3012B28D01B4B1B6813B12B68A34210D070BD164B4FF0FF321A60E5E71648A4
:20E3E0003146FEF7CBFF154A136801331360DCE72C68BCE74FF0E0234FF08052C3F8042D2D
:20E40000BFF34F8FBFF36F8F70BD206B01F0E8F8204601F0E5F8D6E7204601F0E1F8D2E759
:20E42000984B0020A8460020C44600200C470020A4460020B8460020E0460020DC4600207E
:20E44000034B1B68834201D0FFF7B2BD00207047984B002030B589B0002407AA06A905A8C7
:20E46000CDE90544FEF76AFEDDE90523164917480094CDE90132079A2346FFF70FFF18B140
:20E4800000F0BCFF012803D0114B1B6809B030BD4FF0500383F31188BFF36F8FBFF34F8F6F
:20E4A0000C4B0D4A1B680D49543313600C4A0D4B4FF0FF350D6010601C6001F06DF9044BBB
:20E4C0001B6809B030BD00BFA4BE0308C9E60208B0D00308984B0020E4090020A446002089
:20E4E000B8460020C0460020024A136801331360704700BFA04600202DE9F84F5A4D01F0F9
:20E50000E1F82B68013B2B602C68002C40F09E80564B1B68002B00F09980554E3368002BF9
:20E5200000F09F80DFF84CC15348DFF850E1544F4FF00108F368DB689A6AD969D3F82090FB
:20E54000C1F80890196AD3F81C90C1F80490D2F8049003F11801894504BF196A51609C62F5
:20E560001168013911605A699968D3F80C90C1F80890D968D3F80890C1F80490516803F15D
:20E580000409494504BFD96851605C61116801391160DA6ADCF800A002EB8201524500EBA0
:20E5A000810A88BFCCF80020DAF804209A60D2F808B0C3F80CB0D2F808B0CBF80490C2F829
:20E5C0000890C3F814A050F82120013240F82120DEF80010DA6ACB6A9A4288BFC7F800803E
:20E5E0003368002BA6D1274B1A681268002A33D01A68254BD26812681A60244E34689CB1C8
:20E600004FF0010806E0FFF76BFD08B1C7F80080013C08D02B68002BF5D03368013C03F112
:20E6200001033360F6D134603B687BB14FF0E0234FF08052C3F8042DBFF34F8FBFF36F8F9A
:20E64000012401F04FF82046BDE8F88F002401F049F82046BDE8F88F0B4B4FF0FF321A60A3
:20E66000CBE7074FC9E700BFA0460020C4460020F4460020BC46002038470020984B0020D5
:20E68000B04600200C470020A4460020B446002008B550B94FF0E0234FF08052C3F8042DC8
:20E6A000BFF34F8FBFF36F8F08BD064A1368013313600021FFF728FCFFF71EFF0028E9D0B4
:20E6C00008BD00BFA04600202DE9F84F424C434F434D444EDFF81081DFF810914FF0E02BE7
:20E6E000236803B300F0EEFFFB68D3F80CA00AF10400FEF76DFE2B68013B2B602368013BA2
:20E70000236000F0EFFF3068543002F011F89AF8A530002B39D0012BE2D1504600F060FF22
:20E720002368002BDED1D8F80030012B07D94FF08053CBF8043DBFF34F8FBFF36F8FE2F739
:20E7400071F8D9F8003043BB3368DB6A002BC7D1D8F80030012BC3D8254B264A1B6812680A
:20E760009B1A022BBCD9244A136801331360D9F80030CBB13368DB6A0BB9D8F80030002051
:20E78000E1F746FFFFF7B8FEAAE7DAF8300000F027FF504600F024FFA2E73368DB6A002BCA
:20E7A0009ED1D8F800309BE73368DB6A002BE6D1D8F80030012BE2D80D4B0E4A1B68126813
:20E7C000A3EB020A5046E1F723FFBAF1020FD9D95046E1F71FFFD5E7DC460020E0460020D1
:20E7E000C4460020984B002038470020BC460020A4460020C0460020A0460020014B186829
:20E80000704700BFC046002008B501F025F8014B186808BDC0460020014B1868704700BF98
:20E82000C4460020054B1B680BB9FFF759BC044A1368013300201360704700BFA046002000
:20E84000B44600201D4B1B681BB11D4B01221A6070471B4A1B4930B41B4C1360236803EB2B
:20E860008302920098008A583AB9013B03EB8302980051F82220002AF7D0C21801EB820CFD
:20E880006246DCF804506D68CCF80450DCF8045008329542184404BFDCF80C20CCF804207B
:20E8A00001EB8001094A48680949C068106023601368543330BC0B60704700BFA0460020A6
:20E8C000B046002038470020BC460020984B0020E409002010B5064B1B680C4603F1180159
:20E8E000FEF758FD20460121BDE81040FFF70CBB984B002030B40E4C256841F00041A9614A
:20E90000416803462068C161256810468A682A6222688D6818326A60226818328A6022681F
:20E9200093621A6801210A4430BC1A60FFF7ECBA984B002070B4104C4568002A034608BF84
:20E94000084611462268D5612268AE6816622268AE6802F118027260226802F11802AA601A
:20E96000226893621A6802F1010270BC18BF4FF0FF301A60FFF7C8BA984B0020C368DB68CC
:20E980009A6AD969186A70B48860196AD86948605168314C03F11800814204BF196A51603B
:20E9A000002199621168013911602268002A34D15A699968D8688860D968986848605168D0
:20E9C0002648274D1C1DA14204BFD9685160002159611168013911600168DA6A8A4288BFC5
:20E9E0000260204802EB82024FEA820C00EB8202516899608E68DE608E6874608C605A614F
:20EA000050F80C20013240F80C202A681268EAB9154A4FF0FF3111600BE0144A5168D961C1
:20EA20008C681C628C68606088609A621168013111600F49DA6A0B68DB6A9A4286BF0D4BE3
:20EA40000120002070BC88BF186070472968064AC96809681160ECE7A0460020BC460020E4
:20EA60000C47002038470020A4460020F4460020984B0020B046002041F0004170B4016010
:20EA8000026941688468C3688C60816844684C605168814204BF8168516000210161116849
:20EAA00023480139116002681268002A3AD1214A4FF0FF3111605A699968D8688860D968AF
:20EAC0009868486051681C481C4D1C1DA14204BFD9685160002159611168013911600168CF
:20EAE000DA6A8A4288BF0260154802EB82024FEA820C00EB8202516899608E68DE608E687D
:20EB000074608C605A6150F80C20013240F80C202968DA6ACB6A9A4202D90A4B01221A60BC
:20EB200070BC70470168034AC96809681160C2E70C470020A4460020BC460020984B0020DE
:20EB400038470020B0460020034A044B12681B68C0E90023704700BFAC460020C0460020ED
:20EB6000F8B50D46044600F0ADFD2B68104A581C116818D00F4ED4E900C03768BC4508D09D
:20EB8000884206D800232B60012400F0ABFD2046F8BD0F1ABB42F5D95B1A31681268034484
:20EBA0002B60C4E90012002400F09CFD2046F8BDC0460020AC460020014B01221A6070476B
:20EBC000B0460020014B1868704700BF984B0020054B1B6833B1054B1868B0FA80F04009F0
:20EBE0004000704701207047B8460020A0460020F8B50446C8B1204DC36A2A68D26A934275
:20EC000014D28269002A04DB2A68D26AC2F1380282611A4E626903EB830306EB83039A4282
:20EC20000CD02B68DB6AE3620120F8BD2B68C06CDB6A98422CBF00200120F8BD271D384684
:20EC4000FEF7C6FB2B680E4ADB6A1168E3628B4288BF136003EB8303990006EB83035A6843
:20EC6000A2609068E0609068476097606361735801337350D8E700BF984B0020384700201E
:20EC8000BC46002058B1036DC16AC26C013B914270B50446036500D01BB1002070BD002091
:20ECA0007047051D2846FEF793FBE36C0F4AE362C3F13801A16111688B420D4988BF136058
:20ECC00003EB83034FEA830C01EB830301205A68A2609668E660966875609560636151F888
:20ECE0000C30034441F80C3070BD00BFBC4600203847002060B1C26CC36A914238BF1146E2
:20ED00008B4270B5044602D0026D012A01D070BD70478269C162002AA4BFC1F1380181612E
:20ED2000114D426903EB830305EB83039A42EED1061D3046FEF74CFB0C4AE36A11688B4287
:20ED400088BF136003EB8303990005EB83035A68A2609068E06090684660966063616B585F
:20ED600001336B5070BD00BF38470020BC460020044B1A68906919681A68CB6AC3F1380306
:20ED800093617047984B0020044B1A681AB119680A6D01320A651868704700BF984B002096
:20EDA0002DE9F041284D04461E468846174600F089FC2B68234493F8A430022B0FD02B6851
:20EDC00003EB84030121D3F8A02022EA0802C3F8A0202B68234483F8A410069BDBB900F032
:20EDE00081FC00F06FFC2EB12B6804F1280253F8223033602B68234493F8A430022B18D00C
:20EE000000262B682344002283F8A42000F06AFC3046BDE8F0811846FFF776F84FF0E0238B
:20EE20004FF08052C3F8042DBFF34F8FBFF36F8FD5E72B6803EB84030126D3F8A02022EA13
:20EE40000702C3F8A020DCE7984B00202DE9F041DDF8188004460D4617461E4600F032FC38
:20EE6000B8F1000F05D005F1280354F82330C8F800306119022091F8A42081F8A400731EBE
:20EE8000D2B2032B08D8DFE803F05C0F0402022A64D0283544F82570012A0FD0012400F008
:20EEA00021FC2046BDE8F08104EB8505012AD5F8A03003F10103C5F8A030EFD16369A2685D
:20EEC000E1689160E268A16851605A682449254E201D824204BFE2685A60002262611A6823
:20EEE000013A1A600A68E36A934288BF0B601E4903EB83039D0001EB83035A68A26097686A
:20EF0000E76097687860906063614B5901334B5133681B68EBB13268144BD26812681A60CA
:20EF2000134BE26A1B68DB6A9A42B7D94FF0E0234FF08052C3F8042DBFF34F8FBFF36F8F74
:20EF4000ACE704EB8505D5F8A0303B43C5F8A030A2E7064B4FF0FF321A60E1E700249EE7C8
:20EF6000BC4600200C47002038470020A4460020984B00202DE9F041DDF8188004460D46FF
:20EF800017461E4600F068FCEFF3118C4FF0500383F31188BFF36F8FBFF34F8FB8F1000F44
:20EFA00005D005F1280354F82330C8F800306119022091F8A42081F8A400731ED2B2032B83
:20EFC00008D8DFE803F0380E0402022A65D0283544F82570012A0ED001208CF31188BDE8D5
:20EFE000F08104EB8505012AD5F8A03003F10103C5F8A030F0D12A4B1B6823B3294B5A6815
:20F00000E26191682162906804F1180141609160A3621A6801321A60234BE26A1B68DB6AE3
:20F020009A42D9D9079B13B1079A012313601F4B01221A60D0E704EB8505D5F8A0303B4352
:20F04000C5F8A030C6E76369A268E1689160E268A16851605A68201D824204BFE2685A60D8
:20F06000002262611A68013A1A60114AE36A11688B42104988BF136003EB830301EB83058B
:20F080009B006A68A2609668E6609668706090606561CA580132CA50BEE700209DE700BFC2
:20F0A000A0460020F4460020984B0020B0460020BC46002038470020F0B5124C83B000F0F0
:20F0C00001FB256825B103B0BDE8F04000F00ABB0D4F0E4E3846FEF741F93046FEF73EF98D
:20F0E0000B4A009517600B4A0B4B166010210B4A0A20FEF745FA20600028E4D00849FEF708
:20F1000023FEE0E7944C0020B44C0020A04C00209C4C0020984C00209C4B0020EC4B002071
:20F12000ACBE03082DE9F047DFF88480D8F80030DB68DC6804F10409054648460F46FEF786
:20F1400047F994F828305A070DD423F0010384F828302046236ABDE8F047184793421CD867
:20F16000236A98473546A3692461EE182CBF01210021B7422046A7EB05026660EED2AF4274
:20F1800001D20029ECD0D8F800004946FEF702F9236A2046BDE8F0471847064B49461868DA
:20F1A000FEF7F8F8236A2046BDE8F047184700BF9C4C0020984C00202DE9F04F8B4D8C4E6A
:20F1C0008C4F8D4C85B04FF0E0292B68D3F800B0BBF1000F40F0DE80FFF786F9FFF70EFB33
:20F1E00033689842824643D33B6830601A68B2FA82F252092068ABEB0A01FEF7CBFDFFF7B0
:20F200007BF938B94FF08053C9F8043DBFF34F8FBFF36F8F206800226946FEF7D9FB0028EB
:20F22000D3D0009B0298002BC0F2AC80DDF808A0DAF814301BB10AF10400FEF7C9F8FFF7E3
:20F24000DDFA33689842834624D3009BC6F800B0013B082BDED8DFE803F02525856B8C25CF
:20F2600025856B00DB684FF0FF311868FFF75AFF2B681A68002AF5D13A682A603B60C6F86E
:20F2800000A0FFF739F9C5E7DB684FF0FF311868FFF748FF2B681A68002AF5D13A682A605A
:20F2A0003B60D2E79AF82810019ADAF818C0CAF810A041F001038AF8283012EB0C032CBF73
:20F2C000012000205B45CAF8043074D8ABEB0202944541D8480710D421F001018AF828107F
:20F2E000DAF820305046984794E7614578D3DAF820309847DAF818C0434613EB0C082CBFDA
:20F300004FF0010E4FF0000EC3455046ABEB0301CAF80480CAF810A0E7D29B4502D2BEF146
:20F32000000FE4D028680AF10401FEF733F8D7E7019A9AF82830CAF8182002EB0B0143F0F1
:20F34000010359458AF82830CAF80410CAF810A035D8002A3FF45EAF38680AF10401FEF7DD
:20F3600019F857E79AF8283023F001038AF8283050E79AF828309A072ED523F001038AF805
:20F38000283047E7019B03999847009B002BFFF641AF4BE7DB68D3F800B0FFF7A5F8FFF7AC
:20F3A0002DFA3368834282463FF662AF834530600BD900221EE75A4501D900288AD02868CA
:20F3C0000AF10401FDF7E6FF24E7FFF795F851465846FFF7A7FE1DE7504600F001F919E772
:20F3E00038680AF10401FDF7D5FF79E79C4C00208C4C0020984C0020944C002010B588B044
:20F40000FFF75AFE0E4B1868C0B1002407AA06A905A8CDE90544FDF79FFEDDE905020223A1
:20F42000CDE9012000930749079A07482346FEF735FF064B1860001B18BF012008B010BD2F
:20F44000944C0020B4BE0308B9F10208904C002030B5144685B01A46064B019002911868B6
:20F4600003946FF00105002369460095FEF732FA05B030BD944C002010B4144B1A461B6860
:20F480008342FBD35468416802EB040C604512D04418A34205D00360824218BF106010BCA0
:20F4A00070470B4C2468A342F5D0D3E90034214403604160F0E72144501883425160EED1D6
:20F4C000034800688342EAD01046EEE7DC4C0020D84C00202DE9F0410446FFF705F83A483D
:20F4E0000368002B48D0631E0A333FD814F0070704F1080532D1002D39DBDFF8D080D8F83A
:20F500000060AE4232D332490C6803E0236823B121461C466268AA42F8D30368A34225D0D6
:20F5200023680F680B60531B102B07F1080740D8284B1968B61A8E42274938BF1E600B68AA
:20F54000C8F8006042F0004200200133206062600B60FEF7D1FF3846BDE8F081A7F1090319
:20F56000AB4203D31034E51B002DC6DC0027FEF7C3FF3846BDE8F081184A530720D0D11DA9
:20F5800021F0070102F5A842531A0A460B44083B23F007030F4D0E4E03609A1A2A600B4D54
:20F5A00031602A6000257560C3E90055C1E9003299E7601943606560FFF75EFF6268B7E73D
:20F5C00011464FF4A843E1E7D84C0020D44C0020DC4C0020D04C0020CC4C0020E44C00204E
:20F5E00018B150F8043C002B00DB704750F8082C002AFAD100B523F0004383B040F8043CD6
:20F600000190FEF771FF094A0198116850F8043C08380B441360FFF72FFF054A13680133E3
:20F62000136003B05DF804EBFEF766BFD44C0020C84C002082B0002301934FF0500383F3E1
:20F640001188BFF36F8FBFF34F8F019B002BFCD002B0704706480068006880F3088862B69C
:20F6600061B6BFF34F8FBFF36F8F00DF00BF000008ED00E010B4074B40F80C3C4FF08074F7
:20F6800021F0010140E9021440F8202C10BC4038704700BF35F602080000000000000000A5
:20F6A000074B19680868B0E8F00F80F30988BFF36F8F4FF0000080F311884EF00D0E704761
:20F6C000984B00204FF0500383F31188BFF36F8FBFF34F8F024A136801331360704700BF62
:20F6E000E0090020034A1368013B13600BB983F311887047E00900200000000000000000F7
:20F70000EFF30980BFF36F8F0D4B1A6820E9F00F106008B54FF0500080F31188FFF792F8A4
:20F720004FF0000080F31188BDE8084019680868B0E8F00F80F30988BFF36F8F704700BFDF
:20F74000984B002008B54FF0500383F31188BFF36F8FBFF34F8FFFF765F828B14FF0E0239A
:20F760004FF08052C3F8042D002383F3118808BD4FF0E02200230649136193610B680549B9
:20F78000A1FB03139B090720013B536110617047D4090020D34D621010B584B02B4B0022B4
:20F7A00002921A78FF21D2B28DF8062019701B78DBB28DF807309DF807309DF807301A06B7
:20F7C0000CD5029B013302939DF807305B00DBB28DF807309DF807301B06F2D4029B082BEF
:20F7E00032D0029BC3F107031B0203F4E0639DF806101648164C4FF0E022C9B2236001703A
:20F80000D2F8203D43F47F03C2F8203DD2F8203D43F07F43C2F8203DFFF7AAFF0D4B0024A3
:20F820001C60FFF717FFFFF70DF803944FF0500383F31188BFF36F8FBFF34F8F039B002B04
:20F84000FCD0002004B010BD0023D0E700E400E0E4A00020E0090020EFF305830F2B84BF09
:20F86000014A9B5C704700BFF0E300E038B50D460446E0F7F5FF174A538A118A8B421DD035
:20F880000ED8C91A89B2A14212D91C44A4B22B80C4F30A0400255482E0F7FCFF284638BD40
:20F8A000C3F5006C1FFA8CFCA445EED8A1420CD84FF0FF35E0F7EEFF284638BDC3F500615A
:20F8C00089B28C42E1D3A342F2D91380012393700023DCE7E8A8002010B5094818220021FA
:20F8E000E9F77CFF07484FF400620021E9F776FFE0F7A2FF044B05481B68BDE81040184758
:20F90000E8A80020E8A0002098BF030869FA0208034B588A1B8AC01AB0FA80F040097047F7
:20F92000E8A80020014B5860704700BFE8A80020014B1872704700BFE8A8002070B5274C59
:20F9400082B0E0F78DFFE58A35BB0646E0F788FFE38A0133E382E0F79DFF238A628A934222
:20F960001FD0A178012929D01D4D1D4431B99A428BBFD21AC3F50063A282A3823046E0F7E4
:20F9800089FFE1F791FF174BA18ADB680193284602B0BDE870401847E0F77CFF002002B01B
:20F9A00070BDE0F75DFFE38A013BE382E0F772FF3046E0F76FFF002002B070BD2188258089
:20F9C000C91A89B20220A182A07011B1044D1D44D4E7034DA17021820B46C8E7E8A80020D1
:20F9E000E8A0002098BF03080FB430B5C3B046AB4FF4807153F8042B019302A800F076FBA4
:20FA0000174C0546E0F72CFFE38A0133E382E0F741FF0DF10201A8B2FFF728FF013015D08B
:20FA2000BDF802300F48AAB202A91844E9F768FEE0F716FFE38A013BE382E0F72BFFFFF7EE
:20FA40007DFF43B0BDE8304004B07047E0F708FFE38A013BE382E0F71DFF6FF00200F0E7A0
:20FA6000E8A80020E8A0002030B5264C83B0E0F7F7FEA378022B19D0238AA28A1344C3F3C1
:20FA80000A03628A23829A4202D0E18A012910D0E0F700FFE1F70CFFE0F7E2FEE38A013B8C
:20FAA000E38203B0BDE83040E0F7F4BE0023A370E7E7A178012914D0134D1D4431B99A42DE
:20FAC0008BBFD21AC3F50063A282A382E0F7E2FE0E4BA18ADB680193284603B0BDE8304044
:20FAE000184721880225C91A89B2A5700025A182258021B9044DA17021820B46DFE7024D72
:20FB00001D44E3E7E8A80020E8A0002098BF03080249034A00230B601360704704A90020E3
:20FB200000A90020EFF3108372B659B1012902D083F31088704707490A6802430A6083F3AD
:20FB40001088704703490A6822EA00020A6083F31088704704A90020EFF3108372B659B1E7
:20FB6000012902D083F31088704707490A6802430A6083F31088704703490A6822EA0002C2
:20FB80000A6083F31088704700A900201A4A136840F29741C3F30B038B4210B409D01268DC
:20FBA0001649120C0C46C0E90224C0E9003110BC7047116841F20104B4EB114F4FEA11420E
:20FBC00012D041F203018A420D4906D00B4CC0E90031C0E9022410BC70470A4CC0E902246C
:20FBE000C0E9003110BC7047074C0549C0E90224C0E9003110BC7047002004E0C4BE03084A
:20FC0000D4BE0308BCBE0308CCBE030830B5114D85B00023CDE900012A690293ADF80C30D2
:20FC200003A89047BDF80440BDF80C20009B0290A41A181AA3B224B2002C03DA03F57A7332
:20FC400001381CB22B689847AB682046984705B030BD00BF58BF030870B5114E82B0002377
:20FC600032690093ADF80430054601A89047F36800909847736804469847BDF80430009A61
:20FC8000234410441AB2B2F57A7F04DB9BB2A3F57A7301301AB228602846AA8002B070BD90
:20FCA00058BF030830B5094A83B00023044612690093ADF8043001A890470090DDE900018C
:20FCC00084E80300204603B030BD00BF58BF030870B5EFF3108572B6084C236843B9084ED9
:20FCE000084A13603368984728B933699847236801332360002085F3108870BD08A90020F9
:20FD00006CBF03080CA900202DE9F041EFF3108872B630B31E4623B305461746EFF31082B6
:20FD200072B6144B1C6814B920E0646914B1A542FBD1012482F310889CB90F4B00245B6ADC
:20FD40002C6008469847069B2B6101236860EE602C81EF726C612046AB7288F31088BDE86D
:20FD6000F081012088F31088BDE8F08182F31088E3E700BF0CA900206CBF03082DE9F047DA
:20FD8000EFF3108572B678B10446EFF3108272B6334E336813B90CE05B6913B19C42FBD1AF
:20FDA000012382F3108833B1012085F31088BDE8F08782F31088EFF3108372B6E27A002AB1
:20FDC00033D0A77AB7FA87F77F0983F31088002FEAD1DFF890A0D4F80480DAF82090C84768
:20FDE000E37AB3FA83F340454FEA531338BF4046A3724FF480732381DAF818802060C04702
:20FE0000236831681844206091B10B6898420ED34B6923B91FE05A691946EAB113461A684B
:20FE20009042F8D84C61636113E0677ACDE70F7261613460C8470646C04706442068DAF84A
:20FE40000830B0424FF0010222723CBF2660304698470020A9E70B4600225C616261F8E74A
:20FE60000CA900206CBF0308F8B5EFF3108472B618B34FF48073A0F80930EFF3108272B6BE
:20FE80001F4D2B6813B938E05B6913B19842FBD1012382F3108863B12B68984211D019465F
:20FEA00013B906E0114623B11A4690425B69F9D14B61002084F31088F8BD012084F31088E5
:20FEC000F8BD46690023037296B10E4F2E603B6A9847BB690546984705443068BB68A84234
:20FEE0004FF0010232723CBF356028469847E0E7044BDB6898472E60DBE782F31088D8E7EB
:20FF00000CA900206CBF0308F0B583B0EFF3108772B6D0B104460E46EFF3108372B6C27A65
:20FF20008AB1857AB5FA85F56D0983F31088104B5B6A019375B9304698476060284687F3FB
:20FF4000108803B0F0BD457AEFE7012087F3108803B0F0BD2046FFF787FF019B30469847AE
:20FF600060602046FFF70AFF87F3108803B0F0BD6CBF0308EFF3108372B610B1C27A1AB947
:20FF8000407A83F310887047807AB0FA80F0400983F31088704700BF2DE9F84FEFF3108929
:20FFA00072B6384E736998473369824698478346354FD6F82080C0473C68ABEB0A03002C60
:20FFC0003FD0226803EB50009042636953D30025256065612581002B51D01A6819465B697F
:20FFE000A44682423CD90D46AAEB0B0002E01A6819465B6902440A60002BF8D13D607CB156
:020000040803EF
:200000004FF0010A25466469EB680BB128699847AB6803F0FF23B3F1807F16D0002CF1D140
:200020003D6875B1C047B3690446984704442868B368A0424FF001022A723CBF2C60204609
:20004000984789F31088BDE8F88FAB7A002BE5D185F80AA02846FFF791FE002CD2D1DFE7CC
:200060000D810D604D61CCF8141043B11A688C4619465B69B5E7254621460024B4E7002334
:200080003B60BDE76CBF03080CA90020F8B5EFF3108772B6B8B1044616461D46FFF76AFFF7
:2000A000C0B9B5F1FF3F08BFB6F1FF3F0FD00E4B30461B682946984760602046FFF75EFE40
:2000C00087F31088F8BD012087F31088F8BD4FF0FF30F1E72046FFF7C7FEB5F1FF3F08BF5F
:2000E000B6F1FF3FE3D1F2E750BF03082DE9F04F002999B040F3DF810646994610784B1EFE
:200100000093B2464FF0200BAAEB060730B9002338468AF8003019B0BDE8F08F009BBB4287
:20012000F5DD252802F1010574D15278302A76D0A2F13003092B98BF4FF0000E71D9A2F17D
:200140005803202B22D8DFE813F05401210021002100210021002100210021002100210096
:20016000C401A5012100210021002100A501210021002100210021002100210021002100C1
:20018000C6012100D4012100210032014FF0000E4FF0FF34252A07D025230AF8013B009B27
:2001A000AAEB0607BB420CDD2B78002B00F08E810AF8013B009BAAEB0607BB4200F3CF8030
:2001C000009BDF1B0A2259F8043BBEF1000F00F0F580002B40F074813021621EF0468DF8CF
:2001E0001C10524404E0013F0AF8011B00F0B780A2EB0A03002BF6DC07AA5744904406E037
:2002000018F8013D0AF8013BBA4500F0A8804245F6D1A4E00AF8010B50782A4674E74FF089
:20022000010E002404EB840402EB440815F8012FA2F13003092BA8F13004F3D9A2F158031D
:20024000202BA7D801A151F823F000BFD102030895010308950103089501030895010308B5
:2002600095010308950103089501030895010308950103089501030879030308CF03030854
:2002800095010308950103089501030895010308CF0303089501030895010308950103081A
:2002A0009501030895010308950103089501030895010308950103081304030895010308B5
:2002C000C1010308950103089501030865030308009BDF1B59F8043BBEF1000F00F08F80BA
:2002E000002B5DD08D4A019230214FF0000C1022CDE904E5CDE9029ADDF804A007A84FF016
:200300000008B3FBF2F502FB15399E4696451AF8093000F8013B08F101082B46F1D2DDE9BB
:2003200004E5DDE9029AA4EB0802BEF1000F0CD1524403E0013F0AF801BB10D0A2EB0A034D
:20034000002BF7DC013AA2EB0A02BCF1000F3FF448AF2D23013F0AF8013B7FF442AF6878D3
:200360006A1CD1E6009B1022DF1B59F8043BBEF1000F7FF42EAF21E0A8F13108B8F1000F50
:2003800040F3A78042462021504600F0C9F9D044C24659F8043B0AF8013B6A1C6878B3E609
:2003A0003021A8F131028DF81C10F04619E7009BDF1B59F8043B4FF0FF341022002B60D015
:2003C000574901914FF0000C2021E64690E7009BDF1B59F8043BBEF1000F61D0002BC0F2CB
:2003E0009080DDD04E4A019230214FF0000C0A227EE7009BDF1B59F8043B4FF0FF34002B26
:200400003FD0464A01924FF0000C2021E64610226EE74B46A8F1310853F8049BB9F1000F65
:2004200063D048460193DEF7FBFD019B009AD71B874228BF0746A74213DA08F10102D21BB6
:200440004745C8BF012250462021019300F068F9A8EB07020AF1010A4745C8BF0022019B37
:2004600092446A1C57B10AF1FF3109EB070419F8010B01F8010FA145F9D1BA44687899465B
:2004800042E69C463023621E8DF81C3020214FF001084DE7009BDF1B59F8043B4FF0FF345A
:2004A000002B37DBEDD01E4A01924FF0000C2021E6460A221CE70027384619B0BDE8F08FCE
:2004C000174901914FF0000C302111E7AAEB06071DE6D0465CE74B466FF0010853F8049BB5
:2004E0004FF0FF34B9F1000F9BD1DFF8389006209CE7009B4FF0FF34DF1B0A2259F8043B5A
:200500005CE73021064A01925B42013C4FF02D0C0A22EDE64FF0000E2021F3E710BF0308D1
:20052000E8BE0308E0BE0308024B0A460146186800F002B8E409002070B5A1FB025434B942
:20054000294600F03FF8064628B9304670BD0C2202600026F9E72A46214600F0E1F8F4E724
:20056000024B0146186800F02DB800BFE4090020024B0146186800F083B900BFE4090020BA
:2005800070B50F4E0C463168054611B900F02EF930602146284600F029F9431C03D14FF0D9
:2005A000FF34204670BDC41C24F00304A042F8D0211A284600F01AF90130F2D1EFE700BF9B
:2005C00010A900202DE9F843CD1C25F0030508350C2D38BF0C25002D064601DBA94204D930
:2005E0000C2333600020BDE8F883DFF8D48000F069F8D8F800301C4644BB29463046FFF741
:20060000BFFF431C044658D1D8F800402746002F43D1002C4BD023683946304604EB0309C8
:2006200000F0E4F8814542D121686D1A29463046FFF7A6FF01303AD023682B442360D8F8FD
:2006400000305A6862BBC8F800700FE02268521B20D40B2A17D96119A342256018BF5960E8
:20066000636808BFC8F8001062514B60304600F02FF804F10B00231D20F00700C21A1CBF1F
:200680001B1AA350AFE76268A3420CBFC8F800205A60EBE723466468AEE73C467F68B6E7E6
:2006A0001A465B68A342FBD100235360DEE70C233360304600F00CF894E70560D6E700BF43
:2006C00014A90020014800F0CBB800BF54AA0020014800F0C6B800BF54AA00200EB410B589
:2006E0009DB01FAB029006906FF000410A48079104910A4953F8042B0591002402A9006802
:2007000001931B9400F066F9029B1C701DB0BDE8104003B0704700BFE40900200802FFFF1E
:2007200002440346934200D1704703F8011BF9E72D4B1B68834270B5044653D0C3691BB38A
:20074000DB6863B10025E369DB685959B1B90435802DF8D1E3692046D96800F091F8E3690B
:20076000196811B1204600F08BF8E3699D685DB1294620462D6800F083F8F8E70E6820466E
:2007800000F07EF83146E1E7616911B1204600F077F8E16911B1204600F072F8216B11B149
:2007A000204600F06DF8616B11B1204600F068F8A16B11B1204600F063F8A16C11B1204686
:2007C00000F05EF8616C11B1204600F059F8E16A11B1204600F054F8236A1BB12046BDE88A
:2007E0007040184770BD00BFE409002038B5064D0023044608462B60E1F790F8431C02D1D9
:200800002B6803B1236038BD50AA0020014B1868704700BFE409002070B50D4B0D4D5B1B63
:200820009C100026A64209D103F062FD0A4D0B4B5B1B9C100026A64205D170BD55F8043B66
:2008400098470136EEE755F8043B98470136F2E7E8D80308E8D80308E8D80308ECD8030802
:20086000704770470A44914200F1FF3300D1704710B511F8014B03F8014F9142F9D110BD6F
:2008800038B50546002941D051F8043C0C1F002BB8BFE418FFF716FF1D4A136833B96360F8
:2008A00014602846BDE83840FFF712BFA34208D9206821188B4201BF19685B680918216078
:2008C000EDE71A465B680BB1A342FAD911685018A0420BD120680144501883421160E0D1F2
:2008E00018685B68536008441060DAE702D90C232B60D6E7206821188B4204BF19685B689E
:20090000636004BF091821605460CAE738BD00BF14A900202DE9F0478E681F46BE42824649
:200920000C469046334653D8B1F90C0010F4906F2BD065692368096905EB4505A3EB01099A
:2009400005EBD5757B1C6D104B44AB422A4684BF1D462A46430527D511465046FFF732FEF0
:20096000064658B321694A46FFF77CFFA38923F4906343F08003A381266165614E44A5EB16
:2009800009052660A5603E463B461F4620683A46414600F0ABFAA3689B1BA36023683B4462
:2009A00023600020BDE8F087504600F0B8FA06460028E1D121695046FFF762FF0C23CAF8B2
:2009C0000030A38943F04003A3814FF0FF30E9E73E46DBE72DE9F0471F468B891B069CB06A
:2009E00006460D46144610D50B6973B94021FFF7E9FD2860286130B90C2333604FF0FF3012
:200A00001CB0BDE8F08740236B610023099320238DF8293003973023654F8DF82A304FF020
:200A200001082346994613F8012B0AB1252AF9D1B9EB040A0BD05346224629463046FFF7F1
:200A400069FF013000F0A480099A5244099299F80030002B00F09C8000234FF0FF32CDE9D4
:200A6000052309F10109049307938DF853301A934C464F4814F8011B0522DEF7D9FA049BA5
:200A8000D0B9D80644BF20228DF85320190744BF2B228DF8532099F800202A2A13D0079AC1
:200AA0004C4600204FF00A0C214611F8013B303B092B49D968B913E0C01B08FA00F0184386
:200AC0000490A146D4E7039A111D12680391002A01DB079204E0524243F002030792049388
:200AE00023782E2B0AD163782A2B32D1039B1A1D1B68039243EAE37302340593DFF8B4909B
:200B0000217803224846DEF793FA38B1049BA0EB09004022824013430134049314F8011B9D
:200B200025488DF828100622DEF782FA002835D0224818BB039B073323F0070308330393E2
:200B4000099B034409936CE70CFB02320C460120AAE700230134059319464FF00A0C204672
:200B600010F8012B303A092A03D9002BC6D00591C4E70CFB012104460123F0E703AB009317
:200B80002A460F4B04A93046AFF30080421CD7D1AB895B063FF532AF099831E703AB00939C
:200BA0002A46074B04A9304600F07AF8EEE700BF8CD4030892D4030896D403080000000009
:200BC000150903082DE9F047164698468A680B69DDF820909342B8BF1346336091F8432056
:200BE00007460C460AB1013333602368990642BF336802333360256815F0060506D104F1DD
:200C0000190AE36832689B1AAB4226DC94F843302268003B18BF012392062BD404F1430298
:200C200041463846C84701301ED02368226903F00603042B02BFE5683368ED1AA3680CBFBA
:200C400025EAE57500259342C4BF9B1AED1800261A34B5421AD1002008E001235246414653
:200C60003846C847013003D14FF0FF30BDE8F0870135C6E7E1185A1C302081F84300224494
:200C800094F8451082F843100233C7E70123224641463846C8470130E6D00136D9E7000045
:200CA0002DE9F0430D7E85B0782D90460C9E07460C46994601F1430207D8622D0AD8002DD4
:200CC00000F0D780582D00F0BC8004F1420684F842503BE0A5F16303152BF6D801A151F8C1
:200CE00023F000BF3D0D0308510D0308CB0C0308CB0C0308CB0C0308CB0C0308510D030873
:200D0000CB0C0308CB0C0308CB0C0308CB0C0308590E03087B0D03080B0E0308CB0C030840
:200D2000CB0C03087B0E0308CB0C03087B0D0308CB0C0308CB0C0308130E030833681A1D06
:200D40001B68326004F1420684F842300123A1E033682068191D3160060601D51D6803E07A
:200D60004506FBD5B3F90050002D03DA2D236D4284F843305B480A2311E021683368080671
:200D800053F8045B02D4490648BFADB23360237E54486F2B5CD10823002184F8431066689E
:200DA000A660002E05DB21682E4321F00401216050D01646B5FBF3F103FB115C10F80CC03F
:200DC00006F801CDAC4663450D46F3D9082B0BD12368DB0708D5236961689942DEBF302315
:200DE00006F8013C06F1FF36921B2261CDF80090434603AA21463846FFF7E4FE01304ED1C4
:200E00004FF0FF3005B0BDE8F083236843F0200323603548782584F845502368316813F0E1
:200E2000800F51F8045B03D113F0400F18BFADB23160D90744BF43F0200323601DB11023D1
:200E4000AAE72848E7E7236823F020032360F6E70A23A1E71646B9E7336825686169181DCA
:200E600030602E061B6801D5196002E06806FBD51980002323611646B8E733681A1D32601D
:200E80001E68626800213046DEF7D2F808B1801B606063682361002384F84330A6E723693E
:200EA000324641463846C8470130A9D023689B0713D4E068039B9842B8BF1846A2E70123A6
:200EC000324641463846C847013099D00135E36803995B1AAB42F2DCEBE7002504F1190694
:200EE000F5E700BF9DD40308AED40308884210B501EB020402D98442234607D8431EA142A0
:200F000007D011F8012B03F8012FF8E70244824200D110BD13F8011D02F8011DF7E72DE9DE
:200F2000F041074614460D4621B9BDE8F0411146FFF748BB2AB9FFF7A3FC25462846BDE890
:200F4000F08100F01AF88442064602D8B4EB500FF4D821463846FFF735FB804608B945464B
:200F6000ECE7B4422246294628BF3246FFF77AFC29463846FFF784FCF1E751F8043C181F0B
:200F8000002BBCBF0B58C018704700002DE9F84314461D468046894600F0E6FC2246064690
:200FA0000F462B4620462946DEF7E8FC78B90022002340464946DEF7AFFCD8B10022002304
:200FC00020462946DEF7A8FC28B1264F002630463946BDE8F8832046294600F08DFA0028C6
:200FE000F5D02046294600220023DEF79FFC0028EDD02CE03046394600F07EFAA0B10022E1
:20100000002330463946DEF787FC0028DFD04046494600F071FA0028D9D02046294600F083
:201020006BFA0028D3D012E04046494600F064FA0028E4D02046294600F05EFA0028DED05C
:2010400032463B4630463946DEF798FC20B9FFF7DDFB22230360BAE7FFF7D8FB21230360D9
:20106000B5E700BF0000F03F21F000431946704738B5044601F092FB0546204600F042FAEA
:2010800048B10D492046DEF7C9FF30B90B492046DEF7A6FF48B9284638BDFFF7B7FB4FF096
:2010A000FF4522230360284638BDFFF7AFFB222300250360EFE700BF1772B142B5F1CFC22C
:2010C00038B5044601F08CFC214605462046DEF7AFFF70B900212046DEF7A0FF48B900217F
:2010E0002046DEF773FF30B1FFF790FB074D22230360284638BDFFF789FB034621221A6002
:201100000348BDE8384000F005BA00BF000080FFB04E030838B5044601F090FD214605460A
:201120002046DEF785FF70B900212046DEF762FF48B100212046DEF749FF30B1FFF766FB35
:20114000074D22230360284638BDFFF75FFB034621221A600348BDE8384000F0DBB900BF2F
:20116000000080FFB04E030870B50C46064601F0B3FD214605462046DEF75AFF58B900210B
:201180003046DEF723FFA0B100212046DEF71EFF18B14FF07E55284670BD204600F0B2F9A1
:2011A0000028F8D000212046DEF71AFF0028F2D023E0284600F0A6F980B100212846DEF74B
:2011C00005FF0028E7D0304600F09CF90028E2D0204600F097F90028DDD00EE0304600F048
:2011E00091F90028E9D0204600F08CF90028E4D029462846DEF71CFF20B9FFF707FB2223EA
:201200000360C8E7FFF702FB21230360C3E700BF38B5044600F0C8F9214605462046DEF7E4
:2012200007FF20B900212046DEF7DAFE08B9284638BDFFF7EBFA0021212303600846DEF7B1
:20124000E5FD0546284638BD2DE9F04120F00045B5F1A14F0446074608D3B5F1FF4F73D81B
:20126000002840F3A1806F48BDE8F0816E4B9D427AD8B5F1445F6CD34FF0FF382146204670
:20128000DEF710FD01460646DEF70CFD67490546DEF708FD6649DEF7FDFB2946DEF702FD67
:2012A0006449DEF7F7FB2946DEF7FCFC6249DEF7F1FB2946DEF7F6FC6049DEF7EBFB294609
:2012C000DEF7F0FC5E49DEF7E5FB3146DEF7EAFC5C4906462846DEF7E5FC5B49DEF7D8FB5E
:2012E0002946DEF7DFFC5949DEF7D2FB2946DEF7D9FC5749DEF7CCFB2946DEF7D3FC554985
:20130000DEF7C6FB2946DEF7CDFC01463046DEF7C1FB2146DEF7C6FCB8F1FF3F014646D09A
:201320004D4B4E4D53F82810DEF7B2FB2146DEF7AFFB014655F82800DEF7AAFB002F93DABD
:2013400000F10040BDE8F0810146DEF7A3FBBDE8F0814349DEF79EFB4FF07E51DEF75EFE3D
:20136000002889D020467FE700F084F83D4B9D42044621D8A3F5D0039D423FD80146DEF78D
:2013800089FB4FF07E51DEF783FB4FF08041034620461C46DEF77EFB01462046DEF736FD54
:2013A0004FF00008044669E72F48BDE8F0812046DEF76EFBBDE8F0812C4B9D4216D84FF082
:2013C0007F51DEF765FB4FF07F51034620461C46DEF768FC4FF07E51DEF75CFB01462046C8
:2013E000DEF714FD4FF00208044647E721462048DEF70CFD4FF0030804463FE74FF07E51D1
:20140000DEF746FB4FF07E51034620461C46DEF741FB01462046DEF7F9FC4FF0010804467D
:201420002CE700BFDB0FC93FFFFFDF3ED769853C59DA4B3D356B883D6E2EBA3D2549123E5B
:20144000ABAAAA3E21A215BD6BF16E3D95879D3D388EE33DCDCC4C3EC0D40308D0D4030866
:20146000CAF24971FFFF973FDB0FC9BFFFFF1B40000080BF20F00040704700BF184A20F0E0
:201480000043934219D900B5B3F1FF4F83B004D30146DEF7FDFA03B000BD694601F0FEFF71
:2014A00000F00303012B0098019910D0022B08D083B9012201F0FCF8EDE70021002201F0A7
:2014C000F7B8012201F0F4F800F10040E3E701F02BF8E0E701F028F800F10040DBE700BFC4
:2014E000D80F493F08B5FFF7EBFD0249DEF78EFC08BD00BF1872313F41F0004000F58010C4
:20150000C00F704720F00040B0F1FF4F2CBF002001207047004870470000C07F38B50546AD
:201520000C4600F027F808B9204638BD204600F021F828B121462846DEF770FD0028F3D0E4
:201540002C46204638BD00BF38B505460C4600F011F808B9204638BD204600F00BF828B12E
:2015600021462846DEF73CFD0028F3D02C46204638BD00BF30F000400ED0A0F50003B3F197
:20158000FE4F0DD3074B421E9A4207D9A0F1FF40B0FA80F040097047022070470320704713
:2015A00004207047FEFF7F0020F00042B2F1FF4F2DE9F04104464FD2002A4BD00028034629
:2015C00054DB10F0FF424FD15B001802114602F10102F9D54942C3F3160242F40002CB0788
:2015E000A1F17F0558BF520000246D1052004FF0190E21464FF0807C01EB0C039342DDBF05
:2016000003EB0C016444D31A1346BEF1010E4FEA43024FEA5C0CEFD1BBB11A4E1A4F30686F
:201620003968D6F80080DEF733FA01464046DEF7E1FC50B1306839683668DEF72BFA014621
:201640003046DEF7CDFCC8B10234601000F17C5000EBC550BDE8F0810146DEF723FB2146E3
:20166000DEF718FABDE8F081C115B4E70146DEF70FFA0146DEF7CAFBBDE8F081013424F097
:201680000104E2E7E4D40308E0D4030800000000C1F30A5C2DE9F041ACF2FF35132D02463F
:2016A0000B460C46064622DC002D4CDBDFF8D08048FA05F801EA080C5CEA000C0F461BD0F2
:2016C0002DA3D3E90023DDF709FD00220023DEF74BF940B1002C03DD4FF480132B411F4481
:2016E00027EA0804002621463046BDE8F081332D06DDB5F5806F38D010461946BDE8F08105
:20170000ACF2134C4FF0FF3727FA0CF73842F3D019A3D3E90023DDF7E1FC00220023DEF790
:2017200023F90028DFD0002C334609DD142D06D0C5F134050122AA4013449E4200D90134D3
:2017400023EA0706CFE70CA3D3E90023DDF7C6FC00220023DEF708F90028C4D0002C07DBB0
:20176000344300D0074C0026BDE7DDF7B7FCC5E700264FF00044B6E79C7500883CE4377E1E
:20178000FFFF0F000000F03FC1F30A5C2DE9F041ACF2FF35132D02460B460C46064622DC65
:2017A000002D42DBDFF8E08048FA05F801EA080C5CEA000C0F461BD031A3D3E90023DDF751
:2017C0008DFC00220023DEF7CFF840B1002C03DA4FF480132B411F4427EA08040026214656
:2017E0003046BDE8F081332D06DDB5F5806F2CD010461946BDE8F081ACF2134C4FF0FF3748
:2018000027FA0CF73842F3D01DA3D3E90023DDF765FC00220023DEF7A7F80028DFD0002CD7
:2018200033461CDB23EA0706D9E715A3D3E90023DDF754FC00220023DEF796F80028CED035
:20184000002C05DB00263446C9E7DDF747FCD1E724F0004426430DD14FF00044BFE7142D54
:2018600006D0C5F134050122AA4013449E42D9D90134D7E7054C0026B1E700BFAFF30080CA
:201880009C7500883CE4377EFFFF0F000000F0BF2DE9F041C0F3C7557F3D162D044620F0AF
:2018A000004717DC002D80461FDB194F2F41384213D01849DEF7EEF80021DEF7AFFB60B1FF
:2018C000002C03DA4FF400032B41984428EA0700BDE8F081B7F1FF4F02D22046BDE8F081FC
:2018E0000146DEF7D7F8BDE8F0810A49DEF7D2F80021DEF793FB0028EFD0002C01DB002062
:20190000ECE717B94FF00040E8E70348E6E700BFFFFF7F00CAF24971000080BF08B5C0F35D
:20192000C7537F3B162B01460EDC002B024610DB0B481841014205D04FF4800119411144CC
:2019400021EA0001084608BD802BFBD1DEF7A2F808BD013300F00041F4D141F07E51F1E7BB
:20196000FFFF7F00000000002DE9F04F23F0004B044652EA0B0093B091469A460D4610D178
:201980002319684985F4002252419842914122D24A46534620462946DDF7A0FB13B0BDE8B7
:2019A000F08F9846604B0094174621F000429A420E46029214D9009B06F1404606F5801681
:2019C0001E43E5D14B46DB1856498AF4002252419E429141DCD35549002013B0BDE8F08F94
:2019E00013D09B45E7D8029B52D0002E15DB002F40F087804D4A934540F0FC83B8F1000F4C
:201A0000C0F2D88420462946C8E7002CC0D19345BED800F0FF83029BE7E7454A934500F2D3
:201A20008683444A934500F28783002F40F0AF83B8F1804F00F0C984204629460493FFF793
:201A400013FB009A049B002A38D0F20F013A52EA070C63D0013F174314BF344D364D0024BA
:201A6000BBF1844FCDE908456AD9344B029A9B45304B40F203849A4200F2B784B8F1000FB1
:201A8000C0F2B784002013B0BDE8F04F01F006BF002F90D1029B009A03F1404303F5801313
:201AA000134398D0234B029A9A4240F25D84B8F1000FC0F2D584484651466FE71B4A26F0B6
:201AC000404C944502D0029A002ABED1B8F1000FC0F24284002EBFF661AF029B03F1404A3C
:201AE0000AF5801A5AEA070A40F0778402460B4610461946DDF7F0FA02460B46DDF7CEFD89
:201B00004CE70027204629460493FFF7ADFA009A049B002AD2D0F20F013A9BE722462B46C6
:201B2000E6E700BF0000F0FF0000F07F0000F03FFFFF3F43FFFFEF3F0000F0BF0000F043FE
:201B4000CD4A3240002A40F00084CC4B0022DDF77BFC6FF034040B461A15A2F2FF3202EBD1
:201B60000408C74AC3F3130343F07F54934244F4401407DDC34A934240F3418408F1010855
:201B8000A4F5801400220023CDE90C23CDE91023BD4B0022CDE906230025DDE90623214681
:201BA000CDE90401DDF798FADDE9062306460F46DDE90401DDF792FA02460B460020B24995
:201BC000DDF76CFD0A460146CDE90A121346394602463046DDF738FC63100A460146CDE901
:201BE000021243F00053DDE902BC03F500235919002004460D464FF0000B61465846224686
:201C00002B46CDE90EBCCDE90001DDF71DFC02460B4630463946DDF75FFADDE90623064639
:201C20000F4620462946DDF757FA02460B46DDE90401DDF751FADDE90023DDF705FC0246CC
:201C40000B4630463946DDF747FADDE90A23DDF7FBFBDDE90245CDE9040122462B46204665
:201C60002946DDF7F1FB72A3D3E9002304460D46DDF7EAFB70A3D3E90023DDF72FFA224694
:201C80002B46DDF7E1FB6EA3D3E90023DDF726FA22462B46DDF7D8FB6BA3D3E90023DDF7FE
:201CA0001DFA22462B46DDF7CFFB69A3D3E90023DDF714FA22462B46DDF7C6FB66A3D3E996
:201CC0000023DDF70BFA224606460F462B4620462946DDF7B9FB02460B4630463946DDF7CF
:201CE000B3FBDDE9006704460D463246DDE902013B46DDF7F3F9DDE90423DDF7A5FB224621
:201D00002B46DDF7EBF9324604460D463B4630463946DDF799FB5D4B002206460F46DDF768
:201D2000DDF922462B46CDE90645DDF7D7F9DDE90EBC0D465A46DDE900012B46CDE90ABC18
:201D4000DDF782FB5C46CDE90001504B002220462946DDF7C1F932463B46DDF7BDF90246EE
:201D60000B46DDE90601DDF7B7F9DDE90223DDF76BFB224606460F462B46DDE90401DDF783
:201D800063FB02460B4630463946DDF7A7F906460F4602460B46DDE90001DDF79FF9DDE9B0
:201DA0000ABC2FA3D3E900235846CDE902BC0D46DDF74AFB5C46DDE90023CDE90401204682
:201DC0002946DDF789F902460B4630463946DDF783F925A3D3E90023DDF736FB24A3D3E931
:201DE000002306460F4620462946DDF72DFB02460B4630463946DDF771F9DDE91023DDF7B5
:201E00006DF9064640460F46DDF7B4FA324604460D463B46DDE90401DDF760F9DDE90C2330
:201E2000DDF75CF922462B46DDF758F930E000BFEF4E454A287ECA3F65DBC9934A86CD3FB9
:201E400001411DA96074D13F4D268F515555D53FFFAB6FDBB66DDB3F033333333333E33F30
:201E6000000000E009C7EE3FFD033ADC09C7EE3FF5015B14E02F3EBE0000F07F0000404310
:201E80008E98030079B60B000000F03F00000840DDE902BC224658462B46CDE90201DDF7E0
:201EA0001BF9DDE90C23DDF717F9DDE90423DDF713F902460B4630463946DDF70DF9CDE94A
:201EC00004010023CDE9009A0093DDE90067484632463B465146DDF7FFF8DDE90223DDF722
:201EE000B3FA4A4604460D465346DDE90401DDF7ABFA02460B4620462946DDF7EFF832468A
:201F000004460D463B46DDE90201CDE90445DDF79BFA0B4602468046894620462946DDF79B
:201F2000DDF8D14B994204460D468B4640F3438101F13F4303F5E003034340F07682B8A358
:201F4000D3E90023DDE90401DDF7C8F8424606460F464B4620462946DDF7BEF802460B4691
:201F600030463946DDF700FD002840F05E824FF400735B44C3F30A52BC4CA2F2FF32C3F379
:201F80001301144141F48011C2F1140241FA02FA002004EA0301BBF1000F02460B46404626
:201FA0004946B8BFCAF1000ADDF796F802460B4680468946DDE90401DDF790F84FEA0A5B01
:201FC0000D46002498A3D3E9002320462946DDF73BFA424606460F464B4620462946DDF72F
:201FE0007BF802460B46DDE90401DDF775F890A3D3E90023DDF728FA8FA3D3E900238046EA
:20200000894620462946DDF71FFA02460B4640464946DDF763F88046894602460B463046AE
:202020003946DDF75BF832463B4604460D46DDF753F802460B4640464946DDF74DF8224616
:20204000804689462B4620462946DDF7FDF97CA3D3E9002306460F46DDF7F6F97AA3D3E9A0
:202060000023DDF739F832463B46DDF7EDF978A3D3E90023DDF732F832463B46DDF7E4F9E3
:2020800075A3D3E90023DDF727F832463B46DDF7DBF973A3D3E90023DDF720F832463B46DB
:2020A000DDF7D2F902460B4620462946DDF714F806460F4602460B4620462946DDF7C4F993
:2020C0000022CDE900014FF0804330463946DDF703F802460B46DDE90001DDF7DFFA4246CC
:2020E00006460F464B4620462946DDF7ADF942464B46DCF7F3FF02460B4630463946DCF720
:20210000EBFF22462B46DCF7E7FF02460B4600205749DCF7E1FF0C465C44B4F5801FC0F24B
:2021200080812146DDE90823DDF78EF936E4002F00F093810227E5E44FEA2B52A2F2FF3231
:20214000142A40F31E81C2F1340227FA02F101FA02F2BA4200F09581CFB9B8F1804F0493EA
:2021600000F0338120462946FEF77EFF009B002B7FF4D4AC3E4A26F04047974200F0A681A6
:20218000029A049B002A00F0E28000275DE4204629460493FEF768FF009B002B7FF4BEACB5
:2021A000334A26F040479742EAD1B8F1000FC0F28481002791E42F4E21F00043B34240F26E
:2021C000F1802D4B0B4403430AD142464B46DCF783FFDDE90423DDF7BDFB00283FF4C7AEEF
:2021E000DDE9080100220023DDF7A0FB003818BF012048E4B8F1804F00F0E780A2F5801208
:2022000090457FF419AC2046294613B0BDE8F04F01F0CEBB002F7FF4BBAB43E4AFF300806A
:20222000FE822B654715973C00000000432EE63FEF39FAFE422EE63F396CA80C615C20BE20
:20224000D0A4BE726937663EF16BD2C541BDBB3E2CDE25AF6A56113F93BDBE166CC1663FC8
:202260003E5555555555C53FFFFF8F400000F0FF0000F03FFFCB904000346F3F9A42C0F080
:20228000DE80029AA44B9A424FF0000200F2EC80A14BDCF721FF94A3D3E9002304460D4648
:2022A000DDF7D2F892A3D3E9002306460F4620462946DDF7C9F8994BCDE90001002220463E
:2022C0002946DDF7C1F802460B468BA1D1E90001DCF702FF22462B46DDF7B6F802460B46BA
:2022E00000208F49DCF7F8FE2246CDE902012B4620462946DDF7A8F802460B46DDE90201E0
:20230000DDF7A2F87EA3D3E90023DDF79DF802460B46DDE90001DCF7DFFE02460B460446F3
:202320000D4630463946DCF7D9FE002032463B46CDE90201DCF7D0FE02460B4620462946CA
:20234000DCF7CAFECDE90401BBE5002404E4B8F1000FBFF62EAF002702460B4600206E499A
:20236000DDF79CF9FFF7B6BBB8F1000F4FF000004FF00001BFF612AB48460AF10041FFF724
:202380000DBB002F7FF403AFC2F114024BFA02F101FA02F25A45604A7BD093453FF42EABB9
:2023A000FFF746BB5E4A93427FD8DDE900239346924606E622462B4657490020DDF76EF9F8
:2023C000FFF7ECBAB8F1804F47D122462B4620462946DDF739F8FFF7E1BA012F7FF4DEAA62
:2023E00001F100431946FFF7D9BAB8F1000F7FF749AB002013B0BDE8F04F01F055BA42A3F2
:20240000D3E90023CDE90C2341A3D3E90023CDE91023444B0022CDE906234FF48025FFF7DE
:20242000BCBB524601F0A8F97CE6DDE9080100220023DDF77BFA003818BF0120DAE7DDE985
:20244000080100220023DDF771FA003818BF0120B8F1000FBFF617ABCCE70227FFF7ECBA18
:2024600000200021FFF79ABADDE908010023DDF75DFA003818BF0120B8F1000FBADCFFF740
:2024800002BB002F9ED001F00101C1F10207FFF739BB93453FF4B2AAB8F1804F95D001F015
:2024A0000101C1F10207FFF7C7BA1B15A3F2FE334FF4801242FA03F35BE502460B460020F2
:2024C0001549DDF7EBF8009FFFF707BBB8F1000FBFF66FAE02460B4600200F49DDF7DEF84B
:2024E0000027FFF7FABA00BF000000604715F73F44DF5DF80BAE543E555555555555D53F85
:20250000FE822B654715F73F0000004003B8E23F06D0CF43EBFD4C3E0000F03F0000D03F65
:202520000000E03F0000F83F2DE9F84320F00046B6F1485F0546884649D2DDF78FFD002894
:2025400000F09D8029462846DDF7ACFB4E490446DDF7A8FB4D49DDF79DFA2146DDF7A2FBE5
:202560004B49DDF795FA2146DDF79CFB4949DDF791FA2146DDF796FB4749DDF789FA214687
:20258000DDF790FB4549DDF785FA2146DDF78AFB07464FF07C512046DDF784FB394606465E
:2025A0002046DDF77FFB414604462846DDF77AFB01462046DDF76CFA01463046DDF768FA05
:2025C00001464FF07E50DDF763FABDE8F8830146DDF768FB2C490446DDF764FB2B49DDF79E
:2025E00059FA2146DDF75EFB2949DDF751FA2146DDF758FB2749DDF74DFA2146DDF752FBC2
:202600002549DDF745FA2146DDF74CFB2349DDF741FA2146DDF746FB214B9E420746B8D996
:20262000204B9E4227D806F17F464FF07E503146DDF72EFA81464FF07C512046DDF732FBDA
:202640003146DDF725FA394606462046DDF72AFB414604462846DDF725FB01462046DDF732
:2026600017FA01463046DDF713FA01464846DDF70FFABDE8F883DFF830900C4EDBE74FF0E7
:202680007E50BDE8F88300BF4ED747ADF6740F317CF29334010DD037610BB63AABAA2A3D68
:2026A0009999993E0000483F0000383F0000903E2DE9F84320F00043B3F1485F04460E46B8
:2026C000904603D2DDF7CAFC002858D021462046DDF7E8FA054601462046DDF7E3FA2949C7
:2026E00081462846DDF7DEFA2749DDF7D1F92946DDF7D8FA2549DDF7CDF92946DDF7D2FABF
:202700002349DDF7C5F92946DDF7CCFA2149DDF7C1F90746B8F1000F22D04FF07C51304641
:20272000DDF7C0FA394680464846DDF7BBFA01464046DDF7ADF92946DDF7B4FA3146DDF72C
:20274000A7F9154905464846DDF7ACFA01462846DDF7A0F901462046DDF79AF9BDE8F883D2
:2027600001462846DDF79EFA0B49DDF791F94946DDF798FA2146DDF78DF9BDE8F88320464A
:20278000BDE8F883D3C92E2F342FD7321BEF3836010D50398988083CABAA2A3E20F0004241
:2027A000B2F1FF4F2DE9F04704466BD84FEAD07500F0C5807A49884200F3B3800028C0F20E
:2027C000B580784B9A4262D9774B9A4200F2C480764B204653F82510DDF75AF9744B85F014
:2027E000010653F825800746761B41463846DDF74FF901460446DDF755FA6E490546DDF759
:2028000051FA6D49DDF744F92946DDF74BFA6B49DDF740F92946DDF745FA6949DDF738F924
:202820002946DDF73FFA6749DDF734F92946DDF739FA01462046DDF72BF905460146204658
:20284000DDF730FAAA468146002E52D029464FF08040DDF71DF901464846DDF7D7FA01465A
:202860004046DDF715F93946DDF712F901464FF07E50DDF70DF916F17D0F64DB00EBC65091
:20288000BDE8F0870146DDF705F9BDE8F087B2F1505F09D24C492046DDF7FCF84FF07E51E9
:2028A000DDF7BCFB002874D121462046DDF7FAF940490546DDF7F6F93F49DDF7E9F8294649
:2028C000DDF7F0F93D49DDF7E5F82946DDF7EAF93B49DDF7DDF82946DDF7E4F93949DDF73B
:2028E000D9F82946DDF7DEF901462046DDF7D0F8824651462046DDF7D5F94FF080410546F2
:202900005046DDF7C5F801462846DDF77FFA2146DDF7BEF801464FF07E50DDF7B9F8BDE81F
:20292000F087BDE8F047002001F03EB8274B9A427FF647AFBDE8F047002001F031B8002D81
:20294000A3D00020A1E764364FF0586100EBC650DDF7A8F9BDE8F0871D492046DDF7A2F9FD
:202960001C4B53F82510DDF795F8DDF777FB0646DDF744F918490546DDF794F901462046B2
:20298000DDF786F8154907462846DDF78BF980462BE74FF07E512046DDF77CF875E700BFC5
:2029A0001772B1421872B13E9115853FF0D40308E8D403084CBB31330EEADD3555B38A38E3
:2029C000610B363BABAA2A3ECAF24971B5F1CF423BAAB83FF8D403088071313FD1F7173706
:2029E0002DE9F84F30F000432BD000280146034640DBB0F1FF4F39DAB0F5000F41DB002156
:202A0000814AC3F316052A44DC1502F400007F3C80F07E500C4428434FF07E5104EBD254EE
:202A2000DDF736F8794B05F10F021340064683BB0021DDF7CBFA002800F0A38044B90020DA
:202A400004E000214FF04C40DDF7E0F9BDE8F88F2046DDF7D3F86E490546DDF723F96D4920
:202A600004462846DDF71EF901462046DDF712F8BDE8F88FDDF70CF80021DDF7C7F9BDE8CA
:202A8000F88F4FF09841DDF70DF96FF018010346B6E74FF08041DCF7FDFF01463046DDF7FF
:202AA000B5F980462046DDF7A9F8414681464046DDF7F8F801468246DDF7F4F85649DFF8EA
:202AC0005CB10746DDF7EEF85549DCF7E3FF3946DDF7E8F85349DCF7DDFF3946DDF7E2F8E4
:202AE0005149DCF7D7FF5146DDF7DCF84F4982463846DDF7D7F84E49DCF7CCFF3946DDF74B
:202B0000D1F84C49DCF7C6FF3946DDF7CBF8AB440146C5F557155046DCF7BCFF05F5227598
:202B200045EA0B05002D07464EDD4FF07C513046DDF7B8F83146DDF7B5F8824651463846D6
:202B4000DCF7A8FF4146DDF7ADF80546002C49D02F494846DDF7A6F82E4904464846DDF7D0
:202B6000A1F82946DCF796FF01465046DCF790FF3146DCF78DFF01462046DCF789FFBDE823
:202B8000F88F2D493046DDF78DF801464FF07C50DCF77EFF314605463046DDF783F80146F9
:202BA0002846DDF77FF80546BCB12046DDF726F817490746DDF776F8164904463846DDF762
:202BC00071F801462846D1E701463046DCF760FF4146DDF767F805466CB929463046DCF74E
:202BE00057FF33E701465046DCF752FF01463046DCF74EFF2AE706494846DDF753F805492C
:202C000004464846DBE700BF20FB4A00F0FF7F008071313FD1F717379788173E305CCFFF43
:202C200025333A3E2549923EABAA2A3F4FD01C3E298E633ECDCCCC3EABAAAA3E30F00042B5
:202C4000F8B52FD000280146024631DBB0F1FF4F25DAB0F5000F31DB0021D3157F3B0B4445
:202C600003EBD370DC0FC2F31605DCF7C7FF17490646DDF717F80746C4F17F0045EAC05080
:202C8000FFF7AEFE1249DDF70DF83946DCF702FF104904463046DDF705F801462046DCF7A1
:202CA000F9FEF8BD00214FF04C40DDF7AFF8F8BDDCF7EEFE0021DDF7A9F8F8BD4FF098412A
:202CC000DCF7F0FF6FF018010246C6E7DB275435D95BDE3E80209A3E2DE9F04F31F00049B3
:202CE00089B00C46074680460FD180F480084FEA480818F5000F17D921463846DCF7CAFE45
:202D00000146084609B0BDE8F08F20F0004ABAF1FF4F0D460ED9B8F17E5FEDD185F4800572
:202D20006D0015F5000FE7D84FF07E51084609B0BDE8F08FB9F1FF4FEDD80028D34614DB28
:202D4000B9F1FF4F00F03A81B9F17E5F00F06181B1F1804F00F08D81B1F17C5F40F0758165
:202D600009B0BDE8F04FFEF71FBCB9F1974F80F02E81B9F17E5F80F05781B1F1804F00F007
:202D80007881B1F17C5F00F0BB82FEF773FBBAF1FF4F01464FF0000600F02581BAF1000F58
:202DA00000F05D81BAF17E5F00F059814FEAD873013B0293334300F08181B9F19A4F40F271
:202DC0008681AF4B9A4540F2DB82AE4B9A4500F2E38208464FF07E51DCF75AFEAA4907468E
:202DE000DCF760FFA94981463846DCF75BFF4FF07A5180463846DCF755FF0146A448DCF7C2
:202E000047FE3946DCF74EFF01464FF07C50DCF73FFE394682463846DCF744FF01465046B4
:202E2000DCF740FF9B49DCF73DFF01464046DCF72FFE014680464846DCF72CFE20F47F672E
:202E400027F00F0749463846DCF722FE01464046DCF71EFE029B013E6FF30B051E4329466B
:202E6000804620460CBF8C4E4FF07E56DCF710FE3946DCF717FF214681464046DCF712FF8D
:202E800001464846DCF706FE294604463846DCF709FF014607462046DCF7FCFD002805463B
:202EA000824620F0004240F33C82B2F1864F00F2E08200F0C082B2F17C5F00F2A3824FF035
:202EC000000845466FF30E0A74495046DCF7EAFE394681465046DCF7DBFD01462046DCF7D0
:202EE000D7FD6F49DCF7DEFE6E4904465046DCF7D9FE01462046DCF7CDFD044601464846ED
:202F0000DCF7C8FD49460746DCF7C2FD01462046DCF7BEFD394681463846DCF7C3FE62496D
:202F20000446DCF7BFFE6149DCF7B2FD2146DCF7B9FE5F49DCF7AEFD2146DCF7B3FE5D49E3
:202F4000DCF7A6FD2146DCF7ADFE5B49DCF7A2FD2146DCF7A7FE01463846DCF799FD0446A9
:202F600001463846DCF79EFE4FF0804182462046DCF78EFD01465046DCF748FF49460446C1
:202F80003846DCF78FFE4946DCF784FD01462046DCF77EFD3946DCF77BFD01464FF07E5057
:202FA000DCF776FD03464344B3F5000FC0F2F08118463146DCF776FE0146A2E6BAF17E5FAE
:202FC0003FF4B2AE2BD9002D27DB214699E6B9F1FF4FF3D0FEF74EFABAF1FF4F01464FF0CE
:202FE00002067FF4DBAE002D08DA4FF07E50DCF70DFF0146B8F1000FBFF683AEAAF17E5A7A
:203000005AEA060A5BD0012E7FF47BAE01F1004177E6002D26DB394673E6002171E6002D2B
:20302000FBDA04F100416CE64FEAE953C3F1960349FA03F202FA03F34B4500F04D81B9F14F
:203040007E5FE6D0B1F1804F13D03846FEF712FABAF1FF4F01464FF000067FF49FAE002D98
:20306000C3DBC7E739464FF07E50DCF7CFFE014647E639463846DCF715FE014641E600BF54
:20308000F3FF7F3F0700803F00AAB83F70A5EC36ABAAAA3E3BAAB83F000080BF0072313FA8
:2030A0001872313F8CBEBF354CBB31330EEADD3555B38A38610B363BABAA2A3E3946084632
:2030C000DCF7E6FC0146DCF7A1FE014619E618F0FF4F40F0538108464FF09741DCF7E2FDCB
:2030E0006FF0170283464FEAEB537F3B9A18B34B0392CBF3160B9B454BF07E5807DDB04B6A
:203100009B4540F3518101320392A8F50008002307934FF07E5B0693002759464046DCF7D0
:20312000B7FC594681464046DCF7B4FC01464FF07E50DCF76BFE014605904846DCF7B2FDF1
:20314000A04B019003EA680343F0005303F580033B4419469C4F0493019BC24607EA03089A
:203160004046DCF79FFD01464846DCF791FC049B814659461846DCF78BFC01465046DCF7B8
:2031800087FC4146DCF78EFD01464846DCF780FC059A1146DCF786FD019983460846DCF7D3
:2031A00081FD8A498146DCF77DFD8949DCF772FC4946DCF777FD8749DCF76CFC4946DCF754
:2031C00071FD8549DCF766FC4946DCF76BFD8349DCF760FC4946DCF765FD8149DCF75AFC02
:2031E000494682464846DCF75DFD01465046DCF759FD414681460198DCF74CFC5946DCF743
:2032000051FD4946DCF746FC414682464046DCF749FD74490490DCF73DFC5146DCF73AFCD1
:2032200007EA000949464046DCF73CFD6D4980464846DCF72DFC0499DCF72AFC01465046FA
:20324000DCF726FC0199DCF72DFD494682465846DCF728FD01465046DCF71CFC834601461D
:203260004046DCF717FC07EA000A5F495046DCF719FD414681465046DCF70AFC014658461E
:20328000DCF706FC5949DCF70DFD594980465046DCF708FD01464046DCF7FCFB0699DCF7FB
:2032A000F9FB80460398DCF7A9FC414682464846DCF7F0FBDDF81CB05946DCF7EBFB514616
:2032C000DCF7E8FB074051463846DCF7E1FB5946DCF7DEFB4946B7E5B9F17E5F3FF499AEB6
:2032E000B1F1804F3FF4C5AE02F00102C2F10206FEF7C0F8BAF1FF4F01467FF44FAD72E653
:20330000FEF7B8F8BAF1FF4F01463FF4FAACBAF1000F3FF4F6ACBAF17E5F7FF4CFAE0026C2
:203320006CE6344B9A4200F2AC807FF4C4AD3946DCF7AEFB2146DCF767FE002840F0A180CB
:2033400005F5004ACAF3C7532B497F3B194101EA0A01CAF3160AC3F117054AF4000343FAA9
:2033600005F56D423846DCF793FB014607462046DCF790FB4FEAC5588246A3E50022B2E60D
:20338000002D0BDB002009B0BDE8F04F00F008BB294600F08FFA0CE6002DF3DD002009B0FA
:2033A000BDE8F04F00F000BB144B0793144B06934FF07F5B4FF40017AFE600BF71C41C0075
:2033C000D6B35D0000F0FFDF00F0FFFF42F1533E55326C3E05A38B3EABAAAA3EB76DDB3E6B
:2033E0009A99193F000040400040763F4F38763FC623F6B800001643000080FF00C0153F0E
:20340000DCCFD135D2157E3A4FF40003134153442049C3F3C7527F3AC3F31605114145F4DE
:203420000005C2F11702BAF1000F01EA030145FA02F597DA95E718492046DCF72BFB3946B0
:2034400080462846DCF724FB01464046DCF7E6FD78B905F50043DA150E497F3A11411940AB
:20346000C3F31603C2F1170243F4000343FA02F578E700213046DCF7B3FD003818BF01209A
:203480008DE700213046DCF7ABFD003818BF012079E700BF000080FF3CAA38332DE9F04F32
:2034A000A84A20F00045954289B00C466FD9A64A954206461FD820F000450028A34925F093
:2034C0000F0540F31981DCF7E3FAA14B9D4206466BD0A049DCF7DCFA014605463046DCF79C
:2034E000D7FA9C49DCF7D4FA256060600127384609B0BDE8F08F984A954266D9B5F1FF4FC1
:203500004DD2EF15863FA5EBC7552846DCF7A6FDDCF774FB014628460591DCF7B9FA4FF0E1
:203520008741DCF7BFFB8046DCF798FDDCF766FB0546294640460695DCF7AAFA4FF087417B
:20354000DCF7B0FB00210790DCF740FD002800F0B18000212846DCF739FD002814BF012325
:2035600002237E4A01920222009221463A4605A800F00CFB002E0746B9DAD4E9002302F1A9
:20358000004203F10043226063604742AFE7002220604A600027384609B0BDE8F08F014639
:2035A000DCF776FA60602060F4E76D49DCF770FA6C490646DCF76CFA014605463046DCF7A5
:2035C00067FA6849DCF764FA8EE7FDF753FF66498046DCF767FB4FF07C51DCF75BFADCF73C
:2035E0003DFD0746DCF70AFB58498346DCF75AFB01464046DCF74CFA564982465846DCF71C
:2036000051FB014681465046DCF742FA1F2F80461FDC564B7A1E53F8222026F0004323F06A
:20362000FF03934215D0C4F8008041465046DCF72FFA4946DCF72CFA002E6060BFF657AF48
:2036400008F1004800F10040C4F8008060607F424DE7C8F3C753C3EBD553082B4FEAE552B9
:20366000E1DD3F4903925846DCF71CFB804601465046DCF70DFA054629465046DCF708FA45
:203680004146DCF705FA374980465846DCF70AFB4146DCF7FDF9014681462846DCF7F8F985
:2036A000039AC0F3C753D21A192A804604DC2060AA46BAE7032354E72D495846DCF7F2FA86
:2036C000804601462846DCF7E3F9824651462846DCF7DEF94146DCF7DBF9264905465846C3
:2036E000DCF7E0FA2946DCF7D3F9014681465046DCF7CEF9804696E7DCF7CCF9144B9D42B8
:2037000006460FD01349DCF7C5F9014605463046DCF7BEF90F49DCF7BDF9256060604FF09A
:20372000FF37E4E60E49DCF7B5F90E490646DCF7B1F9014605463046DCF7AAF90949DCF7EE
:20374000A9F9EAE7D80F493FE3CB1640800FC93FD00FC93F43443537800F494380D5030897
:203760000044353708A3852E84F9223F00D5030800A3852E32318D242DE9F0411646C1F3BC
:203780000A52074688460B4652BB21F00043034324D02D4B0022DBF757FE2C4B9E42074661
:2037A000884642DBC1F30A520B46363A4CF250318E421EDC164440F2FE72964219DC002ECD
:2037C00023DC16F1350F27DB6FF31E53363643EA065138461E4B0022DBF736FEBDE8F081B5
:2037E00040F2FF7C6245E1D10246DBF777FCBDE8F08111A3D3E90023454663F31E0529461A
:203800001448DBF721FEBDE8F0816FF31E53384643EA0651BDE8F08108F0004343F0D271A9
:2038200041F4B7310C4841F01F0105A3D3E90023DBF70AFEBDE8F0819C7500883CE4377EE1
:2038400059F3F8C21F6EA50100005043B03CFFFF0000903C9C75008859F3F8C2D0B5064676
:203860000F461446FCF7D2FF0346394630461C60D0BD00BF10B5044682B0104619460CB11C
:2038800003F10043CDE90023DDE90023DBF7DCFD222202B0BDE81040FFF7E0BF00224FF0A3
:2038A0008053FFF7E7BF00BF00224FF0E043FFF7E1BF00BF10B50C4630F0004103461DD053
:2038C000B1F1FF4F1BD210F0FF4F02461BD14FF09841DCF7E7F9204A944203462CDBC0F37B
:2038E000C75102464CF250308442A1F1190110DD1A49184661F31E00DCF7D4F910BD014664
:20390000DCF7C8F810BD4CF2503084424FEAD151EEDC2144FE29EBDC002911DC11F1160F0E
:2039200013DB01F1190022F0FF424FF04C5142EAC050DCF7B7F910BD0949DCF7B3F910BD35
:2039400022F0FF4242EAC15010BD0549184661F31E00DCF7A7F910BDB03CFFFFCAF249714C
:203960006042A20D38B505460C46FCF74FFF034628461C6038BD00BF08B540B101F1004064
:20398000DCF790F9BDE808402221FFF7EBBF0846DCF788F9BDE808402221FFF7E3BF00BFD2
:2039A0004FF08051FFF7E8BF4FF0E041FFF7E4BF734A8A432DE9F84F06460F4600F0AC80BD
:2039C00000290C46034655DD081562D0C4F31302C107A0F2FF3742F4801203D4520002EB68
:2039E000D3725B005200002602EBD3727F105B001624B4464FF400110CEB010090424FEA08
:203A0000D3754FEA430303DC00EB010C121A0E44013C05EB42024FEA5101EDD1A0462025A5
:203A20004FF000400AE043D0510001EBD371013D0A464FEA43034FEA500045D0624500EB4C
:203A4000080EF0DDBEF1000F0EEB00080CDBE146A2EB0C019E4588BF01F1FF314900CC4675
:203A6000A3EB0E030444E0E7B8F1000FEFDB0CF10109EDE721F00042024344D000296ED127
:203A8000DA0A153C5B05002AFAD0D602204673D4144600226400E502114602F10102F9D536
:203AA000C2F1200523FA05F52C439340401A8DE79E4502D94FEA4C01B7E7BEF1000F0EEB6E
:203AC000000822DB0021CBE7194312D0DFF8B4A0DFF8B4B0DAE90001DBE90023DBF7FCFAF7
:203AE000DAE9008902460B4640464946DBF728FFE0B96508731003F17F5303F5001303EB8B
:203B0000075145EAC670BDE8F88FB8F1000FD9DB0CF1010C0021A3E702460B46DBF794FCA0
:203B200032463B46DBF7DAFABDE8F88FB4F1FF3FDAE90001DBE900231AD0DBF7CFFADAE9E4
:203B4000008902460B4640464946DBF7EFFE88B1A31C04F1020508BF01366D08CAE702460F
:203B60000B46DBF7B9FA02460B46DBF797FDCAE70136BFE70134BCE74FF0FF31144695E7C5
:203B80000000F07FA0D8030898D803082DE9F04FDDB09C460991B14B6699804653F821A08D
:203BA000101D0CF1FF330193C0F2C182D31E48BF131DDB1006930133DB000A930A9B069984
:203BC000D31A04930CF1FF331AEB0307A1EB030520D401372F4420AE3B46DDF89C91CDF8DA
:203BE00000C03746002493461E4608E059F82500DCF704F80135B54247F8040B07D0002D7B
:203C0000F4DA01352046B54247F8040BF7D1DDF800C05A46BAF1000FC0F23C830198A8F19B
:203C200004040DF18009029409EB8C09002148AF4FEA8C0583460AEB0C0304EB8C0600287E
:203C400080F2A9810BF1010B9B4547F8041B09F10409F4D1029BCDF80CA01D440CAB03EBA2
:203C60008A03043B07930CAB03EB8A0354460B929A46CDF820C00DEB8403002CD3F820B1A9
:203C80004FEA84092EDD0DF5907808EB09060CAF4B460094A9463C465D4637469B464FF0B6
:203CA0006E512846DBF7FEFFDCF7D8F9DBF7A6FF4FF087410646DBF7F5FF01462846DBF74D
:203CC000E7FEDCF7CBF957F8041D44F8040B3046DBF7E0FE47450546E1D15B46009C4D462E
:203CE000834699465846DDF810B05946FFF7E2FD4FF078510646DBF7D5FFFDF7C9FD4FF082
:203D00008241DBF7CFFF01463046DBF7C1FE0646DCF7A4F90746DBF771FF01463046DBF718
:203D2000B7FE5946002980467DDD621E0CA8CBF1080350F8220040FA03F101FA03F3C31A85
:203D4000CBF107060F4443FA06F60CA9002E41F8223000F30D8100214046DCF737F900284D
:203D600000F0B780039B9C420CDD09F130036B44002253F8041D534542EA0102F9D1002A92
:203D800040F03081039B0CAA013B661C52F82330002B40F0FE80079A012352F8041D013356
:203DA0000029FAD0E218089B00921C44069BCDF814A003EB060808F18048679B08F1FF3878
:203DC00003EB880820AF48AB07EB8407994458F8040FDBF713FF019B47F8040B002B1ADBF8
:203DE000DDF808B0BA4600245AF8041D5BF8040FDBF758FF01462046DBF74CFEAB4504460D
:203E0000F2D1009B49F8044F01369E42DFDDDDF814A01C462FE7009B013600249E4249F8C5
:203E2000044FD4DDF3E700F08C804FF07C51DCF7EBF8064600288ED0002C07F10107C8BF61
:203E4000022640F31F820CAA002152F8043B002B73D0C3F5807342F8043C06E0D4D80308D6
:203E60001368C3F1FF0342F8043B01318C42F7DC0123049A002A0DDD012A00F04E81022AD9
:203E800008D1611E0CAA0CA852F8212002F03F0240F82120022E7FF45EAF41464FF07E50E5
:203EA0000093DBF7F5FD009B8046002B3FF453AF04994FF07E50FFF7FDFC01464046DBF7B2
:203EC000E7FD804600214046DCF780F800287FF449AFDDE90A324046991ADDF80CA0FFF701
:203EE000E9FC4FF08741A1460446DCF78DF8002800F0A7814FF06E512046DBF7D3FEDCF733
:203F0000ADF8DBF77BFE4FF087410546DBF7CAFE01462046DBF7BCFDDCF7A0F80CAB09F171
:203F2000010843F82900049B284608330493DCF795F80CAB43F828006DE001318C4284DC0E
:203F400097E7631E0CAA52F82360F611002E7FF702AF002C07F101073FF775AF022E7FF45A
:203F6000FAAE41464FF07E50DBF792FD8046F2E6002C07F101073FF766AF0499012900F0D8
:203F80009B810229EAD10CA903F03F0341F82230E4E7324607E7CDF800A09846DA46039281
:203FA000CDF814C00795029DCB4600245BF8041D55F8040FDBF776FE01462046DBF76AFDF8
:203FC000B5420446F2D10AF1010AC24547F8040B09F10409E7D1DDF800A0039ADDF814C008
:203FE000079D37E6DDE903A304F1FF38A3F108020CAB049253F828306BB904F18043013BC2
:204000000CA901EB830353F8041D08F1FF38083A0029F8D0049204994FF07E50FFF74AFC2E
:20402000B8F1000F0546C0F23B8108F101040CAB03EB840BA10048AB00964FF06E595E4609
:2040400003EB84048B4656F8040DDBF7D7FD2946DBF728FE494644F8040D2846DBF722FE71
:204060000CAB9E420546EED1ABF1080248AB009E019759460DF1D0091A444FF0000BBAF107
:20408000000F029617464E46CDF80080D946039122DBDFF85882BB46002400250DE05BF858
:2040A000041F58F8040BDBF7FDFD01462046DBF7F1FC0135AA45044601DB4D45EFDD009A03
:2040C00046F8044B914509F10103A7F1040705D0BAF1000F9946DCDA0024F0E7669BDDF8E7
:2040E00000800399022BDDE9017650DC002B23DC0ED134AB5C18002054F8041DDBF7CAFC8D
:2041000034ABA342F8D1002E40F0AE80099B186007F007005DB0BDE8F08F611E0CAA0CA852
:2041200052F8212002F07F0240F82120B2E608230A930023069341E534AB0025DDF8D0A07D
:204140005C18284654F8041DDBF7A4FC34ABA342F8D105465046002E7BD12946DBF798FCE1
:20416000099B1D60B8F1000F0AD0012554F8041F0135DBF78FFCA845F8DA0EB100F10040B5
:20418000099B586007F007005DB0BDE8F08F669B032BBDD1B8F1000F00F09B8034AB03EB47
:2041A000880B4FEA880553F828400095DA465AF8045C20462946DBF76DFCA14604462146E4
:2041C0002846DBF765FC4946DBF764FCCAF800004AF8044D34AB5345E9D1B8F1010F009DA1
:2041E00077D05C5903F104085BF804AC20465146DBF750FCA146044621465046DBF748FC61
:204200004946DBF747FCCBF800004BF8044DD845EAD134AB2C1D1C4403F10809002054F8D2
:20422000041DDBF737FCA145F9D1349A359BF6B909990A604B60886007F007005DB0BDE80C
:20424000F08F2046DBF70AFF0CABC84643F82900E1E6099A05F1004313602946DBF718FC0A
:20426000B8F1000F81D189E700F100404EE7099902F1004203F1004300F100400A604B600A
:204280008860D9E741464FF07E50DBF701FC0226804660E5A8F1040302934FEA8C05D9E424
:2042A000669B022B11DC002B15DC7FF431AF0020002E3FF42BAFD7E70CA903F07F03022E01
:2042C00041F822307FF447AD4BE6669B032B7FF41FAF0020A9E7349826B1099A4FF00043D3
:2042E00013604BE7099A0023136049E7A8D80308F8B500BFF8BC08BC9E467047F8B500BF3A
:20430000F8BC08BC9E4670475B25755D1B5B313B33336D5B5741524E494E475D1B5B306DA2
:204320003A20257328293A20627365635F696E6974206572723D25640A0000005B25755DA5
:204340001B5B313B33336D5B5741524E494E475D1B5B306D3A20257328293A20627365638D
:204360005F7365745F636F6E66696775726174696F6E206572723D25640A00005B25755D30
:204380001B5B313B33336D5B5741524E494E475D1B5B306D3A20257328293A207570646140
:2043A00074655F737562736372697074696F6E206572723D25640A005B25755D1B5B313B33
:2043C00033316D5B4552524F525D1B5B306D3A20627365635F73656E736F725F636F6E74B4
:2043E000726F6C20282564290A0000005B25755D1B5B313B33336D5B5741524E494E475D97
:204400001B5B306D3A20627365635F73656E736F725F636F6E74726F6C2025640A00000086
:204420005B25755D1B5B313B33336D5B5741524E494E475D1B5B306D3A2070726F636573AE
:20444000735F64617461206661696C65640A00005B25755D1B5B313B33316D5B4552524FC9
:20446000525D1B5B306D3A20257328293A206F73546872656164466C616773576169742001
:204480006661696C656420282564290A000000005B25755D1B5B313B33326D5B494E464F26
:2044A0005D1B5B306D3A201B5B313B33336D5B425345435D201B5B306D444F4E453A20698C
:2044C00061715B25752C2025755D2C20636F325B25752C2025755D2C2062766F635B25755F
:2044E0002C2025755D2C2074766F635B25752C2025755D0A000000005B25755D1B5B313BFB
:2045000033326D5B494E464F5D1B5B306D3A201B5B313B33336D5B425345435D201B5B3028
:204520006D257328293A205F626D65363978206973204E554C4C2C206665617475726520A2
:2045400064697361626C65640A0000005B25755D1B5B313B33316D5B4552524F525D1B5B5C
:20456000306D3A20257328293A20756E657870656374656420666C61677320282564290A9B
:20458000000000005B25755D1B5B313B33326D5B494E464F5D1B5B306D3A201B5B313B33AF
:2045A000336D5B425345435D201B5B306D6D6F64653D25752C206475726174696F6E3D25C3
:2045C000752C2061636375726163793D25750A005B25755D1B5B313B33316D5B4552524F56
:2045E000525D1B5B306D3A204153534552540A005B25755D1B5B313B33316D5B4552524F2B
:20460000525D1B5B306D3A20257328293A20617267733A206475723D25752C206163633D62
:2046200025752C206D6F64653D25750A00000000627365635F746872656164000001020493
:20464000081000000101000200000000010001000000000001000000020000007369645F9A
:204660003930305F637562656964655F736D61727461635F776C6535636300005B25755D33
:204680001B5B313B33326D5B494E464F5D1B5B306D3A204170706C69636174696F6E206E13
:2046A000616D653A2025730A00000000312E312E300000005B25755D1B5B313B33326D5B7C
:2046C000494E464F5D1B5B306D3A204170706C69636174696F6E2076657273696F6E202505
:2046E000730A000044656275670000005B25755D1B5B313B33326D5B494E464F5D1B5B30C6
:204700006D3A204170706C69636174696F6E206275696C6420747970653A2025730A000050
:2047200030663739633462373765386130333130626530643130353431633839303739641C
:2047400065356536393731632028646972747929000000005B25755D1B5B313B33326D5B22
:20476000494E464F5D1B5B306D3A204170706C69636174696F6E20636F6D6D69742068613D
:2047800073683A2025730A004E2F41005B25755D1B5B313B33326D5B494E464F5D1B5B30F4
:2047A0006D3A204170706C69636174696F6E20636F6D6D6974206465736372697074696FBF
:2047C0006E3A2025730A00005631302E362E32005B25755D1B5B313B33326D5B494E464F67
:2047E0005D1B5B306D3A204672656552544F53204B65726E656C3A2025730A005B25755D56
:204800001B5B313B33326D5B494E464F5D1B5B306D3A2053544D333243756265574C3A20BE
:2048200025752E25752E25750A0000005B25755D1B5B313B33326D5B494E464F5D1B5B30B4
:204840006D3A20486F7374204D43553A202573202830782558292C207265766973696F6EAB
:204860003A202573202830782558290A000000005B25755D1B5B313B33316D5B4552524F0E
:20488000525D1B5B306D3A204D69736D61746368206265747765656E205349444557414C93
:2048A0004B5F524144494F5F5350495F494E5354414E43455F4241534520616E6420534957
:2048C000444557414C4B5F524144494F5F5350492E496E7374616E63652E20506C65617361
:2048E0006520636865636B20696E7465722D4D43552053504920636F6E6669677572617483
:20490000696F6E0A000000005B25755D1B5B313B33316D5B4552524F525D1B5B306D3A2093
:20492000736861726564206461746120696E69740A0000005B25755D1B5B313B33316D5B08
:204940004552524F525D1B5B306D3A2053544D3332574C787820526164696F2041707020A7
:20496000696E6974206661696C65642E204572726F722025750A00005B25755D1B5B313BAE
:2049800033316D5B4552524F525D1B5B306D3A204661696C656420746F20696E69746961B1
:2049A0006C697A6520757365722070617274206F66205544542E204572726F722025750A6F
:2049C00000000000416476205472616365204D75746578005B25755D1B5B313B33316D5B1A
:2049E0004552524F525D1B5B306D3A201B5B313B33316D464154414C204552524F522E2050
:204A000053797374656D2077696C6C2062652072657365741B5B306D0A0000005B25755DA0
:204A20001B5B313B33316D5B4552524F525D1B5B306D3A2048617264204661756C74206FEA
:204A4000636375727265640A000000005B25755D1B5B313B33316D5B4552524F525D1B5BA7
:204A6000306D3A202D2D2D2D2D2D20535441434B204652414D452044554D50202D2D2D2DE6
:204A80002D2D0A005B25755D1B5B313B33316D5B4552524F525D1B5B306D3A20723020201C
:204AA0003D203078253038780A0000005B25755D1B5B313B33316D5B4552524F525D1B5B25
:204AC000306D3A20723120203D203078253038780A0000005B25755D1B5B313B33316D5B88
:204AE0004552524F525D1B5B306D3A20723220203D203078253038780A0000005B25755D18
:204B00001B5B313B33316D5B4552524F525D1B5B306D3A20723320203D2030782530387844
:204B20000A0000005B25755D1B5B313B33316D5B4552524F525D1B5B306D3A2072313220C2
:204B40003D203078253038780A0000005B25755D1B5B313B33316D5B4552524F525D1B5B84
:204B6000306D3A206C7220203D203078253038780A0000005B25755D1B5B313B33316D5BAC
:204B80004552524F525D1B5B306D3A20706320203D203078253038780A0000005B25755D48
:204BA0001B5B313B33316D5B4552524F525D1B5B306D3A20707372203D2030782530387814
:204BC0000A0000005B25755D1B5B313B33316D5B4552524F525D1B5B306D3A202D2D2D2D63
:204BE0002D2D2D2D2D2D2D2D2D2D2D2D2D2D2D2D2D2D2D2D2D2D2D2D2D2D0A005B25755DC7
:204C00001B5B313B33316D5B4552524F525D1B5B306D3A202D2D2D2D2D2D2D204641554CAF
:204C2000542044455441494C53202D2D2D2D2D2D2D2D0A005B25755D1B5B313B33316D5B08
:204C40004552524F525D1B5B306D3A205343422D3E48465352203D203078253038780A0056
:204C60005B25755D1B5B313B33316D5B4552524F525D1B5B306D3A20202020204465627580
:204C800067206576656E740A000000005B25755D1B5B313B33316D5B4552524F525D1B5BA4
:204CA000306D3A2020202020466F7263656420486172644661756C740A0000005B25755D33
:204CC0001B5B313B33316D5B4552524F525D1B5B306D3A205343422D3E43465352203D2084
:204CE0003078253038780A005B25755D1B5B313B33316D5B4552524F525D1B5B306D3A2049
:204D0000202020205573616765206661756C743A200A00005B25755D1B5B313B33316D5B1E
:204D20004552524F525D1B5B306D3A202020202020202020446976206279207A65726F0A17
:204D4000000000005B25755D1B5B313B33316D5B4552524F525D1B5B306D3A20202020201F
:204D600020202020556E616C69676E6564206163636573730A0000005B25755D1B5B313B4C
:204D800033316D5B4552524F525D1B5B306D3A2020202020202020204E6F20636F70726F93
:204DA000636573736F720A005B25755D1B5B313B33316D5B4552524F525D1B5B306D3A20A6
:204DC0002020202020202020457863657074696F6E2072657475726E2077697468206120E7
:204DE0006261642076616C756520696E20746865204558435F52455455524E206E756D62E6
:204E000065720A005B25755D1B5B313B33316D5B4552524F525D1B5B306D3A20202020207D
:204E200020202020416E20617474656D707420746F2073776974636820746F20616E2069F4
:204E40006E76616C69642073746174650A0000005B25755D1B5B313B33316D5B4552524FF1
:204E6000525D1B5B306D3A202020202020202020556E646566696E656420696E73747275BF
:204E80006374696F6E0A00005B25755D1B5B313B33316D5B4552524F525D1B5B306D3A2037
:204EA00020202020427573204661756C743A200A000000005B25755D1B5B313B33316D5B68
:204EC0004552524F525D1B5B306D3A202020202020202020427573204661756C7420416473
:204EE00064726573732056616C69640A000000005B25755D1B5B313B33316D5B4552524FDF
:204F0000525D1B5B306D3A202020202020202020466C6F6174696E672D506F696E74206C7E
:204F2000617A7920737461636B696E67206572726F720A005B25755D1B5B313B33316D5BF5
:204F40004552524F525D1B5B306D3A202020202020202020537461636B206661756C740AC1
:204F6000000000005B25755D1B5B313B33316D5B4552524F525D1B5B306D3A2020202020FD
:204F800020202020556E737461636B696E67206572726F720A0000005B25755D1B5B313BF2
:204FA00033316D5B4552524F525D1B5B306D3A202020202020202020507265636973652086
:204FC0006461746120616363657373206572726F720A00005B25755D1B5B313B33316D5BF1
:204FE0004552524F525D1B5B306D3A202020202020202020496E737472756374696F6E209B
:20500000616363657373206572726F720A0000005B25755D1B5B313B33316D5B4552524F32
:20502000525D1B5B306D3A20202020204D656D6F7279204661756C743A200A005B25755D89
:205040001B5B313B33316D5B4552524F525D1B5B306D3A2020202020202020204D656D6F60
:205060007279204661756C7420416464726573732056616C69640A005B25755D1B5B313BF5
:2050800033316D5B4552524F525D1B5B306D3A202020202020202020466C6F6174696E675C
:2050A0002D506F696E74206C617A79206D656D6F7279206572726F720A0000005B25755D7A
:2050C0001B5B313B33316D5B4552524F525D1B5B306D3A2020202020202020204D656D6FE0
:2050E000727920737461636B206661756C740A005B25755D1B5B313B33316D5B4552524FB1
:20510000525D1B5B306D3A2020202020202020204D656D6F727920756E737461636B696E0A
:2051200067206572726F720A000000005B25755D1B5B313B33316D5B4552524F525D1B5BF7
:20514000306D3A20202020202020202044617461206163636573732076696F6C6174696FC5
:205160006E0A00005B25755D1B5B313B33316D5B4552524F525D1B5B306D3A202020202083
:2051800020202020496E737472756374696F6E206163636573732076696F6C6174696F6E66
:2051A0000A000000256473253033643A000000005B25755D1B5B313B33326D5B494E464F36
:2051C0005D1B5B306D3A2053544D3332574C787820526164696F204170702073746172747B
:2051E00065640A005B25755D1B5B313B33316D5B4552524F525D1B5B306D3A20556E6162A2
:205200006C6520746F20726574726965766520486F737420436F6D6D206576656E74206602
:205220006C6167732E204572726F7220307825780A0000005B25755D1B5B313B33316D5BA0
:205240004552524F525D1B5B306D3A20486F737420636F6D6D205350492043524320657295
:20526000726F72206F636375727265640A0000005B25755D1B5B313B33316D5B4552524FC2
:20528000525D1B5B306D3A20486F737420636F6D6D20535049206572726F72206F63637568
:2052A000727265643A20307825780A005B25755D1B5B313B33326D5B494E464F5D1B5B3008
:2052C0006D3A20456E746572696E67204750494F2048616E647368616B6520737461746594
:2052E00020627920616E20696E7465726E616C20726571756573740A000000005B25755DC2
:205300001B5B313B33336D5B5741524E494E475D1B5B306D3A20476F742065787465726EBD
:20532000616C207265717565737420666F72204750494F2048616E647368616B650A000010
:205340005B25755D1B5B313B33336D5B5741524E494E475D1B5B306D3A204661696C6564C6
:2053600020746F20636C65617220686F737420636F6D6D205350492054782F527820627571
:20538000666665722E204572726F722025752E2057696C6C207472792066756C6C2053505D
:2053A00049207265696E69740A0000005B25755D1B5B313B33316D5B4552524F525D1B5B32
:2053C000306D3A204661696C656420746F20726573657420686F737420636F6D6D205350DE
:2053E000492E204572726F722025752E2048616E647368616B6520737461746520656E74D5
:205400007279206661696C65640A00005B25755D1B5B313B33336D5B5741524E494E475D3D
:205420001B5B306D3A2043616E277420737461727420686F737420636F6D6D20535049202E
:2054400062757320636F6D6D756E69636174696F6E2E20412072657472792077696C6C208F
:20546000626520617474656D707465640A0000005B25755D1B5B313B33316D5B4552524FDB
:20548000525D1B5B306D3A2043616E277420737461727420686F737420636F6D6D20535088
:2054A000492062757320636F6D6D756E69636174696F6E2E20556E7265636F7665726162D9
:2054C0006C65206572726F722025750A000000005B25755D1B5B313B33316D5B4552524F55
:2054E000525D1B5B306D3A204661696C656420746F207365742048616E647368616B652015
:20550000526573706F6E736520535049207061796C6F61642E2053494420526164696F20C9
:205520006572726F722025750A0000005B25755D1B5B313B33316D5B4552524F525D1B5BC0
:20554000306D3A204661696C656420746F20656E746572207468652048616E647368616B2B
:20556000652073746174650A000000005B25755D1B5B313B33316D5B4552524F525D1B5BBE
:20558000306D3A2052756E6E696E6720686F737420636F6D6D20527820534D20696E207355
:2055A000746174652048435F52585F53544154455F4D53475F52454345495645440A0000B3
:2055C0005B25755D1B5B313B33316D5B4552524F525D1B5B306D3A20486F737420636F6D1A
:2055E0006D20527820534D20697320696E20756E6B6E6F776E2073746174653A2025750A32
:20560000000000005B25755D1B5B313B33316D5B4552524F525D1B5B306D3A204661696C5A
:20562000656420746F2070726F63657373205369646577616C6B20526164696F20617070BB
:2056400020636F6D6D616E642E204572726F722025750A005B25755D1B5B313B33316D5BCF
:205660004552524F525D1B5B306D3A20486F737420636F6D6D205350492052782070726F05
:2056800063657373696E6720666174616C206572726F722025752E20496E7465722D4D43E5
:2056A0005520636F6D6D2072657365742069732072657175697265640A0000005B25755DAD
:2056C0001B5B313B33316D5B4552524F525D1B5B306D3A20556E61626C6520746F20696E17
:2056E000697469616C697A65205369646577616C6B20526164696F2053504920647269760B
:2057000065722E204572726F722025750A0000005B25755D1B5B313B33316D5B4552524FFE
:20572000525D1B5B306D3A204661696C656420746F20706572666F726D2053756247487A97
:205740002064726976657220696E697469616C697A6174696F6E2E204572726F7220257583
:205760000A0000005B25755D1B5B313B33316D5B4552524F525D1B5B306D3A20556E6162E5
:205780006C6520746F20637265617465205369646577616C6B20526164696F20636F6D6D72
:2057A000756E69636174696F6E2070726F63657373696E67207461736B0A00005B25755D93
:2057C0001B5B313B33336D5B5741524E494E475D1B5B306D3A205265717565737465642007
:2057E000746F20616464206E756C6C206461746120746F20686F737420636F6D6D20535078
:2058000049205478207175657565202D2069676E6F7265640A0000005B25755D1B5B313B7B
:2058200033316D5B4552524F525D1B5B306D3A20556E61626C6520746F2073656E6420257F
:20584000752062797465732076696120686F737420636F6D6D205350492E204D545520739F
:20586000697A65206C696D69742069732025750A000000005B25755D1B5B313B33316D5B81
:205880004552524F525D1B5B306D3A204661696C656420746F20656E717565756520736958
:2058A0006E676C6520535049205478206672616D652E205478204649464F206973206675CA
:2058C0006C6C0A005B25755D1B5B313B33316D5B4552524F525D1B5B306D3A204661696CB6
:2058E000656420746F20656E71756575652073696E676C6520535049205478206672616D64
:20590000652E2050414C206572726F722025750A000000005B25755D1B5B313B33316D5B89
:205920004552524F525D1B5B306D3A204661696C656420746F20656E7175657565202575F9
:2059400020535049205478204C4454206672616D65732E205478204649464F2068617320D3
:205960006F6E6C79202575206672656520736C6F74730A005B25755D1B5B313B33316D5B2A
:205980004552524F525D1B5B306D3A204661696C656420746F20656E717565756520535090
:2059A00049205478204C4454206672616D65732E2050414C206572726F722025750A0000D7
:2059C00053494420486F7374436F6D6D000000005B25755D1B5B313B33316D5B4552524F05
:2059E000525D1B5B306D3A2043616E6E6F7420686172642D7265736574205350492E20556A
:205A00006E6B6E6F776E2053504920696E7374616E636520286261736520616464726573F4
:205A2000732030782578290A000000005B25755D1B5B313B33336D5B5741524E494E475D86
:205A40001B5B306D3A204661696C656420746F20706572666F726D205350492061626F72A6
:205A6000742E2048414C206572726F7220307825782E2057696C6C207472792068617264BC
:205A800020726573657420696E73746561640A005B25755D1B5B313B33316D5B4552524F19
:205AA000525D1B5B306D3A204661696C656420746F20706572666F726D2053504920686172
:205AC00072642072657365742E2048414C206572726F7220307825782E204675727468651F
:205AE0007220696E697469616C697A6174696F6E206973206E6F7420706F737369626C653E
:205B00000A0000005B25755D1B5B313B33316D5B4552524F525D1B5B306D3A204661696C4B
:205B2000656420746F2073746172742053504920444D41205278206368616E6E656C2E201C
:205B400048414C206572726F7220307825780A005B25755D1B5B313B33316D5B4552524F1F
:205B6000525D1B5B306D3A204661696C656420746F2073746172742053504920444D412055
:205B80005478206368616E6E656C2E2048414C206572726F7220307825780A005B25755D12
:205BA0001B5B313B33316D5B4552524F525D1B5B306D3A204661696C656420746F20737434
:205BC0006172742053504920444D4120526571756573747320436F6E74726F6C20444D4111
:205BE000206368616E6E656C2E2048414C206572726F7220307825780A0000005B25755D7E
:205C00001B5B313B33316D5B4552524F525D1B5B306D3A204661696C656420746F207374D3
:205C2000617274205350492053434B2050696E20436F6E74726F6C20444D41206368616E1C
:205C40006E656C2E2048414C206572726F7220307825780A000000005B25755D1B5B313BF5
:205C600033316D5B4552524F525D1B5B306D3A20486F737420636F6D6D2053504920696E37
:205C8000697469616C697A6174696F6E206661696C65642E2048414C206572726F722030B1
:205CA0007825780A000000005B25755D1B5B313B33336D5B5741524E494E475D1B5B306DDD
:205CC0003A20535049204E535320697320616374697661746564206265666F726520535043
:205CE0004920697320737461727465642E2057616974696E6720666F72204E5353206465C3
:205D000061637469766174696F6E2E2E2E0A00005B25755D1B5B313B33316D5B4552524F25
:205D2000525D1B5B306D3A20535049204E5353206973206163746976617465642062656629
:205D40006F72652053504920697320737461727465642E2054696D656F7574206F6E207715
:205D60006169740A000000005B25755D1B5B313B33316D5B4552524F525D1B5B306D3A2027
:205D80004661696C656420746F20656E61626C6520444D414D5558207265717565737420FF
:205DA000666F722053504920444D41205265717565737420436F6E74726F6C206368616EDA
:205DC0006E656C2E2048414C206572726F7220307825780A000000005B25755D1B5B313B74
:205DE00033316D5B4552524F525D1B5B306D3A204661696C656420746F20656E61626C6554
:205E000020444D414D5558207265717565737420666F72205350492053434B2050696E2092
:205E2000436F6E74726F6C206368616E6E656C2E2048414C206572726F7220307825780AAC
:205E4000000000005B25755D1B5B313B33316D5B4552524F525D1B5B306D3A205350492082
:205E60004E535320676F7420616374697661746564207768696C652053504920697320731B
:205E800074617274696E672E2053504920776173206E6F74207374617274656420746F20B9
:205EA00061766F696420756E646566696E6564206265686176696F720A0000005B25755D31
:205EC0001B5B313B33316D5B4552524F525D1B5B306D3A20486F737420636F6D6D20535033
:205EE00049207265696E697469616C697A6174696F6E206661696C65642E2048414C20654D
:205F000072726F7220307825780A00005B25755D1B5B313B33316D5B4552524F525D1B5B90
:205F2000306D3A204661696C656420746F20657865637574652053756247487A20636D6468
:205F40002E20436D643A203078253032582C2048414C5F53554247485A206572723A2030B8
:205F60007825780A000000002B0000005B25755D1B5B313B33316D5B4552524F525D1B5B1A
:205F8000306D3A2052657175657374696E672048504120666F722053756247487A20547844
:205FA0002C206275742074686520626F61726420646F6573206E6F7420737570706F727448
:205FC0002069740A000000005B25755D1B5B313B33316D5B4552524F525D1B5B306D3A2006
:205FE00052657175657374696E67204C504120666F722053756247487A2054782C206275B4
:20600000742074686520626F61726420646F6573206E6F7420737570706F72742069740A03
:20602000000000005B25755D1B5B313B33316D5B4552524F525D1B5B306D3A20556E6B6E10
:206040006F776E2053756247487A20524249205478206361706162696C697469657320285E
:2060600030782558290A00005B25755D1B5B313B33316D5B4552524F525D1B5B306D3A2014
:206080004661696C656420746F2077726974652053756247487A207265672E205265673A16
:2060A000203078253034582C2048414C5F53554247485A206572723A20307825780A0000D2
:2060C0005B25755D1B5B313B33316D5B4552524F525D1B5B306D3A204661696C6564207433
:2060E0006F20726561642053756247487A207265672E205265673A203078253034582C2029
:2061000048414C5F53554247485A206572723A20307825780A0000005B25755D1B5B313B32
:2061200033336D5B5741524E494E475D1B5B306D3A20547820706F776572207361747572E9
:20614000617465642066726F6D202573256464426D20746F202573256464426D20647565C4
:2061600020746F204857206C696D69746174696F6E730A005B25755D1B5B313B33326D5B25
:20618000494E464F5D1B5B306D3A2053756247487A20547820706F7765722073657420749D
:2061A0006F202573256464420A0000005B25755D1B5B313B33316D5B4552524F525D1B5BC2
:2061C000306D3A204661696C656420746F206163636573732053756247487A2E2048414C78
:2061E0005F53554247485A206572723A20307825780A00005B25755D1B5B313B33316D5BFB
:206200004552524F525D1B5B306D3A204661696C656420746F20656E7175657565205375E2
:206220006247487A204952512073746174757320535049206672616D652E2048432065721C
:20624000726F722025750A005B25755D1B5B313B33316D5B4552524F525D1B5B306D3A2073
:206260004661696C656420746F20656E71756575652053756247487A2049525120666F6CFE
:206280006C6F772D757020646174612E204843206572726F722025750A0000005B25755DA7
:2062A0001B5B313B33316D5B4552524F525D1B5B306D3A20554454202D206572726F7220D8
:2062C0007768696C652077616974696E67206472697665722072656164696E6573732E20BA
:2062E0004572726F7220666C616773203078253038580A005B25755D1B5B313B33316D5B50
:206300004552524F525D1B5B306D3A20554454202D206572726F72207768696C6520776174
:206320006974696E672055445420656E61626C656D656E742E204572726F7220666C6167E8
:2063400073203078253038580A0000005B25755D1B5B313B33316D5B4552524F525D1B5B56
:20636000306D3A204661696C656420746F2073656E6420554454206D6573736167652E20B4
:206380004572726F722025750A0000005B25755D1B5B313B33336D5B5741524E494E475D5A
:2063A0001B5B306D3A20554454207472616E7366657220736B6970706564202D20656D703F
:2063C000747920646174612070726F76696465640A0000005B25755D1B5B313B33316D5B2F
:2063E0004552524F525D1B5B306D3A20556E6578706563746564206572726F722077686982
:206400006C6520616363657373696E67205544542071756575652E204F53206572726F724F
:20642000203078253038780A000000005B25755D1B5B313B33316D5B4552524F525D1B5BC8
:20644000306D3A204661696C656420746F20636F6E6669677572652053756247487A206147
:206460006E74656E6E61207377697463682E20524249206572726F722025642C2073776929
:20648000746368206366673A2025750A000000005B25755D1B5B313B33316D5B4552524FD7
:2064A000525D1B5B306D3A204661696C656420746F207365742053756247487A2072616462
:2064C000696F206D6F64652E204572726F722025750A00005B25755D1B5B313B33316D5BA3
:2064E0004552524F525D1B5B306D3A204661696C656420746F207374617274205375624721
:20650000487A2054782E204572726F722025750A0000000046534B004C6F5261000000005F
:20652000556E646566696E6564000000756E6B6E6F776E005B25755D1B5B313B33336D5B57
:206540005741524E494E475D1B5B306D3A20417474656D707420746F20736574206D6F64AD
:20656000656D206D6F6465206265666F72652053756247487A20636F6E66696720697320EC
:2065800073656E740A0000005B25755D1B5B313B33316D5B4552524F525D1B5B306D3A2083
:2065A0005F7369645F726164696F5F636F6E766572745F746F5F7068795F6C6F72615F6DA3
:2065C0006F645F706172616D733A20636F64696E6720726174652073656C6563746F7220CA
:2065E0006973206E6F7420737570706F727465642C207265717565737465642043522069EC
:206600007320307825780A005B25755D1B5B313B33316D5B4552524F525D1B5B306D3A20E4
:2066200043616E6E6F74206170706C792046534B2073796E6320776F7264202D6974277330
:2066400020746F6F206C6F6E6720282575207673202575290A0000005B25755D1B5B313BEC
:2066600033316D5B4552524F525D1B5B306D3A204661696C656420746F20736574205375FE
:206680006247487A206D6F64656D206D6F64652E20556E6B6E6F776E206D6F64652072659E
:2066A0007175657273746564202830782578290A000000005B25755D1B5B313B33326D5B4C
:2066C000494E464F5D1B5B306D3A2053756247487A20726164696F206D6F64656D20736538
:2066E0007420746F202573206D6F64650A0000005B25755D1B5B313B33316D5B4552524F04
:20670000525D1B5B306D3A204661696C656420746F207365742053756247487A20726164FF
:20672000696F206D6F64656D20746F202573206D6F64652E204572726F723A2025750A0079
:206740005B25755D1B5B313B33316D5B4552524F525D1B5B306D3A2053756247487A2069C9
:206760006E6974206661696C757265202D20756E61626C6520746F207075742072616469A6
:206780006F20696E746F205374616E6462792052432073746174652E204572726F72202528
:2067A000750A00005B25755D1B5B313B33316D5B4552524F525D1B5B306D3A204661696C2A
:2067C000656420746F20656E61626C6520534D505320636C6F636B20646574656374696F66
:2067E0006E2E204170706C69656420636F6E6669673A203078253032582C2072656164625D
:2068000061636B20636F6E6669673A203078253032580A005B25755D1B5B313B33336D5B66
:206820005741524E494E475D1B5B306D3A20485345205443584F20706F77657220697320D1
:2068400064697361626C65642C2066616C6C696E67206261636B20746F205854414C0A00C0
:206860005B25755D1B5B313B33316D5B4552524F525D1B5B306D3A2053756247487A2069A8
:206880006E6974206661696C757265202D20756E61626C6520746F20707574207261646985
:2068A0006F20696E746F205374616E64627920584F53432073746174652E204572726F72A4
:2068C0002025750A000000005B25755D1B5B313B33336D5B5741524E494E475D1B5B306D0C
:2068E0003A2043616E27742072657365742053756247487A207065726970686572616C208F
:206900002D206F7065726174696F6E2074696D656F75742E20412072657472792077696CE1
:206920006C20626520617474656D707465640A005B25755D1B5B313B33316D5B4552524F7A
:20694000525D1B5B306D3A204661696C656420746F20706572666F726D2053756247487A65
:2069600020686172647761726520696E697469616C697A6174696F6E2E204572726F722029
:2069800025750A005B25755D1B5B313B33316D5B4552524F525D1B5B306D3A2043616E2766
:2069A000742072657365742053756247487A207065726970686572616C2E20556E72656336
:2069C0006F76657261626C65206572726F722025750A00005B25755D1B5B313B33316D5BF9
:2069E0004552524F525D1B5B306D3A2045787465726E616C207265717565737420746F20B4
:206A000072657365742053756247487A207065726970686572616C2072656A65637465644E
:206A2000202D20696E76616C6964206B65797320286B313A203078253038782C206B323A18
:206A400020307825303878290A0000005B25755D1B5B313B33316D5B4552524F525D1B5B79
:206A6000306D3A204661696C656420746F207365742049525120696E6469636174696F6E1D
:206A80002075706F6E2053756247487A20526573657420636F6D706C6574696F6E2E2045B1
:206AA00072726F722025750A000000005B25755D1B5B313B33316D5B4552524F525D1B5B90
:206AC000306D3A20554454202D206661696C656420746F2073746F70206375742D6F666643
:206AE0002074696D65722E204572726F722025640A0000005B25755D1B5B313B33316D5BEA
:206B00004552524F525D1B5B306D3A20554454202D206661696C656420746F2073657420D3
:206B20006375742D6F66662074696D657220706572696F642E204572726F722025640A00B2
:206B40005B25755D1B5B313B33316D5B4552524F525D1B5B306D3A20554454202D20666160
:206B6000696C656420746F207374617274206375742D6F66662074696D65722E204572729A
:206B80006F722025640A00005B25755D1B5B313B33336D5B5741524E494E475D1B5B306D79
:206BA0003A204661696C656420746F207265636F6E666967757265205544542E20457272F6
:206BC0006F722025750A00005B25755D1B5B313B33336D5B5741524E494E475D1B5B306D28
:206BE0003A204661696C656420746F20656E61626C65205544542E204572726F722025754D
:206C00000A0000005B25755D1B5B313B33316D5B4552524F525D1B5B306D3A204661696C3A
:206C2000656420746F207365742049525120696E6469636174696F6E2075706F6E20537504
:206C40006247487A20536C65657020636F6D706C6574696F6E2E204572726F722025750A3A
:206C6000000000005B25755D1B5B313B33316D5B4552524F525D1B5B306D3A204661696CE4
:206C8000656420746F207365742049525120696E6469636174696F6E2075706F6E205375A4
:206CA0006247487A205374616E64627920636F6D706C6574696F6E2E204572726F7220257D
:206CC000750A00005B25755D1B5B313B33316D5B4552524F525D1B5B306D3A204661696C05
:206CE000656420746F206170706C792053756247487A20526164696F20636F6E6669677515
:206D0000726174696F6E2E2052656365697665642025752062797465732062757420657808
:206D20007065637465642025750A00005B25755D1B5B313B33316D5B4552524F525D1B5B5D
:206D4000306D3A204661696C656420746F2061636B6E6F776C656467652053756247487AFD
:206D600020526164696F20436F6E66696775726174696F6E20726571756573742E2045725E
:206D8000726F722025750A005B25755D1B5B313B33326D5B494E464F5D1B5B306D3A205233
:206DA000656365697665642053756247487A20636F6E66696775726174696F6E0A00000009
:206DC0005B25755D1B5B313B33316D5B4552524F525D1B5B306D3A2053756247487A206844
:206DE0006172647761726520696E697420726571756573746564206265666F726520686F5D
:206E00007374204D435520737570706C6965642053756247487A20636F6E6669670A00000D
:206E20005B25755D1B5B313B33316D5B4552524F525D1B5B306D3A204661696C65642074C5
:206E40006F207365742049525120696E6469636174696F6E2075706F6E2053756247487AD4
:206E6000206261736520485720696E697420636F6D706C6574696F6E2E204572726F7220F2
:206E800025750A005B25755D1B5B313B33316D5B4552524F525D1B5B306D3A20496E76610C
:206EA0006C6964206672657175656E792062616E64207370656369666965643A2025750A8B
:206EC000000000005B25755D1B5B313B33316D5B4552524F525D1B5B306D3A204661696C82
:206EE000656420746F207365742053756247487A206672657175656E637920746F20257558
:206F00002E204572726F722025750A005B25755D1B5B313B33336D5B5741524E494E475D80
:206F20001B5B306D3A20417474656D707420746F20636F6E66696775726520537562474847
:206F40007A20547820706F776572206265666F72652074686520636F6E66696720697320D8
:206F600073656E740A0000005B25755D1B5B313B33316D5B4552524F525D1B5B306D3A2099
:206F80004661696C656420746F207365742053756247487A20547820706F77657220746FAE
:206FA000202573256464422E204572726F722025750A00005B25755D1B5B313B33336D5B6C
:206FC0005741524E494E475D1B5B306D3A20417474656D707420746F20736574206D6F6423
:206FE000656D2073796E6320776F7264206265666F72652053756247487A20636F6E6669F1
:20700000672069732073656E740A00005B25755D1B5B313B33336D5B5741524E494E475D54
:207020001B5B306D3A20496E76616C6964206D6F64656D2073706563696669656420666F29
:2070400072205365742053796E6320576F726420636D643A2025750A000000005B25755D55
:207060001B5B313B33336D5B5741524E494E475D1B5B306D3A20417474656D707420746F3E
:2070800020736574204C6F52612073796D626F6C2074696D656F7574206265666F72652066
:2070A00053756247487A20636F6E6669672069732073656E740A00005B25755D1B5B313BF3
:2070C00033316D5B4552524F525D1B5B306D3A204661696C656420746F206170706C792082
:2070E0004C6F52612073796D626F6C2074696D656F75742073657474696E672E20457272B0
:207100006F722025750A00005B25755D1B5B313B33336D5B5741524E494E475D1B5B306DE2
:207120003A20417474656D707420746F20736574204C6F5261206D6F64756C6174696F6EBD
:2071400020706172616D73206265666F72652053756247487A20636F6E66696720697320F3
:2071600073656E740A0000005B25755D1B5B313B33316D5B4552524F525D1B5B306D3A2097
:207180004661696C656420746F206170706C79204C6F5261206D6F64756C6174696F6E2057
:2071A000706172616D732E204572726F722025750A0000005B25755D1B5B313B33336D5BCD
:2071C0005741524E494E475D1B5B306D3A20417474656D707420746F20736574204C6F5254
:2071E00061207061636B657420706172616D73206265666F72652053756247487A20636F1A
:207200006E6669672069732073656E740A0000005B25755D1B5B313B33316D5B4552524F52
:20722000525D1B5B306D3A204661696C656420746F206170706C79204C6F526120706163C2
:207240006B657420706172616D732E204572726F722025750A0000005B25755D1B5B313BF6
:2072600033336D5B5741524E494E475D1B5B306D3A20417474656D707420746F20736574B2
:20728000204C6F52612043414420706172616D73206265666F72652053756247487A20636B
:2072A0006F6E6669672069732073656E740A00005B25755D1B5B313B33316D5B4552524F43
:2072C000525D1B5B306D3A204661696C656420746F206170706C79204C6F5261204341448E
:2072E00020706172616D732E204572726F722025750A00005B25755D1B5B313B33336D5B6C
:207300005741524E494E475D1B5B306D3A20417474656D707420746F2046534B206D6F6447
:20732000756C6174696F6E20706172616D73206265666F72652053756247487A20636F6E67
:207340006669672069732073656E740A000000005B25755D1B5B313B33316D5B4552524F7F
:20736000525D1B5B306D3A204661696C656420746F206170706C792046534B206D6F64758A
:207380006C6174696F6E20706172616D732E204572726F722025750A000000005B25755D54
:2073A0001B5B313B33336D5B5741524E494E475D1B5B306D3A20417474656D707420746FFB
:2073C000207365742046534B207061636B657420706172616D73206265666F726520537586
:2073E0006247487A20636F6E6669672069732073656E740A000000005B25755D1B5B313B78
:2074000033316D5B4552524F525D1B5B306D3A204661696C656420746F206170706C79203E
:2074200046534B207061636B657420706172616D732E204572726F722025750A0000000010
:207440005B25755D1B5B313B33316D5B4552524F525D1B5B306D3A204661696C656420749F
:207460006F207365742053756247487A205478206275666665722E204279746573207772FA
:20748000697474656E3A2025752C2065787065637465643A2025752C206572726F72202587
:2074A000750A00005B25755D1B5B313B33336D5B5741524E494E475D1B5B306D3A20417456
:2074C00074656D707420746F207374617274205478206265666F72652053756247487A203F
:2074E000636F6E6669672069732073656E740A005B25755D1B5B313B33316D5B4552524F9E
:20750000525D1B5B306D3A204661696C656420746F2073746172742053756247487A2054F2
:20752000782E204572726F722025752E204D6F64656D206D6F64653A2025750A00000000BE
:207540005B25755D1B5B313B33336D5B5741524E494E475D1B5B306D3A20417474656D707E
:207560007420746F207374617274205278206265666F72652053756247487A20636F6E66B0
:2075800069672069732073656E740A005B25755D1B5B313B33316D5B4552524F525D1B5B7E
:2075A000306D3A204661696C656420746F2073746172742053756247487A2052782E20456E
:2075C00072726F722025750A000000005B25755D1B5B313B33336D5B5741524E494E475D4D
:2075E0001B5B306D3A20417474656D707420746F2073746172742046534B206361727269B9
:2076000065722073656E7365206265666F72652053756247487A20636F6E666967206973DD
:207620002073656E740A00005B25755D1B5B313B33316D5B4552524F525D1B5B306D3A20B2
:2076400046534B2043532065786974206D6F64652030782558206973206E6F7420737570C7
:20766000706F727465640A005B25755D1B5B313B33316D5B4552524F525D1B5B306D3A20BE
:207680004661696C656420746F20737461727420436172726965722053656E73652E2045BB
:2076A00072726F722025750A000000005B25755D1B5B313B33336D5B5741524E494E475D6C
:2076C0001B5B306D3A20436F6D6D616E642053544152545F43575F5458206973206E6F745F
:2076E00020737570706F727465640A005B25755D1B5B313B33336D5B5741524E494E475DA5
:207700001B5B306D3A20436F6D6D616E642053544152545F494E46494E4954455F50424C9D
:207720005F5458206973206E6F7420737570706F727465640A0000005B25755D1B5B313B8D
:2077400033336D5B5741524E494E475D1B5B306D3A20436F6D6D616E642053544152545F4F
:20776000434F4E54494E494F55535F5258206973206E6F7420737570706F727465640A0078
:207780005B25755D1B5B313B33336D5B5741524E494E475D1B5B306D3A20436F6D6D616E4C
:2077A00064205345545F52585F445554595F4359434C45206973206E6F7420737570706F18
:2077C000727465640A0000005B25755D1B5B313B33336D5B5741524E494E475D1B5B306D08
:2077E0003A20436F6D6D616E642053544152545F4C4F52415F434144206973206E6F742081
:20780000737570706F727465640A00005B25755D1B5B313B33336D5B5741524E494E475DA3
:207820001B5B306D3A20436F6D6D616E64204745545F4C4956455F52535349206973206E63
:207840006F7420737570706F727465640A0000005B25755D1B5B313B33336D5B5741524E9B
:20786000494E475D1B5B306D3A20436F6D6D616E6420434845434B5F4348414E4E454C5F6C
:2078800046524545206973206E6F7420737570706F727465640A00005B25755D1B5B313B15
:2078A00033336D5B5741524E494E475D1B5B306D3A20436F6D6D616E64204745545F434811
:2078C000414E4E454C5F4E4F495345206973206E6F7420737570706F727465640A000000E0
:2078E0005B25755D1B5B313B33316D5B4552524F525D1B5B306D3A205265636569766564AD
:2079000020616E20756E6B6E6F776E205369646577616C6B20526164696F20417070204F35
:2079200070436F64653A20307825582C20307825580A00005B25755D1B5B313B33326D5B01
:20794000494E464F5D1B5B306D3A2053756247487A206672657175656E63792062616E6457
:207960002073657420746F2025730A003930322D393238204D487A005B25755D1B5B313B08
:2079800033316D5B4552524F525D1B5B306D3A204661696C656420746F207265616420251E
:2079A000752062797465732066726F6D2053756247487A206275666665722E2048414C5FC8
:2079C00053554247485A206572723A20307825780A0000005B25755D1B5B313B33316D5B62
:2079E0004552524F525D1B5B306D3A204661696C656420746F207265616420537562474856
:207A00007A20696E7465726E616C2052414D206275666665722E204572726F722025750AB9
:207A2000000000005B25755D1B5B313B33316D5B4552524F525D1B5B306D3A204661696C16
:207A4000656420746F20726561642053756247487A204C6F5261207061636B65742073741E
:207A6000617475732E204572726F722025750A005B25755D1B5B313B33316D5B4552524F95
:207A8000525D1B5B306D3A204661696C656420746F20726561642053756247487A204C6F98
:207AA00052612068656164657220435243207374617475732E2048616C206572726F722001
:207AC000307825780A0000005B25755D1B5B313B33316D5B4552524F525D1B5B306D3A20A3
:207AE00052656365697665642053756247487A20527820446F6E65204952512C20627574D9
:207B000020616374697665206D6F64656D206D6F6465202825752920697320696E76616C91
:207B200069640A005B25755D1B5B313B33336D5B5741524E494E475D1B5B306D3A20556E69
:207B400065787065637465642053756247487A204952512064657465637465643A20307810
:207B6000253034582E204E6F2068616E646C6572732061737369676E656420746F2069743A
:207B80002E20416C6C207265706F727465643A203078253034580A005B25755D1B5B313BD8
:207BA00033336D5B5741524E494E475D1B5B306D3A20556E68616E646C6564205375624793
:207BC000487A2049525173206964656E7469666965642E205265706F727465643A2030789A
:207BE000253034782C20756E68616E646C65643A203078253034780A000000005B25755D26
:207C00001B5B313B33316D5B4552524F525D1B5B306D3A2053756247487A20495251207033
:207C2000726F63657373206572726F722025752E204952513A20307825303458207261643D
:207C4000696F2073746174653A2025752C206D6F64656D2025750A005B25755D1B5B313BC1
:207C600033316D5B4552524F525D1B5B306D3A204661696C656420746F20637265617465A8
:207C800020726164696F2074696D656F7574206D6F6E69746F722E204572726F7220256465
:207CA0000A0000005B25755D1B5B313B33316D5B4552524F525D1B5B306D3A2043616E27CD
:207CC0007420637265617465205544542073757370656E642074696D65722E204572726F46
:207CE000722025640A0000005B25755D1B5B313B33316D5B4552524F525D1B5B306D3A20AB
:207D000043616E27742063726561746520554454206D6573736167652071756575652E207D
:207D20004E6F206D656D6F72790A00005B25755D1B5B313B33316D5B4552524F525D1B5B06
:207D4000306D3A2043616E277420637265617465205544542070726F63657373696E672061
:207D60007468726561642E204E6F206D656D6F72790A00005B25755D1B5B313B33316D5B5D
:207D80004552524F525D1B5B306D3A204661696C656420746F20696E697469616C697A65F5
:207DA0002055445420736572766963652E204572726F722025750A003836332D38373020FC
:207DC0004D487A003737392D373837204D487A003437302D353130204D487A003433302D9A
:207DE000343430204D487A00574C78785F554454000000005B25755D1B5B313B33336D5B7B
:207E00005741524E494E475D1B5B306D3A20257328293A20703D3078253038582C20733D09
:207E200025750A005B25755D1B5B313B33336D5B5741524E494E475D1B5B306D3A202573C4
:207E400028293A20646174615F6C656E3D25752C2065787065637465643D25750A000000E9
:207E60005B25755D1B5B313B33316D5B4552524F525D1B5B306D3A20257328293A206D613D
:207E80006C6C6F632028307825303858290A00005B25755D1B5B313B33316D5B4552524F98
:207EA000525D1B5B306D3A20257328293A20656E717565756520696E636F6D696E67205087
:207EC00044552C207374617475733D25640A00005B25755D1B5B313B33316D5B4552524FB1
:207EE000525D1B5B306D3A20257328293A207369645F686F73745F636F6D6D5F73656E64B2
:207F00005F757365725F64617461206661696C65642C206572723D25640A00005B25755D0E
:207F20001B5B313B33316D5B4552524F525D1B5B306D3A20257328293A2077616974206661
:207F40006F72205742412041434B206661696C65642C20666C6167733D3078253038580AA5
:207F6000000000005B25755D1B5B313B33316D5B4552524F525D1B5B306D3A202573282964
:207F80003A20676574206D7367206572723D25640A0000005B25755D1B5B313B33336D5B45
:207FA0005741524E494E475D1B5B306D3A201B5B313B33366D5B5544545D201B5B306D252C
:207FC0007328293A2057424120616C7265616479206D61726B65642072656164790A0000D4
:207FE0005B25755D1B5B313B33316D5B4552524F525D1B5B306D3A20257328293A206362C5
:20800000206973204E554C4C20666F7220746F6B656E2025750A00005B25755D1B5B313B69
:2080200033316D5B4552524F525D1B5B306D3A20257328293A2062616420736C69737420E7
:208040006E6F64652076616C75650A005B25755D1B5B313B33326D5B494E464F5D1B5B30A3
:208060006D3A201B5B313B33366D5B5544545D201B5B306D257328293A2057424120726595
:20808000706F727465642073746174653D3078253038580A000000005B25755D1B5B313B09
:2080A00033336D5B5741524E494E475D1B5B306D3A201B5B313B33366D5B5544545D201B1A
:2080C0005B306D257328293A20746B6E3D2564206E6F7420666F756E6420696E20696E2D8A
:2080E000666C69676874206C6973740A000000005B25755D1B5B313B33316D5B4552524F84
:20810000525D1B5B306D3A20257328293A20746B6E3D257520696E2D666C696768742077A3
:208120006974682063623D3D4E554C4C0A0000005B25755D1B5B313B33336D5B5741524EBC
:20814000494E475D1B5B306D3A20257328293A20756E6B6E6F776E206F703D25750A000044
:208160005B25755D1B5B313B33316D5B4552524F525D1B5B306D3A20257328293A20464181
:2081800054414C204552524F520A00005B25755D1B5B313B33326D5B494E464F5D1B5B30BA
:2081A0006D3A201B5B313B33366D5B5544545D201B5B306D77616974696E6720666F7220EE
:2081C00057424120736964652072656164792E2E2E0A00005B25755D1B5B313B33316D5BD7
:2081E0004552524F525D1B5B306D3A20257328293A207761697420574241207374617465F8
:2082000020666C6167733D25640A00005B25755D1B5B313B33316D5B4552524F525D1B5BA4
:20822000306D3A20257328293A2072657175657374205742412073746174652C2055445487
:208240002073656E64206572723D25640A0000005B25755D1B5B313B33316D5B4552524F83
:20826000525D1B5B306D3A20257328293A206661696C656420746F2070726F6365737320F8
:20828000696E626F756E64206D657373616765732C20696E626F756E643D25640A0000006C
:2082A0005B25755D1B5B313B33316D5B4552524F525D1B5B306D3A20257328293A20666CF5
:2082C000616720776169742074696D656F75740A000000005B25755D1B5B313B33316D5B70
:2082E0004552524F525D1B5B306D3A20257328293A2073656E6420554454206D65737361F7
:208300006765206572723D25640A00005B25755D1B5B313B33316D5B4552524F525D1B5B9B
:20832000306D3A20257328293A206661696C656420746F20616464206D736720646573632C
:2083400020746F2074686520736C6973740A00005B25755D1B5B313B33316D5B4552524FC8
:20836000525D1B5B306D3A20257328293A20696E626F756E643D25642C206F7574626F75FF
:208380006E643D25640A00005B25755D1B5B313B33316D5B4552524F525D1B5B306D3A2087
:2083A000257328293A206E6F7420696E697469616C697A65640A00005B25755D1B5B313B35
:2083C00033316D5B4552524F525D1B5B306D3A20257328293A20616C6C6F63617465206D08
:2083E00073672064657363206661696C65642E204E6F206D656D0A005B25755D1B5B313BB7
:2084000033316D5B4552524F525D1B5B306D3A20257328293A2071756575652070757420DB
:208420006661696C65642C206572723D25640A005B25755D1B5B313B33316D5B4552524FDA
:20844000525D1B5B306D3A20257328293A206F734576656E74466C6167734E65770A0000B8
:208460005B25755D1B5B313B33316D5B4552524F525D1B5B306D3A20257328293A206F7323
:208480004D65737361676551756575654E6577206F75740A000000005B25755D1B5B313B32
:2084A00033316D5B4552524F525D1B5B306D3A20257328293A206F734D6573736167655101
:2084C000756575654E657720696E0A005B25755D1B5B313B33316D5B4552524F525D1B5B00
:2084E000306D3A20257328293A206F66665F736C6973745F6372656174650A005B25755D4A
:208500001B5B313B33316D5B4552524F525D1B5B306D3A20257328293A206F734D75746539
:20852000784E65770A0000005B25755D1B5B313B33316D5B4552524F525D1B5B306D3A20DB
:20854000257328293A206F735468726561644E65770A00005B25755D1B5B313B33316D5B0A
:208560004552524F525D1B5B306D3A20257328293A2072656769737465722055445420636F
:20858000616C6C6261636B206572723D25640A005B25755D1B5B313B33326D5B494E464F4B
:2085A0005D1B5B306D3A201B5B313B33366D5B5544545D201B5B306D696E697469616C690E
:2085C0007A65640A000000005B25755D1B5B313B33316D5B4552524F525D1B5B306D3A209A
:2085E000257328293A20696E76616C696420617267756D656E740A005544545F50524F4344
:20860000000000005B25755D1B5B313B33316D5B4552524F525D1B5B306D3A20415353457A
:2086200052540A005B25755D1B5B313B33326D5B494E464F5D1B5B306D3A205B41434D4FB8
:208640004E5D2061743D25640A0000005B25755D1B5B313B33316D5B4552524F525D1B5BED
:20866000306D3A20257328293A206F73546872656164466C6167735761697420666C61674A
:20868000733D25750A0000005B25755D1B5B313B33316D5B4552524F525D1B5B306D3A20D2
:2086A000257328293A206578697465640A0000005B25755D1B5B313B33326D5B494E464F5D
:2086C0005D1B5B306D3A201B5B313B33326D5B414D5D201B5B306D436F6E66696775726105
:2086E00074696F6E206368616E6765642C2072656C6F6164696E672E2E2E0A005B25755DEF
:208700001B5B313B33326D5B494E464F5D1B5B306D3A201B5B313B33326D5B414D5D201B1F
:208720005B306D416C65727420696E6469636174696F6E2063616E63656C6C656420627951
:2087400020757365720A00005B25755D1B5B313B33316D5B4552524F525D1B5B306D3A207C
:208760004661696C656420746F2063726561746520616C657274206672616D650A000000B0
:208780005B25755D1B5B313B33336D5B5741524E494E475D1B5B306D3A204661696C656452
:2087A00020746F20617070656E6420616C657274206461746120746F206672616D652C20B2
:2087C0006572723D25640A005B25755D1B5B313B33316D5B4552524F525D1B5B306D3A20CC
:2087E000257328293A20656E6420554C206572723D25640A000000005B25755D1B5B313BD1
:2088000033316D5B4552524F525D1B5B306D3A20257328293A20616C6572742049443D256E
:20882000640A00005B25755D1B5B313B33316D5B4552524F525D1B5B306D3A20257328292D
:208840003A2073656E6420616C657274206672616D65206572723D25640A00005B25755D26
:208860001B5B313B33326D5B494E464F5D1B5B306D3A201B5B313B33326D5B414D5D201BBE
:208880005B306D696E64207375707072657373696F6E2063616E63656C6C65640A000000F5
:2088A0005B25755D1B5B313B33326D5B494E464F5D1B5B306D3A201B5B313B33326D5B4111
:2088C0004D5D201B5B306D416C6572742069643D25642C2073746174653D25642C206D61C3
:2088E000736B3D3078253038582C207375703D25750A0000414D000043414954000000009C
:208900005B25755D1B5B313B33316D5B4552524F525D1B5B306D3A20257328293A206E767C
:208920006D2072656164206572723D25640A00005B25755D1B5B313B33326D5B494E464F48
:208940005D1B5B306D3A20434149543A2064656661756C7420636F6E6669670A000000004D
:208960005B25755D1B5B313B33316D5B4552524F525D1B5B306D3A20257328293A206E761C
:208980006D207772697465206572723D25640A005B25755D1B5B313B33316D5B4552524F4E
:2089A000525D1B5B306D3A20257328293A20696E76616C696420636F6E6669672C206572B8
:2089C000723D25640A00000043425345000000005B25755D1B5B313B33316D5B4552524FA0
:2089E000525D1B5B306D3A20257328293A20696E76616C696420636F6E6669672065727232
:208A00003D25640A000000005B25755D1B5B313B33326D5B494E464F5D1B5B306D3A2043EC
:208A20004253453A2064656661756C7420636F6E6669670A000000005B25755D1B5B313B49
:208A400033316D5B4552524F525D1B5B306D3A20257328293A203C6E756C6C20636F6E6696
:208A600069673E0A000000005B25755D1B5B313B33326D5B494E464F5D1B5B306D3A204344
:208A80004253453A20656E3D25752C20696E743D25752C206475723D25752C206163633D6C
:208AA00025752C206D6F64653D25640A00000000434C4454000000005B25755D1B5B313B00
:208AC00033326D5B494E464F5D1B5B306D3A20434C44543A2064656661756C7420636F6EAD
:208AE0006669670A0000000043534D50000000005B25755D1B5B313B33326D5B494E464F76
:208B00005D1B5B306D3A2043534D503A2064656661756C7420636F6E6669670A0000000079
:208B20005B25755D1B5B313B33336D5B5741524E494E475D1B5B306D3A20257328293A20B0
:208B40006E766D207772697465206572723D25640A0000004353434C000000005B25755DC9
:208B60001B5B313B33326D5B494E464F5D1B5B306D3A204353434C3A2064656661756C748C
:208B800020636F6E6669670A000000005B25755D1B5B313B33316D5B4552524F525D1B5B78
:208BA000306D3A20257328293A20756E6B6E6F776E2073656E736F7220636C6173732066F5
:208BC0006F722069643D25640A0000005B25755D1B5B313B33316D5B4552524F525D1B5B3A
:208BE000306D3A20257328293A20756E6B6E6F776E2073656E736F7220636C617373206FAC
:208C000072206C6F636174696F6E20666F722069643D25640A0000005B25755D1B5B313B11
:208C200033336D5B5741524E494E475D1B5B306D3A20257328293A2056414C494441544995
:208C40004F4E204953204E4F5420494D504C454D454E5445440A000043544852000000001B
:208C60005B25755D1B5B313B33326D5B494E464F5D1B5B306D3A20435448523A20646566E3
:208C800061756C7420636F6E6669670A000000004355504C000000005B25755D1B5B313B16
:208CA00033326D5B494E464F5D1B5B306D3A204355504C3A2064656661756C7420636F6EBE
:208CC0006669670A000000005B25755D1B5B313B33316D5B4552524F525D1B5B306D3A20A0
:208CE000257328293A20696E76616C69642073657474696E677320726561642066726F6D29
:208D0000206E766D0A00000071727374750000005B25755D1B5B313B33326D5B494E464F0C
:208D20005D1B5B306D3A205B4C5053323278785D2069643D3078253032582C2061646472D6
:208D40003D3078253032580A000000005B25755D1B5B313B33316D5B4552524F525D1B5B88
:208D6000306D3A205B53485443335F4452565D206E6F74206F7074696D616C207573652080
:208D800025730A005B25755D1B5B313B33316D5B4552524F525D1B5B306D3A202573282994
:208DA0003A206661696C656420746F20637265617465206672616D6520666F72206576656B
:208DC0006E743A2025640A005B25755D1B5B313B33316D5B4552524F525D1B5B306D3A2010
:208DE000257328293A206576656E743D25642C2073656E6420554C206572723D25640A0058
:208E00005B25755D1B5B313B33316D5B4552524F525D1B5B306D3A20257328293A20657680
:208E2000656E743D25642C20554C206572723D25640A00005B25755D1B5B313B33316D5B9F
:208E40004552524F525D1B5B306D3A20257328293A206672616D65206E6F7420666F756E27
:208E6000640A0000454E00005B25755D1B5B313B33316D5B4552524F525D1B5B306D3A203D
:208E8000457874506F727420696E76616C6964206D6F64653D25640A00000000455854501F
:208EA0005F4D4F4E000000005B25755D1B5B313B33316D5B4552524F525D1B5B306D3A20B5
:208EC00025733A206661696C656420746F20617070656E64206461746120746F206672618A
:208EE0006D652C206572723D25640A005B25755D1B5B313B33326D5B494E464F5D1B5B30AB
:208F00006D3A201B5B313B33336D5B4C444D5D201B5B306D70726F6265733A206366673DBB
:208F2000307825582C20656E3D307825582C2064656275673D25640A000000005B25755D16
:208F40001B5B313B33316D5B4552524F525D1B5B306D3A201B5B313B33336D5B4C444D5D65
:208F6000201B5B306D73656E64206465627567206672616D652C206572723D25640A00005D
:208F80005B25755D1B5B313B33326D5B494E464F5D1B5B306D3A200D0A3E6C703A25750A6B
:208FA000000000005B25755D1B5B313B33326D5B494E464F5D1B5B306D3A200D0A3E68702D
:208FC0003A25750A000000005B25755D1B5B313B33326D5B494E464F5D1B5B306D3A200D4F
:208FE0000A3E65703A25750A000000005B25755D1B5B313B33316D5B4552524F525D1B5BB9
:20900000306D3A20257328293A206F73546872656164466C61677357616974206572726F82
:209020007220666C6167733D30782530386C780A000000005B25755D1B5B313B33316D5BD1
:209040004552524F525D1B5B306D3A20257328293A20434331206163746976650A0000001C
:209060005B25755D1B5B313B33326D5B494E464F5D1B5B306D3A20257328293A204343319F
:2090800020636C65617265640A0000005B25755D1B5B313B33316D5B4552524F525D1B5B19
:2090A000306D3A20257328293A20434332206163746976650A0000005B25755D1B5B313BE4
:2090C00033326D5B494E464F5D1B5B306D3A20257328293A2043433220636C656172656482
:2090E0000A0000004C45414B444554005B25755D1B5B313B33316D5B4552524F525D1B5BAF
:20910000306D3A2025732077726974652061742030782530385820282564290A00000000CF
:209120005B25755D1B5B313B33316D5B4552524F525D1B5B306D3A202573206572723D2518
:20914000642C20706167653D25642C20666572723D253038580A00005B25755D1B5B313BA1
:2091600033326D5B494E464F5D1B5B306D3A201B5B313B33376D5B4E564D5D201B5B306D37
:20918000496E697469616C697A696E672E2E2E0A000000005B25755D1B5B313B33316D5BF0
:2091A0004552524F525D1B5B306D3A20257320637263313620616C676F206E696C0A0000D4
:2091C0005B25755D1B5B313B33316D5B4552524F525D1B5B306D3A202573204E564D20739F
:2091E000697A65206973206E6F742061206D756C7469706C65206F662070616765207369FF
:209200007A650A005B25755D1B5B313B33316D5B4552524F525D1B5B306D3A202573206297
:209220006164206366670A005B25755D1B5B313B33316D5B4552524F525D1B5B306D3A205B
:20924000257320696E76616C69642064617461206C656E6774682025750A00005B25755DFD
:209260001B5B313B33316D5B4552524F525D1B5B306D3A20257320484352430A00000000AA
:209280005B25755D1B5B313B33316D5B4552524F525D1B5B306D3A20257320444352430A3C
:2092A000000000005B25755D1B5B313B33326D5B494E464F5D1B5B306D3A201B5B313B3342
:2092C000376D5B4E564D5D201B5B306D4E564D20706167653D2D312C20666F726D6174747C
:2092E000696E672E2E2E0A005B25755D1B5B313B33326D5B494E464F5D1B5B306D3A201B2A
:209300005B313B33376D5B4E564D5D201B5B306D466F726D617474696E672E2E2E0A000024
:209320005B25755D1B5B313B33316D5B4552524F525D1B5B306D3A202573206572617365B1
:20934000204E564D20706167653D256420282564290A00005B25755D1B5B313B33316D5B15
:209360004552524F525D1B5B306D3A20257320666F726D617420282564290A005B25755D02
:209380001B5B313B33326D5B494E464F5D1B5B306D3A201B5B313B33376D5B4E564D5D2046
:2093A0001B5B306D496E697469616C697A65643A2061637469766520706167653D25642C9F
:2093C00020636F756E7465723D25642C20256420667265650A0000005B25755D1B5B313BD2
:2093E00033316D5B4552524F525D1B5B306D3A20257328293A2077726F6E672062756666BA
:2094000065722073697A653A20653D25752C20613D25750A000000005B25755D1B5B313B42
:2094200033316D5B4552524F525D1B5B306D3A202573206E6F206672656520737061636529
:209440002C20706167653D25640A00005B25755D1B5B313B33316D5B4552524F525D1B5B96
:20946000306D3A2025732073726320706167653D25642C2064737420706167653D25640A4E
:20948000000000005B25755D1B5B313B33316D5B4552524F525D1B5B306D3A2025732064FC
:2094A000737420706167653D25640A005B25755D1B5B313B33316D5B4552524F525D1B5B7B
:2094C000306D3A202573207772697465206661696C6564206174203078253038582028251E
:2094E00064290A005B25755D1B5B313B33316D5B4552524F525D1B5B306D3A202573282938
:209500003A20574241206170702073766320272573270A005B25755D1B5B313B33316D5BDA
:209520004552524F525D1B5B306D3A20257328293A20272573272077616974206661696C1D
:2095400065642C20666C6167733D25750A0000005B25755D1B5B313B33316D5B4552524F70
:20956000525D1B5B306D3A20257328293A2027257327206572723D25750A00005B25755D0A
:209580001B5B313B33316D5B4552524F525D1B5B306D3A20257328293A20746F6B656E3DC8
:2095A00025752C207374617475733D25750A00005B25755D1B5B313B33316D5B4552524FA8
:2095C000525D1B5B306D3A20257328293A20696E76616C69642073697A653A20653D2575D4
:2095E0002C20613D25750A005B25755D1B5B313B33316D5B4552524F525D1B5B306D3A2029
:20960000257328293A20756E657870656374656420746F6B656E3A20653D25752C20613D11
:2096200025750A005B25755D1B5B313B33326D5B494E464F5D1B5B306D3A201B5B313B331A
:20964000376D5B4F54415D201B5B306D696E6974206D6574612E2E2E0A0000005B25755D36
:209660001B5B313B33316D5B4552524F525D1B5B306D3A20257328293A2072656164206D1C
:20968000657461206572723D25640A005B25755D1B5B313B33326D5B494E464F5D1B5B30C7
:2096A0006D3A201B5B313B33376D5B4F54415D201B5B306D6D657461646174613A207665E5
:2096C000723D25752C2066696E616C5F73697A653D25752C20727865645F73697A653D257F
:2096E000752C20727865645F6372633D3078253038580A005B25755D1B5B313B33326D5B2A
:20970000494E464F5D1B5B306D3A201B5B313B33376D5B4F54415D201B5B306D7665726915
:209720006679696E67206D6574612E2E2E0A00005B25755D1B5B313B33316D5B4552524F19
:20974000525D1B5B306D3A20257328293A2067657420435243206572723D25640A00000039
:209760005B25755D1B5B313B33316D5B4552524F525D1B5B306D3A20257328293A2043525D
:2097800043206D69736D617463682C2065787065637465643D253038582C206163747561F6
:2097A0006C3D253038580A005B25755D1B5B313B33326D5B494E464F5D1B5B306D3A201B9F
:2097C0005B313B33376D5B4F54415D201B5B306D6D65746120696E697469616C697A6564BF
:2097E0000A0000005B25755D1B5B313B33316D5B4552524F525D1B5B306D3A2025732829C2
:209800003A206672616D652066726F6D2071756575652C207374617475733D25642C206662
:20982000726D3D253038580A000000005B25755D1B5B313B33316D5B4552524F525D1B5B60
:20984000306D3A20257328293A20676574207265717565737420747970652C206572723DB1
:2098600025640A005B25755D1B5B313B33336D5B5741524E494E475D1B5B306D3A2025737B
:2098800028293A20435243206D69736D6174636820666F72207265636569766564204F543E
:2098A0004120646174612C206D6574615F6372633D3078253038582C2063616C635F637246
:2098C000633D3078253038580A0000005B25755D1B5B313B33316D5B4552524F525D1B5B94
:2098E000306D3A20257328293A206672616D65206372656174650A005B25755D1B5B313B51
:2099000033316D5B4552524F525D1B5B306D3A20257328293A20554C206661696C65642C32
:20992000206572723D25640A000000005B25755D1B5B313B33316D5B4552524F525D1B5B31
:20994000306D3A20257328293A207761697420666F7220554C2073746174757320666169DC
:209960006C65642C20666C6167733D25750A00005B25755D1B5B313B33316D5B4552524FE0
:20998000525D1B5B306D3A20257328293A206672616D65207061727365206D6574612C200F
:2099A0006572723D25640A005B25755D1B5B313B33316D5B4552524F525D1B5B306D3A20DA
:2099C000257328293A207772697465206D6574612C206572723D25640A0000005B25755D9B
:2099E0001B5B313B33316D5B4552524F525D1B5B306D3A20257328293A2061646A75737437
:209A000020726376642073697A652C206572723D25640A005B25755D1B5B313B33316D5BD7
:209A20004552524F525D1B5B306D3A20257328293A206368756E6B206F6666736574206D42
:209A400069736D617463682C20653D25752C20613D25750A000000005B25755D1B5B313BD3
:209A600033316D5B4552524F525D1B5B306D3A20257328293A204F544120777269746520D4
:209A80006368756E6B2C206572723D25640A00005B25755D1B5B313B33316D5B4552524FB0
:209AA000525D1B5B306D3A20257328293A204F5441207772697465206D6574612C2065722E
:209AC000723D25640A0000005B25755D1B5B313B33316D5B4552524F525D1B5B306D3A2090
:209AE000257328293A20637265617465206672616D650A005B25755D1B5B313B33316D5B1A
:209B00004552524F525D1B5B306D3A20257328293A206672616D652070617273652067657C
:209B200074204352432C206572723D25640A00005B25755D1B5B313B33316D5B4552524FBC
:209B4000525D1B5B306D3A20257328293A206661696C656420746F20676574204F544120BA
:209B60006368756E6B204352432C206572723D25640A00005B25755D1B5B313B33316D5B0F
:209B80004552524F525D1B5B306D3A20556E6B6E6F776E204F544120726571756573742034
:209BA000747970653A2025640A0000005B25755D1B5B313B33316D5B4552524F525D1B5B39
:209BC000306D3A20257328293A204F544120726571756573742074797065202564207072B1
:209BE0006F63657373696E67206661696C65642C206572723D25640A000000005B25755DCE
:209C00001B5B313B33316D5B4552524F525D1B5B306D3A20257328293A206672616D652074
:209C200070617273652064617461206368756E6B2C206572723D25640A0000005B25755D5F
:209C40001B5B313B33316D5B4552524F525D1B5B306D3A20257328293A207175657565201A
:209C6000707574207374617475733D25640A00004F5441005B25755D1B5B313B33316D5BB3
:209C80004552524F525D1B5B306D3A201B5B313B33336D5B534D505D201B5B306D25732820
:209CA000293A554C206661696C65642C20746F6B656E3D25752C207374617475733D256421
:209CC0000A0000005B25755D1B5B313B33316D5B4552524F525D1B5B306D3A201B5B313BE4
:209CE00033336D5B534D505D201B5B306D257328293A20756E657870656374656420766543
:209D00007273696F6E2073697A652025640A00005B25755D1B5B313B33326D5B494E464FFD
:209D20005D1B5B306D3A201B5B313B33336D5B534D505D201B5B306D57424120766572730F
:209D4000696F6E3A2025642E25642E25640A00005B25755D1B5B313B33316D5B4552524FCA
:209D6000525D1B5B306D3A201B5B313B33336D5B534D505D201B5B306D257328293A554C73
:209D8000206661696C65642C206572723D25640A000000005B25755D1B5B313B33336D5B77
:209DA0005741524E494E475D1B5B306D3A20257328293A205553452050524F504552204932
:209DC0004E4449434154494F4E0A00005B25755D1B5B313B33316D5B4552524F525D1B5B23
:209DE000306D3A201B5B313B33336D5B534D505D201B5B306D257328293A206672616D658E
:209E00005F6372656174652829204F4F4D200A005B25755D1B5B313B33316D5B4552524F51
:209E2000525D1B5B306D3A201B5B313B33336D5B534D505D201B5B306D257328293A2066CD
:209E400072616D655F6765745F69642829206572723D25640A0000005B25755D1B5B313BD4
:209E600033326D5B494E464F5D1B5B306D3A201B5B313B33336D5B534D505D201B5B306D2F
:209E8000444C3A205049443D25752C204549443D25750A005B25755D1B5B313B33316D5BC5
:209EA0004552524F525D1B5B306D3A201B5B313B33336D5B534D505D201B5B306D257328FE
:209EC000293A20636F6E74726163742066726F6D206672616D65206572723D25640A000069
:209EE0005B25755D1B5B313B33316D5B4552524F525D1B5B306D3A201B5B313B33336D5B9E
:209F0000534D505D201B5B306D257328293A20636F6E6669672073616D706C6572207365FC
:209F200074206572723D25640A0000005B25755D1B5B313B33316D5B4552524F525D1B5BB7
:209F4000306D3A201B5B313B33336D5B534D505D201B5B306D257328293A20636F6E666928
:209F600067207363616C657220736574206572723D25640A000000005B25755D1B5B313B07
:209F800033316D5B4552524F525D1B5B306D3A201B5B313B33336D5B534D505D201B5B301E
:209FA0006D257328293A206661696C656420746F206170706C792C206572723D25642C209C
:209FC000544F444F3A2073746F702073616D706C65720A005B25755D1B5B313B33316D5BAD
:209FE0004552524F525D1B5B306D3A201B5B313B33336D5B534D505D201B5B306D257328BD
:20A00000293A20636F6E666967207468726573686F6C642066726F6D206672616D652065D6
:20A0200072723D25640A00005B25755D1B5B313B33316D5B4552524F525D1B5B306D3A20B8
:20A040001B5B313B33336D5B534D505D201B5B306D257328293A20636F6E666967207468BB
:20A06000726573686F6C6420736574206572723D25640A005B25755D1B5B313B33316D5BEA
:20A080004552524F525D1B5B306D3A201B5B313B33336D5B534D505D201B5B306D2573281C
:20A0A000293A20636F6E666967206C65616B2066726F6D206672616D65206572723D2564BC
:20A0C0000A0000005B25755D1B5B313B33316D5B4552524F525D1B5B306D3A201B5B313BE0
:20A0E00033336D5B534D505D201B5B306D257328293A20636F6E666967206C65616B2073A9
:20A100006574206572723D25640A00005B25755D1B5B313B33316D5B4552524F525D1B5B70
:20A12000306D3A201B5B313B33336D5B534D505D201B5B306D257328293A20636C6F75643E
:20A14000207175657279206765742C206572723D25640A005B25755D1B5B313B33326D5B83
:20A16000494E464F5D1B5B306D3A201B5B313B33336D5B534D505D201B5B306D636C6F75A6
:20A180006420717565727920747970653D25640A000000005B25755D1B5B313B33316D5BF3
:20A1A0004552524F525D1B5B306D3A201B5B313B33336D5B534D505D201B5B306D257328FB
:20A1C000293A206661696C656420746F2063726561746520636F6E74726163742066726129
:20A1E0006D650A005B25755D1B5B313B33316D5B4552524F525D1B5B306D3A201B5B313BED
:20A2000033336D5B534D505D201B5B306D257328293A206661696C656420746F206372658B
:20A22000617465207468726573686F6C6420636F6E666967206672616D650A005B25755DDA
:20A240001B5B313B33316D5B4552524F525D1B5B306D3A201B5B313B33336D5B534D505D3F
:20A26000201B5B306D257328293A206661696C656420746F20637265617465206C65616BAF
:20A2800020636F6E666967206672616D650A00005B25755D1B5B313B33316D5B4552524F5B
:20A2A000525D1B5B306D3A201B5B313B33336D5B534D505D201B5B306D257328293A206649
:20A2C00061696C656420746F2067657420696E666F20747970652066726F6D206672616DD4
:20A2E000652C206572723D25640A00005B25755D1B5B313B33316D5B4552524F525D1B5BD7
:20A30000306D3A201B5B313B33336D5B534D505D201B5B306D257328293A25642C206572E7
:20A32000723D25640A0000005B25755D1B5B313B33316D5B4552524F525D1B5B306D3A2027
:20A34000257328293A2025640A0000005B25755D1B5B313B33336D5B5741524E494E475D52
:20A360001B5B306D3A20257328293A20756E6B6E6F776E207374617469737469637320672B
:20A38000726F75702025640A000000005B25755D1B5B313B33336D5B5741524E494E475D6F
:20A3A0001B5B306D3A20257328293A20756E6B6E6F776E20696E666F207479706520256486
:20A3C0000A0000005B25755D1B5B313B33316D5B4552524F525D1B5B306D3A201B5B313BDD
:20A3E00033336D5B534D505D201B5B306D257328293A206661696C656420746F20676574A4
:20A400002075706C696E6B20636F6E666967206D61736B2066726F6D206672616D652C20DC
:20A420006572723D25640A005B25755D1B5B313B33316D5B4552524F525D1B5B306D3A204F
:20A440001B5B313B33336D5B534D505D201B5B306D257328293A206661696C656420746FC1
:20A46000206372656174652075706C696E6B20636F6E666967206672616D650A00000000CA
:20A480005B25755D1B5B313B33316D5B4552524F525D1B5B306D3A201B5B313B33336D5BF8
:20A4A000534D505D201B5B306D257328293A206661696C656420746F2067657420696E64B6
:20A4C00069636174696F6E2066726F6D206672616D652C206572723D25640A005B25755DDF
:20A4E0001B5B313B33316D5B4552524F525D1B5B306D3A201B5B313B33336D5B534D505D9D
:20A50000201B5B306D257328293A206661696C656420746F20676574206C696E6B20717529
:20A5200065727920747970652066726F6D206672616D652C206572723D25640A0000000085
:20A540005B25755D1B5B313B33316D5B4552524F525D1B5B306D3A201B5B313B33336D5B37
:20A56000534D505D201B5B306D257328293A206661696C656420746F2067657420726562F7
:20A580006F6F7420747970652066726F6D206672616D652C206572723D25640A0000000023
:20A5A0005B25755D1B5B313B33316D5B4552524F525D1B5B306D3A201B5B313B33336D5BD7
:20A5C000534D505D201B5B306D257328293A206661696C656420746F2067657420616C659E
:20A5E000727420696E6469636174696F6E206D61736B2066726F6D206672616D652C2065B7
:20A6000072723D25640A00005B25755D1B5B313B33316D5B4552524F525D1B5B306D3A20D2
:20A620001B5B313B33336D5B534D505D201B5B306D257328293A25640A0000005B25755D82
:20A640001B5B313B33326D5B494E464F5D1B5B306D3A201B5B313B33336D5B534D505D2078
:20A660001B5B306D3A205349442064657265676973746572207175657279207265636569C1
:20A680007665642C2064657265676973746572696E672066726F6D205369646577616C6B9B
:20A6A000206E6574776F726B0A0000005B25755D1B5B313B33336D5B5741524E494E475D91
:20A6C0001B5B306D3A20257328293A20756E6B6E6F776E20636C6F7564207175657279200D
:20A6E000747970652025640A000000005B25755D1B5B313B33316D5B4552524F525D1B5B28
:20A70000306D3A201B5B313B33336D5B534D505D201B5B306D257328293A2073656E6420A5
:20A7200075706C696E6B206572723D25640A00005B25755D1B5B313B33316D5B4552524FB5
:20A74000525D1B5B306D3A201B5B313B33336D5B534D505D201B5B306D257328293A2063A7
:20A760006F6E6669672075706C696E6B2066726F6D206672616D65206572723D25640A00DB
:20A780005B25755D1B5B313B33316D5B4552524F525D1B5B306D3A201B5B313B33336D5BF5
:20A7A000534D505D201B5B306D257328293A20636F6E6669672075706C696E6B2073657441
:20A7C000206572723D25640A000000005B25755D1B5B313B33316D5B4552524F525D1B5B83
:20A7E000306D3A201B5B313B33336D5B534D505D201B5B306D257328293A20636F6E666980
:20A800006720616C65727420696E6469636174696F6E2066726F6D206672616D6520657261
:20A82000723D25640A0000005B25755D1B5B313B33316D5B4552524F525D1B5B306D3A2022
:20A840001B5B313B33336D5B534D505D201B5B306D257328293A20636F6E66696720616CC2
:20A8600065727420696E6469636174696F6E20736574206572723D25640A00005B25755D54
:20A880001B5B313B33316D5B4552524F525D1B5B306D3A201B5B313B33336D5B534D505DF9
:20A8A000201B5B306D257328293A20494151206865616465722066726F6D206672616D65BF
:20A8C000206572723D25640A000000005B25755D1B5B313B33316D5B4552524F525D1B5B82
:20A8E000306D3A201B5B313B33336D5B534D505D201B5B306D257328293A20494151206330
:20A900006F6E6669672066726F6D206672616D65206572723D25640A000000005B25755D9A
:20A920001B5B313B33316D5B4552524F525D1B5B306D3A201B5B313B33336D5B534D505D58
:20A94000201B5B306D257328293A20636F6E6669672049415120736574206572723D256475
:20A960000A0000005B25755D1B5B313B33316D5B4552524F525D1B5B306D3A201B5B313B37
:20A9800033336D5B534D505D201B5B306D257328293A20494151206F6E652D73686F74207E
:20A9A00066726F6D206672616D65206572723D25640A00005B25755D1B5B313B33316D5B1F
:20A9C0004552524F525D1B5B306D3A201B5B313B33336D5B534D505D201B5B306D257328D3
:20A9E000293A20756E6B6E6F776E2049415120736574207265717565737420747970653D15
:20AA000025640A005B25755D1B5B313B33316D5B4552524F525D1B5B306D3A201B5B313B0D
:20AA200033336D5B534D505D201B5B306D257328293A20756E6B6E6F776E20494151207288
:20AA400065717565737420747970653D25640A005B25755D1B5B313B33316D5B4552524F15
:20AA6000525D1B5B306D3A201B5B313B33336D5B534D505D201B5B306D257328293A206681
:20AA800061696C656420746F2063726561746520494151207265737020666F72207265717C
:20AAA0003D25640A000000005B25755D1B5B313B33316D5B4552524F525D1B5B306D3A2012
:20AAC0001B5B313B33336D5B534D505D201B5B306D257328293A20756E6B6E6F776E20650E
:20AAE0007874656E646564206672616D652049443D25750A000000005B25755D1B5B313B7D
:20AB000033316D5B4552524F525D1B5B306D3A201B5B313B33336D5B534D505D201B5B3092
:20AB20006D257328293A206E6F2068616E646C65720A00005B25755D1B5B313B33316D5B20
:20AB40004552524F525D1B5B306D3A20257328293A206572723D25640A0000005B25755DF3
:20AB60001B5B313B33316D5B4552524F525D1B5B306D3A20257328293A20756E657870659B
:20AB8000637465642073697A652025640A0000005B25755D1B5B313B33326D5B494E464FFA
:20ABA0005D1B5B306D3A201B5B313B33336D5B534D505D201B5B306D5254432073796E6375
:20ABC00020636F6D706C6574653A204750532074696D653D2575730A000000005B25755D43
:20ABE0001B5B313B33316D5B4552524F525D1B5B306D3A20257328293A5254432073796E6D
:20AC000063206661696C65642C20746F6B656E3D25752C207374617475733D25640A000048
:20AC20005B25755D1B5B313B33336D5B5741524E494E475D1B5B306D3A20554E4B4E4F57F0
:20AC40004E206163636573736F72792C207472656174696E67206173204B330A0000000074
:20AC60005B25755D1B5B313B33336D5B5741524E494E475D1B5B306D3A2025732C20575403
:20AC8000462061743D25640A000000005B25755D1B5B313B33316D5B4552524F525D1B5BEC
:20ACA000306D3A2045787420706F7274206576656E74207768696C65206163636573736F0B
:20ACC000727920616C726561647920636F6E6E65637465640A0000005B25755D1B5B313B76
:20ACE00033336D5B5741524E494E475D1B5B306D3A201B5B313B33336D5B534D505D201BAE
:20AD00005B306D45787420706F7274206576656E742C20627574207468652073616D652005
:20AD20006163636573736F7279206973207374696C6C2064657465637465642E20747970F6
:20AD4000653D25640A0000005B25755D1B5B313B33326D5B494E464F5D1B5B306D3A204522
:20AD6000787420706F72742073746174653D25642C2061636320747970653D25640A0000D6
:20AD80004F4F42005B25755D1B5B313B33326D5B494E464F5D1B5B306D3A201B5B313B3367
:20ADA000336D5B534D505D201B5B306D57616974696E6720666F72206C6F6E6720627574A3
:20ADC000746F6E20707265737320746F20706F776572206F6E207468652064657669636597
:20ADE0002E2E2E0A000000005B25755D1B5B313B33316D5B4552524F525D1B5B306D3A200B
:20AE00001B5B313B33336D5B534D505D201B5B306D6E766D5F7772697465204F4F42205453
:20AE20004C562C206572723D25640A005B25755D1B5B313B33326D5B494E464F5D1B5B307B
:20AE40006D3A201B5B313B33336D5B534D505D201B5B306D44657669636520706F776572FE
:20AE60006564204F4E0A00005B25755D1B5B313B33316D5B4552524F525D1B5B306D3A208E
:20AE8000257328293A206661696C656420746F20696E697469616C697A652073656E736F6D
:20AEA00072206C6973740A005B25755D1B5B313B33326D5B494E464F5D1B5B306D3A201BC8
:20AEC0005B313B33336D5B534D505D201B5B306D52656164696E6720574241207665727369
:20AEE000696F6E2E2E2E0A005B25755D1B5B313B33316D5B4552524F525D1B5B306D3A20C4
:20AF0000257328293A207762612073657276696365206661696C65640A0000005B25755DC2
:20AF20001B5B313B33316D5B4552524F525D1B5B306D3A20257328293A206661696C656407
:20AF400020746F2072656164205742412076657273696F6E0A0000005B25755D1B5B313BD4
:20AF600033326D5B494E464F5D1B5B306D3A201B5B313B33336D5B534D505D201B5B306D1E
:20AF800053796E63696E67205254432077697468205369646577616C6B206E6574776F72DE
:20AFA0006B2E2E2E0A0000005B25755D1B5B313B33316D5B4552524F525D1B5B306D3A20DE
:20AFC000257328293A206661696C656420746F2073796E63205254430A0000005B25755D84
:20AFE0001B5B313B33326D5B494E464F5D1B5B306D3A201B5B313B33336D5B534D505D20CF
:20B000001B5B306D53656E64696E672046572F48572076657273696F6E2E2E2E0A00000010
:20B020005B25755D1B5B313B33316D5B4552524F525D1B5B306D3A201B5B313B33336D5B4C
:20B04000534D505D201B5B306D637265617465206672616D6520696E666F0A005B25755DA9
:20B060001B5B313B33316D5B4552524F525D1B5B306D3A20257328293A20554C2065727221
:20B080003D25640A000000005B25755D1B5B313B33316D5B4552524F525D1B5B306D3A202C
:20B0A000257328293A206661696C656420746F2073656E6420696E666F206672616D650A1A
:20B0C000000000005B25755D1B5B313B33326D5B494E464F5D1B5B306D3A201B5B313B3304
:20B0E000336D5B534D505D201B5B306D436F6E6669677572696E672E2E2E0A005B25755D74
:20B100001B5B313B33326D5B494E464F5D1B5B306D3A201B5B313B33336D5B534D505D20AD
:20B120001B5B306D53796E6368726F6E697A696E6720636F6E74726163742E2E2E0A000075
:20B140005B25755D1B5B313B33316D5B4552524F525D1B5B306D3A20257328293A20554C57
:20B160002C206572723D25640A0000005B25755D1B5B313B33316D5B4552524F525D1B5BAD
:20B18000306D3A20257328293A206661696C656420746F2073656E6420636F6E7472616339
:20B1A000742C206572723D25640A00005B25755D1B5B313B33316D5B4552524F525D1B5BF9
:20B1C000306D3A20257328293A206661696C656420746F206275696C6420636F6E747261F6
:20B1E00063742064756520746F204F4F4D2C206572723D25640A00005B25755D1B5B313B73
:20B2000033316D5B4552524F525D1B5B306D3A20257328293A206661696C656420746F20E3
:20B220006275696C6420636F6E74726163742C206572723D25640A005B25755D1B5B313BE7
:20B2400033316D5B4552524F525D1B5B306D3A20257328293A206661696C656420746F20A3
:20B260006275696C64207468726573686F6C642064756520746F204F4F4D2C206572723D93
:20B2800025640A005B25755D1B5B313B33316D5B4552524F525D1B5B306D3A20257328297E
:20B2A0003A206661696C656420746F206275696C64207468726573686F6C642C206572721A
:20B2C0003D25640A000000005B25755D1B5B313B33326D5B494E464F5D1B5B306D3A201B2C
:20B2E0005B313B33336D5B534D505D201B5B306D53656E736F72206C697374206973206502
:20B300006D7074792C2077616974696E6720666F7220636F6E66696775726174696F6E2005
:20B320007570646174650A005B25755D1B5B313B33326D5B494E464F5D1B5B306D3A201B0E
:20B340005B313B33336D5B534D505D201B5B306D57616974696E6720666F722076616C6972
:20B360006420636F6E74726163742E2E2E0A00005B25755D1B5B313B33326D5B494E464FCA
:20B380005D1B5B306D3A201B5B313B33336D5B534D505D201B5B306D4B6565702D616C696B
:20B3A00076652E2E2E0A00005B25755D1B5B313B33326D5B494E464F5D1B5B306D3A201BAC
:20B3C0005B313B33336D5B534D505D201B5B306D4E657720636F6E747261637420726563F6
:20B3E00065697665640A00005B25755D1B5B313B33326D5B494E464F5D1B5B306D3A201BC4
:20B400005B313B33336D5B534D505D201B5B306D52756E6E696E672073616D706C696E675B
:20B420002E2E2E0A000000005B25755D1B5B313B33336D5B5741524E494E475D1B5B306D90
:20B440003A201B5B313B33336D5B534D505D201B5B306D4A69747465723D2564732069735B
:20B46000206C6172676572207468616E20746865206E6578742077616B6575702064656C22
:20B4800061793D2575732C2061646A757374696E672074696D656F757420746F20300A00EF
:20B4A0005B25755D1B5B313B33316D5B4552524F525D1B5B306D3A20257328293A207761BD
:20B4C0006974696E6720666F722074687265616420666C6167206572723D25640A0000005F
:20B4E0005B25755D1B5B313B33326D5B494E464F5D1B5B306D3A201B5B313B33336D5B5392
:20B500004D505D201B5B306D4B6565702D616C6976652072657175697265640A00000000B0
:20B520005B25755D1B5B313B33326D5B494E464F5D1B5B306D3A201B5B313B33336D5B5351
:20B540004D505D201B5B306D436F6E666967206368616E676564206576656E7420726563E2
:20B5600065697665640A00005B25755D1B5B313B33326D5B494E464F5D1B5B306D3A201B42
:20B580005B313B33336D5B534D505D201B5B306D5254432073796E63207265717569726553
:20B5A000642C206C6173742073796E633D2575732061676F0A0000005B25755D1B5B313B6B
:20B5C00033316D5B4552524F525D1B5B306D3A20257328293A20666174616C206572726FC8
:20B5E000722C2073746F7070696E672073616D706C65720A000000005B25755D1B5B313BC7
:20B6000033316D5B4552524F525D1B5B306D3A20257328293A2065786974696E670A000065
:20B620005B25755D1B5B313B33316D5B4552524F525D1B5B306D3A20257328293A2066723B
:20B64000616D655F6576656E745F6372656174655F627574746F6E28290A00005B25755DBB
:20B660001B5B313B33316D5B4552524F525D1B5B306D3A20257328293A20554C2073656E1E
:20B6800064206572723D25640A0000005B25755D1B5B313B33326D5B494E464F5D1B5B307D
:20B6A0006D3A201B5B313B33336D5B534D505D201B5B306D534944206C696E6B206176612D
:20B6C000696C6162696C6974793A20424C453D25752C2046534B3D25752C204C6F52613DA5
:20B6E00025750A0053414D504C4552005B25755D1B5B313B33316D5B4552524F525D1B5BD5
:20B70000306D3A20257328293A206F73546872656164466C61677357616974206572726F5B
:20B72000722C20666C6167733D3078253038580A000000005B25755D1B5B313B33316D5B0A
:20B740004552524F525D1B5B306D3A20257328293A2074687265616420657869740A0000F6
:20B760005B25755D1B5B313B33316D5B4552524F525D1B5B306D3A20257328293A207374EB
:20B7800061636B2D3E554C2C206572723D25642C20726574727920696E2025752073656385
:20B7A0000A0000005B25755D1B5B313B33316D5B4552524F525D1B5B306D3A2025732829E2
:20B7C00020656E61626C653A2069643D25642C206572723D25640A005B25755D1B5B313B5C
:20B7E00033316D5B4552524F525D1B5B306D3A20257328293A20626174636820636F6E74B0
:20B80000726163740A0000005B25755D1B5B313B33316D5B4552524F525D1B5B306D3A20C0
:20B82000257328293A2073656E736F722072656D6F7665640A0000005B25755D1B5B313BDB
:20B8400033326D5B494E464F5D1B5B306D3A201B5B313B33336D5B504950454C5D201B5B48
:20B86000306D7573696E6720534D41435F574F524B41524F554E445F5248545F504F57456F
:20B88000525F4F46465F49535355450A000000005B25755D1B5B313B33326D5B494E464F9D
:20B8A0005D1B5B306D3A201B5B313B33336D5B504950454C5D201B5B306D257328293A2061
:20B8C000257520626174636828732920666C75736865640A000000005B25755D1B5B313B9F
:20B8E00033316D5B4552524F525D1B5B306D3A202573282920747269676765723A206964A4
:20B900003D25642C206572723D25640A000000005B25755D1B5B313B33336D5B5741524E62
:20B92000494E475D1B5B306D3A2025732829206D736D3D25752C2069643D2564206E6F74E2
:20B94000207265616479207965742C2077616974696E67202564206D730A00005B25755DFC
:20B960001B5B313B33316D5B4552524F525D1B5B306D3A2025732829206D736D3D25752C0C
:20B980002069643D2564206461746120726561647920636865636B206572723D25640A00AE
:20B9A0005B25755D1B5B313B33316D5B4552524F525D1B5B306D3A2025732829206D736D7D
:20B9C0003D25752C2069643D2564207374696C6C206E6F742072656164792C206572723DF1
:20B9E00025640A005B25755D1B5B313B33316D5B4552524F525D1B5B306D3A202573282917
:20BA0000206D736D3D25752C2069643D25642072656164206572723D25640A005B25755DBC
:20BA20001B5B313B33316D5B4552524F525D1B5B306D3A20257328293A206D736D3D25753D
:20BA40002C2069643D25642061646420746F206261746368206572723D25640A0000000060
:20BA60005B25755D1B5B313B33316D5B4552524F525D1B5B306D3A20257328293A206672F7
:20BA8000616D655F637265617465206661696C65640A00005B25755D1B5B313B33336D5BAF
:20BAA0005741524E494E475D1B5B306D3A201B5B313B33336D5B504950454C5D201B5B30F9
:20BAC0006D737461636B20657669637465640A005B25755D1B5B313B33316D5B4552524F3D
:20BAE000525D1B5B306D3A20257328293A206D736D3D25752C2069643D25642C20726F6C4B
:20BB0000653D25642C206572723D25640A000000504950454C494E45000000005B25755DED
:20BB20001B5B313B33316D5B4552524F525D1B5B306D3A20257328293A2049443D25642CE1
:20BB4000206572723D25640A000000005B25755D1B5B313B33316D5B4552524F525D1B5BEF
:20BB6000306D3A20257328293A20656E61626C652049443D25642C206572723D25640A004C
:20BB80005B25755D1B5B313B33316D5B4552524F525D1B5B306D3A20257328293A206D61E0
:20BBA0006C6C6F6320666F722049443D2564206661696C65640A00005B25755D1B5B313B3E
:20BBC00033316D5B4552524F525D1B5B306D3A20257328293A20736C697374207075736893
:20BBE0002C2049443D25640A000000005B25755D1B5B313B33326D5B494E464F5D1B5B300C
:20BC00006D3A201B5B313B33376D5B53534C5D201B5B306D53485434782064657465637493
:20BC200065640A005B25755D1B5B313B33326D5B494E464F5D1B5B306D3A201B5B313B33C5
:20BC4000376D5B53534C5D201B5B306D454E533231782064657465637465640A0000000036
:20BC60005B25755D1B5B313B33316D5B4552524F525D1B5B306D3A20257328293A206E6FF0
:20BC800074205348543478206F7220454E533231782064657465637465640A005B25755DD5
:20BCA0001B5B313B33316D5B4552524F525D1B5B306D3A201B5B313B33376D5B53534C5DBF
:20BCC000201B5B306D257328293A206661696C656420746F206275696C642073656E736F0E
:20BCE00072206C69737420666F7220626174636820636F6E74726163742C206572723D25F8
:20BD0000640A00005B25755D1B5B313B33316D5B4552524F525D1B5B306D3A202573282918
:20BD20003A20736C697374206572726F72204E554C4C0A005B25755D1B5B313B33336D5B69
:20BD40005741524E494E475D1B5B306D3A20416C6572742069732061637469766520666F7E
:20BD6000722073656E736F72206964202564207768696368206973206E6F7420656E6162AB
:20BD80006C656420696E20746865207468726573686F6C6420636F6E66696775726174696E
:20BDA0006F6E2C20636C656172696E6720616C65727420746F207265736F6C7665206D69C4
:20BDC000736D617463680A005B25755D1B5B313B33336D5B5741524E494E475D1B5B306DF1
:20BDE0003A20257328293A20746B6E3D2575206E6F7420696E20554C206C6973740A000073
:20BE00005B25755D1B5B313B33316D5B4552524F525D1B5B306D3A20257328293A2067655F
:20BE200074206672616D65204944206572723D25640A00005B25755D1B5B313B33316D5B1D
:20BE40004552524F525D1B5B306D3A20257328293A207762612073656E642075706C696EFF
:20BE60006B20736572766963650A000025303258000000005B25755D1B5B313B33316D5BFD
:20BE80004552524F525D1B5B306D3A20257328293A20736C69737420616464206661696CD7
:20BEA00065640A0049444C4500000000546D725100000000546D7220537663005265762E33
:20BEC00020590000556E6B6E6F776E005265762E205A000053544D3332574C787800000038
:20BEE0003C4E554C4C3E0000303132333435363738396162636465666768696A6B6C6D6ED7
:20BF00006F707172737475767778797A000000003031323334353637383941424344454609
:20BF20004748494A4B4C4D4E4F505152535455565758595A00000000C4490308010000009E
:20BF400000000000000000002CED00E028ED00E09D190108B9190108011A0108711A0108A1
:20BF60001D1A0108891A0108B11A0108751B0108B51B0108551C0108391A0108351B010860
:20BF800059190108E11B0108211C010875190108791901088D190108391F0108691F010808
:20BFA000AD1F0108951F0108C0590308000000000000000000000000000000003303000095
:20BFC000380000000000000000000000010000001000000000000100000100000101000014
:20BFE000100100006C790308B87D0308C47D0308D07D0308DC7D0308008000000040000038
:20C00000002000000010000000080000000400000002000000010000004000000020000081
:20C02000001000000008000000040000000200000001000080000000002000000010000031
:20C04000000800000004000000020000000100008000000040000000E87D030800000000A1
:20C06000000000000000000000000000000300003700000000000000000000007762615FED
:20C080006170705F736572766963655F6F74615F77726974655F6368756E6B005F756474BE
:20C0A0005F6164645F746F5F6F7574626F756E645F717565756500007762615F6170705F2A
:20C0C000736572766963655F73656E645F75706C696E6B005F7564745F666174616C000061
:20C0E0005F7564745F70726F636573735F6F7574626F756E640000005F7564745F666C7515
:20C1000073685F75706C696E6B5F696E5F666C69676874005F7564745F70726F6365737335
:20C120005F696E626F756E64000000005F7564745F73656E645F6F7574626F756E6400002D
:20C140005F7564745F70726F63657373696E675F7461736B5F656E74727900005F75647448
:20C160005F6F6E5F646174615F72656365697665640000007369645F686F73745F636F6DE9
:20C180006D5F7564745F757365725F696E697400F8850308000000000000000000000000CD
:20C1A00000000000000800002000000000000000000000005F616C6572745F6D6F6E69745A
:20C1C0006F725F73656E645F616C6572740000005F616C6572745F6D616E616765725F747A
:20C1E0006872656164000000F48803080000000000000000000000000000000000060000AE
:20C20000180000000000000000000000000102033D0000000000000012020000540001005A
:20C2200000C0A8474031774C004EED4900006145000061450000E1450A0003000000604078
:20C2400017B7D138C7BA38BDD3BC63BC2B18953CDE02C9BE10E9AFBFD881F3BE295C2F3F04
:20C26000A8C64B3F9A99193F9A99193F304C463F1C00020000004842295C2F3FA8C64B3F1C
:20C280009A99193F9A99193F304C463F100003000AD7A33C0AD7233B0AD7233B0D00050024
:20C2A000000000006423291D5658000900E5D0223E0000000000000000DA1B9C3EE10B43E7
:20C2C000400000A04000000000000000005E4B48BD5DFE9F40423EA0BF0000000000000077
:20C2E00000211FB4BE8AB0614041F163BE0000000000000000A779473DA5BD29C0B81EBDDC
:20C30000400C000A0000000000000000002101FE00020105307564002C0170170004840357
:20C3200064005C044001400140019001307530753075307564006400640030753075307536
:20C3400064006400307530752C01640064006400640030753075307564006400640030754E
:20C36000307564006400FFFF2C012C012C012C012C012C012C012C012C012C012C012C0136
:20C380002C012C01FFFF70177017701770170807080708070807701770177017701770174A
:20C3A0007017FFFFFFFFFFFFFFFFFFFF7017701770177017FFFFFFFFDC05DC05FFFFFFFF2A
:20C3C000FFFFFFFFFFFFFFFFFFFFDC05DC05DC05FFFFFFFFFFFFFFFFFFFFFFFFFFFFFFFFD4
:20C3E000FFFFFFFFFFFFFFFFFFFFFFFFFFFFFFFFFFFFFFFFFFFFFFFFFFFFFFFFFFFF3075B6
:20C4000000050A050002000A001E000500050005000500050005004001640064006400C88B
:20C4200000C800C8004001400140010A0200000000001B1300000000000102033D0000002C
:20C4400000000000120200005400010000C0A8474031774C004EED490000614500006145C0
:20C460000000E1450A0003000000604017B7D138C7BA38BDD3BC63BC2B18953CDE02C9BE73
:20C4800010E9AFBFD881F3BE295C2F3FA8C64B3F9A99193F9A99193F304C463F1C0002000B
:20C4A00000004842295C2F3FA8C64B3F9A99193F9A99193F304C463F100003000AD7A33C1D
:20C4C0000AD7233B0AD7233B0D000500000000006423291D5658000900E5D0223E00000033
:20C4E0000000000000DA1B9C3EE10B43400000A04000000000000000005E4B48BD5DFE9F76
:20C5000040423EA0BF0000000000000000211FB4BE8AB0614041F163BE000000000000001C
:20C5200000A779473DA5BD29C0B81EBD400C000A0000000000000000002101FE00020105FB
:20C54000307564002C0170170004840364005C0440014001400190013075307530753075E7
:20C5600064006400640030753075307564006400307530752C01640064006400640030752C
:20C58000307530756400640064003075307564006400FFFF2C012C012C012C012C012C0107
:20C5A0002C012C012C012C012C012C012C012C01FFFF7017701770177017080708070807CC
:20C5C0000807701770177017701770177017FFFFFFFFFFFFFFFFFFFF701770177017701710
:20C5E000FFFFFFFFDC05DC05FFFFFFFFFFFFFFFFFFFFFFFFFFFFDC05DC05DC05FFFFFFFFEC
:20C60000FFFFFFFFFFFFFFFFFFFFFFFFFFFFFFFFFFFFFFFFFFFFFFFFFFFFFFFFFFFFFFFF3A
:20C62000FFFFFFFFFFFFFFFFFFFF2C0100050A050002000A001E0005000500050005000580
:20C640000005004001640064006400C800C800C8004001400140010A020000000000C9A3D5
:20C6600000000000627365635F747269676765725F696171000000005F627365635F7265FE
:20C68000636F6E6669677572650000005F627365635F72756E5F6F6E636500005F6273658B
:20C6A000635F74687265616400000000636F6E6669675F616C6572745F696E646963617418
:20C6C000696F6E5F73657474696E67735F736574000000005F72657365745F616E645F77AF
:20C6E000726974655F64656661756C7473000000636F6E6669675F616C6572745F696E6448
:20C7000069636174696F6E5F696E6974000000000101010078000101010078000101010026
:20C720007800000101005802000101005802000101005802000101005802000101005802B5
:20C7400000010100580200010100580200010100580200010100580200010100580200010C
:20C76000010058020001010058020001010058020001010058020000636F6E6669675F6213
:20C780007365635F64756D7000000000636F6E6669675F627365635F73657400636F6E6686
:20C7A00069675F627365635F696E6974000000000000D0C10000C842000000000000C842F5
:20C7C0000098B74700F0D2470000D0C10000C842000000000000C8420098B74700F0D24776
:20C7E000636F6E6669675F6C65616B6465745F7365740000636F6E6669675F6C65616B6409
:20C8000065745F696E6974000300C409AC0D4006B80B0000636F6E6669675F73616D706CA8
:20C8200065725F73657474696E67735F73657400636F6E6669675F73616D706C65725F6915
:20C840006E69740022023232323232323232323232000000636F6E6669675F7363616C6566
:20C86000725F73657474696E67735F7365740000636F6E6669675F7363616C65725F696E46
:20C8800069740000040000000000004209000000000080410900000000000042636F6E66BA
:20C8A00069675F7468726573686F6C645F7365745F73657474696E6773000000636F6E665B
:20C8C00069675F7468726573686F6C645F696E6974000000636F6E6669675F75706C696E4C
:20C8E0006B5F7365745F73657474696E67730000636F6E6669675F75706C696E6B5F696EB4
:20C9000069740000820020002000820082000000434445464700000002020304060A2222BC
:20C920000900000005000000020000004445460073687463335F726561645F68756D00008F
:20C9400073687463335F726561645F74656D70005F6576656E745F6E6F7469666965725F43
:20C960007564745F63616C6C6261636B000000005F6576656E745F6E6F7469666965725F3F
:20C9800073656E645F6576656E740000648E0308000000000000000000000000000000006F
:20C9A000000400001800000000000000000000009C8E030800000000000000000000000026
:20C9C00000000000000400001800000000000000000000005F6672616D655F696E666F5F67
:20C9E00063726561746500005F6C65616B6465745F68616E646C655F68775F70696E5F6E0E
:20CA00006F5F6C65616B00005F6C65616B6465745F68616E646C655F6C65616B00000000AB
:20CA20005F6C65616B6465745F68616E646C655F68775F70696E5F6C65616B005F6C656181
:20CA40006B6465745F68616E646C655F6E6F5F6C65616B005F6C65616B6465745F74687245
:20CA600065616400E490030800000000000000000000000000000000000400000800000001
:20CA8000000000000000000080EE3600F4010000F401000060EA0000F40100006E766D5F19
:20CAA000636F70795F746C76000000006E766D5F77726974655F746C765F696E7465726E87
:20CAC000616C00006E766D5F77726974650000006E766D5F72656164000000006E766D5FB2
:20CAE00065726173655F7061676500006E766D5F666F726D61745F696E7465726E616C0035
:20CB00006E766D5F76616C69646174655F706167650000006E766D5F6E756D5F7061676523
:20CB2000730000006E766D5F696E6974000000006F74615F6D616E616765725F6F6E5F6F96
:20CB400074615F6672616D65000000005F68616E646C655F6765745F637263005F6F7461F2
:20CB60005F6D616E616765725F77726974655F6368756E6B000000005F68616E646C655F4F
:20CB800064617461000000005F6F74615F6D616E616765725F61646A7573745F7278656422
:20CBA0005F6F74615F73697A650000005F6F74615F6D616E616765725F77726974655F6D85
:20CBC00065746164617461005F68616E646C655F7365745F73746174650000005F68616EF5
:20CBE000646C655F6765745F73746174650000006F74615F6D616E616765725F70726F6350
:20CC0000657373005F6F74615F6D616E616765725F6765745F6368756E6B5F63726300003E
:20CC20005F7564745F7376635F776169740000005F6F6E5F7762615F736572766963655F05
:20CC4000726573756C7400005F6F74615F6D616E616765725F726561645F6D657461646192
:20CC6000746100005F6F74615F6D616E616765725F696E697469616C697A655F6D6574616B
:20CC800064617461000000005F6F74615F6D616E616765725F7461736B000000709C0308F4
:20CCA00000000000000000000000000000000000000A000018000000000000000000000052
:20CCC0005F73616D706C65725F68616E646C655F72756E5F73746174650000005F73616D62
:20CCE000706C65725F73656E645F636F6E747261637400005F73657475705F6163636573CD
:20CD0000736F72795F706F72740000005F73616D706C65725F68616E646C65725F636F6EF3
:20CD20006669677572655F7374617465000000005F6F6E5F6672616D655F756C5F73746164
:20CD4000747573005F73616D706C65725F73656E645F75706C696E6B5F73657175656E74C5
:20CD600069616C005F73616D706C65725F73656E645F696E666F00005F6F6E5F7274635FD3
:20CD800073796E63000000005F73616D706C65725F73796E635F7274630000005F6F6E5F24
:20CDA0006765745F76657273696F6E005F73616D706C65725F726561645F7762615F7665AD
:20CDC0007273696F6E0000005F73616D706C65725F73796E635F776974685F6261636B6549
:20CDE0006E6400005F6F6E5F6765745F6C696E6B730000005F6F6E5F7369645F7374617410
:20CE0000735F726573756C74000000005F6F6E5F646F776E6C696E6B000000005F6F6E5F05
:20CE2000627574746F6E5F64626C5F636C69636B5F756C5F726573756C7400005F6F6E5F87
:20CE4000627574746F6E5F6576656E74000000005F73616D706C65725F746872656164008B
:20CE6000E4B6030800000000000000000000000000000000000800001800000000000000ED
:20CE8000000000005F706970656C696E655F656E61626C655F73656E736F727300000000AB
:20CEA0005F73656E645F6261746368005F706970656C696E655F726561645F73656E736FD1
:20CEC000727300005F706970656C696E655F747269676765725F6D6561737572656D656ED4
:20CEE0007473000073616D706C65725F706970656C696E655F726573657400005F6F6E5F85
:20CF000062617463685F73656E7400005F706970656C696E655F746872656164000000006A
:20CF200010BB030800000000000000000000000000000000000800001800000000000000FB
:20CF40000000000073616D706C65725F73656E736F725F6275696C645F7468726573686F19
:20CF60006C6400005F73616D706C65725F73656E736F725F6275696C6400000073616D7075
:20CF80006C65725F73656E736F725F6275696C645F636F6E747261637400000073616D7078
:20CFA0006C65725F73656E736F725F6C6973745F696E6974000000005F75706C696E6B5FB6
:20CFC0007374617475735F63616C6C6261636B0075706C696E6B5F6374726C5F73656E6471
:20CFE0005F6672616D650000A0860100400D0300801A060000350C0040420F0080841E00BC
:20D0000000093D0000127A000024F40000366E010048E801006CDC02000000000000000006
:20D020000000000000000000000000000000000000000000000000000100000002000000ED
:20D040000300000004000000010000000300000005000000010000000100000006000000B8
:20D060000A00000020000000020000000400000008000000100000004000000080000000A8
:20D080000001000000020000010002000400060008000A000C001000200040008000000171
:20D0A00008040204080101010101010307010000370000004001640064006400C800C80011
:20D0C000C800400140014001307564002C0170170004840364005C04400140014001900165
:20D0E00005020A1E0505050505050000FFFF7FFFFFFF7FFFFFFF7FFFFFFF7FFFFFFF7FFF77
:20D10000FFFF7FFFFFFF7FFFFFFF7FFFFFFF7F7FFFFF7F7FFFFF7F7FFFFF7F7FFFFF7F7FAF
:20D12000FFFF7F7FFFFF7F7FFFFF7F7F00000000000000000E0000000000000008000000E5
:20D1400004000000040000000600000004000000060000000F0080001400110010000500EE
:20D1600000000001200040000000000100000000010203000400000005060000080708071A
:20D18000100E00000102030400000000000000000005000000000000000607080102030443
:20D1A00000050607080000090A0B0C00000D00000E0000000000000000000F0017001700D3
:20D1C000170017001D0000000000000000006001E00110001000000100031500150015005F
:20D1E000150015001700000400040004000400000004000400040004170000000E00E000C9
:20D200000E00E0000E00E0000E00E0000E00E0000400000001000000020000000800000047
:20D22000F4FF9F00F6FF9F000800A0000800A00004208000062080000E00E0000E00E00052
:20D240000E00E0000E00E0000E00E0000E00E0000F0080000F0080000F0080000F008000DA
:20D26000000080000F0080000F0080000F0080000F0080000E00E000295C2F3FA8C64B3F19
:20D280009A99193F9A99193F304C463F0000891112239B322446AD573665BF74488CC19D6D
:20D2A0005AAFD3BE6CCAE5DB7EE9F7F88110080193331A22A5562C47B7753E64C99C408D7E
:20D2C000DBBF52AEEDDA64CBFFF976E802218B30100299132667AF763444BD554AADC3BC1A
:20D2E000588ED19F6EEBE7FA7CC8F5D983310A2091121803A7772E66B5543C45CBBD42AC3E
:20D30000D99E508FEFFB66EAFDD874C904428D5316619F702004A9153227BB364CCEC5DFD5
:20D320005EEDD7FC6888E1997AABF3BA85520C4397711E60A1142805B3373A26CDDE44CFFD
:20D34000DFFD56ECE9986089FBBB72AA06638F7214409D512225AB343006B9174EEFC7FE99
:20D360005CCCD5DD6AA9E3B8788AF19B87730E6295501C41A3352A24B1163807CFFF46EEBD
:20D38000DDDC54CDEBB962A8F99A708B088481951AA793B62CC2A5D33EE1B7F04008C91975
:20D3A000522BDB3A644EED5F766DFF7C899400859BB712A6ADD224C3BFF136E0C11848097D
:20D3C000D33B5A2AE55E6C4FF77D7E6C0AA583B4188691972EE3A7F23CC0B5D14229CB3819
:20D3E000500AD91B666FEF7E744CFD5D8BB502A499961087AFF326E2BDD034C1C3394A283D
:20D40000D11A580BE77F6E6EF55C7C4D0CC685D71EE597F42880A1913AA3B3B2444ACD5BD4
:20D420005669DF78600CE91D722FFB3E8DD604C79FF516E4A9902081BBB332A2C55A4C4BFC
:20D44000D7795E68E11C680DF33F7A2E0EE787F61CC495D52AA1A3B03882B193466BCF7A98
:20D460005448DD59622DEB3C700EF91F8FF706E69DD414C5ABB122A0B9923083C77B4E6ABC
:20D48000D5585C49E33D6A2CF11E780F232D302B2000686C4C0065666745464700303132EC
:20D4A0003334353637383941424344454600303132333435363738396162636465660000FB
:20D4C0006937AC3168212233B40F14336821A2333863ED3EDA0F493F5E987B3FDA0FC93FB1
:20D4E0006042A20D0000803FD1F71737D1F717B78071313F807131BF0000003F000000BF30
:20D50000000FC93F000F494000CB9640000FC9400053FB4000CB164100ED2F41000F4941FD
:20D520000031624100537B41003A8A4100CB9641005CA34100EDAF41007EBC41000FC941B0
:20D5400000A0D5410031E24100C2EE410053FB4100F20342003A0A420083104200CB16428C
:20D5600000141D42005C234200A5294200ED2F4200363642007E3C4200C74242000F49427A
:20D58000A2000000F9000000830000006E0000004E0000004400000015000000290000002F
:20D5A000FC0000002700000057000000D1000000F500000034000000DD000000C00000005A
:20D5C000DB0000006200000095000000990000003C00000043000000900000004100000090
:20D5E000FE0000005100000063000000AB000000DE000000BB000000C5000000610000000F
:20D60000B7000000240000006E0000003A000000420000004D000000D2000000E000000046
:20D6200006000000490000002E000000EA00000009000000D1000000920000001C000000FB
:20D64000FE0000001D000000EB0000001C000000B100000029000000A70000003E000000E9
:20D66000E80000008200000035000000F50000002E000000BB000000440000008400000065
:20D68000E90000009C0000007000000026000000B40000005F0000007E000000410000009D
:20D6A0003900000091000000D600000039000000830000005300000039000000F40000008E
:20D6C0009C000000840000005F0000008B000000BD000000F9000000280000003B00000027
:20D6E0001F000000F800000097000000FF000000DE00000005000000980000000F000000F3
:20D70000EF0000002F000000110000008B0000005A0000000A0000006D0000001F0000005F
:20D720006D000000360000007E000000CF00000027000000CB00000009000000B700000047
:20D740004F000000460000003F000000660000009E0000005F000000EA0000002D0000007B
:20D760007500000027000000BA000000C7000000EB000000E5000000F10000007B00000050
:20D780003D0000000700000039000000F70000008A0000005200000092000000EA000000BD
:20D7A0006B000000FB0000005F000000B10000001F0000008D0000005D00000008000000E2
:20D7C00056000000030000003000000046000000FC0000007B0000006B000000AB000000ED
:20D7E000F0000000CF000000BC000000200000009A000000F4000000360000001D000000AD
:20D80000A9000000E300000091000000610000005E000000E60000001B0000000800000023
:20D820006500000099000000850000005F00000014000000A00000006800000040000000AA
:20D840008D000000FF000000D8000000800000004D000000730000002700000031000000CC
:20D8600006000000060000001500000056000000CA00000073000000A8000000C900000083
:20D8800060000000E20000007B000000C00000008C0000006B00000059F3F8C21F6EA501DB
:20D8A000000000000000F03F0000C93F0000F0390000DA370000A2330000842E0000502BF5
:20D8C0000000C2270000D0220000C41F0000C61B000044170400000007000000090000003A
:20D8E0004017FD7F01000000658D000800000000418D000800000000010000000200000081
:20D9000030460308000000000000000000000000000000000004000018000000000000006A
:20D920000000000048080020540800206008002000000000840A00208000001C0000000029
:20D94000840A00204000001800000000840A002010000010880800209008002098080020CB
:20D96000A0080020A8080020B0080020B808002000040048800000000004004840000000FF
:20D98000001C0048080000000000004810000000000400480010000000000048000100001E
:20D9A0000008004800200000C8080020D008002000000000080B002000000000600B002051
:20D9C000FFFFFFFF213B02086D510208000000000000000003000000CC400020E965020896
:20D9E0003D650208A5650208C9660208496602082966020851650208000000007968020831
:20DA000000000000C567020875670208A16902087D670208816702087D690208ED6A0208A5
:20DA200000000000F16A0208F56A0208F96A0208FD6A0208016B020800000000CD6B020882
:20DA400000000000916B0208E56C0208596C0208616B0208216B0208F96B0208A96E02089B
:20DA600000000000D56F0208C96F02083D6F0208096F02084D6E0208D56E02083171020820
:20DA80000000000001710208F57102087D7102085D710208B1700208F17002083173020886
:20DAA00099720208F9720208097402089173020871730208AD7202080000000000093D00EA
:20DAC0000100000010000000AAAAAAAAE80900200000000018A9002080A90020E8A90020A1
:20DAE000000000000000000000000000000000000000000000000000000000000000000026
:20DB0000000000000000000000000000000000000000000000000000000000000000000005
:20DB20000000000000000000000000000000000000000000000000000000000000000000E5
:10DB400000000000000000000000000000000000D5
:04000005080011CD11
:00000001FF
