:020000040800F2
:108800000BB0FEC035000000008C00084A756C20DB
:10881000313620323032360031393A34323A313062
:108820000000000101010002000002000000000041
:08883000000000000000000040
:108C00000008002009990108F91601086D090108FA
:108C1000FD160108011701080517010800000000F2
:108C2000000000000000000000000000A1F60208A3
:108C3000091701080000000001F702082DC602080C
:108C400005990108059901080D1701080599010802
:108C50000599010805990108191701082D17010840
:108C60000599010859170108059901080599010896
:108C7000851701089117010805990108791701085E
:108C80000599010805990108059901080599010848
:108C900000000000059901080599010805990108DF
:108CA0000599010805990108059901080599010828
:108CB0000599010805990108059901080599010818
:108CC0000599010805990108813C010805990108E9
:108CD000059901089D1701080599010805990108E2
:108CE0000599010869170108A917010805990108E4
:108CF0000599010800000000000000000599010826
:108D00000599010805990108D1290108059901086B
:108D100005990108059901080599010805990108B7
:108D200005990108059901080599010805990108A7
:088D30000599010805990108ED
:108D400010B5054C237833B9044B13B10448AFF385
:108D500000800123237010BD680A0020000000007D
:108D6000F042030808B5034B1BB103490348AFF3B6
:108D7000008008BD000000006C0A0020F0420308DB
:108D80004FF4AD60704700BF08B500F075F90020E2
:108D900008BD00BF08B500F07BF9002008BD00BF8A
:108DA00000F078B910B584B00DF10F04CDE900439F
:108DB000069B00F021FB9DF90F0004B010BD00BF21
:108DC00010B584B00DF10F04CDE90043069B00F00F
:108DD0003FF89DF90F0004B010BD00BF00F066BA67
:108DE00000F0BABA30B587B0DDE90A5400950194B5
:108DF00005AD0DF11304CDE902450C9C00F086F899
:108E0000059B9DF91300236007B030BD30B587B0D6
:108E1000DDE90A540095019405AD0DF11304CDE987
:108E200002450C9C00F0DAF8059B9DF913002360C5
:108E300007B030BD00B585B0069901910DF10F0165
:108E4000009100F02DF99DF90F0005B05DF804FBCD
:108E50002DE9F04784B093F800A0DDF830909846F3
:108E6000002705460C46164627490D9A88F80070DB
:108E70005346002001F0D0FE89F800703B46CDF843
:108E8000009022463146284601F0FAFB99F900701D
:108E900017B104B0BDE8F0870DF10F03224631464B
:108EA00028468DF80F7000F0C3FB89F800006EB102
:108EB00004EB0616617B0197A3680093D4E90023B5
:108EC0002846103402F0F4FBB442F3D195F81015A3
:108ED000284602F077F8BAF1000F0BD1022389F887
:108EE00000300023C5F83033284600F09BFB04B067
:108EF000BDE8F0870D9BCDF80090524641462846CC
:108F000000F03CFFEDE700BF000008402DE9F04F06
:108F100085B0DDE9108A1D46DF2388F80030002483
:108F20001023172DCAF8004003932AD917460029A9
:108F300034D106460C4688F800108B4640F21739AB
:108F400001E00B2C20D049FA04F3DB0704F1010403
:108F5000F7D5DDE90E23CDF800B0E1B2304602F0DE
:108F600049FA0028EDD00F9B01930E9B009303AAB2
:108F700003462946384601F04FFD88F800000028D6
:108F8000DFD005B0BDE8F08F98F90030002BF8D1A4
:108F9000DDE90E12304600F041FE78B998F9004044
:108FA000002CEED1039BCAF800303846514600F041
:108FB000DFFD88F8004005B0BDE8F08F0F9B0193FE
:108FC0000E9B00932946034603AA384601F024FD70
:108FD000044688F80000002CD3D1E3E72DE9F04FD8
:108FE00085B0DDE9108A1D46DF2388F800300024B3
:108FF0001023182DCAF80040039329D9174651BBF6
:1090000006460C4688F800108B4640F2173901E0FE
:109010000B2C20D049FA04F3DB0704F10104F7D547
:10902000DDE90E23CDF800B0E1B2304602F00EFAD1
:109030000028EDD00F9B01930E9B009303AA0346DB
:109040002946384601F0E8FC88F800000028DFD007
:1090500005B0BDE8F08F98F90040002CF8D1039BD3
:10906000CAF800303846514600F082FD88F80040CA
:1090700005B0BDE8F08F00BF10B402200324012228
:1090800000230C70487010BC8A70CB70704700BF12
:1090900000F02EBA08B501F007F8002008BD00BFA7
:1090A0002DE9F04F8BB0DDE91464CDE906234FF0D4
:1090B000000800234FF000090546C4E9023300F51B
:1090C000A56184F839306387A38784F83E30142281
:1090D000C4E9008904F1100027F0C4FB05F2145123
:1090E00004F12400142227F0BDFB95F83C3584F8E8
:1090F000383095F85235012B02D0284600F092FA0C
:10910000DDE90623CDE9002300210DF1250009AF9B
:10911000B5F80EA5039022463170284631460297D5
:1091200000F008FC9DF8243013B10BB0BDE8F08FBF
:109130009DF825202146284600F0CEFF0DF1260996
:10914000034680460097CDF8049022460121284628
:1091500000F094FA9DF82430BDF826603BB195F8F4
:10916000223484F83A3095F8203484F83B30434672
:10917000CDE9007922460221284600F07FFA9DF8C9
:109180002430BDF826B0002B6ED143462246CDE9EF
:1091900000790321284600F071FA9DF82430BDF8CB
:1091A00026200592002B73D1CDE900794346224653
:1091B0000421284600F062FA9DF82430BDF826709C
:1091C00006AA2146284600F03FFEDDE9062305F504
:1091D000AC61C1E9002395F85235012B4DD0059BB8
:1091E0005E4528BF5E469E42B04628BF9846B845B9
:1091F00028BFB846C245B5F8163428BFC246B3FBEF
:10920000FAF80AFB1838AAEB080A1FFA8AFAB5F826
:10921000D063A5F81AA453449BB2B3FBF6F206FB45
:109220001233A5F8163400221E4B1F49ADF82660F4
:10923000002027F0ABFE05F045FA06F06DFFDDE9F2
:1092400006230E46A0FB0A01821806FB0A1141EB19
:1092500003030021C4E90023284685F81D1400F00B
:10926000CFFE0BB0BDE8F08F95F8213484F83C3088
:1092700095F8203484F83B3087E7B5F81634B3FB13
:10928000F8F008FB1030A8EB00081FFA88FABEE7D8
:1092900095F8203484F83B302146284600F0E2FB64
:1092A00082E700BF00001C40000024402DE9F04F81
:1092B0008BB08846DDF850901646002100F5AC6270
:1092C00005460DF11E0B00200DF1200AC2E9000138
:1092D0001C4631465B4640464A46CDF800A001F0A8
:1092E00021FA9DF91E3013BB0DF11F03083E0593B3
:1092F000089FB7424B4622465146404625D209AF09
:109300000297059FCDE900B701F046FC9DF91E309C
:10931000224628465BB99DF81F10FE290BD0099BF9
:1093200001F024FE03468DF81E00002BE0D0184605
:109330000BB0BDE8F08F099A214601F075FA03469B
:109340008DF81E00002BD3D0F1E79DF91E30184692
:109350000BB0BDE8F08F00BF2DE9F04F8BB00F468A
:10936000DDF850900DF11E0B0DF1200A1146154647
:1093700080461C4638465B464A46CDF800A001F0C0
:10938000D1F99DF91E3013BB0DF11F03083D059364
:10939000089EAE424B4622465146384625D209AE7B
:1093A0000296059ECDE900B601F0F6FB9DF91E3050
:1093B000224640465BB99DF81F10FE290BD0099B41
:1093C00002F04AF903468DF81E00002BE0D0184643
:1093D0000BB0BDE8F08F0999204601F001FB034670
:1093E0008DF81E00002BD3D0F1E79DF91E301846F2
:1093F0000BB0BDE8F08F00BF2DE9F04F8DB0002716
:1094000093F800A0DDF858901F7006460D461446EC
:1094100000F57A711E2204A8984627F023FA0DF170
:109420000F0189F800702B460091CDF80490224678
:10943000304604A98DF80F7000F05AF99DF80F30EE
:10944000002B42D186F81F3464BB0C2389F800300E
:1094500004A9304600F07EF9002839D199F90000BE
:1094600000282CDB204FDFF884B0002403E0651CCB
:109470001F2D2C4623D047FA04F3DB07F7D514F849
:109480000B200CAB03EB420102F2F31331F8222C58
:1094900036F81330651C9342E9B23046E8D000F04C
:1094A000E9FDE5E704AA0092CDF804902A4621469A
:1094B000304601F00DF899F90030002BC8DABAF106
:1094C000070F08D8F12389F800300DB0BDE8F08F00
:1094D00089F80000C4E7179A4146304600F0D4FAF4
:1094E0000DB0BDE8F08F00BFEF7912409CD10308AA
:1094F00010B5044601F0CEFC204600F0C1FF204626
:1095000000F060FE204610BD2DE9F0470646414DB3
:10951000414F02F075F8002303E05C1C1F2C23462A
:1095200010D045FA03F2D107F7D5DA5D02F2F31253
:109530005C1C36F81220E1B2304602F00FF91F2C05
:109540002346EED1304601F0DFFFDFF8C890324FFE
:10955000DFF8CC80002502E001351F2D35D049FA17
:1095600005F3DA07F8D5EB5D334493F80534002BA7
:10957000F2D038F915A0002402E001340B2CEBD016
:109580004AFA04F3DB07F8D5631E092B3FD8DFE85E
:1095900003F0051A18161412100E0C0A0221304698
:1095A00002F0B2F8E9E70B21F9E70A21F7E7092110
:1095B000F5E70821F3E70721F1E70621EFE70521A9
:1095C000EDE70421EBE70321E9E70024214686F8D3
:1095D0001C440F2206F2064027F0A2F80F4B86F833
:1095E0001844DB7806EB43032146B3F8420306F246
:1095F000244333F8022B904201F1010103D00429E6
:10960000F7D1BDE8F08786F81814BDE8F08701218E
:10961000C5E700BFEF7912409CD1030884D103084D
:10962000BCD1030890F81C3403B970476CE700BF45
:10963000F9B12DE9F041DFF84080864602EB011CCC
:109640000020517B4144D2E9006711F8011C0EEB68
:10965000C101D1E98045AF4208BFA64202F1100224
:1096600003D11978002908BF04209445E9D1BDE849
:10967000F0810846704700BF84D10308F0B4013977
:109680001A4C049D645C059E00EB44040027B4F86A
:1096900042432F70348090F85275012F1ED04FF640
:1096A000FF739C4213D0B0F81664B6FBF4F304FBCE
:1096B0001364A4B26CB9012390682B70C9B203FA89
:1096C00001F1014382F83D3082F83E309160F0BCF8
:1096D000704790F81D34002BF9D0ECE74FF6FF7778
:1096E000BC42F4D033801C46D9E700BF84D10308C4
:1096F00032B370B50C46049900220A701A79013A07
:10970000012A00D970BD1E6800210546304606F0CA
:109710005DFC049B003818BF012018700021304602
:1097200006F054FC0028EDD0228847F230539A42CC
:1097300007D062889A4204D00B23059A137070BD3B
:10974000704795F91E34002BF7D1012385F81D349D
:1097500070BD00BF2DE9F04F002306460D46704C4A
:10976000DFF8C0C183B019466FF000474FF0010E1B
:109770004FF6FF7005E0824218BF012101331F2B15
:1097800010D044FA03F2D207F8D513F80C203A446B
:1097900035F81220B2F5E16FEDD101331F2B86F8B9
:1097A0001FE4EED196F81F34ABBBB6F80E755C48DB
:1097B0005C4C394640FA03F2D20706D51A5D013AED
:1097C00035F81220914228BF114601331F2BF1D1E9
:1097D0004FF6FF74A14229D0B7FBF1F301FB1373DD
:1097E0009BB29BB94E4FDFF83CC147FA03F2D20758
:1097F00019D513F80C20013A35F81200A04212D006
:10980000B0FBF1F201FB120292B262B16FF00F00F5
:1098100003B0BDE8F08F00290CBF00206FF00F00EF
:1098200003B0BDE8F08F01331F2BDED14FF6FF717F
:109830003D4A3B4CDFF8ECE08C46002352F8040B29
:10984000000744FA03F710D5F8070ED513F80E00F9
:10985000013835F81000604507D0614504D08842D2
:1098600003D06FF01000D3E7014601331F2BE5D181
:109870004FF6FF73994251D006F22443002402E0D0
:109880000134042C09D033F8022B8A42F8D106EBBC
:109890004404B4F82C440434A4B2DFF884B0DFF8F4
:1098A0008CA0DFF88C90019400274BFA07F3DB07BC
:1098B0002FD51C4BFB5C013B35F81380404606F06E
:1098C0009DF996F8201496F82134019A044696F8EA
:1098D000220449004000C0B2C9B25B000144DBB2BF
:1098E0000B44134498B206F085F9514606F0DAF9B4
:1098F000494606F08BFA0146204606F071FB40B15E
:109900004FF6FF73984504D06FF0110003B0BDE827
:10991000F08F01371F2FC8D1002079E70424BCE75E
:10992000EF7912409CD10308FCD103080000C84223
:1099300000007A442DE9F04F87B000F5AC6B9246F9
:10994000129ADBE900894FF0000C82F800C0139AEC
:1099500082F800C058EA090204460F46DDE91030DB
:1099600011D104F5A961C4F84035C4F84405C1E932
:109970000089D4F85035384A23F07F43934257D0BA
:1099800007B0BDE8F08F94F8D223002AF1D194F803
:109990005225B3EB080660EB0901022A03910AD0B5
:1099A000D4F84025D4F844159B1A60EB0100C4F8A4
:1099B0004C05C4F84835294B2949B4F81A840022CB
:1099C000002027F0E3FA04F07DFE06F0A5FB0B462D
:1099D000A0FB0801851B0095039D03FB081161EBAB
:1099E00005050195DDE90089020942EA01720B11C2
:1099F000424573EB090522DB351A0495039D65EB9F
:109A000001010591DDE9040182428B41B1DA642351
:109A10003B70D4F85035104A23F07F439342AFD1C6
:109A20001399012200230A703B7007B0BDE8F08F44
:109A300097F90030642BF3D007B0BDE8F08FDBE975
:109A400000321B1841EB0202CAE90032129B64206B
:109A50000121387019708CE73075010000001C403E
:109A600000002440074B5B7B00EB43004FF6FF7385
:109A7000B0F842239A4203D08B6843F400538B60C2
:109A8000704700BF84D103082DE9F04F85B000274F
:109A9000CDE90212DFF8D0A02F4DDFF8D0B0009052
:109AA0003E4604E0731C0193019E182E50D0012302
:109AB00003FA06F8294B18EA030FF3D0029903982A
:109AC0000B780133DBB25A1E00EBC209741C0B7019
:109AD000019489F8044040F832A000240EE04FF6CB
:109AE000FF739E4207D006F085F801461C4806F039
:109AF0008DF9C9F8000001341F2CD5D045FA04F3C4
:109B0000DB07F8D55BF8243018EA030F5146F2D092
:109B1000144BD9F80070E35C009A03F2F313384653
:109B200032F8136006F052FA02463046002AD6D1C7
:109B300006F060F801460A4806F068F90646314624
:109B4000384606F04DFA0028D5D0C9F80060D2E7B3
:109B500005B0BDE8F08F00BFEF7912400F20E000A4
:109B60000000C8429CD1030800FF7F47FCD10308D6
:109B7000F0B589B004460D46274B029302A903A80D
:109B8000042226F06FFE9DF80F309DF80C009DF822
:109B90000D109DF80E20E37020706170A27004A972
:109BA00006A83D2600270822CDE9046726F05AFEC4
:109BB00006A9201D082226F055FE2B6802A9103B9D
:109BC00003A80422029326F04DFE9DF80C009DF898
:109BD0000D109DF80E209DF80F302073A273E373D3
:109BE00061732968204601AA04F01AFE2B689DF8CB
:109BF00004009DF805102344002218712B682344AB
:109C000059712B6823449A7128680444E2712B68C7
:109C100008332B6009B0F0BD000102032DE9F047C5
:109C200084B0064617460E240DF10702FE200D46AD
:109C30008DF8074004F018FD9DF807800390B8F1F7
:109C4000000F2AD0012406F5A56A06F21459E3B2E2
:109C5000013B0D2B0FD8DFE803F03A324A42521491
:109C60007169615A8179880796F83E0503AB3A46D7
:109C7000294601F01FFFA04504F101030CD01C464A
:109C8000E5E703AB3A46294606F59E6002F058F92F
:109C9000A04504F10103F2D10398ADF80A000222B5
:109CA0000DF10A0102A826F0DDFD9DF808209DF8BF
:109CB000093003982A706B7004B0BDE8F08796F8FD
:109CC000210403AB3A46294601F0F4FED3E796F8A7
:109CD000200403AB3A46294601F0ECFECBE703AB88
:109CE0003A46294606F2244002F0BCF8C3E796F84B
:109CF000220403AB3A46294601F0DCFEBBE703AB86
:109D00003A46294606F23C4002F0EEF8B3E703ABD0
:109D10003A462946484602F05FF9ACE703AB3A46BB
:109D2000294606F2115002F031F9A4E796F8100521
:109D300003AB3A46294601F0BDFE9CE7B6F80E0596
:109D400003AB3A46294601F0EBFD94E796F83C0553
:109D500003AB3A46294601F0ADFE8CE703AB3A4629
:109D60002946504602F038F985E796F83D0503ABE1
:109D70003A46294601F09EFE7DE700BF2DE9F04FEF
:109D8000D0F850452E4D24F07F44AC4289B040D0ED
:109D900005F1804505F58815DFF8A8B00F46904617
:109DA000994605F2BF4500244FF6FF7A02E00134E0
:109DB0001F2C2ED045FA04F3DB07F8D514F80B302E
:109DC00000EB43030126B3F85233534506FA04F27D
:109DD00022D0D0F830331A4204F10104E8D00DF15A
:109DE0001303E1B2009305AA06AB0391029001F0C0
:109DF00069FB3B7803F1010E5FFA8EFE0EF1FF3C2A
:109E00004345DDE9020109EB0C1C07D3129A032339
:109E1000137009B0BDE8F08F3444C9E7DDE90623CB
:109E200087F800E0CCE90023059A9DF813308CF800
:109E30000D108CF80C60CCF808208CF80E30B7E7C9
:109E4000307501009CD10308002B00F0B8802DE98B
:109E5000F043012381F8393090F85235012B87B057
:109E600004460D46164606D090F8183400EB43031E
:109E7000B3F832348B8194F8213485F83C3094F86F
:109E8000203485F83B3003A920460DF10B0304AACA
:109E900001F008FB0398002106F098F8E0B194F86F
:109EA0001D34CBB994F85235012B08D094F81824FE
:109EB00004EB4202022BB2F82A24EA8105D004F511
:109EC000A963D3E90023134376D1D6E90023C4E97B
:109ED000F62307B0BDE8F083D4E9F623D4E9F8010E
:109EE000824273EB0107CDE9042303DACDE90401D3
:109EF00002460B46D6E90001801A61EB030105F02A
:109F000093FE374905F082FF4FF08141039027F01F
:109F10002BF934490746039827F026F93249DDF832
:109F20000C808146384605F0BDFE3049074648465C
:109F300005F0B8FE0146384605F0ACFD414607463F
:109F4000404605F0AFFE2A4905F0ACFE0146384612
:109F500005F0A0FD27490746404605F0A3FE01464F
:109F6000384605F097FD244905F094FD234905F096
:109F700099FE27F0D3FC06F097F894F81D34E88199
:109F80000022EBB901930092D6E900231621204666
:109F900001F08EFB94F85235022B05D004F5A9632D
:109FA000D3E90023134307D194F81D34002B8CD040
:109FB000D6E90023C4E9F82307B0BDE8F083704771
:109FC0004FF07E5301920093D6E9002316212046DC
:109FD00001F06EFBAB6843F40013AB60DAE700BF3F
:109FE000286B6E4E00004040598207B0DFE0C2345B
:109FF0003767D9B85A8E863C6A92E43E00007A44AC
:10A00000F8B50446D0F8D803D4F8DC13101A63EB83
:10A01000010115461E4605F007FE134905F0F6FE40
:10A020001249074605F0DCFF20B91149384605F012
:10A03000F5FF18B1652384F81E34F8BDD4E9F801A2
:10A04000281A66EB010105F0EFFD074905F0DEFE79
:10A05000064905F0C5FF18B1662384F81E34F8BD23
:10A0600084F81E04F8BD00BF286B6E4E00007042DD
:10A07000000070430B4B0B4410B413F8013C00EB91
:10A080004301B1F8E643944204D0013B0344012468
:10A0900083F806440123A1F8E62310BC80F81C34A1
:10A0A000704700BF9CD103080139032900D97047CC
:10A0B00010B504465C3002F08BFF0121204601F010
:10A0C00023FB04F12C0003F015FD20460221BDE81E
:10A0D000104001F019BB00BFF0B590F85235012BCC
:10A0E00083B004460D4609D0022B39D00BB30023B0
:10A0F00084F852354FF6FF7003B0F0BD00F5AB6346
:10A1000000F5A961D1E90001D3E90067B04271EB24
:10A1100007032FDBB4F80E25B4F8500547F230538F
:10A1200002219A4284F85215E6D10023A4F816348D
:10A13000E2E7012380F81C34FFF7E6F9B4F84A138C
:10A14000A4F8501547F23053994220D0B1F5967FCC
:10A150001DD002234FF6FF7084F8523503B0F0BDD6
:10A1600000F5A963D3E900231343C0D04FF6FF7075
:10A1700003B0F0BD002ACDD194F83D350093B4F87A
:10A1800050352A4600F062FD4FF49670B4E7012383
:10A1900084F8523594F83D0500F0D6FC04F5AB6325
:10A1A000C3E9000194F83D35009304F5A961D1E9B4
:10A1B0000001B4F850352A4600F048FD4FF496707F
:10A1C00003B0F0BDF0B505460022002300F5AB64F6
:10A1D00000214FF6FF7785F85215A5F8507500F568
:10A1E000A860C4E9002305F5A964C0E90023C4E917
:10A1F0000023022005234FF4817285F83E1585F86F
:10A200003D05A5F8202485F8223418228B498BB00F
:10A2100005F2244005F23A4426F024FB05F2EE460E
:10A220003A46234623F8022FB342FBD1844B854F95
:10A230008549C5F83C34C5F84034C5F84C34C5F8F8
:10A240005434C5F86434814BC5F8DC14C5F848743F
:10A250004FF06411C5F86074C5F86C74C5F87834B3
:10A260007B4FC5F87C34C5F88034C5F88434C5F814
:10A270008834C5F88C34C5F89034764B764ADFF8CC
:10A28000F8E1C5F844144FF0640C40F2DC50C5F816
:10A290005014C5F85C14C5F86814C5F89C7441F2F4
:10A2A00070716E4FC5F8A0344FF49673A5F85AC478
:10A2B000A5F874C4C5F870E4A5F8DA04A5F8C804D4
:10A2C000C5F8BC24C5F8C024C5F89824A5F8961490
:10A2D000C5F8A474C5F8A824A5F8CA04C5F8AC2428
:10A2E000A5F8B014A5F858345D49402205F564700E
:10A2F00026F0B8FA08AB009395F83D0506AB04AA22
:10A3000002A904F01BFB049A069F08980299C5F85D
:10A3100098230023059ADDF81CC0C5F89473C5F88E
:10A320009003099F0398C5F89C13C5F8A4334FF018
:10A330008041C5F8A833C5F8AC33C5F8B823494BFC
:10A34000494AC5F8C413C5F8C823C5F8CC33C5F8C5
:10A35000B4C3C5F8B073C5F8BC03334605F20C515D
:10A360004FF6FF7223F8022F8B42FBD14FF0000C07
:10A3700047F230514FF4A0620A2385F8D2C3A5F802
:10A380000E15A5F8102585F81235384F384805F216
:10A39000125305F2265C4FF4A071052203E017F971
:10A3A000012F30F8021F23F8022F63459982F6D15E
:10A3B0000A22002385F83C25A5F8D0334FF6FF711B
:10A3C00034F8023F8B4205D0B5F8D0239A4238BF0B
:10A3D000A5F8D033B442F3D1264CDFF8A0C0002357
:10A3E000012744FA03F2D20711D513F80C2005EB2C
:10A3F0004201013AB1F8EE04B1F8E66386421CBFAF
:10A40000521982F80674A1F8E60385F81C7401332A
:10A410001F2BE6D105F2054305F21441012203F892
:10A42000012F8B42FBD195F81C340BB90BB0F0BD5A
:10A430002846FFF769F80BB0F0BD00BFC8D003088D
:10A440003075307564003075DC05DC052C012C019D
:10A4500070170807080708077017701708077017A4
:10A46000ECD003080000104100004040E0D0030899
:10A47000B4D00308EF791240307564009CD1030812
:10A480000022002330B4002100F5AC6480F81814D9
:10A49000A0F81614C4E90023C0E9F623C0E9F823A4
:10A4A00047F23053A0F81A3400F2054200F2E633C6
:10A4B00000F204454FF6FF7423F8024FAB4202F856
:10A4C000011FF9D14FF4CC0330BCC0F81C347047E5
:10A4D0002DE9F04F87B0DDF84480029369B3DFF8CF
:10A4E0009C9182460F46154601264FF0000B2979B4
:10A4F0004C1EE4B249FA04F3DB0721D51E2C1FD809
:10A50000CDF800809AF83D359AF83E25286800F08D
:10A51000A5FA98F9003023330FD0012303FA04F48D
:10A5200014EA0B0F19D0F32388F800303346BB42EE
:10A5300005F1080506F10106D9DB07B0BDE8F08F8B
:10A540000A2388F800303346BB4205F1080506F1BE
:10A550000106CCDB07B0BDE8F08F2A7929684248B4
:10A56000BAF80E45013AD2B293404BEA030B05F01C
:10A570004DFC27F0D3F905F097FD80B2ADF8160039
:10A5800004F0E8FE36A3D3E9002304F05DFF04F0F5
:10A5900099F805F009FABDF8163080B21A1A92B28D
:10A5A000944230D91A1892B294422CD22C680021CD
:10A5B000204605F00BFD002839D0F62388F800303E
:10A5C0002C680021204605F001FD0346204673B3A8
:10A5D0002979CDF800800AF23C430DF1160200F013
:10A5E0005BFA98F90030002BADDB29791F4BBDF8E1
:10A5F00016200B44109913F8013C03F10043013B72
:10A6000021F813209FE72C6819490393204605F091
:10A61000DDFC08B12046DBE7029B002BC7D1039B82
:10A62000B3F5E16FC3D00E2388F80030BEE71049C0
:10A63000204605F0CBFC0028ECD10E49204605F061
:10A64000EDFC28B90C49204605F0CAFC0028E1D0F1
:10A65000F22388F800302868BAE700BFAFF3008023
:10A660007B14AE47E17A843F0000C8429CD10308C6
:10A6700000FF7F47000020410E74DA3AEF79124064
:10A680002DE9F04F83B0DDF830900190E9B1234F10
:10A69000DFF88CB002F1080498460D4600264FF012
:10A6A000010A4A4661794B1EDBB2172B47FA03F0C9
:10A6B0000ED8C0070AFA03F30AD513EA080F594463
:10A6C00048EA030809D0FA23137003B0BDE8F08FFD
:10A6D000FF23137003B0BDE8F08F11F8019C0C92BA
:10A6E000019A2368009302EB89091846D9F88C1364
:10A6F00005F076FC009B0C9A0146184639B9D9F84A
:10A70000AC1305F08BFC01360C9A103410B1FE230B
:10A710001370DAE7AE42C5D1D7E700BF0F20E000E3
:10A7200084D10308F0B589B00C460E9D0021172C8A
:10A730001E46296003D8DB23337009B0F0BD944274
:10A7400003D9DA23337009B0F0BD074602A93A787D
:10A750007B788DF80820BA788DF809308DF80A20BA
:10A76000FB788DF80B30042203A826F07BF8039BBE
:10A770002C4A934204D0013302D0DE233370DCE74D
:10A780000822391D06A826F06DF8082206A904A89B
:10A7900026F068F8DDE90423002B08BF3D2A07D026
:10A7A000002B08BFB2F1FF3F02D0DD233370C4E7B6
:10A7B0003A7B7B7B8DF80820BA7B8DF8093002A9A3
:10A7C000FB7B8DF80A2003A804228DF80B3026F0BD
:10A7D00049F8039901F11803A34202D0D82333703A
:10A7E000ABE701AA3846103104F01AF838199DF881
:10A7F000042010F8043C9A4202D0DC2333709CE71A
:10A800009DF8052010F8033C9A42F6D110F8023C5E
:10A81000002BF2D110F8013C002BEED110222A605F
:10A8200033708AE7000102032DE9F04786B005ABDB
:10A8300004AECDE9003604460DF10F03FE200D46AF
:10A8400003F0E4FE9DF90F00002869D14FF0010AE2
:10A8500004F5A56904F2145804F211575FFA8AF35B
:10A86000013B0C2B00F2B080DFE803F0A7A0999227
:10A870008B847D76706A645D07003146284601F05E
:10A88000BDF884F83D050AF1010ABAF10F0FE5D1D0
:10A890009DF90F00002843D1A4F8D00304F23A43F5
:10A8A00004F2EE464FF6FF7533F8022FAA4205D0A8
:10A8B000B4F8D013914238BFA4F8D0239E42F3D10C
:10A8C000454EDFF818E100234FF0010C46FA03F281
:10A8D000D20711D513F80E2004EB4201013AB1F86A
:10A8E000EE54B1F8E673AF421CBF121982F806C4E9
:10A8F000A1F8E65384F81CC401331F2BE6D104F2FF
:10A90000054304F21441012203F8012F8B42FBD1CD
:10A9100094F81C3423B12046FEF7F6FD9DF90F0094
:10A9200006B0BDE8F0873146284601F067F884F8A4
:10A930003C05A8E74A463146284601F007FAA2E757
:10A9400042463146284601F001FA9CE73A46314634
:10A95000284601F0B9F996E73146284601F04EF84D
:10A9600084F810058FE73146284600F081FFA4F8EF
:10A970000E0588E704F59E623146284601F05AF933
:10A9800081E704F23C423146284601F02DF97AE78E
:10A9900004F224423146284601F0E8F873E73146D4
:10A9A000284601F02BF884F822046CE7314628464B
:10A9B00001F024F884F8210465E73146284601F0C7
:10A9C0001DF884F820045EE73146284601F016F8A9
:10A9D00084F83E0557E700BFEF7912409CD1030889
:10A9E000032916D910B582B0027843788DF8042077
:10A9F0000446022201A90DF106008DF8053025F06C
:10AA000031FFA378FE2B0CBF00206FF0630002B073
:10AA100010BD6FF067007047F0B41468049EE7182B
:10AA20008F4215D805998B4215D8002B0CDD711E6D
:10AA3000CD18C6F1010600E014687318234411F81C
:10AA4000014FC454A942F7D117600020F0BC7047F1
:10AA50006FF02800FAE76FF02500F7E7012A08B544
:10AA60000BD0A1F11B02032A0BD80A4905F0AEFA5C
:10AA700010B9029ADD23137008BDA1F11602032A52
:10AA8000F3D9022BF8D01F29F6D1029ADD231370D7
:10AA9000F2E700BF00FF7F472DE9F8430F46002192
:10AAA00090461D46064605F0B9FA002838D02449DC
:10AAB000304605F095FA68B3224B3B441EA7D7E910
:10AAC000006713F8013C05F1B40909EB430905EBF4
:10AAD000430535F8024C204604F03CFC32463B4628
:10AAE00004F0B2FC03F0EEFD04F05EFF80B2231A26
:10AAF000B8F800209BB204449A4205F11E05A4B2A6
:10AB000001D3A2420AD9A945E3D1089AF4231370CC
:10AB1000BDE8F8834FF6FF73A8F80030BDE8F8836E
:10AB200004460021304605F051FA0028F2D0A8F87A
:10AB30000040BDE8F88300BF7B14AE47E17A843F54
:10AB400000FF7F479CD10308B1F5967F0CD047F2F8
:10AB50003053994205D1012808D909A1D1E9000152
:10AB60007047002000217047012803D806A1D1E9D1
:10AB70000001704706A1D1E900017047AFF30080E2
:10AB8000009435770000000000C817A804000000FA
:10AB900000BA1DD2050000002DE9F04F83B0DDE9B9
:10ABA0000CA900248AF8004089F800400D46096885
:10ABB000064608449046427816F801C08DF80520F4
:10ABC00001A902220DF106009B468DF804C025F074
:10ABD00049FEBDF806700E9B5F451F6005D9E02356
:10ABE0008AF8003003B0BDE8F08F57B1234608F172
:10ABF000FF312A68F0180133825C01F8012F9F426F
:10AC0000F7D198F8023089F800302B683B442B606C
:10AC100003B0BDE8F08F00BF38B514461D460022D2
:10AC2000002304F0A1FE78B175B104EB05132246B0
:10AC3000002000210024002551739060117391734E
:10AC4000E2E804459A42F7D138BD00BF70B49DF8E0
:10AC50000C60022E04460D4614D0012E01D970BCA2
:10AC6000704755A1D1E90001A04271EB05031BDA41
:10AC700053A1D1E90001A04271EB050330DB444B45
:10AC8000D360ECE7B3F5967F12D047F230518B4298
:10AC9000E5D12FA1D1E90001A04271EB0503DEDB74
:10ACA0003C4BD36070BC70473B4BD36070BC70476B
:10ACB00027A1D1E90001A04271EB0503F0DA26A13A
:10ACC000D1E90001A04271EB050313DA24A1D1E917
:10ACD0000001A04271EB05030FDB304BD360BEE7F0
:10ACE00021A1D1E90001A04271EB0503A4BF2C4BC7
:10ACF000D360B4E72B4BD360B1E71DA1D1E90001CC
:10AD0000A04271EB050302DB274BD360A7E71AA132
:10AD1000D1E90001A04271EB050302DB234BD360B4
:10AD20009DE717A1D1E90001A04271EB050302DB09
:10AD30001F4BD36093E714A1D1E90001A04271EB4E
:10AD400005038CDB1B4BD36089E700BFAFF30080AA
:10AD5000FF93357700000000FFF1052A0100000095
:10AD6000FF0B774203000000FFC717A80400000094
:10AD7000FF9FACB903000000FFFD7C6C04000000E5
:10AD8000FF5B4D1F05000000FFB91DD2050000004C
:10AD90009600E0034001C4097C01E0034001E003A8
:10ADA000C800E0034001DC05400120034001260209
:10ADB00040015E014001C800FFE30B5402000000A7
:10ADC000FFD5117E03000000194B013970B45B5CA4
:10ADD00000EB43034FF6FF72B3F83643944206D0BC
:10ADE000144CD0F8342334F91140944302D000209D
:10ADF00070BC7047104CD0F81C5354F82140AC4341
:10AE0000F5D1B3F87C53B3F870636C1CA5B2B5FBF5
:10AE1000F6F406FB1454A4B2A3F87C43002CE6D14C
:10AE2000012303FA01F11143C0F834131846DFE798
:10AE300070D1030858D103082CD10308F8B54E1E71
:10AE400013498D5D00EB45010446B1F852734FF68E
:10AE5000FF70874200D1F8BD05F1B700691E069F5B
:10AE600044F8207004EBC505C5E9902307986518E0
:10AE700026F054FD05F018F985F82003D4F8303396
:10AE8000012101FA06F63343C4F83033F8BD00BFA0
:10AE90009CD10308F8B5044602F0DAF904F5BC7059
:10AEA00003F026F904F12C0002F03AFC04F15C00F6
:10AEB00001F0BAFA04F5887002F08EFE0A2104F55A
:10AEC000F87002F005FB002604F5307304F50272F9
:10AED00004F538750020002143F8046BAB42E2E82A
:10AEE0000201F9D100204FF0000CC4F81C0304F556
:10AEF000377304F5107104F21F3204F5467500260D
:10AF0000002743F804CFAB42E1E9026702F8010FE2
:10AF1000F7D1C4E9CC0004F54E7304F55175012056
:10AF200000214FF6FF725887A3F8461023F8022B32
:10AF30009D42F8D1A4F84423A4F84623A4F848235A
:10AF4000A4F84A23A4F84C23A4F84E23A4F85023D1
:10AF5000A4F8522304F2523304F55C714FF6FF72E9
:10AF600023F8022F8B42FBD12046F8BD10B44C1EB3
:10AF700011461A46092C06D8DFE804F0090D110520
:10AF800014050505191E6FF0630010BC704710BC56
:10AF90005C3001F0D1BA10BC2C3002F0DDBB10BC2B
:10AFA00002F062B910BC00F5BC7003F007BB10BC26
:10AFB00000F5887002F058BE10BC00F5F87002F081
:10AFC00093BA00BF2DE9F04FA5B000220D460A92BA
:10AFD00004460B920C921AAB23A943F8042F994212
:10AFE000FBD10023C4F83433052120460D920E9284
:10AFF0008DF825308DF826308DF82730FFF7E4FEE8
:10B0000050B1284604F0FAFD0146D4F8DC0204F001
:10B01000DDFF002840F0CE804FF0FF366FF0004794
:10B0200003212046FFF7D0FE50B1284604F0E6FD8C
:10B030000146D4F8DC0204F0C9FF002840F0298161
:10B0400001212046FFF7C0FE50B1284604F0D6FD8E
:10B050000146D4F8DC0204F0B9FF002840F0298151
:10B0600002212046FFF7B0FE50B1284604F0C6FD8D
:10B070000146D4F8DC0204F0A9FF002840F0498121
:10B0800009212046FFF7A0FE50B1284604F0B6FD86
:10B090000146D4F8DC0204F099FF002840F08A81D0
:10B0A00000260A212046FFF78FFE48B1284604F00B
:10B0B000A5FD0146D4F8DC0204F088FF002862D127
:10B0C000B4F85C234FF6FF739A4203D0D4F81C33D4
:10B0D00058074CD4B4F85E234FF6FF739A4203D05E
:10B0E000D4F81C33D90736D4B4F860234FF6FF7375
:10B0F0009A4203D0D4F81C339A0720D4B4F86223C0
:10B100004FF6FF739A4203D0D4F81C331B0705D4C3
:10B110000023C4F81C3325B0BDE8F08FD4F8CC323E
:10B12000009300220192D4E9882309212046FFF7E9
:10B1300085FE0023C4F81C3325B0BDE8F08FD4F899
:10B14000C432009300220192D4E9842308212046CE
:10B15000FFF774FED2E7D4F8C032009300220192C8
:10B16000D4E9822307212046FFF768FEBCE7D4F824
:10B17000C832009300220192D4E98623062120469A
:10B18000FFF75CFEA6E7D4F8C432D4F8C812324602
:10B1900004F5F870D4E9866702F0C2F9002105468B
:10B1A0000090019132463B460F2120460A95FFF759
:10B1B00045FE85E70DF126020DF125030DF1270768
:10B1C0000EAED4F8D402DFF82892CDE90232CDE9F0
:10B1D0000467002104F0FAFED4E98867B0FA80F32E
:10B1E000D4F8CC1200915B09019332463B4604F53A
:10B1F000BC7002F0ABFF99F80B8004EB48024FF6ED
:10B20000FF73B2F852239A4208F1FF3A19D09DF821
:10B21000250004F0EFFC08F1B70B04EBC80844F874
:10B220002B00C8E99067002026F078FB04F03CFF73
:10B23000A2448AF82003D4F8303343F40063C4F8FE
:10B24000303399F80C8004EB48024FF6FF73B2F8E4
:10B2500052239A4208F1FF393FF4E2AE9DF82600EE
:10B2600004F0C8FC08F1B70A04EBC80844F82A0047
:10B27000C8E99067002026F051FB04F015FFA144B7
:10B2800089F82003D4F8303343F48053C4F83033C2
:10B29000C6E60CA90BAACDE901210AAB0093D4F8AC
:10B2A000C432D4F8C822D4F8CC12204601F0F8FFFA
:10B2B000C6E6D4F8D832D4F8D40204930DF1340C95
:10B2C0001BAA0021CDE9052C04F080FE9DF827C0C3
:10B2D0009DF826809DF825E0CDF808C0B0FA80F0F2
:10B2E00004F15C0C40090C9B0B9A0A990390CDF871
:10B2F00004806046CDF800E001F078F90D9B0093E2
:10B30000002201923B46324612212046FFF796FD6D
:10B31000A6E619AB0DF15C0C15A813A911AA0593AB
:10B320000FABCDE9030CCDE9012100930D990E9BE4
:10B330001BAA04F12C0002F031FA109A0F9B019223
:10B34000009332463B4620460121FFF777FD129AD3
:10B35000119B0192009332463B4620460221FFF7A3
:10B360006DFD149A139B0192009332463B46204692
:10B370000321FFF763FD169A159B01920093324655
:10B380003B4620460421FFF759FD189A179B01926E
:10B39000009332463B4620461521FFF74FFD1A9A8F
:10B3A000199B0192009332463B461F212046FFF72E
:10B3B00045FD65E6D4E98689D4F8D032B4F85E104C
:10B3C0000291CDE900890393D4F8C81232463B4676
:10B3D00004F5887002F092FC00210646009001916D
:10B3E00042464B460E212046FFF728FD59E600BF96
:10B3F0009CD1030810B44C1E11461A469DF8043027
:10B40000092C06D8DFE804F0080C10051305050523
:10B41000181D002010BC704710BC5C3001F0B2BC9D
:10B4200010BC2C3002F0C8BA10BC01F08FBF10BCA9
:10B4300000F5BC7002F060BF10BC00F5887002F02F
:10B44000E3BC10BC00F5F87002F0AAB810B44C1EB2
:10B4500011461A469DF80430092C06D8DFE804F09E
:10B46000080C100513050505181D002010BC7047B9
:10B4700010BC5C3001F0F8BC10BC2C3002F0E0BA1B
:10B4800010BC01F095BF10BC00F5BC7002F080BF8D
:10B4900010BC00F5887002F017BD10BC00F5F87004
:10B4A00002F0B0B830B4D0F8D452D0F81C430D60DC
:10B4B000D0E98C01C4F34054C2E900011C7030BCD7
:10B4C000704700BFF0B401390E4C049D645C04F178
:10B4D000B70C00EBC40750F82C601660D7E99067F2
:10B4E000C3E900670444012294F81F332B70D0F89D
:10B4F000303302FA01F123EA0103F0BCC0F8303323
:10B50000704700BF9CD103082DE9F04F8446374EA9
:10B51000374CDFF8E8A083B0002140F217374FF630
:10B52000FF7E04E001310B2906F104065AD047FAE8
:10B5300001F3DB07F6D52F4B13F801800CEB48081D
:10B54000B8F83693F145EDD000231D460120019651
:10B5500000FA03F23A4210D0274E36F911B01BEA36
:10B56000020F0AD0234AD25C02F29B123CF812204E
:10B57000724502D0954238BF154601330B2BE7D1F7
:10B58000019E00234FF0010B0BFA03F222420DD073
:10B59000306802420AD013F80A200CEB4202B2F8DB
:10B5A0004223724502D0954238BF15460133182B0D
:10B5B000EAD1002DB6D0B9FBF5F205FB12991FFABE
:10B5C00089F392B23BB105F0010000EB5505AB42A7
:10B5D000A4BF013292B201310B29A8F8702306F101
:10B5E0000406A4D103B0BDE8F08F00BF2CD103083E
:10B5F0000F20E00070D1030858D1030884D103085C
:10B6000030B400F54E7300F55175012400214FF65A
:10B61000FF725C87A3F8461023F8022B9D42F8D1F5
:10B62000A0F84423A0F84623A0F84823A0F84A2312
:10B63000A0F84C23A0F84E23A0F85023A0F85223E2
:10B6400000F2523300F55C724FF6FF7123F8021FCF
:10B650009342FBD130BC704710B44C1E11461A46C1
:10B66000092C06D8DFE804F0090D110514050505BD
:10B67000191E6FF0630010BC704710BC5C3001F005
:10B6800055BD10BC2C3002F071BA10BC01F0C2BE26
:10B6900010BC00F5BC7002F0E9BE10BC00F588706B
:10B6A00002F046BC10BC00F5F87001F0DDBF00BF31
:10B6B0002DE9700F0139134C9DF82060645C00EB9C
:10B6C000C405D5E980AB9B4508BF92459046994695
:10B6D00004F1FF3410D0B034079B40F82430C5E9A2
:10B6E00080890122D0F81C3302FA01F10B43BDE836
:10B6F000700FC0F81C337047002EECD1BDE8700FFE
:10B70000704700BF84D103084B1E0A2B10D8124A81
:10B71000114411F8012C02F29B1230F81210092B7F
:10B7200009D8DFE803F0090C0F081108080808150C
:10B730004FF6FF71F3E770475C3001F081BC2C30AD
:10B7400002F0E2B901F082BE00F5BC7002F0E8BE82
:10B7500000F5F87001F0A4BF70D10308204B013947
:10B76000F0B55B5C1F4FDFF888E000EB43038446D5
:10B77000A3F852230126002340F2173506FA03F4FA
:10B780002C420DD037F91100204209D01EF80300D9
:10B790000CEB4000B0F83643944288BFA0F8362343
:10B7A00001330B2BEAD1104E1048DFF848E000239C
:10B7B000012505FA03F434420DD050F821703C42C3
:10B7C00009D01EF803400CEB4404B4F842739742CE
:10B7D00088BFA4F842230133182BEAD1F0BD00BF83
:10B7E0009CD10308BCD103080F20E000FCD1030862
:10B7F00070D1030884D10308F0B50F4609680346E9
:10B800004C1E00F10B0685B0234410460E4401ACDB
:10B8100013F8015F04F8015BB342F9D101A90C22CE
:10B8200025F020F83B680C333B6005B0F0BD00BF4D
:10B83000F0B51C461B680C33934285B003D9013226
:10B84000226005B0F0BD0C220F46014601A825F08C
:10B8500009F801AB0022BD18206813F8016B2E54C3
:10B8600001320C2AF7D123680C33236005B0F0BDF8
:10B8700010B50B68C21882B00C465278C35C8DF8C4
:10B88000052001A902220DF106008DF8043024F0F4
:10B89000E9FF2368BDF806000233236002B010BD43
:10B8A000F0B51C461B680C33934287B003D90132B4
:10B8B000226007B0F0BD0C220F460146684624F016
:10B8C000D1FF0C22694603A824F0CCFF03AB002271
:10B8D000BD18206813F8016B2E5401320C2AF7D1E1
:10B8E00023680C33236007B0F0BD00BF30B50D688E
:10B8F000034683B00C46411910465A5D8DF804206A
:10B900004D788B788DF80630032201A98DF805500B
:10B9100024F0A8FF23680333236003B030BD00BFC9
:10B9200030B51C461B6885B002339342ADF8060063
:10B9300003D90132226005B030BD0D4602220DF15F
:10B94000060103A824F08EFF23689DF80C20EA541A
:10B9500021689DF80D3029444B7023680233236021
:10B9600005B030BD30B50A6883B08318825C8DF8AD
:10B97000042058789D788DF805000C460422DB7869
:10B980008DF807300DEB020168468DF8065024F063
:10B9900069FF236800980433236003B030BD00BF03
:10B9A00070B51C461B680333934282B003D9013241
:10B9B000226002B070BD0278467883788DF800204E
:10B9C0000D460322694601A88DF802308DF801600A
:10B9D00024F048FF23689DF80420EA5423689DF86A
:10B9E00005109DF806202B445970216829448A705F
:10B9F00023680333236002B070BD00BF10B50B682D
:10BA000082B00C46C35C8DF8073001220DF10701AE
:10BA10000DF1060024F026FF23689DF8060001338F
:10BA2000236002B010BD00BF30B51C461B6885B056
:10BA300004339342019003D90132226005B030BD36
:10BA400004220D4603A80DEB020124F00BFF23682E
:10BA50009DF80C20EA5423689DF80D009DF80E1007
:10BA60009DF80F202B44587023682B44997021684F
:10BA70000D44EA7023680433236005B030BD00BF75
:10BA8000F0B50B6883B004461C440F4610460DF118
:10BA9000FF330DF1070614F8015B03F8015FB342B1
:10BAA000F9D10822694624F0DDFE3B6808333B608B
:10BAB00003B0F0BD30B51C461B6883B05D1C9542D9
:10BAC0008DF8070003D90132226003B030BDC818D9
:10BAD00001220DF1070124F0C5FE23680133236024
:10BAE00003B030BD30B50A6885B00D460DF10703CF
:10BAF00010440DF10F0410F8012B03F8012FA3429D
:10BB0000F9D108220DEB0201684624F0ABFE2B6848
:10BB1000DDE9000108332B6005B030BD70B51C466F
:10BB20001B680833934284B003D90132226004B009
:10BB300070BD08220D460146684624F093FE082297
:10BB40000DEB0200694624F08DFE0DF10703002283
:10BB5000A818216813F8016F46540132082AF7D15A
:10BB600023680833236004B070BD00BFF0B50B68D4
:10BB700087B00446013B1C440F4610466B4606AE98
:10BB800014F8015F03F8015BB342F9D1694618224A
:10BB900024F068FE3B6818333B6007B0F0BD00BF7F
:10BBA00070B584B0CDE90001089C266808369E4235
:10BBB00003D90133236004B070BD154608220DEB94
:10BBC0000200694624F04EFE0DF107020023E8183A
:10BBD000216812F8016F46540133082BF7D123680E
:10BBE0000833236004B070BDF0B50B68AFB00446F5
:10BBF000013B1C440F46104601AB2EAE14F8015F0A
:10BC000003F8015BB342F9D101A9B42224F02AFE62
:10BC10003B68B4333B602FB0F0BD00BF30B41C684C
:10BC2000651C95429CBF08551A68013230BC1A60E9
:10BC3000704700BFF0B50B6889B00446013B1C4457
:10BC40000F4610466B460DF11E0614F8015F03F80F
:10BC5000015BB342F9D169461E2224F003FE3B6822
:10BC60001E333B6009B0F0BD30B51C461B68043381
:10BC7000934283B003D90132226003B030BD028801
:10BC8000ADF8002004220D464388ADF80230694625
:10BC90000DEB020024F0E6FD23689DF80420EA5431
:10BCA00023689DF805009DF806109DF807202B4499
:10BCB000587023682B44997021680D44EA702368FA
:10BCC0000433236003B030BD30B50C460968451815
:10BCD00083B0034610466A785B5C8DF8052001A9A5
:10BCE00002228DF8043024F0BDFD23680233236066
:10BCF00003B030BD70B51D461B68143393428AB043
:10BD000003D901322A600AB070BD14220DEB02047F
:10BD10000E460146684624F0A5FD694614222046D9
:10BD200024F0A0FDC4F101030DF113020DF1270170
:10BD30002C689818204412F8014F34548A42F7D1E5
:10BD40002B6814332B600AB070BD00BFF0B50B68D0
:10BD500087B00446013B1C440F46104601AB06AEBB
:10BD600014F8015F03F8015BB342F9D101A9142271
:10BD700024F078FD3B6814333B6007B0F0BD00BF92
:10BD800030B51C461B6883B05D1C95428DF80700DA
:10BD900003D90132226003B030BDC81801220DF171
:10BDA000070124F05FFD23680133236003B030BD39
:10BDB00070B503460D6882B00C46411910465A5DB5
:10BDC0008DF8042004224E788D78CB788DF80730DA
:10BDD0000DEB02018DF805608DF8065024F042FD50
:10BDE00023680433236002B070BD00BF70B51C46E9
:10BDF0001B680833934282B003D90132226002B03B
:10BE000070BD08220D460146684624F02BFD0DF159
:10BE1000FF330022A818216813F8016F465401323D
:10BE2000082AF7D123680833236002B070BD00BF31
:10BE3000F0B50B6887B00446013B1C440F46104622
:10BE400001AB06AE14F8015F03F8015BB342F9D110
:10BE500001A9142224F006FD3B6814333B6007B0AF
:10BE6000F0BD00BF70B51D461B68183393428CB0FF
:10BE700003D901322A600CB070BD18220DEB020408
:10BE80000E460146684624F0EDFC6946182220461D
:10BE900024F0E8FCC4F101030DF117020DF12F01AC
:10BEA0002C689818204412F8014F34548A42F7D174
:10BEB0002B6818332B600CB070BD00BF10B50B6839
:10BEC00082B00C46C35C8DF8073001220DF10701EA
:10BED0000DF1060024F0C6FC23689DF9060001332D
:10BEE000236002B010BD00BF70B51D461B68B4339F
:10BEF0009342DAB003D901322A605AB070BDB4223D
:10BF00000DEB02040E460146684624F0ABFC694680
:10BF1000B422204624F0A6FCC4F101030DF1B302C3
:10BF20000DF267112C689818204412F8014F345410
:10BF30008A42F7D12B68B4332B605AB070BD00BF72
:10BF400070B51D461B681E33934288B003D9013279
:10BF50002A6008B070BD6C461E220E46014620467F
:10BF600024F080FCC4F101030DF1FF320DF11D013D
:10BF70002C689818204412F8014F34548A42F7D1A3
:10BF80002B681E332B6008B070BD00BF30B51C4657
:10BF90001B680233934283B003D90132226003B09D
:10BFA00030BD027843788DF800200D4602226946A4
:10BFB00001A88DF8013024F055FC23689DF8042079
:10BFC000EA5421689DF8053029444B7023680233F8
:10BFD000236003B030BD00BF70B51D461B6814332D
:10BFE00093428AB003D901322A600AB070BD14228C
:10BFF0000DEB02040E460146684624F033FC694608
:10C000001422204624F02EFCC4F101030DF113028A
:10C010000DF127012C689818204412F8014F345470
:10C020008A42F7D12B6814332B600AB070BD00BF71
:10C030002DE9F04F85B004469DF838909DF83C50AE
:10C040000395B9F1030F9DF840504068029588466A
:10C050001646009300F09680624903F023FE824664
:10C06000009B002B67D104EB89035046196903F04C
:10C0700011FD356807462946404603F009FD05468F
:10C08000608803F0B7FD584903F0C0FE04EB890B4C
:10C0900003465649DBF82000019303F097FF002880
:10C0A00073D15349504603F0FDFD514603F0F2FCB5
:10C0B00000218046284603F0B1FF00284CD009F04B
:10C0C000FD09B9F1010F09BF039BDFF838910D336A
:10C0D00054F82390029B63B94146284603F09EFF23
:10C0E00038B1039B434A013B32F9130003F086FD4C
:10C0F00081466068404903F0D5FD494603F086FE5D
:10C10000019903F0CFFD04460146284603F086FF5F
:10C1100000BB3168284603F0BDFC3946044603F0F5
:10C120005FFF00B92746009B0BB107F1004737605E
:10C1300005B0BDE8F08F356809F1010305F1004550
:10C14000356054F82310504603F0A2FC08F1004873
:10C15000074690E72546DCE7029B93B3DBF86810BF
:10C16000019B03F1004003F051FE24F081FF0146E2
:10C170004FF07E5003F08CFC0146284603F092FD00
:10C180000546C6E7D4F8B0A06AE7DBF804004146EC
:10C1900003F07EFC002125F0C1F901464FF07E50EE
:10C1A00003F076FC014603F07DFD4FF07D5103F076
:10C1B00079FD124903F076FD114903F06BFC01464D
:10C1C00070E7284625F056F9414603F027FF00287E
:10C1D000C4D0B9F1010FC1D10449E06E03F016FEDD
:10C1E0000146BDE7C178C63D0000C842000040409E
:10C1F0009A99993E7CD10308CBBECB3ECDCC4C3E28
:10C20000CDCCCC3D0000E1442DE9F04100EB8207AC
:10C2100084B004460E46786800211546984603F01F
:10C22000D5FE00B17E6002236A1C20460193314690
:10C23000CDF80880009504EB82020023FFF7F8FE9A
:10C240007868314603F0CCFE70B1386A4FF07E5109
:10C2500003F0BCFE40B13869002103F0B7FE18B10D
:10C26000B8F1000F00D17E6004B0BDE8F08100BFDE
:10C270002DE9F04300EB820885B004460E46D8F85D
:10C2800010009DF83090002115461F4603F09EFED9
:10C2900070B92A1D0123CDF80890009504EB8202A5
:10C2A000314620460193FFF7C3FE05B0BDE8F08399
:10C2B0003946D8F8040003F0EBFB0146304603F0A2
:10C2C000E7FB084903F08CFE0028EED0C8F81060A8
:10C2D0000021304603F07AFE0028DAD005B0BDE830
:10C2E000F08300BFBD378635F8B500EB83040D46FB
:10C2F000276900213846164603F068FEF8B16068E9
:10C30000314603F0C5FB002125F008F921690346F9
:10C3100030461C4603F0BCFB002125F0FFF8014627
:10C32000204625F011F9014603F0B4FB294603F03D
:10C330006DFDBDE8F8404FF07E5125F005B960680D
:10C34000394603F0A5FB294625F0E8F80546D6E76F
:10C350002DE9F0479DF820C000EB8C0705460E46FE
:10C36000386A2D49904699460CF1FF3403F02EFEB1
:10C37000002834D049464FF07E5003F089FB014637
:10C3800003F090FC4FF07D5103F08CFC234903F047
:10C3900089FC234903F07EFB8146D7F810A078681A
:10C3A000514603F075FB49460746304603F07AFCD8
:10C3B000314603F06FFB0146384603F011FE2C4472
:10C3C00028B95046002103F001FE034650B195F80C
:10C3D000783084F820304FF07E50BDE8F087DFF8E9
:10C3E0004490DAE7B8F1000F0ED194F82030FF2B1B
:10C3F00010D00133DBB284F8203095F878209A42CF
:10C4000008D94FF08040E8E784F820304FF08040B2
:10C41000BDE8F0870048E0E700004040CDCC4C3E4E
:10C42000CDCCCC3D9A99993EF0B4334E334D344A3D
:10C43000344F3549354CC6640565354E354D476535
:10C440008165354F3549C46586660A240326C5666D
:10C45000334DDFF8E0C007674167324F1168A0F83D
:10C460007A40A0F87C6054681669C0F88050D5689E
:10C47000C0F848C0C0F88470D2F808C0C0F89C105A
:10C48000002201210027C0F8A040C0F8A850264C87
:10C49000C0F8AC600225254E878604664FF6FF770C
:10C4A000446680F87850C0F8A4C00170026342620C
:10C4B0008663C66380F8225040F202261C4D046455
:10C4C00047800684C0F8B0508262F0BC426082604F
:10C4D000C260026142618261C261C26280F844103E
:10C4E00080F88810C0F88C20C0F89420C0F8902004
:10C4F000C0F89820704700BF10E9AFBFD881F3BEE5
:10C5000078D20308C7BA38BDD3BC63BC2B18953C9E
:10C510000000E14500C0A8474031774C004EED498E
:10C520000000604017B7D138000061450000E144C9
:10C530004260653CDE02C9BE2DE9F04786B004AB1F
:10C5400005AE04460078CDE900360DF10F030D4627
:10C5500002F05CF89DF90F00E8B94FF0010A04F110
:10C560009C0904F1480804F154075FFA8AF3013B7F
:10C57000052B35D8DFE803F02D261F18120342469D
:10C5800031462846FFF738F90AF1010ABAF1080FD7
:10C59000EBD19DF90F0006B0BDE8F0873A46314671
:10C5A0002846FFF729F9EFE704F1800231462846D3
:10C5B000FFF766FAE8E704F17A0231462846FFF70A
:10C5C000F7FBE1E704F1600231462846FFF714F972
:10C5D000DAE704F16C0231462846FFF70DF9D3E79C
:10C5E0004A4631462846FFF723FCCDE72DE9F04FB8
:10C5F0008FB0DDE91D569DF8604009949DF864A058
:10C600009DF8684004949DF86C400394059104469D
:10C6100017469846BAF1000F33D0039B002B40F029
:10C620008E817449104603F0E5FC002800F09281E9
:10C630007149384603F0E8FC002800F08B816F490F
:10C64000404603F0D7FC002800F0848100214046DA
:10C6500003F0DAFC002800F07D811C98002103F033
:10C66000B5FC002800F04383D4F830900021484600
:10C6700003F0ACFC002800F06A83039BCDE907A31C
:10C6800001E0CDE907AA6388642B00F05F81B3F570
:10C69000967F19BFA36CD4F854B0E36CD4F858B0AB
:10C6A00057490693404603F0FDFA544903F0AEFBA8
:10C6B00054498046384603F0F5FA534981463846D6
:10C6C00003F0E8F90146484603F0A0FB814624F058
:10C6D000CFFC4E4902463846174603F0DBF939468F
:10C6E0000746404603F0DEFA394603F08FFB48491F
:10C6F00003F0D8FA24F00EFD464903F0C9F9069B71
:10C70000194603F0CFFA594603F0C4F901460598DB
:10C7100003F0BEF9079B3060002B40F03881039B8B
:10C72000002B40F0AB803C49606803F0BBFAD6F8C0
:10C730000090A1680746484603F066FC002840F0D8
:10C74000FB806169484603F055FC089B00280CBF3C
:10C7500098464FF0010801234A4639462046FFF724
:10C76000C3FD099B002B00F0BF81BAF1000F59D027
:10C770004FF0010C034642463946CDF800C0204632
:10C78000FFF7E6FD24496062606803F08BFA3768C2
:10C79000E1688046384603F037FC30B9A069394675
:10C7A00003F032FC002800F08C8202233A46414616
:10C7B0002046FFF799FD034602205246414600906D
:10C7C0002046FFF7C5FDD4F8B070A062032332689D
:10C7D00039462046FFF788FD089B002B40F0618218
:10C7E0000E49384603F0F2FB002840F067820C4FF8
:10C7F00043E000BF0000AA42000020C20000C8427F
:10C800008195C340C3F58C41B81E7343339388436D
:10C8100033B3584307767C3FC178C63D4260653CE0
:10C820000000404094F87820AA4984F82020002392
:10C830006362606803F036FA3768E168814638461B
:10C8400003F0E2FBC846002800F062813A46494600
:10C8500002232046FFF748FD94F8783084F8213011
:10C860000027A76203233268D4F8B0102046FFF7F0
:10C870003BFD94F8783084F82230E762954960688F
:10C8800003F010FAD4F8089082460021484603F0DD
:10C890009DFB08B1D6F8009067690021384603F087
:10C8A00095FB20B15146484603F0F2F80746D4F80C
:10C8B0000C80636A03930021404603F087FB08B1B4
:10C8C000D6F80080D4F818B00021584603F07EFB5B
:10C8D00020B15146404603F0DBF88346D4F810A05F
:10C8E000D4F8B03005930021504603F06FFB08B137
:10C8F000D6F800A0039BC5F80090EF60AB61C5F8C7
:10C900000480C5F810B0A26AEA61C5F808A0E6691B
:10C910000021304603F05AFB20B10599504603F040
:10C92000B7F806466E61E36A2B6294F84430012B37
:10C9300014D00FB0BDE8F08F4FF001080BE70023D3
:10C94000CDE907336388642B7FF4A1AE236DD4F85F
:10C950005CB0A5E6039BCDE9073394E603985E49F6
:10C9600003F034FB58B1049B4BB1236E616EA26E91
:10C97000A3630023E163226484F84430D9E7574B72
:10C98000574AA363E36322640FB0BDE8F08F4846C3
:10C9900024F06EFB0146404603F084F9394603F06B
:10C9A00035FA504903F07EF924F0B4FB6388642B18
:10C9B000834600F07181B3F5967F00F06881A36C27
:10C9C000D4F85490069394F88830002B00F0B98086
:10C9D000059AC4F894B00023C4F898B0C4F88C2029
:10C9E000C4F8902084F888303A496068D6F800800E
:10C9F00003F058F907466069002103F0E7FA58B1DF
:10CA00003946A06803F044F8414603F007FB18B12B
:10CA1000C4F81480D6F800804146DDF81080012269
:10CA200043462046FFF7F0FBCDF800803B4601224D
:10CA300031682046FFF71CFC2649606803F032F994
:10CA400000210746A06903F0C1FAD6F8008060B162
:10CA50003946E06803F01CF80146404603F0C0FA8E
:10CA600018B1C4F81880D6F800804146DDF810806F
:10CA7000022243462046FFF7C7FBCDF800803B4625
:10CA80003168CDF8108002222046FFF7F1FB049BAD
:10CA90003168D4F8B07003222046FFF7B5FB089B3D
:10CAA000002B3FF43CAE049B009331683B4620468C
:10CAB0000322FFF7DDFBE7690021384603F086FA21
:10CAC00000287FF42CAE2069394602F0E1FFC4F85B
:10CAD000B00024E6C178C63D000040400000E144BB
:10CAE0000000614533B3584394F87820A04984F896
:10CAF000202000236362606803F0D4F83768814621
:10CB00003946E06803F076FAC84600287FF49EAE06
:10CB1000A169384603F06EFA00287FF497AE3A46D2
:10CB2000022341462046FFF7DFFB099A0346002A0D
:10CB30003FF492AEBAF1000F3FF48EAEDDF820A0C4
:10CB40003AE68B496068D6F8008003F0ABF84146BE
:10CB50000746A06802F09CFF4FF07F5107903846CF
:10CB600003F0A0F8079B0146184603F043FA00289B
:10CB70003FF441AF636A7F490793184603F026FAF2
:10CB8000002800F09180D4F89870D4F894800C9725
:10CB90003846414603F024FA002840F09C804FF0CC
:10CBA000FF374146584603F01BFA002840F09B80AF
:10CBB0007B1C07932146082241F8948F0BA823F091
:10CBC00051FEDDF82C800C9F4046394603F008FAF0
:10CBD000002800F08580B8460027D4F88C300B93ED
:10CBE0004146584603F01AFA002877D17B1CC34609
:10CBF000079AD4F89400C4F898B00EA901EB820704
:10CC000001EB8303D4F8902005990D910C9257F80D
:10CC10000C2C53F80C3CC4F88C205946C4F89030C6
:10CC200002F036FF24F026FC534903F0EDF900280A
:10CC30003FF4DAAED4F88C10D4F8900002F028FF5C
:10CC4000494602F025FFD4F894100746D4F898001E
:10CC500002F01EFF0146384603F0D8F8474903F0BA
:10CC600021F847490746069803F01CF80146384664
:10CC700002F010FF6388B3F5967F66D047F230521A
:10CC8000934260D0642B7FF4AFAE2065ACE6E36CDA
:10CC9000D4F85890069396E6236DD4F85C900693EA
:10CCA00091E64FF08047E8E5079B4FF0804118463A
:10CCB00003F08CF900283FF49EAE64E74FF07E57F6
:10CCC000DBE502233A4641462046FFF70DFBDDF83F
:10CCD00020A0034670E5B846002762E7022387E7F5
:10CCE0004FF0FF3779E70223D846079362E72149DF
:10CCF0001C9803F06BF900287FF4C3AC1C9803F078
:10CD0000ADF904EB40038346B3F87800D4F83090D3
:10CD100002F070FF0146484602F0BAFE0BF11F0B0D
:10CD2000069054F82B0024F0A3F9069B0146184600
:10CD300003F06CF80146484602F0AAFE039B20630C
:10CD4000CDE907339FE4A0644EE6E0644CE6A08E94
:10CD500002F050FF0146484602F09AFE01460020CC
:10CD600024F0DCFB039B2063CDE907338BE400BF99
:10CD7000C178C63D00004040CDCC4C3E00D7A33C1E
:10CD800048E17A3F2DE9F047072484B006469046F3
:10CD900000788DF807400DEB04020D4601F064FCAD
:10CDA0009DF8077003902FB3012406F19C0A06F149
:10CDB0004809E3B2013B062B0BD8DFE803F0352D21
:10CDC000453D4D10040003AB424629465046FEF750
:10CDD00091FFA74204F101030BD01C46E9E703AB26
:10CDE000424629464846FEF75BFDA74204F101038F
:10CDF000F3D10398ADF80A0002220DF10A0102A84E
:10CE000023F030FD9DF808209DF8093003982A7022
:10CE10006B7004B0BDE8F08703AB4246294606F1CB
:10CE20006000FEF73DFDD4E703AB4246294606F11C
:10CE30006C00FEF735FDCCE703AB4246294606F110
:10CE40008000FEF76BFEC4E703AB4246294606F1BD
:10CE50007A00FEF709FFBCE703AB4246294606F11C
:10CE60005400FEF71DFDB4E72DE9F04784B00646F7
:10CE7000174600780F240DF107020D468DF8074084
:10CE800001F0F2FB9DF807800390B8F1000F2AD063
:10CE9000012406F1940A06F18C09E3B2013B0E2B42
:10CEA00010D8DFE803F04941595139327770686092
:10CEB000867E8E150800D6F8B00003AB3A462946A8
:10CEC000FEF7B2FDA04504F101030BD01C46E4E7D8
:10CED00003AB3A4629465046FEF720FEA04504F132
:10CEE0000103F3D10398ADF80A0002220DF10A0103
:10CEF00002A823F0B7FC9DF808209DF8093003989C
:10CF00002A706B7004B0BDE8F087306B03AB3A4613
:10CF10002946FEF789FDD5E703AB3A46294606F1D7
:10CF20002400FEF7BDFCCDE703AB3A46294606F1E7
:10CF30001400FEF7B5FCC5E703AB3A46294606F1F7
:10CF40000800FEF7ADFCBDE703AB3A46294606F103
:10CF50002000FEF725FDB5E7708803AB3A46294669
:10CF6000FEF7DEFCAEE703AB3A46294606F1380091
:10CF7000FEF796FCA6E796F8780003AB3A462946FA
:10CF8000FEF798FD9EE7706803AB3A462946FEF728
:10CF90004BFD97E7B08E03AB3A462946FEF7C0FC3F
:10CFA00090E796F8880003AB3A462946FEF782FDE3
:10CFB00088E796F8440003AB3A462946FEF77AFD27
:10CFC00080E703AB3A4629464846FEF7A7FD79E7D6
:10CFD00030B4184A184D026400234FF6FF7440F233
:10CFE0000221012283864480002302240184134904
:10CFF000C0F8B05080F8784080F82240036330BC1D
:10D000004362836243608360C36003614361836101
:10D01000C361C362C0F88C30C0F89430C0F890305F
:10D02000C0F898308163C16380F8442080F888207C
:10D03000704700BF000061454260653C0000E1446C
:10D04000F8B54FF6FF7399423DD043888B420C46AA
:10D05000054638D0B1F5E16FD0F8A87041805BD0BB
:10D0600032D8642955D0B1F5967F3AD1D0F8A000D6
:10D070002C4BA3FB04235B09AB8624F04BF824F074
:10D08000F9F90646384624F045F824F0F3F901464C
:10D09000304602F0BBFE68600CB347F23053B3FB7E
:10D0A000F4F004FB10339BB280B253BB02F0A2FD3C
:10D0B00024F0AEF8014602F0EDFC24F0E9FB02F0AA
:10D0C000F3FF85F87800F8BD41F27073994226D0DD
:10D0D00047F23053994204D1D0F89C00C8E7124877
:10D0E000E6E7104BD5F89C00A3FB04235A09642102
:10D0F00001FB124292B2312A4FEA5313BCD90133D9
:10D10000BAE704F0010101EB5404A342A8BF0130C7
:10D11000CCE738460123AFE7D0F8A400A8E7D0F861
:10D12000AC00A5E71F85EB5100FF7F472DE9F047D5
:10D1300086B004AB05AE04460078CDE900360DF1AB
:10D140000F030D4601F062FA9DF90F0008BB4FF086
:10D15000010A04F1940904F18C0804F138075FFA1C
:10D160008AF3013B0D2B6CD8DFE803F0645D575068
:10D1700049433D37302A231C16074A463146284684
:10D18000FEF77EFC0AF1010ABAF1100FE7D19DF912
:10D190000F0006B0BDE8F087424631462846FEF74C
:10D1A0006FFCEFE731462846FEF728FC84F888003C
:10D1B000E8E731462846FEF721FC84F84400E1E721
:10D1C0003A4631462846FEF717FBDBE7314628464C
:10D1D000FEF714FC84F87800D4E731462846FEF7C1
:10D1E000C1FB6060CEE731462846FEF741FBA086D2
:10D1F000C8E731462846FEF7B5FB2063C2E704F1D5
:10D20000240231462846FEF7F7FABBE704F1200274
:10D2100031462846FEF76AFBB4E731462846FEF75A
:10D2200027FB6080AEE704F1140231462846FEF782
:10D23000E3FAA7E704F1080231462846FEF7DCFAD4
:10D24000A0E731462846FEF78DFBC4F8B00099E709
:10D2500010B50323044600F8043B01F0C9FE204644
:10D2600001F040FE204610BD70B586B004AB05AE9F
:10D2700004460078CDE900360DF10F030D4601F0AC
:10D28000C5F99DF90F0008B106B070BD284604F13C
:10D2900020023146FEF7B0FA9DF90F0006B070BDCE
:10D2A0002DE9F84F0D46044608462749DDF8309031
:10D2B000DDE90ABA17461E4602F09CFE00B1224D77
:10D2C000D4F810800021404602F080FE002833D1BF
:10D2D0002846656823F01EFF216902F0D9FB294624
:10D2E00002F0E0FC414602F0D5FBCBF80000656996
:10D2F0003846294602F0CCFBA16802F0D3FC29464F
:10D3000002F0C8FBCAF80000A5693046294602F0C1
:10D31000BFFBE16802F0C6FC294602F0BBFBC9F87E
:10D320000000DBF800302361DAF800306361D9F8DF
:10D330000030A361BDE8F88F284623F0EBFE67615B
:10D3400080462061A661C3E7000020412DE9F0413D
:10D3500084B001250646904600788DF807500DF1FF
:10D3600007020F4601F080F99DF80750039035B190
:10D3700020360024ACB10134A542FBD10398ADF8AE
:10D380000A0002220DF10A0102A823F06BFA9DF8AF
:10D3900008209DF8093003983A707B7004B0BDE80E
:10D3A000F08103AB424639463046FEF741FAE2E7E8
:10D3B0002DE9F04184B001250646904600788DF8AD
:10D3C00007500DF107020F4601F04EF99DF8075086
:10D3D000039035B110360024ACB10134A542FBD125
:10D3E0000398ADF80A0002220DF10A0102A823F009
:10D3F00039FA9DF808209DF8093003983A707B703F
:10D4000004B0BDE8F08103AB424639463046FEF732
:10D410000FFAE2E770B586B004AB05AE04460078BB
:10D42000CDE900360DF10F030D4601F0EFF89DF93F
:10D430000F0008B106B070BD284604F11002314655
:10D44000FEF7DAF99DF90F0006B070BDF0B504469D
:10D4500085B0084602F0CEFB01461C4802F0D6FC1F
:10D460004FF07C5102F01EFC01460546206A02F096
:10D47000CDFC4FF07E573946064602F0CFFDF0B1A5
:10D4800001972946606A02F0C1FC4FF07E57394689
:10D49000064602F0C3FDB0B102972946A06A02F029
:10D4A000B5FC4FF07E563146054602F0B7FD40B15F
:10D4B0000396201D01A901F031FD05B0F0BD0196D4
:10D4C000DFE70395F5E70296E7E700BF0000C842F3
:10D4D00010B5044600F8041B01F098FD204601F049
:10D4E00015FD204610BD00BF70B586B004AB05AE7B
:10D4F00004460078CDE900360DF10F030D4601F02A
:10D5000085F89DF90F0008B106B070BD284604F1FA
:10D5100010023146FEF7B4FA9DF90F0006B070BD57
:10D520002DE9F04104460F46184600211D4690465D
:10D5300002F060FD00282DD11749284602F06EFD4B
:10D5400030BBA6680021304602F040FD00B13E46E7
:10D550003146384602F09CFA616802F0A3FB31467E
:10D5600002F098FA2169A0600646284602F09AFB6C
:10D57000616902F08FFA294602F08CFA41460246B0
:10D58000304601F0E5F8BDE8F041034923F0DCBF87
:10D59000014DD6E7014DD4E70000C84217B7D13896
:10D5A0002DE9F04184B001250646904600788DF8BB
:10D5B00007500DF107020F4601F056F89DF807508D
:10D5C000039035B110360024ACB10134A542FBD133
:10D5D0000398ADF80A0002220DF10A0102A823F017
:10D5E00041F99DF808209DF8093003983A707B7046
:10D5F00004B0BDE8F08103AB424639463046FEF741
:10D60000F5FBE2E72DE9F04184B00746904600784B
:10D6100001240DF107020E468DF8074001F024F8B1
:10D620009DF8075003902DB10024ACB10134A54200
:10D63000FBD10398ADF80A0002220DF10A0102A8FD
:10D6400023F010F99DF808209DF8093003983270F6
:10D65000737004B0BDE8F081B86803AB4246314650
:10D66000FEF7E2F9E2E700BF70B586B004AB05AEA5
:10D6700004460078CDE900360DF10F030D4600F0A9
:10D68000C5FF9DF90F0008B106B070BD31462846B0
:10D69000FEF768F903469DF90F00A36006B070BD60
:10D6A000F8B50546084602F0A5FA0146194802F009
:10D6B000ADFB4FF07C5102F0F5FA4FF07E5701467A
:10D6C000154802F0A3FB394623F03EFF13490646F6
:10D6D00002F0E8FA23F0D2FE014602F0E3FA044633
:10D6E000014602F0DFFA214602F0D4F923F090FD62
:10D6F0003946034630461E4602F068FC40B92146D2
:10D70000304602F0C5F9014602F0C4F96860F8BD80
:10D710006F60F8BD0000C84299D4503CDB0FC93F90
:10D7200070B40B4A0B4915689668C56102240470F1
:10D730005468D56804621469466200228562C46236
:10D74000416070BC416181618260C260026170476A
:10D7500078D203080000484270B586B004AB05AE2D
:10D7600004460078CDE900360DF10F030D4600F0B8
:10D770004DFF9DF90F0008B106B070BD3146284637
:10D78000FEF7F0F804F11C02606031462846FEF70F
:10D790004FFB9DF90F0006B070BD00BF2DE9F04FA3
:10D7A000166883B00546304614469946884602F00E
:10D7B0006FF9E1680746304602F06AF901463846DB
:10D7C00002F024FB714902F06DFA714902F062F92E
:10D7D00001460020DDE90CBA23F0A0FE01466D48A9
:10D7E00023F0B2FEA968034638461F4602F05AFAF3
:10D7F000674902F04FF90146002023F08FFE4FF0F9
:10D800007E510646484602F0EBFB00287CD16F6152
:10D81000AE61CBF80070A369CBF80430CAF80060A1
:10D82000A369CAF80430D4F808904146484602F08B
:10D830002FF961690746484602F02AF90146384641
:10D8400002F0E4FA544902F02DFA514902F022F9AB
:10D85000002123F063FE119B119A1860236A536024
:10D860006868314602F0D0FB002847D04B4930466B
:10D8700002F018FA4A4902F00DF90146494823F02E
:10D880004DFE0E9B0E9A1860A3695360E9683046FE
:10D8900002F008FA296902F0FDF80146424823F037
:10D8A00063FC0146414823F039FE0146404823F01D
:10D8B0004BFE0F9B0F9A1860A36953606668414640
:10D8C000304602F0E5F821690546304602F0E0F8FE
:10D8D0000146284602F09AFA364902F0E3F9354942
:10D8E00023F032FE0146002023F018FE109B109A10
:10D8F0001860E369536003B0BDE8F08F2A493046F1
:10D9000002F0D0F90146B9E7A069002102F05EFB00
:10D9100000283FF47CAF4946484602F0C3F96B69E2
:10D92000019381463946184602F05AFB88B13846C1
:10D93000494602F0B7F9494607464FF07E5002F0DB
:10D94000A7F8019B194602F0ADF9394602F0A2F89A
:10D950000746AB6901933146184602F041FB0028A7
:10D960003FF457AF3046494602F09CF94946064617
:10D970004FF07E5002F08CF8019B194602F092F9AC
:10D98000314602F087F8064643E700BF0000164321
:10D99000000048420000FA43000066430000A04037
:10D9A00000007A430000C84300002041CDCCCC3DAC
:10D9B00000007A440000C8422DE9F04385B081465A
:10D9C0001646007802240DF107020D468DF8074037
:10D9D00000F04AFE9DF807700390FFB1012409F1A1
:10D9E0001C080CE0022B324603AB2946404601D10D
:10D9F000FEF780F9A74204F101030ED01C46E3B202
:10DA0000012BEFD103ABD9F8040032462946FEF7CB
:10DA10000BF8A74204F10103F0D10398ADF80A0016
:10DA200002220DF10A0102A822F01CFF9DF8082035
:10DA30009DF8093003982A706B7005B0BDE8F0833B
:10DA40002DE9F04184B006469046007805240DF19A
:10DA500007020D468DF8074000F006FE9DF807709E
:10DA6000039007B30124E3B2013B042B0AD8DFE89B
:10DA700003F03A0F332C0300306903AB42462946CA
:10DA8000FDF7D2FFA74204F101030BD01C46EAE7E1
:10DA900003ABB06942462946FDF7C6FFA74204F131
:10DAA0000103F3D10398ADF80A0002220DF10A0137
:10DAB00002A822F0D7FE9DF808209DF809300398AF
:10DAC0002A706B7004B0BDE8F081F06803AB424689
:10DAD0002946FDF7A9FFD5E7B06803AB42462946C2
:10DAE000FDF7A2FFCEE7706903AB42462946FDF77A
:10DAF0009BFFC7E70023034A426182618360C360E2
:10DB000003617047000048424FF6FF7399421FD0EF
:10DB1000B1F5E16F10B504461FD013D864291AD0AF
:10DB2000B1F5967F12D1006A23F0F4FA23F0A2FC3B
:10DB300001460B4802F06AF90A4A0B4BA060E2600A
:10DB4000236110BD41F27073994202D0E069EBE7A6
:10DB50007047C06AE8E7806AE6E7406AE4E700BF2A
:10DB6000000016434F57213C841C4BBFF0B587B0D3
:10DB700004AB05AF05460078CDE900370DF10F0382
:10DB80000E4600F043FD9DF90F0090B90124E3B269
:10DB9000013B39463046032B19D8DFE803F0141057
:10DBA0000C02FDF7DFFEE8600134062CEFD19DF991
:10DBB0000F0007B0F0BDFDF7D5FEA860F4E7FDF754
:10DBC000D1FEA861F0E7FDF7CDFE6861ECE7FDF757
:10DBD000C9FE2861E8E700BF30B409241549164A98
:10DBE000164D0470164C416002611649164A456193
:10DBF0008461164D164C416282621649164AC5620E
:10DC00008463164D164CC16302641649C564002234
:10DC10006FF0004504654FF0FF34C0E9164501661A
:10DC200030BC8260C260C2610262026342634264CD
:10DC30008264704707F0963D1C7CE13D3480D73FFD
:10DC40000000A040CDCC0C3E67D5273EE63F4CC03F
:10DC500091ED3CBFFB3A403FB15083405DFEE33E57
:10DC6000363C85BF000040402DE9F04786B004AB4C
:10DC700005AE04460078CDE900360DF10F030D46E0
:10DC800000F0C4FC9DF90F00E0B94FF0010A04F167
:10DC9000400904F12C0804F118075FFA8AF3013BEC
:10DCA000032B24D8DFE803F01D1711024A46314642
:10DCB0002846FEF7BDF80AF1010ABAF1060FECD1C9
:10DCC0009DF90F0006B0BDE8F08742463146284670
:10DCD000FEF7AEF8EFE73A4631462846FEF7A8F8D9
:10DCE000E9E7221D31462846FEF7A2F8E3E7314670
:10DCF0002846FDF737FE2066DDE700BF2DE9F04737
:10DD000082B0DDE90A9ABDF83040B4F5E16F05460E
:10DD1000884617461E466FD028D941F270739C4240
:10DD20002ED047F230539C4208BF012408D1D5E9D8
:10DD300016014FF0FF326FF0004300F029FE08B3E8
:10DD400000244FF0FF326FF000433846314600F0B8
:10DD50001FFE08B9C5E916762146404601F098FE37
:10DD60000D9901F095FE02B0BDE8F087642C05D056
:10DD7000B4F5967F08BF0424D9D0E1E70524D6E79F
:10DD80000224D4E7D5E91601B9EB00006AEB0101E2
:10DD900001F02CFB1AA3D3E9002301F07FFC0B4612
:10DDA0000246CDE900230FFA84F901F01DFE05EBD0
:10DDB000840455F82910824601F074FF616901F06E
:10DDC00069FEA16A8146504601F06CFFDDE900233F
:10DDD00082461946104601F037FB01F005FE014668
:10DDE000504601F057FEE16B01F054FE01464846F3
:10DDF00002F00CF80446A4E7046EA2E7AFF300803B
:10DE00000000000065CDCD412DE9F04784B0074604
:10DE10009046007805240DF107020D468DF8074065
:10DE200000F022FC9DF8076003902EB3012407F157
:10DE3000400A07F12C09E3B2013B042B0AD8DFE8C2
:10DE400003F03B0F342D0300386E03AB42462946E6
:10DE5000FDF7EAFDA64204F101030CD01C46EAE7F7
:10DE600003AB4246294607F11800FDF743FFA642DF
:10DE700004F10103F2D10398ADF80A0002220DF17A
:10DE80000A0102A822F0EEFC9DF808209DF8093056
:10DE900003982A706B7004B0BDE8F08703AB42466C
:10DEA00029465046FDF726FFD4E703AB42462946F4
:10DEB0004846FDF71FFFCDE703AB42462946381D14
:10DEC000FDF718FFC6E700BF2DE9F04387B0804695
:10DED0009146007801240DF10F020E468DF80F4097
:10DEE00000F0C2FB9DF80F50059035B1002405AF3E
:10DEF000ACB10134A542FBD10598ADF81200022265
:10DF00000DF1120104A822F0ADFC9DF810209DF83F
:10DF1000113005983270737007B0BDE8F083009738
:10DF2000D8E916014B463246FDF73AFEE1E700BF5D
:10DF300070B586B004AB05AE04460078CDE9003676
:10DF40000DF10F030D4600F061FB9DF90F0008B1C4
:10DF500006B070BD31462846FDF7C4FDC4E9160180
:10DF60009DF90F0006B070BD2DE9F04300F150059A
:10DF70009DB00C460646284600F0DCFB204623F008
:10DF8000C9F8B066284600F08BFB002800F09C80A2
:10DF90000EAF534B0E933846294615AA06F13404AA
:10DFA0000F931093119312931393149300F098FC12
:10DFB000204600F075FB002800F08B80204600F022
:10DFC000B9FB1B9BF364464B0E93204602A908AC99
:10DFD0000F931093119312931393149300F040FC3A
:10DFE00002A92246384600F04DFC02A9204600F066
:10DFF00049FBDFF8F88002AD286823F025F9414697
:10E0000001F050FE45F8040BAC42F5D102A800F037
:10E01000C5FC6D464FF00009A84654F8040B49466C
:10E0200001F0DEFF031E18BF0123A74208F8013BE1
:10E03000F3D19DF800309DF801209DF802009DF875
:10E0400003101A4410449DF8042001449DF8050073
:10E050000A448118AA1D00E02B7883F0010305F81B
:10E06000013B9542F8D19DF800309DF801209DF8C4
:10E0700002409DF803001A4414449DF804209DF8C2
:10E0800005302044024413448B42ACBF154C164C5F
:10E090000599049801F0FEFC4FF07C5101F002FE5E
:10E0A000214601F0A7FF68B196F86C300133DBB26E
:10E0B000042B86F86C3009D9012386F82A301DB06C
:10E0C000BDE8F08386F86C0086F82A001DB0BDE834
:10E0D000F08315A91C22204622F0C4FB73E700BF81
:10E0E0002549123E0AD7A33C0AD7A33BE12E65423D
:10E0F0001449C16100220023C0E908236421124BA6
:10E1000080F8281030B400220524C36204708261B4
:10E1100000F1340300F1500143F8042B8B429A6163
:10E12000FAD1002300240025C0E90245026730BC73
:10E13000426102610263A0F86C3080F829304385A7
:10E14000704700BFC9B28B5323291D562DE9F047F4
:10E150000446D0E9020116461F46D4E90823B6EB6F
:10E16000000867EB0109424573EB09039DF8245051
:10E17000DDF82CA003DB864277EB010354DA0023A1
:10E180004FF00008236184F82A80C4E9026794F8FC
:10E1900029307BB9D4E90201301A67EB010101F0A3
:10E1A00043FD616901F076FCA169606101F02CFF1B
:10E1B000002872D194F82B307BB9D4E90201301ACF
:10E1C00067EB010101F030FD216B01F063FCE16AB6
:10E1D000206301F019FF00285BD1B8F1000F00D1D6
:10E1E00085B3012E77F100030A9A94F82930BCBF59
:10E1F00001260027C4E90267137094F82A308AF8D0
:10E2000000300D9A94F82B3013709AF800302BB927
:10E21000E5690021284601F0D9FE58B10C9A4FF06B
:10E220007E531360BDE8F08750EA010394F82A801A
:10E23000ADD1AAE72069294601F0E8FD0C9B1860E2
:10E24000BDE8F08794F86D30022B2AD8002B3FD11F
:10E25000089822F05FFF216F054601F019FC256741
:10E2600023F008F922F0F0FF204901F01BFD4FF0E8
:10E270007E5101F0BFFE98B394F86C300133DBB2ED
:10E28000012B84F86C3029D90123194D84F82A30E8
:10E290000AE0012384F82B309FE7012384F829301A
:10E2A00088E7032B1AD1134DD4E90201301A67EB2A
:10E2B000010101F0B9FC216901F0ECFB2946206164
:10E2C00001F0A2FE00288CD0012384F82A3088E7D0
:10E2D0000899074D2046FFF747FEE5E7044DE3E7C1
:10E2E000034D84F86C8084F82A80DDE7E12E6542D6
:10E2F0002E8CD15376845F512DE9F04184B00746CE
:10E300009046007803240DF107020D468DF8074072
:10E3100000F0AAF99DF807600390C6B1012406E059
:10E32000012B2ED0A64204F101030FD01C46E3B20C
:10E33000022B1ED0032BF3D103ABF86A42462946C9
:10E34000FDF772FBA64204F10103EFD10398ADF88B
:10E350000A0002220DF10A0102A822F083FA9DF8B8
:10E3600008209DF8093003982A706B7004B0BDE84E
:10E37000F08197F9280003AB42462946FDF700FDDE
:10E38000D0E7B86903AB42462946FDF74DFBC9E724
:10E390002DE9F04186B006469046007807240DF13D
:10E3A0000F020D468DF80F4000F05EF99DF80F70DA
:10E3B000059017B30124E3B2013B062B0BD8DFE82D
:10E3C00003F0352E463E4D100400306B05AB42463F
:10E3D0002946FDF729FBA74204F101030CD01C4696
:10E3E000E9E705AB96F82B0042462946FDF716FCF7
:10E3F000A74204F10103F2D10598ADF81200022200
:10E400000DF1120104A822F02DFA9DF810209DF8BC
:10E41000113005982A706B7006B0BDE8F081706904
:10E4200005AB42462946FDF7FFFAD4E705AB00935A
:10E43000D6E9020143462A46FDF7B2FBCBE796F840
:10E44000290005AB42462946FDF7E8FBC3E73069E2
:10E4500005AB42462946FDF7E7FABCE796F82A00E5
:10E4600005AB42462946FDF7D9FBB4E7F0B587B0C6
:10E4700004AB05AF05460078CDE900370DF10F0379
:10E480000E4600F0C3F89DF90F00C0B90124E3B2B5
:10E49000013B052B3ED8DFE803F036302A1F14037A
:10E4A000059BF25C003A03F1010318BF012285F8D5
:10E4B0002B2005930134082CE9D19DF90F0007B0FA
:10E4C000F0BD059BF25C003A03F1010318BF012285
:10E4D00085F82A200593EDE7059BF25C003A03F1ED
:10E4E000010318BF012285F829200593E2E7394688
:10E4F0003046FDF737FA2861DCE739463046FDF74C
:10E5000031FA6861D6E739463046FDF7EBFAC5E9DE
:10E510000201CFE739463046FDF724FA2863C9E700
:10E520004FF6FF73994229D090F928201F4B01FB29
:10E5300002F210B402EB52021D4CC461A2FB032391
:10E540000024B1F5E16FC0E9082380F86D4026D0C2
:10E550000BD864291CD0B1F5967F04D1154BC3614B
:10E56000012380F86D3010BC704741F270739942FE
:10E57000F9D1042310BC80F86D307047002303618B
:10E58000002100220023C0E9022380F82A107047EE
:10E59000084BC361022310BC80F86D307047064BF6
:10E5A000C361032310BC80F86D30704780969800DB
:10E5B000C9B28B53C9B28B5276845F5170B586B0A5
:10E5C00004AB05AE04460078CDE900360DF10F032B
:10E5D0000D4600F01BF89DF90F0008B106B070BDA4
:10E5E00031462846FDF7BEF93146A0612846FDF7C1
:10E5F00065FC314684F828002846FDF7B3F9034648
:10E600009DF90F00E36206B070BD00BF2DE9F04137
:10E6100082B0DDE908751C46032A4FF000032B6029
:10E6200023703B6004D89823237002B0BDE8F081CA
:10E6300004232B600A784B788DF8042080460E4620
:10E64000022201A90DF106008DF8053022F00AF929
:10E65000BDF806303B60B37843451CBF9C23237054
:10E6600002B0BDE8F08100BF10B414780CB19C4238
:10E6700003D2002010BC10707047887010BC0420BA
:10E68000704700BF70B50D1F041F00F1140654F849
:10E69000040F22F0EFFEB44245F8040FF7D170BD2D
:10E6A00070B50026041F00F1180554F8040F314618
:10E6B00001F08CFC18B9AC42F7D1012070BD0020EC
:10E6C00070BD00BF38B504460D4622F0CDFC164B98
:10E6D000002201F02BF978B1144B00222046294684
:10E6E00001F038F958B9124B00222046294601F0B2
:10E6F0003BF970B1002400252046294638BD0B4B5C
:10E7000020462946002200F0E9FCBDE8384023F00D
:10E710003BB8064B20462946002200F0DDFCBDE850
:10E72000384022F0B5BF00BF000030430000E03F9A
:10E730000000E0BF10B40468034600F118015A68F5
:10E7400043F8042B8B42FAD1846110BC704700BFA0
:10E75000F8B505460C4610460021164601F040FC6F
:10E76000002855D12B49304601F058FC00284CD1E7
:10E770002849304601F04AFB22F0A2FC2649064611
:10E78000284601F08FFA25490746284601F082F90C
:10E790000146384601F03AFB314601F07BF91F494A
:10E7A000054601F07FFA294605461B4801F070F93D
:10E7B0000146284601F02AFB1749064601F072FA85
:10E7C00016490546304601F065F90146284601F034
:10E7D0001DFB11490546204601F064FA0F49064623
:10E7E000204601F057F90146304601F00FFB014683
:10E7F000284601F04DF922F03BFC064901F052FA9F
:10E80000BDE8F840034922F09FBE4FF07E50B3E7C9
:10E810000020B1E70000C842C3F58C41B81E734325
:10E82000002917DD30B401380C4D44184FF6FF7342
:10E8300010F8011F4B40D9B2844235F8111081EA1B
:10E840001323F5D1DB43D9B2C3F3072330BC1170D6
:10E850005370704700231370537070478CD20308B5
:10E86000F8B5056804460E1F00F11807294654F84C
:10E87000045F284601F00CF9BC4246F8040FF5D1BC
:10E88000F8BD00BF2DE9F84F9246131F0024143243
:10E8900043F8044F9342FBD10E4600F11407A0F158
:10E8A00004094FF000080AEB88054C46D5F800B083
:10E8B00054F8041F306801F0F5F9594601F0EAF800
:10E8C000BC4245F8040BF1D108F10108B8F1060F7C
:10E8D00006F10406A4F10407E5D1BDE8F88F00BFF6
:10E8E0002DE9F84F9246131F0024183243F8044FC5
:10E8F0009342FBD10E4600F11807A0F104094FF036
:10E9000000080AEB88054C46D5F800B054F8041FFF
:10E91000306801F0C7F9594601F0BCF8BC4245F82F
:10E92000040BF1D108F10108B8F1070F06F1040654
:10E93000A4F10407E5D1BDE8F88F00BF70B4039CD3
:10E9400080B10C480C4D0D4E086000201560186019
:10E950000B4D20604E600B480B495560586061605C
:10E9600070BC70470348044D0860084E15600020D5
:10E97000EDE700BF00002A43000082C2F874C44CD7
:10E980000000FA420000C8420024F449806A494B62
:10E99000994206BF90420120002070472DE9F04FB8
:10E9A000A7B001680C9005469DF93E000890002331
:10E9B0009DF93F0009900022012410911046AB46BA
:10E9C00014921193129313930E940DF150084FF07B
:10E9D000020A26AB1D1903EB8402DBF8041005F8CC
:10E9E00060AC0023032CC8F8043042F8581C04F132
:10E9F00001054FD02C460AF1010A5FFA8AFABAF1F2
:10EA0000070F08F104080BF1040BE2D128B1089BB1
:10EA10008DF83E30099B8DF83F30002C00F0E780E8
:10EA20000023012C8DF83D30ADF83E3000F03C81E4
:10EA3000022C40F01D81109E119D3046294601F0A8
:10EA4000D9FA002800F033818DF83D403546012386
:10EA50000C98C4EB847214A9C4F1804401EB8202C7
:10EA60000534183200EB84040DF13D0100F1140669
:10EA700026A844F8045F0344A64213F9613C42F817
:10EA8000043B00F0B48011F9013B00EB830050F827
:10EA90005C5CEDE7119E109C04962046314601F027
:10EAA000A9FA00286FD10123099305930A93002343
:10EAB000224606930223344604920893DDF84890D8
:10EAC000139F4846394601F095FA002840F08880A7
:10EAD000494603250423B94607950B950F460226A0
:10EAE0000D934946204601F085FA002854D00A9B30
:10EAF00026AA02EB8303494653F85C3C0893184668
:10EB000001F078FA002840F08C8026AB03EB8505F5
:10EB1000089B55F85C0C194601F076FA002800F0C5
:10EB20009280059B07980793069B0593099B089382
:10EB300049460B9B0696A1460646049C09930497FA
:10EB40000F46079BCBF8004026AA13441946059BA5
:10EB500011F9600C4BF8089C13441D46069B15F9EF
:10EB6000605C4BF8047C1344164413F9601C16F9DE
:10EB7000606C049BCBF8043048E90206C8E90051F8
:10EB80000120002437E701230222CDE90832069351
:10EB900000230A92059391E726AB03EB85052146F6
:10EBA00055F85C5C284601F02FFA0028C9D00A9B72
:10EBB00026AA02EB8303294653F85C0C01F01AFAEB
:10EBC00000284CD0069B3046059E0593099B089370
:10EBD00039460B9B069027460993049C0491B0E7A5
:10EBE00002230326079304230D960B9379E720AAAB
:10EBF0001AAD00242B4616461046002143F8041B8C
:10EC0000984242F8044BF9D102230093CDE9015612
:10EC10000C9914A80623002200F004F927B0BDE8DF
:10EC2000F08FB446DDE90536079D0595CDE906C3AD
:10EC30000B9B0993384649460D9B049F0893A146B8
:10EC400004900C467DE7059B0798079349460B9B6C
:10EC50000596A14606463C4608930F4671E73046A6
:10EC600039460B9B059E0893274605900C4668E79E
:10EC7000109E119D3046294601F0BCF9129FD8B173
:10EC80002846394601F0B6F980BB3946304601F0D6
:10EC9000B1F900283CD0022303228DF83E303546DE
:10ECA0008DF83D200123D3E6109D2346D0E60123B5
:10ECB0008DF83D302346CBE63046394601F09AF9CF
:10ECC00060B93946284601F095F9C0B10123032205
:10ECD0008DF83E308DF83D200223B9E60323012252
:10ECE0008DF83E308DF83D200223B1E60323022249
:10ECF0008DF83E3035468DF83D200123A8E60123EE
:10ED000002228DF83E303D468DF83D2003239FE6DC
:10ED1000022301228DF83E303D468DF83D2003232D
:10ED200096E600BF2DE9F04F87B0DDE91145109E52
:10ED300004933344002BCDE90201059317DD0298BB
:10ED400002F18041013900EB810C039800EB810155
:10ED50000598231F03EB8008281F5CF8046F43F815
:10ED6000046F51F8046F40F8046F4345F5D1049BDC
:10ED70004FF0000902F1FF384F469B469E0055F8C0
:10ED800007A0A9590191504601F034F9019908F101
:10ED9000010C78B1029AE35942F82C30039B43F8F6
:10EDA0002CA0049B09F101094B4537DD4FEA890787
:10EDB000E046E4E7029BA05943F82C00039B43F88C
:10EDC0002C10059B0BF1010B5B4503DD4FEA8B0615
:10EDD000E046D4E7049A09F101039A421EDB029946
:10EDE00008F1804808F1010809F1004901EB8807A2
:10EDF000039909F1FF39231F05EB890504EB890409
:10EE000001EB880603EB820354F8041F55F8042F26
:10EE100047F8041FA34246F8042FF5D107B0BDE818
:10EE2000F08F00BF2DE9F04F89B0DDE9124543FABC
:10EE300004F70126012FDDF850B0059507938146B0
:10EE40008A46069206FA04F633DDFB0714D5079BC3
:10EE5000013F06FB07F29B1AB3420DDD66B19B1B17
:10EE60000093059B0193069BCDF808B01A445146C8
:10EE700033464846FFF756FF7F104FEA460819D041
:10EE8000069D049700242A460134454433465146E2
:10EE9000484636B1059FCDF808B0CDE90067FFF7C9
:10EEA00041FF049BA342EED1012B1F4602DD4646E3
:10EEB000CBE7B046079B434511DDB8F1000F0ED0FC
:10EEC000A3EB08031293069A059B139351464346FE
:10EED0004846CDF850B009B0BDE8F04F22E709B080
:10EEE000BDE8F08F037F074A0749016242628262F0
:10EEF0003BB10022012B026103D0022B426118BFFB
:10EF0000826170470AD7233B0AD7A33C027B0023C8
:10EF10000361436102B18360704700BFF8B50C46DE
:10EF200005463249206800F0BDFE22F0A7FA0146EE
:10EF300000F0B8FE0646014600F0B4FE314600F08F
:10EF4000A9FD22F065F9314600F0A2FD014600F06E
:10EF5000A1FD4FF07E5728602068394601F036F851
:10EF600000B12F602149606800F09CFE22F086FA13
:10EF7000014600F097FE0646014600F093FE31463A
:10EF800000F088FD22F044F9314600F081FD014691
:10EF900000F080FD4FF07E5768606068394601F0F0
:10EFA00015F800B16F601149A06800F07BFE22F0F7
:10EFB00065FA014600F076FE0646014600F072FE54
:10EFC000314600F067FD22F023F9314600F060FD84
:10EFD000014600F05FFD4FF07E57A860A0683946FB
:10EFE00000F0F4FF00B1AF60F8BD00BFDB0FC93F18
:10EFF0004FF07C51002210B403240476016010BC51
:10F0000041608160C26002614261704710B40124B6
:10F010004FF07C5100220472016010BC42607047C6
:10F02000034613F8012B002AFBD1181A0138704748
:10F0300001F0FF01102A2BDB10F0070F08D010F8A9
:10F04000013B013A8B422DD010F0070F42B3F6D1AD
:10F05000F0B441EA012141EA014122F007047FF0C6
:10F0600000070023F0E80256083C85EA010586EA1D
:10F07000010685FA47F5A3FA87F586FA47F6A5FA59
:10F0800087F68EB9EED1F0BC01F0FF0102F0070265
:10F0900032B110F8013B013A83EA010313B1F8D110
:10F0A0000020704701387047002D06BF35460338F1
:10F0B000073815F0010F07D1013015F4807F02BF2A
:10F0C000013015F4C03F0130F0BC0138704700BF7B
:10F0D00081F0004102E000BF83F0004330B54FEA09
:10F0E00041044FEA430594EA050F08BF90EA020F76
:10F0F0001FBF54EA000C55EA020C7FEA645C7FEA09
:10F10000655C00F0E2804FEA5454D4EB5555B8BF2B
:10F110006D420CDD2C4480EA020281EA030382EA9C
:10F12000000083EA010180EA020281EA0303362D2E
:10F1300088BF30BD11F0004F4FEA01314FF4801C01
:10F140004CEA113102D0404261EB410113F0004F13
:10F150004FEA03334CEA133302D0524263EB4303CA
:10F1600094EA050F00F0A780A4F10104D5F1200E68
:10F170000DDB02FA0EFC22FA05F2801841F10001C3
:10F1800003FA0EF2801843FA05F359410EE0A5F197
:10F1900020050EF1200E012A03FA0EFC28BF4CF0C8
:10F1A000020C43FA05F3C01851EBE37101F000457E
:10F1B00007D54FF0000EDCF1000C7EEB00006EEB8B
:10F1C0000101B1F5801F1BD3B1F5001F0CD3490815
:10F1D0005FEA30004FEA3C0C04F101044FEA44526C
:10F1E00012F5800F80F09A80BCF1004F08BF5FEAF3
:10F1F000500C50F1000041EB045141EA050130BDD3
:10F200005FEA4C0C404141EB0101013C28BFB1F5E4
:10F21000801FE9D291F0000F04BF01460020B1FA2F
:10F2200081F308BF2033A3F10B03B3F120020CDA02
:10F230000C3208DD02F1140CC2F10C0201FA0CF0E0
:10F2400021FA02F10CE002F11402D8BFC2F1200C45
:10F2500001FA02F120FA0CFCDCBF41EA0C019040FB
:10F26000E41AA2BF01EB0451294330BD6FEA040444
:10F270001F3C1CDA0C340EDC04F11404C4F120022F
:10F2800020FA04F001FA02F340EA030021FA04F341
:10F2900045EA030130BDC4F10C04C4F1200220FA98
:10F2A00002F001FA04F340EA0300294630BD21FAD6
:10F2B00004F0294630BD94F0000F83F4801306BF9C
:10F2C00081F480110134013D4EE77FEA645C18BF90
:10F2D0007FEA655C29D094EA050F08BF90EA020F27
:10F2E00005D054EA000C04BF1946104630BD91EA1F
:10F2F000030F1EBF0021002030BD5FEA545C05D122
:10F300004000494128BF41F0004130BD14F5800460
:10F310003CBF01F5801130BD01F0004545F0FE41D4
:10F3200041F470014FF0000030BD7FEA645C1ABF09
:10F33000194610467FEA655C1CBF0B46024650EA40
:10F34000013406BF52EA033591EA030F41F400216C
:10F3500030BD00BF90F0000F04BF0021704730B5F2
:10F360004FF4806404F132044FF000054FF00001C7
:10F3700050E700BF90F0000F04BF0021704730B588
:10F380004FF4806404F1320410F0004548BF40425D
:10F390004FF000013EE700BF42004FEAE2014FEAB2
:10F3A00031014FEA02701FBF12F07F4393F07F4F8D
:10F3B00081F06051704732F07F4208BF704793F090
:10F3C0007F4F04BF41F40021704730B54FF46074A3
:10F3D00001F0004521F000411CE700BF50EA0102A6
:10F3E00008BF704730B54FF000050AE050EA01024F
:10F3F00008BF704730B511F0004502D5404261EBBF
:10F4000041014FF4806404F132045FEA915C3FF4FF
:10F41000D8AE4FF003025FEADC0C18BF03325FEA9C
:10F42000DC0C18BF033202EBDC02C2F1200300FA4D
:10F4300003FC20FA02F001FA03FE40EA0E0021FA72
:10F4400002F11444BDE600BF70B54FF0FF0C4CF460
:10F45000E06C1CEA11541DBF1CEA135594EA0C0F12
:10F4600095EA0C0F00F0DEF82C4481EA030621EA4D
:10F470004C5123EA4C5350EA013518BF52EA033588
:10F4800041F4801143F4801338D0A0FB02CE4FF03A
:10F490000005E1FB02E506F00042E0FB03E54FF06A
:10F4A0000006E1FB03569CF0000F18BF4EF0010E62
:10F4B000A4F1FF04B6F5007F64F5407404D25FEA5E
:10F4C0004E0E6D4146EB060642EAC62141EA555111
:10F4D0004FEAC52040EA5E504FEACE2EB4F1FD0C53
:10F4E00088BFBCF5E06F1ED8BEF1004F08BF5FEAD1
:10F4F000500E50F1000041EB045170BD06F0004683
:10F5000046EA010140EA020081EA0301B4EB5C042F
:10F51000C2BFD4EB0C0541EA045170BD41F4801127
:10F520004FF0000E013C00F3AB8014F1360FDEBF4C
:10F53000002001F0004170BDC4F10004203C35DA28
:10F540000C341BDC04F11404C4F1200500FA05F3AB
:10F5500020FA04F001FA05F240EA020001F000424C
:10F5600021F0004110EBD37021FA04F642EB0601C2
:10F570005EEA430E08BF20EAD37070BDC4F10C04EC
:10F58000C4F1200500FA04F320FA05F001FA04F2B0
:10F5900040EA020001F0004110EBD37041F100019C
:10F5A0005EEA430E08BF20EAD37070BDC4F12005A7
:10F5B00000FA05F24EEA020E20FA04F301FA05F20F
:10F5C00043EA020321FA04F001F0004121FA04F2B7
:10F5D00020EA020000EBD3705EEA430E08BF20EA87
:10F5E000D37070BD94F0000F0FD101F000464000C1
:10F5F00041EB010111F4801F08BF013CF7D041EA43
:10F60000060195F0000F18BF704703F00046520046
:10F6100043EB030313F4801F08BF013DF7D043EA17
:10F620000603704794EA0C0F0CEA135518BF95EACD
:10F630000C0F0CD050EA410618BF52EA4306D1D154
:10F6400081EA030101F000414FF0000070BD50EA73
:10F65000410606BF1046194652EA430619D094EAFD
:10F660000C0F02D150EA013613D195EA0C0F05D1E7
:10F6700052EA03361CBF104619460AD181EA03013B
:10F6800001F0004141F0FE4141F470014FF00000F3
:10F6900070BD41F0FE4141F4780170BD70B54FF08E
:10F6A000FF0C4CF4E06C1CEA11541DBF1CEA13550E
:10F6B00094EA0C0F95EA0C0F00F0A7F8A4EB0504F0
:10F6C00081EA030E52EA03354FEA013100F08880E7
:10F6D0004FEA03334FF0805545EA131343EA1263B0
:10F6E0004FEA022245EA111545EA10654FEA002665
:10F6F0000EF000419D4208BF964244F1FD0404F51E
:10F70000407402D25B084FEA3202B61A65EB030579
:10F710005B084FEA32024FF480104FF4002CB6EB36
:10F72000020E75EB030E22BFB61A754640EA0C00B6
:10F730005B084FEA3202B6EB020E75EB030E22BFF6
:10F74000B61A754640EA5C005B084FEA3202B6EB37
:10F75000020E75EB030E22BFB61A754640EA9C00F6
:10F760005B084FEA3202B6EB020E75EB030E22BFC6
:10F77000B61A754640EADC0055EA060E18D04FEA84
:10F78000051545EA16754FEA06164FEAC30343EA24
:10F7900052734FEAC2025FEA1C1CC0D111F4801FF1
:10F7A0000BD141EA00014FF000004FF0004CB6E7EA
:10F7B00011F4801F04BF01430020B4F1FD0C88BF89
:10F7C000BCF5E06F3FF6AFAEB5EB030C04BFB6EB94
:10F7D000020C5FEA500C50F1000041EB045170BD87
:10F7E0000EF0004E4EEA113114EB5C04C2BFD4EBB4
:10F7F0000C0541EA045170BD41F480114FF0000E38
:10F80000013C90E645EA060E8DE60CEA135594EAB3
:10F810000C0F08BF95EA0C0F3FF43BAF94EA0C0FB6
:10F820000AD150EA01347FF434AF95EA0C0F7FF42B
:10F8300025AF104619462CE795EA0C0F06D152EA7F
:10F8400003353FF4FDAE1046194622E750EA410663
:10F8500018BF52EA43067FF4C5AE50EA41047FF474
:10F860000DAF52EA43057FF4EBAE12E74FF0FF3CD9
:10F8700006E000BF4FF0010C02E000BF4FF0010CAA
:10F880004DF804CD4FEA410C7FEA6C5C4FEA430C23
:10F8900018BF7FEA6C5C1BD001B050EA410C0CBF72
:10F8A00052EA430C91EA030F02BF90EA020F0020D4
:10F8B000704710F1000F91EA030F58BF994208BF3B
:10F8C00090422CBFD8176FEAE37040F001007047F8
:10F8D0004FEA410C7FEA6C5C02D150EA013C07D14F
:10F8E0004FEA430C7FEA6C5CD6D152EA033CD3D09A
:10F8F0005DF8040B704700BF8446104662468C4694
:10F900001946634600E000BF01B5FFF7B7FF0028C6
:10F9100048BF10F1000F01BD4DF808EDFFF7F4FFEF
:10F920000CBF012000205DF808FB00BF4DF808ED7A
:10F93000FFF7EAFF34BF012000205DF808FB00BF9D
:10F940004DF808EDFFF7E0FF94BF012000205DF8BF
:10F9500008FB00BF4DF808EDFFF7CEFF94BF012074
:10F9600000205DF808FB00BF4DF808EDFFF7C4FF6D
:10F9700034BF012000205DF808FB00BF4FEA410CB6
:10F980007FEA6C5C02D150EA013C0AD14FEA430C99
:10F990007FEA6C5C02D152EA033C02D14FF00000D6
:10F9A00070474FF0010070474A0011D212F5001263
:10F9B00011D20DD56FF47873B3EB62520ED44FEAC7
:10F9C000C12343F0004343EA505323FA02F0704747
:10F9D0004FF00000704750EA013002D14FF0FF3085
:10F9E00070474FF0000070474FEA4102B2F1E04328
:10F9F00024BFB3F5001CDCF1FE5C0DD901F0004C16
:10FA00004FEAC0024CEA5070B2F1004F40EB830065
:10FA100008BF20F00100704711F0804F21D113F191
:10FA20003872BCBF01F00040704741F480114FEACA
:10FA30005252C2F11802C2F1200C10FA0CF320FA53
:10FA400002F018BF40F001004FEAC1234FEAD32370
:10FA500003FA0CFC40EA0C0023FA02F34FEA4303DA
:10FA6000CCE77FEA625307D150EA01331EBF4FF063
:10FA7000FE4040F44000704701F0004040F0FE407E
:10FA800040F40000704700BF80F0004002E000BF7B
:10FA900081F0004142001FBF5FEA410392EA030F79
:10FAA0007FEA226C7FEA236C6AD04FEA1262D2EBC3
:10FAB0001363C1BFD218414048404140B8BF5B42C8
:10FAC000192B88BF704710F0004F40F4000020F061
:10FAD0007F4018BF404211F0004F41F4000121F077
:10FAE0007F4118BF494292EA030F3FD0A2F10102C1
:10FAF00041FA03FC10EB0C00C3F1200301FA03F1FF
:10FB000000F0004302D5494260EB4000B0F5000F21
:10FB100013D3B0F1807F06D340084FEA310102F1E0
:10FB20000102FE2A51D2B1F1004F40EBC25008BF92
:10FB300020F0010040EA03007047490040EB00005C
:10FB4000013A28BFB0F5000FEDD2B0FA80FCACF15D
:10FB5000080CB2EB0C0200FA0CF0AABF00EBC2508A
:10FB600052421843BCBFD0401843704792F0000F78
:10FB700081F4000106BF80F400000132013BB5E7CB
:10FB80004FEA41037FEA226C18BF7FEA236C21D041
:10FB900092EA030F04D092F0000F08BF08467047A6
:10FBA00090EA010F1CBF0020704712F07F4F04D174
:10FBB000400028BF40F00040704712F100723CBF87
:10FBC00000F50000704700F0004343F0FE4040F4B1
:10FBD000000070477FEA226216BF08467FEA23636F
:10FBE0000146420206BF5FEA412390EA010F40F45A
:10FBF000800070474FF0000304E000BF10F00043A6
:10FC000048BF40425FEA000C08BF704743F096438C
:10FC100001464FF000001CE050EA010208BF7047A7
:10FC20004FF000030AE000BF50EA010208BF70472E
:10FC300011F0004302D5404261EB41015FEA010C43
:10FC400002BF84460146002043F0B64308BFA3F13B
:10FC50008053A3F50003BCFA8CF2083AA3EBC2531D
:10FC600010DB01FA02FC634400FA02FCC2F120023C
:10FC7000BCF1004F20FA02F243EB020008BF20F073
:10FC80000100704702F1200201FA02FCC2F12002D9
:10FC900050EA4C0021FA02F243EB020008BF20EACE
:10FCA000DC7070474FF0FF0C1CEAD0521EBF1CEAFC
:10FCB000D15392EA0C0F93EA0C0F6FD01A4480EAEA
:10FCC000010C400218BF5FEA41211ED04FF00063D3
:10FCD00043EA501043EA5111A0FB01310CF00040FF
:10FCE000B1F5000F3EBF490041EAD3715B0040EA25
:10FCF000010062F17F02FD2A1DD8B3F1004F40EBF5
:10FD0000C25008BF20F00100704790F0000F0CF0C7
:10FD1000004C08BF49024CEA502040EA51207F3A8B
:10FD2000C2BFD2F1FF0340EAC250704740F4000066
:10FD30004FF00003013A5DDC12F1190FDCBF00F057
:10FD400000407047C2F10002410021FA02F1C2F105
:10FD5000200200FA02FC5FEA310040F1000053EAA1
:10FD60004C0308BF20EADC70704792F0000F00F0EF
:10FD7000004C02BF400010F4000F013AF9D040EAF5
:10FD80000C0093F0000F01F0004C02BF490011F489
:10FD9000000F013BF9D041EA0C018FE70CEAD15387
:10FDA00092EA0C0F18BF93EA0C0F0AD030F0004C07
:10FDB00018BF31F0004CD8D180EA010000F00040BB
:10FDC000704790F0000F17BF90F0004F084691F079
:10FDD000000F91F0004F14D092EA0C0F01D14202B3
:10FDE0000FD193EA0C0F03D14B0218BF084608D17C
:10FDF00080EA010000F0004040F0FE4040F40000C6
:10FE0000704740F0FE4040F4400070474FF0FF0C58
:10FE10001CEAD0521EBF1CEAD15392EA0C0F93EA9F
:10FE20000C0F69D0A2EB030280EA010C49024FEAF1
:10FE3000402037D04FF0805343EA111143EA1013AA
:10FE40000CF000408B4238BF5B0042F17D024FF462
:10FE5000000C8B4224BF5B1A40EA0C00B3EB510F3D
:10FE600024BFA3EB510340EA5C00B3EB910F24BF26
:10FE7000A3EB910340EA9C00B3EBD10F24BFA3EBAB
:10FE8000D10340EADC001B0118BF5FEA1C1CE0D173
:10FE9000FD2A3FF650AF8B4240EBC25008BF20F026
:10FEA000010070470CF0004C4CEA50207F32C2BF7A
:10FEB000D2F1FF0340EAC250704740F400004FF017
:10FEC0000003013A37E792F0000F00F0004C02BF48
:10FED000400010F4000F013AF9D040EA0C0093F012
:10FEE000000F01F0004C02BF490011F4000F013B6C
:10FEF000F9D041EA0C0195E70CEAD15392EA0C0FD4
:10FF000008D142027FF47DAF93EA0C0F7FF470AF0B
:10FF1000084676E793EA0C0F04D14B023FF44CAF4E
:10FF200008466EE730F0004C18BF31F0004CCAD1E3
:10FF300030F000427FF45CAF31F000437FF43CAF1F
:10FF40005FE700BF4FF0FF3C06E000BF4FF0010C41
:10FF500002E000BF4FF0010C4DF804CD4FEA400223
:10FF60004FEA41037FEA226C18BF7FEA236C11D06D
:10FF700001B052EA530C18BF90EA010F58BFB2EB20
:10FF8000030088BFC81738BF6FEAE17018BF40F0A0
:10FF9000010070477FEA226C02D15FEA402C05D154
:10FFA0007FEA236CE4D15FEA412CE1D05DF8040BD9
:10FFB000704700BF844608466146FFE70FB5FFF76C
:10FFC000C9FF002848BF10F1000F0FBD4DF808ED24
:10FFD000FFF7F4FF0CBF012000205DF808FB00BF15
:10FFE0004DF808EDFFF7EAFF34BF012000205DF86F
:10FFF00008FB00BF4DF808EDFFF7E0FF94BF0120BC
:020000040801F1
:1000000000205DF808FB00BF4DF808EDFFF7D2FFB8
:1000100094BF012000205DF808FB00BF4DF808EDFB
:10002000FFF7C8FF34BF012000205DF808FB00BFC8
:100030004FEA40024FEA41037FEA226C02D15FEAB5
:10004000402C08D17FEA236C02D15FEA412C02D117
:100050004FF0000070474FF0010070474FEA400238
:10006000B2F1FE4F0FD34FF09E03B3EB12620DD9E6
:100070004FEA002343F0004310F0004F23FA02F050
:1000800018BF404270474FF00000704712F1610FF7
:1000900001D1420205D110F0004008BF6FF00040CE
:1000A00070474FF00000704742000ED2B2F1FE4F91
:1000B0000BD34FF09E03B3EB126209D44FEA002337
:1000C00043F0004323FA02F070474FF000007047FE
:1000D00012F1610F01D1420202D14FF0FF3070479F
:1000E0004FF00000704700BF53B94AB9002908BF5C
:1000F00000281CBF4FF0FF314FF0FF3000F0BEB9B9
:10010000ADF1080C6DE904CE00F03CF8DDF804E038
:10011000DDE9022304B0704738B50022002304460D
:100120000D46FFF703FC28B920462946BDE83840B4
:1001300000F00AB8204605F1004100F005F8404201
:1001400061EB410138BD00BFD0B50C4B0022064623
:100150000F46FFF779F9FFF727FC0446FFF7FAF897
:10016000074B0022FFF770F902460B46304639462E
:10017000FEF7B2FFFFF718FC2146D0BD0000F03DAE
:100180000000F0412DE9F047089D0F4604468C46DB
:10019000002B48D18A42164661D9B2FA82F34BB19C
:1001A000C3F1200201FA03FC20FA02F29E4042EA67
:1001B0000C0C9C404FEA164EB7B2BCFBFEF1220C71
:1001C0000EFB11CC42EA0C4201FB07F0904209D928
:1001D000B21801F1FF3C80F0EE80904240F2EB80DB
:1001E00002393244121AA4B2B2FBFEF00EFB102206
:1001F00044EA024400FB07F7A74209D9341900F189
:10020000FF3280F0DA80A74240F2D78034440238CF
:1002100040EA0140E41B00211DB1DC400023C5E998
:100220000043BDE8F0878B4206D90DB1C5E9000156
:1002300000210846BDE8F087B3FA83F1002948D1D0
:10024000BB4202D3824200F20781841A67EB0302A9
:1002500001209446002DE4D0C5E9004CE1E7002AD6
:1002600000F09280B2FA82F3002B40F0A8808A1A44
:100270004FEA164E1FFA86FC0121200CB2FBFEF756
:100280000EFB172240EA02420CFB07F0904207D90E
:10029000B21807F1FF3802D2904200F2E2804746DE
:1002A000121AA4B2B2FBFEF00EFB102244EA024482
:1002B0000CFB00FCA44507D9341900F1FF3202D22F
:1002C000A44500F2CB801046A4EB0C0440EA0740A2
:1002D000A2E7C1F120068B4022FA06FC4CEA030C8F
:1002E00007FA01F420FA06F3F7404FEA1C492343CA
:1002F00000FA01F81FFA8CFEB7FBF9F01C0C09FBA1
:10030000107744EA074400FB0EF7A74202FA01F215
:100310000AD91CEB040400F1FF3A80F09B80A7424D
:1003200040F2988002386444E41B9FB2B4FBF9F3B6
:1003300009FB134447EA044403FB0EFEA64509D912
:100340001CEB040403F1FF3780F08280A6457FD9BF
:10035000023B644443EA0040A4EB0E04A0FB02E726
:10036000BC427346B94663D360D05DB1B8EB0302BB
:1003700064EB090404FA06F622FA01F31E43CC40AA
:10038000C5E9006400214CE76208480842EAC171EF
:100390000B0C43EA00438AB242EA0342B3FBF6F194
:1003A000E407B4463746B6461F23B0FBF6F0D21B2F
:1003B00041EA004161E7614614E7104628E7C3F1CE
:1003C000200120FA01F29E4027FA01F19F403A43B2
:1003D0004FEA164E1FFA86FCB1FBFEF70EFB171014
:1003E000110C41EA004107FB0CF8884504FA03F4BC
:1003F0003AD9711807F1FF3001D288451FD8A1EB17
:100400000801B1FBFEF808FB0CF70EFB181192B2C5
:1004100042EA0142BA422FD2B21808F1FF31C6D2E5
:10042000BA42C4D2A8F102013244C0E7F0459CD2DE
:10043000BEEB020367EB0C070138B94695E7A6EB64
:1004400008084144B81EB1FBFEF808FB0CF7DCE7D6
:100450003B467FE7504667E70846FBE634440238F0
:1004600032E7023F32441BE7A1EB08013846B1FBFB
:10047000FEF808FB0CF7C8E7414698E7704700BF55
:10048000DFF85CC017484FF0004108B50023CCE905
:100490000001042001210722CCE90430CCF81C1013
:1004A00060464FF48051CCE90233CCE90933CCE902
:1004B0000C12ACF818308CF81A308CF820308CF80C
:1004C0002C30CCF838208CF83C30CCF84C3017F07D
:1004D0000BFB00B908BDBDE8084000F075BA00BFCD
:1004E000840A002000240140094B02689A4200D08F
:1004F00070474FF0B04382B01A6E42F400721A6631
:100500001B6E03F400730193019B02B0704700BFA0
:1005100000240140054B02689A4200D070474FF01A
:10052000B042136E23F40073136670470024014039
:1005300010B584B000230446CDE901330393FFF7DF
:100540009FFF164817F0A4FEF0B900231348039349
:1005500001A9CDE9014317F037FCD8B90F4817F0CE
:10056000B1FDA0B94FF0FF310C4817F0CBFB0B48A1
:1005700017F06AFE094817F023FC0446074817F0F5
:1005800009FE204604B010BD00F01EFADDE700F0C1
:100590001BFAE7E700F018FAE0E700BF840A002042
:1005A000014B024A1A607047840A0020002401406F
:1005B00010B51148FFF7BCFF044668B10F4BB3F804
:1005C000AA304FF6FF72934216BF40F6E4420C4B3E
:1005D0005343B3FBF0F4A4B20A48FFF7A9FF0A4B58
:1005E00004FB00F0A3FB0023C01A03EB5000C00A79
:1005F00000EB400080B210BD002000B40075FF1F6A
:10060000D8084C00004000B801011000704700BF3E
:10061000704700BF704700BF30B589B000226B4BF8
:10062000009211466A481FF06FFB01F011F9022099
:100630001FF07EF904A801F03BFABDF81010654ADE
:100640004FF47A7404FB001163481FF0CDF904A83D
:1006500001F02EFABDF81010604A04FB001160484A
:100660001FF0C2F904A801F023FABDF810105D4A8A
:1006700004FB00115C481FF0B7F904A801F018FA58
:10068000BDF81010594A04FB001159481FF0ACF98D
:1006900004A801F00DFABDF81010564A04FB001131
:1006A00055481FF0A1F904A801F002FABDF8101096
:1006B000524A04FB001152481FF096F917F0F8F95E
:1006C000054604A801F0F4F9BDF81010C5F307239E
:1006D00004FB00112A0E00934A48C5F307431FF09C
:1006E00083F904A81FF052FA0DF10E0001F0E0F9B1
:1006F000DDE90623BDF80E10CDE9003204FB001140
:10070000DDE9043240481FF06FF9404A404B12685F
:100710009A420DD00DF10E0001F0CAF9BDF80E306D
:10072000014604FB01313B481FF05EF900F04CF933
:1007300011F00CFF16F0FEFE98B910F0C1FE10F09B
:1007400079FE10F037FF13F08DF814F0D1FD01F0B1
:10075000C1FF044640BB08F0B9FD044680B909B0AA
:1007600030BD0DF10E0001F0A3F9BDF80E300246C8
:100770004FF47A7101FB023127481FF035F9DCE7AD
:100780000DF10E0001F094F9BDF80E3001464FF462
:100790007A75224605FB013120481FF025F909B082
:1007A000BDE8304000F010B90DF10E0001F080F905
:1007B000BDF80E304FF47A7101FB00312246184823
:1007C0001FF012F900F000F9C5E700BF0D0601089F
:1007D000EC0A00205C4603087C460308AC4603088C
:1007E000B4460308E4460308EC4603082047030820
:1007F00054470308884703088C470308C847030881
:10080000D0470308FC4703082C480308380D002094
:10081000003001407048030808490308784903087C
:100820003449030808B503F0A7F800B908BDBDE8CE
:10083000084001F077BC00BF10B5074C236803B136
:1008400010BD06481CF0D0F920600028F8D1BDE8A2
:10085000104000F0B9B800BFE80A002038BF030814
:100860000B4B10B518684FF0FF311CF017FA10B1A0
:1008700072B6002010BDEFF3108472B6252017F079
:10088000F3FD0F2017F0F0FD84F31088012010BD58
:10089000E80A002008B962B6704710B5EFF310847B
:1008A00072B60F2017F0D2FD252017F0CFFD84F38C
:1008B0001088034BBDE8104018681CF021BA00BF37
:1008C000E80A002010B54FF0B04382B0986C40F0B9
:1008D000040098649C6C04F004040194019C9C6CDA
:1008E00044F001049C649B6C0F2103F00103084653
:1008F00000220093009B17F06FFD0F2017F0A6FD5C
:10090000002211460C2017F067FD0C2017F09EFD09
:10091000002205210D2017F05FFD0D2017F096FD38
:10092000002205210B2017F057FD0B2017F08EFD3C
:10093000002205210E2017F04FFD0E2002B0BDE869
:10094000104017F083BD00BFBFF34F8F0549064B22
:10095000CA6802F4E0621343CB60BFF34F8F00BF5D
:10096000FDE700BF00ED00E00400FA05DFF840C03D
:100970001EF0040F0CBFEFF30888EFF30988B8E806
:10098000FF00ACE8FF000B4C0B4D4FF0020C204673
:100990002946624651F8043B1B6844F8043B013A7F
:1009A000F8D1064B0649074AC3E90012FFF7CCFF0E
:1009B000480A0020400A002048BF0308380A0020E7
:1009C000EFBEADDE17A0DF8280B582B072B60DF14A
:1009D000060001F06DF8BDF80630264E264D274F73
:1009E00002464FF47A7101FB023125481EF0FCFFEC
:1009F00000F06CFF04461EF08BFF002837D100F09A
:100A000065FF001BB0F5FA7F0BD330E0252017F00F
:100A100083FD58B900F05AFF001BB0F5FA7F05D2EC
:100A200000BF0F2017F078FD0028EFD00F2017F03F
:100A300073FD90B9252017F06FFD0028DBD00D4B1A
:100A40000D4A9B68D3F8D4309342D4D30B4A9342D7
:100A5000D1D2DA07CFD59847CDE7B368DB6FAB4289
:100A6000E8D3BB42E6D2D907E4D59847E2E7FFF7DF
:100A70006BFF00BF00ED00E0008C000800F00308F1
:100A8000D4490308EFF3108272B6BE4BBE49186812
:100A9000884202D082F310887047BC495868884267
:100AA000F8D170B5BA4C20680021B0F1004F82B087
:100AB000C3E9001103D182F3108802B070BD0DF1BB
:100AC000060000F0F5FFBDF80610B24E4FF47A753F
:100AD00005FB0011B0481EF087FF0DF1060000F085
:100AE000E7FFBDF8061005FB0011AC481EF07CFFC7
:100AF0000DF1060000F0DCFFBDF80610326805FBC2
:100B00000011A7481EF070FF0DF1060000F0D0FFA5
:100B1000BDF806307268014605FB0131A1481EF0A0
:100B200063FF0DF1060000F0C3FFBDF80630B268A8
:100B3000014605FB01319C481EF056FF0DF10600F1
:100B400000F0B6FFBDF80630F268014605FB013142
:100B500096481EF049FF0DF1060000F0A9FFBDF810
:100B600006303269014605FB013191481EF03CFF19
:100B70000DF1060000F09CFFBDF8063072690146D9
:100B800005FB01318B481EF02FFF0DF1060000F030
:100B90008FFFBDF80630B269014605FB013186487A
:100BA0001EF022FF0DF1060000F082FFBDF80610D6
:100BB000F26905FB001181481EF016FF0DF10600D9
:100BC00000F076FFBDF8061005FB00117C481EF012
:100BD0000BFF0DF1060000F06BFFBDF8061005FBE2
:100BE000001178481EF000FF0DF1060000F060FFD4
:100BF000BDF80610226805FB001173481EF0F4FED4
:100C00002368002B12DB23685B001BD40DF1060068
:100C100000F04EFFBDF8063002464FF47A7101FB3A
:100C2000023167481EF0E0FEFFF7CEFE0DF1060030
:100C300000F03EFFBDF8061005FB001163481EF0F2
:100C4000D3FEE0E70DF1060000F032FFBDF806101C
:100C50004FF47A7505FB00115D481EF0C5FE0DF1DD
:100C6000060000F025FFBDF80610626805FB0011C4
:100C700058481EF0B9FE6368B3F5803F38D2636808
:100C800013F47F4F40F020812379002BBED00DF16B
:100C9000060000F00DFFBDF806104FF47A7505FB55
:100CA00000114D481EF0A0FE63681E0600F1008191
:100CB00063689D0600F1EE806368D80600F1DC8071
:100CC0006368190750D463689A073FD46368DB07E9
:100CD0009CD50DF1060000F0EBFEBDF80630024693
:100CE0004FF47A7101FB02313C481EF07DFE8DE726
:100CF0000DF1060000F0DCFEBDF8061005FB00114A
:100D000037481EF071FE63689E0100F1A980636898
:100D1000DD0100F197806368180300F18580636846
:100D2000590373D463689A0362D46368DB03A6D55E
:100D30000DF1060000F0BCFEBDF806304FF47A71EC
:100D400001FB003127481EF04FFE98E70DF1060029
:100D500000F0AEFEBDF806304FF47A7101FB0031B1
:100D600021481EF041FEB1E70DF1060000F0A0FEA3
:100D7000BDF806304FF47A7101FB00311B481EF0BC
:100D800033FEA0E7380A0020EFBEADDE17A0DF82F9
:100D9000400A0020480A00201C4A03084C4A030865
:100DA000844A0308AC4A0308D44A0308FC4A0308EF
:100DB000244B03084C4B0308744B03089C4B03085B
:100DC000C44B0308FC4B0308344C0308604C030875
:100DD0008C4C0308BC4C03081050030864510308F2
:100DE000E84C0308504E03082C510308F050030848
:100DF0000DF1060000F05CFEBDF806304FF47A718C
:100E000001FB003169481EF0EFFD8EE70DF1060091
:100E100000F04EFEBDF806304FF47A7101FB003150
:100E200063481EF0E1FD7DE70DF1060000F040FE95
:100E3000BDF806304FF47A7101FB00315D481EF0B9
:100E4000D3FD6CE70DF1060000F032FEBDF8063070
:100E50004FF47A7101FB003157481EF0C5FD5AE787
:100E60000DF1060000F024FEBDF8061005FB001190
:100E700052481EF0B9FD4AE70DF1060000F018FED9
:100E8000BDF806304FF47A7101FB00314C481EF07A
:100E9000ABFD15E70DF1060000F00AFEBDF80630C7
:100EA0004FF47A7101FB003146481EF09DFD03E7C7
:100EB0000DF1060000F0FCFDBDF8061005FB001169
:100EC00041481EF091FDF3E60DF1060000F0F0FD43
:100ED000BDF806104FF47A7505FB00113B481EF073
:100EE00083FD63681E041DD463689D0450D4636849
:100EF000D8043FD4636819052ED463689A051DD4BD
:100F00006368DB057FF5C0AE0DF1060000F0D0FD93
:100F1000BDF806304FF47A7101FB00312C481EF009
:100F200063FDB1E60DF1060000F0C2FDBDF806104C
:100F300005FB001127481EF057FDD5E70DF106000F
:100F400000F0B6FDBDF806304FF47A7101FB0031B8
:100F500021481EF049FDD3E70DF1060000F0A8FD81
:100F6000BDF806304FF47A7101FB00311B481EF0CA
:100F70003BFDC2E70DF1060000F09AFDBDF806301A
:100F80004FF47A7101FB003115481EF02DFDB1E7D9
:100F90000DF1060000F08CFDBDF806304FF47A71BB
:100FA00001FB00310F481EF01FFDA0E7044E0308AF
:100FB000A84D0308784D0308444D0308144D030859
:100FC000BC500308785003083C500308884E0308BF
:100FD000D44F0308B44E0308984F0308644F030826
:100FE000344F0308F04E030810B54FF0B04384B0FF
:100FF000D86C40F00200D864DC6C04F00204039466
:10100000039CDC6C44F00404DC64DC6C04F0040439
:101010000294029CDC6C44F00104DC64DB6C03F0A1
:101020000103019300220A212920019B17F0D4F922
:10103000292004B0BDE8104017F008BA30B59BB0C5
:1010400000244822002108A81FF06AFBCDE90244D1
:10105000CDE90444CDE9064418F03AFC4FF0B04223
:101060004FF40411D2F8903023F01803C2F89030F6
:10107000D2F8003423F4C06343F40073C2F80034A0
:10108000D2F80034099103F4C0630193812305224F
:101090000B9302230892139303221023CDE9142308
:1010A0004FF0005306214FF40032199308A84FF077
:1010B00000730A94CDE91723019C169118F0FEFDE8
:1010C00088B94F210322CDE9021200230024002514
:1010D00002A80221CDE90645CDE9043318F0E8FC69
:1010E00020B91BB030BDFFF76FFCEAE7FFF76CFCDF
:1010F0001BB030BD38B51149114C00234FF4E062EC
:101100004FF40070C4E90013C4E90232A061C4E9DD
:1011100004332046C4E908334FF4005141F2210260
:1011200002240025C0E90C45C0E90A1219F0B8FCF8
:1011300000B938BDBDE83840FFF746BC003001407B
:10114000380D0020DFF874C01D481E4908B5012283
:101150000023CCE900016046CCE90232CCE904333B
:10116000CCE90633CCF8203018F050F870B91348A9
:10117000002118F059FB88B91048002118F07EFBB7
:10118000A0B9BDE808400D4818F09AB8FFF71CFC5C
:101190000A48002118F048FB0028EDD0FFF714FCA6
:1011A0000648002118F06AFB0028EAD0FFF70CFC83
:1011B000BDE80840014818F083B800BF080B0020C4
:1011C00000580040885D8010DFF874C01D481E493B
:1011D00008B501220023CCE900016046CCE90232C7
:1011E000CCE90433CCE90633CCF8203018F00EF803
:1011F00070B91348002118F017FB88B91048002176
:1012000018F03CFBA0B9BDE808400D4818F058B8EC
:10121000FFF7DAFB0A48002118F006FB0028EDD0A2
:10122000FFF7D2FB0648002118F028FB0028EAD07F
:10123000FFF7CAFBBDE80840014818F041B800BFFD
:10124000600B002000540040885D801008B516F047
:1012500011FCFFF7F3FEFFF7C7FEFFF733FBFFF7C5
:1012600049FFFFF7B1FFFFF76DFFFFF709F90548E9
:1012700016F090FF1BF0E4F9FFF7CEF91BF002FA2D
:10128000FEE700BF840A002016F04CBB16F0A6BB98
:1012900016F0E8BB16F0E8BB16F0E8BB10B58CB052
:1012A0002C22002168461FF03BFA1C481C490160B3
:1012B00000230446C0E90533836003614FF4807165
:1012C0000020C4E908014FF080422046E26119F095
:1012D000FDFAA0B9114819F093FBB8B900224FF0FC
:1012E00000544FF480730D4807926946CDE90524F8
:1012F00001920A9319F03CF958B90CB010BDFFF7F0
:1013000063FB064819F07CFB0028E7D0FFF75CFB85
:10131000E4E7FFF759FB0CB010BD00BFA00D0020A3
:101320000028004010B5044690B03822002102A8E1
:101330001FF0F6F91A4B22689A4201D010B010BD86
:101340004FF480324FF4807302A802920F9318F08A
:10135000F1FF10BB4FF0B0430022D3F8900040F4EF
:101360000040C3F890009C6D44F480649C659B6DC4
:1013700003F48063062101930220019B17F02CF8EF
:10138000022017F063F8002207212A2017F024F822
:101390002A2017F05BF810B010BDFFF715FBD9E756
:1013A0000028004000220F216FF0010017F014B850
:1013B0002DE9F04F00248DB0CDE90644CDE9084475
:1013C000CDE90344804B0A9405941B6802684FEAF8
:1013D000134A7E4B9A425AD07D497E4A0123C1E985
:1013E000002310220023C1E9022380224FF48073DE
:1013F000C1E9042320234FF48062CB6108464FF4F7
:1014000040538A610B6217F0D1F890BB41F201049E
:101410000123A24594BF4FF400344FF4C0246C481C
:10142000059303A9CDE9033417F0BCFA60BB6A4900
:101430006A4A0A60022010220023C1E901028022C8
:10144000C1E90332C1E9053320224FF44053084675
:10145000CA610B6217F0AAF898B901235E48059398
:1014600003A9CDE9033417F09DFA28B90DB0BDE802
:10147000F08FFFF7A9FAC9E7FFF7A6FA0DB0BDE8AC
:10148000F08FFFF7A1FAE8E7FFF79EFACFE74FF0FA
:10149000B0434FF0050B1A6E42F480521A661A6E72
:1014A00002F480520292029ADA6C42F00102DA648B
:1014B000DB6CCDF828B003F0010301934FF0020973
:1014C0000222019B06A903234FF020080546444849
:1014D000CDE908230026CDE90689032717F0A6FBEE
:1014E000102202233E48CDF828B006A9CDE90623F4
:1014F000CDE9086717F09AFB06A94FF09040CDE9B7
:101500000689CDE90867CDF828B017F08FFB0222D5
:101510000023CDE9062306A9032301224FF09040C2
:10152000CDE9082317F082FB2246062122202D4E0A
:1015300016F052FF222016F089FF4FF44053DFF8D7
:10154000A8E033620823C6E900E31023B3604FF03C
:1015500080094FF48073C6E9049330464FF48063EA
:10156000F460F461B36117F021F830BB1F4C6E6575
:101570000023C4E90233B5624FF480738026C4E9C6
:1015800004634FF480672023C4E90673DFF860C06A
:101590004FF40053236220460723C4E900C317F029
:1015A00005F868B9AC65002205210720A56216F090
:1015B00013FF072016F04AFF0EE7FFF705FAD5E7FD
:1015C000FFF702FAEEE700BF002004E00030014020
:1015D000140C002044000240B40B0020080002401C
:1015E00000040048D40C00201C000240740C0020B1
:1015F0003000024010B5044696B03822002108A8F9
:101600001FF08EF8294A2368934204D0284A934257
:101610002FD016B010BD40224FF4403308A80892D6
:101620000D9318F087FE002839D14FF0B044C02048
:10163000E36C43F00203E364E36C03F00203019301
:1016400012210422CDE90201019B0692002300220F
:10165000184802A9CDE9042317F0E8FAA36D43F472
:101660000013A365A36D03F400130093009B16B051
:1016700010BD80224FF4402308A808920E9318F062
:1016800059FE78B94FF0B0439A6D42F480029A65E2
:101690009B6D03F480030293029B16B010BDFFF70D
:1016A00093F9C2E7FFF790F9ECE700BF0054004060
:1016B00000580040000400480C4A036893420AD0D6
:1016C0000B4A934200D070474FF0B042936D23F421
:1016D0008003936570474FF0B0420648936D23F442
:1016E0000013C021936517F083BB00BF0054004076
:1016F0000058004000040048FEE700BFFEE700BFBE
:10170000FEE700BFFEE700BF704700BF014819F0C9
:10171000A1B900BFA00D0020034BDB68DB0700D49C
:10172000704700F0ABBF00BF00080058084B022212
:10173000DA604FF090431B699A0708D5054B1B6888
:101740009B68DB0601D502F09BBA02F091BA7047A4
:1017500000080058380D0020024B0822DA600DF016
:1017600019BF00BF00080058024B4FF40052DA6066
:1017700010F018BE00080058014817F0BBB800BFB1
:10178000F00D0020014817F0B5B800BFD40C0020C0
:10179000014817F0AFB800BF740C0020014819F0E1
:1017A000C5BE00BF500E0020014819F00BB800BFA5
:1017B000A00D0020054808B50823036019F02AFA97
:1017C00000B908BDBDE80840FFF7FEB8D80D0020FD
:1017D00000B54FF0B04383B0586E40F0010058663A
:1017E0005B6E002203F00103019311463220019B3E
:1017F00016F0F2FD322003B05DF804EB16F026BEC1
:101800000CB400B583B005AB044A019310211EF05F
:101810006DFC03B05DF804EB02B07047A4510308FF
:1018200030B585B0044602A80D461EF015FABDF984
:101830000C30064A00931021029B2046FFF7E0FF80
:101840002046FDF7EDFB288005B030BDA45103080C
:101850004FF0B04208B5936823F4004393601EF044
:1018600037FA00F049F80E4B4FF400421A611EF0AF
:1018700033F80C481EF056F802201EF059F8FFF716
:1018800001F9FEF78DFE1EF043F9012108461EF016
:1018900063F90121BDE8084008461EF043B900BFC6
:1018A0000040005821180108012102201EF03AB919
:1018B000002102201EF036B908B500220F214FF09A
:1018C000FF3016F089FD002008BD00BF00B583B0D1
:1018D00001A800F031FA064A019B4FF47A71A2FB8D
:1018E000032301FB00F000EB931003B000BD00BF29
:1018F000D34D621000F0F4B9074A08B5D2F8903021
:1019000043F48043C2F8903016F0D6F816F0DCF8B5
:10191000BDE8084016F0E0B8000800580B4A08B5CA
:101920000346106828B10A4903448B4207D8136064
:1019300008BD08480649106003448B42F7D91EF0E1
:1019400065FF0C2303604FF0FF3008BDE40D00205D
:1019500000B0002058AA0020EFF3108372B6044AAA
:101960001068BFF34F8FBFF36F8F83F310887047FA
:10197000E80D00200320704708B501464FF47A7245
:101980000023C003490CFEF7AFFB08BD4FF47A7388
:10199000A0FB0303C00B40EA4340704708B58446F0
:1019A000C903044A002341EA5C41C003FEF79CFBE3
:1019B00008BD00BF40420F004B014201121A43EA2A
:1019C000D06363EB01034FEA422C5B021CEB000C7B
:1019D00043EAD25341EB030300B54FEA8C124FEABE
:1019E000831EB2EB0C024EEA9C6E6EEB030E1018D7
:1019F00041EB0E01C00B40EA4140C90B00BD00BFE6
:101A000010B50246EFF3108472B60348002119F0B6
:101A100037F884F3108810BDA00D002010B50246E1
:101A2000EFF3108472B60348012119F029F884F30A
:101A3000108810BDA00D002010B5EFF3108472B611
:101A40004FF48071084818F07FFEBFF34F8FBFF34B
:101A50006F8F064A0121D165034A4FF0FF331363AC
:101A600084F31088002010BDA00D00200028004045
:101A7000034B186800B970470248002119F008B8F4
:101A8000EC0D0020A00D0020034B186800B9704732
:101A90000248012118F0FCBFEC0D0020A00D002031
:101AA00002480022022118F0EBBF00BFA00D002069
:101AB00070B50546EFF3108672B6124B1868D8B1B0
:101AC000114B9C689A68A24203D09A689C68A24213
:101AD000FBD102210D4818F0DBFFE443C4F30E03F1
:101AE0004FF47A72E40BA3FB023244EA4040DB0B72
:101AF00086F310882B8070BD034686F310882B80F8
:101B000070BD00BFEC0D002000280040A00D00209B
:101B1000064B186848B1064B98689A68824203D011
:101B20009A6898688242FBD1C0437047EC0D002050
:101B300000280040EFF3108172B60B4B186848B1D3
:101B40000A4B98689A68824203D09A6898688242E1
:101B5000FBD1C043064B1860BFF34F8FBFF36F8FAD
:101B600081F31088704700BFEC0D00200028004072
:101B7000E80D002070B50D4C23680BB1002070BD3E
:101B80000B4B4FF0FF351E461D63FFF787FBFFF73A
:101B900053FF3046356318F0EFFEFFF781FFFFF784
:101BA000C9FF01232360002070BD00BFEC0D0020A1
:101BB000A00D002010B5084C23680BB9002010BD03
:101BC000FFF73AFF054818F0F9FEFFF7B3FF0023CF
:101BD0002360002010BD00BFEC0D0020A00D0020F0
:101BE000EFF3108C72B60B4B0B4A1B6810684BB1AD
:101BF0000A4A93689168994203D091689368994220
:101C0000FBD1DB43BFF34F8FBFF36F8F8CF3108893
:101C1000181A7047EC0D0020E80D00200028004045
:101C2000EFF3108172B6094B186810B981F3108870
:101C30007047074B98689A68824203D09A68986800
:101C40008242FBD1C04381F310887047EC0D002025
:101C50000028004070B504468CB0EFF3108572B6D2
:101C60002C22002168461EF05BFDEFF3108672B651
:101C70004FF48071174818F067FDBFF34F8FBFF323
:101C80006F8F154B13490122DA654FF0FF330B6359
:101C900086F31088114B0F481B682344DB430193E4
:101CA0004FF0005306934FF480730A936946002364
:101CB0000793059318F05CFC20B985F31088002089
:101CC0000CB070BDFEF780FE85F3108800200CB0CC
:101CD00070BD00BFA00D002000280040E80D0020CE
:101CE00010B5FFF749FE0446FFF712FF014600E07A
:101CF00000BFFFF70DFF401AA042F9D310BD00BF8F
:101D00001EF04AB908B50A4B1B6833B9BDE8084054
:101D100008480122022118F0B3BE0221054818F03C
:101D2000B7FEBDE80840421C0221024818F0A8BED8
:101D3000EC0D0020A00D002070B50546EFF31086D5
:101D400072B6124B1B68E3B1114B9C689A68A242B1
:101D500003D09A689C68A242FBD102210D4818F07A
:101D600097FEE4430C4AC4F30E03A3FB0232E40BD8
:101D7000DB0B44EA404043EA424386F310882B6081
:101D800070BD184686F310882B6070BDEC0D0020E6
:101D900000280040A00D002040420F00DFF880C066
:101DA00020484FF4E13108B508220023CCE90001B6
:101DB0006046CCE90233CCE90432CCE90633CCE905
:101DC0000833CCF828301AF057FA70B914480021BB
:101DD0001AF0E0FB88B9124800211AF001FCA0B902
:101DE0000F481AF0B7FBB8B908BDFEF7EDFD0C4877
:101DF00000211AF0CFFB0028EDD0FEF7E5FD0848E2
:101E000000211AF0EDFB0028EAD0FEF7DDFD0448C2
:101E10001AF0A0FB0028E7D0BDE80840FEF7D4BDCB
:101E2000500E002000440040F0B5044697B0002159
:101E3000382208A8CDE90211CDE9041106911EF05F
:101E40006FFC2B4B22689A4201D017B0F0BD294B92
:101E50000A93022208A8089218F06CFA002841D1CF
:101E60004FF0B04304269A6D234D42F400329A6538
:101E70009A6D02F400320192019ADA6C42F001028A
:101E8000DA64DB6C022703F00103CDE902670093FB
:101E900002A907234FF0904000260327009A0693DB
:101EA000CDE9046716F0C2FE144914220023C5E9E7
:101EB0000012284610218022C5E90213C5E9053326
:101EC000C5E907332A6116F071FB70B900220F21B2
:101ED000E5672520AC6216F07FFA252016F0B6FAE9
:101EE00017B0F0BDFEF770FDBAE7FEF76DFDEDE748
:101EF0000044004004000C00F00D00205800024097
:101F00000C4B02689A4200D070474FF0B04210B5B7
:101F1000936D044623F4003304214FF09040936501
:101F200016F066FFE06F16F0B7FBBDE81040252005
:101F300016F09ABA0044004008B5084B1860FFF745
:101F40002DFF074A0748D2F8803043F00063C2F8FB
:101F500080301DF049FD002008BD00BFE80E0020C4
:101F600000080058144A030808B54FF0B043084869
:101F70009A6B42F400329A639A6B22F400329A63AD
:101F8000FFF7BEFF0F2016F06FFA002008BD00BF5C
:101F9000500E002008B503460A460348194619F0BA
:101FA0000DFA002008BD00BF500E002010B582B011
:101FB000104B114C18604FF40012009202AA12E963
:101FC000060020461AF068FA2368DA69D103FCD4C7
:101FD000DA695202FCD59A68074842F480029A6096
:101FE0001AF0A2FA0549044801221AF00DFA00205D
:101FF00002B010BDE40E0020500E0020EC0E0020B8
:10200000044B02689A4200D07047034B00201B68C3
:10201000184700BF00440040E80E00200B4B026848
:102020009A4200D070470A4B1B6810B504462BB18A
:10203000D0F8902012B90748012198472046054959
:10204000BDE8104001221AF0DFB900BF0044004093
:10205000E40E0020EC0E0020F8B54FF0E026074615
:10206000B46975691AF054FB0135104B05FB00F19A
:1020700001F5FA71A3FB0121890907FB01F101F5C3
:10208000FA71A3FB013189090023B269A81A9442AD
:1020900003EB040C034404D22344994205D91446AB
:1020A000F3E7ACEB02039942F9D8F8BDD34D6210C7
:1020B00010B504461AF02CFB4FF47A72A4FB000111
:1020C0000023FEF711F8BDE8104001301AF088BC7B
:1020D0008446BCE80F0010B4054C0FC49CE8030014
:1020E000044B84E80300186810BC02211AF09CBB62
:1020F000FC0E0020F80E002008B5322016F0B4F9CE
:10210000064B5A68012122F001025A60D960044B43
:1021100010211868BDE808401AF086BB0008005876
:10212000F80E0020024B012118681AF07DBB00BF99
:10213000F80E00202DE9F04FBC4BBD4DDFF8F4A2A6
:10214000BD4E012285B00521DA600620002216F07E
:1021500043F9062016F07AF903A8FFF7A9FCBDF8A9
:102160000C3002464FF47A71B44801FB02311DF085
:102170003BFC4FF0FF3200211F201AF0D1FB071E5D
:10218000C0F2CE80BC077DD5AD4B1B68022B03A8E7
:1021900000F0FA81FFF78CFCBDF80C304FF47A7137
:1021A00001FB0031A64BA7481A681DF01DFC322028
:1021B00016F05AF99D4B5A68012122F001025A602B
:1021C00047F01007D9604FF0904399610520FFF761
:1021D00043FF03A8FFF76CFCBDF80C304FF47A7195
:1021E00001FB003198481DF0FFFB03F0EDF9A8BB9F
:1021F000390770D4954A92F85D30052B00F00482BF
:1022000092F85D30062B66D0904B93F85D30012B31
:1022100076D105274FF47A7801F042F904460B2C69
:1022200003A86BD1FFF744FCBDF80C30014608FB56
:10223000013187481DF0D8FB0A20FFF739FF013F25
:10224000EAD103A8FFF734FCBDF80C304FF47A71E3
:1022500001FB003122467F481DF0C6FB03A8FFF7B3
:1022600027FCBDF80C304FF47A7101FB00317A483D
:102270001DF0BAFB6D4B0122DA605A6842F0010290
:102280005A6076E717F0180F5AD04FF090430122AA
:102290009A610520FFF7E0FEF8069AD403A8FFF73D
:1022A00007FCBDF80C304FF47A7101FB00316B482C
:1022B0001DF09AFB99E703A8FFF7FAFBBDF80C3075
:1022C0004FF47A7101FB0031224665481DF08CFB0A
:1022D0005E4B93F85D3001F0F9F90446002893D085
:1022E00003A8FFF7E5FBBDF80C304FF47A7101FB52
:1022F000003122465B481DF077FBAFE7002CA0D1F0
:1023000000232B70CAF80030336002F06FFE0446E1
:10231000002840F06B814FF0904301229A6228E739
:1023200003A8FFF7C5FBBDF80C304FF47A7101FB31
:1023300000313A464C481DF057FBFEF745FB21E7BC
:102340007A0700F13681FB077FF513AF2B78022B5C
:1023500004BF00232B7001F00FFB20B32B78032B5D
:1023600000F26681DFE803F0AC382A02032403A8F8
:10237000FFF79EFBBDF80C304FF47A7101FB003182
:102380003A4822461DF030FB322016F06DF8274BFC
:102390005A68012122F001025A60D960344B1021A1
:1023A00018681AF041FA1AF093FA10B187427FF4D4
:1023B000E0AE01F0E1FA0028C8D1DAE603A8FFF7A1
:1023C00077FBBDF80C304FF47A7101FB00312948DE
:1023D0001DF00AFB0524CAE701F0CEFADAF8003056
:1023E00003F10E043368E41A234BA3FB0434E4081E
:1023F000844228BF0446082CA14628BF4FF0080994
:102400004FEA09181D4803AA414601F003FB0028C2
:1024100040F08A80039B984540F08E80002C00F0AD
:102420008F80DFF85CB0804641E000BF00080058B4
:102430001C0F0020180F0020140F0020B0510308BB
:10244000FC0E002070520308AC520308380D002027
:102450000C540308705403082C550308FC5203085D
:1024600040530308AC530308E451030854560308CF
:10247000F80E00206C55030889888888A00F00207A
:10248000A10F00203368DAF80040704AE41A0F2CDC
:1024900028BF0F24D018224607F032F9336808F11C
:1024A00001081C44C14534600BF1100B49D91BF8DD
:1024B000013C022B5946E5D003232B700B2456E731
:1024C000634803AA102101F0A5FA68BB039B102BF7
:1024D00032D15F4A1478012C62D0022C00F0828045
:1024E0001A465A485A49019307F00AF9019BCAF85B
:1024F000003002222A7033601A465448194603F00D
:10250000EBF8044600283FF44EAF0A283FF44BAFE7
:1025100003A8FFF7CDFABDF80C304FF47A7101FB38
:10252000003122464B482DE706284FF003032B705D
:102530000CBF082409241AE703232B70072416E78D
:102540003468DAF80030A34211D802222A703360CE
:102550001A46D2E740493D480D2207F0D1F83C4BDE
:102560002C70B3F80130CAF800300D23336001F04D
:1025700003FA013803307FF6EEAE33680F2B7FF697
:1025800012AFDAF80020B8E7FFF792FABDF80C3086
:102590004FF47A7101FB003130481DF025FA06E650
:1025A000B2F80130B3F5907FD4D903232B70062401
:1025B000DDE62B4B19682B4B186805F0ABF90028AA
:1025C0003FF4C1AE322015F04FFF274B5A6801216E
:1025D00022F001025A60D960244B102118681AF0C9
:1025E00023F9B0E603232B700A24C0E603A8FFF703
:1025F0005FFABDF80C304FF47A7101FB00312246CE
:102600001B481DF0F1F929E60A2001F0DFF8044625
:1026100000287FF450AE174B93F85D30062B7FF403
:10262000F3AD01F053F8044600283FF4EDAD57E652
:1026300003A8FFF73DFABDF80C302A784FF47A7101
:1026400001FB00310C481DF0CFF9C3E6201000203B
:10265000A00F002004560308A30F002034520308E3
:10266000F00E0020F40E002000080058F80E0020A4
:10267000D0540308380D0020C055030870B5052458
:1026800000254FF090460220FFF7E6FC3369DB0798
:1026900005F1010548BF0025013CF4D1022D03D806
:1026A0000A4B0122DA6070BD322015F0DDFE074BC7
:1026B0005A68012122F001025A60D960044BBDE83A
:1026C0007040186808211AF0AFB800BF0008005821
:1026D000F80E002030B5062087B015F0C5FE0022A8
:1026E0000223CDE902234FF0904301201121012460
:1026F000CDE900019C610520FFF7AEFC69464FF073
:10270000904016F093FA94FAA4F4002C49D0B4FA4D
:1027100084F404F003039B0007219940A408C943F3
:10272000A30003F1804303F58033334A98680140E6
:10273000996013683149324823F0010313605368EC
:1027400023F001035360D2F8803043F00103C2F854
:102750008030D2F8843023F00103C2F8843000F0D6
:1027600071FE044658B906F0A3F80446A0BB254DF7
:102770002B68D3B1FFF7C0FC204607B030BD6846D8
:10278000FFF796F9BDF8003001464FF47A751E4800
:10279000224605FB01311DF027F90524204607B02C
:1027A00030BD6FF007010824BAE70146174A184800
:1027B00019F0B2FF28600028DCD16846FFF778F9ED
:1027C000BDF8003002464FF47A71124801FB023125
:1027D0001DF00AF90624CFE76846FFF769F9BDF84E
:1027E000003001464FF47A75224605FB01310A4854
:1027F0001DF0FAF8D1E700BF00080058D120010809
:1028000025210108F80E0020BC560308A8BF0308C4
:102810003521010864570308105703082DE9F04FCC
:1028200083B0002860D00D4600295DD0B1F5907FBF
:1028300046D8834601F072F8102D044666D95C4BE9
:102840006E1CA3FB0636F6080136B042C0F090803D
:10285000DFF8609159464FF0010A0D2209F103009B
:10286000A9F8015089F800A006F04AFF10270BF1E3
:102870000D0B0D3D09EB07064FF00208013602E093
:102880001036002D4DD00F2D2C4628BF0F24594651
:102890002246304606F8018C06F032FF631C1F44C6
:1028A0007F2FA5EB0405A344EAD93946484601F039
:1028B00027F9074600283AD14E4675B38246DDE730
:1028C0000DF10600FFF7F4F8BDF806404FF47A71F9
:1028D00001FB00414FF4907337482A461DF084F8FD
:1028E000032003B0BDE8F08F0DF10600FFF7E0F81C
:1028F000BDF8063002464FF47A7101FB02312F48D1
:102900001DF072F8022003B0BDE8F08F00B3294635
:10291000584601F0F5F800283AD1002003B0BDE890
:10292000F08F2448394601F0EBF80028F5D00DF17E
:102930000600FFF7BDF8BDF8063001464FF47A7483
:102940001F48524604FB01311DF04EF80520C8E730
:102950000DF10600FFF7ACF8BDF8063002464FF463
:102960007A71184801FB02311DF03EF80420B8E7E7
:102970000DF10600FFF79CF8BDF806504FF47A7190
:1029800001FB0051234632460F481DF02DF8EDE7BC
:102990000DF10600FFF78CF8BDF8063001464FF444
:1029A0007A74012204FB013108481DF01DF8CDE7BF
:1029B00089888888200F002018580308BC5703080E
:1029C000745903087458030814590308C4580308B9
:1029D00030B585B0EFF3108572B601A8FFF7ACF9FA
:1029E000044613481DF040FA85F31088114AD16857
:1029F00003AB02AAC1F30221322015F047FD029B6E
:102A0000052B0BD00C4B0D48019904601960002276
:102A10000521322015F0E0FC05B030BD322015F064
:102A200023FD074B0421186819F0FEFE05B030BDE8
:102A3000C815002000ED00E0F00E0020F40E00208C
:102A4000F80E00202DE9F041EFF3108172B61F4C13
:102A50002268536823F0020353600268136823F06E
:102A6000010313601A4B02681A4ED768D3F800802E
:102A7000194BDFF868E03568D3F800C007F11003A0
:102A8000984598BF7346ADB9634518D0D360E38FBE
:102A90009BB25360136843F00A0313600268136823
:102AA000022443F00103136080F8254081F310886D
:102AB000BDE8F08167451CBF00233360E7E71D6078
:102AC0005D609D60DD6001253560DFE7380D002029
:102AD0005C1100204C1100206411002068110020BE
:102AE00030B5224C83B0204618F07CF8204A236889
:102AF00093422CD002F57842934217D14FF0B04563
:102B00000A202B6C43F480532B64FFF7A5FA2B6C3F
:102B100023F480532B640023144884F85D3017F0AD
:102B2000BFFF144B00221A6003B030BD0DF1060048
:102B3000FEF7BEFFBDF80630226801464FF47A75F5
:102B40000D4805FB01311CF04FFF0120E9E74FF074
:102B5000B0450A20AB6B43F48043AB63FFF77CFACC
:102B6000AB6B23F48043AB63D5E700BF380D002087
:102B70000038004040110020D0590308844690F8E6
:102B80002400012859D030B59CF82540012084420A
:102B90008CF8240006D0002380228CF82430CCF856
:102BA0003C2030BD02208CF82500DCF80040DCF829
:102BB0004C500020CCF83C00206820F00100206040
:102BC000DCE914E0C5F804E018B1DCE9165EC5F8EC
:102BD00004E0DCF8445005F01C0E012505FA0EF562
:102BE000DCF840E0CEF804506360DCF80830102BCD
:102BF0000BBFA260A160E160E2602368DCF82C20DA
:102C000023F00E0323601AB1236843F0020323600C
:102C1000DCF848301A68D2030AD418B1036843F4C8
:102C200080730360236843F001030020236030BDFC
:102C30001A6842F480721A60EFE70220704700BF02
:102C40002DE9F041A048A14C82B015F0E1FEA0486A
:102C500015F0DEFE23685A6822F020025A605A6896
:102C600092071FD45A68D10700F1EF800020A4F822
:102C70004600E087226E402A4FF0000218BF20660F
:102C80000092D968009199680091009901929B681F
:102C90000193019A08BF0120062384F85D3002B039
:102CA000BDE8F0815A68606D22F0020200215A608E
:102CB000816315F0B1FD002840F03D81FEF706FE6E
:102CC0000646844F23683D689B6805EB8505C5EB88
:102CD000C5052D0D05EB850513F4C05F4FEA4505CD
:102CE0000DD0FEF7F3FD801B0928236847D8002D7F
:102CF00045D09B6813F4C05F05F1FF35F1D1FEF7B5
:102D0000E5FD064623683D689B68C5F3CB3505EBBA
:102D100085051B064FEA45050BD5FEF7D7FD801B41
:102D2000092823682BD855B39B68180605F1FF3591
:102D3000F3D4FEF7CBFD06463D68D4F8008005EBE2
:102D40008505D8F80830C5EBC5052D0D05EB8505C3
:102D500013F4C06F4FEA450508BF434607D12EE084
:102D60006DB19A6812F4C06F05F1FF3527D098F85D
:102D70000C30FEF7ABFD801B09282368F0D95A6898
:102D8000A16A22F0E0025A601A68B1F5005F22F0F1
:102D900040021A6007D11A6822F400521A601A68B9
:102DA00042F400521A60012284F85D20226E42F043
:102DB000200222660021402284F85C1022661A68F4
:102DC00022F040021A60FEF781FD06463D68276842
:102DD00005EB8505BB68C5EBC5052D0D05EB850528
:102DE00013F4C06F4FEA450508D1C6E06DB19A688B
:102DF00012F4C06F05F1FF353FF434AF3B7BFEF7B3
:102E000065FD801B09282368F0D95A68A16A22F061
:102E1000E0025A601A68B1F5005F22F040021A60C1
:102E200007D11A6822F400521A601A6842F400525C
:102E30001A6000214022012084F85D0084F85C10B3
:102E400022665A68D1077FF511AF5A68A06D22F04B
:102E5000010200215A60816315F0DEFC002867D171
:102E60002268136823F040031360FEF72FFD064627
:102E7000184F23683D689B68C5F3CB3505EB850586
:102E80001A064FEA45050CD5FEF720FD801B0928E0
:102E9000236853D8002D51D09B681B0605F1FF35E0
:102EA000F2D4FEF713FD06463D68276805EB85055D
:102EB000BB68C5EBC5052D0D05EB850513F4C06F8B
:102EC0004FEA450510D156E0140C0020380D0020C3
:102ED000B40B0020D40900206DB19A6812F4C06FC1
:102EE00005F1FF353FF4C2AE3B7BFEF7EFFC801BE4
:102EF00009282368F0D95A68A16A22F0E0025A60D2
:102F00001A68B1F5005F22F040021A6007D11A6812
:102F100022F400521A601A6842F400521A6001202A
:102F20000021402284F85D0084F85C1022669DE652
:102F30004023236694E740232366BFE65A68A16ACC
:102F400022F0E0025A601A68B1F5005F22F04002F8
:102F50001A6007D11A6822F400521A601A6842F403
:102F600000521A6001210022402384F85D1084F889
:102F70005C20236695E73B4678E63B4672E600BF59
:102F80002DE9F047022384B093FAA3F3002B00F05D
:102F90006F81B3FA83F303F003029200072191409B
:102FA0009B08C9439B0003F1804303F58033B24A79
:102FB0009868B24C01409960136823F002031360D3
:102FC0005368022023F002035360D060236841F26B
:102FD0000101B1EB134F136853D203431360A64BA7
:102FE000A749D3F88020A74CA74EA84842F0020278
:102FF000C3F88020D3F8842022F00202C3F8842092
:10300000A34B0C601E600B68A24A04F5D871043B08
:1030100001609C4206F5C071116003D903F5D873B5
:103020009C42FBD89C4A9D4D1A6095F85C30012B60
:1030300000F0668195F85D300122934285F85C20AE
:10304000DFB226D00227964815F0E2FC954815F02D
:10305000DFFC2A689248536823F00303536015F09D
:10306000DBFB904815F0D8FB686D15F0D5FBA86D1B
:1030700015F0D2FB0023384685F85C3004B0BDE87B
:10308000F08743F002031360536843F00203536078
:10309000A5E7FFF7D5FD002840F0128185F85D70A7
:1030A000102200232B66AA87EA874FF4D872A5F86E
:1030B0004420A5F84620AA6A2C64B2F5005FC5E951
:1030C00013332C68AE6307D1236823F400532360C5
:1030D000236843F4005323606368D5F8548023F4D5
:1030E000C0436360636823F480436360636823F4D0
:1030F00000536360D8F81830B3F5806F03D1EB8FBD
:10310000C3F34E03EB87A86D8369B3F5806F6368E3
:1031100000F0108143F480536360B5F84630DFF867
:103120008891C0F834900022C0E90B2282639BB2E0
:10313000544A04F10C01FFF721FD0646002840F037
:10314000E4800A465949EB8FC8F82C105849C8F852
:103150003800C8E90C0940464FF00108C1F800806A
:103160009BB24949FFF70AFD0646002840F0F98066
:103170006368504A23F0C0036360636843F0200330
:1031800063600190A3680193019B0290A36802937E
:10319000236823F040032360029B0390E3680393BA
:1031A000A3680393039B236843F40073236023689D
:1031B00023F48073236063689BB2538043F003035E
:1031C0001380202393FAA3F3002B00F0DE80B3FAE0
:1031D00083F6760006F00602032303FA02FE5FFA86
:1031E0008EFE022191406FEA0E0CB34026F0070AD2
:1031F000C9B25FFA8CFCF6084FF09048221DD8F84F
:1032000000002D4C20FA0AF000EA0C0C41EA0C01F7
:1032100040EA0E0060702170D8F80010DFF884C01A
:103220000B431F49C8F800300023C1E90B338B63FF
:10323000CCE90B33C1F834900846CCF838301D493E
:10324000CCF834900223FFF799FC804600287BD10C
:103250002146144806F190420223FFF78FFC0446F2
:10326000002840F09B80154B01221A60074601E7B9
:103270006FF00701082395E600080058002004E0DD
:1032800060110020E8120020681100205811002071
:10329000641100205C110020EFBEADDE380D00206F
:1032A000140C0020B40B0020D1330108452A01087A
:1032B0004C1100205411002050110020401100201A
:1032C00003A8FEF7F5FBBDF80C104FF47A7909FB63
:1032D00000113A4638481CF087FBFFF701FC804696
:1032E00000283FF4DDAE03A8FEF7E2FBBDF80C10AA
:1032F000424609FB001131481CF076FB4746A2E626
:103300000227384604B0BDE8F08703A8FEF7D0FBDB
:10331000BDF80C304FF47A7101FB00312848324679
:103320001CF062FB2B6E012243F010032B6685F824
:103330005D2088E623F480536360B5F84630C3F31C
:103340004E03A5F84630E8E60DF10200FEF7B0FBAB
:10335000BDF802304FF47A7101FB00314246194842
:10336000DEE703A8FEF7A4FBBDF80C304FF47A713A
:1033700001FB0031324614481CF036FB2B6E43F043
:1033800010032B6685F85D805DE6082602214FF06C
:10339000FC0C4FF0030E4FF0400A2DE70DF1020038
:1033A000FEF786FBBDF802304FF47A7101FB003165
:1033B00022460648B4E700BF2C5A0308905A030877
:1033C000045B03089C5B0308505B0308FC5B030879
:1033D00070B5164C164D236E2A6843F01003012178
:1033E00086B0236684F85D10A2B11249124B134ACD
:1033F000206809681B681268266E806809681B6867
:10340000126803930E4B00961B6801901B68029193
:1034100004920593FFF714FC2A682AB1009B216EE1
:103420000B4368460093904706B070BD380D0020EE
:1034300044110020D40C0020740C0020140C002037
:10344000B40B002010B5124B1B6882B01BB10824CE
:10345000204602B010BD0F4A0F4B10601960FFF7F5
:103460008FFD04460028F3D00DF10600FEF720FB87
:10347000BDF806304FF47A7C014622460CFB013140
:1034800006481CF0B1FA0A24204602B010BD00BF65
:10349000401100204811002044110020585C03080E
:1034A000F0B57E4B1B6883B0002B5DD07C4C23684D
:1034B0001B685B0603D50925284603B0F0BDFEF75F
:1034C00005FA074694F85C30764A012B156847D018
:1034D00094F85D300122934284F85C20DEB247D03C
:1034E0000226714F714D384615F092FA284615F0B4
:1034F0008FFA2A6839680D6810680B6823F0010399
:103500000B60136823F001031360202393FAA3F3E5
:103510002BB1B3FA83F35B00032707FA03F34FF0F1
:10352000904C0227DCF800E043EA0E03CCF80030B0
:10353000D4F800C0DFF878E1DCF8043023F00303AE
:10354000CCF804305B4BC1F80CE0032E4F60D36025
:103550004FF0000357600D60106084F85C3054D069
:103560000A25284603B0F0BD0725284603B0F0BD64
:1035700002214FF0904015F0B9FC48BB64230DF1D7
:103580000600C5F3CB3503FB05F5FEF791FABDF850
:1035900006304FF47A7101FB003147481CF024FAE1
:1035A00008E000BFFEF792F9C31B632B44D8002D3F
:1035B00042D0013D02214FF0904015F097FC38B900
:1035C000EFF30583002BECD1012019F009FAE9E7AC
:1035D000354815F00FFA0546D8B9344815F00AFAFF
:1035E0000546002838D12268136843F04003136071
:1035F00002214FF0904015F079FC00283FD00523C0
:1036000084F85D3084F85C5056E70B25284603B0FB
:10361000F0BD0DF10600FEF74BFABDF806304FF491
:103620007A7101FB00312A4624481CF0DDF9236E33
:1036300043F01003236654E70DF10600FEF738FA55
:10364000BDF8063002464FF47A711D4801FB023185
:103650001CF0CAF9032644E70DF10600FEF728FA2C
:10366000BDF806304FF47A7101FB00312A46154847
:103670001CF0BAF9236E43F01003236631E70DF115
:103680000600FEF715FABDF806304FF47A7101FB1B
:1036900000310D481CF0A8F923E700BF40110020BD
:1036A000380D0020D4090020140C0020B40B002099
:1036B0005411002050110020A85C0308685D030825
:1036C000105D0308D85D0308445E030830B5394C2B
:1036D00083B0FFF7B5FA204617F084FA364A23681C
:1036E000934244D002F5784293421CD14FF0B0454A
:1036F0000A202B6C43F480532B64FEF7ADFC2B6C3B
:1037000023F480532B6400252A4884F85D5017F079
:10371000C7F92A4B1D60002847D1FFF731FC04464A
:1037200098BB03B030BD0DF106052846FEF7C0F981
:10373000BDF8063022684FF47A7101FB0031204851
:103740001CF052F91D4B00221A6001242846FEF796
:10375000AFF9BDF8063001464FF47A751948224694
:1037600005FB01311CF040F90A2003B030BD4FF0D9
:10377000B0450A20AB6B43F48043AB63FEF76CFCAF
:10378000AB6B23F48043AB63BDE70DF10600FEF79E
:103790008FF9BDF8063001464FF47A75224605FBD5
:1037A000013109481CF020F9DEE704460DF1060559
:1037B000CCE700BF380D0020003800404011002049
:1037C000D0590308905A0308BC5E0308F8B50446B4
:1037D000FEF77CF80646651C03D014F063F9B4FBD1
:1037E000F0F4434B43491A68096841F20103B3EB13
:1037F000124F58D2404A136823F0020313603E4B25
:103800003E4D0222DA602A685368980704D0631C90
:1038100059D153689907FCD1EFF3108C72B6D5E9F2
:1038200015139A6909681B68C8685B683449354C88
:10383000354DB2F5806F08BF5B00344A1133A2FBEF
:1038400003239B080A68324903EBC303A2EB43033B
:103850009A4298BF0B4623602E4C043B2060002404
:10386000046044608460C4608B424FF001002860B3
:1038700003D2521A13448B42FCD327491C4A1960C5
:10388000126841F20103B3EB124F16D31A4B1A68B8
:1038900042F002021A605A6842F002025A608CF347
:1038A00010880020F8BD144B1A6822F002021A603A
:1038B0005A6822F002025A60A1E70F4A136843F0E7
:1038C00002031360EBE71A2701FB07F73F0D04FB28
:1038D00007F7FDF7FBFF801BA04207D237B12B682B
:1038E0005B689A0707F1FF37F3D195E70320F8BD2E
:1038F000002004E0D409002000080058380D002002
:1039000058110020601100204C110020398EE3383E
:10391000E812002064110020EFBEADDE10B4EFF31A
:10392000108272B6114B1249586D1B680068C0684E
:103930005C680B6882F3108898420AD003D3C01ADF
:10394000000910BC7047C3F5C0730344180910BCCC
:103950007047A30706D5074B10BC1868002818BF8E
:1039600018207047182010BC704700BF380D002089
:10397000641100204C11002030B4EFF3108272B6B5
:103980001E4B9B6D99691B6858681D4BB1F5806F84
:103990001C6808BF400082F310881A4A231F934214
:1039A00005D219490968891A0B449342FCD3196856
:1039B000164B99421DD11649134D00F11103A1FB7D
:1039C00003039B08286803EBC303A0EB430398425F
:1039D00088BF1A46A24209D096BFC4F5D870101B02
:1039E0008018A1FB0010800830BC7047002030BC5C
:1039F00070474FF0FF3030BC704700BF380D0020DB
:103A000060110020E812002058110020EFBEADDE4A
:103A1000398EE338002868D02DE9F04F904683B006
:103A2000002A57D00F2955D9002307464FEA11190C
:103A30001360EFF31083019372B6FFF79DFF431CF1
:103A40004ED02B4D2B4E2C684845A4F1040428BFC2
:103A50004846B44205D2284B1B689B1B1C44B44209
:103A6000FCD380B3DFF894B0DFF88CA007EB00192B
:103A700029681022384605F043FE22685A452DD1A8
:103A80002A68DAF8001012322A602A688A4207F19E
:103A9000100706D32A683244521A2A602A688A42DA
:103AA000F8D212348C4228BF721A02D314448C42CA
:103AB000FCD2D8F80020B94502F11002C8F8002065
:103AC000C4F800B0D4D10020019B83F3108803B068
:103AD000BDE8F08F022003B0BDE8F08F0620F3E7C9
:103AE000019B83F310880620F1E70220704700BF96
:103AF00060110020E812002058110020EFBEADDE5A
:103B00002DE9F04F0C4614F00F0585B0014624D086
:103B1000C5F11005621930B3B2F5C07F23D8EFF3B9
:103B2000108972B6484BDFF82481586D1E6803680F
:103B3000D8F80000DB687668984206F0020616D0D6
:103B400086BFC0F5C077DB191B1A934214D205203B
:103B500089F3108805B0BDE8F08F20B11CB1224672
:103B6000B2F5C07FDBD9022005B0BDE8F08F1EB1F1
:103B7000374B1B68002BE8D0DFF8D8B0DBF80030FB
:103B800027189F4219D91A1A4BD19A460746C01ACC
:103B9000041907D011443846224605F0B1FDDBF880
:103BA00000A027447C19544511D8E5B9C8F8007025
:103BB0000EB9274B1E600020CAE7224605F0A0FD83
:103BC000DBF800A0574526D0ECD90420C0E7BAEBBB
:103BD000070214D1A4EB0A0438462246002105F05E
:103BE000FDFD2744E2E72A463846002105F0F6FDB0
:103BF000DBF800309C4210D0E7D82746D6E738469D
:103C0000002105F0EBFDDBF80030534507D028BF5D
:103C10005746DAD3DEE7104FC4E70F4FC6E70E4F23
:103C2000D8E7CDE90223CDE9000105F069FDDBF815
:103C300000A0039B029A5345DDE9000102D0C4D8DD
:103C40001F46A4E7044FA2E7380D002064110020AE
:103C50004C1100205C11002068110020EFF310834C
:103C600072B6024A106883F310887047641100200E
:103C7000024B1B6803B11847704700BF4811002072
:103C800030B52F4C236859689A6889068BB031D5B6
:103C900055060AD5216E002041F0040121660190ED
:103CA000D968019199680191019990060CD5216E0E
:103CB000002041F001012166029099680291196883
:103CC00021F0400119600299D10508D5216E00202C
:103CD00041F0080121660390996803910399D20687
:103CE00006D5226E4FF6EF7142F00202226699600D
:103CF000226E0AB90BB030BD124D2A689AB1124932
:103D0000124A08681168226E04929A68036809686A
:103D1000CDE905230E4A0F4B12681B6812681B6819
:103D20000993CDE90712FEF78BFF2A68002AE1D03C
:103D3000049B216E0B4304A8049390470BB030BD45
:103D4000380D002044110020D40C0020740C0020F9
:103D5000140C0020B40B0020014B00229A60704725
:103D60009C15002010B584B0044601230F488DF83F
:103D700007400DF10702802117F020FA044610B920
:103D8000204604B010BD0DF10E00FDF791FEBDF808
:103D90000EC04FF47A71234601FB00C18022044813
:103DA0001BF022FE0424204604B010BDD80D0020D4
:103DB0000C5F030870B5994B1B68012B86B003D0CC
:103DC0000B25284606B070BD85780446FDF760FADD
:103DD000012811D002283ED080B105A8FDF768FE69
:103DE000BDF8143002464FF47A718D4801FB023160
:103DF0001BF0FAFD0A25E4E7002D75D02168059136
:103E00008848042305AA952117F0D8F9054600280B
:103E100078D1A2788348002A14BF182138218DF860
:103E20000F1001230DF10F0240F6E70117F03AF8E9
:103E3000054600B305A8FDF73BFEBDF814404FF45E
:103E40007A7101FB00412B46774840F6E7021BF0F0
:103E5000CBFD0425B5E7002DD0D005A8FDF728FE41
:103E6000BDF8143002464FF47A7101FB02316F48FD
:103E70001BF0BAFDBEE76B48012304AA40F6E60139
:103E800017F058F80546F8B99DF81020654822F05B
:103E900006028DF81020012304AA40F6E60117F06F
:103EA00001F8054600283DD005A8FDF701FEBDF844
:103EB00014404FF47A7101FB00412B4640F6E602B4
:103EC00059481BF091FDC4E705A8FDF7F1FDBDF8C9
:103ED00014404FF47A7101FB00412B4640F6E60294
:103EE00053481BF081FDB4E705A8FDF7E1FDBDF8DF
:103EF000143002464FF47A7101FB02314D481BF039
:103F000073FD77E704A8FDF7D3FDBDF810404FF42B
:103F10007A712B4601FB0041952247481BF064FD56
:103F200004254EE7A27894F90430002A3BD1162BE1
:103F300061DC6FF008059D42B8BF1D46AB42EEB292
:103F40003BD163798DF8113036488DF8106004AAA2
:103F500002238E2117F032F9054600284ED1374E44
:103F600007223146204605F077FCB44207D00028EE
:103F70003FF427AF07222146304605F0C1FB05A8D4
:103F8000FDF796FD2E4BBDF8141093F965304FF4F4
:103F90007A72002B02FB0011CCBF2A4A2A4A2B4816
:103FA0001BF022FD0DE70E2B05DC6FF010059D4286
:103FB000B8BF1D46C2E70E26354605A8FDF778FDB9
:103FC000BDF814104FF47A7303FB001194F9040048
:103FD00094F90630401B002BA3EB0000CCBF194A1C
:103FE000194A0028CCBF174D174DCDE9005018488D
:103FF0001BF0FAFCA5E716263546DEE705A8FDF717
:1040000057FDBDF814404FF47A7101FB00412B4677
:104010008E2209481BF0E8FC1BE700BFF4160020C5
:1040200024600308D80D002068600308C85F0308F7
:10403000C06003086C5F03080C5F03085B17002077
:10404000FC160020685F0308B04E03087461030883
:104050001861030830B583B00546012317480DF1F8
:104060000502152116F0B2FF0446A0B9144A9DF8C6
:10407000053012685B425B1042B96FF07F029342D9
:10408000B8BF134620462B7003B030BD0D4A92F9DD
:104090005E209B1AF1E70DF10600FDF709FDBDF862
:1040A000063001464FF47A75224605FB0131064879
:1040B0001BF09AFC0424204603B030BDD80D00202C
:1040C000F8160020FC160020AC6103082DE9F0432F
:1040D0000C464FF4827183B021803E496073D1F861
:1040E0005A109146984649B1B1F5807F70D063D897
:1040F000012903D0102914BFFF210221364BA173DF
:104100001B68E373FFF7AAFD102105462046FEF762
:1041100085FB0746064600283BD1618821BBEFF3AB
:10412000108472B601A8FDF707FE01992B4BA0EB96
:104130000900A1EB080103FB00114FF47A7303FBA4
:1041400001F101F543616960254B5A68012122F0B4
:1041500001025A60D9604FF09043996284F310884D
:10416000304603B0BDE8F0831E48FEF757FB044617
:104170000028D4D001A8FDF79BFCBDF8043001460F
:104180004FF47A75224605FB013117481BF02CFCD1
:104190000DE001A8FDF78CFCBDF8043001464FF49A
:1041A0007A7412483A4604FB01311BF01DFC0426C8
:1041B000304603B0BDE8F08340F20113994205D0C8
:1041C000B1F5887F14BFFF21062197E7052195E708
:1041D000042193E7FC160020F416002040420F0053
:1041E00000080058EC15002048620308F461030839
:1041F0002DE9F041564D574EDFF85C8188B005AF90
:1042000070684FF0FF33002201A918F035FF044613
:10421000002857D10199002947D0029A002A44D09A
:1042200040F60403C7E90000B860ADF81030531C35
:10423000ADF81230494819232B7005F061FA039B41
:10424000002B5CD1EFF3108372B6D8F8001083F323
:104250001088002957D0EFF3108372B6B16883F34A
:10426000108831B94FF0FF32022018F059FB041EBC
:104270005FDBEFF3108472B610210DEB0100FEF747
:10428000CDFA68BBBDF812103148FEF7C7FA38BB4B
:10429000334B5A68012122F001025A60D9604FF075
:1042A0009043996284F31088AAE704A8FDF700FC04
:1042B000BDF810304FF47A7101FB003129481BF032
:1042C00093FB9DE704A8FDF7F3FBBDF810304FF416
:1042D0007A7101FB0031224623481BF085FB8FE7F2
:1042E0000DF10200FDF7E4FBBDF802304FF47A71E6
:1042F00001FB003104221D481BF076FBD2E7019838
:104300001BF06EF99EE74FF0FF32012018F008FB1A
:10431000041EA0DA0DF10200FDF7CAFBBDF8023061
:104320004FF47A7101FB0031224611481BF05CFB0F
:1043300066E70DF10200FDF7BBFBBDF802304FF45C
:104340007A7101FB003122460A481BF04DFB57E70A
:10435000981400209C150020F816002099140020C5
:10436000000800588C630308D46303084C630308F7
:104370009C620308F462030870B54FF0B0446420F7
:10438000D4F8943043F40043C4F89430FDF764FE4D
:10439000D4F8943023F40043C4F89430FDF796FA2F
:1043A000054613F07FFBD4F894305C0419D52D4BEF
:1043B0001B681A2202FB03F31B0D0526B6FBF0F661
:1043C00006FB03F4FDF782FA401B86424FF0B04330
:1043D0003BD9002C39D0D3F89430590404F1FF3480
:1043E000F0D4214CD4F8903023F40043C4F890303A
:1043F000FDF76CFA054613F055FB63699A0726D55D
:10440000184B1B681A2202FB03F31B0D0A26B6FB8E
:10441000F0F606FB03F4FDF759FA431B9E42124ADD
:104420000CD95CB153699B0704F1FF34F3D4D2F883
:10443000903043F40043C2F890300EE00A4AD2F8BC
:10444000903043F40043C2F89030082070BDD4F897
:10445000903043F40043C4F89030044B00201871AE
:1044600070BD00BFD409002000040058D80D002002
:1044700010B5194BB3F85520082322FA03F0002198
:10448000D2B260F3070162F30F2184B060F31741E9
:1044900062F31F6100240291104803940DEB0302A4
:1044A000194616F08BFE044610B9204604B010BD24
:1044B0000DF10600FDF7FCFABDF806C04FF47A7165
:1044C000234601FB00C1082205481BF08DFA042495
:1044D000204604B010BD00BFFC160020D80D0020FF
:1044E0000C5F0308F0B5012883B032D002280446DF
:1044F0002BD101252F46FCF7CFFEF0B100238DF81C
:1045000005303C4801230DF1050240F6231116F059
:1045100011FD064600284AD19DF80530354823F0A4
:1045200006031C430DF10502012340F623118DF80B
:10453000054016F0B7FC0446B8B93846FCF7A6FEAD
:104540000446002845D103B0F0BD002502242F46C3
:10455000D1E7294B93F861301BB9032502242F467C
:10456000C9E7022504242F46C5E70DF106073846A2
:10457000FDF79EFABDF806304FF47A7101FB003169
:1045800040F623121D4823461BF02EFA3846FDF74D
:104590008FFABDF8063001464FF47A74042204FB0A
:1045A000013117481BF020FA042003B0F0BD0DF1D3
:1045B00006073846FDF77CFABDF806304FF47A71ED
:1045C00001FB003140F6231233460E481BF00CFA73
:1045D000DCE70DF106073846FDF76AFA2246BDF81A
:1045E00006404FF47A7101FB00412B4606481BF050
:1045F000FBF9CBE7D80D0020FC160020686003080B
:1046000090640308C06003082C6403082DE9F0419E
:104610005E4B93F8613082B00746002B43D10325EF
:104620000226A846FCF738FEF8B100238DF80230C8
:10463000574801230DF1020240F6231116F07AFCCF
:104640000446002856D19DF80230514823F0060355
:1046500033438DF802300DF10202012340F623119D
:1046600016F020FC044600286CD14046FCF70EFEF4
:104670000446002878D1474E042333600DEB03082D
:10468000ADF804008DF8060003234148424683211B
:1046900016F094FD054650B97B1E033349D92846D0
:1046A00002B0BDE8F08102250426A846BAE70DF164
:1046B0000200FDF7FDF9BDF802204FF47A7101FB0D
:1046C00000212B46344883221BF08EF9346040468B
:1046D000FDF7EEF9BDF8043001464FF47A74042278
:1046E00004FB01312D481BF07FF90425284602B058
:1046F000BDE8F0810DF104084046FDF7D9F9BDF899
:1047000004304FF47A7101FB003140F62312244843
:1047100023461BF069F94046FDF7CAF9BDF804309D
:104720004FF47A7101FB003104221E481BF05CF942
:10473000CDE71D4807F110022B461BF0A7FC00280F
:10474000ADD0C4E70DF104084046FDF7B1F9BDF85E
:1047500004304FF47A7101FB003140F623122346F6
:1047600012481BF041F9D6E70DF104084046FDF769
:104770009FF92246BDF804404FF47A7101FB0041D5
:104780002B460B481BF030F9C5E700BFFC16002094
:10479000D80D0020F41600200C5F0308D464030831
:1047A000C060030890640308C8150020686003080F
:1047B0002C640308F0B5384C236887B0033B002213
:1047C000012B8DF8032001D907B0F0BDEFF310875E
:1047D00072B601A8FDF7B0FA0646322013F08AFE41
:1047E000054618B187F3108807B0F0BD322013F0EA
:1047F0003BFE87F31088294FADF80A50D7F85A309E
:10480000B3F5803F0AD10120FFF7ACFA58B100237D
:104810002360322013F01AFE07B0F0BD0DF1030043
:10482000FFF718FCEFE7FFF75DFE01222368226027
:10483000032B06D00620019B324602A9FFF746FC57
:10484000E7E7D7F85A30B3F5803F20D0144C2378EF
:10485000012BDED1FFF70CFE0028DAD1D7F85A2061
:10486000102A11D12278012AD3D19DF90330A7F85B
:104870005A0013F1500FA7F85C200ADB094A8DF8A3
:104880001130D3700820D6E7B2F5803FC1D10720A0
:10489000D1E7FFF7BBFEBCE7F4160020FC160020B2
:1048A000F0160020E41500202DE9F047C44D2B78C8
:1048B000834286B000F0B680C24B1B68002B00F02C
:1048C0000B810128044600F0C480022800F0168104
:1048D000002840F0AC800226BB4F344603AD28468A
:1048E000FDF7E6F8BDF80C504FF47A7101FB00516A
:1048F00033463A46B5481BF077F8204606B0BDE887
:10490000F0870DF10707B24801233A4640F68901C6
:1049100016F010FB0446002840F0D1829DF80730C5
:10492000AB48B9F1060F0CBF03F0FB0343F00403DF
:104930008DF807303A46012340F6890116F0B2FAA5
:104940000446002840F0CB8296F84B10B6F847009A
:10495000003918BF0121224661F30702010A61F301
:10496000070496F8491060F30F2461F3174496F892
:104970004C109748003918BF012161F30F22ADF8A0
:10498000102096F84A20062362F31F648C212A46E1
:10499000039416F013FC0446002840F026828C484D
:1049A00001233A4640F2367116F0C4FA0446002854
:1049B00040F0A58296F84C209DF80730002A00F0C0
:1049C0006C8203F0FB038DF80730814801233A46DF
:1049D00040F2367116F066FA0446002840F09F82D5
:1049E00096F83E108DF80710794801233A46A02129
:1049F00016F0E4FB0446002840F0A1829DF8071061
:104A00003F2900F28981734E2846FDF751F8BDF821
:104A10000C3001464FF47A746F48324604FB013182
:104A20001AF0E2FF0024204606B0BDE8F08703AD8F
:104A30002846FDF73DF8BDF80C30684F4FF47A7109
:104A4000224601FB0031052665481AF0CDFF3446A9
:104A500045E700220DF1080803468DF808205C4860
:104A600042468A2116F0AAFB0746002840F09480AF
:104A70005C4E2C700F22082386F8552003AD4FF0B2
:104A80000F2286F856000490039251482A46194690
:104A900016F094FB0746002840F0F980777B0390DE
:104AA000082F686000F2A6803A46711D284604F07F
:104AB00027FE474808232A464FF4D86116F0F2F93A
:104AC0000746002840F01881B269002A40F044816E
:104AD00002263446444F02E703A8FCF7E9FFBDF87D
:104AE0000C3002464FF47A7101FB02313F481AF054
:104AF0007BFF0B24204606B0BDE8F0870DF10808C7
:104B0000012333488DF8083042468A2116F056FBBF
:104B10000746002840F0D980324E2C7067220823C7
:104B200086F8552003AD4FF0672286F856000490B2
:104B3000039227482A46194616F040FB07460028EC
:104B400040F0B480B38F22485BBAADF808304246DB
:104B500023464FF4E86116F0A5F9074600285BD11B
:104B600096F8459096F844A0B9F1040F00F0BD8086
:104B7000B9F1050F04D1AAF10C07B7FA87F77F093D
:104B800096F84620531E062B00F21A82DFE803F047
:104B900057587D7B57587B0003AD2846FCF788FFAC
:104BA000BDF80C304FF47A7101FB00318A221048B5
:104BB0003B461AF019FF04260B4F34468FE600BF20
:104BC000F0160020F816002020650308F0660308A0
:104BD000D80D002018650308B46603082C65030887
:104BE00058660308FC1600201465030834650308A2
:104BF0000C5F03084046FCF75BFFBDF808304FF43C
:104C00007A7101FB00313A46D448D54F0823062675
:104C10001AF0EAFE344662E62846FCF749FFBDF882
:104C20000C304FF47A7101FB00314FF4E862CD484B
:104C30003B461AF0D9FE0426CB4F34464FE60124FA
:104C400000236AF3070369F30F2364F3174367F341
:104C50001F630393C54804232A468B2116F0AEFA3E
:104C6000044600283FF44DAE4046FCF721FFBDF856
:104C700008304FF47A7101FB00318B222346BC4887
:104C80001AF0B2FED7E70424DAE71446D8E7404624
:104C9000FCF70EFFBDF808304FF47A7101FB0031CC
:104CA00008223B46B2481AF09FFE84E74046FCF7D4
:104CB000FFFEBDF808304FF47A7101FB0031082285
:104CC0003B46AB481AF090FEB5E703AD2846FCF72B
:104CD000EFFEBDF80C304FF47A7101FB00318A22EF
:104CE0003B46A3481AF080FEA5E7AAF10B07012F67
:104CF0008CBF0027012743E74046FCF7D9FEBDF8EB
:104D000008304FF47A7101FB00314FF4D8623B4612
:104D100094481AF069FE4EE701F0F80101318DF870
:104D2000081092480123424640F2067116F0BAF884
:104D3000044600283FF467AE2846FCF7B9FEBDF8EC
:104D40000C304FF47A7101FB003140F206722346B9
:104D500084481AF049FE6EE7F369DFF818C2ACFB2D
:104D600003E143F60950090B00FB11339B0303F6E3
:104D7000427396F82100ACFB03C3890301EB1333A4
:104D80007D49B1FBF2F2394660F30701100C60F384
:104D90000707180C60F30F21100A60F30F2762F366
:104DA000174796F82020714862F31F671A0A62F3CA
:104DB000174163F31F61049108232A468B2103974F
:104DC00016F0FCF90746F8B14046FCF771FEBDF855
:104DD00008304FF47A7101FB00318B2264483B4666
:104DE0001AF002FE0426344674E64046FCF760FEE4
:104DF000BDF808304FF47A7101FB00318C22234654
:104E00005B481AF0F1FD16E70DF1070723465748F6
:104E10003A4640F6890116F08DF80446002840F025
:104E2000BF809DF80730514843F004038DF80730E8
:104E30003A46012340F6890116F034F8044600286A
:104E400040F09E80728C012A25D9013AD100C2F32C
:104E5000471401F0F801002296F82430434864F327
:104E6000070261F30F2263F3174296F8253096F894
:104E70002A108DF81410DB0063F31F620392D6F83A
:104E80002620049209232A468C2116F097F904461D
:104E900030B9334EB8E50146DDE743F0040392E54F
:104EA0004046FCF705FEBDF808304FF47A7101FB6F
:104EB00000318C2223462E481AF096FD7BE64046B0
:104EC000FCF7F6FDBDF808304FF47A7101FB0031B4
:104ED00040F68902234629481AF086FDABE6404693
:104EE000FCF7E6FDBDF808304FF47A7101FB0031A4
:104EF00040F6890223461B481AF076FD9BE64046A1
:104F0000FCF7D6FDBDF808304FF47A7101FB003193
:104F100040F23672234619481AF066FD8BE6404689
:104F2000FCF7C6FDBDF808304FF47A7101FB003183
:104F300040F2367223460B481AF056FD7BE62846AF
:104F4000FCF7B6FDBDF80C304FF47A7101FB00316F
:104F5000A022234606481AF047FD6CE608660308BF
:104F6000146503086860030818650308D80D00205D
:104F70000C5F030883DE1B430000093DC06003088B
:104F80004046FCF795FDBDF808304FF47A7101FBFF
:104F9000003140F68902234611481AF025FD21E729
:104FA0004046FCF785FDBDF808304FF47A7101FBEF
:104FB000003140F6890223460A481AF015FD11E730
:104FC0002846FCF775FDBDF80C3096F846204FF4E6
:104FD0007A7101FB003104481AF006FD00242FE627
:104FE00068600308C06003088865030800B585B0E1
:104FF000002340F2011240F2044C10216846CDF823
:105000000230CDF80630CDF80A30ADF80E30ADF8EC
:1050100000C0ADF80420ADF80820FDF7FFFB003814
:1050200018BF0120800005B000BD00BF2DE9F04190
:10503000C94E336884B0002B6CD0FCF7BBFB01ADCC
:1050400000218DF80410C54801232A46802116F05E
:10505000B5F80446002840F0F1800A20FCF7FCFF78
:10506000FCF71AF9002840F01F81BD4AD36923F4E8
:105070000043D361B9488DF8044001232A469621A4
:1050800016F09CF80446002840F07A81FCF702F9FB
:10509000002800F0FF814FF0B0431B689B0200F135
:1050A0008D8102A8FCF704FDBDF808104FF47A7753
:1050B00007FB0011AB481AF097FC42F22003ADF851
:1050C0000430A64802232A4640F6111115F0EAFEE4
:1050D0000446002840F02D827F218DF803109F4860
:1050E00001230DF10302892116F068F80446002817
:1050F00040F010820E218DF80410984801232A46B2
:1051000040F61F1115F0CEFE0446002840F01F8225
:1051100000233360302491488DF8024001230DF1C3
:105120000202932116F04AF8044690B102A8FCF757
:10513000BFFCBDF808504FF47A7101FB00512346C3
:10514000894893221AF050FC0424204604B0BDE89C
:10515000F081012601AD81488DF8046033462A466E
:10516000802116F02BF80446002840F082800A20A7
:10517000FCF772FF7948ADF8044002232A468F21DC
:1051800016F01CF80446002840F00981774F3B6870
:10519000DBB1DFF8DC81714898F85720002A0CBF9A
:1051A000942296228DF8042033462A4640F6AC011C
:1051B00015F078FE0446002840F03C8108F15F00BD
:1051C000FEF7F8FD04460028BFD1644802232A46B2
:1051D000172115F0FBFE0446002840F01C81ADF8B5
:1051E000040002235D482A46072115F0E7FF064622
:1051F0000446002840F0BB813B68CBB15C4B039078
:10520000B3F855205548130A63F30706D2B262F388
:105210000F2663F31746082362F31F6619460DEB4A
:105220000302029615F0CAFF0646002840F0AE8140
:10523000FCF72AF84F4B01221A6086E702A8FCF718
:1052400037FCBDF808104FF47A7505FB00112346B2
:10525000802245481AF0C8FB02A8FCF729FCBDF8DB
:1052600008300146042205FB013143481AF0BCFB1B
:105270006AE702A8FCF71CFCBDF808104FF47A7529
:1052800005FB00112346802237481AF0ADFB02A827
:10529000FCF70EFCBDF808300146042205FB013185
:1052A00036481AF0A1FB4FE72C4801230DF1030209
:1052B00040F6161115F03EFE0446002840F0CA8064
:1052C0009DF80310254841F040018DF8031001239B
:1052D0000DF1030240F6161115F0E4FD0446002816
:1052E00040F087801D4801232A4640F6161115F02C
:1052F00021FE0446002840F0AD809DF803209DF873
:1053000004309A4240F0F58000218DF804101348D3
:1053100001232A4640F6231115F00CFE044600280E
:1053200040F0A8809DF804100C4821F0060141F0DF
:1053300002018DF8041001232A4640F6231115F0CE
:10534000B1FD0446002840F0C480054AD36943F407
:1053500000430124D3618DE610080020D80D002001
:1053600000040058146803080C5F0308F8160020B6
:10537000FC160020F416002040670308606803084C
:1053800002A8FCF795FBBDF808504FF47A7101FBB9
:1053900000512346962285481AF026FBD4E602A83F
:1053A000FCF786FBBDF808504FF47A7101FB005101
:1053B00023468F227D481AF017FBC5E67C490291EF
:1053C0007C48042302AA972115F0F8FE0446002821
:1053D0003FF482AE2846FCF76BFBBDF804504FF457
:1053E0007A7101FB00512346972270481AF0FCFAAB
:1053F000AAE602A8FCF75CFBBDF808204FF47A711E
:1054000001FB002123466C4840F616121AF0ECFA14
:10541000FBF7DAFA78E702A8FCF74AFBBDF8083098
:1054200001464FF47A75224605FB013163481AF0B4
:10543000DBFA89E602A8FCF73BFBBDF808504FF405
:105440007A7101FB0051234640F6AC025A481AF02B
:10545000CBFA79E602A8FCF72BFBBDF808204FF445
:105460007A7101FB0021234640F6161254481AF0C7
:10547000BBFACDE702A8FCF71BFBBDF808504FF4C0
:105480007A7101FB0051234640F623124C481AF072
:10549000ABFA59E642F22001ADF804104548022368
:1054A0002A4640F6111115F0FDFC044600283FF491
:1054B00013AE02A8FCF7FCFABDF808504FF47A715D
:1054C00001FB0051234640F611123B481AF08CFABA
:1054D0003AE602A8FCF7ECFABDF808504FF47A71EE
:1054E00001FB0051234640F6231233481AF07CFAA0
:1054F0002AE602A8FCF7DCFABDF808309DF8032084
:105500004FF47A7101FB00319DF804302D481AF0F8
:105510006BFA7DE702A8FCF7CBFABDF808504FF410
:105520007A7101FB00512346892220481AF05CFA67
:105530000AE602A8FCF7BCFABDF8081040F6111202
:1055400007FB001123461C481AF04EFAFCE502A89E
:10555000FCF7AEFABDF808304FF47A7101FB003168
:1055600040F61F12234614481AF03EFAD0E502A86E
:10557000FCF79EFABDF808404FF47A7101FB004138
:105580003346072209481AF02FFADDE52846FCF7D2
:105590008FFABDF804404FF47A7101FB00413346A5
:1055A000082202481AF020FACEE500BF0C5F03087B
:1055B00006000001D80D002068600308AC610308F4
:1055C000C0600308A467030870B5364B82B00022A0
:1055D00032209A6012F048FF05254FF47A76FEF7E4
:1055E000CBFE0446082C0DF106001DD1FCF760FA35
:1055F000BDF80630014606FB01312B481AF0F4F9DC
:105600000A20FCF755FD013DE9D10DF10600FCF73C
:105610004FFABDF80610224606FB001123481AF087
:10562000E3F9204602B070BDEFF3108672B6204851
:105630006622002104F0D2F81E4B1F481F49204A61
:1056400000251D701F4B0560012015601D601E4A5E
:105650001E4B08601E4915600D601D60FFF7E6FCDB
:10566000044686F31088322012F068FF32202A4662
:10567000294612F0B1FE322012F0E8FE002CD0D004
:105680000DF10600FCF714FABDF806304FF47A71FC
:1056900001FB003122460F481AF0A6F9204602B05D
:1056A00070BD00BF9C150020C8680308846903080A
:1056B000FC160020F0160020F41600201008002030
:1056C000EC160020E4150020F8160020E815002054
:1056D000E0150020306903082DE9F0478AB048B38F
:1056E00042B306780446212E00F21485DFE816F056
:1056F00033004600460012053300270053033B03E6
:10570000410284019102D500FB00DB002203C700A7
:10571000A40081006B004800B4044D046A04D40363
:10572000BE03AB039D0310058F03F404E6040205DA
:10573000D8046F03022528460AB0BDE8F0874FF071
:10574000904301249C610520FCF786FC924BDC60B1
:105750005A6822435A60002528460AB0BDE8F087FF
:1057600006A8FCF7A5F9BDF81830627801464FF499
:105770007A758A4805FB01311AF036F90525DAE712
:10578000874B1B68002B40F0358506AF3846FCF789
:105790008FF9BDF8183002464FF47A71814801FB49
:1057A00002311AF021F90B2425463846FCF780F91E
:1057B000BDF818304FF47A7101FB003122467A4867
:1057C0001AF012F9B7E7794B1B78022B00F06D86BF
:1057D00006AF0B2425463846FCF76AF9BDF81830A9
:1057E0004FF47A7101FB0031224671481AF0FCF83F
:1057F000A1E76B4B1B68002B40F0548506AF384681
:10580000FCF756F9BDF8183002464FF47A71694832
:1058100001FB02311AF0E8F80B2425463846FCF764
:1058200047F9BDF818304FF47A7101FB0031224678
:1058300061481AF0D9F87EE7594B1B68002B40F0FD
:10584000878406AF3846FCF733F9BDF818300246B6
:105850004FF47A71594801FB02311AF0C5F80B2454
:1058600025463846FCF724F9BDF818304FF47A7114
:1058700001FB0031224652481AF0B6F85BE7484B6C
:105880001B68002B00F074874E4B427893F83E1053
:10589000914218BF83F83E205DE740780AB0BDE82A
:1058A000F047FFF701B83E4B1B68002B00F0CF8597
:1058B0000130FEF77FFA054600283FF44CAF06A8FA
:1058C000FCF7F6F894F90730BDF8181000954FF47E
:1058D0007A72002B02FB0011ACBF3B4A3B4A3C48AA
:1058E0001AF082F827E73B4ED0F8012033689A423D
:1058F00010463FF430AF38490968012940F03E8630
:10590000364DAB4200F28D873548834201F2D78194
:10591000344FBB4201F2D484DFF8CCC0634501F2BE
:10592000DA84DFF8C8C0634501F2EB86AA4201F2CF
:10593000C981824201F2E382BA4201F2E084052188
:10594000294B9A4201F2FA86284B9A4201F2FB86D1
:10595000052901F0CB8406AF3846FCF7A9F8BDF85D
:1059600018304FF47A7101FB0031052220481AF0FB
:105970003BF8022635463846FCF79AF8D4F8012061
:10598000BDF818404FF47A7101FB004133461948C5
:105990001AF02AF8CFE600BF000800580C70030880
:1059A000F8160020F472030850730308F016002064
:1059B000B0720308B4710308107203080871030879
:1059C00068710308FC160020685F0308B04E0308E6
:1059D000686F0308EC160020F4160020FFE8A435D9
:1059E0007FF8A9327F44E52DFF0A6B1B7F47A11981
:1059F000846E0308C46E0308C348D4F801701AF01B
:105A000033FA0024C14E3368022B00F09085BE4863
:105A10001AF02AFA3368BE4D012BAC6000F04486C0
:105A200033F0020300F0DF85FBF736FC00B3002300
:105A30008DF81430B748012305AA40F6231115F05C
:105A400079FA0446002841F0E0839DF81430B1480B
:105A500023F0060343F002038DF8143005AA012356
:105A600040F6231115F01EFA0446002841F09985EE
:105A70000020FBF70BFC0446002841F0E5834FF0C3
:105A8000010A0DF11408A3488DF814A053464246AC
:105A9000802115F093FB8146002841F092830A2073
:105AA000FCF7DAFAC6F800A004238DF81430994800
:105AB00042460123842115F081FB0446002841F071
:105AC000AF8002233360EFF3108972B6924E3046F6
:105AD0001AF050FA002841F0398489F310887B1EAF
:105AE000033301F2998441F64C539F420CD98B4BFE
:105AF0001B6A9847A7F5EA570C3F4FF47A79B7FB32
:105B0000F9F7874281F0E3850023AB6006AF0022FE
:105B100015460023CDF81A30CDF81E30CDF82230CE
:105B2000ADF826304FF401710923ADF81810ADF827
:105B30001C30ADF81E20EFF3108472B610213846E9
:105B4000FCF76CFE002800F0F68284F310883846DB
:105B5000FBF7AEFFBDF818304FF47A7101FB00314E
:105B600004226F4819F040FF0420002D08BF0546AD
:105B7000E1E5D0F801206B4B9A420AD103F11953A9
:105B8000D0F8052003F5621303F605039A4201F0ED
:105B90007A8006AF3846FBF78BFFBDF81830D4F893
:105BA00001204FF47A7101FB00315F48D4F80530D1
:105BB00019F01AFF072215460023CDF81A30CDF848
:105BC0001E30CDF82230ADF826304FF40171082395
:105BD000ADF81810ADF81C30ADF81E20EFF31084AE
:105BE00072B610213846FCF719FE002800F0A38297
:105BF00084F310883846FBF75BFFBDF818304FF48C
:105C00007A7101FB00310422484819F0EDFE0420AE
:105C1000ABE73D481AF028F93C4E3D4A3368002175
:105C2000012B91603FD033F0020300F0B583FBF706
:105C300033FB00B300218DF814103648012305AA68
:105C400040F6231115F076F90446002841F0CE8085
:105C50009DF814102F4821F0060141F002018DF843
:105C60001410012305AA40F6231115F01BF9044670
:105C7000002841F0F8830020FBF708FB04460028C9
:105C800041F0D380012723488DF814703B4605AAC4
:105C9000802115F093FA0546002841F054800A202F
:105CA000FCF7DAF937600022154606AF0023CDF87D
:105CB0001A30CDF81E30CDF82230ADF826304FF432
:105CC00001710A23ADF81810ADF81C30ADF81E2094
:105CD000EFF3108472B610213846FCF79FFD0028C0
:105CE00000F0298284F310883846FBF7E1FEBDF806
:105CF00018304FF47A7101FB003104220C4819F07E
:105D000073FE042031E700BFC8150020F416002000
:105D10009C150020D80D0020B01500206CBF030892
:105D2000046C0308ABD5D627D46903084C6A030872
:105D3000646C0308B64B1B68002B00F0E8844378C2
:105D4000012B00F03C84022B7FF40AADB14D418859
:105D5000AB8F8B423FF4FFACAF4B1B78022B01F0B3
:105D60004282A987F7E4AA4B1B68002B40F08E8281
:105D700006AF3846FBF79CFEBDF818304FF47A7139
:105D800001FB0031A54819F02FFE6378002B40F08D
:105D9000BE850B25CFE48A427FF4DDAC682A0392EE
:105DA00001F0948006AF3846FBF782FEBDF818304C
:105DB000039A4FF47A7101FB00316823984819F077
:105DC00013FE6378002B41F042800625B3E406AF52
:105DD0003846FBF76DFEBDF8183002464FF47A7175
:105DE000904801FB023119F0FFFD3846FBF760FED9
:105DF000BDF8183002464FF47A718B4801FB02312E
:105E000019F0F2FD0A2528460AB0BDE8F08706A879
:105E1000FBF74EFEBDF8183002464FF47A7101FBD5
:105E20000231824819F0E0FDECE706A8FBF740FEDE
:105E3000BDF8183002464FF47A7101FB02317C48FC
:105E400019F0D2FDDEE78A427FF485ACEFF31081D2
:105E500072B6784BD3E9035281F31088002D3FF4DA
:105E60007AACB0F801100330A84774E46A4B1E788E
:105E7000012E00F0FA8206AF0B2425463846FBF7C8
:105E800017FEBDF818304FF47A7101FB003122463D
:105E9000694819F0A9FD4EE45D4A1568002D00F02F
:105EA00045845D4B5B481B78D4F801500021A0F875
:105EB0005A10022B4FF00101A0F85C1000F0638330
:105EC000012B0CD1FF218DF814105C4805AA40F27B
:105ED000BB6114F0E7FF0446002840F04686FBF75C
:105EE000DBF900B300218DF814105448012305AAF2
:105EF00040F6231115F01EF80446002840F02486D1
:105F00009DF814104D4821F0060141F002018DF872
:105F10001410012305AA40F6231114F0C3FF044610
:105F2000002841F03D810120FBF7B0F9044600282C
:105F300040F0E885424E032333606A1C00F0488439
:105F400006AFADF818008DF81A003A463B4882219A
:105F500015F034F90446002840F04B846B1E0333DF
:105F600000F2448405F11002234636481AF08EF8F8
:105F7000354B1A68002840F00A861A68002A3FF458
:105F8000EAAB00221A60FFF7E6BB304E3368C91A4D
:105F9000CD1E3FF4E0ABDA1C0244D9B22748ABB2C5
:105FA00015F058F8002840F009873268B4F801303D
:105FB0002A449A4232607FF4CEAB254B30601A609F
:105FC000FFF7C9BB124B1B68002B00F09183124EE8
:105FD0003478012C00F09E84022C00F025851A4BA9
:105FE0001A680AB100221A600B24254606AF38460B
:105FF000FBF75EFD2246BDF8184033784FF47A7106
:1060000001FB0041134819F0EFFCFFF794BB00BF00
:10601000F8160020FC160020F0160020C06D0308C2
:10602000C46C0308EC76030838770308807703080C
:10603000AC7603089C15002068760308D80D002074
:10604000F4160020C8150020E0150020E8150020F7
:10605000E4150020F0740308C04B1B68002B40F0CF
:10606000DC8006AF3846FBF723FDBDF8183002464A
:106070004FF47A71BA4801FB023119F0B5FC0B24D8
:1060800025463846FBF714FDBDF818304FF47A71F9
:1060900001FB00312246B34819F0A6FCFFF74BBBC9
:1060A00006A8FBF705FDBDF8183002464FF47A71DB
:1060B00001FB0231AC4819F097FCA3E606A8FBF7F8
:1060C000F7FCBDF8183002464FF47A7101FB02313B
:1060D000A64819F089FC95E606A8FBF7E9FCBDF88F
:1060E000183002464FF47A7101FB0231A04819F0D2
:1060F0007BFC87E606A8FBF7DBFCBDF81830024600
:106100004FF47A7101FB02319A4819F06DFC79E67F
:1061100006AF6AE606A8FBF7CBFCBDF8183022787C
:106120004FF47A7101FB00316378934819F05CFCFD
:106130000325FFF700BB914B5A6822F001025A6019
:106140000122DA604FF090439A6284F310880CE5E4
:10615000451C03228A48294603F07EFB00283FF4B1
:10616000FAAAA67894F80190042E00F0FE86052E77
:1061700003BFA9F10C08B8FA88F84FEA58184FF095
:106180000008E3785A1E062A01F2A683DFE802F02F
:106190002C04052F2C042F00022306AF002269F3E4
:1061A000070266F30F2263F3174268F31F62069239
:1061B000744804233A468B2115F000F80446002861
:1061C00001F0528005A8FBF773FCBDF814304FF4C2
:1061D0007A7101FB00318B226B48234619F004FCD5
:1061E00004242546FFF73DBB012306AFD6E7042371
:1061F00006AFD3E7451C0A226448294603F02CFB6E
:1062000000283FF4A8AAD4F80130002B40F02887DA
:106210000224254606AFFFF7C8BA451C09225C4890
:10622000294603F019FB00283FF495AAB4F8013081
:10623000012B40F2D785013BD90001F0F801C3F3EF
:106240004713D4F805200792002263F30702E3788E
:106250004C4861F30F2263F317422379617A8DF87A
:106260002010DB0063F31F6206AF069209233A4653
:106270008C2114F0A3FF0446002841F08F8044488D
:106280000922294603F03CFAFFF765BAFEF7CEFE75
:1062900065780646002D40F0FF82002E18BF354677
:1062A000FFF749BA451C06223A48294603F0D4FABA
:1062B00000283FF450AAB4F80120E078110A002326
:1062C00061F30703617962F30F232279003960F3E8
:1062D000174318BF012162F31F634FF0000261F3FF
:1062E0000702A17906930B1E18BF012363F30F2247
:1062F00006AFADF81C20234806233A468C2114F043
:106300005DFF0646002840F01E860DF113081D486B
:106310000123424640F2367114F00CFE0646002876
:1063200041F01181A3799DF81310002B00F0F8873C
:1063300001F0FB018DF8131012480123424640F290
:10634000367114F0AFFD0446002841F01A8111485F
:106350000622294603F0D4F9FFF7FDB9F81600200C
:106360009C730308F8730308987803080C780308F3
:10637000C877030850780308E0780308000800583D
:1063800040170020D80D00200C5F030814170020D0
:106390001E17002043170020C54CD4F8903023F47A
:1063A0000043C4F89030FBF791FA054611F07AFBF0
:1063B00063699F0740F10582BE4B1B681A2202FBEE
:1063C00003F31B0D0527B7FBF0F707FB03F4FBF7FF
:1063D0007DFA421B9742B64B40F2E581002C00F05B
:1063E000E2815A69910704F1FF34F0D4D3F8902088
:1063F00042F40042C3F89020AF4BB04993F85730B5
:106400000025AB420CBF942296220D7108468DF8F0
:106410001420012305AA40F6AC0114F043FD044604
:1064200000283FF404AC06AF3846FBF741FBBDF84B
:1064300018204FF47A7101FB00212346A04840F652
:10644000AC0219F0D1FA3560042215462EE406A8F4
:10645000FBF72EFBBDF8183002464FF47A7101FBB2
:106460000231984819F0C0FA93E4974B1B68002B4F
:1064700000F09D834378002B40F08D838E4DA5F86E
:106480005A30A5F85C3006AF3846FBF711FBBDF873
:106490001830D5F85A204FF47A7101FB00310A24E4
:1064A0008A4819F0A1FA2546E8E4874B1B68002BBF
:1064B00000F0D9836378067A85786168C078002B0C
:1064C00040F0C0837C4AA2F85A30A2F85C30002326
:1064D000002266F3070265F30F2260F3174263F3AD
:1064E0001F62080C8DF81E1006AF090A06928DF87F
:1064F0001C008DF81D10714807233A46882114F0BE
:106500005DFE054600283FF416A905A8FBF7D0FA62
:10651000BDF814304FF47A7101FB003188222B460C
:106520006B48042519F060FA2C46FFF754B9EFF3D5
:10653000108572B6674E304619F01CFD002840F0F9
:10654000468385F310887B1E033300F2A38341F654
:106550004C539F420CD9604B604AA7F5EA570C3F59
:10656000A3FB0737136A9847BF09874280F0288743
:106570005B4B00229A6006AFFFF7C9BA0B2635467F
:1065800006AFFFF7F8B990F83E30002B3FF4A7AC08
:106590001268002A00F0D48390F8454090F8442017
:1065A0005049C2EBC402143A51F8222002FB03F313
:1065B0009D4200F22E87002D08BF1D468FE43E4D00
:1065C000827A6B7B9A4200F0DB84474B1B78012B6D
:1065D00000F09983661C4548711C03F091F8A37A7A
:1065E0006B73FFF7B8B8324CD4F8903023F4004303
:1065F000C4F89030FBF76AF9804611F053FA6369EA
:10660000990740F1EA812B4B1C681A2303FB04F421
:10661000240D4FF00509B9FBF0F909FB04F4FBF771
:1066200055F9A0EB08029145214B40F2C881002C9E
:1066300000F0C5815A69920704F1FF34EFD4D3F812
:10664000902042F40042C3F890201C4B4FF0000809
:1066500083F804801846184B93F8573043450CBF15
:10666000942396238DF8143005AA012340F6AC013B
:1066700014F018FC044600283FF4D6A906AF3846AB
:10668000FBF716FABDF818204FF47A7101FB0021D0
:1066900023460B4840F6AC0219F0A6F9C6F8008074
:1066A00004221546FFF735BA0DF11408FFF7FCB9BF
:1066B00000040058D4090020FC160020D80D00204A
:1066C000686003080C6F0308F8160020287603089A
:1066D0000C5F0308B0150020D34D62106CBF030897
:1066E0009C150020F8BF0308F016002001170020B9
:1066F00006A8FBF7DDF9BDF8183002464FF47A71B1
:1067000001FB0231B84819F06FF9FFF742BB06A848
:10671000FBF7CEF9BDF8183002464FF47A7101FB51
:106720000231B24819F060F9FFF733BB06AF3846C3
:10673000FBF7BEF9BDF818304FF47A7101FB003158
:10674000AB4819F051F9AB4B1A6802B11D600B242C
:1067500025463846FBF7ACF9BDF818304FF47A718E
:1067600001FB00312246A44819F03EF9FEF7E3BFD1
:1067700006A8FBF79DF9BDF818304FF47A7401466E
:1067800004FB01319D4819F02FF906A8FBF790F999
:10679000BDF8183001460B2204FB0131984819F06E
:1067A00023F9FFF7F6BA9749D1F890300020082274
:1067B00043F40043C1F890301546306006AFFFF750
:1067C00075BAD4F8903043F40043C4F8903013E61F
:1067D0004FF6FF7106AF8DF81A108B48ADF81850C0
:1067E0003A46822114F0EAFC044610B9814BFFF7C7
:1067F000C4BB05A8FBF75CF9BDF814204FF47A710F
:1068000001FB002123468222804819F0EDF8794BE4
:106810001A68002131600AB100221A60042425465A
:1068200097E7AA4240F2408206AF0DF11408784B78
:1068300098428CBF18201F208DF8140042467248E1
:10684000012340F2457114F02DFB0546002840F06D
:106850009784D4F801206F48A0FB02531B0B43F62A
:10686000095101FB1321890301F64271A0FB0101CB
:106870009A0302EB113212BA0692634804233A4695
:10688000862114F09BFC0546002840F0B385D4F81F
:1068900001303360FEF75FBF024606AF0023CDF83C
:1068A0001A30CDF81E30CDF82230ADF826304FF436
:1068B00001710723ADF81810ADF81C30ADF81E209B
:1068C000EFF3108472B610213846FBF7A7FF054698
:1068D00080B184F310883846FBF7EAF8BDF8183029
:1068E0004FF47A7101FB003104224B4819F07CF817
:1068F0000425D2E4494B5A6822F001025A60012271
:10690000DA604FF090439A6284F31088C5E40B225A
:106910001646C3E7424B93F86120D3F81090002A43
:1069200040F0098203254FF002082F46FAF7B4FC25
:1069300000B300238DF814303348012305AA40F634
:10694000231114F0F7FA0446002840F0EB859DF877
:1069500014302D4823F0060348EA03038DF8143061
:1069600005AA012340F6231114F09CFA04460028DE
:1069700040F0BF863846FAF789FC0446002840F00C
:106980005485284D04232B6006AFADF818008DF810
:106990001A0003231C483A46832114F00FFC80465A
:1069A000002840F0DD8309F1FF33033340F2D38642
:1069B000104B1A68002A7FF4E4AAFEF7CCBE1149F6
:1069C000D1F890300020082243F40043C1F8903001
:1069D0001546306006AFFFF79CB8D4F8903043F40A
:1069E0000043C4F8903030E6A4740308B46F030881
:1069F00040750308E01500208C7503085C700308DF
:106A0000B870030800040058D80D00200C5F03087C
:106A1000C0AFD23583DE1B43206E03080008005848
:106A2000FC160020F4160020D04B93F86120D3F818
:106A30003F80002A40F060824FF0030927464C4611
:106A4000FAF72AFCF8B100238DF81430C848012366
:106A500005AA40F6231114F06DFA0546002840F00F
:106A600082859DF81430C24823F006033B438DF81D
:106A7000143005AA012340F6231114F013FA054639
:106A8000002840F013862046FAF700FC0446002850
:106A900040F07185DFF8DC920423C9F8003006AFBE
:106AA000ADF818008DF81A000323B1483A46832147
:106AB00014F084FB0546002840F0368408F1FF33CB
:106AC00003333FF675AFAC4808F110022B4619F0BE
:106AD000DDFA00283FF46CAF3846FAF7E9FFBDF85D
:106AE00018304FF47A7101FB00310422A34818F0EA
:106AF0007BFFA34B1A680AB100221A6004242546C2
:106B0000FFF775BA06AF3846FAF7D2FFBDF818306E
:106B10004FF47A7101FB003122469A48012318F0A4
:106B200063FF3846FAF7C4FFBDF818304FF47A71A6
:106B300001FB00310422944818F056FF904B1A686C
:106B4000002A7FF469AE69E606AF3846FAF7B0FF6F
:106B5000BDF818304FF47A7101FB003140F6231272
:106B600023468A4818F040FFDBE706AF3846FAF7BD
:106B70009FFFBDF818304FF47A7101FB003140F2ED
:106B8000BB622346824818F02FFF7D4B1A68002A0B
:106B90003FF444AE40E6013BDBB2052B40F2FA8104
:106BA000724D0023A5F85A30A5F85C606BE406AF7F
:106BB0003846FAF77DFFBDF8183002464FF47A7177
:106BC00001FB0231734818F00FFFFFF755B930464B
:106BD00019F04AF9804685F3108800283FF4B3ACD9
:106BE00006AF384646F80C4CFAF762FFBDF818308D
:106BF00001464FF47A746848424604FB013118F0AC
:106C0000F3FE3846FAF754FFBDF818304FF47A71A6
:106C100001FB00310422614818F0E6FEFEF777BF61
:106C200006AF3846FAF744FFBDF818204FF47A71E2
:106C300001FB002123465A48842218F0D5FE002388
:106C400033602DE5013BDBB2052B40F25582474B0B
:106C500000210122A3F85A10A3F85C200524254640
:106C600006AFFEF7B8BD06AF3846FAF721FFBDF80C
:106C7000183002464FF47A7101FB0231494818F08E
:106C8000B3FEFEF7A6BDFEF79FFC06AF0546024623
:106C9000FEF792BF444B01229A600221186815F05A
:106CA000C3FD06AFFEF733BF404B9A4200F2278187
:106CB0003F4B9A4200F223830021FEF741BEAA42D5
:106CC00040F217834EF6E1120DF11408ADF81420CE
:106CD000274802234246982114F070FA8146002882
:106CE00040F01E8106AF3846FAF7E2FEBDF81830D4
:106CF000304A4FF47A7101FB00312F4818F074FECE
:106D0000D4F8010093E50023082ACDE9063300F208
:106D1000F883A11C06A802F0F3FC1548082306AA74
:106D20004FF4D86114F0BEF8661C0746002840F006
:106D3000F484A27A4FE402254FF004082F46F5E5CB
:106D40001546FFF7CCB806AF3846FAF7B1FEBDF8E6
:106D500018204FF47A7101FB00212B461048802245
:106D600018F042FE3460FFF76FBB00BFFC16002036
:106D7000D80D0020F4160020C8150020D4640308A4
:106D8000E01500202C64030890640308C060030829
:106D900068600308CC750308AC6A0308886B0308B5
:106DA0000C5F0308587203089C1500207FF8A93275
:106DB0007F44E52D6C7903083479030806A8FAF7B7
:106DC00077FEBDF8183032684FF47A7101FB00315C
:106DD000B4F80130D1480424009418F005FE0425CD
:106DE000FEF7A9BC00210B46FFF72BBA06AF3846C9
:106DF000FAF75EFEBDF818304FF47A7101FB0031EE
:106E000040F62312C648234618F0EEFD3846FAF73E
:106E10004FFEBDF818304FF47A7101FB00310422A7
:106E2000C04818F0E1FDFFF70FBB06AF3846FAF790
:106E30003FFEBDF818304FF47A7101FB0031224655
:106E40000023B94818F0D0FDE0E7002606AF002384
:106E5000CDF81A30CDF81E304FF40172CDF8223043
:106E6000ADF826300623ADF81820ADF81C30ADF88B
:106E70001E60EFF3108472B610213846FBF7CEFC8B
:106E80000546002800F03F8284F310883846FAF760
:106E90000FFEBDF818304FF47A7101FB0031042267
:106EA000A24818F0A1FD0425002E7EF48EAF3846CE
:106EB000FAF7FEFDBDF8183002464FF47A7101FB77
:106EC00002319B4818F090FDFEF735BCEFF31085BA
:106ED00072B69848A11C662202F012FC964A974BA3
:106EE00010680121196015F09FFC85F31088657802
:106EF000002DAAD106AFDAE7A1460427A0E5D723E3
:106F0000DB220D468DF814308DF815208C480223B5
:106F100005AA982114F052F98146002800F0268431
:106F200006AF3846FAF7C4FDBDF818204FF47A7161
:106F300001FB00214B468348982218F055FD04269A
:106F40003546FEF718BD05A8FAF7B2FDBDF81430B6
:106F50004FF47A7101FB00318C227A48334618F0E5
:106F600043FD04242546FEF759BCA9F10B08B8F1EE
:106F7000010F8CBF4FF000084FF00108FFF701B977
:106F8000811C681D02F068FC00283EF4E4ABA27A84
:106F9000FFF71BBB6C4A674D52F82330C5F85A30D7
:106FA000102B7FF470AAFAF777F900B300228DF85E
:106FB00014206348334605AA40F6231113F0BAFFA4
:106FC0000546002840F02D839DF814505C4825F0BC
:106FD000060545F00205334605AA40F623118DF853
:106FE000145013F05FFF0546002840F00084012094
:106FF000FAF74CF906AF0546002840F0F682082360
:107000004FF00422069207903A464D48194614F074
:10701000D5F80646002840F0DB83DFF830810323F3
:10702000C8F800308221ADF818008DF81A003A46F1
:10703000434814F0C3F80546002840F03584E26860
:10704000531E03333EF687AB414810322B4619F0EE
:107050001DF800283EF47FAB04242546FEF70EBF42
:10706000D4F805203B493C48B0FBF3F0A1FB026398
:107070001B0B43F6095606FB1322920302F64272DB
:10708000A1FB02129B03A17A647A03EB1233002264
:10709000060C61F30702002166F307011E0C66F37C
:1070A0000F22060A66F30F2160F3174164F31F6194
:1070B0000691190A61F3174263F31F6206AF079244
:1070C0001F4808233A468B2114F078F8044600281C
:1070D00000F0F68105A8FAF7EBFCBDF814304FF488
:1070E0007A7101FB00318B221648234618F07CFC94
:1070F00004242546FEF759BB184A52F823300D4A9E
:10710000012BC2F85A303FF4E3A9102B3FF4E0A959
:10711000002B7FF4A3ADFFF7DAB900BF407403087A
:10712000C0600308906403082C6403082C6D0308F6
:10713000886D0308FC1600209C150020F81600201E
:10714000D80D00200C5F0308CCBF0308F416002004
:10715000C815002083DE1B430000093DCCBF030897
:1071600005A8FAF7A5FCBDF814204FF47A7101FBCD
:1071700000214346C448832218F036FC2C60ABE45F
:107180003846FAF795FCBDF818204FF47A7101FBE8
:1071900000212B4640F24572BC4818F025FCCEE693
:1071A00006AF3846FAF784FCBDF818304FF47A7110
:1071B00001FB003140F623122346B44818F014FCBA
:1071C000AFE406AF3846FAF773FCBDF818204FF469
:1071D0007A7101FB00214B46AB48802218F004FC79
:1071E0003460FFF75DBA0A0A8DF814208DF8151087
:1071F000A74805AA4FF4E86113F054FE064600289C
:1072000040F020826188FEF7ACBD06AF3846FAF741
:107210004FFCBDF818304FF47A7101FB003140F695
:1072200023129C48234618F0DFFB3846FAF740FC4F
:10723000BDF818304FF47A7101FB003104229648F2
:1072400018F0D2FBFFF72CBA06AF3846FAF730FC3D
:10725000BDF818304FF47A7101FB0031224600234B
:107260008E4818F0C1FBE0E70DF1130888480123B0
:10727000424640F6890113F05DFE0446002840F0C6
:1072800004829DF813108248062E0CBF01F0FB010A
:1072900041F004018DF813100123424640F68901A4
:1072A00013F000FE0446002840F0ED827C480322E3
:1072B000294602F025FA7B4B01221A60FEF74BBAF1
:1072C000AA423FF6FFAC82423FF619AEBA420DD851
:1072D0000221FEF735BBAA423FF6F4AC82423FF6EC
:1072E0000EAEBA420BD8624540F2F08206AFFFF70D
:1072F000B2BA8242FAD86C4B9A427EF621ABC123D5
:10730000C5220225FEE5694B5A68012122F00102DF
:107310005A60D9604FF09043996284F31088C3E5B6
:1073200041F00401FFF706B805A8FAF7C1FBBDF864
:1073300014204FF47A7101FB00212B46524883221E
:1073400018F052FBC9F80040FFF7C6BB304618F0F2
:107350008BFD804689F3108800283EF4C0AB06AF51
:107360003846AC60FAF7A4FBBDF8183001464FF47C
:107370007A744F48424604FB013118F035FB384619
:10738000FAF796FBBDF818304FF47A7101FB003123
:107390000422484818F028FBFEF7B9BB05A8FAF705
:1073A00087FBBDF814304FF47A7101FB00318C2259
:1073B00023463548042418F017FB2546FEF761BE26
:1073C0003D48394618F0A0FD0446002840F0FA80F8
:1073D000394818F0D3FC394B0546002840F043816A
:1073E00001229A60022156F8140C15F01DFA06AF1E
:1073F000FEF78DBB05A8FAF75BFBBDF814204FF430
:107400007A7101FB00212B4686221F4818F0ECFA06
:1074100095E51D46FEF763BD0123AB600221286898
:1074200015F002FA06AFFEF772BB06AF3846FAF760
:107430003FFB2B462246BDF818404FF47A7101FB02
:107440000041164818F0D0FA3846FAF731FBBDF87B
:1074500018304FF47A7101FB003104220E4818F005
:10746000C3FAFFF739BB06AF3846FAF721FBBDF880
:1074700018304FF47A7101FB003140F62312234695
:10748000024818F0B1FAC1E40C5F03086860030811
:10749000D80D0020C0600308906403082C64030822
:1074A00040170020E01500207F44E52D000800581B
:1074B000AC6A0308C86B0308B01500209C150020B7
:1074C000D34801230DF1130240F6890113F032FD78
:1074D0000446002840F06C819DF81310CC4841F020
:1074E00004018DF8131001230DF1130240F68901F8
:1074F00013F0D8FC0446002840F04A81C5480A220F
:10750000D6E605A80392FAF7D3FABDF81440039A19
:107510004FF47A7101FB00410823BF4818F064FA68
:10752000FEF753BC06AF3846FAF7C2FA4FF47A7149
:107530002346BDF8182001FB002140F62312B7486E
:1075400018F052FA80E705A8FAF7B2FABDF814303D
:107550004FF47A7101FB003140F236723346AF4886
:1075600018F042FAFDE406AF3846FAF7A1FA4FF4F4
:107570007A712B46DDE706AF3846FAF799FA4B46A3
:1075800058E705A8FAF794FABDF814304FF47A7169
:1075900001FB003140F236722346A14818F024FA6C
:1075A000DFE406AF3846FAF783FABDF818304FF437
:1075B0007A7101FB003140F623122346984818F0F7
:1075C00013FA32E6974B06AF002238469A60FAF774
:1075D0006FFABDF818304FF47A7101FB0031224682
:1075E000914818F001FAFFF70CBB3846FAF760FA39
:1075F000BDF818304FF47A7101FB00312A468B48F0
:10760000012318F0F1F93846FAF752FABDF81830AC
:107610004FF47A7101FB00310422854818F0E4F937
:107620001AE506AF3846FAF743FABDF818304FF4BA
:107630007A7101FB003140F623122B46774818F08F
:10764000D3F9E0E706A8FAF733FABDF818404FF48B
:107650007A7101FB004133464FF4E862704818F03C
:10766000C3F9FFF7BCBB06AF38469C60FAF720FAB7
:10767000BDF8183001464FF47A742A4604FB0131F4
:107680006C4818F0B1F9FFF7BCBA05A8FAF710FA80
:10769000BDF814304FF47A7101FB003140F68902D5
:1076A00023465E4818F0A0F9FEF79ABD06AF3846AB
:1076B000FAF7FEF94FF47A712B46BDF8182001FB5A
:1076C000002140F62312564818F08EF9BCE65A48BD
:1076D000394618F019FC0446002840F0C580564889
:1076E00018F04CFB8046002840F0B0800123AB60CE
:1076F00078E606AF3846FAF7DBF94FF47A7123469D
:10770000DBE7AA423FF6DEAA82423FF6F8ABBA4276
:107710003FF6F5AD0421FEF713B905A8FAF7C8F94D
:10772000BDF814404FF47A7101FB00413B464FF421
:10773000D8623B4818F058F9FFF751BB75238122F6
:107740000325FFF7DFBB04293FF4D0AD6B236F2285
:107750000425FFF7D7BB394809F11002434618F05A
:1077600095FC00283FF424A9FFF7B6B906AF3846C8
:10777000FAF79EF9324B53F82520BDF818304FF434
:107780007A7101FB00312F4818F02EF9FFF761B82C
:1077900005A8FAF78DF9BDF814304FF47A7101FBA2
:1077A000003140F6890223461D4818F01DF99FE478
:1077B00005A8FAF77DF9BDF814304FF47A7101FB92
:1077C000003140F689022346144818F00DF98FE481
:1077D00005A8FAF76DF9BDF814304FF47A7101FB82
:1077E000003108223346184818F0FEF834E406AF9A
:1077F0003846FAF75DF9BDF818304FF47A7101FB9D
:10780000003140F623122B46054818F0EDF8FAE651
:10781000D80D00201417002008660308C060030874
:10782000686003089C150020F46A03082C640308B0
:1078300090640308406B0308B0150020C8150020B1
:10784000E4BF0308347903080C5F030806AF384629
:10785000AC60FAF72DF9BDF81810424609FB00118B
:10786000264818F0C1F88AE506AF00233846AB6019
:10787000FAF71EF9BDF81810224609FB001120483E
:1078800018F0B2F87BE505A8FAF712F9BDF8143044
:107890004FF47A7101FB003140F689022346194802
:1078A00018F0A2F8FEF79CBC05A8FAF701F9BDF89C
:1078B00014204FF47A7101FB00212B4612488222DA
:1078C00018F092F8C8F80060FFF7C6BB0F4B9A4259
:1078D0003FF63CAFFEF73FB806AF3846FAF7E8F898
:1078E000BDF81830E2784FF47A7101FB0031084896
:1078F00018F07AF80023FEF751BC00BF406B030874
:10790000F46A0308686003080C5F03087F47A11945
:10791000886503082DE9F04F93B005460E46BE4832
:1079200002230AAA122113F051FB30B1022810D011
:107930000424204613B0BDE8F08F0223B648BDF8FA
:1079400028800AAA194613F039FC044630B10228EF
:10795000EED10C24204613B0BDE8F08FAF4F32209B
:1079600010F0ECFD3B68ADF83A40013B012B5DD9CE
:1079700098FA98F818F0010F1FFA88FB5FD11BF0F6
:10798000080F00F09D80DFF8989299F80030012BE5
:1079900000F0BF803BF0080A48D01BF004080BD071
:1079A000DFF87C9299F80030012B00F08B803AF0E0
:1079B000040A3BD04FF000081BF0800F00F09480C9
:1079C000DFF85C9299F80030022B17D00B26344672
:1079D0000EAD2846FAF76CF899F80030BDF838502B
:1079E00001933B680093014632464FF47A765B463A
:1079F00006FB01518B4817F0F7FF9AE72AF4C07A8B
:107A0000BAF1000F0FD00CAB02931846FAF750F8FA
:107A1000BDF830204FF47A7101FB002153468248B3
:107A20005A4617F0E1FFB8F1000F3BD10022114692
:107A3000322010F0D1FC322010F008FD79E74FF031
:107A40000108C7F80080F9F727FCF8B172488DF8F3
:107A50002C4043460BAA40F6231113F06BFA8146E3
:107A6000002840F007819DF82C106B4821F006019A
:107A700041F0020143468DF82C100BAA40F6231169
:107A800013F010FA8046002840F0D0810020F9F76A
:107A9000FDFB8046002840F0CF803BF0010A4FF00C
:107AA0000108B0D12A460EAD334640462946FCF7C0
:107AB0000DFB0028BAD0DFF868910426344688E729
:107AC000DA466AE7594B0393D3F85A30102B00F08B
:107AD000D381B3F5803F40F06C813AF0040AA5D021
:107AE0001BF080087FF472AF1BF0400F06D03AF015
:107AF000420A40F085814FF00508D3E71BF02003D0
:107B0000039300F0C9803AF0200A4FF00A08C9D068
:107B100079E7EFF31083059372B61BF0020F40F084
:107B200025814249039191F825304A8C1A4491F8F5
:107B30002730A3F101030846B3FA83F35B0991F8F8
:107B4000261002EBC30290F82830002918BF013339
:107B500090F8291006295CD8DFE801F0595B045B36
:107B6000595B040002210B4402EBC302039B996999
:107B70004FF47A704B1E0DF12C0C00FB02334FF4C6
:107B8000FA62B3FBF1F3604602FB03FACDF810C0D2
:107B9000CDF80CA0FAF7D0F80CABCDE9064580463D
:107BA00002931C4607E09DF82720012A00F20B8271
:107BB0009A45C0F0318201230DF1270240F60301FE
:107BC000154813F0B7F905462046FAF7B5F8DDE990
:107BD0000B239B1A164AA0EB080002FB0033002D72
:107BE000E1D00298F9F764FFBDF830204FF47A71C4
:107BF00001FB00212B460F4840F6030217F0F4FE6C
:107C00000424059B83F3108826460EADE1E601218E
:107C1000A9E70021A7E700BFD80D0020F416002037
:107C2000F0160020FC7B0308987B0308FC1600205C
:107C300040420F00C06003080CAB18460293F9F7EE
:107C400037FFBDF830304FF47A7101FB0031424606
:107C50007F48002317F0C8FE0298F9F729FFBDF806
:107C600030304FF47A7101FB00310422794817F06B
:107C7000BBFE12E70CAB18460293F9F719FFBDF8EB
:107C800030204FF47A7101FB00214B4640F623125D
:107C9000714817F0A9FEDFE71BF0020F00F0B38078
:107CA0004FF00109C7F80090F9F7F6FA00B3039B0B
:107CB0008DF82C3069484B460BAA40F6231113F07F
:107CC00039F98046002840F032829DF82C10634834
:107CD00021F0060141F002018DF82C104B460BAA51
:107CE00040F6231113F0DEF88046002840F013839D
:107CF0000020F9F7CBFA8046002840F06982DFF8CF
:107D0000609199F80080B8F1010F00F0B681B8F1E8
:107D1000020F40F094810BAB1A4604934F48434640
:107D2000132113F053F98146002840F062829DF838
:107D30002D009DF82C3003934FF0030984460398DF
:107D4000049A02231321002840F00083B9F10109AD
:107D500000F0D081414813F039F9002840F08D82BD
:107D60009DF82C309DF82DC00393E8E73D4A3B4831
:107D70000223214613F0B0F98046002840F011811B
:107D8000394A937802338DF82C30384BC2F80330DF
:107D9000059B83F310881BF0040F2BF0080A3FF4B7
:107DA0000BAE99F80030012B3FF48CAE2BF00C0A8F
:107DB00002E60CAB4FF0000802931A46039BB3F89F
:107DC00055100023080A60F30703C9B261F30F23BB
:107DD00060F3174361F31F630C93002108230D9197
:107DE0001E48194613F0EAF9002840F017813AF0CE
:107DF000040A7FF4E1ADB8F1000F3FF417AE51E68D
:107E00004FF00508FFE50CA8F9F752FEBDF8303039
:107E10004FF47A7101FB0031524615485B4617F06A
:107E2000E3FDBAF1000F3FF4FEADECE50CAB1846F4
:107E30000293F9F73DFEBDF830204FF47A7101FB53
:107E40000021434640F623120A4817F0CDFD03E710
:107E50002C64030890640308C0600308D80D002058
:107E6000F0160020ED150020EC150020FECABAAB7C
:107E7000247B030868600308C449C5480DF12C0C35
:107E800001230022A1F85A20A1F85C306246152196
:107E9000CDF810C013F09AF88046002840F0DE803C
:107EA000BC4B1A689DF82C305B425B101AB10399E9
:107EB00091F95E209B1A6FF07F029342B8BF134680
:107EC000B54AB6485BB28DF84130D37017F0CCFF9D
:107ED0003B68B34A0021012B916040D033F002038C
:107EE00000F09981F9F7D8F900B300238DF82C3010
:107EF000A748049A012340F6231113F01BF880468B
:107F0000002840F074849DF82C30A148049A23F096
:107F1000060343F002038DF82C3040F623110123B1
:107F200012F0C0FF8046002840F04F840020F9F78F
:107F3000ADF90590002840F018844FF001089448EE
:107F4000049A8DF82C804346802113F037F90028DD
:107F500040F029840A20FAF77FF8C7F80080039BD5
:107F60008B48B3F855200023110A61F30703D2B2FE
:107F700062F30F2361F3174362F31F630C930CAB9F
:107F800019460293002208230D920A46194613F05F
:107F900015F98046002840F06B81029A4FF00808DE
:107FA0000CE70CAB02930298F9F782FDBDF8302084
:107FB0004FF47A7101FB002143467A48022217F000
:107FC00013FD04241DE61A46039B069C9342AA4611
:107FD000079D21D3744A6E485146022313F07CF862
:107FE00080460028DFD1DFF8C481049A98F8023077
:107FF000674802338DF82C3040F2BB61012312F048
:1080000051FF8246002840F0B180694BC8F8033028
:10801000059B83F31088BDE40824F2E502900BA8C9
:10802000F9F746FD029BBDF82C204FF47A7101FB55
:1080300000216048082217F0D7FC0EAD3DE50CA8E2
:10804000F9F736FDBDF8303099F800204FF47A7119
:1080500001FB0031584817F0C7FCB7E40CA8F9F74A
:1080600027FDBDF830304FF47A7101FB00314246F4
:10807000524817F0B9FC0EAD1FE54C4A4C4B114667
:10808000D2F803209A4246D10A46497892F80290E3
:1080900005910023C2F803300B09029340F04D8193
:1080A000B9F1040F37D90BAB1A46049338480223B1
:1080B000132112F08BFF8046002840F0BB829DF810
:1080C0002CC09DF82D004FF00308049A02231321C1
:1080D000BCF1000F40F01082B8F101081BD02C4811
:1080E00012F074FF002840F0DC819DF82CC09DF850
:1080F0002D00EAE70CAB4FF0060802930298F9F75F
:10810000D7FCBDF830304FF47A7101FB00314246A4
:108110002B4817F069FC204B00212AF0020A196055
:108120004FF00508BAF1000F3FF4BCAC6BE40CABA8
:1081300018460293F9F7BCFCBDF830204FF47A7171
:1081400001FB002143461F4840F6231217F04CFC68
:108150000298F9F7ADFCBDF830304FF47A7101FBAD
:1081600000310422184817F03FFCC8E50298F9F7DF
:108170009FFCBDF830204FF47A7101FB002153467B
:1081800040F2BB62114817F02FFC1AE7FC160020E2
:10819000D80D0020F8160020E4150020C815002096
:1081A0009C15002078790308ED150020EC150020BF
:1081B000FECABAAB0C5F0308C87A0308AC610308B7
:1081C000D4790308C060030890640308686003085A
:1081D0000CAB18460293F9F76BFCBDF830304FF446
:1081E0007A7101FB003142460023B54817F0FCFBD1
:1081F000AEE70CAB18460293F9F75AFC4A46BDF8B5
:1082000030304FF47A7101FB0031AE4817F0ECFBCF
:108210004FF0040872E7AC4AD2F8903023F40043E0
:10822000C2F89030F9F752FB05900FF03BFCA74BDA
:10823000A54A1B68CDF808901A2101FB03F31B0D1A
:108240000521B1FBF0F101FB03F3A846B1460D4651
:1082500026461C46506910F0020026D0F9F736FB7E
:10826000059BC11A8D4210D97CB1974A013CF1E7B8
:108270000498F9F71DFC4346D5E60CAB039018466D
:108280000293F9F715FC039AB9E78F4ADDF80890D5
:10829000D2F8903043F40043C2F8903000233B60A2
:1082A000082426460EADFFF794BB894B1871D2F80F
:1082B000903043F4004334464E46DDF80890C2F84F
:1082C0009030039B049A93F85730002B14BF9623E9
:1082D00094238DF82C3045460123804640F6AC01AE
:1082E0007B4812F0DFFD034600283FF4FBAD0CA8ED
:1082F0000293F9F7DDFBBDF83020029B4FF47A7151
:1083000001FB0021734840F6AC0217F06DFBC7F883
:1083100000800424C5E70CAB18460293F9F7C8FBAC
:10832000BDF830204FF47A7101FB0021434640F63E
:108330002312684817F058FB0AE7029B012B7FF4D1
:10834000B2AEB9F1020F3FF6AEAEE4E6BDF80C9066
:10835000614A5F4861464B4612F0BEFE002840F07D
:108360008E800CAB1A46029359480323142112F055
:108370002DFE002857D19DF931209DF93030574806
:108380009DF93210023292105B42002A4FEA6303D9
:108390008DF84220B8BF9B180268C1F100014FEA76
:1083A0006101A8BF1BB21AB14D4A92F95E209B1A17
:1083B00002686FF07F008342B8BF03465BB2ADF83E
:1083C00040301AB1464B93F95E30C91A6FF07F0303
:1083D0009942B8BF19468DF84310049A3C480123CE
:1083E00040F26B7112F0A6FD002836D19DF82C30BA
:1083F000039A13F0100F3B4B1A603B4B09F1010934
:1084000008BF4FF001080321ADF83A902AF0020AA4
:108410008DF8448019704FF00208BAF1000F3FF454
:1084200041ABFFF7F0BA03900498F9F741FBBDF8B0
:108430002C10039A4FF47A7808FB0011214817F0AA
:10844000D3FA0298F9F734FBBDF83010042208FB88
:108450000011264817F0C8FA5DE603900023029841
:108460008DF84430F9F724FBBDF83030039A4FF40F
:108470007A7101FB00311E4817F0B6FA4BE60CABDF
:10848000049018460293F9F713FBBDF830C04FF47F
:108490007A7101FB00C1DDE90323164817F0A4FA45
:1084A000B6E602900CA8F9F703FB029ABDF830304B
:1084B0004FF47A7101FB0031024817F095FA2AE671
:1084C0002C640308AC61030800040058D4090020A0
:1084D000D80D002068600308ED150020F816002074
:1084E000FC160020E4150020EC150020247A030877
:1084F000707A03087879030809F1020363457FF471
:108500000AAE811CC34AC448C9B24B4612F0E4FD0E
:108510008046002840F01A81059B1B0700F1D4809B
:10852000029B002B00F08B80012B7FF4F4ADB9F19E
:10853000020C1BD0B949039A002341F2210011F823
:1085400001EF82EA0E224FF0080E12F4004F4FEABC
:10855000420816BF80EA42021FFA88F292B2BEF1C8
:10856000010EF2D101339C45E9D80392DDF80C806D
:108570000222A9EB020399B20391A849013AD20061
:1085800011FA83F328FA02F113F8010FC9B28842F5
:10859000A2F108027FF4BFAD12F1080FF2D10CABCB
:1085A0001A4602939C480323142112F00FFD8146C2
:1085B00000287BD19A489DF831209DF8323001681F
:1085C00052425B4252105B1019B1964991F95E100C
:1085D000521A01686FF07F008242B8BF02468DF8E0
:1085E000412019B18F4A92F95E209B1A8E49039A55
:1085F0000A606FF07F018B42B8BF0B468DF84030A8
:10860000864900238DF8423003230B70531C2AF057
:10861000020AADF83A30002A7FF4FDAE039BADF8B4
:108620003A30BAF1000F3FF466AA02984FF00508FD
:10863000FFF7ECB90CA8F9F73BFA424636E7B9F177
:10864000040825D0029B0C93B8F1030F22D9DFF860
:10865000C4E1C4464FF0FF33002290458ABF1EF8A4
:108660000210002109064B400821002B4FEA43036A
:1086700007DA83F0986383F48E3383F4DB7383F03B
:1086800001030139F1D101326245E6D16FEA0308F5
:1086900004226EE70CAB5F4902934246184601F094
:1086A0002FF8DDF808E04FF0040CD3E70498F9F751
:1086B000FFF9BDF82C304FF47A7101FB00314A46C6
:1086C0005A4817F091F926E5DFF85081014640F24B
:1086D000FF1C2CE042EA131C520842EA531250B22B
:1086E00043004FEAC00E03F010030EF0200E43EAE1
:1086F0000E0343EAC013400100F040000343C2F3FD
:10870000C0100343C2F3421000F002000343C2F35F
:10871000C40000F00400C2F3460202F00802034362
:10872000134318F8012F5340013188F800308CEAC8
:108730005C135B0103F4F07343EA1C1383EA5312E6
:108740005201894502F4F072C4D8E9E60CA8F9F7A1
:10875000AFF9BDF830C04FF47A7101FB00C1434658
:108760004A46334817F040F9D5E40CAB184602935B
:10877000F9F79EF9BDF83030059A4FF47A7101FB94
:1087800000312C48002317F02FF90298F9F790F9DF
:10879000BDF830304FF47A7101FB003104222648D5
:1087A00017F022F9B5E502900CA8F9F781F9BDF8A8
:1087B0003020029B4FF47A7101FB00211F48802278
:1087C00017F012F9059B3B60A3E50CAB184602932A
:1087D000F9F76EF9BDF830204FF47A7101FB0021F2
:1087E000434640F62312164817F0FEF8CDE70CABCF
:1087F00018460293F9F75CF9BDF830204FF47A710E
:1088000001FB0021434640F623120E4817F0ECF816
:10881000BBE700BFED150020D80D0020EC150020AF
:10882000F8160020FC160020E4150020AC610308B7
:10883000787903082C640308906403080C5F03082C
:1088400068600308C0600308EFF3108272B6034B40
:10885000C3E9030182F31088002070479C150020B3
:1088600000B109B90220704730B5154685B0EFF365
:10887000108272B60C4B1B6882F3108813B9092062
:1088800005B030BD094B044658680028F7D00023D6
:10889000CDE900411A466946029514F0A5FB00286F
:1088A0000CBF00200620EBE7F81600209C150020E6
:1088B00030B585B00022484B48480092114617F069
:1088C00023FA50BBFCF7B2FB044698B90094224649
:1088D0002146434B434817F017FA04460546002843
:1088E0005BD1414C62684AB3216800293ED02846DA
:1088F00005B030BD0DF10E00F9F7DAF8BDF80E3015
:1089000001464FF47A753948224605FB013117F0CC
:108910006BF80425284605B030BD04460DF10E0065
:10892000F9F7C6F8BDF80E3001464FF47A752246C5
:1089300005FB01312E4817F057F8C3E70C210A2038
:1089400014F002FB60600028CED10DF10E05284620
:10895000F9F7AEF8BDF80E3002464FF47A712548AB
:1089600001FB023117F040F80E2426E0224A23488A
:1089700013F0D2FE20600028B9D10DF10E05284673
:10898000F9F796F8BDF80E3002464FF47A7101FB04
:1089900002311B4817F028F8E6E70DF10E052846CE
:1089A000F9F786F8BDF80E304FF47A71224601FBD4
:1089B0000031144817F018F804242846F9F778F81D
:1089C000BDF80E3001464FF47A75224605FB0131A1
:1089D0000D4817F009F89CE7B5470108C8150020B5
:1089E000593D0108B01500209C150020306903088E
:1089F000587C0308E87C030858C00308F1410108CB
:108A00002C7D0308A47C0308747D0308D0F80500BE
:108A1000401A704770B50E4684B00446002838D01E
:108A20000B2936D945680C358D421DD1237A092B87
:108A300040D0304616F04EFD0390002845D0214628
:108A4000324600F05DFE334A0023106803A91A463F
:108A500014F0CAFA0446002848D12F4B02211868A6
:108A600014F000F804B070BD03A8F9F721F8BDF8C0
:108A70000C302A4A4FF47A7101FB003163682848B0
:108A80000C330093334616F0AFFF237A092BD0D175
:108A900010E003A8F9F70CF8BDF80C501F4A009637
:108AA0004FF47A7101FB005123461E4816F09CFFDB
:108AB00004B070BD184B0421186813F0D3FF304682
:108AC00016F008FD03900028B9D10DF10A00F8F75F
:108AD000EFFFBDF80A40039B104A4FF47A7101FB87
:108AE0000041114816F080FF04B070BD0DF10A007E
:108AF000F8F7DEFFBDF80A50084A4FF47A7101FB1F
:108B000000512346094816F06FFF039816F068FDE0
:108B100004B070BD901800208C1800205CC10308C0
:108B2000247E0308F47D0308607E0308907E03081A
:108B3000D0F80910B1F5807F38D870B5037982B0CC
:108B400004464BB3D4F80910D4F80D202B4BD0F8C1
:108B5000050007C3D4F81110D4F8092001B1FAB9FF
:108B6000264C02F10C05264E0421306813F0BEFF9E
:108B7000204600222946FFF773FE0446C8B9306834
:108B800042F210732246042113F0EAFF051EA8BF2B
:108B9000204620DB02B070BD053401F10C05E2E790
:108BA000184617F05FFED4F80920D9E74FF0FF30E0
:108BB00070470DF10600F8F77BFFBDF80650114A2B
:108BC0004FF47A7101FB005123460F4816F00CFF59
:108BD0006FF00100DEE70DF10600F8F769FFBDF860
:108BE0000640084A4FF47A7101FB00412B460748C2
:108BF00016F0FAFE6FF00200CCE700BF6417002009
:108C00008C1800202CC10308D07E03081C7F0308A9
:108C10002DE9F041984D002382B01A46286801A939
:108C200014F02AFAC31C14D00446002840F0118125
:108C3000286814F065FA019C267A731E05460A2BF3
:108C40000BD8DFE803F075BB0A0A0A0AC60A4D22F0
:108C50002200002002B0BDE8F0810DF10200F8F71B
:108C600027FFBDF80230854A4FF47A7101FB0031CD
:108C7000019B83481B7A16F0B7FE019C204616F034
:108C8000AFFC284602B0BDE8F081DFF8F8817E4AEB
:108C90002168D8F8000008F075FF0746002800F0AA
:108CA000C68008F0A5FF39460446D8F8000008F051
:108CB0001BFF002C00F0BB80276867B1019A536846
:108CC000002B40F0B2801A46B6F10A01D4F8050034
:108CD00018BF0121B847204616F082FC019CCDE761
:108CE000684F2168684A386808F04CFF044600283D
:108CF000C3D008F07DFF03680646002BBDD10DF1FF
:108D00000200F8F7D5FEBDF802305C4A4FF47A71E4
:108D100001FB0031019B5D481B6816F065FE214692
:108D2000386808F0E1FE304616F05AFC019CA5E7D1
:108D3000574E33680DF10200002B65D0F8F7B8FEEE
:108D4000BDF80230DFF83C814C4A4FF47A7101FBE8
:108D50000031504816F048FED8F8000008F0BCFE7C
:108D6000064680B989E72768002F3CD00023D4F855
:108D700005001A464FF0FF31B847204616F030FC88
:108D8000002E3FF47AAF304608F032FF31460446F9
:108D9000D8F8000008F0A8FE0646002CE3D10DF13B
:108DA0000200F8F785FEBDF802303B4A4FF47A71B5
:108DB00001FB0031394816F017FEDEE7384B1B681F
:108DC000002B3FF45BAF616804F10C009847019CF5
:108DD00054E7334B5B68002B3FF450AFE068C0B200
:108DE0009847019C4AE70DF10200F8F761FEBDF8D3
:108DF0000230294A4FF47A7101FB0031D4F8053072
:108E0000284816F0F1FDB8E7F8F752FEBDF8023039
:108E10001A4A4FF47A7101FB0031E368224816F0D8
:108E2000E3FDE3683360019C28E70C324CE70DF169
:108E30000200F8F73DFEBDF80230104A4FF47A7197
:108E400001FB0031019B19481B6816F0CDFD019C08
:108E500014E70DF10200F8F72BFEBDF80250074AA7
:108E60004FF47A7101FB00512346114816F0BCFD06
:108E70004FF0FF30EEE600BF9018002014C1030849
:108E800030810308801800200D8A0108F080030853
:108E900070180020947F0308F8C0030818800308A6
:108EA00074180020E07F03084C80030898800308B2
:108EB000647F030800B583B00DF10600F8F7F8FDF4
:108EC000BDF80630054A01464FF47A7C0CFB0131AF
:108ED000034816F089FD13F079FC00BFD4C00308E5
:108EE000608103082DE9F04F8BB004A8F8F7E0FD8E
:108EF000BDF81030964E974D02464FF47A7101FB43
:108F00000231954816F070FD0023CDE90433CDE918
:108F10000633CDE908334FF4FA6703E0A20738D4EB
:108F20002B68BBB930683B460022022113F018FEC3
:108F3000041EF3DAA11C6ED12B68002BF0D104A81B
:108F4000FFF7F6FD0446002839D12B684FF0FF37B4
:108F5000002BE7D0DFF80492DFF804A230684FF06E
:108F6000FF330022032113F0FBFD002836DA023024
:108F7000F4D003A8F8F79CFDBDF80C30794A0146FF
:108F80004FF47A7404FB0131774816F02DFDFFF79A
:108F900091FFFFF73DFEB0F10008FADCC0D003A856
:108FA000F8F786FDBDF80C406E4A4FF47A7101FB6C
:108FB000004143466D4816F017FDFFF77BFF03A8FD
:108FC000F8F776FDBDF80C204FF47A7101FB002113
:108FD0002346644A664816F007FDA1E710F0020830
:108FE00000F0010766D137BB3C46BB4654EA0B0391
:108FF000B4D003A8F8F75CFDBDF80C50594ACDF881
:1090000000B04FF47A7101FB00512346594816F025
:10901000EBFCFFF74FFF03A8F8F74AFDBDF80C5033
:10902000504A4FF47A7101FB00512346524816F022
:10903000DBFCFFF73FFF444600231A46D9F8000047
:1090400003A914F019F8C31C05462ED000286AD1D4
:10905000D9F8000014F054F805460398FFF768FDAE
:10906000834670BB03990B683BB3DAF8000008F045
:1090700069FD8346DAF8000008F080FDBBF1000FBF
:1090800042D0002CAB460DDDB8F1000FD4D0FFF775
:10909000BFFD0446002FCFD10028F8DCBBF1000F44
:1090A000F5DCA3E7002DEFDCA0E7002C29DDB8F10B
:1090B000000FC1D04FF0000BE9E7084616F090FA18
:1090C000DFE70DF10A00F8F7F3FCBDF80A204FF4D2
:1090D0007A7101FB00215B46284A294816F084FC7E
:1090E0000398D0F800B0BBF1000F07D00023D0F8F0
:1090F00005001A464FF0FF31D847039816F070FA72
:10910000BFE74FF0000B71E70DF10A00F8F7D0FC54
:10911000BDF80A30194A4FF47A7101FB0031194841
:1091200016F062FCDCE70DF10A00F8F7C1FCBDF8AF
:109130000A204FF47A7101FB00212B460F4A124896
:1091400016F052FC002C4FF0FF3B9DDC51E700BFB6
:109150008C180020701800208C81030894180020BF
:109160008018002040C10308A08203085082030831
:109170000C82030850830308D4810308E0C003086D
:10918000D48203080C830308647F03082DE9F043AD
:10919000DFF8189185B01F46D9F800300191002BF7
:1091A00042D0434C0646206800283DD04FF0FF31A6
:1091B000904613F073FD3F4B20681D6801350ABFD0
:1091C00001222A4615461A6013F09AFD36B318207C
:1091D00016F080F904460394002C56D00C9B01989D
:1091E0002360C4F80550C4F809702671C4F80D0056
:1091F000B8F1000F00D057BB0023D9F800001A4681
:1092000003A913F0F1FE044628BB2B4B012118687B
:1092100013F028FC284605B0BDE8F08307F11800DC
:1092200016F058F90446D6E703A8F8F741FCBDF854
:109230000C30224A01464FF47A74214804FB013174
:1092400016F0D2FB0025284605B0BDE8F083AEB18C
:10925000C4F81180D0E7039816F0C2F90DF10A00A6
:10926000F8F726FCBDF80A50144A4FF47A7101FB56
:1092700000512346134816F0B7FBE3E73A46414650
:1092800004F1110017F0EEFAB6E70DF10A00F8F755
:109290000FFCBDF80A30094A01464FF47A7404FB0A
:1092A0000131094816F0A0FBCCE700BF941800205C
:1092B000881800207C1800208C1800209CC003080F
:1092C00088830308F8830308B883030810B5644C47
:1092D000206882B0002853D0624C2268002A64D0F3
:1092E000614C2268002A77D0604C2368002B00F084
:1092F0008A805F4C2068002800F09B805D4C2168CC
:1093000031B35D480021FFF79FFA04460DF10600D6
:1093100074B9F8F7CDFBBDF8063002464FF47A7108
:10932000564801FB023116F05FFB204602B010BD2B
:10933000F8F7BEFBBDF80630514A4FF47A7101FBD5
:10934000003123464F4816F04FFB204602B010BDB7
:109350004D4A4E4813F0E0F920600028D1D10DF1BC
:109360000600F8F7A5FBBDF80630454A01464FF464
:109370007A74474804FB013116F036FB0624D4E723
:1093800013F04CFB20600028A6D10DF10600F8F781
:109390008FFBBDF806303A4A01464FF47A7404FB5D
:1093A00001313C4816F020FBE8E70421052013F0CA
:1093B000CBFD2060002893D10DF10600F8F778FB73
:1093C000BDF806302E4A01464FF47A7404FB013191
:1093D000314816F009FBD1E70421052013F0B4FD54
:1093E0002060002880D10DF10600F8F761FBBDF880
:1093F0000630234A01464FF47A7404FB01312748B2
:1094000016F0F2FABAE708F099FB206000287FF422
:1094100070AF0DF10600F8F74BFBBDF80630184AA7
:1094200001464FF47A7404FB01311D4816F0DCFA52
:10943000A4E713F0D9FB206000287FF45FAF0DF1A3
:109440000600F8F735FBBDF806300D4A01464FF42B
:109450007A7404FB0131134816F0C6FA8EE700BF98
:109460008C180020941800209018002080180020EC
:109470008818002084180020158A010890850308A8
:1094800074C103085485030890C10308E58E0108E0
:10949000288503083084030860840308988403083F
:1094A000CC840308FC84030838B5084D04464FF00B
:1094B000FF31286813F0F2FB94E80300044B83E8C3
:1094C00003002868BDE8384013F01ABC8818002053
:1094D0007418002010B582B0049CA8B1A1B19CB151
:1094E0008DF805208DF8063000220B4603218DF8FB
:1094F00007208DF80410019904940246012002B05F
:10950000BDE81040FFF742BE01A8F8F7D1FABDF858
:109510000430064A01464FF47A7404FB01310448D2
:1095200016F062FA002002B010BD00BFB8C00308F8
:10953000C885030830B587B000240546CDE904513D
:109540000094082304AA20460621FFF71FFE07B057
:1095500030BD00BF30B585B000240546009404231B
:1095600002AA082120460295FFF710FE05B030BD83
:1095700000B585B0002300901A4604211846FFF775
:1095800005FE05B000BD00BF00B585B0002300900A
:109590001A460C211846FFF7F9FD05B000BD00BFC3
:1095A00010B584B004460091042302AA0D210020C6
:1095B0000294FFF7EBFD04B010BD00BF00B585B00D
:1095C0000B4600920E2102460120FFF7DFFD05B099
:1095D00000BD00BF10B584B004460091042302AA68
:1095E0000F2100200294FFF7D1FD04B010BD00BF91
:1095F00000B585B008B10B4681B903A8F8F758FA51
:10960000BDF80C300A4A4FF47A7C01460CFB01315C
:10961000084816F0E9F9002005B000BD10210092BD
:10962000024600200391FFF7B1FD05B000BD00BF69
:109630007CC00308C885030810B584B004460091B7
:10964000042302AA112100200294FFF79FFD04B019
:1096500010BD00BF00B585B0024600200090052374
:109660001321FFF793FD05B000BD00BF00B585B025
:10967000002300901A4614211846FFF787FD05B015
:1096800000BD00BF00B585B000234FF0150C8DF86C
:109690000D000A46ADF80E308DF80CC0009203990B
:1096A0001A461846FFF772FD05B000BD00B585B03B
:1096B000002312228DF80C208DF80D00ADF80E302D
:1096C000039900931A461846FFF760FD05B000BDE8
:1096D00000B585B0002300931A4616211846FFF7FF
:1096E00055FD05B000BD00BF00B585B0002300905A
:1096F0001A4617211846FFF749FD05B000BD00BF07
:10970000032A2DD900F0030330B5C3F104040D681A
:1097100005602144043A1A448B0720440D4626D1A3
:10972000032A16D9151F25F0030E0EF1040EA1F120
:10973000040C864403465CF8044F43F8044B73451D
:10974000F9D125F003030431043002F00302194477
:109750001844022A26D0032A36D0012A26D030BD4A
:10976000022A2AD0032A24D0012A2AD07047032AA9
:10977000EFD9A2F1040E2EF0030C0CF1040C84447A
:10978000034651F8044B43F8044B6345F9D102F00A
:1097900003022EF0030304350430022A05EB030113
:1097A0001844D8D111F8013B00F8013B0B78037045
:1097B00030BD11F8013B00F8013B11F8013B00F806
:1097C000013B0B780370704711F8013B00F8013B37
:1097D00011F8013B00F8013BE8E700BF032A27D955
:1097E00000F00303043A10B51A4401EB012404EB22
:1097F0000444C3F10403032A0460184411D9A2F1FC
:10980000040E2EF0030C0CF1040C8444034643F8C0
:10981000044B6345FBD104302EF0030E02F003022B
:109820007044022A13D0032A0FD0012A11D010BD90
:10983000022A06D0032A02D0012A04D0704700F879
:10984000011B00F8011B0170704700F8011B00F8B4
:10985000011B017010BD00BF032A10B4034614D9C8
:109860000C68D0F800C0A44518D010BC7047D1F8DF
:1098700000C01C6864451846A2F1040203F1040309
:1098800001F10401F1D1032AF1D8022A27D0032AD9
:109890001FD0012A29D0002010BC704700F003001F
:1098A000C0F104042144043A0244880723448C464E
:1098B000E9D1032A02D8E8E7032A21D91C685CF819
:1098C000041B8C421846A2F1040203F10403F3D0F6
:1098D000CBE718780A7890420FD10133013118781C
:1098E0000A78904209D1013301311C780A789442F8
:1098F00014BF1846002010BC7047184610BC7047B3
:109900006146C2E7FEE700001E491F4A4AF655239A
:10991000CAF65523914202DA41F8043BFAE71B49A3
:109920001B4A4BF6EF63CDF6AD63914202DA41F884
:10993000043BFAE71749184A45F2AA53C5F2AA535D
:10994000914202DA41F8043BFAE7144885460EF0EA
:109950008FF813481349144A002302E0D458C45026
:109960000433C4188C42F9D3104A114C002301E08F
:1099700013600432A242FBD316F04EFFF7F766FCE9
:10998000FEE7000000000020000800200008002082
:109990001008002058AA002000B000200008002075
:1099A00010080020380A0020F8D80308680A0020B0
:1099B00058AA002000B5002083B013F015F90A4B17
:1099C000186008B103B000BD0DF10600F8F770F89B
:1099D000BDF8063002464FF47A7101FB02310348AC
:1099E00016F002F800BEFEE798180020048603086F
:1099F00070B5002182B0012009F07CFF05F026FE41
:109A0000012824D1002635464C4C002005F030FEBC
:109A10000021012009F06EFF4FF0FF31206813F0A4
:109A20003DF9474B0DF106001D70F8F741F8BDF800
:109A300006304FF47A7101FB00313246414815F08F
:109A4000D3FF206813F05CF9284602B070BD0021F6
:109A5000012009F04FFF032005F00AFE4FF40061DA
:109A60004FF090400FF042FA4FF4805104464FF00F
:109A700090400FF03BFA012C01D101282FD0012199
:109A80000846314D09F036FF022005F0F1FD286847
:109A900005F0ECF956210446286802F0EBFCDCB135
:109AA000D0B10021012009F025FF042005F0E0FDE0
:109AB0004FF400614FF090400FF018FA4FF48051CE
:109AC00004464FF090400FF011FA012C01D101280B
:109AD0001CD00126354697E70226354694E7052037
:109AE00005F0C6FD4FF400614FF090400FF0FEF915
:109AF0004FF4805104464FF090400FF0F7F9012CDD
:109B0000BDD10128BBD1042635467DE7052005F0EF
:109B1000AFFD4FF400614FF090400FF0E7F94FF4C4
:109B2000805104464FF090400FF0E0F90443E4B256
:109B3000002CCED10326354666E700BF98180020DA
:109B40009C18002024860308C008002010B5064C8D
:109B50004FF0FF31206813F0A1F8044B20681C7807
:109B600013F0CEF8204610BD981800209C18002055
:109B70002DE9F04FDFF8F4B289B04FF0FF34224600
:109B80000021072012F0CCFE044612F0A9FD002CA3
:109B9000064680F23081A71C40F0C181DFF8D0A2D8
:109BA0004FF0FF31DAF8000013F078F8B14B03936F
:109BB000039B1B78002B48D101F0BCFCAE4BAF4996
:109BC000D3F800C004900246B1464FF011080023BC
:109BD000012707FA03F010EA0C0F11D01078800764
:109BE0000ED08D699488701BABFB000EB4EB9E1FEA
:109BF00006D82CB14D453CBFA9465FFA83F88E616B
:109C00000133112B01F11C0102F10602E1D1B8F17F
:109C1000110F049819D008EB480800EB480210F81F
:109C2000183090788DF81A0002218DF81B105278A8
:109C30008DF81C20C3F3400106A803F001038DF842
:109C400018108DF81930FFF705FDDAF80000DFF87D
:109C5000308213F055F8DAF800004FF0FF3113F0BE
:109C60001DF8D8F800200024012303FA04F52A4245
:109C70004CD10134112CF8D1DAF8000013F040F87F
:109C8000DAF800004FF0FF3113F008F8D8F8003090
:109C9000002B00F0E7804EF66024039B1D7885BB07
:109CA00001F048FC744B75491F684FF0FF3C2B4690
:109CB00001224FF47A7E0AE0AD1BAC4528BFAC46CA
:109CC0000133112B01F11C0100F1060016D002FA3C
:109CD00003F53D42F4D00578AD07F1D0B0F804802B
:109CE0008D690EFB0855AE42E6D30133112B4FF0C0
:109CF000000C01F11C0100F10600E8D1644528BF09
:109D00006446DAF8000012F0FBFF38E7C4EBC40346
:109D10005A4F9A0057F82300059207EB8309564BD8
:109D2000196829400039D9E9012318BF01210090A1
:109D3000204605F0ABFD0490002800F00C81D9F816
:109D40001420002A40F0B0804E4904980DF0FEFC2B
:109D50008146002840F0C780D8F80030DAF80000CB
:109D600023EA0503C8F8003012F0CAFF464B4FF053
:109D7000FF31186813F06AF88146049805F016FD63
:109D8000DAF800004FF0FF3112F088FFB9F1000F50
:109D900004D13E4B1B78002B3FF46EAF06A8F7F7BB
:109DA00087FEBDF818303A4A4FF47A7101FB003152
:109DB0002346384815F018FED8F80030DAF80000CD
:109DC0002B43C8F8003012F09BFFDAF800004FF088
:109DD000FF3112F063FF06A8F7F76AFEBDF81840DE
:109DE0002D4A01464FF47A750B2305FB01412B48A0
:109DF00015F0FAFD4FE7DFF878A04FF0FF31DAF801
:109E0000000012F04BFFA5070ED506A8F7F750FE8D
:109E1000BDF8183002464FF47A7101FB0231204838
:109E200015F0E2FD01F0E4FA124B039364071B788E
:109E30007FF5BEAE002B7FF408AF0F4B1B68002BE5
:109E40003FF4BAAE06A8F7F733FEBDF818304FF46A
:109E50007A7101FB0031134815F0C6FD039A012306
:109E60001370F2E64FF0FF3417E700BFD34D6210D6
:109E7000A81800209D1800208C1A0020AC18002083
:109E8000881A0020919F0108A01800209E18002029
:109E9000B4C10308F8870308D0C103082488030865
:109EA000B0860308FC86030805990C313944D200BA
:109EB00005F024FD814600283FF446AF06A8F7F7D9
:109EC000F7FDBDF818304FF47A7101FB00314A46B6
:109ED000274815F089FD274904980DF037FC814685
:109EE00000283FF439AF06A8F7F7E2FDBDF81820C7
:109EF0004FF47A7101FB00214B461F481F4A15F0B1
:109F000073FD049805F052FCDAF8000012F0F8FE38
:109F1000DAF800004FF0FF3112F0C0FE5BE706A850
:109F2000F7F7C6FDBDF81810154A4FF47A7505FB12
:109F300000112346134815F057FD06A8F7F7B8FDA2
:109F4000BDF818300E4A014605FB01310E4815F0E8
:109F50004BFD12F03BFC06A8F7F7AAFDBDF8183040
:109F60004FF47A7101FB0031084815F03DFDCBE755
:109F700080870308919F0108C8870308B4C10308BC
:109F8000D0C103084C860308888603084887030865
:109F90000349044B024608681A7012F09BBF00BFC9
:109FA000A01800209E1800202DE9F04FDFF8348122
:109FB0000126D8F8009086409B4609EA0603003B3C
:109FC00018BF01238B428BB043D004460D46002AB4
:109FD00058D0BBF1000F57D1DFF80CA1E700391BB7
:109FE0000AEB8103012DC3F814B04FEA81010393FA
:109FF00033D006A815F030FED8F80070039B069AFF
:10A000009A6027EA0607C8F80070002F4FD0DFF8E3
:10A01000DC900DF1160A5046F7F74AFD99F800302A
:10A020000193D8F8003000932246BDF816402B4625
:10A0300001464FF47A7505FB01412D4815F0D4FC1B
:10A040002C4A2D491368086833430121136012F02C
:10A05000EBFB00200BB0BDE8F08F49EA0602C8F820
:10A0600000205AF80120DFF88490013208A84AF84D
:10A07000012015F0F1FD089A039B0DF1160AC3E9C2
:10A080000122C8E79346A7E7C0EBC000DFF858A05D
:10A09000BBF1050F4FEA800028BF4FF0050B0C30D5
:10A0A000114650445A46E70016F0DCFB97E7134B85
:10A0B000089308A80DF1160A8DF82470FFF7CAFA64
:10A0C0005046F7F7F5FCBDF81630DFF820904FF456
:10A0D0007A7101FB00310A4815F086FC89F800709E
:10A0E00099E700BF8C1A0020AC1800209D180020B2
:10A0F000A0880308881A0020A4180020010100028B
:10A100005C88030810B52B482B492C4B002482B0E7
:10A110004FF4EE7204600C6029481C70214616F062
:10A12000FFFA204612F060FD264B186008B3224665
:10A130002146012012F016FE234B186048B1234A35
:10A140002348214612F0E8FA224B186008B302B007
:10A1500010BD0DF10600F7F7ABFCBDF80630024666
:10A160004FF47A7101FB02311B4815F03DFC00BE33
:10A17000FEE70DF10600F7F79BFCBDF8063002463E
:10A180004FF47A7101FB0231134815F02DFC00BE2B
:10A19000FEE70DF10600F7F78BFCBDF8063002462E
:10A1A0004FF47A7101FB02310B4815F01DFC00BE23
:10A1B000FEE700BF8C1A0020881A00209E1800209D
:10A1C000AC180020A8180020A0180020E8C103083F
:10A1D000719B0108A4180020048603082DE9F041B2
:10A1E000104F04460D4638684FF0FF31164698462A
:10A1F00012F054FD102C0ED8012D0CD843463246D7
:10A2000029462046FFF7D0FE0024386812F078FD7A
:10A210002046BDE8F0813868012412F071FD204627
:10A22000BDE8F081A818002070B50F4E04460D4619
:10A2300030684FF0FF3112F031FD102C0DD8012D98
:10A240000BD800231A4629462046FFF7ADFE00240E
:10A25000306812F055FD204670BD3068012412F0C0
:10A260004FFD204670BD00BFA818002038B5084D2E
:10A270004FF0FF31286812F011FD064B28681C686A
:10A28000003C18BF012412F03BFD204638BD00BF42
:10A29000A81800208C1A0020024B0421186812F024
:10A2A000C3BA00BFA418002038B5A8B105461020D5
:10A2B00016F056F9044678B10121284616F034F913
:10A2C000206030B10023ED00C4E90135E360204691
:10A2D00038BD204616F04CF90024204638BD00BF9A
:10A2E00070B5064690B10C4669B10846FFF7DCFF31
:10A2F000054630B1224600683146E40016F0B2FA55
:10A300006C60284670BD0D46284670BD0546F8E7CE
:10A3100048B110B50446006816F02AF92046BDE899
:10A32000104016F025B9704700B14068704700BF73
:10A3300010B140680730C008704700BF00B18068A6
:10A34000704700BFB0B3A9B3A2B343682DE9F0478B
:10A3500006468068D41884422ED8D80803F0070C2B
:10A3600001270023DC0835680C5D15F8008003F038
:10A37000070A07FA0CF944FA0AF4E4070CF1010C95
:10A3800048EA090E05445FFA8EFE03F1010358BF47
:10A3900028EA090EBCF1080F04BF4FF0000C013091
:10A3A0009A4285F800E0DDD17368134400207360A1
:10A3B000BDE8F087012070470320F9E700B583B0BE
:10A3C000CDE900236946049AFFF7BCFF03B000BD46
:10A3D00000B10068704700BF10B100234360C36044
:10A3E000704700BF28B143688B4202D3C160002090
:10A3F00070470120704700BF98B391B38AB3C36818
:10A4000070B5054640689C1884422CD80024D808B2
:10A4100003F0070E0C70A446264600E00C782B686B
:10A420001B5C43FA0EF303F001030EF1010EBEF1C3
:10A43000080F0CF1010C03FA06F344EA030404BF0D
:10A4400001304FF0000E1CF0070608BF4E700C7074
:10A4500008BF01319445E1D1EB6863440020EB6013
:10A4600070BD01207047032070BD00BF80B584B06F
:10A4700000AF78600B46FB70FB78002B00F0648126
:10A4800048220021A84816F04BF90023FB7355E140
:10A49000FB7B1B017A6813445B7B013B1E2B00F2A4
:10A4A000498101A252F823F065A50108BFA5010862
:10A4B000CFA501081BA6010835A7010835A501088D
:10A4C00025A5010845A5010855A5010835A70108DE
:10A4D00035A7010887A6010897A6010867A6010805
:10A4E00077A6010835A7010835A7010835A7010897
:10A4F00035A7010835A70108A7A6010835A7010857
:10A5000035A7010835A7010835A7010835A70108B7
:10A5100035A7010835A7010835A7010835A70108A7
:10A52000B7A60108FB7B1B017A6813449B687E4A2F
:10A530009360EEE0FB7B1B017A6813449B687A4AC8
:10A54000D360E6E0FB7B1B017A6813449B68764A84
:10A550001361DEE0FB7B1B017A6813449B68724A3F
:10A560005361D6E0FB7B1B017A6813449B686E4AFB
:10A570009361FB7B1B017A6813449A7B6A4B1A77C1
:10A580006A4B1B684FF0FF31184612F087FBFB7BCC
:10A590001B017A6813449B681846F5F785FD03464E
:10A5A000634A1360FB7B1B017A6813449A7B604B00
:10A5B0001A715E4B1B68184612F0A2FBA9E0FB7BE8
:10A5C0001B017A6813449B68574A9362A1E0FB7BA6
:10A5D0001B017A6813449B68534A5363534B1B68AF
:10A5E0004FF0FF31184612F059FBFB7B1B017A68D4
:10A5F00013449B681846F5F757FD03464C4A936091
:10A60000FB7B1B017A6813449A7B494B1A73474BB7
:10A610001B68184612F074FB7BE0FB7B1B017A6819
:10A6200013449B68404A9363404B1B684FF0FF31D3
:10A63000184612F033FBFB7B1B017A6813449B68BE
:10A640001846F5F731FD0346394A1361FB7B1B01C0
:10A650007A6813449A7B364B1A75344B1B6818463C
:10A6600012F04EFB55E0FB7B1B017A6813449B689C
:10A670002D4A13624DE0FB7B1B017A6813449B68F3
:10A68000294A536245E0FB7B1B017A6813449B68AF
:10A69000254AD3623DE0FB7B1B017A6813449B682B
:10A6A000214A136335E0FB7B1B017A6813449B68E6
:10A6B0001D4AD3632DE0FB7B1B017A6813449B6822
:10A6C000194A1364FB7B1B017A6813449A7B164B6F
:10A6D00083F84420154B1B684FF0FF31184612F0E9
:10A6E000DDFAFB7B1B017A6813449B681846F5F77B
:10A6F000DBFC03460E4A9361FB7B1B017A68134423
:10A700009A7B0B4B1A77094B1B68184612F0F8FA24
:10A7100000BFFB7B1B017A681344D3E90023024985
:10A72000C1E9002307E000BFC02D0020D81A002097
:10A73000AC1A002000BFFB7B0133FB73FA7BFB7874
:10A740009A42FFF4A5AE00E000BF1037BD4680BDC1
:10A7500090B589B002AFC7E902017A603B6000237F
:10A76000BB750023FB753B6803F40053002B19D025
:10A77000FB7D864A1B0113440D330E221A70FB7DAC
:10A78000834A126881491B010B4408331A60FB7D20
:10A790007E4A1B01D118D7E90223C1E90023FB7DC2
:10A7A0000133FB753B6803F00403002B19D0FB7DDC
:10A7B0007A68926875491B010B4408331A60FB7D67
:10A7C000724A1B0113440D3303221A70FB7D6F4A3A
:10A7D0001B01D118D7E90223C1E90023FB7D013316
:10A7E000FB753B6803F00203002B19D0FB7D7A68F0
:10A7F000126966491B010B4408331A60FB7D634AEA
:10A800001B0113440D3302221A70FB7D5F4A1B01AA
:10A81000D118D7E90223C1E90023FB7D0133FB7581
:10A820003B6803F00103002B19D0FB7D574A1B0145
:10A8300013440D3301221A70FB7D7A68D2685349A4
:10A840001B010B4408331A60FB7D504A1B01D118D1
:10A85000D7E90223C1E90023FB7D0133FB753B6887
:10A8600003F00803002B1FD07B681B7803F0200344
:10A87000002B19D0FB7D454A1B0113440D330422E4
:10A880001A70FB7D7A68526940491B010B440833FA
:10A890001A60FB7D3D4A1B01D118D7E90223C1E9AB
:10A8A0000023FB7D0133FB753B6803F40003002BA1
:10A8B0002AD07B681B7803F02003002B24D0FB7D7B
:10A8C000324A1B0113440D3318221A70314B1B7886
:10A8D000012B06D07B685B781846F5F78FF90346A5
:10A8E00001E04FF00003FA7D284912010A440832C2
:10A8F0001360FB7D254A1B01D118D7E90223C1E96A
:10A900000023FB7D0133FB75234B1B78012B1DD1ED
:10A91000FB7D1E4A1B0113440D3317221A701F4B77
:10A920001B78FC7D1846F5F765F9024617492301A7
:10A930000B4408331A60FB7D144A1B01D118D7E978
:10A940000223C1E90023FB7D0133FB75FB7D002B56
:10A9500017D00F237B75FA7D07F115030093104B79
:10A960000A491048EEF72CFA0346BB757B7D194661
:10A970000B48FFF77BFD97F91630002B01D0002321
:10A9800000E0012318461C37BD4690BDF82E00207C
:10A99000B82F0020863C002014080020883C0020AE
:10A9A000082E0020BC2F002070B5174B1B78012B00
:10A9B0001AD0164B1C78ACB1154E164B327802EB00
:10A9C000420103EBC10E01328446D5B2BEE80F004E
:10A9D000ACE80F009EE80300AC428CE803000ED800
:10A9E000013C3470002070BD0A4C84460FCCACE8AA
:10A9F0000F0094E803008CE803000020F3E7601BDD
:10AA00003570C0B270BD00BF873C0020853C00207F
:10AA1000843C00208C3C0020012814BF01480248DF
:10AA2000704700BF7E735A3B3BAAAA3E024B0221ED
:10AA3000186811F0F9BE00BF8C1B00202DE9704191
:10AA4000284C85B008220346FFF7E6FF8DF80F205B
:10AA50002275012284F824200F2284F83420022257
:10AA600084F83C200322072184F844200422217129
:10AA700084F84C2006210C2221734FF00E08092186
:10AA800084F854200D261522012B2060A06020613F
:10AA90002177A061206284F82C80A0622063A063EB
:10AAA0002064A0642065A065206684F85C6084F85A
:10AAB00064200BD032460DF10F040B4B0949009472
:10AAC0000A48EEF76FF905B0BDE870810849054600
:10AAD000F5F7A4FA0028EDD01F2384F86C30A566A2
:10AAE0004246E8E71C1B0020DC1A0020BC2F002097
:10AAF0007E735A3B30B5044685B03348EEF74AF9C9
:10AB000000282DD1314D012C2C7027D0E4B9304BC9
:10AB1000304C314931481C6040F22A2215F0A2FE27
:10AB20004FF4805200922E4B2C49274840F22A22A3
:10AB3000EEF754F90446002836D12878FFF77EFF57
:10AB40000446F0B905B030BD0023214C2549234807
:10AB5000236040F22A2215F085FEE1E7224BF4E75C
:10AB600005460DF10E00F6F7A3FFBDF80EC01F4A13
:10AB70004FF47A7101FB00C12B461D4814F034FFDD
:10AB8000C0E70DF10E00F6F793FFBDF80E50174A1F
:10AB900001464FF47A7C174823460CFB015105B05F
:10ABA000BDE8304014F020BF0DF10E00F6F780FF35
:10ABB000BDF80EC00D4A4FF47A7101FB00C1234667
:10ABC0000D4814F011FFB8E7BC2F00201408002036
:10ABD000B82F00208D97EE3E0CC20308902B00206A
:10ABE000901B002038C403088716193E78C6030856
:10ABF000084303087C4303083C43030870B5194D20
:10AC0000194C2968002002F05BFC2968204602F0FC
:10AC100025FC00B170BD154E296896F83B3096F8BA
:10AC20003C206370204696F83A302270A37002F000
:10AC3000AFFC0028EED10E49F3682A68C1F8023053
:10AC4000012420460C7003F08FF80028E2D1296817
:10AC5000204602F035FC0028DCD1064A064B147071
:10AC60001C7070BDEC3C0020F03C0020782F0020D0
:10AC7000D83C0020873C0020863C002070B5204E48
:10AC8000204C3168204602F0E9FB00B170BD1E4D3A
:10AC9000316895F83B3095F83C206370204695F874
:10ACA0003A302270A37002F073FC0028EED13268B3
:10ACB0002146022002F04AFD144B1549A3FB002354
:10ACC0009B0995F838000874C3F18C0301244B826A
:10ACD00032680C7005F11003022024358B60CD60C2
:10ACE00003F042F80028D1D13168022002F0E8FBDD
:10ACF0000028CBD10749084A02230B70137070BD9E
:10AD0000EC3C0020F03C0020782F0020D34D621056
:10AD1000D83C0020873C0020863C00202DE9704F65
:10AD2000B24CDFF8CC92B34DB34E92B002468A4695
:10AD3000206808924FF0FF3111F0B0FF242200216B
:10AD4000AE4815F0EDFC48220021AD4815F0E8FCB6
:10AD500000214022A74815F0E3FCAA4B20680122FD
:10AD60001A6011F0CDFF11F0BBFC07900EE095F8D2
:10AD70003E30002B3ED111F0B3FCD5E90031A0FBF1
:10AD80000602984272EB0104C0F0EF809C4B1B7FDF
:10AD9000534580F09E8011F0A3FC079BC01AA9FBCD
:10ADA0000030089BB3EB901F40F29380964A95F8D1
:10ADB0003E30137011F094FCA0FB064800959348B8
:10ADC00022464346EEF736F8B0F1000BC0F2BE80E3
:10ADD000CDD00CA8F6F76CFEBDF830304FF47A7188
:10ADE00001FB00315A468A4814F0FEFD95F83E30CA
:10ADF000002BC0D00121002008F07CFD95F83E30EA
:10AE0000012B61D0022B03D1FFF738FF95F83E30BC
:10AE10005BB195F83D30ABB901BE95F83D308BB9CB
:10AE20000021084608F066FDA5E795F83D30002BA7
:10AE3000F6D000BE95F83E2095F83D30002AE8D1C6
:10AE4000002BEDD0DFF8CCB17349DBF8002095F88A
:10AE50003E0002F07BFC714A938812784FF47A71BD
:10AE600002FB03F301FB0300A9FB0030800911F092
:10AE7000B7FD6B4A6B491078DBF8003000220A708E
:10AE800069490A706949684A02F0CEFC0028C7D1B6
:10AE9000654B1B78002BC3D0CDE90C00CDE90E002B
:10AEA000CDE910000CABCDF824A0A3469A4650463D
:10AEB000FFF77AFD9DF830309A06044677D4002CCF
:10AEC000F5D1DDF824A0ABE7FFF798FE95F83E300A
:10AED0009EE70CAC2046494CF6F7EAFD257FA369B6
:10AEE000BDF83020059504934FF47A7123693F4DE6
:10AEF00001FB0021227D4E48CDE90232227BA3686E
:10AF0000CDE900322268237914F06EFD4FF0FF3155
:10AF1000286811F0C3FE11F0E3FB354BA3FB0023BF
:10AF20009B092868236211F0EBFE204605F00EFE17
:10AF3000002104460CF00AFC10B912B0BDE8708F75
:10AF4000204612B0BDE8704F04F030BC0CAC204677
:10AF5000F6F7AEFDBDF830304FF47A7101FB0031E9
:10AF60005A46344814F040FDB4E7181A61EB020168
:10AF70000023214AF5F7B8F800210246062011F017
:10AF8000CFFC00282ADA831C3FF400AF0CAC8046CB
:10AF90002046F6F78DFDBDF83030274A4FF47A7120
:10AFA00001FB00314346254814F01EFD92E7AB68D3
:10AFB000524658464146FFF7CBFB00287FF47FAF4F
:10AFC0000DF12E00F6F774FDBDF82E304FF47A71B6
:10AFD00001FB00311A4814F007FD70E7194B0146D8
:10AFE000186812B0BDE8704F11F01EBCD81A0020CE
:10AFF000D34D6210782F002040420F00AC1A002081
:10B00000C02D0020901A0020863C0020BC2F00207C
:10B01000EC430308EC3C0020F03C0020D83C00202E
:10B02000873C0020843C0020853C00208C3C002094
:10B0300090440308B84303088CC60308504403082F
:10B04000204403088C1B00202DE97047624B1B68CD
:10B0500085B0002B7BD000F047FB037A0646002B1F
:10B0600062D1304600F082FB5C4D4FF0FF32002190
:10B07000072011F055FC041E2DDB610778D4A207D0
:10B080003DD596F800A0D6F8048096F80190544C6F
:10B090000DF10E00F6F70CFDBDF80E30CDF8009066
:10B0A0004FF47A7101FB0031524643464D4814F08B
:10B0B0009BFC5046FFF71EFD49464046FFF72EFE1B
:10B0C00020684FF0FF3111F0E9FD002320682B606C
:10B0D00011F016FEC9E7A01CC7D00DF10E00F6F75F
:10B0E000E7FCBDF80E50404A01464FF47A762346FD
:10B0F00006FB01513D4814F077FC11F067FBE307B4
:10B1000044D5374C4FF0FF31206811F0C7FD384B64
:10B110002068D3F80080374B93F80090364B93F8B3
:10B1200000A011F0EDFDB3E7C36834484FF47A7125
:10B1300003FB01F114F0E8FE304814F01BFF002877
:10B1400045D02F4B0221186811F06EFB89E70DF1F5
:10B150000E00F6F7ADFCBDF80E30234A01464FF461
:10B160007A7404FB0131274814F03EFC11F02EFBE9
:10B1700000F03AFA00F0B8FA0646204814F074FEDF
:10B18000337A9BB9304600F0F1FA6EE70DF10E000C
:10B19000F6F78EFCBDF80E204FF47A7101FB00210A
:10B1A0002346114A184814F01FFC5EE7144B022195
:10B1B000186811F039FBF36810484FF47A7103FBFB
:10B1C00001F114F0A1FE0D4814F0D8FDDAE70B48A8
:10B1D00014F0D4FDB5E700BFEC3C0020901A00202D
:10B1E000D81A0020844503089CC60308504403086D
:10B1F000D41A0020D11A0020D01A0020941A00205E
:10B200008C1B0020F84403084C45030830B52F4D33
:10B21000044685B000F0E8F92C60BCB101210020A3
:10B2200008F068FB286802F07BF80021084608F067
:10B2300061FB00F059FA0078FFF75CFC0021244B19
:10B2400024480091012214F05FFD78B9002011F02C
:10B25000CBFC214B1860C8B1204A2148002111F0D5
:10B260005BFA204B186008B305B030BD0DF10E003D
:10B27000F6F71EFCBDF80E3002464FF47A7101FB62
:10B280000231194814F0B0FB00BEFEE70DF10E00CC
:10B29000F6F70EFCBDF80E3002464FF47A7101FB52
:10B2A0000231114814F0A0FB00BEFEE70DF10E00C4
:10B2B000F6F7FEFBBDF80E3002464FF47A7101FB43
:10B2C0000231094814F090FB00BEFEE7EC3C002080
:10B2D0002DAA0108941A0020D81A0020180800206E
:10B2E00049B001088C1B0020D04503082DE97041AE
:10B2F0001C4B984285B004460D46164603D80329D8
:10B3000001D8012A13D90DF10E00F6F7D1FBBDF8D3
:10B310000EC0154A01964FF47A7101FB00C10095E9
:10B320002346124814F060FB05B0BDE87081DFF8D9
:10B3300040804FF0FF31D8F8000011F0AFFC0D4B0A
:10B340000D4A1C600D4BD8F800001E70157011F0EE
:10B35000D7FC0B4B1868012105B0BDE8704111F016
:10B3600063BA00BF8051010064C60308F0450308BA
:10B37000D81A0020D41A0020D11A0020D01A002098
:10B380008C1B0020024B0421186811F04DBA00BF3D
:10B390008C1B002070B50B4E0B4D04464FF0FF3157
:10B3A000306811F07BFC0FCDA446ACE80F000FCD48
:10B3B000ACE80F002B683068CCF80030BDE8704076
:10B3C00011F09EBCD81A0020AC1A002010B5064C13
:10B3D0004FF0FF31206811F061FC044B20681C68BD
:10B3E00011F08EFC204610BDD81A0020901A0020C3
:10B3F00070B54349434882B0662215F033FA42499A
:10B400004248222207F046FA00283BD0052804468D
:10B410000DF1060544D12846F6F74AFBBDF8063083
:10B420003B4E02464FF47A7101FB0231394814F069
:10B43000DBFA394A324902F111048B88087802F8A4
:10B44000010FA6FB03C31B09013B9442537401F196
:10B450000601F2D12C492D48222207F057FA064660
:10B4600068BB2D49274A11F8013F13704B7C01330B
:10B470000632C3EB03135B008C4222F8023CF2D18C
:10B4800002B070BD204B03F1110113F8012B032A08
:10B4900024D81A7C3F2A21D88B42F6D11F4CE0E7F2
:10B4A0002846F6F705FBBDF806301D4A4FF47A71C1
:10B4B00001FB003123461B4814F096FAABE72846FF
:10B4C000F6F7F6FABDF80630174A4FF47A7101FB29
:10B4D00000313346154814F087FAC2E70DF106052E
:10B4E0002846F6F7E5FABDF806300D4A4FF47A71B2
:10B4F00001FB003101230E4814F076FA8BE700BF00
:10B5000010C70308203D0020F83C0020F8880308FD
:10B510008988888830890308F73C0020083D00208E
:10B52000F0C6030800890308D4C60308608903082D
:10B530009089030800487047203D0020004870476C
:10B54000F83C002010B582B070B384460CF11002B4
:10B55000013810F8013F032B26D8437C3F2B23D81A
:10B560009042F6D11B4B012003F11104C3F1000EF0
:10B570000EEB030200FA02F20A4206D09CF8002009
:10B5800003F8112C9CF811201A700133A3420CF11E
:10B59000010CEDD110491148222207F0B7F90446F9
:10B5A00030B9204602B010BD0124204602B010BDC3
:10B5B0000DF10600F6F77CFABDF80630084A4FF4A4
:10B5C0007A7101FB00312346064814F00DFA20463B
:10B5D00002B010BD093D0020F83C0020F8880308A7
:10B5E000ACC603086089030870B5364C364882B093
:10B5F0001022214607F04EF918B3052805460DF133
:10B60000060640D13046F6F753FABDF806104FF45F
:10B610007A7505FB00112D4814F0E6F94FF400721D
:10B6200022804FF46162626000222272284B254919
:10B630002548E360102207F069F9044690BB02B088
:10B6400070BD2378012B0DD86378032B0AD863686B
:10B65000204AA3F59673934204D8E368A3F5967342
:10B660009342ECD90DF106063046F6F721FABDF803
:10B670000630194A4FF47A7101FB0031082317484C
:10B6800014F0B2F9BEE73046F6F712FABDF806201C
:10B690004FF47A7101FB00212B460F4A104814F039
:10B6A000A3F9AFE73046F6F703FABDF806100A4AE9
:10B6B00005FB00110B48234602B0BDE8704014F0B2
:10B6C00093B900BF883D0020C8890308088A030891
:10B6D00080510100545001009CC70308D089030821
:10B6E000008903086089030800487047883D0020EE
:10B6F00010B582B058B30378012B014627D84378A0
:10B70000032B24D84268B2F5967F20D3C368124831
:10B71000A3F5967383421AD8104B9A4217D8104853
:10B72000102207F0F3F8044690B10DF10600F6F789
:10B73000BFF9BDF806300B4A4FF47A7101FB0031B6
:10B740002346094814F050F9204602B010BD0824E1
:10B75000204602B010BD00BF5450010080510100CE
:10B76000C88903088CC703086089030810B586B030
:10B77000B8B104460DF11600F6F79AF9BDF8163087
:10B7800022784FF47A7101FB003163786068CDE96B
:10B790000132E368227A00900B4814F025F906B0D4
:10B7A00010BD0DF11600F6F783F9BDF81630074A03
:10B7B00001464FF47A74064804FB013106B0BDE837
:10B7C000104014F011B900BF688A030878C7030855
:10B7D000388A030800487047B0C7030870B5364C74
:10B7E000364882B00C22214607F054F8F0B1052803
:10B7F00005460DF106062FD13046F6F759F9BDF88A
:10B8000006104FF47A7505FB00112D4814F0ECF882
:10B810002C4B93E8070084E80700274927480C22AF
:10B8200007F074F8044630BB02B070BDE38822898B
:10B8300013439BB2B3F5805F2CD26388B3F5805F6E
:10B8400028D2A288B2F5805F24D22188072921D886
:10B850009342E9D308251EE03046F6F729F9BDF8F2
:10B8600006204FF47A7101FB00212B46164A174837
:10B8700014F0BAF8C0E73046F6F71AF9BDF806102A
:10B88000114A05FB00111248234602B0BDE8704082
:10B8900014F0AAB81C250DF106063046F6F708F993
:10B8A000BDF806204FF47A7101FB00212B46064AB1
:10B8B000084814F099F89FE7983D0020B08A0308E3
:10B8C000B88A030808C80308F4C7030800890308F6
:10B8D000608903089089030800487047983D00205C
:10B8E00030B583B0002841D0C388B3F5805F0146EE
:10B8F00028D20389B3F5805F24D24388B3F5805FF3
:10B9000020D28288B2F5805F1CD20088072819D81F
:10B9100093422FD219480C2206F0F8FF044610B3C8
:10B920000DF10600F6F7C4F8BDF80630144A4FF4DE
:10B930007A7101FB00312346124814F055F8204675
:10B9400003B030BD1C252C460DF10600F6F7B0F80B
:10B95000BDF806300A4A4FF47A7101FB00310A48FB
:10B960002B4614F041F8204603B030BD0124204698
:10B9700003B030BD08252C46E6E700BFB08A0308B7
:10B98000E0C7030860890308908903082DE9F041A6
:10B990002A492B4882B00E2206F07CFF88B9274E38
:10B9A000284B3088284918801A4603F1160011F8F0
:10B9B000013F0A3322F8023F9042F8D102B0BDE8BD
:10B9C000F081052804460DF1060728D13846F6F720
:10B9D0006FF8BDF806301D4D184E01464FF47A78C9
:10B9E00008FB01311A4813F0FFFF95E80F003446B9
:10B9F00007C4134823800E22294606F087FF044619
:10BA00000028CDD03846F6F753F8BDF80610114A95
:10BA100008FB00112346104813F0E6FFC0E7384644
:10BA2000F6F746F8BDF806300A4A4FF47A7101FB82
:10BA300000312346094813F0D7FFC7E7A83D00208F
:10BA4000E88A0308B83D0020A93D002044C8030847
:10BA5000F08A030830C80308208B03080089030814
:10BA600000487047B83D002000487047A83D0020BE
:10BA700010B582B020B10388B3F5006F014603D33F
:10BA80000124204602B010BD0C480E2206F03EFFF5
:10BA900004460028F5D00DF10600F6F709F8BDF8C8
:10BAA0000630074A4FF47A7101FB003123460548FE
:10BAB00013F09AFF204602B010BD00BFE88A0308C9
:10BAC00014C80308608903082DE9F04F934994488E
:10BAD00087B0162206F0DEFE0546FFF77BFE8146A4
:10BAE000002D00F095800DF11603052D039340F015
:10BAF000F48003988B4EDFF82482DFF82CA2F5F750
:10BB0000D7FFBDF816304FF47A7101FB003187483A
:10BB100013F06AFF002750E01AF835B00BF101006E
:10BB2000F4F76CF88249F4F7BDF804EB44042C44B4
:10BB30003060014659F834000291F4F767F909EBD7
:10BB4000C404F060029901906068F4F75FF90AEBB1
:10BB5000C505019A6C68306111467461F3F798FF6E
:10BB600015F0C0FCF3F718FC15F092FDF3F71CFF7D
:10BB70007060204615F0B6FCF3F70EFC15F088FD5A
:10BB8000F3F712FF0246B26088F800B0204615F0C5
:10BB9000A9FCF3F701FC15F07BFD00224FF0804378
:10BBA000F3F79AFAF3F700FF01370B2F88F801003B
:10BBB00006F1180608F102081FD0FCB220460BF06F
:10BBC00075FC054620460BF091FC022D0446A3D9D6
:10BBD0000398F5F76DFFBDF81630564A4FF47A71A9
:10BBE00001FB00313B465448013713F0FDFE0B2F9B
:10BBF00006F1180608F10208DFD148494848162224
:10BC000006F084FE0446002876D107B0BDE8F08F28
:10BC1000424F444EDFF8188113E0F5F749FFBDF8B5
:10BC20001630444A4FF47A7101FB003143482B46E9
:10BC300013F0DAFE01350B2D07F1020706F11806A5
:10BC4000E3D0ECB220460BF031FC824620460BF0EC
:10BC50004DFCBAF1020F04460DF11600DDD8012C9F
:10BC6000DBD838780130F3F7C9FF4146F4F71AF80A
:10BC700004EB4404544430608346014659F83400D0
:10BC8000F4F7C4F809EBC404F060594682466068D2
:10BC9000F4F7BCF87B78306102338346012098408A
:10BCA000F3F7ACFF0446514658467461F3F7F0FED3
:10BCB00015F018FCF3F770FB15F0EAFCF3F774FECF
:10BCC00003467360204615F00DFCF3F765FB15F095
:10BCD000DFFCF3F769FEB060ACE71846F5F7E8FE65
:10BCE000BDF816204FF47A7101FB00212B46114A52
:10BCF000134813F079FEFCE60398F5F7D9FEBDF87A
:10BD000016500C4A4FF47A7101FB00510D4823463E
:10BD100007B0BDE8F04F13F067BE00BFD03D002074
:10BD2000548B0308E83D002084C803085C8B03089B
:10BD3000CDCCCC3D70C803088C8B0308CC8B03089A
:10BD400000890308208B03080A289DBF034B00EBE2
:10BD5000400003EBC0000020704700BFE83D00201A
:10BD600000487047D03D002010B582B0B0B1044605
:10BD70000DF10600F5F79CFEBDF806300F4A4FF4B2
:10BD80007A7101FB00310E4813F02EFE0D48162289
:10BD9000214602B0BDE8104006F0B8BD0DF1060026
:10BDA000F5F786FEBDF8063002464FF47A7101FBC6
:10BDB0000231054813F018FE00BEFEE754C8030820
:10BDC000188C0308548B0308048603082DE9F047F8
:10BDD0000646FFF7FFFC4FF000080746338843FA9A
:10BDE00008F35FFA88F4DB07204635D50BF05EFBDD
:10BDF000054620460BF07AFB00EB40042C4406EB92
:10BE0000840957F834A0B9F80200F3F7F7FE514659
:10BE1000F3F740FEF4F722F90546B9F80400F3F70A
:10BE2000EDFE5146F3F736FEF4F718F981464D451D
:10BE3000284654DCF3F7E2FE01465046F4F7EEF8EC
:10BE400000284CD107EBC4044846F3F7D7FE6168DD
:10BE5000F4F7E4F8002842D108F10108B8F10B0F1B
:10BE6000BCD1B37E0F2B3AD8F37E072B37D873881B
:10BE70007F2B34D8B3887F2B31D8F3897F2B2ED8F2
:10BE8000338A7F2B2BD8337F0F2B28D8737F072B38
:10BE900025D8F3887F2B22D833897F2B1FD8738A2C
:10BEA0007F2B1CD8B38A7F2B19D8B37F0F2B16D8C2
:10BEB000F37F0F2B13D87389B3F5804F0FD2B3895B
:10BEC000B3F5804F0BD2F38AB3F5804F07D2308B96
:10BED000B0F5804F34BF00200120C00000E00820F2
:10BEE000BDE8F0872DE9F04F664E674883B0202209
:10BEF000314606F0CFFC002800F09F80052804465C
:10BF00000DF1060940F08A804846F5F7D1FDBDF8ED
:10BF100006304FF47A7101FB00315C4813F064FD88
:10BF20000027FFF757FC3780564E0446354606F18A
:10BF3000180800F1180A216860686F80F3F7A8FDFF
:10BF4000F4F7B2F80346A169E069AB80EF81F3F73B
:10BF50009FFDF4F7A9F808345445288228F8027F99
:10BF600005F10405E7D147494748202206F0CEFCF9
:10BF70000446002877D1FFF72DFC454F33883B80DE
:10BF80008046002500E033882B41ECB2DB072046D9
:10BF90002CD50BF08BFA814620460BF0A7FA00EB6C
:10BFA00040034B4406EB830B58F833A000EBC00072
:10BFB00009EB49028400BBF8020004EB8204F3F7AA
:10BFC0001DFE5146F3F766FD3C4406EB49096060EF
:10BFD000BBF80400F3F712FE5146F3F75BFDA060D7
:10BFE00099F81B000130F3F709FEE06001350B2DD5
:10BFF000C9D1B17E327FB37F013101320133C1EB50
:10C000000111C2EB0212C3EB0313890092009B00E3
:10C01000C7E913127B6503B0BDE8F08F4846F5F71A
:10C0200047FDBDF806204FF47A7101FB002123463D
:10C03000184A194813F0D8FC66E73046FFF7C6FEE9
:10C04000002898D00DF106094846F5F731FDBDF8F6
:10C050000630104A4FF47A7101FB003108230F4873
:10C0600013F0C2FC50E74846F5F722FDBDF8063054
:10C07000084A4FF47A7101FB00312346084813F057
:10C08000B3FC78E7483F0020588C0308608C030815
:10C09000F03E0020BCC8030800890308908903080B
:10C0A000208B030800487047F03E002038B5054655
:10C0B0000BF0FCF9044628460BF018FA022C0BD8BA
:10C0C000012809D84042054B04EB440400F0240049
:10C0D00000EB8400184438BD002038BDF43E002039
:10C0E00000487047483F002010B582B088B1044630
:10C0F000FFF76CFE48B921461748202206F006FCDF
:10C100000446B0B9204602B010BD0824204602B053
:10C1100010BD0DF10600F5F7CBFCBDF80630024668
:10C120004FF47A7101FB02310C4813F05DFC00BE44
:10C13000FEE70DF10600F5F7BBFCBDF80630084A36
:10C140004FF47A7101FB00312346064813F04CFC92
:10C15000204602B010BD00BF588C030804860308B7
:10C160009CC80308208B0308F0B54A4D4A4883B0A9
:10C170001C22294606F08EFB002853D005280446D1
:10C180000DF1060772D105F11C043846F5F790FC55
:10C19000BDF806304FF47A7101FB00313F4813F0CF
:10C1A00023FC3C4B3E4A43F8042BA342FBD14FF403
:10C1B000C06338493848AB821C2206F0A7FB06460C
:10C1C00068B13846F5F774FCBDF806204FF47A7173
:10C1D00001FB002133463348334A13F005FC334E4C
:10C1E0002C4A314613785078487103EB83035B0087
:10C1F00002321E3394420B7101F10201F2D1297D0A
:10C200006B7D43EAC1034FF48F627F2BF280728112
:10C2100032833AD033B34FF4167202FB03F3336028
:10C2200003B0F0BD2B4605F11C041A780F2A09D87B
:10C230005A78072A03F1020304D89C42CFD01A7817
:10C240000F2AF5D90DF106073846F5F731FCBDF890
:10C250000630154A4FF47A7101FB0031144813F08F
:10C26000C3FB92E73C23336003B0F0BD3846F5F7DB
:10C270001FFCBDF806204FF47A7101FB0021234614
:10C28000094A0C4813F0B0FB7DE70B4B336003B059
:10C29000F0BD00BF683F0020908C0308988C030815
:10C2A00009040904208B0308F0C80308843F002018
:10C2B000C88C0308008903088051010000487047BA
:10C2C000843F002000487047683F002070B52A4D29
:10C2D0008C4606460FCD88B001ACA646AEE80F00EE
:10C2E00095E80700BCF5804F8EE807002FD20123A8
:10C2F0001946B01E5A1E01FA02F212EA0C0F05D0BE
:10C3000004EB430230F8135022F8025C01330F2B88
:10C31000F0D123461A780F2A19D85A78072A03F140
:10C32000020314D808AA9A42F4D114481C222146C8
:10C3300006F0ECFA054670B90FCC0F4D0FC594E826
:10C340000700002385E80700184608B070BD0123E8
:10C35000184608B070BD0DF10200F5F7A9FBBDF855
:10C360000230074A4FF47A7101FB00312B46054831
:10C3700013F03AFBE0E700BF683F0020908C030811
:10C38000D4C80308208B0308F8B5B0F8013004784E
:10C3900058BA80B240EA0440A0F5000015460E46A7
:10C3A000F3F72CFC04462868F3F728FCA968074635
:10C3B0003046F3F777FC01463846F3F76BFBE96844
:10C3C00007462046F3F76EFC01463846F3F762FB5A
:10C3D000696907462046F3F765FC3146F3F762FCCE
:10C3E00001463846F3F756FB296907463046F3F70E
:10C3F00059FC3146F3F756FC01463846F3F74AFB41
:10C40000A96907462046F3F74DFC2146F3F74AFC9D
:10C4100001463846F3F73EFBE96907462046F3F745
:10C4200041FC3146F3F73EFC3146F3F73BFC014655
:10C430003846F3F72FFB296A07462046F3F732FC0C
:10C440002146F3F72FFC3146F3F72CFC0146384622
:10C45000F3F720FB696A06462046F3F723FC2146E2
:10C46000F3F720FC2146F3F71DFC01463046F3F7B5
:10C4700011FBF8BD70B584B028B30E4604464FF0EA
:10C48000FF31006810F00AFC0125D1230DF10F01E6
:10C49000002200918DF80F208DF80E300195314665
:10C4A0002B460DF10E02204605F0A2F828B99DF8A2
:10C4B0000F305C2B14BF03250025206810F020FCF2
:10C4C000284604B070BD0525284604B070BD00BFE5
:10C4D0000023106082F8341082F8353082F836304C
:10C4E000704700BF0000000070B58AB0002800F05F
:10C4F0005D8103680446002B00F0588118684FF0F6
:10C50000FF31012503AE10F0C9FBCDE90065D12351
:10C5100000228DF80C208DF80B300DF10B022B460C
:10C5200094F83410206805F063F822680346106818
:10C53000002B40F036819DF80C305C2B40F03A81A6
:10C5400010F0DEFB23684FF0FF31186810F0A6FBF7
:10C55000A0218DF80B1019210096019194F8341048
:10C5600020682B460DF10B0205F042F8002840F040
:10C5700016819DF824309DF80D109DF90C001A09C4
:10C5800042EA01129DF81F1003F00F0343EA011362
:10C590009DF91E1053EA013348BF0F3342EA0032BF
:10C5A000BDF80E0012111B116260A360C0BAF3F750
:10C5B00025FBF2F7F1FE82A3D3E90023F2F744FF53
:10C5C00081A3D3E90023F3F769F881A3D3E900231A
:10C5D000F2F784FDF3F708FABDF81230E060D8BA3C
:10C5E000F3F70CFBF2F7D8FE7BA3D3E90023F2F7B5
:10C5F0002BFF75A3D3E90023F3F750F878A3D3E911
:10C600000023F2F76BFDF3F7EFF9BDF8103020616E
:10C61000D8BAF3F7F3FAF2F7BFFE73A3D3E9002316
:10C62000F2F712FF68A3D3E90023F3F737F870A3FA
:10C63000D3E90023F2F752FDF3F7D6F9BDF8143031
:10C640006061D8BAF3F7DAFAF2F7A6FE6AA3D3E983
:10C650000023F2F7F9FE5CA3D3E90023F3F71EF8F9
:10C6600067A3D3E90023F2F739FDF3F7BDF9BDF86D
:10C670001630A061D8BAF3F7C1FAF2F78DFE62A3C3
:10C68000D3E90023F2F7E0FE4FA3D3E90023F3F749
:10C6900005F85FA3D3E90023F2F71EFDF3F7A4F931
:10C6A000BDF81830E061D8BAF3F7A8FAF2F774FED3
:10C6B00059A3D3E90023F2F7C7FE43A3D3E900232C
:10C6C000F2F7ECFF56A3D3E90023F2F707FDF3F7E7
:10C6D0008BF9BDF81A302062D8BAF3F78FFAF2F767
:10C6E0005BFE51A3D3E90023F2F7AEFE36A3D3E9F4
:10C6F0000023F2F7D3FF4EA3D3E90023F2F7EEFCB9
:10C70000F3F772F9BDF81C306062D8BAF3F776FA25
:10C71000F2F742FE48A3D3E90023F2F795FE2AA3DD
:10C72000D3E90023F2F7BAFF45A3D3E90023F2F7D8
:10C73000D5FCF3F759F9BDF82030A062D8BAF3F769
:10C740005DFAF2F729FE40A3D3E90023F2F77CFE5D
:10C750001DA3D3E90023F2F7A1FF3DA3D3E90023F2
:10C76000F2F7BAFCF3F740F9BDF82230E062D8BA2C
:10C77000F3F744FAF2F710FE37A3D3E90023F2F7F8
:10C7800063FE11A3D3E90023F2F788FF34A3D3E9B2
:10C790000023F2F7A1FCF3F727F9002520632368B3
:10C7A000186810F0ADFA28460AB070BD0525284675
:10C7B0000AB070BD10F0A4FA032528460AB070BD77
:10C7C000B29DEFA7C64BB73F00000000C0FFDF409F
:10C7D0009A9999999999B93FDBF97E6ABC74933F0C
:10C7E0004C37894160E5A03F76830DF4F521B43ED6
:10C7F000DF413ADC11C5493EB37AEA055DCA823EA3
:10C800000CB8DF888B2F8C3E03C69CDE430DF83DB1
:10C81000037FF3E189A5053EC863DFAF78BD6A3DBC
:10C82000840F02F22C68543D20015B6E87050B3D9E
:10C83000631AA63345EAE23C888BFFCE2BC5963CB3
:10C84000BA8C194927BCA23C0395F1EF332E3C3F2B
:10C8500020D26F5F07CE793F700B1BE91F7EE03D52
:10C86000F485664906E4B43D70B330B5036885B01D
:10C87000044633B380F83620920080F8351042EA3F
:10C88000411242F0010218688DF80D20F4254FF096
:10C89000FF318DF80C5010F001FA002294F834109A
:10C8A00020680223CDE9002203AA04F0A1FE236838
:10C8B0000546186810F024FA281E18BF012005B09C
:10C8C00030BD062005B030BD0520704758B370B5A7
:10C8D000036884B004461BB3F32218688DF80F2058
:10C8E0004FF0FF3110F0DAF901250DF10E0294F846
:10C8F0003410CDE900252B4620680DF10F0204F01D
:10C9000077FE23680646186810F0FAF92EB99DF8EC
:10C910000E0000F0080004B070BD284604B070BDE1
:10C92000062004B070BD0520704700BF002862D00B
:10C930002DE9F041036884B00446002B53D00E4625
:10C94000002950D090F83520002A48D0FA221868E3
:10C950008DF80B204FF0FF3110F0A0F90321019169
:10C9600003AA94F834100092012320680DF10B0201
:10C9700004F03EFE23680546186810F0C1F9002D4A
:10C9800035D1BDF80D009DF80C3040BA80B240EAB8
:10C990000340A0F50000F3F731F90746A068F3F76C
:10C9A0002DF9E16A80463846F3F77CF901464046A6
:10C9B000F3F770F8216B80463846F3F773F9394680
:10C9C000F3F770F901464046F3F764F84FF06E5103
:10C9D000F3F768F93060284604B0BDE8F081032021
:10C9E00004B0BDE8F081062004B0BDE8F08101206C
:10C9F00004B0BDE8F0810520704700BF002865D075
:10CA00002DE9F047036886B00446002B56D00E4649
:10CA1000002953D090F83620002A4BD0F72218680E
:10CA20008DF80F204FF0FF3110F038F904AF0622D7
:10CA3000CDE90072012394F8341020680DF10F0243
:10CA400004F0D6FD23680546186810F059F9002D4A
:10CA500038D1BDF814009DF8133040BA80B240EAD6
:10CA60000340A0F50000F3F7C9F88046A068F3F78B
:10CA7000C5F8E16A81464046F3F714F90146484695
:10CA8000F3F708F8216B81464046F3F70BF941466E
:10CA9000F3F708F901464846F2F7FCFF04F1040AEF
:10CAA000014652463846FFF76FFC3060284606B014
:10CAB000BDE8F087032006B0BDE8F087062006B089
:10CAC000BDE8F087012006B0BDE8F087052070477B
:10CAD000002872D02DE9F047036886B00446002B89
:10CAE00063D00E46002960D01746002A5DD090F82A
:10CAF0003520002A55D090F83620002A51D0F72250
:10CB000018688DF80F204FF0FF3110F0C7F80DF1C5
:10CB100010080622CDE90082012394F83410206821
:10CB20000DF10F0204F064FD23680546186810F04B
:10CB3000E7F8002D3DD1BDF814009DF8133040BA40
:10CB400080B240EA0340A0F50000F3F757F88146B1
:10CB5000A068F3F753F8E16A82464846F3F7A2F873
:10CB600001465046F2F796FF216B82464846F3F79E
:10CB700099F84946F3F796F801465046F2F78AFFCE
:10CB8000221D014630604046FFF7FEFB38603068EA
:10CB90004FF06E51F3F786F83060284606B0BDE8D6
:10CBA000F087032006B0BDE8F087062006B0BDE898
:10CBB000F087012006B0BDE8F0870520704700BF70
:10CBC000034660B190F8352052B9032093F836300F
:10CBD0002BB10122013B02FA03F31844704770475E
:10CBE000013A012090400330F0E700BF2DE9704F7B
:10CBF000804684B008461646F2F7CEFB044640460F
:10CC00000D46F2F7A7FB02460B4682468B46F2F72B
:10CC10001BFCCDE90001B6F92600F2F7ABFB7B4B1C
:10CC20000022F2F759FA7A4B0022F2F70DFC224665
:10CC30002B46F2F709FC8046B6F924008946F2F744
:10CC400099FB724B0022F2F747FA724B0022F2F77F
:10CC5000FBFB02460B4640464946F2F73FFA804648
:10CC600096F928008946F2F785FB6B4B0022F2F714
:10CC7000EBFB22462B46F2F7E7FB22462B46F2F768
:10CC8000E3FB02460B4640464946F2F727FA804648
:10CC900096F929008946F2F76DFB604B0022F2F706
:10CCA000D3FB22462B46F2F7CFFB22462B46F2F768
:10CCB000CBFB22462B46F2F7C7FB02460B4640460B
:10CCC0004946F2F70BFA52465B46F2F7BDFBCDE957
:10CCD0000201B08DF2F73EFB514B0022F2F7B4FB9C
:10CCE00022462B46F2F7B0FB8046708DC000894685
:10CCF000F2F730FB02460B4640464946F2F7EEF9A2
:10CD0000804696F92E008946F2F734FB454B002207
:10CD1000F2F79AFB22462B46F2F796FB22462B4669
:10CD2000F2F792FB02460B4640464946F2F7D6F927
:10CD3000804696F92F008946F2F71CFB00224FF03F
:10CD40007C53F2F781FB22462B46F2F77DFB22460D
:10CD50002B46F2F779FB22462B46F2F775FB02468B
:10CD60000B4640464946F2F7B9F902460B46DDE963
:10CD70000201F2F7B3F9804696F932008946F2F7DC
:10CD8000F9FA294B0022F2F75FFB22462B46F2F715
:10CD90005BFB0446B6F930000D46F2F7EBFA224B86
:10CDA0000022F2F751FB02460B4620462946F2F7D5
:10CDB00095F9DDE90023F2F747FB02460B464046B2
:10CDC0004946F2F78BF9044696F933000D46F2F71F
:10CDD000D1FA164B0022F2F737FBDDE9002380463B
:10CDE000894650465946F2F72FFB02460B4640460D
:10CDF0004946F2F729FB02460B4620462946F2F740
:10CE00006DF9F2F7F1FD04B0BDE8708F0000D0407D
:10CE10000000203E0000B03E0000F03D0000A03DBC
:10CE20000000903F0000703F0000F03C0000E03B3D
:10CE30002DE9F0478246184615460F46F2F7DEFE0A
:10CE40004FF06051F2F72EFF37499DF920909DF881
:10CE500024809DF92860F2F725FF3449F2F71AFE85
:10CE6000BAF5C87F0446504628BF4FF4C870F2F7A1
:10CE7000C1FE01462046F2F715FF4FF07E51F2F752
:10CE800009FE04462846F2F7B9FE4FF07651F2F754
:10CE900009FF2749F2F7FEFD01462046F2F702FF9F
:10CEA00004464846F2F7AAFE4FF06A51F2F7FAFE3E
:10CEB00005463846F2F7A2FE01462846F2F7F2FE92
:10CEC00001462046F2F7E6FD04464046F2F792FEA0
:10CED0004FF08141F2F7DEFD01464FF08140F2F75D
:10CEE00095FF01462046F2F7DDFE04463046F2F794
:10CEF00085FE1049F2F7D6FE4FF07E51F2F7CAFDDB
:10CF000001464FF07E50F2F781FF01462046F2F7CE
:10CF1000C9FE0949F2F7BCFD0849F2F7C3FEF3F771
:10CF2000C3F8C0B2BDE8F0876F12033A75021A3B2E
:10CF3000000044426F12033B0000C8419A995940D7
:10CF40002DE9F04F87B0074614461D469DF84C204A
:10CF5000BDF948300093084656490192F2F7A2FE07
:10CF600055499DF944A09DF84060F2F791FDF2F714
:10CF700013FA804650468946F2F7FCF94F4B0022DF
:10CF8000F2F762FA824638468B46F2F7E3F9CDE9CA
:10CF900002012846F2F7EEF9494B0022F2F754FA63
:10CFA00042464B46F2F750FACDE904012046F2F72B
:10CFB000E1F9444B0022F2F747FA02460B46DDE95D
:10CFC0000401F2F78BF802460B46DDE90201F2F7A5
:10CFD00083F8044600980D46F2F7CCF93A4B00224C
:10CFE000F2F732FA02460B4620462946F2F72CFAAF
:10CFF000044630460D46F2F7ADF9304B0022F2F709
:10D0000023FA52465B46F2F71FFA42464B46F2F7C6
:10D010001BFA42464B46F2F717FA524606460F46AF
:10D020005B4640464946F2F70FFA284B0022F2F7DA
:10D0300055F802460B4630463946F2F74FF802469D
:10D040000B4620462946F2F7FFF9044601980D46A3
:10D05000F2F780F900224FF07B53F2F7F5F9224600
:10D060002B46F2F7F1F902460B4600201749F2F77A
:10D0700033F822462B46F2F7E7F900220023044654
:10D080000D46F2F753FC80B9114B00222046294689
:10D09000F2F760FC30B10E490020F2F7A5FC07B0B2
:10D0A000BDE8F08F20462946F7E7002007B0BDE82D
:10D0B000F08F00BF0000A045000096470000503EE2
:10D0C0000000103F000050400000F03E0000F03F24
:10D0D00000005940F0B130B5C56B83B004469DB136
:10D0E000036C8BB1436C7BB1436801220DF10701E6
:10D0F000F320A84784F8480048B99DF8073003F0AA
:10D100001003637303B030BD4FF0FF30FAE76FF0E8
:10D110000100F7E74FF0FF30704700BF002938D01B
:10D1200030B5CD6B83B00C466DB30B6C5BB34B6C01
:10D130004BB34B7BC043C0F3C010B3EB001F4FEAAF
:10D1400000121DD04A734B6801220DF10701F32034
:10D15000A84784F84800C8B99DF80720637B256C70
:10D1600003F0100322F010021A438DF807206368C1
:10D170000DF1070101227320A84784F8480028B95F
:10D18000002003B030BD4FF0FF30FAE76FF0010030
:10D19000F7E74FF0FF3070472DE9F04387B00546C1
:10D1A0000020CDE90100CDE903000590002B4CD013
:10D1B0001F46DB6B002B48D03B6C002B45D07B6CB3
:10D1C000002B42D0002D40D000293ED002F1FF3983
:10D1D000B9F1090F90463BD84E1EA94401AC013D60
:10D1E000014607E016F8013F20704D45637004F1D9
:10D1F000020414D03B7B15F8010F002BF2D1394605
:10D20000FFF78CFF95F800C016F8013F63700146E8
:10D210004D450CF07F00207004F10204EAD181B981
:10D220004FEA48020DF105013C6C7B689DF8040053
:10D23000013AA0470028014687F8480018BF6FF060
:10D240000101084607B0BDE8F0834FF0FF31F8E771
:10D250006FF00301F5E700BF2DE9F8434BB3D3F8B6
:10D260003C801C46B8F1000F23D01B6C0BB3636CE1
:10D27000FBB10D46E9B1237B0746914673B1002609
:10D2800063684A4629463846C047002884F8480063
:10D2900018BF6FF001063046BDE8F8832146FFF75E
:10D2A0003DFFD4F83C8006460028E9D147F08007CE
:10D2B000E6E74FF0FF36EEE730B583B0E022B62365
:10D2C0008DF806208DF8073038B3C36B044623B3BE
:10D2D000036C13B3436C03B3037BB3B12346012246
:10D2E0000DF107010DF10600FFF756FF054688B95D
:10D2F000636C616842F210709847237B53B92046F3
:10D3000003B0BDE83040FFF7E5BEFFF7E3FE05469A
:10D310000028E3D0284603B030BD4FF0FF35F9E7D1
:10D3200010B504468CB0FFF7C7FF23460122214603
:10D33000D020FFF791FF8446C0B92278612A40F0DF
:10D3400089808DF804002346012201A9F020FFF70F
:10D3500083FF844650B99DF80430A360172223460A
:10D3600001A98A20FFF778FF844610B160460CB00F
:10D3700010BD23460E220DF11B01E120FFF76CFFCB
:10D3800084460028F2D1234605220DF12901FFF73A
:10D3900063FF84460028E9D1BDF82310E183BDF87E
:10D3A000041021849DF8061084F82210029961620D
:10D3B000BDF80C109DF81C302185DDF80E109DF88D
:10D3C0001B00C4F82A10BDF81210E1851A09BDF837
:10D3D0001610218642EA0012BDF818106186B2F5D7
:10D3E000006F9DF81D109DF81E00A074A8BFA2F547
:10D3F000805203F00F0343EA0113A8BF12B29DF855
:10D400002B10E282B3F5006F9DF92D20A8BFA3F584
:10D410008053C1F30111A8BF1BB284F83810121158
:10D420009DF8291084F8391084F83A2023829DF859
:10D430001F209DF82030E3749DF827309DF82110BF
:10D4400022756376BDF825209DF828302176628309
:10D4500023778BE76FF0020C88E700BF10B582B02E
:10D4600004460B46052269467120FFF7F5FE1CB302
:10D4700000BB9DF801109DF803209DF804C001F049
:10D480000701034661F30703510961F30F23C2F358
:10D49000820262F31743CCF3820262F31F639DF9A9
:10D4A00000202360002AB5BF08234FEA5C1C2371CB
:10D4B00084F804C002B010BD4FF0FF30FAE700BF9F
:10D4C00070B582B074238DF8073000294AD0CD6B37
:10D4D0000C46002D46D0064622E0636801220DF17D
:10D4E0000601A8470546012223460DF106010DF16C
:10D4F000070084F848506DBB9DF806C01CF0030F70
:10D500002CF0030E31D08DF806E0FFF745FE636C7A
:10D510006168054642F210709847C5B9E56B0DB3D6
:10D52000236C7420F3B1636CE3B1237B002BD4D163
:10D530002146FFF7F3FD054688B1E66B63680122DB
:10D540000DF106017420B04784F8480010B9284650
:10D5500002B070BD6FF00105284602B070BDE56BEA
:10D56000F420BAE74FF0FF35F1E7002EEFD02CF0B2
:10D57000030506F003063543234601220DF106019B
:10D580000DF107008DF80650FFF706FE0546DEE7B1
:10D59000F0B56D4B0C46054693E8030087B00022BA
:10D5A00002908DF80C1004928DF81420234601226D
:10D5B0000DF107017420FFF74FFE9DF80770C0B111
:10D5C00002468DB1104607B0F0BD0523AB7094F84C
:10D5D000493043F0010384F84930E36B23B1236CF5
:10D5E00013B1636C002B4CD14FF0FF32104607B0E3
:10D5F000F0BD2146FFF764FF06460246002DF3D03A
:10D600000028DFD10522234604A97120FFF724FE5C
:10D6100084F8496002460028D4D1E36B002BE3D0A4
:10D62000236C002BE0D0636C002BDDD0EA78072A56
:10D6300071D90723EB7094F8493043F0010384F863
:10D640004930E36B002BCFD0236C002BCCD0636C24
:10D65000002BC9D06B78052B10D905236B7094F87B
:10D66000493043F0010384F84930E36B002BBBD011
:10D67000236C002BB8D0636C002BB5D0AB78052B96
:10D68000A3D82B78052B4AD82B79082B07D9082348
:10D690002B7194F8493043F0010384F849309DF828
:10D6A00013306878EA7803F01F0343EA4013A87840
:10D6B0002D78800000F01C0023F01C0303439DF82C
:10D6C00014008DF81330920020F01C0002F01C02B0
:10D6D00002438DF814209DF8112005F0070322F075
:10D6E00007021A438DF8112004A90522234602A837
:10D6F000FFF752FD07F003070246002F3FF462AF29
:10D7000000287FF45FAF21463846FFF7D9FE024676
:10D71000104607B0F0BD6A78052A9ED8ACE705230D
:10D720002B7094F8493043F0010384F84930E36BDF
:10D73000002B3FF459AF236C002B3FF455AF636CC3
:10D74000002B3FF451AF9FE7088D030800B5354B20
:10D750008C46864693E8030083B0ADF8041061461A
:10D760000090A9B1A2B1D36B93B1136C83B1536C88
:10D7700073B19CF8010005280DD905238CF8013000
:10D7800092F84930D06B43F0010382F8493028BB4E
:10D79000002003B000BD9CF80200052828D8002B0B
:10D7A000F6D00B78052B33D86B441B7848788A78F1
:10D7B0000DEB00016A44097812780A44134440F2E0
:10D7C000AB72BEF1020F02FB03F30BBF03F58650F1
:10D7D00003F5A55005300D3003B000BD136C002BD0
:10D7E000D6D0536C002BD3D09CF80230052BD8D95F
:10D7F00005238B7092F84930D06B43F0010382F817
:10D8000049300028C4D0136C002BC1D0536CC6E73C
:10D8100005230B7092F8490040F00100102382F8B4
:10D820004900C3E73C4603082DE9F04FC5B00DF1B0
:10D83000C809069204460F464822002148469B46E6
:10D8400012F06EFF38AB1B933EABCDF868901C9383
:10D85000BBF1000F00F08382DBF83C30002B00F0BE
:10D860007E82DBF84030002B00F07982DBF8443018
:10D87000002B00F07482002F00F07182012C25D063
:10D88000023C012C0BD9012300240493069B002B9E
:10D8900000F065821C70049845B0BDE8F08F33221B
:10D8A000002125A812F03CFF1E2200211DA812F025
:10D8B00037FF5B46332225A91D20FFF7CDFC00284A
:10D8C00000F0FE80022300240493DFE70023CDE96B
:10D8D0002533CDE927338DF8A4304FF0050A5B4698
:10D8E000112225A91D20FFF7B7FCBDF89C209DF84B
:10D8F00094309DF8A4509DF89A80CDF81C8052BABF
:10D9000023F07F01ADF8742005F030020A4303F0E4
:10D910000F039DF895103A701206B9709DF897C0E4
:10D920009DF896109DF898609DF899E09DF89B9061
:10D930009DF8A38004907B7004D4002800F0B2808E
:10D940000024A3E70A91CDF820C0F2460028F7D1C1
:10D9500003F15A0001225B46F91CFFF77DFC04909D
:10D960000028EDD178785030C0B25B460122391DD5
:10D97000FFF772FC04900028E2D178786430C0B2DE
:10D980005B460122791DFFF767FC04900028D7D180
:10D99000079B180240EA0A4040EA0900F1F7DAFC66
:10D9A0008146BBF81E0000028A46F1F7E3FC0246FE
:10D9B0000B4648465146F1F78FFBCDE904019BF930
:10D9C0002200F1F7D7FCCA4B0022F1F73DFD81465A
:10D9D0008A46DDE9040102460B46F1F735FD0246B1
:10D9E0000B4648465146F1F72FFD8146BBF8200013
:10D9F0008A46F1F7AFFCBF4B0022F1F725FDDDE9C8
:10DA00000423F1F721FD02460B4648465146F1F743
:10DA100065FBF1F7E9FF089B814618020A9BC7F8EE
:10DA2000089040EA034030435A464946FFF7DEF883
:10DA3000F8609BF818300393BBF9163002939BF9FA
:10DA4000143001939BF81330BDF8740000939BF9D8
:10DA50001230BBF91020494680B2FFF771FA05F089
:10DA60000F0338614FF48020D840F2F7C3F8A24981
:10DA7000F2F718F9AB0943EA88034FF4206206462F
:10DA8000032003FB0020F2F7B9F801463046F2F715
:10DA9000BDF9786197F90030002BBFF613AF002372
:10DAA0000493F3E6DBF84430DBF8041042F2107024
:10DAB00098470AF1FF3313F0FF0A7FF410AFE9E74C
:10DAC0001DA95B461E225020FFF7C6FB04900028CC
:10DAD0007FF4F8AEBBF82000F1F73CFC854B002248
:10DAE000F1F7B2FCCDE910019BF92200F1F742FCFD
:10DAF0007F4B0022F1F7A8FCCDE91201BBF81E0014
:10DB00000002F1F737FCBBF910300B939BF9123090
:10DB10000C939BF813300D930DF1680A9BF91430A8
:10DB20000E93CDE91401BBF916300F93CDE918A778
:10DB30009BF8183016930DF19408CDF81CA0CDF881
:10DB40005CB098F8106098F8003098F803B003F0D3
:10DB50000F0206F0300123F07F03092A43EA010394
:10DB60004FF0000028BF092263F3070098F8013046
:10DB700062F30F2063F3174098F806300DEB0201B3
:10DB800098F805201B0243EA024391F87E2062F3D5
:10DB90001F60079A52F804AB0792CAF8000098F881
:10DBA000070098F8022018434FEA0B2B98F804302E
:10DBB0004BEA024B4BEA030B98F8082098F809301F
:10DBC00043EA02230A9391F8743098F80F208AF8F8
:10DBD000043091F888308AF80530B30943EA8207A7
:10DBE000F1F7B8FBDDE91423F1F776FA02460B46AC
:10DBF00004460D46F1F728FCDDE91223F1F724FC79
:10DC00002246CDE908012B46DDE91001F1F71CFCA5
:10DC10000B460246DDE90801F1F760FAF1F7E4FE90
:10DC20000446179ACAF8080021465846FEF7DEFF58
:10DC3000169ACAF80C0003920F9A02920E9A019259
:10DC40000D9A00920AA80DC82146FFF779F94FF402
:10DC50008023CAF8100006F00F0023FA00F0F1F755
:10DC6000C9FF2549F2F71EF84FF42063032204464A
:10DC700007FB0230F1F7C2FF01462046F2F7C6F873
:10DC800008F111080DF1C7034345CAF814007FF4E9
:10DC900058AFDDE918A700240AF10C00534653F8E9
:10DCA000042B92F90020611C002AB8BFCCB2834239
:10DCB000F5D1484656460025013506F1040842468E
:10DCC0002B4690F900E052F8041BBEF1000F91F9C9
:10DCD00000C027DBBCF1000F02DA316042F8040C0F
:10DCE0000133DBB2032B09D030680223E9E700BF20
:10DCF0000000F03C0000103E00247449022D29D1A0
:10DD000007F1480C5AF8046B0FCE3D460FC596E854
:10DD100003001837674585E80300F3D1002C7FF432
:10DD2000B5ADCFE5BCF1000FDADA90F802E091F87A
:10DD300002C0ACEB0E0C1FFA8CFC0CF1020E1FFAA9
:10DD40008EFEBEF1010F0FFA8CFCC6D9BCF1020F9A
:10DD5000C6DDC2E7D8F8000046460125ACE74FF023
:10DD6000FF33049397E500BF2DE9F04F9BB047F2D6
:10DD70007013ADF83430002900F0978107460E4645
:10DD8000002011461546FFF79BFB044618B12046BC
:10DD90001BB0BDE8F08F6E23022F0DF138098DF80E
:10DDA00033300E901190149017901290ADF84C00F3
:10DDB0001590ADF858001890ADF86400C9F804004B
:10DDC000A9F8080000F0A080032F04D0012F00F074
:10DDD0000B810124DBE7F768002F00F06681B36850
:10DDE000002B00F0628196F810B0BBF1000F00F03C
:10DDF0004181A3F1020A95F90E30049395F9193087
:10DE00000593B5F91A30069395F91C3095F9392028
:10DE1000079395F838300996023FCDF820B0904628
:10DE20001E460A95E5B205F15A0309F80430079B2E
:10DE30003AF8020F04990093CDE90168DDE9052362
:10DE4000FEF7F6FF11AB37F8022F185514AB643507
:10DE5000B2F57C6F1D5555D23F2A4FF0000306D90D
:10DE6000920801333F2ADBB2FAD89B01DBB213449C
:10DE7000DBB217AA13550134A345D3D1DDE90886D7
:10DE80000A9D11A948462B464246FFF785F90446EC
:10DE900000287FF47CAF424614A82B4617A9FFF751
:10DEA0007BF9044600287FF472AF2B46022217A9A3
:10DEB0007020FFF7D1F9044600287FF468AF33786B
:10DEC000012B18BF06469DF85D000BF00F0200F015
:10DED000C00008BF202642EA000246EA02008DF890
:10DEE0005D009DF85C0018BF082420F00800204366
:10DEF0008DF85C002B4617A902220DA8FFF74CF9FC
:10DF0000044644E7FF23B4E7F368002B00F0CD801C
:10DF1000B168002900F0C980728A96F810B0002A12
:10DF200000F09280BBF1000F00F0AA80A3F1020A7A
:10DF300095F90E30049395F919300593B5F91A3017
:10DF4000069395F91C3095F93900079395F8383008
:10DF50000A9602390027CDE908240B95B8460C46ED
:10DF600006461D4608F15A0309F80730079B34F8A6
:10DF7000020F04990093CDE90156DDE90523FEF770
:10DF800057FF11AB08F16408D85514AB17AA03F872
:10DF900007803AF8023FD35501375FFA87F8D84532
:10DFA000E0D3DDE9082440F282739A42DDE90A6594
:10DFB00064D840494FF47A7302FB03F381FB0312E8
:10DFC00047F23F718B42C2F30F1271D900239208BE
:10DFD00001333F2ADBB2FAD89B01DBB21344DBB238
:10DFE000002C39D00324D2E695F93930029395F804
:10DFF0003830019395F91C3000935A2395F9192074
:10E000008DF8383095F90E10B5F91A307088FEF792
:10E010000FFFB2888DF844006423B2F57C6F8DF851
:10E02000503029D23F2A14D9920801343F2AE4B251
:10E03000FAD8A401E3B21344DBB28DF85C304FF0A0
:10E0400001084FF0000B1CE7BBF1000FCAD00324FE
:10E050006CE72346EFE7FF238DF8323001222B4691
:10E060000DF132010DF13300FFF796F80446002858
:10E070007FF48DAED84604E7FF23DEE7FF23AFE74A
:10E0800040F282739A42E6D80A4B4FF47A7102FB4F
:10E0900001F183FB013247F23F7013098142C2F361
:10E0A0000F1298BFDBB291D8D6E74FF0FF346EE67F
:10E0B000002393E7C54596082DE9F04FDFF8E4B05B
:10E0C00085B0044600274FF010034FF0FF31206861
:10E0D000ADF80C300EF0E2FD1BF8015B0223CDE938
:10E0E000007703AA2946204603F082FA06462068F4
:10E0F0000EF006FE3EB12C4B9B45E4D10025284690
:10E1000005B0BDE8F08F03260DF10A0A4FF01108A3
:10E11000B1460120F3F7EEFB4FF0FF3120688DF898
:10E120000E800EF0BBFD0123CDE900A30DF10E0220
:10E130002946204603F05CFA064620680EF0E0FD12
:10E14000002ED8D19DF80A30DB0703D4B9F10109BC
:10E15000DFD1D0E74FF0FF3120688DF80B600EF073
:10E160009DFD0DF10E030093022301930DF10B02AF
:10E1700001232946204603F03BFA064620680EF0AC
:10E18000BFFD002EB7D1BDF80E30A3F50472022AF0
:10E19000B5D940F613229342B1D040F215229342F2
:10E1A000A9D1ACE710C9030815C9030808B5FFF7E2
:10E1B00083FFB0FA80F04009800008BD28B121B18A
:10E1C000002308600B71CB800B727047002845D08C
:10E1D00070B50446006884B0002839D0FFF76CFFA2
:10E1E000207190B32268002310688DF80D304FF035
:10E1F000FF310EF053FD02260DF10E022179CDE91B
:10E200000026012320680DF10D0203F0F1F92368C7
:10E21000054618680EF074FDEDB9BDF80E30E380C8
:10E22000B3F5047F1DD040F21122934218D040F282
:10E230001222934217D040F61322934216D040F296
:10E240001522934215D0002000E0042004B070BDD8
:10E25000052004B070BD012004B070BD05207047DA
:10E2600001252572EFE735462572ECE70325257277
:10E27000E9E704252572E6E728B330B5026885B0E2
:10E280000446EAB10B4610688DF80D3022254FF098
:10E29000FF318DF80C500EF001FD0022217920682D
:10E2A0000223CDE9002203AA03F0A2F92368054660
:10E2B00018680EF025FD281E18BF012005B030BDDE
:10E2C000062005B030BD0520704700BF78B3F0B51B
:10E2D000036885B004463BB3242218688DF80E20ED
:10E2E0000F464FF0FF310EF0D9FC01250DF10F0262
:10E2F000CDE900252B46217920680DF10E0203F0AF
:10E3000077F92368064618680EF0FAFC4EB99DF8B6
:10E310000F3007EA0301003918BF0121C80005B01A
:10E32000F0BD284605B0F0BD062005B0F0BD0520C3
:10E33000704700BF0000000000285DD070B50D469A
:10E3400084B000295AD003680446002B4ED03022F6
:10E3500018688DF80B204FF0FF310EF09FFC032161
:10E36000019103AA21790092012320680DF10B028B
:10E3700003F03EF92368064618680EF0C1FC86BB20
:10E380009DF80E20D30734D51F4BBDF80C00510863
:10E3900043EAC01C11244FF409024FF4000313EAAE
:10E3A0000C0F18BF8CEA020C013C4FEA53034FEAF2
:10E3B0005202F4D15FFA8CFC614515D1F1F71AFCD9
:10E3C0004FF07251F1F76EFCF0F7E6FF0CA3D3E9C2
:10E3D0000023F0F781FEF1F707FB2860204604B028
:10E3E00070BD012004B070BD0320FBE7062004B01F
:10E3F00070BD022004B070BD052070470520F1E714
:10E4000066666666661271407F008000002854D000
:10E4100070B50D4684B0002951D003680446002B26
:10E4200045D0332218688DF80B204FF0FF310EF0E5
:10E4300035FC0321019103AA217900920123206870
:10E440000DF10B0203F0D4F82368064618680EF0AD
:10E4500057FC3EBB9DF80E20D3072BD5194BBDF8BA
:10E460000C00510843EAC01C11244FF409024FF478
:10E47000000313EA0C0F18BF8CEA020C013C4FEAB0
:10E4800053034FEA5202F4D15FFA8CFC61450CD180
:10E49000F1F7B0FB4FF06C51F1F704FC2860204617
:10E4A00004B070BD012004B070BD0320FBE706205E
:10E4B00004B070BD022004B070BD05207047052077
:10E4C000F1E700BF7F008000002800F08F802DE979
:10E4D000F0410D4686B000297CD01646002A79D03E
:10E4E00003680446002B79D0302218688DF80F207D
:10E4F0004FF0FF310EF0D2FB062204A9CDE9001245
:10E500000123217920680DF10F0203F071F82368CF
:10E51000074618680EF0F4FB002F53D19DF812E067
:10E520001EF0010F52D09DF8158018F0010F4DD04C
:10E53000BDF810003049BDF813704FEA5E0E41EA95
:10E54000C01111244FF409024FF400030B4218BF0D
:10E550005140013C4FEA53034FEA5202F6D1264A9A
:10E56000C9B242EAC71211244FF4090C4FF4000358
:10E57000134218BF82EA0C02013C4FEA53034FEAF0
:10E580005C0CF5D18E452DD1D2B2B2EB580F29D10A
:10E59000F1F730FB4FF07251F1F784FBF0F7FCFE1E
:10E5A00013A3D3E90023F0F797FDF1F71DFA2860D4
:10E5B0003846F1F71FFB4FF06C51F1F773FB3060F9
:10E5C000204600E0012006B0BDE8F081022006B040
:10E5D000BDE8F081052006B0BDE8F081062006B058
:10E5E000BDE8F081032006B0BDE8F081052070474A
:10E5F00066666666661271407F00800038B1037AF5
:10E60000042B03D8024A32F81300704700207047E9
:10E6100004C9030800283DD0F0B585B004460F2397
:10E620004FF0FF31012600688DF80A300DF10B071D
:10E630000EF034FBCDE9007633460DF10A025C2181
:10E64000204602F0D5FF054620680EF059FB35B98B
:10E650005C209DF80B3043EA002005B0F0BD4FF080
:10E66000FF3120680EF01AFBCDE900765D213346BC
:10E670000DF10A02204602F0BBFF054620680EF0AD
:10E680003FFB0DB95D20E4E70023184643EA002074
:10E6900005B0F0BD002343EA0320704708607047CF
:10E6A00000283AD02DE9F0410446006882B040B31A
:10E6B0000F46FFF7AFFFC6B2C0F3072590FA90F8F8
:10E6C0000DF10600F3F7F4F9BDF806204FF47A7166
:10E6D00001FB00212B461248324611F085F9B32E7A
:10E6E00013D0B42E05D0B12E0FD0042002B0BDE857
:10E6F000F081072F05D8062F03D00A4BA771DB5DE9
:10E7000004E0052002B0BDE8F08122230020A360D0
:10E71000A4F8048002B0BDE8F0810520704700BF76
:10E72000108D030818C9030800285ED070B5026870
:10E7300084B00446002A5DD04379B32B32D0B42B89
:10E7400022D0B12B1DD140F21113ADF80C300226AE
:10E7500003AD10684FF0FF310EF0A0FA00222179CE
:10E76000CDE9002233462A46206802F041FF2368A3
:10E77000054618680EF0C4FA281E18BF012004B020
:10E7800070BD002603ADE4E78379002BDBD01020B9
:10E7900001218DF80C008DF80D308DF80E10032638
:10E7A00003ADD6E749F211031068ADF80C304FF015
:10E7B000FF310EF073FA0022CDE9002203AD0223EF
:10E7C000217920682A4602F013FF2368064618685C
:10E7D0000EF096FA5EB90520F3F78CF841F211338A
:10E7E0002268ADF80C300226B3E7052070470120FF
:10E7F00004B070BD0620C2E770B370B5036884B082
:10E80000054633B3272218688DF80E204FF0FF31EC
:10E810000EF044FA01240DF10F022979CDE900240C
:10E82000234628680DF10E0202F0E2FE2B68064630
:10E8300018680EF065FA4EB99DF80F0000F003005D
:10E84000B0FA80F04009C00004B070BD204604B0AA
:10E8500070BD062004B070BD05207047002836D07A
:10E8600070B50E4684B0002933D0036804465BB30C
:10E870002B2218688DF80B204FF0FF310EF00EFAA6
:10E880000221019103AA21790092012320680DF150
:10E890000B0202F0ADFE2368054618680EF030FA50
:10E8A0007DB99DF80D309DF80C0000EB032000B2FF
:10E8B000F1F7A4F90849F1F7A9FA3060284604B045
:10E8C00070BD012004B070BD062004B070BD0520ED
:10E8D00070470520F3E700BF0000C84200283DD084
:10E8E00070B50E4684B000293AD00368044693B34D
:10E8F000282218688DF80B204FF0FF310EF0CEF96A
:10E900000321019103AA21790092012320680DF1CE
:10E910000B0202F06DFE2368054618680EF0F0F950
:10E92000B5B99DF80E109DF80D209DF80C3002EB46
:10E93000012203EB0223642003FB00F0F1F75AF9F4
:10E940004FF06651F1F7AEF93060284604B070BD63
:10E95000012004B070BD062004B070BD05207047D2
:10E960000520F3E7002851D0F0B50E4687B0002906
:10E9700046D01746002A43D003680446002B42D0F5
:10E98000282218688DF80F204FF0FF310EF086F91D
:10E99000052204A9CDE900120123217920680DF197
:10E9A0000F0202F025FE2368054618680EF0A8F94C
:10E9B0001DBB9DF812309DF8112002EB03229DF83B
:10E9C0001030642003EB022303FB00F0F1F712F98F
:10E9D0004FF06651F1F766F99DF8143038609DF8F4
:10E9E000130000EB032000B2F1F708F90849F1F732
:10E9F0000DFA3060284607B0F0BD012007B0F0BD29
:10EA0000052007B0F0BD062007B0F0BD0520704717
:10EA10000000C84200B18068704700BF2DE9F04F88
:10EA20002C4E87B0892304468DF80F3006F1030A77
:10EA30004FF000084FF0FF3120680EF02FF916F864
:10EA4000017B01230DF10F023946CDE900882046F4
:10EA500002F0CEFD054620680EF052F90A2025BBD3
:10EA6000F2F748FF4FF0FF3120680EF017F90DF173
:10EA7000100906232A4639460193CDF800902B460B
:10EA8000204602F0B5FD83462068134D0EF038F99C
:10EA90004946BBF1000F08D12868022240B102F0BC
:10EAA000E3FE9DF81230834206D05645C2D10027BE
:10EAB000384607B0BDE8F08F286802220DF1130137
:10EAC00002F0D2FE9DF815308342EED1384607B0F1
:10EAD000BDE8F08F2CC90308A43F0020B8B130B5C1
:10EAE0000C4D2B6883B0044643B12046FFF796FFD8
:10EAF000B0FA80F04009800003B030BDCDE90033AA
:10EB00001A46FF21312002F029FE2860EDE705209A
:10EB1000704700BFA43F002041B138B110B5094C87
:10EB2000236882B0086013B102B010BD7047CDE910
:10EB300000331A46FF21312002F010FE206002B09F
:10EB400010BD00BFA43F0020B8B138B5044600682E
:10EB500078B10D46FFF762FF68B1207125B9FD233A
:10EB60006371A571002038BD012D14BFE023F62389
:10EB7000F6E7052038BD042038BD0520704700BFEA
:10EB8000F8B130B50268437985B004464FF0FF31E3
:10EB900010688DF80F300EF081F80022217920687E
:10EBA0000123CDE900220DF10F0202F021FD2368BF
:10EBB000054618680EF0A4F8281E18BF012005B0FD
:10EBC00030BD0520704700BF00207047002842D0AC
:10EBD000F0B50D4685B000293AD0036804464FF0E1
:10EBE000FF3118680EF05AF803AF0322CDE9007226
:10EBF00000231A462179206802F0FAFC23680646B1
:10EC000018680EF07DF8F6B9144B186838B1022276
:10EC1000394602F029FE9DF80E30834216D1BDF828
:10EC20000C305BBA9BB2AF2003FB00F0F0F7E6FFBD
:10EC30000B49F1F7EBF80B49F0F72AFF03460020E8
:10EC40002B6005B0F0BD012005B0F0BD0920FBE749
:10EC5000052005B0F0BD0520704700BFA43F00208F
:10EC600000FF7F4700003442002844D070B50D46B5
:10EC700084B000293CD0036804464FF0FF31186887
:10EC80000EF00CF80621019102AA002321790092CE
:10EC900020681A4602F0ACFC2368064618680EF09D
:10ECA0002FF806BB154B186840B102220DF10B017D
:10ECB00002F0DAFD9DF80D30834217D1BDF80B301C
:10ECC0005BBA9BB2C3EB431003EB8000F0F796FFF7
:10ECD0000B49F1F79BF80B49F0F7DAFE03460020E9
:10ECE0002B6004B070BD012004B070BD0920FBE7AB
:10ECF000052004B070BD0520704700BFA43F002070
:10ED000000FF7F470000C040002867D02DE9F04198
:10ED10000D4684B000295DD01646002A5AD00368FB
:10ED200004464FF0FF3118680DF0B8FF0DF10808E8
:10ED30000622CDE9008200231A462179206802F0DC
:10ED400057FC2368074618680DF0DAFF77B9244CA2
:10ED50002068C8B14146022202F086FD9DF80A30C3
:10ED6000834207D0092004B0BDE8F081012004B03F
:10ED7000BDE8F081206802220DF10B0102F074FD64
:10ED80009DF80D308342EDD1BDF80830BDF80B4041
:10ED90005BBA9BB2AF2003FB00F0F0F72FFF1149E5
:10EDA000F1F734F81049F0F773FE64BAA4B2C4EB7B
:10EDB0004413286004EB8300F0F720FF0949F1F7C2
:10EDC00025F80A49F0F764FE03460020336004B0DA
:10EDD000BDE8F081052004B0BDE8F0810520704752
:10EDE000A43F002000FF7F47000034420000C040E5
:10EDF00038B18379022B03D8024A52F823007047B6
:10EE00000020704720C9030810B584B003234CF6D6
:10EE1000EF0103ACCDE90043ADF80A1002230DF178
:10EE20000A02702102F0E4FBC0B90F4B186838B138
:10EE30000222214602F018FD9DF80E30834210D1C7
:10EE4000BDF80C3040F63F005BBA184040F60703AF
:10EE5000984214BF0320002004B010BD012004B06C
:10EE600010BD092004B010BDA83F002030B583B00C
:10EE7000D8B1104D2B68044673B14FF0FF312068B4
:10EE80000DF00CFF2046FFF7BFFF054620680DF090
:10EE900037FF284603B030BDCDE900331A46FF21C5
:10EEA000312002F05BFC2860E7E70525284603B027
:10EEB00030BD00BFA83F002050B170B50D4682B0F4
:10EEC00021B1084E336804461BB12C6002B070BDFE
:10EED0007047CDE900331A46FF21312002F03EFC95
:10EEE0003060F2E7A83F002038B598B103680446C7
:10EEF00083B1002202714FF0FF3118680DF0CEFE91
:10EF00002068FFF781FF2368054618680DF0F8FEBA
:10EF1000284638BD0525284638BD00BF30B330B57A
:10EF2000026885B0044601714EF2580346F27860DB
:10EF3000002908BF03461068ADF80E304FF0FF31CE
:10EF40000DF0ACFE0022CDE9002270210DF10E0281
:10EF50002068022302F04CFB2368054618680DF078
:10EF6000CFFE281E18BF012005B030BD0520704718
:10EF700000207047002859D02DE9F0410E4684B09A
:10EF8000002955D00379044602AD002B3AD14FF049
:10EF900003082F4623684FF0FF3118680DF07EFEFE
:10EFA00000230095CDF804801A462068702102F0F5
:10EFB0001FFB2368054618680DF0A2FEF5B91D4B2E
:10EFC000186830B10222394602F04EFCBB78834209
:10EFD0002AD1388840BA80B2F0F710FE1649F0F70F
:10EFE00061FE4FF05E51F0F75DFE1449F0F750FD01
:10EFF00003463360002004B0BDE8F081012004B076
:10F00000BDE8F0812846F2F753FDBDF808300C4A00
:10F010004FF47A7101FB00310A4810F0E5FC4FF023
:10F0200006080DF10B07B5E70920E4E70520704756
:10F030000520E0E7A83F002000002F4300003442F5
:10F0400040C903084C8D0308002856D02DE9F04133
:10F050000D4684B0002952D00379012B044602AE3C
:10F0600033D14FF00308374623684FF0FF3118685B
:10F070000DF014FE00230096CDF804801A46206897
:10F08000702102F0B5FA2368064618680DF038FEC4
:10F090006EBB1C4B186830B10222394602F0E4FB0B
:10F0A000BB78834227D13B885BBA9BB2642003FBC9
:10F0B00000F0F0F7A3FD4FF05E51F0F7F3FD0346CB
:10F0C0002B60002004B0BDE8F0813046F2F7F0FC80
:10F0D000BDF808300C4A4FF47A7101FB00310B483F
:10F0E00010F082FC4FF006080DF10B07BCE7012081
:10F0F00004B0BDE8F0810920E4E705207047052051
:10F10000E0E700BFA83F002030C903084C8D03088A
:10F1100000286CD02DE9F0410D4684B0002962D062
:10F120001646002A5FD0036804464FF0FF31186886
:10F130000DF0B4FD0DF108080622CDE90082002390
:10F140001A462068702102F053FA236807461868AF
:10F150000DF0D6FDCFB9274F3868D0B14146022215
:10F1600002F082FB022280460DF10B01386802F0AA
:10F170007BFB9DF80A30434503D19DF80D30834257
:10F1800007D0092004B0BDE8F081012004B0BDE83B
:10F19000F081BDF80B30BDF80800227940BA5CBAA6
:10F1A000002AA4B280B203461CBF20461C46F0F7DA
:10F1B00025FD1149F0F776FD4FF05E51F0F772FD35
:10F1C0000E49F0F765FC6423286003FB04F0F0F7B8
:10F1D00015FD4FF05E51F0F765FD034600203360EA
:10F1E00004B0BDE8F081052004B0BDE8F081052041
:10F1F000704700BFA83F002000002F4300003442AA
:10F200000D2070472DE9F04F85B04FF0FF320021FF
:10F2100001200DF085FB002808DA0230F5D0514BB3
:10F22000186805B0BDE8F04F0DF0D6BA4E4D4F4FFF
:10F230004F4E28684FF0FF310DF030FD0020396847
:10F24000D6F800E0034604464FF0010C0CFA03F236
:10F25000114203F1010306D01EEA020F03D121EA95
:10F26000020114430120032BF0D100B1396028685A
:10F270000DF046FD002CC8D014F0010BDFF8F4A00F
:10F280002CD001F001FC00278046B8F1000F58D0C7
:10F290004FF0FF3128680DF001FD33682868CAF887
:10F2A000008043EA0B0333600DF02AFD32494046EB
:10F2B00008F04CFA8146E0B90137032FA5D00AF1D6
:10F2C000040A0123BB402342F6D0012F0AD001F0EB
:10F2D000F1FB022780464FF0040BD6E7A3072CD59D
:10F2E0000AF1040A01F0D6FB012780464FF0020B19
:10F2F000CBE70DF10E00F2F7DBFBBDF80E301F4A35
:10F30000CDF800904FF47A7101FB00313B461C4868
:10F3100010F06AFB4FF0FF3128680DF0BFFC0023AE
:10F32000CAF800303368286823EA0B0333600DF015
:10F33000E7FC404600F03AFABEE70AF1080A022765
:10F34000BFE70DF10E00F2F7B3FBBDF80E400B4A1C
:10F350004FF47A7101FB00413B460A4810F044FB30
:10F3600053E700BFC43F0020C03F0020BC3F002047
:10F37000B83F0020AC3F002089F3010870C90308A2
:10F38000C88D0308848D0308F0B52B4E0C4685B05C
:10F3900005464FF0FF3130680DF080FC274A1368B6
:10F3A0009C4221D053689C422DD093689C422ED021
:10F3B000204600F0FBF90DF10E00F2F779FBBDF8E5
:10F3C0000E301F4A4FF47A7101FB00311D4810F0D6
:10F3D0000BFB30680DF094FC1B4B1868012105B045
:10F3E000BDE8F0400DF020BA6FF001030027174987
:10F3F000002042F827000A681A400A605DB92046DA
:10F4000000F0D4F9E5E76FF002030127EFE76FF0B2
:10F4100004030227EBE70DF10E00F2F749FB00951C
:10F42000BDF80E50064A4FF47A7101FB00513B467D
:10F43000074810F0D9FAE2E7C03F0020AC3F0020B7
:10F4400050C90308348E0308C43F0020B83F002091
:10F45000008E030800B5002083B00DF0C5FB164BED
:10F46000186048B1154A164800210DF055F9154BA2
:10F47000186088B103B000BD0DF10600F2F718FB6B
:10F48000BDF8063002464FF47A7101FB02310E4896
:10F4900010F0AAFA00BEFEE70DF10600F2F708FB35
:10F4A000BDF8063002464FF47A7101FB023106487E
:10F4B00010F09AFA00BEFEE7C03F00208CC9030896
:10F4C00005F20108C43F00200486030870B50C4E05
:10F4D0004FF0FF31044630680DF0E0FB094B306817
:10F4E0001A68012505FA04F414431C600DF008FCA9
:10F4F000054B29461868BDE870400DF095B900BF6E
:10F50000C03F0020BC3F0020C43F00202DE9F04157
:10F5100000220A21092008F05FFF092008F096FF69
:10F52000184E194FDFF864804FF0FF352A4600214E
:10F5300001200DF0F5F900281CDBC3071FD40821BA
:10F54000134809F0D3FC33780128044618BF02247D
:10F55000A3424FF0FF31E9D038680DF09FFB3868C7
:10F5600034700DF0CDFBD8F800302046002BDDD0F4
:10F570009847DBE702304FF0FF35D7D1DFE74FF494
:10F58000FA75D3E7D03F0020D83F0020CC3F0020C1
:10F5900000040048034B186810B101210DF044B974
:10F5A000704700BFD43F002030B587B00024082248
:10F5B00005464FF4441369461B480494CDE90023E3
:10F5C000CDE9024409F032FB184B17481D600821B1
:10F5D00009F08CFC1649174A0128034618BF02237C
:10F5E0000868137002F09AF84FF400614FF09040F1
:10F5F00009F0FEFB4FF480514FF0904009F0F8FB0A
:10F600006420F2F777F90C4B20461C700DF0ECFAF1
:10F610000A4B0B4A054621460A481D600DF07CF84E
:10F62000094B186007B030BD00040048CC3F0020F3
:10F63000C0080020D03F0020C83F0020D83F002055
:10F64000B0C903080DF50108D43F002010B5064CE1
:10F650004FF0FF3120680DF021FB044B20681C782F
:10F660000DF04EFB204610BDD83F0020D03F0020BB
:10F6700070B5464E464D88B04FF0FF3104463068B5
:10F680000DF00CFB286802F049F80023CDE90233A5
:10F69000CDE904330693052C68D8DFE804F03E4B2F
:10F6A0001B030303032C04D0042C0CBF01230223EF
:10F6B00004934FF4006302A94FF09040029309F0C5
:10F6C000B5FA4FF480534FF0904002A9029309F02D
:10F6D000ADFA18E004234FF40062069302A9122346
:10F6E0004FF09040CDE9022309F0A0FA4FF4805387
:10F6F00002934FF09040002302A9049309F096FA78
:10F70000286801F0E1FF6420F2F7F4F8214B1C7047
:10F7100030680DF0F5FA08B070BD4FF400614FF09D
:10F72000904009F065FB4FF480514FF0904009F094
:10F730005FFBE8E74FF40062032302A94FF090401B
:10F74000CDE9022309F072FA4FF48052012302A995
:10F750004FF09040CDE9022309F068FA00224FF4FF
:10F7600080514FF0904009F0C7FBCCE70DF1060047
:10F77000F2F79EF9BDF806304FF47A7101FB0031C3
:10F780002246054810F030F9C2E700BFD83F0020FC
:10F79000C0080020C83F0020688E0308FAF784BD27
:10F7A00010B109B1FAF79CBD00207047FAF7B0BD5F
:10F7B00008B1FAF70DBE00B583B00DF10600F2F7FF
:10F7C00077F9BDF8063002464FF47A7101FB023139
:10F7D000024810F009F900BEFEE700BF04860308E6
:10F7E00000B583B020B1FAF7A3FDC0B203B000BDED
:10F7F0000DF10600F2F75CF9BDF8063002464FF451
:10F800007A7101FB0231024810F0EEF800BEFEE70B
:10F810000486030830B585B040B10D4631B10021F2
:10F820000446FAF7DFFD88B105B030BD0DF10E00DA
:10F83000F2F73EF9BDF80E3002464FF47A7101FB43
:10F840000231114810F0D0F800BEFEE7032229462D
:10F850002046FAF7D1FD0028E6D12B7803F0070205
:10F86000072A03D060F3C6032B70DDE7014620466C
:10F870000192FAF7B7FD019A2946204605B0BDE886
:10F880003040FAF7B9BD00BF048603082DE9F04106
:10F89000054682B013200E4690461F46FFF77EFFB6
:10F8A000044630B30323009305220023FAF786FDB4
:10F8B00005232A460093202500232046FAF77EFDE3
:10F8C0004246002300952046FAF778FD00233A4689
:10F8D00000952046FAF772FD01220023009220468F
:10F8E0003246FAF76BFD089A009500232046FAF796
:10F8F00065FD204602B0BDE8F08100BFB8B1F8B5A3
:10F900000E4609B115460AB90120F8BD0446FAF7BA
:10F910000BFD07462046FAF711FD2F44874208D811
:10F920002A4631462046BDE8F840FAF70BBD0120D3
:10F9300070470320F8BD00BF38B5602010F010FEFE
:10F9400058B1044605461320FAF7AEFC206008B112
:10F95000284638BD204610F00BFE0025F8E700BF12
:10F96000C0B110B5044682B00068FAF735FD032136
:10F970002068009100220023FAF720FD0022234690
:10F9800004F158011A7143F8082F8B42FAD1E2654D
:10F9900002B010BD704700BF002868D02DE9F04FBD
:10F9A0000A2983B00C4604D90123184603B0BDE8E8
:10F9B000F08F054608461F46FCF7C6F906460028A4
:10F9C000F2D0D5F85C80B8F1000F61D031683846CC
:10F9D000F0F71CFAD6F80C8041460746F0F700FB1A
:10F9E000002842D1D6F8109038464946F0F716FB69
:10F9F000002868D048464146F0F74AF84FF07C515D
:10FA0000F0F748F8F0F750FB05EBC40407462379FC
:10FA1000A2687069A760D5F80090002B4BD04FF01A
:10FA20007C51A7EB0208F0F73DF9F0F717FB88EAE5
:10FA3000E87BABEBE87B8345D6F808A01ADB0AF13C
:10FA4000FF334FF0FF329A40022323714846D31709
:10FA5000CDF800A0FAF7B2FC0346002835D0012209
:10FA60001846227103B0BDE8F08F4046C3E701237A
:10FA7000184670474246D317CDF800A04846FAF71B
:10FA80009DFC0346002BEAD1EA6D0132EA65E6E708
:10FA90000C9A124BA3FB02321923009328684346A9
:10FAA000D208FAF78BFC04220092286843462246CB
:10FAB000FAF784FC8AE77268009248463A46FAF7F9
:10FAC0007DFC0346DEE7384695E7726800922868B9
:10FAD0003A46FAF773FC0346D4E700BFCDCCCCCC52
:10FAE0000068FAF775BC00BF08B50068FAF720FC9B
:10FAF000C0B208BD70B582B0144605460E46FAF78E
:10FB000013FC0C34A04220D301A92846FFF782FE43
:10FB1000044638B99DF8043003F07F03172B14D145
:10FB20000B2E02D1204602B070BD072128468DF869
:10FB30000340FAF757FC05220DF103012846FAF7B6
:10FB40005BFC9DF80330B342ECD00824204602B0A1
:10FB500070BD00BF70B582B0C0B30D4639B3044666
:10FB6000FAF7E2FB0B281ED901A92046FFF752FE47
:10FB70000646C8B99DF8043003F07F03172B12D155
:10FB800007218DF804002046FAF72CFC052201A974
:10FB90002046FAF731FC9DF804300A2B03D8304692
:10FBA0002B7002B070BD0826304602B070BD01A8AF
:10FBB000F1F77EFFBDF8043002464FF47A7101FB85
:10FBC00002310A480FF010FF00BEFEE701A8F1F76E
:10FBD0006FFFBDF8043002464FF47A7101FB023129
:10FBE00002480FF001FF00BEFEE700BF04860308D5
:10FBF000F0B583B000284DD00C4639B30222052160
:10FC00000646FFF777FF054610B1284603B0F0BD62
:10FC100002220DF106018DF806003046FAF7ECFBE2
:10FC20009DF80630C4F80150C3F3400103F001020F
:10FC3000E170671C22700D46C2B9002DE5D0042288
:10FC4000A1183046FAF7D8FB0546DEE70DF10600AD
:10FC5000F1F72EFFBDF8063002464FF47A7101FB32
:10FC6000023114480FF0C0FE00BEFEE70222A118C8
:10FC70003046FAF7C1FB05460028C6D104223946B2
:10FC80003046FAF7B9FB05460028BED1E578002DCD
:10FC9000BBD0D4E70DF10600F1F70AFFBDF806303E
:10FCA00002464FF47A7101FB023102480FF09CFECC
:10FCB00000BEFEE704860308F0B583B068B30C46C7
:10FCC00000293AD01646C2B1012207210546FFF7A6
:10FCD00011FF074670B98DF8060001220DF10601EB
:10FCE0002846FAF789FB9DF8063023703770237891
:10FCF000012B32D0384603B0F0BD0DF10600F1F70C
:10FD0000D7FEBDF8063002464FF47A7101FB02318E
:10FD100015480FF069FE00BEFEE70DF10600F1F791
:10FD2000C7FEBDF8063002464FF47A7101FB02317E
:10FD30000D480FF059FE00BEFEE70DF10600F1F789
:10FD4000B7FEBDF8063002464FF47A7101FB02316E
:10FD500005480FF049FE00BEFEE703223146284663
:10FD6000FAF74AFB0746C5E70486030870B582B078
:10FD700020B30C4691B1032208210546FFF7BAFED5
:10FD8000064610B1304602B070BD207003222146F5
:10FD90002846FAF731FB304602B070BD0DF106007F
:10FDA000F1F786FEBDF8063002464FF47A7101FB8A
:10FDB00002310A480FF018FE00BEFEE70DF1060002
:10FDC000F1F776FEBDF8063002464FF47A7101FB7A
:10FDD000023102480FF008FE00BEFEE70486030869
:10FDE00070B582B040B30D46B1B120220421044663
:10FDF000FFF780FE064610B1304602B070BD2860A5
:10FE00000C212046FAF7EEFA202229462046FAF77E
:10FE1000F3FA304602B070BD0DF10600F1F748FE6E
:10FE2000BDF8063002464FF47A7101FB02310A48F0
:10FE30000FF0DAFD00BEFEE70DF10600F1F738FE27
:10FE4000BDF8063002464FF47A7101FB02310248D8
:10FE50000FF0CAFD00BEFEE70486030870B582B04D
:10FE600040B30D46B1B1202209210446FFF742FEFE
:10FE7000064610B1304602B070BD28600C21204605
:10FE8000FAF7B0FA202229462046FAF7B5FA3046AA
:10FE900002B070BD0DF10600F1F70AFEBDF80630A4
:10FEA00002464FF47A7101FB02310A480FF09CFDC3
:10FEB00000BEFEE70DF10600F1F7FAFDBDF80630D1
:10FEC00002464FF47A7101FB023102480FF08CFDBB
:10FED00000BEFEE70486030830B583B060B30C466D
:10FEE000D1B1082203210546FFF704FE08B103B093
:10FEF00030BD062323700C212846FAF773FA082236
:10FF000021462846FAF778FA2078052894BF002081
:10FF10000120C00003B030BD0DF10600F1F7C8FDAF
:10FF2000BDF8063002464FF47A7101FB02310A48EF
:10FF30000FF05AFD00BEFEE70DF10600F1F7B8FD27
:10FF4000BDF8063002464FF47A7101FB02310248D7
:10FF50000FF04AFD00BEFEE70486030870B582B0CC
:10FF600000283ED00D4661B3082203210446FFF766
:10FF7000C1FD10B1082002B070BD06230C2120463F
:10FF80008DF80630FAF72EFA08220DF10601204608
:10FF9000FAF732FA9DF80660042EEBD114212046C0
:10FFA000FAF720FA02232B70324629462046FAF748
:10FFB00023FA0028DFD12B78022B28BF0B2002B0B8
:10FFC00070BD0DF10600F1F773FDBDF80630024675
:10FFD0004FF47A7101FB02310A480FF005FD00BEB3
:10FFE000FEE70DF10600F1F763FDBDF806300246AD
:10FFF0004FF47A7101FB023102480FF0F5FC00BEAC
:020000040802F0
:10000000FEE700BF048603082DE9F04383B0002813
:1000100051D0B1F5003F0C464DD200238146194620
:10002000012000FA03F2224203F1010318BF01315B
:10003000112BF6D1C900273198293CD81320FFF79E
:10004000ADFB0746B8B30323009307220023FAF75A
:10005000B5F904230093042200233846FAF7AEF9D9
:1000600020220092002322463846FAF7A7F90025FD
:100070004FF0010802260AE099F811200091FAF7E2
:100080009DF9A8B90135112D09F1010914D008FA1B
:1000900005F222424FF000033846F3D099F80020D1
:1000A0000096FAF78BF9034606213846002BE3D079
:1000B0003846FFF77BFB0027384603B0BDE8F083E6
:1000C0002DE9F04383B0A0B10C4691B1174682B13F
:1000D00069460646FFF79EFB054658B99DF8003075
:1000E00003F07F03272B09D00825284603B0BDE87D
:1000F000F0830125284603B0BDE8F083202201A942
:100100003046FAF779F905460028F3D10199B1F59F
:10011000003FE9D20346012000FA03F20A4203F14C
:10012000010318BF0135112BF6D13046FAF7FCF860
:10013000ED0027358542D7D807213046FAF752F926
:1001400022220021204610F0EBFA002320223B60FF
:1001500039463046FAF750F905460028CAD181469B
:100160004FF0010809E0FAF747F9D0B909F10109A0
:10017000B9F1110F04F10104BCD0386808FA09F391
:1001800003424FF002022146F0D03046FAF734F92C
:100190000346062204F111013046002BE3D01D4630
:1001A000A8E70546A6E700BF2DE9F04784B0002880
:1001B0005AD00F46002942D006461320FFF7EEFA28
:1001C000054600284ED00323009301220023FAF7AE
:1001D000F5F8B0460B23009338F8022B002328468D
:1001E000FAF7ECF800244FF0080932882241D207D0
:1001F0004FF0000328461BD518F80420CDF80090D6
:10020000FAF7DCF803464FF0040A28463BBB17F820
:100210001420CDF800A0FAF7D1F87A1C0346F0B903
:1002200012F81420CDF800A02846FAF7C7F8B0B9A4
:1002300001340B2CD9D1284604B0BDE8F0870DF16C
:100240000E00F1F735FCBDF80E3002464FF47A711E
:1002500001FB02310C480FF0C7FB00BEFEE7284649
:10026000FFF7A4FA0025E6E70DF10E00F1F720FCF8
:10027000BDF80E3002464FF47A7101FB023102489C
:100280000FF0B2FB00BEFEE7048603082DE9F04341
:1002900083B0002800F086808846002900F0928014
:1002A000154682B101A90646FFF7B4FA074630B9F0
:1002B0009DF8043003F00703012B14D008273846BB
:1002C00003B0BDE8F0830DF10600F1F7F1FBBDF8D6
:1002D000063002464FF47A7101FB023141480FF0BB
:1002E00083FB00BEFEE703213046FAF77BF80B22C2
:1002F0000DF106013046ADF80670FAF77DF80746B5
:100300000028DCD1BDF806200446814642FA09F3F4
:1003100009F1010903F00103B9F10B0F1C44F5D1F8
:10032000082CCBD83046F9F7FFFF23010E33834268
:10033000C4D80024C8F80040C8F80440C8F80840F1
:10034000A8F80C4003212C606C60AC60EC602C6160
:10035000AC823046FAF746F84A4641463046FAF74C
:100360004BF808F10209B8F800302341DB074FF0E1
:10037000080209EB040130460BD5FAF73DF80422D8
:1003800029463046FAF738F80422691C3046FAF755
:1003900033F801340B2C05F10205E4D1384603B0E3
:1003A000BDE8F0830DF10600F1F782FBBDF80630E1
:1003B00002464FF47A7101FB02310A480FF014FB38
:1003C00000BEFEE70DF10600F1F772FBBDF8063046
:1003D00002464FF47A7101FB023102480FF004FB30
:1003E00000BEFEE70486030870B582B0002853D033
:1003F0000C4679B101A90546FFF70CFA064630B95B
:100400009DF8043003F07F030F2B12D008263046EE
:1004100002B070BD01A8F1F74BFBBDF804300246F5
:100420004FF47A7101FB023123480FF0DDFA00BE70
:10043000FEE707212846F9F7D5FF2846F9F774FFAC
:100440003A28E3D926606660A66007212846F9F7B6
:10045000C9FF214603222846F9F7CEFFA11C0C2232
:100460002846F9F7C9FF211D0C222846F9F7C4FFD9
:10047000A11D0C222846F9F7BFFF04F108010C2248
:100480002846F9F7B9FF012204F10A012846F9F7D5
:10049000B3FF304602B070BD01A8F1F709FBBDF80B
:1004A000043002464FF47A7101FB023102480FF02A
:1004B0009BFA00BEFEE700BF0486030870B584B057
:1004C000002849D005461320FFF768F904460028A4
:1004D0003ED00326009607220023F9F76FFF00287D
:1004E00033D104230093012200232046F9F766FF4D
:1004F000034650BB2A8800962046F9F75FFF034663
:1005000018BB0C266A8800962046F9F757FF034669
:10051000D8B9AA8800962046F9F750FF0346A0B93B
:10052000EA8800962046F9F749FF034668B92A8908
:1005300000962046F9F742FF034630B901216A8947
:1005400000912046F9F73AFF18B12046FFF72EF93F
:100550000024204604B070BD0DF10E00F1F7A8FA9A
:10056000BDF80E3002464FF47A7101FB02310248A9
:100570000FF03AFA00BEFEE7048603082DE9F043C7
:1005800085B0002800F0978004461320FFF706F995
:100590000546002800F08B804FF00309042707224E
:1005A0000023CDF80090F9F709FF002200230097FF
:1005B0002846F9F703FF0B23009307262288002320
:1005C0002846F9F7FBFE0096628800232846F9F7D3
:1005D000F5FE0096A28800232846F9F7EFFE009664
:1005E000E28800232846F9F7E9FE00964FF00E084E
:1005F000228900232846F9F7E1FECDF800806289C0
:1006000000232846F9F7DAFECDF80080A2890023FE
:100610002846F9F7D3FE0096E28900232846F9F729
:10062000CDFE0096228A00232846F9F7C7FE0096E1
:10063000628A00232846F9F7C1FE0096A28A0023A9
:100640002846F9F7BBFECDF80080E28A0023284651
:10065000F9F7B4FECDF80080228B00232846F9F785
:10066000ADFEE27ECDF8009000232846F9F7A6FE05
:10067000A27E009700232846F9F7A0FE627FCDF8FE
:10068000009000232846F9F799FE227F0097002367
:100690002846F9F793FEE27F009700232846F9F7F2
:1006A0008DFEA27F009700232846F9F787FE284693
:1006B00005B0BDE8F0830DF10E00F1F7F9F9BDF8D2
:1006C0000E3002464FF47A7101FB023102480FF0FE
:1006D0008BF900BEFEE700BF04860308F0B583B0C7
:1006E000002800F0A4800D4679B101A90446FFF767
:1006F00091F8074630B99DF8046006F07F06072E92
:1007000012D00827384603B0F0BD01A8F1F7D0F9A0
:10071000BDF8043002464FF47A7101FB02314B48B8
:100720000FF062F900BEFEE731462046F9F75AFEA7
:100730002046F9F7F9FD9728E3D9202239462846C3
:100740000FF0EEFF31462046F9F74CFE29460B220A
:100750002046F9F751FE3246A91C2046F9F74CFE17
:100760003246291D2046F9F747FE3246A91D20468C
:10077000F9F742FE324605F108012046F9F73CFE42
:1007800005F10A010E222046F9F736FE05F10C01AB
:100790000E222046F9F730FE324605F10E012046C2
:1007A000F9F72AFE324605F110012046F9F724FE3A
:1007B000324605F112012046F9F71EFE324605F1D8
:1007C00014012046F9F718FE05F116010E22204605
:1007D000F9F712FE05F118010E222046F9F70CFE7A
:1007E00005F11B0103222046F9F706FE05F11A0167
:1007F00004222046F9F700FE05F11D0103222046E0
:10080000F9F7FAFD05F11C0104222046F9F7F4FD81
:1008100005F11F0104222046F9F7EEFD042205F13F
:100820001E012046F9F7E8FD384603B0F0BD01A8E7
:10083000F1F73EF9BDF8043002464FF47A7101FB3E
:10084000023102480FF0D0F800BEFEE7048603082C
:100850002DE9F04383B000284BD04A1E47F6FE73C3
:100860009A420E4645D804461320FEF797FF0546E8
:1008700000283ED003230093072200234FF00408F2
:10088000F9F79CFD03220023CDF800802846F9F7F4
:1008900095FD20230093324600232846F9F78EFD6C
:1008A0004FF000090134012707FA09FC1CEA060F82
:1008B0004FF0000328460ED014F8012CCDF800802C
:1008C000F9F77CFD03460321284683B9227800917D
:1008D000F9F774FD50B909F10109B9F10F0F04F1ED
:1008E0000204E1D1284603B0BDE8F0832846FEF7B4
:1008F0005DFF0025284603B0BDE8F0832DE9F043F5
:1009000083B0A8B10D4699B117468AB1694606462B
:10091000FEF780FF804668B99DF8003003F07F0342
:100920001F2B0BD04FF00808404603B0BDE8F08302
:100930004FF00108404603B0BDE8F083019020224B
:1009400001A93046F9F758FD80460028F2D10199F7
:10095000B1F5004FE6D204460346012000FA03F247
:100960000A4203F1010318BF01340F2BF6D13046C0
:10097000F9F7DAFCC4EBC40427348442D2D800244B
:1009800007213046F9F72EFD3C6020222C606C6078
:10099000AC60EC602C616C61AC6139463046F9F7B3
:1009A0002BFD4FF001093B6809FA04FC1CEA030F18
:1009B0004FF004022946304606D0F9F71DFD032208
:1009C000691C3046F9F718FD01340F2C05F10205BA
:1009D000E9D1404603B0BDE8F08300BF30B505461D
:1009E00083B01320FEF7DAFE044698B10323009388
:1009F00007220023F9F7E2FC0421062200230091DC
:100A00002046F9F7DBFC0822009200232A46204604
:100A1000F9F7D4FC204603B030BD00BFF9F792BC13
:100A20002DE9F041074684B013200E461546FEF727
:100A3000B5FE0446D0B14FF0030802220023CDF8E2
:100A40000080F9F7BBFC02A80FF006F92023029AF8
:100A5000009320460023F9F7B1FC0A2300933A469D
:100A600000232046F9F7AAFC06B11DB9204604B0C0
:100A7000BDE8F081424631462046F9F763FC204646
:100A800004B0BDE8F08100BF002211461046FFF718
:100A9000C7BF00BF00B583B0F9F758F8032203467B
:100AA0000DF1070101208DF80730FFF7B9FF03B002
:100AB00000BD00BF002211460220FFF7B1BF00BFFA
:100AC000F0B5054683B01320FEF768FE0446002803
:100AD00039D003260427009607220023F9F76EFC7D
:100AE0000097052200232046F9F768FC02230093B3
:100AF000022200232046F9F761FC00970022002320
:100B000008272046F9F75AFC2A7800970023204648
:100B1000F9F754FC6A780096002320262046F9F75E
:100B20004DFC6A68009600232046F9F747FC2A7AB4
:100B3000009700232046F9F741FCEA68009600235D
:100B40002046F9F73BFC204603B0F0BDF0B5054662
:100B500083B01320FEF722FE0446002852D003265D
:100B60000427072200230096F9F728FC00970522A6
:100B700000232046F9F722FC0223009302220023DF
:100B80002046F9F71BFC0097012200232046F9F7C5
:100B900015FC2A79009600232046F9F70FFC09215D
:100BA0002A68009100232046F9F708FC10272A7BC9
:100BB000009600232046F9F701FCAA68009700235D
:100BC0002046F9F7FBFB2A7D009600232046F9F723
:100BD000F5FB2A69009700232046F9F7EFFB2A7FEF
:100BE000009600232046F9F7E9FBAA690097002345
:100BF0002046F9F7E3FB20212A6A009100232046D2
:100C0000F9F7DCFB204603B0F0BD00BF70B582B041
:100C100048B30D4639B30446F9F786FB0C2803D8D0
:100C20000826304602B070BD01A92046FEF7F2FD4D
:100C300006460028F4D19DF8043003F07F032F2BE3
:100C4000EED1288007212046F9F7CCFB2946022265
:100C50002046F9F7D1FB0422691C2046F9F7CCFBAA
:100C6000304602B070BD0126304602B070BD00BFF4
:100C700070B582B0002855D00E46002952D00446E7
:100C8000F9F752FB5F2803D80825284602B070BD4B
:100C900001A92046FEF7BEFD05460028F4D19DF8C7
:100CA000043003F07F032F2BEED130607060B06012
:100CB000F06007212046F9F795FB02220DF10301B0
:100CC00020468DF803508DF80450F9F795FB042267
:100CD0000DEB02012046F9F78FFB9DF80330012B45
:100CE000D2D19DF80450002DCED1314608222046A5
:100CF000F9F782FB711C03222046F9F77DFB311DB9
:100D000020222046F9F778FB0822B1182046F9F78F
:100D100073FB202206F10C012046F9F76DFB2846F3
:100D200002B070BD0125284602B070BD2DE9F0412A
:100D300082B078B1884669B117465AB11E464BB1A8
:100D40000446F9F7F1FA372809D80825284602B0F1
:100D5000BDE8F0810125284602B0BDE8F08101A977
:100D60002046FEF757FD05460028EED19DF80430D9
:100D700003F07F032F2BE8D107212046F9F732FB40
:100D800002220DF1030120468DF803508DF8045026
:100D9000F9F732FB01A904222046F9F72DFB9DF853
:100DA0000330012BD1D19DF80430022BCDD1C8F8EE
:100DB000005041463D70202235702046F9F71CFB5B
:100DC000394603222046F9F717FB08223146204610
:100DD000F9F712FBBFE700BFF0B5074685B0144630
:100DE00051B152B113200D46FEF7D8FC064650BB58
:100DF0000026304605B0F0BD7AB10DF10E00F0F7D7
:100E000057FEBDF80E3002464FF47A7101FB0231F5
:100E100021480EF0E9FD00BEFEE71320FEF7BEFC00
:100E200006460028E4D00323009303220023F9F7A9
:100E3000C5FA082300933A4623463046F9F7BEFA2E
:100E4000304605B0F0BD0323009303220023F9F7D9
:100E5000B5FA082300933A4600233046F9F7AEFA74
:100E6000224629463046F9F76DFA04460028C0D0DC
:100E70003046FEF79BFC0DF10E00F0F719FEBDF8B1
:100E80000E50064A4FF47A7101FB00512346044884
:100E90000EF0AAFDACE700BF04860308D4C903081E
:100EA000A88E030878BB10B5184A194CD2F88025D3
:100EB00086B040F20111ADF8041021688DF81020C1
:100EC000090C8DF80710216824688DF80940090A7B
:100ED0008DF808100221ADF80A10110E8DF80D10D2
:100EE0000124110A8DF80C408DF80F10140C01A983
:100EF00088228DF806008DF80E40CDF81100FFF71E
:100F00006BFF06B010BD0020704700BF0070FF1FD0
:100F1000A0400020052801D8FFF75EBF00B583B0D0
:100F20000DF10600F0F7C4FDBDF8063002464FF49F
:100F30007A7101FB023102480EF056FD00BEFEE759
:100F400004860308F0B585B000285FD0074613205B
:100F5000FEF724FC0446002855D003230093032207
:100F60000023F9F72BFA08210422002300912046E0
:100F7000F9F724FA042100910022002320462B4D8A
:100F8000F9F71CFA3A681326AA4228BF2A4600231A
:100F900000962046F9F712FA7A680096AA4228BF0E
:100FA0002A4600232046F9F709FABA680096AA42B1
:100FB00028BF2A4600232046F9F700FAFA6800966F
:100FC000AA4228BF2A4600232046F9F7F7F93A69D2
:100FD0000096AA4228BF2A4600232046F9F7EEF9D8
:100FE0007A690096AA4228BF2A4600232046F9F7CC
:100FF000E5F9BA690096AA424FF0000328BF2A46D5
:101000002046F9F7DBF9204605B0F0BD0DF10E00E2
:10101000F0F74EFDBDF80E3002464FF47A7101FB39
:10102000023103480EF0E0FC00BEFEE7FFFF0700C0
:10103000048603082DE9F041132084B0FEF7AEFBCF
:101040000446002844D00323009303220023F9F729
:10105000B5F9082100910422002320460426F9F75F
:10106000ADF90122002300962046F9F7A7F902A85E
:101070000EF018FE2021029A009100232046F9F775
:101080009DF906F099FA054610B343684FF6FF77CD
:10109000BB4228BF3B464FF010081A46CDF80080EF
:1010A00000232046F9F78AF92A7B00960F2A28BFE9
:1010B0000F2200232046F9F781F92A69CDF8008034
:1010C000BA424FF0000328BF3A462046F9F776F9B6
:1010D000204604B0BDE8F08130B5132083B0FEF7A0
:1010E0005DFB044628B30325009503220023F9F78E
:1010F00065F908210091052200232046F9F75EF9E1
:10110000F8F724FD0023024600952046F9F756F92A
:10111000F9F7ACF801250246002300952046F9F7BF
:101120004DF9FAF753F90095024600232046F9F7E6
:1011300045F9204603B030BDF0B583B014460546EE
:101140000E46F9F7F1F80734A04221D301A9284649
:10115000FEF760FB044638B99DF8047007F00707F6
:10116000042F15D1052E02D1204603B0F0BD052372
:10117000032128468DF80330F9F734F93A460DF18A
:1011800003012846F9F738F99DF80330B342EBD054
:101190000824204603B0F0BD30B5054683B050B3F7
:1011A0001320FEF7FBFA044610B303230093042236
:1011B0000023F9F703F904210023002200912046BF
:1011C000F9F7FCF8182229462046F9F7BBF818224F
:1011D000291D2046F9F7B6F8182205F10801204626
:1011E000F9F7B0F8202205F10C012046F9F7AAF82A
:1011F000204603B030BD0446204603B030BD00BFDA
:1012000030B5054683B0F0B11320FEF7C7FA0446A7
:10121000B0B10323009304220023F9F7CFF804218F
:101220000222002300912046F9F7C8F8202229461F
:101230002046F9F787F82022291D2046F9F782F881
:10124000204603B030BD0446204603B030BD00BF89
:10125000F0B5064683B013200D46FEF79FFA04460C
:10126000C8B103230093042200230427F9F7A6F84A
:101270000422002300972046F9F7A0F80023324605
:1012800000972046F9F79AF80822009200232A4690
:101290002046F9F793F8204603B0F0BDF0B583B0CF
:1012A00030B30D4621B30446F9F73EF8062823D99A
:1012B00001A92046FEF7AEFA0646E8B99DF804708B
:1012C00007F00707042F17D10523032120468DF8C7
:1012D0000430F9F787F83A4601A92046F9F78CF867
:1012E0009DF80430042B07D82B70304603B0F0BDB6
:1012F0000126304603B0F0BD0826F6E770B558B3B6
:101300000C4649B3682201210546FFF715FF064642
:10131000F8B920606060A060E06007212846F9F716
:1013200061F8214618222846F9F766F8211D18228F
:101330002846F9F761F804F1080118222846F9F760
:101340005BF8202204F10C012846F9F755F83046E5
:1013500070BD0826304670BD0126304670BD00BF06
:101360002DE9F04782B0002841D00E4600293ED03A
:10137000112203210446FFF7DFFE054690BB07213B
:1013800020460195F9F72EF8112201A92046F9F718
:1013900033F8019B20461B010193F8F7C5FFA0F12C
:1013A0001807072F1ED94FEAD70909F1080A504636
:1013B0000EF090F88046F8B1524629460FF0B0F989
:1013C000019BC8F8049027F007022046C8F80030B7
:1013D00008F10801F9F710F82846C6F8008002B0B5
:1013E000BDE8F0870825284602B0BDE8F087012552
:1013F000284602B0BDE8F0870225F4E770B5B0B129
:101400000D46A1B1202202210446FFF795FE0646B3
:1014100050B907212046F8F7E5FF2022294620464B
:10142000F8F7EAFF304670BD0826304670BD012649
:10143000304670BD08B500200BF0D6FB0349044AC6
:10144000044B08601060186008BD00BF60080020F1
:10145000540800204808002040B370B50E4684B000
:10146000D9B18268019204460023406801A9CDE900
:10147000023306F0A9FC80B9606806F023FE78B953
:101480006068642106F03EFC054660B9606806F0BD
:1014900097FC3080284604B070BD4FF0FF30FAE76B
:1014A0006FF00100F7E76FF00200F4E74FF0FF3054
:1014B000704700BFEEF7E4BF406806F06BBE00BFA8
:1014C0004FF0B04384B0DA6C42F00102DA64DA6CB7
:1014D00002F001020392039ADA6C42F00202DA642B
:1014E000DA6C02F002020292029ADA6C42F0040212
:1014F000DA64DA6C02F004020192019ADA6C42F0CA
:101500008002DA64DB6C03F080030093009B04B07C
:10151000704700BF8188006808B507F0E7FCA0F1BC
:101520000100B0FA80F0400908BD00BF0A4603463A
:10153000A2F10102B2FA82F200689988520907F01A
:10154000DBBC00BF00B587B00023CDE904330293B4
:101550004B78828801921BB1012B14BF0223012317
:101560000A78039332B9CB78032B09D8DFE803F06C
:1015700012191D0E8B78012B14BF01231123029326
:10158000006801A907F052FB07B000BD4FF44413F7
:101590000293F5E78B78022B14BF002303230293F9
:1015A000EEE74FF488130293EAE74FF40413029333
:1015B000E6E700BF38B5EFF707FEEFF7C3FD002001
:1015C0000BF012FB084D094C034600202B600BF07A
:1015D0000BFB03466868236007F072FE6068BDE895
:1015E000384007F06DBE00BFD0080020C8080020BA
:1015F0002DE9F04784B0DDF83080BDF8349040B17B
:101600000C4616461F460546002A50D057EA0903E5
:1016100004D14FF0FF3004B0BDE8F087686890F85F
:10162000413003F0FF0A002B35D003689A69120499
:1016300007D51A6822F001021A601A6842F0010206
:101640001A606400A1B2BEB1B8F1000F1FD0012F23
:101650001ED9328852BA92B202234FF47A74CDE97D
:101660000089029407F0DCFF002814BF6FF001002E
:10167000002004B0BDE8F087B9F1000FE4D04FF4CA
:101680007A73009342464B4607F00CFFECE797B99C
:1016900032780123E1E707F0B9FD5146686808F0A8
:1016A000C3F86868514608F0E9F86868BDE7B8F122
:1016B000000FABD1ADE74FF47A73009332463B464F
:1016C00007F018FED0E700BF18B338B505464068EC
:1016D000E0B10368104A934203D002F5806293425E
:1016E00014D107F093FD00210446686808F09CF8C7
:1016F00000210443686808F0C1F8E4B20443E4B28E
:10170000002C14BF6FF00200002038BD6FF0010004
:1017100038BD4FF0FF30704700540040C0B1406802
:1017200098B108B50C4A0368934203D002F5806271
:10173000934207D107F0C4FD002814BF6FF00200E8
:10174000002008BD6FF0010008BD6FF00100704778
:101750004FF0FF30704700BF005400402DE9F047C4
:1017600004460C209DF820A09DF82490884617463A
:101770001E460EF0F5FE88B3054680F80580C77159
:101780000471067280F806A0B9F1000F04D1C0F808
:1017900000902846BDE8F0874FF480700EF0E0FE20
:1017A0002860C0B100F1FF3E4FF0000C5FFA8CF3EF
:1017B000082259B25B000029DBB2B8BF6340013A8E
:1017C000F7D10CF1010CBCF5807F0EF8013FEDD193
:1017D0002846BDE8F08728460EF0CAFE0025D8E767
:1017E0002DE9F04704460C20BDF820A09DF8249078
:1017F000884617461E460EF0B3FE98B30546A0F87D
:10180000068087728480C672A0F808A0B9F1000F24
:1018100004D1C0F800902846BDE8F0874FF400706E
:101820000EF09EFE2860D0B1A0F1020E4FF0000C29
:1018300000F5FF706346082219B25B0000299BB2D5
:10184000B8BF6340013AF7D12EF8023F0CF5807C17
:1018500070451FFA8CFCEDD12846BDE8F08728467C
:101860000EF086FE0025D6E7F0B50568437955B33E
:10187000002A54D00A44561E4C1EC27905E083EA61
:101880000E0EA64215F80E3049D014F801EF002ACA
:10189000F5D0012700210A462EFA02FC1CF0010FA8
:1018A000C2F1070C02F1010204D007FA0CFC41EA74
:1018B0000C01C9B2082AEFD15940B4426B5C2ED05A
:1018C00014F801EFE6E752B30A44C6794C1E551EE0
:1018D0004FF0010E14F8011F96B10F4600210A4681
:1018E00027FA02FC1CF0010FC2F1070C02F1010201
:1018F00004D00EFA0CFC41EA0C01C9B2082AEFD15F
:101900004B40082259B20029B8BF01794FEA43037E
:10191000DBB2B8BF4B40013AF4D1A542DAD1027A2A
:1019200092B11C4600231A46012524FA02F111F057
:10193000010FC2F1070102F1010203D005FA01F122
:101940001943CBB2082AF0D180795840F0BD00BFCE
:101950002DE9F0410668C388002E3FD02AB30A441F
:10196000877A01F1FF3E541E01251EF8011F97B131
:10197000884600210A4628FA02FC1CF0010FC2F139
:10198000070C02F1010204D005FA0CFC41EA0C013B
:10199000C9B2082AEFD181EA13211B0236F81120BF
:1019A0009BB2744583EA0203DFD1C27A92B11C462E
:1019B00000231A46012524FA02F111F0010FC2F1A9
:1019C0000F0102F1010203D005FA01F119438BB2B4
:1019D000102AF0D100895840BDE8F081002AE4D0F7
:1019E0000A44867A01F1FF3C551E01271CF8011FAD
:1019F0008EB18E4600210A462EFA02F414F0010F31
:101A0000C2F1070402F1010203D007FA04F42143F2
:101A1000C9B2082AF0D183EA0123082219B20029A9
:101A2000B8BF81884FEA43039BB2B8BF4B40013A2D
:101A3000F4D16545DAD1B8E70023C0E9001283602C
:101A4000704700BF836833B143688B4208DD0023D1
:101A500083600120704703688B42FADA01238360B8
:101A600000207047024630B4406894681368D56817
:101A7000A04216BF013055F82300506045F82310EE
:101A800003F10103B3FBF4F104FB113318BF002091
:101A900030BC1360704700BF0246406898B191683F
:101AA00013680B44013B10B4441EB3FBF1F001FB7F
:101AB0001033D168136051F823005460002241F8BC
:101AC000232010BC70477047406870474068B0FAE8
:101AD00080F04009704700BF00B10068704700BF48
:101AE00000B10068704700BF38B5F8B1F1B1826845
:101AF0000346DAB10068C8B181424FF0000505D055
:101B00000468054694B120468142F9D1013A9A60B1
:101B10003AB104686CB17DB12C600EF029FD20460D
:101B200038BDC3E9002208460EF022FD00242046FD
:101B300038BD5D602C60F0E71C60EEE70C210120F1
:101B40000EF0F2BCC0B138B50D46044608210120A4
:101B50000EF0EAFC70B163680022C0E9002503B111
:101B60001860236860601BB1A3680133A36038BDAF
:101B70002060F9E7002038BD0020704700B1806880
:101B8000704700BF70B570B1154662B104680E466B
:101B900014B908E0246834B160683146A8470028C9
:101BA000F8D1204670BD0024204670BDD0B170B57C
:101BB0000E46D1B18368012B12DD05682C687CB11B
:101BC00061686868B047002803DD6B6862686A6016
:101BD00063602468002CF3D12D682C68002CEFD1B1
:101BE000002070BD4FF0FF3070474FF0FF3070BDE8
:101BF00000B14068704700BFE8B1104B02881B6815
:101C000041881B899A4285BF0D4A1268002202F062
:101C1000010299420DD9818899420AD9084B1B6863
:101C200013F0040006D012EA530214BF142000205F
:101C30007047002070470120704700BF044000201B
:101C40000C400020F0B5304B304F314D85B006468A
:101C50001868FFF731FCF9F73FFE2E4B81882860AA
:101C600000241C602C4B1C602C4B1C602C4B1C70EB
:101C70002C4B1E70038833403B604FF400330393BA
:101C800042882948FFF7D8FE2B6828485A88998847
:101C9000FFF7D2FE2B6826485A889988FFF7CCFEBA
:101CA0002146032001F026FE2146022001F022FEFB
:101CB0003B68DA071BD413F0060F1CD10DF10A00A4
:101CC000EFF7F6FE2C68BDF80A30228864894FF4DD
:101CD0007A7101FB00313B68164800940DF084FED8
:101CE000154B03A91868FFF72DFC05B0F0BD0121C5
:101CF000032001F0FFFD0121022001F0FBFD4FF464
:101D00004073ADF80E30D9E7440800200C400020A5
:101D1000044000201C4000201840002014400020F7
:101D20002040002008400020F83F0020EC3F002029
:101D3000E03F0020EC8E030884080020134B1B6852
:101D4000DB88834206D91248006810F0010F01D0E9
:101D5000132070478B4207D90D49096811F0020022
:101D6000F6D193420CD87047934207D9084B1B68B1
:101D700013F0040F14BF1320002070470020704799
:101D800011F0040F14BF13200020704704400020FE
:101D90000C4000202DE9F0414A4D4B4E84B00446E2
:101DA0002868FFF787FB3368D9070DD49A0712D448
:101DB0005B0718D42868FFF77FFB444B1B685B89DF
:101DC000BBB904B0BDE8F08128682146FFF744FBA9
:101DD00033689A07ECD53E4BA11C1868FFF73CFB13
:101DE00033685B07E6D53B4B211D1868FFF734FBD2
:101DF000E0E7394E0AF074FC3268384B801A98429A
:101E000027D202AD2846EFF753FEBDF8081022880E
:101E10004FF47A7606FB001131480DF0E5FD2846B7
:101E2000EFF746FEBDF80810628806FB00112D484A
:101E30000DF0DAFD2846EFF73BFEBDF80830A2882A
:101E40000146294806FB013104B0BDE8F0410DF020
:101E5000CBBD0020FEF7C2FD02AD0746E0B128462B
:101E60000DF0FAFE202229463846FEF7D7FD0C2257
:101E700021463846FEF7D2FD0C22A11C3846FEF75B
:101E8000CDFD0C22211D3846FEF7C8FD0021384645
:101E900005F05CFC804618B90AF022FC3060B1E71E
:101EA0000DF10600EFF704FEBDF806304FF47A712D
:101EB00001FB003142460D480DF096FD3846FDF716
:101EC00075FCE9E7440800200C4000200440002095
:101ED000400800203C080020DC3F002080EE360057
:101EE000808F0308A48F0308C88F03083C8F030862
:101EF0002DE9F047AC4EDFF8B482AD4FAD4D4FF059
:101F0000FF3284B0326000211F200AF009FD041E58
:101F100026DB620700F1EB80230702D50720FFF7DD
:101F200091FEE00602D50020FFF78CFEDFF88892D4
:101F3000D9F80030002B00F0D680A10704F0010A88
:101F400003D59E4B1878FFF77DFEBAF1000F11D034
:101F5000642200211F2032600AF0E2FC041ED8DA5D
:101F6000A11C40F0CF80DFF85092D9F80030002B50
:101F700000F0B980D8F80000FFF7CCFA3C78042CC8
:101F800000F2CE81DFE804F0533703036F0001282D
:101F900000F0C980002302A80293ADF80C30FFF7CF
:101FA000F9FED9F8003013F0010440F06C819A0773
:101FB00000F15E81580700F15281814A1168E3B255
:101FC0008B4273D01360002B70D0E10703D5012141
:101FD0000020F8F729F9A20703D501210846F8F7F0
:101FE00023F9630703D501210220F8F71DF94FF00B
:101FF00003094C465DE0012800F09580002302A80B
:102000000293ADF80C30FFF7C5FE02A8FFF7F4FD10
:10201000002800F08F806B4A1368092B40F2FC8087
:10202000644B00221A603B784FF4FA724FE00028AC
:1020300061D0002302A80293ADF80C30FFF7AAFE8E
:10204000BDF80C20BDF80A10BDF80800FFF776FEB9
:102050005C4A1368002800F09080022B40F21C813B
:102060003B78594A33E0002845D0002302A8029368
:10207000ADF80C30FFF78EFEBDF80C20BDF80A104D
:10208000BDF80800FFF75AFE8146002840F0D880CE
:10209000484A1368092B04D801330A2B136000F057
:1020A0001081484B00221A603B78BDE74FF00209CF
:1020B0004C4602A8FFF7A0FD424A1368002847D00B
:1020C000092B40F29180414B53F829203B78326034
:1020D0009C423FF418AF3B49394B3C7000202860CC
:1020E000086018600FE74FF0FF3232600BE7032003
:1020F000FFF7A8FD10E74FF4FA7333604FF4FA725C
:102100000124E8E702A8EFF7D3FCBDF80850304AF5
:102110004FF47A7101FB00512E48234604B0BDE80C
:10212000F0470DF061BC4FF4FA7333604FF4FA726C
:102130000424D0E71F493B780A68092A04D80132F1
:102140000A2A0A6000F0DB801E4A002111606BE75A
:10215000002BB8D0013B1360002BB4D10DF1060069
:10216000EFF7A6FCBDF806301B4A4FF47A7101FB6D
:1021700000311A480DF038FCA5E7002B3FF470AF92
:10218000013B1360002B7FF46BAF0DF10600EFF7FE
:102190008FFCBDF80630124A4FF47A7101FB003112
:1021A00010480DF021FC5BE710400020840800205F
:1021B000204000201C4000200C400020084000204F
:1021C000144000201840002080EE360088CA030822
:1021D00054CA0308EC8F030808CA0308B890030820
:1021E0003CCA03086090030801330A2B13607FF494
:1021F0006AAF0DF10600EFF75BFCBDF806304A4A06
:102200004FF47A7101FB003148480DF0EDFB484B6B
:1022100053F829203B785AE701330A2B13607FF4E7
:10222000FFAE0DF10600EFF743FCBDF80630414A62
:102230004FF47A7101FB00313C480DF0D5FBEFE61D
:102240003D4A1368022B03D80133032B136058D087
:102250003A4B00221A603B784FF4FA7237E7BDF828
:102260000C103748FFF7EEFB44EA800044B2A4E6C6
:10227000BDF80A103348FFF7E5FB44EA4000D9F8FF
:10228000003044B296E6BDF808102F48FFF7DAFB9D
:10229000D9F8003044B28AE60133032B13607FF48F
:1022A000DFAE0DF10600EFF703FCBDF80630274A5C
:1022B0004FF47A7101FB003125480DF095FB3B7816
:1022C000CFE60DF10600EFF7F3FBBDF80630214A2B
:1022D0004FF47A7101FB00311F480DF085FB494630
:1022E0000120F7F7A1FF49464846F7F79DFF494609
:1022F0000220F7F799FF4C463B78184AE7E602249C
:1023000092E60DF10600EFF7D3FBBDF80630114A57
:102310004FF47A7101FB00310D480DF065FB97E732
:102320000E4A32600024D6E608CA03088C900308DF
:1023300088CA030820CA0308184000201C40002057
:10234000E03F0020EC3F0020F83F00203CCA03089B
:1023500034900308E8C903086090030880EE360053
:1023600008B5044A044800210AF0D6F9034B186066
:1023700008BD00BF64CA0308F11E02082440002003
:102380000346074A032B106807D0072B02D0102101
:102390000AF04ABA08210AF047BA04210AF044BAFE
:1023A00024400020034B186810B101210AF03CBA08
:1023B000704700BF244000201C4A1D4B126803EBED
:1023C000C22C10B502464FF0100E0CF1100003782D
:1023D000542B01D0002010BD43784C2B00F101019B
:1023E000F8D111F8013F562BF4D14B78312BF1D1B4
:1023F000438910339E44BEF5006FEBD80179137802
:10240000994202D00EEB0C00E1E7417953789942F2
:1024100002F10104F6D1817914F8013F9942F1D11A
:10242000C17963789942EDD110BD00BFD808002072
:1024300000F003082DE9F0431D4685B08846164696
:1024400003F11009C41A631962595B682946012017
:1024500006F03EFB074670BB08354D45F3D1F60844
:1024600025D02C4605EBC606A8EB050802E008348B
:10247000B4421CD008EB040358F804205B682146E2
:10248000012006F025FB05460028F0D00DF10E00D6
:10249000EFF70EFBBDF80E600F4A00954FF47A710E
:1024A00001FB006123460D480DF09EFA0A273846CD
:1024B00005B0BDE8F0830DF10E00EFF7F9FABDF8B5
:1024C0000E40054A00974FF47A7101FB00412B46FC
:1024D00002480DF089FAE9E79CCA0308EC9003086A
:1024E00010B5164B88B003EBC02300240220CDE9C1
:1024F0000440DB0A012204A905A80693079206F00E
:1025000033FB044610B9204608B010BD0DF10E0093
:10251000EFF7CEFA0A4BBDF80EC05A68049B019241
:102520004FF47A7101FB00C10093064A0648234626
:102530000DF05AFA0A24204608B010BD00F003003E
:10254000F0410020DCCA0308209103082DE9F04F78
:1025500087B00DF11600EFF7ABFABDF81630DFF8D3
:10256000D49201464FF47A7404FB0131B2480DF065
:102570003BFA0023CDE900331A46194641F23420D4
:10258000FFF72EF9C9F80000002800F02F81AB4AB0
:10259000C2F30A0BBBF1000F40F0E680D60AC2F38B
:1025A000CF22012A40F2EC80A54CDFF898A2DFF898
:1025B00098820394B6B25D464FF0FF3723684345D7
:1025C00024D1E388012B21D16389B3F5FE6F50D864
:1025D000D9F800000E222146FFF7BAF9E3898342B9
:1025E00038D16289D9F8000004F11001FFF7B0F981
:1025F000A38983424DD12389BB4207DD1FB94FF622
:10260000FF72934202D0CAF800501F460135B5420E
:1026100004F50064D2D3DAF80040631C48D0884B3C
:1026200003EBC4240DF11600EFF742FA6589BDF8FB
:102630001630DAF800204FF47A71C5F5FE6501FB1B
:1026400000312389814800950DF0CEF9002007B0B4
:10265000BDE8F08F0DF11600EFF72AFABDF816303D
:102660007B4A4FF47A7101FB00317A480DF0BCF9D6
:10267000CCE70DF11600EFF71BFABDF81630744ADF
:102680004FF47A7101FB0031638973480DF0ACF9A6
:10269000BCE70DF11600EFF70BFABDF816306C4AE7
:1026A0004FF47A7101FB00316C480DF09DF9ADE7F4
:1026B0000DF11600EFF7FCF9BDF816104FF47A751E
:1026C00005FB001166480DF08FF906F0AFF9002800
:1026D0007AD1644A4FF4004111610DF11600EFF711
:1026E000E7F9BDF81620014605FB01215E480DF013
:1026F0007BF9CAF800401FFA8BF0FFF7F1FE0028C3
:102700004FD10BF1010BB345F5D3584B4E499860AF
:102710001C1FC3E90000024643F8041CD9F800005E
:1027200001232146E380FFF713F90E22A081214601
:10273000D9F80000FFF70CF9039FE08104F11006BF
:10274000D4E900233946012006F0C2F908340028F4
:102750005BD1B44207F10807F2D1CAF8000006F0D5
:1027600079F9DAF800405AE70DF11600EFF7A0F911
:10277000BDF816103E4A04FB00113E480DF034F936
:102780000DF11600EFF794F9BDF816303A4A0146FC
:102790004FF47A74394804FB01310DF025F9062015
:1027A00055E70DF11600EFF783F9BDF816204FF449
:1027B0007A7101FB00210A225B4600923048314ABF
:1027C0000DF012F906F046F90DF11600EFF770F969
:1027D000BDF81640284A01464FF47A752A480A2364
:1027E00005FB01410DF000F90A2030E70DF116005C
:1027F000EFF75EF9BDF816301F4A014604FB0131C0
:1028000022480DF0F1F8022021E705460DF11600EF
:10281000EFF74EF9BDF816301A4A00954FF47A7169
:1028200001FB00313B461A480DF0DEF806F012F9C4
:10283000CAE700BF3840002058910308001000008C
:1028400000F00308D80800204E564D317C93030851
:1028500000CB03085C9203082892030880920308C7
:10286000A492030800400058E89203082C4000207E
:1028700014CB0308C091030824CB03080492030877
:1028800020930308ECCA03085493030894910308A7
:10289000EC90030870B370B50D4684B0F9B11446DE
:1028A000EAB1174B1B68013326D0FFF785FD0646BA
:1028B00020B30289A24215D00DF10E00EFF7F8F80F
:1028C000BDF80E5033890F4A00944FF47A7101FB22
:1028D00000510D480DF088F81B2004B070BD012098
:1028E00004B070BD00F1100128460DF0BBFF0020C0
:1028F00004B070BD012070470420F1E70520EFE728
:10290000D8080020D0CA0308D89303082DE9F04F57
:102910008DB0002800F0A6808846002900F0A28033
:102920001446002A00F09E80DFF86CB2DBF80050FD
:102930006E1C00F0B8800646FFF73EFDDFF85CA293
:102940000AEBC525002800F0AB8042896B899B1AF1
:10295000E21D22F007021344B3F5FE6F00F2A580DA
:1029600006F064F80546002840F081808C4B4FF457
:1029700000421A618B4BDBF80070C3F30A02013787
:10298000002A40F0D880C3F3CF2597FBF5F305FB71
:1029900013791FFA89F0CDF80C90FFF7A1FD84465A
:1029A000002840F0A480804ADBF800507F4F494661
:1029B0000AEBC52302EBC92902EBC525CA02049222
:1029C0000FCB87E80F003B89CDF814900133A7F8AF
:1029D0000AC03B812B78542B4BD0A4B27889336842
:1029E0000993E21D22F0070292B210301044788160
:1029F0006F48089000200B904B46414608A8ADF860
:102A00002840ADF82A20FFF715FD002840F0A180EE
:102A1000684C05997A892068644DFEF799FF6349EF
:102A2000B8810E222068FEF793FF049BF8819A4438
:102A30000AF11006D5E900235146012006F048F8B6
:102A40000835002840F095800AF1080AB245F1D116
:102A5000039BCBF80030044605F0FCFF20460DB088
:102A6000BDE8F08F012420460DB0BDE8F08F0A24A8
:102A7000F9E76B784C2B05F10102AED112F8013F5A
:102A8000562BAAD15378312BA7D12A7933789A4281
:102A90002FD001236A89002B3CD11032154499E7CD
:102AA0006FF00F0252E70424DDE708A8EFF700F803
:102AB000BDF82040DBF800303F4A4FF47A7101FB4B
:102AC00000413E480CF090FF0224CCE708A8EEF746
:102AD000EFFFBDF82040039ADBF8003000924FF47E
:102AE0007A7101FB0041364A36480CF07DFF0A241A
:102AF000B2E76A7973789A4206F10101C9D1AA79DD
:102B000011F8013F9A42C4D14B78EA799A42C0D178
:102B10000023BFE74B4605F110012846FFF78AFC6A
:102B20000028D3D17B896A89103309F11009134435
:102B30007B819144B1E708A8EEF7BAFFBDF82030D9
:102B4000214A4FF47A7101FB003120480CF04CFF10
:102B50001BE70DF11E00EEF7ABFFBDF81E40184A53
:102B6000039B4FF47A7101FB004119480CF03CFFC4
:102B7000BDE704460DF11E00EEF79AFFBDF81E50AA
:102B80000F4A00944FF47A7101FB005153461148EB
:102B90000CF02AFFABE700BFD808002000F00308C4
:102BA000004000580010000010F0030828400020EA
:102BB000544C563138400020C4CA03081894030806
:102BC000ACCA03084C94030814CB0308C091030853
:102BD00084940308AC940308F0B52A4E346885B099
:102BE0000F46BCB102460021012009F099FE264D96
:102BF00004464FF0FF3128680AF050F800239C4249
:102C000033602DDB7468C4B928680AF079F820466F
:102C100005B0F0BD0DF10E00EEF74AFFBDF80E4015
:102C20001A4A4FF47A7101FB00413B4618480CF0F8
:102C3000DBFE1724204605B0F0BD0DF10E00EEF7C7
:102C400037FFBDF80E40736800934FF47A7101FBB3
:102C500000410E4A0F483B460CF0C6FE0B24D3E75A
:102C60000DF10E00EEF724FFBDF80E3000944FF486
:102C70007A7101FB0031054A07483B460CF0B4FE6F
:102C80001824C1E74C4000206440002020CC0308F9
:102C9000E494030850950308149503082DE9F047C0
:102CA000DFF8D890DFF8D8A0044684B0D9F8000047
:102CB0000D464FF0FF3190461F4609F0EFFFDAF85E
:102CC0000060A6422AD1002D40D1B8F1000F17D0E4
:102CD000B7B1DAF80C20BA4249D00DF10E00EEF788
:102CE000E7FEBDF80E3000974FF47A7101FB00311A
:102CF000244A2548DAF80C300CF076FE4FF0FF3508
:102D0000224BCAF804501868012109F08DFDD9F84A
:102D1000000004B0BDE8F04709F0F2BF0DF10E006D
:102D2000EEF7C6FEBDF80E3000944FF47A7101FB49
:102D30000031144ADAF8003015480CF055FED9F885
:102D4000000004B0BDE8F04709F0DABF0DF10E0055
:102D5000EEF7AEFEBDF80E2000954FF47A7101FB40
:102D600000213346074A0B480CF03EFEC8E7DAF86C
:102D7000080041460DF076FDC2E700BF6440002028
:102D80004C40002030CC0308B09503085C40002084
:102D9000E89503087C95030808B50846FCF706FD8E
:102DA000034B02211868BDE8084009F03DBD00BF93
:102DB0005C400020F8B5104F104C06460D463868B0
:102DC0004FF0FF3109F06AFF00221146012009F09F
:102DD000A7FD0B4904233046C4E90253F6F7FAFB7A
:102DE00003463868236009F08BFFBDE8F8400549C9
:102DF00041F28830FFF7F0BE644000204C400020D4
:102E00009D2C020804CC030870B5104E104C0546EA
:102E10004FF0FF31306809F041FF002211460120D8
:102E200009F07EFD002310210A4A2846C4E9023336
:102E3000F6F7C4FB03463068236009F061FFBDE884
:102E40007040054941F28830FFF7C6BE644000205B
:102E50004C4000209D2C0208ACCB030838B50F4D28
:102E60000F4C28684FF0FF3109F018FF002211467F
:102E7000012009F055FD0B4B0B491020C4E902302D
:102E8000F6F78EFB03462868236009F039FFBDE89A
:102E90003840064941F28830FFF79EBE644000206A
:102EA0004C4000203C4000209D2C020848CC0308E8
:102EB0002DE9F04F8DB008AD2846EEF7F9FDBDF8CD
:102EC000203001464FF47A7606FB01319D480CF024
:102ED0008BFDFFF7C3FF002840F07F83DFF8689287
:102EE0002846EEF7E5FDD9F80C30BDF82010019327
:102EF000D9F80830009306FB0011D9E90023934864
:102F00000CF072FD2846EEF7D3FDBDF8201006FB4D
:102F100000118F480CF068FDD9F808002946FFF72A
:102F200049FF0446002840F08A83D9F80C20089B0A
:102F30000DF11C0A9A42504640F0EA81EEF7B8FDC6
:102F4000BDF81C30014606FB013182480CF04CFDF7
:102F5000814EDFF808B2824F30684FF0FF33002215
:102F600006A90AF089F80446002840F0E281DDF85D
:102F70001880B8F1000F00F0DC810DF1150140461A
:102F8000FEF78CF90446002840F0E4819DF81530E6
:102F9000032B00F28283DFE813F06C01F300990049
:102FA00004000023404651460793FEF7D9F9044632
:102FB000002840F06283DDF81C80B8F1000F00F0BB
:102FC0007282D9F80820D8F800309A4240F018826E
:102FD000644B4FF0FF31186809F060FE224621462D
:102FE000012009F09DFCD8F804105F4A08314046E2
:102FF000CBE90244F6F7FCFA5A4BCBF8000018680C
:1030000009F07EFE594941F28830FFF7E5FD04469C
:10301000002840F0CF8299E80F00079CD4E900EC2B
:1030200085E80F000A9B63440A93BEF1000F40F04D
:10303000E4814FF0FF32BCF1000F10D0A4440CF13A
:10304000070CE01D10F8013F08215A4042F300032D
:103050003B40013983EA5202F8D18445F2D1D24390
:1030600020460B920CF0BCFA2846FFF7CDFE044632
:10307000002840F0758295E80F0089E80F0032487B
:10308000FEF78AF88046002800F0E88222462146B2
:10309000022009F045FC3649404604F057FB04463F
:1030A000002800F06E820DF11600EEF701FDBDF86C
:1030B00016204FF47A7101FB002123462D4A2E4839
:1030C0000CF092FC4046FCF771FB36E0404651465E
:1030D000FEF794F90446002840F07F810798089095
:1030E00009A9FFF767FE0446002840F0A2812846A0
:1030F000FEF786F88046002800F0818222462146AD
:10310000022009F00DFC1A49404604F01FFB04465A
:10311000002800F0AF810DF11600EEF7C9FCBDF8F4
:1031200016204FF47A7101FB00212346134A1248FE
:103130000CF05AFC4046FCF739FB0698FCF736FBCE
:103140000AE700BF249603083C4000208C96030841
:10315000F4960308A8970308604000204C40002024
:103160002083B8ED644000209D2C02085CCB03084E
:10317000992D020878CB0308F89803084CCB030874
:1031800040462946FEF7BAF80446002840F015816B
:103190002846FFF739FE0446002840F05B8195E899
:1031A0000F0089E80F00C74B4FF0FF3118689046B9
:1031B00009F074FD22462146012009F0B1FBC24905
:1031C0004046CBE90244F6F737FABE4BCBF8000095
:1031D000186809F095FDBD4943F69820FFF7FCFCFF
:1031E00004460028A9D05046EEF762FCBDF81C301A
:1031F000B74A4FF47A7101FB0031B6482346A04626
:103200000CF0F2FB2846EEF753FCBDF82010CDF889
:1032100000804FF47A7808FB00119DF81530AE4A13
:10322000AE480CF0E1FB21469DF81500FEF710F8C2
:103230000446002800F0B38000221146022009F065
:103240006FFBA749204604F081FA002800F0918026
:1032500003902846EEF72CFCBDF82010039B9E4AF5
:1032600008FB00119F480CF0BFFB2046FCF79EFABC
:1032700063E7FFF7F3FD0446002840F09C80D9F88F
:1032800008002946FFF796FD0446002840F0938089
:10329000D9F80C20089B9A4214D05046EEF708FC4F
:1032A000BDF81C30904A4FF47A7101FB0031089B45
:1032B00000938E48D9F80C300CF096FB089BDB434A
:1032C000C9F80C308A48FDF767FF0446002800F073
:1032D000A88100221146022009F022FB80492046E5
:1032E00004F034FA8046002800F022815046EEF7C0
:1032F000DFFBBDF81C204FF47A7101FB002143462F
:10330000794A78480CF070FB2046FCF74FFA14E736
:10331000EEF7CEFBBDF81C10089B009306FB0011D6
:10332000744AD9F80C3074480CF05EFBC9F80C40B4
:103330000EE62846EEF7BCFBBDF82020069900916A
:103340004FF47A7101FB002123466C4A6C480CF063
:103350004BFB01E62846EEF7ABFBBDF820204FF40F
:103360007A7101FB002123465B4A66480CF03CFB66
:10337000E3E601464FF0FF32022009F0D1FA041EC5
:10338000BFF6DBAE2846EEF793FBBDF82010524A9D
:1033900008FB001123465C480CF026FBCDE62846CE
:1033A000EEF786FBBDF820104B4A08FB001157488A
:1033B0000CF01AFBC1E6A04624E75046EEF778FB76
:1033C000BDF81C30424A4FF47A7101FB00312346AC
:1033D0004F48A0460CF008FB14E72846EEF768FBC0
:1033E000BDF820304B4A4FF47A7101FB003123467F
:1033F0004948A0460CF0F8FA04E70B9AD2431AE6C3
:103400002846EEF755FB079B444A1B680093BDF81E
:1034100020304FF47A7101FB0031D9F80830404870
:103420000CF0E2FA4FF0060807980CF0D9F8444681
:10343000E8E60DF11600EEF73BFBBDF81630354A15
:103440004FF47A7101FB003123463648A0460CF058
:10345000CBFAD7E65046EEF72BFBBDF81C301C4AE2
:103460004FF47A7101FB003123462F48A0460CF03F
:10347000BBFAC7E601464FF0FF32022009F050FACE
:10348000041EBFF65AAE0DF11600EEF711FBBDF8A3
:1034900016204FF47A7101FB002123461D4A1A4879
:1034A0000CF0A2FA49E62846EEF702FBBDF8202010
:1034B0004FF47A7101FB00214346184A1B480CF077
:1034C00093FA3AE6644000209D2C020888CB03085A
:1034D000C8CB0308DC990308F0CB0308AC9B0308B6
:1034E000992D0208F8980308DCCB030864980308B8
:1034F0003C40002064CC03086097030888CC030894
:10350000E49703082C9803082C990308C89A030829
:10351000709903084CCB0308F49A030878CB03088E
:10352000149A0308309B0308A8990308FC9B03081E
:1035300001464FF0FF32022009F0F2F9041EBFF6F7
:10354000FCAD5046EEF7B4FABDF81C204FF47A718A
:1035500001FB002123465A4A5A480CF045FAECE593
:103560000DF11600EEF7A4FABDF81630564A4FF4E6
:103570007A7101FB003123465448A0460CF034FA1E
:1035800040E601464FF0FF32022009F0C9F9041E5F
:10359000BFF6D3AD0DF11600EEF78AFABDF816208E
:1035A0004FF47A7101FB00212346474A45480CF04D
:1035B0001BFAC2E52846EEF77BFABDF82030424AF6
:1035C0004FF47A7101FB0031234641480CF00CFAAC
:1035D0000798A0460CF004F814E604462846EEF7D7
:1035E00067FABDF820103B4ADFF8EC9006FB0011AB
:1035F00023463A480CF0F8F90DF11C0AA8E40DF145
:103600001600EEF755FABDF81630354A4FF47A71C8
:1036100001FB003133480CF0E7F94FF00208444653
:10362000F0E55046EEF744FABDF81C30244A4FF45A
:103630007A7101FB00312C480CF0D6F9EDE70DF161
:103640001C0A5046EEF734FABDF81C10214A06FB5E
:103650000011234625480CF0C7F979E40DF1160056
:10366000EEF726FABDF81630174A4FF47A7101FBCF
:1036700000311C480CF0B8F9CFE72846EEF718FAED
:10368000BDF82030104A4FF47A7101FB0031234617
:103690001748A0460CF0A8F9B4E52846EEF708FA5A
:1036A000BDF820309DF815204FF47A7101FB0031F0
:1036B0004FF001080F480CF097F94446A2E500BF0F
:1036C000DCCB03082C99030878CB0308909A0308F5
:1036D000589A030864CC03083C4000205C96030819
:1036E0004CCB0308C89A0308CC980308309703080A
:1036F000FC9B0308749B030800B5002083B009F00D
:1037000073FA224B186008B3002204210A2009F042
:103710001BFC1F4B186048B11E4A1F48002108F0CF
:10372000FBFF1E4B186008B303B000BD0DF106008F
:10373000EEF7BEF9BDF8063002464FF47A7101FB90
:10374000023117480CF050F900BEFEE70DF10600FB
:10375000EEF7AEF9BDF8063002464FF47A7101FB80
:1037600002310F480CF040F900BEFEE70DF10600F3
:10377000EEF79EF9BDF8063002464FF47A7101FB70
:10378000023107480CF030F900BEFEE7644000202B
:10379000604000209CCC0308B12E02085C40002051
:1037A0000486030810B5104984B0002301901A461E
:1037B000086801A909F018FC08B904B010BD044656
:1037C0000DF10E00EEF774F9BDF80EC0074A4FF484
:1037D0007A7101FB00C1234605480CF005F90198F8
:1037E000FBF7E4FF04B010BD6040002030CB0308BD
:1037F0003C9C030830B50C4683B0032818D8DFE89A
:1038000000F0261B1902134D28688DF80440630050
:10381000002283F0020301A98DF805208DF80630FF
:103820008DF80720FDF78EFE28682146FDF77EFE05
:1038300003B030BD084DE7E7084B18682146FDF797
:1038400075FE142003B0BDE8304009F0C9B8044B40
:10385000F3E700BF7C0800208008002074080020E7
:10386000780800202DE9F041DFF874801D4FD8F86A
:1038700000001D4E1D4D82B0012301A90193FDF7EB
:1038800061FE386801A9FDF75DFE0024022330685F
:103890008DF8063001A98DF80440FDF753FE286825
:1038A00001A9FDF74FFE2146D8F80000FDF73EFEC6
:1038B00021463868FDF73AFE21463068FDF736FEAE
:1038C00021460B4C2868FDF731FE206810B102B08C
:1038D000BDE8F08109F088F9206002B0BDE8F08110
:1038E0007808002074080020800800207C08002050
:1038F00088400020032820D801292DE9F8430D46EF
:1039000001D9BDE8F883184F184E04464FF0FF3137
:10391000386806EBC40809F0C1F9012DD8F8041085
:103920004FEAC4090AD019B14D1EC8F804509DB120
:103930003868BDE8F84309F0E3B9704719B14E445F
:1039400001317160F4E729462046FFF753FF06F87E
:103950003450D8F80410F2E729462046FFF74AFF12
:1039600006F83450E4E700BF88400020684000209B
:10397000024B0221186808F057BF00BFC04000206A
:10398000F0B50C4685B0002939D11E46264B032ED2
:10399000197018D00DF10E00EEF78AF8BDF80E3050
:1039A000224A4FF47A7101FB0031334620480CF073
:1039B0001BF8204B1C60204B1868042105B0BDE8A3
:1039C000F04008F031BF0DF10E001546EEF770F82B
:1039D000BDF80E302A784FF47A7101FB0031A878D7
:1039E0006B78009015480BF0FFFF6B782878A9786A
:1039F000104A1B0243EA00430B431360DBE70A4B08
:103A000007460B220DF10E001A70EEF751F8BDF8C3
:103A10000E50064A00944FF47A7101FB00513B4668
:103A200007480BF0E1FFC6E79C4000209CCD03084F
:103A3000C49C0308A0400020C0400020109D030843
:103A4000749C0308104B187020B9104B042118689F
:103A500008F0EABE10B582B004460DF10600EEF79C
:103A600027F8BDF806C00A4A4FF47A7101FB00C17D
:103A7000234608480BF0B8FF044B1868042102B035
:103A8000BDE8104008F0D0BE9C400020C04000209F
:103A900030CD0308509D0308024B0121186808F03F
:103AA000C3BE00BFC0400020024B8021186808F050
:103AB000BBBE00BFC040002010B5044684B008461D
:103AC000FBF774FE134B93E80300029002A88DF8F5
:103AD0000C10F5F7BFFD01238DF80A30B4B140F2A8
:103AE00001730DF10600ADF80B30EDF7E1FFBDF805
:103AF0000630094A4FF47A7101FB003107480BF098
:103B000073FF02A8F5F7A6FD04B010BD4FF4407393
:103B1000E7E700BF444603081CCE0308949D030852
:103B200070B592B0FBF73CFE002879D003A904469B
:103B3000FBF770FE054609A8002D4ED1EDF7B8FF42
:103B40009DF80C20BDF824104FF47A76C2F3C3031D
:103B500006FB001102F00702C2480BF045FF9DF87A
:103B60000C2002F00703042B55D0072B69D0012B42
:103B700045D109AA05A92046FCF788FB054600287F
:103B800069D004A8EDF794FFBDF81010B64A06FB03
:103B900000112B46B5480BF027FFB54B10211868D4
:103BA00008F042FE09A8EDF783FFBDF824204FF48A
:103BB0007A7101FB00212B46AB4AAE480BF014FF93
:103BC00000200990042309AA01210E20F6F706FB24
:103BD0002046FBF7EBFD12B070BDEDF769FFBDF8B5
:103BE0002430A14A4FF47A7101FB00312B46A248E0
:103BF0000BF0FAFE2046FBF7D9FD12B070BD09A804
:103C0000EDF756FFBDF82410974A06FB00119B48BC
:103C10000BF0EAFEDCE72046FFF7C4FD12B070BDF2
:103C200009A8EDF745FFBDF824308F4A01464FF44F
:103C30007A74934804FB013112B0BDE870400BF078
:103C4000D3BEC2F3C302052A00F29F84DFE802F06C
:103C5000583E26AF6F8705A8F7F70AFF054680B9DB
:103C600009A8F8F781F80546002840F0B880804B95
:103C70001021186808F0D8FD29460E20F6F7D4FA6E
:103C8000A6E704A8EDF714FFBDF81010764A06FB6E
:103C900000112B467B480BF0A7FE7EE70DF10A01D1
:103CA0002046FBF757FF054609A8002D00F0AE801F
:103CB000EDF7FEFEBDF824306B4A4FF47A7101FB3C
:103CC00000312B4670480BF08FFE81E709A9204692
:103CD000FCF78AFB0546002800F08E8005A8EDF76A
:103CE000E7FEBDF81430604A4FF47A7101FB0031F1
:103CF00066482B460BF078FE0020FEF741FB67E795
:103D000009A92046FCF7EAFC0546002800F082825B
:103D100005A8EDF7CDFEBDF81430534A4FF47A7183
:103D200001FB00312B465A480BF05EFE50E705AA16
:103D300009A92046FCF7C4F90546002800F02482B2
:103D400004A8EDF7B5FEBDF81030474A4FF47A717C
:103D500001FB00312B464F480BF046FE38E704A923
:103D60002046FCF753FF0546002840F067829DF887
:103D70001030012B00F08E82002B7FF429AF9DF8CC
:103D80001130002B00F0B182012B09A800F0DE8277
:103D9000EDF78EFEBDF82430334A4FF47A7101FB03
:103DA00000319DF811303C480BF01EFE10E705AACB
:103DB00009A92046FCF7A2FD0546002800F0148260
:103DC00004A8EDF775FEBDF81030274A4FF47A715C
:103DD00001FB00312B4631480BF006FEF8E604A843
:103DE000EDF766FEBDF810101F4A06FB00112B46CA
:103DF0002B480BF0F9FDD0E609A8F7F771FD054651
:103E0000002840F02D82F7F7E9FCE1E6EDF750FEDF
:103E1000BDF824309DF80A204FF47A7101FB00317F
:103E200020480BF0E1FD9DF80A300A2B00F29C833C
:103E300001A252F823F000BF33400208C33F02083A
:103E400067400208074002088B3F02085D3F0208F6
:103E5000D13B0208293F0208FB3E0208C93E020886
:103E6000A93E0208589E03080CCE0308949E03083E
:103E7000C0400020789F0308109E0308F8AA03089A
:103E8000CC9D0308E09E03080CA1030874A003085E
:103E9000D49F0308CCA7030804AA030830A703088B
:103EA0002C9F030854A1030809A8EDF701FEBDF8F3
:103EB000243002464FF47A7101FB0231BD480BF009
:103EC00093FDF5F705FC83E6002309A92046099335
:103ED000FBF7C4FF0546002800F05E8205A8EDF759
:103EE000E7FDBDF81430B44A4FF47A7101FB00319C
:103EF0002B46B2480BF078FD6AE605A92046FBF791
:103F000035FF0546002800F0608209A8EDF7D0FDD6
:103F1000BDF82430A84A4FF47A7101FB00312B46DA
:103F2000A7480BF061FD53E6002305AA04A920462B
:103F30008DF81430FBF7C0FE0546002840F07D8266
:103F40009DF81030002B00F0A380012B7FF440AED1
:103F50009DF814002946F5F795FB39E605A920469A
:103F6000FBF746FE0546002800F0358209A8EDF76C
:103F70009FFDBDF82430904A4FF47A7101FB003167
:103F80002B4690480BF030FD22E6F8F79BF9002312
:103F900009A9064620460993FBF722FF054600289B
:103FA00000F0348205A8EDF783FDBDF81430824A95
:103FB0004FF47A7101FB00312B4683480BF014FD5E
:103FC00006E6F8F78DF8FCF7D9FA0546002800F068
:103FD00054820021284603F0B9FB064600283FF42E
:103FE000F7AD09A8EDF764FDBDF824204FF47A7110
:103FF00001FB00213346704A74480BF0F5FC28465B
:10400000FBF7D4FBE4E506230DF10B0120468DF808
:104010000B30FBF761FF0546002840F01E829DF83B
:104020000B30052B00F26682DFE803F0A632896BC5
:104030004B36F7F719FD0546F7F792FE014628467D
:10404000FCF7B2F805460028C3D109A8EDF730FD0A
:10405000BDF82430584A4FF47A7101FB00315C48B6
:104060000BF0C2FCB4E5F7F737FCFCF727FA05467E
:104070000028AED109A8EDF71BFDBDF824304E4A4B
:104080004FF47A7101FB003152480BF0ADFC9FE513
:104090005148F5F7EBFA9BE5FDF71EF805460028B9
:1040A00097D109A8EDF704FDBDF82430424A4FF43A
:1040B0007A7101FB003140F2154348480BF094FC43
:1040C00086E505A92046FBF749FF0546002840F094
:1040D000E8819DF81430002B00F0DE81012B00F008
:1040E000F28109A8EDF7E4FCBDF82430324A4FF420
:1040F0007A7101FB00319DF8143039480BF074FCE3
:1041000066E509A905A802F005F9099A05990320B1
:104110008240FCF7FFFE054600287FF45AAF04A852
:10412000EDF7C6FCBDF81030234A4FF47A7101FB5D
:10413000003140F20B4329480BF056FC48E5ECF700
:1041400037FA0D22ADF8140005A90220FCF7E2FEB3
:10415000054600287FF43DAF09A8EDF7A9FCBDF89E
:104160002430154A4FF47A7101FB00314FF47F730C
:104170001A480BF039FC2BE50020FCF793FE0546AE
:1041800000287FF426AF23E5059909A8F7F7DAF9A7
:104190000546002861D004A8EDF78AFCBDF8103070
:1041A000054A4FF47A7101FB00312B460D480BF0A4
:1041B0001BFC0DE53CA603080CCE0308A0A50308D4
:1041C00040A5030880A40308C4A30308ECA60308C1
:1041D00094A103083CA203082952020828A303085B
:1041E0004CA3030828A80308059909A8F8F76EF856
:1041F0000546002843D004A8EDF75AFCBDF810305E
:10420000C54A4FF47A7101FB00312B46C3480BF0CD
:10421000EBFBDDE409A8F7F767FF0546A0B305A8A7
:10422000EDF746FCBDF81430BB4A4FF47A7101FB40
:1042300000312B46BA480BF0D7FBC9E409A8EDF7CB
:1042400037FCBDF82430B44A4FF47A7101FB0031D9
:104250002B46B4480BF0C8FBBAE4F7F7C9F8B7E44B
:1042600005A8EDF725FCBDF81430AB4A4FF47A7180
:1042700001FB00312B46AC480BF0B6FB3CE5F7F7F1
:1042800073FF03F035FBA3E4A84B2021186808F066
:10429000CBFA9DE49DF811308BB1022B3DD009A8DB
:1042A000EDF706FCBDF824309B4A4FF47A7101FB10
:1042B00000319DF811309E480BF096FB88E409A967
:1042C0002046FCF7D5FC0546002846D005A8EDF7AA
:1042D000EFFBBDF81430904A4FF47A7101FB0031C6
:1042E0002B4694480BF080FB72E4F7F7FDF9FCF7DE
:1042F000E7FB0546002D7FF46CAE09A8EDF7D8FB6F
:10430000BDF82430844A4FF47A7101FB00319DF8E6
:10431000113089480BF068FB5AE40DF10B030DF1E5
:104320000A0209A92046FCF701FD054648B305A885
:10433000EDF7BEFBBDF81430774A4FF47A7101FBFC
:1043400000312B467D480BF04FFB41E4F7F722F894
:1043500009A8FCF7FBFB0546CCE709A8F7F7C8F965
:104360000546B0B105A8EDF7A3FBBDF814306A4AC5
:104370004FF47A7101FB00312B4671480BF034FB8E
:1043800026E49DF80B209DF80A100998F6F7AEFF79
:104390001EE4F6F7F7FF1BE4F7F7D0F80999FBF7EF
:1043A00033FE054600287FF414AE05A8EDF780FB28
:1043B000BDF81430584A4FF47A7101FB003140F2D5
:1043C0009B4360480BF010FB02E49DF81400F5F7E6
:1043D0006DF9FFF7FDBB9DF814209DF81730BDF86F
:1043E0001510ADF82610003A18BF0122003B18BF87
:1043F00001238DF8253009A89DF818308DF8242068
:104400008DF82830F5F726F9FFF7E2BB0999304619
:10441000FCF71EFA054600287FF4DBAD05A8EDF792
:1044200047FBBDF814303C4A4FF47A7101FB003170
:1044300045480BF0D9FAFFF7CBBB09A8EDF738FBDD
:10444000BDF82430344A4FF47A7101FB00312B4619
:104450003E480BF0C9FAFFF7BBBB09A8EDF728FBF4
:10446000BDF824302C4A4FF47A7101FB00312B4601
:1044700037480BF0B9FAFFF7ABBB09A8EDF718FB0B
:10448000BDF82430244A4FF47A7101FB00313148E1
:104490000BF0AAFAFFF79CBB2F48F5F725F9FFF7B9
:1044A00097BB09A8EDF704FBBDF824301A4A009524
:1044B0004FF47A7101FB003140F2D63327480BF0FC
:1044C00093FAFFF785BBFCF7B5FD054600287FF49E
:1044D00080AD09A8EDF7ECFABDF824300E4A4FF490
:1044E0007A7101FB003140F2E7331D480BF07CFA92
:1044F000FFF76EBB09A8EDF7DBFABDF82430064ADA
:104500004FF47A7101FB00319DF80B3015480BF028
:104510006BFAFFF75DBB00BF0CCE030880A7030852
:1045200028A003087CA80308C4A00308C0400020FA
:10453000B4A90308CCA8030850AA030864A9030877
:104540001CA9030808A6030828A40308DCA4030880
:1045500090A20308E4A10308BD450208ECA20308E9
:1045600028A303088CA3030809A8EDF7A1FABDF856
:1045700024300F4A4FF47A7101FB00319DF80A3064
:104580000C480BF031FAFFF723BB09A8EDF790FABE
:10459000BDF82430064A4FF47A7101FB00319DF8D2
:1045A0000C300548C3F3C3030BF01EFAFFF710BB32
:1045B0000CCE0308ACA60308A8AA030830B50C4625
:1045C00083B009BB1C2B1D460CD11046FCF7BAFC6E
:1045D000054600283FD0214603F0B8F8044628BB22
:1045E00003B030BD0DF10600EDF762FABDF80640EC
:1045F000224A4FF47A7101FB004121482B4603B057
:10460000BDE830400BF0F0B90DF10600EDF750FABF
:10461000BDF80650194A4FF47A7101FB0051194850
:10462000234603B0BDE830400BF0DEB90DF10600C3
:10463000EDF73EFABDF80630104A4FF47A7101FBEF
:104640000031234610480BF0CFF9284603B0BDE8EF
:104650003040FBF7ABB80DF10600EDF729FABDF8D5
:104660000630064A01464FF47A74084804FB0131CB
:1046700003B0BDE830400BF0B7B900BFF4CD03087C
:104680005CAB030834AB0308F8980308CC98030824
:1046900030B50022154D85B00B2304461146042089
:1046A0002B7008F03DF903E008F03AF92878D8B10A
:1046B0000F49204603F04AF801464FF0FF3204202C
:1046C0000029F1D00DF10E000191EDF7F1F90199FA
:1046D000BDF80E40074A4FF47A750B4605FB0041C2
:1046E00005480BF081F90B2005B030BD9C4000203F
:1046F000453A020844CD0308F898030870B50C4603
:1047000084B009BB1B4B11689C80196015461A4A7E
:1047100093E8030014700BF079FA0DF10E00EDF739
:10472000C7F9BDF80E302A6801464FF47A74134871
:1047300004FB01310BF058F9114B1868042104B047
:10474000BDE8704008F070B80B4B06460B220DF127
:104750000E001A70EDF7ACF9BDF80E50094A00943E
:104760004FF47A7101FB0051334607480BF03CF9D6
:10477000E2E700BF8C4000209C40002090AB030883
:10478000C040002078CD0308DCAB030810B5044618
:1047900082B003282FD8DFE800F024021A100DF1B0
:1047A0000600EDF785F9BDF8063002464FF47A7140
:1047B000194801FB02310BF017F90120FAF758FFF5
:1047C0000720FDF7DDFD154B1C7002B010BD002069
:1047D000FDF7D6FD0220FAF74BFF104B1C7002B01C
:1047E00010BD0020FAF744FF0320FDF7C9FD0B4B75
:1047F0001C7002B010BD0DF10600EDF759F9BDF8BF
:104800000630074A4FF47A7101FB00312346054810
:104810000BF0EAF8D7E700BF20AC0308A440002063
:10482000F4CC030860AC03082DE9F04182B0FAF73C
:104830000DFF0446F5F7DCF80546F7F711F9012CF2
:1048400040D0294E0120F4F785FE33780DF106079C
:10485000DBB99D4228D04FF000082846FFF796FFAD
:104860000120FAF733FE3846EDF722F92246BDF86B
:10487000064033784FF47A7101FB00411B480BF07E
:10488000B3F8404602B0BDE8F0813846EDF710F9C4
:10489000BDF806304FF47A7101FB003114480BF07B
:1048A000A3F833789D42D6D13846EDF701F9BDF82B
:1048B00006304FF47A7101FB00312A460D480BF0A7
:1048C00093F8C8E7084E07460220F4F743FE337812
:1048D000022B02D00DF10607BDE7B7F800800DF1FD
:1048E000060708F49368B8E7A440002048AD030821
:1048F0008CAC0308D8AC03082DE9F04FBE4887B054
:10490000F4F7D2FD0024BD480494042204A9FDF765
:10491000C1FF002840F0DB80B94BBA4F01221A607A
:1049200001F02CFB3860002800F04482B648B74DF7
:10493000FAF73AFEF5F73EF8F5F7E4FBFAF78AFDE9
:10494000F7F724F8F7F7C0F8F7F7CCFAF6F746FFD1
:10495000F7F70AFCF6F74CFDFDF702FD01F0E6FC67
:1049600004A8EDF7A5F8BDF810304FF47A7101FBFB
:104970000031A7480BF038F800220B231146042021
:104980002B7007F0CDFF07E04FF0FF32002104202D
:1049900007F0C6FF2C7864B39E48F4F7F5FD0028B5
:1049A000F2D104A8EDF784F8BDF810109A4A4FF43C
:1049B0007A7404FB001199480BF016F804A8EDF77F
:1049C00077F8BDF81010964A04FB001195480BF0DB
:1049D0000BF804A8EDF76CF8BDF81030924A0146C8
:1049E0004FF47A7404FB013190480AF0FDFF07F0A0
:1049F000EDFE04A8EDF75CF8BDF810304FF47A71C5
:104A000001FB00318A480AF0EFFF0B2322462146C2
:104A100004202B7007F084FF0DE04FF0FF320021DF
:104A2000042007F07DFF2E7836B307F059FE001BF7
:104A3000B0F57A7F76D307F053FE04467D48F4F74D
:104A400097FD0028E9D104A8EDF732F8BDF8101061
:104A5000794A4FF47A7404FB001170480AF0C4FFDD
:104A600004A8EDF725F8BDF810106D4A04FB0011FD
:104A700072480AF0B9FFACE704A8EDF719F8BDF8E1
:104A800010104FF47A7808FB00116D480AF0ACFF63
:104A90003046FCF707FA0446002800F07281FFF761
:104AA000F7FD05462046FAF781FE002D40F09C8177
:104AB000FEF722FEDFF88C9199F80030032B00F20C
:104AC0003D83DFE813F0F5006E004200340003A8D8
:104AD000ECF7EEFFBDF80C104FF47A7505FB0011F2
:104AE00059480AF081FF21464FF0FF32402007F07D
:104AF00017FF012341480493042204A9FDF706FF90
:104B00000446002840F0648103A8ECF7D1FFBDF80B
:104B10000C3002464FF47A7101FB02314B480AF027
:104B200063FFF9E64FF47A7007F05AFF83E704A8B1
:104B3000ECF7BEFFBDF810303B4A4FF47A7101FB31
:104B4000003143480AF050FF43E704A8ECF7B0FFF8
:104B5000BDF810304FF47A7101FB00313D480AF086
:104B600043FF05E0E20600F1A681A30700F1B18151
:104B70004FF0FF320021B32007F0D2FE041EC0F236
:104B80004C812106EED504A8ECF792FFBDF8101079
:104B900008FB001130480AF027FF0220FAF796FCC4
:104BA000E0E704A8ECF784FFBDF810304FF47A7109
:104BB00001FB003129480AF017FF294B1B78002B15
:104BC00040F0C98104A80BF047F8264DDDF810A08D
:104BD0004FF47A7B55443968284600F009FE00906E
:104BE000002840F09F823868FCF776FF4FF0FF36D0
:104BF0000446002847D1B2E1DC08002080AD03085C
:104C000098400020C4400020713902089C400020D8
:104C1000A8AE030881390208ACCD0308E8AE03084A
:104C2000C8CD03081CAF030850CE0308F8B503082D
:104C300058AF0308FD46020888CD0308A8AF030853
:104C4000DCAF03089440002084AD03082CAE0308B9
:104C5000B8B5030828B3030870B30308E8B3030822
:104C6000A44000206E847FA9B5FBF3F203FB12522F
:104C70009B1A20469E4228BF1E46FCF731FF044681
:104C8000002800F0CC802046FCF7B2FF8368002BA0
:104C9000EAD103A8ECF70CFFBDF80C3002464FF444
:104CA0007A7101FB0231BE480AF09EFE00BEFEE7AB
:104CB00004A8ECF7FDFEBDF810104FF47A7505FB63
:104CC0000011B8480AF090FEF6F760FEF6F7FCFE19
:104CD000F4F78EFEFFF75AFD01F04AFB386801F049
:104CE0006BFA0446002800F0F780022800F0898063
:104CF000002001F001FB042304AA012104900E20EE
:104D0000F5F76CFA03A8ECF7D3FEBDF80C10A64A31
:104D100005FB00112346A5480AF066FE386801F03D
:104D20009DFA0446002800F0B081022800F0EB81D3
:104D3000012001F0E1FA042304AA012104900F20CC
:104D4000F5F74CFA03A8ECF7B3FEBDF80C204FF4CE
:104D50007A7101FB00212346934A95480AF044FEEC
:104D600000F0F4FC934B1B78002B40F093813868E3
:104D7000FCF704FF0123002800F0B28189F800301D
:104D80009AE604A8ECF794FEBDF81030014608FB43
:104D9000013189480AF028FE04A8ECF789FEBDF825
:104DA0001030864A4FF47A7101FB003184480AF0D2
:104DB0001BFE0EE604A8ECF77BFEBDF81030814A1E
:104DC0004FF47A7101FB00317F480AF00DFE00E6D6
:104DD00003A8ECF76DFEBDF80C10224605FB001190
:104DE0007A480AF001FE8FE604A8ECF761FEBDF8F0
:104DF0001010774A08FB00110B2376480AF0F4FDE7
:104E0000CAE704A8ECF754FEBDF81010664A05FB8B
:104E10000011234670480AF0E7FD0323AEE76F4B0D
:104E20009E4200F29C806E4A5244AB1A3344002BDF
:104E300040F398804FF47A7403FB0444A4F57A712C
:104E400068480BF061F867480AF098FF0EE01AF026
:104E5000100F40F023811AF0020F21D11AF0200F19
:104E600040F0D2801AF0010F40F0EA802246002183
:104E7000B32007F055FDB0F1000AC0F21C811AF012
:104E8000800FE4D003A8ECF713FEBDF80C100BFB69
:104E9000001155480AF0A8FD0220FAF717FBD6E7E3
:104EA000FFF7C2FC0028D9D0009B4E4889F800309B
:104EB0000AF0DAFF00E604A8ECF7FAFDBDF81030BE
:104EC0004FF47A7101FB003148480AF08DFD002350
:104ED00054E7FFF7A9FC4BE601460E20F5F7A4F9CD
:104EE00004A8ECF7E5FDBDF81030014605FB0131E3
:104EF0003F480AF079FDF6F7B7FD0446F6F730FFB4
:104F000001462046FBF750F9044600283CD0FFF745
:104F1000BFFB06462046FAF749FC002E3FF4FEAEE2
:104F200004A8ECF7C5FDBDF81010324A05FB0011CE
:104F30000B2331480AF058FD04A8ECF7B9FDBDF881
:104F40001030194A4FF47A7101FB00310B232B48C2
:104F50000AF04AFD61E70120FAF7B8FA32E64FF0AD
:104F6000FF3483E703A80192ECF7A2FDBDF80C30F3
:104F7000019A4FF47A7101FB0031AA1A3346204896
:104F80000AF032FD234655E704A8ECF791FDBDF881
:104F90001010184A05FB00111A480AF025FDCBE74E
:104FA00004860308C4B003080CCD0308F8B1030855
:104FB00084B20308A440002020B00308C8CD030831
:104FC00088B0030850CE030868AE0308E8AD0308B4
:104FD00064CD03085CB00308ACB103083689410016
:104FE0006E847FA9A8400020E0B40308A8B303089A
:104FF000FCB00308DCCC030840B103086CB1030823
:1050000028B40308CC980308F6F76CFF01F0B0F958
:10501000386801F023F9044600286FD001210F20E1
:10502000F5F702F903A8ECF743FDBDF80C204FF4A7
:105030007A7101FB00212346414A42480AF0D4FC20
:10504000414C04A80AF008FEDDF810A023683F4A8E
:10505000AAEB0303934235447FF6BDAD03A8ECF7FA
:1050600027FDBDF80C3022684FF47A7101FB003146
:10507000AAEB020236480AF0B7FC2368354803F56C
:1050800016732360F4F774FAA5E501460F20F5F7CF
:10509000CBF865E60120FAF719FA68E603A8ECF701
:1050A00007FDBDF80C304FF47A7101FB00312A483E
:1050B0000AF09AFCF8E603A8ECF7FAFCBDF80C201D
:1050C0004FF47A7101FB002153461D4A23480AF030
:1050D0008BFC1AF1020F009B18BF03230093E3E639
:1050E00004A8ECF7E5FCBDF810304FF47A7101FB31
:1050F00000311B480AF078FC02233FE601460F20EE
:10510000F5F792F89CE704A8ECF7D2FCBDF8102064
:105110004FF47A7101FB00212346124A12480AF02B
:1051200063FC7AE600F0C0FD0423039003AA01218A
:105130000E20F5F753F802230093B5E6FEE700BF13
:10514000C0CC030884B203088C40002080510100C9
:1051500068B50308FD46020820B50308A0B403089B
:10516000C8B203080CCD030838B2030870B5284B49
:105170001B6882B004462BB3012807D00020FAF741
:10518000A5F902B0BDE87040F5F786B8FBF77CFCE6
:10519000054658B31F4902F0D9FA0646B0B10DF1E1
:1051A0000600ECF785FCBDF806301B4A4FF47A7117
:1051B00001FB0031334619480AF016FC2846FAF77D
:1051C000F5FADEE7022809D002B070BD0221F4F73B
:1051D000B1F903212046F4F7ADF9D2E7104B186876
:1051E000402102B0BDE8704007F01EBB0DF1060083
:1051F000ECF75EFCBDF80630074A01464FF47A74BE
:10520000084804FB013102B0BDE870400AF0ECBB75
:1052100098400020B93A02083CCE03085CB6030867
:10522000C040002020B6030870B50C4684B081B1A0
:1052300003A8ECF73DFCBDF80C50284A4FF47A71F6
:1052400001FB00512648234604B0BDE870400AF037
:10525000CBBB136803930DF10A00ECF729FC039A0A
:10526000BDF80A10C2F380034FF47A7606FB0011F2
:1052700000931C48C2F3400302F001020AF0B4FBA1
:10528000032203A90120FBF745FE054630B1214664
:1052900002F05CFA044678B904B070BD0DF10A0062
:1052A000ECF706FCBDF80A300C4A014606FB01315A
:1052B0000D480AF099FBEFE70DF10A00ECF7F8FB57
:1052C000BDF80A10054A06FB0011234607480AF0FC
:1052D0008BFB2846FAF76AFA04B070BDE4CD0308E8
:1052E00034AB03088CB60308CC980308F89803087D
:1052F00010B51E4884B002F0D3F900F0C3F90020C5
:1053000007F072FC90B10024194B1A480094224611
:105310004FF0FF310AF0F8FC174A1848214607F011
:10532000FBF9174B186088B104B010BD0DF10E00E9
:10533000ECF7BEFBBDF80E3002464FF47A7101FB6C
:10534000023110480AF050FB00BEFEE70DF10E00DE
:10535000ECF7AEFBBDF80E3002464FF47A7101FB5C
:10536000023108480AF040FB00BEFEE7A93A0208F5
:10537000993A0208A840002060CE0308F9480208C4
:10538000C0400020048603082DE9F041404E414F03
:1053900084B04FF0FF352A460021032007F0C0FA01
:1053A000041E25DAA21C45D130684FF0FF3107F00A
:1053B00075FC3948FCF78AFBA0B93C7894B93648AB
:1053C000FCF76AFB0546002852D0344902F0BEF9CA
:1053D0008046B8B901244FF0FF3530683C7007F0C3
:1053E0008FFCD8E7306807F08BFC4FF0FF35D2E731
:1053F00030684FF0FF3107F051FCE30744BF002352
:105400003B70D6E70DF10E00ECF752FBBDF80E3005
:105410000A224FF47A7101FB003100924346204A80
:1054200020480AF0E1FA29461B48FCF71BFB42F230
:105430001075D2E70DF10E00ECF73AFBBDF80E1037
:10544000174A4FF47A7505FB0011234616480AF0F7
:10545000CBFA0DF10E00ECF72BFBBDF80E30104A25
:10546000014605FB013111480AF0BEFA07F0AEF91A
:105470000DF10E00ECF71CFBBDF80E3002464FF4A8
:105480007A7101FB02310A480AF0AEFA00BEFEE76B
:10549000E0400020D8400020E4080020B554020875
:1054A0000CCF030860B70308ECB6030834B7030851
:1054B0000486030830B50D4683B050B92846FAF784
:1054C00075F90C4B1868012103B0BDE8304007F0B6
:1054D000ABB904460DF10600ECF7EAFABDF8063068
:1054E000054A4FF47A7101FB0031234603480AF064
:1054F0007BFAE3E7DC400020FCCE030834AB030872
:105500002DE9F04F87B00746104603928846FCF716
:10551000E3FADFF858910022C9F80020002852D0A1
:10552000054602922846FCF763FB044600286AD031
:105530000068002877D0A368002B00F08480B7FBB8
:10554000F3F603FB1676AEBB414601F02FFC834613
:1055500080B3206801F062FC82460DF11600ECF782
:10556000A7FABDF81610CDF800B04FF47A7B534679
:105570000BFB00113E4A3F480AF036FA23790DF141
:10558000160023BBECF794FABDF81610384A0BFB53
:10559000001139480AF028FA206801F03FFC4FF06A
:1055A000010AD9F80030CDF808A00AFA00F0034348
:1055B000C9F800302846FCF793FA0546002DB1D112
:1055C000029A002A4FD1002007B0BDE8F08FECF717
:1055D0006FFABDF81610264A0BFB001127480AF097
:1055E00003FA3146206801F0E1FB206801F0D6FBA8
:1055F000204609F0F5FF29460398FCF775FA0546A1
:10560000002D8FD1DCE70DF11600ECF751FABDF853
:10561000163002464FF47A7101FB023118480AF045
:10562000E3F900BEFEE70DF11600ECF741FABDF814
:10563000163002464FF47A7101FB023110480AF02D
:10564000D3F900BEFEE70DF11600ECF731FABDF814
:10565000163002464FF47A7101FB023108480AF015
:10566000C3F900BEFEE70B20AEE700BFC840002034
:1056700084CE0308A4B70308D8B7030808B8030802
:105680000486030810B5002082B007F0ADFA284B5D
:10569000186070B3FAF750F9264A1060C8B1FAF7EB
:1056A0005FF90DF10600ECF703FABDF8063001468C
:1056B0004FF47A7404FB01311F480AF095F91F4A30
:1056C0001F48002107F028F81E4B186008B302B0ED
:1056D00010BD0DF10600ECF7EBF9BDF806300246FF
:1056E0004FF47A7101FB023117480AF07DF900BED0
:1056F000FEE70DF10600ECF7DBF9BDF806300246D7
:105700004FF47A7101FB02310F480AF06DF900BEC7
:10571000FEE70DF10600ECF7CBF9BDF806300146C7
:1057200004FB013108480AF05FF900BEFEE700BF44
:10573000E0400020E840002038B8030820CF0308EC
:1057400089530208DC4000200486030830B5214B51
:10575000214D186883B0FAF703F94FF0FF3128683C
:1057600007F09CFA0DF10600ECF7A2F9BDF806402F
:105770004FF47A7303FB00441848FCF7A5F9184A64
:105780000346214617480AF02FF905E01348FCF7B5
:1057900083F978B1FAF70AF81048FCF797F900286E
:1057A000F4D0114B286800221A7003B0BDE83040D5
:1057B00007F0A6BA0DF10600ECF77AF9BDF806304D
:1057C00002464FF47A7101FB023108480AF00CF9E5
:1057D00000BEFEE7E8400020E0400020E408002092
:1057E000E4CE030890B80308D840002004860308DC
:1057F0002DE9F04FDFF84492D9F8003001338DB035
:10580000C9F800308E4B05910C4605461868FBF729
:105810005BFF224601212846FFF772FE38B3894F0D
:105820000BAE4FF00B09059A3C6828460021FFF7A4
:1058300067FE834B844D18683C60FBF76FFF834B1A
:10584000834C1B6828680B933146FBF77BFE20686E
:105850003146FBF777FE28680021FBF767FE2068DA
:105860000021FBF763FE48460DB0BDE8F08F04460B
:1058700006F036FF07900598D9F800A0714FFCF7A5
:105880002BF93C60002800F0CC8108940BAE044654
:10589000A84609972046FCF7ABF98368B8FBF3F5F7
:1058A00003FB158507465FFA8AF1002D35D10068A4
:1058B00001F086FA02460492304672B3ECF7F8F82B
:1058C000BDF82C104FF47A7B0BFB00113868069161
:1058D00001F0A4FA049A0092034606995D4A5E48D4
:1058E0000AF082F83B793046002B40F04381ECF718
:1058F000DFF8BDF82C30574A01460BFB0131574801
:105900000AF072F8386801F089FA099A012303FA5B
:1059100000F008931368184310602046FCF7E0F885
:105920000446002CB6D1DDE908374546002B7FF44C
:1059300078AFD9F8003005980993FCF7CDF8002826
:1059400073D00023DDF824B004960893064606972A
:105950003046FCF74DF98268B5FBF2F302FB1353B6
:105960000446002B55D106F0BBFE0746206801F027
:1059700031FA079B03EB0009206801F04FFAA9EB0D
:1059800007090746206801F04FFAB9F1000F804679
:1059900002DD484607F024F85FFA8BF92068494693
:1059A00001F032FA824600287FD019285ED0049890
:1059B000ECF77EF8BDF82C30294A4FF47A7101FBE0
:1059C0000031CDE9007A27485B460AF00DF80498CB
:1059D000ECF76EF8CDF808A0BDF82C3022794FF422
:1059E0007A7101FB0031CDE900725B461C4A1E480A
:1059F00009F0FAFF23792068002B40F0008101F0C4
:105A00000DFA069A012303FA00F00893136818436D
:105A100010603046FCF764F80646002E98D1089BCB
:105A2000049E069F002B7FF4FCAE059A3C68284636
:105A30000021FFF765FD8146FBE600BFE440002042
:105A4000C4080020C8400020700800204C4603080D
:105A50006C080020C4CE0308D8B80308D8B70308E0
:105A6000ACCE03085CB90308D0BA0308206801F083
:105A7000B1F982460498ECF71BF8BDF82C107C4A6B
:105A80004FF47A7303FB0011CDE9007A5B46794845
:105A900009F0AAFF504606F0A3FF2068494601F02E
:105AA000B3F98246002840F08280206804994A4673
:105AB00001F098F98246002840F08A8022790B9BF9
:105AC000012A00F097806C4A0095106839464246DA
:105AD000F9F762FF00289CD0032840F0B380664BA2
:105AE000D3F800A05046F9F7FBFF81465046F9F77E
:105AF000FBFF01464846F9F753FE8246002800F0B6
:105B00009280DFF878914FF0FF31D9F8000007F06C
:105B1000C5F851465A48FBF7A5FF824678B10DF10A
:105B20002A00EBF7C5FFBDF82A304FF47A7101FB6C
:105B30000031544809F058FF5046F9F737FE524BF0
:105B40000221186806F070FED9F8000007F0D8F8B6
:105B5000494B18689946F9F703FF00950B9BD9F854
:105B6000000042463946F9F717FF00283FF451AFCD
:105B700082462CE7EBF79CFFBDF82C10434A0BFB49
:105B80000011434809F030FF2946386801F00EF94A
:105B9000386801F003F9384609F022FD21460598DE
:105BA000FBF7A2FF0446002C7FF474AEBBE604981A
:105BB000EBF77EFFBDF82C102D4A4FF47A7303FBF0
:105BC0000011CDE9007A5B46324809F00DFFFEE690
:105BD0000DF12A00EBF76CFFBDF82A30244A4FF490
:105BE0007A7101FB0031CDE9007A5B462A4809F061
:105BF000FBFEECE61946384600F0DAFB09E7002127
:105C000001F0D4F8206801F0C9F8204609F0E8FC5A
:105C100031460598FBF768FF0646002E7FF498AEE4
:105C2000FDE60BAE85E60DF12A00EBF741FFBDF86E
:105C30002A301A4A4FF47A7101FB0031184809F0F2
:105C4000D3FE85E781460DF12A003C46049E069F5F
:105C5000EBF72EFFBDF82A20099B4FF47A7101FB68
:105C60000021CDE90049024A0E4809F0BDFEDAE5FF
:105C7000ACCE030810B90308E8400020E040002043
:105C8000E408002094BA0308DC400020C4CE0308D6
:105C900008B80308A0B90308E4B90308A0CE0308B4
:105CA00060BA03081CBA0308014B1868704700BFAC
:105CB000C8400020A0F10101B1FA81F14909012099
:105CC000FDF718BEA0F10101B1FA81F149090020E8
:105CD000FDF710BE38B500680D4601F09FF8044688
:105CE000286801F09BF884428CBF0120002060F1FD
:105CF000000038BD38B50121054601F057F80446CB
:105D000020B9284601F040F8044640B10021284659
:105D100001F04CF8284601F041F8204638BD014614
:105D2000284601F043F804460028F6D0EEE700BF0D
:105D30002DE9F04F87B00290002A00F0D880029B36
:105D400010461C680E469146FBF7C6FE80460028AA
:105D500000F0018100254FF0010B4046FBF748FFA2
:105D600007464046002F00F0B2803B79B34221D174
:105D7000386801F053F80BFA00F1214038687DD003
:105D800001F04CF80BFA00F338681D43FFF7B2FF3F
:105D9000002840F08580386801F040F80BFA00F3E5
:105DA000386824EA030401F039F80BFA00F325EA15
:105DB00003054046FBF794FE8046B8F1000FCCD1B6
:105DC00024EA0504654F4FF0000A21E009F082FB48
:105DD00080464FF0FF314846B8F1000F00F0978041
:105DE0003B68C8F80030C8F8081088F804604146DD
:105DF000FBF7A8FE002800F09B8025EA0B0524EAAB
:105E00000B040AF1010ABAF10B0F07F1040727D0BE
:105E1000012303FA0AFB1BEA040FF2D03868FFF7EC
:105E200069FF80460C20B8F1000FCFD00DF11600AD
:105E3000EBF73EFEBDF81620CDF800804FF47A71E6
:105E400001FB00215346464A46480AF1010A09F07F
:105E5000CBFDBAF10B0F45EA0B0507F10407D7D1CB
:105E600041494846FBF7A2FE2C43029B002C1C60D4
:105E700014BF0C20002007B0BDE8F08F00F096FFA3
:105E8000386800F08BFF384609F0AAFB41464846C7
:105E9000FBF72AFE8046B8F1000F7FF45EAF8FE774
:105EA00003900DF11600EBF703FEBDF816104FF44A
:105EB0007A7303FB001A386800F0B0FF039A00926F
:105EC0000346274A2948514609F08EFDDBE70DF1CC
:105ED0001600EBF7EDFDBDF8163002464FF47A716F
:105EE00001FB0231224809F07FFD00BEFEE70DF103
:105EF0001600EBF7DDFDBDF8163002464FF47A715F
:105F000001FB02311A4809F06FFD00BEFEE70DF1FA
:105F10001600EBF7CDFDBDF81640114A4FF47A712B
:105F200001FB00415346134809F05EFD0220A2E741
:105F30000DF11600EBF7BCFDBDF816204FF47A7199
:105F400001FB00215346064A0B4809F04DFD40462F
:105F500009F046FBEAE7054634E700BF08410020A8
:105F600064CF03084CBB0308D55C02081CBB0308C4
:105F70000486030880BB0308B8BB03082DE9F0477B
:105F800082B0FBF7DBFD002800F0C4807F4FDFF814
:105F900000A2804B804E002422462146804638686D
:105FA000CAF80C4001F038F8012130602046FDF7B6
:105FB000A1FC3868FBF788FB3868F8F78FFD0546C9
:105FC000002870D10DF106094846EBF771FDBDF8C8
:105FD00006304FF47A7101FB0031704809F004FD7E
:105FE0006C4B38682946012201F00AF905217060DE
:105FF00001F03CF97061674B3868694C022200215E
:1060000000F016FD674BB06003222068002100F00D
:1060100061FB644BF06004222068002101F0FAF972
:1060200006213061B06800F047FD0721B06130699A
:1060300001F026FA0821F061306801F021F8092109
:106040003062B06800F038FD0A217062F06800F03C
:1060500079FBB062504E0024354655F8043B002BC6
:1060600068D0E0B201F042FA50B955F8040C00F0E3
:106070008BFE28B955F8040C494600F0DBFE90B3BE
:1060800001340B2CE9D100210846FDF733FC3868B8
:10609000FBF744FBB06800F025FDF5F7B7F8404684
:1060A00002B0BDE8F0873868F8F780F805460028A8
:1060B0004FD10DF106094846EBF7FAFCBDF8063062
:1060C0004FF47A7101FB0031374809F08DFC314BF8
:1060D00038682946012200F00BFE0521706000F0AF
:1060E0003DFE706187E7DAF80CC09DF80610BCF140
:1060F000000F48D0264B0AEB0C0013F8012B8A4204
:10610000BED09842F9D10CF101030AF80C10CAF87C
:106110000C30B5E70DF10600EBF7CAFCBDF8063010
:1061200002464FF47A7101FB0231204809F05CFC11
:1061300000BEFEE74846EBF7BBFCBDF80630024662
:106140004FF47A7101FB0231184809F04DFC00BE92
:10615000FEE72046012100F0D5FC052170600120FA
:1061600000F0D0FC0DF1060970614846EBF7A0FC89
:10617000BDF806300E4A4FF47A7101FB00310D482C
:1061800009F032FC37E70123BFE700BFC408002055
:10619000F8400020C55C020808410020ECBB030861
:1061A000C0080020B55C020824BC0308048603086C
:1061B0009CCF030860BC0308F0B583B00446F5F734
:1061C0004FFC2246038801930746002101A8FFF7F0
:1061D000AFFD1F4B019A1A600646B8B10DF10200DF
:1061E000EBF766FCBDF802301A4A4FF47A7101FBF6
:1061F00000311948334609F0F7FB0021224601A877
:106200000191FFF795FD304603B0F0BD2046FBF746
:1062100063FC04460028F6D02046FBF7E9FC02792F
:10622000054662B12046FBF75BFC04460028EAD035
:106230002046FBF7DDFC02790546002AF2D1006812
:1062400000F0ECFD07EB40004388AB60EAE700BFDD
:10625000F04000207CCF03089CBC03082DE9F041EE
:1062600082B00646F5F71EFF204903880B600746FB
:1062700032461E480121FFF75BFD80463046FBF7A2
:106280002BFC70B104462046FBF7B2FC0546B0B1CA
:106290000379012B09D02046FBF722FC0446002C91
:1062A000F1D1404602B0BDE8F081006800F0B6FDD3
:1062B00001F0FCF807EB8000C36CAB60EBE70DF17D
:1062C0000600EBF7F5FBBDF80630094A4FF47A718A
:1062D00001FB0031074809F087FB21463046FBF7F8
:1062E00003FC0446002CCED1DBE700BFEC400020CD
:1062F00044CF030804BD030828B1012806BF034B9F
:10630000186800207047024B18687047EC40002066
:10631000F040002030B129B1034B0360DB680B6013
:106320000020704701207047F840002010B50E4C47
:10633000206882B010B1002002B010BD06F054FCFD
:1063400020600028F7D10DF10600EBF7B1FBBDF896
:10635000063002464FF47A7101FB0231034809F01E
:1063600043FB00BEFEE700BF344100200486030863
:10637000F8B5F5F797FE0D4F05460024012602E01B
:1063800001340B2C10D0298806FA04F39BB2194073
:10639000F6D13A88E01C22EA0303C0B201343B8004
:1063A000F3F742FF0B2CEED1F8BD00BF3A410020BD
:1063B0000A2800D970472DE9F04F87B083460C4674
:1063C000F5F770FE594EDFF868A105464FF0FF3132
:1063D000306806F063FC2988BAF8007021FA0BF1E6
:1063E000CA0711D427FA0BF1CB0779D4514B306887
:1063F0001B8823FA0BF303F001038DF8163006F027
:106400007FFC07B0BDE8F08F5846F5F74FFED0F897
:10641000089041680568029148460195E9F73AFB02
:1064200021460390E9F7DCFD4946B0F10008284613
:1064300018BF4FF00108E9F72BFB2146BAF80050CE
:10644000E9F7ECFD28B903982146E9F7C9FD0028D2
:1064500068D008FA0BF0DFF8DC800121B8F800C042
:1064600001FA0BF189B20D432CEA01010143AAF8AC
:106470000050A8F8001049460198E9F70BFB2146A7
:10648000E9F7AEFD40B149460298E9F701FB214624
:10649000E9F7C4FD00283DD1B8F80030306823FA90
:1064A0000BF303F001038DF8163025FA0BF406F018
:1064B00027FCAF4204F00104A3D00BF10302D0B2D9
:1064C00044B101230DF116021946F3F787FE07B018
:1064D000BDE8F08F2146F3F7A7FE07B0BDE8F08FC7
:1064E0000DF11600EBF7E4FABDF81640DFF8448032
:1064F0004FF47A7101FB00415A460F4809F074FAD3
:10650000BAF80050012101FA0BF125EA0105AAF8B9
:106510000050C1E7012101FA0BF125EA0105AAF8B3
:106520000050B9E7DFF80C80A5E700BF3441002038
:106530003A4100203841002034BD030838B1C16819
:1065400040790B780122824023EA02030B707047E6
:1065500030B370B50D46C168037991F83C2001262F
:10656000044606FA03F002EA000C05FA03F39C4520
:106570000AD0CB6C28469847E168237991F83C20F3
:1065800006FA03F005FA03F322EA00021A434FF673
:10659000FF7581F83C20A1F84A500020258170BD8C
:1065A00001207047F0B170B5C668B6F84A308B422A
:1065B0000D4604460FD096F83C20072112F0040245
:1065C00006F1040018BF0A46F6F74EF986F84800AF
:1065D000E668A6F84A50258196F84800002818BFBA
:1065E0000E2070BD01207047C8B110B50446C068C8
:1065F000627903781341DB0701D5002010BD043018
:10660000F5F772FF68B9E268607911780123834079
:106610000B434FF6FF71137000202181EEE701203C
:1066200070470C2010BD00BF58B1C06808B50430D9
:10663000F6F74CF900B908BD082814BF0A20192044
:1066400008BD0120704700BFE8B138B50D4649B319
:1066500001899142044612D1C368B3F84A208A42A4
:1066600013D093F8490022795AB9196C29604FF672
:10667000FF72002818BF0F20A3F84A2038BD102051
:1066800038BD596CF2E70120704793F83C20D107E0
:106690000AD403F14401181DF6F7B0F9E36883F852
:1066A0004900E0E7012038BD520705D403F140015D
:1066B000181DF6F73BF9F1E703F1440203F140013D
:1066C000181DF6F705FAE9E718B1C0680430F6F7C7
:1066D00077BA70472DE9F84360B3054610200F469E
:1066E0009046994609F03CFF064618B3502009F041
:1066F00037FF0446D8B12846221D5621F5F7E8FE9B
:106700000E4B33604FF6FF720023328123640C4A34
:1067100063640023377186F80580A264237084F8CF
:106720003C30C4F84C90F4603046BDE8F883304605
:1067300009F01EFF00263046BDE8F883F40800206B
:106740000000FFFF70B5054690B10379B3FA83F3FB
:106750005B0910200E465C0009F002FF40B1EA68B8
:106760002B68C2604FF6FF720281047146710360AC
:1067700070BD00BF08B1C368586E704700207047F5
:106780000346E0B110B508461A79D9684FF0010EFA
:1067900000FA02FC0EFA02FE91F85420CC6E22EAB6
:1067A0000E0242EA0C024FF6FF7C81F85420A1F859
:1067B0006AC0A3F808C004B1A047002010BD0120A2
:1067C000704700BF00284ED030B5C368B3F86A20C8
:1067D0008A4289B00D46044606D100221046258122
:1067E00083F8682009B030BD0821204A8DF80810D0
:1067F00001A859180192F6F7CBFEE26848BB1C4B82
:106800008DF80C0003A908320120CDF80E30F7F7FF
:10681000ABFAE16818BB08310120F6F751FEE268D7
:10682000B8B9083201A90120F6F790FF9DF80C10C5
:10683000BDF81020E36801FB02F24FF47A7C0D49A9
:10684000A3F86A500CFB0202A1FB021292095A66DD
:10685000C3E7022382F868300E2009B030BD02235E
:1068600081F86830F8E70120704700BF0505050092
:106870002C016400D34D621078B110B50446C06895
:1068800003790BB1002010BD0830F6F749FD30B98F
:10689000E36801221A710020F5E7012070470C20FF
:1068A00010BD00BF024BA3FB00308009EBF722B8FC
:1068B000D34D621083B3F0B51C46DB6883B043B39D
:1068C0001B6833B306460F4618684FF0FF31154674
:1068D00006F0E4F912482A46394600F8016B09F03F
:1068E000C1FFE16800226B1C08689BB2CDE9002261
:1068F00076210B4AFAF77CFEE3681B6805461868A8
:1069000006F0FEF9002D14BF6FF00100002003B067
:10691000F0BD4FF0FF30FAE74FF0FF30704700BF97
:106920003C41002070B584B08DF80F001BB31C46AD
:10693000DB6803B31B68F3B118680E464FF0FF31F4
:10694000154606F0ABF9E068ADB200680123CDE969
:10695000006576210DF10F02FAF74AFEE3681B6825
:106960000546186806F0CCF9002D14BF6FF0010041
:10697000002004B070BD4FF0FF30FAE760B159B1AC
:10698000C3681A7952B11B7A612B01D00520704778
:106990000A230B70002070470120704712207047B7
:1069A00060B330B50D4689B051B3018991420446B8
:1069B00017D1C368B3F86A208A4224D04FF6FF7219
:1069C000A3F86A20227993F854106AB9C80708D549
:1069D0009A6D2A6093F86900002818BF0F2009B04B
:1069E00030BD102009B030BD012A03D04A07F8D5C8
:1069F0001A6EEEE78907F4D5DA6DEAE701207047F1
:106A0000012009B030BD08330DF1070202A90120B1
:106A1000F6F70AFFE368049A06999A65003818BFEA
:106A20000120059AD965400083F869001A66C5E718
:106A30002DE9F041002830D0054610200F46904641
:106A40001C4609F08DFD064638B3702009F088FD1C
:106A500000B3144B336000238365C36503660023D2
:106A6000037180F854301049104B37714FF6FF72A4
:106A7000C0E91113328119230D4A826683750D4ACC
:106A800086F805800560C466C660F060C264304662
:106A9000BDE8F081304609F06BFD00263046BDE8C8
:106AA000F08100BF1409002025690208B5680208BA
:106AB0000000FFFFA568020870B5044688B10846CB
:106AC0000D4600F0F3FC0646102009F049FD40B1E8
:106AD000E2682368C2604FF6FF7202810671457159
:106AE000036070BD08B1C068083070470C20704763
:106AF0000E207047002070470F2070470B20704712
:106B00000B20704738B5054608200C4609F028FDD3
:106B100018B1024B03600571447138BD340900207F
:106B20000346D0B110B508461A79D9684FF0010E66
:106B300000FA02FC0EFA02FE0A7C0C6A22EA0E023D
:106B400042EA0C024FF6FF7C0A74A1F81EC0A3F8BB
:106B500008C004B1A047002010BD0120704700BF4D
:106B600098B108B5C068017C032904D001F0010187
:106B7000C1F10201C9B20430F7F7A8FB00B908BDA2
:106B8000082814BF0A20192008BD0120704700BF43
:106B9000D0B170B5C668F38B8B420D4604460DD05C
:106BA000317C032904D001F00101C1F10201C9B215
:106BB000301DF7F761FB3077E668F5832581307F7C
:106BC000002818BF0E2070BD0120704778B110B5A5
:106BD0000446C06803780BB1002010BD0430F7F7FD
:106BE000F5FA30B9E36801221A700020F5E70120B8
:106BF00070470C2010BD00BFA0B199B1C3685B897C
:106C000040F2152293421FD8B3F5047F08D3A3F5B1
:106C10000473052B04D8DFE803F0130F0B030307FD
:106C2000052070470120704708230B700020704733
:106C300006230B700020704705230B70002070475F
:106C400004230B700020704740F613229342E7D1D3
:106C500007230B700020704728B338B50D46002974
:106C60002ED001899142044614D1C368DA8B8A423E
:106C70001BD04FF6FF72DA8321791A7C41B9D10714
:106C800008D55A692A60587F002818BF0F2038BDE0
:106C9000920701D4102038BD9A692A60587F0028D5
:106CA00018BF0F2038BD012070471A7CD10709D4C6
:106CB00003F11801181DF7F7A9FBE3685877D8E727
:106CC000012038BD900705D403F11401181DF7F712
:106CD00033FBF2E703F1180203F11401181DF7F773
:106CE000F3FBEAE718B1C0680430F7F787BC7047D8
:106CF0002DE9F84350B3054610200F4690469946BB
:106D000009F02EFC064608B3242009F029FC0446AD
:106D1000C8B12846211DF7F751FA0E4B33604FF6E4
:106D2000FF720023328163610B4AA3610023377134
:106D300086F80580E26123702374C4F82090F46023
:106D40003046BDE8F883304609F012FC0026304694
:106D5000BDE8F883540900200000FFFF70B5044629
:106D600088B105791020B5FA85F50E466D0909F050
:106D7000F7FB40B1E2682368C2604FF6FF72028100
:106D800005714671036070BD20B1036823B11B68B3
:106D900013B11847012070470D20704720B10368D8
:106DA00013B15B6803B11847704700BF20B1036897
:106DB00023B19B6913B11847012070470D2070471C
:106DC00020B1036823B19B6813B1184701207047B5
:106DD0000D20704720B1036813B1DB6803B1184779
:106DE0000020704738B110B439B1036843B11B6952
:106DF00033B110BC184701207047012010BC704708
:106E00000D2010BC704700BF20B1036823B15B693F
:106E100013B11847012070470D20704708B1407921
:106E200070470B20704700BF08B1007970470320FE
:106E3000704700BF28B121B1036823B1DB6913B1EA
:106E40001847012070470D20704700BF48B310B5A8
:106E5000C46801290246237C00791CD021B943FA79
:106E600000FC1CF0010F14D04FF0010C0CFA00FCD8
:106E700023EA0C0301FA00F00343DBB24FF6FF7084
:106E8000237410810BB96377E083236A0BB1084642
:106E90009847002010BD43FA00FC1CF0010FE3D01E
:106EA000F7E70120704700BF80B110B50446C06805
:106EB00003780BB1002010BD07210430F7F7F0FB79
:106EC00030B9E36801221A700020F4E7012070470E
:106ED0000C2010BD60B159B1C3685B7AB32B0FD0E1
:106EE000B42B09D0B12B05D103230B7000207047C0
:106EF000012070470520704701230B700020704768
:106F000002230B700020704798B110B50446C0688A
:106F10000430F7F771FC20B9E36801225A770020AA
:106F200010BD082807D1E3685B7F1920002BF6D13C
:106F300010BD012070470A2010BD00BFF0B138B568
:106F40000D46E9B101899142044613D1C368227903
:106F5000187C40FA02FC1CF0010F23D0B3F81EC0CD
:106F60008C450FD0187F3AB19B692B60002818BF61
:106F70000F2038BD102038BD5B69F6E7012070474F
:106F8000012038BDC1070FD403F11801181DF7F710
:106F9000A5FCE3684FF6FF721877DA832279002A9E
:106FA000E2D1E9E7122038BD420705D403F114010C
:106FB000181DF7F753FCECE703F1180203F1140175
:106FC000181DF7F7CFFCE4E718B1C0680430F7F7F5
:106FD00021BD704790B170B5C668F38B4FF6FF7254
:106FE00093420D4604460BD08B4205D12581307F5C
:106FF000002818BF0E2070BD112070BD0120704701
:10700000F183301DF7F790FB3077E6682581307FFC
:10701000002818BF0E20EEE72DE9F84338B30646E6
:10702000102088461746994609F09AFA0546F0B1AD
:10703000242009F095FA0446B0B13046211DF7F737
:107040002DFB00236361A3610B4B0C4A2B600023D3
:1070500085F80480E2616F7123702374C4F8209076
:10706000EC602846BDE8F883284609F081FA00253F
:107070002846BDE8F88300BF740900200000FFFF28
:1070800070B5054690B10379B3FA83F35B0910201C
:107090000E465C0009F064FA40B1EA682B68C260F1
:1070A0004FF6FF72028104714671036070BD00BF2C
:1070B0000346D0B110B508461A79D9684FF0010ED1
:1070C00000FA02FC0EFA02FE0A7BCC6922EA0E02EA
:1070D00042EA0C024FF6FF7C0A73A1F81AC0A3F82B
:1070E00008C004B1A047002010BD0120704700BFB8
:1070F00020B119B109230B7000207047012070479F
:1071000098B170B5C668738B8B420D46044605D1A5
:107110002581307E002818BF0E2070BD301DF7F786
:107120002FFD3076E6687583F2E70120704700BFD7
:1071300078B110B50446C068017809B1002010BDCF
:107140000430F7F701FD30B9E36801221A7000201E
:10715000F5E7012070470D2010BD00BF58B1C06891
:1071600008B50430F7F730FD00B908BD082814BF92
:107170000F20192008BD0120704700BFD0B138B5DD
:107180000D4621B30189914204460FD1C3685A8B41
:107190008A4211D0587E227952B9196929604FF676
:1071A000FF72002818BF0F205A8338BD102038BD49
:1071B0005969F3E7012070471A7BD10709D403F11D
:1071C0001401181DF7F750FDE3685876E3E7012036
:1071D00038BD920705D403F11001181DF7F7F6FC2E
:1071E000F2E703F1140203F11001181DF7F78CFD0B
:1071F000EAE700BF18B1C0680430F7F7F9BD70477F
:107200002DE9F84350B3054610200F4690469946A5
:1072100009F0A6F9064608B3202009F0A1F90446B2
:10722000C8B12846211DF7F777FC0E4B33604FF6A7
:10723000FF720023328123610B4A6361002337719F
:1072400086F80580A26123702373C4F81C90F46053
:107250003046BDE8F883304609F08AF9002630460A
:10726000BDE8F883940900200000FFFF70B50446D4
:1072700088B105791020B5FA85F50E466D0909F03B
:107280006FF940B1E2682368C2604FF6FF72028175
:1072900005714671036070BD38B1C16840790B78E3
:1072A0000122824023EA02030B70704710B370B5CD
:1072B0000D46C16803790A7B0126044606FA03F0ED
:1072C00002EA000C05FA03F39C4509D0CB69284675
:1072D0009847E16823790A7B06FA03F005FA03F37D
:1072E00022EA00021A434FF6FF750A734D8300200D
:1072F000258170BD01207047B8B170B5C668738B29
:107300008B420D46044605D12581307E002818BFEA
:107310000E2070BD317BC943301D01F00101F7F72C
:10732000FDFD3076E6687583EEE70120704700BF0B
:10733000C8B110B50446C068627903781341DB0711
:1073400001D5002010BD0430F7F7CEFD68B9E26822
:1073500060791178012383400B434FF6FF7113705E
:1073600000202181EEE7012070470C2010BD00BFF6
:1073700058B1C06808B50430F7F7FAFD00B908BD88
:10738000082814BF0F20192008BD0120704700BF36
:10739000D0B138B50D4621B30189914204460FD1D1
:1073A000C3685A8B8A4211D0587E227952B9196922
:1073B00029604FF6FF72002818BF0F205A8338BD8E
:1073C000102038BD5969F3E7012070471A7BD107B7
:1073D00009D403F11401181DF7F736FEE368587657
:1073E000E3E7012038BD920705D403F11001181D11
:1073F000F7F7C0FDF2E703F1140203F11001181DC5
:10740000F7F786FEEAE700BF18B1C0680430F7F767
:10741000F7BE70472DE9F84350B3054610200F46DC
:107420009046994609F09CF8064608B3202009F0DA
:1074300097F80446C8B12846211DF7F73DFD0E4BCD
:1074400033604FF6FF720023328123610B4A636180
:107450000023377186F80580A26123702373C4F876
:107460001C90F4603046BDE8F883304609F080F89F
:1074700000263046BDE8F883B40900200000FFFF75
:1074800070B5044688B105791020B5FA85F50E4629
:107490006D0909F065F840B1E2682368C2604FF6F3
:1074A000FF72028105714671036070BD072804D820
:1074B000042894BF0020012070470838022801D812
:1074C0000220704700B583B00DF10600EAF7F0FA2C
:1074D000BDF8063002464FF47A7101FB02310248D2
:1074E00008F082FA00BEFEE7048603080A280BD8DB
:1074F000012202FA00F340F267310B4216D113F475
:10750000936F01D01046704700B583B00DF10600AF
:10751000EAF7CEFABDF8063002464FF47A7101FB65
:107520000231034808F060FA00BEFEE70020704711
:107530000486030830B5002485B02246CDE9004416
:107540002346214641F22100FAF74AF9144A106015
:1075500078B1144D144A2946FAF7FAF9134B2A6800
:107560009A4216D022466FF00100114B1A7005B0F6
:1075700030BD0DF10E00EAF79BFABDF80E30024661
:107580004FF47A7101FB02310A4808F02DFA00BE6F
:10759000FEE7054B5B5B8342E4D101222046E4E732
:1075A0008041002000FC0020FE030000BEBAFE5A0D
:1075B0007C41002004860308034A044B107800280D
:1075C00018BF1846704700BF7C41002004FC002013
:1075D000024B1B6803B11847704700BFE041002011
:1075E00082680B689A428CBF0120002060F1000085
:1075F000704700BF2DE9F041244F254E84B08846E6
:1076000001904FF0FF31386805F048FB214A30689F
:1076100001A9FAF7B7FAE8B10546FAF7E9FA2946F7
:1076200004463068FAF760FA3068FAF7A7FA386863
:1076300005F066FB5CB1D4E900131BB3B8F1000F91
:1076400014BF0B2000209847204607F0C9FF04B064
:10765000BDE8F0810DF10E00EAF72AFABDF80E3010
:107660000D4A4FF47A7101FB0031019B0B4808F081
:10767000BBF93068FAF782FA386805F041FB04B0CC
:10768000BDE8F0810846F8F791F8DDE7E841002011
:10769000E4410020E1750208B8CF0308C8BD030823
:1076A00010B584B00446FAF749FA224B186008B3C3
:1076B000002005F099FA204B186058B11F48204B64
:1076C00000210091012204601E4808F01DFB08BB48
:1076D00004B010BD0DF10E00EAF7EAF9BDF80E3066
:1076E00002464FF47A7101FB0231174808F07CF929
:1076F00000BEFEE70DF10E00EAF7DAF9BDF80E3034
:1077000002464FF47A7101FB02310F4808F06CF920
:1077100000BEFEE70DF10E00EAF7CAF9BDF80E3023
:1077200002464FF47A7101FB0231074808F05CF918
:1077300000BEFEE7E4410020E8410020E0410020D7
:10774000D1750208C8410020048603082DE9F04FD6
:1077500087B0002800F081800F4605A90546F8F79C
:1077600059F80646002869D10C2007F0B3FE804680
:10777000002800F09380DFF850A14FF0FF31DAF8D5
:10778000000005F08BFAF4F799FD03684FF47A7165
:10779000814603FB01F14D4808F0B6FB4B4808F069
:1077A000E9FB002876D0DFF828B14146DBF800007D
:1077B000FAF7C8F90390002872D09DF8143003F04E
:1077C0000702072A06BFC3F3C303073303F0070307
:1077D00028460293F7F7ECFF04462846F8F700F82E
:1077E000029B3C4909EB4309C8E9005799F8053069
:1077F00099F804200091074601462046F1F76AFEF9
:10780000C8F8080070B38FB1DFF8CC80013C0025C8
:1078100001E0202D0AD0404614F8012F2F490135F0
:1078200008F05CFFAF4208F10208F2D1DAF800007C
:1078300005F066FA304607B0BDE8F08F0DF116008E
:10784000EAF736F9BDF81640254A4FF47A7101FB84
:1078500000413346234808F0C7F80126304607B0F8
:10786000BDE8F08F0DF11600EAF722F9BDF81630E9
:107870001B4A4FF47A7101FB00311B4808F0B4F841
:10788000404607F0ADFE0399DBF80000FAF72CF94B
:107890000B26B8E70D4808F071FA84E70226DDE709
:1078A0000DF11600EAF704F9BDF816300C4A4FF452
:1078B0007A7101FB00310D4808F096F8404607F058
:1078C0008FFE0226B2E700BFE8410020C841002039
:1078D000E4410020F5750208844100206CBE0308D5
:1078E000D0CF030800BE030834BE030874BE0308EB
:1078F00010B50A4C4FF0FF31206805F0CFF9F4F7CE
:10790000DDFC036806484FF47A7103FB01F108F0CF
:10791000FBFA2068BDE8104005F0F2B9E84100200C
:10792000C841002070B500248AB0CDE906444FF06C
:10793000B0430894DA6C284842F00102DA64DA6C49
:1079400002F001020392039ADA6C42F00202DA6456
:10795000DA6C02F002020292029ADA6C42F0010240
:10796000DA64DA6C02F001020192019ADA6C42F0F8
:107970000202DA64DB6C03F0020300934FF48072BE
:107980000123CDE9042304A903230793009A402689
:1079900001F04CF904A94FF090408025049601F0C5
:1079A00045F904A94FF09040049501F03FF92246B3
:1079B00031464FF0904001F09FFA224606484FF4BE
:1079C000807101F099FA224629464FF0904001F06B
:1079D00093FA20460AB070BD0004004808B5032899
:1079E00015D8DFE800F0331F160201224FF0904057
:1079F000802101F081FA1A4800224FF4807101F0D1
:107A00007BFA012240214FF0904001F075FA0020EE
:107A100008BD01224FF09040802101F06DFA10481E
:107A20000122EAE701224FF09040802101F064FA40
:107A30000B4801224FF4807101F05EFA00224021D0
:107A40004FF0904001F058FA002008BD00224FF09E
:107A50009040802101F050FA01480022EAE700BF7F
:107A60000004004800207047012070470120704743
:107A7000704700BF10B5032000F09CFC02F016FC1C
:107A8000074B02460F201A60E9F716FF10B10124D8
:107A9000204610BD0446E9F785FC204610BD00BF16
:107AA000D4090020014B1878704700BFD809002086
:107AB0000048704700010301024A536843F0010384
:107AC00053607047002004E0024A536843F0020309
:107AD00053607047002004E0024A536843F00403F7
:107AE00053607047002004E0F0B583B00023019399
:107AF000002800F0CD80856D0446002D00F0CB807D
:107B000022689368DD0019D47A4B7B481B68916822
:107B10009B09A0FB030321F010419B0921F01701F1
:107B200001335B0041F0805191600193019B2BB1C7
:107B3000019B013B0193019B002BF9D19368D80075
:107B400000F19A80A36D43F01003A365E36D01205B
:107B50000343E365936813F0040FA36D40F0948032
:107B6000D90600F19180A36D216923F4817343F05C
:107B70000203A3659368DB075CD4D4E902352B4389
:107B8000257E667E94F81AC094F82C7043EA8533FB
:107B9000256B43EAC633003D18BF012543EA4C3349
:107BA0002D0343EA47032B4394F820500029B4BF28
:107BB00021F000464FF40016012D43EA060300F0C1
:107BC0008A80656A25B1A66A05F4E07535432B43C2
:107BD000D568666825F4FE3525F4FF751D43D5602C
:107BE00094F83C30E56C06F0404C012B4CEA05055E
:107BF00009D1D4E910373B432B43A56C2B4343EA0F
:107C00000C0343F0010517693C4B3B402B431361C8
:107C100026F00043B3F1804F0CD0B6F1004F09D0ED
:107C2000374DD5F8083706F4701623F47013334334
:107C3000C5F808375369656BA66B23F007032B4320
:107C40005361536923F0700343EA0613536141BB48
:107C5000936A63F00F039362536903F007039D4235
:107C600030D0A36D23F0120343F01003A365E36D3E
:107C700043F00103E3650BE0936813F0040F4FF04A
:107C80000000A36D3FF46CAFA36D43F01003A36538
:107C9000012003B0F0BDE8F727FCE56584F85450F7
:107CA0002EE7B1F5001FD7D1E369916A266E013B3B
:107CB0009B0003F01C036FF00F0101FA03F3334341
:107CC0009362C9E70023E365A36D23F0030343F048
:107CD0000103A365DDE7BCF1000F02D143F480335B
:107CE0006FE7A56D45F02005A565E56D45F001053B
:107CF000E56566E7D4090020632D3E0502FCFF1F01
:107D000000200140F8B54669082E04460D4604D00F
:107D10000368DB68DE0738D40426E9F7D7FD22685C
:107D200013681E42074604D1681C27D113683342EA
:107D3000FCD0A36D43F40073A365D36813F4406FC4
:107D40000FD1A37E6BB9136819070AD593685B0737
:107D500021D5A36D43F02003A365E36D43F0010338
:107D6000E365237E0BB90C2313600020F8BD15B921
:107D7000136833401CD013683342DAD1E9F7A6FD0B
:107D8000C31BAB422268F3D8F1E7836D43F02003B5
:107D90000120A365F8BD536823F00C035360A36D65
:107DA00023F4807323F0010343F00103A365D8E7B4
:107DB000A26D84F8543042F00402A2650320F8BD9D
:107DC0000368186C704700BFF0B5034690F8540084
:107DD00083B00022012801921A696FD01C6801202B
:107DE00083F85400A5686D0708D59A6D42F020020B
:107DF0009A65002283F8542003B0F0BD4D680868EE
:107E0000022D22F0040238D0B2F1004FC0F3110667
:107E10002FD01F6E05F01F0C0F2202FA0CF227EA7A
:107E200002076FEA020E002E65D1C0F3846202FAE7
:107E30000CF23A431A66AD08DA690135954208D862
:107E4000A26AC0F383650EEA020205FA0CF52A4322
:107E5000A2628A68616902EA002222F07C4222F072
:107E6000FF0221EA00210A430028626129DB002089
:107E7000BFE7A26A3243A262EBE7B2F1004F05D13D
:107E8000A26AC0F3110122EA0102A2620028EEDA1E
:107E90003C4C3D49A042D1F808273DD03B4CA04284
:107EA00065D03B4CA042E2D1D1F8080702F0C07285
:107EB00020F0E0700243C1F80827D8E7022003B0A1
:107EC000F0BD31492F4CD1F80827A04202F0E075EF
:107ED0002CD02E4CA04213D02D4CA042C7D1520220
:107EE000C5D4D1F8082722F0E0722A4342F4800278
:107EF000C1F80827BBE790FAA0F2B2FA82F296E73F
:107F0000D001B4D4D1F8082722F0E0722A4342F01D
:107F10008072C1F80827AAE7D1F8080702F0A0721A
:107F200020F0E0700243C1F80827A0E714029ED4B5
:107F3000D1F80827174822F0E0722A4342F40002E1
:107F4000C1F80827026814499209A1FB021292099C
:107F5000013202EB420292000192019A002A86D07D
:107F6000019A013A0192019A002AF9D17FE7D1F8EA
:107F7000080702F4400220F0E0700243C1F808272D
:107F800075E700BF001000B000200140004000B8BD
:107F9000002000B4D4090020632D3E0538B50368E5
:107FA0009A68520716D59A689507044614D5E9F7DA
:107FB0008DFC23689B68054658070BD5E9F786FCBE
:107FC000431B022B226802D9936859070DD493688A
:107FD0005B07F3D4002038BD9A6822F0004222F0FB
:107FE000170242F010029A60E1E7A36D43F010031C
:107FF000A365E36D01200343E36538BD70B582B02E
:108000000022036801929A68D20725D49968284A09
:108010001142054623D19A68264922F0004222F0F7
:10802000170242F001029A60D1F808371E0210D5FB
:10803000214B224A1B689B09A2FB03239B090133A6
:108040000193019B2BB1019B013B0193019B002BF1
:10805000F9D16B7E012B0DD1002002B070BDAB6D4C
:1080600043F01003AB65EB6D012043F00103EB65BA
:1080700002B070BDE9F72AFC2B681A68D4070646DF
:10808000EAD40F4C9A68D00704D49A68224042F090
:1080900001029A60E9F71AFC821B022A2B6802D9B6
:1080A0001A68D107DBD51A68D207EBD5D4E700BF31
:1080B0001700008000200140D4090020632D3E05F8
:1080C000E8FFFF7F38B503689D6815F0040521D1EE
:1080D00090F85430012B04461CD0012380F8543012
:1080E000FFF78CFFC0B9A36D226823F4706323F0FF
:1080F000010343F480731C21A365E065116084F8DB
:108100005400936823F0004323F0170343F0040363
:10811000936038BD022038BD84F8545038BD00BF8C
:1081200038B503689A68950702D59B68002038BD6A
:108130009A68D407FAD59A6802F00502012A044623
:1081400009D0A36D43F01003A365E36D43F0010371
:10815000E365012038BD9A6822F0004222F0170240
:10816000032142F002029A601960E9F7AFFB23682D
:108170009B68D907054603D4D8E79B68DB07D5D5AC
:10818000E9F7A4FB401B02282368F6D99A68D207B6
:10819000F3D5D6E770B500284ED0836D43F00203C7
:1081A00083650446FFF7FAFE0546002835D02368AC
:1081B0005A6822F4677240F29F3122F003025A603B
:1081C0001960D9681E4A0A40DA605A6922F007022B
:1081D0005A6100269A6A9E621A6A02F0F0221A62B6
:1081E0005A6A02F0F0225A62DA6A02F0F022DA6287
:1081F0001A6922F040421A61124AD2F8083723F075
:10820000FE732046C2F80837E8F784F984F8546012
:10821000E6652666A665284670BD2046FFF780FF06
:10822000054608B90123A36523689A6822F0104225
:1082300022F017029A60BBE70125284670BD00BFF7
:1082400000023E830020014090F85430012B1DD0E5
:10825000012310B580F854300446FFF79FFE20B18B
:10826000002384F85430012010BD2046FFF758FF4A
:108270000028F5D1A36D23F4807323F0010343F0AC
:108280000103A365002384F8543010BD0220704719
:10829000F0B590F8543083B00022012B019200F029
:1082A00083800123054680F85430FFF739FF2B689F
:1082B0009A6812F0010C06462FD1AA6D3C4922F4AF
:1082C000817242F00202AA65DC68DA6822F4004298
:1082D00022F00302DA60082006E0D3F8B420013867
:1082E00002F07F02944422D09A680A4042F0004291
:1082F0009A609A68002AF0DA019A01320192019A92
:10830000B2F52E3FF5D3AB6D23F01203002243F0FC
:108310001003AB6585F8542034E0AB6D43F01003D7
:10832000AB65002385F85430304603B0F0BD9A6841
:108330001F490A4042F001029A60D3F8B42022F0AB
:108340007F0242EADC02C3F8B4209A680A4042F095
:1083500002029A60E9F7BAFA2B689A680746D007D2
:1083600015D5E9F7B3FAC01B02282B680CD99A6817
:10837000D10709D5AB6D43F01003AB65EB6D43F04E
:108380000103EB650126CFE79A68D207E9D4DA68E2
:1083900048F203010C401443DC60AB6D23F003038F
:1083A00043F00103AB65BCE70226304603B0F0BDE5
:1083B000E8FFFF7F0749CA6803024FF6FF0003F496
:1083C000E0630240134343F0BF6343F40033CB60E8
:1083D000704700BF00ED00E01A4BDB68C3F30223D7
:1083E00000B5C3F1070EBEF1040F03F1040C28BF62
:1083F0004FF0040EBCF1060F1BD9A3F1030C4FF094
:10840000FF3303FA0CF322EA03024FF0FF3303FABF
:108410000EF321EA030303FA0CF313431B010028B4
:10842000DBB209DB00F1604000F5614080F8003309
:1084300000BD00229446E8E7034A00F00F00024422
:10844000137600BD00ED00E0FCEC00E0002807DB47
:10845000044A4109012300F01F00834042F8213003
:10846000704700BF00E100E000280CDB430906492B
:1084700000F01F0020330122824041F82320BFF387
:108480004F8FBFF36F8F704700E100E0002810B4FA
:1084900026DB00F1604000F5614090F80003000920
:1084A00001F00701C1F1070CBCF1040F01F1040454
:1084B00028BF4FF0040C062C10D903394FF0FF34BD
:1084C0008C4020EA0404C8404FF0FF3101FA0CF15F
:1084D00020EA010010601C6010BC70470024F3E724
:1084E000034C00F00F000444207E0009D8E700BFD1
:1084F000FCEC00E000280BDB4309064A803300F067
:108500001F0052F8233023FA00F000F001007047FA
:108510000020704700E100E000280BDB4309064A19
:10852000403300F01F0052F8233023FA00F000F02F
:10853000010070470020704700E100E0002808DBE0
:108540004309044900F01F0001226033824041F8D2
:108550002320704700E100E00168426C10B4CBB208
:108560000E4C083BA4FB03430D4CA14222F0030236
:108570004FEA13130ED802F1804101F50231094C84
:1085800003F01F03012202FA03F3C0E9121403658A
:1085900010BC7047044907331144F0E7CDCCCCCC74
:1085A00007040240800802401C08024000285ED0F8
:1085B0000268304B9A4270B547D92F4B2F49304D46
:1085C0001344A1FB03131B099B00C0E910538468EB
:1085D000C368056923432B434569022180F82510B0
:1085E0002B43856911682B43C5696FF30E11116028
:1085F0002B43056A11682B430B431360FFF7ACFF55
:10860000B4F5804FD0E91261056D27D0436803F0BF
:108610007F02013B032B32604D6023D8194B1A496E
:10862000541E13440122A240184CC2659B00C0E9AD
:10863000153400241C604A6400230122C36380F8BF
:10864000243080F82520184670BD114B0B49114D80
:108650001344A1FB03131B099B00B6E700234360EF
:1086600033604D600023C0E91533C365E4E70120A2
:10867000704700BF07040240F8FBFDBFCDCCCCCC57
:10868000000402403F8200100009024040090240FD
:10869000F8FFFDBF00000240002844D002682349D3
:1086A00038B513688A4223F00103136032D9204B96
:1086B00020491344A1FB03131B091F499B00C0E978
:1086C0001013012503F01C0305FA03F300241460C2
:1086D0004B60FFF741FFD0E9122314604268016D3F
:1086E0005960531E032B06D89D40144B1449134464
:1086F0009B001C604D640023C0E91533C36380F800
:10870000243080F82530C0E90B33C0E90D33C36550
:10871000184638BD0B4B07491344A1FB03131B0933
:1087200009499B00CBE70120704700BF07040240C6
:10873000F8FBFDBFCDCCCCCC000402403F82001042
:1087400000090240F8FFFDBF00000240844690F897
:108750002400012854D030B59CF8254001208442E3
:108760008CF8240006D0002380228CF82430CCF82A
:108770003C2030BD02208CF82500DCF80040DCF8FD
:108780004C500020CCF83C00206820F00100206014
:10879000DCE914E0C5F804E018B1DCE9165EC5F8C0
:1087A00004E0DCF8445005F01C0E012505FA0EF536
:1087B000DCF840E0CEF804506360DCF80830102BA1
:1087C000DCF830300BBFA260A160E160E260CBB1A9
:1087D000236843F00E032360DCF848301A68D203A4
:1087E00003D51A6842F480721A6018B1036843F422
:1087F00080730360236843F001030020236030BDD1
:1088000002207047236823F004032360236843F0A9
:108810000A032360E0E700BF002833D090F825303A
:10882000022B2AD10368426C196830B421F00E0182
:10883000846C19602168056C21F4807121601968CD
:1088400021F00101196002F01C0201239340D0E9DC
:108850001442C16C6B604C6032B11368D0E91614DD
:1088600023F4807313604C600023012280F82520DC
:1088700080F8243030BC1846704704220023C263BD
:1088800080F824300120704738B590F82530022B4D
:1088900003D00423C363012038BD0368846C1968C6
:1088A000426C056C21F00E011960196821F001017C
:1088B00019602368C16C23F48073236002F01C02EA
:1088C00001239340D0E914426B604C6032B11368CD
:1088D000D0E9161423F4807313604C60836B01217C
:1088E000002280F8251080F8242003B1984700204A
:1088F00038BD00BF70B4436C066C056831682C68E5
:1089000003F01C0304229A400A420ED014F0040F14
:108910000BD02B689B0603D42B6823F004032B6039
:10892000036B7260FBB170BC184702229A400A4286
:108930001BD014F0020F18D02B68990606D42B68B0
:10894000012123F00A032B6080F82510134B9D4270
:1089500096BF134BC3F884235A60C36A002280F881
:108960002420002BDFD170BC704708229A400A42B5
:10897000F9D02207F7D52A68416B22F00E022A604F
:10898000012202FA03F300247360C26380F82440DA
:1089900080F825200029E6D070BC084780000240FE
:1089A0000000024010B4446D90F825200346DCB16D
:1089B000206810F4803C04D08022DA63012010BCCF
:1089C0007047D2B2012AF7D193F82420012A0ED0A1
:1089D0008A68501ED1E900210A4342EAC04222605F
:1089E000604683F824C0EAE74022C263E6E702203B
:1089F000E5E700BF90F825303BB1436D2BB11A6815
:108A000042F4803200201A6070470120704700BF96
:108A100090F825303BB1436D2BB11A6822F48032B7
:108A200000201A6070470120704700BF064B5A694A
:108A3000002A01DB002070470449054A99609A60CA
:108A40005869C00F704700BF0040005823016745B8
:108A5000AB89EFCD044B5A6942F000425A61586924
:108A6000C043C00F704700BF0040005870B50546B6
:108A7000E8F72CFF144E044604E0E8F727FF001B3C
:108A8000A84218D23369D903F7D43369DA0744BF4F
:108A9000012232614CF2FA3213400ED10A4E04E048
:108AA000E8F714FF001BA84205D2336913F48023B2
:108AB000F6D1184670BD032070BD0349034A0B610F
:108AC0000120536070BD00BF00400058F0410020FD
:108AD0002DE9F041224C05462078012825D0984602
:108AE000012323704FF47A7000230F46164663600B
:108AF000FFF7BCFF18B100232370BDE8F081012D02
:108B000016D1184A536943F0010353613E60BFF325
:108B10006F8FC7F804804FF47A70FFF7A7FF114AF0
:108B2000536923EA05035361E5E70220BDE8F081BC
:108B30000C494B6943F4802332464B61EFF31080BC
:108B400072B6B91B06F5807C136853500432624537
:108B5000FAD1044A1369DB03FCD480F31088DAE706
:108B6000F0410020004000582DE9F0472C4F3B78A1
:108B7000012B43D00122002381464FF47A708846AE
:108B80003A707B60FFF772FF064690BBD9F8003061
:108B9000042B37D04FF0FF33C8F80030D9E9014338
:108BA00023449C421BD2DFF87CA01F4D05E0D9E98D
:108BB000013201341344A34211D9DAF8143023F4FA
:108BC0007E7343EAC4032B434FF47A70CAF814301F
:108BD000FFF74CFF0028EAD0C8F800400646114ACB
:108BE000536923F47E7323F0020353610D4B1A681B
:108BF0001B6800233B703046BDE8F08702263046F4
:108C0000BDE8F087074A536943F4803343F0040317
:108C10004FF47A705361FFF729FF0646E6E700BF7D
:108C2000F041002000400058020001002DE9F04F03
:108C30000C6883B0002C00F0CA806A4E00234FF00D
:108C4000010B69E0BCF1030F0BD0D0F80C80D1F818
:108C500008E008EA07080EFA02FE4EEA080EC0F81D
:108C60000CE00CFA02F2D0F800C00CEA07073A4315
:108C700015F4403F02604BD023F0030202F1804222
:108C800002F5803203F00307D2F808C0BF004FF0AE
:108C9000070E0EFA07FEB0F1904F2CEA0E0810D026
:108CA000DFF84491484500F09580DFF84091484551
:108CB00003BF4FF0020C0CFA07F748EA07084EEA28
:108CC0000C08C2F8088032686FEA0A0715F4801FA2
:108CD0000CBF3A404AEA02023260726815F4001F83
:108CE0000CBF3A404AEA02027260D6F8802015F4BE
:108CF000803F0CBF3A404AEA0202C6F88020D6F80C
:108D00008420AD0354BF3A404AEA0202C6F88420E8
:108D1000013334FA03F25AD00BFA03FE1EEA040AB6
:108D2000F6D04D6805F0030C5A0003270CF1FF380C
:108D30009740B8F1010F6FEA070783D8D0F8089081
:108D4000D1F80C8009EA070908FA02F848EA09088C
:108D5000C0F80880D0F8048028EA0E08C5F3001E89
:108D60000EFA03FE4EEA080EC0F804E0D0F80C80BC
:108D7000D1F808E008EA07080EFA02FE4EEA080EEB
:108D8000BCF1020FC0F80CE07FF46BAF4FEAD308E0
:108D900000EB880803F0070ED8F82090CDF800907B
:108DA000D1F810904FEA8E0E09FA0EF9CDF8049022
:108DB0004FF00F0909FA0EFEDDF8009029EA0E09BE
:108DC000DDF804E04EEA090EC8F820E049E703B0F8
:108DD000BDE8F08F4FF0010C0CFA07F748EA0708DE
:108DE0006FE700BF00080058000400480008004872
:108DF000002974D02DE9F04F0023394E4FF00108BF
:108E00004FF0070A4FF00F0B47E0DFF8D8904845C6
:108E10005DD0DFF8D49048455CD07546AF4217D19D
:108E2000D6F8805025EA0C05C6F88050D6F8845054
:108E300025EA0C05C6F88450356825EA0C0535602E
:108E4000756825EA0C057560A56825EA0E05A5601C
:108E5000056803275C0007FA04F423FA07F72543A3
:108E600000EB8707056003F00705D7F820C0AD00C9
:108E70000BFA05F52CEA05053D62856825EA04052F
:108E80008560456825EA02024260C26822EA04025F
:108E9000C260013331FA03F217D008FA03F212EA82
:108EA000010CF6D023F0030404F1804404F580346F
:108EB00003F00305A768AD000AFA05FEB0F1904F74
:108EC0000EEA0707A1D10025A8E7BDE8F08F08FA50
:108ED00005F5A3E74FF0020909FA05F59EE770478B
:108EE00000080058000400480008004800690840D5
:108EF000003818BF012070470AB181617047816254
:108F0000704700BF03682DE9F0419C6914F0100C14
:108F1000054650D01646002410220F46DA61A046BE
:108F20009A6991067AD4B8F1000F06D17A1C4DD116
:108F30009A699606FCD52022DA6144F0040C0120DF
:108F40009A69D60502F4806102F400742BD54FF4BF
:108F500080724CF0010CDA6121B14FF480624CF068
:108F6000080CDA6124B14FF400724CF0020CDA61A3
:108F70009A69910744BF00229A629A69D2071CD568
:108F80005A6828490A405A606B6C002243EA0C0375
:108F900020216B6485F8402085F8411085F8422037
:108FA0000120BDE8F0810029D7D1002CDBD10028B9
:108FB000DED1BDE8F0816046C2E79A6942F0010265
:108FC0009A61DDE747B19A699006B4D4E8F77EFC70
:108FD000801BB8422B68F5D9586895F842209969EA
:108FE0000904D2B20BD5410409D4202A07D05A680B
:108FF00042F480425A60E8F769FC2B6806469A6999
:1090000090068DD4E8F762FCA0EB060CBCF1190FBA
:109010002B68F4D920244FF0010881E7B8F1000F44
:109020008BD188E700E800FE70B5036804460D4662
:10903000164605E0FFF766FF00BB6A1C08D12368EF
:109040009B699B07324629462046F3D5002070BD18
:10905000E8F73CFC801BA842236801D8002DEFD123
:109060009A6912F00202EBD1636C84F8402020214F
:109070000B43636484F8411084F84220012070BDE2
:109080002DE9F843DDF820901E4605460368884622
:10909000174605E0FFF736FF68BB731C0ED12B683F
:1090A0009C6938EA04040CBF01230023BB424A46F2
:1090B00031462846EED00020BDE8F883E8F706FCEC
:1090C000A0EB0900B0422B6801D8002EE8D19A69C4
:1090D00038EA02020CBF01220022BA42E0D16B6CD6
:1090E000002243F0200320216B6485F8402085F89E
:1090F000411085F842200120BDE8F88303689B6990
:109100009B0629D470B505460C4616460DE0E8F7D7
:10911000DDFB801BA042296800D81CB98B6913F0C5
:1091200020030DD08B699B0608D432462146284681
:10913000FFF7E8FE0028EAD0012070BD002070BDD6
:109140006A6C85F8403020210A436A64012085F862
:10915000411085F84230F0E70020704703689B69B2
:1091600070B50D4659070446164637D4324629468F
:109170002046FFF7C7FE2368E8B99A69920623D50F
:109180009A699A6912F010021DD02021102504223C
:10919000DD616264D9615A681B4D2A405A6084F8C7
:1091A000411084F8400084F84200E8F78FFB236800
:1091B0009B69012070BD9B699906F6D4E8F786FB90
:1091C00023689B69F5E76264E8F780FB801B8542B2
:1091D00006D32DB123689B695A07C7D5002070BDFF
:1091E0002268936913F0040309D1616C84F840305C
:1091F00020200143616484F841009369D9E79369B1
:109200005B07B3D5EAE700BF00E800FE002854D0B2
:1092100010B590F84130044603F0FF02002B47D010
:109220002368242284F841201968626821F0010132
:1092300022F0706219601A619A68E16822F40042B3
:1092400001299A60A26809D042F4044202299A6076
:1092500007D15A6842F400625A6006E042F40042C4
:109260009A605A6822F400625A605968226941F093
:10927000007141F4004159606169D8680A43A169ED
:1092800020F4004042EA0122E169D860206ADA60F5
:1092900001431960196841F001011960002220237F
:1092A000626484F84130226384F84220104610BD85
:1092B00080F84020E8F79EF9B2E70120704700BF30
:1092C000B0B10268242310B580F84130136823F050
:1092D000010304461360E8F7EFF90023636484F8A0
:1092E000403084F84130236384F84230184610BD82
:1092F000012070472DE9F047994690F8413082B03F
:10930000202B0A9E40F0908090F84030012B0446BC
:1093100000F08A804FF0010A80F840A00F46904686
:10932000E8F7D4FA52460546009019234FF400415D
:109330002046FFF7A5FE002872D1212384F8413092
:10934000102384F842306064A4F82A90638D226868
:10935000C4F824809BB2FF2B6063C7F3090767D86A
:10936000638D9BB22385002B40F08D8053684A4962
:109370000B403B4343F0007343F400535360638D51
:109380009BB22A4631462046002B38D0FFF74CFED0
:10939000002845D1616A236811F8012B9A62638D18
:1093A000228D6162013B9BB26385638D013A92B26B
:1093B0009BB22285002BE2D0002AE0D100953346F3
:1093C00080212046FFF75CFE4FF0FF0C40BB638D11
:1093D000324821689BB26345024647D94B68A4F8DE
:1093E00028C003403B4343F0FF7343F480334B609A
:1093F000638D9BB22A4631462046002BC6D1FFF72B
:109400007DFE68B92368264D2021D9615A682A401B
:109410005A6084F8411084F8400084F8420000E06B
:10942000012002B0BDE8F087022002B0BDE8F0875D
:10943000FF232385FE214FF47F034FF0807018F83F
:1094400001CBC2F828C02185618DC4F82480013980
:1094500089B26185D2F804C00F493B430CEA01018F
:109460000B43034343F40053536088E7638D48681C
:109470009BB22385DBB247EA03430240134343F028
:1094800000734B607BE7013B99B24B1CDBB21B04C2
:109490004FF00070D3E700BF009800FC009C00FC78
:1094A00000E800FE2DE9F047984690F8413082B080
:1094B000202B0A9E40F0918090F84030012B04460A
:1094C00000F08B804FF0010A80F840A00F469146D3
:1094D000E8F7FCF952460546009019234FF4004185
:1094E0002046FFF7CDFD002873D1222384F84130B8
:1094F000102384F842306064A4F82A80638D2268C7
:10950000C4F824909BB2FF2B6063C7F3090768D8A7
:10951000638D404851689BB22385DBB247EA034321
:1095200001400B4343F0007343F410535360638DC9
:109530009BB22A4631462046002B39D0FFF70EFE5B
:10954000002846D12268636A526A1A70638D228DA0
:10955000616A013B9BB26385638D013A92B201312E
:109560009BB261622285002BE1D0002ADFD10095F9
:10957000334680212046FFF783FD4FF0FF0C40BBB0
:10958000638D254821689BB26345024635D94B68F7
:10959000A4F828C003403B4343F0FF7343F48033F7
:1095A0004B60638D9BB22A4631462046002BC5D1C5
:1095B000FFF7A4FD68B92368184D2021D9615A68C6
:1095C0002A405A6084F8411084F8400084F8420030
:1095D00000E0012002B0BDE8F087022002B0BDE843
:1095E000F08753680B490B403B4343F0FF7343F450
:1095F0009233FF212185536099E7638D48689BB2C0
:109600002385DBB247EA03430240134343F0007370
:109610004B608CE7009800FC009C00FC00E800FE1A
:109620002DE9F04F994690F8413083B0202BBDF8DA
:1096300034A00E9F40F0A8800C9B0446002B00F045
:109640009C80BAF1000F00F0988090F84030012B18
:1096500000F09A804FF0010B80F840B00D46904624
:10966000E8F734F95A460646009019234FF40041B2
:109670002046FFF705FD002840F082800C9B6362C6
:10968000222384F84130226864496063402384F8CF
:1096900042306064A4F82AA053680B405FFA89F155
:1096A00043EA0143C5F309052B4343F400535360D8
:1096B000394632462046FFF7B7FC002868D1B9F199
:1096C000010F236868D15FFA88F29A6200963B46E0
:1096D000002240212046FFF7D3FC002858D1638D9B
:1096E00022689BB2FF2B73D953684C490B402B4324
:1096F00043F0FF7343F49233FF212185536003E06D
:10970000638D9BB2002B73D000963B460022042150
:109710002046FFF7B5FC002832D12268636A526AFE
:109720001A70638D228D616A013B9BB26385638DE4
:10973000013A92B201319BB261622285002BDFD0E7
:10974000002ADDD100963B4680212046FFF798FC99
:109750004FF0FF0CA0B9638D314821689BB263457F
:10976000024628D94B68A4F828C003402B4343F095
:10977000FF7343F480334B60C2E74FF400736364BC
:10978000012003B0BDE8F08F022003B0BDE8F08FE8
:10979000002384F84030F3E74FEA18229A623946F2
:1097A00032462046FFF740FC0028F1D122685FFADC
:1097B00088F393628AE7638D48689BB22385DBB2A6
:1097C00045EA03430240134343F000734B6097E7BD
:1097D000638D124851689BB22385DBB245EA03438F
:1097E00001400B4343F0007343F4105353608BE785
:1097F000324639462046FFF781FC0028C0D1236855
:10980000084D2021D9615A682A405A6084F84110D5
:1098100084F8400084F84200B3E700BF009800FCE1
:10982000009C00FC00E800FE90F84120202A22D194
:109830005FFA82FC90F84020012A03461BD00268A0
:10984000242000B583F84100106820F0010010606A
:10985000106820F480501060106801431160116896
:109860004FF0000E41F00101116083F841C083F810
:1098700040E0704600BD0220704700BF90F84120D4
:10988000202A21D100B55FFA82FE90F84020012AFB
:1098900003461BD00268242083F84100106820F0A2
:1098A00001001060106820F4706040EA012111602E
:1098B00011684FF0000C41F00101116083F841E0A4
:1098C00083F840C0604600BD02207047022000BD02
:1098D000024A136843F48073136070470004005811
:1098E000024B186800F4C060704700BF00040058C5
:1098F00070B54FF0B0432D49D3F808312C4AC0F36E
:10990000031003F00F0384B052F8233051F82040C5
:10991000B4FBF3F4FFF7E4FF264B054693E807009A
:10992000B5F5007F04AB03E9070029D0224B9C4228
:1099300034D303F5B70303F67F539C4233D903F5C1
:10994000741303F510639C4226D900261B4C236830
:1099500023F0070333432360E7F7B8FF054604E02D
:10996000E7F7B4FF401B022807D8236803F007037A
:109970009E42F5D1002004B070BD032004B070BD3C
:109980000F4B9C420AD90F4B9C420CD903F537036D
:1099900003F5D8539C42D8D8022300E000230DEBF6
:1099A00083035E68D2E70123F9E700BFE8CF03082D
:1099B00048D0030850460308C0CF6A000040005852
:1099C000BFEA21013F9334024FF0B0439A68D9684F
:1099D00012F00C0231D00C2A55D0042A05D0082AE6
:1099E00055D1196811F4801159D04FF0B0422D486B
:1099F000936803F00C030C2B4FF000013AD1D368AD
:109A000003F00303022B48D0032B03D11368DB02BE
:109A100043D425494FF0B043D868DA68DB68C0F317
:109A20000620C2F302125B0F01FB00F0013201338A
:109A3000B0FBF2F0B0FBF3F070474FF0B0410B68B1
:109A400013F0080317D1086810F0080F0ABFD1F807
:109A500094300968C3F30323144951F82310002AF2
:109A60000CBF084600204FF0B042936803F00C038F
:109A70000C2BC4D070470B6813F008030AD00B6896
:109A8000C3F30313E8E701F003010129D5D0002156
:109A90000846E8E7D1F89410DEE70249BAE7024841
:109AA000E1E700BF0024F4000048E801E8CF030824
:109AB000002800F0F8802DE9F0417C4E336803F077
:109AC00007038B420C460546C0F0B2802B6898070E
:109AD00062D45A0671D4580700F185801A0700F144
:109AE0009480DF072ED4714D2B6803F00703A34247
:109AF00013D92B6823F0070323432B60E7F7E6FE17
:109B0000064605E0E7F7E2FE801B022800F2A3808C
:109B10002B6803F00703A342F4D1FFF755FF4FF082
:109B2000B042634C926863490346C2F30312624831
:109B300054F822200068B3FBF2F3BDE8F0410B605B
:109B4000E7F7BABE6B684FF0B042022B126800F024
:109B5000A380032B00F09A80002B40F0A180910796
:109B600040F197804FF0B04641F28838B26822F059
:109B700003021343B360E7F7A9FE074604E0E7F7E3
:109B8000A5FEC01B404566D8B3686A6803F00C03A5
:109B9000B3EB820FF3D1A6E74FF0B046AA68B368E3
:109BA00023F0F0031343B360E7F790FE0746B36872
:109BB000D90353D52B685A068DD54FF0B0466A6944
:109BC000D6F8083123F00F0343EA1213C6F8083120
:109BD000E7F77CFE0746D6F80831DB0344D52B684F
:109BE00058077FF57BAF4FF0B046EA68B36823F4BF
:109BF000E0631343B360E7F769FE0746B368990370
:109C000038D52B681A077FF56CAF4FF0B0462A693C
:109C1000B36823F4605343EAC203B360E7F756FE28
:109C20000746B3685B032BD52B68DF078AD45AE756
:109C3000336823F007030B433360E7F747FE07461B
:109C4000336803F00703A3423FF440AFE7F73EFE5B
:109C5000C31B022BF4D90320BDE8F081E7F736FEE1
:109C6000C01B0228A3D9F6E7E7F730FEC01B022885
:109C7000B1D9F0E7E7F72AFEC01B0228BED9EAE710
:109C8000E7F724FEC01B0228CBD9E4E790013FF59B
:109C900069AF0120BDE8F08196033FF563AFF8E7B7
:109CA0005205F6D55EE70120704700BF004000581E
:109CB00048D00308D4090020DC090020002800F067
:109CC0006A824FF0B04203682DE9F0419568D6688A
:109CD0000446980605F00C0506F003061A4629D539
:109CE000002D00F03C810C2D00F03681236A4FF0EE
:109CF000B047002B00F033823B6843F001033B6028
:109D0000E7F7E4FD80463B689A0740F135823B68FF
:109D100043F008033B603B68A26A23F0F00313435F
:109D20003B607B68626A23F47F4343EA02237B60E3
:109D300023681A46D8071FD4910759D5042D00F07F
:109D400076810C2D00F0708123694FF0B046002B16
:109D500042D0336843F480733360E7F7B7FD0746BA
:109D600033685A0500F11982E7F7B0FDC01B0228DD
:109D7000F6D90320BDE8F081082D00F04E810C2DAE
:109D8000626800F0A6814FF0B047A1683B6823F4F9
:109D900080130B43B2F5803F3B6000F0A981B2F520
:109DA000041F3B6800F0A18123F480333B603B68D3
:109DB00023F400133B60002A40F09E81E7F786FD04
:109DC00080463B689B0340F18E81E7F77FFDA0EB67
:109DD00008006428F5D9CCE7336823F48073336036
:109DE000E7F774FD074633685B0500F1DF81226801
:109DF000160736D5A3694FF0B046002B00F0258139
:109E0000D6F89430E26903F010018A4210D003F0D2
:109E10000301022900F0FE80D80700F12F824FF0E5
:109E2000B041D1F8943023F010031343C1F89430BB
:109E30004FF0B046D6F8943043F00103C6F89430A2
:109E4000E7F744FDD6F894309A07074608D4E7F7B9
:109E50003DFDC01B11288CD8D6F894309A07F6D552
:109E6000226850075DD5B34E3368D90510D4FFF78B
:109E70002FFDE7F72BFD3368DA05074608D4E7F72F
:109E800025FDC01B02283FF674AF3368DA05F6D50E
:109E9000E368002B00F0ED8023F08003052B07D151
:109EA0004FF0B042D2F8903043F00403C2F8903043
:109EB0004FF0B047E7F70AFDD7F8903043F00103C1
:109EC000C7F89030D7F890309B0706460BD4E7F7D9
:109ED000FDFC41F28833801B98423FF64AAFD7F829
:109EE00090309B07F3D5E36823F00403812B00F047
:109EF0001281E7F7EBFCD7F8903023F08003C7F826
:109F0000903006464FF0B04741F2883805E0E7F759
:109F1000DDFC801B40453FF62CAFD7F8903019058B
:109F2000F5D4E36AB3B10C2D00F04E81022B00F0A2
:109F30006B814FF0B044236823F080732360E7F710
:109F4000C5FC054623689A0100F13781E2687A4B27
:109F50001340E36000205EE0012E7FF4C7AE236A69
:109F6000002B57D04FF0B043A06A1A68110756BFB4
:109F7000D3F894301B681B0903F0F003984233D9DF
:109F8000FFF7B6FC002845D14FF0B0431A6842F005
:109F900008021A601A68A16A22F0F0020A431A60E5
:109FA0005A68616A22F47F4242EA01225A60FFF74E
:109FB0000BFD4FF0B04261499268614F0346C2F316
:109FC000031208685F4957F82220B3FBF2F30B60D5
:109FD000E7F772FCF8B92268D70713463FF5CFAE12
:109FE00093073FF5AEAE03E74FF0B0431A6842F077
:109FF00008021A601A6822F0F00202431A605A68D6
:10A00000616A22F47F4242EA01225A60FFF770FC43
:10A010000028CCD00120BDE8F08161680029F9D08A
:10A0200099073FF591AEE3E6022E7FF48DAE2369EA
:10A03000002BEFD04FF0B0426169536823F0FE432C
:10A0400043EA016353602268D2E6D6F8943023F0E5
:10A050000103C6F89430E7F739FC0746D6F8943088
:10A060009B077FF5FDAEE7F731FCC01B1128F5D942
:10A070007FE64FF0B046E7F729FCD6F8903023F0A2
:10A0800080030746C6F8903041F2883805E0E7F7CC
:10A090001DFCC01B40453FF66CAED6F890301A054B
:10A0A000F5D4E7F713FCD6F8903023F00103C6F897
:10A0B000903007464FF0B046D6F890309B077FF5BA
:10A0C00030AFE7F703FC41F28833C01B9842F3D965
:10A0D0004FE6032E7FF457AE002A9BD098071A460E
:10A0E0003FF532AE84E6226826E643F400133B6077
:10A0F0003B6843F480333B60E7F7E8FB4FF0B04840
:10A100000746D8F800309A03EDD4E7F7DFFBC01B11
:10A110006428F6D92DE6E7F7D9FBD7F8903043F05D
:10A120008003C7F8903006464FF0B04741F28838B8
:10A1300010E000BF00040058FCFFFEEEDC09002028
:10A1400048D00308D4090020E7F7C0FB801B404536
:10A150003FF60FAED7F890301805F5D5E1E63B682D
:10A1600023F001033B60E7F7B1FB80463B689B07A8
:10A170000AD423681A46DDE5E7F7A8FBA0EB080040
:10A1800002287FF6C0ADF4E5E7F7A0FBA0EB0800DE
:10A190000228EBD9EDE5012070477368626923F06E
:10A1A000FE4343EA02637360226821E6E7F78EFB11
:10A1B000C01B02287FF617AEDBE5E7F787FB401BE5
:10A1C0000A287FF6BFAED4E5012B3FF423AF4FF052
:10A1D000B043226BDB6803F0030191427FF41AAFB6
:10A1E000626B03F0700191427FF414AFA16B03F432
:10A1F000FE42B2EB012F7FF40DAF606C03F06043C1
:10A20000181A18BF012006E74FF0B0452B6823F05D
:10A2100080732B60E7F75AFB06462B68980127D41A
:10A22000D4E90C32E96813431F4A0A40E16B134337
:10A230000B43D4E91001A26B03430B4343EA02230F
:10A24000EB602B6843F080732B60EB6843F0805326
:10A25000EB60E7F73BFB4FF0B04504462B689901F4
:10A260003FF578AEE7F732FB001B0A28F6D980E508
:10A27000E7F72CFB801B0A28CFD97AE5D6F8943073
:10A2800023F00103C6F89430E7F720FB0746D6F821
:10A290009430990701D4E269C1E5E7F717FBC01BC9
:10A2A0001128F4D965E500BF8C80C11108B5FFF70E
:10A2B0008BFB4FF0B043044A9B68C3F3031352F87F
:10A2C0002330B0FBF3F008BD48D0030808B5FFF712
:10A2D0007BFB4FF0B04308499A689B68C2F30312B6
:10A2E000C3F3022351F82210044AB0FBF1F052F8F4
:10A2F0002330D84008BD00BF48D0030828D0030849
:10A3000008B5FFF761FB4FF0B04308499A689B68B6
:10A31000C2F30312C3F3C22351F82210044AB0FB64
:10A32000F1F052F82330D84008BD00BF48D00308F0
:10A3300028D00308036870B5044613F4803040F059
:10A340009D80DD070AD54FF0B0456168D5F88820BB
:10A3500022EA114289B20A43C5F8882099070AD532
:10A360004FF0B045A168D5F8882022EA114289B2A1
:10A370000A43C5F888209A0609D54FF0B0412569EF
:10A38000D1F8882022F440622A43C1F888209E0533
:10A390000CD5256A4FF0B0412E0CD1F88820360438
:10A3A00022EA060242EA0542C1F888205D050CD582
:10A3B000656A4FF0B0412E0CD1F88820360422EAAD
:10A3C000060242EA0542C1F8882019050CD5A56AA3
:10A3D0004FF0B0412E0CD1F88820360422EA060254
:10A3E00042EA0542C1F888205A0600F190801E0614
:10A3F0007CD4DD0531D4D9060DD54FF0B041E568E8
:10A40000D1F8882022F440722A43B5F5807FC1F844
:10A41000882000F08D801A040AD54FF0B041256BDA
:10A42000D1F8882022F040422A43C1F888207DB12B
:10A430005B040CD54FF0B042E16AD2F8883023F0CB
:10A4400040530B43B1F1005FC2F8883075D070BD46
:10A45000CA6842F08072CA60EAE7E2694FF0B0462B
:10A460001509D6F8881005F47F25120102F47F2221
:10A4700021EA05010A43C6F88820BCE7FFF728FA5D
:10A48000E7F724FA394E054604E0E7F71FFA431BC5
:10A49000022B5ED83368D805F7D54FF0B045626B14
:10A4A000D5F8903003F440739A4213D0D5F8901049
:10A4B000D5F8903043F48033C5F89030D5F890301B
:10A4C00021F4407023F480338907C5F89030C5F833
:10A4D000900041D44FF0B0410020D1F8903023F4E7
:10A4E00040731343C1F8903023682AE7A2694FF004
:10A4F000B0461509D6F8881005F47F25120102F43C
:10A500007F2221EA05010A43C6F8882071E76269C3
:10A510004FF0B0461509D6F8881005F47F251201D2
:10A5200002F47F2221EA05010A43C6F888205EE78B
:10A53000CA6842F08072CA606DE7D36843F4803322
:10A54000D36070BDE7F7C2F941F28832831B9342B2
:10A5500005D923680320F4E6E7F7B8F90646D5F8ED
:10A5600090309B07EED5626BB4E700BF0004005843
:10A5700090F82C30012B00F0E18070B5704B012673
:10A58000022580F82C6080F82D500446D86800F42D
:10A590004070B0F5807F00F0A0804869002A7ED12D
:10A5A0009B695B060B7858BFCA70092B0AD94FF01C
:10A5B000000C0A3BDBB2092B0CF1010CF9D843EA81
:10A5C0000C13DBB24FEA034C4B78092B0AD94FF03E
:10A5D000000E0A3BDBB2092B0EF1010EF9D843EA5B
:10A5E0000E13DBB28D78092D4FEA03230BD94FF000
:10A5F000000E0A3DEDB2092D0EF1010EF9D845EA23
:10A600000E1E5FFA8EF591F824E0CE78BEF1090FA8
:10A610004FEA86560CD9AEF10A0E5FFA8EFEBEF1F5
:10A62000090F02F10102F6D84EEA02125FFA82FE29
:10A630000A6A0243324342EA0C0213432B4343EAC1
:10A640000E633F4ACA20506253205062886AB0F5B8
:10A65000807F69D090698D6920F408509061022054
:10A66000D0659364D564364B4A685A67226B42F0D2
:10A67000020222639A6942F408529A61314A3049CF
:10A68000D2F8803043F40033C2F880300020FF2538
:10A6900001234D6284F82D3084F82C0070BDB0F198
:10A6A000803F08D0B0F5000F05D09A6912F0400243
:10A6B00001D1CA7001E0CA7892050B6A0343887819
:10A6C0000343087843EA0043487843EA002391F8BB
:10A6D000240043EA00631343B3E7CA225A625322B9
:10A6E0005A628A6AB2F5807F09D09A6922F40852C8
:10A6F0009A61DD65D1E906200243DA64B3E798691F
:10A700008A6920F488509861DE65C86902435A64FA
:10A710000B4B4A681A67226B42F0010222639A6966
:10A7200042F488529A61A9E7906920F488509061B8
:10A730000120D06513648B695364E9E702207047F8
:10A74000002800400008005890F82C20012A34D03E
:10A7500030B41B4A0125022480F82C5080F82D408B
:10A760000346CA20506253205062B1F5807F186BB7
:10A77000916916D021F408519161D16C20F002004A
:10A7800021F00041D1641863D4650D480022FF24F4
:10A790000121446283F82D1083F82C20104630BC30
:10A7A000704721F488519161516C20F0010021F033
:10A7B000004151641863D565E7E70220704700BF88
:10A7C0000028004038B50E4B026B5D6D1540EA075E
:10A7D000044605D4AB0709D4012384F82D3038BDD5
:10A7E0000122DA65E7F78CFAAB07F5D5044B0222B4
:10A7F000DA65204600F042F9012384F82D3038BD97
:10A800000028004070B50E4CE3685A0601D50020C0
:10A8100070BDE36843F08003E3600646E7F756F84F
:10A820000546E3685B06F2D4E7F750F8431BB3F53F
:10A830007A7FF6D90320024B86F82D00DB6870BDC5
:10A840000028004070B5204CE36823F08003E360EB
:10A85000A3699906054612D4E36823F02003E36058
:10A86000E7F734F8064605E0E7F730F8831BB3F561
:10A870007A7F24D8E3689A06F6D5002070BDA369D4
:10A8800023F02003A361E36823F02003E360E7F7EC
:10A890001DF8064605E0E7F719F8831BB3F57A7F44
:10A8A00009D8E3689B06F6D50020074A936943F070
:10A8B0002003936170BD032085F82D00F5E7032088
:10A8C00085F82D0070BD00BF0028004018B338B5D2
:10A8D00090F82D30044603F0FF02BBB10223254D52
:10A8E00084F82D30EB68DB0604D5012384F82D3085
:10A8F000002038BDCA2253236A6220466B62FFF7EC
:10A9000081FF50B1FF236B62032038BD80F82C20FB
:10A91000E6F708FDE2E701207047AB6923F08E639C
:10A9200023F04003AB6122696368A9691343A269FC
:10A930000B431343AB61D4E9022343EA02432B6187
:10A94000D4E90931EA680B4322F4F8521343EB606F
:10A950002046FFF777FF0028D4D1D4E90713AA696E
:10A960000B4322F06042616913430B43FF22AB614A
:10A970006A62BAE70028004090F82C20012A0346BA
:10A9800017D00D4A4FF0020CCA20532183F82DC076
:10A9900050625162916941F0200191614FF0000CC9
:10A9A000FF2001215062604683F82D1083F82CC0EF
:10A9B00070470220704700BF0028004090F82C200C
:10A9C000012A034617D00D4A4FF0020CCA2053212A
:10A9D00083F82DC050625162916921F0200191618C
:10A9E0004FF0000CFF2001215062604683F82D10CB
:10A9F00083F82CC070470220704700BF0028004039
:10AA000090F82C30012B1ED0104B30B4CA210224F8
:10AA1000532280F82D4059625A629A690C4C42F0D8
:10AA200080029A61D4F88010FF2541F48021C4F897
:10AA3000801000225D62012380F82D3080F82C20E8
:10AA400030BC104670470220704700BF002800400D
:10AA500000080058084B5A6D520610B5044603D43E
:10AA6000012384F82D3010BD4022DA65E7F74AF95A
:10AA7000012384F82D3010BD00280040704700BF2E
:10AA8000890001F1804101F531410A60704700BF42
:10AA9000890001F1804101F531410868704700BF2C
:10AAA000002800F09480426A2DE9F0470446002A0D
:10AAB0005AD00023C0E9043394F85D3003F0FF015D
:10AAC000002B5CD02168E568022384F85D300B68B8
:10AAD000B5F5E06F23F040030B6057D871D04FF409
:10AAE000805C0027A7623E466368D4F8209002F09D
:10AAF000100EA26803F4827302F404421343226925
:10AB000002F002021343626902F001021343D4E926
:10AB1000060200F4007A02F0380843EA0A0309F05A
:10AB2000800943EA0803626B43EA09033B4302F0EE
:10AB300008020B60000C05F4706300F004001A4377
:10AB4000024342EA0E02B6F5005F42EA0C0226D04A
:10AB50004A60CB69002023F400630122CB612066A8
:10AB600084F85D20BDE8F0874368B3F5827FA3D009
:10AB7000C26194F85D3003F0FF01002BA2D184F88C
:10AB80005C102046E6F714FC626A9BE7B5F5706F2F
:10AB90001FD1A66A4FF0000C06F40057A4E7236B00
:10ABA0004BB9B5F5E06F17D9022323630B6843F463
:10ABB00000630B6001E0022BF8D0A38D4A600B61AB
:10ABC000C7E7A66A4FF4805C06F400578CE70120C3
:10ABD00070474FF0000C84E701232363EDE700BFCB
:10ABE000704700BF98B10268022310B580F85D304D
:10ABF000136823F0400304461360FFF7F1FF0023BE
:10AC0000236684F85C3084F85D30184610BD01205E
:10AC1000704700BF002870D010B5837982B0044619
:10AC200003F0FF02EBB1032A69D03D4B4FF4006201
:10AC30009A613C4B2268196842F4417221F040014C
:10AC40004FF4B85019601A6058601A6842F0400218
:10AC50001A60002001210123A0602171A37102B0BC
:10AC600010BD4271E6F7B4FD2F4BD3F8901041F4BC
:10AC70008051C3F89010596A4FF0B04241F400512E
:10AC800002205962A071D2F89430284923F400437D
:10AC9000C2F894300B68C3EBC3036421C3F34C4385
:10ACA00001FB03F30193019BA3B1019B013B0193C2
:10ACB000D2F894305B04F6D4194BD3F8902042F4C8
:10ACC0000042C3F890209A684FF400610A439A60EA
:10ACD0009961AEE7124B0120A060D3F8902042F4B6
:10ACE0000042C3F890209A684FF400610A439A60CA
:10ACF00099610123A37102B010BD012070470023A8
:10AD00004371E6F765FD084BD3F8902042F480527A
:10AD1000C3F890205A6A42F400525A6285E700BF95
:10AD2000000400580000015800080058D409002011
:10AD300010B41C4C2368C3EBC303642283B0C3F379
:10AD40004C4302FB03F38446174A019305E0019B41
:10AD5000013B01939368980722D4019B002BF6D105
:10AD60000120CCF80800104A11732368C3EBC30319
:10AD70006421C3F34C4301FB03F3019305E0019B02
:10AD8000013B01939368DB0705D4019B002BF6D1AF
:10AD90000120CCF80800044BDB6803B010BC7047FE
:10ADA0000020E0E7D40900200000015810B41D4C39
:10ADB0002368C3EBC303642283B0C3F34C4302FB99
:10ADC00003F38446184A019305E0019B013B01937C
:10ADD0009368980724D4019B002BF6D10120CCF86E
:10ADE0000800114AFF2313732368C3EBC303C3F3A3
:10ADF0004C43642404FB03F3019305E0019B013BF6
:10AE000001939368DB0705D4019B002BF6D1012049
:10AE1000CCF80800044BDB680B7003B010BC704723
:10AE20000020DEE7D4090020000001581B4B017907
:10AE30001B68012903EB430382B0C3F34F3212D0E6
:10AE4000642303FB02F2164901924B699A0707D566
:10AE5000019BF3B1019B013B01934B699B07F7D425
:10AE6000002002B070470E490192D1F8903023F4CF
:10AE70000043C1F89030019B013B0193019B002BE3
:10AE8000F9D10749D1F8903043F40043C1F890302C
:10AE9000D6E7022383600120E3E700BFD409002046
:10AEA0000004005890F806C0BCF1010F3ED1F8B57F
:10AEB00015464279012A044636D01E465FFA8CF3C5
:10AEC0004371022383710F46FFF7B0FFA36813BBE2
:10AED000174AD2F8903023F400430D21C2F8903085
:10AEE0002046FFF725FF390A2046FFF721FFF9B278
:10AEF0002046FFF71DFF3EB12E4415F8011B2046EA
:10AF0000FFF716FFB542F8D1094AD2F8903043F462
:10AF10000043C2F89030A06800230122C01AA27139
:10AF2000637118BF0120F8BD0220F8BD02207047F0
:10AF3000000400582DE9F04114468279012A3FD1DE
:10AF40001E46D3B24279012A054639D043710F46D5
:10AF5000FFF76CFFD5F80880B8F1000F26D11A4A28
:10AF6000D2F8903023F40043C2F890301D212846D7
:10AF7000FFF7DEFE390A2846FFF7DAFEF9B2284667
:10AF8000FFF7D6FE41462846FFF7D2FE3EB12644E3
:10AF9000214628460134FFF709FFA642F8D10A4AA4
:10AFA000D2F8903043F40043C2F89030A8680023F0
:10AFB0000122C01AAA716B7118BF0120BDE8F0818F
:10AFC0000220BDE8F08100BF000400582DE9F041E7
:10AFD00014468279012A37D11E46D3B24279012A1A
:10AFE000054631D043710F46FFF720FFD5F80880A2
:10AFF000B8F1000F1ED1164AD2F8903023F4004366
:10B0000039462846C2F89030FFF792FE414628465E
:10B01000FFF78EFE3EB12644214628460134FFF755
:10B02000C5FEA642F8D10A4AD2F8903043F4004354
:10B03000C2F89030A86800230122C01AAA716B716F
:10B0400018BF0120BDE8F0810220BDE8F08100BFFB
:10B050000004005890F806C0BCF1010F38D1F8B5D3
:10B0600015464279012A044630D01E465FFA8CF319
:10B0700043710F46FFF7DAFEA368F3B9154AD2F819
:10B08000903023F400430E21C2F890302046FFF7A1
:10B090004FFE39462046FFF74BFE3EB12E4415F8D1
:10B0A000011B2046FFF744FEB542F8D1094AD2F809
:10B0B000903043F40043C2F89030A068002301228E
:10B0C000C01AA271637118BF0120F8BD0220F8BD3B
:10B0D00002207047000400582DE9F041144682799F
:10B0E000012A3BD11E46D3B24279012A054635D00A
:10B0F00043710F46FFF79AFED5F80880B8F1000FAC
:10B1000022D1184AD2F8903023F400431E21C2F80D
:10B1100090302846FFF70CFE39462846FFF708FE18
:10B1200041462846FFF704FE3EB126442146284604
:10B130000134FFF73BFEB442F8D10A4AD2F890300E
:10B1400043F40043C2F89030A86800230122C01ADB
:10B15000AA716B7118BF0120BDE8F0810220BDE823
:10B16000F08100BF00040058114B12491B6803EB2B
:10B170004303642282B0C3F34F3302FB03F30E4A4E
:10B180000193D36A9B0407D4019B63B1019B013BEC
:10B190000193D36A9B04F7D54B6913F00203F3D1F3
:10B1A000184602B0704702238360012002B0704746
:10B1B000D409002000040058000800582DE9F04789
:10B1C00090F806C0BCF1010F4AD11D464379012B0E
:10B1D000064645D05FFA8CF880F805800F46144685
:10B1E000FFF724FED6F80890B9F1000F54D1082FCC
:10B1F0003BD8062F01D8022F5CD1DFF84CA1DAF83A
:10B20000903023F400433946CAF890303046FFF7B7
:10B210008FFD002D00F08C80254414F8011B304672
:10B22000FFF786FDAC42F8D1474AD2F89030082F9C
:10B2300043F40043C2F8903036D8062F01D8022FCD
:10B240005FD1B3682BB94FF0000886F804804FF047
:10B25000000801220023B27173714046BDE8F087F7
:10B260004FF002084046BDE8F087842F22D1DFF876
:10B27000D8A0DAF8903023F400433946CAF8903069
:10B280003046FFF755FD002DC6D1DAF8903043F473
:10B290000043CAF8903009E0B368002BD9D1842F5D
:10B2A000D3D0942FD1D0CEE7842F2AD1B368002BEE
:10B2B000CFD1CAE7254BDFF890A05B683220C3F3FB
:10B2C0008049FDF7D1F8224B4FF40052DA62D3F8EF
:10B2D000902042F40052C3F89020DAF8903023F422
:10B2E00000433946CAF890303046FFF721FD002D63
:10B2F00092D1DAF89030082F43F40043CAF8903026
:10B300009DD93046FFF730FF114BD3F890204FF412
:10B31000005122F40052C3F890203220D962FDF788
:10B320000DF9B9F1000F0AD1B368002B91D1B8E73C
:10B33000DAF8903043F40043CAF8903081E73220C5
:10B34000FDF784F8F0E700BF0004005800E100E0DA
:10B350000008005810B4026852E8003F23F49073CC
:10B3600042E800310029F7D1134C02F1080353E8F9
:10B37000003F234002F1080C4CE800310029F4D1D1
:10B38000C36E012B07D000232022C0F88C2010BCF4
:10B390004367C366704752E8003F23F0100342E85A
:10B3A00000310029EFD052E8003F23F0100342E8BB
:10B3B00000310029EFD1E6E7FEFFFFEF70B5D0F8CE
:10B3C0008850202D34D1044681B3134672B3002631
:10B3D000A0F85620A0F854200165C0F89060C06F16
:10B3E0002122C4F8882058B122688663114EC662B3
:10B3F000114E0663114E46632832FDF7A7F980B956
:10B4000022684023136202F1080353E8003F43F02F
:10B41000800302F1080040E800310029F3D1002048
:10B4200070BD1023C4F89030C4F88850012070BD5E
:10B43000022070BD41B4020889B4020899B4020820
:10B4400008B50368806A1B6813F0200317D10268EF
:10B45000A0F8563002F1080353E8003F23F08003C0
:10B4600002F1080040E800310029F3D152E8003F22
:10B4700043F0400342E800310029F7D108BDE6F768
:10B48000BFFD08BD704700BF08B5806AFFF7FAFF2F
:10B4900008BD00BF704700BF806A38B50368D0F8A8
:10B4A0008810D0F88C509A68120601D5212913D043
:10B4B0009B685B0601D5222D08D0D0F8903043F070
:10B4C0001003C0F89030FFF7E5FF38BD0023A0F867
:10B4D0005E30FFF73FFFF0E70022A0F85620194644
:10B4E00051E8002F22F0C00241E800241946002C48
:10B4F000F6D103F1080252E8002F22F4000203F112
:10B50000080444E800210029F3D12022C0F8882053
:10B51000CEE700BF08B5806A0023A0F85E30A0F82F
:10B520005630FFF7B7FF08BD704700BF70B504681D
:10B53000E3692168A26840F60F0C13EA0C0F054678
:10B5400029D19E0607D501F0200C02F080565CEA56
:10B55000060C40F0F080E86E012800F0AC80D802C4
:10B5600000F19E80180606D502F4000201F080006A
:10B57000104340F0E7805A0602D54E0600F1C38022
:10B58000180202D54A0000F10C81DB0102D5002926
:10B59000C0F23D8170BDA348104040F0C580A24E6E
:10B5A0003142D8D0DE0740F1DC80CE0540F1D280B8
:10B5B00001262662D5F8906046F00106C5F8906035
:10B5C0009E0740F1C980D60740F1CB80022020625F
:10B5D000D5F890005E0740F00400C5F8900040F1F7
:10B5E000DD8004202062D5F8900040F00200C5F80C
:10B5F0009000180700F1BD8018050AD54E0108D546
:10B600004FF400602062D5F8900040F02000C5F8AB
:10B610009000D5F890000028BCD0980606D501F01F
:10B62000200102F08052114340F0AC80D5F8902008
:10B63000A36802F0280203F0400353EA02062846FA
:10B6400000F0EA80FFF786FEA3685B0640F1A28067
:10B6500004F1080353E8003F23F0400304F108011C
:10B6600041E8003262B12C6804F1080353E8003F5E
:10B6700023F0400304F1080141E80032002AF3D12D
:10B68000D5F88000002800F08580684B8363FDF7C3
:10B69000FBF800283FF47EAFD5F88000836B4EE0C6
:10B6A00056027FF55FAF4FF4801323622846BDE852
:10B6B000704000F0EBBEDE067FF551AFC8067FF5A7
:10B6C0004EAF10232362A3685B0640F1B180D5F82A
:10B6D0008000026853689BB2002B3FF45BAFB5F863
:10B6E0005C1099427FF656AFA5F85E3013689E064F
:10B6F0005CD502232B67B5F85E30C91A284689B29B
:10B70000FFF712FF70BD54E8003F23F0400344E808
:10B710000032002AF7D120220023C5F88820AB6729
:10B720002846E6F76DFC70BDDE077FF549AFCE0514
:10B730007FF546AF3CE7436F002B3FF42BAFBDE8EE
:10B7400070401847AB6F002B3FF424AF2846BDE88C
:10B75000704018479E0704D45E0702D5D6073FF510
:10B7600040AF1E077FF548AF01F0200606433FF4C7
:10B7700043AF08202062D5F8900040F00800C5F8DB
:10B78000900039E76B6F002B3FF450AF2846984785
:10B790002C684BE72846FFF77DFE70BD1807E8D4FC
:10B7A0002AE72846BDE8704000F074BE54E8003F28
:10B7B00023F4807344E80032002AF7D104F108032F
:10B7C00053E8003F23F0010304F1080141E800328F
:10B7D000002AF3D104F1080353E8003F23F04003AB
:10B7E00004F1080141E80032002AF3D12023C5F812
:10B7F0008C30EA6654E8003F23F0100344E800323E
:10B80000002AF7D1FDF708F8B5F85C1071E7284673
:10B81000BDE8704000F03CBEFFF73CFEC5F890600C
:10B8200070BD00BF010000102001000415B5020822
:10B83000B5F85E20B5F85E309BB292B2002B3FF4B3
:10B84000A9AEB5F85C10891A89B200293FF4A2AEFE
:10B8500054E8003F23F4907344E80032002AF7D103
:10B860000F4804F1080353E8003F034004F10806C1
:10B8700046E80032002AF4D12023C5F88C306A67EC
:10B88000EA6654E8003F23F0100344E80032002A3F
:10B89000F7D102232B672846FFF746FE70BD00BF95
:10B8A000FEFFFFEFD0F88C200368222A04D09A69AB
:10B8B00042F008029A6170475B6AB0F86010826DCE
:10B8C0000B401370B0F85E30826D013B9BB2A0F864
:10B8D0005E30B0F85E3001329BB28265002B37D10A
:10B8E00010B5036853E8002F22F4907243E800215A
:10B8F0000029F7D103F1080252E8002F22F00102DB
:10B9000003F1080444E800210029F3D11B4A4167F0
:10B9100020249342C0F88C40016702D05A6811027B
:10B9200017D4C26E012A25D10022C26653E8002F27
:10B9300022F0100243E800210029F7D1DA69B0F8BB
:10B940005C10D20644BF10221A62FFF7EDFD10BD55
:10B95000704753E8002F22F0806243E8002100295D
:10B96000DFD053E8002F22F0806243E80021002955
:10B97000EFD1D6E7E6F752FB10BD00BF00800040D4
:10B98000D0F88C200368222A04D09A6942F0080279
:10B990009A6170475A6AB0F860C0816D02EA0C0281
:10B9A00021F8022BB0F85E208165013A92B2A0F82E
:10B9B0005E20B0F85E2092B2002A36D110B553E86E
:10B9C000002F22F4907243E800210029F7D103F1FF
:10B9D000080252E8002F22F0010203F1080444E8B3
:10B9E00000210029F3D11B4A416720249342C0F86B
:10B9F0008C40016702D05A68110217D4C26E012A26
:10BA000025D10022C26653E8002F22F0100243E83D
:10BA100000210029F7D1DA69B0F85C10D20644BFE2
:10BA200010221A62FFF780FD10BD704753E8002F07
:10BA300022F0806243E800210029DFD053E8002F84
:10BA400022F0806243E800210029EFD1D6E7E6F733
:10BA5000E5FA10BD008000402DE9F84F0268044669
:10BA6000D06917689668D4F88C10222906D013463E
:10BA7000926942F008029A61BDE8F88FB4F8683024
:10BA80001BB9B4F85E30BDE8F88F800674D594F821
:10BA900060B0654DDFF894814FF0000903E01AF0C3
:10BAA000200F69D02268526AA36D0BEA02021A7055
:10BAB000B4F85E102368A26D013989B2A4F85E1053
:10BAC000D3F81CA001321AF0070FA26528D01AF093
:10BAD000010F09D0F90507D501221A62D4F8902088
:10BAE00042F00102C4F890201AF0020F78D0F20759
:10BAF00012D502221A62D4F890201AF0040F42F0F4
:10BB00000402C4F8902007D004221A62D4F89030BE
:10BB100043F00203C4F89030D4F89030002B68D181
:10BB2000B4F85E309BB2002BB9D1236853E8002FE4
:10BB300022F4807243E800210029F7D103F10802C2
:10BB400052E8002F2A4003F1080040E800210029B4
:10BB5000F4D120224345C4F88C206167216702D0CC
:10BB60005A6811022BD4E26E012A48D02046E6F72B
:10BB700055FA1AF0200F95D1B4F85E309BB2002B25
:10BB80003FF47AAFB4F868209A427FF675AF236825
:10BB900003F1080252E8002F22F0805203F108005E
:10BBA00040E800210029F3D1214A626753E8002FC1
:10BBB00042F0200243E800210029F7D15CE753E876
:10BBC000002F22F0806243E800210029CBD053E807
:10BBD000002F22F0806243E800210029EFD1C2E764
:10BBE0001AF0040F98D0F0078ED4D4F89030002BC0
:10BBF00096D02046FFF74EFCC4F8909090E7C4F82A
:10BC00006C9053E8002F22F0100243E80021002935
:10BC1000F7D1DA69B4F85C10D20644BF10221A6278
:10BC20002046FFF781FC3AE7FEFFFFEF008000406F
:10BC3000A5B802082DE9F84F0368D9691E689D6808
:10BC4000D0F88C20222A05D09A6942F008029A6125
:10BC5000BDE8F88FB0F8682083461AB9B0F85E30B6
:10BC6000BDE8F88F880678D5BBF860A0684C694FAE
:10BC70004FF0000804E019F0200F6ED0DBF8003020
:10BC80005A6ADBF858100AEA020221F8022BBBF8C4
:10BC90005E20CBF85810013A92B2ABF85E20D3F890
:10BCA0001C9019F0070F28D019F0010F09D0F105E9
:10BCB00007D501221A62DBF8902042F00102CBF88E
:10BCC000902019F0020F7ED0EA0712D502221A62E4
:10BCD000DBF8902019F0040F42F00402CBF890201A
:10BCE00007D004221A62DBF8903043F00203CBF84D
:10BCF0009030DBF89030002B6ED1BBF85E309BB2F9
:10BD0000002BB8D1DBF8003053E8002F22F480720A
:10BD100043E800210029F7D103F1080252E8002F7F
:10BD2000224003F1080040E800210029F4D120223C
:10BD3000BB42CBF88C20CBF87410CBF8701002D03B
:10BD40005A6811022ED4DBF86C20012A4AD05846DA
:10BD5000E6F764F919F0200F90D1BBF85E309BB282
:10BD6000002B3FF475AFBBF868209A427FF670AFA6
:10BD7000DBF8003003F1080252E8002F22F0805275
:10BD800003F1080040E800210029F3D1224ACBF852
:10BD9000742053E8002F42F0200243E800210029DC
:10BDA000F7D155E753E8002F22F0806243E80021E5
:10BDB0000029C8D053E8002F22F0806243E8002118
:10BDC0000029EFD1BFE719F0040F92D0E80788D41B
:10BDD000DBF89030002B90D05846FFF75BFBCBF898
:10BDE00090808AE7CBF86C8053E8002F22F0100295
:10BDF00043E800210029F7D1DA69BBF85C10D206CC
:10BE000044BF10221A625846FFF78EFB33E700BF8B
:10BE1000FEFFFFEF0080004081B9020870B50446C4
:10BE200003688268006961691D6802430A43E0692A
:10BE30008349024329400A431A605A68E168656AE7
:10BE400022F440520A437F495A608B429968A269A2
:10BE500021F06E4121F4306100F09780266A324370
:10BE60000A439A60DA6A22F00F022A43DA62764ABB
:10BE7000934233D0754A934207D0012000234FF0FC
:10BE80000112C4E91D33A26670BD4FF0B043D3F870
:10BE9000883003F00C0343F44023A3F540230C2B1C
:10BEA000EBD801A252F823F009C002087BBE0208B9
:10BEB0007BBE02087BBE02087FBF02087BBE020871
:10BEC0007BBE02087BBE020843BF02087BBE02089D
:10BED0007BBE02087BBE020811BF02084FF0B043D0
:10BEE0005B4AD3F8883003F0030343F440339342B2
:10BEF00027D0B3F1031F0BD0013A93423FD0B0F5E6
:10BF0000004F00F08780FEF7FBF9C0B1656A04E0DE
:10BF1000B0F5004F19D04FF4004063684D4A32F835
:10BF20001510B0FBF1F04FF6EF7200EB5300B0FBD1
:10BF3000F3F0A0F1100393429FD82368D86000204B
:10BF40009CE7B0F5004F4448E7D16268414B33F8B5
:10BF50001510B0FBF1F0530803EB40034FF6EF71FF
:10BF6000B3FBF2F3A3F110028A4286D823F00F024A
:10BF7000216892B2C3F342031343CB60DFE7B0F50D
:10BF8000004F54D0FDF720FDBFE711439960DA6AF6
:10BF900022F00F024FF0B0412A43DA62D1F8883024
:10BFA00003F44063B3F5006F47D039D84BB3FDF7C6
:10BFB0000BFD0028C3D0656A6668264B06EB460178
:10BFC00033F81520B0FBF2F399423FF656AFB3EBCE
:10BFD000063F3FF652AF00231946E4F785F84FF4C9
:10BFE00080750346002170083246E3FB05010023FB
:10BFF000E4F77AF8194BA0F540729A423FF63DAF4C
:10C000009BE7FEF763F9D4E7B0F5004F12D0FEF7D7
:10C010005DF97AE7FEF774F9002890D0656A94E735
:10C02000B3F5406F7FF429AF4FF40040C4E7FDF74C
:10C03000CBFCF1E7FEF74AF9EEE70748BCE700BFA3
:10C04000F369FFCF00800040003801400044004009
:10C050000200030088D003080024F400FFFC0F0056
:10C06000836A1A0710B406D50168846B4A6822F403
:10C07000004222434A60DC0706D50168C46A4A6868
:10C0800022F4003222434A60990706D50168046B06
:10C090004A6822F4803222434A605A0706D5016872
:10C0A000446B4A6822F4802222434A60DC0606D5AB
:10C0B0000168C46B8A6822F4805222438A60990620
:10C0C00006D50168046C8A6822F4005222438A6013
:10C0D0005A0609D50168446C4A6822F4801222434A
:10C0E000B4F5801F4A600AD01B0606D50268C16CF1
:10C0F000536823F400230B43536010BC70474A6815
:10C10000846C22F4C00222434A60EDE72DE9F0413D
:10C1100015460268DDF818801F46D36931EA03032B
:10C120000CBF01230023AB420DD1B8F1FF3F0C46F9
:10C1300018BF064619D1D36934EA03030CBF0123A3
:10C140000023AB42F7D00020BDE8F081802C04D062
:10C15000402C02D0D3691B0532D4D36934EA0303DF
:10C160000CBF012300239D42EDD1E5F7AFFBC01BBF
:10C170004045326806D8B8F1000F03D0136859075C
:10C18000EBD5E3E752E8003F23F4D07342E80031F7
:10C190000029F7D102F1080353E8003F23F001031F
:10C1A00002F1080040E800310029F3D12023C6F84D
:10C1B0008830C6F88C30002386F884300320C3E72B
:10C1C0004FF40063136252E8003F23F4D07342E857
:10C1D00000310029F7D102F1080353E8003F23F0B2
:10C1E000010302F1080040E800310029F3D12023C7
:10C1F000C6F88830C6F88C30C6F89030DBE700BF50
:10C2000070B50446002682B0C0F89060E5F75EFB8A
:10C2100023681A68120705460FD41B685B071BD4F6
:10C22000002320221846C4F8882084F88430C4F8FB
:10C230008C20E366236702B070BD6FF07E430093ED
:10C24000324603464FF400112046FFF75FFF78B9EE
:10C2500023681B685B07E3D56FF07E4300930022E1
:10C260002B464FF480012046FFF750FF0028D7D01F
:10C27000032002B070BD00BF80B3D0F8883010B585
:10C28000044633B32268A16A2423C4F888301368B3
:10C2900023F001031360C1B92046FFF7BFFD012859
:10C2A00011D023685A6822F490425A609A6822F0AA
:10C2B0002A029A601A6842F0010220461A60BDE81C
:10C2C0001040FFF79DBF012010BD2046FFF7C8FEBC
:10C2D000E2E780F88430E5F7A7FDD3E70120704757
:10C2E00030B4846881650023B4F5805FA0F85C20D9
:10C2F000A0F85E2043674FD084BB0369002B0CBFBE
:10C30000FF237F2322210024C0F89040C0F88C1026
:10C310000168A0F8603001F1080353E8003F43F0E2
:10C32000010301F1080545E80034002CF3D1436E08
:10C3300085680469B3F1005F35D0B5F5805F16D02C
:10C340002D4B4367BCB151E8003F43F4907341E883
:10C350000032002AF7D1002030BC7047B4F1805F72
:10C36000D0D10369002B0CBF7F233F23CAE7002CE9
:10C3700038D1224B436751E8003F43F0200341E8A6
:10C380000032002AE7D051E8003F43F0200341E8A3
:10C390000032002AEFD1DEE70169002940F2FF13E5
:10C3A00018BFFF23AEE7B0F868309342C5D8B5F5A3
:10C3B000805F1AD0124B43673CB151E8003F43F411
:10C3C000807341E80032002AF7D101F1080353E8F5
:10C3D000003F43F0805301F1080040E80032002A9A
:10C3E000F3D1B8E7044B4367ADE714B9054B436796
:10C3F000EBE7034B4367E0E7A5B8020881B9020801
:10C4000059BA020835BC020838B5D0F88C30202B58
:10C4100018D101B10AB9012038BD04680A4B0025C2
:10C420009C42C5660AD063681B0207D554E8003FEA
:10C4300043F0806344E80035002DF7D1FFF750FF4B
:10C44000002038BD022038BD008000400368996894
:10C450009B6830B44FEA537C0A4D0B4C15F80C2006
:10C46000C1F34261D2006B5C14F80C50615CB2FB0A
:10C47000F5F2DB0030BCB3FBF1F3A0F86A20A0F8C2
:10C4800068307047A8D00308A0D00308704700BFE9
:10C49000704700BF704700BF10B584B004AB03E91C
:10C4A000060090F88430012B3BD004460368242218
:10C4B000012084F88400C4F888201A6822F0010260
:10C4C0001A609A6822F440120A439A6071B95A6855
:10C4D000BDF80C1022F010020A435A605A689DF809
:10C4E0000E1022F07F4242EA01625A601A6842F05E
:10C4F00001021A60E5F7EAF96FF07E420346009206
:10C500004FF4800100222046FFF700FE38B92023B7
:10C51000C4F88830002384F8843004B010BD0320B0
:10C52000F8E7022004B010BD90F88430012B0FD042
:10C530000123016880F8843051E8003F43F0020392
:10C5400041E80032002AF7D180F884201046704775
:10C550000220704790F88430012B19D00368242200
:10C5600010B5C0F888201A68196821F00101196017
:10C5700042F000524FF00051044641661A60FFF746
:10C5800065FF0020202384F88400C4F8883010BDA3
:10C590000220704790F88430012B1FD070B52423FF
:10C5A0000568C0F888302E682B6823F001032B60E3
:10C5B000AB6823F060431943436EA96004464BB156
:10C5C000FFF744FF00202E60202384F88400C4F885
:10C5D000883070BD4FF001138366F3E70220704787
:10C5E00090F88430012B1FD070B524230568C0F863
:10C5F00088302E682B6823F001032B60AB6823F092
:10C6000060631943436EA96004464BB1FFF71EFFF8
:10C6100000202E60202384F88400C4F8883070BD88
:10C620004FF001138366F3E70220704708B502F06C
:10C63000CFFA012800D108BDBDE8084003F082B858
:10C6400008B5EFF3058313B16FF0050008BD02F0E4
:10C65000BFFA012807D0EFF31083002BF4D1EFF3DA
:10C660001183002BF0D102F0B3FA0128034604D164
:10C67000034A106808B9136008BD4FF0FF3008BDC9
:10C6800058460020EFF3058313B16FF005007047A3
:10C6900010B502F09DFA012809D0EFF3108313B111
:10C6A0006FF0050010BDEFF31183002BF8D102F0FD
:10C6B0008FFA01280CD1084B1A68012A08D1074AC1
:10C6C0000024D47702221A6001F0C4FE204610BD77
:10C6D0004FF0FF3010BD00BF5846002000ED00E0D5
:10C6E00008B5EFF305831BB1BDE8084002F08CB834
:10C6F00002F06EFA012807D0EFF31083002BF3D17C
:10C70000EFF31183002BEFD1BDE8084002F076B8BB
:10C710004FF47A70704700BFF0B587B0002514461B
:10C720000595EFF3058212B1002007B0F0BD074672
:10C730000E4602F04DFA012809D0EFF3108313B131
:10C74000059807B0F0BDEFF31183002BF8D1002F4F
:10C75000F6D014B3A369E3B918236268D207E3D40F
:10C76000606938B38208A568D4F800C0E1681DB3D9
:10C77000A729E5D921690029E2D00028E0D0013BB2
:10C78000CDE90115009361463346384601F086FD38
:10C79000CBE75A1E372AE0D9C6E717238022214665
:10C7A00005AC009338463346019401F0A7FD0128FB
:10C7B000BAD1C5E78022D6E70029C1D12169002975
:10C7C000BED192B2013B6446E9E700BF08B5002044
:10C7D00001F0C6FDFEE700BFEFF3058313B16FF074
:10C7E0000500704710B5044602F0F2F9012809D09F
:10C7F000EFF3108313B16FF0050010BDEFF3118359
:10C80000002BF8D164B1204601F01AFE042804D0B0
:10C81000204601F0A5FD002010BD6FF0020010BD04
:10C820006FF0030010BD00BF08B1002902DA6FF0FD
:10C830000300704750B587B04FF0FF3304460493B0
:10C84000EFF305831BB3002605AB0A46CDE9006371
:10C85000314601232046059602F08CFB04ABCDE95E
:10C860000036324633463146204602F083FB059BB4
:10C8700013B9049807B050BD4FF0E0234FF0805239
:10C88000C3F8042DBFF34F8FBFF36F8FF1E7039110
:10C8900002F09EF90128039907D0EFF31083002BD3
:10C8A000D1D1EFF31183002BCDD100260A4600969B
:10C8B00031460123204602F0C9FA04AB0093324608
:10C8C00033463146204602F0C1FA049807B050BD05
:10C8D000EFF3058313B16FF00500704700B585B025
:10C8E00002F076F901280AD0EFF310831BB16FF044
:10C8F000050005B000BDEFF31183002BF7D102F066
:10C9000061F9002303A900911A46194602F09EFA24
:10C9100001280CBF03984FF0FF3005B000BD00BFE9
:10C920002DE9F04F85B0EFF305832BB16FF00505CE
:10C93000284605B0BDE8F08F07468946164602F046
:10C9400047F9012807D0EFF31083002BEED1EFF366
:10C950001183002BEAD1002F39DB19F0020F0CBF35
:10C96000B8464FF0000801F049FF09F0010982467E
:10C970003446002506EB000B0021009403AB424631
:10C98000084602F00DFA012808D0002E14BF6FF0FF
:10C9900001056FF002050028EED1C9E7039B3D4079
:10C9A0001D4307EA0503B9F1000F0BD09F42BFD02A
:10C9B0009EB101F023FFA0EB0A039E4205D3ABEB2F
:10C9C0000004D9E7002BF3D0B2E70024D4E76FF0DE
:10C9D0000305284605B0BDE8F08F6FF00205A7E714
:10C9E000EFF3058313B16FF00500704710B50446EF
:10C9F00002F0EEF8012809D0EFF3108313B16FF0C5
:10CA0000050010BDEFF31183002BF8D10CB9002005
:10CA100010BD204601F03CFEF9E700BFEFF30583AF
:10CA20000BB10020704710B5044602F0D1F8012880
:10CA300005D0EFF3108343B9EFF311832BB944B161
:10CA4000D4E9020318B11F2B07D8002010BD002B1A
:10CA5000FBD1BDE8104000F0ABBBBDE8104000F0DA
:10CA600097BB00BF58B330B5B1F1807F83B00C469F
:10CA700003D36FF0030003B030BD0546EFF3058329
:10CA800003B3002301AA21462846019300F05CFC71
:10CA900018B96FF0020003B030BD284600F00CFC5E
:10CAA000019B2043002BE6D04FF0E0234FF0805253
:10CAB000C3F8042DBFF34F8FBFF36F8FDBE76FF029
:10CAC0000300704702F084F8012807D0EFF31083C9
:10CAD000002BD6D1EFF31183002BD2D1214628466B
:10CAE00003B0BDE8304000F0F5BB00BF70B518B131
:10CAF000B1F1807F0D4603D36FF00306304670BD61
:10CB00000446EFF30583A3B1204600F0D5FB294688
:10CB10000646204600F0C6FBE8B14FF0E0234FF098
:10CB20008052C3F8042DBFF34F8FBFF36F8F304691
:10CB300070BD02F04DF8012807D0EFF31083002BF1
:10CB4000E2D1EFF31183002BDED129462046BDE868
:10CB5000704000F099BB6FF00206304670BD00BF18
:10CB600000283BD0F0B5B1F1807F85B00C4603D3EF
:10CB70006FF0030005B0F0BD1E46EFF305832BB147
:10CB8000002EF5D16FF0050005B0F0BD039205460B
:10CB900002F01EF80128039A07D0EFF31083002B50
:10CBA000EED1EFF31183002BEAD102F00107C2F3BB
:10CBB00040023B46009682F001022846214600F0E2
:10CBC00005FB04EA000367B19C42D3D0002E14BFDA
:10CBD0006FF001006FF0020005B0F0BD6FF00300D0
:10CBE0007047002BF2D0C5E738B5EFF3058313B1DA
:10CBF0000025284638BD044601F0EAFF012807D089
:10CC0000EFF31083002BF3D1EFF31183002BEFD15F
:10CC100064B3636803F00802DB0712D4002AE7D18B
:10CC2000D4E9021381B34F2BE2D9012000F0E4FDD7
:10CC300005460028DCD021680029DAD001F084F80C
:10CC4000D7E7002AD4D1D4E90213A1B14F2BCFD911
:10CC5000042000F0D1FD05460028C9D0216809B1A3
:10CC600001F072F845F00105284638BDBDE83840AE
:10CC7000012000F011BE002BBAD1042000F00CFE00
:10CC800005460028EAD1B3E7002BB1D1012000F01E
:10CC900003FE05460028CED1AAE700BFF8B5EFF3A2
:10CCA000058313B16FF00500F8BD04460D4620F072
:10CCB000010600F0010701F08BFF012807D0EFF318
:10CCC0001083002BEED1EFF31183002BEAD1012C5E
:10CCD00013D92946304657B100F0AEFF01280AD0DB
:10CCE000002D14BF6FF001006FF00200F8BD00F0DE
:10CCF000FDFE0128F4D10020F8BD6FF00300F8BD5F
:10CD0000EFF3058313B16FF00500704770B504466B
:10CD100020F0010600F0010501F05AFF012809D0BA
:10CD2000EFF3108313B16FF0050070BDEFF31183C3
:10CD3000002BF8D1012C12D935B1304600F096FD08
:10CD4000012809D1002070BD2B462A4629463046CD
:10CD500000F0C6FC0128F5D06FF0020070BD6FF046
:10CD6000030070BD70B582B0EFF305831BB10024E2
:10CD7000204602B070BD04460E46154601F028FF5D
:10CD8000012807D0EFF31083002BF0D1EFF31183CC
:10CD9000002BECD1002CEAD0B442E8D36DB3D5E936
:10CDA000023293B14F2AE2D9012C3BD020461A46D9
:10CDB000314600F057FC04460028D8D029680029E5
:10CDC000D6D0204600F0C0FFD2E7002ACFD1012CF8
:10CDD00007D02046314600F065FC04460028EDD11E
:10CDE000C5E703220021012000F010FC04460028C2
:10CDF000BDD066B9002DE1D1BAE7012CF1D02046B3
:10CE0000314600F04FFC04460028B1D1AFE70023C3
:10CE10001A46194600F064FC0128EBD0204600F0C9
:10CE200075FFA4E70322009200222046114600F07D
:10CE3000A7FB044600289AD0002EBFD000231A4634
:10CE4000194600F04DFC0128B8D0E7E700283DD096
:10CE500030B50C4683B00546EFF305836BB194BB48
:10CE600001AA21462846019400F0F8FE012826D1A7
:10CE7000019BCBB9002003B030BD01F0A9FE012811
:10CE800007D0EFF31083002BE9D1EFF31183002BD0
:10CE9000E5D12146284600F029FE0128EAD074B1E8
:10CEA0006FF0010003B030BD4FF0E0234FF080522F
:10CEB000C3F8042DBFF34F8FBFF36F8FDAE76FF026
:10CEC000020003B030BD6FF00300D4E76FF0030041
:10CED000704700BFA0B310B5044682B0EFF30583DE
:10CEE000BBB1002301A92046019300F037FD0128C2
:10CEF00023D1019B13B9002002B010BD4FF0E023F5
:10CF00004FF08052C3F8042DBFF34F8FBFF36F8FE4
:10CF1000F1E701F05DFE012807D0EFF31083002B4D
:10CF2000DFD1EFF31183002BDBD100231A46194622
:10CF3000204600F0D5FB0128DDD06FF00200DBE7D2
:10CF40006FF00300704700BFEFF305830BB10020C3
:10CF5000704770B584B006460D46144601F038FEA1
:10CF6000012809D0EFF3108313B1002004B070BD85
:10CF7000EFF31183002BF8D1002EF6D0002DF4D062
:10CF800054B3D4E902328BB14F2AEED92269002A78
:10CF9000EBD0606905FB06F18842E6D329460025FF
:10CFA0003046009500F0ECFA70B9DEE7002ADCD1DB
:10CFB0002369002BD9D16269002AD6D1294630468F
:10CFC00000F024FB0028D0D021680029CED00390A7
:10CFD00000F0BAFE0398C9E722462946304604B05D
:10CFE000BDE8704000F012BB70B5044682B00E463A
:10CFF0001D46EFF30583EBB1002C3AD0002E38D05C
:10D00000002D36D12B4601AA31462046019500F06D
:10D0100061FC012829D1019B4BB14FF0E0234FF077
:10D020008052C3F8042DBFF34F8FBFF36F8F0020E2
:10D0300002B070BD01F0CCFD012807D0EFF31083E2
:10D04000002BD9D1EFF31183002BD5D18CB186B150
:10D0500000232A463146204600F042FB0128E6D054
:10D060001DB16FF0010002B070BD6FF0020002B0A0
:10D0700070BD6FF00300DBE770B5044682B00D466B
:10D080001E46EFF30583D3B1002C36D0ADB3A6BB5B
:10D0900001AA29462046019600F0E0FD012828D18A
:10D0A000019B4BB14FF0E0234FF08052C3F8042DA9
:10D0B000BFF34F8FBFF36F8F002002B070BD01F040
:10D0C00087FD012807D0EFF31083002BDCD1EFF3AD
:10D0D0001183002BD8D184B17DB132462946204638
:10D0E00000F076FC0128E7D01EB16FF0010002B01D
:10D0F00070BD6FF0020002B070BD6FF00300DCE79E
:10D1000048B110B50446EFF305832BB12046BDE8C6
:10D11000104000F0F9BD704701F05AFD012807D01A
:10D12000EFF31083002BF1D1EFF31183002BEDD13E
:10D130002046BDE8104000F0DDBD00BF044B10B438
:10D140000360044C0C60802310BC1360704700BF68
:10D15000B0450020B0430020044B10B40360044CE1
:10D160000C60402310BC1360704700BF08430020D0
:10D170000842002038B504460D4602F0A3FA2368A1
:10D1800023EA05032360BDE8384002F0ABBA00BFD4
:10D1900010B582B020230193044630B1002340F83B
:10D1A000043B00F0DBF801232377204602B010BDDA
:10D1B00038B5202002F08EF9044628B1002540F849
:10D1C000045B00F0CBF82577204638BD2DE9F0410F
:10D1D00080460D461E46174601F086F9D8F80040F5
:10D1E00004EA050356B983B38FB324EA0505C8F8EA
:10D1F000005001F081F92046BDE8F0819D42F3D056
:10D20000069B23B3391E18BF0121090641F0806136
:10D21000069A294308F1040001F06CFB01F06CF957
:10D2200048B94FF0E0234FF08052C3F8042DBFF30C
:10D230004F8FBFF36F8F01F09BFD8301044610D524
:10D2400024F07F442046BDE8F081069B23B901F01D
:10D2500053F92046BDE8F081391E18BF01210906A7
:10D26000D6E702F02FFAD8F8004005EA040346B9E1
:10D2700023B11FB124EA0505C8F8005002F032FAC4
:10D28000DEE7AB42FAD1F4E770B505460C4602F092
:10D2900019FA2E6826EA04042C6002F023FA3046BC
:10D2A00070BD00BF84460A4602480023614602F072
:10D2B000CFB800BF75D10208EFF311834FF05002D1
:10D2C00082F31188BFF36F8FBFF34F8F006883F332
:10D2D000118870472DE9F04106460C4600F10C0814
:10D2E00001F002F9D6F800C0356944EA0C03A845FC
:10D2F000336020D09C4600270AE033B1D30148BFF9
:10D30000274301F0B9FBD6F800C0A845634610D00A
:10D3100028466D68026822F07F4412F0806F43F067
:10D32000007103EA0403E8D09C42E7D0A8456346B5
:10D33000EED12CEA0703336001F0DEF83068BDE877
:10D34000F08100BFFFF7C6BF8446134602480A4675
:10D35000614602F07DB800BF45D3020800F1080322
:10D360004FF0FF31002243608160C36003610260BF
:10D37000704700BF00230361704700BF43684B60E4
:10D380009A688A609A6851609960086103680133FD
:10D390000360704710B40C68631C16D0C268126832
:10D3A000944200F1080304D35B685A681268A242F1
:10D3B000FAD95A684A604A6810BC91608B6059601B
:10D3C000086103680133036070470369F1E700BF38
:10D3D00003694268816891608268416851605A6857
:10D3E000824204BF82685A60002202611A68013AD0
:10D3F0001A601868704700BF036C70B5856B0446EF
:10D400002BB90668013546B31846A56370BD1646AC
:10D4100082B91A46406803F025FA6368216CA26855
:10D420000B449342636024BF23686360013500208E
:10D43000A56370BD1A46C06803F014FA226CE36855
:10D4400051429B1A2268E360934202D2A3680B44C4
:10D45000E360022E06D00135E9E7806801F012FC96
:10D46000A660D2E7012D38BF01250020CDE700BF1F
:10D4700070B5054602F026F995F845305CB2002CEF
:10D4800014DD05F1240603E0631EDAB25CB26AB172
:10D490006B6A304653B101F071FA0028F4D001F004
:10D4A0008BFB631EDAB25CB2002AF1D1FF2385F850
:10D4B000453002F017F902F005F995F844305CB2F6
:10D4C000002C14DD05F1100603E0631EDAB25CB235
:10D4D0006AB12B69304653B101F050FA0028F4D0FC
:10D4E00001F06AFB631EDAB25CB2002AF1D1FF23BD
:10D4F00085F84430BDE8704002F0F4B870B50446D9
:10D5000000B3C06BF0B1236CA3FB00350022A5BBB8
:10D510000E4602F0D7F8D4E90F232168A56303FB78
:10D5200002F2D31A0A44A2600B44FF2284F844207A
:10D530006160E36084F84520B6B923691BB902F045
:10D54000D1F8012070BD04F1100001F017FA002895
:10D55000F5D04FF0E0234FF08052C3F8042DBFF315
:10D560004F8FBFF36F8FEAE704F11000FFF7F6FE6D
:10D5700004F12400FFF7F2FEE1E7104670BD00BFA2
:10D5800070B582B09DF8185080B31C46002B38D07F
:10D5900072B399B350230193019B2260A1FB003623
:10D5A0000123C4E90F0184F84630E6B902F08AF895
:10D5B000D4E90F232168A66303FB02F2D31A0A44BD
:10D5C0000B44A260FF2284F844206160E36084F889
:10D5D000452004F11000FFF7C1FE04F12400FFF71D
:10D5E000BDFE02F07FF884F84C50204602B070BDBA
:10D5F00051B950230193019B2246CEE7084602B061
:10D6000070BD184602B070BD1046EFE72DE9F0413D
:10D6100010B3A1FB00380D460446B8F1000F1BD132
:10D6200001FB00F010F1510F16D85030174601F0F1
:10D6300051FF064680B180F846808DB100F150035D
:10D64000C6E90F45336001213046FFF757FF86F8E2
:10D650004C703046BDE8F08100263046BDE8F081D0
:10D660000346EDE7E8B130B5884283B00D4615D3E7
:10D67000144682B15023019301210023C2E90F0314
:10D6800082F8461012601046019BFFF737FF022315
:10D6900084F84C30A563204603B030BD002003B0B1
:10D6A00030BD704770B50446B0B188420E4613D302
:10D6B000502001F00FFF054678B10023C0E90F4369
:10D6C00080F8463001210060FFF718FF022385F83B
:10D6D0004C30AE63284670BD0025284670BD00BFA3
:10D6E000F0B5044685B01E4601920F4601F0EAFFF0
:10D6F000A26BE36B9A4255D3022E53D0002005460D
:10D700000EE001F0EFFF2046FFF7B2FE00F0F4FE5E
:10D7100001F0D8FFA26BE36B9A424FF0010041D3B6
:10D72000019B002B5CD0002838D001F0DBFF00F01B
:10D73000DBFE01F0C7FF94F84430FF2B08BF84F8EC
:10D74000445094F84500FF2808BF84F8455001F084
:10D75000C9FF01A902A801F003FA002845D101F090
:10D76000B1FFA26BE36B9A42CBD101F0BBFF0199F1
:10D7700004F1100001F0AEF82046FFF779FE00F04A
:10D78000BBFE0028C4D14FF0E0234FF08052C3F815
:10D79000042DBFF34F8FBFF36F8FB9E702A801F0DD
:10D7A000D3F9C2E7324639462046FFF725FE636AC1
:10D7B0002BB950B901F096FF012005B0F0BD04F17E
:10D7C000240001F0DBF80028F4D04FF0E0234FF004
:10D7D0008052C3F8042DBFF34F8FBFF36F8FE9E77B
:10D7E00001F080FF002005B0F0BD2046FFF740FEAD
:10D7F00000F082FEF6E700BF70B50C4682B091B330
:10D8000000250123502281F8463001922160C1E9B0
:10D810000F350646019B01F055FFD4E90F2321681F
:10D82000616003FB02F2D31A0B440A44E360FF2356
:10D83000A260A56304F1100084F8443084F84530F8
:10D84000FFF78CFD04F12400FFF788FD01F04AFF8B
:10D8500084F84C60A5602560E5602B462A46294681
:10D860002046FFF73DFF204602B070BD38B5856801
:10D87000044601F0A7F9854201D0002038BDE368D5
:10D88000013BE3600BB1012038BD1A461946204622
:10D89000FFF726FFF7E700BF70B50646502001F0FE
:10D8A00019FE044698B10025012180F846502060F9
:10D8B000C0E90F15FFF722FE84F84C60A5602560D3
:10D8C000E5602B462A4629462046FFF709FF2046F9
:10D8D00070BD00BF2DE9F04104460E4617461D46B7
:10D8E00001F0BAFFEFF311884FF0500383F3118872
:10D8F000BFF36F8FBFF34F8FA26BE36B9A4206D3D8
:10D90000022D04D0002088F31188BDE8F0812A465A
:10D9100094F84550A36B31466DB22046FFF76CFD7D
:10D920006B1C06D1636A73B9012088F31188BDE8C6
:10D93000F08100F071FF8542F6D201356DB284F8B6
:10D9400045500120F1E704F1240001F017F8002808
:10D95000EAD0002FE8D001233B60E5E7F8B50446A4
:10D960000E4601F079FFEFF311854FF0500383F37A
:10D970001188BFF36F8FBFF34F8FA36BE26B9A4297
:10D980000CD994F845200133FF2AA36357B209D17B
:10D99000636A8BB9012085F31188F8BD002085F3F7
:10D9A0001188F8BD00F038FF8742F3D201377FB20B
:10D9B00084F845700120EEE704F1240000F0DEFF5A
:10D9C0000028E7D0002EE5D001233360E2E700BF56
:10D9D000F0B5044685B00F46019201F073FEA56BC9
:10D9E000002D5BD1019BA3B302A801F0ADF82E4638
:10D9F00001F078FE00F078FD01F064FE94F8443008
:10DA0000FF2B08BF84F8446094F84530FF2B08BF13
:10DA100084F8456001F066FE01A902A801F0A0F8B3
:10DA2000E0B901F04FFEA36B2BBB01F05BFE019947
:10DA300004F1240000F04EFF2046FFF719FD00F02E
:10DA40005BFD00B301F03EFEA56B3DBB019B002BCF
:10DA5000CED101F047FE002005B0F0BD2046FFF713
:10DA600007FD00F049FD01F02DFEA36B002BF0D067
:10DA700001F038FEE6E701F035FE2046FFF7F8FC3E
:10DA800000F03AFDDEE74FF0E0234FF08052C3F89C
:10DA9000042DBFF34F8FBFF36F8FD3E7226C52B1CA
:10DAA000E168A36811449942E16024BF2168E16004
:10DAB000384602F0D7FE013DA563236923B901F082
:10DAC00011FE012005B0F0BD04F1100000F056FF7A
:10DAD0000028F4D04FF0E0234FF08052C3F8042D1B
:10DAE000BFF34F8FBFF36F8FE9E700BFF0B5044678
:10DAF00085B0019101F0E6FDA56B002D7BD1019B66
:10DB0000002B39D002A801F01FF82E462F4601F055
:10DB1000E9FD00F0E9FC01F0D5FD94F84430FF2B5D
:10DB200008BF84F8447094F84530FF2B08BF84F890
:10DB3000457001F0D7FD01A902A801F011F8F0B974
:10DB400001F0C0FDA36B4BBB01F0CCFD2368002BA3
:10DB500048D0019904F1240000F0BCFE2046FFF7F4
:10DB600087FC00F0C9FC20B301F0ACFDA56B002DD3
:10DB700041D1019B002BCAD101F0B4FD0BE020463E
:10DB8000FFF776FC00F0B8FC01F09CFDA36B6BB9CD
:10DB900001F0A8FDC6B9002005B0F0BD01F0A2FD5E
:10DBA0002046FFF765FC00F0A7FCDDE701F09AFDD9
:10DBB000DAE74FF0E0234FF08052C3F8042DBFF3B3
:10DBC0004F8FBFF36F8FCFE701F07CFD616A19B112
:10DBD000236B1968C1F13801A06801F08BF801F0DE
:10DBE00081FDD8E701F06EFDA06801F001F806465E
:10DBF00001F078FDADE72368013DA563BBB1236962
:10DC000023B901F06FFD012005B0F0BD04F1100053
:10DC100000F0B4FE0028F4D04FF0E0234FF0805223
:10DC2000C3F8042DBFF34F8FBFF36F8FE9E701F007
:10DC3000ABF8A060E3E700BF70B5866804460D4608
:10DC400000F0C0FF864204D029462046FFF74EFF71
:10DC500018B1E3680133E360012070BD2DE9F8439A
:10DC600004460F46164601F0F7FDEFF311884FF01A
:10DC7000500383F31188BFF36F8FBFF34F8FA56BF2
:10DC800025B9284688F31188BDE8F88394F84490B4
:10DC9000226C4FFA89F952B1E168A36811449942A4
:10DCA000E16024BF2168E160384602F0DBFD013D00
:10DCB000B9F1FF3FA56306D123697BB9012088F341
:10DCC0001188BDE8F88300F0A7FD8145F6D209F17F
:10DCD00001094FFA89F984F84490EFE704F1100044
:10DCE00000F04CFE0028E9D0002EE7D0012333607D
:10DCF000E4E700BF10B5044601F0E4FCA46B01F0BA
:10DD0000F1FC204610BD00BF806B70470C4900231A
:10DD100051F8332090424FEAC30C03F1010307D0BE
:10DD2000082BF5D190F8463003B1704701F058BC8C
:10DD30000449002200238C44CCE90023F2E700BF11
:10DD40006446002060460020F9B130B4104C62688F
:10DD5000824223461AD0A44600221D6801320833AD
:10DD600085B1082A9C4606D05D68A842F5D104EB2F
:10DD7000C20CCCE9001030BC70475D68A842F6D0F8
:10DD800001320833082AF8D1F3E770470022EEE7A2
:10DD90006046002070B504460E46154601F092FC20
:10DDA00094F84430FF2B04BF002384F8443094F8E7
:10DDB0004530FF2B04BF002384F8453001F092FC6E
:10DDC000A36B23B12046BDE87040FFF751BB04F1BF
:10DDD00024002A46314600F0ADFD2046BDE87040E3
:10DDE000FFF746BB2DE9F041054601F06BFC394ACF
:10DDF000394F1368013313603B68002B3ED0374C1A
:10DE0000EB6A2268002A32D0354E364936480A6815
:10DE100001326A640A6002689A4238BF036003EB09
:10DE2000830306EB83019B004A68AA609068E86060
:10DE3000D2F808C0281DCCF8040090606961F2583F
:10DE40000132F25001F04EFC236873B13A68EB6A7C
:10DE5000D26A9A4209D24FF0E0234FF08052C3F8C1
:10DE6000042DBFF34F8FBFF36F8FBDE8F0813A6889
:10DE70001B4ED26A9A4298BF3D60C6E73D60136868
:10DE8000012B03D0EB6A164E144CBEE7144E3446F9
:10DE900006F58C6820461434FFF760FAA045F9D1E6
:10DEA000DFF84880124C4046FFF758FA2046FFF74B
:10DEB00055FA1048FFF752FA0F48FFF74FFA0F488C
:10DEC000FFF74CFA0E4BC3F800800E4B1C60EB6A58
:10DED000024C9AE7C4460020984B0020B846002028
:10DEE00038470020A8460020BC46002024470020D8
:10DEF00010470020F4460020E0460020C8460020DD
:10DF00000C47002008470020F8B5234B234E1D681E
:10DF100033680446181D0F46FFF75AFA631C17D0E2
:10DF200033682D195D600BD21D4B186831680431C0
:10DF3000FFF730FA1B4B1A68AA4200D91D60F8BDE2
:10DF4000194B18683168BDE8F8400431FFF722BA70
:10DF50006FB933686A1E5A60002DF1D1104B1868F2
:10DF600031680431FFF716FA0E4B1B68F8BD0F4BF2
:10DF70005A6831688A6031689068C8603168906812
:10DF800004314160316804319160326853611A682C
:10DF900001321A60F8BD00BFC0460020984B002037
:10DFA0000C470020A446002008470020C846002057
:10DFB0002DE9F041044601F085FB174B174A6569CE
:10DFC000A66A1768D3F8008001F08CFB144B9E42C0
:10DFD00012D0BD420DD045450BD0124B9D420ED004
:10DFE000114B9D4215D0002D0CBF04200120BDE82F
:10DFF000F0810220BDE8F0810120BDE8F081A36A34
:10E00000002BF6D194F8A430012B0CBF0220032082
:10E01000EDE70420EBE700BF084700200C47002095
:10E02000F4460020C8460020E04600202DE9F843D1
:10E030000A9CDDF8248095002A4606468946206B16
:10E04000A5211F4602F06CFB236B043D1D4425F007
:10E050000705B9F1000F0FD009F1FF3C09F10F01DD
:10E0600004F133031CF8012F03F8012F0AB18C458A
:10E07000F8D1002384F84330DDF82090B9F1370F50
:10E0800028BF4FF03709201DC4F82C90C4F84C90DD
:10E09000FFF770F904F11800FFF76CF9C9F13803C4
:10E0A000A3614C2200212461646204F1540002F057
:10E0B00037FB0A4BA365284603F16805D0333A467F
:10E0C0003146E565236601F0D5FA2060B8F1000F0E
:10E0D00001D0C8F80040BDE8F88300BF18A90020AF
:10E0E000654B186801302DE9F04F1860002800F0EA
:10E0F0009E80DFF88891D9F8003098427FD3604D38
:10E100002B681B68002B00F0A6804FF0000E5D4CC2
:10E11000DFF874815D4F764664E05A69D3F808C031
:10E12000D3F80CB0CCF808B0D3F80CC0D3F808B0D2
:10E13000CCF804B0D2F804C08C4504BFD3F80CC0AE
:10E14000C2F804C05E61D2F800C00CF1FF3CC2F816
:10E1500000C09A6ADAB19A6AD3F81CC0D3F820B02A
:10E16000CCF808B0D3F820C0D3F81CB0CCF804B079
:10E17000D2F804C0D44504BFD3F820C0C2F804C00C
:10E180009E62D2F800C00CF1FF3CC2F800C0DA6A0F
:10E19000D7F800A002EB820C524504EB8C0A88BF32
:10E1A0003A60DAF804209A60D2F808B0C3F80CB0EC
:10E1B000D2F808B0CBF804109160C3F814A054F85A
:10E1C0002C20013244F82C20D8F80020D5F800C0CB
:10E1D000D96AD26ADCF80030914288BF4EF0010E55
:10E1E000002B3CD02B68DB68DB685A68904203F157
:10E1F000040103F1180A90D2C9F8002004E0214C70
:10E20000DFF884804FF0000ED8F80030204ADB6A37
:10E2100003EB83039B00E0581368012898BF002B91
:10E2200014BF0120002040EA0E00BDE8F08F144B1F
:10E23000184A1C6811681960174914600A6801328D
:10E240000A601A6812687AB9DFF830904FF0FF332D
:10E25000C9F800304FE70B4CDFF82C809E464FF09A
:10E26000FF33C9F80030CFE71B68DFF81090DB6898
:10E270001B68C9F800303EE7C0460020A4460020D5
:10E280000C47002038470020984B0020BC46002057
:10E29000B046002008470020AC4600202DE9F0439E
:10E2A00087B09146109D0F9CA82204929846049B2B
:10E2B00005B3DCB106460F462846002102F030FACD
:10E2C0002C630E9B00930224029585F8A54005ACB3
:10E2D00043464A46394630460194FFF7A7FE284692
:10E2E000FFF780FD059807B0BDE8F083204607B032
:10E2F000BDE8F083284607B0BDE8F0832DE9F04380
:10E30000064685B0900015460F46984601F0E2F8A3
:10E3100008B30446A82001F0DDF88146C0B1A82268
:10E32000002102F0FDF90D9AC9F8304001920C9AD3
:10E33000009243462A4639463046CDF80890FFF70A
:10E3400075FE4846FFF74EFD012005B0BDE8F0839D
:10E35000204601F045F94FF0FF3005B0BDE8F083ED
:10E3600070B504462E4D01F0ADF9002C40D0261DAD
:10E370003046FFF72DF8A36A1BB104F11800FFF730
:10E3800027F8284A1368013313602B68A34226D06C
:10E39000254A26491368013B13600B681B68CBB103
:10E3A0000A68234BD26812681A6001F09BF92B6847
:10E3B000A34208D02868543002F0BAF994F8A53086
:10E3C0001BB3012B28D01B4B1B6813B12B68A34236
:10E3D00010D070BD164B4FF0FF321A60E5E71648BB
:10E3E0003146FEF7CBFF154A136801331360DCE7B3
:10E3F0002C68BCE74FF0E0234FF08052C3F8042DA7
:10E40000BFF34F8FBFF36F8F70BD206B01F0E8F843
:10E41000204601F0E5F8D6E7204601F0E1F8D2E722
:10E42000984B0020A8460020C44600200C4700203E
:10E43000A4460020B8460020E0460020DC4600202C
:10E44000034B1B68834201D0FFF7B2BD0020704729
:10E45000984B002030B589B0002407AA06A905A86A
:10E46000CDE90544FEF76AFEDDE9052316491748A4
:10E470000094CDE90132079A2346FFF70FFF18B148
:10E4800000F0BCFF012803D0114B1B6809B030BD60
:10E490004FF0500383F31188BFF36F8FBFF34F8F9B
:10E4A0000C4B0D4A1B680D49543313600C4A0D4B3D
:10E4B0004FF0FF350D6010601C6001F06DF9044BEA
:10E4C0001B6809B030BD00BFA4BE0308C9E602083E
:10E4D000B0D00308984B0020E4090020A446002097
:10E4E000B8460020C0460020024A1368013313607A
:10E4F000704700BFA04600202DE9F84F5A4D01F0AB
:10E50000E1F82B68013B2B602C68002C40F09E80CA
:10E51000564B1B68002B00F09980554E3368002B3A
:10E5200000F09F80DFF84CC15348DFF850E1544FB2
:10E530004FF00108F368DB689A6AD969D3F8209034
:10E54000C1F80890196AD3F81C90C1F80490D2F869
:10E55000049003F11801894504BF196A51609C6257
:10E560001168013911605A699968D3F80C90C1F8A3
:10E570000890D968D3F80890C1F80490516803F165
:10E580000409494504BFD96851605C6111680139CB
:10E590001160DA6ADCF800A002EB8201524500EB60
:10E5A000810A88BFCCF80020DAF804209A60D2F8FB
:10E5B00008B0C3F80CB0D2F808B0CBF80490C2F899
:10E5C0000890C3F814A050F82120013240F821200F
:10E5D000DEF80010DA6ACB6A9A4288BFC7F800807A
:10E5E0003368002BA6D1274B1A681268002A33D053
:10E5F0001A68254BD26812681A60244E34689CB1A0
:10E600004FF0010806E0FFF76BFD08B1C7F8008086
:10E61000013C08D02B68002BF5D03368013C03F196
:10E6200001033360F6D134603B687BB14FF0E023E7
:10E630004FF08052C3F8042DBFF34F8FBFF36F8F9D
:10E64000012401F04FF82046BDE8F88F002401F0C6
:10E6500049F82046BDE8F88F0B4B4FF0FF321A60A7
:10E66000CBE7074FC9E700BFA0460020C446002003
:10E67000F4460020BC46002038470020984B00207C
:10E68000B04600200C470020A4460020B4460020DD
:10E6900008B550B94FF0E0234FF08052C3F8042D75
:10E6A000BFF34F8FBFF36F8F08BD064A1368013366
:10E6B00013600021FFF728FCFFF71EFF0028E9D0B8
:10E6C00008BD00BFA04600202DE9F84F424C434F43
:10E6D000434D444EDFF81081DFF810914FF0E02BEE
:10E6E000236803B300F0EEFFFB68D3F80CA00AF137
:10E6F0000400FEF76DFE2B68013B2B602368013B95
:10E70000236000F0EFFF3068543002F011F89AF8FF
:10E71000A530002B39D0012BE2D1504600F060FF2C
:10E720002368002BDED1D8F80030012B07D94FF039
:10E730008053CBF8043DBFF34F8FBFF36F8FE2F7E9
:10E7400071F8D9F8003043BB3368DB6A002BC7D1BE
:10E75000D8F80030012BC3D8254B264A1B68126815
:10E760009B1A022BBCD9244A136801331360D9F8D1
:10E770000030CBB13368DB6A0BB9D8F80030002029
:10E78000E1F746FFFFF7B8FEAAE7DAF8300000F03D
:10E7900027FF504600F024FFA2E73368DB6A002B16
:10E7A0009ED1D8F800309BE73368DB6A002BE6D1B6
:10E7B000D8F80030012BE2D80D4B0E4A1B681268C6
:10E7C000A3EB020A5046E1F723FFBAF1020FD9D9B1
:10E7D0005046E1F71FFFD5E7DC460020E046002069
:10E7E000C4460020984B002038470020BC4600203B
:10E7F000A4460020C0460020A0460020014B186817
:10E80000704700BFC046002008B501F025F8014B55
:10E81000186808BDC0460020014B1868704700BF4B
:10E82000C4460020054B1B680BB9FFF759BC044ACE
:10E830001368013300201360704700BFA04600201A
:10E84000B44600201D4B1B681BB11D4B01221A60F2
:10E8500070471B4A1B4930B41B4C1360236803EB01
:10E860008302920098008A583AB9013B03EB830275
:10E87000980051F82220002AF7D0C21801EB820C30
:10E880006246DCF804506D68CCF80450DCF80450A3
:10E8900008329542184404BFDCF80C20CCF8042060
:10E8A00001EB8001094A48680949C068106023608B
:10E8B0001368543330BC0B60704700BFA046002083
:10E8C000B046002038470020BC460020984B00206E
:10E8D000E409002010B5064B1B680C4603F1180133
:10E8E000FEF758FD20460121BDE81040FFF70CBBA4
:10E8F000984B002030B40E4C256841F00041A961CE
:10E90000416803462068C161256810468A682A620A
:10E9100022688D6818326A60226818328A6022681C
:10E9200093621A6801210A4430BC1A60FFF7ECBAFE
:10E93000984B002070B4104C4568002A034608BF6D
:10E94000084611462268D5612268AE6816622268C0
:10E95000AE6802F118027260226802F11802AA6021
:10E96000226893621A6802F1010270BC18BF4FF06E
:10E97000FF301A60FFF7C8BA984B0020C368DB6805
:10E980009A6AD969186A70B48860196AD869486047
:10E990005168314C03F11800814204BF196A51607B
:10E9A000002199621168013911602268002A34D16E
:10E9B0005A699968D8688860D968986848605168C9
:10E9C0002648274D1C1DA14204BFD9685160002173
:10E9D00059611168013911600168DA6A8A4288BF99
:10E9E0000260204802EB82024FEA820C00EB8202B6
:10E9F000516899608E68DE608E6874608C605A61C0
:10EA000050F80C20013240F80C202A681268EAB94C
:10EA1000154A4FF0FF3111600BE0144A5168D9617B
:10EA20008C681C628C68606088609A621168013131
:10EA300011600F49DA6A0B68DB6A9A4286BF0D4B98
:10EA40000120002070BC88BF186070472968064A02
:10EA5000C96809681160ECE7A0460020BC460020A8
:10EA60000C47002038470020A4460020F446002030
:10EA7000984B0020B046002041F0004170B4016086
:10EA8000026941688468C3688C60816844684C602E
:10EA90005168814204BF81685160002101611168A1
:10EAA00023480139116002681268002A3AD1214ACC
:10EAB0004FF0FF3111605A699968D8688860D96849
:10EAC0009868486051681C481C4D1C1DA14204BF39
:10EAD000D9685160002159611168013911600168DC
:10EAE000DA6A8A4288BF0260154802EB82024FEA66
:10EAF000820C00EB8202516899608E68DE608E683D
:10EB000074608C605A6150F80C20013240F80C207F
:10EB10002968DA6ACB6A9A4202D90A4B01221A6042
:10EB200070BC70470168034AC96809681160C2E790
:10EB30000C470020A4460020BC460020984B002033
:10EB400038470020B0460020034A044B12681B6877
:10EB5000C0E90023704700BFAC460020C04600203B
:10EB6000F8B50D46044600F0ADFD2B68104A581C60
:10EB7000116818D00F4ED4E900C03768BC4508D0E2
:10EB8000884206D800232B60012400F0ABFD20460C
:10EB9000F8BD0F1ABB42F5D95B1A316812680344FD
:10EBA0002B60C4E90012002400F09CFD2046F8BD53
:10EBB000C0460020AC460020014B01221A6070477D
:10EBC000B0460020014B1868704700BF984B0020EA
:10EBD000054B1B6833B1054B1868B0FA80F040094B
:10EBE0004000704701207047B8460020A046002032
:10EBF000F8B50446C8B1204DC36A2A68D26A934268
:10EC000014D28269002A04DB2A68D26AC2F138026F
:10EC100082611A4E626903EB830306EB83039A4217
:10EC20000CD02B68DB6AE3620120F8BD2B68C06C56
:10EC3000DB6A98422CBF00200120F8BD271D384612
:10EC4000FEF7C6FB2B680E4ADB6A1168E3628B4253
:10EC500088BF136003EB8303990006EB83035A68B4
:10EC6000A2609068E0609068476097606361735845
:10EC700001337350D8E700BF984B0020384700207D
:10EC8000BC46002058B1036DC16AC26C013B914281
:10EC900070B50446036500D01BB1002070BD002094
:10ECA0007047051D2846FEF793FBE36C0F4AE362AD
:10ECB000C3F13801A16111688B420D4988BF13600F
:10ECC00003EB83034FEA830C01EB830301205A68B3
:10ECD000A2609668E660966875609560636151F819
:10ECE0000C30034441F80C3070BD00BFBC4600201E
:10ECF0003847002060B1C26CC36A914238BF1146E8
:10ED00008B4270B5044602D0026D012A01D070BD5D
:10ED100070478269C162002AA4BFC1F138018161D4
:10ED2000114D426903EB830305EB83039A42EED155
:10ED3000061D3046FEF74CFB0C4AE36A11688B4215
:10ED400088BF136003EB8303990005EB83035A68C4
:10ED5000A2609068E06090684660966063616B585E
:10ED600001336B5070BD00BF38470020BC46002007
:10ED7000044B1A68906919681A68CB6AC3F13803A2
:10ED800093617047984B0020044B1A681AB11968B8
:10ED90000A6D01320A651868704700BF984B002061
:10EDA0002DE9F041284D04461E468846174600F0DE
:10EDB00089FC2B68234493F8A430022B0FD02B68D6
:10EDC00003EB84030121D3F8A02022EA0802C3F850
:10EDD000A0202B68234483F8A410069BDBB900F025
:10EDE00081FC00F06FFC2EB12B6804F1280253F86F
:10EDF000223033602B68234493F8A430022B18D0C0
:10EE000000262B682344002283F8A42000F06AFC2B
:10EE10003046BDE8F0811846FFF776F84FF0E02362
:10EE20004FF08052C3F8042DBFF34F8FBFF36F8FA5
:10EE3000D5E72B6803EB84030126D3F8A02022EA50
:10EE40000702C3F8A020DCE7984B00202DE9F04131
:10EE5000DDF8188004460D4617461E4600F032FCC9
:10EE6000B8F1000F05D005F1280354F82330C8F895
:10EE700000306119022091F8A42081F8A400731ECB
:10EE8000D2B2032B08D8DFE803F05C0F0402022A99
:10EE900064D0283544F82570012A0FD0012400F0F1
:10EEA00021FC2046BDE8F08104EB8505012AD5F858
:10EEB000A03003F10103C5F8A030EFD16369A26867
:10EEC000E1689160E268A16851605A682449254E62
:10EED000201D824204BFE2685A60002262611A6803
:10EEE000013A1A600A68E36A934288BF0B601E49C0
:10EEF00003EB83039D0001EB83035A68A2609768CC
:10EF0000E76097687860906063614B5901334B51BB
:10EF100033681B68EBB13268144BD26812681A6010
:10EF2000134BE26A1B68DB6A9A42B7D94FF0E023C1
:10EF30004FF08052C3F8042DBFF34F8FBFF36F8F94
:10EF4000ACE704EB8505D5F8A0303B43C5F8A0300D
:10EF5000A2E7064B4FF0FF321A60E1E700249EE77C
:10EF6000BC4600200C47002038470020A446002063
:10EF7000984B00202DE9F041DDF8188004460D463D
:10EF800017461E4600F068FCEFF3118C4FF050035B
:10EF900083F31188BFF36F8FBFF34F8FB8F1000F6A
:10EFA00005D005F1280354F82330C8F80030611962
:10EFB000022091F8A42081F8A400731ED2B2032B82
:10EFC00008D8DFE803F0380E0402022A65D028359D
:10EFD00044F82570012A0ED001208CF31188BDE879
:10EFE000F08104EB8505012AD5F8A03003F1010377
:10EFF000C5F8A030F0D12A4B1B6823B3294B5A68BF
:10F00000E26191682162906804F1180141609160A9
:10F01000A3621A6801321A60234BE26A1B68DB6A3A
:10F020009A42D9D9079B13B1079A012313601F4B4A
:10F0300001221A60D0E704EB8505D5F8A0303B43E8
:10F04000C5F8A030C6E76369A268E1689160E2682C
:10F05000A16851605A68201D824204BFE2685A606C
:10F06000002262611A68013A1A60114AE36A116863
:10F070008B42104988BF136003EB830301EB8305C8
:10F080009B006A68A2609668E6609668706090600F
:10F090006561CA580132CA50BEE700209DE700BF33
:10F0A000A0460020F4460020984B0020B0460020E7
:10F0B000BC46002038470020F0B5124C83B000F069
:10F0C00001FB256825B103B0BDE8F04000F00ABBA4
:10F0D0000D4F0E4E3846FEF741F93046FEF73EF929
:10F0E0000B4A009517600B4A0B4B166010210B4A18
:10F0F0000A20FEF745FA20600028E4D00849FEF710
:10F1000023FEE0E7944C0020B44C0020A04C0020EB
:10F110009C4C0020984C00209C4B0020EC4B002085
:10F12000ACBE03082DE9F047DFF88480D8F8003042
:10F13000DB68DC6804F10409054648460F46FEF723
:10F1400047F994F828305A070DD423F0010384F8C6
:10F1500028302046236ABDE8F047184793421CD860
:10F16000236A98473546A3692461EE182CBF012114
:10F170000021B7422046A7EB05026660EED2AF42FF
:10F1800001D20029ECD0D8F800004946FEF702F978
:10F19000236A2046BDE8F0471847064B49461868E1
:10F1A000FEF7F8F8236A2046BDE8F047184700BF8D
:10F1B0009C4C0020984C00202DE9F04F8B4D8C4E3C
:10F1C0008C4F8D4C85B04FF0E0292B68D3F800B000
:10F1D000BBF1000F40F0DE80FFF786F9FFF70EFB72
:10F1E00033689842824643D33B6830601A68B2FA6B
:10F1F00082F252092068ABEB0A01FEF7CBFDFFF764
:10F200007BF938B94FF08053C9F8043DBFF34F8FF5
:10F21000BFF36F8F206800226946FEF7D9FB0028F4
:10F22000D3D0009B0298002BC0F2AC80DDF808A080
:10F23000DAF814301BB10AF10400FEF7C9F8FFF741
:10F24000DDFA33689842834624D3009BC6F800B0A9
:10F25000013B082BDED8DFE803F02525856B8C25E4
:10F2600025856B00DB684FF0FF311868FFF75AFF08
:10F270002B681A68002AF5D13A682A603B60C6F804
:10F2800000A0FFF739F9C5E7DB684FF0FF311868D8
:10F29000FFF748FF2B681A68002AF5D13A682A6000
:10F2A0003B60D2E79AF82810019ADAF818C0CAF839
:10F2B00010A041F001038AF8283012EB0C032CBF98
:10F2C000012000205B45CAF8043074D8ABEB020281
:10F2D000944541D8480710D421F001018AF828103C
:10F2E000DAF820305046984794E7614578D3DAF849
:10F2F00020309847DAF818C0434613EB0C082CBFAF
:10F300004FF0010E4FF0000EC3455046ABEB03012A
:10F31000CAF80480CAF810A0E7D29B4502D2BEF119
:10F32000000FE4D028680AF10401FEF733F8D7E7AC
:10F33000019A9AF82830CAF8182002EB0B0143F022
:10F34000010359458AF82830CAF80410CAF810A0F9
:10F3500035D8002A3FF45EAF38680AF10401FEF7A1
:10F3600019F857E79AF8283023F001038AF8283073
:10F3700050E79AF828309A072ED523F001038AF82F
:10F38000283047E7019B03999847009B002BFFF625
:10F3900041AF4BE7DB68D3F800B0FFF7A5F8FFF704
:10F3A0002DFA3368834282463FF662AF8345306070
:10F3B0000BD900221EE75A4501D900288AD02868B7
:10F3C0000AF10401FDF7E6FF24E7FFF795F851463F
:10F3D0005846FFF7A7FE1DE7504600F001F919E770
:10F3E00038680AF10401FDF7D5FF79E79C4C00204D
:10F3F0008C4C0020984C0020944C002010B588B014
:10F40000FFF75AFE0E4B1868C0B1002407AA06A9E0
:10F4100005A8CDE90544FDF79FFEDDE905020223BD
:10F42000CDE9012000930749079A07482346FEF7D4
:10F4300035FF064B1860001B18BF012008B010BD37
:10F44000944C0020B4BE0308B9F10208904C00208F
:10F4500030B5144685B01A46064B019002911868E3
:10F4600003946FF00105002369460095FEF732FA18
:10F4700005B030BD944C002010B4144B1A461B68E4
:10F480008342FBD35468416802EB040C604512D000
:10F490004418A34205D00360824218BF106010BC1C
:10F4A00070470B4C2468A342F5D0D3E900342144C3
:10F4B00003604160F0E72144501883425160EED16F
:10F4C000034800688342EAD01046EEE7DC4C002097
:10F4D000D84C00202DE9F0410446FFF705F83A48E2
:10F4E0000368002B48D0631E0A333FD814F0070787
:10F4F00004F1080532D1002D39DBDFF8D080D8F8CF
:10F500000060AE4232D332490C6803E0236823B175
:10F5100021461C466268AA42F8D30368A34225D05C
:10F5200023680F680B60531B102B07F1080740D8A6
:10F53000284B1968B61A8E42274938BF1E600B68DF
:10F54000C8F8006042F00042002001332060626091
:10F550000B60FEF7D1FF3846BDE8F081A7F1090343
:10F56000AB4203D31034E51B002DC6DC0027FEF7A9
:10F57000C3FF3846BDE8F081184A530720D0D11D9B
:10F5800021F0070102F5A842531A0A460B44083B32
:10F5900023F007030F4D0E4E03609A1A2A600B4D9D
:10F5A00031602A6000257560C3E90055C1E9003269
:10F5B00099E7601943606560FFF75EFF6268B7E72F
:10F5C00011464FF4A843E1E7D84C0020D44C00206A
:10F5D000DC4C0020D04C0020CC4C0020E44C00201F
:10F5E00018B150F8043C002B00DB704750F8082C91
:10F5F000002AFAD100B523F0004383B040F8043C60
:10F600000190FEF771FF094A0198116850F8043C17
:10F6100008380B441360FFF72FFF054A13680133C6
:10F62000136003B05DF804EBFEF766BFD44C002016
:10F63000C84C002082B0002301934FF0500383F3A5
:10F640001188BFF36F8FBFF34F8F019B002BFCD04E
:10F6500002B0704706480068006880F3088862B608
:10F6600061B6BFF34F8FBFF36F8F00DF00BF0000A5
:10F6700008ED00E010B4074B40F80C3C4FF08074EC
:10F6800021F0010140E9021440F8202C10BC403860
:10F69000704700BF35F602080000000000000000BF
:10F6A000074B19680868B0E8F00F80F30988BFF3CA
:10F6B0006F8F4FF0000080F311884EF00D0E7047F1
:10F6C000984B00204FF0500383F31188BFF36F8FE6
:10F6D000BFF34F8F024A136801331360704700BFB6
:10F6E000E0090020034A1368013B13600BB983F360
:10F6F00011887047E00900200000000000000000B1
:10F70000EFF30980BFF36F8F0D4B1A6820E9F00FFC
:10F71000106008B54FF0500080F31188FFF792F8A1
:10F720004FF0000080F31188BDE8084019680868B0
:10F73000B0E8F00F80F30988BFF36F8F704700BF08
:10F74000984B002008B54FF0500383F31188BFF3A6
:10F750006F8FBFF34F8FFFF765F828B14FF0E023AD
:10F760004FF08052C3F8042D002383F3118808BDA5
:10F770004FF0E02200230649136193610B680549AD
:10F78000A1FB03139B090720013B536110617047E4
:10F79000D4090020D34D621010B584B02B4B002249
:10F7A00002921A78FF21D2B28DF8062019701B78C8
:10F7B000DBB28DF807309DF807309DF807301A0648
:10F7C0000CD5029B013302939DF807305B00DBB23E
:10F7D0008DF807309DF807301B06F2D4029B082BEA
:10F7E00032D0029BC3F107031B0203F4E0639DF8D0
:10F7F00006101648164C4FF0E022C9B22360017083
:10F80000D2F8203D43F47F03C2F8203DD2F8203DDA
:10F8100043F07F43C2F8203DFFF7AAFF0D4B0024C1
:10F820001C60FFF717FFFFF70DF803944FF050032C
:10F8300083F31188BFF36F8FBFF34F8F039B002BB0
:10F84000FCD0002004B010BD0023D0E700E400E0AD
:10F85000E4A00020E0090020EFF305830F2B84BF14
:10F86000014A9B5C704700BFF0E300E038B50D46ED
:10F870000446E0F7F5FF174A538A118A8B421DD0E0
:10F880000ED8C91A89B2A14212D91C44A4B22B8045
:10F89000C4F30A0400255482E0F7FCFF284638BD73
:10F8A000C3F5006C1FFA8CFCA445EED8A1420CD81D
:10F8B0004FF0FF35E0F7EEFF284638BDC3F5006195
:10F8C00089B28C42E1D3A342F2D913800123937011
:10F8D0000023DCE7E8A8002010B509481822002121
:10F8E000E9F77CFF07484FF400620021E9F776FF53
:10F8F000E0F7A2FF044B05481B68BDE8104018471D
:10F90000E8A80020E8A0002098BF030869FA0208D0
:10F91000034B588A1B8AC01AB0FA80F0400970471E
:10F92000E8A80020014B5860704700BFE8A80020FD
:10F93000014B1872704700BFE8A8002070B5274C33
:10F9400082B0E0F78DFFE58A35BB0646E0F788FF19
:10F95000E38A0133E382E0F79DFF238A628A9342C0
:10F960001FD0A178012929D01D4D1D4431B99A42DB
:10F970008BBFD21AC3F50063A282A3823046E0F7A0
:10F9800089FFE1F791FF174BA18ADB6801932846B5
:10F9900002B0BDE870401847E0F77CFF002002B0DD
:10F9A00070BDE0F75DFFE38A013BE382E0F772FFA1
:10F9B0003046E0F76FFF002002B070BD218825803F
:10F9C000C91A89B20220A182A07011B1044D1D4450
:10F9D000D4E7034DA17021820B46C8E7E8A80020B8
:10F9E000E8A0002098BF03080FB430B5C3B046AB01
:10F9F0004FF4807153F8042B019302A800F076FBBA
:10FA0000174C0546E0F72CFFE38A0133E382E0F769
:10FA100041FF0DF10201A8B2FFF728FF013015D018
:10FA2000BDF802300F48AAB202A91844E9F768FEEF
:10FA3000E0F716FFE38A013BE382E0F72BFFFFF7D5
:10FA40007DFF43B0BDE8304004B07047E0F708FFE9
:10FA5000E38A013BE382E0F71DFF6FF00200F0E76D
:10FA6000E8A80020E8A0002030B5264C83B0E0F7DD
:10FA7000F7FEA378022B19D0238AA28A1344C3F37A
:10FA80000A03628A23829A4202D0E18A012910D0B5
:10FA9000E0F700FFE1F70CFFE0F7E2FEE38A013B4D
:10FAA000E38203B0BDE83040E0F7F4BE0023A3706A
:10FAB000E7E7A178012914D0134D1D4431B99A42CA
:10FAC0008BBFD21AC3F50063A282A382E0F7E2FEE5
:10FAD0000E4BA18ADB680193284603B0BDE8304095
:10FAE000184721880225C91A89B2A5700025A1826C
:10FAF000258021B9044DA17021820B46DFE7024D1C
:10FB00001D44E3E7E8A80020E8A0002098BF030810
:10FB10000249034A00230B601360704704A90020C8
:10FB200000A90020EFF3108372B659B1012902D069
:10FB300083F31088704707490A6802430A6083F319
:10FB40001088704703490A6822EA00020A6083F3BA
:10FB50001088704704A90020EFF3108372B659B1E2
:10FB6000012902D083F31088704707490A680243CD
:10FB70000A6083F31088704703490A6822EA00028A
:10FB80000A6083F31088704700A900201A4A13689E
:10FB900040F29741C3F30B038B4210B409D01268B3
:10FBA0001649120C0C46C0E90224C0E9003110BC11
:10FBB0007047116841F20104B4EB114F4FEA114252
:10FBC00012D041F203018A420D4906D00B4CC0E924
:10FBD0000031C0E9022410BC70470A4CC0E902247D
:10FBE000C0E9003110BC7047074C0549C0E9022448
:10FBF000C0E9003110BC7047002004E0C4BE030817
:10FC0000D4BE0308BCBE0308CCBE030830B5114DFA
:10FC100085B00023CDE900012A690293ADF80C30CC
:10FC200003A89047BDF80440BDF80C20009B02904B
:10FC3000A41A181AA3B224B2002C03DA03F57A73BB
:10FC400001381CB22B689847AB682046984705B02E
:10FC500030BD00BF58BF030870B5114E82B00023FD
:10FC600032690093ADF80430054601A89047F36867
:10FC700000909847736804469847BDF80430009A8E
:10FC8000234410441AB2B2F57A7F04DB9BB2A3F589
:10FC90007A7301301AB228602846AA8002B070BD7B
:10FCA00058BF030830B5094A83B0002304461269DF
:10FCB0000093ADF8043001A890470090DDE9000101
:10FCC00084E80300204603B030BD00BF58BF0308DE
:10FCD00070B5EFF3108572B6084C236843B9084E2F
:10FCE000084A13603368984728B9336998472368EE
:10FCF00001332360002085F3108870BD08A900201F
:10FD00006CBF03080CA900202DE9F041EFF3108827
:10FD100072B630B31E4623B305461746EFF3108282
:10FD200072B6144B1C6814B920E0646914B1A54282
:10FD3000FBD1012482F310889CB90F4B00245B6A2D
:10FD40002C6008469847069B2B6101236860EE6093
:10FD50002C81EF726C612046AB7288F31088BDE88D
:10FD6000F081012088F31088BDE8F08182F31088CB
:10FD7000E3E700BF0CA900206CBF03082DE9F047A2
:10FD8000EFF3108572B678B10446EFF3108272B6C5
:10FD9000334E336813B90CE05B6913B19C42FBD15D
:10FDA000012382F3108833B1012085F31088BDE868
:10FDB000F08782F31088EFF3108372B6E27A002A9C
:10FDC00033D0A77AB7FA87F77F0983F31088002F1B
:10FDD000EAD1DFF890A0D4F80480DAF82090C84780
:10FDE000E37AB3FA83F340454FEA531338BF4046F2
:10FDF000A3724FF480732381DAF818802060C04723
:10FE0000236831681844206091B10B6898420ED382
:10FE10004B6923B91FE05A691946EAB113461A68BB
:10FE20009042F8D84C61636113E0677ACDE70F72B6
:10FE300061613460C8470646C04706442068DAF866
:10FE40000830B0424FF0010222723CBF26603046BB
:10FE500098470020A9E70B4600225C616261F8E741
:10FE60000CA900206CBF0308F8B5EFF3108472B63C
:10FE700018B34FF48073A0F80930EFF3108272B614
:10FE80001F4D2B6813B938E05B6913B19842FBD161
:10FE9000012382F3108863B12B68984211D0194670
:10FEA00013B906E0114623B11A4690425B69F9D1B5
:10FEB0004B61002084F31088F8BD012084F3108882
:10FEC000F8BD46690023037296B10E4F2E603B6A5F
:10FED0009847BB690546984705443068BB68A84207
:10FEE0004FF0010232723CBF356028469847E0E788
:10FEF000044BDB6898472E60DBE782F31088D8E775
:10FF00000CA900206CBF0308F0B583B0EFF3108795
:10FF100072B6D0B104460E46EFF3108372B6C27AC1
:10FF20008AB1857AB5FA85F56D0983F31088104B8F
:10FF30005B6A019375B9304698476060284687F33D
:10FF4000108803B0F0BD457AEFE7012087F31088F1
:10FF500003B0F0BD2046FFF787FF019B304698476E
:10FF600060602046FFF70AFF87F3108803B0F0BDFA
:10FF70006CBF0308EFF3108372B610B1C27A1AB9DE
:10FF8000407A83F310887047807AB0FA80F0400995
:10FF900083F31088704700BF2DE9F84FEFF3108905
:10FFA00072B6384E736998473369824698478346DC
:10FFB000354FD6F82080C0473C68ABEB0A03002CD5
:10FFC0003FD0226803EB50009042636953D3002571
:10FFD000256065612581002B51D01A6819465B693F
:10FFE000A44682423CD90D46AAEB0B0002E01A68F7
:10FFF00019465B6902440A60002BF8D13D607CB170
:020000040803EF
:100000004FF0010A25466469EB680BB128699847EF
:10001000AB6803F0FF23B3F1807F16D0002CF1D141
:100020003D6875B1C047B3690446984704442868E1
:10003000B368A0424FF001022A723CBF2C602046F8
:10004000984789F31088BDE8F88FAB7A002BE5D18B
:1000500085F80AA02846FFF791FE002CD2D1DFE7F1
:100060000D810D604D61CCF8141043B11A688C46B7
:1000700019465B69B5E7254621460024B4E700230D
:100080003B60BDE76CBF03080CA90020F8B5EFF397
:10009000108772B6B8B1044616461D46FFF76AFFD0
:1000A000C0B9B5F1FF3F08BFB6F1FF3F0FD00E4B0F
:1000B00030461B682946984760602046FFF75EFE81
:1000C00087F31088F8BD012087F31088F8BD4FF042
:1000D000FF30F1E72046FFF7C7FEB5F1FF3F08BF4D
:1000E000B6F1FF3FE3D1F2E750BF03082DE9F04F2F
:1000F000002999B040F3DF810646994610784B1EDF
:100100000093B2464FF0200BAAEB060730B900234C
:1001100038468AF8003019B0BDE8F08F009BBB422A
:10012000F5DD252802F1010574D15278302A76D008
:10013000A2F13003092B98BF4FF0000E71D9A2F144
:100140005803202B22D8DFE813F0540121002100AE
:100150002100210021002100210021002100210097
:10016000C401A5012100210021002100A5012100D9
:100170002100210021002100210021002100210077
:10018000C6012100D4012100210032014FF0000EF0
:100190004FF0FF34252A07D025230AF8013B009BA6
:1001A000AAEB0607BB420CDD2B78002B00F08E81FA
:1001B0000AF8013B009BAAEB0607BB4200F3CF8085
:1001C000009BDF1B0A2259F8043BBEF1000F00F030
:1001D000F580002B40F074813021621EF0468DF8CE
:1001E0001C10524404E0013F0AF8011B00F0B780E4
:1001F000A2EB0A03002BF6DC07AA5744904406E062
:1002000018F8013D0AF8013BBA4500F0A8804245C4
:10021000F6D1A4E00AF8010B50782A4674E74FF0B3
:10022000010E002404EB840402EB440815F8012FAE
:10023000A2F13003092BA8F13004F3D9A2F158033D
:10024000202BA7D801A151F823F000BFD102030849
:10025000950103089501030895010308950103081A
:10026000950103089501030895010308950103080A
:10027000950103089501030879030308CF030308D8
:1002800095010308950103089501030895010308EA
:10029000CF0303089501030895010308950103089E
:1002A00095010308950103089501030895010308CA
:1002B0009501030895010308130403089501030839
:1002C000C1010308950103089501030865030308AC
:1002D000009BDF1B59F8043BBEF1000F00F08F803C
:1002E000002B5DD08D4A019230214FF0000C10227E
:1002F000CDE904E5CDE9029ADDF804A007A84FF0A6
:100300000008B3FBF2F502FB15399E4696451AF834
:10031000093000F8013B08F101082B46F1D2DDE974
:1003200004E5DDE9029AA4EB0802BEF1000F0CD14E
:10033000524403E0013F0AF801BB10D0A2EB0A03CC
:10034000002BF7DC013AA2EB0A02BCF1000F3FF4EC
:1003500048AF2D23013F0AF8013B7FF442AF687894
:100360006A1CD1E6009B1022DF1B59F8043BBEF14A
:10037000000F7FF42EAF21E0A8F13108B8F1000F93
:1003800040F3A78042462021504600F0C9F9D044EE
:10039000C24659F8043B0AF8013B6A1C6878B3E688
:1003A0003021A8F131028DF81C10F04619E7009BAE
:1003B000DF1B59F8043B4FF0FF341022002B60D0B4
:1003C000574901914FF0000C2021E64690E7009B31
:1003D000DF1B59F8043BBEF1000F61D0002BC0F2C7
:1003E0009080DDD04E4A019230214FF0000C0A225D
:1003F0007EE7009BDF1B59F8043B4FF0FF34002BD6
:100400003FD0464A01924FF0000C2021E6461022D0
:100410006EE74B46A8F1310853F8049BB9F1000F81
:1004200063D048460193DEF7FBFD019B009AD71B82
:10043000874228BF0746A74213DA08F10102D21B00
:100440004745C8BF012250462021019300F068F9BA
:10045000A8EB07020AF1010A4745C8BF0022019B29
:1004600092446A1C57B10AF1FF3109EB070419F8ED
:10047000010B01F8010FA145F9D1BA4468789946FA
:1004800042E69C463023621E8DF81C3020214FF03E
:1004900001084DE7009BDF1B59F8043B4FF0FF3488
:1004A000002B37DBEDD01E4A01924FF0000C2021CB
:1004B000E6460A221CE70027384619B0BDE8F08F4F
:1004C000174901914FF0000C302111E7AAEB060704
:1004D0001DE6D0465CE74B466FF0010853F8049BDD
:1004E0004FF0FF34B9F1000F9BD1DFF838900620B0
:1004F0009CE7009B4FF0FF34DF1B0A2259F8043BB6
:100500005CE73021064A01925B42013C4FF02D0C22
:100510000A22EDE64FF0000E2021F3E710BF03089A
:10052000E8BE0308E0BE0308024B0A46014618680D
:1005300000F002B8E409002070B5A1FB025434B900
:10054000294600F03FF8064628B9304670BD0C2217
:1005500002600026F9E72A46214600F0E1F8F4E7B8
:10056000024B0146186800F02DB800BFE4090020D6
:10057000024B0146186800F083B900BFE40900206F
:1005800070B50F4E0C463168054611B900F02EF9D2
:1005900030602146284600F029F9431C03D14FF072
:1005A000FF34204670BDC41C24F00304A042F8D0E0
:1005B000211A284600F01AF90130F2D1EFE700BF06
:1005C00010A900202DE9F843CD1C25F003050835BE
:1005D0000C2D38BF0C25002D064601DBA94204D99D
:1005E0000C2333600020BDE8F883DFF8D48000F0EE
:1005F00069F8D8F800301C4644BB29463046FFF75E
:10060000BFFF431C044658D1D8F800402746002FAE
:1006100043D1002C4BD023683946304604EB030904
:1006200000F0E4F8814542D121686D1A2946304630
:10063000FFF7A6FF01303AD023682B442360D8F897
:1006400000305A6862BBC8F800700FE02268521B85
:1006500020D40B2A17D96119A342256018BF59600D
:10066000636808BFC8F8001062514B60304600F064
:100670002FF804F10B00231D20F00700C21A1CBF45
:100680001B1AA350AFE76268A3420CBFC8F8002052
:100690005A60EBE723466468AEE73C467F68B6E7FE
:1006A0001A465B68A342FBD100235360DEE70C23AC
:1006B0003360304600F00CF894E70560D6E700BFE1
:1006C00014A90020014800F0CBB800BF54AA0020B4
:1006D000014800F0C6B800BF54AA00200EB410B5FF
:1006E0009DB01FAB029006906FF000410A48079141
:1006F00004910A4953F8042B0591002402A90068CB
:1007000001931B9400F066F9029B1C701DB0BDE8BC
:10071000104003B0704700BFE40900200802FFFF4B
:1007200002440346934200D1704703F8011BF9E7E6
:100730002D4B1B68834270B5044653D0C3691BB36D
:10074000DB6863B10025E369DB685959B1B9043549
:10075000802DF8D1E3692046D96800F091F8E3696B
:10076000196811B1204600F08BF8E3699D685DB10E
:10077000294620462D6800F083F8F8E70E682046E9
:1007800000F07EF83146E1E7616911B1204600F0E2
:1007900077F8E16911B1204600F072F8216B11B1D0
:1007A000204600F06DF8616B11B1204600F068F84A
:1007B000A16B11B1204600F063F8A16C11B1204685
:1007C00000F05EF8616C11B1204600F059F8E16A62
:1007D00011B1204600F054F8236A1BB12046BDE851
:1007E0007040184770BD00BFE409002038B5064DC1
:1007F0000023044608462B60E1F790F8431C02D121
:100800002B6803B1236038BD50AA0020014B186843
:10081000704700BFE409002070B50D4B0D4D5B1B08
:100820009C100026A64209D103F062FD0A4D0B4B35
:100830005B1B9C100026A64205D170BD55F8043BF9
:1008400098470136EEE755F8043B98470136F2E742
:10085000E8D80308E8D80308E8D80308ECD8030868
:10086000704770470A44914200F1FF3300D170474E
:1008700010B511F8014B03F8014F9142F9D110BDA9
:1008800038B50546002941D051F8043C0C1F002B17
:10089000B8BFE418FFF716FF1D4A136833B9636049
:1008A00014602846BDE83840FFF712BFA34208D9BC
:1008B000206821188B4201BF19685B680918216004
:1008C000EDE71A465B680BB1A342FAD911685018DC
:1008D000A0420BD120680144501883421160E0D13E
:1008E00018685B68536008441060DAE702D90C238B
:1008F0002B60D6E7206821188B4204BF19685B681B
:10090000636004BF091821605460CAE738BD00BFA6
:1009100014A900202DE9F0478E681F46BE4282468A
:100920000C469046334653D8B1F90C0010F4906F42
:100930002BD065692368096905EB4505A3EB01091F
:1009400005EBD5757B1C6D104B44AB422A4684BF2A
:100950001D462A46430527D511465046FFF732FE6D
:10096000064658B321694A46FFF77CFFA38923F462
:10097000906343F08003A381266165614E44A5EB3B
:1009800009052660A5603E463B461F4620683A465C
:10099000414600F0ABFAA3689B1BA36023683B446D
:1009A00023600020BDE8F087504600F0B8FA064604
:1009B0000028E1D121695046FFF762FF0C23CAF8F5
:1009C0000030A38943F04003A3814FF0FF30E9E7F3
:1009D0003E46DBE72DE9F0471F468B891B069CB09E
:1009E00006460D46144610D50B6973B94021FFF732
:1009F000E9FD2860286130B90C2333604FF0FF30E7
:100A00001CB0BDE8F08740236B61002309932023CD
:100A10008DF8293003973023654F8DF82A304FF039
:100A200001082346994613F8012B0AB1252AF9D16A
:100A3000B9EB040A0BD05346224629463046FFF74D
:100A400069FF013000F0A480099A5244099299F894
:100A50000030002B00F09C8000234FF0FF32CDE9E6
:100A6000052309F10109049307938DF853301A9374
:100A70004C464F4814F8011B0522DEF7D9FA049BB7
:100A8000D0B9D80644BF20228DF85320190744BF9F
:100A90002B228DF8532099F800202A2A13D0079A88
:100AA0004C4600204FF00A0C214611F8013B303B28
:100AB000092B49D968B913E0C01B08FA00F01843A4
:100AC0000490A146D4E7039A111D12680391002AED
:100AD00001DB079204E0524243F0020307920493C1
:100AE00023782E2B0AD163782A2B32D1039B1A1D2F
:100AF0001B68039243EAE37302340593DFF8B49072
:100B0000217803224846DEF793FA38B1049BA0EB24
:100B100009004022824013430134049314F8011B5E
:100B200025488DF828100622DEF782FA002835D0F5
:100B3000224818BB039B073323F0070308330393B2
:100B4000099B034409936CE70CFB02320C4601201D
:100B5000AAE700230134059319464FF00A0C2046FA
:100B600010F8012B303A092A03D9002BC6D0059181
:100B7000C4E70CFB012104460123F0E703AB00931B
:100B80002A460F4B04A93046AFF30080421CD7D150
:100B9000AB895B063FF532AF099831E703AB0093B1
:100BA0002A46074B04A9304600F07AF8EEE700BF6A
:100BB0008CD4030892D4030896D4030800000000E4
:100BC000150903082DE9F047164698468A680B690F
:100BD000DDF820909342B8BF1346336091F843206C
:100BE00007460C460AB1013333602368990642BFB9
:100BF000336802333360256815F0060506D104F129
:100C0000190AE36832689B1AAB4226DC94F8433039
:100C10002268003B18BF012392062BD404F1430243
:100C200041463846C84701301ED02368226903F088
:100C30000603042B02BFE5683368ED1AA3680CBFF6
:100C400025EAE57500259342C4BF9B1AED180026DE
:100C50001A34B5421AD1002008E001235246414619
:100C60003846C847013003D14FF0FF30BDE8F08768
:100C70000135C6E7E1185A1C302081F843002244B0
:100C800094F8451082F843100233C7E70123224647
:100C900041463846C8470130E6D00136D9E7000062
:100CA0002DE9F0430D7E85B0782D90460C9E0746C9
:100CB0000C46994601F1430207D8622D0AD8002D4F
:100CC00000F0D780582D00F0BC8004F1420684F873
:100CD00042503BE0A5F16303152BF6D801A151F872
:100CE00023F000BF3D0D0308510D0308CB0C030892
:100CF000CB0C0308CB0C0308CB0C0308510D0308E5
:100D0000CB0C0308CB0C0308CB0C0308CB0C03085B
:100D1000590E03087B0D03080B0E0308CB0C0308C8
:100D2000CB0C03087B0E0308CB0C03087B0D0308D8
:100D3000CB0C0308CB0C0308130E030833681A1DF1
:100D40001B68326004F1420684F842300123A1E0BE
:100D500033682068191D3160060601D51D6803E05F
:100D60004506FBD5B3F90050002D03DA2D236D4263
:100D700084F843305B480A2311E021683368080691
:100D800053F8045B02D4490648BFADB23360237EFA
:100D900054486F2B5CD10823002184F84310666807
:100DA000A660002E05DB21682E4321F0040121609E
:100DB00050D01646B5FBF3F103FB115C10F80CC0E4
:100DC00006F801CDAC4663450D46F3D9082B0BD18F
:100DD0002368DB0708D5236961689942DEBF3023A9
:100DE00006F8013C06F1FF36921B2261CDF8009017
:100DF000434603AA21463846FFF7E4FE01304ED1B0
:100E00004FF0FF3005B0BDE8F083236843F02003C6
:100E100023603548782584F845502368316813F0FD
:100E2000800F51F8045B03D113F0400F18BFADB22F
:100E30003160D90744BF43F0200323601DB1102364
:100E4000AAE72848E7E7236823F020032360F6E7B2
:100E50000A23A1E71646B9E7336825686169181DBA
:100E600030602E061B6801D5196002E06806FBD5CC
:100E70001980002323611646B8E733681A1D3260D3
:100E80001E68626800213046DEF7D2F808B1801B88
:100E9000606063682361002384F84330A6E7236918
:100EA000324641463846C8470130A9D023689B07DF
:100EB00013D4E068039B9842B8BF1846A2E7012309
:100EC000324641463846C847013099D00135E3687B
:100ED00003995B1AAB42F2DCEBE7002504F119063B
:100EE000F5E700BF9DD40308AED40308884210B5CF
:100EF00001EB020402D98442234607D8431EA142D3
:100F000007D011F8012B03F8012FF8E702448242C1
:100F100000D110BD13F8011D02F8011DF7E72DE9FE
:100F2000F041074614460D4621B9BDE8F04111468F
:100F3000FFF748BB2AB9FFF7A3FC25462846BDE8C2
:100F4000F08100F01AF88442064602D8B4EB500F44
:100F5000F4D821463846FFF735FB804608B94546A8
:100F6000ECE7B4422246294628BF3246FFF77AFC16
:100F700029463846FFF784FCF1E751F8043C181F76
:100F8000002BBCBF0B58C018704700002DE9F84378
:100F900014461D468046894600F0E6FC2246064679
:100FA0000F462B4620462946DEF7E8FC78B900229A
:100FB000002340464946DEF7AFFCD8B100220023AB
:100FC00020462946DEF7A8FC28B1264F00263046E9
:100FD0003946BDE8F8832046294600F08DFA0028FE
:100FE000F5D02046294600220023DEF79FFC00288A
:100FF000EDD02CE03046394600F07EFAA0B1002258
:10100000002330463946DEF787FC0028DFD0404613
:10101000494600F071FA0028D9D02046294600F050
:101020006BFA0028D3D012E04046494600F064FA3B
:101030000028E4D02046294600F05EFA0028DED0E1
:1010400032463B4630463946DEF798FC20B9FFF77A
:10105000DDFB22230360BAE7FFF7D8FB21230360FF
:10106000B5E700BF0000F03F21F00043194670478C
:1010700038B5044601F092FB0546204600F042FADE
:1010800048B10D492046DEF7C9FF30B90B4920466B
:10109000DEF7A6FF48B9284638BDFFF7B7FB4FF08B
:1010A000FF4522230360284638BDFFF7AFFB22230C
:1010B00000250360EFE700BF1772B142B5F1CFC260
:1010C00038B5044601F08CFC214605462046DEF783
:1010D000AFFF70B900212046DEF7A0FF48B900211C
:1010E0002046DEF773FF30B1FFF790FB074D222358
:1010F0000360284638BDFFF789FB034621221A60AA
:101100000348BDE8384000F005BA00BF000080FF8A
:10111000B04E030838B5044601F090FD214605465F
:101120002046DEF785FF70B900212046DEF762FF1A
:1011300048B100212046DEF749FF30B1FFF766FBDA
:10114000074D22230360284638BDFFF75FFB0346A7
:1011500021221A600348BDE8384000F0DBB900BF27
:10116000000080FFB04E030870B50C46064601F043
:10117000B3FD214605462046DEF75AFF58B9002147
:101180003046DEF723FFA0B100212046DEF71EFF28
:1011900018B14FF07E55284670BD204600F0B2F9D8
:1011A0000028F8D000212046DEF71AFF0028F2D0F0
:1011B00023E0284600F0A6F980B100212846DEF79A
:1011C00005FF0028E7D0304600F09CF90028E2D067
:1011D000204600F097F90028DDD00EE0304600F000
:1011E00091F90028E9D0204600F08CF90028E4D0DD
:1011F00029462846DEF71CFF20B9FFF707FB22230C
:101200000360C8E7FFF702FB21230360C3E700BFC9
:1012100038B5044600F0C8F9214605462046DEF7F9
:1012200007FF20B900212046DEF7DAFE08B928467C
:1012300038BDFFF7EBFA0021212303600846DEF7F3
:10124000E5FD0546284638BD2DE9F04120F0004572
:10125000B5F1A14F0446074608D3B5F1FF4F73D847
:10126000002840F3A1806F48BDE8F0816E4B9D429D
:101270007AD8B5F1445F6CD34FF0FF382146204651
:10128000DEF710FD01460646DEF70CFD6749054610
:10129000DEF708FD6649DEF7FDFB2946DEF702FDB5
:1012A0006449DEF7F7FB2946DEF7FCFC6249DEF70E
:1012B000F1FB2946DEF7F6FC6049DEF7EBFB294639
:1012C000DEF7F0FC5E49DEF7E5FB3146DEF7EAFCCF
:1012D0005C4906462846DEF7E5FC5B49DEF7D8FBAD
:1012E0002946DEF7DFFC5949DEF7D2FB2946DEF757
:1012F000D9FC5749DEF7CCFB2946DEF7D3FC55492C
:10130000DEF7C6FB2946DEF7CDFC01463046DEF7A8
:10131000C1FB2146DEF7C6FCB8F1FF3F014646D0CF
:101320004D4B4E4D53F82810DEF7B2FB2146DEF749
:10133000AFFB014655F82800DEF7AAFB002F93DA31
:1013400000F10040BDE8F0810146DEF7A3FBBDE8F7
:10135000F0814349DEF79EFB4FF07E51DEF75EFEE3
:10136000002889D020467FE700F084F83D4B9D425D
:10137000044621D8A3F5D0039D423FD80146DEF7AD
:1013800089FB4FF07E51DEF783FB4FF0804103462F
:1013900020461C46DEF77EFB01462046DEF736FD82
:1013A0004FF00008044669E72F48BDE8F081204669
:1013B000DEF76EFBBDE8F0812C4B9D4216D84FF056
:1013C0007F51DEF765FB4FF07F51034620461C46F8
:1013D000DEF768FC4FF07E51DEF75CFB01462046ED
:1013E000DEF714FD4FF00208044647E72146204887
:1013F000DEF70CFD4FF0030804463FE74FF07E5147
:10140000DEF746FB4FF07E51034620461C46DEF7D2
:1014100041FB01462046DEF7F9FC4FF00108044687
:101420002CE700BFDB0FC93FFFFFDF3ED769853CDC
:1014300059DA4B3D356B883D6E2EBA3D2549123E3B
:10144000ABAAAA3E21A215BD6BF16E3D95879D3DCD
:10145000388EE33DCDCC4C3EC0D40308D0D4030835
:10146000CAF24971FFFF973FDB0FC9BFFFFF1B4067
:10147000000080BF20F00040704700BF184A20F0F5
:101480000043934219D900B5B3F1FF4F83B004D3A1
:101490000146DEF7FDFA03B000BD694601F0FEFF2C
:1014A00000F00303012B0098019910D0022B08D003
:1014B00083B9012201F0FCF8EDE70021002201F0E0
:1014C000F7B8012201F0F4F800F10040E3E701F081
:1014D0002BF8E0E701F028F800F10040DBE700BF5F
:1014E000D80F493F08B5FFF7EBFD0249DEF78EFC48
:1014F00008BD00BF1872313F41F0004000F5801078
:10150000C00F704720F00040B0F1FF4F2CBF00200B
:1015100001207047004870470000C07F38B505467D
:101520000C4600F027F808B9204638BD204600F0E8
:1015300021F828B121462846DEF770FD0028F3D0B7
:101540002C46204638BD00BF38B505460C4600F095
:1015500011F808B9204638BD204600F00BF828B134
:1015600021462846DEF73CFD0028F3D02C462046D5
:1015700038BD00BF30F000400ED0A0F50003B3F13D
:10158000FE4F0DD3074B421E9A4207D9A0F1FF40F0
:10159000B0FA80F04009704702207047032070477E
:1015A00004207047FEFF7F0020F00042B2F1FF4FA1
:1015B0002DE9F04104464FD2002A4BD000280346C3
:1015C00054DB10F0FF424FD15B001802114602F1CC
:1015D0000102F9D54942C3F3160242F40002CB07D7
:1015E000A1F17F0558BF520000246D1052004FF04A
:1015F000190E21464FF0807C01EB0C039342DDBFB6
:1016000003EB0C016444D31A1346BEF1010E4FEAFA
:1016100043024FEA5C0CEFD1BBB11A4E1A4F30684F
:101620003968D6F80080DEF733FA01464046DEF727
:10163000E1FC50B1306839683668DEF72BFA0146B4
:101640003046DEF7CDFCC8B10234601000F17C50AA
:1016500000EBC550BDE8F0810146DEF723FB2146D3
:10166000DEF718FABDE8F081C115B4E70146DEF7F0
:101670000FFA0146DEF7CAFBBDE8F081013424F021
:101680000104E2E7E4D40308E0D40308000000000A
:10169000C1F30A5C2DE9F041ACF2FF35132D02468F
:1016A0000B460C46064622DC002D4CDBDFF8D080D2
:1016B00048FA05F801EA080C5CEA000C0F461BD05A
:1016C0002DA3D3E90023DDF709FD00220023DEF777
:1016D0004BF940B1002C03DD4FF480132B411F4424
:1016E00027EA0804002621463046BDE8F081332D64
:1016F00006DDB5F5806F38D010461946BDE8F0819B
:10170000ACF2134C4FF0FF3727FA0CF73842F3D006
:1017100019A3D3E90023DDF7E1FC00220023DEF763
:1017200023F90028DFD0002C334609DD142D06D024
:10173000C5F134050122AA4013449E4200D9013468
:1017400023EA0706CFE70CA3D3E90023DDF7C6FCA5
:1017500000220023DEF708F90028C4D0002C07DBA4
:10176000344300D0074C0026BDE7DDF7B7FCC5E7E2
:1017700000264FF00044B6E79C7500883CE4377EB5
:10178000FFFF0F000000F03FC1F30A5C2DE9F041BC
:10179000ACF2FF35132D02460B460C46064622DC02
:1017A000002D42DBDFF8E08048FA05F801EA080C7A
:1017B0005CEA000C0F461BD031A3D3E90023DDF710
:1017C0008DFC00220023DEF7CFF840B1002C03DAB5
:1017D0004FF480132B411F4427EA080400262146BA
:1017E0003046BDE8F081332D06DDB5F5806F2CD095
:1017F00010461946BDE8F081ACF2134C4FF0FF37AC
:1018000027FA0CF73842F3D01DA3D3E90023DDF704
:1018100065FC00220023DEF7A7F80028DFD0002CAB
:1018200033461CDB23EA0706D9E715A3D3E90023D7
:10183000DDF754FC00220023DEF796F80028CED016
:10184000002C05DB00263446C9E7DDF747FCD1E76D
:1018500024F0004426430DD14FF00044BFE7142D7F
:1018600006D0C5F134050122AA4013449E42D9D9BD
:101870000134D7E7054C0026B1E700BFAFF3008085
:101880009C7500883CE4377EFFFF0F000000F0BF2E
:101890002DE9F041C0F3C7557F3D162D044620F0D9
:1018A000004717DC002D80461FDB194F2F413842BF
:1018B00013D01849DEF7EEF80021DEF7AFFB60B178
:1018C000002C03DA4FF400032B41984428EA070068
:1018D000BDE8F081B7F1FF4F02D22046BDE8F081AC
:1018E0000146DEF7D7F8BDE8F0810A49DEF7D2F805
:1018F0000021DEF793FB0028EFD0002C01DB002055
:10190000ECE717B94FF00040E8E70348E6E700BF0F
:10191000FFFF7F00CAF24971000080BF08B5C0F325
:10192000C7537F3B162B01460EDC002B024610DB13
:101930000B481841014205D04FF480011941114470
:1019400021EA0001084608BD802BFBD1DEF7A2F892
:1019500008BD013300F00041F4D141F07E51F1E7C0
:10196000FFFF7F00000000002DE9F04F23F0004B47
:10197000044652EA0B0093B091469A460D4610D1A8
:101980002319684985F4002252419842914122D29C
:101990004A46534620462946DDF7A0FB13B0BDE872
:1019A000F08F9846604B0094174621F000429A420F
:1019B0000E46029214D9009B06F1404606F58016A9
:1019C0001E43E5D14B46DB1856498AF400225241AA
:1019D0009E429141DCD35549002013B0BDE8F08F01
:1019E00013D09B45E7D8029B52D0002E15DB002F69
:1019F00040F087804D4A934540F0FC83B8F1000FDA
:101A0000C0F2D88420462946C8E7002CC0D19345AF
:101A1000BED800F0FF83029BE7E7454A934500F2FA
:101A20008683444A934500F28783002F40F0AF83BA
:101A3000B8F1804F00F0C984204629460493FFF78F
:101A400013FB009A049B002A38D0F20F013A52EAA5
:101A5000070C63D0013F174314BF344D364D0024AB
:101A6000BBF1844FCDE908456AD9344B029A9B45B6
:101A7000304B40F203849A4200F2B784B8F1000F71
:101A8000C0F2B784002013B0BDE8F04F01F006BFEC
:101A9000002F90D1029B009A03F1404303F580137D
:101AA000134398D0234B029A9A4240F25D84B8F1D6
:101AB000000FC0F2D584484651466FE71B4A26F016
:101AC000404C944502D0029A002ABED1B8F1000FD2
:101AD000C0F24284002EBFF661AF029B03F1404A80
:101AE0000AF5801A5AEA070A40F0778402460B4644
:101AF00010461946DDF7F0FA02460B46DDF7CEFD3B
:101B00004CE70027204629460493FFF7ADFA009AD8
:101B1000049B002AD2D0F20F013A9BE722462B46C3
:101B2000E6E700BF0000F0FF0000F07F0000F03F9C
:101B3000FFFF3F43FFFFEF3F0000F0BF0000F04317
:101B4000CD4A3240002A40F00084CC4B0022DDF721
:101B50007BFC6FF034040B461A15A2F2FF3202EB45
:101B60000408C74AC3F3130343F07F54934244F479
:101B7000401407DDC34A934240F3418408F1010851
:101B8000A4F5801400220023CDE90C23CDE9102315
:101B9000BD4B0022CDE906230025DDE906232146C1
:101BA000CDE90401DDF798FADDE9062306460F4684
:101BB000DDE90401DDF792FA02460B460020B24946
:101BC000DDF76CFD0A460146CDE90A121346394697
:101BD00002463046DDF738FC63100A460146CDE97F
:101BE000021243F00053DDE902BC03F5002359194A
:101BF000002004460D464FF0000B61465846224631
:101C00002B46CDE90EBCCDE90001DDF71DFC0246F7
:101C10000B4630463946DDF75FFADDE90623064616
:101C20000F4620462946DDF757FA02460B46DDE906
:101C30000401DDF751FADDE90023DDF705FC02467A
:101C40000B4630463946DDF747FADDE90A23DDF772
:101C5000FBFBDDE90245CDE9040122462B46204687
:101C60002946DDF7F1FB72A3D3E9002304460D46B4
:101C7000DDF7EAFB70A3D3E90023DDF72FFA224654
:101C80002B46DDF7E1FB6EA3D3E90023DDF726FA4F
:101C900022462B46DDF7D8FB6BA3D3E90023DDF703
:101CA0001DFA22462B46DDF7CFFB69A3D3E90023BB
:101CB000DDF714FA22462B46DDF7C6FB66A3D3E90F
:101CC0000023DDF70BFA224606460F462B46204638
:101CD0002946DDF7B9FB02460B4630463946DDF7AB
:101CE000B3FBDDE9006704460D463246DDE902013B
:101CF0003B46DDF7F3F9DDE90423DDF7A5FB2246DA
:101D00002B46DDF7EBF9324604460D463B4630469E
:101D10003946DDF799FB5D4B002206460F46DDF79D
:101D2000DDF922462B46CDE90645DDF7D7F9DDE999
:101D30000EBC0D465A46DDE900012B46CDE90ABC32
:101D4000DDF782FB5C46CDE90001504B00222046C6
:101D50002946DDF7C1F932463B46DDF7BDF90246BB
:101D60000B46DDE90601DDF7B7F9DDE90223DDF712
:101D70006BFB224606460F462B46DDE90401DDF7E4
:101D800063FB02460B4630463946DDF7A7F90646A7
:101D90000F4602460B46DDE90001DDF79FF9DDE95C
:101DA0000ABC2FA3D3E900235846CDE902BC0D4657
:101DB000DDF74AFB5C46DDE90023CDE9040120465E
:101DC0002946DDF789F902460B4630463946DDF7EC
:101DD00083F925A3D3E90023DDF736FB24A3D3E958
:101DE000002306460F4620462946DDF72DFB024616
:101DF0000B4630463946DDF771F9DDE91023DDF792
:101E00006DF9064640460F46DDF7B4FA3246044601
:101E10000D463B46DDE90401DDF760F9DDE90C2301
:101E2000DDF75CF922462B46DDF758F930E000BFBC
:101E3000EF4E454A287ECA3F65DBC9934A86CD3FAF
:101E400001411DA96074D13F4D268F515555D53F95
:101E5000FFAB6FDBB66DDB3F033333333333E33F2D
:101E6000000000E009C7EE3FFD033ADC09C7EE3F82
:101E7000F5015B14E02F3EBE0000F07F0000404300
:101E80008E98030079B60B000000F03F0000084078
:101E9000DDE902BC224658462B46CDE90201DDF7BA
:101EA0001BF9DDE90C23DDF717F9DDE90423DDF784
:101EB00013F902460B4630463946DDF70DF9CDE9F8
:101EC00004010023CDE9009A0093DDE9006748464C
:101ED00032463B465146DDF7FFF8DDE90223DDF7E8
:101EE000B3FA4A4604460D465346DDE90401DDF7E0
:101EF000ABFA02460B4620462946DDF7EFF832469C
:101F000004460D463B46DDE90201CDE90445DDF717
:101F10009BFA0B4602468046894620462946DDF755
:101F2000DDF8D14B994204460D468B4640F3438180
:101F300001F13F4303F5E003034340F07682B8A389
:101F4000D3E90023DDE90401DDF7C8F8424606467F
:101F50000F464B4620462946DDF7BEF802460B46A3
:101F600030463946DDF700FD002840F05E824FF430
:101F700000735B44C3F30A52BC4CA2F2FF32C3F3BA
:101F80001301144141F48011C2F1140241FA02FA22
:101F9000002004EA0301BBF1000F02460B46404655
:101FA0004946B8BFCAF1000ADDF796F802460B466B
:101FB00080468946DDE90401DDF790F84FEA0A5BC7
:101FC0000D46002498A3D3E9002320462946DDF7D7
:101FD0003BFA424606460F464B4620462946DDF769
:101FE0007BF802460B46DDE90401DDF775F890A3A6
:101FF000D3E90023DDF728FA8FA3D3E90023804635
:10200000894620462946DDF71FFA02460B46404620
:102010004946DDF763F88046894602460B4630465E
:102020003946DDF75BF832463B4604460D46DDF7A0
:1020300053F802460B4640464946DDF74DF8224626
:10204000804689462B4620462946DDF7FDF97CA3CC
:10205000D3E9002306460F46DDF7F6F97AA3D3E964
:102060000023DDF739F832463B46DDF7EDF978A37A
:10207000D3E90023DDF732F832463B46DDF7E4F9D9
:1020800075A3D3E90023DDF727F832463B46DDF799
:10209000DBF973A3D3E90023DDF720F832463B4692
:1020A000DDF7D2F902460B4620462946DDF714F843
:1020B00006460F4602460B4620462946DDF7C4F980
:1020C0000022CDE900014FF0804330463946DDF76C
:1020D00003F802460B46DDE90001DDF7DFFA424670
:1020E00006460F464B4620462946DDF7ADF94246E7
:1020F0004B46DCF7F3FF02460B4630463946DCF729
:10210000EBFF22462B46DCF7E7FF02460B4600209A
:102110005749DCF7E1FF0C465C44B4F5801FC0F280
:1021200080812146DDE90823DDF78EF936E4002FB2
:1021300000F093810227E5E44FEA2B52A2F2FF322E
:10214000142A40F31E81C2F1340227FA02F101FA87
:1021500002F2BA4200F09581CFB9B8F1804F0493F2
:1021600000F0338120462946FEF77EFF009B002BBE
:102170007FF4D4AC3E4A26F04047974200F0A68157
:10218000029A049B002A00F0E28000275DE42046CA
:1021900029460493FEF768FF009B002B7FF4BEAC3A
:1021A000334A26F040479742EAD1B8F1000FC0F217
:1021B0008481002791E42F4E21F00043B34240F286
:1021C000F1802D4B0B4403430AD142464B46DCF7CA
:1021D00083FFDDE90423DDF7BDFB00283FF4C7AE34
:1021E000DDE9080100220023DDF7A0FB003818BF5D
:1021F000012048E4B8F1804F00F0E780A2F580129A
:1022000090457FF419AC2046294613B0BDE8F04F45
:1022100001F0CEBB002F7FF4BBAB43E4AFF30080F3
:10222000FE822B654715973C00000000432EE63FD9
:10223000EF39FAFE422EE63F396CA80C615C20BEF5
:10224000D0A4BE726937663EF16BD2C541BDBB3EBC
:102250002CDE25AF6A56113F93BDBE166CC1663F9A
:102260003E5555555555C53FFFFF8F400000F0FFC7
:102270000000F03FFFCB904000346F3F9A42C0F027
:10228000DE80029AA44B9A424FF0000200F2EC80EA
:10229000A14BDCF721FF94A3D3E9002304460D46AC
:1022A000DDF7D2F892A3D3E9002306460F46204675
:1022B0002946DDF7C9F8994BCDE9000100222046F7
:1022C0002946DDF7C1F802460B468BA1D1E9000192
:1022D000DCF702FF22462B46DDF7B6F802460B4636
:1022E00000208F49DCF7F8FE2246CDE902012B469B
:1022F00020462946DDF7A8F802460B46DDE9020133
:10230000DDF7A2F87EA3D3E90023DDF79DF80246AE
:102310000B46DDE90001DCF7DFFE02460B46044612
:102320000D4630463946DCF7D9FE002032463B46A2
:10233000CDE90201DCF7D0FE02460B4620462946D5
:10234000DCF7CAFECDE90401BBE5002404E4B8F1E2
:10235000000FBFF62EAF002702460B4600206E4945
:10236000DDF79CF9FFF7B6BBB8F1000F4FF00000A6
:102370004FF00001BFF612AB48460AF10041FFF7EB
:102380000DBB002F7FF403AFC2F114024BFA02F130
:1023900001FA02F25A45604A7BD093453FF42EABD6
:1023A000FFF746BB5E4A93427FD8DDE900239346A0
:1023B000924606E622462B4657490020DDF76EF985
:1023C000FFF7ECBAB8F1804F47D122462B462046A2
:1023D0002946DDF739F8FFF7E1BA012F7FF4DEAACD
:1023E00001F100431946FFF7D9BAB8F1000F7FF7A2
:1023F00049AB002013B0BDE8F04F01F055BA42A33D
:10240000D3E90023CDE90C2341A3D3E90023CDE98F
:102410001023444B0022CDE906234FF48025FFF71B
:10242000BCBB524601F0A8F97CE6DDE908010022B8
:102430000023DDF77BFA003818BF0120DAE7DDE979
:10244000080100220023DDF771FA003818BF0120CF
:10245000B8F1000FBFF617ABCCE70227FFF7ECBAD5
:1024600000200021FFF79ABADDE908010023DDF71B
:102470005DFA003818BF0120B8F1000FBADCFFF791
:1024800002BB002F9ED001F00101C1F10207FFF74E
:1024900039BB93453FF4B2AAB8F1804F95D001F013
:1024A0000101C1F10207FFF7C7BA1B15A3F2FE3302
:1024B0004FF4801242FA03F35BE502460B4600201C
:1024C0001549DDF7EBF8009FFFF707BBB8F1000FE8
:1024D000BFF66FAE02460B4600200F49DDF7DEF86F
:1024E0000027FFF7FABA00BF000000604715F73F6A
:1024F00044DF5DF80BAE543E555555555555D53F07
:10250000FE822B654715F73F0000004003B8E23F0D
:1025100006D0CF43EBFD4C3E0000F03F0000D03F23
:102520000000E03F0000F83F2DE9F84320F00046AE
:10253000B6F1485F0546884649D2DDF78FFD002891
:1025400000F09D8029462846DDF7ACFB4E49044645
:10255000DDF7A8FB4D49DDF79DFA2146DDF7A2FB2B
:102560004B49DDF795FA2146DDF79CFB4949DDF73C
:1025700091FA2146DDF796FB4749DDF789FA2146B6
:10258000DDF790FB4549DDF785FA2146DDF78AFB4B
:1025900007464FF07C512046DDF784FB394606465E
:1025A0002046DDF77FFB414604462846DDF77AFBEF
:1025B00001462046DDF76CFA01463046DDF768FA41
:1025C00001464FF07E50DDF763FABDE8F88301461F
:1025D000DDF768FB2C490446DDF764FB2B49DDF78A
:1025E00059FA2146DDF75EFB2949DDF751FA21460C
:1025F000DDF758FB2749DDF74DFA2146DDF752FBA1
:102600002549DDF745FA2146DDF74CFB2349DDF787
:1026100041FA2146DDF746FB214B9E420746B8D9D9
:10262000204B9E4227D806F17F464FF07E50314620
:10263000DDF72EFA81464FF07C512046DDF732FB64
:102640003146DDF725FA394606462046DDF72AFBF6
:10265000414604462846DDF725FB01462046DDF7C6
:1026600017FA01463046DDF713FA01464846DDF712
:102670000FFABDE8F883DFF830900C4EDBE74FF03F
:102680007E50BDE8F88300BF4ED747ADF6740F31DA
:102690007CF29334010DD037610BB63AABAA2A3DD8
:1026A0009999993E0000483F0000383F0000903E55
:1026B0002DE9F84320F00043B3F1485F04460E468D
:1026C000904603D2DDF7CAFC002858D021462046A8
:1026D000DDF7E8FA054601462046DDF7E3FA294929
:1026E00081462846DDF7DEFA2749DDF7D1F929468C
:1026F000DDF7D8FA2549DDF7CDF92946DDF7D2FA1D
:102700002349DDF7C5F92946DDF7CCFA2149DDF784
:10271000C1F90746B8F1000F22D04FF07C51304686
:10272000DDF7C0FA394680464846DDF7BBFA014678
:102730004046DDF7ADF92946DDF7B4FA3146DDF75D
:10274000A7F9154905464846DDF7ACFA0146284683
:10275000DDF7A0F901462046DDF79AF9BDE8F883D8
:1027600001462846DDF79EFA0B49DDF791F9494607
:10277000DDF798FA2146DDF78DF9BDE8F8832046AC
:10278000BDE8F883D3C92E2F342FD7321BEF38364C
:10279000010D50398988083CABAA2A3E20F000423E
:1027A000B2F1FF4F2DE9F04704466BD84FEAD075E0
:1027B00000F0C5807A49884200F3B3800028C0F257
:1027C000B580784B9A4262D9774B9A4200F2C48026
:1027D000764B204653F82510DDF75AF9744B85F0F7
:1027E000010653F825800746761B41463846DDF73B
:1027F0004FF901460446DDF755FA6E490546DDF707
:1028000051FA6D49DDF744F92946DDF74BFA6B497A
:10281000DDF740F92946DDF745FA6949DDF738F972
:102820002946DDF73FFA6749DDF734F92946DDF738
:1028300039FA01462046DDF72BF9054601462046C8
:10284000DDF730FAAA468146002E52D029464FF0D5
:102850008040DDF71DF901464846DDF7D7FA01460D
:102860004046DDF715F93946DDF712F901464FF01C
:102870007E50DDF70DF916F17D0F64DB00EBC650DD
:10288000BDE8F0870146DDF705F9BDE8F087B2F154
:10289000505F09D24C492046DDF7FCF84FF07E51DD
:1028A000DDF7BCFB002874D121462046DDF7FAF99C
:1028B00040490546DDF7F6F93F49DDF7E9F82946D5
:1028C000DDF7F0F93D49DDF7E5F82946DDF7EAF9EE
:1028D0003B49DDF7DDF82946DDF7E4F93949DDF755
:1028E000D9F82946DDF7DEF901462046DDF7D0F8B4
:1028F000824651462046DDF7D5F94FF08041054626
:102900005046DDF7C5F801462846DDF77FFA214637
:10291000DDF7BEF801464FF07E50DDF7B9F8BDE8AF
:10292000F087BDE8F047002001F03EB8274B9A42FF
:102930007FF647AFBDE8F047002001F031B8002D29
:10294000A3D00020A1E764364FF0586100EBC650D9
:10295000DDF7A8F9BDE8F0871D492046DDF7A2F9AB
:102960001C4B53F82510DDF795F8DDF777FB06468D
:10297000DDF744F918490546DDF794F9014620468C
:10298000DDF786F8154907462846DDF78BF98046BE
:102990002BE74FF07E512046DDF77CF875E700BF4E
:1029A0001772B1421872B13E9115853FF0D40308F9
:1029B000E8D403084CBB31330EEADD3555B38A3811
:1029C000610B363BABAA2A3ECAF24971B5F1CF4240
:1029D0003BAAB83FF8D403088071313FD1F71737CD
:1029E0002DE9F84F30F000432BD000280146034674
:1029F00040DBB0F1FF4F39DAB0F5000F41DB0021C9
:102A0000814AC3F316052A44DC1502F400007F3C1A
:102A100080F07E500C4428434FF07E5104EBD2549A
:102A2000DDF736F8794B05F10F021340064683BBFC
:102A30000021DDF7CBFA002800F0A38044B9002084
:102A400004E000214FF04C40DDF7E0F9BDE8F88FDD
:102A50002046DDF7D3F86E490546DDF723F96D49C9
:102A600004462846DDF71EF901462046DDF712F838
:102A7000BDE8F88FDDF70CF80021DDF7C7F9BDE8F8
:102A8000F88F4FF09841DDF70DF96FF0180103460C
:102A9000B6E74FF08041DCF7FDFF01463046DDF739
:102AA000B5F980462046DDF7A9F841468146404603
:102AB000DDF7F8F801468246DDF7F4F85649DFF80D
:102AC0005CB10746DDF7EEF85549DCF7E3FF394620
:102AD000DDF7E8F85349DCF7DDFF3946DDF7E2F8CA
:102AE0005149DCF7D7FF5146DDF7DCF84F49824604
:102AF0003846DDF7D7F84E49DCF7CCFF3946DDF72D
:102B0000D1F84C49DCF7C6FF3946DDF7CBF8AB44CA
:102B10000146C5F557155046DCF7BCFF05F5227593
:102B200045EA0B05002D07464EDD4FF07C5130463F
:102B3000DDF7B8F83146DDF7B5F88246514638463C
:102B4000DCF7A8FF4146DDF7ADF80546002C49D07B
:102B50002F494846DDF7A6F82E4904464846DDF7DA
:102B6000A1F82946DCF796FF01465046DCF790FFB6
:102B70003146DCF78DFF01462046DCF789FFBDE8D2
:102B8000F88F2D493046DDF78DF801464FF07C5027
:102B9000DCF77EFF314605463046DDF783F8014617
:102BA0002846DDF77FF80546BCB12046DDF726F85C
:102BB00017490746DDF776F8164904463846DDF72B
:102BC00071F801462846D1E701463046DCF760FF40
:102BD0004146DDF767F805466CB929463046DCF713
:102BE00057FF33E701465046DCF752FF01463046B7
:102BF000DCF74EFF2AE706494846DDF753F805495A
:102C000004464846DBE700BF20FB4A00F0FF7F0098
:102C10008071313FD1F717379788173E305CCFFF6F
:102C200025333A3E2549923EABAA2A3F4FD01C3E5F
:102C3000298E633ECDCCCC3EABAAAA3E30F00042FA
:102C4000F8B52FD000280146024631DBB0F1FF4F26
:102C500025DAB0F5000F31DB0021D3157F3B0B44A3
:102C600003EBD370DC0FC2F31605DCF7C7FF17497F
:102C70000646DDF717F80746C4F17F0045EAC05065
:102C8000FFF7AEFE1249DDF70DF83946DCF702FF1B
:102C9000104904463046DDF705F801462046DCF7CA
:102CA000F9FEF8BD00214FF04C40DDF7AFF8F8BD5C
:102CB000DCF7EEFE0021DDF7A9F8F8BD4FF09841F2
:102CC000DCF7F0FF6FF018010246C6E7DB2754354A
:102CD000D95BDE3E80209A3E2DE9F04F31F000496D
:102CE00089B00C46074680460FD180F480084FEA31
:102CF000480818F5000F17D921463846DCF7CAFEF8
:102D00000146084609B0BDE8F08F20F0004ABAF14C
:102D1000FF4F0D460ED9B8F17E5FEDD185F48005E9
:102D20006D0015F5000FE7D84FF07E51084609B049
:102D3000BDE8F08FB9F1FF4FEDD80028D34614DB82
:102D4000B9F1FF4F00F03A81B9F17E5F00F0618187
:102D5000B1F1804F00F08D81B1F17C5F40F0758161
:102D600009B0BDE8F04FFEF71FBCB9F1974F80F0F6
:102D70002E81B9F17E5F80F05781B1F1804F00F074
:102D80007881B1F17C5F00F0BB82FEF773FBBAF192
:102D9000FF4F01464FF0000600F02581BAF1000F09
:102DA00000F05D81BAF17E5F00F059814FEAD8737F
:102DB000013B0293334300F08181B9F19A4F40F215
:102DC0008681AF4B9A4540F2DB82AE4B9A4500F2CA
:102DD000E38208464FF07E51DCF75AFEAA490746C7
:102DE000DCF760FFA94981463846DCF75BFF4FF00E
:102DF0007A5180463846DCF755FF0146A448DCF797
:102E000047FE3946DCF74EFF01464FF07C50DCF7B9
:102E10003FFE394682463846DCF744FF01465046BD
:102E2000DCF740FF9B49DCF73DFF01464046DCF7FD
:102E30002FFE014680464846DCF72CFE20F47F67D3
:102E400027F00F0749463846DCF722FE0146404688
:102E5000DCF71EFE029B013E6FF30B051E43294665
:102E6000804620460CBF8C4E4FF07E56DCF710FE9D
:102E70003946DCF717FF214681464046DCF712FF52
:102E800001464846DCF706FE294604463846DCF78C
:102E900009FF014607462046DCF7FCFD00280546F1
:102EA000824620F0004240F33C82B2F1864F00F2AD
:102EB000E08200F0C082B2F17C5F00F2A3824FF0AA
:102EC000000845466FF30E0A74495046DCF7EAFEE7
:102ED000394681465046DCF7DBFD01462046DCF7EB
:102EE000D7FD6F49DCF7DEFE6E4904465046DCF73D
:102EF000D9FE01462046DCF7CDFD04460146484692
:102F0000DCF7C8FD49460746DCF7C2FD014620460E
:102F1000DCF7BEFD394681463846DCF7C3FE624920
:102F20000446DCF7BFFE6149DCF7B2FD2146DCF761
:102F3000B9FE5F49DCF7AEFD2146DCF7B3FE5D4923
:102F4000DCF7A6FD2146DCF7ADFE5B49DCF7A2FD10
:102F50002146DCF7A7FE01463846DCF799FD04461A
:102F600001463846DCF79EFE4FF0804182462046FF
:102F7000DCF78EFD01465046DCF748FF4946044623
:102F80003846DCF78FFE4946DCF784FD01462046D3
:102F9000DCF77EFD3946DCF77BFD01464FF07E50C5
:102FA000DCF776FD03464344B3F5000FC0F2F08131
:102FB00018463146DCF776FE0146A2E6BAF17E5F9E
:102FC0003FF4B2AE2BD9002D27DB214699E6B9F1AB
:102FD000FF4FF3D0FEF74EFABAF1FF4F01464FF024
:102FE00002067FF4DBAE002D08DA4FF07E50DCF7EE
:102FF0000DFF0146B8F1000FBFF683AEAAF17E5A6D
:103000005AEA060A5BD0012E7FF47BAE01F1004143
:1030100077E6002D26DB394673E6002171E6002DA8
:10302000FBDA04F100416CE64FEAE953C3F1960381
:1030300049FA03F202FA03F34B4500F04D81B9F16E
:103040007E5FE6D0B1F1804F13D03846FEF712FA1A
:10305000BAF1FF4F01464FF000067FF49FAE002DFE
:10306000C3DBC7E739464FF07E50DCF7CFFE0146A1
:1030700047E639463846DCF715FE014641E600BF13
:10308000F3FF7F3F0700803F00AAB83F70A5EC36F2
:10309000ABAAAA3E3BAAB83F000080BF0072313FF6
:1030A0001872313F8CBEBF354CBB31330EEADD3573
:1030B00055B38A38610B363BABAA2A3E39460846DF
:1030C000DCF7E6FC0146DCF7A1FE014619E618F044
:1030D000FF4F40F0538108464FF09741DCF7E2FD87
:1030E0006FF0170283464FEAEB537F3B9A18B34BBE
:1030F0000392CBF3160B9B454BF07E5807DDB04B8C
:103100009B4540F3518101320392A8F5000800234A
:1031100007934FF07E5B0693002759464046DCF745
:10312000B7FC594681464046DCF7B4FC01464FF0F7
:103130007E50DCF76BFE014605904846DCF7B2FD99
:10314000A04B019003EA680343F0005303F58003AA
:103150003B4419469C4F0493019BC24607EA03086F
:103160004046DCF79FFD01464846DCF791FC049B96
:10317000814659461846DCF78BFC01465046DCF781
:1031800087FC4146DCF78EFD01464846DCF780FCB3
:10319000059A1146DCF786FD019983460846DCF75F
:1031A00081FD8A498146DCF77DFD8949DCF772FCA7
:1031B0004946DCF777FD8749DCF76CFC4946DCF7CC
:1031C00071FD8549DCF766FC4946DCF76BFD8349F8
:1031D000DCF760FC4946DCF765FD8149DCF75AFC09
:1031E000494682464846DCF75DFD01465046DCF71D
:1031F00059FD414681460198DCF74CFC5946DCF705
:1032000051FD4946DCF746FC414682464046DCF724
:1032100049FD74490490DCF73DFC5146DCF73AFC6B
:1032200007EA000949464046DCF73CFD6D49804607
:103230004846DCF72DFC0499DCF72AFC0146504691
:10324000DCF726FC0199DCF72DFD494682465846FD
:10325000DCF728FD01465046DCF71CFC834601469E
:103260004046DCF717FC07EA000A5F495046DCF7E6
:1032700019FD414681465046DCF70AFC0146584696
:10328000DCF706FC5949DCF70DFD594980465046EC
:10329000DCF708FD01464046DCF7FCFB0699DCF74D
:1032A000F9FB80460398DCF7A9FC41468246484674
:1032B000DCF7F0FBDDF81CB05946DCF7EBFB5146C0
:1032C000DCF7E8FB074051463846DCF7E1FB59469E
:1032D000DCF7DEFB4946B7E5B9F17E5F3FF499AE16
:1032E000B1F1804F3FF4C5AE02F00102C2F1020617
:1032F000FEF7C0F8BAF1FF4F01467FF44FAD72E61A
:10330000FEF7B8F8BAF1FF4F01463FF4FAACBAF154
:10331000000F3FF4F6ACBAF17E5F7FF4CFAE00262B
:103320006CE6344B9A4200F2AC807FF4C4AD39466F
:10333000DCF7AEFB2146DCF767FE002840F0A180F9
:1033400005F5004ACAF3C7532B497F3B194101EAEF
:103350000A01CAF3160AC3F117054AF4000343FA37
:1033600005F56D423846DCF793FB014607462046DB
:10337000DCF790FB4FEAC5588246A3E50022B2E68F
:10338000002D0BDB002009B0BDE8F04F00F008BBBA
:10339000294600F08FFA0CE6002DF3DD002009B07D
:1033A000BDE8F04F00F000BB144B0793144B06939D
:1033B0004FF07F5B4FF40017AFE600BF71C41C00F5
:1033C000D6B35D0000F0FFDF00F0FFFF42F1533E97
:1033D00055326C3E05A38B3EABAAAA3EB76DDB3ED1
:1033E0009A99193F000040400040763F4F38763FA1
:1033F000C623F6B800001643000080FF00C0153F4A
:10340000DCCFD135D2157E3A4FF40003134153443B
:103410002049C3F3C7527F3AC3F31605114145F45F
:103420000005C2F11702BAF1000F01EA030145FAE3
:1034300002F597DA95E718492046DCF72BFB394669
:1034400080462846DCF724FB01464046DCF7E6FDD3
:1034500078B905F50043DA150E497F3A1141194054
:10346000C3F31603C2F1170243F4000343FA02F553
:1034700078E700213046DCF7B3FD003818BF0120A3
:103480008DE700213046DCF7ABFD003818BF012086
:1034900079E700BF000080FF3CAA38332DE9F04FE8
:1034A000A84A20F00045954289B00C466FD9A64A3B
:1034B000954206461FD820F000450028A34925F074
:1034C0000F0540F31981DCF7E3FAA14B9D42064654
:1034D0006BD0A049DCF7DCFA014605463046DCF744
:1034E000D7FA9C49DCF7D4FA25606060012738469A
:1034F00009B0BDE8F08F984A954266D9B5F1FF4F03
:103500004DD2EF15863FA5EBC7552846DCF7A6FD43
:10351000DCF774FB014628460591DCF7B9FA4FF059
:103520008741DCF7BFFB8046DCF798FDDCF766FBE4
:103530000546294640460695DCF7AAFA4FF0874132
:10354000DCF7B0FB00210790DCF740FD002800F01D
:10355000B18000212846DCF739FD002814BF012383
:1035600002237E4A01920222009221463A4605A891
:1035700000F00CFB002E0746B9DAD4E9002302F173
:10358000004203F10043226063604742AFE700223C
:1035900020604A600027384609B0BDE8F08F014638
:1035A000DCF776FA60602060F4E76D49DCF770FACA
:1035B0006C490646DCF76CFA014605463046DCF7F6
:1035C00067FA6849DCF764FA8EE7FDF753FF66494E
:1035D0008046DCF767FB4FF07C51DCF75BFADCF7E9
:1035E0003DFD0746DCF70AFB58498346DCF75AFBEA
:1035F00001464046DCF74CFA564982465846DCF70D
:1036000051FB014681465046DCF742FA1F2F8046A7
:103610001FDC564B7A1E53F8222026F0004323F07D
:10362000FF03934215D0C4F8008041465046DCF7B2
:103630002FFA4946DCF72CFA002E6060BFF657AF30
:1036400008F1004800F10040C4F8008060607F424B
:103650004DE7C8F3C753C3EBD553082B4FEAE552E8
:10366000E1DD3F4903925846DCF71CFB80460146EA
:103670005046DCF70DFA054629465046DCF708FAB5
:103680004146DCF705FA374980465846DCF70AFB25
:103690004146DCF7FDF9014681462846DCF7F8F99A
:1036A000039AC0F3C753D21A192A804604DC20605B
:1036B000AA46BAE7032354E72D495846DCF7F2FA45
:1036C000804601462846DCF7E3F982465146284603
:1036D000DCF7DEF94146DCF7DBF9264905465846BA
:1036E000DCF7E0FA2946DCF7D3F90146814650467B
:1036F000DCF7CEF9804696E7DCF7CCF9144B9D4217
:1037000006460FD01349DCF7C5F901460546304699
:10371000DCF7BEF90F49DCF7BDF9256060604FF0BA
:10372000FF37E4E60E49DCF7B5F90E490646DCF74B
:10373000B1F9014605463046DCF7AAF90949DCF73C
:10374000A9F9EAE7D80F493FE3CB1640800FC93FFC
:10375000D00FC93F43443537800F494380D5030814
:103760000044353708A3852E84F9223F00D503088D
:1037700000A3852E32318D242DE9F0411646C1F388
:103780000A52074688460B4652BB21F000430343CA
:1037900024D02D4B0022DBF757FE2C4B9E420746D0
:1037A000884642DBC1F30A520B46363A4CF250319E
:1037B0008E421EDC164440F2FE72964219DC002E48
:1037C00023DC16F1350F27DB6FF31E53363643EA41
:1037D000065138461E4B0022DBF736FEBDE8F0816D
:1037E00040F2FF7C6245E1D10246DBF777FCBDE8A1
:1037F000F08111A3D3E90023454663F31E05294652
:103800001448DBF721FEBDE8F0816FF31E53384604
:1038100043EA0651BDE8F08108F0004343F0D2715D
:1038200041F4B7310C4841F01F0105A3D3E900234F
:10383000DBF70AFEBDE8F0819C7500883CE4377E2A
:1038400059F3F8C21F6EA50100005043B03CFFFFC2
:103850000000903C9C75008859F3F8C2D0B506462C
:103860000F461446FCF7D2FF0346394630461C602B
:10387000D0BD00BF10B5044682B0104619460CB149
:1038800003F10043CDE90023DDE90023DBF7DCFD94
:10389000222202B0BDE81040FFF7E0BF00224FF047
:1038A0008053FFF7E7BF00BF00224FF0E043FFF770
:1038B000E1BF00BF10B50C4630F0004103461DD0FB
:1038C000B1F1FF4F1BD210F0FF4F02461BD14FF05A
:1038D0009841DCF7E7F9204A944203462CDBC0F319
:1038E000C75102464CF250308442A1F1190110DD5B
:1038F0001A49184661F31E00DCF7D4F910BD0146E1
:10390000DCF7C8F810BD4CF2503084424FEAD15178
:10391000EEDC2144FE29EBDC002911DC11F1160F4D
:1039200013DB01F1190022F0FF424FF04C5142EA43
:10393000C050DCF7B7F910BD0949DCF7B3F910BD89
:1039400022F0FF4242EAC15010BD0549184661F31A
:103950001E00DCF7A7F910BDB03CFFFFCAF24971A9
:103960006042A20D38B505460C46FCF74FFF0346F2
:1039700028461C6038BD00BF08B540B101F10040C9
:10398000DCF790F9BDE808402221FFF7EBBF0846BD
:10399000DCF788F9BDE808402221FFF7E3BF00BF4C
:1039A0004FF08051FFF7E8BF4FF0E041FFF7E4BF71
:1039B000734A8A432DE9F84F06460F4600F0AC8063
:1039C00000290C46034655DD081562D0C4F31302E6
:1039D000C107A0F2FF3742F4801203D4520002EB79
:1039E000D3725B005200002602EBD3727F105B00A3
:1039F0001624B4464FF400110CEB010090424FEA3C
:103A0000D3754FEA430303DC00EB010C121A0E449A
:103A1000013C05EB42024FEA5101EDD1A0462025C1
:103A20004FF000400AE043D0510001EBD371013D5B
:103A30000A464FEA43034FEA500045D0624500EB87
:103A4000080EF0DDBEF1000F0EEB00080CDBE146C6
:103A5000A2EB0C019E4588BF01F1FF314900CC4625
:103A6000A3EB0E030444E0E7B8F1000FEFDB0CF129
:103A70000109EDE721F00042024344D000296ED154
:103A8000DA0A153C5B05002AFAD0D602204673D428
:103A9000144600226400E502114602F10102F9D544
:103AA000C2F1200523FA05F52C439340401A8DE717
:103AB0009E4502D94FEA4C01B7E7BEF1000F0EEB6D
:103AC000000822DB0021CBE7194312D0DFF8B4A0B5
:103AD000DFF8B4B0DAE90001DBE90023DBF7FCFA38
:103AE000DAE9008902460B4640464946DBF728FFE3
:103AF000E0B96508731003F17F5303F5001303EB7E
:103B0000075145EAC670BDE8F88FB8F1000FD9DB60
:103B10000CF1010C0021A3E702460B46DBF794FCF5
:103B200032463B46DBF7DAFABDE8F88FB4F1FF3FE7
:103B3000DAE90001DBE900231AD0DBF7CFFADAE992
:103B4000008902460B4640464946DBF7EFFE88B146
:103B5000A31C04F1020508BF01366D08CAE702463E
:103B60000B46DBF7B9FA02460B46DBF797FDCAE7CF
:103B70000136BFE70134BCE74FF0FF31144695E74B
:103B80000000F07FA0D8030898D803082DE9F04F73
:103B9000DDB09C460991B14B6699804653F821A04F
:103BA000101D0CF1FF330193C0F2C182D31E48BF38
:103BB000131DDB1006930133DB000A930A9B069961
:103BC000D31A04930CF1FF331AEB0307A1EB03059F
:103BD00020D401372F4420AE3B46DDF89C91CDF830
:103BE00000C03746002493461E4608E059F82500D9
:103BF000DCF704F80135B54247F8040B07D0002D77
:103C0000F4DA01352046B54247F8040BF7D1DDF868
:103C100000C05A46BAF1000FC0F23C830198A8F1E7
:103C200004040DF18009029409EB8C09002148AFCE
:103C30004FEA8C0583460AEB0C0304EB8C06002844
:103C400080F2A9810BF1010B9B4547F8041B09F198
:103C50000409F4D1029BCDF80CA01D440CAB03EB7E
:103C60008A03043B07930CAB03EB8A0354460B9285
:103C70009A46CDF820C00DEB8403002CD3F820B178
:103C80004FEA84092EDD0DF5907808EB09060CAF9C
:103C90004B460094A9463C465D4637469B464FF04E
:103CA0006E512846DBF7FEFFDCF7D8F9DBF7A6FFFD
:103CB0004FF087410646DBF7F5FF01462846DBF764
:103CC000E7FEDCF7CBF957F8041D44F8040B304647
:103CD000DBF7E0FE47450546E1D15B46009C4D46DB
:103CE000834699465846DDF810B05946FFF7E2FD85
:103CF0004FF078510646DBF7D5FFFDF7C9FD4FF0D1
:103D00008241DBF7CFFF01463046DBF7C1FE0646B6
:103D1000DCF7A4F90746DBF771FF01463046DBF715
:103D2000B7FE5946002980467DDD621E0CA8CBF106
:103D3000080350F8220040FA03F101FA03F3C31A12
:103D4000CBF107060F4443FA06F60CA9002E41F802
:103D5000223000F30D8100214046DCF737F90028BE
:103D600000F0B780039B9C420CDD09F130036B44EB
:103D7000002253F8041D534542EA0102F9D1002AFA
:103D800040F03081039B0CAA013B661C52F82330A3
:103D9000002B40F0FE80079A012352F8041D0133E6
:103DA0000029FAD0E218089B00921C44069BCDF82B
:103DB00014A003EB060808F18048679B08F1FF3860
:103DC00003EB880820AF48AB07EB8407994458F809
:103DD000040FDBF713FF019B47F8040B002B1ADBE2
:103DE000DDF808B0BA4600245AF8041D5BF8040F49
:103DF000DBF758FF01462046DBF74CFEAB45044697
:103E0000F2D1009B49F8044F01369E42DFDDDDF818
:103E100014A01C462FE7009B013600249E4249F85F
:103E2000044FD4DDF3E700F08C804FF07C51DCF7D9
:103E3000EBF8064600288ED0002C07F10107C8BF1A
:103E4000022640F31F820CAA002152F8043B002BEB
:103E500073D0C3F5807342F8043C06E0D4D803085D
:103E60001368C3F1FF0342F8043B01318C42F7DCD5
:103E70000123049A002A0DDD012A00F04E81022A56
:103E800008D1611E0CAA0CA852F8212002F03F02B2
:103E900040F82120022E7FF45EAF41464FF07E5065
:103EA0000093DBF7F5FD009B8046002B3FF453AFFA
:103EB00004994FF07E50FFF7FDFC01464046DBF7CA
:103EC000E7FD804600214046DCF780F800287FF4BB
:103ED00049AFDDE90A324046991ADDF80CA0FFF738
:103EE000E9FC4FF08741A1460446DCF78DF8002835
:103EF00000F0A7814FF06E512046DBF7D3FEDCF7D0
:103F0000ADF8DBF77BFE4FF087410546DBF7CAFED5
:103F100001462046DBF7BCFDDCF7A0F80CAB09F14D
:103F2000010843F82900049B284608330493DCF772
:103F300095F80CAB43F828006DE001318C4284DC2D
:103F400097E7631E0CAA52F82360F611002E7FF744
:103F500002AF002C07F101073FF775AF022E7FF487
:103F6000FAAE41464FF07E50DBF792FD8046F2E616
:103F7000002C07F101073FF766AF0499012900F013
:103F80009B810229EAD10CA903F03F0341F82230BA
:103F9000E4E7324607E7CDF800A09846DA460392F8
:103FA000CDF814C00795029DCB4600245BF8041D94
:103FB00055F8040FDBF776FE01462046DBF76AFD75
:103FC000B5420446F2D10AF1010AC24547F8040B92
:103FD00009F10409E7D1DDF800A0039ADDF814C067
:103FE000079D37E6DDE903A304F1FF38A3F10802DA
:103FF0000CAB049253F828306BB904F18043013BB9
:104000000CA901EB830353F8041D08F1FF38083AAB
:104010000029F8D0049204994FF07E50FFF74AFC33
:10402000B8F1000F0546C0F23B8108F101040CAB6A
:1040300003EB840BA10048AB00964FF06E595E462F
:1040400003EB84048B4656F8040DDBF7D7FD2946B5
:10405000DBF728FE494644F8040D2846DBF722FE2C
:104060000CAB9E420546EED1ABF1080248AB009E78
:10407000019759460DF1D0091A444FF0000BBAF1DF
:10408000000F029617464E46CDF80080D9460391A0
:1040900022DBDFF85882BB46002400250DE05BF8E8
:1040A000041F58F8040BDBF7FDFD01462046DBF743
:1040B000F1FC0135AA45044601DB4D45EFDD009AD0
:1040C00046F8044B914509F10103A7F1040705D017
:1040D000BAF1000F9946DCDA0024F0E7669BDDF8C0
:1040E00000800399022BDDE9017650DC002B23DCF4
:1040F0000ED134AB5C18002054F8041DDBF7CAFC69
:1041000034ABA342F8D1002E40F0AE80099B18607A
:1041100007F007005DB0BDE8F08F611E0CAA0CA887
:1041200052F8212002F07F0240F82120B2E6082355
:104130000A930023069341E534AB0025DDF8D0A0B7
:104140005C18284654F8041DDBF7A4FC34ABA342EA
:10415000F8D105465046002E7BD12946DBF798FC66
:10416000099B1D60B8F1000F0AD0012554F8041F07
:104170000135DBF78FFCA845F8DA0EB100F10040FD
:10418000099B586007F007005DB0BDE8F08F669BA3
:10419000032BBDD1B8F1000F00F09B8034AB03EBD3
:1041A000880B4FEA880553F828400095DA465AF8FC
:1041B000045C20462946DBF76DFCA14604462146F7
:1041C0002846DBF765FC4946DBF764FCCAF80000CB
:1041D0004AF8044D34AB5345E9D1B8F1010F009DC5
:1041E00077D05C5903F104085BF804AC20465146D3
:1041F000DBF750FCA146044621465046DBF748FC5D
:104200004946DBF747FCCBF800004BF8044DD84596
:10421000EAD134AB2C1D1C4403F10809002054F8EA
:10422000041DDBF737FCA145F9D1349A359BF6B96B
:1042300009990A604B60886007F007005DB0BDE82F
:10424000F08F2046DBF70AFF0CABC84643F8290085
:10425000E1E6099A05F1004313602946DBF718FCF3
:10426000B8F1000F81D189E700F100404EE70999CC
:1042700002F1004203F1004300F100400A604B608C
:104280008860D9E741464FF07E50DBF701FC0226FB
:10429000804660E5A8F1040302934FEA8C05D9E457
:1042A000669B022B11DC002B15DC7FF431AF002064
:1042B000002E3FF42BAFD7E70CA903F07F03022EAB
:1042C00041F822307FF447AD4BE6669B032B7FF429
:1042D0001FAF0020A9E7349826B1099A4FF0004398
:1042E00013604BE7099A0023136049E7A8D8030835
:1042F000F8B500BFF8BC08BC9E467047F8B500BFD3
:08430000F8BC08BC9E467047A2
:104308005B25755D1B5B313B33336D5B5741524E0B
:10431800494E475D1B5B306D3A20257328293A20AA
:10432800627365635F696E6974206572723D2564A6
:104338000A0000005B25755D1B5B313B33336D5B09
:104348005741524E494E475D1B5B306D3A202573ED
:1043580028293A20627365635F7365745F636F6EC3
:1043680066696775726174696F6E206572723D2542
:10437800640A00005B25755D1B5B313B33336D5B65
:104388005741524E494E475D1B5B306D3A202573AD
:1043980028293A207570646174655F737562736368
:1043A80072697074696F6E206572723D25640A00C7
:1043B8005B25755D1B5B313B33316D5B4552524F5D
:1043C800525D1B5B306D3A20627365635F73656E87
:1043D800736F725F636F6E74726F6C202825642927
:1043E8000A0000005B25755D1B5B313B33336D5B59
:1043F8005741524E494E475D1B5B306D3A20627300
:1044080065635F73656E736F725F636F6E74726FEF
:104418006C2025640A0000005B25755D1B5B313B41
:1044280033336D5B5741524E494E475D1B5B306DD0
:104438003A2070726F636573735F6461746120669C
:1044480061696C65640A00005B25755D1B5B313B27
:1044580033316D5B4552524F525D1B5B306D3A20D4
:10446800257328293A206F73546872656164466C15
:1044780061677357616974206661696C6564202897
:104488002564290A000000005B25755D1B5B313B34
:1044980033326D5B494E464F5D1B5B306D3A201BD6
:1044A8005B313B33336D5B425345435D201B5B30CF
:1044B8006D444F4E453A206961715B25752C202566
:1044C800755D2C20636F325B25752C2025755D2C5E
:1044D8002062766F635B25752C2025755D2C207412
:1044E800766F635B25752C2025755D0A000000003A
:1044F8005B25755D1B5B313B33326D5B494E464F27
:104508005D1B5B306D3A201B5B313B33336D5B4287
:104518005345435D201B5B306D257328293A205F86
:10452800626D65363978206973204E554C4C2C20C5
:10453800666561747572652064697361626C65642F
:104548000A0000005B25755D1B5B313B33316D5BF9
:104558004552524F525D1B5B306D3A202573282916
:104568003A20756E657870656374656420666C6161
:10457800677320282564290A000000005B25755D03
:104588001B5B313B33326D5B494E464F5D1B5B30E5
:104598006D3A201B5B313B33336D5B425345435DC2
:1045A800201B5B306D6D6F64653D25752C2064752F
:1045B800726174696F6E3D25752C20616363757235
:1045C8006163793D25750A005B25755D1B5B313B91
:1045D80033316D5B4552524F525D1B5B306D3A2053
:1045E8004153534552540A005B25755D1B5B313BB3
:1045F80033316D5B4552524F525D1B5B306D3A2033
:10460800257328293A20617267733A206475723DD0
:1046180025752C206163633D25752C206D6F6465BD
:104628003D25750A00000000627365635F74687257
:104638006561640000010204081000000101000225
:10464800000000000100010000000000010000005F
:10465800020000007369645F3930305F637562651A
:104668006964655F736D61727461635F776C6535EA
:10467800636300005B25755D1B5B313B33326D5B0B
:10468800494E464F5D1B5B306D3A204170706C6936
:10469800636174696F6E206E616D653A2025730AD7
:1046A80000000000312E312E300000005B25755DC2
:1046B8001B5B313B33326D5B494E464F5D1B5B30B4
:1046C8006D3A204170706C69636174696F6E207611
:1046D800657273696F6E2025730A00004465627500
:1046E800670000005B25755D1B5B313B33326D5BFA
:1046F800494E464F5D1B5B306D3A204170706C69C6
:10470800636174696F6E206275696C642074797076
:10471800653A2025730A00003066373963346237FA
:104728003765386130333130626530643130353463
:10473800316338393037396465356536393731632F
:104748002028646972747929000000005B25755D72
:104758001B5B313B33326D5B494E464F5D1B5B3013
:104768006D3A204170706C69636174696F6E206383
:104778006F6D6D697420686173683A2025730A004B
:104788004E2F41005B25755D1B5B313B33326D5B02
:10479800494E464F5D1B5B306D3A204170706C6925
:1047A800636174696F6E20636F6D6D6974206465F1
:1047B800736372697074696F6E3A2025730A00001A
:1047C8005631302E362E32005B25755D1B5B313B32
:1047D80033326D5B494E464F5D1B5B306D3A204668
:1047E80072656552544F53204B65726E656C3A2062
:1047F80025730A005B25755D1B5B313B33326D5BAE
:10480800494E464F5D1B5B306D3A2053544D333251
:1048180043756265574C3A2025752E25752E2575EA
:104828000A0000005B25755D1B5B313B33326D5B15
:10483800494E464F5D1B5B306D3A20486F737420BC
:104848004D43553A202573202830782558292C20A7
:104858007265766973696F6E3A20257320283078FF
:104868002558290A000000005B25755D1B5B313B5C
:1048780033316D5B4552524F525D1B5B306D3A20B0
:104888004D69736D61746368206265747765656EE0
:10489800205349444557414C4B5F524144494F5F6F
:1048A8005350495F494E5354414E43455F4241532B
:1048B8004520616E64205349444557414C4B5F5233
:1048C8004144494F5F5350492E496E7374616E637A
:1048D800652E20506C6561736520636865636B2085
:1048E800696E7465722D4D43552053504920636F8E
:1048F8006E66696775726174696F6E0A0000000000
:104908005B25755D1B5B313B33316D5B4552524F07
:10491800525D1B5B306D3A20736861726564206478
:1049280061746120696E69740A0000005B25755D19
:104938001B5B313B33316D5B4552524F525D1B5B04
:10494800306D3A2053544D3332574C7878205261A9
:1049580064696F2041707020696E697420666169AE
:104968006C65642E204572726F722025750A0000EE
:104978005B25755D1B5B313B33316D5B4552524F97
:10498800525D1B5B306D3A204661696C656420742A
:104998006F20696E697469616C697A6520757365E1
:1049A800722070617274206F66205544542E204521
:1049B80072726F722025750A00000000416476202B
:1049C8005472616365204D75746578005B25755D6B
:1049D8001B5B313B33316D5B4552524F525D1B5B64
:1049E800306D3A201B5B313B33316D464154414CAD
:1049F800204552524F522E2053797374656D20779B
:104A0800696C6C2062652072657365741B5B306D20
:104A18000A0000005B25755D1B5B313B33316D5B24
:104A28004552524F525D1B5B306D3A2048617264AB
:104A3800204661756C74206F636375727265640AD1
:104A4800000000005B25755D1B5B313B33316D5BFE
:104A58004552524F525D1B5B306D3A202D2D2D2D46
:104A68002D2D20535441434B204652414D4520445F
:104A7800554D50202D2D2D2D2D2D0A005B25755DB2
:104A88001B5B313B33316D5B4552524F525D1B5BB3
:104A9800306D3A20723020203D203078253038782B
:104AA8000A0000005B25755D1B5B313B33316D5B94
:104AB8004552524F525D1B5B306D3A2072312020B7
:104AC8003D203078253038780A0000005B25755D78
:104AD8001B5B313B33316D5B4552524F525D1B5B63
:104AE800306D3A20723220203D20307825303878D9
:104AF8000A0000005B25755D1B5B313B33316D5B44
:104B08004552524F525D1B5B306D3A207233202064
:104B18003D203078253038780A0000005B25755D27
:104B28001B5B313B33316D5B4552524F525D1B5B12
:104B3800306D3A20723132203D2030782530387877
:104B48000A0000005B25755D1B5B313B33316D5BF3
:104B58004552524F525D1B5B306D3A206C722020DB
:104B68003D203078253038780A0000005B25755DD7
:104B78001B5B313B33316D5B4552524F525D1B5BC2
:104B8800306D3A20706320203D2030782530387809
:104B98000A0000005B25755D1B5B313B33316D5BA3
:104BA8004552524F525D1B5B306D3A207073722034
:104BB8003D203078253038780A0000005B25755D87
:104BC8001B5B313B33316D5B4552524F525D1B5B72
:104BD800306D3A202D2D2D2D2D2D2D2D2D2D2D2DBA
:104BE8002D2D2D2D2D2D2D2D2D2D2D2D2D2D2D2DED
:104BF8002D2D0A005B25755D1B5B313B33316D5BE9
:104C08004552524F525D1B5B306D3A202D2D2D2D94
:104C18002D2D2D204641554C542044455441494C96
:104C280053202D2D2D2D2D2D2D2D0A005B25755D45
:104C38001B5B313B33316D5B4552524F525D1B5B01
:104C4800306D3A205343422D3E48465352203D2072
:104C58003078253038780A005B25755D1B5B313B61
:104C680033316D5B4552524F525D1B5B306D3A20BC
:104C7800202020204465627567206576656E740A79
:104C8800000000005B25755D1B5B313B33316D5BBC
:104C98004552524F525D1B5B306D3A202020202038
:104CA800466F7263656420486172644661756C740E
:104CB8000A0000005B25755D1B5B313B33316D5B82
:104CC8004552524F525D1B5B306D3A205343422D83
:104CD8003E43465352203D203078253038780A002C
:104CE8005B25755D1B5B313B33316D5B4552524F24
:104CF800525D1B5B306D3A20202020205573616780
:104D080065206661756C743A200A00005B25755D44
:104D18001B5B313B33316D5B4552524F525D1B5B20
:104D2800306D3A2020202020202020204469762041
:104D38006279207A65726F0A000000005B25755D54
:104D48001B5B313B33316D5B4552524F525D1B5BF0
:104D5800306D3A202020202020202020556E616CC4
:104D680069676E6564206163636573730A00000098
:104D78005B25755D1B5B313B33316D5B4552524F93
:104D8800525D1B5B306D3A202020202020202020FF
:104D98004E6F20636F70726F636573736F720A0072
:104DA8005B25755D1B5B313B33316D5B4552524F63
:104DB800525D1B5B306D3A202020202020202020CF
:104DC800457863657074696F6E2072657475726E6C
:104DD80020776974682061206261642076616C754F
:104DE8006520696E20746865204558435F524554B4
:104DF80055524E206E756D6265720A005B25755DB1
:104E08001B5B313B33316D5B4552524F525D1B5B2F
:104E1800306D3A202020202020202020416E206163
:104E28007474656D707420746F2073776974636827
:104E380020746F20616E20696E76616C69642073DE
:104E4800746174650A0000005B25755D1B5B313B6E
:104E580033316D5B4552524F525D1B5B306D3A20CA
:104E68002020202020202020556E646566696E650C
:104E78006420696E737472756374696F6E0A0000DA
:104E88005B25755D1B5B313B33316D5B4552524F82
:104E9800525D1B5B306D3A20202020204275732024
:104EA8004661756C743A200A000000005B25755D48
:104EB8001B5B313B33316D5B4552524F525D1B5B7F
:104EC800306D3A2020202020202020204275732099
:104ED8004661756C74204164647265737320566111
:104EE8006C69640A000000005B25755D1B5B313B43
:104EF80033316D5B4552524F525D1B5B306D3A202A
:104F08002020202020202020466C6F6174696E6765
:104F18002D506F696E74206C617A792073746163A7
:104F28006B696E67206572726F720A005B25755D2A
:104F38001B5B313B33316D5B4552524F525D1B5BFE
:104F4800306D3A20202020202020202053746163D7
:104F58006B206661756C740A000000005B25755D46
:104F68001B5B313B33316D5B4552524F525D1B5BCE
:104F7800306D3A202020202020202020556E737488
:104F880061636B696E67206572726F720A00000058
:104F98005B25755D1B5B313B33316D5B4552524F71
:104FA800525D1B5B306D3A202020202020202020DD
:104FB800507265636973652064617461206163631D
:104FC800657373206572726F720A00005B25755DE8
:104FD8001B5B313B33316D5B4552524F525D1B5B5E
:104FE800306D3A202020202020202020496E737424
:104FF80072756374696F6E2061636365737320658E
:1050080072726F720A0000005B25755D1B5B313B95
:1050180033316D5B4552524F525D1B5B306D3A2008
:10502800202020204D656D6F7279204661756C7463
:105038003A200A005B25755D1B5B313B33316D5BA4
:105048004552524F525D1B5B306D3A202020202084
:10505800202020204D656D6F7279204661756C7433
:1050680020416464726573732056616C69640A0038
:105078005B25755D1B5B313B33316D5B4552524F90
:10508800525D1B5B306D3A202020202020202020FC
:10509800466C6F6174696E672D506F696E74206C11
:1050A800617A79206D656D6F7279206572726F72A1
:1050B8000A0000005B25755D1B5B313B33316D5B7E
:1050C8004552524F525D1B5B306D3A202020202004
:1050D800202020204D656D6F727920737461636B99
:1050E800206661756C740A005B25755D1B5B313B3E
:1050F80033316D5B4552524F525D1B5B306D3A2028
:1051080020202020202020204D656D6F7279207589
:105118006E737461636B696E67206572726F720A71
:10512800000000005B25755D1B5B313B33316D5B17
:105138004552524F525D1B5B306D3A202020202093
:1051480020202020446174612061636365737320AB
:1051580076696F6C6174696F6E0A00005B25755D16
:105168001B5B313B33316D5B4552524F525D1B5BCC
:10517800306D3A202020202020202020496E737492
:1051880072756374696F6E206163636573732076EB
:10519800696F6C6174696F6E0A000000256473257D
:1051A8003033643A000000005B25755D1B5B313BC2
:1051B80033326D5B494E464F5D1B5B306D3A205371
:1051C800544D3332574C787820526164696F2041CE
:1051D800707020737461727465640A005B25755D74
:1051E8001B5B313B33316D5B4552524F525D1B5B4C
:1051F800306D3A20556E61626C6520746F2072655F
:1052080074726965766520486F737420436F6D6D9D
:10521800206576656E7420666C6167732E20457212
:10522800726F7220307825780A0000005B25755D62
:105238001B5B313B33316D5B4552524F525D1B5BFB
:10524800306D3A20486F737420636F6D6D20535032
:105258004920435243206572726F72206F636375F1
:10526800727265640A0000005B25755D1B5B313B4B
:1052780033316D5B4552524F525D1B5B306D3A20A6
:10528800486F737420636F6D6D20535049206572A9
:10529800726F72206F636375727265643A2030783A
:1052A80025780A005B25755D1B5B313B33326D5BEE
:1052B800494E464F5D1B5B306D3A20456E746572F2
:1052C800696E67204750494F2048616E6473686172
:1052D8006B6520737461746520627920616E206942
:1052E8006E7465726E616C20726571756573740A8F
:1052F800000000005B25755D1B5B313B33336D5B44
:105308005741524E494E475D1B5B306D3A20476FFF
:10531800742065787465726E616C2072657175654C
:10532800737420666F72204750494F2048616E643D
:105338007368616B650A00005B25755D1B5B313B1B
:1053480033336D5B5741524E494E475D1B5B306DA1
:105358003A204661696C656420746F20636C6561EE
:105368007220686F737420636F6D6D2053504920ED
:1053780054782F5278206275666665722E204572C1
:10538800726F722025752E2057696C6C20747279A3
:105398002066756C6C20535049207265696E69747B
:1053A8000A0000005B25755D1B5B313B33316D5B8B
:1053B8004552524F525D1B5B306D3A204661696C15
:1053C800656420746F20726573657420686F7374E8
:1053D80020636F6D6D205350492E204572726F7295
:1053E8002025752E2048616E647368616B65207393
:1053F8007461746520656E747279206661696C6584
:10540800640A00005B25755D1B5B313B33336D5BC4
:105418005741524E494E475D1B5B306D3A20436100
:105428006E277420737461727420686F73742063BC
:105438006F6D6D205350492062757320636F6D6DD9
:10544800756E69636174696F6E2E20412072657490
:1054580072792077696C6C20626520617474656D5F
:10546800707465640A0000005B25755D1B5B313B49
:1054780033316D5B4552524F525D1B5B306D3A20A4
:1054880043616E277420737461727420686F73743B
:1054980020636F6D6D205350492062757320636FD0
:1054A8006D6D756E69636174696F6E2E20556E72CD
:1054B80065636F76657261626C65206572726F7282
:1054C8002025750A000000005B25755D1B5B313BDC
:1054D80033316D5B4552524F525D1B5B306D3A2044
:1054E8004661696C656420746F2073657420486137
:1054F8006E647368616B6520526573706F6E736557
:1055080020535049207061796C6F61642E20534993
:105518004420526164696F206572726F722025752C
:105528000A0000005B25755D1B5B313B33316D5B09
:105538004552524F525D1B5B306D3A204661696C93
:10554800656420746F20656E7465722074686520C8
:1055580048616E647368616B652073746174650A71
:10556800000000005B25755D1B5B313B33316D5BD3
:105578004552524F525D1B5B306D3A2052756E6E2C
:10558800696E6720686F737420636F6D6D20527841
:1055980020534D20696E2073746174652048435F01
:1055A80052585F53544154455F4D53475F524543EA
:1055B80045495645440A00005B25755D1B5B313B38
:1055C80033316D5B4552524F525D1B5B306D3A2053
:1055D800486F737420636F6D6D20527820534D208F
:1055E800697320696E20756E6B6E6F776E207374A9
:1055F8006174653A2025750A000000005B25755D19
:105608001B5B313B33316D5B4552524F525D1B5B27
:10561800306D3A204661696C656420746F20707241
:105628006F63657373205369646577616C6B20528F
:105638006164696F2061707020636F6D6D616E6465
:105648002E204572726F722025750A005B25755DE4
:105658001B5B313B33316D5B4552524F525D1B5BD7
:10566800306D3A20486F737420636F6D6D2053500E
:10567800492052782070726F63657373696E672072
:10568800666174616C206572726F722025752E20B8
:10569800496E7465722D4D435520636F6D6D207290
:1056A80065736574206973207265717569726564C4
:1056B8000A0000005B25755D1B5B313B33316D5B78
:1056C8004552524F525D1B5B306D3A20556E6162F8
:1056D8006C6520746F20696E697469616C697A659C
:1056E800205369646577616C6B20526164696F202F
:1056F800535049206472697665722E204572726F24
:10570800722025750A0000005B25755D1B5B313B27
:1057180033316D5B4552524F525D1B5B306D3A2001
:105728004661696C656420746F20706572666F727B
:105738006D2053756247487A2064726976657220D5
:10574800696E697469616C697A6174696F6E2E201B
:105758004572726F722025750A0000005B25755D21
:105768001B5B313B33316D5B4552524F525D1B5BC6
:10577800306D3A20556E61626C6520746F206372DB
:1057880065617465205369646577616C6B2052614B
:1057980064696F20636F6D6D756E69636174696F9D
:1057A8006E2070726F63657373696E6720746173BE
:1057B8006B0A00005B25755D1B5B313B33336D5B0A
:1057C8005741524E494E475D1B5B306D3A2052653A
:1057D8007175657374656420746F20616464206EEC
:1057E800756C6C206461746120746F20686F7374C9
:1057F80020636F6D6D205350492054782071756572
:105808007565202D2069676E6F7265640A00000057
:105818005B25755D1B5B313B33316D5B4552524FE8
:10582800525D1B5B306D3A20556E61626C65207469
:105838006F2073656E642025752062797465732006
:1058480076696120686F737420636F6D6D205350A3
:10585800492E204D54552073697A65206C696D690D
:10586800742069732025750A000000005B25755DAA
:105878001B5B313B33316D5B4552524F525D1B5BB5
:10588800306D3A204661696C656420746F20656EDE
:1058980071756575652073696E676C65205350492D
:1058A800205478206672616D652E20547820464910
:1058B800464F2069732066756C6C0A005B25755D20
:1058C8001B5B313B33316D5B4552524F525D1B5B65
:1058D800306D3A204661696C656420746F20656E8E
:1058E80071756575652073696E676C6520535049DD
:1058F800205478206672616D652E2050414C2065D9
:1059080072726F722025750A000000005B25755DB4
:105918001B5B313B33316D5B4552524F525D1B5B14
:10592800306D3A204661696C656420746F20656E3D
:105938007175657565202575205350492054782068
:105948004C4454206672616D65732E20547820464D
:1059580049464F20686173206F6E6C792025752049
:105968006672656520736C6F74730A005B25755DDC
:105978001B5B313B33316D5B4552524F525D1B5BB4
:10598800306D3A204661696C656420746F20656EDD
:10599800717565756520535049205478204C4454DE
:1059A800206672616D65732E2050414C20657272BD
:1059B8006F722025750A000053494420486F73749C
:1059C800436F6D6D000000005B25755D1B5B313B0F
:1059D80033316D5B4552524F525D1B5B306D3A203F
:1059E80043616E6E6F7420686172642D72657365B1
:1059F80074205350492E20556E6B6E6F776E20536E
:105A0800504920696E7374616E6365202862617302
:105A18006520616464726573732030782578290A7B
:105A2800000000005B25755D1B5B313B33336D5B0C
:105A38005741524E494E475D1B5B306D3A204661D7
:105A4800696C656420746F20706572666F726D2072
:105A58005350492061626F72742E2048414C206572
:105A680072726F7220307825782E2057696C6C20FE
:105A78007472792068617264207265736574206934
:105A88006E73746561640A005B25755D1B5B313B51
:105A980033316D5B4552524F525D1B5B306D3A207E
:105AA8004661696C656420746F20706572666F72F8
:105AB8006D20535049206861726420726573657463
:105AC8002E2048414C206572726F722030782578FC
:105AD8002E204675727468657220696E69746961F2
:105AE8006C697A6174696F6E206973206E6F7420B7
:105AF800706F737369626C650A0000005B25755DE1
:105B08001B5B313B33316D5B4552524F525D1B5B22
:105B1800306D3A204661696C656420746F20737437
:105B28006172742053504920444D412052782063BB
:105B380068616E6E656C2E2048414C206572726FEC
:105B48007220307825780A005B25755D1B5B313B38
:105B580033316D5B4552524F525D1B5B306D3A20BD
:105B68004661696C656420746F2073746172742077
:105B780053504920444D41205478206368616E6E2B
:105B8800656C2E2048414C206572726F7220307807
:105B980025780A005B25755D1B5B313B33316D5BF6
:105BA8004552524F525D1B5B306D3A204661696C1D
:105BB800656420746F207374617274205350492097
:105BC800444D4120526571756573747320436F6E3F
:105BD80074726F6C20444D41206368616E6E656C11
:105BE8002E2048414C206572726F722030782578DB
:105BF8000A0000005B25755D1B5B313B33316D5B33
:105C08004552524F525D1B5B306D3A204661696CBC
:105C1800656420746F207374617274205350492036
:105C280053434B2050696E20436F6E74726F6C2023
:105C3800444D41206368616E6E656C2E2048414C6E
:105C4800206572726F7220307825780A0000000093
:105C58005B25755D1B5B313B33316D5B4552524FA4
:105C6800525D1B5B306D3A20486F737420636F6D13
:105C78006D2053504920696E697469616C697A6155
:105C880074696F6E206661696C65642E2048414CAA
:105C9800206572726F7220307825780A0000000043
:105CA8005B25755D1B5B313B33336D5B5741524E52
:105CB800494E475D1B5B306D3A20535049204E5387
:105CC8005320697320616374697661746564206226
:105CD80065666F726520535049206973207374613B
:105CE800727465642E2057616974696E6720666FE7
:105CF80072204E53532064656163746976617469D8
:105D08006F6E2E2E2E0A00005B25755D1B5B313BE6
:105D180033316D5B4552524F525D1B5B306D3A20FB
:105D2800535049204E535320697320616374697638
:105D380061746564206265666F72652053504920FE
:105D4800697320737461727465642E2054696D657B
:105D58006F7574206F6E20776169740A0000000007
:105D68005B25755D1B5B313B33316D5B4552524F93
:105D7800525D1B5B306D3A204661696C6564207426
:105D88006F20656E61626C6520444D414D55582009
:105D98007265717565737420666F7220535049205F
:105DA800444D41205265717565737420436F6E745C
:105DB800726F6C206368616E6E656C2E2048414C72
:105DC800206572726F7220307825780A0000000012
:105DD8005B25755D1B5B313B33316D5B4552524F23
:105DE800525D1B5B306D3A204661696C65642074B6
:105DF8006F20656E61626C6520444D414D55582099
:105E08007265717565737420666F722053504920EE
:105E180053434B2050696E20436F6E74726F6C2031
:105E28006368616E6E656C2E2048414C2065727205
:105E38006F7220307825780A000000005B25755DB8
:105E48001B5B313B33316D5B4552524F525D1B5BDF
:105E5800306D3A20535049204E535320676F7420B9
:105E6800616374697661746564207768696C65201C
:105E7800535049206973207374617274696E672E78
:105E88002053504920776173206E6F7420737461BA
:105E98007274656420746F2061766F696420756E12
:105EA800646566696E6564206265686176696F72AB
:105EB8000A0000005B25755D1B5B313B33316D5B70
:105EC8004552524F525D1B5B306D3A20486F7374D8
:105ED80020636F6D6D20535049207265696E697437
:105EE80069616C697A6174696F6E206661696C6555
:105EF800642E2048414C206572726F7220307825DC
:105F0800780A00005B25755D1B5B313B33316D5BA7
:105F18004552524F525D1B5B306D3A204661696CA9
:105F2800656420746F2065786563757465205375A2
:105F38006247487A20636D642E20436D643A2030AE
:105F480078253032582C2048414C5F5355424748F9
:105F58005A206572723A20307825780A00000000CD
:105F68002B0000005B25755D1B5B313B33316D5B9E
:105F78004552524F525D1B5B306D3A205265717528
:105F8800657374696E672048504120666F722053AC
:105F9800756247487A2054782C206275742074689A
:105FA8006520626F61726420646F6573206E6F7420
:105FB80020737570706F72742069740A0000000095
:105FC8005B25755D1B5B313B33316D5B4552524F31
:105FD800525D1B5B306D3A2052657175657374694B
:105FE8006E67204C504120666F7220537562474897
:105FF8007A2054782C206275742074686520626F4A
:1060080061726420646F6573206E6F74207375709D
:10601800706F72742069740A000000005B25755D5A
:106028001B5B313B33316D5B4552524F525D1B5BFD
:10603800306D3A20556E6B6E6F776E2053756247E0
:10604800487A20524249205478206361706162691D
:106058006C6974696573202830782558290A00000E
:106068005B25755D1B5B313B33316D5B4552524F90
:10607800525D1B5B306D3A204661696C6564207423
:106088006F2077726974652053756247487A207269
:1060980065672E205265673A203078253034582CB1
:1060A8002048414C5F53554247485A206572723A1E
:1060B80020307825780A00005B25755D1B5B313B35
:1060C80033316D5B4552524F525D1B5B306D3A2048
:1060D8004661696C656420746F2072656164205341
:1060E800756247487A207265672E205265673A20A4
:1060F8003078253034582C2048414C5F535542475E
:10610800485A206572723A20307825780A000000D3
:106118005B25755D1B5B313B33336D5B5741524EDD
:10612800494E475D1B5B306D3A20547820706F777D
:106138006572207361747572617465642066726F2C
:106148006D202573256464426D20746F20257325A6
:106158006464426D2064756520746F204857206C14
:10616800696D69746174696F6E730A005B25755D8A
:106178001B5B313B33326D5B494E464F5D1B5B30D9
:106188006D3A2053756247487A20547820706F77AB
:1061980065722073657420746F20257325646442CA
:1061A8000A0000005B25755D1B5B313B33316D5B7D
:1061B8004552524F525D1B5B306D3A204661696C07
:1061C800656420746F20616363657373205375621F
:1061D80047487A2E2048414C5F53554247485A2039
:1061E8006572723A20307825780A00005B25755D63
:1061F8001B5B313B33316D5B4552524F525D1B5B2C
:10620800306D3A204661696C656420746F20656E54
:1062180071756575652053756247487A20495251F2
:106228002073746174757320535049206672616DD0
:10623800652E204843206572726F722025750A000A
:106248005B25755D1B5B313B33316D5B4552524FAE
:10625800525D1B5B306D3A204661696C6564207441
:106268006F20656E71756575652053756247487A4C
:106278002049525120666F6C6C6F772D75702064C1
:106288006174612E204843206572726F72202575F3
:106298000A0000005B25755D1B5B313B33316D5B8C
:1062A8004552524F525D1B5B306D3A205544542085
:1062B8002D206572726F72207768696C652077612E
:1062C8006974696E672064726976657220726561A7
:1062D80064696E6573732E204572726F7220666CE6
:1062E800616773203078253038580A005B25755D62
:1062F8001B5B313B33316D5B4552524F525D1B5B2B
:10630800306D3A20554454202D206572726F7220EA
:106318007768696C652077616974696E6720554490
:106328005420656E61626C656D656E742E204572D1
:10633800726F7220666C6167732030782530385828
:106348000A0000005B25755D1B5B313B33316D5BDB
:106358004552524F525D1B5B306D3A204661696C65
:10636800656420746F2073656E6420554454206DF5
:106378006573736167652E204572726F722025758B
:106388000A0000005B25755D1B5B313B33336D5B99
:106398005741524E494E475D1B5B306D3A2055447C
:1063A80054207472616E7366657220736B697070C5
:1063B8006564202D20656D70747920646174612096
:1063C80070726F76696465640A0000005B25755D0C
:1063D8001B5B313B33316D5B4552524F525D1B5B4A
:1063E800306D3A20556E6578706563746564206514
:1063F80072726F72207768696C6520616363657378
:1064080073696E67205544542071756575652E2033
:106418004F53206572726F72203078253038780AB1
:10642800000000005B25755D1B5B313B33316D5B04
:106438004552524F525D1B5B306D3A204661696C84
:10644800656420746F20636F6E6669677572652076
:1064580053756247487A20616E74656E6E61207369
:1064680077697463682E20524249206572726F7290
:106478002025642C20737769746368206366673A03
:106488002025750A000000005B25755D1B5B313B0C
:1064980033316D5B4552524F525D1B5B306D3A2074
:1064A8004661696C656420746F2073657420537548
:1064B8006247487A20726164696F206D6F64652E47
:1064C800204572726F722025750A00005B25755D84
:1064D8001B5B313B33316D5B4552524F525D1B5B49
:1064E800306D3A204661696C656420746F2073745E
:1064F8006172742053756247487A2054782E20457B
:1065080072726F722025750A0000000046534B0016
:106518004C6F526100000000556E646566696E65D7
:1065280064000000756E6B6E6F776E005B25755D9D
:106538001B5B313B33336D5B5741524E494E475DD0
:106548001B5B306D3A20417474656D707420746FF4
:1065580020736574206D6F64656D206D6F646520B0
:106568006265666F72652053756247487A20636F6B
:106578006E6669672069732073656E740A0000008F
:106588005B25755D1B5B313B33316D5B4552524F6B
:10659800525D1B5B306D3A205F7369645F726164A2
:1065A800696F5F636F6E766572745F746F5F706832
:1065B800795F6C6F72615F6D6F645F706172616D3E
:1065C800733A20636F64696E672072617465207323
:1065D800656C6563746F72206973206E6F742073C5
:1065E8007570706F727465642C207265717565734F
:1065F80074656420435220697320307825780A0036
:106608005B25755D1B5B313B33316D5B4552524FEA
:10661800525D1B5B306D3A2043616E6E6F74206172
:1066280070706C792046534B2073796E6320776FB6
:106638007264202D6974277320746F6F206C6F6EDD
:106648006720282575207673202575290A00000003
:106658005B25755D1B5B313B33316D5B4552524F9A
:10666800525D1B5B306D3A204661696C656420742D
:106678006F207365742053756247487A206D6F6484
:10668800656D206D6F64652E20556E6B6E6F776E2D
:10669800206D6F64652072657175657273746564C9
:1066A800202830782578290A000000005B25755DD0
:1066B8001B5B313B33326D5B494E464F5D1B5B3094
:1066C8006D3A2053756247487A20726164696F2079
:1066D8006D6F64656D2073657420746F2025732059
:1066E8006D6F64650A0000005B25755D1B5B313BBF
:1066F80033316D5B4552524F525D1B5B306D3A2012
:106708004661696C656420746F20736574205375E5
:106718006247487A20726164696F206D6F64656DA5
:1067280020746F202573206D6F64652E204572726A
:106738006F723A2025750A005B25755D1B5B313B3E
:1067480033316D5B4552524F525D1B5B306D3A20C1
:1067580053756247487A20696E6974206661696C6E
:10676800757265202D20756E61626C6520746F20CE
:1067780070757420726164696F20696E746F20533C
:1067880074616E6462792052432073746174652E5B
:10679800204572726F722025750A00005B25755DB1
:1067A8001B5B313B33316D5B4552524F525D1B5B76
:1067B800306D3A204661696C656420746F20656E9F
:1067C80061626C6520534D505320636C6F636B207E
:1067D800646574656374696F6E2E204170706C69AE
:1067E800656420636F6E6669673A203078253032B9
:1067F800582C20726561646261636B20636F6E66FA
:1068080069673A203078253032580A005B25755D73
:106818001B5B313B33336D5B5741524E494E475DED
:106828001B5B306D3A20485345205443584F207025
:106838006F7765722069732064697361626C65643F
:106848002C2066616C6C696E67206261636B2074D2
:106858006F205854414C0A005B25755D1B5B313B2A
:1068680033316D5B4552524F525D1B5B306D3A20A0
:1068780053756247487A20696E6974206661696C4D
:10688800757265202D20756E61626C6520746F20AD
:1068980070757420726164696F20696E746F20531B
:1068A80074616E64627920584F5343207374617425
:1068B800652E204572726F722025750A000000004F
:1068C8005B25755D1B5B313B33336D5B5741524E26
:1068D800494E475D1B5B306D3A2043616E2774203B
:1068E80072657365742053756247487A20706572C3
:1068F8006970686572616C202D206F7065726174B3
:10690800696F6E2074696D656F75742E20412072F1
:10691800657472792077696C6C2062652061747483
:10692800656D707465640A005B25755D1B5B313BA2
:1069380033316D5B4552524F525D1B5B306D3A20CF
:106948004661696C656420746F20706572666F7249
:106958006D2053756247487A206861726477617266
:106968006520696E697469616C697A6174696F6EB2
:106978002E204572726F722025750A005B25755DA1
:106988001B5B313B33316D5B4552524F525D1B5B94
:10699800306D3A2043616E277420726573657420E8
:1069A80053756247487A20706572697068657261CC
:1069B8006C2E20556E7265636F76657261626C65C8
:1069C800206572726F722025750A00005B25755D5F
:1069D8001B5B313B33316D5B4552524F525D1B5B44
:1069E800306D3A2045787465726E616C20726571FD
:1069F8007565737420746F207265736574205375A0
:106A08006247487A207065726970686572616C20A7
:106A180072656A6563746564202D20696E76616CA1
:106A28006964206B65797320286B313A20307825AA
:106A38003038782C206B323A203078253038782955
:106A48000A0000005B25755D1B5B313B33316D5BD4
:106A58004552524F525D1B5B306D3A204661696C5E
:106A6800656420746F207365742049525120696EE3
:106A78006469636174696F6E2075706F6E205375F9
:106A88006247487A20526573657420636F6D706C35
:106A98006574696F6E2E204572726F722025750AB3
:106AA800000000005B25755D1B5B313B33316D5B7E
:106AB8004552524F525D1B5B306D3A20554454206D
:106AC8002D206661696C656420746F2073746F7023
:106AD800206375742D6F66662074696D65722E204B
:106AE8004572726F722025640A0000005B25755D8F
:106AF8001B5B313B33316D5B4552524F525D1B5B23
:106B0800306D3A20554454202D206661696C6564C7
:106B180020746F20736574206375742D6F6666200A
:106B280074696D657220706572696F642E20457294
:106B3800726F722025640A005B25755D1B5B313B13
:106B480033316D5B4552524F525D1B5B306D3A20BD
:106B5800554454202D206661696C656420746F204B
:106B68007374617274206375742D6F66662074691E
:106B78006D65722E204572726F722025640A0000BE
:106B88005B25755D1B5B313B33336D5B5741524E63
:106B9800494E475D1B5B306D3A204661696C656400
:106BA80020746F207265636F6E6669677572652001
:106BB8005544542E204572726F722025750A0000C4
:106BC8005B25755D1B5B313B33336D5B5741524E23
:106BD800494E475D1B5B306D3A204661696C6564C0
:106BE80020746F20656E61626C65205544542E20B8
:106BF8004572726F722025750A0000005B25755D6D
:106C08001B5B313B33316D5B4552524F525D1B5B11
:106C1800306D3A204661696C656420746F20736535
:106C2800742049525120696E6469636174696F6E9A
:106C38002075706F6E2053756247487A20536C65D3
:106C4800657020636F6D706C6574696F6E2E20457A
:106C580072726F722025750A000000005B25755D51
:106C68001B5B313B33316D5B4552524F525D1B5BB1
:106C7800306D3A204661696C656420746F207365D5
:106C8800742049525120696E6469636174696F6E3A
:106C98002075706F6E2053756247487A205374616F
:106CA8006E64627920636F6D706C6574696F6E2EA7
:106CB800204572726F722025750A00005B25755D8C
:106CC8001B5B313B33316D5B4552524F525D1B5B51
:106CD800306D3A204661696C656420746F2061707C
:106CE800706C792053756247487A20526164696FE5
:106CF80020636F6E66696775726174696F6E2E20A6
:106D080052656365697665642025752062797465C6
:106D180073206275742065787065637465642025D6
:106D2800750A00005B25755D1B5B313B33316D5B7C
:106D38004552524F525D1B5B306D3A204661696C7B
:106D4800656420746F2061636B6E6F776C65646730
:106D5800652053756247487A20526164696F204301
:106D68006F6E66696775726174696F6E207265719E
:106D7800756573742E204572726F722025750A002E
:106D88005B25755D1B5B313B33326D5B494E464F6E
:106D98005D1B5B306D3A20526563656976656420DA
:106DA80053756247487A20636F6E666967757261CA
:106DB80074696F6E0A0000005B25755D1B5B313BD3
:106DC80033316D5B4552524F525D1B5B306D3A203B
:106DD80053756247487A20686172647761726520EA
:106DE800696E697420726571756573746564206273
:106DF80065666F726520686F7374204D4355207304
:106E08007570706C6965642053756247487A2063B1
:106E18006F6E6669670A00005B25755D1B5B313B19
:106E280033316D5B4552524F525D1B5B306D3A20DA
:106E38004661696C656420746F20736574204952DB
:106E48005120696E6469636174696F6E2075706F33
:106E58006E2053756247487A2062617365204857EF
:106E680020696E697420636F6D706C6574696F6EEC
:106E78002E204572726F722025750A005B25755D9C
:106E88001B5B313B33316D5B4552524F525D1B5B8F
:106E9800306D3A20496E76616C696420667265715E
:106EA80075656E792062616E6420737065636966CA
:106EB8006965643A2025750A000000005B25755D48
:106EC8001B5B313B33316D5B4552524F525D1B5B4F
:106ED800306D3A204661696C656420746F20736573
:106EE800742053756247487A206672657175656EBD
:106EF800637920746F2025752E204572726F722079
:106F080025750A005B25755D1B5B313B33336D5B73
:106F18005741524E494E475D1B5B306D3A204174D4
:106F280074656D707420746F20636F6E6669677521
:106F380072652053756247487A20547820706F77BD
:106F48006572206265666F72652074686520636F7C
:106F58006E6669672069732073656E740A000000A5
:106F68005B25755D1B5B313B33316D5B4552524F81
:106F7800525D1B5B306D3A204661696C6564207414
:106F88006F207365742053756247487A20547820BF
:106F9800706F77657220746F202573256464422EA4
:106FA800204572726F722025750A00005B25755D99
:106FB8001B5B313B33336D5B5741524E494E475D46
:106FC8001B5B306D3A20417474656D707420746F6A
:106FD80020736574206D6F64656D2073796E63200E
:106FE800776F7264206265666F72652053756247B9
:106FF800487A20636F6E6669672069732073656ECF
:10700800740A00005B25755D1B5B313B33336D5B98
:107018005741524E494E475D1B5B306D3A20496ED1
:1070280076616C6964206D6F64656D20737065634B
:10703800696669656420666F7220536574205379A8
:107048006E6320576F726420636D643A2025750A59
:10705800000000005B25755D1B5B313B33336D5BC6
:107068005741524E494E475D1B5B306D3A20417483
:1070780074656D707420746F20736574204C6F5242
:10708800612073796D626F6C2074696D656F7574BA
:10709800206265666F72652053756247487A20637F
:1070A8006F6E6669672069732073656E740A0000E5
:1070B8005B25755D1B5B313B33316D5B4552524F30
:1070C800525D1B5B306D3A204661696C65642074C3
:1070D8006F206170706C79204C6F52612073796DEC
:1070E800626F6C2074696D656F7574207365747454
:1070F800696E672E204572726F722025750A00002E
:107108005B25755D1B5B313B33336D5B5741524EDD
:10711800494E475D1B5B306D3A20417474656D7054
:107128007420746F20736574204C6F5261206D6FEA
:1071380064756C6174696F6E20706172616D732023
:107148006265666F72652053756247487A20636F7F
:107158006E6669672069732073656E740A000000A3
:107168005B25755D1B5B313B33316D5B4552524F7F
:10717800525D1B5B306D3A204661696C6564207412
:107188006F206170706C79204C6F5261206D6F6454
:10719800756C6174696F6E20706172616D732E20F9
:1071A8004572726F722025750A0000005B25755DB7
:1071B8001B5B313B33336D5B5741524E494E475D44
:1071C8001B5B306D3A20417474656D707420746F68
:1071D80020736574204C6F5261207061636B657415
:1071E80020706172616D73206265666F72652053ED
:1071F800756247487A20636F6E66696720697320F5
:1072080073656E740A0000005B25755D1B5B313B7E
:1072180033316D5B4552524F525D1B5B306D3A20E6
:107228004661696C656420746F206170706C7920A8
:107238004C6F5261207061636B657420706172617C
:107248006D732E204572726F722025750A0000003A
:107258005B25755D1B5B313B33336D5B5741524E8C
:10726800494E475D1B5B306D3A20417474656D7003
:107278007420746F20736574204C6F5261204341F1
:107288004420706172616D73206265666F7265205B
:1072980053756247487A20636F6E66696720697321
:1072A8002073656E740A00005B25755D1B5B313BBE
:1072B80033316D5B4552524F525D1B5B306D3A2046
:1072C8004661696C656420746F206170706C792008
:1072D8004C6F52612043414420706172616D732E7E
:1072E800204572726F722025750A00005B25755D56
:1072F8001B5B313B33336D5B5741524E494E475D03
:107308001B5B306D3A20417474656D707420746F26
:107318002046534B206D6F64756C6174696F6E20E5
:10732800706172616D73206265666F726520537556
:107338006247487A20636F6E6669672069732073B5
:10734800656E740A000000005B25755D1B5B313BB0
:1073580033316D5B4552524F525D1B5B306D3A20A5
:107368004661696C656420746F206170706C792067
:1073780046534B206D6F64756C6174696F6E207035
:107388006172616D732E204572726F722025750AC5
:10739800000000005B25755D1B5B313B33336D5B83
:1073A8005741524E494E475D1B5B306D3A20417440
:1073B80074656D707420746F207365742046534B28
:1073C800207061636B657420706172616D732062F7
:1073D80065666F72652053756247487A20636F6EE1
:1073E8006669672069732073656E740A000000007F
:1073F8005B25755D1B5B313B33316D5B4552524FED
:10740800525D1B5B306D3A204661696C656420747F
:107418006F206170706C792046534B207061636BEC
:10742800657420706172616D732E204572726F727F
:107438002025750A000000005B25755D1B5B313B4C
:1074480033316D5B4552524F525D1B5B306D3A20B4
:107458004661696C656420746F2073657420537588
:107468006247487A205478206275666665722E20D5
:107478004279746573207772697474656E3A202551
:10748800752C2065787065637465643A2025752CC1
:10749800206572726F722025750A00005B25755D84
:1074A8001B5B313B33336D5B5741524E494E475D51
:1074B8001B5B306D3A20417474656D707420746F75
:1074C800207374617274205478206265666F7265E7
:1074D8002053756247487A20636F6E666967206932
:1074E800732073656E740A005B25755D1B5B313B09
:1074F80033316D5B4552524F525D1B5B306D3A2004
:107508004661696C656420746F20737461727420BD
:1075180053756247487A2054782E204572726F72EC
:107528002025752E204D6F64656D206D6F64653A5A
:107538002025750A000000005B25755D1B5B313B4B
:1075480033336D5B5741524E494E475D1B5B306D7F
:107558003A20417474656D707420746F207374617F
:107568007274205278206265666F72652053756266
:1075780047487A20636F6E66696720697320736570
:107588006E740A005B25755D1B5B313B33316D5BA7
:107598004552524F525D1B5B306D3A204661696C13
:1075A800656420746F207374617274205375624728
:1075B800487A2052782E204572726F722025750AFB
:1075C800000000005B25755D1B5B313B33336D5B51
:1075D8005741524E494E475D1B5B306D3A2041740E
:1075E80074656D707420746F2073746172742046B2
:1075F800534B20636172726965722073656E73659F
:10760800206265666F72652053756247487A206309
:107618006F6E6669672069732073656E740A00006F
:107628005B25755D1B5B313B33316D5B4552524FBA
:10763800525D1B5B306D3A2046534B204353206507
:10764800786974206D6F64652030782558206973D7
:10765800206E6F7420737570706F727465640A00A1
:107668005B25755D1B5B313B33316D5B4552524F7A
:10767800525D1B5B306D3A204661696C656420740D
:107688006F2073746172742043617272696572202D
:1076980053656E73652E204572726F722025750AC8
:1076A800000000005B25755D1B5B313B33336D5B70
:1076B8005741524E494E475D1B5B306D3A20436F30
:1076C8006D6D616E642053544152545F43575F544B
:1076D80058206973206E6F7420737570706F7274A0
:1076E80065640A005B25755D1B5B313B33336D5B5D
:1076F8005741524E494E475D1B5B306D3A20436FF0
:107708006D6D616E642053544152545F494E464931
:107718004E4954455F50424C5F5458206973206E5F
:107728006F7420737570706F727465640A0000005E
:107738005B25755D1B5B313B33336D5B5741524EA7
:10774800494E475D1B5B306D3A20436F6D6D616E2E
:10775800642053544152545F434F4E54494E494F4D
:1077680055535F5258206973206E6F74207375707B
:10777800706F727465640A005B25755D1B5B313B35
:1077880033336D5B5741524E494E475D1B5B306D3D
:107798003A20436F6D6D616E64205345545F5258B3
:1077A8005F445554595F4359434C45206973206ED3
:1077B8006F7420737570706F727465640A000000CE
:1077C8005B25755D1B5B313B33336D5B5741524E17
:1077D800494E475D1B5B306D3A20436F6D6D616E9E
:1077E800642053544152545F4C4F52415F434144CB
:1077F800206973206E6F7420737570706F72746572
:10780800640A00005B25755D1B5B313B33336D5BA0
:107818005741524E494E475D1B5B306D3A20436FCE
:107828006D6D616E64204745545F4C4956455F5203
:10783800535349206973206E6F7420737570706F8D
:10784800727465640A0000005B25755D1B5B313B43
:1078580033336D5B5741524E494E475D1B5B306D6C
:107868003A20436F6D6D616E6420434845434B5F1A
:107878004348414E4E454C5F46524545206973206A
:107888006E6F7420737570706F727465640A00008F
:107898005B25755D1B5B313B33336D5B5741524E46
:1078A800494E475D1B5B306D3A20436F6D6D616ECD
:1078B80064204745545F4348414E4E454C5F4E4F08
:1078C800495345206973206E6F7420737570706F0B
:1078D800727465640A0000005B25755D1B5B313BB3
:1078E80033316D5B4552524F525D1B5B306D3A2010
:1078F800526563656976656420616E20756E6B6E8E
:107908006F776E205369646577616C6B2052616490
:10791800696F20417070204F70436F64653A203062
:107928007825582C20307825580A00005B25755D8D
:107938001B5B313B33326D5B494E464F5D1B5B3001
:107948006D3A2053756247487A206672657175658D
:107958006E63792062616E642073657420746F2091
:1079680025730A003930322D393238204D487A00D3
:107978005B25755D1B5B313B33316D5B4552524F67
:10798800525D1B5B306D3A204661696C65642074FA
:107998006F20726561642025752062797465732093
:1079A80066726F6D2053756247487A206275666605
:1079B80065722E2048414C5F53554247485A20650E
:1079C80072723A20307825780A0000005B25755DD0
:1079D8001B5B313B33316D5B4552524F525D1B5B34
:1079E800306D3A204661696C656420746F20726559
:1079F80061642053756247487A20696E7465726EB7
:107A0800616C2052414D206275666665722E204574
:107A180072726F722025750A000000005B25755D83
:107A28001B5B313B33316D5B4552524F525D1B5BE3
:107A3800306D3A204661696C656420746F20726508
:107A480061642053756247487A204C6F52612070F8
:107A580061636B6574207374617475732E2045724D
:107A6800726F722025750A005B25755D1B5B313BC3
:107A780033316D5B4552524F525D1B5B306D3A207E
:107A88004661696C656420746F2072656164205377
:107A9800756247487A204C6F526120686561646559
:107AA8007220435243207374617475732E204861A9
:107AB8006C206572726F7220307825780A00000099
:107AC8005B25755D1B5B313B33316D5B4552524F16
:107AD800525D1B5B306D3A2052656365697665645B
:107AE8002053756247487A20527820446F6E65208B
:107AF8004952512C2062757420616374697665203F
:107B08006D6F64656D206D6F64652028257529206B
:107B1800697320696E76616C69640A005B25755D1E
:107B28001B5B313B33336D5B5741524E494E475DCA
:107B38001B5B306D3A20556E6578706563746564BB
:107B48002053756247487A2049525120646574650C
:107B5800637465643A203078253034582E204E6F8F
:107B68002068616E646C6572732061737369676EF7
:107B7800656420746F2069742E20416C6C207265D6
:107B8800706F727465643A203078253034580A0072
:107B98005B25755D1B5B313B33336D5B5741524E43
:107BA800494E475D1B5B306D3A20556E68616E64C7
:107BB8006C65642053756247487A20495251732096
:107BC8006964656E7469666965642E205265706FB4
:107BD800727465643A203078253034782C20756EBC
:107BE80068616E646C65643A203078253034780AB0
:107BF800000000005B25755D1B5B313B33316D5B1D
:107C08004552524F525D1B5B306D3A2053756247A7
:107C1800487A204952512070726F636573732065EA
:107C280072726F722025752E204952513A20307891
:107C38002530345820726164696F207374617465EB
:107C48003A2025752C206D6F64656D2025750A0016
:107C58005B25755D1B5B313B33316D5B4552524F84
:107C6800525D1B5B306D3A204661696C6564207417
:107C78006F2063726561746520726164696F207436
:107C8800696D656F7574206D6F6E69746F722E20E3
:107C98004572726F722025640A0000005B25755DCD
:107CA8001B5B313B33316D5B4552524F525D1B5B61
:107CB800306D3A2043616E27742063726561746584
:107CC800205544542073757370656E642074696D13
:107CD80065722E204572726F722025640A000000BA
:107CE8005B25755D1B5B313B33316D5B4552524FF4
:107CF800525D1B5B306D3A2043616E2774206372BE
:107D08006561746520554454206D657373616765BA
:107D18002071756575652E204E6F206D656D6F72CB
:107D2800790A00005B25755D1B5B313B33316D5B68
:107D38004552524F525D1B5B306D3A2043616E27AE
:107D48007420637265617465205544542070726FA5
:107D580063657373696E67207468726561642E2049
:107D68004E6F206D656D6F72790A00005B25755D39
:107D78001B5B313B33316D5B4552524F525D1B5B90
:107D8800306D3A204661696C656420746F20696EB5
:107D9800697469616C697A65205544542073657209
:107DA800766963652E204572726F722025750A0008
:107DB8003836332D383730204D487A003737392D4B
:107DC800373837204D487A003437302D3531302058
:107DD8004D487A003433302D343430204D487A0001
:107DE800574C78785F554454000000005B25755D5A
:107DF8001B5B313B33336D5B5741524E494E475DF8
:107E08001B5B306D3A20257328293A20703D307865
:107E1800253038582C20733D25750A005B25755D83
:107E28001B5B313B33336D5B5741524E494E475DC7
:107E38001B5B306D3A20257328293A2064617461F0
:107E48005F6C656E3D25752C20657870656374657B
:107E5800643D25750A0000005B25755D1B5B313BA1
:107E680033316D5B4552524F525D1B5B306D3A208A
:107E7800257328293A206D616C6C6F63202830784F
:107E880025303858290A00005B25755D1B5B313B9E
:107E980033316D5B4552524F525D1B5B306D3A205A
:107EA800257328293A20656E717565756520696E98
:107EB800636F6D696E67205044552C20737461742C
:107EC80075733D25640A00005B25755D1B5B313BBE
:107ED80033316D5B4552524F525D1B5B306D3A201A
:107EE800257328293A207369645F686F73745F6328
:107EF8006F6D6D5F73656E645F757365725F6461E6
:107F08007461206661696C65642C206572723D2518
:107F1800640A00005B25755D1B5B313B33316D5B8B
:107F28004552524F525D1B5B306D3A20257328290C
:107F38003A207761697420666F7220574241204168
:107F4800434B206661696C65642C20666C616773BD
:107F58003D3078253038580A000000005B25755DF3
:107F68001B5B313B33316D5B4552524F525D1B5B9E
:107F7800306D3A20257328293A20676574206D737F
:107F880067206572723D25640A0000005B25755DF7
:107F98001B5B313B33336D5B5741524E494E475D56
:107FA8001B5B306D3A201B5B313B33366D5B5544B0
:107FB800545D201B5B306D257328293A20574241B8
:107FC80020616C7265616479206D61726B656420F3
:107FD80072656164790A00005B25755D1B5B313B46
:107FE80033316D5B4552524F525D1B5B306D3A2009
:107FF800257328293A206362206973204E554C4C1A
:1080080020666F7220746F6B656E2025750A0000FC
:108018005B25755D1B5B313B33316D5B4552524FC0
:10802800525D1B5B306D3A20257328293A20626126
:108038006420736C697374206E6F64652076616C5C
:1080480075650A005B25755D1B5B313B33326D5BE3
:10805800494E464F5D1B5B306D3A201B5B313B330D
:10806800366D5B5544545D201B5B306D25732829A4
:108078003A20574241207265706F727465642073AC
:10808800746174653D3078253038580A0000000066
:108098005B25755D1B5B313B33336D5B5741524E3E
:1080A800494E475D1B5B306D3A201B5B313B3336D5
:1080B8006D5B5544545D201B5B306D257328293A50
:1080C80020746B6E3D2564206E6F7420666F756E2C
:1080D8006420696E20696E2D666C69676874206C0F
:1080E8006973740A000000005B25755D1B5B313BFA
:1080F80033316D5B4552524F525D1B5B306D3A20F8
:10810800257328293A20746B6E3D257520696E2DDC
:10811800666C6967687420776974682063623D3D9E
:108128004E554C4C0A0000005B25755D1B5B313BCE
:1081380033336D5B5741524E494E475D1B5B306D83
:108148003A20257328293A20756E6B6E6F776E205A
:108158006F703D25750A00005B25755D1B5B313B23
:1081680033316D5B4552524F525D1B5B306D3A2087
:10817800257328293A20464154414C204552524FF4
:10818800520A00005B25755D1B5B313B33326D5B2A
:10819800494E464F5D1B5B306D3A201B5B313B33CC
:1081A800366D5B5544545D201B5B306D7761697497
:1081B800696E6720666F7220574241207369646553
:1081C8002072656164792E2E2E0A00005B25755D8C
:1081D8001B5B313B33316D5B4552524F525D1B5B2C
:1081E800306D3A20257328293A2077616974205721
:1081F800424120737461746520666C6167733D2524
:10820800640A00005B25755D1B5B313B33316D5B98
:108218004552524F525D1B5B306D3A202573282919
:108228003A207265717565737420574241207374E2
:108238006174652C205544542073656E6420657202
:10824800723D25640A0000005B25755D1B5B313BB0
:1082580033316D5B4552524F525D1B5B306D3A2096
:10826800257328293A206661696C656420746F203B
:1082780070726F6365737320696E626F756E6420C8
:108288006D657373616765732C20696E626F756EB7
:10829800643D25640A0000005B25755D1B5B313B6E
:1082A80033316D5B4552524F525D1B5B306D3A2046
:1082B800257328293A20666C6167207761697420E4
:1082C80074696D656F75740A000000005B25755D43
:1082D8001B5B313B33316D5B4552524F525D1B5B2B
:1082E800306D3A20257328293A2073656E6420552D
:1082F8004454206D657373616765206572723D250E
:10830800640A00005B25755D1B5B313B33316D5B97
:108318004552524F525D1B5B306D3A202573282918
:108328003A206661696C656420746F20616464201A
:108338006D7367206465736320746F2074686520AB
:10834800736C6973740A00005B25755D1B5B313BB8
:1083580033316D5B4552524F525D1B5B306D3A2095
:10836800257328293A20696E626F756E643D25640D
:108378002C206F7574626F756E643D25640A000069
:108388005B25755D1B5B313B33316D5B4552524F4D
:10839800525D1B5B306D3A20257328293A206E6F99
:1083A8007420696E697469616C697A65640A000091
:1083B8005B25755D1B5B313B33316D5B4552524F1D
:1083C800525D1B5B306D3A20257328293A20616C79
:1083D8006C6F63617465206D7367206465736320D7
:1083E8006661696C65642E204E6F206D656D0A00AC
:1083F8005B25755D1B5B313B33316D5B4552524FDD
:10840800525D1B5B306D3A20257328293A2071751F
:1084180065756520707574206661696C65642C20CB
:108428006572723D25640A005B25755D1B5B313BF7
:1084380033316D5B4552524F525D1B5B306D3A20B4
:10844800257328293A206F734576656E74466C61EA
:1084580067734E65770A00005B25755D1B5B313BD2
:1084680033316D5B4552524F525D1B5B306D3A2084
:10847800257328293A206F734D65737361676551B9
:10848800756575654E6577206F75740A0000000084
:108498005B25755D1B5B313B33316D5B4552524F3C
:1084A800525D1B5B306D3A20257328293A206F7383
:1084B8004D65737361676551756575654E657720A0
:1084C800696E0A005B25755D1B5B313B33316D5B63
:1084D8004552524F525D1B5B306D3A202573282957
:1084E8003A206F66665F736C6973745F6372656167
:1084F80074650A005B25755D1B5B313B33316D5B31
:108508004552524F525D1B5B306D3A202573282926
:108518003A206F734D757465784E65770A000000D0
:108528005B25755D1B5B313B33316D5B4552524FAB
:10853800525D1B5B306D3A20257328293A206F73F2
:108548005468726561644E65770A00005B25755D45
:108558001B5B313B33316D5B4552524F525D1B5BA8
:10856800306D3A20257328293A207265676973743B
:108578006572205544542063616C6C6261636B20A2
:108588006572723D25640A005B25755D1B5B313B96
:1085980033326D5B494E464F5D1B5B306D3A201B95
:1085A8005B313B33366D5B5544545D201B5B306D4E
:1085B800696E697469616C697A65640A0000000013
:1085C8005B25755D1B5B313B33316D5B4552524F0B
:1085D800525D1B5B306D3A20257328293A20696E5D
:1085E80076616C696420617267756D656E740A00E6
:1085F8005544545F50524F43000000005B25755DA1
:108608001B5B313B33316D5B4552524F525D1B5BF7
:10861800306D3A204153534552540A005B25755D2D
:108628001B5B313B33326D5B494E464F5D1B5B3004
:108638006D3A205B41434D4F4E5D2061743D25648A
:108648000A0000005B25755D1B5B313B33316D5BB8
:108658004552524F525D1B5B306D3A2025732829D5
:108668003A206F73546872656164466C616773572A
:1086780061697420666C6167733D25750A000000A6
:108688005B25755D1B5B313B33316D5B4552524F4A
:10869800525D1B5B306D3A20257328293A20657896
:1086A800697465640A0000005B25755D1B5B313BDE
:1086B80033326D5B494E464F5D1B5B306D3A201B74
:1086C8005B313B33326D5B414D5D201B5B306D434D
:1086D8006F6E66696775726174696F6E2063686131
:1086E8006E6765642C2072656C6F6164696E672EB5
:1086F8002E2E0A005B25755D1B5B313B33326D5BAB
:10870800494E464F5D1B5B306D3A201B5B313B3356
:10871800326D5B414D5D201B5B306D416C65727441
:1087280020696E6469636174696F6E2063616E634A
:10873800656C6C656420627920757365720A000047
:108748005B25755D1B5B313B33316D5B4552524F89
:10875800525D1B5B306D3A204661696C656420741C
:108768006F2063726561746520616C657274206640
:1087780072616D650A0000005B25755D1B5B313B0E
:1087880033336D5B5741524E494E475D1B5B306D2D
:108798003A204661696C656420746F206170706569
:1087A8006E6420616C657274206461746120746FFA
:1087B800206672616D652C206572723D25640A0021
:1087C8005B25755D1B5B313B33316D5B4552524F09
:1087D800525D1B5B306D3A20257328293A20656E5F
:1087E8006420554C206572723D25640A0000000023
:1087F8005B25755D1B5B313B33316D5B4552524FD9
:10880800525D1B5B306D3A20257328293A20616C34
:108818006572742049443D25640A00005B25755D36
:108828001B5B313B33316D5B4552524F525D1B5BD5
:10883800306D3A20257328293A2073656E642061CB
:108848006C657274206672616D65206572723D2573
:10885800640A00005B25755D1B5B313B33326D5B41
:10886800494E464F5D1B5B306D3A201B5B313B33F5
:10887800326D5B414D5D201B5B306D696E6420730A
:1088880075707072657373696F6E2063616E63656E
:108898006C6C65640A0000005B25755D1B5B313BF1
:1088A80033326D5B494E464F5D1B5B306D3A201B82
:1088B8005B313B33326D5B414D5D201B5B306D415D
:1088C8006C6572742069643D25642C20737461742E
:1088D800653D25642C206D61736B3D3078253038FB
:1088E800582C207375703D25750A0000414D000015
:1088F80043414954000000005B25755D1B5B313B1B
:1089080033316D5B4552524F525D1B5B306D3A20DF
:10891800257328293A206E766D207265616420657A
:1089280072723D25640A00005B25755D1B5B313B57
:1089380033326D5B494E464F5D1B5B306D3A2043C9
:108948004149543A2064656661756C7420636F6EA2
:108958006669670A000000005B25755D1B5B313B9B
:1089680033316D5B4552524F525D1B5B306D3A207F
:10897800257328293A206E766D20777269746520F0
:108988006572723D25640A005B25755D1B5B313B92
:1089980033316D5B4552524F525D1B5B306D3A204F
:1089A800257328293A20696E76616C696420636FA3
:1089B8006E6669672C206572723D25640A000000A6
:1089C80043425345000000005B25755D1B5B313B4E
:1089D80033316D5B4552524F525D1B5B306D3A200F
:1089E800257328293A20696E76616C696420636F63
:1089F8006E666967206572723D25640A0000000092
:108A08005B25755D1B5B313B33326D5B494E464FD1
:108A18005D1B5B306D3A20434253453A20646566DE
:108A280061756C7420636F6E6669670A00000000E8
:108A38005B25755D1B5B313B33316D5B4552524F96
:108A4800525D1B5B306D3A20257328293A203C6E15
:108A5800756C6C20636F6E6669673E0A00000000E3
:108A68005B25755D1B5B313B33326D5B494E464F71
:108A78005D1B5B306D3A20434253453A20656E3D9D
:108A880025752C20696E743D25752C206475723D02
:108A980025752C206163633D25752C206D6F6465F9
:108AA8003D25640A00000000434C445400000000C7
:108AB8005B25755D1B5B313B33326D5B494E464F21
:108AC8005D1B5B306D3A20434C44543A2064656624
:108AD80061756C7420636F6E6669670A0000000038
:108AE80043534D50000000005B25755D1B5B313B17
:108AF80033326D5B494E464F5D1B5B306D3A204308
:108B0800534D503A2064656661756C7420636F6ECE
:108B18006669670A000000005B25755D1B5B313BD9
:108B280033336D5B5741524E494E475D1B5B306D89
:108B38003A20257328293A206E766D207772697459
:108B480065206572723D25640A0000004353434C5A
:108B5800000000005B25755D1B5B313B33326D5BAC
:108B6800494E464F5D1B5B306D3A204353434C3AA8
:108B78002064656661756C7420636F6E6669670A48
:108B8800000000005B25755D1B5B313B33316D5B7D
:108B98004552524F525D1B5B306D3A202573282990
:108BA8003A20756E6B6E6F776E2073656E736F7299
:108BB80020636C61737320666F722069643D25645D
:108BC8000A0000005B25755D1B5B313B33316D5B33
:108BD8004552524F525D1B5B306D3A202573282950
:108BE8003A20756E6B6E6F776E2073656E736F7259
:108BF80020636C617373206F72206C6F636174699A
:108C08006F6E20666F722069643D25640A0000005B
:108C18005B25755D1B5B313B33336D5B5741524EB2
:108C2800494E475D1B5B306D3A20257328293A2051
:108C380056414C49444154494F4E204953204E4FC8
:108C48005420494D504C454D454E5445440A00006A
:108C580043544852000000005B25755D1B5B313BA7
:108C680033326D5B494E464F5D1B5B306D3A204396
:108C78005448523A2064656661756C7420636F6E5F
:108C88006669670A000000004355504C0000000068
:108C98005B25755D1B5B313B33326D5B494E464F3F
:108CA8005D1B5B306D3A204355504C3A2064656635
:108CB80061756C7420636F6E6669670A0000000056
:108CC8005B25755D1B5B313B33316D5B4552524F04
:108CD800525D1B5B306D3A20257328293A20696E56
:108CE80076616C69642073657474696E6773207249
:108CF8006561642066726F6D206E766D0A000000F3
:108D080071727374750000005B25755D1B5B313BE8
:108D180033326D5B494E464F5D1B5B306D3A205BCD
:108D28004C5053323278785D2069643D3078253074
:108D380032582C20616464723D3078253032580AEC
:108D4800000000005B25755D1B5B313B33316D5BBB
:108D58004552524F525D1B5B306D3A205B5348546D
:108D680043335F4452565D206E6F74206F70746990
:108D78006D616C207573652025730A005B25755D30
:108D88001B5B313B33316D5B4552524F525D1B5B70
:108D9800306D3A20257328293A206661696C65642C
:108DA80020746F20637265617465206672616D65F9
:108DB80020666F72206576656E743A2025640A0015
:108DC8005B25755D1B5B313B33316D5B4552524F03
:108DD800525D1B5B306D3A20257328293A20657651
:108DE800656E743D25642C2073656E6420554C2097
:108DF8006572723D25640A005B25755D1B5B313B1E
:108E080033316D5B4552524F525D1B5B306D3A20DA
:108E1800257328293A206576656E743D25642C20D3
:108E2800554C206572723D25640A00005B25755D0E
:108E38001B5B313B33316D5B4552524F525D1B5BBF
:108E4800306D3A20257328293A206672616D6520B5
:108E58006E6F7420666F756E640A0000454E0000E0
:108E68005B25755D1B5B313B33316D5B4552524F62
:108E7800525D1B5B306D3A20457874506F727420D8
:108E8800696E76616C6964206D6F64653D25640A5E
:108E980000000000455854505F4D4F4E0000000040
:108EA8005B25755D1B5B313B33316D5B4552524F22
:108EB800525D1B5B306D3A2025733A206661696C00
:108EC800656420746F20617070656E6420646174DD
:108ED8006120746F206672616D652C206572723D29
:108EE80025640A005B25755D1B5B313B33326D5B86
:108EF800494E464F5D1B5B306D3A201B5B313B335F
:108F0800336D5B4C444D5D201B5B306D70726F623E
:108F180065733A206366673D307825582C20656E66
:108F28003D307825582C2064656275673D25640AB4
:108F3800000000005B25755D1B5B313B33316D5BC9
:108F48004552524F525D1B5B306D3A201B5B313BE3
:108F580033336D5B4C444D5D201B5B306D73656E28
:108F680064206465627567206672616D652C206592
:108F780072723D25640A00005B25755D1B5B313B01
:108F880033326D5B494E464F5D1B5B306D3A200DA9
:108F98000A3E6C703A25750A000000005B25755D75
:108FA8001B5B313B33326D5B494E464F5D1B5B307B
:108FB8006D3A200D0A3E68703A25750A00000000D7
:108FC8005B25755D1B5B313B33326D5B494E464F0C
:108FD8005D1B5B306D3A200D0A3E65703A25750AB7
:108FE800000000005B25755D1B5B313B33316D5B19
:108FF8004552524F525D1B5B306D3A20257328292C
:109008003A206F73546872656164466C6167735780
:10901800616974206572726F7220666C6167733D56
:1090280030782530386C780A000000005B25755DC3
:109038001B5B313B33316D5B4552524F525D1B5BBD
:10904800306D3A20257328293A2043433120616343
:10905800746976650A0000005B25755D1B5B313B12
:1090680033326D5B494E464F5D1B5B306D3A2025B0
:109078007328293A2043433120636C656172656423
:109088000A0000005B25755D1B5B313B33316D5B6E
:109098004552524F525D1B5B306D3A20257328298B
:1090A8003A20434332206163746976650A00000000
:1090B8005B25755D1B5B313B33326D5B494E464F1B
:1090C8005D1B5B306D3A20257328293A20434332D3
:1090D80020636C65617265640A0000004C45414B71
:1090E800444554005B25755D1B5B313B33316D5B3B
:1090F8004552524F525D1B5B306D3A2025732077E5
:1091080072697465206174203078253038582028B9
:109118002564290A000000005B25755D1B5B313B57
:1091280033316D5B4552524F525D1B5B306D3A20B7
:109138002573206572723D25642C20706167653D3A
:1091480025642C20666572723D253038580A000067
:109158005B25755D1B5B313B33326D5B494E464F7A
:109168005D1B5B306D3A201B5B313B33376D5B4ECB
:10917800564D5D201B5B306D496E697469616C6981
:109188007A696E672E2E2E0A000000005B25755D39
:109198001B5B313B33316D5B4552524F525D1B5B5C
:1091A800306D3A20257320637263313620616C6715
:1091B8006F206E696C0A00005B25755D1B5B313B97
:1091C80033316D5B4552524F525D1B5B306D3A2017
:1091D8002573204E564D2073697A65206973206E79
:1091E8006F742061206D756C7469706C65206F6692
:1091F80020706167652073697A650A005B25755D73
:109208001B5B313B33316D5B4552524F525D1B5BEB
:10921800306D3A20257320626164206366670A0016
:109228005B25755D1B5B313B33316D5B4552524F9E
:10923800525D1B5B306D3A20257320696E76616C38
:1092480069642064617461206C656E6774682025A8
:10925800750A00005B25755D1B5B313B33316D5B27
:109268004552524F525D1B5B306D3A2025732048A2
:109278004352430A000000005B25755D1B5B313BD0
:1092880033316D5B4552524F525D1B5B306D3A2056
:10929800257320444352430A000000005B25755D96
:1092A8001B5B313B33326D5B494E464F5D1B5B3078
:1092B8006D3A201B5B313B33376D5B4E564D5D205D
:1092C8001B5B306D4E564D20706167653D2D312C0E
:1092D80020666F726D617474696E672E2E2E0A0097
:1092E8005B25755D1B5B313B33326D5B494E464FE9
:1092F8005D1B5B306D3A201B5B313B33376D5B4E3A
:10930800564D5D201B5B306D466F726D61747469DC
:109318006E672E2E2E0A00005B25755D1B5B313BA8
:1093280033316D5B4552524F525D1B5B306D3A20B5
:109338002573206572617365204E564D20706167F4
:10934800653D256420282564290A00005B25755D94
:109358001B5B313B33316D5B4552524F525D1B5B9A
:10936800306D3A20257320666F726D617420282550
:1093780064290A005B25755D1B5B313B33326D5BED
:10938800494E464F5D1B5B306D3A201B5B313B33CA
:10939800376D5B4E564D5D201B5B306D496E6974B1
:1093A80069616C697A65643A2061637469766520DD
:1093B800706167653D25642C20636F756E746572F6
:1093C8003D25642C20256420667265650A0000002E
:1093D8005B25755D1B5B313B33316D5B4552524FED
:1093E800525D1B5B306D3A20257328293A2077722D
:1093F8006F6E67206275666665722073697A653A72
:1094080020653D25752C20613D25750A000000006A
:109418005B25755D1B5B313B33316D5B4552524FAC
:10942800525D1B5B306D3A202573206E6F2066728B
:1094380065652073706163652C20706167653D25E3
:10944800640A00005B25755D1B5B313B33316D5B46
:109458004552524F525D1B5B306D3A202573207385
:10946800726320706167653D25642C2064737420E5
:10947800706167653D25640A000000005B25755D25
:109488001B5B313B33316D5B4552524F525D1B5B69
:10949800306D3A2025732064737420706167653DD0
:1094A80025640A005B25755D1B5B313B33316D5BC1
:1094B8004552524F525D1B5B306D3A202573207721
:1094C80072697465206661696C6564206174203016
:1094D800782530385820282564290A005B25755DD1
:1094E8001B5B313B33316D5B4552524F525D1B5B09
:1094F800306D3A20257328293A205742412061705F
:10950800702073766320272573270A005B25755D15
:109518001B5B313B33316D5B4552524F525D1B5BD8
:10952800306D3A20257328293A202725732720777C
:10953800616974206661696C65642C20666C61677A
:10954800733D25750A0000005B25755D1B5B313B8B
:1095580033316D5B4552524F525D1B5B306D3A2083
:10956800257328293A2027257327206572723D25FF
:10957800750A00005B25755D1B5B313B33316D5B04
:109588004552524F525D1B5B306D3A202573282996
:109598003A20746F6B656E3D25752C207374617469
:1095A80075733D25750A00005B25755D1B5B313BB6
:1095B80033316D5B4552524F525D1B5B306D3A2023
:1095C800257328293A20696E76616C69642073696D
:1095D8007A653A20653D25752C20613D25750A0080
:1095E8005B25755D1B5B313B33316D5B4552524FDB
:1095F800525D1B5B306D3A20257328293A20756E21
:10960800657870656374656420746F6B656E3A2065
:10961800653D25752C20613D25750A005B25755D26
:109628001B5B313B33326D5B494E464F5D1B5B30F4
:109638006D3A201B5B313B33376D5B4F54415D20E6
:109648001B5B306D696E6974206D6574612E2E2EFA
:109658000A0000005B25755D1B5B313B33316D5B98
:109668004552524F525D1B5B306D3A2025732829B5
:109678003A2072656164206D657461206572723D7F
:1096880025640A005B25755D1B5B313B33326D5BDE
:10969800494E464F5D1B5B306D3A201B5B313B33B7
:1096A800376D5B4F54415D201B5B306D6D65746198
:1096B800646174613A207665723D25752C2066696F
:1096C8006E616C5F73697A653D25752C20727865CB
:1096D800645F73697A653D25752C20727865645FCF
:1096E8006372633D3078253038580A005B25755D14
:1096F8001B5B313B33326D5B494E464F5D1B5B3024
:109708006D3A201B5B313B33376D5B4F54415D2015
:109718001B5B306D766572696679696E67206D6569
:1097280074612E2E2E0A00005B25755D1B5B313B94
:1097380033316D5B4552524F525D1B5B306D3A20A1
:10974800257328293A20676574204352432065729F
:10975800723D25640A0000005B25755D1B5B313B8B
:1097680033316D5B4552524F525D1B5B306D3A2071
:10977800257328293A20435243206D69736D61741B
:1097880063682C2065787065637465643D2530389E
:10979800582C2061637475616C3D253038580A0077
:1097A8005B25755D1B5B313B33326D5B494E464F24
:1097B8005D1B5B306D3A201B5B313B33376D5B4F74
:1097C80054415D201B5B306D6D65746120696E6965
:1097D8007469616C697A65640A0000005B25755DCF
:1097E8001B5B313B33316D5B4552524F525D1B5B06
:1097F800306D3A20257328293A206672616D6520FC
:1098080066726F6D2071756575652C20737461744F
:1098180075733D25642C2066726D3D253038580AD5
:10982800000000005B25755D1B5B313B33316D5BD0
:109838004552524F525D1B5B306D3A2025732829E3
:109848003A20676574207265717565737420747940
:1098580070652C206572723D25640A005B25755D74
:109868001B5B313B33336D5B5741524E494E475D6D
:109878001B5B306D3A20257328293A204352432038
:109888006D69736D6174636820666F7220726563B9
:109898006569766564204F544120646174612C20A9
:1098A8006D6574615F6372633D3078253038582C7C
:1098B8002063616C635F6372633D3078253038588C
:1098C8000A0000005B25755D1B5B313B33316D5B26
:1098D8004552524F525D1B5B306D3A202573282943
:1098E8003A206672616D65206372656174650A006D
:1098F8005B25755D1B5B313B33316D5B4552524FC8
:10990800525D1B5B306D3A20257328293A20554C4F
:10991800206661696C65642C206572723D25640A55
:10992800000000005B25755D1B5B313B33316D5BCF
:109938004552524F525D1B5B306D3A2025732829E2
:109948003A207761697420666F7220554C207374D1
:1099580061747573206661696C65642C20666C613E
:1099680067733D25750A00005B25755D1B5B313B00
:1099780033316D5B4552524F525D1B5B306D3A205F
:10998800257328293A206672616D652070617273AB
:1099980065206D6574612C206572723D25640A002E
:1099A8005B25755D1B5B313B33316D5B4552524F17
:1099B800525D1B5B306D3A20257328293A20777257
:1099C800697465206D6574612C206572723D25642B
:1099D8000A0000005B25755D1B5B313B33316D5B15
:1099E8004552524F525D1B5B306D3A202573282932
:1099F8003A2061646A7573742072637664207369AF
:109A08007A652C206572723D25640A005B25755DB8
:109A18001B5B313B33316D5B4552524F525D1B5BD3
:109A2800306D3A20257328293A206368756E6B20BB
:109A38006F6666736574206D69736D617463682CF5
:109A480020653D25752C20613D25750A0000000024
:109A58005B25755D1B5B313B33316D5B4552524F66
:109A6800525D1B5B306D3A20257328293A204F54EC
:109A780041207772697465206368756E6B2C206568
:109A880072723D25640A00005B25755D1B5B313BE6
:109A980033316D5B4552524F525D1B5B306D3A203E
:109AA800257328293A204F5441207772697465201C
:109AB8006D6574612C206572723D25640A00000092
:109AC8005B25755D1B5B313B33316D5B4552524FF6
:109AD800525D1B5B306D3A20257328293A2063724A
:109AE80065617465206672616D650A005B25755D48
:109AF8001B5B313B33316D5B4552524F525D1B5BF3
:109B0800306D3A20257328293A206672616D6520E8
:109B1800706172736520676574204352432C206519
:109B280072723D25640A00005B25755D1B5B313B45
:109B380033316D5B4552524F525D1B5B306D3A209D
:109B4800257328293A206661696C656420746F2042
:109B5800676574204F5441206368756E6B204352CB
:109B6800432C206572723D25640A00005B25755DF3
:109B78001B5B313B33316D5B4552524F525D1B5B72
:109B8800306D3A20556E6B6E6F776E204F544120C2
:109B98007265717565737420747970653A202564EF
:109BA8000A0000005B25755D1B5B313B33316D5B43
:109BB8004552524F525D1B5B306D3A202573282960
:109BC8003A204F5441207265717565737420747919
:109BD80070652025642070726F63657373696E67A2
:109BE800206661696C65642C206572723D25640A83
:109BF800000000005B25755D1B5B313B33316D5BFD
:109C08004552524F525D1B5B306D3A20257328290F
:109C18003A206672616D65207061727365206461B7
:109C28007461206368756E6B2C206572723D2564C3
:109C38000A0000005B25755D1B5B313B33316D5BB2
:109C48004552524F525D1B5B306D3A2025732829CF
:109C58003A20717565756520707574207374617428
:109C680075733D25640A00004F5441005B25755DFE
:109C78001B5B313B33316D5B4552524F525D1B5B71
:109C8800306D3A201B5B313B33336D5B534D505D78
:109C9800201B5B306D257328293A554C2066616975
:109CA8006C65642C20746F6B656E3D25752C207374
:109CB80074617475733D25640A0000005B25755D49
:109CC8001B5B313B33316D5B4552524F525D1B5B21
:109CD800306D3A201B5B313B33336D5B534D505D28
:109CE800201B5B306D257328293A20756E657870C6
:109CF80065637465642076657273696F6E20736935
:109D08007A652025640A00005B25755D1B5B313B85
:109D180033326D5B494E464F5D1B5B306D3A201BFD
:109D28005B313B33336D5B534D505D201B5B306DB6
:109D38005742412076657273696F6E3A2025642E0A
:109D480025642E25640A00005B25755D1B5B313B8D
:109D580033316D5B4552524F525D1B5B306D3A207B
:109D68001B5B313B33336D5B534D505D201B5B30C8
:109D78006D257328293A554C206661696C65642CF9
:109D8800206572723D25640A000000005B25755D40
:109D98001B5B313B33336D5B5741524E494E475D38
:109DA8001B5B306D3A20257328293A2055534520EE
:109DB80050524F50455220494E4449434154494F0F
:109DC8004E0A00005B25755D1B5B313B33316D5BD3
:109DD8004552524F525D1B5B306D3A201B5B313B45
:109DE80033336D5B534D505D201B5B306D257328FD
:109DF800293A206672616D655F63726561746528D2
:109E080029204F4F4D200A005B25755D1B5B313BB8
:109E180033316D5B4552524F525D1B5B306D3A20BA
:109E28001B5B313B33336D5B534D505D201B5B3007
:109E38006D257328293A206672616D655F676574C0
:109E48005F69642829206572723D25640A00000054
:109E58005B25755D1B5B313B33326D5B494E464F6D
:109E68005D1B5B306D3A201B5B313B33336D5B53BD
:109E78004D505D201B5B306D444C3A205049443DA9
:109E880025752C204549443D25750A005B25755DDF
:109E98001B5B313B33316D5B4552524F525D1B5B4F
:109EA800306D3A201B5B313B33336D5B534D505D56
:109EB800201B5B306D257328293A20636F6E7472FE
:109EC8006163742066726F6D206672616D652065CE
:109ED80072723D25640A00005B25755D1B5B313B92
:109EE80033316D5B4552524F525D1B5B306D3A20EA
:109EF8001B5B313B33336D5B534D505D201B5B3037
:109F08006D257328293A20636F6E6669672073612F
:109F18006D706C657220736574206572723D25647E
:109F28000A0000005B25755D1B5B313B33316D5BBF
:109F38004552524F525D1B5B306D3A201B5B313BE3
:109F480033336D5B534D505D201B5B306D2573289B
:109F5800293A20636F6E666967207363616C657266
:109F680020736574206572723D25640A0000000044
:109F78005B25755D1B5B313B33316D5B4552524F41
:109F8800525D1B5B306D3A201B5B313B33336D5B9D
:109F9800534D505D201B5B306D257328293A206690
:109FA80061696C656420746F206170706C792C2015
:109FB8006572723D25642C20544F444F3A207374C7
:109FC8006F702073616D706C65720A005B25755D3A
:109FD8001B5B313B33316D5B4552524F525D1B5B0E
:109FE800306D3A201B5B313B33336D5B534D505D15
:109FF800201B5B306D257328293A20636F6E6669D4
:10A0080067207468726573686F6C642066726F6D20
:10A01800206672616D65206572723D25640A0000D4
:10A028005B25755D1B5B313B33316D5B4552524F90
:10A03800525D1B5B306D3A201B5B313B33336D5BEC
:10A04800534D505D201B5B306D257328293A2063E2
:10A058006F6E666967207468726573686F6C6420D8
:10A06800736574206572723D25640A005B25755D11
:10A078001B5B313B33316D5B4552524F525D1B5B6D
:10A08800306D3A201B5B313B33336D5B534D505D74
:10A09800201B5B306D257328293A20636F6E666933
:10A0A80067206C65616B2066726F6D206672616DEA
:10A0B80065206572723D25640A0000005B25755DA8
:10A0C8001B5B313B33316D5B4552524F525D1B5B1D
:10A0D800306D3A201B5B313B33336D5B534D505D24
:10A0E800201B5B306D257328293A20636F6E6669E3
:10A0F80067206C65616B20736574206572723D25FD
:10A10800640A00005B25755D1B5B313B33316D5B79
:10A118004552524F525D1B5B306D3A201B5B313B01
:10A1280033336D5B534D505D201B5B306D257328B9
:10A13800293A20636C6F75642071756572792067A0
:10A1480065742C206572723D25640A005B25755D77
:10A158001B5B313B33326D5B494E464F5D1B5B30B9
:10A168006D3A201B5B313B33336D5B534D505D20A3
:10A178001B5B306D636C6F75642071756572792037
:10A18800747970653D25640A000000005B25755DE3
:10A198001B5B313B33316D5B4552524F525D1B5B4C
:10A1A800306D3A201B5B313B33336D5B534D505D53
:10A1B800201B5B306D257328293A206661696C6520
:10A1C8006420746F2063726561746520636F6E74B8
:10A1D80072616374206672616D650A005B25755D46
:10A1E8001B5B313B33316D5B4552524F525D1B5BFC
:10A1F800306D3A201B5B313B33336D5B534D505D03
:10A20800201B5B306D257328293A206661696C65CF
:10A218006420746F20637265617465207468726568
:10A2280073686F6C6420636F6E666967206672611D
:10A238006D650A005B25755D1B5B313B33316D5BDA
:10A248004552524F525D1B5B306D3A201B5B313BD0
:10A2580033336D5B534D505D201B5B306D25732888
:10A26800293A206661696C656420746F20637265A1
:10A27800617465206C65616B20636F6E6669672029
:10A288006672616D650A00005B25755D1B5B313B7D
:10A2980033316D5B4552524F525D1B5B306D3A2036
:10A2A8001B5B313B33336D5B534D505D201B5B3083
:10A2B8006D257328293A206661696C656420746F7E
:10A2C8002067657420696E666F20747970652066F2
:10A2D800726F6D206672616D652C206572723D2506
:10A2E800640A00005B25755D1B5B313B33316D5B98
:10A2F8004552524F525D1B5B306D3A201B5B313B20
:10A3080033336D5B534D505D201B5B306D257328D7
:10A31800293A25642C206572723D25640A000000E4
:10A328005B25755D1B5B313B33316D5B4552524F8D
:10A33800525D1B5B306D3A20257328293A2025642D
:10A348000A0000005B25755D1B5B313B33336D5B99
:10A358005741524E494E475D1B5B306D3A2025737D
:10A3680028293A20756E6B6E6F776E20737461744E
:10A378006973746963732067726F75702025640A46
:10A38800000000005B25755D1B5B313B33336D5B63
:10A398005741524E494E475D1B5B306D3A2025733D
:10A3A80028293A20756E6B6E6F776E20696E666F1E
:10A3B80020747970652025640A0000005B25755DAE
:10A3C8001B5B313B33316D5B4552524F525D1B5B1A
:10A3D800306D3A201B5B313B33336D5B534D505D21
:10A3E800201B5B306D257328293A206661696C65EE
:10A3F8006420746F206765742075706C696E6B20BB
:10A40800636F6E666967206D61736B2066726F6D2E
:10A41800206672616D652C206572723D25640A00A4
:10A428005B25755D1B5B313B33316D5B4552524F8C
:10A43800525D1B5B306D3A201B5B313B33336D5BE8
:10A44800534D505D201B5B306D257328293A2066DB
:10A4580061696C656420746F20637265617465203E
:10A4680075706C696E6B20636F6E666967206672C3
:10A47800616D650A000000005B25755D1B5B313B63
:10A4880033316D5B4552524F525D1B5B306D3A2044
:10A498001B5B313B33336D5B534D505D201B5B3091
:10A4A8006D257328293A206661696C656420746F8C
:10A4B8002067657420696E6469636174696F6E20D2
:10A4C80066726F6D206672616D652C206572723DD3
:10A4D80025640A005B25755D1B5B313B33316D5B81
:10A4E8004552524F525D1B5B306D3A201B5B313B2E
:10A4F80033336D5B534D505D201B5B306D257328E6
:10A50800293A206661696C656420746F20676574F8
:10A51800206C696E6B20717565727920747970652D
:10A528002066726F6D206672616D652C206572728F
:10A538003D25640A000000005B25755D1B5B313B0F
:10A5480033316D5B4552524F525D1B5B306D3A2083
:10A558001B5B313B33336D5B534D505D201B5B30D0
:10A568006D257328293A206661696C656420746FCB
:10A5780020676574207265626F6F742074797065E6
:10A588002066726F6D206672616D652C206572722F
:10A598003D25640A000000005B25755D1B5B313BAF
:10A5A80033316D5B4552524F525D1B5B306D3A2023
:10A5B8001B5B313B33336D5B534D505D201B5B3070
:10A5C8006D257328293A206661696C656420746F6B
:10A5D8002067657420616C65727420696E646963B4
:10A5E8006174696F6E206D61736B2066726F6D2088
:10A5F8006672616D652C206572723D25640A0000E3
:10A608005B25755D1B5B313B33316D5B4552524FAA
:10A61800525D1B5B306D3A201B5B313B33336D5B06
:10A62800534D505D201B5B306D257328293A2564F6
:10A638000A0000005B25755D1B5B313B33326D5BA7
:10A64800494E464F5D1B5B306D3A201B5B313B33F7
:10A65800336D5B534D505D201B5B306D3A20534981
:10A6680044206465726567697374657220717565E5
:10A6780072792072656365697665642C20646572F9
:10A6880065676973746572696E672066726F6D209D
:10A698005369646577616C6B206E6574776F726B54
:10A6A8000A0000005B25755D1B5B313B33336D5B36
:10A6B8005741524E494E475D1B5B306D3A2025731A
:10A6C80028293A20756E6B6E6F776E20636C6F75F4
:10A6D8006420717565727920747970652025640A23
:10A6E800000000005B25755D1B5B313B33316D5B02
:10A6F8004552524F525D1B5B306D3A201B5B313B1C
:10A7080033336D5B534D505D201B5B306D257328D3
:10A71800293A2073656E642075706C696E6B2065CC
:10A7280072723D25640A00005B25755D1B5B313B39
:10A7380033316D5B4552524F525D1B5B306D3A2091
:10A748001B5B313B33336D5B534D505D201B5B30DE
:10A758006D257328293A20636F6E666967207570C6
:10A768006C696E6B2066726F6D206672616D652014
:10A778006572723D25640A005B25755D1B5B313B84
:10A7880033316D5B4552524F525D1B5B306D3A2041
:10A798001B5B313B33336D5B534D505D201B5B308E
:10A7A8006D257328293A20636F6E66696720757076
:10A7B8006C696E6B20736574206572723D25640A3E
:10A7C800000000005B25755D1B5B313B33316D5B21
:10A7D8004552524F525D1B5B306D3A201B5B313B3B
:10A7E80033336D5B534D505D201B5B306D257328F3
:10A7F800293A20636F6E66696720616C6572742000
:10A80800696E6469636174696F6E2066726F6D202A
:10A818006672616D65206572723D25640A000000EC
:10A828005B25755D1B5B313B33316D5B4552524F88
:10A83800525D1B5B306D3A201B5B313B33336D5BE4
:10A84800534D505D201B5B306D257328293A2063DA
:10A858006F6E66696720616C65727420696E6469E1
:10A86800636174696F6E20736574206572723D252B
:10A87800640A00005B25755D1B5B313B33316D5B02
:10A888004552524F525D1B5B306D3A201B5B313B8A
:10A8980033336D5B534D505D201B5B306D25732842
:10A8A800293A2049415120686561646572206672C1
:10A8B8006F6D206672616D65206572723D25640A50
:10A8C800000000005B25755D1B5B313B33316D5B20
:10A8D8004552524F525D1B5B306D3A201B5B313B3A
:10A8E80033336D5B534D505D201B5B306D257328F2
:10A8F800293A2049415120636F6E66696720667264
:10A908006F6D206672616D65206572723D25640AFF
:10A91800000000005B25755D1B5B313B33316D5BCF
:10A928004552524F525D1B5B306D3A201B5B313BE9
:10A9380033336D5B534D505D201B5B306D257328A1
:10A94800293A20636F6E6669672049415120736513
:10A9580074206572723D25640A0000005B25755DF0
:10A968001B5B313B33316D5B4552524F525D1B5B74
:10A97800306D3A201B5B313B33336D5B534D505D7B
:10A98800201B5B306D257328293A20494151206FDF
:10A998006E652D73686F742066726F6D20667261C4
:10A9A8006D65206572723D25640A00005B25755D42
:10A9B8001B5B313B33316D5B4552524F525D1B5B24
:10A9C800306D3A201B5B313B33336D5B534D505D2B
:10A9D800201B5B306D257328293A20756E6B6E6FCE
:10A9E800776E2049415120736574207265717565D1
:10A9F800737420747970653D25640A005B25755D64
:10AA08001B5B313B33316D5B4552524F525D1B5BD3
:10AA1800306D3A201B5B313B33336D5B534D505DDA
:10AA2800201B5B306D257328293A20756E6B6E6F7D
:10AA3800776E204941512072657175657374207471
:10AA48007970653D25640A005B25755D1B5B313BAC
:10AA580033316D5B4552524F525D1B5B306D3A206E
:10AA68001B5B313B33336D5B534D505D201B5B30BB
:10AA78006D257328293A206661696C656420746FB6
:10AA88002063726561746520494151207265737055
:10AA980020666F72207265713D25640A000000000F
:10AAA8005B25755D1B5B313B33316D5B4552524F06
:10AAB800525D1B5B306D3A201B5B313B33336D5B62
:10AAC800534D505D201B5B306D257328293A207546
:10AAD8006E6B6E6F776E20657874656E6465642042
:10AAE8006672616D652049443D25750A00000000C5
:10AAF8005B25755D1B5B313B33316D5B4552524FB6
:10AB0800525D1B5B306D3A201B5B313B33336D5B11
:10AB1800534D505D201B5B306D257328293A206EFC
:10AB28006F2068616E646C65720A00005B25755D54
:10AB38001B5B313B33316D5B4552524F525D1B5BA2
:10AB4800306D3A20257328293A206572723D2564B4
:10AB58000A0000005B25755D1B5B313B33316D5B83
:10AB68004552524F525D1B5B306D3A2025732829A0
:10AB78003A20756E65787065637465642073697AC8
:10AB8800652025640A0000005B25755D1B5B313B71
:10AB980033326D5B494E464F5D1B5B306D3A201B6F
:10ABA8005B313B33336D5B534D505D201B5B306D28
:10ABB8005254432073796E6320636F6D706C6574B3
:10ABC800653A204750532074696D653D2575730AB1
:10ABD800000000005B25755D1B5B313B33316D5B0D
:10ABE8004552524F525D1B5B306D3A202573282920
:10ABF8003A5254432073796E63206661696C6564C8
:10AC08002C20746F6B656E3D25752C2073746174F0
:10AC180075733D25640A00005B25755D1B5B313B40
:10AC280033336D5B5741524E494E475D1B5B306D68
:10AC38003A20554E4B4E4F574E20616363657373F0
:10AC48006F72792C207472656174696E6720617304
:10AC5800204B330A000000005B25755D1B5B313B10
:10AC680033336D5B5741524E494E475D1B5B306D28
:10AC78003A2025732C205754462061743D25640AD8
:10AC8800000000005B25755D1B5B313B33316D5B5C
:10AC98004552524F525D1B5B306D3A204578742007
:10ACA800706F7274206576656E74207768696C655C
:10ACB800206163636573736F727920616C7265617B
:10ACC800647920636F6E6E65637465640A000000C2
:10ACD8005B25755D1B5B313B33336D5B5741524ED2
:10ACE800494E475D1B5B306D3A201B5B313B33336C
:10ACF8006D5B534D505D201B5B306D457874207043
:10AD08006F7274206576656E742C20627574207479
:10AD180068652073616D65206163636573736F7225
:10AD280079206973207374696C6C20646574656339
:10AD38007465642E20747970653D25640A000000EE
:10AD48005B25755D1B5B313B33326D5B494E464F6E
:10AD58005D1B5B306D3A2045787420706F727420EB
:10AD680073746174653D25642C2061636320747974
:10AD780070653D25640A00004F4F42005B25755DF4
:10AD88001B5B313B33326D5B494E464F5D1B5B307D
:10AD98006D3A201B5B313B33336D5B534D505D2067
:10ADA8001B5B306D57616974696E6720666F72202E
:10ADB8006C6F6E6720627574746F6E207072657345
:10ADC8007320746F20706F776572206F6E207468BF
:10ADD80065206465766963652E2E2E0A00000000E2
:10ADE8005B25755D1B5B313B33316D5B4552524FC3
:10ADF800525D1B5B306D3A201B5B313B33336D5B1F
:10AE0800534D505D201B5B306D6E766D5F777269B8
:10AE18007465204F4F4220544C562C206572723D69
:10AE280025640A005B25755D1B5B313B33326D5B26
:10AE3800494E464F5D1B5B306D3A201B5B313B33FF
:10AE4800336D5B534D505D201B5B306D44657669F7
:10AE5800636520706F7765726564204F4E0A000045
:10AE68005B25755D1B5B313B33316D5B4552524F42
:10AE7800525D1B5B306D3A20257328293A206661A4
:10AE8800696C656420746F20696E697469616C69A6
:10AE98007A652073656E736F72206C6973740A002B
:10AEA8005B25755D1B5B313B33326D5B494E464F0D
:10AEB8005D1B5B306D3A201B5B313B33336D5B535D
:10AEC8004D505D201B5B306D52656164696E672073
:10AED8005742412076657273696F6E2E2E2E0A00D6
:10AEE8005B25755D1B5B313B33316D5B4552524FC2
:10AEF800525D1B5B306D3A20257328293A20776212
:10AF0800612073657276696365206661696C656442
:10AF18000A0000005B25755D1B5B313B33316D5BBF
:10AF28004552524F525D1B5B306D3A2025732829DC
:10AF38003A206661696C656420746F20726561648B
:10AF4800205742412076657273696F6E0A000000CF
:10AF58005B25755D1B5B313B33326D5B494E464F5C
:10AF68005D1B5B306D3A201B5B313B33336D5B53AC
:10AF78004D505D201B5B306D53796E63696E6720A1
:10AF88005254432077697468205369646577616C0B
:10AF98006B206E6574776F726B2E2E2E0A00000080
:10AFA8005B25755D1B5B313B33316D5B4552524F01
:10AFB800525D1B5B306D3A20257328293A20666163
:10AFC800696C656420746F2073796E6320525443F2
:10AFD8000A0000005B25755D1B5B313B33326D5BFE
:10AFE800494E464F5D1B5B306D3A201B5B313B334E
:10AFF800336D5B534D505D201B5B306D53656E6444
:10B00800696E672046572F48572076657273696FB7
:10B018006E2E2E2E0A0000005B25755D1B5B313BF2
:10B0280033316D5B4552524F525D1B5B306D3A2098
:10B038001B5B313B33336D5B534D505D201B5B30E5
:10B048006D637265617465206672616D6520696EF5
:10B05800666F0A005B25755D1B5B313B33316D5BA9
:10B068004552524F525D1B5B306D3A20257328299B
:10B078003A20554C206572723D25640A0000000094
:10B088005B25755D1B5B313B33316D5B4552524F20
:10B09800525D1B5B306D3A20257328293A20666182
:10B0A800696C656420746F2073656E6420696E66D0
:10B0B8006F206672616D650A000000005B25755D92
:10B0C8001B5B313B33326D5B494E464F5D1B5B303A
:10B0D8006D3A201B5B313B33336D5B534D505D2024
:10B0E8001B5B306D436F6E6669677572696E672E9C
:10B0F8002E2E0A005B25755D1B5B313B33326D5B81
:10B10800494E464F5D1B5B306D3A201B5B313B332C
:10B11800336D5B534D505D201B5B306D53796E630F
:10B1280068726F6E697A696E6720636F6E74726198
:10B1380063742E2E2E0A00005B25755D1B5B313B68
:10B1480033316D5B4552524F525D1B5B306D3A2077
:10B15800257328293A20554C2C206572723D2564A8
:10B168000A0000005B25755D1B5B313B33316D5B6D
:10B178004552524F525D1B5B306D3A20257328298A
:10B188003A206661696C656420746F2073656E642B
:10B1980020636F6E74726163742C206572723D2532
:10B1A800640A00005B25755D1B5B313B33316D5BC9
:10B1B8004552524F525D1B5B306D3A20257328294A
:10B1C8003A206661696C656420746F206275696CE9
:10B1D8006420636F6E747261637420647565207493
:10B1E8006F204F4F4D2C206572723D25640A000078
:10B1F8005B25755D1B5B313B33316D5B4552524FAF
:10B20800525D1B5B306D3A20257328293A20666110
:10B21800696C656420746F206275696C6420636F63
:10B228006E74726163742C206572723D25640A0025
:10B238005B25755D1B5B313B33316D5B4552524F6E
:10B24800525D1B5B306D3A20257328293A206661D0
:10B25800696C656420746F206275696C6420746819
:10B26800726573686F6C642064756520746F204F15
:10B278004F4D2C206572723D25640A005B25755D73
:10B288001B5B313B33316D5B4552524F525D1B5B4B
:10B29800306D3A20257328293A206661696C656407
:10B2A80020746F206275696C6420746872657368B5
:10B2B8006F6C642C206572723D25640A00000000E2
:10B2C8005B25755D1B5B313B33326D5B494E464FE9
:10B2D8005D1B5B306D3A201B5B313B33336D5B5339
:10B2E8004D505D201B5B306D53656E736F72206C23
:10B2F80069737420697320656D7074792C20776187
:10B308006974696E6720666F7220636F6E6669671D
:10B3180075726174696F6E207570646174650A0076
:10B328005B25755D1B5B313B33326D5B494E464F88
:10B338005D1B5B306D3A201B5B313B33336D5B53D8
:10B348004D505D201B5B306D57616974696E6720D5
:10B35800666F722076616C696420636F6E747261C7
:10B3680063742E2E2E0A00005B25755D1B5B313B36
:10B3780033326D5B494E464F5D1B5B306D3A201B87
:10B388005B313B33336D5B534D505D201B5B306D40
:10B398004B6565702D616C6976652E2E2E0A00004E
:10B3A8005B25755D1B5B313B33326D5B494E464F08
:10B3B8005D1B5B306D3A201B5B313B33336D5B5358
:10B3C8004D505D201B5B306D4E657720636F6E744A
:10B3D800726163742072656365697665640A00004A
:10B3E8005B25755D1B5B313B33326D5B494E464FC8
:10B3F8005D1B5B306D3A201B5B313B33336D5B5318
:10B408004D505D201B5B306D52756E6E696E672006
:10B4180073616D706C696E672E2E2E0A0000000035
:10B428005B25755D1B5B313B33336D5B5741524E7A
:10B43800494E475D1B5B306D3A201B5B313B333314
:10B448006D5B534D505D201B5B306D4A69747465AC
:10B45800723D256473206973206C61726765722080
:10B468007468616E20746865206E657874207761F1
:10B478006B6575702064656C61793D2575732C204A
:10B4880061646A757374696E672074696D656F7538
:10B498007420746F20300A005B25755D1B5B313B9F
:10B4A80033316D5B4552524F525D1B5B306D3A2014
:10B4B800257328293A2077616974696E6720666F59
:10B4C800722074687265616420666C6167206572B9
:10B4D800723D25640A0000005B25755D1B5B313BEE
:10B4E80033326D5B494E464F5D1B5B306D3A201B16
:10B4F8005B313B33336D5B534D505D201B5B306DCF
:10B508004B6565702D616C6976652072657175692A
:10B518007265640A000000005B25755D1B5B313BAA
:10B5280033326D5B494E464F5D1B5B306D3A201BD5
:10B538005B313B33336D5B534D505D201B5B306D8E
:10B54800436F6E666967206368616E67656420652E
:10B5580076656E742072656365697665640A0000B5
:10B568005B25755D1B5B313B33326D5B494E464F46
:10B578005D1B5B306D3A201B5B313B33336D5B5396
:10B588004D505D201B5B306D5254432073796E63C0
:10B598002072657175697265642C206C6173742002
:10B5A80073796E633D2575732061676F0A0000002B
:10B5B8005B25755D1B5B313B33316D5B4552524FEB
:10B5C800525D1B5B306D3A20257328293A2066614D
:10B5D80074616C206572726F722C2073746F707056
:10B5E800696E672073616D706C65720A00000000F7
:10B5F8005B25755D1B5B313B33316D5B4552524FAB
:10B60800525D1B5B306D3A20257328293A206578F6
:10B618006974696E670A00005B25755D1B5B313BC9
:10B6280033316D5B4552524F525D1B5B306D3A2092
:10B63800257328293A206672616D655F6576656EA7
:10B64800745F6372656174655F627574746F6E2888
:10B65800290A00005B25755D1B5B313B33316D5B4F
:10B668004552524F525D1B5B306D3A202573282995
:10B678003A20554C2073656E64206572723D2564CE
:10B688000A0000005B25755D1B5B313B33326D5B47
:10B69800494E464F5D1B5B306D3A201B5B313B3397
:10B6A800336D5B534D505D201B5B306D5349442017
:10B6B8006C696E6B20617661696C6162696C697432
:10B6C800793A20424C453D25752C2046534B3D2563
:10B6D800752C204C6F52613D25750A0053414D5021
:10B6E8004C4552005B25755D1B5B313B33316D5B0F
:10B6F8004552524F525D1B5B306D3A202573282905
:10B708003A206F73546872656164466C6167735759
:10B71800616974206572726F722C20666C61677340
:10B728003D3078253038580A000000005B25755DEB
:10B738001B5B313B33316D5B4552524F525D1B5B96
:10B74800306D3A20257328293A207468726561643F
:10B7580020657869740A00005B25755D1B5B313BC9
:10B7680033316D5B4552524F525D1B5B306D3A2051
:10B77800257328293A20737461636B2D3E554C2C30
:10B78800206572723D25642C207265747279206977
:10B798006E202575207365630A0000005B25755DC2
:10B7A8001B5B313B33316D5B4552524F525D1B5B26
:10B7B800306D3A202573282920656E61626C653AE0
:10B7C8002069643D25642C206572723D25640A0059
:10B7D8005B25755D1B5B313B33316D5B4552524FC9
:10B7E800525D1B5B306D3A20257328293A2062612F
:10B7F80074636820636F6E74726163740A0000007A
:10B808005B25755D1B5B313B33316D5B4552524F98
:10B81800525D1B5B306D3A20257328293A207365E9
:10B828006E736F722072656D6F7665640A00000032
:10B838005B25755D1B5B313B33326D5B494E464F73
:10B848005D1B5B306D3A201B5B313B33336D5B50C6
:10B858004950454C5D201B5B306D7573696E6720E0
:10B86800534D41435F574F524B41524F554E445FE2
:10B878005248545F504F5745525F4F46465F4953B1
:10B888005355450A000000005B25755D1B5B313B85
:10B8980033326D5B494E464F5D1B5B306D3A201B62
:10B8A8005B313B33336D5B504950454C5D201B5B2E
:10B8B800306D257328293A202575206261746368E4
:10B8C80028732920666C75736865640A0000000097
:10B8D8005B25755D1B5B313B33316D5B4552524FC8
:10B8E800525D1B5B306D3A202573282920747269DC
:10B8F800676765723A2069643D25642C2065727219
:10B908003D25640A000000005B25755D1B5B313B2B
:10B9180033336D5B5741524E494E475D1B5B306D6B
:10B928003A2025732829206D736D3D25752C2069D3
:10B93800643D2564206E6F74207265616479207996
:10B9480065742C2077616974696E67202564206DA1
:10B95800730A00005B25755D1B5B313B33316D5B02
:10B968004552524F525D1B5B306D3A202573282992
:10B97800206D736D3D25752C2069643D2564206418
:10B9880061746120726561647920636865636B2006
:10B998006572723D25640A005B25755D1B5B313B52
:10B9A80033316D5B4552524F525D1B5B306D3A200F
:10B9B80025732829206D736D3D25752C2069643DFC
:10B9C8002564207374696C6C206E6F7420726561D5
:10B9D80064792C206572723D25640A005B25755DCB
:10B9E8001B5B313B33316D5B4552524F525D1B5BE4
:10B9F800306D3A2025732829206D736D3D25752CEF
:10BA08002069643D25642072656164206572723D19
:10BA180025640A005B25755D1B5B313B33316D5B2B
:10BA28004552524F525D1B5B306D3A2025732829D1
:10BA38003A206D736D3D25752C2069643D25642081
:10BA480061646420746F2062617463682065727237
:10BA58003D25640A000000005B25755D1B5B313BDA
:10BA680033316D5B4552524F525D1B5B306D3A204E
:10BA7800257328293A206672616D655F6372656176
:10BA88007465206661696C65640A00005B25755DF4
:10BA98001B5B313B33336D5B5741524E494E475D1B
:10BAA8001B5B306D3A201B5B313B33336D5B504978
:10BAB80050454C5D201B5B306D737461636B206572
:10BAC8007669637465640A005B25755D1B5B313BB1
:10BAD80033316D5B4552524F525D1B5B306D3A20DE
:10BAE800257328293A206D736D3D25752C206964CE
:10BAF8003D25642C20726F6C653D25642C20657291
:10BB0800723D25640A000000504950454C494E4595
:10BB1800000000005B25755D1B5B313B33316D5BBD
:10BB28004552524F525D1B5B306D3A2025732829D0
:10BB38003A2049443D25642C206572723D25640AEB
:10BB4800000000005B25755D1B5B313B33316D5B8D
:10BB58004552524F525D1B5B306D3A2025732829A0
:10BB68003A20656E61626C652049443D25642C204D
:10BB78006572723D25640A005B25755D1B5B313B70
:10BB880033316D5B4552524F525D1B5B306D3A202D
:10BB9800257328293A206D616C6C6F6320666F727B
:10BBA8002049443D2564206661696C65640A00008B
:10BBB8005B25755D1B5B313B33316D5B4552524FE5
:10BBC800525D1B5B306D3A20257328293A20736C2F
:10BBD80069737420707573682C2049443D25640A84
:10BBE800000000005B25755D1B5B313B33326D5BEC
:10BBF800494E464F5D1B5B306D3A201B5B313B3332
:10BC0800376D5B53534C5D201B5B306D5348543488
:10BC1800782064657465637465640A005B25755DE6
:10BC28001B5B313B33326D5B494E464F5D1B5B30CE
:10BC38006D3A201B5B313B33376D5B53534C5D20B2
:10BC48001B5B306D454E53323178206465746563F3
:10BC58007465640A000000005B25755D1B5B313B61
:10BC680033316D5B4552524F525D1B5B306D3A204C
:10BC7800257328293A206E6F74205348543478204D
:10BC88006F7220454E533231782064657465637451
:10BC980065640A005B25755D1B5B313B33316D5B69
:10BCA8004552524F525D1B5B306D3A201B5B313B56
:10BCB80033376D5B53534C5D201B5B306D25732808
:10BCC800293A206661696C656420746F2062756921
:10BCD8006C642073656E736F72206C697374206670
:10BCE8006F7220626174636820636F6E747261633F
:10BCF800742C206572723D25640A00005B25755D11
:10BD08001B5B313B33316D5B4552524F525D1B5BC0
:10BD1800306D3A20257328293A20736C6973742092
:10BD28006572726F72204E554C4C0A005B25755D2A
:10BD38001B5B313B33336D5B5741524E494E475D78
:10BD48001B5B306D3A20416C657274206973206109
:10BD5800637469766520666F722073656E736F729F
:10BD680020696420256420776869636820697320E6
:10BD78006E6F7420656E61626C656420696E2074F4
:10BD88006865207468726573686F6C6420636F6E91
:10BD980066696775726174696F6E2C20636C656182
:10BDA80072696E6720616C65727420746F207265A9
:10BDB800736F6C7665206D69736D617463680A00D2
:10BDC8005B25755D1B5B313B33336D5B5741524ED1
:10BDD800494E475D1B5B306D3A20257328293A2070
:10BDE800746B6E3D2575206E6F7420696E20554CFE
:10BDF800206C6973740A00005B25755D1B5B313B21
:10BE080033316D5B4552524F525D1B5B306D3A20AA
:10BE1800257328293A20676574206672616D65204C
:10BE28004944206572723D25640A00005B25755DF2
:10BE38001B5B313B33316D5B4552524F525D1B5B8F
:10BE4800306D3A20257328293A207762612073657E
:10BE58006E642075706C696E6B20736572766963A9
:10BE6800650A000025303258000000005B25755D2A
:10BE78001B5B313B33316D5B4552524F525D1B5B4F
:10BE8800306D3A20257328293A20736C6973742021
:10BE9800616464206661696C65640A0049444C45C4
:10BEA80000000000546D725100000000546D7220B3
:10BEB800537663005265762E20590000556E6B6EDE
:10BEC8006F776E005265762E205A000053544D331A
:10BED80032574C78780000003C4E554C4C3E0000E0
:10BEE80030313233343536373839616263646566E8
:10BEF8006768696A6B6C6D6E6F7071727374757652
:10BF08007778797A000000003031323334353637AB
:10BF180038394142434445464748494A4B4C4D4EBF
:10BF28004F505152535455565758595A0000000013
:10BF3800C4490308010000000000000000000000E0
:10BF48002CED00E028ED00E09D190108B919010861
:10BF5800011A0108711A01081D1A0108891A010835
:10BF6800B11A0108751B0108B51B0108551C010809
:10BF7800391A0108351B010859190108E11B010884
:10BF8800211C010875190108791901088D19010882
:10BF9800391F0108691F0108AD1F0108951F010815
:10BFA800C059030800000000000000000000000065
:10BFB800000000003303000038000000000000000B
:10BFC8000000000001000000100000000000010057
:10BFD8000001000001010000100100006C79030855
:10BFE800B87D0308C47D0308D07D0308DC7D030801
:10BFF8000080000000400000002000000010000049
:10C008000008000000040000000200000001000019
:10C0180000400000002000000010000000080000A0
:10C028000004000000020000000100008000000081
:10C0380000200000001000000008000000040000BC
:10C048000002000000010000800000004000000025
:10C05800E87D030800000000000000000000000068
:10C06800000000000003000037000000000000008E
:10C07800000000007762615F6170705F73657276BF
:10C088006963655F6F74615F77726974655F636820
:10C09800756E6B005F7564745F6164645F746F5F75
:10C0A8006F7574626F756E645F7175657565000094
:10C0B8007762615F6170705F736572766963655FEF
:10C0C80073656E645F75706C696E6B005F75647420
:10C0D8005F666174616C00005F7564745F70726F95
:10C0E800636573735F6F7574626F756E64000000CB
:10C0F8005F7564745F666C7573685F75706C696E84
:10C108006B5F696E5F666C69676874005F756474FD
:10C118005F70726F636573735F696E626F756E646B
:10C12800000000005F7564745F73656E645F6F750F
:10C1380074626F756E6400005F7564745F70726F0F
:10C1480063657373696E675F7461736B5F656E7443
:10C15800727900005F7564745F6F6E5F646174610B
:10C168005F72656365697665640000007369645F82
:10C17800686F73745F636F6D6D5F7564745F7573FB
:10C1880065725F696E697400F88503080000000035
:10C19800000000000000000000000000000800008F
:10C1A8002000000000000000000000005F616C65D6
:10C1B80072745F6D6F6E69746F725F73656E645FC2
:10C1C800616C6572740000005F616C6572745F6D0C
:10C1D800616E616765725F74687265616400000012
:10C1E800F4880308000000000000000000000000C0
:10C1F8000000000000060000180000000000000019
:10C2080000000000000102033D00000000000000E3
:10C21800120200005400010000C0A8474031774CCA
:10C22800004EED4900006145000061450000E14510
:10C238000A0003000000604017B7D138C7BA38BDFC
:10C24800D3BC63BC2B18953CDE02C9BE10E9AFBF56
:10C25800D881F3BE295C2F3FA8C64B3F9A99193F56
:10C268009A99193F304C463F1C0002000000484292
:10C27800295C2F3FA8C64B3F9A99193F9A99193FB5
:10C28800304C463F100003000AD7A33C0AD7233B93
:10C298000AD7233B0D000500000000006423291D78
:10C2A8005658000900E5D0223E00000000000000BA
:10C2B80000DA1B9C3EE10B43400000A04000000058
:10C2C80000000000005E4B48BD5DFE9F40423EA05E
:10C2D800BF0000000000000000211FB4BE8AB0614A
:10C2E8004041F163BE0000000000000000A779474C
:10C2F8003DA5BD29C0B81EBD400C000A00000000C5
:10C3080000000000002101FE0002010530756400F4
:10C318002C0170170004840364005C044001400190
:10C3280040019001307530753075307564006400D7
:10C338006400307530753075640064003075307590
:10C348002C01640064006400640030753075307539
:10C358006400640064003075307564006400FFFF99
:10C368002C012C012C012C012C012C012C012C015D
:10C378002C012C012C012C012C012C01FFFF701722
:10C38800701770177017080708070807080770174D
:10C3980070177017701770177017FFFFFFFFFFFFF8
:10C3A800FFFFFFFF7017701770177017FFFFFFFF71
:10C3B800DC05DC05FFFFFFFFFFFFFFFFFFFFFFFFBF
:10C3C800FFFFDC05DC05DC05FFFFFFFFFFFFFFFFCC
:10C3D800FFFFFFFFFFFFFFFFFFFFFFFFFFFFFFFF65
:10C3E800FFFFFFFFFFFFFFFFFFFFFFFFFFFFFFFF55
:10C3F800FFFFFFFFFFFF307500050A050002000A76
:10C40800001E0005000500050005000500050040A8
:10C4180001640064006400C800C800C8004001400E
:10C428000140010A0200000000001B130000000088
:10C43800000102033D00000000000000120200009D
:10C448005400010000C0A8474031774C004EED4928
:10C4580000006145000061450000E1450A00030055
:10C468000000604017B7D138C7BA38BDD3BC63BC29
:10C478002B18953CDE02C9BE10E9AFBFD881F3BEC8
:10C48800295C2F3FA8C64B3F9A99193F9A99193FA3
:10C49800304C463F1C00020000004842295C2F3FF8
:10C4A800A8C64B3F9A99193F9A99193F304C463F75
:10C4B800100003000AD7A33C0AD7233B0AD7233B23
:10C4C8000D000500000000006423291D56580009CE
:10C4D80000E5D0223E0000000000000000DA1B9CAE
:10C4E8003EE10B43400000A04000000000000000B7
:10C4F800005E4B48BD5DFE9F40423EA0BF0000006D
:10C508000000000000211FB4BE8AB0614041F16301
:10C51800BE0000000000000000A779473DA5BD2926
:10C52800C0B81EBD400C000A00000000000000005A
:10C53800002101FE00020105307564002C0170170E
:10C548000004840364005C04400140014001900140
:10C55800307530753075307564006400640030756E
:10C568003075307564006400307530752C016400D6
:10C5780064006400640030753075307564006400D0
:10C5880064003075307564006400FFFF2C012C01D5
:10C598002C012C012C012C012C012C012C012C012B
:10C5A8002C012C012C012C01FFFF7017701770173C
:10C5B800701708070807080708077017701770171B
:10C5C800701770177017FFFFFFFFFFFFFFFFFFFFD8
:10C5D8007017701770177017FFFFFFFFDC05DC0579
:10C5E800FFFFFFFFFFFFFFFFFFFFFFFFFFFFDC0570
:10C5F800DC05DC05FFFFFFFFFFFFFFFFFFFFFFFF7D
:10C60800FFFFFFFFFFFFFFFFFFFFFFFFFFFFFFFF32
:10C61800FFFFFFFFFFFFFFFFFFFFFFFFFFFFFFFF22
:10C62800FFFF2C0100050A050002000A001E000594
:10C6380000050005000500050005004001640064D0
:10C64800006400C800C800C8004001400140010A59
:10C65800020000000000C9A30000000062736563C7
:10C668005F747269676765725F69617100000000D5
:10C678005F627365635F7265636F6E666967757223
:10C68800650000005F627365635F72756E5F6F6E51
:10C69800636500005F627365635F746872656164F7
:10C6A80000000000636F6E6669675F616C65727495
:10C6B8005F696E6469636174696F6E5F73657474D2
:10C6C800696E67735F736574000000005F7265735D
:10C6D80065745F616E645F77726974655F646566CF
:10C6E80061756C7473000000636F6E6669675F61E3
:10C6F8006C6572745F696E6469636174696F6E5F9B
:10C70800696E6974000000000101010078000101F0
:10C7180001007800010101007800000101005802C1
:10C728000001010058020001010058020001010047
:10C7380058020001010058020001010058020001DE
:10C7480001005802000101005802000101005802CE
:10C758000001010058020001010058020001010017
:10C7680058020001010058020001010058020000AF
:10C77800636F6E6669675F627365635F64756D702A
:10C7880000000000636F6E6669675F627365635FD0
:10C7980073657400636F6E6669675F627365635F74
:10C7A800696E6974000000000000D0C10000C84232
:10C7B800000000000000C8420098B74700F0D247C8
:10C7C8000000D0C10000C842000000000000C842BC
:10C7D8000098B74700F0D247636F6E6669675F6C71
:10C7E80065616B6465745F7365740000636F6E6682
:10C7F80069675F6C65616B6465745F696E69740015
:10C808000300C409AC0D4006B80B0000636F6E66E8
:10C8180069675F73616D706C65725F736574746965
:10C828006E67735F73657400636F6E6669675F73C5
:10C83800616D706C65725F696E69740022023232D4
:10C84800323232323232323232000000636F6E6678
:10C8580069675F7363616C65725F73657474696E31
:10C8680067735F7365740000636F6E6669675F73F3
:10C8780063616C65725F696E697400000400000092
:10C88800000000420900000000008041090000008B
:10C8980000000042636F6E6669675F746872657353
:10C8A800686F6C645F7365745F73657474696E67D1
:10C8B80073000000636F6E6669675F746872657302
:10C8C800686F6C645F696E6974000000636F6E6600
:10C8D80069675F75706C696E6B5F7365745F7365AC
:10C8E8007474696E67730000636F6E6669675F755D
:10C8F800706C696E6B5F696E69740000820020005D
:10C9080020008200820000004344454647000000A2
:10C9180002020304060A22220900000005000000A2
:10C92800020000004445460073687463335F726513
:10C9380061645F68756D000073687463335F726566
:10C9480061645F74656D70005F6576656E745F6EB7
:10C958006F7469666965725F7564745F63616C6C36
:10C968006261636B000000005F6576656E745F6EE0
:10C978006F7469666965725F73656E645F65766515
:10C988006E740000648E03080000000000000000C0
:10C998000000000000000000000400001800000073
:10C9A80000000000000000009C8E0308000000004A
:10C9B800000000000000000000000000000400006B
:10C9C8001800000000000000000000005F667261AF
:10C9D8006D655F696E666F5F63726561746500009F
:10C9E8005F6C65616B6465745F68616E646C655FDC
:10C9F80068775F70696E5F6E6F5F6C65616B000072
:10CA08005F6C65616B6465745F68616E646C655FBB
:10CA18006C65616B000000005F6C65616B64657438
:10CA28005F68616E646C655F68775F70696E5F6C84
:10CA380065616B005F6C65616B6465745F68616EEE
:10CA4800646C655F6E6F5F6C65616B005F6C6561E0
:10CA58006B6465745F74687265616400E4900308D0
:10CA680000000000000000000000000000000000BE
:10CA780000040000080000000000000000000000A2
:10CA880080EE3600F4010000F401000060EA0000C6
:10CA9800F40100006E766D5F636F70795F746C7679
:10CAA800000000006E766D5F77726974655F746C64
:10CAB800765F696E7465726E616C00006E766D5F8C
:10CAC80077726974650000006E766D5F72656164E7
:10CAD800000000006E766D5F65726173655F70615E
:10CAE800676500006E766D5F666F726D61745F6971
:10CAF8006E7465726E616C006E766D5F76616C69DE
:10CB0800646174655F706167650000006E766D5FD3
:10CB18006E756D5F70616765730000006E766D5F9E
:10CB2800696E6974000000006F74615F6D616E6109
:10CB38006765725F6F6E5F6F74615F6672616D6566
:10CB4800000000005F68616E646C655F6765745F14
:10CB5800637263005F6F74615F6D616E61676572B8
:10CB68005F77726974655F6368756E6B00000000BB
:10CB78005F68616E646C655F6461746100000000E9
:10CB88005F6F74615F6D616E616765725F61646A32
:10CB98007573745F727865645F6F74615F73697AC7
:10CBA800650000005F6F74615F6D616E616765723B
:10CBB8005F77726974655F6D657461646174610043
:10CBC8005F68616E646C655F7365745F73746174CC
:10CBD800650000005F68616E646C655F6765745F1F
:10CBE80073746174650000006F74615F6D616E61DC
:10CBF8006765725F70726F63657373005F6F7461EE
:10CC08005F6D616E616765725F6765745F636875A4
:10CC18006E6B5F63726300005F7564745F73766345
:10CC28005F776169740000005F6F6E5F7762615FB4
:10CC3800736572766963655F726573756C740000FD
:10CC48005F6F74615F6D616E616765725F72656168
:10CC5800645F6D6574616461746100005F6F746125
:10CC68005F6D616E616765725F696E697469616C39
:10CC7800697A655F6D6574616461746100000000C4
:10CC88005F6F74615F6D616E616765725F74617318
:10CC98006B000000709C030800000000000000000A
:10CCA8000000000000000000000A0000180000005A
:10CCB80000000000000000005F73616D706C657219
:10CCC8005F68616E646C655F72756E5F73746174C2
:10CCD800650000005F73616D706C65725F73656EEF
:10CCE800645F636F6E747261637400005F73657470
:10CCF80075705F6163636573736F72795F706F726C
:10CD0800740000005F73616D706C65725F68616EBE
:10CD1800646C65725F636F6E6669677572655F7371
:10CD280074617465000000005F6F6E5F6672616D0C
:10CD3800655F756C5F737461747573005F73616DA3
:10CD4800706C65725F73656E645F75706C696E6B2D
:10CD58005F73657175656E7469616C005F73616D91
:10CD6800706C65725F73656E645F696E666F0000F4
:10CD78005F6F6E5F7274635F73796E6300000000AB
:10CD88005F73616D706C65725F73796E635F7274E7
:10CD9800630000005F6F6E5F6765745F766572732E
:10CDA800696F6E005F73616D706C65725F7265614B
:10CDB800645F7762615F76657273696F6E00000009
:10CDC8005F73616D706C65725F73796E635F7769AD
:10CDD80074685F6261636B656E6400005F6F6E5FAD
:10CDE8006765745F6C696E6B730000005F6F6E5FE0
:10CDF8007369645F73746174735F726573756C745F
:10CE0800000000005F6F6E5F646F776E6C696E6B19
:10CE1800000000005F6F6E5F627574746F6E5F6410
:10CE2800626C5F636C69636B5F756C5F7265737569
:10CE38006C7400005F6F6E5F627574746F6E5F650F
:10CE480076656E74000000005F73616D706C6572CA
:10CE58005F74687265616400E4B60308000000004E
:10CE680000000000000000000000000000080000B2
:10CE78001800000000000000000000005F706970EA
:10CE8800656C696E655F656E61626C655F73656E22
:10CE9800736F7273000000005F73656E645F626198
:10CEA800746368005F706970656C696E655F726550
:10CEB80061645F73656E736F727300005F70697091
:10CEC800656C696E655F747269676765725F6D65C9
:10CED80061737572656D656E7473000073616D7052
:10CEE8006C65725F706970656C696E655F72657399
:10CEF800657400005F6F6E5F62617463685F73657D
:10CF08006E7400005F706970656C696E655F746847
:10CF1800726561640000000010BB03080000000097
:10CF280000000000000000000000000000080000F1
:10CF380018000000000000000000000073616D7020
:10CF48006C65725F73656E736F725F6275696C642E
:10CF58005F7468726573686F6C6400005F73616DFD
:10CF6800706C65725F73656E736F725F6275696C02
:10CF78006400000073616D706C65725F73656E7339
:10CF88006F725F6275696C645F636F6E7472616300
:10CF98007400000073616D706C65725F73656E7309
:10CFA8006F725F6C6973745F696E6974000000006A
:10CFB8005F75706C696E6B5F7374617475735F63B2
:10CFC800616C6C6261636B0075706C696E6B5F633A
:10CFD80074726C5F73656E645F6672616D65000084
:10CFE800A0860100400D0300801A060000350C00E1
:10CFF80040420F0080841E0000093D0000127A00A4
:10D008000024F40000366E010048E801006CDC02E0
:10D018000000000000000000000000000000000008
:10D0280000000000000000000000000000000000F8
:10D0380001000000020000000300000004000000DE
:10D0480001000000030000000500000001000000CE
:10D0580001000000060000000A0000002000000097
:10D06800020000000400000008000000100000009A
:10D0780040000000800000000001000000020000E5
:10D08800010002000400060008000A000C0010005D
:10D09800200040008000000108040204080101018A
:10D0A800010101030701000037000000400164008E
:10D0B80064006400C800C800C80040014001400185
:10D0C800307564002C0170170004840364005C044C
:10D0D800400140014001900105020A1E05050505B1
:10D0E80005050000FFFF7FFFFFFF7FFFFFFF7FFFBA
:10D0F800FFFF7FFFFFFF7FFFFFFF7FFFFFFF7FFF38
:10D10800FFFF7FFFFFFF7F7FFFFF7F7FFFFF7F7FA7
:10D11800FFFF7F7FFFFF7F7FFFFF7F7FFFFF7F7F17
:10D12800FFFF7F7F00000000000000000E000000ED
:10D1380000000000080000000400000004000000D7
:10D148000600000004000000060000000F00800038
:10D15800140011001000050000000001200040002C
:10D1680000000001000000000102030004000000AC
:10D178000506000008070807100E00000102030456
:10D188000000000000000000000500000000000092
:10D198000006070801020304000506070800000945
:10D1A8000A0B0C00000D00000E000000000000003B
:10D1B80000000F0017001700170017001D000000DF
:10D1C8000000000000006001E001100010000001F4
:10D1D80000031500150015001500150017000004C0
:10D1E800000400040004000000040004000400041B
:10D1F800170000000E00E0000E00E0000E00E00046
:10D208000E00E0000E00E000040000000100000035
:10D218000200000008000000F4FF9F00F6FF9F00D6
:10D228000800A0000800A00004208000062080005C
:10D238000E00E0000E00E0000E00E0000E00E0002E
:10D248000E00E0000E00E0000F0080000F008000DC
:10D258000F0080000F008000000080000F00800099
:10D268000F0080000F0080000F0080000E00E0001B
:10D27800295C2F3FA8C64B3F9A99193F9A99193FA5
:10D28800304C463F0000891112239B322446AD578B
:10D298003665BF74488CC19D5AAFD3BE6CCAE5DBF6
:10D2A8007EE9F7F88110080193331A22A5562C4716
:10D2B800B7753E64C99C408DDBBF52AEEDDA64CBD6
:10D2C800FFF976E802218B30100299132667AF76B2
:10D2D8003444BD554AADC3BC588ED19F6EEBE7FAB6
:10D2E8007CC8F5D983310A2091121803A7772E66D6
:10D2F800B5543C45CBBD42ACD99E508FEFFB66EA96
:10D30800FDD874C904428D5316619F702004A91575
:10D318003227BB364CCEC5DF5EEDD7FC6888E19975
:10D328007AABF3BA85520C4397711E60A114280595
:10D33800B3373A26CDDE44CFDFFD56ECE998608955
:10D34800FBBB72AA06638F7214409D512225AB3431
:10D358003006B9174EEFC7FE5CCCD5DD6AA9E3B835
:10D36800788AF19B87730E6295501C41A3352A2455
:10D37800B1163807CFFF46EEDDDC54CDEBB962A815
:10D38800F99A708B088481951AA793B62CC2A5D3F5
:10D398003EE1B7F04008C919522BDB3A644EED5F05
:10D3A800766DFF7C899400859BB712A6ADD224C305
:10D3B800BFF136E0C1184809D33B5A2AE55E6C4FE5
:10D3C800F77D7E6C0AA583B4188691972EE3A7F2A1
:10D3D8003CC0B5D14229CB38500AD91B666FEF7EC5
:10D3E800744CFD5D8BB502A499961087AFF326E2C5
:10D3F800BDD034C1C3394A28D11A580BE77F6E6EA5
:10D40800F55C7C4D0CC685D71EE597F42880A19164
:10D418003AA3B3B2444ACD5B5669DF78600CE91D84
:10D42800722FFB3E8DD604C79FF516E4A990208184
:10D43800BBB332A2C55A4C4BD7795E68E11C680D64
:10D44800F33F7A2E0EE787F61CC495D52AA1A3B020
:10D458003882B193466BCF7A5448DD59622DEB3C44
:10D46800700EF91F8FF706E69DD414C5ABB122A044
:10D47800B9923083C77B4E6AD5585C49E33D6A2C24
:10D48800F11E780F232D302B2000686C4C00656648
:10D4980067454647003031323334353637383941FD
:10D4A8004243444546003031323334353637383913
:10D4B80061626364656600006937AC3168212233B4
:10D4C800B40F14336821A2333863ED3EDA0F493FB5
:10D4D8005E987B3FDA0FC93F6042A20D0000803F93
:10D4E800D1F71737D1F717B78071313F807131BF46
:10D4F8000000003F000000BF000FC93F000F494077
:10D5080000CB9640000FC9400053FB4000CB1641AA
:10D5180000ED2F41000F49410031624100537B412A
:10D52800003A8A4100CB9641005CA34100EDAF412F
:10D53800007EBC41000FC94100A0D5410031E24145
:10D5480000C2EE410053FB4100F20342003A0A4296
:10D558000083104200CB164200141D42005C234297
:10D5680000A5294200ED2F4200363642007E3C429B
:10D5780000C74242000F4942A2000000F900000023
:10D58800830000006E0000004E0000004400000010
:10D598001500000029000000FC0000002700000022
:10D5A80057000000D1000000F50000003400000022
:10D5B800DD000000C0000000DB0000006200000089
:10D5C80095000000990000003C00000043000000A6
:10D5D8009000000041000000FE0000005100000023
:10D5E80063000000AB000000DE000000BB0000008C
:10D5F800C500000061000000B70000002400000022
:10D608006E0000003A000000420000004D000000DB
:10D61800D2000000E0000000060000004900000001
:10D628002E000000EA00000009000000D100000000
:10D63800920000001C000000FE0000001D00000019
:10D64800EB0000001C000000B100000029000000F1
:10D65800A70000003E000000E80000008200000073
:10D6680035000000F50000002E000000BB0000009F
:10D678004400000084000000E90000009C00000055
:10D688007000000026000000B40000005F000000E9
:10D698007E000000410000003900000091000000F9
:10D6A800D60000003900000083000000530000008D
:10D6B80039000000F40000009C0000008400000015
:10D6C8005F0000008B000000BD000000F9000000B2
:10D6D800280000003B0000001F000000F8000000C8
:10D6E80097000000FF000000DE00000005000000B9
:10D6F800980000000F000000EF0000002F0000005D
:10D70800110000008B0000005A0000000A00000011
:10D718006D0000001F0000006D00000036000000D2
:10D728007E000000CF00000027000000CB000000B2
:10D7380009000000B70000004F000000460000008C
:10D748003F000000660000009E0000005F0000002F
:10D75800EA0000002D00000075000000270000000E
:10D76800BA000000C7000000EB000000E500000060
:10D77800F10000007B0000003D00000007000000F1
:10D7880039000000F70000008A0000005200000085
:10D7980092000000EA0000006B000000FB0000009F
:10D7A8005F000000B10000001F0000008D000000B5
:10D7B8005D000000080000005600000003000000A3
:10D7C8003000000046000000FC0000007B00000064
:10D7D8006B000000AB000000F0000000CF0000006C
:10D7E800BC000000200000009A000000F4000000C7
:10D7F800360000001D000000A9000000E300000042
:10D8080091000000610000005E000000E6000000DA
:10D818001B000000080000006500000099000000DF
:10D82800850000005F00000014000000A000000058
:10D8380068000000400000008D000000FF000000AC
:10D84800D8000000800000004D00000073000000B8
:10D85800270000003100000006000000060000005C
:10D868001500000056000000CA0000007300000008
:10D87800A8000000C900000060000000E2000000ED
:10D888007B000000C00000008C0000006B0000005E
:10D8980059F3F8C21F6EA501000000000000F03F18
:10D8A8000000C93F0000F0390000DA370000A23359
:10D8B8000000842E0000502B0000C2270000D02258
:10D8C8000000C41F0000C61B00004417040000002D
:08D8D800070000000900000038
:08D8E0004017FD7F010000006C
:08D8E800658D0008000000003E
:08D8F000418D0008000000005A
:10D8F800010000000200000030460308000000009C
:10D90800000000000000000000000000000400000B
:10D918001800000000000000000000004808002077
:10D92800540800206008002000000000840A00203D
:10D938008000001C00000000840A0020400000183D
:10D9480000000000840A0020100000108808002051
:10D958009008002098080020A0080020A8080020AF
:10D96800B0080020B808002000040048800000002B
:10D978000004004840000000001C004808000000A7
:10D9880000000048100000000004004800100000DB
:10D9980000000048000100000008004800200000C6
:10D9A800C8080020D008002000000000080B002054
:10D9B80000000000600B0020FFFFFFFF213B020872
:10D9C8006D51020800000000000000000300000084
:10D9D800CC400020E96502083D650208A5650208FB
:10D9E800C9660208496602082966020851650208E4
:10D9F800000000007968020800000000C5670208FE
:10DA080075670208A16902087D6702088167020834
:10DA18007D690208ED6A020800000000F16A020848
:10DA2800F56A0208F96A0208FD6A0208016B020831
:10DA380000000000CD6B020800000000916B020896
:10DA4800E56C0208596C0208616B0208216B020838
:10DA5800F96B0208A96E020800000000D56F0208E1
:10DA6800C96F02083D6F0208096F02084D6E02086F
:10DA7800D56E020831710208000000000171020829
:10DA8800F57102087D7102085D710208B170020823
:10DA9800F17002083173020899720208F9720208DB
:10DAA800097402089173020871730208AD720208C2
:10DAB8000000000000093D00010000001000000007
:10DAC800AAAAAAAAE80900200000000018A90020B4
:10DAD80080A90020E8A90020000000000000000044
:10DAE800000000000000000000000000000000002E
:10DAF800000000000000000000000000000000001E
:10DB0800000000000000000000000000000000000D
:08DB1800000000000000000005
:10DB200000000000000000000000000000000000F5
:10DB300000000000000000000000000000000000E5
:10DB400000000000000000000000000000000000D5
:04000005080199094C
:00000001FF
